patient_id,repeat,fold,y,y_soft,agreement,p,thr
5,0,0,0,0.2,0.6,0.5649098,
7,0,0,1,0.6,0.1999999999999999,0.6160139,
28,0,0,0,0.2,0.6,0.52315533,
29,0,0,0,0.2,0.6,0.64548147,
32,0,0,0,0.2,0.6,0.49906647,
40,0,0,0,0.2,0.6,0.4260813,
49,0,0,0,0.3333333333333333,0.3333333333333333,0.32385665,
50,0,0,1,0.8,0.6000000000000001,0.44202697,
51,0,0,0,0.25,0.5,0.52123195,
55,0,0,0,0.0,1.0,0.49420053,
59,0,0,0,0.25,0.5,0.42417336,
63,0,0,0,0.0,1.0,0.5571176,
64,0,0,0,0.3333333333333333,0.3333333333333333,0.2060893,
67,0,0,0,0.0,1.0,0.39548033,
73,0,0,0,0.0,1.0,0.31189552,
77,0,0,0,0.25,0.5,0.457179,
82,0,0,0,0.25,0.5,0.5203416,
83,0,0,0,0.25,0.5,0.67608476,
88,0,0,1,0.5,0.0,0.35895532,
98,0,0,0,0.3333333333333333,0.3333333333333333,0.48037368,
107,0,0,0,0.1111111111111111,0.7777777777777778,0.61986464,
109,0,0,0,0.1111111111111111,0.7777777777777778,0.5865526,
110,0,0,0,0.0,1.0,0.49787402,
112,0,0,0,0.125,0.75,0.45366284,
113,0,0,0,0.1111111111111111,0.7777777777777778,0.6304255,
116,0,0,0,0.0,1.0,0.45933372,
122,0,0,0,0.0,1.0,0.40653658,
127,0,0,1,0.6666666666666666,0.3333333333333332,0.4908483,
134,0,0,0,0.1111111111111111,0.7777777777777778,0.39281815,
139,0,0,0,0.0,1.0,0.48786134,
151,0,0,0,0.0,1.0,0.5337823,
153,0,0,0,0.0,1.0,0.31993377,
160,0,0,0,0.1666666666666666,0.6666666666666667,0.48288244,
161,0,0,0,0.0,1.0,0.52276456,
174,0,0,1,0.5,0.0,0.51373786,
177,0,0,0,0.0,1.0,0.4092395,
183,0,0,0,0.0,1.0,0.3085925,
199,0,0,0,0.25,0.5,0.44499242,
202,0,0,1,0.6,0.1999999999999999,0.4405541,
206,0,0,1,0.5,0.0,0.27012104,
210,0,0,0,0.4,0.1999999999999999,0.7499717,
230,0,0,0,0.2,0.6,0.3962158,
231,0,0,1,0.5,0.0,0.5611181,
232,0,0,0,0.25,0.5,0.44553757,
233,0,0,0,0.0,1.0,0.26853395,
240,0,0,0,0.2,0.6,0.41980225,
241,0,0,1,0.6,0.1999999999999999,0.484695,
248,0,0,0,0.4,0.1999999999999999,0.5037198,
253,0,0,0,0.0,1.0,0.6222799,
259,0,0,0,0.0,1.0,0.4610384,
274,0,0,1,0.5,0.0,0.6020246,
275,0,0,1,0.5,0.0,0.5963743,
282,0,0,0,0.25,0.5,0.38544494,
284,0,0,1,0.5,0.0,0.4121772,
285,0,0,0,0.4,0.1999999999999999,0.33047956,
287,0,0,0,0.25,0.5,0.56261826,
294,0,0,0,0.0,1.0,0.5565318,
300,0,0,0,0.0,1.0,0.5671204,
307,0,0,0,0.4,0.1999999999999999,0.46757275,
309,0,0,1,0.8,0.6000000000000001,0.50629777,
310,0,0,0,0.2,0.6,0.48872316,
315,0,0,1,0.8,0.6000000000000001,0.44116545,
316,0,0,0,0.4,0.1999999999999999,0.31324518,
319,0,0,0,0.2,0.6,0.40786743,
322,0,0,1,0.6,0.1999999999999999,0.62840617,
329,0,0,0,0.0,1.0,0.52564347,
330,0,0,0,0.4,0.1999999999999999,0.42421937,
338,0,0,0,0.4,0.1999999999999999,0.5838461,
339,0,0,0,0.0,1.0,0.47878575,
342,0,0,0,0.2,0.6,0.40383884,
345,0,0,0,0.0,1.0,0.29742646,
371,0,0,0,0.25,0.5,0.60888755,
372,0,0,0,0.25,0.5,0.45706794,
374,0,0,1,0.5,0.0,0.42059165,
376,0,0,1,0.5,0.0,0.3951347,
384,0,0,0,0.25,0.5,0.4210443,
394,0,0,1,0.5,0.0,0.58000803,
407,0,0,0,0.2,0.6,0.544983,
413,0,0,0,0.0,1.0,0.4593311,
421,0,0,0,0.2,0.6,0.35993013,
436,0,0,0,0.4,0.1999999999999999,0.44049048,
438,0,0,0,0.1666666666666666,0.6666666666666667,0.54003876,
456,0,0,1,0.5,0.0,0.47495538,
457,0,0,1,0.5,0.0,0.57523596,
459,0,0,0,0.25,0.5,0.40722245,
463,0,0,0,0.25,0.5,0.42029786,
465,0,0,1,0.5,0.0,0.6167236,
468,0,0,0,0.25,0.5,0.6457186,
480,0,0,1,0.5,0.0,0.5936506,
487,0,0,0,0.2,0.6,0.31119034,
490,0,0,0,0.25,0.5,0.3762381,
491,0,0,1,0.5,0.0,0.53574944,
492,0,0,0,0.3333333333333333,0.3333333333333333,0.38150045,
495,0,0,0,0.0,1.0,0.58582485,
497,0,0,0,0.0,1.0,0.4600052,
499,0,0,0,0.0,1.0,0.31024462,
510,0,0,1,0.5,0.0,0.45549148,
513,0,0,0,0.0,1.0,0.5127227,
514,0,0,1,0.75,0.5,0.54805946,
518,0,0,0,0.25,0.5,0.6168412,
521,0,0,1,0.75,0.5,0.48254347,
528,0,0,0,0.0,1.0,0.48339093,
534,0,0,1,0.75,0.5,0.4135663,
539,0,0,0,0.25,0.5,0.48259416,
540,0,0,0,0.25,0.5,0.73747575,
542,0,0,0,0.25,0.5,0.37316668,
549,0,0,0,0.0,1.0,0.42898417,
554,0,0,1,0.5,0.0,0.66539097,
557,0,0,0,0.3333333333333333,0.3333333333333333,0.4731283,
565,0,0,0,0.3333333333333333,0.3333333333333333,0.6121373,
566,0,0,0,0.1666666666666666,0.6666666666666667,0.47425532,
572,0,0,1,0.8333333333333334,0.6666666666666667,0.46068937,
573,0,0,0,0.3333333333333333,0.3333333333333333,0.56817997,
574,0,0,0,0.3333333333333333,0.3333333333333333,0.43177974,
577,0,0,0,0.1666666666666666,0.6666666666666667,0.55587256,
583,0,0,1,0.5,0.0,0.65282047,
586,0,0,1,0.6666666666666666,0.3333333333333332,0.46125913,
587,0,0,1,0.8333333333333334,0.6666666666666667,0.38599998,
588,0,0,0,0.1666666666666666,0.6666666666666667,0.5060205,
590,0,0,0,0.3333333333333333,0.3333333333333333,0.67142284,
601,0,0,0,0.0,1.0,0.40950274,
603,0,0,1,0.5,0.0,0.34944904,
608,0,0,0,0.0,1.0,0.7165257,
618,0,0,0,0.0,1.0,0.6078006,
628,0,0,0,0.0,1.0,0.42326936,
633,0,0,1,0.5,0.0,0.51043046,
645,0,0,1,0.75,0.5,0.61308527,
648,0,0,1,0.5,0.0,0.5048468,
649,0,0,1,0.5,0.0,0.47154456,
650,0,0,0,0.0,1.0,0.26624957,
653,0,0,1,0.5,0.0,0.3681714,
657,0,0,1,0.5,0.0,0.27361327,
664,0,0,1,0.6666666666666666,0.3333333333333332,0.4703262,
670,0,0,1,0.5,0.0,0.4356871,
674,0,0,0,0.3333333333333333,0.3333333333333333,0.47917953,
689,0,0,0,0.0,1.0,0.33189213,
690,0,0,0,0.0,1.0,0.631999,
694,0,0,0,0.3333333333333333,0.3333333333333333,0.26108503,
695,0,0,0,0.3333333333333333,0.3333333333333333,0.36634123,
699,0,0,0,0.1666666666666666,0.6666666666666667,0.61921597,
703,0,0,0,0.0,1.0,0.5384662,
712,0,0,0,0.1666666666666666,0.6666666666666667,0.56104916,
714,0,0,0,0.3333333333333333,0.3333333333333333,0.41493106,
715,0,0,1,0.5,0.0,0.35430747,
720,0,0,0,0.0,1.0,0.4605373,
735,0,0,0,0.0,1.0,0.36387527,
739,0,0,0,0.3333333333333333,0.3333333333333333,0.44879228,
2,0,1,0,0.4,0.1999999999999999,0.4027561,
4,0,1,1,0.6,0.1999999999999999,0.705097,
6,0,1,0,0.2,0.6,0.5016105,
14,0,1,0,0.2,0.6,0.57062006,
16,0,1,1,0.6,0.1999999999999999,0.4326173,
26,0,1,1,0.8,0.6000000000000001,0.33161762,
30,0,1,0,0.2,0.6,0.41145128,
34,0,1,0,0.1666666666666666,0.6666666666666667,0.53264284,
38,0,1,0,0.0,1.0,0.68176067,
39,0,1,0,0.0,1.0,0.38902304,
56,0,1,0,0.25,0.5,0.35803953,
61,0,1,0,0.2,0.6,0.49411726,
65,0,1,0,0.25,0.5,0.37006956,
66,0,1,0,0.0,1.0,0.551422,
68,0,1,0,0.0,1.0,0.41950345,
69,0,1,0,0.0,1.0,0.50828934,
74,0,1,0,0.0,1.0,0.557248,
78,0,1,0,0.0,1.0,0.44300267,
85,0,1,0,0.25,0.5,0.59876597,
87,0,1,0,0.0,1.0,0.5938356,
93,0,1,0,0.0,1.0,0.37947065,
94,0,1,0,0.25,0.5,0.44774455,
95,0,1,0,0.25,0.5,0.35614774,
96,0,1,0,0.0,1.0,0.50311065,
120,0,1,0,0.0,1.0,0.46296978,
124,0,1,0,0.0,1.0,0.5509201,
131,0,1,0,0.0,1.0,0.57062894,
141,0,1,0,0.0,1.0,0.5720999,
142,0,1,0,0.0,1.0,0.5277408,
143,0,1,1,0.5555555555555556,0.1111111111111111,0.6434823,
146,0,1,1,0.8888888888888888,0.7777777777777777,0.38328612,
148,0,1,0,0.1111111111111111,0.7777777777777778,0.26757455,
149,0,1,0,0.3333333333333333,0.3333333333333333,0.36264288,
150,0,1,0,0.0,1.0,0.49470133,
152,0,1,0,0.0,1.0,0.287607,
155,0,1,0,0.25,0.5,0.50326097,
156,0,1,0,0.25,0.5,0.51635444,
159,0,1,0,0.0,1.0,0.38180834,
163,0,1,0,0.25,0.5,0.49620008,
166,0,1,0,0.25,0.5,0.45599428,
168,0,1,0,0.25,0.5,0.513929,
182,0,1,0,0.0,1.0,0.61202455,
187,0,1,0,0.0,1.0,0.5415065,
189,0,1,1,0.5,0.0,0.5543,
190,0,1,0,0.25,0.5,0.33316702,
196,0,1,1,0.5,0.0,0.51899374,
200,0,1,0,0.2,0.6,0.33411628,
204,0,1,0,0.4,0.1999999999999999,0.42013097,
208,0,1,0,0.0,1.0,0.2644923,
209,0,1,0,0.2,0.6,0.4350677,
211,0,1,1,0.6,0.1999999999999999,0.65800464,
212,0,1,0,0.2,0.6,0.42245674,
215,0,1,0,0.2,0.6,0.3402446,
221,0,1,1,0.8,0.6000000000000001,0.31392965,
224,0,1,0,0.4,0.1999999999999999,0.39009547,
226,0,1,0,0.0,1.0,0.4223513,
243,0,1,0,0.0,1.0,0.29249972,
247,0,1,0,0.2,0.6,0.61228013,
249,0,1,1,0.6,0.1999999999999999,0.47914037,
250,0,1,0,0.4,0.1999999999999999,0.5452511,
267,0,1,0,0.0,1.0,0.29328534,
279,0,1,0,0.2,0.6,0.3256113,
281,0,1,0,0.0,1.0,0.52179724,
288,0,1,1,0.75,0.5,0.44925404,
291,0,1,0,0.0,1.0,0.505441,
308,0,1,0,0.4,0.1999999999999999,0.49314415,
317,0,1,0,0.4,0.1999999999999999,0.29021686,
326,0,1,0,0.0,1.0,0.3678462,
328,0,1,1,0.6,0.1999999999999999,0.25222847,
331,0,1,0,0.0,1.0,0.3294615,
332,0,1,0,0.0,1.0,0.37521124,
333,0,1,0,0.0,1.0,0.41336414,
335,0,1,1,0.5,0.0,0.2824812,
336,0,1,0,0.4,0.1999999999999999,0.41909868,
346,0,1,1,0.6,0.1999999999999999,0.5171435,
355,0,1,0,0.25,0.5,0.4274512,
359,0,1,0,0.25,0.5,0.64341635,
360,0,1,0,0.25,0.5,0.3531713,
381,0,1,1,0.75,0.5,0.46297234,
388,0,1,1,0.5,0.0,0.41347504,
397,0,1,1,0.75,0.5,0.48056093,
398,0,1,0,0.25,0.5,0.5855288,
405,0,1,0,0.0,1.0,0.31121302,
411,0,1,0,0.2,0.6,0.5717975,
414,0,1,1,0.6,0.1999999999999999,0.3978163,
416,0,1,0,0.0,1.0,0.48514742,
425,0,1,0,0.0,1.0,0.4377724,
435,0,1,0,0.4,0.1999999999999999,0.6274017,
437,0,1,1,0.6,0.1999999999999999,0.63395405,
441,0,1,0,0.2,0.6,0.4875928,
442,0,1,1,0.8,0.6000000000000001,0.4525659,
449,0,1,0,0.4,0.1999999999999999,0.43281108,
452,0,1,0,0.25,0.5,0.45954138,
469,0,1,1,0.75,0.5,0.2771297,
481,0,1,0,0.0,1.0,0.6291982,
482,0,1,0,0.0,1.0,0.31956053,
485,0,1,1,0.5,0.0,0.51401365,
486,0,1,0,0.25,0.5,0.77890897,
496,0,1,1,0.75,0.5,0.39832863,
498,0,1,0,0.0,1.0,0.42516285,
503,0,1,0,0.0,1.0,0.45618284,
509,0,1,0,0.25,0.5,0.26445764,
512,0,1,1,1.0,1.0,0.5654716,
519,0,1,0,0.0,1.0,0.5316642,
523,0,1,0,0.25,0.5,0.5614126,
524,0,1,0,0.0,1.0,0.5200251,
527,0,1,0,0.25,0.5,0.5435138,
529,0,1,1,0.5,0.0,0.27661228,
530,0,1,1,0.5,0.0,0.34515756,
533,0,1,0,0.0,1.0,0.48676053,
535,0,1,0,0.25,0.5,0.5760738,
548,0,1,1,0.5,0.0,0.32000688,
561,0,1,1,0.5,0.0,0.40732574,
567,0,1,0,0.3333333333333333,0.3333333333333333,0.52301466,
575,0,1,1,0.5,0.0,0.6655101,
579,0,1,0,0.3333333333333333,0.3333333333333333,0.40229774,
589,0,1,0,0.3333333333333333,0.3333333333333333,0.34880537,
595,0,1,1,0.8333333333333334,0.6666666666666667,0.5123052,
604,0,1,1,0.75,0.5,0.6750126,
605,0,1,1,0.5,0.0,0.4787351,
609,0,1,0,0.25,0.5,0.48139673,
612,0,1,0,0.0,1.0,0.28548387,
615,0,1,1,0.75,0.5,0.5011111,
622,0,1,1,0.75,0.5,0.43188864,
623,0,1,1,0.5,0.0,0.41624147,
624,0,1,0,0.25,0.5,0.34818378,
629,0,1,1,0.5,0.0,0.666842,
630,0,1,1,0.5,0.0,0.5501526,
632,0,1,1,0.5,0.0,0.36443496,
634,0,1,0,0.25,0.5,0.33016992,
636,0,1,0,0.0,1.0,0.4856605,
638,0,1,0,0.25,0.5,0.52666163,
642,0,1,1,0.75,0.5,0.6066629,
658,0,1,0,0.1666666666666666,0.6666666666666667,0.6579859,
660,0,1,0,0.1666666666666666,0.6666666666666667,0.44365817,
667,0,1,0,0.3333333333333333,0.3333333333333333,0.3730649,
676,0,1,0,0.1666666666666666,0.6666666666666667,0.41891137,
681,0,1,0,0.1666666666666666,0.6666666666666667,0.48475468,
683,0,1,1,0.8333333333333334,0.6666666666666667,0.5306272,
693,0,1,1,0.5,0.0,0.4410624,
707,0,1,1,0.5,0.0,0.32953572,
730,0,1,0,0.3333333333333333,0.3333333333333333,0.36190742,
731,0,1,0,0.0,1.0,0.41574442,
733,0,1,0,0.1666666666666666,0.6666666666666667,0.3878666,
737,0,1,0,0.1666666666666666,0.6666666666666667,0.43928927,
738,0,1,0,0.3333333333333333,0.3333333333333333,0.62435246,
741,0,1,0,0.2,0.6,0.6722804,
15,0,2,0,0.4,0.1999999999999999,0.5463011,
18,0,2,1,0.6,0.1999999999999999,0.5218818,
21,0,2,0,0.2,0.6,0.49230784,
24,0,2,0,0.0,1.0,0.510221,
25,0,2,0,0.2,0.6,0.5104303,
27,0,2,0,0.2,0.6,0.4523494,
31,0,2,0,0.1666666666666666,0.6666666666666667,0.42896873,
45,0,2,0,0.0,1.0,0.3408605,
47,0,2,0,0.25,0.5,0.520475,
52,0,2,0,0.25,0.5,0.5138284,
53,0,2,0,0.1666666666666666,0.6666666666666667,0.373656,
58,0,2,0,0.25,0.5,0.5047567,
72,0,2,0,0.25,0.5,0.46699625,
80,0,2,0,0.0,1.0,0.5374259,
81,0,2,0,0.0,1.0,0.43151617,
84,0,2,0,0.3333333333333333,0.3333333333333333,0.5955608,
91,0,2,0,0.25,0.5,0.35625273,
92,0,2,0,0.0,1.0,0.53175235,
101,0,2,0,0.3333333333333333,0.3333333333333333,0.46167123,
102,0,2,0,0.0,1.0,0.2953871,
118,0,2,0,0.0,1.0,0.6198045,
121,0,2,0,0.1111111111111111,0.7777777777777778,0.41460395,
125,0,2,0,0.125,0.75,0.4400776,
126,0,2,0,0.2222222222222222,0.5555555555555556,0.5926913,
128,0,2,0,0.1111111111111111,0.7777777777777778,0.42119253,
130,0,2,0,0.1111111111111111,0.7777777777777778,0.51217145,
140,0,2,0,0.2222222222222222,0.5555555555555556,0.5535339,
145,0,2,0,0.4444444444444444,0.1111111111111111,0.3205009,
154,0,2,0,0.25,0.5,0.43710446,
157,0,2,0,0.25,0.5,0.47527677,
167,0,2,0,0.0,1.0,0.5334549,
172,0,2,0,0.0,1.0,0.34860975,
173,0,2,0,0.25,0.5,0.4606564,
176,0,2,0,0.0,1.0,0.35757458,
194,0,2,0,0.0,1.0,0.56920314,
197,0,2,0,0.0,1.0,0.48604065,
201,0,2,0,0.25,0.5,0.4123894,
217,0,2,0,0.0,1.0,0.518921,
219,0,2,0,0.0,1.0,0.36229342,
229,0,2,0,0.0,1.0,0.54175323,
234,0,2,0,0.25,0.5,0.5750567,
235,0,2,0,0.0,1.0,0.42733693,
237,0,2,0,0.4,0.1999999999999999,0.37501878,
239,0,2,1,0.6,0.1999999999999999,0.39140564,
244,0,2,1,0.6,0.1999999999999999,0.5766957,
246,0,2,0,0.4,0.1999999999999999,0.4971149,
252,0,2,0,0.0,1.0,0.49627507,
255,0,2,0,0.25,0.5,0.3129555,
265,0,2,1,0.5,0.0,0.5260241,
266,0,2,0,0.25,0.5,0.456223,
268,0,2,1,0.5,0.0,0.3419546,
270,0,2,0,0.0,1.0,0.63620245,
273,0,2,1,0.5,0.0,0.4323683,
277,0,2,1,0.5,0.0,0.6342617,
280,0,2,0,0.25,0.5,0.44105342,
286,0,2,0,0.2,0.6,0.46629623,
289,0,2,1,0.5,0.0,0.51696855,
304,0,2,1,0.8,0.6000000000000001,0.48509717,
312,0,2,0,0.0,1.0,0.4136339,
318,0,2,0,0.4,0.1999999999999999,0.449726,
321,0,2,1,0.6,0.1999999999999999,0.5157677,
323,0,2,0,0.0,1.0,0.48109338,
324,0,2,0,0.2,0.6,0.5912879,
334,0,2,0,0.4,0.1999999999999999,0.5293187,
340,0,2,1,0.6,0.1999999999999999,0.43406883,
344,0,2,0,0.2,0.6,0.5233902,
348,0,2,0,0.4,0.1999999999999999,0.77588356,
352,0,2,0,0.25,0.5,0.4927752,
353,0,2,0,0.0,1.0,0.59256345,
354,0,2,0,0.25,0.5,0.46827918,
357,0,2,1,0.5,0.0,0.43414742,
358,0,2,0,0.25,0.5,0.54465675,
362,0,2,1,0.75,0.5,0.56918216,
364,0,2,1,0.5,0.0,0.46741182,
399,0,2,0,0.25,0.5,0.43129486,
404,0,2,1,0.6,0.1999999999999999,0.7409816,
408,0,2,0,0.4,0.1999999999999999,0.63373816,
409,0,2,0,0.4,0.1999999999999999,0.47846067,
412,0,2,1,1.0,1.0,0.5539783,
417,0,2,0,0.2,0.6,0.5855832,
420,0,2,0,0.0,1.0,0.40523642,
426,0,2,1,0.8,0.6000000000000001,0.4597984,
431,0,2,0,0.4,0.1999999999999999,0.33273444,
443,0,2,0,0.0,1.0,0.27299505,
446,0,2,0,0.2,0.6,0.6431165,
448,0,2,0,0.0,1.0,0.27002132,
451,0,2,0,0.25,0.5,0.32844004,
453,0,2,0,0.25,0.5,0.46499285,
458,0,2,0,0.0,1.0,0.52421415,
460,0,2,0,0.0,1.0,0.37452084,
461,0,2,1,0.5,0.0,0.5095525,
471,0,2,0,0.0,1.0,0.769848,
477,0,2,0,0.0,1.0,0.42485267,
479,0,2,0,0.0,1.0,0.32153288,
488,0,2,1,0.5,0.0,0.45460612,
489,0,2,0,0.0,1.0,0.53900826,
504,0,2,1,0.75,0.5,0.51718307,
505,0,2,1,0.5,0.0,0.46890062,
506,0,2,1,0.75,0.5,0.52491975,
508,0,2,1,0.75,0.5,0.40904853,
511,0,2,1,0.5,0.0,0.50741124,
517,0,2,0,0.25,0.5,0.47035682,
520,0,2,1,0.5,0.0,0.35351554,
526,0,2,0,0.0,1.0,0.39792377,
541,0,2,1,0.5,0.0,0.3948246,
544,0,2,1,0.5,0.0,0.5471113,
545,0,2,0,0.25,0.5,0.30323896,
550,0,2,0,0.0,1.0,0.41359442,
552,0,2,1,0.6666666666666666,0.3333333333333332,0.39574793,
555,0,2,0,0.3333333333333333,0.3333333333333333,0.589756,
556,0,2,0,0.1666666666666666,0.6666666666666667,0.4081878,
559,0,2,1,0.6666666666666666,0.3333333333333332,0.30779824,
563,0,2,0,0.0,1.0,0.55092835,
564,0,2,1,0.5,0.0,0.5848707,
571,0,2,1,0.5,0.0,0.33059046,
582,0,2,1,0.5,0.0,0.43528196,
602,0,2,0,0.25,0.5,0.528077,
606,0,2,0,0.25,0.5,0.31294075,
607,0,2,0,0.0,1.0,0.39435995,
614,0,2,1,0.75,0.5,0.5543114,
617,0,2,1,0.5,0.0,0.5393089,
620,0,2,1,0.75,0.5,0.4764896,
626,0,2,1,0.5,0.0,0.28686333,
641,0,2,0,0.0,1.0,0.44236118,
652,0,2,0,0.0,1.0,0.37033492,
661,0,2,1,0.8333333333333334,0.6666666666666667,0.76513666,
669,0,2,0,0.3333333333333333,0.3333333333333333,0.48852575,
671,0,2,0,0.3333333333333333,0.3333333333333333,0.5869496,
673,0,2,0,0.3333333333333333,0.3333333333333333,0.35480097,
675,0,2,0,0.3333333333333333,0.3333333333333333,0.4550588,
682,0,2,0,0.1666666666666666,0.6666666666666667,0.44101292,
685,0,2,0,0.0,1.0,0.30382788,
686,0,2,0,0.0,1.0,0.47761613,
691,0,2,0,0.1666666666666666,0.6666666666666667,0.6328008,
692,0,2,0,0.0,1.0,0.38163304,
698,0,2,1,0.5,0.0,0.5717319,
704,0,2,0,0.3333333333333333,0.3333333333333333,0.59068084,
705,0,2,1,0.5,0.0,0.3931145,
709,0,2,0,0.3333333333333333,0.3333333333333333,0.49585792,
710,0,2,0,0.0,1.0,0.33624077,
717,0,2,1,0.5,0.0,0.55806154,
721,0,2,0,0.3333333333333333,0.3333333333333333,0.65951383,
723,0,2,0,0.1666666666666666,0.6666666666666667,0.46853834,
727,0,2,0,0.4,0.1999999999999999,0.6881825,
728,0,2,0,0.2,0.6,0.35768044,
729,0,2,0,0.4,0.1999999999999999,0.5640091,
736,0,2,0,0.0,1.0,0.56802666,
1,0,3,0,0.3333333333333333,0.3333333333333333,0.38822103,
3,0,3,0,0.0,1.0,0.4539694,
9,0,3,0,0.0,1.0,0.5397722,
12,0,3,0,0.4,0.1999999999999999,0.43229342,
13,0,3,0,0.2,0.6,0.47356802,
17,0,3,0,0.4,0.1999999999999999,0.55975115,
35,0,3,1,0.5,0.0,0.48678213,
37,0,3,0,0.2,0.6,0.36578,
42,0,3,0,0.0,1.0,0.6039835,
43,0,3,0,0.2,0.6,0.72903055,
48,0,3,1,0.6,0.1999999999999999,0.35196134,
54,0,3,0,0.25,0.5,0.52863896,
76,0,3,0,0.25,0.5,0.46611717,
79,0,3,0,0.25,0.5,0.49378008,
86,0,3,0,0.0,1.0,0.5749736,
90,0,3,1,0.5,0.0,0.3956701,
97,0,3,0,0.25,0.5,0.413218,
100,0,3,0,0.25,0.5,0.63459575,
103,0,3,0,0.1111111111111111,0.7777777777777778,0.55202043,
108,0,3,0,0.25,0.5,0.6213567,
115,0,3,0,0.0,1.0,0.40446723,
119,0,3,0,0.1111111111111111,0.7777777777777778,0.5794115,
123,0,3,0,0.0,1.0,0.38737848,
129,0,3,0,0.2,0.6,0.568679,
132,0,3,0,0.2222222222222222,0.5555555555555556,0.43017024,
133,0,3,1,0.8888888888888888,0.7777777777777777,0.39834857,
138,0,3,1,0.5555555555555556,0.1111111111111111,0.42641705,
144,0,3,0,0.0,1.0,0.52332854,
158,0,3,0,0.0,1.0,0.31405964,
179,0,3,0,0.25,0.5,0.4951184,
180,0,3,0,0.0,1.0,0.59281826,
184,0,3,0,0.0,1.0,0.37451637,
185,0,3,0,0.25,0.5,0.4519092,
188,0,3,0,0.0,1.0,0.33655867,
195,0,3,0,0.0,1.0,0.61740994,
198,0,3,0,0.0,1.0,0.5769313,
203,0,3,0,0.2,0.6,0.3235455,
205,0,3,0,0.2,0.6,0.38646403,
213,0,3,0,0.4,0.1999999999999999,0.40170106,
216,0,3,0,0.0,1.0,0.5747427,
220,0,3,0,0.4,0.1999999999999999,0.43377438,
222,0,3,0,0.2,0.6,0.3790859,
225,0,3,0,0.2,0.6,0.37547272,
228,0,3,0,0.2,0.6,0.5108595,
236,0,3,0,0.0,1.0,0.30968392,
238,0,3,0,0.25,0.5,0.20498784,
242,0,3,1,0.6,0.1999999999999999,0.38013053,
251,0,3,0,0.25,0.5,0.3958719,
257,0,3,0,0.25,0.5,0.37287885,
258,0,3,0,0.0,1.0,0.39470246,
269,0,3,1,0.5,0.0,0.5341561,
272,0,3,1,0.5,0.0,0.49057436,
278,0,3,0,0.25,0.5,0.4746805,
283,0,3,0,0.25,0.5,0.52603304,
290,0,3,0,0.0,1.0,0.5131363,
293,0,3,1,0.5,0.0,0.51994264,
296,0,3,0,0.0,1.0,0.46146214,
297,0,3,0,0.0,1.0,0.37572992,
302,0,3,0,0.0,1.0,0.4169538,
303,0,3,0,0.0,1.0,0.4967918,
306,0,3,0,0.0,1.0,0.4619167,
311,0,3,0,0.4,0.1999999999999999,0.41403455,
313,0,3,0,0.0,1.0,0.48850128,
320,0,3,0,0.0,1.0,0.5827714,
343,0,3,1,0.8,0.6000000000000001,0.57453704,
351,0,3,0,0.0,1.0,0.39197972,
356,0,3,0,0.25,0.5,0.43600214,
361,0,3,0,0.0,1.0,0.40342826,
366,0,3,0,0.0,1.0,0.46229976,
367,0,3,0,0.25,0.5,0.51410735,
369,0,3,0,0.0,1.0,0.42026764,
370,0,3,0,0.0,1.0,0.555022,
373,0,3,0,0.0,1.0,0.5296763,
378,0,3,1,0.5,0.0,0.2632342,
380,0,3,1,0.75,0.5,0.5392809,
385,0,3,1,0.5,0.0,0.43326277,
387,0,3,0,0.0,1.0,0.40804973,
389,0,3,0,0.25,0.5,0.51738703,
392,0,3,1,0.5,0.0,0.6230967,
396,0,3,1,0.75,0.5,0.6570581,
400,0,3,1,0.5,0.0,0.6826637,
402,0,3,1,0.6,0.1999999999999999,0.30479574,
403,0,3,0,0.0,1.0,0.3561291,
406,0,3,1,0.6,0.1999999999999999,0.3673101,
410,0,3,1,0.6,0.1999999999999999,0.4645874,
415,0,3,0,0.0,1.0,0.44828254,
422,0,3,1,0.6,0.1999999999999999,0.4133031,
423,0,3,0,0.0,1.0,0.5111924,
428,0,3,1,0.6,0.1999999999999999,0.29163492,
429,0,3,0,0.0,1.0,0.5410731,
433,0,3,0,0.0,1.0,0.42944816,
440,0,3,0,0.0,1.0,0.54828906,
444,0,3,0,0.2,0.6,0.43636262,
445,0,3,0,0.0,1.0,0.375196,
447,0,3,0,0.0,1.0,0.4154389,
455,0,3,0,0.0,1.0,0.3758853,
470,0,3,0,0.0,1.0,0.49080622,
472,0,3,0,0.25,0.5,0.34787685,
473,0,3,0,0.25,0.5,0.40421554,
474,0,3,0,0.0,1.0,0.3186944,
475,0,3,0,0.25,0.5,0.48887384,
478,0,3,0,0.0,1.0,0.43658054,
484,0,3,0,0.25,0.5,0.44284102,
493,0,3,0,0.0,1.0,0.46765023,
500,0,3,0,0.25,0.5,0.49498907,
501,0,3,0,0.25,0.5,0.39796758,
502,0,3,1,0.75,0.5,0.41939846,
516,0,3,0,0.0,1.0,0.3638388,
525,0,3,0,0.2,0.6,0.28271598,
531,0,3,1,0.75,0.5,0.5971068,
536,0,3,0,0.3333333333333333,0.3333333333333333,0.47901928,
538,0,3,0,0.0,1.0,0.50296986,
543,0,3,1,0.5,0.0,0.5167728,
547,0,3,1,0.5,0.0,0.4840033,
560,0,3,0,0.1666666666666666,0.6666666666666667,0.29303253,
576,0,3,1,0.5,0.0,0.52143157,
581,0,3,0,0.3333333333333333,0.3333333333333333,0.5516157,
591,0,3,1,0.5,0.0,0.40609968,
592,0,3,1,0.6,0.1999999999999999,0.4144178,
597,0,3,0,0.0,1.0,0.43526024,
598,0,3,0,0.3333333333333333,0.3333333333333333,0.66470206,
600,0,3,0,0.1666666666666666,0.6666666666666667,0.4597811,
611,0,3,1,0.75,0.5,0.4048735,
627,0,3,1,0.75,0.5,0.5330248,
631,0,3,0,0.0,1.0,0.38796937,
637,0,3,1,0.5,0.0,0.4251399,
639,0,3,0,0.0,1.0,0.3637161,
640,0,3,1,0.75,0.5,0.57013214,
643,0,3,1,0.5,0.0,0.4379586,
647,0,3,1,0.5,0.0,0.6242573,
651,0,3,0,0.3333333333333333,0.3333333333333333,0.33130366,
654,0,3,0,0.1666666666666666,0.6666666666666667,0.40872154,
659,0,3,1,0.6666666666666666,0.3333333333333332,0.51049554,
665,0,3,0,0.1666666666666666,0.6666666666666667,0.47389096,
672,0,3,0,0.0,1.0,0.47409075,
677,0,3,1,0.6666666666666666,0.3333333333333332,0.37309188,
680,0,3,0,0.0,1.0,0.4581017,
687,0,3,0,0.3333333333333333,0.3333333333333333,0.41651154,
696,0,3,0,0.1666666666666666,0.6666666666666667,0.50997174,
697,0,3,1,0.5,0.0,0.4772883,
711,0,3,1,0.6,0.1999999999999999,0.59849143,
713,0,3,1,0.6,0.1999999999999999,0.5045904,
718,0,3,0,0.1666666666666666,0.6666666666666667,0.53554803,
719,0,3,0,0.1666666666666666,0.6666666666666667,0.55576026,
725,0,3,0,0.0,1.0,0.50739217,
732,0,3,0,0.0,1.0,0.5483216,
742,0,3,1,0.5,0.0,0.47625393,
8,0,4,0,0.0,1.0,0.3381332,
10,0,4,0,0.0,1.0,0.35195312,
11,0,4,1,0.6,0.1999999999999999,0.41307735,
20,0,4,0,0.25,0.5,0.52060395,
22,0,4,0,0.2,0.6,0.59401274,
33,0,4,0,0.4,0.1999999999999999,0.40761065,
36,0,4,0,0.2,0.6,0.46101797,
41,0,4,0,0.2,0.6,0.53250027,
44,0,4,0,0.0,1.0,0.519667,
46,0,4,0,0.4,0.1999999999999999,0.5955972,
57,0,4,1,1.0,1.0,0.557045,
60,0,4,0,0.0,1.0,0.53092957,
62,0,4,0,0.25,0.5,0.47808164,
70,0,4,0,0.0,1.0,0.46061784,
71,0,4,0,0.0,1.0,0.50017816,
75,0,4,0,0.0,1.0,0.47144246,
89,0,4,0,0.25,0.5,0.6048845,
99,0,4,0,0.0,1.0,0.32179332,
104,0,4,0,0.1111111111111111,0.7777777777777778,0.45643622,
105,0,4,0,0.0,1.0,0.5276751,
106,0,4,1,1.0,1.0,0.50064796,
111,0,4,0,0.1111111111111111,0.7777777777777778,0.54812753,
114,0,4,0,0.1111111111111111,0.7777777777777778,0.65427876,
117,0,4,0,0.25,0.5,0.4347229,
135,0,4,0,0.1666666666666666,0.6666666666666667,0.36283442,
136,0,4,0,0.3333333333333333,0.3333333333333333,0.52966034,
137,0,4,1,0.6666666666666666,0.3333333333333332,0.37150633,
147,0,4,0,0.0,1.0,0.5832658,
162,0,4,0,0.2,0.6,0.3869278,
164,0,4,0,0.0,1.0,0.33297944,
165,0,4,0,0.0,1.0,0.57048666,
169,0,4,0,0.0,1.0,0.47056752,
170,0,4,0,0.1666666666666666,0.6666666666666667,0.35254556,
171,0,4,0,0.25,0.5,0.5309862,
175,0,4,0,0.0,1.0,0.39254725,
178,0,4,0,0.0,1.0,0.5852568,
181,0,4,1,0.5,0.0,0.43826252,
186,0,4,0,0.0,1.0,0.5613383,
191,0,4,0,0.0,1.0,0.4687578,
192,0,4,0,0.0,1.0,0.46947998,
193,0,4,0,0.25,0.5,0.4967322,
207,0,4,0,0.2,0.6,0.3987725,
214,0,4,0,0.2,0.6,0.5839497,
223,0,4,0,0.2,0.6,0.41701594,
227,0,4,1,1.0,1.0,0.49917382,
245,0,4,0,0.0,1.0,0.32976502,
254,0,4,0,0.25,0.5,0.4605486,
260,0,4,0,0.25,0.5,0.4103824,
261,0,4,0,0.25,0.5,0.54420066,
262,0,4,1,0.5,0.0,0.6023716,
263,0,4,0,0.2,0.6,0.40217674,
264,0,4,0,0.25,0.5,0.49414456,
271,0,4,0,0.0,1.0,0.51988816,
276,0,4,0,0.2,0.6,0.49927348,
292,0,4,0,0.25,0.5,0.6605222,
295,0,4,0,0.0,1.0,0.37474763,
298,0,4,0,0.25,0.5,0.5357429,
299,0,4,1,0.8,0.6000000000000001,0.52969474,
314,0,4,0,0.0,1.0,0.55908763,
325,0,4,0,0.0,1.0,0.4409755,
327,0,4,0,0.0,1.0,0.615401,
337,0,4,0,0.0,1.0,0.4131365,
341,0,4,1,0.6,0.1999999999999999,0.5982152,
347,0,4,0,0.4,0.1999999999999999,0.6147014,
349,0,4,0,0.0,1.0,0.32392088,
350,0,4,0,0.0,1.0,0.42813587,
363,0,4,0,0.0,1.0,0.6322253,
365,0,4,0,0.25,0.5,0.5362891,
368,0,4,1,0.5,0.0,0.5894376,
375,0,4,1,0.5,0.0,0.58008635,
377,0,4,0,0.25,0.5,0.38296115,
379,0,4,1,0.75,0.5,0.49131894,
382,0,4,1,0.5,0.0,0.42829114,
383,0,4,0,0.0,1.0,0.38561577,
386,0,4,0,0.25,0.5,0.44896504,
390,0,4,1,0.75,0.5,0.49213052,
391,0,4,0,0.0,1.0,0.34656385,
393,0,4,0,0.25,0.5,0.5477027,
395,0,4,1,0.5,0.0,0.56620413,
401,0,4,0,0.2,0.6,0.3832193,
418,0,4,0,0.0,1.0,0.45318148,
419,0,4,0,0.4,0.1999999999999999,0.40308505,
424,0,4,1,0.6,0.1999999999999999,0.40328032,
427,0,4,1,0.6,0.1999999999999999,0.371161,
430,0,4,1,0.6,0.1999999999999999,0.39337236,
432,0,4,0,0.2,0.6,0.4316637,
434,0,4,0,0.0,1.0,0.33228794,
439,0,4,0,0.2,0.6,0.40930262,
450,0,4,0,0.2,0.6,0.4299764,
454,0,4,0,0.0,1.0,0.58318543,
462,0,4,1,0.5,0.0,0.60810554,
464,0,4,0,0.0,1.0,0.5533222,
466,0,4,1,0.5,0.0,0.5933433,
467,0,4,1,1.0,1.0,0.6308956,
476,0,4,0,0.0,1.0,0.51834285,
483,0,4,0,0.25,0.5,0.45085812,
494,0,4,1,0.8,0.6000000000000001,0.6321996,
507,0,4,1,1.0,1.0,0.43487078,
515,0,4,0,0.25,0.5,0.37715667,
522,0,4,0,0.25,0.5,0.28836635,
532,0,4,0,0.0,1.0,0.3494047,
537,0,4,0,0.25,0.5,0.4189884,
546,0,4,1,0.5,0.0,0.41389066,
551,0,4,1,0.6666666666666666,0.3333333333333332,0.5104225,
553,0,4,0,0.0,1.0,0.55524445,
558,0,4,1,0.5,0.0,0.5291079,
562,0,4,0,0.3333333333333333,0.3333333333333333,0.56733644,
568,0,4,1,1.0,1.0,0.48692667,
569,0,4,0,0.1666666666666666,0.6666666666666667,0.49808452,
570,0,4,1,0.6666666666666666,0.3333333333333332,0.5224453,
578,0,4,1,0.5,0.0,0.42556688,
580,0,4,0,0.3333333333333333,0.3333333333333333,0.3596935,
584,0,4,1,0.6666666666666666,0.3333333333333332,0.4805558,
585,0,4,1,0.5,0.0,0.43670392,
593,0,4,1,0.5,0.0,0.50262326,
594,0,4,0,0.0,1.0,0.38165796,
596,0,4,1,0.5,0.0,0.5742961,
599,0,4,0,0.0,1.0,0.4192845,
610,0,4,0,0.25,0.5,0.5789288,
613,0,4,0,0.0,1.0,0.52043575,
616,0,4,1,0.75,0.5,0.40205812,
619,0,4,0,0.25,0.5,0.6203128,
621,0,4,1,0.5,0.0,0.5364784,
625,0,4,0,0.0,1.0,0.38167605,
635,0,4,1,0.5,0.0,0.4765115,
644,0,4,0,0.25,0.5,0.4862086,
646,0,4,0,0.0,1.0,0.2970478,
655,0,4,1,0.6666666666666666,0.3333333333333332,0.44357505,
656,0,4,1,0.6666666666666666,0.3333333333333332,0.4833498,
662,0,4,0,0.0,1.0,0.4312369,
663,0,4,0,0.3333333333333333,0.3333333333333333,0.53571576,
668,0,4,0,0.1666666666666666,0.6666666666666667,0.6011009,
678,0,4,0,0.3333333333333333,0.3333333333333333,0.2689501,
679,0,4,0,0.4,0.1999999999999999,0.3951415,
684,0,4,0,0.0,1.0,0.4448494,
688,0,4,0,0.1666666666666666,0.6666666666666667,0.42068714,
700,0,4,1,0.5,0.0,0.46126798,
701,0,4,0,0.1666666666666666,0.6666666666666667,0.53417194,
702,0,4,0,0.1666666666666666,0.6666666666666667,0.50736874,
706,0,4,1,0.6666666666666666,0.3333333333333332,0.585992,
708,0,4,0,0.0,1.0,0.6004779,
716,0,4,1,0.6666666666666666,0.3333333333333332,0.54374516,
722,0,4,0,0.2,0.6,0.3970608,
724,0,4,0,0.2,0.6,0.4821739,
726,0,4,0,0.0,1.0,0.6231704,
734,0,4,0,0.0,1.0,0.48011968,
740,0,4,0,0.1666666666666666,0.6666666666666667,0.3655358,
5,1,0,0,0.2,0.6,0.47743827,
10,1,0,0,0.0,1.0,0.22015713,
12,1,0,0,0.4,0.1999999999999999,0.564988,
16,1,0,1,0.6,0.1999999999999999,0.4443407,
17,1,0,0,0.4,0.1999999999999999,0.5520401,
25,1,0,0,0.2,0.6,0.51891124,
26,1,0,1,0.8,0.6000000000000001,0.3998122,
30,1,0,0,0.2,0.6,0.39361453,
36,1,0,0,0.2,0.6,0.4694321,
37,1,0,0,0.2,0.6,0.36474693,
46,1,0,0,0.4,0.1999999999999999,0.616246,
56,1,0,0,0.25,0.5,0.33490053,
63,1,0,0,0.0,1.0,0.45698118,
66,1,0,0,0.0,1.0,0.5193895,
72,1,0,0,0.25,0.5,0.43932873,
81,1,0,0,0.0,1.0,0.42420498,
82,1,0,0,0.25,0.5,0.5469669,
91,1,0,0,0.25,0.5,0.38854402,
93,1,0,0,0.0,1.0,0.4335043,
101,1,0,0,0.3333333333333333,0.3333333333333333,0.41553408,
102,1,0,0,0.0,1.0,0.38117963,
114,1,0,0,0.1111111111111111,0.7777777777777778,0.62732124,
117,1,0,0,0.25,0.5,0.34502107,
118,1,0,0,0.0,1.0,0.64774936,
122,1,0,0,0.0,1.0,0.42237374,
128,1,0,0,0.1111111111111111,0.7777777777777778,0.40871292,
141,1,0,0,0.0,1.0,0.5207013,
142,1,0,0,0.0,1.0,0.6014364,
145,1,0,0,0.4444444444444444,0.1111111111111111,0.3291514,
149,1,0,0,0.3333333333333333,0.3333333333333333,0.32914037,
150,1,0,0,0.0,1.0,0.55695814,
159,1,0,0,0.0,1.0,0.31792778,
179,1,0,0,0.25,0.5,0.48425174,
180,1,0,0,0.0,1.0,0.542191,
184,1,0,0,0.0,1.0,0.24158314,
187,1,0,0,0.0,1.0,0.50333554,
195,1,0,0,0.0,1.0,0.61623,
213,1,0,0,0.4,0.1999999999999999,0.4264357,
216,1,0,0,0.0,1.0,0.5008069,
226,1,0,0,0.0,1.0,0.42383355,
227,1,0,1,1.0,1.0,0.4191317,
231,1,0,1,0.5,0.0,0.5216909,
232,1,0,0,0.25,0.5,0.41765702,
235,1,0,0,0.0,1.0,0.37307402,
239,1,0,1,0.6,0.1999999999999999,0.37719184,
243,1,0,0,0.0,1.0,0.32639977,
248,1,0,0,0.4,0.1999999999999999,0.44729257,
249,1,0,1,0.6,0.1999999999999999,0.5345168,
250,1,0,0,0.4,0.1999999999999999,0.57932186,
251,1,0,0,0.25,0.5,0.40350196,
257,1,0,0,0.25,0.5,0.4014307,
263,1,0,0,0.2,0.6,0.392327,
272,1,0,1,0.5,0.0,0.45211715,
273,1,0,1,0.5,0.0,0.35239607,
278,1,0,0,0.25,0.5,0.4668631,
285,1,0,0,0.4,0.1999999999999999,0.23893842,
287,1,0,0,0.25,0.5,0.42977458,
288,1,0,1,0.75,0.5,0.42886442,
297,1,0,0,0.0,1.0,0.367786,
299,1,0,1,0.8,0.6000000000000001,0.45257032,
314,1,0,0,0.0,1.0,0.54019547,
317,1,0,0,0.4,0.1999999999999999,0.2389234,
320,1,0,0,0.0,1.0,0.6100323,
333,1,0,0,0.0,1.0,0.46458215,
335,1,0,1,0.5,0.0,0.25352335,
339,1,0,0,0.0,1.0,0.5827013,
341,1,0,1,0.6,0.1999999999999999,0.57411027,
343,1,0,1,0.8,0.6000000000000001,0.5179225,
347,1,0,0,0.4,0.1999999999999999,0.61551154,
350,1,0,0,0.0,1.0,0.41532993,
352,1,0,0,0.25,0.5,0.42018846,
357,1,0,1,0.5,0.0,0.56532806,
358,1,0,0,0.25,0.5,0.60478795,
369,1,0,0,0.0,1.0,0.42366368,
373,1,0,0,0.0,1.0,0.5725029,
380,1,0,1,0.75,0.5,0.55207753,
386,1,0,0,0.25,0.5,0.41457203,
388,1,0,1,0.5,0.0,0.4329061,
389,1,0,0,0.25,0.5,0.5518243,
390,1,0,1,0.75,0.5,0.48008147,
393,1,0,0,0.25,0.5,0.47598594,
396,1,0,1,0.75,0.5,0.6414094,
401,1,0,0,0.2,0.6,0.41277856,
402,1,0,1,0.6,0.1999999999999999,0.29323077,
406,1,0,1,0.6,0.1999999999999999,0.33204365,
420,1,0,0,0.0,1.0,0.38301104,
425,1,0,0,0.0,1.0,0.47835058,
428,1,0,1,0.6,0.1999999999999999,0.33999324,
433,1,0,0,0.0,1.0,0.43649715,
444,1,0,0,0.2,0.6,0.5509403,
450,1,0,0,0.2,0.6,0.4713601,
454,1,0,0,0.0,1.0,0.5403037,
455,1,0,0,0.0,1.0,0.3884519,
457,1,0,1,0.5,0.0,0.5663316,
462,1,0,1,0.5,0.0,0.69361,
475,1,0,0,0.25,0.5,0.40235806,
479,1,0,0,0.0,1.0,0.38128626,
482,1,0,0,0.0,1.0,0.3034821,
489,1,0,0,0.0,1.0,0.5174309,
507,1,0,1,1.0,1.0,0.48016596,
511,1,0,1,0.5,0.0,0.4962906,
515,1,0,0,0.25,0.5,0.41969723,
525,1,0,0,0.2,0.6,0.34776127,
531,1,0,1,0.75,0.5,0.54688084,
537,1,0,0,0.25,0.5,0.3642106,
538,1,0,0,0.0,1.0,0.5580069,
540,1,0,0,0.25,0.5,0.67608964,
549,1,0,0,0.0,1.0,0.4756839,
551,1,0,1,0.6666666666666666,0.3333333333333332,0.5457839,
553,1,0,0,0.0,1.0,0.5461771,
559,1,0,1,0.6666666666666666,0.3333333333333332,0.41307357,
560,1,0,0,0.1666666666666666,0.6666666666666667,0.23167656,
563,1,0,0,0.0,1.0,0.5594469,
577,1,0,0,0.1666666666666666,0.6666666666666667,0.424511,
579,1,0,0,0.3333333333333333,0.3333333333333333,0.47206172,
580,1,0,0,0.3333333333333333,0.3333333333333333,0.3921802,
584,1,0,1,0.6666666666666666,0.3333333333333332,0.48935595,
589,1,0,0,0.3333333333333333,0.3333333333333333,0.4249072,
593,1,0,1,0.5,0.0,0.4417798,
602,1,0,0,0.25,0.5,0.56896186,
604,1,0,1,0.75,0.5,0.597659,
607,1,0,0,0.0,1.0,0.33497697,
611,1,0,1,0.75,0.5,0.47051966,
616,1,0,1,0.75,0.5,0.41736203,
618,1,0,0,0.0,1.0,0.57546026,
626,1,0,1,0.5,0.0,0.33723325,
630,1,0,1,0.5,0.0,0.5850115,
632,1,0,1,0.5,0.0,0.31008536,
635,1,0,1,0.5,0.0,0.40431622,
639,1,0,0,0.0,1.0,0.3793424,
641,1,0,0,0.0,1.0,0.5355481,
646,1,0,0,0.0,1.0,0.274931,
648,1,0,1,0.5,0.0,0.4199783,
660,1,0,0,0.1666666666666666,0.6666666666666667,0.5166265,
674,1,0,0,0.3333333333333333,0.3333333333333333,0.4207571,
684,1,0,0,0.0,1.0,0.50263345,
696,1,0,0,0.1666666666666666,0.6666666666666667,0.52562773,
697,1,0,1,0.5,0.0,0.4846346,
698,1,0,1,0.5,0.0,0.5295299,
703,1,0,0,0.0,1.0,0.62470824,
707,1,0,1,0.5,0.0,0.43015343,
710,1,0,0,0.0,1.0,0.38205403,
716,1,0,1,0.6666666666666666,0.3333333333333332,0.6556469,
718,1,0,0,0.1666666666666666,0.6666666666666667,0.6685896,
728,1,0,0,0.2,0.6,0.33826452,
734,1,0,0,0.0,1.0,0.44571152,
735,1,0,0,0.0,1.0,0.35575753,
6,1,1,0,0.2,0.6,0.4508618,
8,1,1,0,0.0,1.0,0.38031667,
9,1,1,0,0.0,1.0,0.5235652,
13,1,1,0,0.2,0.6,0.55129147,
14,1,1,0,0.2,0.6,0.60268784,
21,1,1,0,0.2,0.6,0.5340792,
22,1,1,0,0.2,0.6,0.5456538,
29,1,1,0,0.2,0.6,0.59662175,
32,1,1,0,0.2,0.6,0.48253828,
33,1,1,0,0.4,0.1999999999999999,0.44592887,
34,1,1,0,0.1666666666666666,0.6666666666666667,0.46983272,
41,1,1,0,0.2,0.6,0.397216,
49,1,1,0,0.3333333333333333,0.3333333333333333,0.36888033,
50,1,1,1,0.8,0.6000000000000001,0.51336837,
51,1,1,0,0.25,0.5,0.49343985,
70,1,1,0,0.0,1.0,0.46102124,
71,1,1,0,0.0,1.0,0.45611113,
79,1,1,0,0.25,0.5,0.475487,
85,1,1,0,0.25,0.5,0.6557845,
86,1,1,0,0.0,1.0,0.53791845,
88,1,1,1,0.5,0.0,0.41056025,
89,1,1,0,0.25,0.5,0.5695535,
94,1,1,0,0.25,0.5,0.43812722,
95,1,1,0,0.25,0.5,0.43780494,
108,1,1,0,0.25,0.5,0.56378627,
109,1,1,0,0.1111111111111111,0.7777777777777778,0.580985,
115,1,1,0,0.0,1.0,0.39705452,
127,1,1,1,0.6666666666666666,0.3333333333333332,0.44775683,
129,1,1,0,0.2,0.6,0.5338681,
138,1,1,1,0.5555555555555556,0.1111111111111111,0.40882856,
139,1,1,0,0.0,1.0,0.44449735,
140,1,1,0,0.2222222222222222,0.5555555555555556,0.48823825,
156,1,1,0,0.25,0.5,0.46902737,
160,1,1,0,0.1666666666666666,0.6666666666666667,0.5201867,
161,1,1,0,0.0,1.0,0.5030849,
166,1,1,0,0.25,0.5,0.49426264,
175,1,1,0,0.0,1.0,0.46726543,
188,1,1,0,0.0,1.0,0.4772526,
193,1,1,0,0.25,0.5,0.5510918,
194,1,1,0,0.0,1.0,0.5984578,
196,1,1,1,0.5,0.0,0.5200133,
198,1,1,0,0.0,1.0,0.6251267,
200,1,1,0,0.2,0.6,0.28631186,
205,1,1,0,0.2,0.6,0.39328766,
209,1,1,0,0.2,0.6,0.49590138,
210,1,1,0,0.4,0.1999999999999999,0.7672528,
212,1,1,0,0.2,0.6,0.46596563,
222,1,1,0,0.2,0.6,0.45068663,
225,1,1,0,0.2,0.6,0.40669692,
230,1,1,0,0.2,0.6,0.43404958,
234,1,1,0,0.25,0.5,0.5212196,
237,1,1,0,0.4,0.1999999999999999,0.38819706,
241,1,1,1,0.6,0.1999999999999999,0.5982845,
247,1,1,0,0.2,0.6,0.6026121,
262,1,1,1,0.5,0.0,0.6471195,
264,1,1,0,0.25,0.5,0.46329117,
267,1,1,0,0.0,1.0,0.23461461,
271,1,1,0,0.0,1.0,0.4821329,
275,1,1,1,0.5,0.0,0.5333346,
277,1,1,1,0.5,0.0,0.61714935,
280,1,1,0,0.25,0.5,0.5237349,
284,1,1,1,0.5,0.0,0.38129014,
292,1,1,0,0.25,0.5,0.67227167,
293,1,1,1,0.5,0.0,0.5175693,
304,1,1,1,0.8,0.6000000000000001,0.531909,
312,1,1,0,0.0,1.0,0.4283895,
324,1,1,0,0.2,0.6,0.58167446,
332,1,1,0,0.0,1.0,0.3566658,
342,1,1,0,0.2,0.6,0.48573256,
346,1,1,1,0.6,0.1999999999999999,0.5889175,
351,1,1,0,0.0,1.0,0.47509718,
353,1,1,0,0.0,1.0,0.545432,
355,1,1,0,0.25,0.5,0.38600266,
356,1,1,0,0.25,0.5,0.39349046,
360,1,1,0,0.25,0.5,0.46120462,
375,1,1,1,0.5,0.0,0.5053181,
378,1,1,1,0.5,0.0,0.30895948,
385,1,1,1,0.5,0.0,0.48143476,
387,1,1,0,0.0,1.0,0.440091,
399,1,1,0,0.25,0.5,0.39596176,
405,1,1,0,0.0,1.0,0.3876451,
407,1,1,0,0.2,0.6,0.48549485,
408,1,1,0,0.4,0.1999999999999999,0.5678443,
412,1,1,1,1.0,1.0,0.5181817,
414,1,1,1,0.6,0.1999999999999999,0.5386075,
423,1,1,0,0.0,1.0,0.4858042,
431,1,1,0,0.4,0.1999999999999999,0.31350204,
439,1,1,0,0.2,0.6,0.44618824,
445,1,1,0,0.0,1.0,0.38317418,
449,1,1,0,0.4,0.1999999999999999,0.37939185,
460,1,1,0,0.0,1.0,0.4136239,
468,1,1,0,0.25,0.5,0.58979654,
470,1,1,0,0.0,1.0,0.47172147,
476,1,1,0,0.0,1.0,0.541338,
477,1,1,0,0.0,1.0,0.4643689,
478,1,1,0,0.0,1.0,0.4250899,
480,1,1,1,0.5,0.0,0.59653986,
483,1,1,0,0.25,0.5,0.4508385,
485,1,1,1,0.5,0.0,0.5315205,
488,1,1,1,0.5,0.0,0.5666949,
490,1,1,0,0.25,0.5,0.3216168,
493,1,1,0,0.0,1.0,0.4402175,
494,1,1,1,0.8,0.6000000000000001,0.61093783,
497,1,1,0,0.0,1.0,0.48447812,
505,1,1,1,0.5,0.0,0.5282353,
506,1,1,1,0.75,0.5,0.6003262,
510,1,1,1,0.5,0.0,0.46873063,
513,1,1,0,0.0,1.0,0.46300352,
518,1,1,0,0.25,0.5,0.5827162,
519,1,1,0,0.0,1.0,0.52754736,
524,1,1,0,0.0,1.0,0.59133357,
527,1,1,0,0.25,0.5,0.5718899,
528,1,1,0,0.0,1.0,0.50872576,
533,1,1,0,0.0,1.0,0.4906031,
536,1,1,0,0.3333333333333333,0.3333333333333333,0.41990483,
541,1,1,1,0.5,0.0,0.4053914,
542,1,1,0,0.25,0.5,0.36160398,
544,1,1,1,0.5,0.0,0.53790706,
554,1,1,1,0.5,0.0,0.64626217,
556,1,1,0,0.1666666666666666,0.6666666666666667,0.4023202,
564,1,1,1,0.5,0.0,0.5979631,
576,1,1,1,0.5,0.0,0.5162338,
581,1,1,0,0.3333333333333333,0.3333333333333333,0.5441171,
585,1,1,1,0.5,0.0,0.456051,
591,1,1,1,0.5,0.0,0.44604868,
592,1,1,1,0.6,0.1999999999999999,0.38687742,
598,1,1,0,0.3333333333333333,0.3333333333333333,0.64531064,
620,1,1,1,0.75,0.5,0.43743807,
622,1,1,1,0.75,0.5,0.47670516,
628,1,1,0,0.0,1.0,0.37869477,
637,1,1,1,0.5,0.0,0.35573208,
645,1,1,1,0.75,0.5,0.57954866,
647,1,1,1,0.5,0.0,0.59312165,
658,1,1,0,0.1666666666666666,0.6666666666666667,0.6491415,
659,1,1,1,0.6666666666666666,0.3333333333333332,0.45436564,
668,1,1,0,0.1666666666666666,0.6666666666666667,0.64266264,
670,1,1,1,0.5,0.0,0.4115191,
679,1,1,0,0.4,0.1999999999999999,0.38621616,
686,1,1,0,0.0,1.0,0.4873948,
692,1,1,0,0.0,1.0,0.4230662,
693,1,1,1,0.5,0.0,0.3832697,
695,1,1,0,0.3333333333333333,0.3333333333333333,0.31003842,
699,1,1,0,0.1666666666666666,0.6666666666666667,0.6487186,
704,1,1,0,0.3333333333333333,0.3333333333333333,0.6180713,
706,1,1,1,0.6666666666666666,0.3333333333333332,0.65334034,
712,1,1,0,0.1666666666666666,0.6666666666666667,0.557896,
729,1,1,0,0.4,0.1999999999999999,0.5411471,
1,1,2,0,0.3333333333333333,0.3333333333333333,0.3648191,
3,1,2,0,0.0,1.0,0.51872826,
11,1,2,1,0.6,0.1999999999999999,0.38163507,
18,1,2,1,0.6,0.1999999999999999,0.49712682,
20,1,2,0,0.25,0.5,0.5247352,
28,1,2,0,0.2,0.6,0.65796226,
31,1,2,0,0.1666666666666666,0.6666666666666667,0.39835098,
43,1,2,0,0.2,0.6,0.6987587,
44,1,2,0,0.0,1.0,0.5061615,
60,1,2,0,0.0,1.0,0.564022,
64,1,2,0,0.3333333333333333,0.3333333333333333,0.16752246,
67,1,2,0,0.0,1.0,0.42018113,
75,1,2,0,0.0,1.0,0.43470466,
90,1,2,1,0.5,0.0,0.3772018,
96,1,2,0,0.0,1.0,0.5753229,
98,1,2,0,0.3333333333333333,0.3333333333333333,0.4947663,
99,1,2,0,0.0,1.0,0.26124358,
106,1,2,1,1.0,1.0,0.5386317,
113,1,2,0,0.1111111111111111,0.7777777777777778,0.64888334,
120,1,2,0,0.0,1.0,0.46936178,
121,1,2,0,0.1111111111111111,0.7777777777777778,0.39770803,
123,1,2,0,0.0,1.0,0.39901397,
124,1,2,0,0.0,1.0,0.4286373,
130,1,2,0,0.1111111111111111,0.7777777777777778,0.50263345,
133,1,2,1,0.8888888888888888,0.7777777777777777,0.35725105,
144,1,2,0,0.0,1.0,0.5039595,
151,1,2,0,0.0,1.0,0.4968493,
154,1,2,0,0.25,0.5,0.42071992,
158,1,2,0,0.0,1.0,0.267514,
163,1,2,0,0.25,0.5,0.51480037,
168,1,2,0,0.25,0.5,0.6114063,
170,1,2,0,0.1666666666666666,0.6666666666666667,0.32955715,
171,1,2,0,0.25,0.5,0.44312632,
173,1,2,0,0.25,0.5,0.36088163,
176,1,2,0,0.0,1.0,0.36751536,
181,1,2,1,0.5,0.0,0.38004884,
182,1,2,0,0.0,1.0,0.699674,
191,1,2,0,0.0,1.0,0.47842193,
192,1,2,0,0.0,1.0,0.45789713,
197,1,2,0,0.0,1.0,0.64263475,
199,1,2,0,0.25,0.5,0.49780834,
201,1,2,0,0.25,0.5,0.47390994,
204,1,2,0,0.4,0.1999999999999999,0.4618312,
217,1,2,0,0.0,1.0,0.50793225,
223,1,2,0,0.2,0.6,0.45223862,
233,1,2,0,0.0,1.0,0.27058053,
236,1,2,0,0.0,1.0,0.31212258,
240,1,2,0,0.2,0.6,0.4395569,
245,1,2,0,0.0,1.0,0.35625935,
258,1,2,0,0.0,1.0,0.5277785,
259,1,2,0,0.0,1.0,0.4311031,
260,1,2,0,0.25,0.5,0.35016805,
270,1,2,0,0.0,1.0,0.61675024,
274,1,2,1,0.5,0.0,0.56599313,
276,1,2,0,0.2,0.6,0.4676051,
279,1,2,0,0.2,0.6,0.33950394,
291,1,2,0,0.0,1.0,0.5585518,
294,1,2,0,0.0,1.0,0.5215473,
309,1,2,1,0.8,0.6000000000000001,0.6372086,
313,1,2,0,0.0,1.0,0.46577588,
315,1,2,1,0.8,0.6000000000000001,0.4061625,
321,1,2,1,0.6,0.1999999999999999,0.44627494,
325,1,2,0,0.0,1.0,0.46166924,
326,1,2,0,0.0,1.0,0.3366745,
327,1,2,0,0.0,1.0,0.7022772,
328,1,2,1,0.6,0.1999999999999999,0.30781582,
330,1,2,0,0.4,0.1999999999999999,0.58329356,
334,1,2,0,0.4,0.1999999999999999,0.5097077,
344,1,2,0,0.2,0.6,0.62548125,
349,1,2,0,0.0,1.0,0.29336423,
362,1,2,1,0.75,0.5,0.5656653,
363,1,2,0,0.0,1.0,0.6392395,
366,1,2,0,0.0,1.0,0.56590295,
368,1,2,1,0.5,0.0,0.570752,
391,1,2,0,0.0,1.0,0.3168736,
397,1,2,1,0.75,0.5,0.46903032,
404,1,2,1,0.6,0.1999999999999999,0.68676233,
409,1,2,0,0.4,0.1999999999999999,0.5825491,
411,1,2,0,0.2,0.6,0.56287813,
415,1,2,0,0.0,1.0,0.48973534,
416,1,2,0,0.0,1.0,0.5409615,
429,1,2,0,0.0,1.0,0.56525123,
435,1,2,0,0.4,0.1999999999999999,0.6021657,
436,1,2,0,0.4,0.1999999999999999,0.40934312,
437,1,2,1,0.6,0.1999999999999999,0.5013912,
464,1,2,0,0.0,1.0,0.57822615,
469,1,2,1,0.75,0.5,0.27015352,
472,1,2,0,0.25,0.5,0.31949604,
474,1,2,0,0.0,1.0,0.30984792,
481,1,2,0,0.0,1.0,0.54630756,
484,1,2,0,0.25,0.5,0.41958046,
486,1,2,0,0.25,0.5,0.7981355,
487,1,2,0,0.2,0.6,0.2454873,
498,1,2,0,0.0,1.0,0.4307465,
500,1,2,0,0.25,0.5,0.46386564,
501,1,2,0,0.25,0.5,0.44606614,
502,1,2,1,0.75,0.5,0.42088664,
516,1,2,0,0.0,1.0,0.32833084,
526,1,2,0,0.0,1.0,0.44240794,
534,1,2,1,0.75,0.5,0.4197297,
539,1,2,0,0.25,0.5,0.4552345,
543,1,2,1,0.5,0.0,0.49856335,
545,1,2,0,0.25,0.5,0.32420492,
547,1,2,1,0.5,0.0,0.5184759,
555,1,2,0,0.3333333333333333,0.3333333333333333,0.5705159,
557,1,2,0,0.3333333333333333,0.3333333333333333,0.3918512,
558,1,2,1,0.5,0.0,0.55304956,
567,1,2,0,0.3333333333333333,0.3333333333333333,0.4916324,
571,1,2,1,0.5,0.0,0.2760205,
573,1,2,0,0.3333333333333333,0.3333333333333333,0.5550422,
575,1,2,1,0.5,0.0,0.6093204,
582,1,2,1,0.5,0.0,0.53432083,
587,1,2,1,0.8333333333333334,0.6666666666666667,0.41969615,
595,1,2,1,0.8333333333333334,0.6666666666666667,0.4402742,
597,1,2,0,0.0,1.0,0.33288455,
600,1,2,0,0.1666666666666666,0.6666666666666667,0.42650893,
613,1,2,0,0.0,1.0,0.60427606,
615,1,2,1,0.75,0.5,0.49823016,
621,1,2,1,0.5,0.0,0.48413983,
623,1,2,1,0.5,0.0,0.43664902,
629,1,2,1,0.5,0.0,0.68499494,
638,1,2,0,0.25,0.5,0.40526742,
642,1,2,1,0.75,0.5,0.5607666,
649,1,2,1,0.5,0.0,0.41144818,
651,1,2,0,0.3333333333333333,0.3333333333333333,0.33774292,
653,1,2,1,0.5,0.0,0.2551903,
655,1,2,1,0.6666666666666666,0.3333333333333332,0.41792667,
657,1,2,1,0.5,0.0,0.4125247,
661,1,2,1,0.8333333333333334,0.6666666666666667,0.67276037,
663,1,2,0,0.3333333333333333,0.3333333333333333,0.57703114,
672,1,2,0,0.0,1.0,0.41031268,
678,1,2,0,0.3333333333333333,0.3333333333333333,0.16576342,
680,1,2,0,0.0,1.0,0.3848671,
687,1,2,0,0.3333333333333333,0.3333333333333333,0.3739918,
688,1,2,0,0.1666666666666666,0.6666666666666667,0.32827723,
690,1,2,0,0.0,1.0,0.7175509,
691,1,2,0,0.1666666666666666,0.6666666666666667,0.49085742,
708,1,2,0,0.0,1.0,0.5916202,
711,1,2,1,0.6,0.1999999999999999,0.5936637,
715,1,2,1,0.5,0.0,0.32962388,
717,1,2,1,0.5,0.0,0.5709039,
719,1,2,0,0.1666666666666666,0.6666666666666667,0.5948341,
725,1,2,0,0.0,1.0,0.48380667,
727,1,2,0,0.4,0.1999999999999999,0.68819773,
731,1,2,0,0.0,1.0,0.4724701,
732,1,2,0,0.0,1.0,0.49804243,
739,1,2,0,0.3333333333333333,0.3333333333333333,0.45347035,
2,1,3,0,0.4,0.1999999999999999,0.46484533,
24,1,3,0,0.0,1.0,0.49512184,
39,1,3,0,0.0,1.0,0.39135873,
40,1,3,0,0.2,0.6,0.48209697,
42,1,3,0,0.0,1.0,0.54304886,
45,1,3,0,0.0,1.0,0.33923855,
52,1,3,0,0.25,0.5,0.4481302,
54,1,3,0,0.25,0.5,0.50471437,
57,1,3,1,1.0,1.0,0.5442251,
62,1,3,0,0.25,0.5,0.43172473,
65,1,3,0,0.25,0.5,0.41014874,
68,1,3,0,0.0,1.0,0.4498881,
69,1,3,0,0.0,1.0,0.4301609,
76,1,3,0,0.25,0.5,0.5615336,
77,1,3,0,0.25,0.5,0.48069984,
78,1,3,0,0.0,1.0,0.37284496,
83,1,3,0,0.25,0.5,0.6632298,
84,1,3,0,0.3333333333333333,0.3333333333333333,0.57256436,
92,1,3,0,0.0,1.0,0.5267279,
103,1,3,0,0.1111111111111111,0.7777777777777778,0.5560589,
110,1,3,0,0.0,1.0,0.4685219,
119,1,3,0,0.1111111111111111,0.7777777777777778,0.61516446,
126,1,3,0,0.2222222222222222,0.5555555555555556,0.6033038,
131,1,3,0,0.0,1.0,0.5040968,
132,1,3,0,0.2222222222222222,0.5555555555555556,0.45117402,
136,1,3,0,0.3333333333333333,0.3333333333333333,0.50155616,
137,1,3,1,0.6666666666666666,0.3333333333333332,0.41239738,
152,1,3,0,0.0,1.0,0.29218292,
153,1,3,0,0.0,1.0,0.41392186,
155,1,3,0,0.25,0.5,0.47914755,
157,1,3,0,0.25,0.5,0.4202819,
177,1,3,0,0.0,1.0,0.46641415,
186,1,3,0,0.0,1.0,0.49303716,
202,1,3,1,0.6,0.1999999999999999,0.43743363,
203,1,3,0,0.2,0.6,0.33602852,
206,1,3,1,0.5,0.0,0.33612603,
207,1,3,0,0.2,0.6,0.38954133,
208,1,3,0,0.0,1.0,0.29470974,
211,1,3,1,0.6,0.1999999999999999,0.6348449,
215,1,3,0,0.2,0.6,0.3717976,
219,1,3,0,0.0,1.0,0.39980578,
220,1,3,0,0.4,0.1999999999999999,0.4232518,
221,1,3,1,0.8,0.6000000000000001,0.36902818,
229,1,3,0,0.0,1.0,0.5375518,
238,1,3,0,0.25,0.5,0.21984464,
246,1,3,0,0.4,0.1999999999999999,0.5069907,
252,1,3,0,0.0,1.0,0.4519617,
261,1,3,0,0.25,0.5,0.37420994,
265,1,3,1,0.5,0.0,0.5644847,
266,1,3,0,0.25,0.5,0.4458569,
268,1,3,1,0.5,0.0,0.33697528,
282,1,3,0,0.25,0.5,0.52376366,
286,1,3,0,0.2,0.6,0.47519487,
289,1,3,1,0.5,0.0,0.5200886,
298,1,3,0,0.25,0.5,0.61289334,
300,1,3,0,0.0,1.0,0.49247628,
307,1,3,0,0.4,0.1999999999999999,0.50332534,
308,1,3,0,0.4,0.1999999999999999,0.56097054,
310,1,3,0,0.2,0.6,0.5507122,
316,1,3,0,0.4,0.1999999999999999,0.32006985,
318,1,3,0,0.4,0.1999999999999999,0.4087615,
319,1,3,0,0.2,0.6,0.41565925,
322,1,3,1,0.6,0.1999999999999999,0.65444076,
323,1,3,0,0.0,1.0,0.39380822,
329,1,3,0,0.0,1.0,0.50568587,
331,1,3,0,0.0,1.0,0.36749995,
336,1,3,0,0.4,0.1999999999999999,0.426741,
338,1,3,0,0.4,0.1999999999999999,0.63765436,
354,1,3,0,0.25,0.5,0.47105512,
365,1,3,0,0.25,0.5,0.5119176,
370,1,3,0,0.0,1.0,0.42630178,
374,1,3,1,0.5,0.0,0.48124582,
376,1,3,1,0.5,0.0,0.4363933,
382,1,3,1,0.5,0.0,0.36343902,
383,1,3,0,0.0,1.0,0.36682534,
384,1,3,0,0.25,0.5,0.4067675,
394,1,3,1,0.5,0.0,0.53477335,
395,1,3,1,0.5,0.0,0.58455795,
398,1,3,0,0.25,0.5,0.5282272,
403,1,3,0,0.0,1.0,0.29237622,
417,1,3,0,0.2,0.6,0.60630786,
419,1,3,0,0.4,0.1999999999999999,0.35687852,
426,1,3,1,0.8,0.6000000000000001,0.47126487,
440,1,3,0,0.0,1.0,0.538944,
443,1,3,0,0.0,1.0,0.25177723,
447,1,3,0,0.0,1.0,0.4466445,
451,1,3,0,0.25,0.5,0.34813875,
465,1,3,1,0.5,0.0,0.618701,
466,1,3,1,0.5,0.0,0.54343903,
467,1,3,1,1.0,1.0,0.69045395,
471,1,3,0,0.0,1.0,0.7273716,
495,1,3,0,0.0,1.0,0.57010806,
496,1,3,1,0.75,0.5,0.47502452,
499,1,3,0,0.0,1.0,0.36005253,
503,1,3,0,0.0,1.0,0.42948824,
509,1,3,0,0.25,0.5,0.3115732,
514,1,3,1,0.75,0.5,0.53644884,
520,1,3,1,0.5,0.0,0.39291173,
521,1,3,1,0.75,0.5,0.4724893,
522,1,3,0,0.25,0.5,0.26814246,
523,1,3,0,0.25,0.5,0.477778,
529,1,3,1,0.5,0.0,0.29899323,
530,1,3,1,0.5,0.0,0.36524457,
535,1,3,0,0.25,0.5,0.4983594,
546,1,3,1,0.5,0.0,0.36309963,
552,1,3,1,0.6666666666666666,0.3333333333333332,0.40672177,
568,1,3,1,1.0,1.0,0.44897985,
570,1,3,1,0.6666666666666666,0.3333333333333332,0.5659888,
574,1,3,0,0.3333333333333333,0.3333333333333333,0.38569897,
583,1,3,1,0.5,0.0,0.65038216,
588,1,3,0,0.1666666666666666,0.6666666666666667,0.50787604,
590,1,3,0,0.3333333333333333,0.3333333333333333,0.5696449,
594,1,3,0,0.0,1.0,0.30285716,
603,1,3,1,0.5,0.0,0.39214164,
610,1,3,0,0.25,0.5,0.65473413,
612,1,3,0,0.0,1.0,0.35482818,
617,1,3,1,0.5,0.0,0.5536928,
619,1,3,0,0.25,0.5,0.5821212,
624,1,3,0,0.25,0.5,0.30270022,
627,1,3,1,0.75,0.5,0.5390421,
631,1,3,0,0.0,1.0,0.41441703,
633,1,3,1,0.5,0.0,0.5210587,
634,1,3,0,0.25,0.5,0.35233533,
636,1,3,0,0.0,1.0,0.38591278,
650,1,3,0,0.0,1.0,0.2993664,
652,1,3,0,0.0,1.0,0.3524909,
654,1,3,0,0.1666666666666666,0.6666666666666667,0.3989976,
656,1,3,1,0.6666666666666666,0.3333333333333332,0.4256426,
664,1,3,1,0.6666666666666666,0.3333333333333332,0.5790906,
665,1,3,0,0.1666666666666666,0.6666666666666667,0.4927669,
667,1,3,0,0.3333333333333333,0.3333333333333333,0.52967376,
669,1,3,0,0.3333333333333333,0.3333333333333333,0.50573564,
673,1,3,0,0.3333333333333333,0.3333333333333333,0.45878825,
677,1,3,1,0.6666666666666666,0.3333333333333332,0.44486564,
681,1,3,0,0.1666666666666666,0.6666666666666667,0.5078448,
683,1,3,1,0.8333333333333334,0.6666666666666667,0.5001294,
689,1,3,0,0.0,1.0,0.35591376,
702,1,3,0,0.1666666666666666,0.6666666666666667,0.45541614,
713,1,3,1,0.6,0.1999999999999999,0.58293355,
714,1,3,0,0.3333333333333333,0.3333333333333333,0.45913494,
720,1,3,0,0.0,1.0,0.4967445,
721,1,3,0,0.3333333333333333,0.3333333333333333,0.71067476,
722,1,3,0,0.2,0.6,0.45614976,
723,1,3,0,0.1666666666666666,0.6666666666666667,0.5746074,
726,1,3,0,0.0,1.0,0.61498916,
738,1,3,0,0.3333333333333333,0.3333333333333333,0.5428256,
742,1,3,1,0.5,0.0,0.5379294,
4,1,4,1,0.6,0.1999999999999999,0.7109914,
7,1,4,1,0.6,0.1999999999999999,0.7070296,
15,1,4,0,0.4,0.1999999999999999,0.50682664,
27,1,4,0,0.2,0.6,0.45965454,
35,1,4,1,0.5,0.0,0.5293736,
38,1,4,0,0.0,1.0,0.68757224,
47,1,4,0,0.25,0.5,0.42907166,
48,1,4,1,0.6,0.1999999999999999,0.35731113,
53,1,4,0,0.1666666666666666,0.6666666666666667,0.44875032,
55,1,4,0,0.0,1.0,0.4834479,
58,1,4,0,0.25,0.5,0.5044124,
59,1,4,0,0.25,0.5,0.45953652,
61,1,4,0,0.2,0.6,0.5500951,
73,1,4,0,0.0,1.0,0.38239428,
74,1,4,0,0.0,1.0,0.53125846,
80,1,4,0,0.0,1.0,0.4728098,
87,1,4,0,0.0,1.0,0.58360374,
97,1,4,0,0.25,0.5,0.43765196,
100,1,4,0,0.25,0.5,0.6581956,
104,1,4,0,0.1111111111111111,0.7777777777777778,0.5316216,
105,1,4,0,0.0,1.0,0.53212976,
107,1,4,0,0.1111111111111111,0.7777777777777778,0.48600912,
111,1,4,0,0.1111111111111111,0.7777777777777778,0.63707715,
112,1,4,0,0.125,0.75,0.49334067,
116,1,4,0,0.0,1.0,0.45815402,
125,1,4,0,0.125,0.75,0.41287535,
134,1,4,0,0.1111111111111111,0.7777777777777778,0.43256631,
135,1,4,0,0.1666666666666666,0.6666666666666667,0.3951993,
143,1,4,1,0.5555555555555556,0.1111111111111111,0.5880579,
146,1,4,1,0.8888888888888888,0.7777777777777777,0.39645922,
147,1,4,0,0.0,1.0,0.49479893,
148,1,4,0,0.1111111111111111,0.7777777777777778,0.2558993,
162,1,4,0,0.2,0.6,0.41150898,
164,1,4,0,0.0,1.0,0.35120213,
165,1,4,0,0.0,1.0,0.5811604,
167,1,4,0,0.0,1.0,0.5546083,
169,1,4,0,0.0,1.0,0.46107966,
172,1,4,0,0.0,1.0,0.4142892,
174,1,4,1,0.5,0.0,0.51128757,
178,1,4,0,0.0,1.0,0.5622935,
183,1,4,0,0.0,1.0,0.39326108,
185,1,4,0,0.25,0.5,0.37055105,
189,1,4,1,0.5,0.0,0.45363635,
190,1,4,0,0.25,0.5,0.3779536,
214,1,4,0,0.2,0.6,0.5378338,
224,1,4,0,0.4,0.1999999999999999,0.40582785,
228,1,4,0,0.2,0.6,0.49155593,
242,1,4,1,0.6,0.1999999999999999,0.3929965,
244,1,4,1,0.6,0.1999999999999999,0.4873911,
253,1,4,0,0.0,1.0,0.4666565,
254,1,4,0,0.25,0.5,0.4998028,
255,1,4,0,0.25,0.5,0.3812874,
269,1,4,1,0.5,0.0,0.3611205,
281,1,4,0,0.0,1.0,0.5222365,
283,1,4,0,0.25,0.5,0.59926015,
290,1,4,0,0.0,1.0,0.52519304,
295,1,4,0,0.0,1.0,0.35243014,
296,1,4,0,0.0,1.0,0.5060656,
302,1,4,0,0.0,1.0,0.4440449,
303,1,4,0,0.0,1.0,0.48262578,
306,1,4,0,0.0,1.0,0.46437293,
311,1,4,0,0.4,0.1999999999999999,0.3978657,
337,1,4,0,0.0,1.0,0.4085886,
340,1,4,1,0.6,0.1999999999999999,0.34289968,
345,1,4,0,0.0,1.0,0.2718221,
348,1,4,0,0.4,0.1999999999999999,0.8235159,
359,1,4,0,0.25,0.5,0.68193716,
361,1,4,0,0.0,1.0,0.3313827,
364,1,4,1,0.5,0.0,0.51651615,
367,1,4,0,0.25,0.5,0.65866005,
371,1,4,0,0.25,0.5,0.54379964,
372,1,4,0,0.25,0.5,0.3851995,
377,1,4,0,0.25,0.5,0.38252324,
379,1,4,1,0.75,0.5,0.45540223,
381,1,4,1,0.75,0.5,0.46677262,
392,1,4,1,0.5,0.0,0.66694665,
400,1,4,1,0.5,0.0,0.58659995,
410,1,4,1,0.6,0.1999999999999999,0.5421183,
413,1,4,0,0.0,1.0,0.38095284,
418,1,4,0,0.0,1.0,0.4405306,
421,1,4,0,0.2,0.6,0.33206034,
422,1,4,1,0.6,0.1999999999999999,0.42869365,
424,1,4,1,0.6,0.1999999999999999,0.38012308,
427,1,4,1,0.6,0.1999999999999999,0.4341029,
430,1,4,1,0.6,0.1999999999999999,0.42055234,
432,1,4,0,0.2,0.6,0.46618998,
434,1,4,0,0.0,1.0,0.4122004,
438,1,4,0,0.1666666666666666,0.6666666666666667,0.60365105,
441,1,4,0,0.2,0.6,0.47260004,
442,1,4,1,0.8,0.6000000000000001,0.3484475,
446,1,4,0,0.2,0.6,0.57368684,
448,1,4,0,0.0,1.0,0.36773062,
452,1,4,0,0.25,0.5,0.45271,
453,1,4,0,0.25,0.5,0.4638248,
456,1,4,1,0.5,0.0,0.47180986,
458,1,4,0,0.0,1.0,0.48300743,
459,1,4,0,0.25,0.5,0.30338687,
461,1,4,1,0.5,0.0,0.53345263,
463,1,4,0,0.25,0.5,0.57746243,
473,1,4,0,0.25,0.5,0.4574775,
491,1,4,1,0.5,0.0,0.5977988,
492,1,4,0,0.3333333333333333,0.3333333333333333,0.39587173,
504,1,4,1,0.75,0.5,0.48607534,
508,1,4,1,0.75,0.5,0.3880768,
512,1,4,1,1.0,1.0,0.62857604,
517,1,4,0,0.25,0.5,0.46046293,
532,1,4,0,0.0,1.0,0.35590857,
548,1,4,1,0.5,0.0,0.35184634,
550,1,4,0,0.0,1.0,0.46533424,
561,1,4,1,0.5,0.0,0.39857882,
562,1,4,0,0.3333333333333333,0.3333333333333333,0.57992536,
565,1,4,0,0.3333333333333333,0.3333333333333333,0.56418765,
566,1,4,0,0.1666666666666666,0.6666666666666667,0.41857782,
569,1,4,0,0.1666666666666666,0.6666666666666667,0.5325684,
572,1,4,1,0.8333333333333334,0.6666666666666667,0.32413962,
578,1,4,1,0.5,0.0,0.39406052,
586,1,4,1,0.6666666666666666,0.3333333333333332,0.401521,
596,1,4,1,0.5,0.0,0.5647747,
599,1,4,0,0.0,1.0,0.4440384,
601,1,4,0,0.0,1.0,0.37488234,
605,1,4,1,0.5,0.0,0.55168474,
606,1,4,0,0.25,0.5,0.3734899,
608,1,4,0,0.0,1.0,0.7233745,
609,1,4,0,0.25,0.5,0.5571883,
614,1,4,1,0.75,0.5,0.5730152,
625,1,4,0,0.0,1.0,0.3649494,
640,1,4,1,0.75,0.5,0.6310305,
643,1,4,1,0.5,0.0,0.56324685,
644,1,4,0,0.25,0.5,0.5247116,
662,1,4,0,0.0,1.0,0.400778,
671,1,4,0,0.3333333333333333,0.3333333333333333,0.60114205,
675,1,4,0,0.3333333333333333,0.3333333333333333,0.41091725,
676,1,4,0,0.1666666666666666,0.6666666666666667,0.3957637,
682,1,4,0,0.1666666666666666,0.6666666666666667,0.49336898,
685,1,4,0,0.0,1.0,0.3047045,
694,1,4,0,0.3333333333333333,0.3333333333333333,0.4045586,
700,1,4,1,0.5,0.0,0.46065372,
701,1,4,0,0.1666666666666666,0.6666666666666667,0.49652666,
705,1,4,1,0.5,0.0,0.47176838,
709,1,4,0,0.3333333333333333,0.3333333333333333,0.5138886,
724,1,4,0,0.2,0.6,0.5095831,
730,1,4,0,0.3333333333333333,0.3333333333333333,0.26376504,
733,1,4,0,0.1666666666666666,0.6666666666666667,0.37056333,
736,1,4,0,0.0,1.0,0.55333537,
737,1,4,0,0.1666666666666666,0.6666666666666667,0.45695192,
740,1,4,0,0.1666666666666666,0.6666666666666667,0.43428814,
741,1,4,0,0.2,0.6,0.57704437,
1,2,0,0,0.3333333333333333,0.3333333333333333,0.3891204,
4,2,0,1,0.6,0.1999999999999999,0.638386,
6,2,0,0,0.2,0.6,0.457361,
10,2,0,0,0.0,1.0,0.26828596,
12,2,0,0,0.4,0.1999999999999999,0.50583863,
18,2,0,1,0.6,0.1999999999999999,0.48013014,
25,2,0,0,0.2,0.6,0.52800643,
33,2,0,0,0.4,0.1999999999999999,0.34607017,
38,2,0,0,0.0,1.0,0.7002298,
44,2,0,0,0.0,1.0,0.55442476,
48,2,0,1,0.6,0.1999999999999999,0.3792476,
57,2,0,1,1.0,1.0,0.513221,
60,2,0,0,0.0,1.0,0.58898,
62,2,0,0,0.25,0.5,0.4531079,
70,2,0,0,0.0,1.0,0.41099316,
73,2,0,0,0.0,1.0,0.33604056,
74,2,0,0,0.0,1.0,0.6067704,
80,2,0,0,0.0,1.0,0.48775423,
81,2,0,0,0.0,1.0,0.40558875,
84,2,0,0,0.3333333333333333,0.3333333333333333,0.52978325,
91,2,0,0,0.25,0.5,0.36738014,
98,2,0,0,0.3333333333333333,0.3333333333333333,0.50663817,
104,2,0,0,0.1111111111111111,0.7777777777777778,0.52013123,
108,2,0,0,0.25,0.5,0.6102879,
114,2,0,0,0.1111111111111111,0.7777777777777778,0.63664234,
118,2,0,0,0.0,1.0,0.6455697,
133,2,0,1,0.8888888888888888,0.7777777777777777,0.39087605,
134,2,0,0,0.1111111111111111,0.7777777777777778,0.46698016,
136,2,0,0,0.3333333333333333,0.3333333333333333,0.53643185,
139,2,0,0,0.0,1.0,0.54010344,
141,2,0,0,0.0,1.0,0.59295285,
144,2,0,0,0.0,1.0,0.5389968,
152,2,0,0,0.0,1.0,0.33434552,
162,2,0,0,0.2,0.6,0.41897425,
165,2,0,0,0.0,1.0,0.5964886,
171,2,0,0,0.25,0.5,0.52878094,
173,2,0,0,0.25,0.5,0.46929157,
182,2,0,0,0.0,1.0,0.5843856,
185,2,0,0,0.25,0.5,0.45248187,
188,2,0,0,0.0,1.0,0.40213752,
191,2,0,0,0.0,1.0,0.487095,
203,2,0,0,0.2,0.6,0.36758983,
222,2,0,0,0.2,0.6,0.417436,
244,2,0,1,0.6,0.1999999999999999,0.5305682,
248,2,0,0,0.4,0.1999999999999999,0.4740356,
250,2,0,0,0.4,0.1999999999999999,0.5435687,
253,2,0,0,0.0,1.0,0.5509701,
255,2,0,0,0.25,0.5,0.30058497,
257,2,0,0,0.25,0.5,0.41077182,
261,2,0,0,0.25,0.5,0.46765506,
263,2,0,0,0.2,0.6,0.4045001,
265,2,0,1,0.5,0.0,0.6433549,
272,2,0,1,0.5,0.0,0.5275117,
273,2,0,1,0.5,0.0,0.41337347,
276,2,0,0,0.2,0.6,0.51606506,
288,2,0,1,0.75,0.5,0.44548154,
322,2,0,1,0.6,0.1999999999999999,0.6245978,
324,2,0,0,0.2,0.6,0.59866965,
326,2,0,0,0.0,1.0,0.31453013,
327,2,0,0,0.0,1.0,0.62359726,
328,2,0,1,0.6,0.1999999999999999,0.29048043,
331,2,0,0,0.0,1.0,0.44619888,
339,2,0,0,0.0,1.0,0.61635256,
343,2,0,1,0.8,0.6000000000000001,0.5543314,
345,2,0,0,0.0,1.0,0.27149415,
346,2,0,1,0.6,0.1999999999999999,0.58237416,
352,2,0,0,0.25,0.5,0.49541008,
353,2,0,0,0.0,1.0,0.57845014,
357,2,0,1,0.5,0.0,0.48935443,
363,2,0,0,0.0,1.0,0.56865835,
367,2,0,0,0.25,0.5,0.6145458,
371,2,0,0,0.25,0.5,0.5678663,
373,2,0,0,0.0,1.0,0.568661,
375,2,0,1,0.5,0.0,0.4938125,
387,2,0,0,0.0,1.0,0.38590634,
392,2,0,1,0.5,0.0,0.6274383,
393,2,0,0,0.25,0.5,0.49317467,
394,2,0,1,0.5,0.0,0.5203101,
395,2,0,1,0.5,0.0,0.56872237,
398,2,0,0,0.25,0.5,0.5488157,
402,2,0,1,0.6,0.1999999999999999,0.29072917,
412,2,0,1,1.0,1.0,0.5221474,
414,2,0,1,0.6,0.1999999999999999,0.46757942,
416,2,0,0,0.0,1.0,0.4980691,
421,2,0,0,0.2,0.6,0.34045354,
428,2,0,1,0.6,0.1999999999999999,0.29275125,
432,2,0,0,0.2,0.6,0.47767812,
435,2,0,0,0.4,0.1999999999999999,0.5976901,
438,2,0,0,0.1666666666666666,0.6666666666666667,0.6013099,
442,2,0,1,0.8,0.6000000000000001,0.43901938,
444,2,0,0,0.2,0.6,0.5329093,
460,2,0,0,0.0,1.0,0.41922158,
465,2,0,1,0.5,0.0,0.6368739,
470,2,0,0,0.0,1.0,0.49585477,
471,2,0,0,0.0,1.0,0.6945214,
474,2,0,0,0.0,1.0,0.27475542,
475,2,0,0,0.25,0.5,0.44456708,
476,2,0,0,0.0,1.0,0.5723945,
485,2,0,1,0.5,0.0,0.53686845,
489,2,0,0,0.0,1.0,0.5039598,
493,2,0,0,0.0,1.0,0.41222364,
498,2,0,0,0.0,1.0,0.36591417,
505,2,0,1,0.5,0.0,0.503983,
506,2,0,1,0.75,0.5,0.59272337,
515,2,0,0,0.25,0.5,0.34419587,
517,2,0,0,0.25,0.5,0.48636115,
525,2,0,0,0.2,0.6,0.2780419,
526,2,0,0,0.0,1.0,0.39994544,
531,2,0,1,0.75,0.5,0.6032396,
533,2,0,0,0.0,1.0,0.3814507,
534,2,0,1,0.75,0.5,0.45331877,
535,2,0,0,0.25,0.5,0.58900845,
545,2,0,0,0.25,0.5,0.38217175,
547,2,0,1,0.5,0.0,0.42179167,
548,2,0,1,0.5,0.0,0.3356314,
549,2,0,0,0.0,1.0,0.4217695,
552,2,0,1,0.6666666666666666,0.3333333333333332,0.48066717,
563,2,0,0,0.0,1.0,0.54442215,
571,2,0,1,0.5,0.0,0.36770165,
573,2,0,0,0.3333333333333333,0.3333333333333333,0.5522268,
577,2,0,0,0.1666666666666666,0.6666666666666667,0.46944416,
581,2,0,0,0.3333333333333333,0.3333333333333333,0.45074284,
583,2,0,1,0.5,0.0,0.63887244,
584,2,0,1,0.6666666666666666,0.3333333333333332,0.5540688,
588,2,0,0,0.1666666666666666,0.6666666666666667,0.53207195,
594,2,0,0,0.0,1.0,0.35452095,
601,2,0,0,0.0,1.0,0.41393322,
606,2,0,0,0.25,0.5,0.27793962,
615,2,0,1,0.75,0.5,0.5183661,
620,2,0,1,0.75,0.5,0.4908603,
652,2,0,0,0.0,1.0,0.3756699,
655,2,0,1,0.6666666666666666,0.3333333333333332,0.41643608,
656,2,0,1,0.6666666666666666,0.3333333333333332,0.49693447,
660,2,0,0,0.1666666666666666,0.6666666666666667,0.37583178,
661,2,0,1,0.8333333333333334,0.6666666666666667,0.7493261,
662,2,0,0,0.0,1.0,0.33801532,
674,2,0,0,0.3333333333333333,0.3333333333333333,0.43544877,
680,2,0,0,0.0,1.0,0.3709295,
684,2,0,0,0.0,1.0,0.40394148,
689,2,0,0,0.0,1.0,0.3647281,
699,2,0,0,0.1666666666666666,0.6666666666666667,0.6131866,
701,2,0,0,0.1666666666666666,0.6666666666666667,0.53217125,
721,2,0,0,0.3333333333333333,0.3333333333333333,0.6990013,
723,2,0,0,0.1666666666666666,0.6666666666666667,0.5317451,
737,2,0,0,0.1666666666666666,0.6666666666666667,0.41192997,
739,2,0,0,0.3333333333333333,0.3333333333333333,0.51574844,
742,2,0,1,0.5,0.0,0.5814146,
13,2,1,0,0.2,0.6,0.49571472,
14,2,1,0,0.2,0.6,0.6053231,
16,2,1,1,0.6,0.1999999999999999,0.35926604,
20,2,1,0,0.25,0.5,0.47473973,
29,2,1,0,0.2,0.6,0.5711396,
34,2,1,0,0.1666666666666666,0.6666666666666667,0.5245364,
35,2,1,1,0.5,0.0,0.5180645,
46,2,1,0,0.4,0.1999999999999999,0.60138786,
67,2,1,0,0.0,1.0,0.4362038,
82,2,1,0,0.25,0.5,0.5052283,
83,2,1,0,0.25,0.5,0.6289048,
85,2,1,0,0.25,0.5,0.5774445,
88,2,1,1,0.5,0.0,0.37456095,
93,2,1,0,0.0,1.0,0.39274997,
103,2,1,0,0.1111111111111111,0.7777777777777778,0.5134586,
116,2,1,0,0.0,1.0,0.38304973,
122,2,1,0,0.0,1.0,0.4342944,
123,2,1,0,0.0,1.0,0.3831691,
124,2,1,0,0.0,1.0,0.51010513,
127,2,1,1,0.6666666666666666,0.3333333333333332,0.38113996,
128,2,1,0,0.1111111111111111,0.7777777777777778,0.35891455,
131,2,1,0,0.0,1.0,0.48629487,
132,2,1,0,0.2222222222222222,0.5555555555555556,0.43451524,
143,2,1,1,0.5555555555555556,0.1111111111111111,0.60445136,
149,2,1,0,0.3333333333333333,0.3333333333333333,0.3805279,
153,2,1,0,0.0,1.0,0.38044232,
157,2,1,0,0.25,0.5,0.4509099,
159,2,1,0,0.0,1.0,0.3894401,
176,2,1,0,0.0,1.0,0.34148377,
181,2,1,1,0.5,0.0,0.35413468,
184,2,1,0,0.0,1.0,0.38306773,
190,2,1,0,0.25,0.5,0.3204186,
196,2,1,1,0.5,0.0,0.504488,
198,2,1,0,0.0,1.0,0.5088047,
199,2,1,0,0.25,0.5,0.40803975,
207,2,1,0,0.2,0.6,0.34832692,
208,2,1,0,0.0,1.0,0.2677022,
212,2,1,0,0.2,0.6,0.45991558,
216,2,1,0,0.0,1.0,0.62209845,
224,2,1,0,0.4,0.1999999999999999,0.41903472,
227,2,1,1,1.0,1.0,0.58242375,
229,2,1,0,0.0,1.0,0.5826132,
235,2,1,0,0.0,1.0,0.47077334,
240,2,1,0,0.2,0.6,0.4744305,
245,2,1,0,0.0,1.0,0.31748816,
247,2,1,0,0.2,0.6,0.62165475,
258,2,1,0,0.0,1.0,0.5189984,
262,2,1,1,0.5,0.0,0.59779835,
277,2,1,1,0.5,0.0,0.6140312,
278,2,1,0,0.25,0.5,0.42443085,
279,2,1,0,0.2,0.6,0.3441274,
285,2,1,0,0.4,0.1999999999999999,0.38565677,
287,2,1,0,0.25,0.5,0.5338214,
291,2,1,0,0.0,1.0,0.5569699,
292,2,1,0,0.25,0.5,0.7115197,
293,2,1,1,0.5,0.0,0.43514884,
295,2,1,0,0.0,1.0,0.36343205,
300,2,1,0,0.0,1.0,0.5611756,
304,2,1,1,0.8,0.6000000000000001,0.52573955,
307,2,1,0,0.4,0.1999999999999999,0.5205517,
309,2,1,1,0.8,0.6000000000000001,0.62769437,
318,2,1,0,0.4,0.1999999999999999,0.5130341,
347,2,1,0,0.4,0.1999999999999999,0.7050174,
349,2,1,0,0.0,1.0,0.36214262,
351,2,1,0,0.0,1.0,0.5445142,
358,2,1,0,0.25,0.5,0.5414377,
359,2,1,0,0.25,0.5,0.675099,
360,2,1,0,0.25,0.5,0.48470354,
372,2,1,0,0.25,0.5,0.5219315,
374,2,1,1,0.5,0.0,0.5114292,
381,2,1,1,0.75,0.5,0.45867634,
382,2,1,1,0.5,0.0,0.41936058,
383,2,1,0,0.0,1.0,0.3724931,
384,2,1,0,0.25,0.5,0.48221672,
389,2,1,0,0.25,0.5,0.44098935,
399,2,1,0,0.25,0.5,0.32261318,
401,2,1,0,0.2,0.6,0.41266787,
405,2,1,0,0.0,1.0,0.46046132,
420,2,1,0,0.0,1.0,0.39870214,
427,2,1,1,0.6,0.1999999999999999,0.48611018,
430,2,1,1,0.6,0.1999999999999999,0.4039188,
431,2,1,0,0.4,0.1999999999999999,0.26353502,
433,2,1,0,0.0,1.0,0.3974026,
447,2,1,0,0.0,1.0,0.42866093,
456,2,1,1,0.5,0.0,0.55886304,
458,2,1,0,0.0,1.0,0.5392291,
461,2,1,1,0.5,0.0,0.6109234,
464,2,1,0,0.0,1.0,0.5297904,
477,2,1,0,0.0,1.0,0.47523046,
488,2,1,1,0.5,0.0,0.50849545,
492,2,1,0,0.3333333333333333,0.3333333333333333,0.45191497,
503,2,1,0,0.0,1.0,0.47703505,
508,2,1,1,0.75,0.5,0.33714014,
509,2,1,0,0.25,0.5,0.33762997,
510,2,1,1,0.5,0.0,0.46469635,
520,2,1,1,0.5,0.0,0.35572484,
521,2,1,1,0.75,0.5,0.4356675,
524,2,1,0,0.0,1.0,0.61950696,
528,2,1,0,0.0,1.0,0.5372391,
538,2,1,0,0.0,1.0,0.5417349,
539,2,1,0,0.25,0.5,0.4809462,
541,2,1,1,0.5,0.0,0.3882894,
542,2,1,0,0.25,0.5,0.35410228,
543,2,1,1,0.5,0.0,0.52534616,
550,2,1,0,0.0,1.0,0.48268104,
568,2,1,1,1.0,1.0,0.48783553,
569,2,1,0,0.1666666666666666,0.6666666666666667,0.5649164,
575,2,1,1,0.5,0.0,0.7322533,
579,2,1,0,0.3333333333333333,0.3333333333333333,0.49498975,
580,2,1,0,0.3333333333333333,0.3333333333333333,0.29687318,
582,2,1,1,0.5,0.0,0.50542855,
586,2,1,1,0.6666666666666666,0.3333333333333332,0.43182987,
590,2,1,0,0.3333333333333333,0.3333333333333333,0.6276454,
592,2,1,1,0.6,0.1999999999999999,0.45895618,
593,2,1,1,0.5,0.0,0.4673041,
595,2,1,1,0.8333333333333334,0.6666666666666667,0.41931802,
600,2,1,0,0.1666666666666666,0.6666666666666667,0.47062212,
602,2,1,0,0.25,0.5,0.47402525,
603,2,1,1,0.5,0.0,0.41444188,
604,2,1,1,0.75,0.5,0.65902066,
605,2,1,1,0.5,0.0,0.54432094,
610,2,1,0,0.25,0.5,0.60573244,
612,2,1,0,0.0,1.0,0.32120934,
617,2,1,1,0.5,0.0,0.47941074,
619,2,1,0,0.25,0.5,0.6391443,
625,2,1,0,0.0,1.0,0.37333274,
638,2,1,0,0.25,0.5,0.46994725,
659,2,1,1,0.6666666666666666,0.3333333333333332,0.42619604,
663,2,1,0,0.3333333333333333,0.3333333333333333,0.46348497,
665,2,1,0,0.1666666666666666,0.6666666666666667,0.46308193,
672,2,1,0,0.0,1.0,0.44173214,
677,2,1,1,0.6666666666666666,0.3333333333333332,0.33437198,
678,2,1,0,0.3333333333333333,0.3333333333333333,0.22613531,
679,2,1,0,0.4,0.1999999999999999,0.37656057,
688,2,1,0,0.1666666666666666,0.6666666666666667,0.35168046,
690,2,1,0,0.0,1.0,0.7106638,
696,2,1,0,0.1666666666666666,0.6666666666666667,0.5213864,
697,2,1,1,0.5,0.0,0.49316618,
706,2,1,1,0.6666666666666666,0.3333333333333332,0.62885654,
708,2,1,0,0.0,1.0,0.6203376,
712,2,1,0,0.1666666666666666,0.6666666666666667,0.5313976,
724,2,1,0,0.2,0.6,0.52367115,
726,2,1,0,0.0,1.0,0.5921402,
728,2,1,0,0.2,0.6,0.36895153,
733,2,1,0,0.1666666666666666,0.6666666666666667,0.40699056,
735,2,1,0,0.0,1.0,0.3531431,
736,2,1,0,0.0,1.0,0.61458147,
11,2,2,1,0.6,0.1999999999999999,0.44402993,
15,2,2,0,0.4,0.1999999999999999,0.568718,
21,2,2,0,0.2,0.6,0.5018908,
24,2,2,0,0.0,1.0,0.589226,
27,2,2,0,0.2,0.6,0.5525782,
28,2,2,0,0.2,0.6,0.5641539,
30,2,2,0,0.2,0.6,0.49907893,
31,2,2,0,0.1666666666666666,0.6666666666666667,0.46916515,
37,2,2,0,0.2,0.6,0.36681002,
47,2,2,0,0.25,0.5,0.45760876,
58,2,2,0,0.25,0.5,0.49638742,
59,2,2,0,0.25,0.5,0.39206493,
61,2,2,0,0.2,0.6,0.40313256,
64,2,2,0,0.3333333333333333,0.3333333333333333,0.222729,
71,2,2,0,0.0,1.0,0.52541333,
76,2,2,0,0.25,0.5,0.5046444,
87,2,2,0,0.0,1.0,0.63842523,
94,2,2,0,0.25,0.5,0.48914248,
95,2,2,0,0.25,0.5,0.4258955,
97,2,2,0,0.25,0.5,0.40431827,
101,2,2,0,0.3333333333333333,0.3333333333333333,0.39752513,
105,2,2,0,0.0,1.0,0.4705006,
111,2,2,0,0.1111111111111111,0.7777777777777778,0.5734244,
113,2,2,0,0.1111111111111111,0.7777777777777778,0.59976023,
120,2,2,0,0.0,1.0,0.43585253,
129,2,2,0,0.2,0.6,0.60898983,
142,2,2,0,0.0,1.0,0.5856217,
148,2,2,0,0.1111111111111111,0.7777777777777778,0.33005863,
150,2,2,0,0.0,1.0,0.4923805,
151,2,2,0,0.0,1.0,0.4866761,
156,2,2,0,0.25,0.5,0.5548352,
158,2,2,0,0.0,1.0,0.24924074,
163,2,2,0,0.25,0.5,0.5615214,
167,2,2,0,0.0,1.0,0.47999173,
168,2,2,0,0.25,0.5,0.542843,
177,2,2,0,0.0,1.0,0.3674328,
179,2,2,0,0.25,0.5,0.5310794,
187,2,2,0,0.0,1.0,0.5023415,
189,2,2,1,0.5,0.0,0.48246285,
201,2,2,0,0.25,0.5,0.3037395,
205,2,2,0,0.2,0.6,0.37549013,
206,2,2,1,0.5,0.0,0.28426895,
213,2,2,0,0.4,0.1999999999999999,0.4171796,
214,2,2,0,0.2,0.6,0.5698755,
220,2,2,0,0.4,0.1999999999999999,0.39859173,
223,2,2,0,0.2,0.6,0.44552597,
237,2,2,0,0.4,0.1999999999999999,0.38452885,
238,2,2,0,0.25,0.5,0.19935688,
241,2,2,1,0.6,0.1999999999999999,0.44962645,
249,2,2,1,0.6,0.1999999999999999,0.49572313,
252,2,2,0,0.0,1.0,0.54091203,
259,2,2,0,0.0,1.0,0.3883863,
264,2,2,0,0.25,0.5,0.4024526,
268,2,2,1,0.5,0.0,0.40896046,
269,2,2,1,0.5,0.0,0.43105933,
270,2,2,0,0.0,1.0,0.6959969,
271,2,2,0,0.0,1.0,0.5127507,
275,2,2,1,0.5,0.0,0.56718767,
280,2,2,0,0.25,0.5,0.54770887,
281,2,2,0,0.0,1.0,0.57446516,
283,2,2,0,0.25,0.5,0.51805,
284,2,2,1,0.5,0.0,0.43051338,
286,2,2,0,0.2,0.6,0.5271238,
290,2,2,0,0.0,1.0,0.5219441,
296,2,2,0,0.0,1.0,0.40040994,
298,2,2,0,0.25,0.5,0.57215846,
303,2,2,0,0.0,1.0,0.4980216,
306,2,2,0,0.0,1.0,0.6150315,
310,2,2,0,0.2,0.6,0.5853729,
312,2,2,0,0.0,1.0,0.36257532,
316,2,2,0,0.4,0.1999999999999999,0.39950728,
333,2,2,0,0.0,1.0,0.37316075,
335,2,2,1,0.5,0.0,0.3016311,
338,2,2,0,0.4,0.1999999999999999,0.6744021,
342,2,2,0,0.2,0.6,0.36401832,
354,2,2,0,0.25,0.5,0.5030107,
355,2,2,0,0.25,0.5,0.3450821,
361,2,2,0,0.0,1.0,0.37808716,
364,2,2,1,0.5,0.0,0.44823784,
376,2,2,1,0.5,0.0,0.38927892,
378,2,2,1,0.5,0.0,0.29696387,
379,2,2,1,0.75,0.5,0.45284766,
388,2,2,1,0.5,0.0,0.35176522,
390,2,2,1,0.75,0.5,0.49584985,
406,2,2,1,0.6,0.1999999999999999,0.3324831,
409,2,2,0,0.4,0.1999999999999999,0.51550937,
411,2,2,0,0.2,0.6,0.4894929,
413,2,2,0,0.0,1.0,0.46082956,
418,2,2,0,0.0,1.0,0.5475067,
422,2,2,1,0.6,0.1999999999999999,0.42781052,
424,2,2,1,0.6,0.1999999999999999,0.36022365,
429,2,2,0,0.0,1.0,0.6271157,
434,2,2,0,0.0,1.0,0.37893015,
441,2,2,0,0.2,0.6,0.6117341,
445,2,2,0,0.0,1.0,0.39106342,
446,2,2,0,0.2,0.6,0.543156,
448,2,2,0,0.0,1.0,0.27475387,
452,2,2,0,0.25,0.5,0.5739156,
462,2,2,1,0.5,0.0,0.6346384,
463,2,2,0,0.25,0.5,0.4439168,
467,2,2,1,1.0,1.0,0.71615744,
480,2,2,1,0.5,0.0,0.52673936,
496,2,2,1,0.75,0.5,0.41276956,
499,2,2,0,0.0,1.0,0.35273066,
512,2,2,1,1.0,1.0,0.6160163,
514,2,2,1,0.75,0.5,0.5293975,
516,2,2,0,0.0,1.0,0.34257558,
518,2,2,0,0.25,0.5,0.58347785,
519,2,2,0,0.0,1.0,0.5319172,
530,2,2,1,0.5,0.0,0.37058654,
546,2,2,1,0.5,0.0,0.4091959,
553,2,2,0,0.0,1.0,0.56344885,
554,2,2,1,0.5,0.0,0.5586202,
555,2,2,0,0.3333333333333333,0.3333333333333333,0.5711026,
559,2,2,1,0.6666666666666666,0.3333333333333332,0.36017245,
566,2,2,0,0.1666666666666666,0.6666666666666667,0.42871213,
607,2,2,0,0.0,1.0,0.38288832,
609,2,2,0,0.25,0.5,0.43553513,
613,2,2,0,0.0,1.0,0.541937,
618,2,2,0,0.0,1.0,0.5328134,
622,2,2,1,0.75,0.5,0.45590854,
623,2,2,1,0.5,0.0,0.4035719,
627,2,2,1,0.75,0.5,0.5477462,
628,2,2,0,0.0,1.0,0.3610977,
630,2,2,1,0.5,0.0,0.5356892,
636,2,2,0,0.0,1.0,0.44903404,
642,2,2,1,0.75,0.5,0.60716796,
643,2,2,1,0.5,0.0,0.49743542,
646,2,2,0,0.0,1.0,0.27019644,
647,2,2,1,0.5,0.0,0.55932474,
650,2,2,0,0.0,1.0,0.3079766,
657,2,2,1,0.5,0.0,0.33276975,
658,2,2,0,0.1666666666666666,0.6666666666666667,0.58843046,
667,2,2,0,0.3333333333333333,0.3333333333333333,0.5013065,
668,2,2,0,0.1666666666666666,0.6666666666666667,0.64450043,
671,2,2,0,0.3333333333333333,0.3333333333333333,0.47839034,
681,2,2,0,0.1666666666666666,0.6666666666666667,0.47198692,
686,2,2,0,0.0,1.0,0.52399397,
692,2,2,0,0.0,1.0,0.42963976,
695,2,2,0,0.3333333333333333,0.3333333333333333,0.31480956,
700,2,2,1,0.5,0.0,0.4183595,
702,2,2,0,0.1666666666666666,0.6666666666666667,0.5046872,
710,2,2,0,0.0,1.0,0.30735046,
713,2,2,1,0.6,0.1999999999999999,0.6059332,
716,2,2,1,0.6666666666666666,0.3333333333333332,0.56112325,
732,2,2,0,0.0,1.0,0.4591353,
738,2,2,0,0.3333333333333333,0.3333333333333333,0.527887,
2,2,3,0,0.4,0.1999999999999999,0.45779172,
7,2,3,1,0.6,0.1999999999999999,0.6077753,
8,2,3,0,0.0,1.0,0.3513034,
9,2,3,0,0.0,1.0,0.49679595,
26,2,3,1,0.8,0.6000000000000001,0.38742155,
32,2,3,0,0.2,0.6,0.52234674,
39,2,3,0,0.0,1.0,0.32563692,
40,2,3,0,0.2,0.6,0.52628106,
42,2,3,0,0.0,1.0,0.5183889,
45,2,3,0,0.0,1.0,0.35528398,
52,2,3,0,0.25,0.5,0.530576,
53,2,3,0,0.1666666666666666,0.6666666666666667,0.4684624,
55,2,3,0,0.0,1.0,0.44151258,
56,2,3,0,0.25,0.5,0.39446896,
63,2,3,0,0.0,1.0,0.4458385,
69,2,3,0,0.0,1.0,0.44023657,
75,2,3,0,0.0,1.0,0.47348928,
77,2,3,0,0.25,0.5,0.49395353,
78,2,3,0,0.0,1.0,0.38187706,
79,2,3,0,0.25,0.5,0.47898662,
90,2,3,1,0.5,0.0,0.37484267,
92,2,3,0,0.0,1.0,0.48210672,
96,2,3,0,0.0,1.0,0.5536185,
99,2,3,0,0.0,1.0,0.28250614,
100,2,3,0,0.25,0.5,0.6876975,
109,2,3,0,0.1111111111111111,0.7777777777777778,0.5516535,
119,2,3,0,0.1111111111111111,0.7777777777777778,0.57958686,
121,2,3,0,0.1111111111111111,0.7777777777777778,0.43560302,
130,2,3,0,0.1111111111111111,0.7777777777777778,0.46647564,
138,2,3,1,0.5555555555555556,0.1111111111111111,0.40863174,
147,2,3,0,0.0,1.0,0.5383043,
160,2,3,0,0.1666666666666666,0.6666666666666667,0.5552712,
164,2,3,0,0.0,1.0,0.2897691,
166,2,3,0,0.25,0.5,0.5246094,
172,2,3,0,0.0,1.0,0.35017383,
180,2,3,0,0.0,1.0,0.5850133,
183,2,3,0,0.0,1.0,0.34040627,
194,2,3,0,0.0,1.0,0.5948846,
195,2,3,0,0.0,1.0,0.63833535,
202,2,3,1,0.6,0.1999999999999999,0.44111538,
210,2,3,0,0.4,0.1999999999999999,0.75334364,
211,2,3,1,0.6,0.1999999999999999,0.5791638,
215,2,3,0,0.2,0.6,0.39443052,
225,2,3,0,0.2,0.6,0.43052268,
226,2,3,0,0.0,1.0,0.40126425,
230,2,3,0,0.2,0.6,0.46271163,
231,2,3,1,0.5,0.0,0.5684639,
232,2,3,0,0.25,0.5,0.46376637,
246,2,3,0,0.4,0.1999999999999999,0.47669291,
251,2,3,0,0.25,0.5,0.40138587,
260,2,3,0,0.25,0.5,0.3093248,
266,2,3,0,0.25,0.5,0.44336116,
267,2,3,0,0.0,1.0,0.29680857,
274,2,3,1,0.5,0.0,0.5861964,
282,2,3,0,0.25,0.5,0.5055421,
297,2,3,0,0.0,1.0,0.3995234,
302,2,3,0,0.0,1.0,0.37874022,
308,2,3,0,0.4,0.1999999999999999,0.5299673,
311,2,3,0,0.4,0.1999999999999999,0.33828592,
314,2,3,0,0.0,1.0,0.550792,
321,2,3,1,0.6,0.1999999999999999,0.45083976,
325,2,3,0,0.0,1.0,0.4689684,
329,2,3,0,0.0,1.0,0.54569936,
332,2,3,0,0.0,1.0,0.40908384,
334,2,3,0,0.4,0.1999999999999999,0.5112978,
336,2,3,0,0.4,0.1999999999999999,0.40669882,
337,2,3,0,0.0,1.0,0.444225,
340,2,3,1,0.6,0.1999999999999999,0.43071344,
341,2,3,1,0.6,0.1999999999999999,0.5632582,
344,2,3,0,0.2,0.6,0.5847511,
348,2,3,0,0.4,0.1999999999999999,0.7758986,
362,2,3,1,0.75,0.5,0.59585613,
368,2,3,1,0.5,0.0,0.5312447,
397,2,3,1,0.75,0.5,0.41176903,
408,2,3,0,0.4,0.1999999999999999,0.57035446,
410,2,3,1,0.6,0.1999999999999999,0.4848513,
425,2,3,0,0.0,1.0,0.41273326,
426,2,3,1,0.8,0.6000000000000001,0.44437516,
436,2,3,0,0.4,0.1999999999999999,0.40415105,
439,2,3,0,0.2,0.6,0.46905786,
440,2,3,0,0.0,1.0,0.53907,
443,2,3,0,0.0,1.0,0.2320583,
449,2,3,0,0.4,0.1999999999999999,0.42212713,
450,2,3,0,0.2,0.6,0.43834144,
451,2,3,0,0.25,0.5,0.3410781,
453,2,3,0,0.25,0.5,0.4543079,
454,2,3,0,0.0,1.0,0.64595294,
455,2,3,0,0.0,1.0,0.35580477,
459,2,3,0,0.25,0.5,0.34348857,
466,2,3,1,0.5,0.0,0.46148777,
468,2,3,0,0.25,0.5,0.6082317,
469,2,3,1,0.75,0.5,0.3372484,
478,2,3,0,0.0,1.0,0.45438302,
479,2,3,0,0.0,1.0,0.31349328,
481,2,3,0,0.0,1.0,0.4970716,
482,2,3,0,0.0,1.0,0.28460893,
483,2,3,0,0.25,0.5,0.34804833,
486,2,3,0,0.25,0.5,0.7320753,
487,2,3,0,0.2,0.6,0.2994374,
490,2,3,0,0.25,0.5,0.2732407,
497,2,3,0,0.0,1.0,0.5113069,
504,2,3,1,0.75,0.5,0.5096287,
513,2,3,0,0.0,1.0,0.4670626,
523,2,3,0,0.25,0.5,0.5023974,
529,2,3,1,0.5,0.0,0.25320047,
536,2,3,0,0.3333333333333333,0.3333333333333333,0.4776508,
544,2,3,1,0.5,0.0,0.5617205,
551,2,3,1,0.6666666666666666,0.3333333333333332,0.4823177,
557,2,3,0,0.3333333333333333,0.3333333333333333,0.3903634,
558,2,3,1,0.5,0.0,0.5282973,
560,2,3,0,0.1666666666666666,0.6666666666666667,0.23980254,
561,2,3,1,0.5,0.0,0.34562144,
565,2,3,0,0.3333333333333333,0.3333333333333333,0.63508445,
570,2,3,1,0.6666666666666666,0.3333333333333332,0.3892986,
574,2,3,0,0.3333333333333333,0.3333333333333333,0.39579344,
585,2,3,1,0.5,0.0,0.4721102,
587,2,3,1,0.8333333333333334,0.6666666666666667,0.40905124,
596,2,3,1,0.5,0.0,0.5970428,
597,2,3,0,0.0,1.0,0.29288572,
598,2,3,0,0.3333333333333333,0.3333333333333333,0.6586975,
611,2,3,1,0.75,0.5,0.47588384,
621,2,3,1,0.5,0.0,0.5859213,
629,2,3,1,0.5,0.0,0.6604267,
637,2,3,1,0.5,0.0,0.34340873,
644,2,3,0,0.25,0.5,0.54282284,
648,2,3,1,0.5,0.0,0.5222248,
653,2,3,1,0.5,0.0,0.3041007,
654,2,3,0,0.1666666666666666,0.6666666666666667,0.43184745,
670,2,3,1,0.5,0.0,0.483292,
682,2,3,0,0.1666666666666666,0.6666666666666667,0.56414974,
683,2,3,1,0.8333333333333334,0.6666666666666667,0.44668254,
685,2,3,0,0.0,1.0,0.26313835,
687,2,3,0,0.3333333333333333,0.3333333333333333,0.37012058,
691,2,3,0,0.1666666666666666,0.6666666666666667,0.47185317,
693,2,3,1,0.5,0.0,0.4047312,
704,2,3,0,0.3333333333333333,0.3333333333333333,0.5951709,
705,2,3,1,0.5,0.0,0.50457376,
711,2,3,1,0.6,0.1999999999999999,0.5645541,
717,2,3,1,0.5,0.0,0.5909429,
719,2,3,0,0.1666666666666666,0.6666666666666667,0.579628,
722,2,3,0,0.2,0.6,0.5183116,
725,2,3,0,0.0,1.0,0.5343108,
727,2,3,0,0.4,0.1999999999999999,0.63369095,
729,2,3,0,0.4,0.1999999999999999,0.5305356,
730,2,3,0,0.3333333333333333,0.3333333333333333,0.35129386,
734,2,3,0,0.0,1.0,0.50404596,
740,2,3,0,0.1666666666666666,0.6666666666666667,0.36481738,
3,2,4,0,0.0,1.0,0.5197445,
5,2,4,0,0.2,0.6,0.4789443,
17,2,4,0,0.4,0.1999999999999999,0.55916226,
22,2,4,0,0.2,0.6,0.57050943,
36,2,4,0,0.2,0.6,0.44642723,
41,2,4,0,0.2,0.6,0.52863955,
43,2,4,0,0.2,0.6,0.70291364,
49,2,4,0,0.3333333333333333,0.3333333333333333,0.36559975,
50,2,4,1,0.8,0.6000000000000001,0.4187201,
51,2,4,0,0.25,0.5,0.54130614,
54,2,4,0,0.25,0.5,0.4925822,
65,2,4,0,0.25,0.5,0.3943768,
66,2,4,0,0.0,1.0,0.55488205,
68,2,4,0,0.0,1.0,0.44635552,
72,2,4,0,0.25,0.5,0.4207949,
86,2,4,0,0.0,1.0,0.52835464,
89,2,4,0,0.25,0.5,0.5582923,
102,2,4,0,0.0,1.0,0.32454336,
106,2,4,1,1.0,1.0,0.47783405,
107,2,4,0,0.1111111111111111,0.7777777777777778,0.57142246,
110,2,4,0,0.0,1.0,0.3492287,
112,2,4,0,0.125,0.75,0.5541741,
115,2,4,0,0.0,1.0,0.4193203,
117,2,4,0,0.25,0.5,0.4087947,
125,2,4,0,0.125,0.75,0.41807467,
126,2,4,0,0.2222222222222222,0.5555555555555556,0.54912573,
135,2,4,0,0.1666666666666666,0.6666666666666667,0.36565918,
137,2,4,1,0.6666666666666666,0.3333333333333332,0.33007437,
140,2,4,0,0.2222222222222222,0.5555555555555556,0.50856096,
145,2,4,0,0.4444444444444444,0.1111111111111111,0.3209029,
146,2,4,1,0.8888888888888888,0.7777777777777777,0.38106555,
154,2,4,0,0.25,0.5,0.38981372,
155,2,4,0,0.25,0.5,0.5530946,
161,2,4,0,0.0,1.0,0.48780054,
169,2,4,0,0.0,1.0,0.49333805,
170,2,4,0,0.1666666666666666,0.6666666666666667,0.36285007,
174,2,4,1,0.5,0.0,0.4798727,
175,2,4,0,0.0,1.0,0.36494648,
178,2,4,0,0.0,1.0,0.53684473,
186,2,4,0,0.0,1.0,0.5429963,
192,2,4,0,0.0,1.0,0.45378613,
193,2,4,0,0.25,0.5,0.4704948,
197,2,4,0,0.0,1.0,0.5168796,
200,2,4,0,0.2,0.6,0.3186069,
204,2,4,0,0.4,0.1999999999999999,0.4822846,
209,2,4,0,0.2,0.6,0.47755438,
217,2,4,0,0.0,1.0,0.58745706,
219,2,4,0,0.0,1.0,0.43325073,
221,2,4,1,0.8,0.6000000000000001,0.41019738,
228,2,4,0,0.2,0.6,0.46356988,
233,2,4,0,0.0,1.0,0.31672212,
234,2,4,0,0.25,0.5,0.58893687,
236,2,4,0,0.0,1.0,0.3736574,
239,2,4,1,0.6,0.1999999999999999,0.34406674,
242,2,4,1,0.6,0.1999999999999999,0.52528906,
243,2,4,0,0.0,1.0,0.47325405,
254,2,4,0,0.25,0.5,0.35036027,
289,2,4,1,0.5,0.0,0.54240084,
294,2,4,0,0.0,1.0,0.4898457,
299,2,4,1,0.8,0.6000000000000001,0.47925133,
313,2,4,0,0.0,1.0,0.4712589,
315,2,4,1,0.8,0.6000000000000001,0.48710012,
317,2,4,0,0.4,0.1999999999999999,0.258576,
319,2,4,0,0.2,0.6,0.4736423,
320,2,4,0,0.0,1.0,0.562207,
323,2,4,0,0.0,1.0,0.49584565,
330,2,4,0,0.4,0.1999999999999999,0.59744835,
350,2,4,0,0.0,1.0,0.37449676,
356,2,4,0,0.25,0.5,0.57602644,
365,2,4,0,0.25,0.5,0.5800177,
366,2,4,0,0.0,1.0,0.5448761,
369,2,4,0,0.0,1.0,0.3485961,
370,2,4,0,0.0,1.0,0.44646153,
377,2,4,0,0.25,0.5,0.39679676,
380,2,4,1,0.75,0.5,0.5863501,
385,2,4,1,0.5,0.0,0.4951476,
386,2,4,0,0.25,0.5,0.47604257,
391,2,4,0,0.0,1.0,0.3967723,
396,2,4,1,0.75,0.5,0.662234,
400,2,4,1,0.5,0.0,0.64536,
403,2,4,0,0.0,1.0,0.28715366,
404,2,4,1,0.6,0.1999999999999999,0.68950164,
407,2,4,0,0.2,0.6,0.59282595,
415,2,4,0,0.0,1.0,0.47338995,
417,2,4,0,0.2,0.6,0.5838705,
419,2,4,0,0.4,0.1999999999999999,0.40024155,
423,2,4,0,0.0,1.0,0.5196136,
437,2,4,1,0.6,0.1999999999999999,0.5342761,
457,2,4,1,0.5,0.0,0.6131687,
472,2,4,0,0.25,0.5,0.27619958,
473,2,4,0,0.25,0.5,0.3997922,
484,2,4,0,0.25,0.5,0.44410312,
491,2,4,1,0.5,0.0,0.55390584,
494,2,4,1,0.8,0.6000000000000001,0.6111876,
495,2,4,0,0.0,1.0,0.5774276,
500,2,4,0,0.25,0.5,0.5261414,
501,2,4,0,0.25,0.5,0.43924475,
502,2,4,1,0.75,0.5,0.36286265,
507,2,4,1,1.0,1.0,0.4120912,
511,2,4,1,0.5,0.0,0.4369525,
522,2,4,0,0.25,0.5,0.28998914,
527,2,4,0,0.25,0.5,0.49860123,
532,2,4,0,0.0,1.0,0.29960525,
537,2,4,0,0.25,0.5,0.46652406,
540,2,4,0,0.25,0.5,0.64179325,
556,2,4,0,0.1666666666666666,0.6666666666666667,0.39036268,
562,2,4,0,0.3333333333333333,0.3333333333333333,0.57531667,
564,2,4,1,0.5,0.0,0.4699672,
567,2,4,0,0.3333333333333333,0.3333333333333333,0.43975535,
572,2,4,1,0.8333333333333334,0.6666666666666667,0.4392207,
576,2,4,1,0.5,0.0,0.5326526,
578,2,4,1,0.5,0.0,0.42752454,
589,2,4,0,0.3333333333333333,0.3333333333333333,0.40147218,
591,2,4,1,0.5,0.0,0.41650444,
599,2,4,0,0.0,1.0,0.40560102,
608,2,4,0,0.0,1.0,0.6904093,
614,2,4,1,0.75,0.5,0.5733956,
616,2,4,1,0.75,0.5,0.40238073,
624,2,4,0,0.25,0.5,0.33206034,
626,2,4,1,0.5,0.0,0.36172828,
631,2,4,0,0.0,1.0,0.40009165,
632,2,4,1,0.5,0.0,0.4229278,
633,2,4,1,0.5,0.0,0.49909294,
634,2,4,0,0.25,0.5,0.33944994,
635,2,4,1,0.5,0.0,0.43413234,
639,2,4,0,0.0,1.0,0.3702336,
640,2,4,1,0.75,0.5,0.55794114,
641,2,4,0,0.0,1.0,0.465383,
645,2,4,1,0.75,0.5,0.59675115,
649,2,4,1,0.5,0.0,0.40588498,
651,2,4,0,0.3333333333333333,0.3333333333333333,0.37296093,
664,2,4,1,0.6666666666666666,0.3333333333333332,0.5382182,
669,2,4,0,0.3333333333333333,0.3333333333333333,0.43221718,
673,2,4,0,0.3333333333333333,0.3333333333333333,0.36481375,
675,2,4,0,0.3333333333333333,0.3333333333333333,0.37233108,
676,2,4,0,0.1666666666666666,0.6666666666666667,0.44007033,
694,2,4,0,0.3333333333333333,0.3333333333333333,0.3284937,
698,2,4,1,0.5,0.0,0.5637834,
703,2,4,0,0.0,1.0,0.5387062,
707,2,4,1,0.5,0.0,0.46364808,
709,2,4,0,0.3333333333333333,0.3333333333333333,0.58327365,
714,2,4,0,0.3333333333333333,0.3333333333333333,0.49038476,
715,2,4,1,0.5,0.0,0.35665542,
718,2,4,0,0.1666666666666666,0.6666666666666667,0.5924978,
720,2,4,0,0.0,1.0,0.5092181,
731,2,4,0,0.0,1.0,0.4155653,
741,2,4,0,0.2,0.6,0.63339823,
3,3,0,0,0.0,1.0,0.454917,
5,3,0,0,0.2,0.6,0.43329838,
7,3,0,1,0.6,0.1999999999999999,0.6245621,
25,3,0,0,0.2,0.6,0.5643518,
30,3,0,0,0.2,0.6,0.41041252,
36,3,0,0,0.2,0.6,0.48191303,
37,3,0,0,0.2,0.6,0.35964316,
39,3,0,0,0.0,1.0,0.43653888,
44,3,0,0,0.0,1.0,0.52151877,
48,3,0,1,0.6,0.1999999999999999,0.38662028,
50,3,0,1,0.8,0.6000000000000001,0.47602123,
57,3,0,1,1.0,1.0,0.4724695,
58,3,0,0,0.25,0.5,0.5316819,
59,3,0,0,0.25,0.5,0.4572268,
60,3,0,0,0.0,1.0,0.5839411,
77,3,0,0,0.25,0.5,0.46327627,
78,3,0,0,0.0,1.0,0.39858198,
81,3,0,0,0.0,1.0,0.44641036,
99,3,0,0,0.0,1.0,0.36822063,
114,3,0,0,0.1111111111111111,0.7777777777777778,0.5522033,
115,3,0,0,0.0,1.0,0.37685186,
116,3,0,0,0.0,1.0,0.46856922,
125,3,0,0,0.125,0.75,0.46808276,
126,3,0,0,0.2222222222222222,0.5555555555555556,0.51574343,
127,3,0,1,0.6666666666666666,0.3333333333333332,0.44475633,
130,3,0,0,0.1111111111111111,0.7777777777777778,0.46579406,
144,3,0,0,0.0,1.0,0.50404084,
145,3,0,0,0.4444444444444444,0.1111111111111111,0.3778249,
147,3,0,0,0.0,1.0,0.5146221,
149,3,0,0,0.3333333333333333,0.3333333333333333,0.34092063,
154,3,0,0,0.25,0.5,0.48208284,
161,3,0,0,0.0,1.0,0.50283116,
162,3,0,0,0.2,0.6,0.46123326,
166,3,0,0,0.25,0.5,0.46013921,
167,3,0,0,0.0,1.0,0.522676,
169,3,0,0,0.0,1.0,0.4775368,
181,3,0,1,0.5,0.0,0.45788115,
186,3,0,0,0.0,1.0,0.46837938,
188,3,0,0,0.0,1.0,0.4517892,
190,3,0,0,0.25,0.5,0.41182303,
203,3,0,0,0.2,0.6,0.39372486,
204,3,0,0,0.4,0.1999999999999999,0.5007985,
205,3,0,0,0.2,0.6,0.37460655,
209,3,0,0,0.2,0.6,0.4966821,
210,3,0,0,0.4,0.1999999999999999,0.7866173,
216,3,0,0,0.0,1.0,0.5442928,
220,3,0,0,0.4,0.1999999999999999,0.41533387,
225,3,0,0,0.2,0.6,0.4764948,
235,3,0,0,0.0,1.0,0.49462128,
247,3,0,0,0.2,0.6,0.64358926,
253,3,0,0,0.0,1.0,0.54389334,
267,3,0,0,0.0,1.0,0.33972734,
269,3,0,1,0.5,0.0,0.43624324,
271,3,0,0,0.0,1.0,0.48714197,
273,3,0,1,0.5,0.0,0.4555711,
283,3,0,0,0.25,0.5,0.5411068,
284,3,0,1,0.5,0.0,0.46436507,
285,3,0,0,0.4,0.1999999999999999,0.40857214,
291,3,0,0,0.0,1.0,0.53709555,
292,3,0,0,0.25,0.5,0.701645,
308,3,0,0,0.4,0.1999999999999999,0.5355519,
309,3,0,1,0.8,0.6000000000000001,0.54629314,
320,3,0,0,0.0,1.0,0.52247447,
329,3,0,0,0.0,1.0,0.5063396,
341,3,0,1,0.6,0.1999999999999999,0.56595516,
346,3,0,1,0.6,0.1999999999999999,0.6049749,
348,3,0,0,0.4,0.1999999999999999,0.8167651,
349,3,0,0,0.0,1.0,0.35603982,
351,3,0,0,0.0,1.0,0.4725678,
354,3,0,0,0.25,0.5,0.5110469,
370,3,0,0,0.0,1.0,0.4490981,
373,3,0,0,0.0,1.0,0.56747663,
374,3,0,1,0.5,0.0,0.5284631,
390,3,0,1,0.75,0.5,0.4978909,
391,3,0,0,0.0,1.0,0.38663167,
395,3,0,1,0.5,0.0,0.5871186,
404,3,0,1,0.6,0.1999999999999999,0.6993491,
405,3,0,0,0.0,1.0,0.34270534,
411,3,0,0,0.2,0.6,0.53957725,
412,3,0,1,1.0,1.0,0.55804455,
414,3,0,1,0.6,0.1999999999999999,0.4186623,
415,3,0,0,0.0,1.0,0.488152,
419,3,0,0,0.4,0.1999999999999999,0.35604066,
425,3,0,0,0.0,1.0,0.4920349,
426,3,0,1,0.8,0.6000000000000001,0.39048636,
435,3,0,0,0.4,0.1999999999999999,0.5773571,
437,3,0,1,0.6,0.1999999999999999,0.47269815,
443,3,0,0,0.0,1.0,0.19852942,
453,3,0,0,0.25,0.5,0.49353617,
461,3,0,1,0.5,0.0,0.5860313,
464,3,0,0,0.0,1.0,0.5622343,
467,3,0,1,1.0,1.0,0.67711824,
472,3,0,0,0.25,0.5,0.38570362,
484,3,0,0,0.25,0.5,0.44394374,
488,3,0,1,0.5,0.0,0.5082078,
489,3,0,0,0.0,1.0,0.5049582,
493,3,0,0,0.0,1.0,0.44701463,
498,3,0,0,0.0,1.0,0.47435734,
500,3,0,0,0.25,0.5,0.47014958,
511,3,0,1,0.5,0.0,0.43161225,
522,3,0,0,0.25,0.5,0.27415657,
523,3,0,0,0.25,0.5,0.5518949,
531,3,0,1,0.75,0.5,0.5954038,
534,3,0,1,0.75,0.5,0.3901655,
544,3,0,1,0.5,0.0,0.51691717,
546,3,0,1,0.5,0.0,0.35547757,
554,3,0,1,0.5,0.0,0.59183884,
560,3,0,0,0.1666666666666666,0.6666666666666667,0.2835426,
567,3,0,0,0.3333333333333333,0.3333333333333333,0.48611635,
577,3,0,0,0.1666666666666666,0.6666666666666667,0.4678849,
580,3,0,0,0.3333333333333333,0.3333333333333333,0.33010346,
591,3,0,1,0.5,0.0,0.44911462,
596,3,0,1,0.5,0.0,0.49501354,
601,3,0,0,0.0,1.0,0.4534585,
604,3,0,1,0.75,0.5,0.59592605,
613,3,0,0,0.0,1.0,0.519614,
618,3,0,0,0.0,1.0,0.5451331,
622,3,0,1,0.75,0.5,0.37959474,
633,3,0,1,0.5,0.0,0.4635152,
645,3,0,1,0.75,0.5,0.61294913,
648,3,0,1,0.5,0.0,0.47307286,
650,3,0,0,0.0,1.0,0.27534428,
651,3,0,0,0.3333333333333333,0.3333333333333333,0.3585691,
653,3,0,1,0.5,0.0,0.35705855,
665,3,0,0,0.1666666666666666,0.6666666666666667,0.45695016,
667,3,0,0,0.3333333333333333,0.3333333333333333,0.49095336,
668,3,0,0,0.1666666666666666,0.6666666666666667,0.60736597,
673,3,0,0,0.3333333333333333,0.3333333333333333,0.3337223,
674,3,0,0,0.3333333333333333,0.3333333333333333,0.44988725,
681,3,0,0,0.1666666666666666,0.6666666666666667,0.41055518,
683,3,0,1,0.8333333333333334,0.6666666666666667,0.45699662,
685,3,0,0,0.0,1.0,0.29792082,
689,3,0,0,0.0,1.0,0.3697875,
690,3,0,0,0.0,1.0,0.66757727,
692,3,0,0,0.0,1.0,0.32822376,
694,3,0,0,0.3333333333333333,0.3333333333333333,0.30743486,
703,3,0,0,0.0,1.0,0.51509327,
707,3,0,1,0.5,0.0,0.39959896,
714,3,0,0,0.3333333333333333,0.3333333333333333,0.47094262,
716,3,0,1,0.6666666666666666,0.3333333333333332,0.6029694,
717,3,0,1,0.5,0.0,0.5375353,
723,3,0,0,0.1666666666666666,0.6666666666666667,0.49400222,
725,3,0,0,0.0,1.0,0.5442091,
730,3,0,0,0.3333333333333333,0.3333333333333333,0.36470634,
733,3,0,0,0.1666666666666666,0.6666666666666667,0.4573549,
740,3,0,0,0.1666666666666666,0.6666666666666667,0.44982883,
742,3,0,1,0.5,0.0,0.5852905,
6,3,1,0,0.2,0.6,0.4374891,
10,3,1,0,0.0,1.0,0.27545387,
14,3,1,0,0.2,0.6,0.5718338,
31,3,1,0,0.1666666666666666,0.6666666666666667,0.5019855,
35,3,1,1,0.5,0.0,0.5378615,
41,3,1,0,0.2,0.6,0.50680476,
42,3,1,0,0.0,1.0,0.538898,
52,3,1,0,0.25,0.5,0.52146494,
55,3,1,0,0.0,1.0,0.49168476,
61,3,1,0,0.2,0.6,0.40049547,
62,3,1,0,0.25,0.5,0.4452538,
63,3,1,0,0.0,1.0,0.5138851,
65,3,1,0,0.25,0.5,0.42325407,
66,3,1,0,0.0,1.0,0.51927567,
73,3,1,0,0.0,1.0,0.33435673,
84,3,1,0,0.3333333333333333,0.3333333333333333,0.5745797,
87,3,1,0,0.0,1.0,0.59662724,
91,3,1,0,0.25,0.5,0.3949265,
92,3,1,0,0.0,1.0,0.53039974,
93,3,1,0,0.0,1.0,0.43915024,
97,3,1,0,0.25,0.5,0.42764524,
106,3,1,1,1.0,1.0,0.5694417,
136,3,1,0,0.3333333333333333,0.3333333333333333,0.5941544,
141,3,1,0,0.0,1.0,0.5501013,
151,3,1,0,0.0,1.0,0.52427053,
153,3,1,0,0.0,1.0,0.38037056,
157,3,1,0,0.25,0.5,0.42610562,
160,3,1,0,0.1666666666666666,0.6666666666666667,0.5061147,
174,3,1,1,0.5,0.0,0.5206797,
180,3,1,0,0.0,1.0,0.6712698,
197,3,1,0,0.0,1.0,0.55606496,
198,3,1,0,0.0,1.0,0.62067103,
211,3,1,1,0.6,0.1999999999999999,0.6304842,
215,3,1,0,0.2,0.6,0.34938282,
217,3,1,0,0.0,1.0,0.4606302,
223,3,1,0,0.2,0.6,0.41015464,
231,3,1,1,0.5,0.0,0.57236993,
233,3,1,0,0.0,1.0,0.24664524,
237,3,1,0,0.4,0.1999999999999999,0.38409916,
239,3,1,1,0.6,0.1999999999999999,0.40894204,
242,3,1,1,0.6,0.1999999999999999,0.49067092,
243,3,1,0,0.0,1.0,0.29991022,
244,3,1,1,0.6,0.1999999999999999,0.55274117,
248,3,1,0,0.4,0.1999999999999999,0.45784724,
249,3,1,1,0.6,0.1999999999999999,0.54535794,
251,3,1,0,0.25,0.5,0.46060795,
255,3,1,0,0.25,0.5,0.33442128,
257,3,1,0,0.25,0.5,0.35718456,
259,3,1,0,0.0,1.0,0.40606415,
261,3,1,0,0.25,0.5,0.5120574,
264,3,1,0,0.25,0.5,0.4603803,
265,3,1,1,0.5,0.0,0.6481451,
266,3,1,0,0.25,0.5,0.4243889,
268,3,1,1,0.5,0.0,0.4336005,
276,3,1,0,0.2,0.6,0.5491064,
288,3,1,1,0.75,0.5,0.55668724,
296,3,1,0,0.0,1.0,0.44676465,
297,3,1,0,0.0,1.0,0.3702166,
306,3,1,0,0.0,1.0,0.53930444,
310,3,1,0,0.2,0.6,0.5278343,
313,3,1,0,0.0,1.0,0.4692961,
314,3,1,0,0.0,1.0,0.5999537,
315,3,1,1,0.8,0.6000000000000001,0.5201489,
317,3,1,0,0.4,0.1999999999999999,0.309097,
319,3,1,0,0.2,0.6,0.44846737,
326,3,1,0,0.0,1.0,0.31482577,
330,3,1,0,0.4,0.1999999999999999,0.5546148,
337,3,1,0,0.0,1.0,0.39302808,
350,3,1,0,0.0,1.0,0.3578505,
355,3,1,0,0.25,0.5,0.3454718,
358,3,1,0,0.25,0.5,0.53785396,
364,3,1,1,0.5,0.0,0.4471817,
366,3,1,0,0.0,1.0,0.51487315,
376,3,1,1,0.5,0.0,0.4152013,
378,3,1,1,0.5,0.0,0.24804948,
383,3,1,0,0.0,1.0,0.39730442,
388,3,1,1,0.5,0.0,0.42965752,
393,3,1,0,0.25,0.5,0.516178,
394,3,1,1,0.5,0.0,0.6331365,
402,3,1,1,0.6,0.1999999999999999,0.28549743,
403,3,1,0,0.0,1.0,0.30550587,
406,3,1,1,0.6,0.1999999999999999,0.3497997,
408,3,1,0,0.4,0.1999999999999999,0.50137264,
413,3,1,0,0.0,1.0,0.4461649,
420,3,1,0,0.0,1.0,0.3547487,
422,3,1,1,0.6,0.1999999999999999,0.34405392,
430,3,1,1,0.6,0.1999999999999999,0.37007946,
439,3,1,0,0.2,0.6,0.44886178,
441,3,1,0,0.2,0.6,0.5146956,
445,3,1,0,0.0,1.0,0.3524719,
459,3,1,0,0.25,0.5,0.31797937,
462,3,1,1,0.5,0.0,0.6106042,
469,3,1,1,0.75,0.5,0.30416533,
473,3,1,0,0.25,0.5,0.40519238,
475,3,1,0,0.25,0.5,0.45807981,
482,3,1,0,0.0,1.0,0.33677232,
485,3,1,1,0.5,0.0,0.4105287,
490,3,1,0,0.25,0.5,0.33764872,
496,3,1,1,0.75,0.5,0.44776058,
512,3,1,1,1.0,1.0,0.6018746,
518,3,1,0,0.25,0.5,0.5244541,
524,3,1,0,0.0,1.0,0.53026795,
525,3,1,0,0.2,0.6,0.26021925,
532,3,1,0,0.0,1.0,0.30076766,
535,3,1,0,0.25,0.5,0.57781535,
543,3,1,1,0.5,0.0,0.4502954,
545,3,1,0,0.25,0.5,0.3166982,
548,3,1,1,0.5,0.0,0.29420727,
551,3,1,1,0.6666666666666666,0.3333333333333332,0.53369904,
562,3,1,0,0.3333333333333333,0.3333333333333333,0.6210574,
576,3,1,1,0.5,0.0,0.5367299,
579,3,1,0,0.3333333333333333,0.3333333333333333,0.41525573,
581,3,1,0,0.3333333333333333,0.3333333333333333,0.5309356,
585,3,1,1,0.5,0.0,0.38930815,
588,3,1,0,0.1666666666666666,0.6666666666666667,0.5689262,
594,3,1,0,0.0,1.0,0.28353566,
611,3,1,1,0.75,0.5,0.40593144,
625,3,1,0,0.0,1.0,0.33615527,
627,3,1,1,0.75,0.5,0.5355271,
630,3,1,1,0.5,0.0,0.5394615,
632,3,1,1,0.5,0.0,0.39240062,
634,3,1,0,0.25,0.5,0.33682066,
635,3,1,1,0.5,0.0,0.40960115,
638,3,1,0,0.25,0.5,0.47206217,
639,3,1,0,0.0,1.0,0.38482165,
641,3,1,0,0.0,1.0,0.47774893,
643,3,1,1,0.5,0.0,0.43936956,
644,3,1,0,0.25,0.5,0.4640681,
647,3,1,1,0.5,0.0,0.60626113,
654,3,1,0,0.1666666666666666,0.6666666666666667,0.30142015,
655,3,1,1,0.6666666666666666,0.3333333333333332,0.43496495,
660,3,1,0,0.1666666666666666,0.6666666666666667,0.42972094,
662,3,1,0,0.0,1.0,0.4001335,
664,3,1,1,0.6666666666666666,0.3333333333333332,0.5308348,
669,3,1,0,0.3333333333333333,0.3333333333333333,0.46811485,
675,3,1,0,0.3333333333333333,0.3333333333333333,0.32177997,
682,3,1,0,0.1666666666666666,0.6666666666666667,0.4876901,
688,3,1,0,0.1666666666666666,0.6666666666666667,0.34518754,
691,3,1,0,0.1666666666666666,0.6666666666666667,0.60398245,
693,3,1,1,0.5,0.0,0.45866317,
710,3,1,0,0.0,1.0,0.38825428,
720,3,1,0,0.0,1.0,0.49558008,
721,3,1,0,0.3333333333333333,0.3333333333333333,0.7275043,
732,3,1,0,0.0,1.0,0.5048592,
734,3,1,0,0.0,1.0,0.49296337,
735,3,1,0,0.0,1.0,0.33128664,
738,3,1,0,0.3333333333333333,0.3333333333333333,0.5399825,
1,3,2,0,0.3333333333333333,0.3333333333333333,0.4065792,
2,3,2,0,0.4,0.1999999999999999,0.35057527,
8,3,2,0,0.0,1.0,0.31675553,
21,3,2,0,0.2,0.6,0.45503324,
22,3,2,0,0.2,0.6,0.5734667,
24,3,2,0,0.0,1.0,0.53755665,
27,3,2,0,0.2,0.6,0.5433799,
34,3,2,0,0.1666666666666666,0.6666666666666667,0.39741048,
38,3,2,0,0.0,1.0,0.67086565,
40,3,2,0,0.2,0.6,0.5671737,
45,3,2,0,0.0,1.0,0.3265631,
47,3,2,0,0.25,0.5,0.46174055,
49,3,2,0,0.3333333333333333,0.3333333333333333,0.3093313,
56,3,2,0,0.25,0.5,0.36311412,
64,3,2,0,0.3333333333333333,0.3333333333333333,0.21022433,
69,3,2,0,0.0,1.0,0.550351,
86,3,2,0,0.0,1.0,0.3930424,
95,3,2,0,0.25,0.5,0.35398504,
96,3,2,0,0.0,1.0,0.44302696,
100,3,2,0,0.25,0.5,0.55890334,
107,3,2,0,0.1111111111111111,0.7777777777777778,0.54008794,
110,3,2,0,0.0,1.0,0.3835652,
120,3,2,0,0.0,1.0,0.48029745,
121,3,2,0,0.1111111111111111,0.7777777777777778,0.4424244,
123,3,2,0,0.0,1.0,0.3759042,
129,3,2,0,0.2,0.6,0.62247604,
131,3,2,0,0.0,1.0,0.5593276,
133,3,2,1,0.8888888888888888,0.7777777777777777,0.37057507,
135,3,2,0,0.1666666666666666,0.6666666666666667,0.32603848,
138,3,2,1,0.5555555555555556,0.1111111111111111,0.39903873,
146,3,2,1,0.8888888888888888,0.7777777777777777,0.29879016,
148,3,2,0,0.1111111111111111,0.7777777777777778,0.28523046,
150,3,2,0,0.0,1.0,0.48116043,
155,3,2,0,0.25,0.5,0.46887442,
156,3,2,0,0.25,0.5,0.5140979,
163,3,2,0,0.25,0.5,0.51459277,
165,3,2,0,0.0,1.0,0.5920637,
170,3,2,0,0.1666666666666666,0.6666666666666667,0.41263083,
173,3,2,0,0.25,0.5,0.39872122,
184,3,2,0,0.0,1.0,0.33424786,
189,3,2,1,0.5,0.0,0.5096641,
191,3,2,0,0.0,1.0,0.46674797,
193,3,2,0,0.25,0.5,0.48260653,
195,3,2,0,0.0,1.0,0.5799486,
196,3,2,1,0.5,0.0,0.50847113,
207,3,2,0,0.2,0.6,0.375523,
208,3,2,0,0.0,1.0,0.31041574,
214,3,2,0,0.2,0.6,0.5184734,
221,3,2,1,0.8,0.6000000000000001,0.31513608,
227,3,2,1,1.0,1.0,0.5495573,
230,3,2,0,0.2,0.6,0.39134133,
234,3,2,0,0.25,0.5,0.5705472,
262,3,2,1,0.5,0.0,0.549301,
270,3,2,0,0.0,1.0,0.6709258,
278,3,2,0,0.25,0.5,0.40772176,
280,3,2,0,0.25,0.5,0.47732836,
282,3,2,0,0.25,0.5,0.51113623,
290,3,2,0,0.0,1.0,0.5987835,
294,3,2,0,0.0,1.0,0.44546103,
295,3,2,0,0.0,1.0,0.35314134,
298,3,2,0,0.25,0.5,0.5515984,
299,3,2,1,0.8,0.6000000000000001,0.47165972,
300,3,2,0,0.0,1.0,0.5959326,
304,3,2,1,0.8,0.6000000000000001,0.52160114,
311,3,2,0,0.4,0.1999999999999999,0.39374024,
312,3,2,0,0.0,1.0,0.4035891,
322,3,2,1,0.6,0.1999999999999999,0.6781497,
323,3,2,0,0.0,1.0,0.44193345,
333,3,2,0,0.0,1.0,0.3335064,
334,3,2,0,0.4,0.1999999999999999,0.51548994,
344,3,2,0,0.2,0.6,0.51365864,
357,3,2,1,0.5,0.0,0.3874887,
367,3,2,0,0.25,0.5,0.58993924,
371,3,2,0,0.25,0.5,0.5130552,
382,3,2,1,0.5,0.0,0.39363688,
396,3,2,1,0.75,0.5,0.62617475,
398,3,2,0,0.25,0.5,0.5337595,
417,3,2,0,0.2,0.6,0.5592971,
421,3,2,0,0.2,0.6,0.29613066,
427,3,2,1,0.6,0.1999999999999999,0.43858936,
429,3,2,0,0.0,1.0,0.6244019,
433,3,2,0,0.0,1.0,0.37099975,
434,3,2,0,0.0,1.0,0.41458052,
436,3,2,0,0.4,0.1999999999999999,0.3975584,
438,3,2,0,0.1666666666666666,0.6666666666666667,0.53178114,
442,3,2,1,0.8,0.6000000000000001,0.4538185,
448,3,2,0,0.0,1.0,0.2978333,
451,3,2,0,0.25,0.5,0.39625245,
463,3,2,0,0.25,0.5,0.5457272,
466,3,2,1,0.5,0.0,0.5302099,
471,3,2,0,0.0,1.0,0.7787504,
474,3,2,0,0.0,1.0,0.2874124,
477,3,2,0,0.0,1.0,0.41456658,
481,3,2,0,0.0,1.0,0.49379587,
492,3,2,0,0.3333333333333333,0.3333333333333333,0.41288924,
494,3,2,1,0.8,0.6000000000000001,0.614233,
502,3,2,1,0.75,0.5,0.36983556,
507,3,2,1,1.0,1.0,0.43666416,
513,3,2,0,0.0,1.0,0.4849322,
530,3,2,1,0.5,0.0,0.36976656,
537,3,2,0,0.25,0.5,0.4254784,
539,3,2,0,0.25,0.5,0.491495,
540,3,2,0,0.25,0.5,0.6601323,
547,3,2,1,0.5,0.0,0.48701835,
550,3,2,0,0.0,1.0,0.46835542,
553,3,2,0,0.0,1.0,0.54938513,
556,3,2,0,0.1666666666666666,0.6666666666666667,0.36467212,
561,3,2,1,0.5,0.0,0.39004588,
564,3,2,1,0.5,0.0,0.45806223,
569,3,2,0,0.1666666666666666,0.6666666666666667,0.5477204,
582,3,2,1,0.5,0.0,0.46457505,
586,3,2,1,0.6666666666666666,0.3333333333333332,0.4490571,
592,3,2,1,0.6,0.1999999999999999,0.3840841,
593,3,2,1,0.5,0.0,0.40781194,
595,3,2,1,0.8333333333333334,0.6666666666666667,0.43019304,
598,3,2,0,0.3333333333333333,0.3333333333333333,0.6938163,
600,3,2,0,0.1666666666666666,0.6666666666666667,0.46202105,
603,3,2,1,0.5,0.0,0.32431972,
606,3,2,0,0.25,0.5,0.25653887,
607,3,2,0,0.0,1.0,0.4032274,
609,3,2,0,0.25,0.5,0.46037263,
614,3,2,1,0.75,0.5,0.53936005,
615,3,2,1,0.75,0.5,0.4832314,
621,3,2,1,0.5,0.0,0.49347448,
624,3,2,0,0.25,0.5,0.28800333,
626,3,2,1,0.5,0.0,0.30801284,
631,3,2,0,0.0,1.0,0.40845436,
640,3,2,1,0.75,0.5,0.64983106,
642,3,2,1,0.75,0.5,0.5797945,
657,3,2,1,0.5,0.0,0.40993032,
658,3,2,0,0.1666666666666666,0.6666666666666667,0.62767994,
663,3,2,0,0.3333333333333333,0.3333333333333333,0.5104892,
672,3,2,0,0.0,1.0,0.35354084,
679,3,2,0,0.4,0.1999999999999999,0.41621023,
687,3,2,0,0.3333333333333333,0.3333333333333333,0.39523476,
698,3,2,1,0.5,0.0,0.6023668,
699,3,2,0,0.1666666666666666,0.6666666666666667,0.6002531,
702,3,2,0,0.1666666666666666,0.6666666666666667,0.4981246,
705,3,2,1,0.5,0.0,0.45019823,
706,3,2,1,0.6666666666666666,0.3333333333333332,0.63019,
708,3,2,0,0.0,1.0,0.60514414,
709,3,2,0,0.3333333333333333,0.3333333333333333,0.57866997,
719,3,2,0,0.1666666666666666,0.6666666666666667,0.61510503,
726,3,2,0,0.0,1.0,0.6549424,
736,3,2,0,0.0,1.0,0.6248268,
739,3,2,0,0.3333333333333333,0.3333333333333333,0.44611204,
741,3,2,0,0.2,0.6,0.6646426,
4,3,3,1,0.6,0.1999999999999999,0.6992652,
11,3,3,1,0.6,0.1999999999999999,0.46493512,
13,3,3,0,0.2,0.6,0.52907604,
15,3,3,0,0.4,0.1999999999999999,0.59751624,
16,3,3,1,0.6,0.1999999999999999,0.37088495,
18,3,3,1,0.6,0.1999999999999999,0.4373284,
28,3,3,0,0.2,0.6,0.54525596,
29,3,3,0,0.2,0.6,0.6467409,
54,3,3,0,0.25,0.5,0.52272,
67,3,3,0,0.0,1.0,0.35454583,
71,3,3,0,0.0,1.0,0.39895162,
72,3,3,0,0.25,0.5,0.47020182,
74,3,3,0,0.0,1.0,0.5301009,
75,3,3,0,0.0,1.0,0.4170406,
79,3,3,0,0.25,0.5,0.5311996,
80,3,3,0,0.0,1.0,0.53208333,
82,3,3,0,0.25,0.5,0.5324342,
83,3,3,0,0.25,0.5,0.7355559,
85,3,3,0,0.25,0.5,0.6588588,
89,3,3,0,0.25,0.5,0.57645476,
90,3,3,1,0.5,0.0,0.3874286,
94,3,3,0,0.25,0.5,0.4433234,
98,3,3,0,0.3333333333333333,0.3333333333333333,0.48643988,
101,3,3,0,0.3333333333333333,0.3333333333333333,0.45216954,
103,3,3,0,0.1111111111111111,0.7777777777777778,0.5791644,
108,3,3,0,0.25,0.5,0.637635,
112,3,3,0,0.125,0.75,0.48276424,
119,3,3,0,0.1111111111111111,0.7777777777777778,0.6084869,
122,3,3,0,0.0,1.0,0.44701687,
134,3,3,0,0.1111111111111111,0.7777777777777778,0.5046027,
137,3,3,1,0.6666666666666666,0.3333333333333332,0.24294367,
140,3,3,0,0.2222222222222222,0.5555555555555556,0.51722395,
152,3,3,0,0.0,1.0,0.34503478,
159,3,3,0,0.0,1.0,0.43759727,
164,3,3,0,0.0,1.0,0.42751384,
177,3,3,0,0.0,1.0,0.4453368,
182,3,3,0,0.0,1.0,0.6398525,
183,3,3,0,0.0,1.0,0.29614908,
192,3,3,0,0.0,1.0,0.4341699,
199,3,3,0,0.25,0.5,0.4293496,
201,3,3,0,0.25,0.5,0.3412503,
213,3,3,0,0.4,0.1999999999999999,0.5176649,
219,3,3,0,0.0,1.0,0.36869922,
226,3,3,0,0.0,1.0,0.42016685,
228,3,3,0,0.2,0.6,0.49710053,
238,3,3,0,0.25,0.5,0.26363003,
241,3,3,1,0.6,0.1999999999999999,0.5321015,
245,3,3,0,0.0,1.0,0.4056083,
250,3,3,0,0.4,0.1999999999999999,0.5579531,
252,3,3,0,0.0,1.0,0.49850184,
258,3,3,0,0.0,1.0,0.47572428,
263,3,3,0,0.2,0.6,0.47626412,
272,3,3,1,0.5,0.0,0.5685078,
275,3,3,1,0.5,0.0,0.5231906,
277,3,3,1,0.5,0.0,0.55418146,
279,3,3,0,0.2,0.6,0.28827742,
302,3,3,0,0.0,1.0,0.35670477,
307,3,3,0,0.4,0.1999999999999999,0.4300766,
316,3,3,0,0.4,0.1999999999999999,0.39962795,
318,3,3,0,0.4,0.1999999999999999,0.47027844,
324,3,3,0,0.2,0.6,0.5853851,
328,3,3,1,0.6,0.1999999999999999,0.3354739,
331,3,3,0,0.0,1.0,0.36152005,
332,3,3,0,0.0,1.0,0.36650765,
338,3,3,0,0.4,0.1999999999999999,0.59423494,
339,3,3,0,0.0,1.0,0.53122663,
345,3,3,0,0.0,1.0,0.3111235,
347,3,3,0,0.4,0.1999999999999999,0.6655822,
352,3,3,0,0.25,0.5,0.41955268,
363,3,3,0,0.0,1.0,0.5635143,
375,3,3,1,0.5,0.0,0.48265958,
377,3,3,0,0.25,0.5,0.36777818,
379,3,3,1,0.75,0.5,0.540294,
380,3,3,1,0.75,0.5,0.5920327,
381,3,3,1,0.75,0.5,0.43154454,
384,3,3,0,0.25,0.5,0.46639752,
386,3,3,0,0.25,0.5,0.32364547,
387,3,3,0,0.0,1.0,0.421771,
389,3,3,0,0.25,0.5,0.53093046,
392,3,3,1,0.5,0.0,0.62229276,
407,3,3,0,0.2,0.6,0.44942582,
409,3,3,0,0.4,0.1999999999999999,0.58522666,
416,3,3,0,0.0,1.0,0.4771995,
423,3,3,0,0.0,1.0,0.5096934,
424,3,3,1,0.6,0.1999999999999999,0.3686443,
432,3,3,0,0.2,0.6,0.4633995,
440,3,3,0,0.0,1.0,0.6743343,
446,3,3,0,0.2,0.6,0.56883097,
447,3,3,0,0.0,1.0,0.49189374,
452,3,3,0,0.25,0.5,0.56846356,
454,3,3,0,0.0,1.0,0.62830913,
455,3,3,0,0.0,1.0,0.2776128,
456,3,3,1,0.5,0.0,0.4207788,
457,3,3,1,0.5,0.0,0.6000597,
458,3,3,0,0.0,1.0,0.5044308,
476,3,3,0,0.0,1.0,0.6228658,
478,3,3,0,0.0,1.0,0.40376633,
479,3,3,0,0.0,1.0,0.40874928,
480,3,3,1,0.5,0.0,0.51639956,
483,3,3,0,0.25,0.5,0.40961584,
487,3,3,0,0.2,0.6,0.37509722,
491,3,3,1,0.5,0.0,0.52835876,
499,3,3,0,0.0,1.0,0.2940306,
503,3,3,0,0.0,1.0,0.5165322,
505,3,3,1,0.5,0.0,0.49432027,
506,3,3,1,0.75,0.5,0.59751207,
508,3,3,1,0.75,0.5,0.3878379,
515,3,3,0,0.25,0.5,0.36800888,
516,3,3,0,0.0,1.0,0.3938572,
519,3,3,0,0.0,1.0,0.54649997,
521,3,3,1,0.75,0.5,0.40575624,
526,3,3,0,0.0,1.0,0.39058033,
529,3,3,1,0.5,0.0,0.3636551,
541,3,3,1,0.5,0.0,0.3418886,
542,3,3,0,0.25,0.5,0.4244001,
549,3,3,0,0.0,1.0,0.48075658,
552,3,3,1,0.6666666666666666,0.3333333333333332,0.40404928,
555,3,3,0,0.3333333333333333,0.3333333333333333,0.64821994,
558,3,3,1,0.5,0.0,0.4560264,
568,3,3,1,1.0,1.0,0.54611766,
570,3,3,1,0.6666666666666666,0.3333333333333332,0.517457,
573,3,3,0,0.3333333333333333,0.3333333333333333,0.5948465,
575,3,3,1,0.5,0.0,0.66482794,
578,3,3,1,0.5,0.0,0.3987134,
583,3,3,1,0.5,0.0,0.66362226,
589,3,3,0,0.3333333333333333,0.3333333333333333,0.5067489,
590,3,3,0,0.3333333333333333,0.3333333333333333,0.65509534,
597,3,3,0,0.0,1.0,0.40450752,
610,3,3,0,0.25,0.5,0.5604614,
617,3,3,1,0.5,0.0,0.5131025,
629,3,3,1,0.5,0.0,0.6756655,
636,3,3,0,0.0,1.0,0.4495002,
637,3,3,1,0.5,0.0,0.41606772,
646,3,3,0,0.0,1.0,0.28760004,
652,3,3,0,0.0,1.0,0.4176612,
671,3,3,0,0.3333333333333333,0.3333333333333333,0.54251456,
677,3,3,1,0.6666666666666666,0.3333333333333332,0.3984627,
678,3,3,0,0.3333333333333333,0.3333333333333333,0.23655258,
680,3,3,0,0.0,1.0,0.40288812,
686,3,3,0,0.0,1.0,0.42815334,
695,3,3,0,0.3333333333333333,0.3333333333333333,0.3704496,
697,3,3,1,0.5,0.0,0.48902383,
704,3,3,0,0.3333333333333333,0.3333333333333333,0.5137023,
713,3,3,1,0.6,0.1999999999999999,0.6385837,
722,3,3,0,0.2,0.6,0.3711442,
729,3,3,0,0.4,0.1999999999999999,0.50590706,
737,3,3,0,0.1666666666666666,0.6666666666666667,0.42352238,
9,3,4,0,0.0,1.0,0.510311,
12,3,4,0,0.4,0.1999999999999999,0.49433213,
17,3,4,0,0.4,0.1999999999999999,0.5637636,
20,3,4,0,0.25,0.5,0.5206132,
26,3,4,1,0.8,0.6000000000000001,0.37684804,
32,3,4,0,0.2,0.6,0.4437725,
33,3,4,0,0.4,0.1999999999999999,0.4942318,
43,3,4,0,0.2,0.6,0.6152533,
46,3,4,0,0.4,0.1999999999999999,0.6329492,
51,3,4,0,0.25,0.5,0.54342145,
53,3,4,0,0.1666666666666666,0.6666666666666667,0.37781733,
68,3,4,0,0.0,1.0,0.42354783,
70,3,4,0,0.0,1.0,0.45531154,
76,3,4,0,0.25,0.5,0.54590476,
88,3,4,1,0.5,0.0,0.44054353,
102,3,4,0,0.0,1.0,0.31406817,
104,3,4,0,0.1111111111111111,0.7777777777777778,0.5328753,
105,3,4,0,0.0,1.0,0.5311202,
109,3,4,0,0.1111111111111111,0.7777777777777778,0.60200334,
111,3,4,0,0.1111111111111111,0.7777777777777778,0.5125016,
113,3,4,0,0.1111111111111111,0.7777777777777778,0.6379641,
117,3,4,0,0.25,0.5,0.42008686,
118,3,4,0,0.0,1.0,0.7155049,
124,3,4,0,0.0,1.0,0.4549231,
128,3,4,0,0.1111111111111111,0.7777777777777778,0.39674193,
132,3,4,0,0.2222222222222222,0.5555555555555556,0.50327086,
139,3,4,0,0.0,1.0,0.512166,
142,3,4,0,0.0,1.0,0.5405916,
143,3,4,1,0.5555555555555556,0.1111111111111111,0.5799898,
158,3,4,0,0.0,1.0,0.251406,
168,3,4,0,0.25,0.5,0.4884141,
171,3,4,0,0.25,0.5,0.5178038,
172,3,4,0,0.0,1.0,0.34698814,
175,3,4,0,0.0,1.0,0.39675558,
176,3,4,0,0.0,1.0,0.3578069,
178,3,4,0,0.0,1.0,0.54791874,
179,3,4,0,0.25,0.5,0.47419342,
185,3,4,0,0.25,0.5,0.3367442,
187,3,4,0,0.0,1.0,0.4385149,
194,3,4,0,0.0,1.0,0.6354696,
200,3,4,0,0.2,0.6,0.2743783,
202,3,4,1,0.6,0.1999999999999999,0.5020592,
206,3,4,1,0.5,0.0,0.27652478,
212,3,4,0,0.2,0.6,0.40455252,
222,3,4,0,0.2,0.6,0.31286642,
224,3,4,0,0.4,0.1999999999999999,0.45583093,
229,3,4,0,0.0,1.0,0.45374215,
232,3,4,0,0.25,0.5,0.36645132,
236,3,4,0,0.0,1.0,0.38013458,
240,3,4,0,0.2,0.6,0.4711933,
246,3,4,0,0.4,0.1999999999999999,0.46625692,
254,3,4,0,0.25,0.5,0.4362316,
260,3,4,0,0.25,0.5,0.3469223,
274,3,4,1,0.5,0.0,0.5398476,
281,3,4,0,0.0,1.0,0.5190404,
286,3,4,0,0.2,0.6,0.566633,
287,3,4,0,0.25,0.5,0.5765662,
289,3,4,1,0.5,0.0,0.5173066,
293,3,4,1,0.5,0.0,0.46138048,
303,3,4,0,0.0,1.0,0.4794714,
321,3,4,1,0.6,0.1999999999999999,0.4693519,
325,3,4,0,0.0,1.0,0.59474945,
327,3,4,0,0.0,1.0,0.7407844,
335,3,4,1,0.5,0.0,0.2555377,
336,3,4,0,0.4,0.1999999999999999,0.4106151,
340,3,4,1,0.6,0.1999999999999999,0.3846803,
342,3,4,0,0.2,0.6,0.3788592,
343,3,4,1,0.8,0.6000000000000001,0.59175956,
353,3,4,0,0.0,1.0,0.50620663,
356,3,4,0,0.25,0.5,0.34069288,
359,3,4,0,0.25,0.5,0.6880599,
360,3,4,0,0.25,0.5,0.4483247,
361,3,4,0,0.0,1.0,0.3376908,
362,3,4,1,0.75,0.5,0.5981711,
365,3,4,0,0.25,0.5,0.5472274,
368,3,4,1,0.5,0.0,0.54073083,
369,3,4,0,0.0,1.0,0.35520232,
372,3,4,0,0.25,0.5,0.4158855,
385,3,4,1,0.5,0.0,0.50186664,
397,3,4,1,0.75,0.5,0.42501312,
399,3,4,0,0.25,0.5,0.3415096,
400,3,4,1,0.5,0.0,0.6068758,
401,3,4,0,0.2,0.6,0.35902852,
410,3,4,1,0.6,0.1999999999999999,0.40374655,
418,3,4,0,0.0,1.0,0.46704385,
428,3,4,1,0.6,0.1999999999999999,0.34627244,
431,3,4,0,0.4,0.1999999999999999,0.2866189,
444,3,4,0,0.2,0.6,0.47752687,
449,3,4,0,0.4,0.1999999999999999,0.3670386,
450,3,4,0,0.2,0.6,0.40758213,
460,3,4,0,0.0,1.0,0.42402667,
465,3,4,1,0.5,0.0,0.63236415,
468,3,4,0,0.25,0.5,0.6266066,
470,3,4,0,0.0,1.0,0.4402659,
486,3,4,0,0.25,0.5,0.79104185,
495,3,4,0,0.0,1.0,0.5861436,
497,3,4,0,0.0,1.0,0.5158702,
501,3,4,0,0.25,0.5,0.4338928,
504,3,4,1,0.75,0.5,0.5997578,
509,3,4,0,0.25,0.5,0.2841769,
510,3,4,1,0.5,0.0,0.5065041,
514,3,4,1,0.75,0.5,0.48889416,
517,3,4,0,0.25,0.5,0.45250556,
520,3,4,1,0.5,0.0,0.33307868,
527,3,4,0,0.25,0.5,0.526422,
528,3,4,0,0.0,1.0,0.49301833,
533,3,4,0,0.0,1.0,0.4619472,
536,3,4,0,0.3333333333333333,0.3333333333333333,0.39448667,
538,3,4,0,0.0,1.0,0.5475387,
557,3,4,0,0.3333333333333333,0.3333333333333333,0.43478745,
559,3,4,1,0.6666666666666666,0.3333333333333332,0.38461864,
563,3,4,0,0.0,1.0,0.45150182,
565,3,4,0,0.3333333333333333,0.3333333333333333,0.6140994,
566,3,4,0,0.1666666666666666,0.6666666666666667,0.41804212,
571,3,4,1,0.5,0.0,0.34873712,
572,3,4,1,0.8333333333333334,0.6666666666666667,0.4450996,
574,3,4,0,0.3333333333333333,0.3333333333333333,0.4203397,
584,3,4,1,0.6666666666666666,0.3333333333333332,0.5356225,
587,3,4,1,0.8333333333333334,0.6666666666666667,0.38367215,
599,3,4,0,0.0,1.0,0.37748218,
602,3,4,0,0.25,0.5,0.46303645,
605,3,4,1,0.5,0.0,0.5853385,
608,3,4,0,0.0,1.0,0.75337946,
612,3,4,0,0.0,1.0,0.33239663,
616,3,4,1,0.75,0.5,0.44496745,
619,3,4,0,0.25,0.5,0.63930357,
620,3,4,1,0.75,0.5,0.52320874,
623,3,4,1,0.5,0.0,0.43782315,
628,3,4,0,0.0,1.0,0.41471723,
649,3,4,1,0.5,0.0,0.41973034,
656,3,4,1,0.6666666666666666,0.3333333333333332,0.4206658,
659,3,4,1,0.6666666666666666,0.3333333333333332,0.4786314,
661,3,4,1,0.8333333333333334,0.6666666666666667,0.72414297,
670,3,4,1,0.5,0.0,0.4863763,
676,3,4,0,0.1666666666666666,0.6666666666666667,0.3846192,
684,3,4,0,0.0,1.0,0.4125548,
696,3,4,0,0.1666666666666666,0.6666666666666667,0.5049269,
700,3,4,1,0.5,0.0,0.4477675,
701,3,4,0,0.1666666666666666,0.6666666666666667,0.49822438,
711,3,4,1,0.6,0.1999999999999999,0.6859831,
712,3,4,0,0.1666666666666666,0.6666666666666667,0.49555883,
715,3,4,1,0.5,0.0,0.36968124,
718,3,4,0,0.1666666666666666,0.6666666666666667,0.6288744,
724,3,4,0,0.2,0.6,0.5409037,
727,3,4,0,0.4,0.1999999999999999,0.6894494,
728,3,4,0,0.2,0.6,0.28733036,
731,3,4,0,0.0,1.0,0.44152272,
3,4,0,0,0.0,1.0,0.4707251,
8,4,0,0,0.0,1.0,0.39934343,
10,4,0,0,0.0,1.0,0.32244948,
11,4,0,1,0.6,0.1999999999999999,0.49402127,
13,4,0,0,0.2,0.6,0.4550559,
18,4,0,1,0.6,0.1999999999999999,0.5029551,
24,4,0,0,0.0,1.0,0.5630573,
25,4,0,0,0.2,0.6,0.54779637,
29,4,0,0,0.2,0.6,0.5945413,
30,4,0,0,0.2,0.6,0.35864595,
31,4,0,0,0.1666666666666666,0.6666666666666667,0.42014223,
34,4,0,0,0.1666666666666666,0.6666666666666667,0.4803176,
36,4,0,0,0.2,0.6,0.40860355,
44,4,0,0,0.0,1.0,0.52840793,
46,4,0,0,0.4,0.1999999999999999,0.6549476,
47,4,0,0,0.25,0.5,0.44743854,
51,4,0,0,0.25,0.5,0.44324905,
52,4,0,0,0.25,0.5,0.5062753,
57,4,0,1,1.0,1.0,0.5290195,
60,4,0,0,0.0,1.0,0.5972101,
67,4,0,0,0.0,1.0,0.32896662,
70,4,0,0,0.0,1.0,0.47647172,
83,4,0,0,0.25,0.5,0.68594843,
90,4,0,1,0.5,0.0,0.38981652,
94,4,0,0,0.25,0.5,0.50007415,
110,4,0,0,0.0,1.0,0.4816842,
111,4,0,0,0.1111111111111111,0.7777777777777778,0.5229989,
116,4,0,0,0.0,1.0,0.4374122,
121,4,0,0,0.1111111111111111,0.7777777777777778,0.437916,
124,4,0,0,0.0,1.0,0.40152934,
128,4,0,0,0.1111111111111111,0.7777777777777778,0.42992085,
151,4,0,0,0.0,1.0,0.53964245,
159,4,0,0,0.0,1.0,0.3752344,
169,4,0,0,0.0,1.0,0.43982792,
182,4,0,0,0.0,1.0,0.5772674,
185,4,0,0,0.25,0.5,0.33175188,
189,4,0,1,0.5,0.0,0.5380194,
190,4,0,0,0.25,0.5,0.35719115,
191,4,0,0,0.0,1.0,0.5808624,
192,4,0,0,0.0,1.0,0.39940035,
198,4,0,0,0.0,1.0,0.5396091,
200,4,0,0,0.2,0.6,0.41551903,
205,4,0,0,0.2,0.6,0.30034226,
213,4,0,0,0.4,0.1999999999999999,0.44760558,
226,4,0,0,0.0,1.0,0.39193892,
230,4,0,0,0.2,0.6,0.4093005,
233,4,0,0,0.0,1.0,0.28849247,
234,4,0,0,0.25,0.5,0.48021173,
236,4,0,0,0.0,1.0,0.37661046,
240,4,0,0,0.2,0.6,0.4199295,
241,4,0,1,0.6,0.1999999999999999,0.56768095,
242,4,0,1,0.6,0.1999999999999999,0.3691384,
246,4,0,0,0.4,0.1999999999999999,0.46869773,
248,4,0,0,0.4,0.1999999999999999,0.47486576,
252,4,0,0,0.0,1.0,0.45324266,
255,4,0,0,0.25,0.5,0.3001298,
273,4,0,1,0.5,0.0,0.39961308,
274,4,0,1,0.5,0.0,0.528543,
278,4,0,0,0.25,0.5,0.45442295,
288,4,0,1,0.75,0.5,0.39550203,
311,4,0,0,0.4,0.1999999999999999,0.32204926,
315,4,0,1,0.8,0.6000000000000001,0.45284185,
319,4,0,0,0.2,0.6,0.44375432,
320,4,0,0,0.0,1.0,0.5698318,
321,4,0,1,0.6,0.1999999999999999,0.43828675,
323,4,0,0,0.0,1.0,0.45232704,
326,4,0,0,0.0,1.0,0.3531546,
330,4,0,0,0.4,0.1999999999999999,0.50083315,
339,4,0,0,0.0,1.0,0.51205134,
346,4,0,1,0.6,0.1999999999999999,0.5720916,
359,4,0,0,0.25,0.5,0.7253152,
370,4,0,0,0.0,1.0,0.52607167,
372,4,0,0,0.25,0.5,0.4360418,
380,4,0,1,0.75,0.5,0.61129963,
381,4,0,1,0.75,0.5,0.5290197,
384,4,0,0,0.25,0.5,0.456568,
395,4,0,1,0.5,0.0,0.57643104,
411,4,0,0,0.2,0.6,0.5988022,
416,4,0,0,0.0,1.0,0.4447856,
420,4,0,0,0.0,1.0,0.37138814,
422,4,0,1,0.6,0.1999999999999999,0.36249104,
423,4,0,0,0.0,1.0,0.5558611,
434,4,0,0,0.0,1.0,0.4199939,
435,4,0,0,0.4,0.1999999999999999,0.628216,
438,4,0,0,0.1666666666666666,0.6666666666666667,0.5379932,
443,4,0,0,0.0,1.0,0.19004023,
452,4,0,0,0.25,0.5,0.5432184,
455,4,0,0,0.0,1.0,0.31386733,
456,4,0,1,0.5,0.0,0.48528075,
468,4,0,0,0.25,0.5,0.580767,
476,4,0,0,0.0,1.0,0.5587416,
480,4,0,1,0.5,0.0,0.5327914,
485,4,0,1,0.5,0.0,0.5224681,
489,4,0,0,0.0,1.0,0.5539601,
492,4,0,0,0.3333333333333333,0.3333333333333333,0.45323464,
505,4,0,1,0.5,0.0,0.4658252,
506,4,0,1,0.75,0.5,0.60377675,
507,4,0,1,1.0,1.0,0.45905036,
510,4,0,1,0.5,0.0,0.4859634,
512,4,0,1,1.0,1.0,0.6206281,
515,4,0,0,0.25,0.5,0.40045762,
517,4,0,0,0.25,0.5,0.520057,
522,4,0,0,0.25,0.5,0.2298899,
523,4,0,0,0.25,0.5,0.53961194,
534,4,0,1,0.75,0.5,0.36566168,
536,4,0,0,0.3333333333333333,0.3333333333333333,0.45758775,
542,4,0,0,0.25,0.5,0.33762836,
543,4,0,1,0.5,0.0,0.51675856,
553,4,0,0,0.0,1.0,0.5542848,
555,4,0,0,0.3333333333333333,0.3333333333333333,0.56998974,
566,4,0,0,0.1666666666666666,0.6666666666666667,0.37457204,
570,4,0,1,0.6666666666666666,0.3333333333333332,0.48182282,
572,4,0,1,0.8333333333333334,0.6666666666666667,0.4771946,
578,4,0,1,0.5,0.0,0.43556315,
579,4,0,0,0.3333333333333333,0.3333333333333333,0.48741502,
586,4,0,1,0.6666666666666666,0.3333333333333332,0.451673,
591,4,0,1,0.5,0.0,0.45093262,
598,4,0,0,0.3333333333333333,0.3333333333333333,0.6325147,
604,4,0,1,0.75,0.5,0.5588105,
613,4,0,0,0.0,1.0,0.6289458,
618,4,0,0,0.0,1.0,0.58104396,
623,4,0,1,0.5,0.0,0.46224207,
625,4,0,0,0.0,1.0,0.36769515,
635,4,0,1,0.5,0.0,0.43613356,
637,4,0,1,0.5,0.0,0.44959238,
639,4,0,0,0.0,1.0,0.3261606,
640,4,0,1,0.75,0.5,0.70273435,
641,4,0,0,0.0,1.0,0.47156847,
648,4,0,1,0.5,0.0,0.47480658,
661,4,0,1,0.8333333333333334,0.6666666666666667,0.7422578,
662,4,0,0,0.0,1.0,0.4839628,
663,4,0,0,0.3333333333333333,0.3333333333333333,0.44973633,
667,4,0,0,0.3333333333333333,0.3333333333333333,0.56243336,
673,4,0,0,0.3333333333333333,0.3333333333333333,0.4343745,
679,4,0,0,0.4,0.1999999999999999,0.41823927,
683,4,0,1,0.8333333333333334,0.6666666666666667,0.56054056,
685,4,0,0,0.0,1.0,0.21994156,
686,4,0,0,0.0,1.0,0.5195382,
689,4,0,0,0.0,1.0,0.39556953,
699,4,0,0,0.1666666666666666,0.6666666666666667,0.6171895,
702,4,0,0,0.1666666666666666,0.6666666666666667,0.50384605,
703,4,0,0,0.0,1.0,0.5016421,
705,4,0,1,0.5,0.0,0.39956874,
727,4,0,0,0.4,0.1999999999999999,0.6263251,
732,4,0,0,0.0,1.0,0.505299,
740,4,0,0,0.1666666666666666,0.6666666666666667,0.34374684,
742,4,0,1,0.5,0.0,0.5329963,
1,4,1,0,0.3333333333333333,0.3333333333333333,0.33942237,
21,4,1,0,0.2,0.6,0.4890164,
28,4,1,0,0.2,0.6,0.6170473,
38,4,1,0,0.0,1.0,0.61901426,
41,4,1,0,0.2,0.6,0.48802114,
43,4,1,0,0.2,0.6,0.58101124,
45,4,1,0,0.0,1.0,0.31126493,
54,4,1,0,0.25,0.5,0.5125059,
59,4,1,0,0.25,0.5,0.42912132,
61,4,1,0,0.2,0.6,0.5464085,
65,4,1,0,0.25,0.5,0.40350693,
66,4,1,0,0.0,1.0,0.5853085,
72,4,1,0,0.25,0.5,0.44525117,
81,4,1,0,0.0,1.0,0.40593553,
87,4,1,0,0.0,1.0,0.5991218,
91,4,1,0,0.25,0.5,0.3575952,
93,4,1,0,0.0,1.0,0.49879688,
95,4,1,0,0.25,0.5,0.42034835,
102,4,1,0,0.0,1.0,0.4016624,
107,4,1,0,0.1111111111111111,0.7777777777777778,0.5612923,
118,4,1,0,0.0,1.0,0.68814987,
127,4,1,1,0.6666666666666666,0.3333333333333332,0.5774413,
129,4,1,0,0.2,0.6,0.60133195,
131,4,1,0,0.0,1.0,0.50606,
139,4,1,0,0.0,1.0,0.44691896,
140,4,1,0,0.2222222222222222,0.5555555555555556,0.5263744,
143,4,1,1,0.5555555555555556,0.1111111111111111,0.6124424,
145,4,1,0,0.4444444444444444,0.1111111111111111,0.39774284,
156,4,1,0,0.25,0.5,0.55246425,
171,4,1,0,0.25,0.5,0.59946465,
172,4,1,0,0.0,1.0,0.44023266,
173,4,1,0,0.25,0.5,0.4922909,
179,4,1,0,0.25,0.5,0.5163199,
183,4,1,0,0.0,1.0,0.25667512,
187,4,1,0,0.0,1.0,0.51933455,
188,4,1,0,0.0,1.0,0.35790026,
194,4,1,0,0.0,1.0,0.5760857,
195,4,1,0,0.0,1.0,0.59736586,
203,4,1,0,0.2,0.6,0.41258493,
204,4,1,0,0.4,0.1999999999999999,0.41926396,
206,4,1,1,0.5,0.0,0.351102,
211,4,1,1,0.6,0.1999999999999999,0.5776662,
214,4,1,0,0.2,0.6,0.47925124,
215,4,1,0,0.2,0.6,0.36897814,
217,4,1,0,0.0,1.0,0.51440716,
219,4,1,0,0.0,1.0,0.43941087,
220,4,1,0,0.4,0.1999999999999999,0.41184908,
221,4,1,1,0.8,0.6000000000000001,0.37854785,
231,4,1,1,0.5,0.0,0.574402,
237,4,1,0,0.4,0.1999999999999999,0.34311408,
244,4,1,1,0.6,0.1999999999999999,0.5085789,
247,4,1,0,0.2,0.6,0.60673726,
249,4,1,1,0.6,0.1999999999999999,0.51214045,
259,4,1,0,0.0,1.0,0.4089024,
272,4,1,1,0.5,0.0,0.57255936,
277,4,1,1,0.5,0.0,0.65368116,
295,4,1,0,0.0,1.0,0.36878347,
310,4,1,0,0.2,0.6,0.57437027,
313,4,1,0,0.0,1.0,0.41586834,
322,4,1,1,0.6,0.1999999999999999,0.6060699,
327,4,1,0,0.0,1.0,0.65137607,
329,4,1,0,0.0,1.0,0.474854,
342,4,1,0,0.2,0.6,0.5216087,
345,4,1,0,0.0,1.0,0.30273843,
348,4,1,0,0.4,0.1999999999999999,0.7651236,
349,4,1,0,0.0,1.0,0.32800525,
351,4,1,0,0.0,1.0,0.48331797,
352,4,1,0,0.25,0.5,0.44418088,
354,4,1,0,0.25,0.5,0.5404566,
367,4,1,0,0.25,0.5,0.59601295,
374,4,1,1,0.5,0.0,0.48224783,
376,4,1,1,0.5,0.0,0.4045565,
377,4,1,0,0.25,0.5,0.40266472,
379,4,1,1,0.75,0.5,0.4492911,
387,4,1,0,0.0,1.0,0.41443515,
389,4,1,0,0.25,0.5,0.51334554,
391,4,1,0,0.0,1.0,0.34331435,
392,4,1,1,0.5,0.0,0.64232755,
398,4,1,0,0.25,0.5,0.51861274,
402,4,1,1,0.6,0.1999999999999999,0.30544522,
404,4,1,1,0.6,0.1999999999999999,0.72571445,
405,4,1,0,0.0,1.0,0.40159285,
406,4,1,1,0.6,0.1999999999999999,0.32637322,
407,4,1,0,0.2,0.6,0.54874766,
424,4,1,1,0.6,0.1999999999999999,0.3767304,
426,4,1,1,0.8,0.6000000000000001,0.4499069,
436,4,1,0,0.4,0.1999999999999999,0.4000191,
440,4,1,0,0.0,1.0,0.5899918,
441,4,1,0,0.2,0.6,0.4890611,
449,4,1,0,0.4,0.1999999999999999,0.39161664,
450,4,1,0,0.2,0.6,0.45238462,
453,4,1,0,0.25,0.5,0.4578666,
457,4,1,1,0.5,0.0,0.55812746,
460,4,1,0,0.0,1.0,0.4019038,
463,4,1,0,0.25,0.5,0.50720865,
464,4,1,0,0.0,1.0,0.5717163,
465,4,1,1,0.5,0.0,0.646435,
466,4,1,1,0.5,0.0,0.5468956,
472,4,1,0,0.25,0.5,0.32131496,
473,4,1,0,0.25,0.5,0.48191637,
474,4,1,0,0.0,1.0,0.25919253,
494,4,1,1,0.8,0.6000000000000001,0.5634848,
519,4,1,0,0.0,1.0,0.49616128,
520,4,1,1,0.5,0.0,0.34470907,
528,4,1,0,0.0,1.0,0.46786833,
533,4,1,0,0.0,1.0,0.47659576,
535,4,1,0,0.25,0.5,0.5266783,
537,4,1,0,0.25,0.5,0.44006088,
539,4,1,0,0.25,0.5,0.4870869,
540,4,1,0,0.25,0.5,0.7286773,
547,4,1,1,0.5,0.0,0.4573388,
548,4,1,1,0.5,0.0,0.35932863,
558,4,1,1,0.5,0.0,0.54250497,
560,4,1,0,0.1666666666666666,0.6666666666666667,0.2078548,
568,4,1,1,1.0,1.0,0.45590287,
571,4,1,1,0.5,0.0,0.3377539,
577,4,1,0,0.1666666666666666,0.6666666666666667,0.46827096,
592,4,1,1,0.6,0.1999999999999999,0.4192829,
608,4,1,0,0.0,1.0,0.683785,
610,4,1,0,0.25,0.5,0.6127975,
617,4,1,1,0.5,0.0,0.5052638,
620,4,1,1,0.75,0.5,0.5605518,
621,4,1,1,0.5,0.0,0.44773787,
629,4,1,1,0.5,0.0,0.72386545,
632,4,1,1,0.5,0.0,0.42035127,
636,4,1,0,0.0,1.0,0.4696728,
647,4,1,1,0.5,0.0,0.52962244,
649,4,1,1,0.5,0.0,0.3391258,
656,4,1,1,0.6666666666666666,0.3333333333333332,0.39286458,
669,4,1,0,0.3333333333333333,0.3333333333333333,0.4425279,
680,4,1,0,0.0,1.0,0.38397723,
681,4,1,0,0.1666666666666666,0.6666666666666667,0.5626402,
682,4,1,0,0.1666666666666666,0.6666666666666667,0.42994228,
690,4,1,0,0.0,1.0,0.5935097,
692,4,1,0,0.0,1.0,0.41768926,
694,4,1,0,0.3333333333333333,0.3333333333333333,0.3344649,
695,4,1,0,0.3333333333333333,0.3333333333333333,0.34615347,
698,4,1,1,0.5,0.0,0.56281346,
701,4,1,0,0.1666666666666666,0.6666666666666667,0.5308068,
715,4,1,1,0.5,0.0,0.41868633,
716,4,1,1,0.6666666666666666,0.3333333333333332,0.5887002,
718,4,1,0,0.1666666666666666,0.6666666666666667,0.6856994,
721,4,1,0,0.3333333333333333,0.3333333333333333,0.6570298,
724,4,1,0,0.2,0.6,0.47350156,
728,4,1,0,0.2,0.6,0.3804486,
733,4,1,0,0.1666666666666666,0.6666666666666667,0.4837864,
739,4,1,0,0.3333333333333333,0.3333333333333333,0.50773084,
6,4,2,0,0.2,0.6,0.4621545,
7,4,2,1,0.6,0.1999999999999999,0.64509016,
26,4,2,1,0.8,0.6000000000000001,0.34452477,
37,4,2,0,0.2,0.6,0.36735106,
39,4,2,0,0.0,1.0,0.4073001,
42,4,2,0,0.0,1.0,0.5723742,
48,4,2,1,0.6,0.1999999999999999,0.37869573,
49,4,2,0,0.3333333333333333,0.3333333333333333,0.2774684,
56,4,2,0,0.25,0.5,0.37638345,
58,4,2,0,0.25,0.5,0.5094453,
64,4,2,0,0.3333333333333333,0.3333333333333333,0.26329917,
71,4,2,0,0.0,1.0,0.45812625,
76,4,2,0,0.25,0.5,0.5525539,
78,4,2,0,0.0,1.0,0.37883306,
82,4,2,0,0.25,0.5,0.48222613,
88,4,2,1,0.5,0.0,0.36845782,
92,4,2,0,0.0,1.0,0.5725223,
96,4,2,0,0.0,1.0,0.55270684,
100,4,2,0,0.25,0.5,0.6508689,
101,4,2,0,0.3333333333333333,0.3333333333333333,0.47659725,
103,4,2,0,0.1111111111111111,0.7777777777777778,0.55626047,
105,4,2,0,0.0,1.0,0.46664727,
108,4,2,0,0.25,0.5,0.55866104,
109,4,2,0,0.1111111111111111,0.7777777777777778,0.60084224,
112,4,2,0,0.125,0.75,0.4674648,
115,4,2,0,0.0,1.0,0.43718046,
125,4,2,0,0.125,0.75,0.34800357,
136,4,2,0,0.3333333333333333,0.3333333333333333,0.5426823,
137,4,2,1,0.6666666666666666,0.3333333333333332,0.36394548,
138,4,2,1,0.5555555555555556,0.1111111111111111,0.3958925,
158,4,2,0,0.0,1.0,0.24651182,
160,4,2,0,0.1666666666666666,0.6666666666666667,0.5020893,
162,4,2,0,0.2,0.6,0.44418457,
165,4,2,0,0.0,1.0,0.5694659,
167,4,2,0,0.0,1.0,0.47547364,
170,4,2,0,0.1666666666666666,0.6666666666666667,0.41040152,
201,4,2,0,0.25,0.5,0.30219078,
209,4,2,0,0.2,0.6,0.47183168,
212,4,2,0,0.2,0.6,0.46656707,
216,4,2,0,0.0,1.0,0.598729,
222,4,2,0,0.2,0.6,0.42792824,
224,4,2,0,0.4,0.1999999999999999,0.342482,
228,4,2,0,0.2,0.6,0.63655126,
238,4,2,0,0.25,0.5,0.22953644,
243,4,2,0,0.0,1.0,0.33518773,
245,4,2,0,0.0,1.0,0.38876557,
250,4,2,0,0.4,0.1999999999999999,0.5868236,
251,4,2,0,0.25,0.5,0.39716744,
260,4,2,0,0.25,0.5,0.50148225,
261,4,2,0,0.25,0.5,0.5024814,
262,4,2,1,0.5,0.0,0.5897279,
266,4,2,0,0.25,0.5,0.4869309,
271,4,2,0,0.0,1.0,0.5236037,
275,4,2,1,0.5,0.0,0.52612793,
279,4,2,0,0.2,0.6,0.33871466,
280,4,2,0,0.25,0.5,0.50747025,
281,4,2,0,0.0,1.0,0.5658208,
282,4,2,0,0.25,0.5,0.4247385,
290,4,2,0,0.0,1.0,0.6045859,
293,4,2,1,0.5,0.0,0.46973473,
294,4,2,0,0.0,1.0,0.5486752,
302,4,2,0,0.0,1.0,0.3334663,
303,4,2,0,0.0,1.0,0.44463634,
304,4,2,1,0.8,0.6000000000000001,0.5375334,
306,4,2,0,0.0,1.0,0.5182287,
331,4,2,0,0.0,1.0,0.33735424,
334,4,2,0,0.4,0.1999999999999999,0.45559213,
337,4,2,0,0.0,1.0,0.5240035,
338,4,2,0,0.4,0.1999999999999999,0.5565777,
341,4,2,1,0.6,0.1999999999999999,0.5401998,
350,4,2,0,0.0,1.0,0.40463734,
353,4,2,0,0.0,1.0,0.5520216,
362,4,2,1,0.75,0.5,0.53001964,
364,4,2,1,0.5,0.0,0.49908563,
371,4,2,0,0.25,0.5,0.6423117,
382,4,2,1,0.5,0.0,0.4048001,
388,4,2,1,0.5,0.0,0.375968,
390,4,2,1,0.75,0.5,0.46547323,
393,4,2,0,0.25,0.5,0.51120186,
396,4,2,1,0.75,0.5,0.60914683,
400,4,2,1,0.5,0.0,0.6464269,
403,4,2,0,0.0,1.0,0.32577047,
410,4,2,1,0.6,0.1999999999999999,0.48590863,
415,4,2,0,0.0,1.0,0.432584,
417,4,2,0,0.2,0.6,0.63841605,
419,4,2,0,0.4,0.1999999999999999,0.47900635,
425,4,2,0,0.0,1.0,0.48910868,
428,4,2,1,0.6,0.1999999999999999,0.3263644,
439,4,2,0,0.2,0.6,0.43843198,
447,4,2,0,0.0,1.0,0.4559642,
448,4,2,0,0.0,1.0,0.3296944,
458,4,2,0,0.0,1.0,0.59856206,
459,4,2,0,0.25,0.5,0.36133042,
470,4,2,0,0.0,1.0,0.47227323,
477,4,2,0,0.0,1.0,0.44792098,
479,4,2,0,0.0,1.0,0.2990417,
486,4,2,0,0.25,0.5,0.7021481,
495,4,2,0,0.0,1.0,0.5617969,
496,4,2,1,0.75,0.5,0.44889745,
511,4,2,1,0.5,0.0,0.45131952,
516,4,2,0,0.0,1.0,0.39290708,
530,4,2,1,0.5,0.0,0.38767648,
550,4,2,0,0.0,1.0,0.47385255,
551,4,2,1,0.6666666666666666,0.3333333333333332,0.59567255,
552,4,2,1,0.6666666666666666,0.3333333333333332,0.42677253,
557,4,2,0,0.3333333333333333,0.3333333333333333,0.46088803,
561,4,2,1,0.5,0.0,0.37378547,
562,4,2,0,0.3333333333333333,0.3333333333333333,0.5732267,
563,4,2,0,0.0,1.0,0.48869574,
565,4,2,0,0.3333333333333333,0.3333333333333333,0.5581784,
581,4,2,0,0.3333333333333333,0.3333333333333333,0.5159007,
582,4,2,1,0.5,0.0,0.47617862,
583,4,2,1,0.5,0.0,0.65170187,
584,4,2,1,0.6666666666666666,0.3333333333333332,0.5092329,
597,4,2,0,0.0,1.0,0.46241832,
600,4,2,0,0.1666666666666666,0.6666666666666667,0.44913417,
601,4,2,0,0.0,1.0,0.4018691,
602,4,2,0,0.25,0.5,0.45336366,
606,4,2,0,0.25,0.5,0.28060803,
609,4,2,0,0.25,0.5,0.4902947,
614,4,2,1,0.75,0.5,0.64749527,
619,4,2,0,0.25,0.5,0.6177479,
624,4,2,0,0.25,0.5,0.31936675,
628,4,2,0,0.0,1.0,0.39726657,
630,4,2,1,0.5,0.0,0.54425275,
633,4,2,1,0.5,0.0,0.6063742,
634,4,2,0,0.25,0.5,0.3066315,
642,4,2,1,0.75,0.5,0.59287953,
644,4,2,0,0.25,0.5,0.49875653,
646,4,2,0,0.0,1.0,0.31350377,
651,4,2,0,0.3333333333333333,0.3333333333333333,0.3655045,
654,4,2,0,0.1666666666666666,0.6666666666666667,0.429358,
655,4,2,1,0.6666666666666666,0.3333333333333332,0.5264164,
657,4,2,1,0.5,0.0,0.43391398,
658,4,2,0,0.1666666666666666,0.6666666666666667,0.6287939,
659,4,2,1,0.6666666666666666,0.3333333333333332,0.42709035,
670,4,2,1,0.5,0.0,0.4753356,
697,4,2,1,0.5,0.0,0.504124,
707,4,2,1,0.5,0.0,0.42293948,
708,4,2,0,0.0,1.0,0.6624273,
712,4,2,0,0.1666666666666666,0.6666666666666667,0.55525625,
713,4,2,1,0.6,0.1999999999999999,0.5464823,
720,4,2,0,0.0,1.0,0.45245686,
723,4,2,0,0.1666666666666666,0.6666666666666667,0.5830672,
734,4,2,0,0.0,1.0,0.49940878,
738,4,2,0,0.3333333333333333,0.3333333333333333,0.53111213,
741,4,2,0,0.2,0.6,0.61549866,
4,4,3,1,0.6,0.1999999999999999,0.6179879,
12,4,3,0,0.4,0.1999999999999999,0.4479316,
14,4,3,0,0.2,0.6,0.64796317,
15,4,3,0,0.4,0.1999999999999999,0.54372597,
17,4,3,0,0.4,0.1999999999999999,0.57495964,
22,4,3,0,0.2,0.6,0.605154,
27,4,3,0,0.2,0.6,0.44260427,
33,4,3,0,0.4,0.1999999999999999,0.4253369,
35,4,3,1,0.5,0.0,0.53404063,
50,4,3,1,0.8,0.6000000000000001,0.43348485,
53,4,3,0,0.1666666666666666,0.6666666666666667,0.43602836,
55,4,3,0,0.0,1.0,0.5089798,
62,4,3,0,0.25,0.5,0.44713557,
68,4,3,0,0.0,1.0,0.4122538,
75,4,3,0,0.0,1.0,0.4495527,
77,4,3,0,0.25,0.5,0.4329426,
79,4,3,0,0.25,0.5,0.41511345,
84,4,3,0,0.3333333333333333,0.3333333333333333,0.62029827,
97,4,3,0,0.25,0.5,0.41530693,
98,4,3,0,0.3333333333333333,0.3333333333333333,0.64229333,
99,4,3,0,0.0,1.0,0.37258852,
104,4,3,0,0.1111111111111111,0.7777777777777778,0.48635936,
106,4,3,1,1.0,1.0,0.49416423,
114,4,3,0,0.1111111111111111,0.7777777777777778,0.64792126,
119,4,3,0,0.1111111111111111,0.7777777777777778,0.60087264,
120,4,3,0,0.0,1.0,0.5043548,
122,4,3,0,0.0,1.0,0.47195926,
126,4,3,0,0.2222222222222222,0.5555555555555556,0.5886644,
132,4,3,0,0.2222222222222222,0.5555555555555556,0.47155318,
134,4,3,0,0.1111111111111111,0.7777777777777778,0.4132729,
135,4,3,0,0.1666666666666666,0.6666666666666667,0.38565314,
147,4,3,0,0.0,1.0,0.5807309,
148,4,3,0,0.1111111111111111,0.7777777777777778,0.30248255,
153,4,3,0,0.0,1.0,0.3200016,
157,4,3,0,0.25,0.5,0.41359207,
163,4,3,0,0.25,0.5,0.5647454,
166,4,3,0,0.25,0.5,0.51836514,
168,4,3,0,0.25,0.5,0.48628777,
174,4,3,1,0.5,0.0,0.46790886,
176,4,3,0,0.0,1.0,0.41050375,
177,4,3,0,0.0,1.0,0.43483233,
178,4,3,0,0.0,1.0,0.5799536,
180,4,3,0,0.0,1.0,0.5897796,
181,4,3,1,0.5,0.0,0.45545784,
184,4,3,0,0.0,1.0,0.37334925,
197,4,3,0,0.0,1.0,0.5785847,
207,4,3,0,0.2,0.6,0.38785744,
227,4,3,1,1.0,1.0,0.5059409,
229,4,3,0,0.0,1.0,0.5375815,
235,4,3,0,0.0,1.0,0.48525307,
239,4,3,1,0.6,0.1999999999999999,0.39227992,
253,4,3,0,0.0,1.0,0.5650467,
254,4,3,0,0.25,0.5,0.44099405,
258,4,3,0,0.0,1.0,0.5284974,
267,4,3,0,0.0,1.0,0.2460548,
269,4,3,1,0.5,0.0,0.43787783,
286,4,3,0,0.2,0.6,0.51515305,
287,4,3,0,0.25,0.5,0.57470274,
291,4,3,0,0.0,1.0,0.58377206,
296,4,3,0,0.0,1.0,0.4673239,
299,4,3,1,0.8,0.6000000000000001,0.46430826,
307,4,3,0,0.4,0.1999999999999999,0.49496466,
314,4,3,0,0.0,1.0,0.5202762,
316,4,3,0,0.4,0.1999999999999999,0.41368037,
325,4,3,0,0.0,1.0,0.508248,
336,4,3,0,0.4,0.1999999999999999,0.5048946,
343,4,3,1,0.8,0.6000000000000001,0.5357977,
355,4,3,0,0.25,0.5,0.45546392,
356,4,3,0,0.25,0.5,0.44434065,
357,4,3,1,0.5,0.0,0.4384508,
361,4,3,0,0.0,1.0,0.37063622,
363,4,3,0,0.0,1.0,0.6581727,
366,4,3,0,0.0,1.0,0.56676185,
368,4,3,1,0.5,0.0,0.5460917,
375,4,3,1,0.5,0.0,0.5218509,
386,4,3,0,0.25,0.5,0.45425487,
394,4,3,1,0.5,0.0,0.6105381,
408,4,3,0,0.4,0.1999999999999999,0.5357081,
409,4,3,0,0.4,0.1999999999999999,0.4932022,
412,4,3,1,1.0,1.0,0.50571454,
414,4,3,1,0.6,0.1999999999999999,0.44116753,
418,4,3,0,0.0,1.0,0.44362712,
429,4,3,0,0.0,1.0,0.55437124,
437,4,3,1,0.6,0.1999999999999999,0.44078708,
442,4,3,1,0.8,0.6000000000000001,0.38369364,
445,4,3,0,0.0,1.0,0.34167814,
446,4,3,0,0.2,0.6,0.58769965,
462,4,3,1,0.5,0.0,0.663833,
471,4,3,0,0.0,1.0,0.7153603,
478,4,3,0,0.0,1.0,0.3843273,
481,4,3,0,0.0,1.0,0.48696178,
482,4,3,0,0.0,1.0,0.35458642,
483,4,3,0,0.25,0.5,0.36830056,
484,4,3,0,0.25,0.5,0.46259844,
488,4,3,1,0.5,0.0,0.44686684,
490,4,3,0,0.25,0.5,0.29644406,
493,4,3,0,0.0,1.0,0.40010226,
497,4,3,0,0.0,1.0,0.4693557,
498,4,3,0,0.0,1.0,0.37143087,
500,4,3,0,0.25,0.5,0.45916253,
501,4,3,0,0.25,0.5,0.4086805,
504,4,3,1,0.75,0.5,0.55311704,
509,4,3,0,0.25,0.5,0.2759648,
518,4,3,0,0.25,0.5,0.5117899,
521,4,3,1,0.75,0.5,0.4402787,
526,4,3,0,0.0,1.0,0.37608343,
527,4,3,0,0.25,0.5,0.55323505,
538,4,3,0,0.0,1.0,0.52160823,
541,4,3,1,0.5,0.0,0.4045627,
544,4,3,1,0.5,0.0,0.5787106,
549,4,3,0,0.0,1.0,0.45252925,
554,4,3,1,0.5,0.0,0.5761257,
564,4,3,1,0.5,0.0,0.5426924,
567,4,3,0,0.3333333333333333,0.3333333333333333,0.5108702,
569,4,3,0,0.1666666666666666,0.6666666666666667,0.51684546,
573,4,3,0,0.3333333333333333,0.3333333333333333,0.5824302,
574,4,3,0,0.3333333333333333,0.3333333333333333,0.42571753,
575,4,3,1,0.5,0.0,0.61039937,
585,4,3,1,0.5,0.0,0.43303782,
587,4,3,1,0.8333333333333334,0.6666666666666667,0.35632914,
588,4,3,0,0.1666666666666666,0.6666666666666667,0.45419458,
589,4,3,0,0.3333333333333333,0.3333333333333333,0.4092709,
594,4,3,0,0.0,1.0,0.34519765,
596,4,3,1,0.5,0.0,0.6164477,
605,4,3,1,0.5,0.0,0.56469357,
615,4,3,1,0.75,0.5,0.527594,
622,4,3,1,0.75,0.5,0.43805352,
626,4,3,1,0.5,0.0,0.34802347,
638,4,3,0,0.25,0.5,0.40245974,
643,4,3,1,0.5,0.0,0.5188622,
652,4,3,0,0.0,1.0,0.37146902,
653,4,3,1,0.5,0.0,0.3113563,
664,4,3,1,0.6666666666666666,0.3333333333333332,0.57088387,
672,4,3,0,0.0,1.0,0.3768602,
674,4,3,0,0.3333333333333333,0.3333333333333333,0.4201531,
675,4,3,0,0.3333333333333333,0.3333333333333333,0.36694318,
676,4,3,0,0.1666666666666666,0.6666666666666667,0.47912204,
693,4,3,1,0.5,0.0,0.38966835,
704,4,3,0,0.3333333333333333,0.3333333333333333,0.5722431,
709,4,3,0,0.3333333333333333,0.3333333333333333,0.5717,
710,4,3,0,0.0,1.0,0.3895178,
714,4,3,0,0.3333333333333333,0.3333333333333333,0.512728,
717,4,3,1,0.5,0.0,0.61667085,
719,4,3,0,0.1666666666666666,0.6666666666666667,0.5793623,
722,4,3,0,0.2,0.6,0.38098815,
735,4,3,0,0.0,1.0,0.3457203,
737,4,3,0,0.1666666666666666,0.6666666666666667,0.40039942,
2,4,4,0,0.4,0.1999999999999999,0.46054822,
5,4,4,0,0.2,0.6,0.4910214,
9,4,4,0,0.0,1.0,0.4030165,
16,4,4,1,0.6,0.1999999999999999,0.34828478,
20,4,4,0,0.25,0.5,0.4195285,
32,4,4,0,0.2,0.6,0.4598248,
40,4,4,0,0.2,0.6,0.4780493,
63,4,4,0,0.0,1.0,0.4860968,
69,4,4,0,0.0,1.0,0.4682668,
73,4,4,0,0.0,1.0,0.28419605,
74,4,4,0,0.0,1.0,0.61421895,
80,4,4,0,0.0,1.0,0.45219484,
85,4,4,0,0.25,0.5,0.5800098,
86,4,4,0,0.0,1.0,0.5089366,
89,4,4,0,0.25,0.5,0.663244,
113,4,4,0,0.1111111111111111,0.7777777777777778,0.61336434,
117,4,4,0,0.25,0.5,0.43365765,
123,4,4,0,0.0,1.0,0.37011755,
130,4,4,0,0.1111111111111111,0.7777777777777778,0.4931221,
133,4,4,1,0.8888888888888888,0.7777777777777777,0.3535633,
141,4,4,0,0.0,1.0,0.5705892,
142,4,4,0,0.0,1.0,0.54565537,
144,4,4,0,0.0,1.0,0.4856925,
146,4,4,1,0.8888888888888888,0.7777777777777777,0.4316362,
149,4,4,0,0.3333333333333333,0.3333333333333333,0.3140375,
150,4,4,0,0.0,1.0,0.5069811,
152,4,4,0,0.0,1.0,0.3615463,
154,4,4,0,0.25,0.5,0.405115,
155,4,4,0,0.25,0.5,0.60401165,
161,4,4,0,0.0,1.0,0.48747593,
164,4,4,0,0.0,1.0,0.2730642,
175,4,4,0,0.0,1.0,0.40556258,
186,4,4,0,0.0,1.0,0.4494242,
193,4,4,0,0.25,0.5,0.553442,
196,4,4,1,0.5,0.0,0.5319246,
199,4,4,0,0.25,0.5,0.37052158,
202,4,4,1,0.6,0.1999999999999999,0.3693334,
208,4,4,0,0.0,1.0,0.21884924,
210,4,4,0,0.4,0.1999999999999999,0.84645295,
223,4,4,0,0.2,0.6,0.39810044,
225,4,4,0,0.2,0.6,0.33805788,
232,4,4,0,0.25,0.5,0.45482007,
257,4,4,0,0.25,0.5,0.3825867,
263,4,4,0,0.2,0.6,0.48838067,
264,4,4,0,0.25,0.5,0.42326176,
265,4,4,1,0.5,0.0,0.5023993,
268,4,4,1,0.5,0.0,0.30194172,
270,4,4,0,0.0,1.0,0.7090014,
276,4,4,0,0.2,0.6,0.51990944,
283,4,4,0,0.25,0.5,0.6027693,
284,4,4,1,0.5,0.0,0.308775,
285,4,4,0,0.4,0.1999999999999999,0.39426053,
289,4,4,1,0.5,0.0,0.51819444,
292,4,4,0,0.25,0.5,0.75957334,
297,4,4,0,0.0,1.0,0.38835207,
298,4,4,0,0.25,0.5,0.5678376,
300,4,4,0,0.0,1.0,0.56419885,
308,4,4,0,0.4,0.1999999999999999,0.6224918,
309,4,4,1,0.8,0.6000000000000001,0.5866494,
312,4,4,0,0.0,1.0,0.3830671,
317,4,4,0,0.4,0.1999999999999999,0.3245026,
318,4,4,0,0.4,0.1999999999999999,0.5467658,
324,4,4,0,0.2,0.6,0.64940166,
328,4,4,1,0.6,0.1999999999999999,0.35873684,
332,4,4,0,0.0,1.0,0.42713457,
333,4,4,0,0.0,1.0,0.45604903,
335,4,4,1,0.5,0.0,0.2917553,
340,4,4,1,0.6,0.1999999999999999,0.37030506,
344,4,4,0,0.2,0.6,0.5144733,
347,4,4,0,0.4,0.1999999999999999,0.71152127,
358,4,4,0,0.25,0.5,0.593534,
360,4,4,0,0.25,0.5,0.45525724,
365,4,4,0,0.25,0.5,0.56516266,
369,4,4,0,0.0,1.0,0.32304543,
373,4,4,0,0.0,1.0,0.60746133,
378,4,4,1,0.5,0.0,0.36652136,
383,4,4,0,0.0,1.0,0.35197565,
385,4,4,1,0.5,0.0,0.48292363,
397,4,4,1,0.75,0.5,0.52123654,
399,4,4,0,0.25,0.5,0.38902643,
401,4,4,0,0.2,0.6,0.38282818,
413,4,4,0,0.0,1.0,0.4258998,
421,4,4,0,0.2,0.6,0.29383677,
427,4,4,1,0.6,0.1999999999999999,0.42322022,
430,4,4,1,0.6,0.1999999999999999,0.41470295,
431,4,4,0,0.4,0.1999999999999999,0.38468283,
432,4,4,0,0.2,0.6,0.41440916,
433,4,4,0,0.0,1.0,0.37196124,
444,4,4,0,0.2,0.6,0.47032207,
451,4,4,0,0.25,0.5,0.36015803,
454,4,4,0,0.0,1.0,0.5662428,
461,4,4,1,0.5,0.0,0.5941039,
467,4,4,1,1.0,1.0,0.6701954,
469,4,4,1,0.75,0.5,0.29202706,
475,4,4,0,0.25,0.5,0.51537174,
487,4,4,0,0.2,0.6,0.28020227,
491,4,4,1,0.5,0.0,0.6415899,
499,4,4,0,0.0,1.0,0.35632148,
502,4,4,1,0.75,0.5,0.33844686,
503,4,4,0,0.0,1.0,0.3615661,
508,4,4,1,0.75,0.5,0.30985612,
513,4,4,0,0.0,1.0,0.43276483,
514,4,4,1,0.75,0.5,0.5282511,
524,4,4,0,0.0,1.0,0.6751064,
525,4,4,0,0.2,0.6,0.2952451,
529,4,4,1,0.5,0.0,0.28859544,
531,4,4,1,0.75,0.5,0.5575683,
532,4,4,0,0.0,1.0,0.337021,
545,4,4,0,0.25,0.5,0.26442277,
546,4,4,1,0.5,0.0,0.3690219,
556,4,4,0,0.1666666666666666,0.6666666666666667,0.46899652,
559,4,4,1,0.6666666666666666,0.3333333333333332,0.31629533,
576,4,4,1,0.5,0.0,0.55020493,
580,4,4,0,0.3333333333333333,0.3333333333333333,0.20652938,
590,4,4,0,0.3333333333333333,0.3333333333333333,0.6500106,
593,4,4,1,0.5,0.0,0.38048083,
595,4,4,1,0.8333333333333334,0.6666666666666667,0.42266563,
599,4,4,0,0.0,1.0,0.3561605,
603,4,4,1,0.5,0.0,0.3689235,
607,4,4,0,0.0,1.0,0.32547528,
611,4,4,1,0.75,0.5,0.4691919,
612,4,4,0,0.0,1.0,0.26607427,
616,4,4,1,0.75,0.5,0.3747931,
627,4,4,1,0.75,0.5,0.6032462,
631,4,4,0,0.0,1.0,0.44632983,
645,4,4,1,0.75,0.5,0.5922253,
650,4,4,0,0.0,1.0,0.28164124,
660,4,4,0,0.1666666666666666,0.6666666666666667,0.38235933,
665,4,4,0,0.1666666666666666,0.6666666666666667,0.4102515,
668,4,4,0,0.1666666666666666,0.6666666666666667,0.64408016,
671,4,4,0,0.3333333333333333,0.3333333333333333,0.5890471,
677,4,4,1,0.6666666666666666,0.3333333333333332,0.4191547,
678,4,4,0,0.3333333333333333,0.3333333333333333,0.25592098,
684,4,4,0,0.0,1.0,0.40206164,
687,4,4,0,0.3333333333333333,0.3333333333333333,0.36050445,
688,4,4,0,0.1666666666666666,0.6666666666666667,0.33142328,
691,4,4,0,0.1666666666666666,0.6666666666666667,0.61168087,
696,4,4,0,0.1666666666666666,0.6666666666666667,0.46893954,
700,4,4,1,0.5,0.0,0.49633703,
706,4,4,1,0.6666666666666666,0.3333333333333332,0.7208066,
711,4,4,1,0.6,0.1999999999999999,0.5711335,
725,4,4,0,0.0,1.0,0.57498705,
726,4,4,0,0.0,1.0,0.6613769,
729,4,4,0,0.4,0.1999999999999999,0.59190094,
730,4,4,0,0.3333333333333333,0.3333333333333333,0.38510102,
731,4,4,0,0.0,1.0,0.32556736,
736,4,4,0,0.0,1.0,0.59030974,
