patient_id,repeat,fold,y,y_soft,agreement,p,thr
5,0,0,0,0.2,0.6,0.5185225728875625,
7,0,0,1,0.6,0.1999999999999999,0.600564001454304,
28,0,0,0,0.2,0.6,0.4492136185311,
29,0,0,0,0.2,0.6,0.6656433202273834,
32,0,0,0,0.2,0.6,0.4518318599671329,
40,0,0,0,0.2,0.6,0.4017876438478676,
49,0,0,0,0.3333333333333333,0.3333333333333333,0.2968213899532336,
50,0,0,1,0.8,0.6000000000000001,0.5108084170706253,
51,0,0,0,0.25,0.5,0.5003153804517576,
55,0,0,0,0.0,1.0,0.48430040348377185,
59,0,0,0,0.25,0.5,0.4386149826021395,
63,0,0,0,0.0,1.0,0.5773642686041948,
64,0,0,0,0.3333333333333333,0.3333333333333333,0.21809930537105948,
67,0,0,0,0.0,1.0,0.4557198258906604,
73,0,0,0,0.0,1.0,0.3300725288607973,
77,0,0,0,0.25,0.5,0.4778707763325093,
82,0,0,0,0.25,0.5,0.5643488952777557,
83,0,0,0,0.25,0.5,0.6694559307512434,
88,0,0,1,0.5,0.0,0.40306834150359455,
98,0,0,0,0.3333333333333333,0.3333333333333333,0.4744204150892938,
107,0,0,0,0.1111111111111111,0.7777777777777778,0.6195249192101335,
109,0,0,0,0.1111111111111111,0.7777777777777778,0.627426466191505,
110,0,0,0,0.0,1.0,0.48455794758675175,
112,0,0,0,0.125,0.75,0.46976564056449643,
113,0,0,0,0.1111111111111111,0.7777777777777778,0.6399771318956562,
116,0,0,0,0.0,1.0,0.4827147507141245,
122,0,0,0,0.0,1.0,0.4263255860486329,
127,0,0,1,0.6666666666666666,0.3333333333333332,0.5184263552671833,
134,0,0,0,0.1111111111111111,0.7777777777777778,0.3334399066069036,
139,0,0,0,0.0,1.0,0.3962621201817368,
151,0,0,0,0.0,1.0,0.5181705817026191,
153,0,0,0,0.0,1.0,0.2922437073410816,
160,0,0,0,0.1666666666666666,0.6666666666666667,0.5142488912320238,
161,0,0,0,0.0,1.0,0.49772389582555143,
174,0,0,1,0.5,0.0,0.49506073280918106,
177,0,0,0,0.0,1.0,0.4176683021408242,
183,0,0,0,0.0,1.0,0.36949555625637376,
199,0,0,0,0.25,0.5,0.43556989329500334,
202,0,0,1,0.6,0.1999999999999999,0.39194362937637406,
206,0,0,1,0.5,0.0,0.17443938793019503,
210,0,0,0,0.4,0.1999999999999999,0.7617030895297883,
230,0,0,0,0.2,0.6,0.3657886950543166,
231,0,0,1,0.5,0.0,0.5196045856020395,
232,0,0,0,0.25,0.5,0.3930852417361328,
233,0,0,0,0.0,1.0,0.2880974587714415,
240,0,0,0,0.2,0.6,0.3608224574270752,
241,0,0,1,0.6,0.1999999999999999,0.4216120821832229,
248,0,0,0,0.4,0.1999999999999999,0.4846739488668059,
253,0,0,0,0.0,1.0,0.6000361501427358,
259,0,0,0,0.0,1.0,0.47551278163044475,
274,0,0,1,0.5,0.0,0.6363487551526965,
275,0,0,1,0.5,0.0,0.5769599973964478,
282,0,0,0,0.25,0.5,0.3296712883792073,
284,0,0,1,0.5,0.0,0.4381909381153971,
285,0,0,0,0.4,0.1999999999999999,0.3400275383406921,
287,0,0,0,0.25,0.5,0.5447768007197291,
294,0,0,0,0.0,1.0,0.5837971939164942,
300,0,0,0,0.0,1.0,0.5168032319681481,
307,0,0,0,0.4,0.1999999999999999,0.3870627334505953,
309,0,0,1,0.8,0.6000000000000001,0.5261562401177695,
310,0,0,0,0.2,0.6,0.5443728027701917,
315,0,0,1,0.8,0.6000000000000001,0.4771611264827817,
316,0,0,0,0.4,0.1999999999999999,0.36149041917066543,
319,0,0,0,0.2,0.6,0.34614095355116337,
322,0,0,1,0.6,0.1999999999999999,0.6496902147210546,
329,0,0,0,0.0,1.0,0.5983134508002013,
330,0,0,0,0.4,0.1999999999999999,0.3596765879962376,
338,0,0,0,0.4,0.1999999999999999,0.5789807581698461,
339,0,0,0,0.0,1.0,0.43707708138237256,
342,0,0,0,0.2,0.6,0.4268801769687234,
345,0,0,0,0.0,1.0,0.22635957779428567,
371,0,0,0,0.25,0.5,0.6383224336650755,
372,0,0,0,0.25,0.5,0.36687579373676305,
374,0,0,1,0.5,0.0,0.39574976042457033,
376,0,0,1,0.5,0.0,0.4306219879264487,
384,0,0,0,0.25,0.5,0.4426618467568554,
394,0,0,1,0.5,0.0,0.5574900900092743,
407,0,0,0,0.2,0.6,0.46676717871333206,
413,0,0,0,0.0,1.0,0.4571038069438328,
421,0,0,0,0.2,0.6,0.36147628838974705,
436,0,0,0,0.4,0.1999999999999999,0.4298873785978144,
438,0,0,0,0.1666666666666666,0.6666666666666667,0.5189415032361999,
456,0,0,1,0.5,0.0,0.43616103027063385,
457,0,0,1,0.5,0.0,0.5254412052686699,
459,0,0,0,0.25,0.5,0.3754118704347508,
463,0,0,0,0.25,0.5,0.45148339107242474,
465,0,0,1,0.5,0.0,0.6022613115263307,
468,0,0,0,0.25,0.5,0.626678079397448,
480,0,0,1,0.5,0.0,0.6354772122109162,
487,0,0,0,0.2,0.6,0.23437446313424407,
490,0,0,0,0.25,0.5,0.3201805173784301,
491,0,0,1,0.5,0.0,0.5261731450931142,
492,0,0,0,0.3333333333333333,0.3333333333333333,0.3151659824665622,
495,0,0,0,0.0,1.0,0.5923703215362612,
497,0,0,0,0.0,1.0,0.48011952483470044,
499,0,0,0,0.0,1.0,0.40981617064242243,
510,0,0,1,0.5,0.0,0.5134875205933368,
513,0,0,0,0.0,1.0,0.4673410813860788,
514,0,0,1,0.75,0.5,0.4955623542172861,
518,0,0,0,0.25,0.5,0.5881237259350933,
521,0,0,1,0.75,0.5,0.5334867869043588,
528,0,0,0,0.0,1.0,0.45504819756701165,
534,0,0,1,0.75,0.5,0.483390522579502,
539,0,0,0,0.25,0.5,0.487954570443093,
540,0,0,0,0.25,0.5,0.7206502792210886,
542,0,0,0,0.25,0.5,0.41503896020383546,
549,0,0,0,0.0,1.0,0.3871778220309112,
554,0,0,1,0.5,0.0,0.6237769800900804,
557,0,0,0,0.3333333333333333,0.3333333333333333,0.35801586611788333,
565,0,0,0,0.3333333333333333,0.3333333333333333,0.6061300569224406,
566,0,0,0,0.1666666666666666,0.6666666666666667,0.5004843456567336,
572,0,0,1,0.8333333333333334,0.6666666666666667,0.39957710725022744,
573,0,0,0,0.3333333333333333,0.3333333333333333,0.5356057672137349,
574,0,0,0,0.3333333333333333,0.3333333333333333,0.4291389731979939,
577,0,0,0,0.1666666666666666,0.6666666666666667,0.5032952626663998,
583,0,0,1,0.5,0.0,0.6345534577462738,
586,0,0,1,0.6666666666666666,0.3333333333333332,0.4751933949107491,
587,0,0,1,0.8333333333333334,0.6666666666666667,0.35286809764434457,
588,0,0,0,0.1666666666666666,0.6666666666666667,0.5140586096330788,
590,0,0,0,0.3333333333333333,0.3333333333333333,0.6892911018056678,
601,0,0,0,0.0,1.0,0.39994231869617547,
603,0,0,1,0.5,0.0,0.3381845455196887,
608,0,0,0,0.0,1.0,0.7323871031084933,
618,0,0,0,0.0,1.0,0.6556737348928032,
628,0,0,0,0.0,1.0,0.3938145656972056,
633,0,0,1,0.5,0.0,0.4220458589783339,
645,0,0,1,0.75,0.5,0.5737124822759775,
648,0,0,1,0.5,0.0,0.5680726199722687,
649,0,0,1,0.5,0.0,0.4532086193346328,
650,0,0,0,0.0,1.0,0.26710009642600346,
653,0,0,1,0.5,0.0,0.3013577388801849,
657,0,0,1,0.5,0.0,0.2174747365636673,
664,0,0,1,0.6666666666666666,0.3333333333333332,0.46277297823372104,
670,0,0,1,0.5,0.0,0.42535693377973377,
674,0,0,0,0.3333333333333333,0.3333333333333333,0.5025127415066808,
689,0,0,0,0.0,1.0,0.2759269333431658,
690,0,0,0,0.0,1.0,0.5615292020038416,
694,0,0,0,0.3333333333333333,0.3333333333333333,0.2611790156932631,
695,0,0,0,0.3333333333333333,0.3333333333333333,0.3626703735953568,
699,0,0,0,0.1666666666666666,0.6666666666666667,0.6249890340575692,
703,0,0,0,0.0,1.0,0.49222061138400874,
712,0,0,0,0.1666666666666666,0.6666666666666667,0.5913852977984391,
714,0,0,0,0.3333333333333333,0.3333333333333333,0.3654757034306749,
715,0,0,1,0.5,0.0,0.354491812552725,
720,0,0,0,0.0,1.0,0.3747707535286271,
735,0,0,0,0.0,1.0,0.28002868829364047,
739,0,0,0,0.3333333333333333,0.3333333333333333,0.5424854405949817,
2,0,1,0,0.4,0.1999999999999999,0.38208664077120075,
4,0,1,1,0.6,0.1999999999999999,0.6815268191985753,
6,0,1,0,0.2,0.6,0.552939069115497,
14,0,1,0,0.2,0.6,0.4606459427760212,
16,0,1,1,0.6,0.1999999999999999,0.4121579209056808,
26,0,1,1,0.8,0.6000000000000001,0.329678195777807,
30,0,1,0,0.2,0.6,0.5030873805237042,
34,0,1,0,0.1666666666666666,0.6666666666666667,0.49705774711738193,
38,0,1,0,0.0,1.0,0.705875404372803,
39,0,1,0,0.0,1.0,0.39510123793437113,
56,0,1,0,0.25,0.5,0.3675148779571741,
61,0,1,0,0.2,0.6,0.4871859184428363,
65,0,1,0,0.25,0.5,0.33589517636420374,
66,0,1,0,0.0,1.0,0.5316650805293954,
68,0,1,0,0.0,1.0,0.37191039901365713,
69,0,1,0,0.0,1.0,0.472032480236841,
74,0,1,0,0.0,1.0,0.5696277796121421,
78,0,1,0,0.0,1.0,0.4735550470798524,
85,0,1,0,0.25,0.5,0.6033522610290389,
87,0,1,0,0.0,1.0,0.5948838046111332,
93,0,1,0,0.0,1.0,0.4996798803108601,
94,0,1,0,0.25,0.5,0.42529968926630113,
95,0,1,0,0.25,0.5,0.29740862078544916,
96,0,1,0,0.0,1.0,0.4547294715735871,
120,0,1,0,0.0,1.0,0.38779945061644794,
124,0,1,0,0.0,1.0,0.5820605116000143,
131,0,1,0,0.0,1.0,0.5982770056410384,
141,0,1,0,0.0,1.0,0.5548025107005122,
142,0,1,0,0.0,1.0,0.5347284042736151,
143,0,1,1,0.5555555555555556,0.1111111111111111,0.6104498271892245,
146,0,1,1,0.8888888888888888,0.7777777777777777,0.44265520850275564,
148,0,1,0,0.1111111111111111,0.7777777777777778,0.3247797292828841,
149,0,1,0,0.3333333333333333,0.3333333333333333,0.3447186544230357,
150,0,1,0,0.0,1.0,0.4467262209229523,
152,0,1,0,0.0,1.0,0.25338646581755714,
155,0,1,0,0.25,0.5,0.4500933683409439,
156,0,1,0,0.25,0.5,0.4690302162921332,
159,0,1,0,0.0,1.0,0.3886116557867808,
163,0,1,0,0.25,0.5,0.5092315767189014,
166,0,1,0,0.25,0.5,0.43455976861695056,
168,0,1,0,0.25,0.5,0.5912942671490984,
182,0,1,0,0.0,1.0,0.5410152626090916,
187,0,1,0,0.0,1.0,0.6423337131726419,
189,0,1,1,0.5,0.0,0.5545207099606466,
190,0,1,0,0.25,0.5,0.34300441031409523,
196,0,1,1,0.5,0.0,0.4316585354095151,
200,0,1,0,0.2,0.6,0.34421159432949655,
204,0,1,0,0.4,0.1999999999999999,0.2912311545094802,
208,0,1,0,0.0,1.0,0.2849993655184857,
209,0,1,0,0.2,0.6,0.4505333423485516,
211,0,1,1,0.6,0.1999999999999999,0.5730782501920029,
212,0,1,0,0.2,0.6,0.4970376553380643,
215,0,1,0,0.2,0.6,0.4258621359552677,
221,0,1,1,0.8,0.6000000000000001,0.3852645968392244,
224,0,1,0,0.4,0.1999999999999999,0.2676321986839384,
226,0,1,0,0.0,1.0,0.4515779999926074,
243,0,1,0,0.0,1.0,0.36390247522271196,
247,0,1,0,0.2,0.6,0.5376449582101219,
249,0,1,1,0.6,0.1999999999999999,0.4458549184601879,
250,0,1,0,0.4,0.1999999999999999,0.4713470880560542,
267,0,1,0,0.0,1.0,0.24436668773195785,
279,0,1,0,0.2,0.6,0.24969102739754787,
281,0,1,0,0.0,1.0,0.455665953322153,
288,0,1,1,0.75,0.5,0.39203915710079734,
291,0,1,0,0.0,1.0,0.4960059852398922,
308,0,1,0,0.4,0.1999999999999999,0.4200862490383061,
317,0,1,0,0.4,0.1999999999999999,0.4380878594323381,
326,0,1,0,0.0,1.0,0.28931782365821324,
328,0,1,1,0.6,0.1999999999999999,0.23657000117700042,
331,0,1,0,0.0,1.0,0.3274762124515339,
332,0,1,0,0.0,1.0,0.4412999212681157,
333,0,1,0,0.0,1.0,0.423495216361418,
335,0,1,1,0.5,0.0,0.27673937171742974,
336,0,1,0,0.4,0.1999999999999999,0.4239582743207892,
346,0,1,1,0.6,0.1999999999999999,0.5805742204814235,
355,0,1,0,0.25,0.5,0.4608998451170327,
359,0,1,0,0.25,0.5,0.7447216888285475,
360,0,1,0,0.25,0.5,0.3121403671607604,
381,0,1,1,0.75,0.5,0.49769200151694115,
388,0,1,1,0.5,0.0,0.42927201204941473,
397,0,1,1,0.75,0.5,0.44629318214385116,
398,0,1,0,0.25,0.5,0.5447614246944921,
405,0,1,0,0.0,1.0,0.3008550031825063,
411,0,1,0,0.2,0.6,0.6013190768055492,
414,0,1,1,0.6,0.1999999999999999,0.39489572400771,
416,0,1,0,0.0,1.0,0.5198547659123084,
425,0,1,0,0.0,1.0,0.39801340837359084,
435,0,1,0,0.4,0.1999999999999999,0.6201535997444951,
437,0,1,1,0.6,0.1999999999999999,0.5858754739618596,
441,0,1,0,0.2,0.6,0.42356521730067487,
442,0,1,1,0.8,0.6000000000000001,0.5085032208224709,
449,0,1,0,0.4,0.1999999999999999,0.4369003760221649,
452,0,1,0,0.25,0.5,0.3821493458928315,
469,0,1,1,0.75,0.5,0.33355998503626116,
481,0,1,0,0.0,1.0,0.5884293517918444,
482,0,1,0,0.0,1.0,0.25215537316967634,
485,0,1,1,0.5,0.0,0.3862770736250818,
486,0,1,0,0.25,0.5,0.7629509472911801,
496,0,1,1,0.75,0.5,0.4622745924144603,
498,0,1,0,0.0,1.0,0.3597981657412638,
503,0,1,0,0.0,1.0,0.4164747291390936,
509,0,1,0,0.25,0.5,0.26899537099232285,
512,0,1,1,1.0,1.0,0.6002645844704526,
519,0,1,0,0.0,1.0,0.5899547221261807,
523,0,1,0,0.25,0.5,0.5279923409357953,
524,0,1,0,0.0,1.0,0.4128530042671688,
527,0,1,0,0.25,0.5,0.5606237924479185,
529,0,1,1,0.5,0.0,0.3163314308762365,
530,0,1,1,0.5,0.0,0.33656613227695,
533,0,1,0,0.0,1.0,0.5355654393388454,
535,0,1,0,0.25,0.5,0.5388621812041671,
548,0,1,1,0.5,0.0,0.2686984996322494,
561,0,1,1,0.5,0.0,0.39563683060283594,
567,0,1,0,0.3333333333333333,0.3333333333333333,0.5789238737426954,
575,0,1,1,0.5,0.0,0.6801037866971842,
579,0,1,0,0.3333333333333333,0.3333333333333333,0.3401383824479402,
589,0,1,0,0.3333333333333333,0.3333333333333333,0.4000519793184695,
595,0,1,1,0.8333333333333334,0.6666666666666667,0.5441283008817694,
604,0,1,1,0.75,0.5,0.6700093631783489,
605,0,1,1,0.5,0.0,0.5667258918123403,
609,0,1,0,0.25,0.5,0.4478836218122102,
612,0,1,0,0.0,1.0,0.1956980969415929,
615,0,1,1,0.75,0.5,0.48571247858725675,
622,0,1,1,0.75,0.5,0.49326980673298665,
623,0,1,1,0.5,0.0,0.3524846526625573,
624,0,1,0,0.25,0.5,0.3004036878823214,
629,0,1,1,0.5,0.0,0.6886087881104699,
630,0,1,1,0.5,0.0,0.4979820295388414,
632,0,1,1,0.5,0.0,0.31543122872592094,
634,0,1,0,0.25,0.5,0.326479857722767,
636,0,1,0,0.0,1.0,0.4893534492143887,
638,0,1,0,0.25,0.5,0.49807628197055764,
642,0,1,1,0.75,0.5,0.6357062430098599,
658,0,1,0,0.1666666666666666,0.6666666666666667,0.5811102369044301,
660,0,1,0,0.1666666666666666,0.6666666666666667,0.42049541144051417,
667,0,1,0,0.3333333333333333,0.3333333333333333,0.3645860057390965,
676,0,1,0,0.1666666666666666,0.6666666666666667,0.4482995744034968,
681,0,1,0,0.1666666666666666,0.6666666666666667,0.4769522628324958,
683,0,1,1,0.8333333333333334,0.6666666666666667,0.49908473600842307,
693,0,1,1,0.5,0.0,0.4025820548326835,
707,0,1,1,0.5,0.0,0.31535618395906695,
730,0,1,0,0.3333333333333333,0.3333333333333333,0.4595941175481939,
731,0,1,0,0.0,1.0,0.4882794129664757,
733,0,1,0,0.1666666666666666,0.6666666666666667,0.41944296154645105,
737,0,1,0,0.1666666666666666,0.6666666666666667,0.3771377442035848,
738,0,1,0,0.3333333333333333,0.3333333333333333,0.4552133495521038,
741,0,1,0,0.2,0.6,0.5575653140406329,
15,0,2,0,0.4,0.1999999999999999,0.5703163202719328,
18,0,2,1,0.6,0.1999999999999999,0.500314510217854,
21,0,2,0,0.2,0.6,0.45317399462141517,
24,0,2,0,0.0,1.0,0.5444420103741356,
25,0,2,0,0.2,0.6,0.48312756555943115,
27,0,2,0,0.2,0.6,0.44192669441371135,
31,0,2,0,0.1666666666666666,0.6666666666666667,0.49556873314217714,
45,0,2,0,0.0,1.0,0.29779147185425303,
47,0,2,0,0.25,0.5,0.5623052232432446,
52,0,2,0,0.25,0.5,0.4747557204139712,
53,0,2,0,0.1666666666666666,0.6666666666666667,0.32038064815908107,
58,0,2,0,0.25,0.5,0.5337811548253535,
72,0,2,0,0.25,0.5,0.45609974529957054,
80,0,2,0,0.0,1.0,0.5562536222139578,
81,0,2,0,0.0,1.0,0.4380264002075329,
84,0,2,0,0.3333333333333333,0.3333333333333333,0.5527582959793329,
91,0,2,0,0.25,0.5,0.3419244548853514,
92,0,2,0,0.0,1.0,0.5758390921614565,
101,0,2,0,0.3333333333333333,0.3333333333333333,0.4174930989729153,
102,0,2,0,0.0,1.0,0.29761321687854037,
118,0,2,0,0.0,1.0,0.6637033143215926,
121,0,2,0,0.1111111111111111,0.7777777777777778,0.3658937371377431,
125,0,2,0,0.125,0.75,0.43270869974130544,
126,0,2,0,0.2222222222222222,0.5555555555555556,0.6022654840972321,
128,0,2,0,0.1111111111111111,0.7777777777777778,0.42475175197851106,
130,0,2,0,0.1111111111111111,0.7777777777777778,0.5023439246589407,
140,0,2,0,0.2222222222222222,0.5555555555555556,0.5229336256366066,
145,0,2,0,0.4444444444444444,0.1111111111111111,0.31740841192605584,
154,0,2,0,0.25,0.5,0.4549926482715071,
157,0,2,0,0.25,0.5,0.4662902704088236,
167,0,2,0,0.0,1.0,0.5080745263739623,
172,0,2,0,0.0,1.0,0.3353121774581695,
173,0,2,0,0.25,0.5,0.48211551172148037,
176,0,2,0,0.0,1.0,0.36655483789295784,
194,0,2,0,0.0,1.0,0.5017258599447684,
197,0,2,0,0.0,1.0,0.415183589911136,
201,0,2,0,0.25,0.5,0.3905856175544213,
217,0,2,0,0.0,1.0,0.5372632684169781,
219,0,2,0,0.0,1.0,0.41298285907991433,
229,0,2,0,0.0,1.0,0.48965442477831794,
234,0,2,0,0.25,0.5,0.42669392021441993,
235,0,2,0,0.0,1.0,0.43672353884324444,
237,0,2,0,0.4,0.1999999999999999,0.35391082096762777,
239,0,2,1,0.6,0.1999999999999999,0.3657130533468095,
244,0,2,1,0.6,0.1999999999999999,0.6331804531686984,
246,0,2,0,0.4,0.1999999999999999,0.4501867052968562,
252,0,2,0,0.0,1.0,0.5969600285492332,
255,0,2,0,0.25,0.5,0.33397614009746757,
265,0,2,1,0.5,0.0,0.4965306350780685,
266,0,2,0,0.25,0.5,0.494417229628592,
268,0,2,1,0.5,0.0,0.32957415692908487,
270,0,2,0,0.0,1.0,0.6974859367822732,
273,0,2,1,0.5,0.0,0.4168736229276949,
277,0,2,1,0.5,0.0,0.5725937142418348,
280,0,2,0,0.25,0.5,0.46353570319638615,
286,0,2,0,0.2,0.6,0.43778120388290565,
289,0,2,1,0.5,0.0,0.5093216402477736,
304,0,2,1,0.8,0.6000000000000001,0.5368268655070851,
312,0,2,0,0.0,1.0,0.37130276517603633,
318,0,2,0,0.4,0.1999999999999999,0.34950105924659025,
321,0,2,1,0.6,0.1999999999999999,0.508874234658927,
323,0,2,0,0.0,1.0,0.48455172352738296,
324,0,2,0,0.2,0.6,0.5613531074006652,
334,0,2,0,0.4,0.1999999999999999,0.5902549877694883,
340,0,2,1,0.6,0.1999999999999999,0.47216824183321715,
344,0,2,0,0.2,0.6,0.44960668378071866,
348,0,2,0,0.4,0.1999999999999999,0.8101428372417296,
352,0,2,0,0.25,0.5,0.5311998331127576,
353,0,2,0,0.0,1.0,0.660154086703838,
354,0,2,0,0.25,0.5,0.4371873503496274,
357,0,2,1,0.5,0.0,0.4093655893467232,
358,0,2,0,0.25,0.5,0.5180673463404004,
362,0,2,1,0.75,0.5,0.5413281000072452,
364,0,2,1,0.5,0.0,0.4908291475338319,
399,0,2,0,0.25,0.5,0.4642419023176107,
404,0,2,1,0.6,0.1999999999999999,0.7787925547092918,
408,0,2,0,0.4,0.1999999999999999,0.6002180600144282,
409,0,2,0,0.4,0.1999999999999999,0.467733618608281,
412,0,2,1,1.0,1.0,0.581210125142422,
417,0,2,0,0.2,0.6,0.6292446412936972,
420,0,2,0,0.0,1.0,0.35675299523463366,
426,0,2,1,0.8,0.6000000000000001,0.5308592110967656,
431,0,2,0,0.4,0.1999999999999999,0.350215288906367,
443,0,2,0,0.0,1.0,0.23634449135430466,
446,0,2,0,0.2,0.6,0.6515191408845404,
448,0,2,0,0.0,1.0,0.2957682234263939,
451,0,2,0,0.25,0.5,0.30679100051762975,
453,0,2,0,0.25,0.5,0.4110995334395597,
458,0,2,0,0.0,1.0,0.5071180165343099,
460,0,2,0,0.0,1.0,0.4008399547693871,
461,0,2,1,0.5,0.0,0.49436095060915364,
471,0,2,0,0.0,1.0,0.7422493101731757,
477,0,2,0,0.0,1.0,0.42281590669807784,
479,0,2,0,0.0,1.0,0.2845230827070765,
488,0,2,1,0.5,0.0,0.4991354554161815,
489,0,2,0,0.0,1.0,0.5658825558697633,
504,0,2,1,0.75,0.5,0.5622116117332222,
505,0,2,1,0.5,0.0,0.41234667448929263,
506,0,2,1,0.75,0.5,0.46039459756976164,
508,0,2,1,0.75,0.5,0.40441653074905437,
511,0,2,1,0.5,0.0,0.5497822656069811,
517,0,2,0,0.25,0.5,0.4545371791118062,
520,0,2,1,0.5,0.0,0.3575987563738915,
526,0,2,0,0.0,1.0,0.44197883189801246,
541,0,2,1,0.5,0.0,0.34931475120058864,
544,0,2,1,0.5,0.0,0.5386991580755649,
545,0,2,0,0.25,0.5,0.2800218602279705,
550,0,2,0,0.0,1.0,0.4176464373186731,
552,0,2,1,0.6666666666666666,0.3333333333333332,0.4503415040079181,
555,0,2,0,0.3333333333333333,0.3333333333333333,0.582050387664064,
556,0,2,0,0.1666666666666666,0.6666666666666667,0.38527681349355436,
559,0,2,1,0.6666666666666666,0.3333333333333332,0.29995760888248857,
563,0,2,0,0.0,1.0,0.5781861562104347,
564,0,2,1,0.5,0.0,0.594175494446004,
571,0,2,1,0.5,0.0,0.3010264706579932,
582,0,2,1,0.5,0.0,0.504625841389193,
602,0,2,0,0.25,0.5,0.5475911122706908,
606,0,2,0,0.25,0.5,0.3896842093486568,
607,0,2,0,0.0,1.0,0.41165119602342015,
614,0,2,1,0.75,0.5,0.5649184364047537,
617,0,2,1,0.5,0.0,0.5754871400501054,
620,0,2,1,0.75,0.5,0.4189594495719833,
626,0,2,1,0.5,0.0,0.3010353817274236,
641,0,2,0,0.0,1.0,0.38985564668910566,
652,0,2,0,0.0,1.0,0.3290489184454344,
661,0,2,1,0.8333333333333334,0.6666666666666667,0.7639703454311285,
669,0,2,0,0.3333333333333333,0.3333333333333333,0.5499708763920246,
671,0,2,0,0.3333333333333333,0.3333333333333333,0.5834471652302237,
673,0,2,0,0.3333333333333333,0.3333333333333333,0.29433221065686,
675,0,2,0,0.3333333333333333,0.3333333333333333,0.4475592077529086,
682,0,2,0,0.1666666666666666,0.6666666666666667,0.4225496777100479,
685,0,2,0,0.0,1.0,0.27853393744191857,
686,0,2,0,0.0,1.0,0.4497776100374006,
691,0,2,0,0.1666666666666666,0.6666666666666667,0.6386290004303978,
692,0,2,0,0.0,1.0,0.39038348047103,
698,0,2,1,0.5,0.0,0.6144914839747948,
704,0,2,0,0.3333333333333333,0.3333333333333333,0.5988944534488775,
705,0,2,1,0.5,0.0,0.34980769298426906,
709,0,2,0,0.3333333333333333,0.3333333333333333,0.5405498612262523,
710,0,2,0,0.0,1.0,0.27929800079556577,
717,0,2,1,0.5,0.0,0.5775527192193527,
721,0,2,0,0.3333333333333333,0.3333333333333333,0.6522776003785962,
723,0,2,0,0.1666666666666666,0.6666666666666667,0.4234332756920165,
727,0,2,0,0.4,0.1999999999999999,0.7339097796178655,
728,0,2,0,0.2,0.6,0.3626416678475284,
729,0,2,0,0.4,0.1999999999999999,0.5680088098591836,
736,0,2,0,0.0,1.0,0.5353914613676648,
1,0,3,0,0.3333333333333333,0.3333333333333333,0.3693789829036659,
3,0,3,0,0.0,1.0,0.48553316893039344,
9,0,3,0,0.0,1.0,0.5757837040086184,
12,0,3,0,0.4,0.1999999999999999,0.35175159764308245,
13,0,3,0,0.2,0.6,0.4896248839552992,
17,0,3,0,0.4,0.1999999999999999,0.5171175923059372,
35,0,3,1,0.5,0.0,0.5417373501604232,
37,0,3,0,0.2,0.6,0.373126633447039,
42,0,3,0,0.0,1.0,0.5026887731930081,
43,0,3,0,0.2,0.6,0.7261656169677435,
48,0,3,1,0.6,0.1999999999999999,0.3537885005951256,
54,0,3,0,0.25,0.5,0.49444200180283693,
76,0,3,0,0.25,0.5,0.4668474445183551,
79,0,3,0,0.25,0.5,0.4687576315918092,
86,0,3,0,0.0,1.0,0.5770365460353768,
90,0,3,1,0.5,0.0,0.3857870702066879,
97,0,3,0,0.25,0.5,0.37742548668222253,
100,0,3,0,0.25,0.5,0.6397165637739817,
103,0,3,0,0.1111111111111111,0.7777777777777778,0.5659721356567102,
108,0,3,0,0.25,0.5,0.6033330741561306,
115,0,3,0,0.0,1.0,0.4791400706796958,
119,0,3,0,0.1111111111111111,0.7777777777777778,0.5661576484444503,
123,0,3,0,0.0,1.0,0.39674145176853126,
129,0,3,0,0.2,0.6,0.5288173313479044,
132,0,3,0,0.2222222222222222,0.5555555555555556,0.42610522843339044,
133,0,3,1,0.8888888888888888,0.7777777777777777,0.36661333664026263,
138,0,3,1,0.5555555555555556,0.1111111111111111,0.40639433070705033,
144,0,3,0,0.0,1.0,0.533224283071459,
158,0,3,0,0.0,1.0,0.2860033876356995,
179,0,3,0,0.25,0.5,0.48660828513530385,
180,0,3,0,0.0,1.0,0.5776929968613129,
184,0,3,0,0.0,1.0,0.39130887713554585,
185,0,3,0,0.25,0.5,0.511652901492929,
188,0,3,0,0.0,1.0,0.33432349955860174,
195,0,3,0,0.0,1.0,0.5709426133190658,
198,0,3,0,0.0,1.0,0.5267223511660039,
203,0,3,0,0.2,0.6,0.3004248934582061,
205,0,3,0,0.2,0.6,0.32284678011390755,
213,0,3,0,0.4,0.1999999999999999,0.4309588558292496,
216,0,3,0,0.0,1.0,0.6039028819424119,
220,0,3,0,0.4,0.1999999999999999,0.3906987749891806,
222,0,3,0,0.2,0.6,0.3036912018401935,
225,0,3,0,0.2,0.6,0.3581793217699639,
228,0,3,0,0.2,0.6,0.5271110825269656,
236,0,3,0,0.0,1.0,0.29761643097157875,
238,0,3,0,0.25,0.5,0.17281528357722772,
242,0,3,1,0.6,0.1999999999999999,0.35762106036187125,
251,0,3,0,0.25,0.5,0.42544220975718616,
257,0,3,0,0.25,0.5,0.39986873098426634,
258,0,3,0,0.0,1.0,0.3721513929454008,
269,0,3,1,0.5,0.0,0.4638017632146001,
272,0,3,1,0.5,0.0,0.4660757638039082,
278,0,3,0,0.25,0.5,0.42777090263676487,
283,0,3,0,0.25,0.5,0.5293749435154249,
290,0,3,0,0.0,1.0,0.49260713889414287,
293,0,3,1,0.5,0.0,0.44556305254094786,
296,0,3,0,0.0,1.0,0.4504116277935755,
297,0,3,0,0.0,1.0,0.35092822517746913,
302,0,3,0,0.0,1.0,0.41923018027753955,
303,0,3,0,0.0,1.0,0.4779368662734075,
306,0,3,0,0.0,1.0,0.5040864106431294,
311,0,3,0,0.4,0.1999999999999999,0.4501926368063089,
313,0,3,0,0.0,1.0,0.5556356836023446,
320,0,3,0,0.0,1.0,0.5823174078827392,
343,0,3,1,0.8,0.6000000000000001,0.6080599404277185,
351,0,3,0,0.0,1.0,0.4177914810940315,
356,0,3,0,0.25,0.5,0.40092413547330935,
361,0,3,0,0.0,1.0,0.3856209331225139,
366,0,3,0,0.0,1.0,0.4211251055813731,
367,0,3,0,0.25,0.5,0.5181640442182425,
369,0,3,0,0.0,1.0,0.43286913103585917,
370,0,3,0,0.0,1.0,0.5627542666453551,
373,0,3,0,0.0,1.0,0.5345125838557949,
378,0,3,1,0.5,0.0,0.23952889919656567,
380,0,3,1,0.75,0.5,0.4436884962002088,
385,0,3,1,0.5,0.0,0.42695745925391837,
387,0,3,0,0.0,1.0,0.2877256835966001,
389,0,3,0,0.25,0.5,0.49528359001408334,
392,0,3,1,0.5,0.0,0.591183094503842,
396,0,3,1,0.75,0.5,0.6718232157836393,
400,0,3,1,0.5,0.0,0.6842061189468409,
402,0,3,1,0.6,0.1999999999999999,0.2159702609214852,
403,0,3,0,0.0,1.0,0.28949712357644963,
406,0,3,1,0.6,0.1999999999999999,0.3875370288135863,
410,0,3,1,0.6,0.1999999999999999,0.4345308148983196,
415,0,3,0,0.0,1.0,0.42774354025438466,
422,0,3,1,0.6,0.1999999999999999,0.4289837971669579,
423,0,3,0,0.0,1.0,0.5204905305273039,
428,0,3,1,0.6,0.1999999999999999,0.30357553268569204,
429,0,3,0,0.0,1.0,0.5317254256628308,
433,0,3,0,0.0,1.0,0.4837437443865079,
440,0,3,0,0.0,1.0,0.5084144012567549,
444,0,3,0,0.2,0.6,0.40166559268153806,
445,0,3,0,0.0,1.0,0.39808372533819375,
447,0,3,0,0.0,1.0,0.39223601755556375,
455,0,3,0,0.0,1.0,0.34129299333668134,
470,0,3,0,0.0,1.0,0.48533917025448015,
472,0,3,0,0.25,0.5,0.32822443905478693,
473,0,3,0,0.25,0.5,0.3721532193921244,
474,0,3,0,0.0,1.0,0.281019160536065,
475,0,3,0,0.25,0.5,0.45599890502632123,
478,0,3,0,0.0,1.0,0.39261933535718263,
484,0,3,0,0.25,0.5,0.43957865395359297,
493,0,3,0,0.0,1.0,0.4447984658761545,
500,0,3,0,0.25,0.5,0.4638674458581472,
501,0,3,0,0.25,0.5,0.4176582335360139,
502,0,3,1,0.75,0.5,0.38935574627075176,
516,0,3,0,0.0,1.0,0.34653936767287785,
525,0,3,0,0.2,0.6,0.2295421739147056,
531,0,3,1,0.75,0.5,0.5974050196290381,
536,0,3,0,0.3333333333333333,0.3333333333333333,0.4558706765458971,
538,0,3,0,0.0,1.0,0.501835814013861,
543,0,3,1,0.5,0.0,0.5293746875203771,
547,0,3,1,0.5,0.0,0.5018621704248761,
560,0,3,0,0.1666666666666666,0.6666666666666667,0.31150459578267503,
576,0,3,1,0.5,0.0,0.4966979879078028,
581,0,3,0,0.3333333333333333,0.3333333333333333,0.5610278360281835,
591,0,3,1,0.5,0.0,0.44755479877908316,
592,0,3,1,0.6,0.1999999999999999,0.40036696356718193,
597,0,3,0,0.0,1.0,0.41930775854938185,
598,0,3,0,0.3333333333333333,0.3333333333333333,0.6365407915493979,
600,0,3,0,0.1666666666666666,0.6666666666666667,0.4288918949803665,
611,0,3,1,0.75,0.5,0.3929563536856892,
627,0,3,1,0.75,0.5,0.5073206932938825,
631,0,3,0,0.0,1.0,0.3721277800881117,
637,0,3,1,0.5,0.0,0.3732272770104366,
639,0,3,0,0.0,1.0,0.3514494063424432,
640,0,3,1,0.75,0.5,0.5024554437252633,
643,0,3,1,0.5,0.0,0.374014125763138,
647,0,3,1,0.5,0.0,0.6575657499181462,
651,0,3,0,0.3333333333333333,0.3333333333333333,0.297082764082338,
654,0,3,0,0.1666666666666666,0.6666666666666667,0.39765696294492603,
659,0,3,1,0.6666666666666666,0.3333333333333332,0.49165340335614716,
665,0,3,0,0.1666666666666666,0.6666666666666667,0.4995305890120193,
672,0,3,0,0.0,1.0,0.45668717412182436,
677,0,3,1,0.6666666666666666,0.3333333333333332,0.35331765836820933,
680,0,3,0,0.0,1.0,0.40020428925682083,
687,0,3,0,0.3333333333333333,0.3333333333333333,0.35554326885790244,
696,0,3,0,0.1666666666666666,0.6666666666666667,0.47181170504794967,
697,0,3,1,0.5,0.0,0.4524400104245041,
711,0,3,1,0.6,0.1999999999999999,0.587167576955628,
713,0,3,1,0.6,0.1999999999999999,0.4675166081094637,
718,0,3,0,0.1666666666666666,0.6666666666666667,0.5678129119860047,
719,0,3,0,0.1666666666666666,0.6666666666666667,0.5301436029425686,
725,0,3,0,0.0,1.0,0.5063326646680109,
732,0,3,0,0.0,1.0,0.5715638843450573,
742,0,3,1,0.5,0.0,0.40266150733582173,
8,0,4,0,0.0,1.0,0.23092368684160164,
10,0,4,0,0.0,1.0,0.2778249394574087,
11,0,4,1,0.6,0.1999999999999999,0.3154761089992437,
20,0,4,0,0.25,0.5,0.47197261045515815,
22,0,4,0,0.2,0.6,0.5551950357861883,
33,0,4,0,0.4,0.1999999999999999,0.38632106931282506,
36,0,4,0,0.2,0.6,0.46260093414313286,
41,0,4,0,0.2,0.6,0.43795508339367306,
44,0,4,0,0.0,1.0,0.5802675496691019,
46,0,4,0,0.4,0.1999999999999999,0.6310949074773438,
57,0,4,1,1.0,1.0,0.5810001626275414,
60,0,4,0,0.0,1.0,0.5214126813955945,
62,0,4,0,0.25,0.5,0.48379303457687134,
70,0,4,0,0.0,1.0,0.38562505044542894,
71,0,4,0,0.0,1.0,0.5386185463015254,
75,0,4,0,0.0,1.0,0.4249820086121055,
89,0,4,0,0.25,0.5,0.5770565780602679,
99,0,4,0,0.0,1.0,0.3320689814804027,
104,0,4,0,0.1111111111111111,0.7777777777777778,0.404247751351943,
105,0,4,0,0.0,1.0,0.49530994742975853,
106,0,4,1,1.0,1.0,0.4552385841704094,
111,0,4,0,0.1111111111111111,0.7777777777777778,0.5399223918143827,
114,0,4,0,0.1111111111111111,0.7777777777777778,0.6495813843565783,
117,0,4,0,0.25,0.5,0.3729103130576664,
135,0,4,0,0.1666666666666666,0.6666666666666667,0.39151157527074265,
136,0,4,0,0.3333333333333333,0.3333333333333333,0.5575356793152669,
137,0,4,1,0.6666666666666666,0.3333333333333332,0.39460832521339106,
147,0,4,0,0.0,1.0,0.6530841012097239,
162,0,4,0,0.2,0.6,0.28488554358185875,
164,0,4,0,0.0,1.0,0.27959879978259483,
165,0,4,0,0.0,1.0,0.5388609570875998,
169,0,4,0,0.0,1.0,0.4405060048101658,
170,0,4,0,0.1666666666666666,0.6666666666666667,0.3278688691114328,
171,0,4,0,0.25,0.5,0.5594896615437066,
175,0,4,0,0.0,1.0,0.43722567502978427,
178,0,4,0,0.0,1.0,0.5455474846003048,
181,0,4,1,0.5,0.0,0.42808599730053093,
186,0,4,0,0.0,1.0,0.5468992161288362,
191,0,4,0,0.0,1.0,0.45442913542084173,
192,0,4,0,0.0,1.0,0.4295165729951168,
193,0,4,0,0.25,0.5,0.4773598725140946,
207,0,4,0,0.2,0.6,0.39019297545960063,
214,0,4,0,0.2,0.6,0.5821124479717417,
223,0,4,0,0.2,0.6,0.377311238163463,
227,0,4,1,1.0,1.0,0.3741239618949661,
245,0,4,0,0.0,1.0,0.36694294051996423,
254,0,4,0,0.25,0.5,0.4417803426925291,
260,0,4,0,0.25,0.5,0.4840348037174006,
261,0,4,0,0.25,0.5,0.6491830240117513,
262,0,4,1,0.5,0.0,0.6269380366900509,
263,0,4,0,0.2,0.6,0.4399668830468287,
264,0,4,0,0.25,0.5,0.5241560744868246,
271,0,4,0,0.0,1.0,0.545313069148418,
276,0,4,0,0.2,0.6,0.48132817999089095,
292,0,4,0,0.25,0.5,0.6033831490407411,
295,0,4,0,0.0,1.0,0.37945630739860997,
298,0,4,0,0.25,0.5,0.5416222051751043,
299,0,4,1,0.8,0.6000000000000001,0.45088238264906455,
314,0,4,0,0.0,1.0,0.5724059852877577,
325,0,4,0,0.0,1.0,0.3513067027573781,
327,0,4,0,0.0,1.0,0.5404742876058182,
337,0,4,0,0.0,1.0,0.3742129455290451,
341,0,4,1,0.6,0.1999999999999999,0.5375382517267344,
347,0,4,0,0.4,0.1999999999999999,0.6244422848544858,
349,0,4,0,0.0,1.0,0.2531930974080741,
350,0,4,0,0.0,1.0,0.3968567488906043,
363,0,4,0,0.0,1.0,0.5958627294729919,
365,0,4,0,0.25,0.5,0.5082543536098076,
368,0,4,1,0.5,0.0,0.5921497504990139,
375,0,4,1,0.5,0.0,0.5582144670082443,
377,0,4,0,0.25,0.5,0.3586928637883583,
379,0,4,1,0.75,0.5,0.502689833970128,
382,0,4,1,0.5,0.0,0.3658967111867667,
383,0,4,0,0.0,1.0,0.3411869646994926,
386,0,4,0,0.25,0.5,0.47104226745892375,
390,0,4,1,0.75,0.5,0.4863818297589289,
391,0,4,0,0.0,1.0,0.28576334846606993,
393,0,4,0,0.25,0.5,0.5401940799383805,
395,0,4,1,0.5,0.0,0.6576452364658051,
401,0,4,0,0.2,0.6,0.3995784347097574,
418,0,4,0,0.0,1.0,0.41220913531131936,
419,0,4,0,0.4,0.1999999999999999,0.3649941215730387,
424,0,4,1,0.6,0.1999999999999999,0.40943864658981144,
427,0,4,1,0.6,0.1999999999999999,0.3611327294732275,
430,0,4,1,0.6,0.1999999999999999,0.36190000307040515,
432,0,4,0,0.2,0.6,0.5374607900776215,
434,0,4,0,0.0,1.0,0.37413544259055675,
439,0,4,0,0.2,0.6,0.3874861529446622,
450,0,4,0,0.2,0.6,0.46595881334744543,
454,0,4,0,0.0,1.0,0.5490296368930244,
462,0,4,1,0.5,0.0,0.7117316801600986,
464,0,4,0,0.0,1.0,0.5048631204027771,
466,0,4,1,0.5,0.0,0.569069772981494,
467,0,4,1,1.0,1.0,0.6118300296534265,
476,0,4,0,0.0,1.0,0.5130633844781094,
483,0,4,0,0.25,0.5,0.4987431624233095,
494,0,4,1,0.8,0.6000000000000001,0.5601679459599744,
507,0,4,1,1.0,1.0,0.3854569795228245,
515,0,4,0,0.25,0.5,0.2822217287462693,
522,0,4,0,0.25,0.5,0.2423119278624476,
532,0,4,0,0.0,1.0,0.311576227970296,
537,0,4,0,0.25,0.5,0.40716437355139046,
546,0,4,1,0.5,0.0,0.45677385732393755,
551,0,4,1,0.6666666666666666,0.3333333333333332,0.5608508673354894,
553,0,4,0,0.0,1.0,0.5446456471729084,
558,0,4,1,0.5,0.0,0.5264140699767541,
562,0,4,0,0.3333333333333333,0.3333333333333333,0.6157200587365893,
568,0,4,1,1.0,1.0,0.5709677656620825,
569,0,4,0,0.1666666666666666,0.6666666666666667,0.5288429578697817,
570,0,4,1,0.6666666666666666,0.3333333333333332,0.6241211929600918,
578,0,4,1,0.5,0.0,0.444675330882208,
580,0,4,0,0.3333333333333333,0.3333333333333333,0.35768443360927293,
584,0,4,1,0.6666666666666666,0.3333333333333332,0.41136069161686906,
585,0,4,1,0.5,0.0,0.44025103934969156,
593,0,4,1,0.5,0.0,0.4922196027707737,
594,0,4,0,0.0,1.0,0.3068919994262199,
596,0,4,1,0.5,0.0,0.6310032209709264,
599,0,4,0,0.0,1.0,0.345140441044269,
610,0,4,0,0.25,0.5,0.606650602586225,
613,0,4,0,0.0,1.0,0.5028037402177048,
616,0,4,1,0.75,0.5,0.43198406054341243,
619,0,4,0,0.25,0.5,0.6339817716728355,
621,0,4,1,0.5,0.0,0.49480707207020125,
625,0,4,0,0.0,1.0,0.25035848672654787,
635,0,4,1,0.5,0.0,0.4853453257086008,
644,0,4,0,0.25,0.5,0.5117738844085353,
646,0,4,0,0.0,1.0,0.3128144049157636,
655,0,4,1,0.6666666666666666,0.3333333333333332,0.4166719698097857,
656,0,4,1,0.6666666666666666,0.3333333333333332,0.4398436835205285,
662,0,4,0,0.0,1.0,0.4092707123434408,
663,0,4,0,0.3333333333333333,0.3333333333333333,0.5186705542568792,
668,0,4,0,0.1666666666666666,0.6666666666666667,0.5797647752594626,
678,0,4,0,0.3333333333333333,0.3333333333333333,0.1853841647496265,
679,0,4,0,0.4,0.1999999999999999,0.3036084171216077,
684,0,4,0,0.0,1.0,0.49885818491127487,
688,0,4,0,0.1666666666666666,0.6666666666666667,0.455385076109562,
700,0,4,1,0.5,0.0,0.39389910427218067,
701,0,4,0,0.1666666666666666,0.6666666666666667,0.5152860344058103,
702,0,4,0,0.1666666666666666,0.6666666666666667,0.51730905137477,
706,0,4,1,0.6666666666666666,0.3333333333333332,0.5467685051490158,
708,0,4,0,0.0,1.0,0.6923009140635139,
716,0,4,1,0.6666666666666666,0.3333333333333332,0.5732715346920134,
722,0,4,0,0.2,0.6,0.35516492465364424,
724,0,4,0,0.2,0.6,0.5077308701911429,
726,0,4,0,0.0,1.0,0.6213738576535355,
734,0,4,0,0.0,1.0,0.5389149434286488,
740,0,4,0,0.1666666666666666,0.6666666666666667,0.338218334591028,
5,1,0,0,0.2,0.6,0.422686556398322,
10,1,0,0,0.0,1.0,0.163549457220458,
12,1,0,0,0.4,0.1999999999999999,0.5075596716135848,
16,1,0,1,0.6,0.1999999999999999,0.42171818579254433,
17,1,0,0,0.4,0.1999999999999999,0.5301904237643706,
25,1,0,0,0.2,0.6,0.47295976709184334,
26,1,0,1,0.8,0.6000000000000001,0.36678849282117154,
30,1,0,0,0.2,0.6,0.40245005474592305,
36,1,0,0,0.2,0.6,0.4533154789859723,
37,1,0,0,0.2,0.6,0.3642888321146728,
46,1,0,0,0.4,0.1999999999999999,0.5639188251770411,
56,1,0,0,0.25,0.5,0.4020361681224943,
63,1,0,0,0.0,1.0,0.506736061426073,
66,1,0,0,0.0,1.0,0.4977768465850996,
72,1,0,0,0.25,0.5,0.42700543126151935,
81,1,0,0,0.0,1.0,0.3989325208229658,
82,1,0,0,0.25,0.5,0.5792284084387012,
91,1,0,0,0.25,0.5,0.3718674315872303,
93,1,0,0,0.0,1.0,0.5269381932157151,
101,1,0,0,0.3333333333333333,0.3333333333333333,0.3926596414957543,
102,1,0,0,0.0,1.0,0.4375356820722328,
114,1,0,0,0.1111111111111111,0.7777777777777778,0.6353692129517621,
117,1,0,0,0.25,0.5,0.2620822550875862,
118,1,0,0,0.0,1.0,0.6967797211341343,
122,1,0,0,0.0,1.0,0.41383047077237417,
128,1,0,0,0.1111111111111111,0.7777777777777778,0.37789867127237553,
141,1,0,0,0.0,1.0,0.4500129677078195,
142,1,0,0,0.0,1.0,0.5792066418497921,
145,1,0,0,0.4444444444444444,0.1111111111111111,0.2865028305152165,
149,1,0,0,0.3333333333333333,0.3333333333333333,0.2794971980603431,
150,1,0,0,0.0,1.0,0.519409498532485,
159,1,0,0,0.0,1.0,0.3177600865756487,
179,1,0,0,0.25,0.5,0.4318015938841454,
180,1,0,0,0.0,1.0,0.540085342943113,
184,1,0,0,0.0,1.0,0.2076693413988845,
187,1,0,0,0.0,1.0,0.5383917163237164,
195,1,0,0,0.0,1.0,0.5987018207552355,
213,1,0,0,0.4,0.1999999999999999,0.44616425859057396,
216,1,0,0,0.0,1.0,0.5508944455986339,
226,1,0,0,0.0,1.0,0.38827377302436195,
227,1,0,1,1.0,1.0,0.25942274802917065,
231,1,0,1,0.5,0.0,0.4464592372933218,
232,1,0,0,0.25,0.5,0.35750023081721666,
235,1,0,0,0.0,1.0,0.32305889551804734,
239,1,0,1,0.6,0.1999999999999999,0.35409075671333,
243,1,0,0,0.0,1.0,0.29835072330232126,
248,1,0,0,0.4,0.1999999999999999,0.5106591560583704,
249,1,0,1,0.6,0.1999999999999999,0.508805291937051,
250,1,0,0,0.4,0.1999999999999999,0.5679303010916746,
251,1,0,0,0.25,0.5,0.4381073990130257,
257,1,0,0,0.25,0.5,0.4407097943128828,
263,1,0,0,0.2,0.6,0.45470040199430695,
272,1,0,1,0.5,0.0,0.3842738589150609,
273,1,0,1,0.5,0.0,0.3335190455411807,
278,1,0,0,0.25,0.5,0.4231215140297257,
285,1,0,0,0.4,0.1999999999999999,0.20875253796198606,
287,1,0,0,0.25,0.5,0.4243253642939466,
288,1,0,1,0.75,0.5,0.3637864416673379,
297,1,0,0,0.0,1.0,0.36590523086703897,
299,1,0,1,0.8,0.6000000000000001,0.41821224387715517,
314,1,0,0,0.0,1.0,0.5533814953680789,
317,1,0,0,0.4,0.1999999999999999,0.2807474367723544,
320,1,0,0,0.0,1.0,0.6065678195327469,
333,1,0,0,0.0,1.0,0.4449131859791234,
335,1,0,1,0.5,0.0,0.21403702231452282,
339,1,0,0,0.0,1.0,0.5416093710493597,
341,1,0,1,0.6,0.1999999999999999,0.5073087680819407,
343,1,0,1,0.8,0.6000000000000001,0.5410563410848144,
347,1,0,0,0.4,0.1999999999999999,0.6402084439333512,
350,1,0,0,0.0,1.0,0.40278833724385155,
352,1,0,0,0.25,0.5,0.46781237891273725,
357,1,0,1,0.5,0.0,0.563662559472129,
358,1,0,0,0.25,0.5,0.6462120519521535,
369,1,0,0,0.0,1.0,0.4512737905291262,
373,1,0,0,0.0,1.0,0.50036988275737,
380,1,0,1,0.75,0.5,0.44665613231621515,
386,1,0,0,0.25,0.5,0.41427570603424935,
388,1,0,1,0.5,0.0,0.49749384168468885,
389,1,0,0,0.25,0.5,0.52593172979096,
390,1,0,1,0.75,0.5,0.4674424550069882,
393,1,0,0,0.25,0.5,0.5279696194623842,
396,1,0,1,0.75,0.5,0.6404090854353446,
401,1,0,0,0.2,0.6,0.4060501574955555,
402,1,0,1,0.6,0.1999999999999999,0.21867141896416076,
406,1,0,1,0.6,0.1999999999999999,0.2879726886623116,
420,1,0,0,0.0,1.0,0.31396473069651976,
425,1,0,0,0.0,1.0,0.4520391970999987,
428,1,0,1,0.6,0.1999999999999999,0.33267667334427753,
433,1,0,0,0.0,1.0,0.4407309982393641,
444,1,0,0,0.2,0.6,0.5507162507752801,
450,1,0,0,0.2,0.6,0.47907030556753716,
454,1,0,0,0.0,1.0,0.4957301457556257,
455,1,0,0,0.0,1.0,0.3503325931469566,
457,1,0,1,0.5,0.0,0.4780711108362067,
462,1,0,1,0.5,0.0,0.7082280706297852,
475,1,0,0,0.25,0.5,0.37648903873206474,
479,1,0,0,0.0,1.0,0.36383586749917773,
482,1,0,0,0.0,1.0,0.22612400939355679,
489,1,0,0,0.0,1.0,0.6224088092666595,
507,1,0,1,1.0,1.0,0.51918595410724,
511,1,0,1,0.5,0.0,0.47382760920375866,
515,1,0,0,0.25,0.5,0.33041607032224374,
525,1,0,0,0.2,0.6,0.3322496650733616,
531,1,0,1,0.75,0.5,0.5675042198741791,
537,1,0,0,0.25,0.5,0.26406269228052764,
538,1,0,0,0.0,1.0,0.5881733072656197,
540,1,0,0,0.25,0.5,0.6495531391077491,
549,1,0,0,0.0,1.0,0.44594477419342543,
551,1,0,1,0.6666666666666666,0.3333333333333332,0.5418080795579012,
553,1,0,0,0.0,1.0,0.5613558477932553,
559,1,0,1,0.6666666666666666,0.3333333333333332,0.4332640977265101,
560,1,0,0,0.1666666666666666,0.6666666666666667,0.26677122644284623,
563,1,0,0,0.0,1.0,0.5330891961212341,
577,1,0,0,0.1666666666666666,0.6666666666666667,0.4065454509820114,
579,1,0,0,0.3333333333333333,0.3333333333333333,0.44250867383777526,
580,1,0,0,0.3333333333333333,0.3333333333333333,0.3624960176905591,
584,1,0,1,0.6666666666666666,0.3333333333333332,0.4979169118329601,
589,1,0,0,0.3333333333333333,0.3333333333333333,0.46980308947535776,
593,1,0,1,0.5,0.0,0.4766230631737822,
602,1,0,0,0.25,0.5,0.5601435047349987,
604,1,0,1,0.75,0.5,0.6190467781434117,
607,1,0,0,0.0,1.0,0.3533668726347786,
611,1,0,1,0.75,0.5,0.46361342398862015,
616,1,0,1,0.75,0.5,0.48264725505439593,
618,1,0,0,0.0,1.0,0.6205798529322666,
626,1,0,1,0.5,0.0,0.2842019296100275,
630,1,0,1,0.5,0.0,0.6132733569476052,
632,1,0,1,0.5,0.0,0.2611443102259445,
635,1,0,1,0.5,0.0,0.42630822981945526,
639,1,0,0,0.0,1.0,0.41499553487206925,
641,1,0,0,0.0,1.0,0.48496193752153405,
646,1,0,0,0.0,1.0,0.23589458820055137,
648,1,0,1,0.5,0.0,0.5740142721287373,
660,1,0,0,0.1666666666666666,0.6666666666666667,0.5282006722803732,
674,1,0,0,0.3333333333333333,0.3333333333333333,0.4250253240346402,
684,1,0,0,0.0,1.0,0.5079100351856887,
696,1,0,0,0.1666666666666666,0.6666666666666667,0.5244512225453404,
697,1,0,1,0.5,0.0,0.5065904990477166,
698,1,0,1,0.5,0.0,0.5993732152142117,
703,1,0,0,0.0,1.0,0.5926906073638578,
707,1,0,1,0.5,0.0,0.3442483170432568,
710,1,0,0,0.0,1.0,0.3293141109357838,
716,1,0,1,0.6666666666666666,0.3333333333333332,0.7175648726104908,
718,1,0,0,0.1666666666666666,0.6666666666666667,0.7006495517336848,
728,1,0,0,0.2,0.6,0.3214833220659631,
734,1,0,0,0.0,1.0,0.40818591600317206,
735,1,0,0,0.0,1.0,0.28200016089978275,
6,1,1,0,0.2,0.6,0.5685701837296586,
8,1,1,0,0.0,1.0,0.27171038984657414,
9,1,1,0,0.0,1.0,0.571442998826664,
13,1,1,0,0.2,0.6,0.5610892367653639,
14,1,1,0,0.2,0.6,0.5212407279168519,
21,1,1,0,0.2,0.6,0.4740811826430419,
22,1,1,0,0.2,0.6,0.4437820654643906,
29,1,1,0,0.2,0.6,0.5886602398539769,
32,1,1,0,0.2,0.6,0.48044027397040334,
33,1,1,0,0.4,0.1999999999999999,0.4061792362090665,
34,1,1,0,0.1666666666666666,0.6666666666666667,0.4842371820655361,
41,1,1,0,0.2,0.6,0.39342066835145384,
49,1,1,0,0.3333333333333333,0.3333333333333333,0.41798714766202993,
50,1,1,1,0.8,0.6000000000000001,0.5511113164209834,
51,1,1,0,0.25,0.5,0.44610416280045784,
70,1,1,0,0.0,1.0,0.45741268741497243,
71,1,1,0,0.0,1.0,0.5358734712123802,
79,1,1,0,0.25,0.5,0.45684021355520943,
85,1,1,0,0.25,0.5,0.6399089106452789,
86,1,1,0,0.0,1.0,0.5050068428250116,
88,1,1,1,0.5,0.0,0.4559169653499615,
89,1,1,0,0.25,0.5,0.5532429261304623,
94,1,1,0,0.25,0.5,0.3895259373337304,
95,1,1,0,0.25,0.5,0.3759957132995294,
108,1,1,0,0.25,0.5,0.5184969086204413,
109,1,1,0,0.1111111111111111,0.7777777777777778,0.6321333822330306,
115,1,1,0,0.0,1.0,0.44517475312081467,
127,1,1,1,0.6666666666666666,0.3333333333333332,0.42233687649807367,
129,1,1,0,0.2,0.6,0.5427878313456552,
138,1,1,1,0.5555555555555556,0.1111111111111111,0.4606261176100943,
139,1,1,0,0.0,1.0,0.2957051932125544,
140,1,1,0,0.2222222222222222,0.5555555555555556,0.4398502110052791,
156,1,1,0,0.25,0.5,0.4500193688951566,
160,1,1,0,0.1666666666666666,0.6666666666666667,0.539863892269715,
161,1,1,0,0.0,1.0,0.4875811156791782,
166,1,1,0,0.25,0.5,0.49618626169881047,
175,1,1,0,0.0,1.0,0.5228699916974613,
188,1,1,0,0.0,1.0,0.4601305633792412,
193,1,1,0,0.25,0.5,0.5632704475866448,
194,1,1,0,0.0,1.0,0.3843514939980428,
196,1,1,1,0.5,0.0,0.49973735263373564,
198,1,1,0,0.0,1.0,0.6341655913663327,
200,1,1,0,0.2,0.6,0.3345017781414712,
205,1,1,0,0.2,0.6,0.30925177894628797,
209,1,1,0,0.2,0.6,0.4182700492636471,
210,1,1,0,0.4,0.1999999999999999,0.7006380873142399,
212,1,1,0,0.2,0.6,0.5421813076190758,
222,1,1,0,0.2,0.6,0.36871087470440206,
225,1,1,0,0.2,0.6,0.4021706914088619,
230,1,1,0,0.2,0.6,0.4288711577135327,
234,1,1,0,0.25,0.5,0.38471548691471913,
237,1,1,0,0.4,0.1999999999999999,0.4651932487314354,
241,1,1,1,0.6,0.1999999999999999,0.48050852739470795,
247,1,1,0,0.2,0.6,0.4991858484510317,
262,1,1,1,0.5,0.0,0.6863166032982553,
264,1,1,0,0.25,0.5,0.42229621876698886,
267,1,1,0,0.0,1.0,0.21574902470115676,
271,1,1,0,0.0,1.0,0.4988515300924278,
275,1,1,1,0.5,0.0,0.4897498599197969,
277,1,1,1,0.5,0.0,0.6132108467770154,
280,1,1,0,0.25,0.5,0.4641389589175171,
284,1,1,1,0.5,0.0,0.39884729654667833,
292,1,1,0,0.25,0.5,0.5802094505835871,
293,1,1,1,0.5,0.0,0.44416914024080933,
304,1,1,1,0.8,0.6000000000000001,0.5353954561544699,
312,1,1,0,0.0,1.0,0.4315214392920066,
324,1,1,0,0.2,0.6,0.5537619794082245,
332,1,1,0,0.0,1.0,0.4171005304036163,
342,1,1,0,0.2,0.6,0.37122961782404196,
346,1,1,1,0.6,0.1999999999999999,0.6511097455967081,
351,1,1,0,0.0,1.0,0.5267794879287249,
353,1,1,0,0.0,1.0,0.5798875528966209,
355,1,1,0,0.25,0.5,0.42319263595466394,
356,1,1,0,0.25,0.5,0.4700129411314151,
360,1,1,0,0.25,0.5,0.48477350512607553,
375,1,1,1,0.5,0.0,0.4967894854978142,
378,1,1,1,0.5,0.0,0.33471266736102445,
385,1,1,1,0.5,0.0,0.46868527439076535,
387,1,1,0,0.0,1.0,0.25877335325099826,
399,1,1,0,0.25,0.5,0.4071528998914854,
405,1,1,0,0.0,1.0,0.4934375102650713,
407,1,1,0,0.2,0.6,0.3956025095012981,
408,1,1,0,0.4,0.1999999999999999,0.5548592039267272,
412,1,1,1,1.0,1.0,0.5923426237357978,
414,1,1,1,0.6,0.1999999999999999,0.6603880181605828,
423,1,1,0,0.0,1.0,0.5695829942029527,
431,1,1,0,0.4,0.1999999999999999,0.39819812567506396,
439,1,1,0,0.2,0.6,0.4254313929494457,
445,1,1,0,0.0,1.0,0.3471284852548039,
449,1,1,0,0.4,0.1999999999999999,0.37892060141041795,
460,1,1,0,0.0,1.0,0.43051675888222884,
468,1,1,0,0.25,0.5,0.506883625987232,
470,1,1,0,0.0,1.0,0.47467706175548346,
476,1,1,0,0.0,1.0,0.5356025476288362,
477,1,1,0,0.0,1.0,0.40547860399411606,
478,1,1,0,0.0,1.0,0.37747904103841057,
480,1,1,1,0.5,0.0,0.6525134340232916,
483,1,1,0,0.25,0.5,0.44031811131431303,
485,1,1,1,0.5,0.0,0.4772306549984153,
488,1,1,1,0.5,0.0,0.6470574312929099,
490,1,1,0,0.25,0.5,0.31676132355908454,
493,1,1,0,0.0,1.0,0.428165286130872,
494,1,1,1,0.8,0.6000000000000001,0.5355464803782404,
497,1,1,0,0.0,1.0,0.5105208457725188,
505,1,1,1,0.5,0.0,0.5373910645967916,
506,1,1,1,0.75,0.5,0.5741184209276312,
510,1,1,1,0.5,0.0,0.5094812607698886,
513,1,1,0,0.0,1.0,0.4331222930171876,
518,1,1,0,0.25,0.5,0.546023851308997,
519,1,1,0,0.0,1.0,0.6511294190269306,
524,1,1,0,0.0,1.0,0.5182022647023166,
527,1,1,0,0.25,0.5,0.6280682531374155,
528,1,1,0,0.0,1.0,0.5022133623155521,
533,1,1,0,0.0,1.0,0.4784444757881274,
536,1,1,0,0.3333333333333333,0.3333333333333333,0.40279030965454377,
541,1,1,1,0.5,0.0,0.40193390403576823,
542,1,1,0,0.25,0.5,0.4033080490620943,
544,1,1,1,0.5,0.0,0.5046123556441039,
554,1,1,1,0.5,0.0,0.6017635723546773,
556,1,1,0,0.1666666666666666,0.6666666666666667,0.3901494609007369,
564,1,1,1,0.5,0.0,0.6321117490134156,
576,1,1,1,0.5,0.0,0.5361181463791942,
581,1,1,0,0.3333333333333333,0.3333333333333333,0.6236816998826427,
585,1,1,1,0.5,0.0,0.500314932716077,
591,1,1,1,0.5,0.0,0.49547179768206084,
592,1,1,1,0.6,0.1999999999999999,0.37231623118289037,
598,1,1,0,0.3333333333333333,0.3333333333333333,0.5962152967913138,
620,1,1,1,0.75,0.5,0.3760672132676576,
622,1,1,1,0.75,0.5,0.5330730291749819,
628,1,1,0,0.0,1.0,0.4356803661660321,
637,1,1,1,0.5,0.0,0.3769998458769327,
645,1,1,1,0.75,0.5,0.6373079019689711,
647,1,1,1,0.5,0.0,0.6141245893833385,
658,1,1,0,0.1666666666666666,0.6666666666666667,0.5682921873445451,
659,1,1,1,0.6666666666666666,0.3333333333333332,0.4668504694882851,
668,1,1,0,0.1666666666666666,0.6666666666666667,0.5811950459575714,
670,1,1,1,0.5,0.0,0.404147061065812,
679,1,1,0,0.4,0.1999999999999999,0.29033592073704073,
686,1,1,0,0.0,1.0,0.5413912341515372,
692,1,1,0,0.0,1.0,0.44747331552834047,
693,1,1,1,0.5,0.0,0.3696607411421996,
695,1,1,0,0.3333333333333333,0.3333333333333333,0.39892032045915105,
699,1,1,0,0.1666666666666666,0.6666666666666667,0.6613878334117128,
704,1,1,0,0.3333333333333333,0.3333333333333333,0.5601892086728537,
706,1,1,1,0.6666666666666666,0.3333333333333332,0.5728748020840954,
712,1,1,0,0.1666666666666666,0.6666666666666667,0.5842584552627048,
729,1,1,0,0.4,0.1999999999999999,0.5377684282739645,
1,1,2,0,0.3333333333333333,0.3333333333333333,0.3395817401851895,
3,1,2,0,0.0,1.0,0.5830550820705929,
11,1,2,1,0.6,0.1999999999999999,0.3323052903391332,
18,1,2,1,0.6,0.1999999999999999,0.4510007009459769,
20,1,2,0,0.25,0.5,0.5002962350501823,
28,1,2,0,0.2,0.6,0.6632411284996864,
31,1,2,0,0.1666666666666666,0.6666666666666667,0.4250503794744734,
43,1,2,0,0.2,0.6,0.7253509838760847,
44,1,2,0,0.0,1.0,0.571211320738314,
60,1,2,0,0.0,1.0,0.5538475727284566,
64,1,2,0,0.3333333333333333,0.3333333333333333,0.13911507302614956,
67,1,2,0,0.0,1.0,0.44135747572646405,
75,1,2,0,0.0,1.0,0.4055970619180304,
90,1,2,1,0.5,0.0,0.42417447332861474,
96,1,2,0,0.0,1.0,0.5129572630529742,
98,1,2,0,0.3333333333333333,0.3333333333333333,0.5381495264662398,
99,1,2,0,0.0,1.0,0.310252645427625,
106,1,2,1,1.0,1.0,0.5213786062659225,
113,1,2,0,0.1111111111111111,0.7777777777777778,0.6655972445592504,
120,1,2,0,0.0,1.0,0.412506195469305,
121,1,2,0,0.1111111111111111,0.7777777777777778,0.34695498095340527,
123,1,2,0,0.0,1.0,0.34075204603378595,
124,1,2,0,0.0,1.0,0.37119081384614244,
130,1,2,0,0.1111111111111111,0.7777777777777778,0.4551425162324038,
133,1,2,1,0.8888888888888888,0.7777777777777777,0.325278822518992,
144,1,2,0,0.0,1.0,0.5457716691719248,
151,1,2,0,0.0,1.0,0.4689095124692224,
154,1,2,0,0.25,0.5,0.4935576056212038,
158,1,2,0,0.0,1.0,0.2665660443350567,
163,1,2,0,0.25,0.5,0.4943370002231602,
168,1,2,0,0.25,0.5,0.6901843488973605,
170,1,2,0,0.1666666666666666,0.6666666666666667,0.3382146048084037,
171,1,2,0,0.25,0.5,0.4022225374469956,
173,1,2,0,0.25,0.5,0.37864939472424775,
176,1,2,0,0.0,1.0,0.39225037353588627,
181,1,2,1,0.5,0.0,0.3564959588991,
182,1,2,0,0.0,1.0,0.7269673466968546,
191,1,2,0,0.0,1.0,0.46655295878229175,
192,1,2,0,0.0,1.0,0.3619292174412254,
197,1,2,0,0.0,1.0,0.635227499992211,
199,1,2,0,0.25,0.5,0.4044694193892172,
201,1,2,0,0.25,0.5,0.483622197502144,
204,1,2,0,0.4,0.1999999999999999,0.4009245242452104,
217,1,2,0,0.0,1.0,0.4911012896010716,
223,1,2,0,0.2,0.6,0.5595381171854462,
233,1,2,0,0.0,1.0,0.23452424190257296,
236,1,2,0,0.0,1.0,0.2810760843036936,
240,1,2,0,0.2,0.6,0.37406634195218375,
245,1,2,0,0.0,1.0,0.35092624188458277,
258,1,2,0,0.0,1.0,0.5690422830002189,
259,1,2,0,0.0,1.0,0.45785390426629985,
260,1,2,0,0.25,0.5,0.4680294427633121,
270,1,2,0,0.0,1.0,0.626322645904698,
274,1,2,1,0.5,0.0,0.6092534522589109,
276,1,2,0,0.2,0.6,0.4781604636555127,
279,1,2,0,0.2,0.6,0.29418936700303044,
291,1,2,0,0.0,1.0,0.5195212492392005,
294,1,2,0,0.0,1.0,0.5272318204213169,
309,1,2,1,0.8,0.6000000000000001,0.707272291452627,
313,1,2,0,0.0,1.0,0.5369118203522077,
315,1,2,1,0.8,0.6000000000000001,0.4344042522023297,
321,1,2,1,0.6,0.1999999999999999,0.4542606181300017,
325,1,2,0,0.0,1.0,0.3802782250112395,
326,1,2,0,0.0,1.0,0.23966432478736427,
327,1,2,0,0.0,1.0,0.6285024767604537,
328,1,2,1,0.6,0.1999999999999999,0.271575312932436,
330,1,2,0,0.4,0.1999999999999999,0.5263627394705108,
334,1,2,0,0.4,0.1999999999999999,0.6308463523659458,
344,1,2,0,0.2,0.6,0.6205900402333606,
349,1,2,0,0.0,1.0,0.25033800377524423,
362,1,2,1,0.75,0.5,0.5477110640702033,
363,1,2,0,0.0,1.0,0.6102102977869857,
366,1,2,0,0.0,1.0,0.5345646341660233,
368,1,2,1,0.5,0.0,0.6046484190236041,
391,1,2,0,0.0,1.0,0.23809219930231312,
397,1,2,1,0.75,0.5,0.4066552958968528,
404,1,2,1,0.6,0.1999999999999999,0.7423035967165571,
409,1,2,0,0.4,0.1999999999999999,0.479596476406892,
411,1,2,0,0.2,0.6,0.5168700794653464,
415,1,2,0,0.0,1.0,0.5599510218597156,
416,1,2,0,0.0,1.0,0.5663966352034657,
429,1,2,0,0.0,1.0,0.5992101153775532,
435,1,2,0,0.4,0.1999999999999999,0.5211628726380347,
436,1,2,0,0.4,0.1999999999999999,0.44573731813622125,
437,1,2,1,0.6,0.1999999999999999,0.47725477069937794,
464,1,2,0,0.0,1.0,0.6022834418459441,
469,1,2,1,0.75,0.5,0.27513224381593415,
472,1,2,0,0.25,0.5,0.31707419050991337,
474,1,2,0,0.0,1.0,0.19825271611922732,
481,1,2,0,0.0,1.0,0.5273805110670902,
484,1,2,0,0.25,0.5,0.33822068374289016,
486,1,2,0,0.25,0.5,0.795470444593763,
487,1,2,0,0.2,0.6,0.15979536456132892,
498,1,2,0,0.0,1.0,0.31956041621030606,
500,1,2,0,0.25,0.5,0.4486328555665797,
501,1,2,0,0.25,0.5,0.43698762246445344,
502,1,2,1,0.75,0.5,0.5180976093398232,
516,1,2,0,0.0,1.0,0.2703455909054564,
526,1,2,0,0.0,1.0,0.482315325635408,
534,1,2,1,0.75,0.5,0.5145681821113636,
539,1,2,0,0.25,0.5,0.41160610420767185,
543,1,2,1,0.5,0.0,0.3928570664632344,
545,1,2,0,0.25,0.5,0.3190074688615314,
547,1,2,1,0.5,0.0,0.5657969313231545,
555,1,2,0,0.3333333333333333,0.3333333333333333,0.526808605246202,
557,1,2,0,0.3333333333333333,0.3333333333333333,0.23899295732365453,
558,1,2,1,0.5,0.0,0.547273951225737,
567,1,2,0,0.3333333333333333,0.3333333333333333,0.5156157799406205,
571,1,2,1,0.5,0.0,0.2197838038735411,
573,1,2,0,0.3333333333333333,0.3333333333333333,0.4959902460774196,
575,1,2,1,0.5,0.0,0.5713433839797857,
582,1,2,1,0.5,0.0,0.6494834663578768,
587,1,2,1,0.8333333333333334,0.6666666666666667,0.37245432402463285,
595,1,2,1,0.8333333333333334,0.6666666666666667,0.4651097295546062,
597,1,2,0,0.0,1.0,0.3185189189274207,
600,1,2,0,0.1666666666666666,0.6666666666666667,0.32148840689553115,
613,1,2,0,0.0,1.0,0.5703085523784914,
615,1,2,1,0.75,0.5,0.4969010458259463,
621,1,2,1,0.5,0.0,0.5073280670006954,
623,1,2,1,0.5,0.0,0.4045532520883245,
629,1,2,1,0.5,0.0,0.7426607790657036,
638,1,2,0,0.25,0.5,0.35749152345820084,
642,1,2,1,0.75,0.5,0.5464162788260798,
649,1,2,1,0.5,0.0,0.3850022754130813,
651,1,2,0,0.3333333333333333,0.3333333333333333,0.2826572407565572,
653,1,2,1,0.5,0.0,0.21068067512570426,
655,1,2,1,0.6666666666666666,0.3333333333333332,0.4740444798609797,
657,1,2,1,0.5,0.0,0.40115897107518395,
661,1,2,1,0.8333333333333334,0.6666666666666667,0.6879836710406922,
663,1,2,0,0.3333333333333333,0.3333333333333333,0.6807871741562301,
672,1,2,0,0.0,1.0,0.4017774118647889,
678,1,2,0,0.3333333333333333,0.3333333333333333,0.15941981133090338,
680,1,2,0,0.0,1.0,0.3016768089394608,
687,1,2,0,0.3333333333333333,0.3333333333333333,0.3621037327978611,
688,1,2,0,0.1666666666666666,0.6666666666666667,0.40325516250009996,
690,1,2,0,0.0,1.0,0.6990339309961761,
691,1,2,0,0.1666666666666666,0.6666666666666667,0.5458332301121687,
708,1,2,0,0.0,1.0,0.6561359486221642,
711,1,2,1,0.6,0.1999999999999999,0.5448035087047718,
715,1,2,1,0.5,0.0,0.3225986504151227,
717,1,2,1,0.5,0.0,0.4863198300872512,
719,1,2,0,0.1666666666666666,0.6666666666666667,0.638422104505088,
725,1,2,0,0.0,1.0,0.5536964480210194,
727,1,2,0,0.4,0.1999999999999999,0.7675082666223713,
731,1,2,0,0.0,1.0,0.4433332032028776,
732,1,2,0,0.0,1.0,0.4800573667021563,
739,1,2,0,0.3333333333333333,0.3333333333333333,0.529278838742665,
2,1,3,0,0.4,0.1999999999999999,0.4362314225564856,
24,1,3,0,0.0,1.0,0.4521815060400503,
39,1,3,0,0.0,1.0,0.38818933811702383,
40,1,3,0,0.2,0.6,0.44731402533838205,
42,1,3,0,0.0,1.0,0.4517940498583122,
45,1,3,0,0.0,1.0,0.2752418095763002,
52,1,3,0,0.25,0.5,0.45837737215106367,
54,1,3,0,0.25,0.5,0.5123994170032753,
57,1,3,1,1.0,1.0,0.5529660869616414,
62,1,3,0,0.25,0.5,0.42384459945733977,
65,1,3,0,0.25,0.5,0.42402331602890875,
68,1,3,0,0.0,1.0,0.37584848055361053,
69,1,3,0,0.0,1.0,0.4181993854793235,
76,1,3,0,0.25,0.5,0.5699361407143387,
77,1,3,0,0.25,0.5,0.49606398467133156,
78,1,3,0,0.0,1.0,0.33444337510317357,
83,1,3,0,0.25,0.5,0.6514150660593842,
84,1,3,0,0.3333333333333333,0.3333333333333333,0.5389553806197811,
92,1,3,0,0.0,1.0,0.5320127156837897,
103,1,3,0,0.1111111111111111,0.7777777777777778,0.5258217644581458,
110,1,3,0,0.0,1.0,0.5224830579210301,
119,1,3,0,0.1111111111111111,0.7777777777777778,0.6120993207491594,
126,1,3,0,0.2222222222222222,0.5555555555555556,0.6205734415250018,
131,1,3,0,0.0,1.0,0.47293915172943163,
132,1,3,0,0.2222222222222222,0.5555555555555556,0.4646624925582441,
136,1,3,0,0.3333333333333333,0.3333333333333333,0.5185463371704415,
137,1,3,1,0.6666666666666666,0.3333333333333332,0.4064702315254688,
152,1,3,0,0.0,1.0,0.2330134514047838,
153,1,3,0,0.0,1.0,0.4154239415799632,
155,1,3,0,0.25,0.5,0.46976074951837143,
157,1,3,0,0.25,0.5,0.4352395166126407,
177,1,3,0,0.0,1.0,0.48012859722567824,
186,1,3,0,0.0,1.0,0.4329775294219691,
202,1,3,1,0.6,0.1999999999999999,0.387073235602134,
203,1,3,0,0.2,0.6,0.2663968094161787,
206,1,3,1,0.5,0.0,0.2800180047120514,
207,1,3,0,0.2,0.6,0.3771935201608242,
208,1,3,0,0.0,1.0,0.25036583738639073,
211,1,3,1,0.6,0.1999999999999999,0.646943888377354,
215,1,3,0,0.2,0.6,0.3964846737040954,
219,1,3,0,0.0,1.0,0.4281633989069724,
220,1,3,0,0.4,0.1999999999999999,0.3680487986290121,
221,1,3,1,0.8,0.6000000000000001,0.4086877653572249,
229,1,3,0,0.0,1.0,0.47871001594970547,
238,1,3,0,0.25,0.5,0.19570057406242358,
246,1,3,0,0.4,0.1999999999999999,0.4650571643959672,
252,1,3,0,0.0,1.0,0.5191956157283694,
261,1,3,0,0.25,0.5,0.3976993982706794,
265,1,3,1,0.5,0.0,0.5216914346050001,
266,1,3,0,0.25,0.5,0.5112241105665155,
268,1,3,1,0.5,0.0,0.3173870413669657,
282,1,3,0,0.25,0.5,0.5359378319000374,
286,1,3,0,0.2,0.6,0.4376397914572853,
289,1,3,1,0.5,0.0,0.5632168930477682,
298,1,3,0,0.25,0.5,0.6620356229868785,
300,1,3,0,0.0,1.0,0.4621488908874605,
307,1,3,0,0.4,0.1999999999999999,0.47293079023775114,
308,1,3,0,0.4,0.1999999999999999,0.565397014616197,
310,1,3,0,0.2,0.6,0.5819340915637499,
316,1,3,0,0.4,0.1999999999999999,0.44404624030629647,
318,1,3,0,0.4,0.1999999999999999,0.3286074107711866,
319,1,3,0,0.2,0.6,0.34856172190669177,
322,1,3,1,0.6,0.1999999999999999,0.600256572507377,
323,1,3,0,0.0,1.0,0.44262009537476776,
329,1,3,0,0.0,1.0,0.5141651523772084,
331,1,3,0,0.0,1.0,0.36722451660719774,
336,1,3,0,0.4,0.1999999999999999,0.5047089764163991,
338,1,3,0,0.4,0.1999999999999999,0.6540644899089243,
354,1,3,0,0.25,0.5,0.46586779653735666,
365,1,3,0,0.25,0.5,0.5347533618981661,
370,1,3,0,0.0,1.0,0.3691719411872477,
374,1,3,1,0.5,0.0,0.47608237750654275,
376,1,3,1,0.5,0.0,0.47614964291744377,
382,1,3,1,0.5,0.0,0.33362467759631387,
383,1,3,0,0.0,1.0,0.3479569451927843,
384,1,3,0,0.25,0.5,0.4352807979997115,
394,1,3,1,0.5,0.0,0.5358326683438503,
395,1,3,1,0.5,0.0,0.6326854039033842,
398,1,3,0,0.25,0.5,0.5023252545783016,
403,1,3,0,0.0,1.0,0.24860069741241458,
417,1,3,0,0.2,0.6,0.6654531542431597,
419,1,3,0,0.4,0.1999999999999999,0.33293556447340505,
426,1,3,1,0.8,0.6000000000000001,0.49688827186602413,
440,1,3,0,0.0,1.0,0.5670950736262576,
443,1,3,0,0.0,1.0,0.2554341436039605,
447,1,3,0,0.0,1.0,0.39455281703847167,
451,1,3,0,0.25,0.5,0.31957758323210694,
465,1,3,1,0.5,0.0,0.6353819124758588,
466,1,3,1,0.5,0.0,0.4956329236156748,
467,1,3,1,1.0,1.0,0.6463706960360884,
471,1,3,0,0.0,1.0,0.7747514282007011,
495,1,3,0,0.0,1.0,0.6222252772972325,
496,1,3,1,0.75,0.5,0.4698347321630907,
499,1,3,0,0.0,1.0,0.3928559163484734,
503,1,3,0,0.0,1.0,0.39789361384930644,
509,1,3,0,0.25,0.5,0.3586886771833352,
514,1,3,1,0.75,0.5,0.4991972347907405,
520,1,3,1,0.5,0.0,0.40048999747051695,
521,1,3,1,0.75,0.5,0.5471787513548609,
522,1,3,0,0.25,0.5,0.22139138914424056,
523,1,3,0,0.25,0.5,0.44337278230686683,
529,1,3,1,0.5,0.0,0.35482749890114973,
530,1,3,1,0.5,0.0,0.37259690324837985,
535,1,3,0,0.25,0.5,0.511777271031165,
546,1,3,1,0.5,0.0,0.3482897303535376,
552,1,3,1,0.6666666666666666,0.3333333333333332,0.425459834860177,
568,1,3,1,1.0,1.0,0.47777970342453185,
570,1,3,1,0.6666666666666666,0.3333333333333332,0.5727893016448108,
574,1,3,0,0.3333333333333333,0.3333333333333333,0.35260863133621434,
583,1,3,1,0.5,0.0,0.6528673710495194,
588,1,3,0,0.1666666666666666,0.6666666666666667,0.4871441794618118,
590,1,3,0,0.3333333333333333,0.3333333333333333,0.5538026684494379,
594,1,3,0,0.0,1.0,0.2820049224648662,
603,1,3,1,0.5,0.0,0.4140253601445474,
610,1,3,0,0.25,0.5,0.7027503564562319,
612,1,3,0,0.0,1.0,0.30802090580666375,
617,1,3,1,0.5,0.0,0.5799815218466301,
619,1,3,0,0.25,0.5,0.5830395921494709,
624,1,3,0,0.25,0.5,0.3418481229906082,
627,1,3,1,0.75,0.5,0.5353131237145201,
631,1,3,0,0.0,1.0,0.39842724324463674,
633,1,3,1,0.5,0.0,0.43595477632695745,
634,1,3,0,0.25,0.5,0.3470455381575942,
636,1,3,0,0.0,1.0,0.33755137380167377,
650,1,3,0,0.0,1.0,0.2539660303034022,
652,1,3,0,0.0,1.0,0.2769102835024628,
654,1,3,0,0.1666666666666666,0.6666666666666667,0.40133092527949554,
656,1,3,1,0.6666666666666666,0.3333333333333332,0.4077860287980553,
664,1,3,1,0.6666666666666666,0.3333333333333332,0.5489725372458946,
665,1,3,0,0.1666666666666666,0.6666666666666667,0.5622945680331077,
667,1,3,0,0.3333333333333333,0.3333333333333333,0.5455664546487917,
669,1,3,0,0.3333333333333333,0.3333333333333333,0.5408000006372496,
673,1,3,0,0.3333333333333333,0.3333333333333333,0.40899009770083083,
677,1,3,1,0.6666666666666666,0.3333333333333332,0.46245131001051765,
681,1,3,0,0.1666666666666666,0.6666666666666667,0.4623674828422276,
683,1,3,1,0.8333333333333334,0.6666666666666667,0.43359896352538796,
689,1,3,0,0.0,1.0,0.29099908976631317,
702,1,3,0,0.1666666666666666,0.6666666666666667,0.46768272158119795,
713,1,3,1,0.6,0.1999999999999999,0.5962462834928737,
714,1,3,0,0.3333333333333333,0.3333333333333333,0.48041584377451313,
720,1,3,0,0.0,1.0,0.4269164163026409,
721,1,3,0,0.3333333333333333,0.3333333333333333,0.6642192649814403,
722,1,3,0,0.2,0.6,0.4312428855941145,
723,1,3,0,0.1666666666666666,0.6666666666666667,0.4897525587085033,
726,1,3,0,0.0,1.0,0.6665712870702187,
738,1,3,0,0.3333333333333333,0.3333333333333333,0.4653228488299611,
742,1,3,1,0.5,0.0,0.4989109513653125,
4,1,4,1,0.6,0.1999999999999999,0.7168160824047414,
7,1,4,1,0.6,0.1999999999999999,0.7051215481115252,
15,1,4,0,0.4,0.1999999999999999,0.48282447229879544,
27,1,4,0,0.2,0.6,0.451382293466201,
35,1,4,1,0.5,0.0,0.5621221724290837,
38,1,4,0,0.0,1.0,0.6485397547850009,
47,1,4,0,0.25,0.5,0.4533588406515514,
48,1,4,1,0.6,0.1999999999999999,0.382198049524195,
53,1,4,0,0.1666666666666666,0.6666666666666667,0.4147759379795434,
55,1,4,0,0.0,1.0,0.5012128941970746,
58,1,4,0,0.25,0.5,0.47434032516622104,
59,1,4,0,0.25,0.5,0.4168297584912901,
61,1,4,0,0.2,0.6,0.521852737027168,
73,1,4,0,0.0,1.0,0.37306861440826306,
74,1,4,0,0.0,1.0,0.4844314209145629,
80,1,4,0,0.0,1.0,0.480990201594757,
87,1,4,0,0.0,1.0,0.6176845641360229,
97,1,4,0,0.25,0.5,0.40887266865833904,
100,1,4,0,0.25,0.5,0.6394596087845312,
104,1,4,0,0.1111111111111111,0.7777777777777778,0.5237905486254426,
105,1,4,0,0.0,1.0,0.4733671705495941,
107,1,4,0,0.1111111111111111,0.7777777777777778,0.5023646784436371,
111,1,4,0,0.1111111111111111,0.7777777777777778,0.6246812338753205,
112,1,4,0,0.125,0.75,0.5136360748344694,
116,1,4,0,0.0,1.0,0.46377466273253165,
125,1,4,0,0.125,0.75,0.38417749327082545,
134,1,4,0,0.1111111111111111,0.7777777777777778,0.4480487456564213,
135,1,4,0,0.1666666666666666,0.6666666666666667,0.3857188298303771,
143,1,4,1,0.5555555555555556,0.1111111111111111,0.5678198886828147,
146,1,4,1,0.8888888888888888,0.7777777777777777,0.43119281729058934,
147,1,4,0,0.0,1.0,0.5403925284361205,
148,1,4,0,0.1111111111111111,0.7777777777777778,0.24446625044268885,
162,1,4,0,0.2,0.6,0.39722331464136273,
164,1,4,0,0.0,1.0,0.32529046232622794,
165,1,4,0,0.0,1.0,0.5629366851665277,
167,1,4,0,0.0,1.0,0.5070330867642612,
169,1,4,0,0.0,1.0,0.4202110652245557,
172,1,4,0,0.0,1.0,0.3922950961958659,
174,1,4,1,0.5,0.0,0.488543580463985,
178,1,4,0,0.0,1.0,0.5005307138814782,
183,1,4,0,0.0,1.0,0.409334383318269,
185,1,4,0,0.25,0.5,0.3938793108677899,
189,1,4,1,0.5,0.0,0.45159834038771296,
190,1,4,0,0.25,0.5,0.34827747158442646,
214,1,4,0,0.2,0.6,0.5220599567946418,
224,1,4,0,0.4,0.1999999999999999,0.3662866663869907,
228,1,4,0,0.2,0.6,0.48217313313485743,
242,1,4,1,0.6,0.1999999999999999,0.38327449335864894,
244,1,4,1,0.6,0.1999999999999999,0.4256088327685783,
253,1,4,0,0.0,1.0,0.45230148577057294,
254,1,4,0,0.25,0.5,0.43149290802891105,
255,1,4,0,0.25,0.5,0.4118017708936104,
269,1,4,1,0.5,0.0,0.37079675947433743,
281,1,4,0,0.0,1.0,0.5560006973751452,
283,1,4,0,0.25,0.5,0.6106820259716783,
290,1,4,0,0.0,1.0,0.5052841257217902,
295,1,4,0,0.0,1.0,0.3727817186592167,
296,1,4,0,0.0,1.0,0.475105474618032,
302,1,4,0,0.0,1.0,0.45050531169573477,
303,1,4,0,0.0,1.0,0.4350281855064398,
306,1,4,0,0.0,1.0,0.52798298997491,
311,1,4,0,0.4,0.1999999999999999,0.48436382805648975,
337,1,4,0,0.0,1.0,0.3853017045952495,
340,1,4,1,0.6,0.1999999999999999,0.3636198694483209,
345,1,4,0,0.0,1.0,0.18413309814621934,
348,1,4,0,0.4,0.1999999999999999,0.8419996663654272,
359,1,4,0,0.25,0.5,0.6900088694702275,
361,1,4,0,0.0,1.0,0.3134575621651795,
364,1,4,1,0.5,0.0,0.529401571127813,
367,1,4,0,0.25,0.5,0.6686460270812091,
371,1,4,0,0.25,0.5,0.5833209628423885,
372,1,4,0,0.25,0.5,0.38673256418159396,
377,1,4,0,0.25,0.5,0.3498862567258951,
379,1,4,1,0.75,0.5,0.44588235279234306,
381,1,4,1,0.75,0.5,0.4594666402145592,
392,1,4,1,0.5,0.0,0.653257338697725,
400,1,4,1,0.5,0.0,0.5632902580800624,
410,1,4,1,0.6,0.1999999999999999,0.42707339318350224,
413,1,4,0,0.0,1.0,0.40348673285005043,
418,1,4,0,0.0,1.0,0.4688104336449133,
421,1,4,0,0.2,0.6,0.3055314126640651,
422,1,4,1,0.6,0.1999999999999999,0.39472778541988135,
424,1,4,1,0.6,0.1999999999999999,0.4243313331815991,
427,1,4,1,0.6,0.1999999999999999,0.43549513504558424,
430,1,4,1,0.6,0.1999999999999999,0.47599191863172313,
432,1,4,0,0.2,0.6,0.49905382655051345,
434,1,4,0,0.0,1.0,0.44892739043746344,
438,1,4,0,0.1666666666666666,0.6666666666666667,0.5903635870747865,
441,1,4,0,0.2,0.6,0.44972827113920844,
442,1,4,1,0.8,0.6000000000000001,0.3656026400057403,
446,1,4,0,0.2,0.6,0.6033668184254941,
448,1,4,0,0.0,1.0,0.3831942933328548,
452,1,4,0,0.25,0.5,0.388209022176217,
453,1,4,0,0.25,0.5,0.392245565353468,
456,1,4,1,0.5,0.0,0.4646613499258927,
458,1,4,0,0.0,1.0,0.4856910107106853,
459,1,4,0,0.25,0.5,0.3056822969899341,
461,1,4,1,0.5,0.0,0.500312228108651,
463,1,4,0,0.25,0.5,0.6312556458342353,
473,1,4,0,0.25,0.5,0.4193331480452033,
491,1,4,1,0.5,0.0,0.5922294945042315,
492,1,4,0,0.3333333333333333,0.3333333333333333,0.38808876545828175,
504,1,4,1,0.75,0.5,0.4432692742013735,
508,1,4,1,0.75,0.5,0.3853298381141244,
512,1,4,1,1.0,1.0,0.6334522156039752,
517,1,4,0,0.25,0.5,0.4366303150086355,
532,1,4,0,0.0,1.0,0.29418249840823674,
548,1,4,1,0.5,0.0,0.3048126788475852,
550,1,4,0,0.0,1.0,0.4556464803538966,
561,1,4,1,0.5,0.0,0.3767680548001331,
562,1,4,0,0.3333333333333333,0.3333333333333333,0.573527157861113,
565,1,4,0,0.3333333333333333,0.3333333333333333,0.5505160424850908,
566,1,4,0,0.1666666666666666,0.6666666666666667,0.450241812422322,
569,1,4,0,0.1666666666666666,0.6666666666666667,0.5357959143069249,
572,1,4,1,0.8333333333333334,0.6666666666666667,0.2767912288446208,
578,1,4,1,0.5,0.0,0.41217737088899575,
586,1,4,1,0.6666666666666666,0.3333333333333332,0.3541913637906903,
596,1,4,1,0.5,0.0,0.600346351129193,
599,1,4,0,0.0,1.0,0.3828416991545538,
601,1,4,0,0.0,1.0,0.35507219389025035,
605,1,4,1,0.5,0.0,0.6258431841108851,
606,1,4,0,0.25,0.5,0.3829779761423848,
608,1,4,0,0.0,1.0,0.7514420725643303,
609,1,4,0,0.25,0.5,0.5344606697207646,
614,1,4,1,0.75,0.5,0.5238022216830553,
625,1,4,0,0.0,1.0,0.2583725138687697,
640,1,4,1,0.75,0.5,0.5459611231830316,
643,1,4,1,0.5,0.0,0.47588109904238596,
644,1,4,0,0.25,0.5,0.5388806713777547,
662,1,4,0,0.0,1.0,0.34432632805058827,
671,1,4,0,0.3333333333333333,0.3333333333333333,0.5725064056909897,
675,1,4,0,0.3333333333333333,0.3333333333333333,0.3983631727116488,
676,1,4,0,0.1666666666666666,0.6666666666666667,0.36578598533612805,
682,1,4,0,0.1666666666666666,0.6666666666666667,0.48719959626776826,
685,1,4,0,0.0,1.0,0.28378185992962746,
694,1,4,0,0.3333333333333333,0.3333333333333333,0.40201426990454747,
700,1,4,1,0.5,0.0,0.4202771098159692,
701,1,4,0,0.1666666666666666,0.6666666666666667,0.453768917393639,
705,1,4,1,0.5,0.0,0.4049304068189845,
709,1,4,0,0.3333333333333333,0.3333333333333333,0.5182036383148868,
724,1,4,0,0.2,0.6,0.49702415029297226,
730,1,4,0,0.3333333333333333,0.3333333333333333,0.33556437961809826,
733,1,4,0,0.1666666666666666,0.6666666666666667,0.43853863005001015,
736,1,4,0,0.0,1.0,0.5271544029452933,
737,1,4,0,0.1666666666666666,0.6666666666666667,0.44607634023514486,
740,1,4,0,0.1666666666666666,0.6666666666666667,0.4196520257587144,
741,1,4,0,0.2,0.6,0.5236272663216406,
1,2,0,0,0.3333333333333333,0.3333333333333333,0.3768330859097374,
4,2,0,1,0.6,0.1999999999999999,0.6672803101877238,
6,2,0,0,0.2,0.6,0.5395728068544414,
10,2,0,0,0.0,1.0,0.1873768981383348,
12,2,0,0,0.4,0.1999999999999999,0.43015658506750015,
18,2,0,1,0.6,0.1999999999999999,0.42120546902318357,
25,2,0,0,0.2,0.6,0.4791793580389026,
33,2,0,0,0.4,0.1999999999999999,0.31549442038308123,
38,2,0,0,0.0,1.0,0.7068000135305357,
44,2,0,0,0.0,1.0,0.6054284373631635,
48,2,0,1,0.6,0.1999999999999999,0.37983472033956905,
57,2,0,1,1.0,1.0,0.5048501595953914,
60,2,0,0,0.0,1.0,0.5823878538097241,
62,2,0,0,0.25,0.5,0.4301598454903649,
70,2,0,0,0.0,1.0,0.3674312820028939,
73,2,0,0,0.0,1.0,0.3400117945298422,
74,2,0,0,0.0,1.0,0.5277407108323972,
80,2,0,0,0.0,1.0,0.483524635580056,
81,2,0,0,0.0,1.0,0.39713001882921684,
84,2,0,0,0.3333333333333333,0.3333333333333333,0.4821088277844552,
91,2,0,0,0.25,0.5,0.34411819022269097,
98,2,0,0,0.3333333333333333,0.3333333333333333,0.47348496240732724,
104,2,0,0,0.1111111111111111,0.7777777777777778,0.5329436461019978,
108,2,0,0,0.25,0.5,0.6177129251631626,
114,2,0,0,0.1111111111111111,0.7777777777777778,0.6520559309920149,
118,2,0,0,0.0,1.0,0.657184408161256,
133,2,0,1,0.8888888888888888,0.7777777777777777,0.41112505335824534,
134,2,0,0,0.1111111111111111,0.7777777777777778,0.4211693131507246,
136,2,0,0,0.3333333333333333,0.3333333333333333,0.5664545639786787,
139,2,0,0,0.0,1.0,0.49451992885870993,
141,2,0,0,0.0,1.0,0.5779453115073383,
144,2,0,0,0.0,1.0,0.561034460183732,
152,2,0,0,0.0,1.0,0.26510054634042624,
162,2,0,0,0.2,0.6,0.3870832508487333,
165,2,0,0,0.0,1.0,0.5779934677694207,
171,2,0,0,0.25,0.5,0.5407845813112446,
173,2,0,0,0.25,0.5,0.46089289458316685,
182,2,0,0,0.0,1.0,0.615083854772355,
185,2,0,0,0.25,0.5,0.5114922047808023,
188,2,0,0,0.0,1.0,0.3665847355125106,
191,2,0,0,0.0,1.0,0.43493497672842163,
203,2,0,0,0.2,0.6,0.30454882223626745,
222,2,0,0,0.2,0.6,0.33570915895679654,
244,2,0,1,0.6,0.1999999999999999,0.4888955210278536,
248,2,0,0,0.4,0.1999999999999999,0.4805002243573281,
250,2,0,0,0.4,0.1999999999999999,0.5396110050074155,
253,2,0,0,0.0,1.0,0.5106298569410552,
255,2,0,0,0.25,0.5,0.3085601521528844,
257,2,0,0,0.25,0.5,0.41963888699706436,
261,2,0,0,0.25,0.5,0.5236008753661587,
263,2,0,0,0.2,0.6,0.41550892327236144,
265,2,0,1,0.5,0.0,0.607878785099778,
272,2,0,1,0.5,0.0,0.5010217964694588,
273,2,0,1,0.5,0.0,0.4483274111548483,
276,2,0,0,0.2,0.6,0.5414935256613002,
288,2,0,1,0.75,0.5,0.3925643830681532,
322,2,0,1,0.6,0.1999999999999999,0.6345370043390892,
324,2,0,0,0.2,0.6,0.5694351026186268,
326,2,0,0,0.0,1.0,0.27767086805753605,
327,2,0,0,0.0,1.0,0.5229256393403754,
328,2,0,1,0.6,0.1999999999999999,0.2714112003510337,
331,2,0,0,0.0,1.0,0.42201820308988114,
339,2,0,0,0.0,1.0,0.5857145451734029,
343,2,0,1,0.8,0.6000000000000001,0.5643641299270223,
345,2,0,0,0.0,1.0,0.19930480152481522,
346,2,0,1,0.6,0.1999999999999999,0.6003601033665276,
352,2,0,0,0.25,0.5,0.5931628269498099,
353,2,0,0,0.0,1.0,0.6636227714469802,
357,2,0,1,0.5,0.0,0.472315675822893,
363,2,0,0,0.0,1.0,0.5579333022873783,
367,2,0,0,0.25,0.5,0.6170432247597573,
371,2,0,0,0.25,0.5,0.5710898854945476,
373,2,0,0,0.0,1.0,0.5579003511027206,
375,2,0,1,0.5,0.0,0.46170181230713975,
387,2,0,0,0.0,1.0,0.24882755208951782,
392,2,0,1,0.5,0.0,0.6100890231957252,
393,2,0,0,0.25,0.5,0.48763028913082707,
394,2,0,1,0.5,0.0,0.5240601815548986,
395,2,0,1,0.5,0.0,0.5751069830679267,
398,2,0,0,0.25,0.5,0.5274903369417496,
402,2,0,1,0.6,0.1999999999999999,0.2050566799955985,
412,2,0,1,1.0,1.0,0.5501617687278393,
414,2,0,1,0.6,0.1999999999999999,0.5675684324830779,
416,2,0,0,0.0,1.0,0.5133893307425174,
421,2,0,0,0.2,0.6,0.2915771568466149,
428,2,0,1,0.6,0.1999999999999999,0.26726046899808464,
432,2,0,0,0.2,0.6,0.5908325512377725,
435,2,0,0,0.4,0.1999999999999999,0.6028230663822203,
438,2,0,0,0.1666666666666666,0.6666666666666667,0.6374107157108693,
442,2,0,1,0.8,0.6000000000000001,0.48428008057938976,
444,2,0,0,0.2,0.6,0.5391087491604036,
460,2,0,0,0.0,1.0,0.4104029002908344,
465,2,0,1,0.5,0.0,0.6359058568296503,
470,2,0,0,0.0,1.0,0.478698751238507,
471,2,0,0,0.0,1.0,0.6922937075096997,
474,2,0,0,0.0,1.0,0.20827503534651637,
475,2,0,0,0.25,0.5,0.40454056823446893,
476,2,0,0,0.0,1.0,0.5783078090186974,
485,2,0,1,0.5,0.0,0.49180832682671083,
489,2,0,0,0.0,1.0,0.5495669618914119,
493,2,0,0,0.0,1.0,0.4002303148412497,
498,2,0,0,0.0,1.0,0.2569746519400785,
505,2,0,1,0.5,0.0,0.5143252691196714,
506,2,0,1,0.75,0.5,0.5339214685149644,
515,2,0,0,0.25,0.5,0.303971797989498,
517,2,0,0,0.25,0.5,0.5030552380952539,
525,2,0,0,0.2,0.6,0.21822645945701755,
526,2,0,0,0.0,1.0,0.38225584215668573,
531,2,0,1,0.75,0.5,0.5954557003550272,
533,2,0,0,0.0,1.0,0.37926779195261645,
534,2,0,1,0.75,0.5,0.45538364572303947,
535,2,0,0,0.25,0.5,0.5594475434888428,
545,2,0,0,0.25,0.5,0.3695365521855125,
547,2,0,1,0.5,0.0,0.45157681680685835,
548,2,0,1,0.5,0.0,0.26007113466828624,
549,2,0,0,0.0,1.0,0.32676354432990407,
552,2,0,1,0.6666666666666666,0.3333333333333332,0.497507163237519,
563,2,0,0,0.0,1.0,0.5168610571795617,
571,2,0,1,0.5,0.0,0.3868186820439594,
573,2,0,0,0.3333333333333333,0.3333333333333333,0.5355436248331662,
577,2,0,0,0.1666666666666666,0.6666666666666667,0.3992952789168671,
581,2,0,0,0.3333333333333333,0.3333333333333333,0.43378957206203783,
583,2,0,1,0.5,0.0,0.6117899392928132,
584,2,0,1,0.6666666666666666,0.3333333333333332,0.5532495174064841,
588,2,0,0,0.1666666666666666,0.6666666666666667,0.5672591450769435,
594,2,0,0,0.0,1.0,0.320508328365686,
601,2,0,0,0.0,1.0,0.385796176187102,
606,2,0,0,0.25,0.5,0.3090160980262422,
615,2,0,1,0.75,0.5,0.5251035859073552,
620,2,0,1,0.75,0.5,0.46843949218281933,
652,2,0,0,0.0,1.0,0.33913517679024197,
655,2,0,1,0.6666666666666666,0.3333333333333332,0.3779368170236168,
656,2,0,1,0.6666666666666666,0.3333333333333332,0.4892420878474787,
660,2,0,0,0.1666666666666666,0.6666666666666667,0.3347891173685365,
661,2,0,1,0.8333333333333334,0.6666666666666667,0.7149066997832592,
662,2,0,0,0.0,1.0,0.2605795481324421,
674,2,0,0,0.3333333333333333,0.3333333333333333,0.43218574040738617,
680,2,0,0,0.0,1.0,0.2984432381044179,
684,2,0,0,0.0,1.0,0.3905253711183353,
689,2,0,0,0.0,1.0,0.2942824573291537,
699,2,0,0,0.1666666666666666,0.6666666666666667,0.5985967489189445,
701,2,0,0,0.1666666666666666,0.6666666666666667,0.4948608740458968,
721,2,0,0,0.3333333333333333,0.3333333333333333,0.6643025724591407,
723,2,0,0,0.1666666666666666,0.6666666666666667,0.44650409241359224,
737,2,0,0,0.1666666666666666,0.6666666666666667,0.423464789757528,
739,2,0,0,0.3333333333333333,0.3333333333333333,0.5693978955909919,
742,2,0,1,0.5,0.0,0.5015665502041932,
13,2,1,0,0.2,0.6,0.5343819584357541,
14,2,1,0,0.2,0.6,0.5153633707618318,
16,2,1,1,0.6,0.1999999999999999,0.3252182324495015,
20,2,1,0,0.25,0.5,0.5150613253944738,
29,2,1,0,0.2,0.6,0.552123995493865,
34,2,1,0,0.1666666666666666,0.6666666666666667,0.5416939262374655,
35,2,1,1,0.5,0.0,0.5649352907231986,
46,2,1,0,0.4,0.1999999999999999,0.5502886941082645,
67,2,1,0,0.0,1.0,0.4665503539483002,
82,2,1,0,0.25,0.5,0.5284990493834543,
83,2,1,0,0.25,0.5,0.6540355767490877,
85,2,1,0,0.25,0.5,0.5569126235292209,
88,2,1,1,0.5,0.0,0.4337349757941717,
93,2,1,0,0.0,1.0,0.45101600022084304,
103,2,1,0,0.1111111111111111,0.7777777777777778,0.5074394594901894,
116,2,1,0,0.0,1.0,0.3462414345038845,
122,2,1,0,0.0,1.0,0.4297859924868759,
123,2,1,0,0.0,1.0,0.35069833343095425,
124,2,1,0,0.0,1.0,0.5112312461424895,
127,2,1,1,0.6666666666666666,0.3333333333333332,0.3491032063052867,
128,2,1,0,0.1111111111111111,0.7777777777777778,0.3654238791051393,
131,2,1,0,0.0,1.0,0.5186986217163598,
132,2,1,0,0.2222222222222222,0.5555555555555556,0.41960082765213486,
143,2,1,1,0.5555555555555556,0.1111111111111111,0.621497994489098,
149,2,1,0,0.3333333333333333,0.3333333333333333,0.3342308994388767,
153,2,1,0,0.0,1.0,0.363623507414295,
157,2,1,0,0.25,0.5,0.417633697671109,
159,2,1,0,0.0,1.0,0.44893011072750844,
176,2,1,0,0.0,1.0,0.3305426675045475,
181,2,1,1,0.5,0.0,0.3238571376696504,
184,2,1,0,0.0,1.0,0.4204849305691973,
190,2,1,0,0.25,0.5,0.33886459059385887,
196,2,1,1,0.5,0.0,0.46758982640882063,
198,2,1,0,0.0,1.0,0.48337142579110165,
199,2,1,0,0.25,0.5,0.39775203687337063,
207,2,1,0,0.2,0.6,0.37969931122828166,
208,2,1,0,0.0,1.0,0.27524371719867446,
212,2,1,0,0.2,0.6,0.4877842709406113,
216,2,1,0,0.0,1.0,0.6805225882546595,
224,2,1,0,0.4,0.1999999999999999,0.3154840525022029,
227,2,1,1,1.0,1.0,0.4230880323381885,
229,2,1,0,0.0,1.0,0.531112261861812,
235,2,1,0,0.0,1.0,0.5817335997849276,
240,2,1,0,0.2,0.6,0.4136549826419581,
245,2,1,0,0.0,1.0,0.4304790318570967,
247,2,1,0,0.2,0.6,0.5523506169684103,
258,2,1,0,0.0,1.0,0.5534853379912168,
262,2,1,1,0.5,0.0,0.628371458708149,
277,2,1,1,0.5,0.0,0.5306844010514198,
278,2,1,0,0.25,0.5,0.38121430606019713,
279,2,1,0,0.2,0.6,0.31888458189887514,
285,2,1,0,0.4,0.1999999999999999,0.4118132465421013,
287,2,1,0,0.25,0.5,0.5488086078783571,
291,2,1,0,0.0,1.0,0.5392838536052181,
292,2,1,0,0.25,0.5,0.6555413450176766,
293,2,1,1,0.5,0.0,0.43908011661342383,
295,2,1,0,0.0,1.0,0.38998462650039745,
300,2,1,0,0.0,1.0,0.5493136503826332,
304,2,1,1,0.8,0.6000000000000001,0.572436399330285,
307,2,1,0,0.4,0.1999999999999999,0.45413428717692494,
309,2,1,1,0.8,0.6000000000000001,0.6308269923333587,
318,2,1,0,0.4,0.1999999999999999,0.39859411764342273,
347,2,1,0,0.4,0.1999999999999999,0.6788949591772608,
349,2,1,0,0.0,1.0,0.2718888274802093,
351,2,1,0,0.0,1.0,0.5091684231750094,
358,2,1,0,0.25,0.5,0.5747311488576956,
359,2,1,0,0.25,0.5,0.6684062407160036,
360,2,1,0,0.25,0.5,0.44774876088848287,
372,2,1,0,0.25,0.5,0.4644080214954779,
374,2,1,1,0.5,0.0,0.5296695797676112,
381,2,1,1,0.75,0.5,0.49456335505012017,
382,2,1,1,0.5,0.0,0.3427123351526675,
383,2,1,0,0.0,1.0,0.3359831226029312,
384,2,1,0,0.25,0.5,0.46521042201589224,
389,2,1,0,0.25,0.5,0.42664868949666285,
399,2,1,0,0.25,0.5,0.3748524174997887,
401,2,1,0,0.2,0.6,0.379192967325912,
405,2,1,0,0.0,1.0,0.5289120157063945,
420,2,1,0,0.0,1.0,0.3174246796585918,
427,2,1,1,0.6,0.1999999999999999,0.5044150644804619,
430,2,1,1,0.6,0.1999999999999999,0.4177603538622794,
431,2,1,0,0.4,0.1999999999999999,0.2536046362134956,
433,2,1,0,0.0,1.0,0.4722036325626132,
447,2,1,0,0.0,1.0,0.44024271560508277,
456,2,1,1,0.5,0.0,0.4931428649002379,
458,2,1,0,0.0,1.0,0.614656356769093,
461,2,1,1,0.5,0.0,0.5853863586508696,
464,2,1,0,0.0,1.0,0.5456799329415825,
477,2,1,0,0.0,1.0,0.4195918126104198,
488,2,1,1,0.5,0.0,0.5733513938407535,
492,2,1,0,0.3333333333333333,0.3333333333333333,0.3495767787743157,
503,2,1,0,0.0,1.0,0.45908605028951766,
508,2,1,1,0.75,0.5,0.3470424620411062,
509,2,1,0,0.25,0.5,0.38334559537856105,
510,2,1,1,0.5,0.0,0.5496317078932198,
520,2,1,1,0.5,0.0,0.3876675443464045,
521,2,1,1,0.75,0.5,0.4127421852697468,
524,2,1,0,0.0,1.0,0.5468189843793855,
528,2,1,0,0.0,1.0,0.5621157848679887,
538,2,1,0,0.0,1.0,0.5872865503971272,
539,2,1,0,0.25,0.5,0.42836476280138536,
541,2,1,1,0.5,0.0,0.41038506757617327,
542,2,1,0,0.25,0.5,0.41892343470466986,
543,2,1,1,0.5,0.0,0.4542214335415875,
550,2,1,0,0.0,1.0,0.45142336919781223,
568,2,1,1,1.0,1.0,0.5329886981732082,
569,2,1,0,0.1666666666666666,0.6666666666666667,0.6351427682131405,
575,2,1,1,0.5,0.0,0.7071244573700276,
579,2,1,0,0.3333333333333333,0.3333333333333333,0.495501015621427,
580,2,1,0,0.3333333333333333,0.3333333333333333,0.2857034585238234,
582,2,1,1,0.5,0.0,0.5975724081904952,
586,2,1,1,0.6666666666666666,0.3333333333333332,0.3481938316086878,
590,2,1,0,0.3333333333333333,0.3333333333333333,0.6102112971510635,
592,2,1,1,0.6,0.1999999999999999,0.4613375440737232,
593,2,1,1,0.5,0.0,0.5019909347716854,
595,2,1,1,0.8333333333333334,0.6666666666666667,0.43323393934972465,
600,2,1,0,0.1666666666666666,0.6666666666666667,0.4583308725196663,
602,2,1,0,0.25,0.5,0.4719819028246292,
603,2,1,1,0.5,0.0,0.4312396467720513,
604,2,1,1,0.75,0.5,0.6802984569786714,
605,2,1,1,0.5,0.0,0.6194351290565954,
610,2,1,0,0.25,0.5,0.6424786967791902,
612,2,1,0,0.0,1.0,0.23857965407866677,
617,2,1,1,0.5,0.0,0.4955853227618446,
619,2,1,0,0.25,0.5,0.640269674977552,
625,2,1,0,0.0,1.0,0.23877723330938522,
638,2,1,0,0.25,0.5,0.4041773019442945,
659,2,1,1,0.6666666666666666,0.3333333333333332,0.39004311302420824,
663,2,1,0,0.3333333333333333,0.3333333333333333,0.555227770379746,
665,2,1,0,0.1666666666666666,0.6666666666666667,0.5186144895760121,
672,2,1,0,0.0,1.0,0.44706670317290476,
677,2,1,1,0.6666666666666666,0.3333333333333332,0.32899727694587544,
678,2,1,0,0.3333333333333333,0.3333333333333333,0.14285076889351475,
679,2,1,0,0.4,0.1999999999999999,0.3279047392740194,
688,2,1,0,0.1666666666666666,0.6666666666666667,0.4219516238104687,
690,2,1,0,0.0,1.0,0.6584922685794742,
696,2,1,0,0.1666666666666666,0.6666666666666667,0.5101286714837234,
697,2,1,1,0.5,0.0,0.39966787041016216,
706,2,1,1,0.6666666666666666,0.3333333333333332,0.5559855724075067,
708,2,1,0,0.0,1.0,0.6146805312257877,
712,2,1,0,0.1666666666666666,0.6666666666666667,0.57373924550548,
724,2,1,0,0.2,0.6,0.49237359141884535,
726,2,1,0,0.0,1.0,0.6094555370660956,
728,2,1,0,0.2,0.6,0.358650443400803,
733,2,1,0,0.1666666666666666,0.6666666666666667,0.4185214091363471,
735,2,1,0,0.0,1.0,0.275862116785979,
736,2,1,0,0.0,1.0,0.6086905598494871,
11,2,2,1,0.6,0.1999999999999999,0.4399324463898267,
15,2,2,0,0.4,0.1999999999999999,0.5468940001773696,
21,2,2,0,0.2,0.6,0.46487146290560494,
24,2,2,0,0.0,1.0,0.572438168479683,
27,2,2,0,0.2,0.6,0.5741936051927974,
28,2,2,0,0.2,0.6,0.5534732779727289,
30,2,2,0,0.2,0.6,0.5220203842938312,
31,2,2,0,0.1666666666666666,0.6666666666666667,0.4921615775544756,
37,2,2,0,0.2,0.6,0.37140644738664674,
47,2,2,0,0.25,0.5,0.44940173234494973,
58,2,2,0,0.25,0.5,0.4880393542701663,
59,2,2,0,0.25,0.5,0.34085762611575954,
61,2,2,0,0.2,0.6,0.35050565708267484,
64,2,2,0,0.3333333333333333,0.3333333333333333,0.2773515899178052,
71,2,2,0,0.0,1.0,0.5492533122687843,
76,2,2,0,0.25,0.5,0.5222305507598287,
87,2,2,0,0.0,1.0,0.674750750478305,
94,2,2,0,0.25,0.5,0.4704164886041399,
95,2,2,0,0.25,0.5,0.37391417879439715,
97,2,2,0,0.25,0.5,0.38379109455602956,
101,2,2,0,0.3333333333333333,0.3333333333333333,0.3853226637708602,
105,2,2,0,0.0,1.0,0.4479931162518441,
111,2,2,0,0.1111111111111111,0.7777777777777778,0.6341621545188417,
113,2,2,0,0.1111111111111111,0.7777777777777778,0.604591353850436,
120,2,2,0,0.0,1.0,0.3436516333840271,
129,2,2,0,0.2,0.6,0.5659048359574397,
142,2,2,0,0.0,1.0,0.5850545752981847,
148,2,2,0,0.1111111111111111,0.7777777777777778,0.3320732470062112,
150,2,2,0,0.0,1.0,0.44106266347659917,
151,2,2,0,0.0,1.0,0.4645030655096921,
156,2,2,0,0.25,0.5,0.5053481180886232,
158,2,2,0,0.0,1.0,0.2111936182699055,
163,2,2,0,0.25,0.5,0.5602936123428073,
167,2,2,0,0.0,1.0,0.4359506645524589,
168,2,2,0,0.25,0.5,0.5017757966854081,
177,2,2,0,0.0,1.0,0.3470135795986188,
179,2,2,0,0.25,0.5,0.49612886841761467,
187,2,2,0,0.0,1.0,0.6110790858127952,
189,2,2,1,0.5,0.0,0.44386230008514205,
201,2,2,0,0.25,0.5,0.2656077934782204,
205,2,2,0,0.2,0.6,0.3352863242896369,
206,2,2,1,0.5,0.0,0.22273121516854583,
213,2,2,0,0.4,0.1999999999999999,0.38539324804811226,
214,2,2,0,0.2,0.6,0.583001245439083,
220,2,2,0,0.4,0.1999999999999999,0.3733212949123062,
223,2,2,0,0.2,0.6,0.4064523964907498,
237,2,2,0,0.4,0.1999999999999999,0.37083836120565483,
238,2,2,0,0.25,0.5,0.15422575787779697,
241,2,2,1,0.6,0.1999999999999999,0.38734687307165117,
249,2,2,1,0.6,0.1999999999999999,0.5161050708693807,
252,2,2,0,0.0,1.0,0.6171042092063237,
259,2,2,0,0.0,1.0,0.4180788972170245,
264,2,2,0,0.25,0.5,0.322358817020598,
268,2,2,1,0.5,0.0,0.3903175545656184,
269,2,2,1,0.5,0.0,0.3369388772820381,
270,2,2,0,0.0,1.0,0.7129133328020951,
271,2,2,0,0.0,1.0,0.589061479444351,
275,2,2,1,0.5,0.0,0.48027094401122816,
280,2,2,0,0.25,0.5,0.5129995420540173,
281,2,2,0,0.0,1.0,0.5660762683092124,
283,2,2,0,0.25,0.5,0.5279100385959457,
284,2,2,1,0.5,0.0,0.40092912540823555,
286,2,2,0,0.2,0.6,0.5329334025433226,
290,2,2,0,0.0,1.0,0.4726009756050901,
296,2,2,0,0.0,1.0,0.43059411558149646,
298,2,2,0,0.25,0.5,0.5738755032952334,
303,2,2,0,0.0,1.0,0.4756436287639463,
306,2,2,0,0.0,1.0,0.6892395720790792,
310,2,2,0,0.2,0.6,0.6032055296671992,
312,2,2,0,0.0,1.0,0.3166312566780936,
316,2,2,0,0.4,0.1999999999999999,0.4678341220161385,
333,2,2,0,0.0,1.0,0.3402389130003542,
335,2,2,1,0.5,0.0,0.28311227497128144,
338,2,2,0,0.4,0.1999999999999999,0.6376857659658792,
342,2,2,0,0.2,0.6,0.3235600325201037,
354,2,2,0,0.25,0.5,0.4584827686588292,
355,2,2,0,0.25,0.5,0.31515394800267643,
361,2,2,0,0.0,1.0,0.3633844305352253,
364,2,2,1,0.5,0.0,0.4770229772372253,
376,2,2,1,0.5,0.0,0.39762086446867273,
378,2,2,1,0.5,0.0,0.30325033748184127,
379,2,2,1,0.75,0.5,0.4758221346442699,
388,2,2,1,0.5,0.0,0.36203662109827733,
390,2,2,1,0.75,0.5,0.4266792520679794,
406,2,2,1,0.6,0.1999999999999999,0.3367111773988913,
409,2,2,0,0.4,0.1999999999999999,0.5555220078642306,
411,2,2,0,0.2,0.6,0.4470149050094705,
413,2,2,0,0.0,1.0,0.44928538651970185,
418,2,2,0,0.0,1.0,0.5195634520063896,
422,2,2,1,0.6,0.1999999999999999,0.460973497421274,
424,2,2,1,0.6,0.1999999999999999,0.42544597500484527,
429,2,2,0,0.0,1.0,0.6143050386222426,
434,2,2,0,0.0,1.0,0.36978345174185107,
441,2,2,0,0.2,0.6,0.5551777765137127,
445,2,2,0,0.0,1.0,0.3884595792449429,
446,2,2,0,0.2,0.6,0.5323604569768043,
448,2,2,0,0.0,1.0,0.3082395964799747,
452,2,2,0,0.25,0.5,0.4809967016913127,
462,2,2,1,0.5,0.0,0.6174335966413198,
463,2,2,0,0.25,0.5,0.44607866619966985,
467,2,2,1,1.0,1.0,0.6870823613459769,
480,2,2,1,0.5,0.0,0.562034368869812,
496,2,2,1,0.75,0.5,0.3987336526422014,
499,2,2,0,0.0,1.0,0.4644286040649054,
512,2,2,1,1.0,1.0,0.6275411030092417,
514,2,2,1,0.75,0.5,0.4880666395851503,
516,2,2,0,0.0,1.0,0.32728703109082713,
518,2,2,0,0.25,0.5,0.5683672419471121,
519,2,2,0,0.0,1.0,0.5688899705721914,
530,2,2,1,0.5,0.0,0.3218952057150527,
546,2,2,1,0.5,0.0,0.4070521473720755,
553,2,2,0,0.0,1.0,0.5164958116836595,
554,2,2,1,0.5,0.0,0.5379222886305671,
555,2,2,0,0.3333333333333333,0.3333333333333333,0.589126144401692,
559,2,2,1,0.6666666666666666,0.3333333333333332,0.3495593739678549,
566,2,2,0,0.1666666666666666,0.6666666666666667,0.43230307345307484,
607,2,2,0,0.0,1.0,0.41831934074798693,
609,2,2,0,0.25,0.5,0.45022060446175594,
613,2,2,0,0.0,1.0,0.4520672934150739,
618,2,2,0,0.0,1.0,0.6142459343102055,
622,2,2,1,0.75,0.5,0.5054281666115025,
623,2,2,1,0.5,0.0,0.3057813841060548,
627,2,2,1,0.75,0.5,0.5128123972522727,
628,2,2,0,0.0,1.0,0.33395346913713014,
630,2,2,1,0.5,0.0,0.5029591460390586,
636,2,2,0,0.0,1.0,0.3693969235930978,
642,2,2,1,0.75,0.5,0.5488776388641421,
643,2,2,1,0.5,0.0,0.39027118468895916,
646,2,2,0,0.0,1.0,0.2331250743839784,
647,2,2,1,0.5,0.0,0.5725076861734164,
650,2,2,0,0.0,1.0,0.30857979765767907,
657,2,2,1,0.5,0.0,0.3105700781795693,
658,2,2,0,0.1666666666666666,0.6666666666666667,0.5075890119172559,
667,2,2,0,0.3333333333333333,0.3333333333333333,0.461961691178799,
668,2,2,0,0.1666666666666666,0.6666666666666667,0.6702400705686175,
671,2,2,0,0.3333333333333333,0.3333333333333333,0.5433291023296687,
681,2,2,0,0.1666666666666666,0.6666666666666667,0.4673860440801404,
686,2,2,0,0.0,1.0,0.5457034934347271,
692,2,2,0,0.0,1.0,0.4290230607271884,
695,2,2,0,0.3333333333333333,0.3333333333333333,0.2825483276424844,
700,2,2,1,0.5,0.0,0.29513524388464774,
702,2,2,0,0.1666666666666666,0.6666666666666667,0.5266077959019881,
710,2,2,0,0.0,1.0,0.2868245198730771,
713,2,2,1,0.6,0.1999999999999999,0.5537946170522938,
716,2,2,1,0.6666666666666666,0.3333333333333332,0.5625568485678845,
732,2,2,0,0.0,1.0,0.4780674030083103,
738,2,2,0,0.3333333333333333,0.3333333333333333,0.44813766624364904,
2,2,3,0,0.4,0.1999999999999999,0.44829926388677327,
7,2,3,1,0.6,0.1999999999999999,0.5983154779299351,
8,2,3,0,0.0,1.0,0.2667940547516525,
9,2,3,0,0.0,1.0,0.5150670745158051,
26,2,3,1,0.8,0.6000000000000001,0.3426123338748636,
32,2,3,0,0.2,0.6,0.500730430571373,
39,2,3,0,0.0,1.0,0.3058924114162661,
40,2,3,0,0.2,0.6,0.515693291175167,
42,2,3,0,0.0,1.0,0.4097147177867042,
45,2,3,0,0.0,1.0,0.32580879126877843,
52,2,3,0,0.25,0.5,0.5564465127561067,
53,2,3,0,0.1666666666666666,0.6666666666666667,0.4431879662349887,
55,2,3,0,0.0,1.0,0.45993867070604977,
56,2,3,0,0.25,0.5,0.3996569096575733,
63,2,3,0,0.0,1.0,0.48981896946912407,
69,2,3,0,0.0,1.0,0.4539908950012512,
75,2,3,0,0.0,1.0,0.40270595883006466,
77,2,3,0,0.25,0.5,0.4854149469735913,
78,2,3,0,0.0,1.0,0.3609896079270798,
79,2,3,0,0.25,0.5,0.46859114023199144,
90,2,3,1,0.5,0.0,0.3986092573294011,
92,2,3,0,0.0,1.0,0.45936040195312566,
96,2,3,0,0.0,1.0,0.5332952468034822,
99,2,3,0,0.0,1.0,0.29636156529972973,
100,2,3,0,0.25,0.5,0.6653695911141824,
109,2,3,0,0.1111111111111111,0.7777777777777778,0.5400112132326806,
119,2,3,0,0.1111111111111111,0.7777777777777778,0.5606414298238384,
121,2,3,0,0.1111111111111111,0.7777777777777778,0.3610753570211097,
130,2,3,0,0.1111111111111111,0.7777777777777778,0.4264179280690962,
138,2,3,1,0.5555555555555556,0.1111111111111111,0.4480231224981702,
147,2,3,0,0.0,1.0,0.560470577725831,
160,2,3,0,0.1666666666666666,0.6666666666666667,0.5759560647288653,
164,2,3,0,0.0,1.0,0.27235511602858375,
166,2,3,0,0.25,0.5,0.5446272860053261,
172,2,3,0,0.0,1.0,0.35525236153356543,
180,2,3,0,0.0,1.0,0.5837701887867547,
183,2,3,0,0.0,1.0,0.3835600225808311,
194,2,3,0,0.0,1.0,0.5090066420141265,
195,2,3,0,0.0,1.0,0.605729077483427,
202,2,3,1,0.6,0.1999999999999999,0.43264779852001967,
210,2,3,0,0.4,0.1999999999999999,0.7380108694419938,
211,2,3,1,0.6,0.1999999999999999,0.5372915539106866,
215,2,3,0,0.2,0.6,0.4236617169092657,
225,2,3,0,0.2,0.6,0.40266482172879214,
226,2,3,0,0.0,1.0,0.45974402824771776,
230,2,3,0,0.2,0.6,0.45259781286254364,
231,2,3,1,0.5,0.0,0.511479149512676,
232,2,3,0,0.25,0.5,0.39986242502031166,
246,2,3,0,0.4,0.1999999999999999,0.47811400443392765,
251,2,3,0,0.25,0.5,0.4551294353169183,
260,2,3,0,0.25,0.5,0.39190365341334077,
266,2,3,0,0.25,0.5,0.47962925065999396,
267,2,3,0,0.0,1.0,0.2659469421833651,
274,2,3,1,0.5,0.0,0.6181015944325376,
282,2,3,0,0.25,0.5,0.4402489061314906,
297,2,3,0,0.0,1.0,0.4556406654970575,
302,2,3,0,0.0,1.0,0.3866716284252617,
308,2,3,0,0.4,0.1999999999999999,0.5348911641213335,
311,2,3,0,0.4,0.1999999999999999,0.4329528003564903,
314,2,3,0,0.0,1.0,0.6256091722317931,
321,2,3,1,0.6,0.1999999999999999,0.47985928253046406,
325,2,3,0,0.0,1.0,0.448240394542225,
329,2,3,0,0.0,1.0,0.5697974650538333,
332,2,3,0,0.0,1.0,0.45525969875213956,
334,2,3,0,0.4,0.1999999999999999,0.6201898658282833,
336,2,3,0,0.4,0.1999999999999999,0.41667742125229645,
337,2,3,0,0.0,1.0,0.40070234225537826,
340,2,3,1,0.6,0.1999999999999999,0.44045371555389096,
341,2,3,1,0.6,0.1999999999999999,0.4955598920084887,
344,2,3,0,0.2,0.6,0.5699650860606187,
348,2,3,0,0.4,0.1999999999999999,0.8032638566784818,
362,2,3,1,0.75,0.5,0.5997183983163252,
368,2,3,1,0.5,0.0,0.5137705378314024,
397,2,3,1,0.75,0.5,0.384834136143125,
408,2,3,0,0.4,0.1999999999999999,0.4934302242191132,
410,2,3,1,0.6,0.1999999999999999,0.3787567938201744,
425,2,3,0,0.0,1.0,0.43528515511357146,
426,2,3,1,0.8,0.6000000000000001,0.5004992861717477,
436,2,3,0,0.4,0.1999999999999999,0.3576325228335781,
439,2,3,0,0.2,0.6,0.4231686406684962,
440,2,3,0,0.0,1.0,0.5186783313615682,
443,2,3,0,0.0,1.0,0.20919195921878206,
449,2,3,0,0.4,0.1999999999999999,0.43821741143763626,
450,2,3,0,0.2,0.6,0.4522402542984907,
451,2,3,0,0.25,0.5,0.2736307090744523,
453,2,3,0,0.25,0.5,0.456983475610644,
454,2,3,0,0.0,1.0,0.626556978961696,
455,2,3,0,0.0,1.0,0.3254088523076943,
459,2,3,0,0.25,0.5,0.3552284379507892,
466,2,3,1,0.5,0.0,0.437173797409336,
468,2,3,0,0.25,0.5,0.6789351592240791,
469,2,3,1,0.75,0.5,0.35177839920494025,
478,2,3,0,0.0,1.0,0.41305378139209525,
479,2,3,0,0.0,1.0,0.2846679261873845,
481,2,3,0,0.0,1.0,0.4946881585435313,
482,2,3,0,0.0,1.0,0.22980672955559753,
483,2,3,0,0.25,0.5,0.3793343166646199,
486,2,3,0,0.25,0.5,0.7365379939962915,
487,2,3,0,0.2,0.6,0.21864873395499748,
490,2,3,0,0.25,0.5,0.2512952563414347,
497,2,3,0,0.0,1.0,0.5487362610908769,
504,2,3,1,0.75,0.5,0.5369247754371258,
513,2,3,0,0.0,1.0,0.4346884332925409,
523,2,3,0,0.25,0.5,0.471284807061891,
529,2,3,1,0.5,0.0,0.25942876361415856,
536,2,3,0,0.3333333333333333,0.3333333333333333,0.4379130426091092,
544,2,3,1,0.5,0.0,0.5189226304004267,
551,2,3,1,0.6666666666666666,0.3333333333333332,0.5441783528067847,
557,2,3,0,0.3333333333333333,0.3333333333333333,0.34741984324445974,
558,2,3,1,0.5,0.0,0.5656224712207525,
560,2,3,0,0.1666666666666666,0.6666666666666667,0.3021660963106082,
561,2,3,1,0.5,0.0,0.34659223083574275,
565,2,3,0,0.3333333333333333,0.3333333333333333,0.6727473808700315,
570,2,3,1,0.6666666666666666,0.3333333333333332,0.3978592629609206,
574,2,3,0,0.3333333333333333,0.3333333333333333,0.3314550792985914,
585,2,3,1,0.5,0.0,0.4921968881898471,
587,2,3,1,0.8333333333333334,0.6666666666666667,0.35872918619071337,
596,2,3,1,0.5,0.0,0.6593279806616503,
597,2,3,0,0.0,1.0,0.3228472007116742,
598,2,3,0,0.3333333333333333,0.3333333333333333,0.6277498992103211,
611,2,3,1,0.75,0.5,0.4895012888702959,
621,2,3,1,0.5,0.0,0.5504006660144152,
629,2,3,1,0.5,0.0,0.7117195307613322,
637,2,3,1,0.5,0.0,0.32117610398300955,
644,2,3,0,0.25,0.5,0.5526182762649012,
648,2,3,1,0.5,0.0,0.6119070128150224,
653,2,3,1,0.5,0.0,0.24807654896177683,
654,2,3,0,0.1666666666666666,0.6666666666666667,0.42400802407770033,
670,2,3,1,0.5,0.0,0.4556375124537147,
682,2,3,0,0.1666666666666666,0.6666666666666667,0.5249088811580566,
683,2,3,1,0.8333333333333334,0.6666666666666667,0.49655299814512177,
685,2,3,0,0.0,1.0,0.16746472367234827,
687,2,3,0,0.3333333333333333,0.3333333333333333,0.3202875226053994,
691,2,3,0,0.1666666666666666,0.6666666666666667,0.4910842256282036,
693,2,3,1,0.5,0.0,0.45060083227733333,
704,2,3,0,0.3333333333333333,0.3333333333333333,0.5940560813093805,
705,2,3,1,0.5,0.0,0.45736356923655996,
711,2,3,1,0.6,0.1999999999999999,0.5946526303158213,
717,2,3,1,0.5,0.0,0.508647646434987,
719,2,3,0,0.1666666666666666,0.6666666666666667,0.5365934330424148,
722,2,3,0,0.2,0.6,0.5035439468747004,
725,2,3,0,0.0,1.0,0.5529289587632608,
727,2,3,0,0.4,0.1999999999999999,0.6482633134255861,
729,2,3,0,0.4,0.1999999999999999,0.5362007857671292,
730,2,3,0,0.3333333333333333,0.3333333333333333,0.4352325454358467,
734,2,3,0,0.0,1.0,0.515136288403692,
740,2,3,0,0.1666666666666666,0.6666666666666667,0.38989786879438815,
3,2,4,0,0.0,1.0,0.5213872862671283,
5,2,4,0,0.2,0.6,0.44202079585125714,
17,2,4,0,0.4,0.1999999999999999,0.5132846756233465,
22,2,4,0,0.2,0.6,0.5613850255142954,
36,2,4,0,0.2,0.6,0.41589699481900944,
41,2,4,0,0.2,0.6,0.5387158944159034,
43,2,4,0,0.2,0.6,0.6475392768132253,
49,2,4,0,0.3333333333333333,0.3333333333333333,0.36812566405282543,
50,2,4,1,0.8,0.6000000000000001,0.4320964067905008,
51,2,4,0,0.25,0.5,0.445696871557164,
54,2,4,0,0.25,0.5,0.5038311675193174,
65,2,4,0,0.25,0.5,0.40406638426187613,
66,2,4,0,0.0,1.0,0.5461322399560007,
68,2,4,0,0.0,1.0,0.37859521164050436,
72,2,4,0,0.25,0.5,0.3838817660835569,
86,2,4,0,0.0,1.0,0.6191144918186972,
89,2,4,0,0.25,0.5,0.5943191245685966,
102,2,4,0,0.0,1.0,0.37121359914475505,
106,2,4,1,1.0,1.0,0.46769880364709526,
107,2,4,0,0.1111111111111111,0.7777777777777778,0.5897138830339766,
110,2,4,0,0.0,1.0,0.32799352100569845,
112,2,4,0,0.125,0.75,0.5840604899907462,
115,2,4,0,0.0,1.0,0.4828545931537005,
117,2,4,0,0.25,0.5,0.4142619257459269,
125,2,4,0,0.125,0.75,0.3572707421509155,
126,2,4,0,0.2222222222222222,0.5555555555555556,0.5413513272019765,
135,2,4,0,0.1666666666666666,0.6666666666666667,0.36580959614667824,
137,2,4,1,0.6666666666666666,0.3333333333333332,0.36612461799942186,
140,2,4,0,0.2222222222222222,0.5555555555555556,0.4684694858806152,
145,2,4,0,0.4444444444444444,0.1111111111111111,0.25169086324917245,
146,2,4,1,0.8888888888888888,0.7777777777777777,0.45008398384380155,
154,2,4,0,0.25,0.5,0.4503997834693392,
155,2,4,0,0.25,0.5,0.5698735609594967,
161,2,4,0,0.0,1.0,0.4695675035702438,
169,2,4,0,0.0,1.0,0.46046908680074705,
170,2,4,0,0.1666666666666666,0.6666666666666667,0.35807804194242937,
174,2,4,1,0.5,0.0,0.4080941369475626,
175,2,4,0,0.0,1.0,0.37621998436890236,
178,2,4,0,0.0,1.0,0.5282278123961719,
186,2,4,0,0.0,1.0,0.5243575423995535,
192,2,4,0,0.0,1.0,0.4546812725646953,
193,2,4,0,0.25,0.5,0.4562969424801573,
197,2,4,0,0.0,1.0,0.4744647515300312,
200,2,4,0,0.2,0.6,0.3392082996533666,
204,2,4,0,0.4,0.1999999999999999,0.4254616082424609,
209,2,4,0,0.2,0.6,0.4329373230863852,
217,2,4,0,0.0,1.0,0.5960039200938678,
219,2,4,0,0.0,1.0,0.45679496080295945,
221,2,4,1,0.8,0.6000000000000001,0.44764504251601683,
228,2,4,0,0.2,0.6,0.5255514374069645,
233,2,4,0,0.0,1.0,0.2636100860580077,
234,2,4,0,0.25,0.5,0.4835250629181625,
236,2,4,0,0.0,1.0,0.4423602290467249,
239,2,4,1,0.6,0.1999999999999999,0.31359358552345884,
242,2,4,1,0.6,0.1999999999999999,0.5371856998127007,
243,2,4,0,0.0,1.0,0.4481273381010218,
254,2,4,0,0.25,0.5,0.27781507357797597,
289,2,4,1,0.5,0.0,0.5475438719213114,
294,2,4,0,0.0,1.0,0.4855172360044493,
299,2,4,1,0.8,0.6000000000000001,0.46010652977401406,
313,2,4,0,0.0,1.0,0.45961350266390855,
315,2,4,1,0.8,0.6000000000000001,0.5339198888233881,
317,2,4,0,0.4,0.1999999999999999,0.2953318877569041,
319,2,4,0,0.2,0.6,0.41132360248981087,
320,2,4,0,0.0,1.0,0.5448330822186621,
323,2,4,0,0.0,1.0,0.49148766393816135,
330,2,4,0,0.4,0.1999999999999999,0.5439754766786749,
350,2,4,0,0.0,1.0,0.3287590274806468,
356,2,4,0,0.25,0.5,0.5321669857501594,
365,2,4,0,0.25,0.5,0.5263983654778925,
366,2,4,0,0.0,1.0,0.5408940806155829,
369,2,4,0,0.0,1.0,0.36232094715288554,
370,2,4,0,0.0,1.0,0.4233901031598578,
377,2,4,0,0.25,0.5,0.3655965018343066,
380,2,4,1,0.75,0.5,0.5363223191247302,
385,2,4,1,0.5,0.0,0.46045183775758153,
386,2,4,0,0.25,0.5,0.45516730173786435,
391,2,4,0,0.0,1.0,0.33683739552025727,
396,2,4,1,0.75,0.5,0.6875315783027277,
400,2,4,1,0.5,0.0,0.613233087737993,
403,2,4,0,0.0,1.0,0.22876862747579302,
404,2,4,1,0.6,0.1999999999999999,0.6630484624562524,
407,2,4,0,0.2,0.6,0.5246744326697832,
415,2,4,0,0.0,1.0,0.44419754502687475,
417,2,4,0,0.2,0.6,0.6439734272128552,
419,2,4,0,0.4,0.1999999999999999,0.40547529319736486,
423,2,4,0,0.0,1.0,0.5599575834217576,
437,2,4,1,0.6,0.1999999999999999,0.47771310286712965,
457,2,4,1,0.5,0.0,0.5560160171976909,
472,2,4,0,0.25,0.5,0.2761543421203177,
473,2,4,0,0.25,0.5,0.3094850951422249,
484,2,4,0,0.25,0.5,0.33839205043875864,
491,2,4,1,0.5,0.0,0.5134203223276581,
494,2,4,1,0.8,0.6000000000000001,0.5995500850836337,
495,2,4,0,0.0,1.0,0.6152548887584302,
500,2,4,0,0.25,0.5,0.46986011401257216,
501,2,4,0,0.25,0.5,0.4406020697253869,
502,2,4,1,0.75,0.5,0.4489960752442388,
507,2,4,1,1.0,1.0,0.4132394418107539,
511,2,4,1,0.5,0.0,0.4235406162976112,
522,2,4,0,0.25,0.5,0.21477691883291677,
527,2,4,0,0.25,0.5,0.5705509892361085,
532,2,4,0,0.0,1.0,0.2453514920692842,
537,2,4,0,0.25,0.5,0.47183602282825554,
540,2,4,0,0.25,0.5,0.5601328113866277,
556,2,4,0,0.1666666666666666,0.6666666666666667,0.36854666094241606,
562,2,4,0,0.3333333333333333,0.3333333333333333,0.6119834700161287,
564,2,4,1,0.5,0.0,0.47777351135875656,
567,2,4,0,0.3333333333333333,0.3333333333333333,0.4504159011888258,
572,2,4,1,0.8333333333333334,0.6666666666666667,0.42873708246225894,
576,2,4,1,0.5,0.0,0.5214282278877971,
578,2,4,1,0.5,0.0,0.41488645596430074,
589,2,4,0,0.3333333333333333,0.3333333333333333,0.45016351280002653,
591,2,4,1,0.5,0.0,0.454832480350477,
599,2,4,0,0.0,1.0,0.4106933357533178,
608,2,4,0,0.0,1.0,0.7504658192420381,
614,2,4,1,0.75,0.5,0.5763284741993553,
616,2,4,1,0.75,0.5,0.47811095301910717,
624,2,4,0,0.25,0.5,0.31110574957912185,
626,2,4,1,0.5,0.0,0.2706096780308126,
631,2,4,0,0.0,1.0,0.3914942939928398,
632,2,4,1,0.5,0.0,0.3736397338650901,
633,2,4,1,0.5,0.0,0.4055387204865511,
634,2,4,0,0.25,0.5,0.36885401580698673,
635,2,4,1,0.5,0.0,0.4528267563529156,
639,2,4,0,0.0,1.0,0.3873231644595077,
640,2,4,1,0.75,0.5,0.41143027163564866,
641,2,4,0,0.0,1.0,0.4508811932803118,
645,2,4,1,0.75,0.5,0.5773260744810716,
649,2,4,1,0.5,0.0,0.3958801063754318,
651,2,4,0,0.3333333333333333,0.3333333333333333,0.29968391861267357,
664,2,4,1,0.6666666666666666,0.3333333333333332,0.5463778521837476,
669,2,4,0,0.3333333333333333,0.3333333333333333,0.5138995541475666,
673,2,4,0,0.3333333333333333,0.3333333333333333,0.3579544281851109,
675,2,4,0,0.3333333333333333,0.3333333333333333,0.28117342491106906,
676,2,4,0,0.1666666666666666,0.6666666666666667,0.41705471298203084,
694,2,4,0,0.3333333333333333,0.3333333333333333,0.31836278134217755,
698,2,4,1,0.5,0.0,0.586619688356578,
703,2,4,0,0.0,1.0,0.612983703907003,
707,2,4,1,0.5,0.0,0.4070285950072372,
709,2,4,0,0.3333333333333333,0.3333333333333333,0.5496622550657997,
714,2,4,0,0.3333333333333333,0.3333333333333333,0.4341717684539537,
715,2,4,1,0.5,0.0,0.32652308273875685,
718,2,4,0,0.1666666666666666,0.6666666666666667,0.6300792689178407,
720,2,4,0,0.0,1.0,0.4393245044560965,
731,2,4,0,0.0,1.0,0.4401329420171623,
741,2,4,0,0.2,0.6,0.5685700764194496,
3,3,0,0,0.0,1.0,0.41495161017315646,
5,3,0,0,0.2,0.6,0.3688257469653381,
7,3,0,1,0.6,0.1999999999999999,0.607950659331892,
25,3,0,0,0.2,0.6,0.5946920460450927,
30,3,0,0,0.2,0.6,0.4263025225236772,
36,3,0,0,0.2,0.6,0.46842018526800544,
37,3,0,0,0.2,0.6,0.357319409016917,
39,3,0,0,0.0,1.0,0.46449015663760856,
44,3,0,0,0.0,1.0,0.5718877388682686,
48,3,0,1,0.6,0.1999999999999999,0.38896292415407463,
50,3,0,1,0.8,0.6000000000000001,0.523524205564697,
57,3,0,1,1.0,1.0,0.47706352926438067,
58,3,0,0,0.25,0.5,0.537930128577051,
59,3,0,0,0.25,0.5,0.38802838206929346,
60,3,0,0,0.0,1.0,0.531021012317336,
77,3,0,0,0.25,0.5,0.48468999679357205,
78,3,0,0,0.0,1.0,0.4393309631168332,
81,3,0,0,0.0,1.0,0.42547931288526286,
99,3,0,0,0.0,1.0,0.44958292864169747,
114,3,0,0,0.1111111111111111,0.7777777777777778,0.504557453173027,
115,3,0,0,0.0,1.0,0.39146019938280496,
116,3,0,0,0.0,1.0,0.4667959553953134,
125,3,0,0,0.125,0.75,0.4552122244116755,
126,3,0,0,0.2222222222222222,0.5555555555555556,0.48079076331910414,
127,3,0,1,0.6666666666666666,0.3333333333333332,0.4391754683367898,
130,3,0,0,0.1111111111111111,0.7777777777777778,0.4375876402371722,
144,3,0,0,0.0,1.0,0.5608922549558133,
145,3,0,0,0.4444444444444444,0.1111111111111111,0.359985028680167,
147,3,0,0,0.0,1.0,0.5285033908093588,
149,3,0,0,0.3333333333333333,0.3333333333333333,0.32008712696835123,
154,3,0,0,0.25,0.5,0.52602167866957,
161,3,0,0,0.0,1.0,0.4195055878691798,
162,3,0,0,0.2,0.6,0.4050013413012604,
166,3,0,0,0.25,0.5,0.4309144517214569,
167,3,0,0,0.0,1.0,0.5139230244380801,
169,3,0,0,0.0,1.0,0.44216371077699945,
181,3,0,1,0.5,0.0,0.4028148466723357,
186,3,0,0,0.0,1.0,0.44511444194386485,
188,3,0,0,0.0,1.0,0.4008205004365718,
190,3,0,0,0.25,0.5,0.50250943164369,
203,3,0,0,0.2,0.6,0.3621684689191594,
204,3,0,0,0.4,0.1999999999999999,0.3984738240488036,
205,3,0,0,0.2,0.6,0.3568357286268189,
209,3,0,0,0.2,0.6,0.5066453719863933,
210,3,0,0,0.4,0.1999999999999999,0.7263084800468893,
216,3,0,0,0.0,1.0,0.5780102911749885,
220,3,0,0,0.4,0.1999999999999999,0.43374139924704214,
225,3,0,0,0.2,0.6,0.4242877431445079,
235,3,0,0,0.0,1.0,0.5107107118198236,
247,3,0,0,0.2,0.6,0.6179034813609225,
253,3,0,0,0.0,1.0,0.52521221755058,
267,3,0,0,0.0,1.0,0.25832662865426775,
269,3,0,1,0.5,0.0,0.49260292950537576,
271,3,0,0,0.0,1.0,0.49683475317131487,
273,3,0,1,0.5,0.0,0.4767605241922006,
283,3,0,0,0.25,0.5,0.5325492510462116,
284,3,0,1,0.5,0.0,0.516418047383011,
285,3,0,0,0.4,0.1999999999999999,0.34524790437379294,
291,3,0,0,0.0,1.0,0.5126759141907196,
292,3,0,0,0.25,0.5,0.646336209624246,
308,3,0,0,0.4,0.1999999999999999,0.5401516350246145,
309,3,0,1,0.8,0.6000000000000001,0.4682208819465016,
320,3,0,0,0.0,1.0,0.5048277190175553,
329,3,0,0,0.0,1.0,0.5828346296869,
341,3,0,1,0.6,0.1999999999999999,0.5328091250154625,
346,3,0,1,0.6,0.1999999999999999,0.5797211984269764,
348,3,0,0,0.4,0.1999999999999999,0.8394499980449834,
349,3,0,0,0.0,1.0,0.27672217654920217,
351,3,0,0,0.0,1.0,0.43291433559995995,
354,3,0,0,0.25,0.5,0.47587749783190836,
370,3,0,0,0.0,1.0,0.4439091413195476,
373,3,0,0,0.0,1.0,0.5482255860638869,
374,3,0,1,0.5,0.0,0.49369980956871407,
390,3,0,1,0.75,0.5,0.4424908763907155,
391,3,0,0,0.0,1.0,0.31219796849729436,
395,3,0,1,0.5,0.0,0.6459950448053969,
404,3,0,1,0.6,0.1999999999999999,0.730764735020913,
405,3,0,0,0.0,1.0,0.2871026209383578,
411,3,0,0,0.2,0.6,0.5117787686463176,
412,3,0,1,1.0,1.0,0.5909728044633464,
414,3,0,1,0.6,0.1999999999999999,0.5242316312696838,
415,3,0,0,0.0,1.0,0.4725986641279233,
419,3,0,0,0.4,0.1999999999999999,0.32427196579151396,
425,3,0,0,0.0,1.0,0.4976086644853669,
426,3,0,1,0.8,0.6000000000000001,0.46733511528686006,
435,3,0,0,0.4,0.1999999999999999,0.4995350815889622,
437,3,0,1,0.6,0.1999999999999999,0.4750442619431713,
443,3,0,0,0.0,1.0,0.14862796796717814,
453,3,0,0,0.25,0.5,0.4289073137759051,
461,3,0,1,0.5,0.0,0.5923145899443498,
464,3,0,0,0.0,1.0,0.4472342756800848,
467,3,0,1,1.0,1.0,0.6977285417509694,
472,3,0,0,0.25,0.5,0.4361862665751698,
484,3,0,0,0.25,0.5,0.3361582448906666,
488,3,0,1,0.5,0.0,0.5569722674930657,
489,3,0,0,0.0,1.0,0.5580969413581153,
493,3,0,0,0.0,1.0,0.45426961913642905,
498,3,0,0,0.0,1.0,0.3817570860154298,
500,3,0,0,0.25,0.5,0.4229635458405937,
511,3,0,1,0.5,0.0,0.46232949104188836,
522,3,0,0,0.25,0.5,0.22220922620246145,
523,3,0,0,0.25,0.5,0.5524996673662372,
531,3,0,1,0.75,0.5,0.6000783844804267,
534,3,0,1,0.75,0.5,0.4434692852955151,
544,3,0,1,0.5,0.0,0.48165059841935565,
546,3,0,1,0.5,0.0,0.3934371188092191,
554,3,0,1,0.5,0.0,0.5987511651367539,
560,3,0,0,0.1666666666666666,0.6666666666666667,0.3521541578148205,
567,3,0,0,0.3333333333333333,0.3333333333333333,0.49315838246973964,
577,3,0,0,0.1666666666666666,0.6666666666666667,0.4241024629051845,
580,3,0,0,0.3333333333333333,0.3333333333333333,0.2629912597789692,
591,3,0,1,0.5,0.0,0.45694643320329564,
596,3,0,1,0.5,0.0,0.5053002024880496,
601,3,0,0,0.0,1.0,0.4636469885139972,
604,3,0,1,0.75,0.5,0.6471383826990543,
613,3,0,0,0.0,1.0,0.4745204246084578,
618,3,0,0,0.0,1.0,0.6272452028455524,
622,3,0,1,0.75,0.5,0.4351950445019301,
633,3,0,1,0.5,0.0,0.39398549568173075,
645,3,0,1,0.75,0.5,0.5975658884895619,
648,3,0,1,0.5,0.0,0.5099536883367035,
650,3,0,0,0.0,1.0,0.2810319746008709,
651,3,0,0,0.3333333333333333,0.3333333333333333,0.2981802650226003,
653,3,0,1,0.5,0.0,0.3119200841910995,
665,3,0,0,0.1666666666666666,0.6666666666666667,0.41291021474942824,
667,3,0,0,0.3333333333333333,0.3333333333333333,0.5265020488717168,
668,3,0,0,0.1666666666666666,0.6666666666666667,0.6539517982855898,
673,3,0,0,0.3333333333333333,0.3333333333333333,0.27400776867489496,
674,3,0,0,0.3333333333333333,0.3333333333333333,0.4682530546850329,
681,3,0,0,0.1666666666666666,0.6666666666666667,0.4371800107470057,
683,3,0,1,0.8333333333333334,0.6666666666666667,0.39917295053257906,
685,3,0,0,0.0,1.0,0.20206480991875536,
689,3,0,0,0.0,1.0,0.32639182983785175,
690,3,0,0,0.0,1.0,0.6321687908122888,
692,3,0,0,0.0,1.0,0.3239048590080442,
694,3,0,0,0.3333333333333333,0.3333333333333333,0.3640644943859017,
703,3,0,0,0.0,1.0,0.4617357343649263,
707,3,0,1,0.5,0.0,0.3232094310065523,
714,3,0,0,0.3333333333333333,0.3333333333333333,0.41724400892550056,
716,3,0,1,0.6666666666666666,0.3333333333333332,0.6221823999033037,
717,3,0,1,0.5,0.0,0.45563598429954166,
723,3,0,0,0.1666666666666666,0.6666666666666667,0.419677376397382,
725,3,0,0,0.0,1.0,0.5448580258024676,
730,3,0,0,0.3333333333333333,0.3333333333333333,0.4599419781475339,
733,3,0,0,0.1666666666666666,0.6666666666666667,0.4657008360761543,
740,3,0,0,0.1666666666666666,0.6666666666666667,0.40766451500668777,
742,3,0,1,0.5,0.0,0.46535395734378016,
6,3,1,0,0.2,0.6,0.5038443564255191,
10,3,1,0,0.0,1.0,0.2033914849583735,
14,3,1,0,0.2,0.6,0.5595473623568386,
31,3,1,0,0.1666666666666666,0.6666666666666667,0.542039618053717,
35,3,1,1,0.5,0.0,0.6064279984498495,
41,3,1,0,0.2,0.6,0.42016323584710746,
42,3,1,0,0.0,1.0,0.4084704280056348,
52,3,1,0,0.25,0.5,0.47305387755960726,
55,3,1,0,0.0,1.0,0.47221950167279847,
61,3,1,0,0.2,0.6,0.3805634162683488,
62,3,1,0,0.25,0.5,0.4370038263814783,
63,3,1,0,0.0,1.0,0.5846412180742715,
65,3,1,0,0.25,0.5,0.4127365085584749,
66,3,1,0,0.0,1.0,0.4828059072591304,
73,3,1,0,0.0,1.0,0.34037348871585327,
84,3,1,0,0.3333333333333333,0.3333333333333333,0.5721150571284297,
87,3,1,0,0.0,1.0,0.6126022527716373,
91,3,1,0,0.25,0.5,0.3768684712487776,
92,3,1,0,0.0,1.0,0.5156558374275493,
93,3,1,0,0.0,1.0,0.5746329447051031,
97,3,1,0,0.25,0.5,0.3748849493886222,
106,3,1,1,1.0,1.0,0.5316492150829113,
136,3,1,0,0.3333333333333333,0.3333333333333333,0.5676943940325994,
141,3,1,0,0.0,1.0,0.46691230610583084,
151,3,1,0,0.0,1.0,0.4756528685296624,
153,3,1,0,0.0,1.0,0.3985972385340497,
157,3,1,0,0.25,0.5,0.4209756230856052,
160,3,1,0,0.1666666666666666,0.6666666666666667,0.43142907724448853,
174,3,1,1,0.5,0.0,0.48674923062013964,
180,3,1,0,0.0,1.0,0.6553411083960452,
197,3,1,0,0.0,1.0,0.5396588917591522,
198,3,1,0,0.0,1.0,0.5299146098843598,
211,3,1,1,0.6,0.1999999999999999,0.6083462531964751,
215,3,1,0,0.2,0.6,0.3925738998674193,
217,3,1,0,0.0,1.0,0.5579155271976951,
223,3,1,0,0.2,0.6,0.40084533351722584,
231,3,1,1,0.5,0.0,0.5118551405044272,
233,3,1,0,0.0,1.0,0.18684252538537494,
237,3,1,0,0.4,0.1999999999999999,0.3877719116545383,
239,3,1,1,0.6,0.1999999999999999,0.4269121643157471,
242,3,1,1,0.6,0.1999999999999999,0.45417012554191916,
243,3,1,0,0.0,1.0,0.2855662036164063,
244,3,1,1,0.6,0.1999999999999999,0.5148306532155238,
248,3,1,0,0.4,0.1999999999999999,0.46517634165132493,
249,3,1,1,0.6,0.1999999999999999,0.5025835947460883,
251,3,1,0,0.25,0.5,0.5167000380827047,
255,3,1,0,0.25,0.5,0.3929290301556242,
257,3,1,0,0.25,0.5,0.33144996946352256,
259,3,1,0,0.0,1.0,0.4287698317171966,
261,3,1,0,0.25,0.5,0.5260079845702668,
264,3,1,0,0.25,0.5,0.4560947875085211,
265,3,1,1,0.5,0.0,0.6277826326829324,
266,3,1,0,0.25,0.5,0.4568325236902239,
268,3,1,1,0.5,0.0,0.44102949817324005,
276,3,1,0,0.2,0.6,0.5755379364748954,
288,3,1,1,0.75,0.5,0.5261145125362499,
296,3,1,0,0.0,1.0,0.4236089420610692,
297,3,1,0,0.0,1.0,0.3238434138497539,
306,3,1,0,0.0,1.0,0.6020439445710242,
310,3,1,0,0.2,0.6,0.5129107893157372,
313,3,1,0,0.0,1.0,0.5460889078296813,
314,3,1,0,0.0,1.0,0.6358441571858686,
315,3,1,1,0.8,0.6000000000000001,0.49356407361054455,
317,3,1,0,0.4,0.1999999999999999,0.3653683551157162,
319,3,1,0,0.2,0.6,0.36265431455304187,
326,3,1,0,0.0,1.0,0.2224596752377831,
330,3,1,0,0.4,0.1999999999999999,0.5269527175381213,
337,3,1,0,0.0,1.0,0.4052561138205115,
350,3,1,0,0.0,1.0,0.3374256437615273,
355,3,1,0,0.25,0.5,0.32961760668229256,
358,3,1,0,0.25,0.5,0.559555496621853,
364,3,1,1,0.5,0.0,0.4952708053084855,
366,3,1,0,0.0,1.0,0.4668912524310458,
376,3,1,1,0.5,0.0,0.45828710647887383,
378,3,1,1,0.5,0.0,0.29152207465815394,
383,3,1,0,0.0,1.0,0.34817239868961924,
388,3,1,1,0.5,0.0,0.4966479688309836,
393,3,1,0,0.25,0.5,0.516508106890825,
394,3,1,1,0.5,0.0,0.6379750685482297,
402,3,1,1,0.6,0.1999999999999999,0.22387909600405215,
403,3,1,0,0.0,1.0,0.2651963037801508,
406,3,1,1,0.6,0.1999999999999999,0.3253298287566959,
408,3,1,0,0.4,0.1999999999999999,0.4827401305818281,
413,3,1,0,0.0,1.0,0.49153288060556966,
420,3,1,0,0.0,1.0,0.32496584171166876,
422,3,1,1,0.6,0.1999999999999999,0.31610939666742743,
430,3,1,1,0.6,0.1999999999999999,0.3824396696289605,
439,3,1,0,0.2,0.6,0.4380857496125232,
441,3,1,0,0.2,0.6,0.5168245523701941,
445,3,1,0,0.0,1.0,0.377015097820652,
459,3,1,0,0.25,0.5,0.2777743944440341,
462,3,1,1,0.5,0.0,0.6508294712649404,
469,3,1,1,0.75,0.5,0.32033688961136203,
473,3,1,0,0.25,0.5,0.3907726658895412,
475,3,1,0,0.25,0.5,0.38182877582302804,
482,3,1,0,0.0,1.0,0.2741290430991277,
485,3,1,1,0.5,0.0,0.3786094538359941,
490,3,1,0,0.25,0.5,0.28046556144773505,
496,3,1,1,0.75,0.5,0.4023583254828843,
512,3,1,1,1.0,1.0,0.6217675828264002,
518,3,1,0,0.25,0.5,0.5342263643301415,
524,3,1,0,0.0,1.0,0.494045452255387,
525,3,1,0,0.2,0.6,0.23612147858524882,
532,3,1,0,0.0,1.0,0.25567975489138695,
535,3,1,0,0.25,0.5,0.5547892741713736,
543,3,1,1,0.5,0.0,0.47418706875469296,
545,3,1,0,0.25,0.5,0.3041987237008925,
548,3,1,1,0.5,0.0,0.2568627599541706,
551,3,1,1,0.6666666666666666,0.3333333333333332,0.5529650775492478,
562,3,1,0,0.3333333333333333,0.3333333333333333,0.6636631987024522,
576,3,1,1,0.5,0.0,0.5229236120716968,
579,3,1,0,0.3333333333333333,0.3333333333333333,0.45145356555298366,
581,3,1,0,0.3333333333333333,0.3333333333333333,0.5440908967625955,
585,3,1,1,0.5,0.0,0.40200965466157423,
588,3,1,0,0.1666666666666666,0.6666666666666667,0.5628099598916476,
594,3,1,0,0.0,1.0,0.23308760421188457,
611,3,1,1,0.75,0.5,0.35933898856619995,
625,3,1,0,0.0,1.0,0.26607151613191005,
627,3,1,1,0.75,0.5,0.5126583225969809,
630,3,1,1,0.5,0.0,0.5147206683465645,
632,3,1,1,0.5,0.0,0.34643136262646934,
634,3,1,0,0.25,0.5,0.36587249282475787,
635,3,1,1,0.5,0.0,0.4120196059031851,
638,3,1,0,0.25,0.5,0.4197374300957747,
639,3,1,0,0.0,1.0,0.3510821159370995,
641,3,1,0,0.0,1.0,0.41946933388251273,
643,3,1,1,0.5,0.0,0.3793051138457092,
644,3,1,0,0.25,0.5,0.5319439010309075,
647,3,1,1,0.5,0.0,0.6381870408536228,
654,3,1,0,0.1666666666666666,0.6666666666666667,0.2299581897198653,
655,3,1,1,0.6666666666666666,0.3333333333333332,0.40975909677390365,
660,3,1,0,0.1666666666666666,0.6666666666666667,0.396175287065917,
662,3,1,0,0.0,1.0,0.3567380701898014,
664,3,1,1,0.6666666666666666,0.3333333333333332,0.5381507470788207,
669,3,1,0,0.3333333333333333,0.3333333333333333,0.4699888165160022,
675,3,1,0,0.3333333333333333,0.3333333333333333,0.2821043404259782,
682,3,1,0,0.1666666666666666,0.6666666666666667,0.4185738519949429,
688,3,1,0,0.1666666666666666,0.6666666666666667,0.3122262025340689,
691,3,1,0,0.1666666666666666,0.6666666666666667,0.6050735084384441,
693,3,1,1,0.5,0.0,0.504637527480674,
710,3,1,0,0.0,1.0,0.3481942703967557,
720,3,1,0,0.0,1.0,0.43596529427460345,
721,3,1,0,0.3333333333333333,0.3333333333333333,0.7015461990950106,
732,3,1,0,0.0,1.0,0.5201338718336979,
734,3,1,0,0.0,1.0,0.44557544532611715,
735,3,1,0,0.0,1.0,0.2886439548846676,
738,3,1,0,0.3333333333333333,0.3333333333333333,0.48715889579651067,
1,3,2,0,0.3333333333333333,0.3333333333333333,0.3788816435727685,
2,3,2,0,0.4,0.1999999999999999,0.36107551582785613,
8,3,2,0,0.0,1.0,0.23300460922476754,
21,3,2,0,0.2,0.6,0.41583988406792183,
22,3,2,0,0.2,0.6,0.5291488743115969,
24,3,2,0,0.0,1.0,0.5975013820175374,
27,3,2,0,0.2,0.6,0.5896222211795035,
34,3,2,0,0.1666666666666666,0.6666666666666667,0.4283497719544884,
38,3,2,0,0.0,1.0,0.597941050413398,
40,3,2,0,0.2,0.6,0.5411365272675412,
45,3,2,0,0.0,1.0,0.2029983224459917,
47,3,2,0,0.25,0.5,0.4938231292431757,
49,3,2,0,0.3333333333333333,0.3333333333333333,0.4717270408013466,
56,3,2,0,0.25,0.5,0.39607888423666626,
64,3,2,0,0.3333333333333333,0.3333333333333333,0.17434238914402683,
69,3,2,0,0.0,1.0,0.5994574245523605,
86,3,2,0,0.0,1.0,0.4046975518689329,
95,3,2,0,0.25,0.5,0.32814935490126257,
96,3,2,0,0.0,1.0,0.37318859281447225,
100,3,2,0,0.25,0.5,0.5052202932025263,
107,3,2,0,0.1111111111111111,0.7777777777777778,0.5438706025769112,
110,3,2,0,0.0,1.0,0.372895873448129,
120,3,2,0,0.0,1.0,0.43526717473799115,
121,3,2,0,0.1111111111111111,0.7777777777777778,0.41605735904060936,
123,3,2,0,0.0,1.0,0.3373764332583567,
129,3,2,0,0.2,0.6,0.6262812057379117,
131,3,2,0,0.0,1.0,0.5677713428831725,
133,3,2,1,0.8888888888888888,0.7777777777777777,0.33890470161602654,
135,3,2,0,0.1666666666666666,0.6666666666666667,0.29784828686222586,
138,3,2,1,0.5555555555555556,0.1111111111111111,0.41738616799332867,
146,3,2,1,0.8888888888888888,0.7777777777777777,0.35698087777555976,
148,3,2,0,0.1111111111111111,0.7777777777777778,0.26989594051572385,
150,3,2,0,0.0,1.0,0.43150523804789664,
155,3,2,0,0.25,0.5,0.5026374392931604,
156,3,2,0,0.25,0.5,0.463528430072122,
163,3,2,0,0.25,0.5,0.5160971138693129,
165,3,2,0,0.0,1.0,0.6019136448320463,
170,3,2,0,0.1666666666666666,0.6666666666666667,0.35536995636297775,
173,3,2,0,0.25,0.5,0.4476900118540766,
184,3,2,0,0.0,1.0,0.32908995591385226,
189,3,2,1,0.5,0.0,0.5539205779560064,
191,3,2,0,0.0,1.0,0.448189071501536,
193,3,2,0,0.25,0.5,0.46566784986602905,
195,3,2,0,0.0,1.0,0.5087378990952836,
196,3,2,1,0.5,0.0,0.45150979639196376,
207,3,2,0,0.2,0.6,0.3734763837427922,
208,3,2,0,0.0,1.0,0.34235435091060157,
214,3,2,0,0.2,0.6,0.5138043058486376,
221,3,2,1,0.8,0.6000000000000001,0.35878668436601,
227,3,2,1,1.0,1.0,0.35559562097832603,
230,3,2,0,0.2,0.6,0.38692686216184746,
234,3,2,0,0.25,0.5,0.30897302717684144,
262,3,2,1,0.5,0.0,0.5847580665350744,
270,3,2,0,0.0,1.0,0.6739390656022619,
278,3,2,0,0.25,0.5,0.3580384755887822,
280,3,2,0,0.25,0.5,0.47242494540717656,
282,3,2,0,0.25,0.5,0.3123161464711649,
290,3,2,0,0.0,1.0,0.4735670585865711,
294,3,2,0,0.0,1.0,0.47610768995258346,
295,3,2,0,0.0,1.0,0.31705687922726766,
298,3,2,0,0.25,0.5,0.6027567034320094,
299,3,2,1,0.8,0.6000000000000001,0.38728393979437337,
300,3,2,0,0.0,1.0,0.49754582533999303,
304,3,2,1,0.8,0.6000000000000001,0.6022971377847193,
311,3,2,0,0.4,0.1999999999999999,0.49471365594205824,
312,3,2,0,0.0,1.0,0.3817996650683231,
322,3,2,1,0.6,0.1999999999999999,0.6824822902254847,
323,3,2,0,0.0,1.0,0.4128822366928834,
333,3,2,0,0.0,1.0,0.34858322353496063,
334,3,2,0,0.4,0.1999999999999999,0.5854678912908804,
344,3,2,0,0.2,0.6,0.44913363412743035,
357,3,2,1,0.5,0.0,0.3884267311186267,
367,3,2,0,0.25,0.5,0.6311066817005706,
371,3,2,0,0.25,0.5,0.5146401225763153,
382,3,2,1,0.5,0.0,0.34601405616608183,
396,3,2,1,0.75,0.5,0.5783136069433316,
398,3,2,0,0.25,0.5,0.5354339623833994,
417,3,2,0,0.2,0.6,0.6700759322547327,
421,3,2,0,0.2,0.6,0.33945900363923764,
427,3,2,1,0.6,0.1999999999999999,0.5024462845369262,
429,3,2,0,0.0,1.0,0.6313578216512608,
433,3,2,0,0.0,1.0,0.450341461874891,
434,3,2,0,0.0,1.0,0.45959858829741196,
436,3,2,0,0.4,0.1999999999999999,0.4127940584143791,
438,3,2,0,0.1666666666666666,0.6666666666666667,0.4808497745500383,
442,3,2,1,0.8,0.6000000000000001,0.48952701591214004,
448,3,2,0,0.0,1.0,0.3559282187225206,
451,3,2,0,0.25,0.5,0.27082551202029004,
463,3,2,0,0.25,0.5,0.6735802874989835,
466,3,2,1,0.5,0.0,0.5535925031558356,
471,3,2,0,0.0,1.0,0.6973747592293771,
474,3,2,0,0.0,1.0,0.1561477036043037,
477,3,2,0,0.0,1.0,0.36535423606948947,
481,3,2,0,0.0,1.0,0.47790417412157726,
492,3,2,0,0.3333333333333333,0.3333333333333333,0.2955152480746245,
494,3,2,1,0.8,0.6000000000000001,0.5931483571396414,
502,3,2,1,0.75,0.5,0.4448213139146954,
507,3,2,1,1.0,1.0,0.4069068238826217,
513,3,2,0,0.0,1.0,0.36334044488806316,
530,3,2,1,0.5,0.0,0.31370023630958127,
537,3,2,0,0.25,0.5,0.31268199673658376,
539,3,2,0,0.25,0.5,0.47407217175406957,
540,3,2,0,0.25,0.5,0.6375920205209913,
547,3,2,1,0.5,0.0,0.5369225866455933,
550,3,2,0,0.0,1.0,0.40391743933548585,
553,3,2,0,0.0,1.0,0.5232006154177589,
556,3,2,0,0.1666666666666666,0.6666666666666667,0.4500134213649596,
561,3,2,1,0.5,0.0,0.4283384025209962,
564,3,2,1,0.5,0.0,0.46315151893134743,
569,3,2,0,0.1666666666666666,0.6666666666666667,0.6269462126798808,
582,3,2,1,0.5,0.0,0.483905709680857,
586,3,2,1,0.6666666666666666,0.3333333333333332,0.49852371337843404,
592,3,2,1,0.6,0.1999999999999999,0.3147037823775194,
593,3,2,1,0.5,0.0,0.4017686766953784,
595,3,2,1,0.8333333333333334,0.6666666666666667,0.456409304905642,
598,3,2,0,0.3333333333333333,0.3333333333333333,0.6770008732981099,
600,3,2,0,0.1666666666666666,0.6666666666666667,0.43994993466095683,
603,3,2,1,0.5,0.0,0.3107108026810287,
606,3,2,0,0.25,0.5,0.30942494884304583,
607,3,2,0,0.0,1.0,0.5399254794955091,
609,3,2,0,0.25,0.5,0.502107384435978,
614,3,2,1,0.75,0.5,0.5587650121690657,
615,3,2,1,0.75,0.5,0.3988247537596832,
621,3,2,1,0.5,0.0,0.46852395355210985,
624,3,2,0,0.25,0.5,0.2171396120555067,
626,3,2,1,0.5,0.0,0.30131225565004205,
631,3,2,0,0.0,1.0,0.42396223402533206,
640,3,2,1,0.75,0.5,0.523625639891687,
642,3,2,1,0.75,0.5,0.6089981005926075,
657,3,2,1,0.5,0.0,0.38190529255618677,
658,3,2,0,0.1666666666666666,0.6666666666666667,0.6039961499063279,
663,3,2,0,0.3333333333333333,0.3333333333333333,0.5857017311254783,
672,3,2,0,0.0,1.0,0.4332849728165531,
679,3,2,0,0.4,0.1999999999999999,0.33125386670953194,
687,3,2,0,0.3333333333333333,0.3333333333333333,0.3785990136759726,
698,3,2,1,0.5,0.0,0.5810599286226972,
699,3,2,0,0.1666666666666666,0.6666666666666667,0.5681213022982052,
702,3,2,0,0.1666666666666666,0.6666666666666667,0.535912476783055,
705,3,2,1,0.5,0.0,0.3563951729753413,
706,3,2,1,0.6666666666666666,0.3333333333333332,0.5475954072182367,
708,3,2,0,0.0,1.0,0.6197127517742631,
709,3,2,0,0.3333333333333333,0.3333333333333333,0.5933698219687901,
719,3,2,0,0.1666666666666666,0.6666666666666667,0.5562212968890474,
726,3,2,0,0.0,1.0,0.7070354035651889,
736,3,2,0,0.0,1.0,0.6210154625040862,
739,3,2,0,0.3333333333333333,0.3333333333333333,0.5764276120449678,
741,3,2,0,0.2,0.6,0.48862529920129893,
4,3,3,1,0.6,0.1999999999999999,0.6754689496578241,
11,3,3,1,0.6,0.1999999999999999,0.3953326998056462,
13,3,3,0,0.2,0.6,0.5409062407381475,
15,3,3,0,0.4,0.1999999999999999,0.6141537915020441,
16,3,3,1,0.6,0.1999999999999999,0.35673292502344056,
18,3,3,1,0.6,0.1999999999999999,0.37048223275387776,
28,3,3,0,0.2,0.6,0.5475065860328646,
29,3,3,0,0.2,0.6,0.6512018641462575,
54,3,3,0,0.25,0.5,0.513941971884887,
67,3,3,0,0.0,1.0,0.38886435561792776,
71,3,3,0,0.0,1.0,0.45774971737121695,
72,3,3,0,0.25,0.5,0.44431114362354734,
74,3,3,0,0.0,1.0,0.5257903616038313,
75,3,3,0,0.0,1.0,0.3402241998601897,
79,3,3,0,0.25,0.5,0.5235594373623622,
80,3,3,0,0.0,1.0,0.5516316746943358,
82,3,3,0,0.25,0.5,0.5325092785780269,
83,3,3,0,0.25,0.5,0.7571953699012213,
85,3,3,0,0.25,0.5,0.6979101302881291,
89,3,3,0,0.25,0.5,0.5906270020556799,
90,3,3,1,0.5,0.0,0.411772473006445,
94,3,3,0,0.25,0.5,0.38247346356117873,
98,3,3,0,0.3333333333333333,0.3333333333333333,0.4832216554059158,
101,3,3,0,0.3333333333333333,0.3333333333333333,0.4913704364979322,
103,3,3,0,0.1111111111111111,0.7777777777777778,0.5564495870060759,
108,3,3,0,0.25,0.5,0.6297600442358864,
112,3,3,0,0.125,0.75,0.4935103383098768,
119,3,3,0,0.1111111111111111,0.7777777777777778,0.5748853916611125,
122,3,3,0,0.0,1.0,0.43031699922625455,
134,3,3,0,0.1111111111111111,0.7777777777777778,0.5015301835227518,
137,3,3,1,0.6666666666666666,0.3333333333333332,0.237900908882136,
140,3,3,0,0.2222222222222222,0.5555555555555556,0.4904284821729382,
152,3,3,0,0.0,1.0,0.29047283795566137,
159,3,3,0,0.0,1.0,0.4494260632263488,
164,3,3,0,0.0,1.0,0.4102318287405802,
177,3,3,0,0.0,1.0,0.4145506397042077,
182,3,3,0,0.0,1.0,0.5927249962103689,
183,3,3,0,0.0,1.0,0.32667337713175676,
192,3,3,0,0.0,1.0,0.47352372322533365,
199,3,3,0,0.25,0.5,0.3777427032945058,
201,3,3,0,0.25,0.5,0.30011929472696885,
213,3,3,0,0.4,0.1999999999999999,0.56574255739177,
219,3,3,0,0.0,1.0,0.3692711644887171,
226,3,3,0,0.0,1.0,0.4798272557741827,
228,3,3,0,0.2,0.6,0.5909150604073257,
238,3,3,0,0.25,0.5,0.2530009910203908,
241,3,3,1,0.6,0.1999999999999999,0.4923588309563379,
245,3,3,0,0.0,1.0,0.46861493203461735,
250,3,3,0,0.4,0.1999999999999999,0.5689523853935334,
252,3,3,0,0.0,1.0,0.5825365921709935,
258,3,3,0,0.0,1.0,0.4915573356019694,
263,3,3,0,0.2,0.6,0.5005931233980743,
272,3,3,1,0.5,0.0,0.5816864954918264,
275,3,3,1,0.5,0.0,0.4513564157162515,
277,3,3,1,0.5,0.0,0.543419504830404,
279,3,3,0,0.2,0.6,0.23493802111641315,
302,3,3,0,0.0,1.0,0.3316734872155153,
307,3,3,0,0.4,0.1999999999999999,0.3755946816378184,
316,3,3,0,0.4,0.1999999999999999,0.42353084797249885,
318,3,3,0,0.4,0.1999999999999999,0.37234405339359505,
324,3,3,0,0.2,0.6,0.6053386552542227,
328,3,3,1,0.6,0.1999999999999999,0.32452764930015165,
331,3,3,0,0.0,1.0,0.3311835193381404,
332,3,3,0,0.0,1.0,0.42295306360152374,
338,3,3,0,0.4,0.1999999999999999,0.5948969927274876,
339,3,3,0,0.0,1.0,0.4464628031747232,
345,3,3,0,0.0,1.0,0.21725304554867864,
347,3,3,0,0.4,0.1999999999999999,0.6496111520638486,
352,3,3,0,0.25,0.5,0.42723470001734754,
363,3,3,0,0.0,1.0,0.5866581449829085,
375,3,3,1,0.5,0.0,0.481567803687163,
377,3,3,0,0.25,0.5,0.39658707694939066,
379,3,3,1,0.75,0.5,0.6163437168364568,
380,3,3,1,0.75,0.5,0.5590727826850757,
381,3,3,1,0.75,0.5,0.4474644246213283,
384,3,3,0,0.25,0.5,0.41052756509190536,
386,3,3,0,0.25,0.5,0.2780249937698196,
387,3,3,0,0.0,1.0,0.2862151182186975,
389,3,3,0,0.25,0.5,0.508071715511812,
392,3,3,1,0.5,0.0,0.6427970318938834,
407,3,3,0,0.2,0.6,0.35887290509490527,
409,3,3,0,0.4,0.1999999999999999,0.5852808492064941,
416,3,3,0,0.0,1.0,0.4713668320235919,
423,3,3,0,0.0,1.0,0.5143319359038777,
424,3,3,1,0.6,0.1999999999999999,0.392721204065533,
432,3,3,0,0.2,0.6,0.49253255876353425,
440,3,3,0,0.0,1.0,0.6795253206983367,
446,3,3,0,0.2,0.6,0.5798663608047032,
447,3,3,0,0.0,1.0,0.4653537847326348,
452,3,3,0,0.25,0.5,0.5043693545770802,
454,3,3,0,0.0,1.0,0.5987886426914517,
455,3,3,0,0.0,1.0,0.19080434914840455,
456,3,3,1,0.5,0.0,0.3854002585402472,
457,3,3,1,0.5,0.0,0.5166735620688669,
458,3,3,0,0.0,1.0,0.592292532342807,
476,3,3,0,0.0,1.0,0.6401966599462579,
478,3,3,0,0.0,1.0,0.36187691960314816,
479,3,3,0,0.0,1.0,0.35098724453494895,
480,3,3,1,0.5,0.0,0.5379125851704256,
483,3,3,0,0.25,0.5,0.43548773651160444,
487,3,3,0,0.2,0.6,0.328755617281389,
491,3,3,1,0.5,0.0,0.5370236883490282,
499,3,3,0,0.0,1.0,0.3536184922385209,
503,3,3,0,0.0,1.0,0.5132090891759404,
505,3,3,1,0.5,0.0,0.514411987991054,
506,3,3,1,0.75,0.5,0.5359556427715229,
508,3,3,1,0.75,0.5,0.35520309581094134,
515,3,3,0,0.25,0.5,0.36077492835407227,
516,3,3,0,0.0,1.0,0.3795177178688467,
519,3,3,0,0.0,1.0,0.5625217144336336,
521,3,3,1,0.75,0.5,0.43186181344822755,
526,3,3,0,0.0,1.0,0.388233134105595,
529,3,3,1,0.5,0.0,0.4199029446462442,
541,3,3,1,0.5,0.0,0.36467177843737686,
542,3,3,0,0.25,0.5,0.4778123297060135,
549,3,3,0,0.0,1.0,0.41704420989806235,
552,3,3,1,0.6666666666666666,0.3333333333333332,0.45958590084003637,
555,3,3,0,0.3333333333333333,0.3333333333333333,0.654376059683027,
558,3,3,1,0.5,0.0,0.4916946210212292,
568,3,3,1,1.0,1.0,0.5734878646304448,
570,3,3,1,0.6666666666666666,0.3333333333333332,0.5489286899448584,
573,3,3,0,0.3333333333333333,0.3333333333333333,0.6337905218463151,
575,3,3,1,0.5,0.0,0.6713853776005927,
578,3,3,1,0.5,0.0,0.4396253972038349,
583,3,3,1,0.5,0.0,0.6668454886902866,
589,3,3,0,0.3333333333333333,0.3333333333333333,0.5565000771027537,
590,3,3,0,0.3333333333333333,0.3333333333333333,0.6095013495714116,
597,3,3,0,0.0,1.0,0.42862743862160796,
610,3,3,0,0.25,0.5,0.6104954035333328,
617,3,3,1,0.5,0.0,0.5243841073374798,
629,3,3,1,0.5,0.0,0.733486799133541,
636,3,3,0,0.0,1.0,0.41626581061321105,
637,3,3,1,0.5,0.0,0.38648472316139776,
646,3,3,0,0.0,1.0,0.2794228255812552,
652,3,3,0,0.0,1.0,0.37647258025973174,
671,3,3,0,0.3333333333333333,0.3333333333333333,0.5428874136222867,
677,3,3,1,0.6666666666666666,0.3333333333333332,0.45861303435896017,
678,3,3,0,0.3333333333333333,0.3333333333333333,0.21200903321428943,
680,3,3,0,0.0,1.0,0.3471863224020122,
686,3,3,0,0.0,1.0,0.39079806274395434,
695,3,3,0,0.3333333333333333,0.3333333333333333,0.3708035922501943,
697,3,3,1,0.5,0.0,0.5017440485860197,
704,3,3,0,0.3333333333333333,0.3333333333333333,0.4925541170190322,
713,3,3,1,0.6,0.1999999999999999,0.5562470946037159,
722,3,3,0,0.2,0.6,0.3840745701295378,
729,3,3,0,0.4,0.1999999999999999,0.5410394010803519,
737,3,3,0,0.1666666666666666,0.6666666666666667,0.43511321574266465,
9,3,4,0,0.0,1.0,0.5363390979142406,
12,3,4,0,0.4,0.1999999999999999,0.46796108808307146,
17,3,4,0,0.4,0.1999999999999999,0.5380337741039638,
20,3,4,0,0.25,0.5,0.5283358947858293,
26,3,4,1,0.8,0.6000000000000001,0.357450344628097,
32,3,4,0,0.2,0.6,0.41527663871058496,
33,3,4,0,0.4,0.1999999999999999,0.49295246371291596,
43,3,4,0,0.2,0.6,0.5746804444917952,
46,3,4,0,0.4,0.1999999999999999,0.6091736365031386,
51,3,4,0,0.25,0.5,0.5380565924342998,
53,3,4,0,0.1666666666666666,0.6666666666666667,0.31058928638290373,
68,3,4,0,0.0,1.0,0.3974134523147457,
70,3,4,0,0.0,1.0,0.4433535660810147,
76,3,4,0,0.25,0.5,0.5598281912015259,
88,3,4,1,0.5,0.0,0.5154690162923032,
102,3,4,0,0.0,1.0,0.3519248592867778,
104,3,4,0,0.1111111111111111,0.7777777777777778,0.5689468040055408,
105,3,4,0,0.0,1.0,0.5263718324635704,
109,3,4,0,0.1111111111111111,0.7777777777777778,0.6489930077773357,
111,3,4,0,0.1111111111111111,0.7777777777777778,0.5063921648678043,
113,3,4,0,0.1111111111111111,0.7777777777777778,0.6530272358331608,
117,3,4,0,0.25,0.5,0.41667336797217525,
118,3,4,0,0.0,1.0,0.7543461660453441,
124,3,4,0,0.0,1.0,0.5092141036079478,
128,3,4,0,0.1111111111111111,0.7777777777777778,0.37841217900457774,
132,3,4,0,0.2222222222222222,0.5555555555555556,0.49337757988119474,
139,3,4,0,0.0,1.0,0.4912808325393974,
142,3,4,0,0.0,1.0,0.5619852814441624,
143,3,4,1,0.5555555555555556,0.1111111111111111,0.5861497507520307,
158,3,4,0,0.0,1.0,0.2188024883780642,
168,3,4,0,0.25,0.5,0.5217972446022678,
171,3,4,0,0.25,0.5,0.5252333451492401,
172,3,4,0,0.0,1.0,0.3169887018571329,
175,3,4,0,0.0,1.0,0.4157942299519268,
176,3,4,0,0.0,1.0,0.3482356358375449,
178,3,4,0,0.0,1.0,0.4717534007576363,
179,3,4,0,0.25,0.5,0.4943984173111785,
185,3,4,0,0.25,0.5,0.3789710212572713,
187,3,4,0,0.0,1.0,0.44979326073215836,
194,3,4,0,0.0,1.0,0.5008763319674698,
200,3,4,0,0.2,0.6,0.2998684022554474,
202,3,4,1,0.6,0.1999999999999999,0.45346672028518004,
206,3,4,1,0.5,0.0,0.22589775293121614,
212,3,4,0,0.2,0.6,0.46371094158765414,
222,3,4,0,0.2,0.6,0.30577761163955886,
224,3,4,0,0.4,0.1999999999999999,0.36192934795713194,
229,3,4,0,0.0,1.0,0.3883326415484141,
232,3,4,0,0.25,0.5,0.31126383671894475,
236,3,4,0,0.0,1.0,0.39292183005399506,
240,3,4,0,0.2,0.6,0.41335042233102354,
246,3,4,0,0.4,0.1999999999999999,0.4650856052542981,
254,3,4,0,0.25,0.5,0.41710298325582806,
260,3,4,0,0.25,0.5,0.38043907988729475,
274,3,4,1,0.5,0.0,0.5624972784800879,
281,3,4,0,0.0,1.0,0.5183202603682151,
286,3,4,0,0.2,0.6,0.5418195456778219,
287,3,4,0,0.25,0.5,0.562806489512441,
289,3,4,1,0.5,0.0,0.5509954794067242,
293,3,4,1,0.5,0.0,0.4682498864261382,
303,3,4,0,0.0,1.0,0.46337135806627555,
321,3,4,1,0.6,0.1999999999999999,0.4760006541358508,
325,3,4,0,0.0,1.0,0.5616718030376506,
327,3,4,0,0.0,1.0,0.6851651944435029,
335,3,4,1,0.5,0.0,0.2249002954808279,
336,3,4,0,0.4,0.1999999999999999,0.44893634578328734,
340,3,4,1,0.6,0.1999999999999999,0.31924510348537777,
342,3,4,0,0.2,0.6,0.3408177509831455,
343,3,4,1,0.8,0.6000000000000001,0.6018190711721354,
353,3,4,0,0.0,1.0,0.6031145927056435,
356,3,4,0,0.25,0.5,0.3068557188945099,
359,3,4,0,0.25,0.5,0.6493284079148591,
360,3,4,0,0.25,0.5,0.41089757448762076,
361,3,4,0,0.0,1.0,0.32906031519179213,
362,3,4,1,0.75,0.5,0.5600076471180231,
365,3,4,0,0.25,0.5,0.5437218427138144,
368,3,4,1,0.5,0.0,0.5487484318584384,
369,3,4,0,0.0,1.0,0.35836070934140074,
372,3,4,0,0.25,0.5,0.36499287931775115,
385,3,4,1,0.5,0.0,0.5079619126252117,
397,3,4,1,0.75,0.5,0.38782644908307107,
399,3,4,0,0.25,0.5,0.3537164279709877,
400,3,4,1,0.5,0.0,0.638844187930004,
401,3,4,0,0.2,0.6,0.31988240285164316,
410,3,4,1,0.6,0.1999999999999999,0.3206449266877319,
418,3,4,0,0.0,1.0,0.42452220505262794,
428,3,4,1,0.6,0.1999999999999999,0.33503477896697664,
431,3,4,0,0.4,0.1999999999999999,0.2600682425685765,
444,3,4,0,0.2,0.6,0.5277552287699184,
449,3,4,0,0.4,0.1999999999999999,0.32977790254560607,
450,3,4,0,0.2,0.6,0.44358675055692187,
460,3,4,0,0.0,1.0,0.43163454779591093,
465,3,4,1,0.5,0.0,0.6179335260732053,
468,3,4,0,0.25,0.5,0.6469414833697509,
470,3,4,0,0.0,1.0,0.42514875144065223,
486,3,4,0,0.25,0.5,0.80810951653904,
495,3,4,0,0.0,1.0,0.574472816697287,
497,3,4,0,0.0,1.0,0.5076228990384919,
501,3,4,0,0.25,0.5,0.461468024646701,
504,3,4,1,0.75,0.5,0.6213120297350485,
509,3,4,0,0.25,0.5,0.2786683012724426,
510,3,4,1,0.5,0.0,0.48009632401768637,
514,3,4,1,0.75,0.5,0.46878130257364564,
517,3,4,0,0.25,0.5,0.39555510017235623,
520,3,4,1,0.5,0.0,0.36563825541487716,
527,3,4,0,0.25,0.5,0.5411016024217082,
528,3,4,0,0.0,1.0,0.45985521762620063,
533,3,4,0,0.0,1.0,0.4968799283099725,
536,3,4,0,0.3333333333333333,0.3333333333333333,0.35735165485449805,
538,3,4,0,0.0,1.0,0.5940271445387518,
557,3,4,0,0.3333333333333333,0.3333333333333333,0.42415405330398226,
559,3,4,1,0.6666666666666666,0.3333333333333332,0.3378416760281377,
563,3,4,0,0.0,1.0,0.44635460286712947,
565,3,4,0,0.3333333333333333,0.3333333333333333,0.5823447701065771,
566,3,4,0,0.1666666666666666,0.6666666666666667,0.4055360518908333,
571,3,4,1,0.5,0.0,0.32377944751120524,
572,3,4,1,0.8333333333333334,0.6666666666666667,0.39463755420088326,
574,3,4,0,0.3333333333333333,0.3333333333333333,0.3737610014708257,
584,3,4,1,0.6666666666666666,0.3333333333333332,0.5521300896307066,
587,3,4,1,0.8333333333333334,0.6666666666666667,0.3274220606655819,
599,3,4,0,0.0,1.0,0.32602320426532505,
602,3,4,0,0.25,0.5,0.4806910957973758,
605,3,4,1,0.5,0.0,0.6249556995033143,
608,3,4,0,0.0,1.0,0.7993993228951723,
612,3,4,0,0.0,1.0,0.2698596892931031,
616,3,4,1,0.75,0.5,0.47607155648666954,
619,3,4,0,0.25,0.5,0.6270327248093754,
620,3,4,1,0.75,0.5,0.4664036112945654,
623,3,4,1,0.5,0.0,0.368509929080564,
628,3,4,0,0.0,1.0,0.37225190420208065,
649,3,4,1,0.5,0.0,0.37435429896346284,
656,3,4,1,0.6666666666666666,0.3333333333333332,0.3583232232468634,
659,3,4,1,0.6666666666666666,0.3333333333333332,0.47267688800147467,
661,3,4,1,0.8333333333333334,0.6666666666666667,0.7408036661101469,
670,3,4,1,0.5,0.0,0.49346755330754394,
676,3,4,0,0.1666666666666666,0.6666666666666667,0.35531655604107515,
684,3,4,0,0.0,1.0,0.3494111191804417,
696,3,4,0,0.1666666666666666,0.6666666666666667,0.49099162625402004,
700,3,4,1,0.5,0.0,0.3740728404997592,
701,3,4,0,0.1666666666666666,0.6666666666666667,0.4712636132739991,
711,3,4,1,0.6,0.1999999999999999,0.6738828746454897,
712,3,4,0,0.1666666666666666,0.6666666666666667,0.544693298773688,
715,3,4,1,0.5,0.0,0.3437110388145177,
718,3,4,0,0.1666666666666666,0.6666666666666667,0.6459047467827401,
724,3,4,0,0.2,0.6,0.5406625374512588,
727,3,4,0,0.4,0.1999999999999999,0.7337308990398854,
728,3,4,0,0.2,0.6,0.26430378320666226,
731,3,4,0,0.0,1.0,0.5005348762446071,
3,4,0,0,0.0,1.0,0.44226364981512445,
8,4,0,0,0.0,1.0,0.2887579400981094,
10,4,0,0,0.0,1.0,0.2976828100062452,
11,4,0,1,0.6,0.1999999999999999,0.4514081975815871,
13,4,0,0,0.2,0.6,0.45844123970084316,
18,4,0,1,0.6,0.1999999999999999,0.44395211285798114,
24,4,0,0,0.0,1.0,0.5647701956990805,
25,4,0,0,0.2,0.6,0.5468382559556156,
29,4,0,0,0.2,0.6,0.6243668423783946,
30,4,0,0,0.2,0.6,0.38950851937595565,
31,4,0,0,0.1666666666666666,0.6666666666666667,0.4571140723837114,
34,4,0,0,0.1666666666666666,0.6666666666666667,0.4827567500873833,
36,4,0,0,0.2,0.6,0.39334394034140696,
44,4,0,0,0.0,1.0,0.5452218789787447,
46,4,0,0,0.4,0.1999999999999999,0.6671633418423192,
47,4,0,0,0.25,0.5,0.43663145512218493,
51,4,0,0,0.25,0.5,0.44329566121631825,
52,4,0,0,0.25,0.5,0.4394803347220997,
57,4,0,1,1.0,1.0,0.49100244275789473,
60,4,0,0,0.0,1.0,0.5921540326416308,
67,4,0,0,0.0,1.0,0.3416013411593743,
70,4,0,0,0.0,1.0,0.4444239143140496,
83,4,0,0,0.25,0.5,0.7049849633975895,
90,4,0,1,0.5,0.0,0.39747336334901084,
94,4,0,0,0.25,0.5,0.44021321002989594,
110,4,0,0,0.0,1.0,0.4971912216393573,
111,4,0,0,0.1111111111111111,0.7777777777777778,0.6053724946141531,
116,4,0,0,0.0,1.0,0.4569066120378642,
121,4,0,0,0.1111111111111111,0.7777777777777778,0.4157608872878805,
124,4,0,0,0.0,1.0,0.37255222375966607,
128,4,0,0,0.1111111111111111,0.7777777777777778,0.44209084822351546,
151,4,0,0,0.0,1.0,0.4918290802093894,
159,4,0,0,0.0,1.0,0.4365217005987736,
169,4,0,0,0.0,1.0,0.3517566035536148,
182,4,0,0,0.0,1.0,0.5836853927440678,
185,4,0,0,0.25,0.5,0.39024210819076754,
189,4,0,1,0.5,0.0,0.512126929543587,
190,4,0,0,0.25,0.5,0.33600646580674065,
191,4,0,0,0.0,1.0,0.5709526200312904,
192,4,0,0,0.0,1.0,0.40933642755816624,
198,4,0,0,0.0,1.0,0.47135342227132937,
200,4,0,0,0.2,0.6,0.4856384953395098,
205,4,0,0,0.2,0.6,0.27892621092582787,
213,4,0,0,0.4,0.1999999999999999,0.5209561539920264,
226,4,0,0,0.0,1.0,0.4077587787587391,
230,4,0,0,0.2,0.6,0.3899406639786535,
233,4,0,0,0.0,1.0,0.2773189248048219,
234,4,0,0,0.25,0.5,0.3402225477124311,
236,4,0,0,0.0,1.0,0.38670461842082504,
240,4,0,0,0.2,0.6,0.3650642837380803,
241,4,0,1,0.6,0.1999999999999999,0.44040583282073065,
242,4,0,1,0.6,0.1999999999999999,0.32264525082668566,
246,4,0,0,0.4,0.1999999999999999,0.3935288796417131,
248,4,0,0,0.4,0.1999999999999999,0.4990348650182521,
252,4,0,0,0.0,1.0,0.5291661321975709,
255,4,0,0,0.25,0.5,0.3332277629000051,
273,4,0,1,0.5,0.0,0.4110768226732722,
274,4,0,1,0.5,0.0,0.5397415862264155,
278,4,0,0,0.25,0.5,0.43983388971259896,
288,4,0,1,0.75,0.5,0.38361540510264536,
311,4,0,0,0.4,0.1999999999999999,0.3787236838459132,
315,4,0,1,0.8,0.6000000000000001,0.43816854367116853,
319,4,0,0,0.2,0.6,0.3855897735288237,
320,4,0,0,0.0,1.0,0.5521173919087281,
321,4,0,1,0.6,0.1999999999999999,0.43756287457638643,
323,4,0,0,0.0,1.0,0.5314172506916783,
326,4,0,0,0.0,1.0,0.28642696839443693,
330,4,0,0,0.4,0.1999999999999999,0.43153822639407413,
339,4,0,0,0.0,1.0,0.44955550968779867,
346,4,0,1,0.6,0.1999999999999999,0.6633504576247982,
359,4,0,0,0.25,0.5,0.7722970915135059,
370,4,0,0,0.0,1.0,0.4969413015186781,
372,4,0,0,0.25,0.5,0.41956232313107994,
380,4,0,1,0.75,0.5,0.5674836432567212,
381,4,0,1,0.75,0.5,0.5396352537487058,
384,4,0,0,0.25,0.5,0.5317774597976827,
395,4,0,1,0.5,0.0,0.6062268995930616,
411,4,0,0,0.2,0.6,0.5684139816381286,
416,4,0,0,0.0,1.0,0.40334465219487337,
420,4,0,0,0.0,1.0,0.319352937034159,
422,4,0,1,0.6,0.1999999999999999,0.3023140870415706,
423,4,0,0,0.0,1.0,0.5604806842025947,
434,4,0,0,0.0,1.0,0.4830936248613994,
435,4,0,0,0.4,0.1999999999999999,0.6076487937786429,
438,4,0,0,0.1666666666666666,0.6666666666666667,0.49576037439114296,
443,4,0,0,0.0,1.0,0.14949217817128135,
452,4,0,0,0.25,0.5,0.5108125136888794,
455,4,0,0,0.0,1.0,0.21174763255948081,
456,4,0,1,0.5,0.0,0.4621535869960782,
468,4,0,0,0.25,0.5,0.5739951038361117,
476,4,0,0,0.0,1.0,0.5169230311793687,
480,4,0,1,0.5,0.0,0.5609899281294627,
485,4,0,1,0.5,0.0,0.47554772504805665,
489,4,0,0,0.0,1.0,0.6287636363915265,
492,4,0,0,0.3333333333333333,0.3333333333333333,0.3454430507830384,
505,4,0,1,0.5,0.0,0.47384487231075134,
506,4,0,1,0.75,0.5,0.6143698310105691,
507,4,0,1,1.0,1.0,0.5046852499801033,
510,4,0,1,0.5,0.0,0.5009945870083325,
512,4,0,1,1.0,1.0,0.6396242684473795,
515,4,0,0,0.25,0.5,0.34897802737323247,
517,4,0,0,0.25,0.5,0.5515480573667964,
522,4,0,0,0.25,0.5,0.14513920990656637,
523,4,0,0,0.25,0.5,0.5187743828145766,
534,4,0,1,0.75,0.5,0.3884570448204764,
536,4,0,0,0.3333333333333333,0.3333333333333333,0.4624223908256091,
542,4,0,0,0.25,0.5,0.3897469493951225,
543,4,0,1,0.5,0.0,0.4821715507155173,
553,4,0,0,0.0,1.0,0.5555711926104954,
555,4,0,0,0.3333333333333333,0.3333333333333333,0.5746998167159421,
566,4,0,0,0.1666666666666666,0.6666666666666667,0.40415939452137584,
570,4,0,1,0.6666666666666666,0.3333333333333332,0.48297900921928094,
572,4,0,1,0.8333333333333334,0.6666666666666667,0.4381215278528747,
578,4,0,1,0.5,0.0,0.41390056531226616,
579,4,0,0,0.3333333333333333,0.3333333333333333,0.505826269871025,
586,4,0,1,0.6666666666666666,0.3333333333333332,0.34159151317671105,
591,4,0,1,0.5,0.0,0.5282866204912131,
598,4,0,0,0.3333333333333333,0.3333333333333333,0.6224968176825798,
604,4,0,1,0.75,0.5,0.5811180512994498,
613,4,0,0,0.0,1.0,0.5932872696728386,
618,4,0,0,0.0,1.0,0.6670666061404833,
623,4,0,1,0.5,0.0,0.4346751857066855,
625,4,0,0,0.0,1.0,0.2582617861423461,
635,4,0,1,0.5,0.0,0.47182908685317554,
637,4,0,1,0.5,0.0,0.433351359753411,
639,4,0,0,0.0,1.0,0.28788782263132573,
640,4,0,1,0.75,0.5,0.5872543504391838,
641,4,0,0,0.0,1.0,0.4477238745534359,
648,4,0,1,0.5,0.0,0.5305461398842881,
661,4,0,1,0.8333333333333334,0.6666666666666667,0.7970874808643353,
662,4,0,0,0.0,1.0,0.4373217783863842,
663,4,0,0,0.3333333333333333,0.3333333333333333,0.5337055118386165,
667,4,0,0,0.3333333333333333,0.3333333333333333,0.5504435419224785,
673,4,0,0,0.3333333333333333,0.3333333333333333,0.3592787086892915,
679,4,0,0,0.4,0.1999999999999999,0.3578315657013737,
683,4,0,1,0.8333333333333334,0.6666666666666667,0.5195093205001634,
685,4,0,0,0.0,1.0,0.12724027302622637,
686,4,0,0,0.0,1.0,0.5128227139962449,
689,4,0,0,0.0,1.0,0.3591042857874295,
699,4,0,0,0.1666666666666666,0.6666666666666667,0.6038971480735094,
702,4,0,0,0.1666666666666666,0.6666666666666667,0.4825716060071856,
703,4,0,0,0.0,1.0,0.49813999921207974,
705,4,0,1,0.5,0.0,0.40513849177487965,
727,4,0,0,0.4,0.1999999999999999,0.7042014789711585,
732,4,0,0,0.0,1.0,0.5134387756187508,
740,4,0,0,0.1666666666666666,0.6666666666666667,0.29962180917300646,
742,4,0,1,0.5,0.0,0.5318816968228319,
1,4,1,0,0.3333333333333333,0.3333333333333333,0.3265829263468335,
21,4,1,0,0.2,0.6,0.46488739249072736,
28,4,1,0,0.2,0.6,0.6127008259081244,
38,4,1,0,0.0,1.0,0.5563150195184754,
41,4,1,0,0.2,0.6,0.4028488898121879,
43,4,1,0,0.2,0.6,0.5334470440977134,
45,4,1,0,0.0,1.0,0.28639765515375404,
54,4,1,0,0.25,0.5,0.5146532004134132,
59,4,1,0,0.25,0.5,0.42030674535069595,
61,4,1,0,0.2,0.6,0.534598524451315,
65,4,1,0,0.25,0.5,0.39004312111236517,
66,4,1,0,0.0,1.0,0.5703652431458779,
72,4,1,0,0.25,0.5,0.43362026400855513,
81,4,1,0,0.0,1.0,0.39451255134330954,
87,4,1,0,0.0,1.0,0.6351686617871817,
91,4,1,0,0.25,0.5,0.3383454283567503,
93,4,1,0,0.0,1.0,0.6130657078123583,
95,4,1,0,0.25,0.5,0.4105492326945779,
102,4,1,0,0.0,1.0,0.5062158753478263,
107,4,1,0,0.1111111111111111,0.7777777777777778,0.5769845389104546,
118,4,1,0,0.0,1.0,0.7352944690442083,
127,4,1,1,0.6666666666666666,0.3333333333333332,0.6103311456892891,
129,4,1,0,0.2,0.6,0.5637810160763779,
131,4,1,0,0.0,1.0,0.4280003595592402,
139,4,1,0,0.0,1.0,0.40658024795496167,
140,4,1,0,0.2222222222222222,0.5555555555555556,0.513151468333884,
143,4,1,1,0.5555555555555556,0.1111111111111111,0.5982729634001911,
145,4,1,0,0.4444444444444444,0.1111111111111111,0.37223366437308514,
156,4,1,0,0.25,0.5,0.5313086851217592,
171,4,1,0,0.25,0.5,0.6113597382716867,
172,4,1,0,0.0,1.0,0.43917007007507036,
173,4,1,0,0.25,0.5,0.5042434432501331,
179,4,1,0,0.25,0.5,0.5042711304847497,
183,4,1,0,0.0,1.0,0.27746754702609794,
187,4,1,0,0.0,1.0,0.5480648013590042,
188,4,1,0,0.0,1.0,0.38145218392110863,
194,4,1,0,0.0,1.0,0.5149604039325892,
195,4,1,0,0.0,1.0,0.587129869782754,
203,4,1,0,0.2,0.6,0.38100313166115196,
204,4,1,0,0.4,0.1999999999999999,0.34310566825416966,
206,4,1,1,0.5,0.0,0.22393213192970468,
211,4,1,1,0.6,0.1999999999999999,0.5413055578849961,
214,4,1,0,0.2,0.6,0.480857924200618,
215,4,1,0,0.2,0.6,0.3749190884709249,
217,4,1,0,0.0,1.0,0.4889810246729843,
219,4,1,0,0.0,1.0,0.4753351740131557,
220,4,1,0,0.4,0.1999999999999999,0.3870192505559456,
221,4,1,1,0.8,0.6000000000000001,0.35548840714923596,
231,4,1,1,0.5,0.0,0.5115137461657067,
237,4,1,0,0.4,0.1999999999999999,0.3288721824081855,
244,4,1,1,0.6,0.1999999999999999,0.5224107840182795,
247,4,1,0,0.2,0.6,0.5575952519871532,
249,4,1,1,0.6,0.1999999999999999,0.5398277228873423,
259,4,1,0,0.0,1.0,0.45792225549825105,
272,4,1,1,0.5,0.0,0.5774736522112417,
277,4,1,1,0.5,0.0,0.6318763942351112,
295,4,1,0,0.0,1.0,0.3936434326588343,
310,4,1,0,0.2,0.6,0.5979992014871738,
313,4,1,0,0.0,1.0,0.45777121197639264,
322,4,1,1,0.6,0.1999999999999999,0.610883084008009,
327,4,1,0,0.0,1.0,0.5601418859309619,
329,4,1,0,0.0,1.0,0.5188425653908942,
342,4,1,0,0.2,0.6,0.5772415763059326,
345,4,1,0,0.0,1.0,0.2201686939998494,
348,4,1,0,0.4,0.1999999999999999,0.7798985232485979,
349,4,1,0,0.0,1.0,0.26651876826944176,
351,4,1,0,0.0,1.0,0.48296102468832647,
352,4,1,0,0.25,0.5,0.4750830874553552,
354,4,1,0,0.25,0.5,0.493520742452705,
367,4,1,0,0.25,0.5,0.6093390349672673,
374,4,1,1,0.5,0.0,0.4163886162126591,
376,4,1,1,0.5,0.0,0.4534438676665722,
377,4,1,0,0.25,0.5,0.38925497671608156,
379,4,1,1,0.75,0.5,0.5038268464739284,
387,4,1,0,0.0,1.0,0.2597205677816856,
389,4,1,0,0.25,0.5,0.4546929120625207,
391,4,1,0,0.0,1.0,0.292840778081886,
392,4,1,1,0.5,0.0,0.6164330737129378,
398,4,1,0,0.25,0.5,0.49800353514512674,
402,4,1,1,0.6,0.1999999999999999,0.23839848908974132,
404,4,1,1,0.6,0.1999999999999999,0.7092673563085101,
405,4,1,0,0.0,1.0,0.4172111288325414,
406,4,1,1,0.6,0.1999999999999999,0.315485155794559,
407,4,1,0,0.2,0.6,0.4926465479021177,
424,4,1,1,0.6,0.1999999999999999,0.3999438413573147,
426,4,1,1,0.8,0.6000000000000001,0.47913257945199406,
436,4,1,0,0.4,0.1999999999999999,0.4086026453337481,
440,4,1,0,0.0,1.0,0.6049658204960173,
441,4,1,0,0.2,0.6,0.4885459607814484,
449,4,1,0,0.4,0.1999999999999999,0.3621108442491998,
450,4,1,0,0.2,0.6,0.5083124617183085,
453,4,1,0,0.25,0.5,0.4729538271432271,
457,4,1,1,0.5,0.0,0.5455330924952262,
460,4,1,0,0.0,1.0,0.3959752171703423,
463,4,1,0,0.25,0.5,0.5030342261537502,
464,4,1,0,0.0,1.0,0.5462347356198636,
465,4,1,1,0.5,0.0,0.6384354442908049,
466,4,1,1,0.5,0.0,0.4796200071362489,
472,4,1,0,0.25,0.5,0.3262677566582605,
473,4,1,0,0.25,0.5,0.5000406126503287,
474,4,1,0,0.0,1.0,0.19430703239195615,
494,4,1,1,0.8,0.6000000000000001,0.4841201929738307,
519,4,1,0,0.0,1.0,0.49746187636360517,
520,4,1,1,0.5,0.0,0.3850001796146688,
528,4,1,0,0.0,1.0,0.46523697613965387,
533,4,1,0,0.0,1.0,0.5058675861909818,
535,4,1,0,0.25,0.5,0.5566368972047944,
537,4,1,0,0.25,0.5,0.4084367802257275,
539,4,1,0,0.25,0.5,0.49680626960606356,
540,4,1,0,0.25,0.5,0.707921038245596,
547,4,1,1,0.5,0.0,0.46922317608474495,
548,4,1,1,0.5,0.0,0.32325769706256896,
558,4,1,1,0.5,0.0,0.5355096680653988,
560,4,1,0,0.1666666666666666,0.6666666666666667,0.2079765489285466,
568,4,1,1,1.0,1.0,0.4891943282543441,
571,4,1,1,0.5,0.0,0.3339882231218926,
577,4,1,0,0.1666666666666666,0.6666666666666667,0.4235305507840756,
592,4,1,1,0.6,0.1999999999999999,0.3898796698680832,
608,4,1,0,0.0,1.0,0.7220412934110234,
610,4,1,0,0.25,0.5,0.6865676198401383,
617,4,1,1,0.5,0.0,0.509001304734002,
620,4,1,1,0.75,0.5,0.5029451732871439,
621,4,1,1,0.5,0.0,0.46845930413106307,
629,4,1,1,0.5,0.0,0.748330559145928,
632,4,1,1,0.5,0.0,0.3951758504366616,
636,4,1,0,0.0,1.0,0.415693821987025,
647,4,1,1,0.5,0.0,0.5640324878224245,
649,4,1,1,0.5,0.0,0.3043225274618473,
656,4,1,1,0.6666666666666666,0.3333333333333332,0.3687513057583018,
669,4,1,0,0.3333333333333333,0.3333333333333333,0.482591370067626,
680,4,1,0,0.0,1.0,0.3550506818343453,
681,4,1,0,0.1666666666666666,0.6666666666666667,0.5699671372620738,
682,4,1,0,0.1666666666666666,0.6666666666666667,0.40878975461959743,
690,4,1,0,0.0,1.0,0.5465817542305531,
692,4,1,0,0.0,1.0,0.4595117890161844,
694,4,1,0,0.3333333333333333,0.3333333333333333,0.3396460746291239,
695,4,1,0,0.3333333333333333,0.3333333333333333,0.3677867602657091,
698,4,1,1,0.5,0.0,0.5889790287842054,
701,4,1,0,0.1666666666666666,0.6666666666666667,0.49608280112275505,
715,4,1,1,0.5,0.0,0.4176472089898792,
716,4,1,1,0.6666666666666666,0.3333333333333332,0.5832104582621855,
718,4,1,0,0.1666666666666666,0.6666666666666667,0.7114909042190283,
721,4,1,0,0.3333333333333333,0.3333333333333333,0.6259552087890263,
724,4,1,0,0.2,0.6,0.4917951186504214,
728,4,1,0,0.2,0.6,0.40829209231353053,
733,4,1,0,0.1666666666666666,0.6666666666666667,0.5319471176879161,
739,4,1,0,0.3333333333333333,0.3333333333333333,0.5167826314492335,
6,4,2,0,0.2,0.6,0.5202294444941233,
7,4,2,1,0.6,0.1999999999999999,0.6539215824829778,
26,4,2,1,0.8,0.6000000000000001,0.30095543916657885,
37,4,2,0,0.2,0.6,0.3408163906442959,
39,4,2,0,0.0,1.0,0.42696188182424355,
42,4,2,0,0.0,1.0,0.40446853311952874,
48,4,2,1,0.6,0.1999999999999999,0.404273310903305,
49,4,2,0,0.3333333333333333,0.3333333333333333,0.27262577081303624,
56,4,2,0,0.25,0.5,0.39252300008124696,
58,4,2,0,0.25,0.5,0.4637101023658765,
64,4,2,0,0.3333333333333333,0.3333333333333333,0.24833423742824545,
71,4,2,0,0.0,1.0,0.5308467762790973,
76,4,2,0,0.25,0.5,0.5580595469950711,
78,4,2,0,0.0,1.0,0.3931876562440299,
82,4,2,0,0.25,0.5,0.5060036742901237,
88,4,2,1,0.5,0.0,0.38675808142694656,
92,4,2,0,0.0,1.0,0.5929871021539856,
96,4,2,0,0.0,1.0,0.4922960959437746,
100,4,2,0,0.25,0.5,0.6705085828850957,
101,4,2,0,0.3333333333333333,0.3333333333333333,0.4846154966660068,
103,4,2,0,0.1111111111111111,0.7777777777777778,0.5910461715831289,
105,4,2,0,0.0,1.0,0.5654595364690951,
108,4,2,0,0.25,0.5,0.5257529792724411,
109,4,2,0,0.1111111111111111,0.7777777777777778,0.6615491813171488,
112,4,2,0,0.125,0.75,0.41986812414145874,
115,4,2,0,0.0,1.0,0.531805367508918,
125,4,2,0,0.125,0.75,0.33458089516568584,
136,4,2,0,0.3333333333333333,0.3333333333333333,0.5477218633501733,
137,4,2,1,0.6666666666666666,0.3333333333333332,0.32527491835572375,
138,4,2,1,0.5555555555555556,0.1111111111111111,0.40006325096368034,
158,4,2,0,0.0,1.0,0.19879780304235561,
160,4,2,0,0.1666666666666666,0.6666666666666667,0.5889130728698816,
162,4,2,0,0.2,0.6,0.37479605359497403,
165,4,2,0,0.0,1.0,0.5759918803316697,
167,4,2,0,0.0,1.0,0.4318851858979922,
170,4,2,0,0.1666666666666666,0.6666666666666667,0.39752791477851906,
201,4,2,0,0.25,0.5,0.2389235310131778,
209,4,2,0,0.2,0.6,0.5115871323091017,
212,4,2,0,0.2,0.6,0.5634088656483998,
216,4,2,0,0.0,1.0,0.6100769678689832,
222,4,2,0,0.2,0.6,0.37908129219100717,
224,4,2,0,0.4,0.1999999999999999,0.3137670293817115,
228,4,2,0,0.2,0.6,0.6684486180798408,
238,4,2,0,0.25,0.5,0.22967867584790191,
243,4,2,0,0.0,1.0,0.3890514618605358,
245,4,2,0,0.0,1.0,0.521793394332853,
250,4,2,0,0.4,0.1999999999999999,0.5751023650082869,
251,4,2,0,0.25,0.5,0.4232081101207077,
260,4,2,0,0.25,0.5,0.5685689159671403,
261,4,2,0,0.25,0.5,0.5610199306678896,
262,4,2,1,0.5,0.0,0.6405758107610402,
266,4,2,0,0.25,0.5,0.5170603466850485,
271,4,2,0,0.0,1.0,0.5414223081193996,
275,4,2,1,0.5,0.0,0.5008684169829555,
279,4,2,0,0.2,0.6,0.31735865239361044,
280,4,2,0,0.25,0.5,0.4817515339165128,
281,4,2,0,0.0,1.0,0.5449505610625534,
282,4,2,0,0.25,0.5,0.3798421158591154,
290,4,2,0,0.0,1.0,0.6112317688240512,
293,4,2,1,0.5,0.0,0.4561114420569368,
294,4,2,0,0.0,1.0,0.5671218347844158,
302,4,2,0,0.0,1.0,0.34237361026454866,
303,4,2,0,0.0,1.0,0.42723357692333097,
304,4,2,1,0.8,0.6000000000000001,0.5595102885225727,
306,4,2,0,0.0,1.0,0.5848413355983527,
331,4,2,0,0.0,1.0,0.261169989843282,
334,4,2,0,0.4,0.1999999999999999,0.516436294895108,
337,4,2,0,0.0,1.0,0.5049720501339545,
338,4,2,0,0.4,0.1999999999999999,0.524913204334321,
341,4,2,1,0.6,0.1999999999999999,0.4172606621429108,
350,4,2,0,0.0,1.0,0.3397199887411305,
353,4,2,0,0.0,1.0,0.652112788910264,
362,4,2,1,0.75,0.5,0.5580309964873358,
364,4,2,1,0.5,0.0,0.5275310262414004,
371,4,2,0,0.25,0.5,0.6773942128600083,
382,4,2,1,0.5,0.0,0.3475204634887657,
388,4,2,1,0.5,0.0,0.3869143218946512,
390,4,2,1,0.75,0.5,0.4839749134952843,
393,4,2,0,0.25,0.5,0.5583767224561969,
396,4,2,1,0.75,0.5,0.6310199067718132,
400,4,2,1,0.5,0.0,0.6469931085524538,
403,4,2,0,0.0,1.0,0.26397111699124143,
410,4,2,1,0.6,0.1999999999999999,0.41158139149404954,
415,4,2,0,0.0,1.0,0.47202491555751047,
417,4,2,0,0.2,0.6,0.6668246485544387,
419,4,2,0,0.4,0.1999999999999999,0.4411274761166656,
425,4,2,0,0.0,1.0,0.5378440281647239,
428,4,2,1,0.6,0.1999999999999999,0.2753284111187271,
439,4,2,0,0.2,0.6,0.3792563246151188,
447,4,2,0,0.0,1.0,0.4311173605312585,
448,4,2,0,0.0,1.0,0.4219827150608732,
458,4,2,0,0.0,1.0,0.6081836542119778,
459,4,2,0,0.25,0.5,0.3180393983751323,
470,4,2,0,0.0,1.0,0.463871191998044,
477,4,2,0,0.0,1.0,0.3802700598463985,
479,4,2,0,0.0,1.0,0.24562408432426353,
486,4,2,0,0.25,0.5,0.717932680207568,
495,4,2,0,0.0,1.0,0.6164044534597418,
496,4,2,1,0.75,0.5,0.43049074557261335,
511,4,2,1,0.5,0.0,0.43283428702755816,
516,4,2,0,0.0,1.0,0.4209292071482481,
530,4,2,1,0.5,0.0,0.36809068438217657,
550,4,2,0,0.0,1.0,0.46298659181681456,
551,4,2,1,0.6666666666666666,0.3333333333333332,0.6831648522731482,
552,4,2,1,0.6666666666666666,0.3333333333333332,0.42925221526686747,
557,4,2,0,0.3333333333333333,0.3333333333333333,0.43666027063814455,
561,4,2,1,0.5,0.0,0.2799968799615437,
562,4,2,0,0.3333333333333333,0.3333333333333333,0.5613985457198041,
563,4,2,0,0.0,1.0,0.5476857545385863,
565,4,2,0,0.3333333333333333,0.3333333333333333,0.5578548466461504,
581,4,2,0,0.3333333333333333,0.3333333333333333,0.5404660929213866,
582,4,2,1,0.5,0.0,0.49439032468861194,
583,4,2,1,0.5,0.0,0.6552690111720905,
584,4,2,1,0.6666666666666666,0.3333333333333332,0.44254838782792383,
597,4,2,0,0.0,1.0,0.5480284518959957,
600,4,2,0,0.1666666666666666,0.6666666666666667,0.401901784777409,
601,4,2,0,0.0,1.0,0.4330839355429973,
602,4,2,0,0.25,0.5,0.44956514259896396,
606,4,2,0,0.25,0.5,0.26470614283686744,
609,4,2,0,0.25,0.5,0.5143611204186398,
614,4,2,1,0.75,0.5,0.6392527724757346,
619,4,2,0,0.25,0.5,0.6154763484155216,
624,4,2,0,0.25,0.5,0.37088817552248,
628,4,2,0,0.0,1.0,0.3362654196900557,
630,4,2,1,0.5,0.0,0.5208613850595641,
633,4,2,1,0.5,0.0,0.5410093082271301,
634,4,2,0,0.25,0.5,0.30135786439400586,
642,4,2,1,0.75,0.5,0.5484993262576043,
644,4,2,0,0.25,0.5,0.4949233384324364,
646,4,2,0,0.0,1.0,0.3351717026721851,
651,4,2,0,0.3333333333333333,0.3333333333333333,0.27843509498519914,
654,4,2,0,0.1666666666666666,0.6666666666666667,0.47322429976188507,
655,4,2,1,0.6666666666666666,0.3333333333333332,0.5313344909175114,
657,4,2,1,0.5,0.0,0.44307003263143796,
658,4,2,0,0.1666666666666666,0.6666666666666667,0.531361817389832,
659,4,2,1,0.6666666666666666,0.3333333333333332,0.4227911472780512,
670,4,2,1,0.5,0.0,0.42292007689183475,
697,4,2,1,0.5,0.0,0.5628368334109646,
707,4,2,1,0.5,0.0,0.40802140028543543,
708,4,2,0,0.0,1.0,0.6832304371236105,
712,4,2,0,0.1666666666666666,0.6666666666666667,0.5034640944511749,
713,4,2,1,0.6,0.1999999999999999,0.4566066401465176,
720,4,2,0,0.0,1.0,0.3492776546190376,
723,4,2,0,0.1666666666666666,0.6666666666666667,0.509449837074669,
734,4,2,0,0.0,1.0,0.5254290476992366,
738,4,2,0,0.3333333333333333,0.3333333333333333,0.44753056488182263,
741,4,2,0,0.2,0.6,0.5000763738266754,
4,4,3,1,0.6,0.1999999999999999,0.5770457523342423,
12,4,3,0,0.4,0.1999999999999999,0.37478359824074586,
14,4,3,0,0.2,0.6,0.6082833017991646,
15,4,3,0,0.4,0.1999999999999999,0.505371783673631,
17,4,3,0,0.4,0.1999999999999999,0.5392328804449643,
22,4,3,0,0.2,0.6,0.6123932142026313,
27,4,3,0,0.2,0.6,0.4285679811371272,
33,4,3,0,0.4,0.1999999999999999,0.40059946217453707,
35,4,3,1,0.5,0.0,0.5891300992365214,
50,4,3,1,0.8,0.6000000000000001,0.4415735436650488,
53,4,3,0,0.1666666666666666,0.6666666666666667,0.37804568032382885,
55,4,3,0,0.0,1.0,0.5110049156730295,
62,4,3,0,0.25,0.5,0.4799332812614539,
68,4,3,0,0.0,1.0,0.3416556233548863,
75,4,3,0,0.0,1.0,0.3728728522251692,
77,4,3,0,0.25,0.5,0.4533185584760293,
79,4,3,0,0.25,0.5,0.3673113543356863,
84,4,3,0,0.3333333333333333,0.3333333333333333,0.6005376976853971,
97,4,3,0,0.25,0.5,0.4049477989754533,
98,4,3,0,0.3333333333333333,0.3333333333333333,0.6243256489017619,
99,4,3,0,0.0,1.0,0.422613574808682,
104,4,3,0,0.1111111111111111,0.7777777777777778,0.5128594324882676,
106,4,3,1,1.0,1.0,0.4185435448590227,
114,4,3,0,0.1111111111111111,0.7777777777777778,0.684593843365209,
119,4,3,0,0.1111111111111111,0.7777777777777778,0.5909325464765752,
120,4,3,0,0.0,1.0,0.43730150668162937,
122,4,3,0,0.0,1.0,0.45098012660986103,
126,4,3,0,0.2222222222222222,0.5555555555555556,0.6375976357929579,
132,4,3,0,0.2222222222222222,0.5555555555555556,0.5076897560627366,
134,4,3,0,0.1111111111111111,0.7777777777777778,0.341565512806258,
135,4,3,0,0.1666666666666666,0.6666666666666667,0.4010947719354625,
147,4,3,0,0.0,1.0,0.6088769085105643,
148,4,3,0,0.1111111111111111,0.7777777777777778,0.34661695023716205,
153,4,3,0,0.0,1.0,0.31997342019947356,
157,4,3,0,0.25,0.5,0.3452231694639485,
163,4,3,0,0.25,0.5,0.5855073006165165,
166,4,3,0,0.25,0.5,0.5450914721771701,
168,4,3,0,0.25,0.5,0.4734264910608946,
174,4,3,1,0.5,0.0,0.3900829715328705,
176,4,3,0,0.0,1.0,0.4116421460109077,
177,4,3,0,0.0,1.0,0.43596322281286914,
178,4,3,0,0.0,1.0,0.542610020787112,
180,4,3,0,0.0,1.0,0.5730724981419154,
181,4,3,1,0.5,0.0,0.448581202709994,
184,4,3,0,0.0,1.0,0.3548654685090159,
197,4,3,0,0.0,1.0,0.5549918778919782,
207,4,3,0,0.2,0.6,0.3822196269335577,
227,4,3,1,1.0,1.0,0.3356323462125757,
229,4,3,0,0.0,1.0,0.418516189583933,
235,4,3,0,0.0,1.0,0.5396321740201684,
239,4,3,1,0.6,0.1999999999999999,0.3784163146933764,
253,4,3,0,0.0,1.0,0.534627405892913,
254,4,3,0,0.25,0.5,0.41634103934742495,
258,4,3,0,0.0,1.0,0.5572151990112673,
267,4,3,0,0.0,1.0,0.20260003153409173,
269,4,3,1,0.5,0.0,0.3965087882124426,
286,4,3,0,0.2,0.6,0.4429623246119034,
287,4,3,0,0.25,0.5,0.5624977862139462,
291,4,3,0,0.0,1.0,0.5738272983829038,
296,4,3,0,0.0,1.0,0.467513887069303,
299,4,3,1,0.8,0.6000000000000001,0.4510869847987628,
307,4,3,0,0.4,0.1999999999999999,0.4625599508720437,
314,4,3,0,0.0,1.0,0.5529599244780233,
316,4,3,0,0.4,0.1999999999999999,0.4857306253299055,
325,4,3,0,0.0,1.0,0.4893831462847319,
336,4,3,0,0.4,0.1999999999999999,0.5506525073064829,
343,4,3,1,0.8,0.6000000000000001,0.5899882699935481,
355,4,3,0,0.25,0.5,0.45970977812160335,
356,4,3,0,0.25,0.5,0.40459071644300004,
357,4,3,1,0.5,0.0,0.40776601548492974,
361,4,3,0,0.0,1.0,0.35349007383848685,
363,4,3,0,0.0,1.0,0.6347956846466045,
366,4,3,0,0.0,1.0,0.6151423336212876,
368,4,3,1,0.5,0.0,0.5081202675454615,
375,4,3,1,0.5,0.0,0.5145461183826876,
386,4,3,0,0.25,0.5,0.42527751219549714,
394,4,3,1,0.5,0.0,0.6474422455190254,
408,4,3,0,0.4,0.1999999999999999,0.5093228477040684,
409,4,3,0,0.4,0.1999999999999999,0.4958737927393865,
412,4,3,1,1.0,1.0,0.5069191865577125,
414,4,3,1,0.6,0.1999999999999999,0.5196368676263394,
418,4,3,0,0.0,1.0,0.3895089802610241,
429,4,3,0,0.0,1.0,0.5725870726458274,
437,4,3,1,0.6,0.1999999999999999,0.4801707012746771,
442,4,3,1,0.8,0.6000000000000001,0.4414882982455808,
445,4,3,0,0.0,1.0,0.3049278016329772,
446,4,3,0,0.2,0.6,0.5039433541354095,
462,4,3,1,0.5,0.0,0.6924511076881494,
471,4,3,0,0.0,1.0,0.7512137807336923,
478,4,3,0,0.0,1.0,0.3567628976277384,
481,4,3,0,0.0,1.0,0.46319882038518256,
482,4,3,0,0.0,1.0,0.3084803537130506,
483,4,3,0,0.25,0.5,0.4139237231139956,
484,4,3,0,0.25,0.5,0.4188820438488349,
488,4,3,1,0.5,0.0,0.459799711354813,
490,4,3,0,0.25,0.5,0.2967597675236514,
493,4,3,0,0.0,1.0,0.41016142805849376,
497,4,3,0,0.0,1.0,0.46775339060617227,
498,4,3,0,0.0,1.0,0.2918802615929619,
500,4,3,0,0.25,0.5,0.41096355600109885,
501,4,3,0,0.25,0.5,0.4127076791980867,
504,4,3,1,0.75,0.5,0.538226650650556,
509,4,3,0,0.25,0.5,0.2987471709942999,
518,4,3,0,0.25,0.5,0.5417702509197512,
521,4,3,1,0.75,0.5,0.5132290175056012,
526,4,3,0,0.0,1.0,0.4821358055413636,
527,4,3,0,0.25,0.5,0.5592140486800048,
538,4,3,0,0.0,1.0,0.5565150489906683,
541,4,3,1,0.5,0.0,0.37292657648626015,
544,4,3,1,0.5,0.0,0.5344691001121384,
549,4,3,0,0.0,1.0,0.41474326932538486,
554,4,3,1,0.5,0.0,0.5651648977758541,
564,4,3,1,0.5,0.0,0.5253569607573935,
567,4,3,0,0.3333333333333333,0.3333333333333333,0.5123559833136819,
569,4,3,0,0.1666666666666666,0.6666666666666667,0.5228286598524055,
573,4,3,0,0.3333333333333333,0.3333333333333333,0.5606142264049163,
574,4,3,0,0.3333333333333333,0.3333333333333333,0.3576879590463813,
575,4,3,1,0.5,0.0,0.6410487571480759,
585,4,3,1,0.5,0.0,0.449556623044319,
587,4,3,1,0.8333333333333334,0.6666666666666667,0.3147309556317385,
588,4,3,0,0.1666666666666666,0.6666666666666667,0.4703330998148654,
589,4,3,0,0.3333333333333333,0.3333333333333333,0.4624176571378821,
594,4,3,0,0.0,1.0,0.32385019299384027,
596,4,3,1,0.5,0.0,0.6544786094413668,
605,4,3,1,0.5,0.0,0.5992073761956493,
615,4,3,1,0.75,0.5,0.5333754173482642,
622,4,3,1,0.75,0.5,0.4588685397943369,
626,4,3,1,0.5,0.0,0.32608971542400783,
638,4,3,0,0.25,0.5,0.3327228973413411,
643,4,3,1,0.5,0.0,0.4476107177707029,
652,4,3,0,0.0,1.0,0.316958742617639,
653,4,3,1,0.5,0.0,0.2856220066401693,
664,4,3,1,0.6666666666666666,0.3333333333333332,0.520758493347703,
672,4,3,0,0.0,1.0,0.40858874838117876,
674,4,3,0,0.3333333333333333,0.3333333333333333,0.4152877550328925,
675,4,3,0,0.3333333333333333,0.3333333333333333,0.29013054293812923,
676,4,3,0,0.1666666666666666,0.6666666666666667,0.49425079502941416,
693,4,3,1,0.5,0.0,0.42426648201199624,
704,4,3,0,0.3333333333333333,0.3333333333333333,0.5742854846133534,
709,4,3,0,0.3333333333333333,0.3333333333333333,0.5526538864545738,
710,4,3,0,0.0,1.0,0.3392137221124908,
714,4,3,0,0.3333333333333333,0.3333333333333333,0.4952891159869937,
717,4,3,1,0.5,0.0,0.5337730838292957,
719,4,3,0,0.1666666666666666,0.6666666666666667,0.5427741268034028,
722,4,3,0,0.2,0.6,0.2886136984289077,
735,4,3,0,0.0,1.0,0.2580731029963909,
737,4,3,0,0.1666666666666666,0.6666666666666667,0.37796051135611985,
2,4,4,0,0.4,0.1999999999999999,0.4290278929637993,
5,4,4,0,0.2,0.6,0.42177450434857394,
9,4,4,0,0.0,1.0,0.40118946817812995,
16,4,4,1,0.6,0.1999999999999999,0.32074661884281075,
20,4,4,0,0.25,0.5,0.33629999010249206,
32,4,4,0,0.2,0.6,0.43018836784501147,
40,4,4,0,0.2,0.6,0.4557888258607558,
63,4,4,0,0.0,1.0,0.4801116173138843,
69,4,4,0,0.0,1.0,0.42340514739272295,
73,4,4,0,0.0,1.0,0.27065479373272894,
74,4,4,0,0.0,1.0,0.5498174436514719,
80,4,4,0,0.0,1.0,0.4827794689072059,
85,4,4,0,0.25,0.5,0.54631661199462,
86,4,4,0,0.0,1.0,0.5149402738317282,
89,4,4,0,0.25,0.5,0.652175612851307,
113,4,4,0,0.1111111111111111,0.7777777777777778,0.6237399672686357,
117,4,4,0,0.25,0.5,0.37529261992725044,
123,4,4,0,0.0,1.0,0.3698307367456165,
130,4,4,0,0.1111111111111111,0.7777777777777778,0.39812177594484977,
133,4,4,1,0.8888888888888888,0.7777777777777777,0.3529854643384207,
141,4,4,0,0.0,1.0,0.5651190962834651,
142,4,4,0,0.0,1.0,0.6392463060140221,
144,4,4,0,0.0,1.0,0.5268019524132773,
146,4,4,1,0.8888888888888888,0.7777777777777777,0.5232601158170492,
149,4,4,0,0.3333333333333333,0.3333333333333333,0.271680707175589,
150,4,4,0,0.0,1.0,0.4239284203896665,
152,4,4,0,0.0,1.0,0.3073445791665088,
154,4,4,0,0.25,0.5,0.4581943432534039,
155,4,4,0,0.25,0.5,0.5875612523429368,
161,4,4,0,0.0,1.0,0.47787650555851624,
164,4,4,0,0.0,1.0,0.21926867121567764,
175,4,4,0,0.0,1.0,0.3995422762097672,
186,4,4,0,0.0,1.0,0.48436202815163854,
193,4,4,0,0.25,0.5,0.4996606249953175,
196,4,4,1,0.5,0.0,0.4944106284722602,
199,4,4,0,0.25,0.5,0.3672509110759965,
202,4,4,1,0.6,0.1999999999999999,0.3087899897880161,
208,4,4,0,0.0,1.0,0.24289996665810126,
210,4,4,0,0.4,0.1999999999999999,0.814407783565184,
223,4,4,0,0.2,0.6,0.3757758516915363,
225,4,4,0,0.2,0.6,0.28340581741104054,
232,4,4,0,0.25,0.5,0.4382748428233883,
257,4,4,0,0.25,0.5,0.4551839105352775,
263,4,4,0,0.2,0.6,0.49265217136192896,
264,4,4,0,0.25,0.5,0.4011128850463648,
265,4,4,1,0.5,0.0,0.48092153136953003,
268,4,4,1,0.5,0.0,0.2748444235148339,
270,4,4,0,0.0,1.0,0.6793217438363219,
276,4,4,0,0.2,0.6,0.4964768585578478,
283,4,4,0,0.25,0.5,0.6295846290053175,
284,4,4,1,0.5,0.0,0.35510510574101883,
285,4,4,0,0.4,0.1999999999999999,0.3607482523374091,
289,4,4,1,0.5,0.0,0.5569834707384695,
292,4,4,0,0.25,0.5,0.6512031975534003,
297,4,4,0,0.0,1.0,0.43093862305826103,
298,4,4,0,0.25,0.5,0.6085448704358183,
300,4,4,0,0.0,1.0,0.46930666078572036,
308,4,4,0,0.4,0.1999999999999999,0.6763828443216721,
309,4,4,1,0.8,0.6000000000000001,0.6256860638532995,
312,4,4,0,0.0,1.0,0.3917991855728618,
317,4,4,0,0.4,0.1999999999999999,0.39845555539830035,
318,4,4,0,0.4,0.1999999999999999,0.40485727855631415,
324,4,4,0,0.2,0.6,0.6580920800912897,
328,4,4,1,0.6,0.1999999999999999,0.43322224444895424,
332,4,4,0,0.0,1.0,0.5207513970532295,
333,4,4,0,0.0,1.0,0.47842800944878516,
335,4,4,1,0.5,0.0,0.24768514959857435,
340,4,4,1,0.6,0.1999999999999999,0.4204410887879466,
344,4,4,0,0.2,0.6,0.4148702339729035,
347,4,4,0,0.4,0.1999999999999999,0.7031792999885975,
358,4,4,0,0.25,0.5,0.6051904503656738,
360,4,4,0,0.25,0.5,0.4235495262550427,
365,4,4,0,0.25,0.5,0.5178677941631913,
369,4,4,0,0.0,1.0,0.31544971262190213,
373,4,4,0,0.0,1.0,0.503244094688655,
378,4,4,1,0.5,0.0,0.4222956286488222,
383,4,4,0,0.0,1.0,0.28136863164683734,
385,4,4,1,0.5,0.0,0.4409169114742265,
397,4,4,1,0.75,0.5,0.4311161535550262,
399,4,4,0,0.25,0.5,0.37160319484380516,
401,4,4,0,0.2,0.6,0.3523584976467691,
413,4,4,0,0.0,1.0,0.5100343452560843,
421,4,4,0,0.2,0.6,0.27265415690864436,
427,4,4,1,0.6,0.1999999999999999,0.4105940835086388,
430,4,4,1,0.6,0.1999999999999999,0.40232147610028457,
431,4,4,0,0.4,0.1999999999999999,0.3953881518225033,
432,4,4,0,0.2,0.6,0.4959596840485128,
433,4,4,0,0.0,1.0,0.38626846573059875,
444,4,4,0,0.2,0.6,0.514161340960369,
451,4,4,0,0.25,0.5,0.3028634376981494,
454,4,4,0,0.0,1.0,0.44036408660686627,
461,4,4,1,0.5,0.0,0.5161289226770557,
467,4,4,1,1.0,1.0,0.5986154388304412,
469,4,4,1,0.75,0.5,0.3471563950621547,
475,4,4,0,0.25,0.5,0.5197258065543942,
487,4,4,0,0.2,0.6,0.24529658150111378,
491,4,4,1,0.5,0.0,0.6755382628766304,
499,4,4,0,0.0,1.0,0.43266661329542766,
502,4,4,1,0.75,0.5,0.4078722512366224,
503,4,4,0,0.0,1.0,0.32421237934398567,
508,4,4,1,0.75,0.5,0.33031940675491656,
513,4,4,0,0.0,1.0,0.38287159919426,
514,4,4,1,0.75,0.5,0.5147597102950194,
524,4,4,0,0.0,1.0,0.6321002766643923,
525,4,4,0,0.2,0.6,0.24637422214829788,
529,4,4,1,0.5,0.0,0.38301679196728255,
531,4,4,1,0.75,0.5,0.5527190615337064,
532,4,4,0,0.0,1.0,0.2691866656126269,
545,4,4,0,0.25,0.5,0.2705911485491578,
546,4,4,1,0.5,0.0,0.49954083483196077,
556,4,4,0,0.1666666666666666,0.6666666666666667,0.5234775904385607,
559,4,4,1,0.6666666666666666,0.3333333333333332,0.3237412012638132,
576,4,4,1,0.5,0.0,0.570948264813931,
580,4,4,0,0.3333333333333333,0.3333333333333333,0.19290570029485304,
590,4,4,0,0.3333333333333333,0.3333333333333333,0.6082115828192625,
593,4,4,1,0.5,0.0,0.36137627301923914,
595,4,4,1,0.8333333333333334,0.6666666666666667,0.44913068159432457,
599,4,4,0,0.0,1.0,0.3055148458819797,
603,4,4,1,0.5,0.0,0.3389720699905281,
607,4,4,0,0.0,1.0,0.4041145217754356,
611,4,4,1,0.75,0.5,0.3726385402866459,
612,4,4,0,0.0,1.0,0.199619239888734,
616,4,4,1,0.75,0.5,0.47365148426031517,
627,4,4,1,0.75,0.5,0.47885953392478764,
631,4,4,0,0.0,1.0,0.3872854564462698,
645,4,4,1,0.75,0.5,0.5732629245447944,
650,4,4,0,0.0,1.0,0.2750722622982845,
660,4,4,0,0.1666666666666666,0.6666666666666667,0.35700954925128503,
665,4,4,0,0.1666666666666666,0.6666666666666667,0.4774144173194699,
668,4,4,0,0.1666666666666666,0.6666666666666667,0.6614865612001678,
671,4,4,0,0.3333333333333333,0.3333333333333333,0.6931648418163773,
677,4,4,1,0.6666666666666666,0.3333333333333332,0.4988471404605413,
678,4,4,0,0.3333333333333333,0.3333333333333333,0.19489708926742366,
684,4,4,0,0.0,1.0,0.36647100022909557,
687,4,4,0,0.3333333333333333,0.3333333333333333,0.32299696756789464,
688,4,4,0,0.1666666666666666,0.6666666666666667,0.42142522244433744,
691,4,4,0,0.1666666666666666,0.6666666666666667,0.7025457447324284,
696,4,4,0,0.1666666666666666,0.6666666666666667,0.5048486288701106,
700,4,4,1,0.5,0.0,0.4056893224075533,
706,4,4,1,0.6666666666666666,0.3333333333333332,0.630144599652581,
711,4,4,1,0.6,0.1999999999999999,0.5030911731651564,
725,4,4,0,0.0,1.0,0.6345963085694134,
726,4,4,0,0.0,1.0,0.7226217978147053,
729,4,4,0,0.4,0.1999999999999999,0.5996721087141295,
730,4,4,0,0.3333333333333333,0.3333333333333333,0.4685677004038392,
731,4,4,0,0.0,1.0,0.3870680039394274,
736,4,4,0,0.0,1.0,0.5528087316119339,
