patient_id,repeat,fold,y,y_soft,agreement,p,thr
5,0,0,0,0.2,0.6,0.5410636,
7,0,0,1,0.6,0.1999999999999999,0.37874246,
28,0,0,0,0.2,0.6,0.34749734,
29,0,0,0,0.2,0.6,0.46209937,
32,0,0,0,0.2,0.6,0.36543772,
40,0,0,0,0.2,0.6,0.28784987,
49,0,0,0,0.3333333333333333,0.3333333333333333,0.33064544,
50,0,0,1,0.8,0.6000000000000001,0.449856,
51,0,0,0,0.25,0.5,0.31263107,
55,0,0,0,0.0,1.0,0.2581675,
59,0,0,0,0.25,0.5,0.32142007,
63,0,0,0,0.0,1.0,0.37384206,
64,0,0,0,0.3333333333333333,0.3333333333333333,0.23826298,
67,0,0,0,0.0,1.0,0.2226825,
73,0,0,0,0.0,1.0,0.19794181,
77,0,0,0,0.25,0.5,0.25319925,
82,0,0,0,0.25,0.5,0.32165068,
83,0,0,0,0.25,0.5,0.57090074,
88,0,0,1,0.5,0.0,0.28686583,
98,0,0,0,0.3333333333333333,0.3333333333333333,0.32702196,
107,0,0,0,0.1111111111111111,0.7777777777777778,0.44784713,
109,0,0,0,0.1111111111111111,0.7777777777777778,0.32680094,
110,0,0,0,0.0,1.0,0.6819698,
112,0,0,0,0.125,0.75,0.23906514,
113,0,0,0,0.1111111111111111,0.7777777777777778,0.27775395,
116,0,0,0,0.0,1.0,0.28439575,
122,0,0,0,0.0,1.0,0.28717655,
127,0,0,1,0.6666666666666666,0.3333333333333332,0.41023326,
134,0,0,0,0.1111111111111111,0.7777777777777778,0.31670183,
139,0,0,0,0.0,1.0,0.32026812,
151,0,0,0,0.0,1.0,0.404161,
153,0,0,0,0.0,1.0,0.40125957,
160,0,0,0,0.1666666666666666,0.6666666666666667,0.33798045,
161,0,0,0,0.0,1.0,0.5638148,
174,0,0,1,0.5,0.0,0.3000778,
177,0,0,0,0.0,1.0,0.39091504,
183,0,0,0,0.0,1.0,0.40927476,
199,0,0,0,0.25,0.5,0.3767829,
202,0,0,1,0.6,0.1999999999999999,0.39304915,
206,0,0,1,0.5,0.0,0.2799282,
210,0,0,0,0.4,0.1999999999999999,0.6150381,
230,0,0,0,0.2,0.6,0.22746608,
231,0,0,1,0.5,0.0,0.34104586,
232,0,0,0,0.25,0.5,0.39051312,
233,0,0,0,0.0,1.0,0.31244045,
240,0,0,0,0.2,0.6,0.32681417,
241,0,0,1,0.6,0.1999999999999999,0.30465463,
248,0,0,0,0.4,0.1999999999999999,0.43045908,
253,0,0,0,0.0,1.0,0.38956758,
259,0,0,0,0.0,1.0,0.4834565,
274,0,0,1,0.5,0.0,0.69352037,
275,0,0,1,0.5,0.0,0.48590216,
282,0,0,0,0.25,0.5,0.3224907,
284,0,0,1,0.5,0.0,0.3387636,
285,0,0,0,0.4,0.1999999999999999,0.3491261,
287,0,0,0,0.25,0.5,0.37993473,
294,0,0,0,0.0,1.0,0.45268756,
300,0,0,0,0.0,1.0,0.4882574,
307,0,0,0,0.4,0.1999999999999999,0.37156796,
309,0,0,1,0.8,0.6000000000000001,0.55576277,
310,0,0,0,0.2,0.6,0.51030517,
315,0,0,1,0.8,0.6000000000000001,0.44779816,
316,0,0,0,0.4,0.1999999999999999,0.45952532,
319,0,0,0,0.2,0.6,0.54769623,
322,0,0,1,0.6,0.1999999999999999,0.47870457,
329,0,0,0,0.0,1.0,0.2790585,
330,0,0,0,0.4,0.1999999999999999,0.49620378,
338,0,0,0,0.4,0.1999999999999999,0.3092113,
339,0,0,0,0.0,1.0,0.28468806,
342,0,0,0,0.2,0.6,0.3708458,
345,0,0,0,0.0,1.0,0.33882397,
371,0,0,0,0.25,0.5,0.49957448,
372,0,0,0,0.25,0.5,0.47682053,
374,0,0,1,0.5,0.0,0.43253607,
376,0,0,1,0.5,0.0,0.5954388,
384,0,0,0,0.25,0.5,0.5589166,
394,0,0,1,0.5,0.0,0.71743083,
407,0,0,0,0.2,0.6,0.70611274,
413,0,0,0,0.0,1.0,0.73088837,
421,0,0,0,0.2,0.6,0.45475662,
436,0,0,0,0.4,0.1999999999999999,0.6313137,
438,0,0,0,0.1666666666666666,0.6666666666666667,0.33704397,
456,0,0,1,0.5,0.0,0.6302109,
457,0,0,1,0.5,0.0,0.71257305,
459,0,0,0,0.25,0.5,0.7699963,
463,0,0,0,0.25,0.5,0.4728496,
465,0,0,1,0.5,0.0,0.63433254,
468,0,0,0,0.25,0.5,0.72585875,
480,0,0,1,0.5,0.0,0.71736836,
487,0,0,0,0.2,0.6,0.26491156,
490,0,0,0,0.25,0.5,0.5213454,
491,0,0,1,0.5,0.0,0.6398042,
492,0,0,0,0.3333333333333333,0.3333333333333333,0.43456897,
495,0,0,0,0.0,1.0,0.69349,
497,0,0,0,0.0,1.0,0.34288645,
499,0,0,0,0.0,1.0,0.5107726,
510,0,0,1,0.5,0.0,0.6369637,
513,0,0,0,0.0,1.0,0.64581436,
514,0,0,1,0.75,0.5,0.72747713,
518,0,0,0,0.25,0.5,0.6698608,
521,0,0,1,0.75,0.5,0.72746766,
528,0,0,0,0.0,1.0,0.3328409,
534,0,0,1,0.75,0.5,0.6612117,
539,0,0,0,0.25,0.5,0.5711167,
540,0,0,0,0.25,0.5,0.7255344,
542,0,0,0,0.25,0.5,0.41899884,
549,0,0,0,0.0,1.0,0.34188408,
554,0,0,1,0.5,0.0,0.66529906,
557,0,0,0,0.3333333333333333,0.3333333333333333,0.6093122,
565,0,0,0,0.3333333333333333,0.3333333333333333,0.5762826,
566,0,0,0,0.1666666666666666,0.6666666666666667,0.52996874,
572,0,0,1,0.8333333333333334,0.6666666666666667,0.7130873,
573,0,0,0,0.3333333333333333,0.3333333333333333,0.63404477,
574,0,0,0,0.3333333333333333,0.3333333333333333,0.3924813,
577,0,0,0,0.1666666666666666,0.6666666666666667,0.6664438,
583,0,0,1,0.5,0.0,0.8016688,
586,0,0,1,0.6666666666666666,0.3333333333333332,0.6722498,
587,0,0,1,0.8333333333333334,0.6666666666666667,0.5865248,
588,0,0,0,0.1666666666666666,0.6666666666666667,0.7934109,
590,0,0,0,0.3333333333333333,0.3333333333333333,0.73127705,
601,0,0,0,0.0,1.0,0.30954015,
603,0,0,1,0.5,0.0,0.47966865,
608,0,0,0,0.0,1.0,0.7020974,
618,0,0,0,0.0,1.0,0.47301215,
628,0,0,0,0.0,1.0,0.39314312,
633,0,0,1,0.5,0.0,0.52226216,
645,0,0,1,0.75,0.5,0.6926396,
648,0,0,1,0.5,0.0,0.5056441,
649,0,0,1,0.5,0.0,0.5554853,
650,0,0,0,0.0,1.0,0.4339279,
653,0,0,1,0.5,0.0,0.39566976,
657,0,0,1,0.5,0.0,0.43194997,
664,0,0,1,0.6666666666666666,0.3333333333333332,0.5239223,
670,0,0,1,0.5,0.0,0.640944,
674,0,0,0,0.3333333333333333,0.3333333333333333,0.46288183,
689,0,0,0,0.0,1.0,0.3188641,
690,0,0,0,0.0,1.0,0.3709179,
694,0,0,0,0.3333333333333333,0.3333333333333333,0.44987535,
695,0,0,0,0.3333333333333333,0.3333333333333333,0.48750255,
699,0,0,0,0.1666666666666666,0.6666666666666667,0.59232384,
703,0,0,0,0.0,1.0,0.72927713,
712,0,0,0,0.1666666666666666,0.6666666666666667,0.4137575,
714,0,0,0,0.3333333333333333,0.3333333333333333,0.3891679,
715,0,0,1,0.5,0.0,0.3068207,
720,0,0,0,0.0,1.0,0.46531284,
735,0,0,0,0.0,1.0,0.34527224,
739,0,0,0,0.3333333333333333,0.3333333333333333,0.4169859,
2,0,1,0,0.4,0.1999999999999999,0.21012557,
4,0,1,1,0.6,0.1999999999999999,0.41813213,
6,0,1,0,0.2,0.6,0.24115455,
14,0,1,0,0.2,0.6,0.4129153,
16,0,1,1,0.6,0.1999999999999999,0.24741054,
26,0,1,1,0.8,0.6000000000000001,0.21158463,
30,0,1,0,0.2,0.6,0.35344142,
34,0,1,0,0.1666666666666666,0.6666666666666667,0.6025729,
38,0,1,0,0.0,1.0,0.47263318,
39,0,1,0,0.0,1.0,0.36024448,
56,0,1,0,0.25,0.5,0.3085844,
61,0,1,0,0.2,0.6,0.27148044,
65,0,1,0,0.25,0.5,0.24266875,
66,0,1,0,0.0,1.0,0.393971,
68,0,1,0,0.0,1.0,0.26936188,
69,0,1,0,0.0,1.0,0.298946,
74,0,1,0,0.0,1.0,0.47174865,
78,0,1,0,0.0,1.0,0.3344133,
85,0,1,0,0.25,0.5,0.45537037,
87,0,1,0,0.0,1.0,0.29648972,
93,0,1,0,0.0,1.0,0.32864875,
94,0,1,0,0.25,0.5,0.2555173,
95,0,1,0,0.25,0.5,0.275703,
96,0,1,0,0.0,1.0,0.32310122,
120,0,1,0,0.0,1.0,0.30296195,
124,0,1,0,0.0,1.0,0.3915604,
131,0,1,0,0.0,1.0,0.47171563,
141,0,1,0,0.0,1.0,0.3397377,
142,0,1,0,0.0,1.0,0.2891103,
143,0,1,1,0.5555555555555556,0.1111111111111111,0.4848246,
146,0,1,1,0.8888888888888888,0.7777777777777777,0.28014606,
148,0,1,0,0.1111111111111111,0.7777777777777778,0.35103735,
149,0,1,0,0.3333333333333333,0.3333333333333333,0.19585913,
150,0,1,0,0.0,1.0,0.4724177,
152,0,1,0,0.0,1.0,0.3052377,
155,0,1,0,0.25,0.5,0.49434626,
156,0,1,0,0.25,0.5,0.33172944,
159,0,1,0,0.0,1.0,0.3138979,
163,0,1,0,0.25,0.5,0.37239474,
166,0,1,0,0.25,0.5,0.254162,
168,0,1,0,0.25,0.5,0.45915747,
182,0,1,0,0.0,1.0,0.40227452,
187,0,1,0,0.0,1.0,0.39449963,
189,0,1,1,0.5,0.0,0.5102161,
190,0,1,0,0.25,0.5,0.32413757,
196,0,1,1,0.5,0.0,0.39889243,
200,0,1,0,0.2,0.6,0.30797315,
204,0,1,0,0.4,0.1999999999999999,0.47403836,
208,0,1,0,0.0,1.0,0.293377,
209,0,1,0,0.2,0.6,0.3904214,
211,0,1,1,0.6,0.1999999999999999,0.72614723,
212,0,1,0,0.2,0.6,0.27938217,
215,0,1,0,0.2,0.6,0.22211155,
221,0,1,1,0.8,0.6000000000000001,0.35828117,
224,0,1,0,0.4,0.1999999999999999,0.44512278,
226,0,1,0,0.0,1.0,0.30450785,
243,0,1,0,0.0,1.0,0.4019699,
247,0,1,0,0.2,0.6,0.39079654,
249,0,1,1,0.6,0.1999999999999999,0.42704117,
250,0,1,0,0.4,0.1999999999999999,0.3772105,
267,0,1,0,0.0,1.0,0.4545828,
279,0,1,0,0.2,0.6,0.22761957,
281,0,1,0,0.0,1.0,0.28702348,
288,0,1,1,0.75,0.5,0.25463718,
291,0,1,0,0.0,1.0,0.49312836,
308,0,1,0,0.4,0.1999999999999999,0.5370445,
317,0,1,0,0.4,0.1999999999999999,0.3590542,
326,0,1,0,0.0,1.0,0.32317764,
328,0,1,1,0.6,0.1999999999999999,0.27834356,
331,0,1,0,0.0,1.0,0.4183553,
332,0,1,0,0.0,1.0,0.4144132,
333,0,1,0,0.0,1.0,0.28203446,
335,0,1,1,0.5,0.0,0.32704562,
336,0,1,0,0.4,0.1999999999999999,0.55680406,
346,0,1,1,0.6,0.1999999999999999,0.7240305,
355,0,1,0,0.25,0.5,0.5277277,
359,0,1,0,0.25,0.5,0.5041759,
360,0,1,0,0.25,0.5,0.58905935,
381,0,1,1,0.75,0.5,0.3639716,
388,0,1,1,0.5,0.0,0.6325445,
397,0,1,1,0.75,0.5,0.6867137,
398,0,1,0,0.25,0.5,0.68995243,
405,0,1,0,0.0,1.0,0.5299913,
411,0,1,0,0.2,0.6,0.70427287,
414,0,1,1,0.6,0.1999999999999999,0.7005422,
416,0,1,0,0.0,1.0,0.5382439,
425,0,1,0,0.0,1.0,0.46546674,
435,0,1,0,0.4,0.1999999999999999,0.5898565,
437,0,1,1,0.6,0.1999999999999999,0.56662244,
441,0,1,0,0.2,0.6,0.70141006,
442,0,1,1,0.8,0.6000000000000001,0.71355224,
449,0,1,0,0.4,0.1999999999999999,0.49231914,
452,0,1,0,0.25,0.5,0.59231865,
469,0,1,1,0.75,0.5,0.33735573,
481,0,1,0,0.0,1.0,0.8569653,
482,0,1,0,0.0,1.0,0.2081295,
485,0,1,1,0.5,0.0,0.52653056,
486,0,1,0,0.25,0.5,0.83344126,
496,0,1,1,0.75,0.5,0.66320616,
498,0,1,0,0.0,1.0,0.36888343,
503,0,1,0,0.0,1.0,0.6058782,
509,0,1,0,0.25,0.5,0.46282384,
512,0,1,1,1.0,1.0,0.8051695,
519,0,1,0,0.0,1.0,0.55997455,
523,0,1,0,0.25,0.5,0.66630054,
524,0,1,0,0.0,1.0,0.60253555,
527,0,1,0,0.25,0.5,0.64657223,
529,0,1,1,0.5,0.0,0.36021137,
530,0,1,1,0.5,0.0,0.6310065,
533,0,1,0,0.0,1.0,0.31404096,
535,0,1,0,0.25,0.5,0.80166256,
548,0,1,1,0.5,0.0,0.5835508,
561,0,1,1,0.5,0.0,0.6270697,
567,0,1,0,0.3333333333333333,0.3333333333333333,0.6284565,
575,0,1,1,0.5,0.0,0.6906359,
579,0,1,0,0.3333333333333333,0.3333333333333333,0.46942908,
589,0,1,0,0.3333333333333333,0.3333333333333333,0.5232106,
595,0,1,1,0.8333333333333334,0.6666666666666667,0.665009,
604,0,1,1,0.75,0.5,0.5196261,
605,0,1,1,0.5,0.0,0.5772038,
609,0,1,0,0.25,0.5,0.57877636,
612,0,1,0,0.0,1.0,0.21077791,
615,0,1,1,0.75,0.5,0.68939376,
622,0,1,1,0.75,0.5,0.42839694,
623,0,1,1,0.5,0.0,0.60282916,
624,0,1,0,0.25,0.5,0.5625174,
629,0,1,1,0.5,0.0,0.67615247,
630,0,1,1,0.5,0.0,0.70909333,
632,0,1,1,0.5,0.0,0.51576173,
634,0,1,0,0.25,0.5,0.5544141,
636,0,1,0,0.0,1.0,0.53026855,
638,0,1,0,0.25,0.5,0.6585438,
642,0,1,1,0.75,0.5,0.6071069,
658,0,1,0,0.1666666666666666,0.6666666666666667,0.5241718,
660,0,1,0,0.1666666666666666,0.6666666666666667,0.5999874,
667,0,1,0,0.3333333333333333,0.3333333333333333,0.64226973,
676,0,1,0,0.1666666666666666,0.6666666666666667,0.6183336,
681,0,1,0,0.1666666666666666,0.6666666666666667,0.5782226,
683,0,1,1,0.8333333333333334,0.6666666666666667,0.6085614,
693,0,1,1,0.5,0.0,0.764195,
707,0,1,1,0.5,0.0,0.3584278,
730,0,1,0,0.3333333333333333,0.3333333333333333,0.3811846,
731,0,1,0,0.0,1.0,0.29583442,
733,0,1,0,0.1666666666666666,0.6666666666666667,0.4047806,
737,0,1,0,0.1666666666666666,0.6666666666666667,0.3237692,
738,0,1,0,0.3333333333333333,0.3333333333333333,0.5694683,
741,0,1,0,0.2,0.6,0.36784178,
15,0,2,0,0.4,0.1999999999999999,0.36874002,
18,0,2,1,0.6,0.1999999999999999,0.42673495,
21,0,2,0,0.2,0.6,0.49271974,
24,0,2,0,0.0,1.0,0.3096212,
25,0,2,0,0.2,0.6,0.3882807,
27,0,2,0,0.2,0.6,0.30210006,
31,0,2,0,0.1666666666666666,0.6666666666666667,0.30510098,
45,0,2,0,0.0,1.0,0.47083092,
47,0,2,0,0.25,0.5,0.3068015,
52,0,2,0,0.25,0.5,0.32517034,
53,0,2,0,0.1666666666666666,0.6666666666666667,0.3927887,
58,0,2,0,0.25,0.5,0.3767331,
72,0,2,0,0.25,0.5,0.22555324,
80,0,2,0,0.0,1.0,0.32163042,
81,0,2,0,0.0,1.0,0.28807387,
84,0,2,0,0.3333333333333333,0.3333333333333333,0.4607427,
91,0,2,0,0.25,0.5,0.38929516,
92,0,2,0,0.0,1.0,0.4268211,
101,0,2,0,0.3333333333333333,0.3333333333333333,0.34804004,
102,0,2,0,0.0,1.0,0.32001734,
118,0,2,0,0.0,1.0,0.4182651,
121,0,2,0,0.1111111111111111,0.7777777777777778,0.35307735,
125,0,2,0,0.125,0.75,0.25906304,
126,0,2,0,0.2222222222222222,0.5555555555555556,0.3323146,
128,0,2,0,0.1111111111111111,0.7777777777777778,0.2798641,
130,0,2,0,0.1111111111111111,0.7777777777777778,0.33289164,
140,0,2,0,0.2222222222222222,0.5555555555555556,0.38525575,
145,0,2,0,0.4444444444444444,0.1111111111111111,0.24756554,
154,0,2,0,0.25,0.5,0.293602,
157,0,2,0,0.25,0.5,0.254444,
167,0,2,0,0.0,1.0,0.4362746,
172,0,2,0,0.0,1.0,0.4429602,
173,0,2,0,0.25,0.5,0.27948117,
176,0,2,0,0.0,1.0,0.3078766,
194,0,2,0,0.0,1.0,0.43903407,
197,0,2,0,0.0,1.0,0.45281726,
201,0,2,0,0.25,0.5,0.29738295,
217,0,2,0,0.0,1.0,0.31535766,
219,0,2,0,0.0,1.0,0.355671,
229,0,2,0,0.0,1.0,0.21248439,
234,0,2,0,0.25,0.5,0.45252812,
235,0,2,0,0.0,1.0,0.33022246,
237,0,2,0,0.4,0.1999999999999999,0.46847248,
239,0,2,1,0.6,0.1999999999999999,0.42551297,
244,0,2,1,0.6,0.1999999999999999,0.4703223,
246,0,2,0,0.4,0.1999999999999999,0.43389252,
252,0,2,0,0.0,1.0,0.2487914,
255,0,2,0,0.25,0.5,0.2668525,
265,0,2,1,0.5,0.0,0.35520202,
266,0,2,0,0.25,0.5,0.2608615,
268,0,2,1,0.5,0.0,0.293556,
270,0,2,0,0.0,1.0,0.3733644,
273,0,2,1,0.5,0.0,0.37539774,
277,0,2,1,0.5,0.0,0.4414266,
280,0,2,0,0.25,0.5,0.3968267,
286,0,2,0,0.2,0.6,0.20619956,
289,0,2,1,0.5,0.0,0.3960607,
304,0,2,1,0.8,0.6000000000000001,0.4201497,
312,0,2,0,0.0,1.0,0.3641079,
318,0,2,0,0.4,0.1999999999999999,0.4056366,
321,0,2,1,0.6,0.1999999999999999,0.50088274,
323,0,2,0,0.0,1.0,0.4252525,
324,0,2,0,0.2,0.6,0.5660088,
334,0,2,0,0.4,0.1999999999999999,0.40278965,
340,0,2,1,0.6,0.1999999999999999,0.4631877,
344,0,2,0,0.2,0.6,0.29011655,
348,0,2,0,0.4,0.1999999999999999,0.56673217,
352,0,2,0,0.25,0.5,0.4284144,
353,0,2,0,0.0,1.0,0.5918594,
354,0,2,0,0.25,0.5,0.4039873,
357,0,2,1,0.5,0.0,0.27122787,
358,0,2,0,0.25,0.5,0.6670105,
362,0,2,1,0.75,0.5,0.6275488,
364,0,2,1,0.5,0.0,0.43071222,
399,0,2,0,0.25,0.5,0.4497347,
404,0,2,1,0.6,0.1999999999999999,0.8258539,
408,0,2,0,0.4,0.1999999999999999,0.6554612,
409,0,2,0,0.4,0.1999999999999999,0.834961,
412,0,2,1,1.0,1.0,0.76560885,
417,0,2,0,0.2,0.6,0.5714084,
420,0,2,0,0.0,1.0,0.44251946,
426,0,2,1,0.8,0.6000000000000001,0.6751763,
431,0,2,0,0.4,0.1999999999999999,0.45293903,
443,0,2,0,0.0,1.0,0.43442792,
446,0,2,0,0.2,0.6,0.64220786,
448,0,2,0,0.0,1.0,0.32498085,
451,0,2,0,0.25,0.5,0.52006006,
453,0,2,0,0.25,0.5,0.4661361,
458,0,2,0,0.0,1.0,0.45121726,
460,0,2,0,0.0,1.0,0.5821349,
461,0,2,1,0.5,0.0,0.68465006,
471,0,2,0,0.0,1.0,0.8299837,
477,0,2,0,0.0,1.0,0.4137355,
479,0,2,0,0.0,1.0,0.61929584,
488,0,2,1,0.5,0.0,0.6518174,
489,0,2,0,0.0,1.0,0.72118795,
504,0,2,1,0.75,0.5,0.6261071,
505,0,2,1,0.5,0.0,0.6432242,
506,0,2,1,0.75,0.5,0.66593015,
508,0,2,1,0.75,0.5,0.5555183,
511,0,2,1,0.5,0.0,0.47402272,
517,0,2,0,0.25,0.5,0.7193759,
520,0,2,1,0.5,0.0,0.5298908,
526,0,2,0,0.0,1.0,0.7260654,
541,0,2,1,0.5,0.0,0.7341355,
544,0,2,1,0.5,0.0,0.64616084,
545,0,2,0,0.25,0.5,0.54827124,
550,0,2,0,0.0,1.0,0.6213568,
552,0,2,1,0.6666666666666666,0.3333333333333332,0.64614165,
555,0,2,0,0.3333333333333333,0.3333333333333333,0.62471557,
556,0,2,0,0.1666666666666666,0.6666666666666667,0.4461197,
559,0,2,1,0.6666666666666666,0.3333333333333332,0.41165465,
563,0,2,0,0.0,1.0,0.6933951,
564,0,2,1,0.5,0.0,0.7321014,
571,0,2,1,0.5,0.0,0.5834881,
582,0,2,1,0.5,0.0,0.6350616,
602,0,2,0,0.25,0.5,0.5799405,
606,0,2,0,0.25,0.5,0.43509048,
607,0,2,0,0.0,1.0,0.60024655,
614,0,2,1,0.75,0.5,0.5493867,
617,0,2,1,0.5,0.0,0.7348725,
620,0,2,1,0.75,0.5,0.65421665,
626,0,2,1,0.5,0.0,0.54354733,
641,0,2,0,0.0,1.0,0.6043787,
652,0,2,0,0.0,1.0,0.23355564,
661,0,2,1,0.8333333333333334,0.6666666666666667,0.84441304,
669,0,2,0,0.3333333333333333,0.3333333333333333,0.52777874,
671,0,2,0,0.3333333333333333,0.3333333333333333,0.46515512,
673,0,2,0,0.3333333333333333,0.3333333333333333,0.24108863,
675,0,2,0,0.3333333333333333,0.3333333333333333,0.3657031,
682,0,2,0,0.1666666666666666,0.6666666666666667,0.57937944,
685,0,2,0,0.0,1.0,0.5238192,
686,0,2,0,0.0,1.0,0.56195533,
691,0,2,0,0.1666666666666666,0.6666666666666667,0.5240754,
692,0,2,0,0.0,1.0,0.34057015,
698,0,2,1,0.5,0.0,0.7266185,
704,0,2,0,0.3333333333333333,0.3333333333333333,0.34678477,
705,0,2,1,0.5,0.0,0.2840793,
709,0,2,0,0.3333333333333333,0.3333333333333333,0.40306246,
710,0,2,0,0.0,1.0,0.30322507,
717,0,2,1,0.5,0.0,0.37694144,
721,0,2,0,0.3333333333333333,0.3333333333333333,0.42099273,
723,0,2,0,0.1666666666666666,0.6666666666666667,0.45335594,
727,0,2,0,0.4,0.1999999999999999,0.41118908,
728,0,2,0,0.2,0.6,0.33285367,
729,0,2,0,0.4,0.1999999999999999,0.42730808,
736,0,2,0,0.0,1.0,0.41213942,
1,0,3,0,0.3333333333333333,0.3333333333333333,0.47906327,
3,0,3,0,0.0,1.0,0.35855752,
9,0,3,0,0.0,1.0,0.42864457,
12,0,3,0,0.4,0.1999999999999999,0.34287092,
13,0,3,0,0.2,0.6,0.31363928,
17,0,3,0,0.4,0.1999999999999999,0.37794167,
35,0,3,1,0.5,0.0,0.26333696,
37,0,3,0,0.2,0.6,0.26452798,
42,0,3,0,0.0,1.0,0.4975028,
43,0,3,0,0.2,0.6,0.48472384,
48,0,3,1,0.6,0.1999999999999999,0.3554626,
54,0,3,0,0.25,0.5,0.3595471,
76,0,3,0,0.25,0.5,0.29694843,
79,0,3,0,0.25,0.5,0.3742103,
86,0,3,0,0.0,1.0,0.27988032,
90,0,3,1,0.5,0.0,0.23792343,
97,0,3,0,0.25,0.5,0.29152048,
100,0,3,0,0.25,0.5,0.43169385,
103,0,3,0,0.1111111111111111,0.7777777777777778,0.31947836,
108,0,3,0,0.25,0.5,0.35210133,
115,0,3,0,0.0,1.0,0.33649892,
119,0,3,0,0.1111111111111111,0.7777777777777778,0.24611533,
123,0,3,0,0.0,1.0,0.22296603,
129,0,3,0,0.2,0.6,0.41245306,
132,0,3,0,0.2222222222222222,0.5555555555555556,0.4040966,
133,0,3,1,0.8888888888888888,0.7777777777777777,0.33598396,
138,0,3,1,0.5555555555555556,0.1111111111111111,0.3305983,
144,0,3,0,0.0,1.0,0.31994143,
158,0,3,0,0.0,1.0,0.26173615,
179,0,3,0,0.25,0.5,0.49593404,
180,0,3,0,0.0,1.0,0.39139766,
184,0,3,0,0.0,1.0,0.3390717,
185,0,3,0,0.25,0.5,0.39061308,
188,0,3,0,0.0,1.0,0.5116245,
195,0,3,0,0.0,1.0,0.45859277,
198,0,3,0,0.0,1.0,0.4608912,
203,0,3,0,0.2,0.6,0.29001343,
205,0,3,0,0.2,0.6,0.2743096,
213,0,3,0,0.4,0.1999999999999999,0.36890382,
216,0,3,0,0.0,1.0,0.35063687,
220,0,3,0,0.4,0.1999999999999999,0.32379413,
222,0,3,0,0.2,0.6,0.46557823,
225,0,3,0,0.2,0.6,0.3009838,
228,0,3,0,0.2,0.6,0.36699143,
236,0,3,0,0.0,1.0,0.24692513,
238,0,3,0,0.25,0.5,0.29255366,
242,0,3,1,0.6,0.1999999999999999,0.41119206,
251,0,3,0,0.25,0.5,0.47677076,
257,0,3,0,0.25,0.5,0.35299706,
258,0,3,0,0.0,1.0,0.39271665,
269,0,3,1,0.5,0.0,0.4893704,
272,0,3,1,0.5,0.0,0.39399505,
278,0,3,0,0.25,0.5,0.26871768,
283,0,3,0,0.25,0.5,0.46051764,
290,0,3,0,0.0,1.0,0.45328552,
293,0,3,1,0.5,0.0,0.43082753,
296,0,3,0,0.0,1.0,0.32838798,
297,0,3,0,0.0,1.0,0.34761226,
302,0,3,0,0.0,1.0,0.4557128,
303,0,3,0,0.0,1.0,0.2907136,
306,0,3,0,0.0,1.0,0.4796927,
311,0,3,0,0.4,0.1999999999999999,0.3344456,
313,0,3,0,0.0,1.0,0.3691975,
320,0,3,0,0.0,1.0,0.37989968,
343,0,3,1,0.8,0.6000000000000001,0.6233861,
351,0,3,0,0.0,1.0,0.36552906,
356,0,3,0,0.25,0.5,0.49237347,
361,0,3,0,0.0,1.0,0.31503546,
366,0,3,0,0.0,1.0,0.55687344,
367,0,3,0,0.25,0.5,0.37221745,
369,0,3,0,0.0,1.0,0.3352831,
370,0,3,0,0.0,1.0,0.27655894,
373,0,3,0,0.0,1.0,0.45254487,
378,0,3,1,0.5,0.0,0.43034574,
380,0,3,1,0.75,0.5,0.6574115,
385,0,3,1,0.5,0.0,0.4516127,
387,0,3,0,0.0,1.0,0.4163314,
389,0,3,0,0.25,0.5,0.704972,
392,0,3,1,0.5,0.0,0.46194813,
396,0,3,1,0.75,0.5,0.67283046,
400,0,3,1,0.5,0.0,0.7118177,
402,0,3,1,0.6,0.1999999999999999,0.4169562,
403,0,3,0,0.0,1.0,0.31341875,
406,0,3,1,0.6,0.1999999999999999,0.49863452,
410,0,3,1,0.6,0.1999999999999999,0.6953151,
415,0,3,0,0.0,1.0,0.7633412,
422,0,3,1,0.6,0.1999999999999999,0.4473874,
423,0,3,0,0.0,1.0,0.63569933,
428,0,3,1,0.6,0.1999999999999999,0.57001543,
429,0,3,0,0.0,1.0,0.51749027,
433,0,3,0,0.0,1.0,0.4213621,
440,0,3,0,0.0,1.0,0.68435097,
444,0,3,0,0.2,0.6,0.6942084,
445,0,3,0,0.0,1.0,0.64715993,
447,0,3,0,0.0,1.0,0.3868253,
455,0,3,0,0.0,1.0,0.34352738,
470,0,3,0,0.0,1.0,0.70133245,
472,0,3,0,0.25,0.5,0.39667174,
473,0,3,0,0.25,0.5,0.67137325,
474,0,3,0,0.0,1.0,0.30025667,
475,0,3,0,0.25,0.5,0.55043405,
478,0,3,0,0.0,1.0,0.34155095,
484,0,3,0,0.25,0.5,0.5565136,
493,0,3,0,0.0,1.0,0.5336962,
500,0,3,0,0.25,0.5,0.6012927,
501,0,3,0,0.25,0.5,0.6333493,
502,0,3,1,0.75,0.5,0.5135459,
516,0,3,0,0.0,1.0,0.6292749,
525,0,3,0,0.2,0.6,0.20741057,
531,0,3,1,0.75,0.5,0.63722694,
536,0,3,0,0.3333333333333333,0.3333333333333333,0.5952349,
538,0,3,0,0.0,1.0,0.6998881,
543,0,3,1,0.5,0.0,0.6545186,
547,0,3,1,0.5,0.0,0.61185884,
560,0,3,0,0.1666666666666666,0.6666666666666667,0.6804962,
576,0,3,1,0.5,0.0,0.68646,
581,0,3,0,0.3333333333333333,0.3333333333333333,0.6308732,
591,0,3,1,0.5,0.0,0.64345706,
592,0,3,1,0.6,0.1999999999999999,0.74303615,
597,0,3,0,0.0,1.0,0.24985814,
598,0,3,0,0.3333333333333333,0.3333333333333333,0.522356,
600,0,3,0,0.1666666666666666,0.6666666666666667,0.5514204,
611,0,3,1,0.75,0.5,0.5249096,
627,0,3,1,0.75,0.5,0.68634343,
631,0,3,0,0.0,1.0,0.44619077,
637,0,3,1,0.5,0.0,0.64833605,
639,0,3,0,0.0,1.0,0.67197096,
640,0,3,1,0.75,0.5,0.84567654,
643,0,3,1,0.5,0.0,0.49512118,
647,0,3,1,0.5,0.0,0.6344873,
651,0,3,0,0.3333333333333333,0.3333333333333333,0.53206646,
654,0,3,0,0.1666666666666666,0.6666666666666667,0.6455002,
659,0,3,1,0.6666666666666666,0.3333333333333332,0.56928796,
665,0,3,0,0.1666666666666666,0.6666666666666667,0.5716532,
672,0,3,0,0.0,1.0,0.5572777,
677,0,3,1,0.6666666666666666,0.3333333333333332,0.618485,
680,0,3,0,0.0,1.0,0.36491895,
687,0,3,0,0.3333333333333333,0.3333333333333333,0.47693068,
696,0,3,0,0.1666666666666666,0.6666666666666667,0.46990874,
697,0,3,1,0.5,0.0,0.6431595,
711,0,3,1,0.6,0.1999999999999999,0.3164969,
713,0,3,1,0.6,0.1999999999999999,0.3056814,
718,0,3,0,0.1666666666666666,0.6666666666666667,0.32131958,
719,0,3,0,0.1666666666666666,0.6666666666666667,0.5807854,
725,0,3,0,0.0,1.0,0.40359956,
732,0,3,0,0.0,1.0,0.27702898,
742,0,3,1,0.5,0.0,0.5252528,
8,0,4,0,0.0,1.0,0.26928568,
10,0,4,0,0.0,1.0,0.2938196,
11,0,4,1,0.6,0.1999999999999999,0.36229146,
20,0,4,0,0.25,0.5,0.2925381,
22,0,4,0,0.2,0.6,0.48687303,
33,0,4,0,0.4,0.1999999999999999,0.31013787,
36,0,4,0,0.2,0.6,0.2754786,
41,0,4,0,0.2,0.6,0.26912278,
44,0,4,0,0.0,1.0,0.34100765,
46,0,4,0,0.4,0.1999999999999999,0.5827272,
57,0,4,1,1.0,1.0,0.27523756,
60,0,4,0,0.0,1.0,0.43813917,
62,0,4,0,0.25,0.5,0.30485886,
70,0,4,0,0.0,1.0,0.4219333,
71,0,4,0,0.0,1.0,0.28496343,
75,0,4,0,0.0,1.0,0.30071104,
89,0,4,0,0.25,0.5,0.34529853,
99,0,4,0,0.0,1.0,0.24459332,
104,0,4,0,0.1111111111111111,0.7777777777777778,0.31962878,
105,0,4,0,0.0,1.0,0.43144363,
106,0,4,1,1.0,1.0,0.44670457,
111,0,4,0,0.1111111111111111,0.7777777777777778,0.26124883,
114,0,4,0,0.1111111111111111,0.7777777777777778,0.44980705,
117,0,4,0,0.25,0.5,0.3136779,
135,0,4,0,0.1666666666666666,0.6666666666666667,0.28120568,
136,0,4,0,0.3333333333333333,0.3333333333333333,0.47226664,
137,0,4,1,0.6666666666666666,0.3333333333333332,0.30683726,
147,0,4,0,0.0,1.0,0.33077085,
162,0,4,0,0.2,0.6,0.40727985,
164,0,4,0,0.0,1.0,0.25547063,
165,0,4,0,0.0,1.0,0.524467,
169,0,4,0,0.0,1.0,0.41356552,
170,0,4,0,0.1666666666666666,0.6666666666666667,0.42393374,
171,0,4,0,0.25,0.5,0.40121323,
175,0,4,0,0.0,1.0,0.23745808,
178,0,4,0,0.0,1.0,0.25944394,
181,0,4,1,0.5,0.0,0.2897308,
186,0,4,0,0.0,1.0,0.26946944,
191,0,4,0,0.0,1.0,0.32596162,
192,0,4,0,0.0,1.0,0.28613764,
193,0,4,0,0.25,0.5,0.48990422,
207,0,4,0,0.2,0.6,0.35761774,
214,0,4,0,0.2,0.6,0.36645842,
223,0,4,0,0.2,0.6,0.35179257,
227,0,4,1,1.0,1.0,0.35927987,
245,0,4,0,0.0,1.0,0.44826004,
254,0,4,0,0.25,0.5,0.52087086,
260,0,4,0,0.25,0.5,0.30189955,
261,0,4,0,0.25,0.5,0.47823477,
262,0,4,1,0.5,0.0,0.38101834,
263,0,4,0,0.2,0.6,0.31168124,
264,0,4,0,0.25,0.5,0.39971727,
271,0,4,0,0.0,1.0,0.34214437,
276,0,4,0,0.2,0.6,0.3120247,
292,0,4,0,0.25,0.5,0.60690105,
295,0,4,0,0.0,1.0,0.26606077,
298,0,4,0,0.25,0.5,0.46023193,
299,0,4,1,0.8,0.6000000000000001,0.2862969,
314,0,4,0,0.0,1.0,0.45182168,
325,0,4,0,0.0,1.0,0.29738986,
327,0,4,0,0.0,1.0,0.56144595,
337,0,4,0,0.0,1.0,0.3798589,
341,0,4,1,0.6,0.1999999999999999,0.6413051,
347,0,4,0,0.4,0.1999999999999999,0.492697,
349,0,4,0,0.0,1.0,0.30479336,
350,0,4,0,0.0,1.0,0.3561989,
363,0,4,0,0.0,1.0,0.6130954,
365,0,4,0,0.25,0.5,0.5640366,
368,0,4,1,0.5,0.0,0.5457298,
375,0,4,1,0.5,0.0,0.71741366,
377,0,4,0,0.25,0.5,0.5448611,
379,0,4,1,0.75,0.5,0.55348444,
382,0,4,1,0.5,0.0,0.46928585,
383,0,4,0,0.0,1.0,0.38405406,
386,0,4,0,0.25,0.5,0.593837,
390,0,4,1,0.75,0.5,0.69232047,
391,0,4,0,0.0,1.0,0.27148637,
393,0,4,0,0.25,0.5,0.529287,
395,0,4,1,0.5,0.0,0.7177964,
401,0,4,0,0.2,0.6,0.6696425,
418,0,4,0,0.0,1.0,0.6822012,
419,0,4,0,0.4,0.1999999999999999,0.57016814,
424,0,4,1,0.6,0.1999999999999999,0.41335577,
427,0,4,1,0.6,0.1999999999999999,0.6927694,
430,0,4,1,0.6,0.1999999999999999,0.665629,
432,0,4,0,0.2,0.6,0.6870532,
434,0,4,0,0.0,1.0,0.45711273,
439,0,4,0,0.2,0.6,0.4813307,
450,0,4,0,0.2,0.6,0.4223039,
454,0,4,0,0.0,1.0,0.5840752,
462,0,4,1,0.5,0.0,0.78380525,
464,0,4,0,0.0,1.0,0.6706992,
466,0,4,1,0.5,0.0,0.6640512,
467,0,4,1,1.0,1.0,0.71549535,
476,0,4,0,0.0,1.0,0.6632296,
483,0,4,0,0.25,0.5,0.7693807,
494,0,4,1,0.8,0.6000000000000001,0.5182637,
507,0,4,1,1.0,1.0,0.6668064,
515,0,4,0,0.25,0.5,0.6000233,
522,0,4,0,0.25,0.5,0.4642871,
532,0,4,0,0.0,1.0,0.28761566,
537,0,4,0,0.25,0.5,0.5116477,
546,0,4,1,0.5,0.0,0.6432565,
551,0,4,1,0.6666666666666666,0.3333333333333332,0.59576666,
553,0,4,0,0.0,1.0,0.39671162,
558,0,4,1,0.5,0.0,0.65008736,
562,0,4,0,0.3333333333333333,0.3333333333333333,0.6601502,
568,0,4,1,1.0,1.0,0.6007166,
569,0,4,0,0.1666666666666666,0.6666666666666667,0.49043465,
570,0,4,1,0.6666666666666666,0.3333333333333332,0.6661749,
578,0,4,1,0.5,0.0,0.5324286,
580,0,4,0,0.3333333333333333,0.3333333333333333,0.4906333,
584,0,4,1,0.6666666666666666,0.3333333333333332,0.82850003,
585,0,4,1,0.5,0.0,0.6230042,
593,0,4,1,0.5,0.0,0.5688107,
594,0,4,0,0.0,1.0,0.5523064,
596,0,4,1,0.5,0.0,0.5276139,
599,0,4,0,0.0,1.0,0.50117123,
610,0,4,0,0.25,0.5,0.61564654,
613,0,4,0,0.0,1.0,0.7941406,
616,0,4,1,0.75,0.5,0.46925527,
619,0,4,0,0.25,0.5,0.66802275,
621,0,4,1,0.5,0.0,0.52344245,
625,0,4,0,0.0,1.0,0.5440285,
635,0,4,1,0.5,0.0,0.53305954,
644,0,4,0,0.25,0.5,0.49761102,
646,0,4,0,0.0,1.0,0.29215166,
655,0,4,1,0.6666666666666666,0.3333333333333332,0.4655016,
656,0,4,1,0.6666666666666666,0.3333333333333332,0.70601577,
662,0,4,0,0.0,1.0,0.41945237,
663,0,4,0,0.3333333333333333,0.3333333333333333,0.6235046,
668,0,4,0,0.1666666666666666,0.6666666666666667,0.7001447,
678,0,4,0,0.3333333333333333,0.3333333333333333,0.5176257,
679,0,4,0,0.4,0.1999999999999999,0.392872,
684,0,4,0,0.0,1.0,0.7237989,
688,0,4,0,0.1666666666666666,0.6666666666666667,0.33120048,
700,0,4,1,0.5,0.0,0.64242685,
701,0,4,0,0.1666666666666666,0.6666666666666667,0.6097357,
702,0,4,0,0.1666666666666666,0.6666666666666667,0.70756197,
706,0,4,1,0.6666666666666666,0.3333333333333332,0.5763872,
708,0,4,0,0.0,1.0,0.4032112,
716,0,4,1,0.6666666666666666,0.3333333333333332,0.3978052,
722,0,4,0,0.2,0.6,0.3258144,
724,0,4,0,0.2,0.6,0.33036858,
726,0,4,0,0.0,1.0,0.4325925,
734,0,4,0,0.0,1.0,0.30410093,
740,0,4,0,0.1666666666666666,0.6666666666666667,0.44913793,
5,1,0,0,0.2,0.6,0.51582223,
10,1,0,0,0.0,1.0,0.25577444,
12,1,0,0,0.4,0.1999999999999999,0.38231498,
16,1,0,1,0.6,0.1999999999999999,0.2555828,
17,1,0,0,0.4,0.1999999999999999,0.38294923,
25,1,0,0,0.2,0.6,0.371921,
26,1,0,1,0.8,0.6000000000000001,0.24755889,
30,1,0,0,0.2,0.6,0.3549371,
36,1,0,0,0.2,0.6,0.24654609,
37,1,0,0,0.2,0.6,0.25209796,
46,1,0,0,0.4,0.1999999999999999,0.6230129,
56,1,0,0,0.25,0.5,0.2614904,
63,1,0,0,0.0,1.0,0.29505605,
66,1,0,0,0.0,1.0,0.38197863,
72,1,0,0,0.25,0.5,0.22067368,
81,1,0,0,0.0,1.0,0.2426922,
82,1,0,0,0.25,0.5,0.30946863,
91,1,0,0,0.25,0.5,0.3878539,
93,1,0,0,0.0,1.0,0.29992375,
101,1,0,0,0.3333333333333333,0.3333333333333333,0.3537861,
102,1,0,0,0.0,1.0,0.27871996,
114,1,0,0,0.1111111111111111,0.7777777777777778,0.41025195,
117,1,0,0,0.25,0.5,0.32864624,
118,1,0,0,0.0,1.0,0.40859658,
122,1,0,0,0.0,1.0,0.274747,
128,1,0,0,0.1111111111111111,0.7777777777777778,0.2440575,
141,1,0,0,0.0,1.0,0.2941454,
142,1,0,0,0.0,1.0,0.32206982,
145,1,0,0,0.4444444444444444,0.1111111111111111,0.23063892,
149,1,0,0,0.3333333333333333,0.3333333333333333,0.20084697,
150,1,0,0,0.0,1.0,0.41872877,
159,1,0,0,0.0,1.0,0.307837,
179,1,0,0,0.25,0.5,0.4446882,
180,1,0,0,0.0,1.0,0.29692608,
184,1,0,0,0.0,1.0,0.29148632,
187,1,0,0,0.0,1.0,0.33611274,
195,1,0,0,0.0,1.0,0.42542118,
213,1,0,0,0.4,0.1999999999999999,0.36066473,
216,1,0,0,0.0,1.0,0.3391922,
226,1,0,0,0.0,1.0,0.27818033,
227,1,0,1,1.0,1.0,0.33451396,
231,1,0,1,0.5,0.0,0.30733293,
232,1,0,0,0.25,0.5,0.38355485,
235,1,0,0,0.0,1.0,0.32281634,
239,1,0,1,0.6,0.1999999999999999,0.42147455,
243,1,0,0,0.0,1.0,0.34179083,
248,1,0,0,0.4,0.1999999999999999,0.4693684,
249,1,0,1,0.6,0.1999999999999999,0.40420943,
250,1,0,0,0.4,0.1999999999999999,0.37837613,
251,1,0,0,0.25,0.5,0.4838037,
257,1,0,0,0.25,0.5,0.2606142,
263,1,0,0,0.2,0.6,0.30503917,
272,1,0,1,0.5,0.0,0.4033651,
273,1,0,1,0.5,0.0,0.36843985,
278,1,0,0,0.25,0.5,0.2667425,
285,1,0,0,0.4,0.1999999999999999,0.31783843,
287,1,0,0,0.25,0.5,0.32570314,
288,1,0,1,0.75,0.5,0.27934936,
297,1,0,0,0.0,1.0,0.29959574,
299,1,0,1,0.8,0.6000000000000001,0.24305311,
314,1,0,0,0.0,1.0,0.48325253,
317,1,0,0,0.4,0.1999999999999999,0.34791648,
320,1,0,0,0.0,1.0,0.39510417,
333,1,0,0,0.0,1.0,0.28881827,
335,1,0,1,0.5,0.0,0.34062248,
339,1,0,0,0.0,1.0,0.33268154,
341,1,0,1,0.6,0.1999999999999999,0.64378035,
343,1,0,1,0.8,0.6000000000000001,0.56247914,
347,1,0,0,0.4,0.1999999999999999,0.48506165,
350,1,0,0,0.0,1.0,0.31815356,
352,1,0,0,0.25,0.5,0.403912,
357,1,0,1,0.5,0.0,0.25901902,
358,1,0,0,0.25,0.5,0.64396405,
369,1,0,0,0.0,1.0,0.3174374,
373,1,0,0,0.0,1.0,0.4342476,
380,1,0,1,0.75,0.5,0.722342,
386,1,0,0,0.25,0.5,0.5844513,
388,1,0,1,0.5,0.0,0.5944897,
389,1,0,0,0.25,0.5,0.73847204,
390,1,0,1,0.75,0.5,0.6456971,
393,1,0,0,0.25,0.5,0.4970507,
396,1,0,1,0.75,0.5,0.6647662,
401,1,0,0,0.2,0.6,0.6600154,
402,1,0,1,0.6,0.1999999999999999,0.40262088,
406,1,0,1,0.6,0.1999999999999999,0.45805085,
420,1,0,0,0.0,1.0,0.4335264,
425,1,0,0,0.0,1.0,0.45943522,
428,1,0,1,0.6,0.1999999999999999,0.51133215,
433,1,0,0,0.0,1.0,0.37876916,
444,1,0,0,0.2,0.6,0.72977114,
450,1,0,0,0.2,0.6,0.43130028,
454,1,0,0,0.0,1.0,0.5581836,
455,1,0,0,0.0,1.0,0.30425364,
457,1,0,1,0.5,0.0,0.66316354,
462,1,0,1,0.5,0.0,0.78884447,
475,1,0,0,0.25,0.5,0.5005697,
479,1,0,0,0.0,1.0,0.60758054,
482,1,0,0,0.0,1.0,0.2143291,
489,1,0,0,0.0,1.0,0.7062706,
507,1,0,1,1.0,1.0,0.64915705,
511,1,0,1,0.5,0.0,0.4500564,
515,1,0,0,0.25,0.5,0.5645006,
525,1,0,0,0.2,0.6,0.19606543,
531,1,0,1,0.75,0.5,0.6035594,
537,1,0,0,0.25,0.5,0.49849313,
538,1,0,0,0.0,1.0,0.7393637,
540,1,0,0,0.25,0.5,0.7148776,
549,1,0,0,0.0,1.0,0.31431705,
551,1,0,1,0.6666666666666666,0.3333333333333332,0.5894744,
553,1,0,0,0.0,1.0,0.4204213,
559,1,0,1,0.6666666666666666,0.3333333333333332,0.42177916,
560,1,0,0,0.1666666666666666,0.6666666666666667,0.59458685,
563,1,0,0,0.0,1.0,0.6877192,
577,1,0,0,0.1666666666666666,0.6666666666666667,0.584576,
579,1,0,0,0.3333333333333333,0.3333333333333333,0.50492775,
580,1,0,0,0.3333333333333333,0.3333333333333333,0.5053322,
584,1,0,1,0.6666666666666666,0.3333333333333332,0.80619985,
589,1,0,0,0.3333333333333333,0.3333333333333333,0.6144439,
593,1,0,1,0.5,0.0,0.56170404,
602,1,0,0,0.25,0.5,0.59611976,
604,1,0,1,0.75,0.5,0.5585403,
607,1,0,0,0.0,1.0,0.59138477,
611,1,0,1,0.75,0.5,0.54009515,
616,1,0,1,0.75,0.5,0.51233053,
618,1,0,0,0.0,1.0,0.42490917,
626,1,0,1,0.5,0.0,0.5528843,
630,1,0,1,0.5,0.0,0.6983688,
632,1,0,1,0.5,0.0,0.5511828,
635,1,0,1,0.5,0.0,0.5377264,
639,1,0,0,0.0,1.0,0.64458954,
641,1,0,0,0.0,1.0,0.5937351,
646,1,0,0,0.0,1.0,0.2614795,
648,1,0,1,0.5,0.0,0.5008035,
660,1,0,0,0.1666666666666666,0.6666666666666667,0.54778254,
674,1,0,0,0.3333333333333333,0.3333333333333333,0.44022542,
684,1,0,0,0.0,1.0,0.6917223,
696,1,0,0,0.1666666666666666,0.6666666666666667,0.46856517,
697,1,0,1,0.5,0.0,0.6117224,
698,1,0,1,0.5,0.0,0.7103536,
703,1,0,0,0.0,1.0,0.6861417,
707,1,0,1,0.5,0.0,0.376786,
710,1,0,0,0.0,1.0,0.27596885,
716,1,0,1,0.6666666666666666,0.3333333333333332,0.40524605,
718,1,0,0,0.1666666666666666,0.6666666666666667,0.3596309,
728,1,0,0,0.2,0.6,0.33297864,
734,1,0,0,0.0,1.0,0.27767932,
735,1,0,0,0.0,1.0,0.32486874,
6,1,1,0,0.2,0.6,0.226482,
8,1,1,0,0.0,1.0,0.2691816,
9,1,1,0,0.0,1.0,0.42099792,
13,1,1,0,0.2,0.6,0.34782064,
14,1,1,0,0.2,0.6,0.37462848,
21,1,1,0,0.2,0.6,0.4712476,
22,1,1,0,0.2,0.6,0.44900715,
29,1,1,0,0.2,0.6,0.40613505,
32,1,1,0,0.2,0.6,0.3516133,
33,1,1,0,0.4,0.1999999999999999,0.3300246,
34,1,1,0,0.1666666666666666,0.6666666666666667,0.53371227,
41,1,1,0,0.2,0.6,0.2520852,
49,1,1,0,0.3333333333333333,0.3333333333333333,0.3617347,
50,1,1,1,0.8,0.6000000000000001,0.47924182,
51,1,1,0,0.25,0.5,0.34402263,
70,1,1,0,0.0,1.0,0.49399644,
71,1,1,0,0.0,1.0,0.31524906,
79,1,1,0,0.25,0.5,0.3911007,
85,1,1,0,0.25,0.5,0.44127768,
86,1,1,0,0.0,1.0,0.3018272,
88,1,1,1,0.5,0.0,0.29982075,
89,1,1,0,0.25,0.5,0.37711805,
94,1,1,0,0.25,0.5,0.27021158,
95,1,1,0,0.25,0.5,0.31953174,
108,1,1,0,0.25,0.5,0.3277196,
109,1,1,0,0.1111111111111111,0.7777777777777778,0.3432094,
115,1,1,0,0.0,1.0,0.29559052,
127,1,1,1,0.6666666666666666,0.3333333333333332,0.3882388,
129,1,1,0,0.2,0.6,0.3970649,
138,1,1,1,0.5555555555555556,0.1111111111111111,0.31250238,
139,1,1,0,0.0,1.0,0.33757508,
140,1,1,0,0.2222222222222222,0.5555555555555556,0.37299335,
156,1,1,0,0.25,0.5,0.34057224,
160,1,1,0,0.1666666666666666,0.6666666666666667,0.37934172,
161,1,1,0,0.0,1.0,0.5595657,
166,1,1,0,0.25,0.5,0.3017562,
175,1,1,0,0.0,1.0,0.27790177,
188,1,1,0,0.0,1.0,0.61040056,
193,1,1,0,0.25,0.5,0.48154032,
194,1,1,0,0.0,1.0,0.41937655,
196,1,1,1,0.5,0.0,0.41341344,
198,1,1,0,0.0,1.0,0.42698058,
200,1,1,0,0.2,0.6,0.2915812,
205,1,1,0,0.2,0.6,0.26681107,
209,1,1,0,0.2,0.6,0.3859191,
210,1,1,0,0.4,0.1999999999999999,0.61745566,
212,1,1,0,0.2,0.6,0.2811478,
222,1,1,0,0.2,0.6,0.50398844,
225,1,1,0,0.2,0.6,0.27306235,
230,1,1,0,0.2,0.6,0.25432685,
234,1,1,0,0.25,0.5,0.4472344,
237,1,1,0,0.4,0.1999999999999999,0.45986554,
241,1,1,1,0.6,0.1999999999999999,0.33758837,
247,1,1,0,0.2,0.6,0.4332465,
262,1,1,1,0.5,0.0,0.37327373,
264,1,1,0,0.25,0.5,0.35234344,
267,1,1,0,0.0,1.0,0.43728662,
271,1,1,0,0.0,1.0,0.3652824,
275,1,1,1,0.5,0.0,0.44256243,
277,1,1,1,0.5,0.0,0.5114837,
280,1,1,0,0.25,0.5,0.37263697,
284,1,1,1,0.5,0.0,0.32052895,
292,1,1,0,0.25,0.5,0.5441549,
293,1,1,1,0.5,0.0,0.4596878,
304,1,1,1,0.8,0.6000000000000001,0.4085297,
312,1,1,0,0.0,1.0,0.35383385,
324,1,1,0,0.2,0.6,0.6099752,
332,1,1,0,0.0,1.0,0.3524743,
342,1,1,0,0.2,0.6,0.38494158,
346,1,1,1,0.6,0.1999999999999999,0.7810123,
351,1,1,0,0.0,1.0,0.41700274,
353,1,1,0,0.0,1.0,0.5847864,
355,1,1,0,0.25,0.5,0.4699142,
356,1,1,0,0.25,0.5,0.47276384,
360,1,1,0,0.25,0.5,0.6093432,
375,1,1,1,0.5,0.0,0.6817482,
378,1,1,1,0.5,0.0,0.42644665,
385,1,1,1,0.5,0.0,0.4630053,
387,1,1,0,0.0,1.0,0.38786894,
399,1,1,0,0.25,0.5,0.4639126,
405,1,1,0,0.0,1.0,0.61656976,
407,1,1,0,0.2,0.6,0.70376337,
408,1,1,0,0.4,0.1999999999999999,0.66598666,
412,1,1,1,1.0,1.0,0.7401297,
414,1,1,1,0.6,0.1999999999999999,0.71342444,
423,1,1,0,0.0,1.0,0.6177889,
431,1,1,0,0.4,0.1999999999999999,0.48331106,
439,1,1,0,0.2,0.6,0.4827947,
445,1,1,0,0.0,1.0,0.6622315,
449,1,1,0,0.4,0.1999999999999999,0.46838263,
460,1,1,0,0.0,1.0,0.5798617,
468,1,1,0,0.25,0.5,0.66991866,
470,1,1,0,0.0,1.0,0.7205235,
476,1,1,0,0.0,1.0,0.679585,
477,1,1,0,0.0,1.0,0.42179987,
478,1,1,0,0.0,1.0,0.3164624,
480,1,1,1,0.5,0.0,0.7239547,
483,1,1,0,0.25,0.5,0.7231604,
485,1,1,1,0.5,0.0,0.5289637,
488,1,1,1,0.5,0.0,0.6854627,
490,1,1,0,0.25,0.5,0.49559304,
493,1,1,0,0.0,1.0,0.5332037,
494,1,1,1,0.8,0.6000000000000001,0.5495963,
497,1,1,0,0.0,1.0,0.39266634,
505,1,1,1,0.5,0.0,0.6813743,
506,1,1,1,0.75,0.5,0.67706037,
510,1,1,1,0.5,0.0,0.61527157,
513,1,1,0,0.0,1.0,0.6083505,
518,1,1,0,0.25,0.5,0.6652925,
519,1,1,0,0.0,1.0,0.5602833,
524,1,1,0,0.0,1.0,0.68051696,
527,1,1,0,0.25,0.5,0.61543596,
528,1,1,0,0.0,1.0,0.3551549,
533,1,1,0,0.0,1.0,0.34167713,
536,1,1,0,0.3333333333333333,0.3333333333333333,0.56106097,
541,1,1,1,0.5,0.0,0.75374556,
542,1,1,0,0.25,0.5,0.49365997,
544,1,1,1,0.5,0.0,0.6416919,
554,1,1,1,0.5,0.0,0.6918294,
556,1,1,0,0.1666666666666666,0.6666666666666667,0.472211,
564,1,1,1,0.5,0.0,0.768479,
576,1,1,1,0.5,0.0,0.6472049,
581,1,1,0,0.3333333333333333,0.3333333333333333,0.593161,
585,1,1,1,0.5,0.0,0.585119,
591,1,1,1,0.5,0.0,0.6380532,
592,1,1,1,0.6,0.1999999999999999,0.74823403,
598,1,1,0,0.3333333333333333,0.3333333333333333,0.53361315,
620,1,1,1,0.75,0.5,0.6131724,
622,1,1,1,0.75,0.5,0.43808454,
628,1,1,0,0.0,1.0,0.35860056,
637,1,1,1,0.5,0.0,0.62688744,
645,1,1,1,0.75,0.5,0.65019894,
647,1,1,1,0.5,0.0,0.6625892,
658,1,1,0,0.1666666666666666,0.6666666666666667,0.5520303,
659,1,1,1,0.6666666666666666,0.3333333333333332,0.59331936,
668,1,1,0,0.1666666666666666,0.6666666666666667,0.6568922,
670,1,1,1,0.5,0.0,0.59973717,
679,1,1,0,0.4,0.1999999999999999,0.3339864,
686,1,1,0,0.0,1.0,0.5637263,
692,1,1,0,0.0,1.0,0.37434417,
693,1,1,1,0.5,0.0,0.80536425,
695,1,1,0,0.3333333333333333,0.3333333333333333,0.56101084,
699,1,1,0,0.1666666666666666,0.6666666666666667,0.59825,
704,1,1,0,0.3333333333333333,0.3333333333333333,0.34228772,
706,1,1,1,0.6666666666666666,0.3333333333333332,0.5456318,
712,1,1,0,0.1666666666666666,0.6666666666666667,0.44182885,
729,1,1,0,0.4,0.1999999999999999,0.46638885,
1,1,2,0,0.3333333333333333,0.3333333333333333,0.44592896,
3,1,2,0,0.0,1.0,0.40300614,
11,1,2,1,0.6,0.1999999999999999,0.30956912,
18,1,2,1,0.6,0.1999999999999999,0.3542486,
20,1,2,0,0.25,0.5,0.25894433,
28,1,2,0,0.2,0.6,0.4285372,
31,1,2,0,0.1666666666666666,0.6666666666666667,0.25072557,
43,1,2,0,0.2,0.6,0.41593975,
44,1,2,0,0.0,1.0,0.29143938,
60,1,2,0,0.0,1.0,0.38981682,
64,1,2,0,0.3333333333333333,0.3333333333333333,0.1980477,
67,1,2,0,0.0,1.0,0.22463967,
75,1,2,0,0.0,1.0,0.28707254,
90,1,2,1,0.5,0.0,0.21751986,
96,1,2,0,0.0,1.0,0.35215628,
98,1,2,0,0.3333333333333333,0.3333333333333333,0.37403375,
99,1,2,0,0.0,1.0,0.2111978,
106,1,2,1,1.0,1.0,0.3684592,
113,1,2,0,0.1111111111111111,0.7777777777777778,0.3069121,
120,1,2,0,0.0,1.0,0.32775092,
121,1,2,0,0.1111111111111111,0.7777777777777778,0.35403973,
123,1,2,0,0.0,1.0,0.21089184,
124,1,2,0,0.0,1.0,0.36918253,
130,1,2,0,0.1111111111111111,0.7777777777777778,0.3176446,
133,1,2,1,0.8888888888888888,0.7777777777777777,0.33776605,
144,1,2,0,0.0,1.0,0.33113107,
151,1,2,0,0.0,1.0,0.40022433,
154,1,2,0,0.25,0.5,0.35690242,
158,1,2,0,0.0,1.0,0.2382161,
163,1,2,0,0.25,0.5,0.35837117,
168,1,2,0,0.25,0.5,0.47307283,
170,1,2,0,0.1666666666666666,0.6666666666666667,0.45256668,
171,1,2,0,0.25,0.5,0.31226987,
173,1,2,0,0.25,0.5,0.24111833,
176,1,2,0,0.0,1.0,0.35118335,
181,1,2,1,0.5,0.0,0.27784896,
182,1,2,0,0.0,1.0,0.44736353,
191,1,2,0,0.0,1.0,0.32625204,
192,1,2,0,0.0,1.0,0.3066417,
197,1,2,0,0.0,1.0,0.5851561,
199,1,2,0,0.25,0.5,0.35709643,
201,1,2,0,0.25,0.5,0.25888705,
204,1,2,0,0.4,0.1999999999999999,0.49946684,
217,1,2,0,0.0,1.0,0.33336967,
223,1,2,0,0.2,0.6,0.34140217,
233,1,2,0,0.0,1.0,0.30771947,
236,1,2,0,0.0,1.0,0.31399566,
240,1,2,0,0.2,0.6,0.35399228,
245,1,2,0,0.0,1.0,0.46851903,
258,1,2,0,0.0,1.0,0.42627,
259,1,2,0,0.0,1.0,0.5229511,
260,1,2,0,0.25,0.5,0.32898468,
270,1,2,0,0.0,1.0,0.3642045,
274,1,2,1,0.5,0.0,0.72073936,
276,1,2,0,0.2,0.6,0.28927118,
279,1,2,0,0.2,0.6,0.19039929,
291,1,2,0,0.0,1.0,0.56586564,
294,1,2,0,0.0,1.0,0.44707114,
309,1,2,1,0.8,0.6000000000000001,0.6770927,
313,1,2,0,0.0,1.0,0.31852657,
315,1,2,1,0.8,0.6000000000000001,0.4158845,
321,1,2,1,0.6,0.1999999999999999,0.43616343,
325,1,2,0,0.0,1.0,0.3229892,
326,1,2,0,0.0,1.0,0.30764478,
327,1,2,0,0.0,1.0,0.50726664,
328,1,2,1,0.6,0.1999999999999999,0.27911264,
330,1,2,0,0.4,0.1999999999999999,0.529384,
334,1,2,0,0.4,0.1999999999999999,0.38850713,
344,1,2,0,0.2,0.6,0.30725902,
349,1,2,0,0.0,1.0,0.3022709,
362,1,2,1,0.75,0.5,0.670097,
363,1,2,0,0.0,1.0,0.6368392,
366,1,2,0,0.0,1.0,0.57420707,
368,1,2,1,0.5,0.0,0.54593235,
391,1,2,0,0.0,1.0,0.2799235,
397,1,2,1,0.75,0.5,0.7456869,
404,1,2,1,0.6,0.1999999999999999,0.82633495,
409,1,2,0,0.4,0.1999999999999999,0.8309421,
411,1,2,0,0.2,0.6,0.71701634,
415,1,2,0,0.0,1.0,0.7584864,
416,1,2,0,0.0,1.0,0.51412785,
429,1,2,0,0.0,1.0,0.49792963,
435,1,2,0,0.4,0.1999999999999999,0.5298282,
436,1,2,0,0.4,0.1999999999999999,0.6304333,
437,1,2,1,0.6,0.1999999999999999,0.50016624,
464,1,2,0,0.0,1.0,0.6347028,
469,1,2,1,0.75,0.5,0.32976002,
472,1,2,0,0.25,0.5,0.37089235,
474,1,2,0,0.0,1.0,0.33144107,
481,1,2,0,0.0,1.0,0.8680645,
484,1,2,0,0.25,0.5,0.591693,
486,1,2,0,0.25,0.5,0.8303496,
487,1,2,0,0.2,0.6,0.2562573,
498,1,2,0,0.0,1.0,0.40106314,
500,1,2,0,0.25,0.5,0.63842666,
501,1,2,0,0.25,0.5,0.66198295,
502,1,2,1,0.75,0.5,0.6513881,
516,1,2,0,0.0,1.0,0.60498345,
526,1,2,0,0.0,1.0,0.75980175,
534,1,2,1,0.75,0.5,0.65577126,
539,1,2,0,0.25,0.5,0.5401362,
543,1,2,1,0.5,0.0,0.5973283,
545,1,2,0,0.25,0.5,0.5704231,
547,1,2,1,0.5,0.0,0.6536647,
555,1,2,0,0.3333333333333333,0.3333333333333333,0.6361269,
557,1,2,0,0.3333333333333333,0.3333333333333333,0.54333603,
558,1,2,1,0.5,0.0,0.7074038,
567,1,2,0,0.3333333333333333,0.3333333333333333,0.6434455,
571,1,2,1,0.5,0.0,0.5480142,
573,1,2,0,0.3333333333333333,0.3333333333333333,0.6641933,
575,1,2,1,0.5,0.0,0.67344207,
582,1,2,1,0.5,0.0,0.71488166,
587,1,2,1,0.8333333333333334,0.6666666666666667,0.5256361,
595,1,2,1,0.8333333333333334,0.6666666666666667,0.69186604,
597,1,2,0,0.0,1.0,0.20727344,
600,1,2,0,0.1666666666666666,0.6666666666666667,0.50503373,
613,1,2,0,0.0,1.0,0.8059168,
615,1,2,1,0.75,0.5,0.7031665,
621,1,2,1,0.5,0.0,0.46572357,
623,1,2,1,0.5,0.0,0.59240013,
629,1,2,1,0.5,0.0,0.652004,
638,1,2,0,0.25,0.5,0.65800613,
642,1,2,1,0.75,0.5,0.6394956,
649,1,2,1,0.5,0.0,0.543846,
651,1,2,0,0.3333333333333333,0.3333333333333333,0.61195195,
653,1,2,1,0.5,0.0,0.2900352,
655,1,2,1,0.6666666666666666,0.3333333333333332,0.43021852,
657,1,2,1,0.5,0.0,0.5147935,
661,1,2,1,0.8333333333333334,0.6666666666666667,0.81977135,
663,1,2,0,0.3333333333333333,0.3333333333333333,0.6716384,
672,1,2,0,0.0,1.0,0.5343352,
678,1,2,0,0.3333333333333333,0.3333333333333333,0.3968072,
680,1,2,0,0.0,1.0,0.3224321,
687,1,2,0,0.3333333333333333,0.3333333333333333,0.48980433,
688,1,2,0,0.1666666666666666,0.6666666666666667,0.3484103,
690,1,2,0,0.0,1.0,0.3911298,
691,1,2,0,0.1666666666666666,0.6666666666666667,0.45771837,
708,1,2,0,0.0,1.0,0.34025073,
711,1,2,1,0.6,0.1999999999999999,0.30930156,
715,1,2,1,0.5,0.0,0.3399297,
717,1,2,1,0.5,0.0,0.36987507,
719,1,2,0,0.1666666666666666,0.6666666666666667,0.5466398,
725,1,2,0,0.0,1.0,0.40624356,
727,1,2,0,0.4,0.1999999999999999,0.47333094,
731,1,2,0,0.0,1.0,0.33941382,
732,1,2,0,0.0,1.0,0.255018,
739,1,2,0,0.3333333333333333,0.3333333333333333,0.44496703,
2,1,3,0,0.4,0.1999999999999999,0.22854552,
24,1,3,0,0.0,1.0,0.3365544,
39,1,3,0,0.0,1.0,0.37215984,
40,1,3,0,0.2,0.6,0.3021592,
42,1,3,0,0.0,1.0,0.4531955,
45,1,3,0,0.0,1.0,0.46063673,
52,1,3,0,0.25,0.5,0.33084062,
54,1,3,0,0.25,0.5,0.3180943,
57,1,3,1,1.0,1.0,0.24039003,
62,1,3,0,0.25,0.5,0.26872325,
65,1,3,0,0.25,0.5,0.2669372,
68,1,3,0,0.0,1.0,0.29115754,
69,1,3,0,0.0,1.0,0.32527065,
76,1,3,0,0.25,0.5,0.28427157,
77,1,3,0,0.25,0.5,0.2078952,
78,1,3,0,0.0,1.0,0.2781762,
83,1,3,0,0.25,0.5,0.4927259,
84,1,3,0,0.3333333333333333,0.3333333333333333,0.47418016,
92,1,3,0,0.0,1.0,0.34550238,
103,1,3,0,0.1111111111111111,0.7777777777777778,0.3764511,
110,1,3,0,0.0,1.0,0.6747573,
119,1,3,0,0.1111111111111111,0.7777777777777778,0.27085805,
126,1,3,0,0.2222222222222222,0.5555555555555556,0.33664143,
131,1,3,0,0.0,1.0,0.4244511,
132,1,3,0,0.2222222222222222,0.5555555555555556,0.40278882,
136,1,3,0,0.3333333333333333,0.3333333333333333,0.52361375,
137,1,3,1,0.6666666666666666,0.3333333333333332,0.28672343,
152,1,3,0,0.0,1.0,0.31898502,
153,1,3,0,0.0,1.0,0.40001357,
155,1,3,0,0.25,0.5,0.5229783,
157,1,3,0,0.25,0.5,0.22465774,
177,1,3,0,0.0,1.0,0.46626776,
186,1,3,0,0.0,1.0,0.25803268,
202,1,3,1,0.6,0.1999999999999999,0.37087393,
203,1,3,0,0.2,0.6,0.27798048,
206,1,3,1,0.5,0.0,0.29292387,
207,1,3,0,0.2,0.6,0.3527014,
208,1,3,0,0.0,1.0,0.33509564,
211,1,3,1,0.6,0.1999999999999999,0.7066295,
215,1,3,0,0.2,0.6,0.22135045,
219,1,3,0,0.0,1.0,0.32649702,
220,1,3,0,0.4,0.1999999999999999,0.2952863,
221,1,3,1,0.8,0.6000000000000001,0.3727494,
229,1,3,0,0.0,1.0,0.26104206,
238,1,3,0,0.25,0.5,0.28859586,
246,1,3,0,0.4,0.1999999999999999,0.41658804,
252,1,3,0,0.0,1.0,0.23631522,
261,1,3,0,0.25,0.5,0.45508024,
265,1,3,1,0.5,0.0,0.3256132,
266,1,3,0,0.25,0.5,0.23703097,
268,1,3,1,0.5,0.0,0.26032883,
282,1,3,0,0.25,0.5,0.36453545,
286,1,3,0,0.2,0.6,0.18195081,
289,1,3,1,0.5,0.0,0.38020486,
298,1,3,0,0.25,0.5,0.47202328,
300,1,3,0,0.0,1.0,0.46382958,
307,1,3,0,0.4,0.1999999999999999,0.40697306,
308,1,3,0,0.4,0.1999999999999999,0.5555098,
310,1,3,0,0.2,0.6,0.47847307,
316,1,3,0,0.4,0.1999999999999999,0.5049646,
318,1,3,0,0.4,0.1999999999999999,0.42155,
319,1,3,0,0.2,0.6,0.5551529,
322,1,3,1,0.6,0.1999999999999999,0.53265595,
323,1,3,0,0.0,1.0,0.43511286,
329,1,3,0,0.0,1.0,0.28659564,
331,1,3,0,0.0,1.0,0.38292283,
336,1,3,0,0.4,0.1999999999999999,0.4668759,
338,1,3,0,0.4,0.1999999999999999,0.31163555,
354,1,3,0,0.25,0.5,0.41658413,
365,1,3,0,0.25,0.5,0.57720304,
370,1,3,0,0.0,1.0,0.28887135,
374,1,3,1,0.5,0.0,0.51905376,
376,1,3,1,0.5,0.0,0.5822972,
382,1,3,1,0.5,0.0,0.5149008,
383,1,3,0,0.0,1.0,0.42542416,
384,1,3,0,0.25,0.5,0.5516236,
394,1,3,1,0.5,0.0,0.6966864,
395,1,3,1,0.5,0.0,0.68743837,
398,1,3,0,0.25,0.5,0.6302934,
403,1,3,0,0.0,1.0,0.32136744,
417,1,3,0,0.2,0.6,0.60066587,
419,1,3,0,0.4,0.1999999999999999,0.57882524,
426,1,3,1,0.8,0.6000000000000001,0.61037934,
440,1,3,0,0.0,1.0,0.61915064,
443,1,3,0,0.0,1.0,0.38633484,
447,1,3,0,0.0,1.0,0.4317299,
451,1,3,0,0.25,0.5,0.45837805,
465,1,3,1,0.5,0.0,0.64773893,
466,1,3,1,0.5,0.0,0.6647459,
467,1,3,1,1.0,1.0,0.73854613,
471,1,3,0,0.0,1.0,0.8683096,
495,1,3,0,0.0,1.0,0.6713581,
496,1,3,1,0.75,0.5,0.6576197,
499,1,3,0,0.0,1.0,0.51568747,
503,1,3,0,0.0,1.0,0.5791429,
509,1,3,0,0.25,0.5,0.47954035,
514,1,3,1,0.75,0.5,0.73524356,
520,1,3,1,0.5,0.0,0.5189384,
521,1,3,1,0.75,0.5,0.76394165,
522,1,3,0,0.25,0.5,0.44165438,
523,1,3,0,0.25,0.5,0.634934,
529,1,3,1,0.5,0.0,0.40465143,
530,1,3,1,0.5,0.0,0.5868826,
535,1,3,0,0.25,0.5,0.7902028,
546,1,3,1,0.5,0.0,0.605271,
552,1,3,1,0.6666666666666666,0.3333333333333332,0.67041016,
568,1,3,1,1.0,1.0,0.59132576,
570,1,3,1,0.6666666666666666,0.3333333333333332,0.6957008,
574,1,3,0,0.3333333333333333,0.3333333333333333,0.40914688,
583,1,3,1,0.5,0.0,0.77353036,
588,1,3,0,0.1666666666666666,0.6666666666666667,0.80199635,
590,1,3,0,0.3333333333333333,0.3333333333333333,0.6844814,
594,1,3,0,0.0,1.0,0.55470693,
603,1,3,1,0.5,0.0,0.47566897,
610,1,3,0,0.25,0.5,0.6067661,
612,1,3,0,0.0,1.0,0.26984864,
617,1,3,1,0.5,0.0,0.7207757,
619,1,3,0,0.25,0.5,0.6676132,
624,1,3,0,0.25,0.5,0.5912441,
627,1,3,1,0.75,0.5,0.67686737,
631,1,3,0,0.0,1.0,0.4822763,
633,1,3,1,0.5,0.0,0.4968358,
634,1,3,0,0.25,0.5,0.5522043,
636,1,3,0,0.0,1.0,0.5198688,
650,1,3,0,0.0,1.0,0.4696011,
652,1,3,0,0.0,1.0,0.2241914,
654,1,3,0,0.1666666666666666,0.6666666666666667,0.5968888,
656,1,3,1,0.6666666666666666,0.3333333333333332,0.69365764,
664,1,3,1,0.6666666666666666,0.3333333333333332,0.5455656,
665,1,3,0,0.1666666666666666,0.6666666666666667,0.5287243,
667,1,3,0,0.3333333333333333,0.3333333333333333,0.7098617,
669,1,3,0,0.3333333333333333,0.3333333333333333,0.47330797,
673,1,3,0,0.3333333333333333,0.3333333333333333,0.31074345,
677,1,3,1,0.6666666666666666,0.3333333333333332,0.6388345,
681,1,3,0,0.1666666666666666,0.6666666666666667,0.5943644,
683,1,3,1,0.8333333333333334,0.6666666666666667,0.69534373,
689,1,3,0,0.0,1.0,0.39096123,
702,1,3,0,0.1666666666666666,0.6666666666666667,0.6995005,
713,1,3,1,0.6,0.1999999999999999,0.31928122,
714,1,3,0,0.3333333333333333,0.3333333333333333,0.34607798,
720,1,3,0,0.0,1.0,0.41132098,
721,1,3,0,0.3333333333333333,0.3333333333333333,0.46254435,
722,1,3,0,0.2,0.6,0.3115043,
723,1,3,0,0.1666666666666666,0.6666666666666667,0.47859195,
726,1,3,0,0.0,1.0,0.38544944,
738,1,3,0,0.3333333333333333,0.3333333333333333,0.6007155,
742,1,3,1,0.5,0.0,0.51959145,
4,1,4,1,0.6,0.1999999999999999,0.39931083,
7,1,4,1,0.6,0.1999999999999999,0.4002077,
15,1,4,0,0.4,0.1999999999999999,0.3368824,
27,1,4,0,0.2,0.6,0.29297012,
35,1,4,1,0.5,0.0,0.27352256,
38,1,4,0,0.0,1.0,0.44158334,
47,1,4,0,0.25,0.5,0.29309237,
48,1,4,1,0.6,0.1999999999999999,0.40247342,
53,1,4,0,0.1666666666666666,0.6666666666666667,0.435295,
55,1,4,0,0.0,1.0,0.2877124,
58,1,4,0,0.25,0.5,0.32902613,
59,1,4,0,0.25,0.5,0.32693192,
61,1,4,0,0.2,0.6,0.28308314,
73,1,4,0,0.0,1.0,0.2297335,
74,1,4,0,0.0,1.0,0.4255918,
80,1,4,0,0.0,1.0,0.28807944,
87,1,4,0,0.0,1.0,0.32177478,
97,1,4,0,0.25,0.5,0.26943403,
100,1,4,0,0.25,0.5,0.3861283,
104,1,4,0,0.1111111111111111,0.7777777777777778,0.33088273,
105,1,4,0,0.0,1.0,0.38803542,
107,1,4,0,0.1111111111111111,0.7777777777777778,0.4417969,
111,1,4,0,0.1111111111111111,0.7777777777777778,0.2938524,
112,1,4,0,0.125,0.75,0.24271621,
116,1,4,0,0.0,1.0,0.27847046,
125,1,4,0,0.125,0.75,0.24766792,
134,1,4,0,0.1111111111111111,0.7777777777777778,0.28895956,
135,1,4,0,0.1666666666666666,0.6666666666666667,0.27033782,
143,1,4,1,0.5555555555555556,0.1111111111111111,0.4588256,
146,1,4,1,0.8888888888888888,0.7777777777777777,0.2987463,
147,1,4,0,0.0,1.0,0.2874866,
148,1,4,0,0.1111111111111111,0.7777777777777778,0.3172574,
162,1,4,0,0.2,0.6,0.39536083,
164,1,4,0,0.0,1.0,0.24717455,
165,1,4,0,0.0,1.0,0.45047206,
167,1,4,0,0.0,1.0,0.3930955,
169,1,4,0,0.0,1.0,0.4021243,
172,1,4,0,0.0,1.0,0.4112003,
174,1,4,1,0.5,0.0,0.33668017,
178,1,4,0,0.0,1.0,0.2878147,
183,1,4,0,0.0,1.0,0.44756243,
185,1,4,0,0.25,0.5,0.40517318,
189,1,4,1,0.5,0.0,0.4957959,
190,1,4,0,0.25,0.5,0.34659633,
214,1,4,0,0.2,0.6,0.34265867,
224,1,4,0,0.4,0.1999999999999999,0.49400187,
228,1,4,0,0.2,0.6,0.37084937,
242,1,4,1,0.6,0.1999999999999999,0.40923598,
244,1,4,1,0.6,0.1999999999999999,0.47729182,
253,1,4,0,0.0,1.0,0.36992127,
254,1,4,0,0.25,0.5,0.4955328,
255,1,4,0,0.25,0.5,0.30696082,
269,1,4,1,0.5,0.0,0.49800032,
281,1,4,0,0.0,1.0,0.3204808,
283,1,4,0,0.25,0.5,0.4390422,
290,1,4,0,0.0,1.0,0.47122136,
295,1,4,0,0.0,1.0,0.2653431,
296,1,4,0,0.0,1.0,0.31874,
302,1,4,0,0.0,1.0,0.40529,
303,1,4,0,0.0,1.0,0.28807157,
306,1,4,0,0.0,1.0,0.42744035,
311,1,4,0,0.4,0.1999999999999999,0.32825458,
337,1,4,0,0.0,1.0,0.38603443,
340,1,4,1,0.6,0.1999999999999999,0.49847853,
345,1,4,0,0.0,1.0,0.32004958,
348,1,4,0,0.4,0.1999999999999999,0.5931967,
359,1,4,0,0.25,0.5,0.49206328,
361,1,4,0,0.0,1.0,0.28964865,
364,1,4,1,0.5,0.0,0.47744697,
367,1,4,0,0.25,0.5,0.41885534,
371,1,4,0,0.25,0.5,0.5094223,
372,1,4,0,0.25,0.5,0.5502849,
377,1,4,0,0.25,0.5,0.4953391,
379,1,4,1,0.75,0.5,0.5885474,
381,1,4,1,0.75,0.5,0.42641962,
392,1,4,1,0.5,0.0,0.5376152,
400,1,4,1,0.5,0.0,0.68258834,
410,1,4,1,0.6,0.1999999999999999,0.6570405,
413,1,4,0,0.0,1.0,0.68427765,
418,1,4,0,0.0,1.0,0.6418043,
421,1,4,0,0.2,0.6,0.44401821,
422,1,4,1,0.6,0.1999999999999999,0.45393866,
424,1,4,1,0.6,0.1999999999999999,0.3985446,
427,1,4,1,0.6,0.1999999999999999,0.6688957,
430,1,4,1,0.6,0.1999999999999999,0.66450465,
432,1,4,0,0.2,0.6,0.68101776,
434,1,4,0,0.0,1.0,0.48751712,
438,1,4,0,0.1666666666666666,0.6666666666666667,0.41830078,
441,1,4,0,0.2,0.6,0.6748481,
442,1,4,1,0.8,0.6000000000000001,0.74984443,
446,1,4,0,0.2,0.6,0.62700355,
448,1,4,0,0.0,1.0,0.35183263,
452,1,4,0,0.25,0.5,0.5963726,
453,1,4,0,0.25,0.5,0.48599702,
456,1,4,1,0.5,0.0,0.60574687,
458,1,4,0,0.0,1.0,0.46328712,
459,1,4,0,0.25,0.5,0.755854,
461,1,4,1,0.5,0.0,0.7276856,
463,1,4,0,0.25,0.5,0.510406,
473,1,4,0,0.25,0.5,0.6492962,
491,1,4,1,0.5,0.0,0.64103705,
492,1,4,0,0.3333333333333333,0.3333333333333333,0.40787166,
504,1,4,1,0.75,0.5,0.6586047,
508,1,4,1,0.75,0.5,0.53677595,
512,1,4,1,1.0,1.0,0.7890559,
517,1,4,0,0.25,0.5,0.65132475,
532,1,4,0,0.0,1.0,0.2665129,
548,1,4,1,0.5,0.0,0.6155242,
550,1,4,0,0.0,1.0,0.6632763,
561,1,4,1,0.5,0.0,0.61940634,
562,1,4,0,0.3333333333333333,0.3333333333333333,0.640389,
565,1,4,0,0.3333333333333333,0.3333333333333333,0.5639926,
566,1,4,0,0.1666666666666666,0.6666666666666667,0.4686102,
569,1,4,0,0.1666666666666666,0.6666666666666667,0.47091317,
572,1,4,1,0.8333333333333334,0.6666666666666667,0.7082149,
578,1,4,1,0.5,0.0,0.53463256,
586,1,4,1,0.6666666666666666,0.3333333333333332,0.65040874,
596,1,4,1,0.5,0.0,0.56583315,
599,1,4,0,0.0,1.0,0.51162153,
601,1,4,0,0.0,1.0,0.30141544,
605,1,4,1,0.5,0.0,0.5735823,
606,1,4,0,0.25,0.5,0.37942696,
608,1,4,0,0.0,1.0,0.6611693,
609,1,4,0,0.25,0.5,0.59260476,
614,1,4,1,0.75,0.5,0.5760705,
625,1,4,0,0.0,1.0,0.5219724,
640,1,4,1,0.75,0.5,0.8343221,
643,1,4,1,0.5,0.0,0.56301785,
644,1,4,0,0.25,0.5,0.500686,
662,1,4,0,0.0,1.0,0.3993552,
671,1,4,0,0.3333333333333333,0.3333333333333333,0.50311357,
675,1,4,0,0.3333333333333333,0.3333333333333333,0.36075202,
676,1,4,0,0.1666666666666666,0.6666666666666667,0.60796964,
682,1,4,0,0.1666666666666666,0.6666666666666667,0.5801399,
685,1,4,0,0.0,1.0,0.50511163,
694,1,4,0,0.3333333333333333,0.3333333333333333,0.4318834,
700,1,4,1,0.5,0.0,0.6328785,
701,1,4,0,0.1666666666666666,0.6666666666666667,0.598145,
705,1,4,1,0.5,0.0,0.28419578,
709,1,4,0,0.3333333333333333,0.3333333333333333,0.44374967,
724,1,4,0,0.2,0.6,0.3547384,
730,1,4,0,0.3333333333333333,0.3333333333333333,0.43847933,
733,1,4,0,0.1666666666666666,0.6666666666666667,0.38939023,
736,1,4,0,0.0,1.0,0.35520047,
737,1,4,0,0.1666666666666666,0.6666666666666667,0.34648758,
740,1,4,0,0.1666666666666666,0.6666666666666667,0.4506833,
741,1,4,0,0.2,0.6,0.41455334,
1,2,0,0,0.3333333333333333,0.3333333333333333,0.44746268,
4,2,0,1,0.6,0.1999999999999999,0.44886982,
6,2,0,0,0.2,0.6,0.22142515,
10,2,0,0,0.0,1.0,0.25503275,
12,2,0,0,0.4,0.1999999999999999,0.37837085,
18,2,0,1,0.6,0.1999999999999999,0.383946,
25,2,0,0,0.2,0.6,0.34092864,
33,2,0,0,0.4,0.1999999999999999,0.29150492,
38,2,0,0,0.0,1.0,0.45221248,
44,2,0,0,0.0,1.0,0.30353826,
48,2,0,1,0.6,0.1999999999999999,0.37471756,
57,2,0,1,1.0,1.0,0.25097218,
60,2,0,0,0.0,1.0,0.43530738,
62,2,0,0,0.25,0.5,0.268444,
70,2,0,0,0.0,1.0,0.46390128,
73,2,0,0,0.0,1.0,0.18576565,
74,2,0,0,0.0,1.0,0.4617424,
80,2,0,0,0.0,1.0,0.30866182,
81,2,0,0,0.0,1.0,0.24757074,
84,2,0,0,0.3333333333333333,0.3333333333333333,0.48854828,
91,2,0,0,0.25,0.5,0.46234488,
98,2,0,0,0.3333333333333333,0.3333333333333333,0.37215447,
104,2,0,0,0.1111111111111111,0.7777777777777778,0.34267658,
108,2,0,0,0.25,0.5,0.360441,
114,2,0,0,0.1111111111111111,0.7777777777777778,0.45026255,
118,2,0,0,0.0,1.0,0.39662018,
133,2,0,1,0.8888888888888888,0.7777777777777777,0.30966467,
134,2,0,0,0.1111111111111111,0.7777777777777778,0.31687963,
136,2,0,0,0.3333333333333333,0.3333333333333333,0.5264664,
139,2,0,0,0.0,1.0,0.35827708,
141,2,0,0,0.0,1.0,0.30053717,
144,2,0,0,0.0,1.0,0.35409474,
152,2,0,0,0.0,1.0,0.3294311,
162,2,0,0,0.2,0.6,0.3517595,
165,2,0,0,0.0,1.0,0.4303456,
171,2,0,0,0.25,0.5,0.38309705,
173,2,0,0,0.25,0.5,0.26098782,
182,2,0,0,0.0,1.0,0.39983788,
185,2,0,0,0.25,0.5,0.39344227,
188,2,0,0,0.0,1.0,0.6011621,
191,2,0,0,0.0,1.0,0.34581858,
203,2,0,0,0.2,0.6,0.2587721,
222,2,0,0,0.2,0.6,0.53250456,
244,2,0,1,0.6,0.1999999999999999,0.46477783,
248,2,0,0,0.4,0.1999999999999999,0.47590566,
250,2,0,0,0.4,0.1999999999999999,0.38461494,
253,2,0,0,0.0,1.0,0.35637796,
255,2,0,0,0.25,0.5,0.2956405,
257,2,0,0,0.25,0.5,0.32075608,
261,2,0,0,0.25,0.5,0.50601554,
263,2,0,0,0.2,0.6,0.3378666,
265,2,0,1,0.5,0.0,0.38794422,
272,2,0,1,0.5,0.0,0.391298,
273,2,0,1,0.5,0.0,0.38907486,
276,2,0,0,0.2,0.6,0.32268408,
288,2,0,1,0.75,0.5,0.2824586,
322,2,0,1,0.6,0.1999999999999999,0.49434456,
324,2,0,0,0.2,0.6,0.59385407,
326,2,0,0,0.0,1.0,0.34047532,
327,2,0,0,0.0,1.0,0.50433874,
328,2,0,1,0.6,0.1999999999999999,0.3269111,
331,2,0,0,0.0,1.0,0.337462,
339,2,0,0,0.0,1.0,0.29903066,
343,2,0,1,0.8,0.6000000000000001,0.56163096,
345,2,0,0,0.0,1.0,0.31377876,
346,2,0,1,0.6,0.1999999999999999,0.75742257,
352,2,0,0,0.25,0.5,0.44167697,
353,2,0,0,0.0,1.0,0.60574573,
357,2,0,1,0.5,0.0,0.30220562,
363,2,0,0,0.0,1.0,0.612697,
367,2,0,0,0.25,0.5,0.38972044,
371,2,0,0,0.25,0.5,0.5219807,
373,2,0,0,0.0,1.0,0.46719465,
375,2,0,1,0.5,0.0,0.62110996,
387,2,0,0,0.0,1.0,0.39748353,
392,2,0,1,0.5,0.0,0.5105581,
393,2,0,0,0.25,0.5,0.5592892,
394,2,0,1,0.5,0.0,0.74567354,
395,2,0,1,0.5,0.0,0.7568748,
398,2,0,0,0.25,0.5,0.68411195,
402,2,0,1,0.6,0.1999999999999999,0.4078747,
412,2,0,1,1.0,1.0,0.74354386,
414,2,0,1,0.6,0.1999999999999999,0.71590626,
416,2,0,0,0.0,1.0,0.4709692,
421,2,0,0,0.2,0.6,0.4692081,
428,2,0,1,0.6,0.1999999999999999,0.48517716,
432,2,0,0,0.2,0.6,0.6542704,
435,2,0,0,0.4,0.1999999999999999,0.6032518,
438,2,0,0,0.1666666666666666,0.6666666666666667,0.37285846,
442,2,0,1,0.8,0.6000000000000001,0.7419288,
444,2,0,0,0.2,0.6,0.7258055,
460,2,0,0,0.0,1.0,0.54399514,
465,2,0,1,0.5,0.0,0.6040032,
470,2,0,0,0.0,1.0,0.702876,
471,2,0,0,0.0,1.0,0.8242878,
474,2,0,0,0.0,1.0,0.33913815,
475,2,0,0,0.25,0.5,0.54182,
476,2,0,0,0.0,1.0,0.6672149,
485,2,0,1,0.5,0.0,0.53133917,
489,2,0,0,0.0,1.0,0.6368269,
493,2,0,0,0.0,1.0,0.50233805,
498,2,0,0,0.0,1.0,0.4073138,
505,2,0,1,0.5,0.0,0.673292,
506,2,0,1,0.75,0.5,0.7143047,
515,2,0,0,0.25,0.5,0.5211978,
517,2,0,0,0.25,0.5,0.69247437,
525,2,0,0,0.2,0.6,0.18149117,
526,2,0,0,0.0,1.0,0.74619913,
531,2,0,1,0.75,0.5,0.6514263,
533,2,0,0,0.0,1.0,0.30508256,
534,2,0,1,0.75,0.5,0.6652018,
535,2,0,0,0.25,0.5,0.8153709,
545,2,0,0,0.25,0.5,0.56650245,
547,2,0,1,0.5,0.0,0.6543703,
548,2,0,1,0.5,0.0,0.53270364,
549,2,0,0,0.0,1.0,0.34103003,
552,2,0,1,0.6666666666666666,0.3333333333333332,0.6779472,
563,2,0,0,0.0,1.0,0.70942366,
571,2,0,1,0.5,0.0,0.611343,
573,2,0,0,0.3333333333333333,0.3333333333333333,0.66134155,
577,2,0,0,0.1666666666666666,0.6666666666666667,0.6424771,
581,2,0,0,0.3333333333333333,0.3333333333333333,0.5746466,
583,2,0,1,0.5,0.0,0.7929552,
584,2,0,1,0.6666666666666666,0.3333333333333332,0.8386875,
588,2,0,0,0.1666666666666666,0.6666666666666667,0.7773447,
594,2,0,0,0.0,1.0,0.59296703,
601,2,0,0,0.0,1.0,0.33443534,
606,2,0,0,0.25,0.5,0.3821252,
615,2,0,1,0.75,0.5,0.7106093,
620,2,0,1,0.75,0.5,0.64236546,
652,2,0,0,0.0,1.0,0.2304648,
655,2,0,1,0.6666666666666666,0.3333333333333332,0.46346712,
656,2,0,1,0.6666666666666666,0.3333333333333332,0.69218737,
660,2,0,0,0.1666666666666666,0.6666666666666667,0.57103586,
661,2,0,1,0.8333333333333334,0.6666666666666667,0.837589,
662,2,0,0,0.0,1.0,0.4341402,
674,2,0,0,0.3333333333333333,0.3333333333333333,0.5116546,
680,2,0,0,0.0,1.0,0.36218596,
684,2,0,0,0.0,1.0,0.72025657,
689,2,0,0,0.0,1.0,0.3781519,
699,2,0,0,0.1666666666666666,0.6666666666666667,0.5810127,
701,2,0,0,0.1666666666666666,0.6666666666666667,0.60154104,
721,2,0,0,0.3333333333333333,0.3333333333333333,0.47757864,
723,2,0,0,0.1666666666666666,0.6666666666666667,0.46304852,
737,2,0,0,0.1666666666666666,0.6666666666666667,0.3700989,
739,2,0,0,0.3333333333333333,0.3333333333333333,0.43517715,
742,2,0,1,0.5,0.0,0.54699814,
13,2,1,0,0.2,0.6,0.28941315,
14,2,1,0,0.2,0.6,0.40945286,
16,2,1,1,0.6,0.1999999999999999,0.2621119,
20,2,1,0,0.25,0.5,0.2915196,
29,2,1,0,0.2,0.6,0.39767027,
34,2,1,0,0.1666666666666666,0.6666666666666667,0.57027984,
35,2,1,1,0.5,0.0,0.27435744,
46,2,1,0,0.4,0.1999999999999999,0.6123837,
67,2,1,0,0.0,1.0,0.24081095,
82,2,1,0,0.25,0.5,0.30472925,
83,2,1,0,0.25,0.5,0.47979257,
85,2,1,0,0.25,0.5,0.3924321,
88,2,1,1,0.5,0.0,0.28646547,
93,2,1,0,0.0,1.0,0.2919033,
103,2,1,0,0.1111111111111111,0.7777777777777778,0.34560704,
116,2,1,0,0.0,1.0,0.25633347,
122,2,1,0,0.0,1.0,0.3030389,
123,2,1,0,0.0,1.0,0.2565721,
124,2,1,0,0.0,1.0,0.38447034,
127,2,1,1,0.6666666666666666,0.3333333333333332,0.3876124,
128,2,1,0,0.1111111111111111,0.7777777777777778,0.2533556,
131,2,1,0,0.0,1.0,0.41416848,
132,2,1,0,0.2222222222222222,0.5555555555555556,0.39900318,
143,2,1,1,0.5555555555555556,0.1111111111111111,0.4467728,
149,2,1,0,0.3333333333333333,0.3333333333333333,0.2568378,
153,2,1,0,0.0,1.0,0.37371814,
157,2,1,0,0.25,0.5,0.26899827,
159,2,1,0,0.0,1.0,0.3797153,
176,2,1,0,0.0,1.0,0.28123164,
181,2,1,1,0.5,0.0,0.26272288,
184,2,1,0,0.0,1.0,0.30704486,
190,2,1,0,0.25,0.5,0.30574983,
196,2,1,1,0.5,0.0,0.36862677,
198,2,1,0,0.0,1.0,0.34874696,
199,2,1,0,0.25,0.5,0.34615073,
207,2,1,0,0.2,0.6,0.3326853,
208,2,1,0,0.0,1.0,0.32235816,
212,2,1,0,0.2,0.6,0.26915258,
216,2,1,0,0.0,1.0,0.35363752,
224,2,1,0,0.4,0.1999999999999999,0.43918288,
227,2,1,1,1.0,1.0,0.40342015,
229,2,1,0,0.0,1.0,0.24470393,
235,2,1,0,0.0,1.0,0.36657786,
240,2,1,0,0.2,0.6,0.36470646,
245,2,1,0,0.0,1.0,0.44363046,
247,2,1,0,0.2,0.6,0.3822139,
258,2,1,0,0.0,1.0,0.38862956,
262,2,1,1,0.5,0.0,0.33877277,
277,2,1,1,0.5,0.0,0.5034436,
278,2,1,0,0.25,0.5,0.29110622,
279,2,1,0,0.2,0.6,0.23394775,
285,2,1,0,0.4,0.1999999999999999,0.3528307,
287,2,1,0,0.25,0.5,0.40535557,
291,2,1,0,0.0,1.0,0.50341773,
292,2,1,0,0.25,0.5,0.56142753,
293,2,1,1,0.5,0.0,0.42809823,
295,2,1,0,0.0,1.0,0.27418804,
300,2,1,0,0.0,1.0,0.41073593,
304,2,1,1,0.8,0.6000000000000001,0.37834257,
307,2,1,0,0.4,0.1999999999999999,0.3686474,
309,2,1,1,0.8,0.6000000000000001,0.67143506,
318,2,1,0,0.4,0.1999999999999999,0.38703,
347,2,1,0,0.4,0.1999999999999999,0.48748115,
349,2,1,0,0.0,1.0,0.33131248,
351,2,1,0,0.0,1.0,0.4097408,
358,2,1,0,0.25,0.5,0.6355412,
359,2,1,0,0.25,0.5,0.47758213,
360,2,1,0,0.25,0.5,0.62924814,
372,2,1,0,0.25,0.5,0.5344258,
374,2,1,1,0.5,0.0,0.55442786,
381,2,1,1,0.75,0.5,0.38524598,
382,2,1,1,0.5,0.0,0.5337244,
383,2,1,0,0.0,1.0,0.35251337,
384,2,1,0,0.25,0.5,0.5452392,
389,2,1,0,0.25,0.5,0.74349415,
399,2,1,0,0.25,0.5,0.44508424,
401,2,1,0,0.2,0.6,0.65701044,
405,2,1,0,0.0,1.0,0.6014054,
420,2,1,0,0.0,1.0,0.42965302,
427,2,1,1,0.6,0.1999999999999999,0.69391435,
430,2,1,1,0.6,0.1999999999999999,0.65989125,
431,2,1,0,0.4,0.1999999999999999,0.48543507,
433,2,1,0,0.0,1.0,0.4128644,
447,2,1,0,0.0,1.0,0.3712892,
456,2,1,1,0.5,0.0,0.6020173,
458,2,1,0,0.0,1.0,0.49239567,
461,2,1,1,0.5,0.0,0.6820643,
464,2,1,0,0.0,1.0,0.67964876,
477,2,1,0,0.0,1.0,0.41229957,
488,2,1,1,0.5,0.0,0.6623219,
492,2,1,0,0.3333333333333333,0.3333333333333333,0.39030367,
503,2,1,0,0.0,1.0,0.5607172,
508,2,1,1,0.75,0.5,0.5303377,
509,2,1,0,0.25,0.5,0.52993333,
510,2,1,1,0.5,0.0,0.584823,
520,2,1,1,0.5,0.0,0.51857007,
521,2,1,1,0.75,0.5,0.7309765,
524,2,1,0,0.0,1.0,0.6514833,
528,2,1,0,0.0,1.0,0.36997375,
538,2,1,0,0.0,1.0,0.72223186,
539,2,1,0,0.25,0.5,0.5125832,
541,2,1,1,0.5,0.0,0.73966897,
542,2,1,0,0.25,0.5,0.50983,
543,2,1,1,0.5,0.0,0.6472136,
550,2,1,0,0.0,1.0,0.60683525,
568,2,1,1,1.0,1.0,0.5988107,
569,2,1,0,0.1666666666666666,0.6666666666666667,0.55017835,
575,2,1,1,0.5,0.0,0.7238291,
579,2,1,0,0.3333333333333333,0.3333333333333333,0.54436517,
580,2,1,0,0.3333333333333333,0.3333333333333333,0.49153063,
582,2,1,1,0.5,0.0,0.6084435,
586,2,1,1,0.6666666666666666,0.3333333333333332,0.6641608,
590,2,1,0,0.3333333333333333,0.3333333333333333,0.6459082,
592,2,1,1,0.6,0.1999999999999999,0.80561304,
593,2,1,1,0.5,0.0,0.5312556,
595,2,1,1,0.8333333333333334,0.6666666666666667,0.60784924,
600,2,1,0,0.1666666666666666,0.6666666666666667,0.58693045,
602,2,1,0,0.25,0.5,0.55342114,
603,2,1,1,0.5,0.0,0.46373868,
604,2,1,1,0.75,0.5,0.5424962,
605,2,1,1,0.5,0.0,0.5826535,
610,2,1,0,0.25,0.5,0.5783707,
612,2,1,0,0.0,1.0,0.22004035,
617,2,1,1,0.5,0.0,0.66689473,
619,2,1,0,0.25,0.5,0.6951544,
625,2,1,0,0.0,1.0,0.47888118,
638,2,1,0,0.25,0.5,0.6613388,
659,2,1,1,0.6666666666666666,0.3333333333333332,0.5813595,
663,2,1,0,0.3333333333333333,0.3333333333333333,0.619148,
665,2,1,0,0.1666666666666666,0.6666666666666667,0.5301584,
672,2,1,0,0.0,1.0,0.5184328,
677,2,1,1,0.6666666666666666,0.3333333333333332,0.61663765,
678,2,1,0,0.3333333333333333,0.3333333333333333,0.5153576,
679,2,1,0,0.4,0.1999999999999999,0.3599292,
688,2,1,0,0.1666666666666666,0.6666666666666667,0.349494,
690,2,1,0,0.0,1.0,0.3558463,
696,2,1,0,0.1666666666666666,0.6666666666666667,0.42836535,
697,2,1,1,0.5,0.0,0.60479283,
706,2,1,1,0.6666666666666666,0.3333333333333332,0.5387234,
708,2,1,0,0.0,1.0,0.40503973,
712,2,1,0,0.1666666666666666,0.6666666666666667,0.4167838,
724,2,1,0,0.2,0.6,0.39969188,
726,2,1,0,0.0,1.0,0.4307692,
728,2,1,0,0.2,0.6,0.36648363,
733,2,1,0,0.1666666666666666,0.6666666666666667,0.36117864,
735,2,1,0,0.0,1.0,0.33548996,
736,2,1,0,0.0,1.0,0.42610627,
11,2,2,1,0.6,0.1999999999999999,0.36663628,
15,2,2,0,0.4,0.1999999999999999,0.38248622,
21,2,2,0,0.2,0.6,0.46457753,
24,2,2,0,0.0,1.0,0.3484004,
27,2,2,0,0.2,0.6,0.30865467,
28,2,2,0,0.2,0.6,0.37518537,
30,2,2,0,0.2,0.6,0.3591811,
31,2,2,0,0.1666666666666666,0.6666666666666667,0.2764883,
37,2,2,0,0.2,0.6,0.28387138,
47,2,2,0,0.25,0.5,0.28611392,
58,2,2,0,0.25,0.5,0.33620963,
59,2,2,0,0.25,0.5,0.29497063,
61,2,2,0,0.2,0.6,0.23465556,
64,2,2,0,0.3333333333333333,0.3333333333333333,0.2776555,
71,2,2,0,0.0,1.0,0.28100726,
76,2,2,0,0.25,0.5,0.30847073,
87,2,2,0,0.0,1.0,0.3442272,
94,2,2,0,0.25,0.5,0.2840265,
95,2,2,0,0.25,0.5,0.29862377,
97,2,2,0,0.25,0.5,0.25918987,
101,2,2,0,0.3333333333333333,0.3333333333333333,0.32511172,
105,2,2,0,0.0,1.0,0.393549,
111,2,2,0,0.1111111111111111,0.7777777777777778,0.2871527,
113,2,2,0,0.1111111111111111,0.7777777777777778,0.33248943,
120,2,2,0,0.0,1.0,0.31281817,
129,2,2,0,0.2,0.6,0.43097466,
142,2,2,0,0.0,1.0,0.3232668,
148,2,2,0,0.1111111111111111,0.7777777777777778,0.34118032,
150,2,2,0,0.0,1.0,0.40995437,
151,2,2,0,0.0,1.0,0.40416652,
156,2,2,0,0.25,0.5,0.35850257,
158,2,2,0,0.0,1.0,0.2686049,
163,2,2,0,0.25,0.5,0.37452066,
167,2,2,0,0.0,1.0,0.42206907,
168,2,2,0,0.25,0.5,0.39992207,
177,2,2,0,0.0,1.0,0.43083864,
179,2,2,0,0.25,0.5,0.4842903,
187,2,2,0,0.0,1.0,0.3580037,
189,2,2,1,0.5,0.0,0.4476506,
201,2,2,0,0.25,0.5,0.2840716,
205,2,2,0,0.2,0.6,0.25960135,
206,2,2,1,0.5,0.0,0.2707833,
213,2,2,0,0.4,0.1999999999999999,0.3761786,
214,2,2,0,0.2,0.6,0.32336533,
220,2,2,0,0.4,0.1999999999999999,0.30756015,
223,2,2,0,0.2,0.6,0.2977968,
237,2,2,0,0.4,0.1999999999999999,0.47501135,
238,2,2,0,0.25,0.5,0.27762127,
241,2,2,1,0.6,0.1999999999999999,0.30973905,
249,2,2,1,0.6,0.1999999999999999,0.42563236,
252,2,2,0,0.0,1.0,0.2430418,
259,2,2,0,0.0,1.0,0.42473918,
264,2,2,0,0.25,0.5,0.36594546,
268,2,2,1,0.5,0.0,0.2724424,
269,2,2,1,0.5,0.0,0.483352,
270,2,2,0,0.0,1.0,0.40282178,
271,2,2,0,0.0,1.0,0.37145185,
275,2,2,1,0.5,0.0,0.4687729,
280,2,2,0,0.25,0.5,0.3973885,
281,2,2,0,0.0,1.0,0.30388772,
283,2,2,0,0.25,0.5,0.43320197,
284,2,2,1,0.5,0.0,0.3533827,
286,2,2,0,0.2,0.6,0.18065587,
290,2,2,0,0.0,1.0,0.42761746,
296,2,2,0,0.0,1.0,0.32198945,
298,2,2,0,0.25,0.5,0.47460124,
303,2,2,0,0.0,1.0,0.30678043,
306,2,2,0,0.0,1.0,0.43032843,
310,2,2,0,0.2,0.6,0.48989624,
312,2,2,0,0.0,1.0,0.34671164,
316,2,2,0,0.4,0.1999999999999999,0.44868207,
333,2,2,0,0.0,1.0,0.29000005,
335,2,2,1,0.5,0.0,0.33004922,
338,2,2,0,0.4,0.1999999999999999,0.3636384,
342,2,2,0,0.2,0.6,0.39474338,
354,2,2,0,0.25,0.5,0.44988889,
355,2,2,0,0.25,0.5,0.44352615,
361,2,2,0,0.0,1.0,0.30498463,
364,2,2,1,0.5,0.0,0.49200168,
376,2,2,1,0.5,0.0,0.59302294,
378,2,2,1,0.5,0.0,0.4332814,
379,2,2,1,0.75,0.5,0.59155107,
388,2,2,1,0.5,0.0,0.6094218,
390,2,2,1,0.75,0.5,0.6346824,
406,2,2,1,0.6,0.1999999999999999,0.44216475,
409,2,2,0,0.4,0.1999999999999999,0.8303808,
411,2,2,0,0.2,0.6,0.6357713,
413,2,2,0,0.0,1.0,0.70288795,
418,2,2,0,0.0,1.0,0.6780045,
422,2,2,1,0.6,0.1999999999999999,0.45144868,
424,2,2,1,0.6,0.1999999999999999,0.36816308,
429,2,2,0,0.0,1.0,0.59749436,
434,2,2,0,0.0,1.0,0.48513228,
441,2,2,0,0.2,0.6,0.76238275,
445,2,2,0,0.0,1.0,0.6298927,
446,2,2,0,0.2,0.6,0.62577903,
448,2,2,0,0.0,1.0,0.2910033,
452,2,2,0,0.25,0.5,0.6468451,
462,2,2,1,0.5,0.0,0.75950456,
463,2,2,0,0.25,0.5,0.44271308,
467,2,2,1,1.0,1.0,0.7548759,
480,2,2,1,0.5,0.0,0.7080753,
496,2,2,1,0.75,0.5,0.66569656,
499,2,2,0,0.0,1.0,0.5094794,
512,2,2,1,1.0,1.0,0.8273106,
514,2,2,1,0.75,0.5,0.7493844,
516,2,2,0,0.0,1.0,0.6480404,
518,2,2,0,0.25,0.5,0.65893555,
519,2,2,0,0.0,1.0,0.51839215,
530,2,2,1,0.5,0.0,0.56635475,
546,2,2,1,0.5,0.0,0.6409753,
553,2,2,0,0.0,1.0,0.38293147,
554,2,2,1,0.5,0.0,0.667693,
555,2,2,0,0.3333333333333333,0.3333333333333333,0.6295187,
559,2,2,1,0.6666666666666666,0.3333333333333332,0.42383045,
566,2,2,0,0.1666666666666666,0.6666666666666667,0.5038905,
607,2,2,0,0.0,1.0,0.5749547,
609,2,2,0,0.25,0.5,0.5512558,
613,2,2,0,0.0,1.0,0.7876384,
618,2,2,0,0.0,1.0,0.42805105,
622,2,2,1,0.75,0.5,0.4421686,
623,2,2,1,0.5,0.0,0.5933324,
627,2,2,1,0.75,0.5,0.66206443,
628,2,2,0,0.0,1.0,0.32104737,
630,2,2,1,0.5,0.0,0.6731679,
636,2,2,0,0.0,1.0,0.5225599,
642,2,2,1,0.75,0.5,0.68259686,
643,2,2,1,0.5,0.0,0.5140245,
646,2,2,0,0.0,1.0,0.26265556,
647,2,2,1,0.5,0.0,0.7066982,
650,2,2,0,0.0,1.0,0.43716797,
657,2,2,1,0.5,0.0,0.45749503,
658,2,2,0,0.1666666666666666,0.6666666666666667,0.5278158,
667,2,2,0,0.3333333333333333,0.3333333333333333,0.66011584,
668,2,2,0,0.1666666666666666,0.6666666666666667,0.7292612,
671,2,2,0,0.3333333333333333,0.3333333333333333,0.44177076,
681,2,2,0,0.1666666666666666,0.6666666666666667,0.5285506,
686,2,2,0,0.0,1.0,0.5548699,
692,2,2,0,0.0,1.0,0.33031046,
695,2,2,0,0.3333333333333333,0.3333333333333333,0.47497773,
700,2,2,1,0.5,0.0,0.59895,
702,2,2,0,0.1666666666666666,0.6666666666666667,0.65827787,
710,2,2,0,0.0,1.0,0.33335233,
713,2,2,1,0.6,0.1999999999999999,0.3040353,
716,2,2,1,0.6666666666666666,0.3333333333333332,0.36090517,
732,2,2,0,0.0,1.0,0.22294855,
738,2,2,0,0.3333333333333333,0.3333333333333333,0.5693327,
2,2,3,0,0.4,0.1999999999999999,0.21195859,
7,2,3,1,0.6,0.1999999999999999,0.39836544,
8,2,3,0,0.0,1.0,0.28126383,
9,2,3,0,0.0,1.0,0.44764644,
26,2,3,1,0.8,0.6000000000000001,0.22547524,
32,2,3,0,0.2,0.6,0.34565586,
39,2,3,0,0.0,1.0,0.34144562,
40,2,3,0,0.2,0.6,0.33345255,
42,2,3,0,0.0,1.0,0.44032678,
45,2,3,0,0.0,1.0,0.46496308,
52,2,3,0,0.25,0.5,0.35407367,
53,2,3,0,0.1666666666666666,0.6666666666666667,0.3624632,
55,2,3,0,0.0,1.0,0.3191647,
56,2,3,0,0.25,0.5,0.28477705,
63,2,3,0,0.0,1.0,0.37835687,
69,2,3,0,0.0,1.0,0.3124208,
75,2,3,0,0.0,1.0,0.28329474,
77,2,3,0,0.25,0.5,0.22914708,
78,2,3,0,0.0,1.0,0.29830658,
79,2,3,0,0.25,0.5,0.38677636,
90,2,3,1,0.5,0.0,0.24729493,
92,2,3,0,0.0,1.0,0.40861654,
96,2,3,0,0.0,1.0,0.36459893,
99,2,3,0,0.0,1.0,0.2519434,
100,2,3,0,0.25,0.5,0.43486434,
109,2,3,0,0.1111111111111111,0.7777777777777778,0.291916,
119,2,3,0,0.1111111111111111,0.7777777777777778,0.2699406,
121,2,3,0,0.1111111111111111,0.7777777777777778,0.33579385,
130,2,3,0,0.1111111111111111,0.7777777777777778,0.3168081,
138,2,3,1,0.5555555555555556,0.1111111111111111,0.3520141,
147,2,3,0,0.0,1.0,0.32346117,
160,2,3,0,0.1666666666666666,0.6666666666666667,0.383945,
164,2,3,0,0.0,1.0,0.25744474,
166,2,3,0,0.25,0.5,0.30195767,
172,2,3,0,0.0,1.0,0.40160364,
180,2,3,0,0.0,1.0,0.3635521,
183,2,3,0,0.0,1.0,0.41844016,
194,2,3,0,0.0,1.0,0.4323709,
195,2,3,0,0.0,1.0,0.41976312,
202,2,3,1,0.6,0.1999999999999999,0.39560017,
210,2,3,0,0.4,0.1999999999999999,0.62098014,
211,2,3,1,0.6,0.1999999999999999,0.6776521,
215,2,3,0,0.2,0.6,0.23637585,
225,2,3,0,0.2,0.6,0.27644998,
226,2,3,0,0.0,1.0,0.2905516,
230,2,3,0,0.2,0.6,0.2204789,
231,2,3,1,0.5,0.0,0.33561242,
232,2,3,0,0.25,0.5,0.38645333,
246,2,3,0,0.4,0.1999999999999999,0.39372063,
251,2,3,0,0.25,0.5,0.46497303,
260,2,3,0,0.25,0.5,0.2927518,
266,2,3,0,0.25,0.5,0.25807732,
267,2,3,0,0.0,1.0,0.37423536,
274,2,3,1,0.5,0.0,0.730026,
282,2,3,0,0.25,0.5,0.31409246,
297,2,3,0,0.0,1.0,0.3207714,
302,2,3,0,0.0,1.0,0.39423683,
308,2,3,0,0.4,0.1999999999999999,0.50949955,
311,2,3,0,0.4,0.1999999999999999,0.2822448,
314,2,3,0,0.0,1.0,0.45964777,
321,2,3,1,0.6,0.1999999999999999,0.44082856,
325,2,3,0,0.0,1.0,0.31724793,
329,2,3,0,0.0,1.0,0.28016424,
332,2,3,0,0.0,1.0,0.4038377,
334,2,3,0,0.4,0.1999999999999999,0.40847498,
336,2,3,0,0.4,0.1999999999999999,0.52423644,
337,2,3,0,0.0,1.0,0.41377896,
340,2,3,1,0.6,0.1999999999999999,0.5230013,
341,2,3,1,0.6,0.1999999999999999,0.58633184,
344,2,3,0,0.2,0.6,0.30018237,
348,2,3,0,0.4,0.1999999999999999,0.606287,
362,2,3,1,0.75,0.5,0.6121225,
368,2,3,1,0.5,0.0,0.5356964,
397,2,3,1,0.75,0.5,0.73953736,
408,2,3,0,0.4,0.1999999999999999,0.7232985,
410,2,3,1,0.6,0.1999999999999999,0.6781441,
425,2,3,0,0.0,1.0,0.49724177,
426,2,3,1,0.8,0.6000000000000001,0.67189825,
436,2,3,0,0.4,0.1999999999999999,0.6190474,
439,2,3,0,0.2,0.6,0.505587,
440,2,3,0,0.0,1.0,0.6722201,
443,2,3,0,0.0,1.0,0.39215145,
449,2,3,0,0.4,0.1999999999999999,0.4934302,
450,2,3,0,0.2,0.6,0.40863907,
451,2,3,0,0.25,0.5,0.47190988,
453,2,3,0,0.25,0.5,0.46553725,
454,2,3,0,0.0,1.0,0.56980515,
455,2,3,0,0.0,1.0,0.339127,
459,2,3,0,0.25,0.5,0.74379325,
466,2,3,1,0.5,0.0,0.6533048,
468,2,3,0,0.25,0.5,0.6916881,
469,2,3,1,0.75,0.5,0.38393724,
478,2,3,0,0.0,1.0,0.32711855,
479,2,3,0,0.0,1.0,0.59223115,
481,2,3,0,0.0,1.0,0.84051704,
482,2,3,0,0.0,1.0,0.2453708,
483,2,3,0,0.25,0.5,0.71914834,
486,2,3,0,0.25,0.5,0.79338145,
487,2,3,0,0.2,0.6,0.27654403,
490,2,3,0,0.25,0.5,0.46055403,
497,2,3,0,0.0,1.0,0.35316005,
504,2,3,1,0.75,0.5,0.6656742,
513,2,3,0,0.0,1.0,0.6531182,
523,2,3,0,0.25,0.5,0.6444986,
529,2,3,1,0.5,0.0,0.38917273,
536,2,3,0,0.3333333333333333,0.3333333333333333,0.5778321,
544,2,3,1,0.5,0.0,0.68170893,
551,2,3,1,0.6666666666666666,0.3333333333333332,0.58763635,
557,2,3,0,0.3333333333333333,0.3333333333333333,0.48814565,
558,2,3,1,0.5,0.0,0.6433175,
560,2,3,0,0.1666666666666666,0.6666666666666667,0.5911256,
561,2,3,1,0.5,0.0,0.6069846,
565,2,3,0,0.3333333333333333,0.3333333333333333,0.5056665,
570,2,3,1,0.6666666666666666,0.3333333333333332,0.62655807,
574,2,3,0,0.3333333333333333,0.3333333333333333,0.38638708,
585,2,3,1,0.5,0.0,0.59069693,
587,2,3,1,0.8333333333333334,0.6666666666666667,0.561417,
596,2,3,1,0.5,0.0,0.5533768,
597,2,3,0,0.0,1.0,0.24821824,
598,2,3,0,0.3333333333333333,0.3333333333333333,0.55779773,
611,2,3,1,0.75,0.5,0.5388016,
621,2,3,1,0.5,0.0,0.5173161,
629,2,3,1,0.5,0.0,0.6270853,
637,2,3,1,0.5,0.0,0.6480856,
644,2,3,0,0.25,0.5,0.4939233,
648,2,3,1,0.5,0.0,0.53074276,
653,2,3,1,0.5,0.0,0.32601488,
654,2,3,0,0.1666666666666666,0.6666666666666667,0.62436855,
670,2,3,1,0.5,0.0,0.6488346,
682,2,3,0,0.1666666666666666,0.6666666666666667,0.5364507,
683,2,3,1,0.8333333333333334,0.6666666666666667,0.60825115,
685,2,3,0,0.0,1.0,0.47108752,
687,2,3,0,0.3333333333333333,0.3333333333333333,0.5274857,
691,2,3,0,0.1666666666666666,0.6666666666666667,0.52031565,
693,2,3,1,0.5,0.0,0.76624095,
704,2,3,0,0.3333333333333333,0.3333333333333333,0.37157744,
705,2,3,1,0.5,0.0,0.3305515,
711,2,3,1,0.6,0.1999999999999999,0.34773183,
717,2,3,1,0.5,0.0,0.3824176,
719,2,3,0,0.1666666666666666,0.6666666666666667,0.5585774,
722,2,3,0,0.2,0.6,0.36568302,
725,2,3,0,0.0,1.0,0.3989152,
727,2,3,0,0.4,0.1999999999999999,0.45104286,
729,2,3,0,0.4,0.1999999999999999,0.41975328,
730,2,3,0,0.3333333333333333,0.3333333333333333,0.37625942,
734,2,3,0,0.0,1.0,0.31786555,
740,2,3,0,0.1666666666666666,0.6666666666666667,0.42362618,
3,2,4,0,0.0,1.0,0.38872498,
5,2,4,0,0.2,0.6,0.5064012,
17,2,4,0,0.4,0.1999999999999999,0.38195068,
22,2,4,0,0.2,0.6,0.4844229,
36,2,4,0,0.2,0.6,0.24519652,
41,2,4,0,0.2,0.6,0.2279476,
43,2,4,0,0.2,0.6,0.44587275,
49,2,4,0,0.3333333333333333,0.3333333333333333,0.37221798,
50,2,4,1,0.8,0.6000000000000001,0.42654985,
51,2,4,0,0.25,0.5,0.36186242,
54,2,4,0,0.25,0.5,0.32027125,
65,2,4,0,0.25,0.5,0.25874385,
66,2,4,0,0.0,1.0,0.3993326,
68,2,4,0,0.0,1.0,0.27585512,
72,2,4,0,0.25,0.5,0.20606495,
86,2,4,0,0.0,1.0,0.26896042,
89,2,4,0,0.25,0.5,0.31804466,
102,2,4,0,0.0,1.0,0.2874828,
106,2,4,1,1.0,1.0,0.3831643,
107,2,4,0,0.1111111111111111,0.7777777777777778,0.4569502,
110,2,4,0,0.0,1.0,0.62442106,
112,2,4,0,0.125,0.75,0.2869111,
115,2,4,0,0.0,1.0,0.28614593,
117,2,4,0,0.25,0.5,0.3356122,
125,2,4,0,0.125,0.75,0.25192082,
126,2,4,0,0.2222222222222222,0.5555555555555556,0.32506365,
135,2,4,0,0.1666666666666666,0.6666666666666667,0.21768299,
137,2,4,1,0.6666666666666666,0.3333333333333332,0.27093706,
140,2,4,0,0.2222222222222222,0.5555555555555556,0.34672484,
145,2,4,0,0.4444444444444444,0.1111111111111111,0.21623224,
146,2,4,1,0.8888888888888888,0.7777777777777777,0.30021483,
154,2,4,0,0.25,0.5,0.3247795,
155,2,4,0,0.25,0.5,0.46516433,
161,2,4,0,0.0,1.0,0.54896843,
169,2,4,0,0.0,1.0,0.45114684,
170,2,4,0,0.1666666666666666,0.6666666666666667,0.42928863,
174,2,4,1,0.5,0.0,0.29266495,
175,2,4,0,0.0,1.0,0.22756857,
178,2,4,0,0.0,1.0,0.25500333,
186,2,4,0,0.0,1.0,0.30190158,
192,2,4,0,0.0,1.0,0.32416433,
193,2,4,0,0.25,0.5,0.4660479,
197,2,4,0,0.0,1.0,0.4874105,
200,2,4,0,0.2,0.6,0.33841175,
204,2,4,0,0.4,0.1999999999999999,0.49686086,
209,2,4,0,0.2,0.6,0.4530431,
217,2,4,0,0.0,1.0,0.30120012,
219,2,4,0,0.0,1.0,0.34890908,
221,2,4,1,0.8,0.6000000000000001,0.36172232,
228,2,4,0,0.2,0.6,0.35701066,
233,2,4,0,0.0,1.0,0.32590008,
234,2,4,0,0.25,0.5,0.45020485,
236,2,4,0,0.0,1.0,0.3133015,
239,2,4,1,0.6,0.1999999999999999,0.49446672,
242,2,4,1,0.6,0.1999999999999999,0.4293134,
243,2,4,0,0.0,1.0,0.4632275,
254,2,4,0,0.25,0.5,0.48428667,
289,2,4,1,0.5,0.0,0.45366704,
294,2,4,0,0.0,1.0,0.43129364,
299,2,4,1,0.8,0.6000000000000001,0.2545606,
313,2,4,0,0.0,1.0,0.32335705,
315,2,4,1,0.8,0.6000000000000001,0.43855885,
317,2,4,0,0.4,0.1999999999999999,0.3600214,
319,2,4,0,0.2,0.6,0.5629209,
320,2,4,0,0.0,1.0,0.35225785,
323,2,4,0,0.0,1.0,0.42990085,
330,2,4,0,0.4,0.1999999999999999,0.51674956,
350,2,4,0,0.0,1.0,0.34643543,
356,2,4,0,0.25,0.5,0.5216672,
365,2,4,0,0.25,0.5,0.560002,
366,2,4,0,0.0,1.0,0.534166,
369,2,4,0,0.0,1.0,0.33849132,
370,2,4,0,0.0,1.0,0.2871942,
377,2,4,0,0.25,0.5,0.4411537,
380,2,4,1,0.75,0.5,0.75612235,
385,2,4,1,0.5,0.0,0.5151653,
386,2,4,0,0.25,0.5,0.6103557,
391,2,4,0,0.0,1.0,0.25328922,
396,2,4,1,0.75,0.5,0.7104059,
400,2,4,1,0.5,0.0,0.687433,
403,2,4,0,0.0,1.0,0.30685318,
404,2,4,1,0.6,0.1999999999999999,0.82026845,
407,2,4,0,0.2,0.6,0.6963094,
415,2,4,0,0.0,1.0,0.7180624,
417,2,4,0,0.2,0.6,0.57021844,
419,2,4,0,0.4,0.1999999999999999,0.5702296,
423,2,4,0,0.0,1.0,0.5964718,
437,2,4,1,0.6,0.1999999999999999,0.54310143,
457,2,4,1,0.5,0.0,0.6511155,
472,2,4,0,0.25,0.5,0.4072901,
473,2,4,0,0.25,0.5,0.6740346,
484,2,4,0,0.25,0.5,0.5518471,
491,2,4,1,0.5,0.0,0.6171745,
494,2,4,1,0.8,0.6000000000000001,0.52507687,
495,2,4,0,0.0,1.0,0.71278703,
500,2,4,0,0.25,0.5,0.632247,
501,2,4,0,0.25,0.5,0.6937306,
502,2,4,1,0.75,0.5,0.5751189,
507,2,4,1,1.0,1.0,0.64468896,
511,2,4,1,0.5,0.0,0.43212003,
522,2,4,0,0.25,0.5,0.45352182,
527,2,4,0,0.25,0.5,0.57989955,
532,2,4,0,0.0,1.0,0.26629478,
537,2,4,0,0.25,0.5,0.48581213,
540,2,4,0,0.25,0.5,0.6772446,
556,2,4,0,0.1666666666666666,0.6666666666666667,0.37042,
562,2,4,0,0.3333333333333333,0.3333333333333333,0.61638546,
564,2,4,1,0.5,0.0,0.70192814,
567,2,4,0,0.3333333333333333,0.3333333333333333,0.63581645,
572,2,4,1,0.8333333333333334,0.6666666666666667,0.7364354,
576,2,4,1,0.5,0.0,0.6600077,
578,2,4,1,0.5,0.0,0.5375011,
589,2,4,0,0.3333333333333333,0.3333333333333333,0.54794645,
591,2,4,1,0.5,0.0,0.6303326,
599,2,4,0,0.0,1.0,0.54819447,
608,2,4,0,0.0,1.0,0.64415467,
614,2,4,1,0.75,0.5,0.57735384,
616,2,4,1,0.75,0.5,0.556257,
624,2,4,0,0.25,0.5,0.5132609,
626,2,4,1,0.5,0.0,0.5519177,
631,2,4,0,0.0,1.0,0.4408364,
632,2,4,1,0.5,0.0,0.56490624,
633,2,4,1,0.5,0.0,0.49921858,
634,2,4,0,0.25,0.5,0.5477189,
635,2,4,1,0.5,0.0,0.54753876,
639,2,4,0,0.0,1.0,0.67242706,
640,2,4,1,0.75,0.5,0.8537189,
641,2,4,0,0.0,1.0,0.6011252,
645,2,4,1,0.75,0.5,0.7168863,
649,2,4,1,0.5,0.0,0.5404218,
651,2,4,0,0.3333333333333333,0.3333333333333333,0.5608511,
664,2,4,1,0.6666666666666666,0.3333333333333332,0.5471241,
669,2,4,0,0.3333333333333333,0.3333333333333333,0.47040594,
673,2,4,0,0.3333333333333333,0.3333333333333333,0.23381758,
675,2,4,0,0.3333333333333333,0.3333333333333333,0.34747946,
676,2,4,0,0.1666666666666666,0.6666666666666667,0.59858966,
694,2,4,0,0.3333333333333333,0.3333333333333333,0.4431756,
698,2,4,1,0.5,0.0,0.7295542,
703,2,4,0,0.0,1.0,0.71800864,
707,2,4,1,0.5,0.0,0.3872807,
709,2,4,0,0.3333333333333333,0.3333333333333333,0.46063542,
714,2,4,0,0.3333333333333333,0.3333333333333333,0.37496936,
715,2,4,1,0.5,0.0,0.33149445,
718,2,4,0,0.1666666666666666,0.6666666666666667,0.35491055,
720,2,4,0,0.0,1.0,0.4779026,
731,2,4,0,0.0,1.0,0.31662124,
741,2,4,0,0.2,0.6,0.3748778,
3,3,0,0,0.0,1.0,0.35021242,
5,3,0,0,0.2,0.6,0.5506046,
7,3,0,1,0.6,0.1999999999999999,0.3539965,
25,3,0,0,0.2,0.6,0.36534595,
30,3,0,0,0.2,0.6,0.34074625,
36,3,0,0,0.2,0.6,0.2780168,
37,3,0,0,0.2,0.6,0.2731672,
39,3,0,0,0.0,1.0,0.32718468,
44,3,0,0,0.0,1.0,0.3335337,
48,3,0,1,0.6,0.1999999999999999,0.38836145,
50,3,0,1,0.8,0.6000000000000001,0.44804978,
57,3,0,1,1.0,1.0,0.25306958,
58,3,0,0,0.25,0.5,0.37604147,
59,3,0,0,0.25,0.5,0.39640856,
60,3,0,0,0.0,1.0,0.41128564,
77,3,0,0,0.25,0.5,0.2511379,
78,3,0,0,0.0,1.0,0.30122477,
81,3,0,0,0.0,1.0,0.29730177,
99,3,0,0,0.0,1.0,0.2803058,
114,3,0,0,0.1111111111111111,0.7777777777777778,0.4351009,
115,3,0,0,0.0,1.0,0.26332617,
116,3,0,0,0.0,1.0,0.2891326,
125,3,0,0,0.125,0.75,0.2423135,
126,3,0,0,0.2222222222222222,0.5555555555555556,0.35781175,
127,3,0,1,0.6666666666666666,0.3333333333333332,0.42010593,
130,3,0,0,0.1111111111111111,0.7777777777777778,0.350352,
144,3,0,0,0.0,1.0,0.36037168,
145,3,0,0,0.4444444444444444,0.1111111111111111,0.2570787,
147,3,0,0,0.0,1.0,0.34739646,
149,3,0,0,0.3333333333333333,0.3333333333333333,0.21623239,
154,3,0,0,0.25,0.5,0.34340227,
161,3,0,0,0.0,1.0,0.54063594,
162,3,0,0,0.2,0.6,0.3923785,
166,3,0,0,0.25,0.5,0.25304562,
167,3,0,0,0.0,1.0,0.40673667,
169,3,0,0,0.0,1.0,0.45054454,
181,3,0,1,0.5,0.0,0.29065186,
186,3,0,0,0.0,1.0,0.29003188,
188,3,0,0,0.0,1.0,0.54974186,
190,3,0,0,0.25,0.5,0.35515177,
203,3,0,0,0.2,0.6,0.2803113,
204,3,0,0,0.4,0.1999999999999999,0.47196904,
205,3,0,0,0.2,0.6,0.2789373,
209,3,0,0,0.2,0.6,0.43514222,
210,3,0,0,0.4,0.1999999999999999,0.5998281,
216,3,0,0,0.0,1.0,0.37852186,
220,3,0,0,0.4,0.1999999999999999,0.2964181,
225,3,0,0,0.2,0.6,0.31968004,
235,3,0,0,0.0,1.0,0.39365777,
247,3,0,0,0.2,0.6,0.4233455,
253,3,0,0,0.0,1.0,0.37287098,
267,3,0,0,0.0,1.0,0.49937975,
269,3,0,1,0.5,0.0,0.47820854,
271,3,0,0,0.0,1.0,0.3838104,
273,3,0,1,0.5,0.0,0.36866423,
283,3,0,0,0.25,0.5,0.442303,
284,3,0,1,0.5,0.0,0.35477495,
285,3,0,0,0.4,0.1999999999999999,0.33110905,
291,3,0,0,0.0,1.0,0.5155748,
292,3,0,0,0.25,0.5,0.6167054,
308,3,0,0,0.4,0.1999999999999999,0.53562236,
309,3,0,1,0.8,0.6000000000000001,0.5948728,
320,3,0,0,0.0,1.0,0.32578754,
329,3,0,0,0.0,1.0,0.30498984,
341,3,0,1,0.6,0.1999999999999999,0.5691818,
346,3,0,1,0.6,0.1999999999999999,0.7873539,
348,3,0,0,0.4,0.1999999999999999,0.5817865,
349,3,0,0,0.0,1.0,0.2975682,
351,3,0,0,0.0,1.0,0.39433065,
354,3,0,0,0.25,0.5,0.45164254,
370,3,0,0,0.0,1.0,0.26601365,
373,3,0,0,0.0,1.0,0.4375057,
374,3,0,1,0.5,0.0,0.50336564,
390,3,0,1,0.75,0.5,0.72640556,
391,3,0,0,0.0,1.0,0.2899236,
395,3,0,1,0.5,0.0,0.6956583,
404,3,0,1,0.6,0.1999999999999999,0.8326424,
405,3,0,0,0.0,1.0,0.56540644,
411,3,0,0,0.2,0.6,0.654375,
412,3,0,1,1.0,1.0,0.6898969,
414,3,0,1,0.6,0.1999999999999999,0.6756762,
415,3,0,0,0.0,1.0,0.78675836,
419,3,0,0,0.4,0.1999999999999999,0.5382106,
425,3,0,0,0.0,1.0,0.507336,
426,3,0,1,0.8,0.6000000000000001,0.63115615,
435,3,0,0,0.4,0.1999999999999999,0.50688756,
437,3,0,1,0.6,0.1999999999999999,0.4672491,
443,3,0,0,0.0,1.0,0.3914957,
453,3,0,0,0.25,0.5,0.5223292,
461,3,0,1,0.5,0.0,0.69383323,
464,3,0,0,0.0,1.0,0.6611388,
467,3,0,1,1.0,1.0,0.7042564,
472,3,0,0,0.25,0.5,0.46296948,
484,3,0,0,0.25,0.5,0.5506762,
488,3,0,1,0.5,0.0,0.676571,
489,3,0,0,0.0,1.0,0.67941743,
493,3,0,0,0.0,1.0,0.54781616,
498,3,0,0,0.0,1.0,0.37778246,
500,3,0,0,0.25,0.5,0.61862373,
511,3,0,1,0.5,0.0,0.41486832,
522,3,0,0,0.25,0.5,0.51861656,
523,3,0,0,0.25,0.5,0.69107157,
531,3,0,1,0.75,0.5,0.6219639,
534,3,0,1,0.75,0.5,0.6433625,
544,3,0,1,0.5,0.0,0.6692314,
546,3,0,1,0.5,0.0,0.60017455,
554,3,0,1,0.5,0.0,0.61396754,
560,3,0,0,0.1666666666666666,0.6666666666666667,0.65819436,
567,3,0,0,0.3333333333333333,0.3333333333333333,0.63685167,
577,3,0,0,0.1666666666666666,0.6666666666666667,0.610036,
580,3,0,0,0.3333333333333333,0.3333333333333333,0.47634208,
591,3,0,1,0.5,0.0,0.600392,
596,3,0,1,0.5,0.0,0.5217572,
601,3,0,0,0.0,1.0,0.34589446,
604,3,0,1,0.75,0.5,0.4677778,
613,3,0,0,0.0,1.0,0.7987947,
618,3,0,0,0.0,1.0,0.43293452,
622,3,0,1,0.75,0.5,0.4518271,
633,3,0,1,0.5,0.0,0.5384205,
645,3,0,1,0.75,0.5,0.72010535,
648,3,0,1,0.5,0.0,0.524723,
650,3,0,0,0.0,1.0,0.430699,
651,3,0,0,0.3333333333333333,0.3333333333333333,0.58077306,
653,3,0,1,0.5,0.0,0.36772627,
665,3,0,0,0.1666666666666666,0.6666666666666667,0.5411527,
667,3,0,0,0.3333333333333333,0.3333333333333333,0.65678716,
668,3,0,0,0.1666666666666666,0.6666666666666667,0.6505641,
673,3,0,0,0.3333333333333333,0.3333333333333333,0.27357697,
674,3,0,0,0.3333333333333333,0.3333333333333333,0.5141871,
681,3,0,0,0.1666666666666666,0.6666666666666667,0.52736825,
683,3,0,1,0.8333333333333334,0.6666666666666667,0.6182656,
685,3,0,0,0.0,1.0,0.47811747,
689,3,0,0,0.0,1.0,0.35047618,
690,3,0,0,0.0,1.0,0.36569703,
692,3,0,0,0.0,1.0,0.307768,
694,3,0,0,0.3333333333333333,0.3333333333333333,0.43155158,
703,3,0,0,0.0,1.0,0.7357019,
707,3,0,1,0.5,0.0,0.37432754,
714,3,0,0,0.3333333333333333,0.3333333333333333,0.40169993,
716,3,0,1,0.6666666666666666,0.3333333333333332,0.38350213,
717,3,0,1,0.5,0.0,0.3457632,
723,3,0,0,0.1666666666666666,0.6666666666666667,0.44781208,
725,3,0,0,0.0,1.0,0.38535297,
730,3,0,0,0.3333333333333333,0.3333333333333333,0.4106518,
733,3,0,0,0.1666666666666666,0.6666666666666667,0.4214785,
740,3,0,0,0.1666666666666666,0.6666666666666667,0.47303748,
742,3,0,1,0.5,0.0,0.5495618,
6,3,1,0,0.2,0.6,0.24250421,
10,3,1,0,0.0,1.0,0.2202661,
14,3,1,0,0.2,0.6,0.4012233,
31,3,1,0,0.1666666666666666,0.6666666666666667,0.28268605,
35,3,1,1,0.5,0.0,0.2538897,
41,3,1,0,0.2,0.6,0.25195462,
42,3,1,0,0.0,1.0,0.4544614,
52,3,1,0,0.25,0.5,0.36255544,
55,3,1,0,0.0,1.0,0.30328423,
61,3,1,0,0.2,0.6,0.24717098,
62,3,1,0,0.25,0.5,0.26619142,
63,3,1,0,0.0,1.0,0.37077105,
65,3,1,0,0.25,0.5,0.2508601,
66,3,1,0,0.0,1.0,0.36745787,
73,3,1,0,0.0,1.0,0.20811918,
84,3,1,0,0.3333333333333333,0.3333333333333333,0.5192162,
87,3,1,0,0.0,1.0,0.32671028,
91,3,1,0,0.25,0.5,0.48987108,
92,3,1,0,0.0,1.0,0.38286215,
93,3,1,0,0.0,1.0,0.29660892,
97,3,1,0,0.25,0.5,0.28389183,
106,3,1,1,1.0,1.0,0.44820905,
136,3,1,0,0.3333333333333333,0.3333333333333333,0.5579596,
141,3,1,0,0.0,1.0,0.335429,
151,3,1,0,0.0,1.0,0.3914437,
153,3,1,0,0.0,1.0,0.3780377,
157,3,1,0,0.25,0.5,0.17156711,
160,3,1,0,0.1666666666666666,0.6666666666666667,0.3635312,
174,3,1,1,0.5,0.0,0.3085018,
180,3,1,0,0.0,1.0,0.34335718,
197,3,1,0,0.0,1.0,0.4589327,
198,3,1,0,0.0,1.0,0.42398426,
211,3,1,1,0.6,0.1999999999999999,0.6022105,
215,3,1,0,0.2,0.6,0.26335245,
217,3,1,0,0.0,1.0,0.2613677,
223,3,1,0,0.2,0.6,0.30001667,
231,3,1,1,0.5,0.0,0.35989735,
233,3,1,0,0.0,1.0,0.32787895,
237,3,1,0,0.4,0.1999999999999999,0.46908888,
239,3,1,1,0.6,0.1999999999999999,0.41761476,
242,3,1,1,0.6,0.1999999999999999,0.38726127,
243,3,1,0,0.0,1.0,0.40871006,
244,3,1,1,0.6,0.1999999999999999,0.45184493,
248,3,1,0,0.4,0.1999999999999999,0.4487319,
249,3,1,1,0.6,0.1999999999999999,0.43867236,
251,3,1,0,0.25,0.5,0.4732527,
255,3,1,0,0.25,0.5,0.27570224,
257,3,1,0,0.25,0.5,0.2864464,
259,3,1,0,0.0,1.0,0.4523005,
261,3,1,0,0.25,0.5,0.4692505,
264,3,1,0,0.25,0.5,0.39889288,
265,3,1,1,0.5,0.0,0.35013503,
266,3,1,0,0.25,0.5,0.22968453,
268,3,1,1,0.5,0.0,0.3009892,
276,3,1,0,0.2,0.6,0.26417774,
288,3,1,1,0.75,0.5,0.28520527,
296,3,1,0,0.0,1.0,0.2900288,
297,3,1,0,0.0,1.0,0.30925295,
306,3,1,0,0.0,1.0,0.47759232,
310,3,1,0,0.2,0.6,0.4580844,
313,3,1,0,0.0,1.0,0.35574996,
314,3,1,0,0.0,1.0,0.48203513,
315,3,1,1,0.8,0.6000000000000001,0.4284568,
317,3,1,0,0.4,0.1999999999999999,0.39366707,
319,3,1,0,0.2,0.6,0.58057845,
326,3,1,0,0.0,1.0,0.3281586,
330,3,1,0,0.4,0.1999999999999999,0.54839283,
337,3,1,0,0.0,1.0,0.38945723,
350,3,1,0,0.0,1.0,0.32958978,
355,3,1,0,0.25,0.5,0.35694873,
358,3,1,0,0.25,0.5,0.63595176,
364,3,1,1,0.5,0.0,0.44330359,
366,3,1,0,0.0,1.0,0.53639656,
376,3,1,1,0.5,0.0,0.5880946,
378,3,1,1,0.5,0.0,0.3647973,
383,3,1,0,0.0,1.0,0.41140285,
388,3,1,1,0.5,0.0,0.64858973,
393,3,1,0,0.25,0.5,0.53396827,
394,3,1,1,0.5,0.0,0.7541343,
402,3,1,1,0.6,0.1999999999999999,0.42294526,
403,3,1,0,0.0,1.0,0.31306016,
406,3,1,1,0.6,0.1999999999999999,0.5301802,
408,3,1,0,0.4,0.1999999999999999,0.68568623,
413,3,1,0,0.0,1.0,0.72974133,
420,3,1,0,0.0,1.0,0.40937573,
422,3,1,1,0.6,0.1999999999999999,0.3733403,
430,3,1,1,0.6,0.1999999999999999,0.6582155,
439,3,1,0,0.2,0.6,0.50987035,
441,3,1,0,0.2,0.6,0.73009443,
445,3,1,0,0.0,1.0,0.64191073,
459,3,1,0,0.25,0.5,0.7607064,
462,3,1,1,0.5,0.0,0.73147774,
469,3,1,1,0.75,0.5,0.33581716,
473,3,1,0,0.25,0.5,0.6606976,
475,3,1,0,0.25,0.5,0.5260373,
482,3,1,0,0.0,1.0,0.24534926,
485,3,1,1,0.5,0.0,0.50357646,
490,3,1,0,0.25,0.5,0.471282,
496,3,1,1,0.75,0.5,0.657604,
512,3,1,1,1.0,1.0,0.7834576,
518,3,1,0,0.25,0.5,0.62463117,
524,3,1,0,0.0,1.0,0.6222035,
525,3,1,0,0.2,0.6,0.21029775,
532,3,1,0,0.0,1.0,0.28195983,
535,3,1,0,0.25,0.5,0.7847578,
543,3,1,1,0.5,0.0,0.59679306,
545,3,1,0,0.25,0.5,0.5468526,
548,3,1,1,0.5,0.0,0.57170606,
551,3,1,1,0.6666666666666666,0.3333333333333332,0.5488611,
562,3,1,0,0.3333333333333333,0.3333333333333333,0.6485201,
576,3,1,1,0.5,0.0,0.60087746,
579,3,1,0,0.3333333333333333,0.3333333333333333,0.41161984,
581,3,1,0,0.3333333333333333,0.3333333333333333,0.59708554,
585,3,1,1,0.5,0.0,0.5472918,
588,3,1,0,0.1666666666666666,0.6666666666666667,0.7832211,
594,3,1,0,0.0,1.0,0.53243715,
611,3,1,1,0.75,0.5,0.48499316,
625,3,1,0,0.0,1.0,0.5248445,
627,3,1,1,0.75,0.5,0.70036125,
630,3,1,1,0.5,0.0,0.6396544,
632,3,1,1,0.5,0.0,0.59094906,
634,3,1,0,0.25,0.5,0.54444337,
635,3,1,1,0.5,0.0,0.49447435,
638,3,1,0,0.25,0.5,0.63398564,
639,3,1,0,0.0,1.0,0.69619125,
641,3,1,0,0.0,1.0,0.60257196,
643,3,1,1,0.5,0.0,0.49555212,
644,3,1,0,0.25,0.5,0.47480825,
647,3,1,1,0.5,0.0,0.7066489,
654,3,1,0,0.1666666666666666,0.6666666666666667,0.59122473,
655,3,1,1,0.6666666666666666,0.3333333333333332,0.40164563,
660,3,1,0,0.1666666666666666,0.6666666666666667,0.5900266,
662,3,1,0,0.0,1.0,0.43280166,
664,3,1,1,0.6666666666666666,0.3333333333333332,0.5438629,
669,3,1,0,0.3333333333333333,0.3333333333333333,0.45588174,
675,3,1,0,0.3333333333333333,0.3333333333333333,0.3253707,
682,3,1,0,0.1666666666666666,0.6666666666666667,0.4964388,
688,3,1,0,0.1666666666666666,0.6666666666666667,0.30232894,
691,3,1,0,0.1666666666666666,0.6666666666666667,0.49948984,
693,3,1,1,0.5,0.0,0.7643164,
710,3,1,0,0.0,1.0,0.30481756,
720,3,1,0,0.0,1.0,0.4187005,
721,3,1,0,0.3333333333333333,0.3333333333333333,0.5164601,
732,3,1,0,0.0,1.0,0.25314057,
734,3,1,0,0.0,1.0,0.27913773,
735,3,1,0,0.0,1.0,0.34268916,
738,3,1,0,0.3333333333333333,0.3333333333333333,0.5782493,
1,3,2,0,0.3333333333333333,0.3333333333333333,0.4366839,
2,3,2,0,0.4,0.1999999999999999,0.1797897,
8,3,2,0,0.0,1.0,0.2566278,
21,3,2,0,0.2,0.6,0.47121257,
22,3,2,0,0.2,0.6,0.471606,
24,3,2,0,0.0,1.0,0.33278298,
27,3,2,0,0.2,0.6,0.3668584,
34,3,2,0,0.1666666666666666,0.6666666666666667,0.5151546,
38,3,2,0,0.0,1.0,0.49156514,
40,3,2,0,0.2,0.6,0.3327396,
45,3,2,0,0.0,1.0,0.41269428,
47,3,2,0,0.25,0.5,0.27872708,
49,3,2,0,0.3333333333333333,0.3333333333333333,0.35408282,
56,3,2,0,0.25,0.5,0.28798544,
64,3,2,0,0.3333333333333333,0.3333333333333333,0.25349212,
69,3,2,0,0.0,1.0,0.32667655,
86,3,2,0,0.0,1.0,0.21842237,
95,3,2,0,0.25,0.5,0.27222785,
96,3,2,0,0.0,1.0,0.30198008,
100,3,2,0,0.25,0.5,0.39315152,
107,3,2,0,0.1111111111111111,0.7777777777777778,0.42014503,
110,3,2,0,0.0,1.0,0.6334684,
120,3,2,0,0.0,1.0,0.30441082,
121,3,2,0,0.1111111111111111,0.7777777777777778,0.35238057,
123,3,2,0,0.0,1.0,0.27304295,
129,3,2,0,0.2,0.6,0.38743764,
131,3,2,0,0.0,1.0,0.45215952,
133,3,2,1,0.8888888888888888,0.7777777777777777,0.3571303,
135,3,2,0,0.1666666666666666,0.6666666666666667,0.2764204,
138,3,2,1,0.5555555555555556,0.1111111111111111,0.37282768,
146,3,2,1,0.8888888888888888,0.7777777777777777,0.2898485,
148,3,2,0,0.1111111111111111,0.7777777777777778,0.3256064,
150,3,2,0,0.0,1.0,0.43228954,
155,3,2,0,0.25,0.5,0.47022992,
156,3,2,0,0.25,0.5,0.33914843,
163,3,2,0,0.25,0.5,0.37795871,
165,3,2,0,0.0,1.0,0.5316784,
170,3,2,0,0.1666666666666666,0.6666666666666667,0.43229228,
173,3,2,0,0.25,0.5,0.25223613,
184,3,2,0,0.0,1.0,0.28648555,
189,3,2,1,0.5,0.0,0.4892472,
191,3,2,0,0.0,1.0,0.3195193,
193,3,2,0,0.25,0.5,0.43772328,
195,3,2,0,0.0,1.0,0.40930104,
196,3,2,1,0.5,0.0,0.39900973,
207,3,2,0,0.2,0.6,0.35646838,
208,3,2,0,0.0,1.0,0.32762575,
214,3,2,0,0.2,0.6,0.3534522,
221,3,2,1,0.8,0.6000000000000001,0.36950713,
227,3,2,1,1.0,1.0,0.33081573,
230,3,2,0,0.2,0.6,0.21062389,
234,3,2,0,0.25,0.5,0.44741452,
262,3,2,1,0.5,0.0,0.36721185,
270,3,2,0,0.0,1.0,0.37960568,
278,3,2,0,0.25,0.5,0.2746739,
280,3,2,0,0.25,0.5,0.43694788,
282,3,2,0,0.25,0.5,0.39400637,
290,3,2,0,0.0,1.0,0.45364362,
294,3,2,0,0.0,1.0,0.42056596,
295,3,2,0,0.0,1.0,0.26157624,
298,3,2,0,0.25,0.5,0.46308434,
299,3,2,1,0.8,0.6000000000000001,0.26556858,
300,3,2,0,0.0,1.0,0.4234308,
304,3,2,1,0.8,0.6000000000000001,0.4131196,
311,3,2,0,0.4,0.1999999999999999,0.33132416,
312,3,2,0,0.0,1.0,0.33410963,
322,3,2,1,0.6,0.1999999999999999,0.5275631,
323,3,2,0,0.0,1.0,0.448314,
333,3,2,0,0.0,1.0,0.25050762,
334,3,2,0,0.4,0.1999999999999999,0.41501045,
344,3,2,0,0.2,0.6,0.27580896,
357,3,2,1,0.5,0.0,0.26203653,
367,3,2,0,0.25,0.5,0.42397323,
371,3,2,0,0.25,0.5,0.49752015,
382,3,2,1,0.5,0.0,0.4549873,
396,3,2,1,0.75,0.5,0.63081026,
398,3,2,0,0.25,0.5,0.6021655,
417,3,2,0,0.2,0.6,0.5338632,
421,3,2,0,0.2,0.6,0.42701644,
427,3,2,1,0.6,0.1999999999999999,0.6235467,
429,3,2,0,0.0,1.0,0.56316495,
433,3,2,0,0.0,1.0,0.40642244,
434,3,2,0,0.0,1.0,0.48266587,
436,3,2,0,0.4,0.1999999999999999,0.55560625,
438,3,2,0,0.1666666666666666,0.6666666666666667,0.40434772,
442,3,2,1,0.8,0.6000000000000001,0.7335018,
448,3,2,0,0.0,1.0,0.33282655,
451,3,2,0,0.25,0.5,0.50510776,
463,3,2,0,0.25,0.5,0.47515815,
466,3,2,1,0.5,0.0,0.64116204,
471,3,2,0,0.0,1.0,0.8636325,
474,3,2,0,0.0,1.0,0.34791952,
477,3,2,0,0.0,1.0,0.38455272,
481,3,2,0,0.0,1.0,0.8459989,
492,3,2,0,0.3333333333333333,0.3333333333333333,0.39928207,
494,3,2,1,0.8,0.6000000000000001,0.5103618,
502,3,2,1,0.75,0.5,0.55402803,
507,3,2,1,1.0,1.0,0.635129,
513,3,2,0,0.0,1.0,0.63552153,
530,3,2,1,0.5,0.0,0.57872015,
537,3,2,0,0.25,0.5,0.4944544,
539,3,2,0,0.25,0.5,0.5154172,
540,3,2,0,0.25,0.5,0.69925374,
547,3,2,1,0.5,0.0,0.5809169,
550,3,2,0,0.0,1.0,0.6525732,
553,3,2,0,0.0,1.0,0.37899283,
556,3,2,0,0.1666666666666666,0.6666666666666667,0.45829064,
561,3,2,1,0.5,0.0,0.61522925,
564,3,2,1,0.5,0.0,0.67314327,
569,3,2,0,0.1666666666666666,0.6666666666666667,0.46536052,
582,3,2,1,0.5,0.0,0.62445426,
586,3,2,1,0.6666666666666666,0.3333333333333332,0.6217712,
592,3,2,1,0.6,0.1999999999999999,0.79321533,
593,3,2,1,0.5,0.0,0.54041004,
595,3,2,1,0.8333333333333334,0.6666666666666667,0.6597091,
598,3,2,0,0.3333333333333333,0.3333333333333333,0.5790452,
600,3,2,0,0.1666666666666666,0.6666666666666667,0.5827304,
603,3,2,1,0.5,0.0,0.4951207,
606,3,2,0,0.25,0.5,0.34635448,
607,3,2,0,0.0,1.0,0.642319,
609,3,2,0,0.25,0.5,0.5636816,
614,3,2,1,0.75,0.5,0.5044247,
615,3,2,1,0.75,0.5,0.6919247,
621,3,2,1,0.5,0.0,0.49280608,
624,3,2,0,0.25,0.5,0.548934,
626,3,2,1,0.5,0.0,0.5486926,
631,3,2,0,0.0,1.0,0.5027889,
640,3,2,1,0.75,0.5,0.8584851,
642,3,2,1,0.75,0.5,0.6160827,
657,3,2,1,0.5,0.0,0.5283259,
658,3,2,0,0.1666666666666666,0.6666666666666667,0.529288,
663,3,2,0,0.3333333333333333,0.3333333333333333,0.64428544,
672,3,2,0,0.0,1.0,0.51962066,
679,3,2,0,0.4,0.1999999999999999,0.3614527,
687,3,2,0,0.3333333333333333,0.3333333333333333,0.5174198,
698,3,2,1,0.5,0.0,0.74609405,
699,3,2,0,0.1666666666666666,0.6666666666666667,0.53473645,
702,3,2,0,0.1666666666666666,0.6666666666666667,0.70595837,
705,3,2,1,0.5,0.0,0.2840919,
706,3,2,1,0.6666666666666666,0.3333333333333332,0.586156,
708,3,2,0,0.0,1.0,0.37751228,
709,3,2,0,0.3333333333333333,0.3333333333333333,0.43387836,
719,3,2,0,0.1666666666666666,0.6666666666666667,0.5425697,
726,3,2,0,0.0,1.0,0.40273926,
736,3,2,0,0.0,1.0,0.3991487,
739,3,2,0,0.3333333333333333,0.3333333333333333,0.44336125,
741,3,2,0,0.2,0.6,0.45392895,
4,3,3,1,0.6,0.1999999999999999,0.4201161,
11,3,3,1,0.6,0.1999999999999999,0.3308573,
13,3,3,0,0.2,0.6,0.30385953,
15,3,3,0,0.4,0.1999999999999999,0.3631848,
16,3,3,1,0.6,0.1999999999999999,0.24625912,
18,3,3,1,0.6,0.1999999999999999,0.39251834,
28,3,3,0,0.2,0.6,0.37625784,
29,3,3,0,0.2,0.6,0.46118742,
54,3,3,0,0.25,0.5,0.31125158,
67,3,3,0,0.0,1.0,0.20961103,
71,3,3,0,0.0,1.0,0.27332765,
72,3,3,0,0.25,0.5,0.21317212,
74,3,3,0,0.0,1.0,0.44895947,
75,3,3,0,0.0,1.0,0.29127726,
79,3,3,0,0.25,0.5,0.4208687,
80,3,3,0,0.0,1.0,0.33615673,
82,3,3,0,0.25,0.5,0.29512513,
83,3,3,0,0.25,0.5,0.6005189,
85,3,3,0,0.25,0.5,0.45101017,
89,3,3,0,0.25,0.5,0.34765637,
90,3,3,1,0.5,0.0,0.23611233,
94,3,3,0,0.25,0.5,0.24822995,
98,3,3,0,0.3333333333333333,0.3333333333333333,0.3228913,
101,3,3,0,0.3333333333333333,0.3333333333333333,0.38710943,
103,3,3,0,0.1111111111111111,0.7777777777777778,0.3952794,
108,3,3,0,0.25,0.5,0.34550622,
112,3,3,0,0.125,0.75,0.24331382,
119,3,3,0,0.1111111111111111,0.7777777777777778,0.28919113,
122,3,3,0,0.0,1.0,0.30752766,
134,3,3,0,0.1111111111111111,0.7777777777777778,0.31381547,
137,3,3,1,0.6666666666666666,0.3333333333333332,0.25488532,
140,3,3,0,0.2222222222222222,0.5555555555555556,0.40856934,
152,3,3,0,0.0,1.0,0.32024485,
159,3,3,0,0.0,1.0,0.29504818,
164,3,3,0,0.0,1.0,0.25827867,
177,3,3,0,0.0,1.0,0.40901724,
182,3,3,0,0.0,1.0,0.37549758,
183,3,3,0,0.0,1.0,0.39579183,
192,3,3,0,0.0,1.0,0.28956553,
199,3,3,0,0.25,0.5,0.39982292,
201,3,3,0,0.25,0.5,0.28293872,
213,3,3,0,0.4,0.1999999999999999,0.35283178,
219,3,3,0,0.0,1.0,0.36002958,
226,3,3,0,0.0,1.0,0.28670645,
228,3,3,0,0.2,0.6,0.4001618,
238,3,3,0,0.25,0.5,0.26651943,
241,3,3,1,0.6,0.1999999999999999,0.31266353,
245,3,3,0,0.0,1.0,0.5354582,
250,3,3,0,0.4,0.1999999999999999,0.42782265,
252,3,3,0,0.0,1.0,0.24985471,
258,3,3,0,0.0,1.0,0.34786478,
263,3,3,0,0.2,0.6,0.32362008,
272,3,3,1,0.5,0.0,0.43747467,
275,3,3,1,0.5,0.0,0.47535074,
277,3,3,1,0.5,0.0,0.5120513,
279,3,3,0,0.2,0.6,0.20466249,
302,3,3,0,0.0,1.0,0.41720042,
307,3,3,0,0.4,0.1999999999999999,0.35126856,
316,3,3,0,0.4,0.1999999999999999,0.4191472,
318,3,3,0,0.4,0.1999999999999999,0.4217354,
324,3,3,0,0.2,0.6,0.5753624,
328,3,3,1,0.6,0.1999999999999999,0.33994225,
331,3,3,0,0.0,1.0,0.35401905,
332,3,3,0,0.0,1.0,0.37244004,
338,3,3,0,0.4,0.1999999999999999,0.32879585,
339,3,3,0,0.0,1.0,0.30261183,
345,3,3,0,0.0,1.0,0.3296957,
347,3,3,0,0.4,0.1999999999999999,0.48046678,
352,3,3,0,0.25,0.5,0.43895265,
363,3,3,0,0.0,1.0,0.5900802,
375,3,3,1,0.5,0.0,0.66637313,
377,3,3,0,0.25,0.5,0.50458544,
379,3,3,1,0.75,0.5,0.61386657,
380,3,3,1,0.75,0.5,0.7570145,
381,3,3,1,0.75,0.5,0.3808915,
384,3,3,0,0.25,0.5,0.5920591,
386,3,3,0,0.25,0.5,0.5585538,
387,3,3,0,0.0,1.0,0.42735565,
389,3,3,0,0.25,0.5,0.71670187,
392,3,3,1,0.5,0.0,0.5107106,
407,3,3,0,0.2,0.6,0.70103025,
409,3,3,0,0.4,0.1999999999999999,0.8313079,
416,3,3,0,0.0,1.0,0.50491405,
423,3,3,0,0.0,1.0,0.6053324,
424,3,3,1,0.6,0.1999999999999999,0.4192949,
432,3,3,0,0.2,0.6,0.6567371,
440,3,3,0,0.0,1.0,0.7333422,
446,3,3,0,0.2,0.6,0.63013136,
447,3,3,0,0.0,1.0,0.4005547,
452,3,3,0,0.25,0.5,0.5671196,
454,3,3,0,0.0,1.0,0.6234472,
455,3,3,0,0.0,1.0,0.33271247,
456,3,3,1,0.5,0.0,0.56766474,
457,3,3,1,0.5,0.0,0.659929,
458,3,3,0,0.0,1.0,0.4347874,
476,3,3,0,0.0,1.0,0.6904466,
478,3,3,0,0.0,1.0,0.32430267,
479,3,3,0,0.0,1.0,0.6319755,
480,3,3,1,0.5,0.0,0.7036729,
483,3,3,0,0.25,0.5,0.7688571,
487,3,3,0,0.2,0.6,0.2767998,
491,3,3,1,0.5,0.0,0.6232658,
499,3,3,0,0.0,1.0,0.4618066,
503,3,3,0,0.0,1.0,0.63675094,
505,3,3,1,0.5,0.0,0.6817435,
506,3,3,1,0.75,0.5,0.7011665,
508,3,3,1,0.75,0.5,0.5693854,
515,3,3,0,0.25,0.5,0.5952725,
516,3,3,0,0.0,1.0,0.64392745,
519,3,3,0,0.0,1.0,0.546208,
521,3,3,1,0.75,0.5,0.72569126,
526,3,3,0,0.0,1.0,0.7010774,
529,3,3,1,0.5,0.0,0.40806577,
541,3,3,1,0.5,0.0,0.74227476,
542,3,3,0,0.25,0.5,0.47148985,
549,3,3,0,0.0,1.0,0.36222488,
552,3,3,1,0.6666666666666666,0.3333333333333332,0.61339974,
555,3,3,0,0.3333333333333333,0.3333333333333333,0.68709546,
558,3,3,1,0.5,0.0,0.6276891,
568,3,3,1,1.0,1.0,0.6189105,
570,3,3,1,0.6666666666666666,0.3333333333333332,0.63258755,
573,3,3,0,0.3333333333333333,0.3333333333333333,0.66595054,
575,3,3,1,0.5,0.0,0.7395163,
578,3,3,1,0.5,0.0,0.5289316,
583,3,3,1,0.5,0.0,0.80042595,
589,3,3,0,0.3333333333333333,0.3333333333333333,0.59414124,
590,3,3,0,0.3333333333333333,0.3333333333333333,0.68859786,
597,3,3,0,0.0,1.0,0.23720229,
610,3,3,0,0.25,0.5,0.58574414,
617,3,3,1,0.5,0.0,0.7112925,
629,3,3,1,0.5,0.0,0.6693086,
636,3,3,0,0.0,1.0,0.55264187,
637,3,3,1,0.5,0.0,0.629613,
646,3,3,0,0.0,1.0,0.29215714,
652,3,3,0,0.0,1.0,0.21877152,
671,3,3,0,0.3333333333333333,0.3333333333333333,0.5137604,
677,3,3,1,0.6666666666666666,0.3333333333333332,0.6308094,
678,3,3,0,0.3333333333333333,0.3333333333333333,0.4407754,
680,3,3,0,0.0,1.0,0.34826314,
686,3,3,0,0.0,1.0,0.54633594,
695,3,3,0,0.3333333333333333,0.3333333333333333,0.5112238,
697,3,3,1,0.5,0.0,0.6443278,
704,3,3,0,0.3333333333333333,0.3333333333333333,0.40074706,
713,3,3,1,0.6,0.1999999999999999,0.38781112,
722,3,3,0,0.2,0.6,0.2921063,
729,3,3,0,0.4,0.1999999999999999,0.44135088,
737,3,3,0,0.1666666666666666,0.6666666666666667,0.3433389,
9,3,4,0,0.0,1.0,0.4317,
12,3,4,0,0.4,0.1999999999999999,0.33694345,
17,3,4,0,0.4,0.1999999999999999,0.35938388,
20,3,4,0,0.25,0.5,0.28702778,
26,3,4,1,0.8,0.6000000000000001,0.21763188,
32,3,4,0,0.2,0.6,0.34837776,
33,3,4,0,0.4,0.1999999999999999,0.330738,
43,3,4,0,0.2,0.6,0.39167035,
46,3,4,0,0.4,0.1999999999999999,0.5896641,
51,3,4,0,0.25,0.5,0.3564874,
53,3,4,0,0.1666666666666666,0.6666666666666667,0.3242346,
68,3,4,0,0.0,1.0,0.28924015,
70,3,4,0,0.0,1.0,0.45588338,
76,3,4,0,0.25,0.5,0.29987895,
88,3,4,1,0.5,0.0,0.30808306,
102,3,4,0,0.0,1.0,0.3001952,
104,3,4,0,0.1111111111111111,0.7777777777777778,0.32821512,
105,3,4,0,0.0,1.0,0.42642656,
109,3,4,0,0.1111111111111111,0.7777777777777778,0.33514047,
111,3,4,0,0.1111111111111111,0.7777777777777778,0.26711747,
113,3,4,0,0.1111111111111111,0.7777777777777778,0.32705888,
117,3,4,0,0.25,0.5,0.3599611,
118,3,4,0,0.0,1.0,0.37350374,
124,3,4,0,0.0,1.0,0.36907023,
128,3,4,0,0.1111111111111111,0.7777777777777778,0.2785362,
132,3,4,0,0.2222222222222222,0.5555555555555556,0.40288302,
139,3,4,0,0.0,1.0,0.3603958,
142,3,4,0,0.0,1.0,0.3369456,
143,3,4,1,0.5555555555555556,0.1111111111111111,0.4629708,
158,3,4,0,0.0,1.0,0.24757934,
168,3,4,0,0.25,0.5,0.4438564,
171,3,4,0,0.25,0.5,0.38715684,
172,3,4,0,0.0,1.0,0.39985424,
175,3,4,0,0.0,1.0,0.2659849,
176,3,4,0,0.0,1.0,0.32354575,
178,3,4,0,0.0,1.0,0.27362132,
179,3,4,0,0.25,0.5,0.4381334,
185,3,4,0,0.25,0.5,0.3928386,
187,3,4,0,0.0,1.0,0.3864572,
194,3,4,0,0.0,1.0,0.5081362,
200,3,4,0,0.2,0.6,0.31251818,
202,3,4,1,0.6,0.1999999999999999,0.39237976,
206,3,4,1,0.5,0.0,0.33102244,
212,3,4,0,0.2,0.6,0.26843986,
222,3,4,0,0.2,0.6,0.50405127,
224,3,4,0,0.4,0.1999999999999999,0.46679997,
229,3,4,0,0.0,1.0,0.2524914,
232,3,4,0,0.25,0.5,0.42691237,
236,3,4,0,0.0,1.0,0.31193435,
240,3,4,0,0.2,0.6,0.36537665,
246,3,4,0,0.4,0.1999999999999999,0.3883388,
254,3,4,0,0.25,0.5,0.5346489,
260,3,4,0,0.25,0.5,0.30295447,
274,3,4,1,0.5,0.0,0.7011771,
281,3,4,0,0.0,1.0,0.30156136,
286,3,4,0,0.2,0.6,0.21641704,
287,3,4,0,0.25,0.5,0.3637083,
289,3,4,1,0.5,0.0,0.43430248,
293,3,4,1,0.5,0.0,0.45719135,
303,3,4,0,0.0,1.0,0.28710473,
321,3,4,1,0.6,0.1999999999999999,0.47014898,
325,3,4,0,0.0,1.0,0.34000218,
327,3,4,0,0.0,1.0,0.5141431,
335,3,4,1,0.5,0.0,0.3632527,
336,3,4,0,0.4,0.1999999999999999,0.50071883,
340,3,4,1,0.6,0.1999999999999999,0.49139178,
342,3,4,0,0.2,0.6,0.4170823,
343,3,4,1,0.8,0.6000000000000001,0.5854099,
353,3,4,0,0.0,1.0,0.6104648,
356,3,4,0,0.25,0.5,0.5206391,
359,3,4,0,0.25,0.5,0.49115926,
360,3,4,0,0.25,0.5,0.6304132,
361,3,4,0,0.0,1.0,0.30714977,
362,3,4,1,0.75,0.5,0.6340614,
365,3,4,0,0.25,0.5,0.5391035,
368,3,4,1,0.5,0.0,0.492903,
369,3,4,0,0.0,1.0,0.3466777,
372,3,4,0,0.25,0.5,0.50824744,
385,3,4,1,0.5,0.0,0.4831838,
397,3,4,1,0.75,0.5,0.73312926,
399,3,4,0,0.25,0.5,0.44584727,
400,3,4,1,0.5,0.0,0.6646842,
401,3,4,0,0.2,0.6,0.64217734,
410,3,4,1,0.6,0.1999999999999999,0.6768242,
418,3,4,0,0.0,1.0,0.6783285,
428,3,4,1,0.6,0.1999999999999999,0.563349,
431,3,4,0,0.4,0.1999999999999999,0.41683373,
444,3,4,0,0.2,0.6,0.6973493,
449,3,4,0,0.4,0.1999999999999999,0.4960341,
450,3,4,0,0.2,0.6,0.46531904,
460,3,4,0,0.0,1.0,0.534421,
465,3,4,1,0.5,0.0,0.6571153,
468,3,4,0,0.25,0.5,0.7148508,
470,3,4,0,0.0,1.0,0.6546767,
486,3,4,0,0.25,0.5,0.80263317,
495,3,4,0,0.0,1.0,0.69019705,
497,3,4,0,0.0,1.0,0.3627867,
501,3,4,0,0.25,0.5,0.64207697,
504,3,4,1,0.75,0.5,0.66011846,
509,3,4,0,0.25,0.5,0.5028641,
510,3,4,1,0.5,0.0,0.62590194,
514,3,4,1,0.75,0.5,0.74254817,
517,3,4,0,0.25,0.5,0.677789,
520,3,4,1,0.5,0.0,0.5200012,
527,3,4,0,0.25,0.5,0.6483028,
528,3,4,0,0.0,1.0,0.33279935,
533,3,4,0,0.0,1.0,0.32146633,
536,3,4,0,0.3333333333333333,0.3333333333333333,0.5686932,
538,3,4,0,0.0,1.0,0.72035587,
557,3,4,0,0.3333333333333333,0.3333333333333333,0.5865668,
559,3,4,1,0.6666666666666666,0.3333333333333332,0.42871583,
563,3,4,0,0.0,1.0,0.6780741,
565,3,4,0,0.3333333333333333,0.3333333333333333,0.573774,
566,3,4,0,0.1666666666666666,0.6666666666666667,0.5133835,
571,3,4,1,0.5,0.0,0.55097455,
572,3,4,1,0.8333333333333334,0.6666666666666667,0.71899205,
574,3,4,0,0.3333333333333333,0.3333333333333333,0.4057138,
584,3,4,1,0.6666666666666666,0.3333333333333332,0.8106234,
587,3,4,1,0.8333333333333334,0.6666666666666667,0.59572995,
599,3,4,0,0.0,1.0,0.4558147,
602,3,4,0,0.25,0.5,0.56056416,
605,3,4,1,0.5,0.0,0.58219665,
608,3,4,0,0.0,1.0,0.62347716,
612,3,4,0,0.0,1.0,0.21638282,
616,3,4,1,0.75,0.5,0.5345084,
619,3,4,0,0.25,0.5,0.662266,
620,3,4,1,0.75,0.5,0.6622924,
623,3,4,1,0.5,0.0,0.61204946,
628,3,4,0,0.0,1.0,0.39424187,
649,3,4,1,0.5,0.0,0.55289173,
656,3,4,1,0.6666666666666666,0.3333333333333332,0.68426764,
659,3,4,1,0.6666666666666666,0.3333333333333332,0.576159,
661,3,4,1,0.8333333333333334,0.6666666666666667,0.82677007,
670,3,4,1,0.5,0.0,0.63879836,
676,3,4,0,0.1666666666666666,0.6666666666666667,0.6182058,
684,3,4,0,0.0,1.0,0.6893035,
696,3,4,0,0.1666666666666666,0.6666666666666667,0.4686376,
700,3,4,1,0.5,0.0,0.66645074,
701,3,4,0,0.1666666666666666,0.6666666666666667,0.61395395,
711,3,4,1,0.6,0.1999999999999999,0.3529494,
712,3,4,0,0.1666666666666666,0.6666666666666667,0.42515805,
715,3,4,1,0.5,0.0,0.39735788,
718,3,4,0,0.1666666666666666,0.6666666666666667,0.3751623,
724,3,4,0,0.2,0.6,0.3361289,
727,3,4,0,0.4,0.1999999999999999,0.46165448,
728,3,4,0,0.2,0.6,0.33168137,
731,3,4,0,0.0,1.0,0.30839187,
3,4,0,0,0.0,1.0,0.3193125,
8,4,0,0,0.0,1.0,0.27944553,
10,4,0,0,0.0,1.0,0.3000792,
11,4,0,1,0.6,0.1999999999999999,0.2974997,
13,4,0,0,0.2,0.6,0.2757581,
18,4,0,1,0.6,0.1999999999999999,0.4222036,
24,4,0,0,0.0,1.0,0.3127256,
25,4,0,0,0.2,0.6,0.39040467,
29,4,0,0,0.2,0.6,0.43908197,
30,4,0,0,0.2,0.6,0.30890608,
31,4,0,0,0.1666666666666666,0.6666666666666667,0.2500221,
34,4,0,0,0.1666666666666666,0.6666666666666667,0.57895756,
36,4,0,0,0.2,0.6,0.23595256,
44,4,0,0,0.0,1.0,0.2956466,
46,4,0,0,0.4,0.1999999999999999,0.5852668,
47,4,0,0,0.25,0.5,0.3024385,
51,4,0,0,0.25,0.5,0.32633987,
52,4,0,0,0.25,0.5,0.32070166,
57,4,0,1,1.0,1.0,0.28294826,
60,4,0,0,0.0,1.0,0.4069689,
67,4,0,0,0.0,1.0,0.24140823,
70,4,0,0,0.0,1.0,0.5286542,
83,4,0,0,0.25,0.5,0.56273973,
90,4,0,1,0.5,0.0,0.23331004,
94,4,0,0,0.25,0.5,0.2690876,
110,4,0,0,0.0,1.0,0.6164277,
111,4,0,0,0.1111111111111111,0.7777777777777778,0.25596932,
116,4,0,0,0.0,1.0,0.2556963,
121,4,0,0,0.1111111111111111,0.7777777777777778,0.32326442,
124,4,0,0,0.0,1.0,0.33821794,
128,4,0,0,0.1111111111111111,0.7777777777777778,0.23441143,
151,4,0,0,0.0,1.0,0.37309015,
159,4,0,0,0.0,1.0,0.27304786,
169,4,0,0,0.0,1.0,0.44549423,
182,4,0,0,0.0,1.0,0.358858,
185,4,0,0,0.25,0.5,0.3736357,
189,4,0,1,0.5,0.0,0.4971164,
190,4,0,0,0.25,0.5,0.33851913,
191,4,0,0,0.0,1.0,0.31692743,
192,4,0,0,0.0,1.0,0.30370158,
198,4,0,0,0.0,1.0,0.42395854,
200,4,0,0,0.2,0.6,0.33414015,
205,4,0,0,0.2,0.6,0.23253317,
213,4,0,0,0.4,0.1999999999999999,0.3257205,
226,4,0,0,0.0,1.0,0.28524762,
230,4,0,0,0.2,0.6,0.20411558,
233,4,0,0,0.0,1.0,0.35466206,
234,4,0,0,0.25,0.5,0.4214577,
236,4,0,0,0.0,1.0,0.3062879,
240,4,0,0,0.2,0.6,0.36090833,
241,4,0,1,0.6,0.1999999999999999,0.31531936,
242,4,0,1,0.6,0.1999999999999999,0.40420145,
246,4,0,0,0.4,0.1999999999999999,0.47269028,
248,4,0,0,0.4,0.1999999999999999,0.4919927,
252,4,0,0,0.0,1.0,0.24148962,
255,4,0,0,0.25,0.5,0.30246443,
273,4,0,1,0.5,0.0,0.36118388,
274,4,0,1,0.5,0.0,0.6814059,
278,4,0,0,0.25,0.5,0.26516116,
288,4,0,1,0.75,0.5,0.27372003,
311,4,0,0,0.4,0.1999999999999999,0.30658925,
315,4,0,1,0.8,0.6000000000000001,0.4679467,
319,4,0,0,0.2,0.6,0.53253675,
320,4,0,0,0.0,1.0,0.37190145,
321,4,0,1,0.6,0.1999999999999999,0.48682415,
323,4,0,0,0.0,1.0,0.40174034,
326,4,0,0,0.0,1.0,0.35755104,
330,4,0,0,0.4,0.1999999999999999,0.48410767,
339,4,0,0,0.0,1.0,0.33787847,
346,4,0,1,0.6,0.1999999999999999,0.74372834,
359,4,0,0,0.25,0.5,0.49905908,
370,4,0,0,0.0,1.0,0.28692073,
372,4,0,0,0.25,0.5,0.5195294,
380,4,0,1,0.75,0.5,0.7521061,
381,4,0,1,0.75,0.5,0.3811967,
384,4,0,0,0.25,0.5,0.6122128,
395,4,0,1,0.5,0.0,0.7216972,
411,4,0,0,0.2,0.6,0.7255287,
416,4,0,0,0.0,1.0,0.5320284,
420,4,0,0,0.0,1.0,0.40921974,
422,4,0,1,0.6,0.1999999999999999,0.3833098,
423,4,0,0,0.0,1.0,0.65705544,
434,4,0,0,0.0,1.0,0.5527638,
435,4,0,0,0.4,0.1999999999999999,0.61915785,
438,4,0,0,0.1666666666666666,0.6666666666666667,0.33000046,
443,4,0,0,0.0,1.0,0.38434082,
452,4,0,0,0.25,0.5,0.6677648,
455,4,0,0,0.0,1.0,0.34932837,
456,4,0,1,0.5,0.0,0.6331568,
468,4,0,0,0.25,0.5,0.69167566,
476,4,0,0,0.0,1.0,0.661217,
480,4,0,1,0.5,0.0,0.7146628,
485,4,0,1,0.5,0.0,0.50916064,
489,4,0,0,0.0,1.0,0.706148,
492,4,0,0,0.3333333333333333,0.3333333333333333,0.46002144,
505,4,0,1,0.5,0.0,0.6877947,
506,4,0,1,0.75,0.5,0.6990059,
507,4,0,1,1.0,1.0,0.6683794,
510,4,0,1,0.5,0.0,0.62471104,
512,4,0,1,1.0,1.0,0.78298855,
515,4,0,0,0.25,0.5,0.5327227,
517,4,0,0,0.25,0.5,0.6991159,
522,4,0,0,0.25,0.5,0.43497658,
523,4,0,0,0.25,0.5,0.68077177,
534,4,0,1,0.75,0.5,0.6397104,
536,4,0,0,0.3333333333333333,0.3333333333333333,0.5884689,
542,4,0,0,0.25,0.5,0.45759612,
543,4,0,1,0.5,0.0,0.64364743,
553,4,0,0,0.0,1.0,0.43539736,
555,4,0,0,0.3333333333333333,0.3333333333333333,0.6819907,
566,4,0,0,0.1666666666666666,0.6666666666666667,0.47422063,
570,4,0,1,0.6666666666666666,0.3333333333333332,0.68852973,
572,4,0,1,0.8333333333333334,0.6666666666666667,0.7478916,
578,4,0,1,0.5,0.0,0.5445173,
579,4,0,0,0.3333333333333333,0.3333333333333333,0.50635225,
586,4,0,1,0.6666666666666666,0.3333333333333332,0.65734017,
591,4,0,1,0.5,0.0,0.5923015,
598,4,0,0,0.3333333333333333,0.3333333333333333,0.5950662,
604,4,0,1,0.75,0.5,0.54276824,
613,4,0,0,0.0,1.0,0.78639305,
618,4,0,0,0.0,1.0,0.4783764,
623,4,0,1,0.5,0.0,0.6086589,
625,4,0,0,0.0,1.0,0.42756152,
635,4,0,1,0.5,0.0,0.50820184,
637,4,0,1,0.5,0.0,0.6876117,
639,4,0,0,0.0,1.0,0.6665,
640,4,0,1,0.75,0.5,0.8615929,
641,4,0,0,0.0,1.0,0.6440651,
648,4,0,1,0.5,0.0,0.5218016,
661,4,0,1,0.8333333333333334,0.6666666666666667,0.840894,
662,4,0,0,0.0,1.0,0.433332,
663,4,0,0,0.3333333333333333,0.3333333333333333,0.58177394,
667,4,0,0,0.3333333333333333,0.3333333333333333,0.7062235,
673,4,0,0,0.3333333333333333,0.3333333333333333,0.27966246,
679,4,0,0,0.4,0.1999999999999999,0.36103776,
683,4,0,1,0.8333333333333334,0.6666666666666667,0.6533609,
685,4,0,0,0.0,1.0,0.4981047,
686,4,0,0,0.0,1.0,0.5677184,
689,4,0,0,0.0,1.0,0.36139542,
699,4,0,0,0.1666666666666666,0.6666666666666667,0.54168767,
702,4,0,0,0.1666666666666666,0.6666666666666667,0.6867342,
703,4,0,0,0.0,1.0,0.7197278,
705,4,0,1,0.5,0.0,0.29420733,
727,4,0,0,0.4,0.1999999999999999,0.45927274,
732,4,0,0,0.0,1.0,0.25324365,
740,4,0,0,0.1666666666666666,0.6666666666666667,0.41714165,
742,4,0,1,0.5,0.0,0.52855414,
1,4,1,0,0.3333333333333333,0.3333333333333333,0.4198553,
21,4,1,0,0.2,0.6,0.50063986,
28,4,1,0,0.2,0.6,0.3942366,
38,4,1,0,0.0,1.0,0.4619484,
41,4,1,0,0.2,0.6,0.21162592,
43,4,1,0,0.2,0.6,0.4294663,
45,4,1,0,0.0,1.0,0.4795744,
54,4,1,0,0.25,0.5,0.30066174,
59,4,1,0,0.25,0.5,0.31057587,
61,4,1,0,0.2,0.6,0.25607327,
65,4,1,0,0.25,0.5,0.2637551,
66,4,1,0,0.0,1.0,0.41440874,
72,4,1,0,0.25,0.5,0.21102753,
81,4,1,0,0.0,1.0,0.2764867,
87,4,1,0,0.0,1.0,0.36071908,
91,4,1,0,0.25,0.5,0.43152213,
93,4,1,0,0.0,1.0,0.30836642,
95,4,1,0,0.25,0.5,0.2859435,
102,4,1,0,0.0,1.0,0.29761395,
107,4,1,0,0.1111111111111111,0.7777777777777778,0.44582507,
118,4,1,0,0.0,1.0,0.4137266,
127,4,1,1,0.6666666666666666,0.3333333333333332,0.45645863,
129,4,1,0,0.2,0.6,0.3813112,
131,4,1,0,0.0,1.0,0.4298142,
139,4,1,0,0.0,1.0,0.34103936,
140,4,1,0,0.2222222222222222,0.5555555555555556,0.39061314,
143,4,1,1,0.5555555555555556,0.1111111111111111,0.47280598,
145,4,1,0,0.4444444444444444,0.1111111111111111,0.2162514,
156,4,1,0,0.25,0.5,0.3548264,
171,4,1,0,0.25,0.5,0.42925602,
172,4,1,0,0.0,1.0,0.46748573,
173,4,1,0,0.25,0.5,0.30519682,
179,4,1,0,0.25,0.5,0.48675787,
183,4,1,0,0.0,1.0,0.42888778,
187,4,1,0,0.0,1.0,0.36729473,
188,4,1,0,0.0,1.0,0.5316085,
194,4,1,0,0.0,1.0,0.4543702,
195,4,1,0,0.0,1.0,0.42139852,
203,4,1,0,0.2,0.6,0.30707386,
204,4,1,0,0.4,0.1999999999999999,0.47049314,
206,4,1,1,0.5,0.0,0.31103438,
211,4,1,1,0.6,0.1999999999999999,0.60523474,
214,4,1,0,0.2,0.6,0.36088395,
215,4,1,0,0.2,0.6,0.24179049,
217,4,1,0,0.0,1.0,0.31175527,
219,4,1,0,0.0,1.0,0.32280153,
220,4,1,0,0.4,0.1999999999999999,0.2900973,
221,4,1,1,0.8,0.6000000000000001,0.4162934,
231,4,1,1,0.5,0.0,0.3581271,
237,4,1,0,0.4,0.1999999999999999,0.47284275,
244,4,1,1,0.6,0.1999999999999999,0.45073783,
247,4,1,0,0.2,0.6,0.44312054,
249,4,1,1,0.6,0.1999999999999999,0.3740565,
259,4,1,0,0.0,1.0,0.43573594,
272,4,1,1,0.5,0.0,0.37640667,
277,4,1,1,0.5,0.0,0.5051235,
295,4,1,0,0.0,1.0,0.26599586,
310,4,1,0,0.2,0.6,0.45327318,
313,4,1,0,0.0,1.0,0.3782493,
322,4,1,1,0.6,0.1999999999999999,0.47697282,
327,4,1,0,0.0,1.0,0.5403935,
329,4,1,0,0.0,1.0,0.2594594,
342,4,1,0,0.2,0.6,0.41482574,
345,4,1,0,0.0,1.0,0.32705444,
348,4,1,0,0.4,0.1999999999999999,0.5552653,
349,4,1,0,0.0,1.0,0.3001324,
351,4,1,0,0.0,1.0,0.44921237,
352,4,1,0,0.25,0.5,0.40995777,
354,4,1,0,0.25,0.5,0.43766856,
367,4,1,0,0.25,0.5,0.39192998,
374,4,1,1,0.5,0.0,0.4810816,
376,4,1,1,0.5,0.0,0.59331256,
377,4,1,0,0.25,0.5,0.45766297,
379,4,1,1,0.75,0.5,0.56072474,
387,4,1,0,0.0,1.0,0.4275042,
389,4,1,0,0.25,0.5,0.75526536,
391,4,1,0,0.0,1.0,0.25410274,
392,4,1,1,0.5,0.0,0.44578946,
398,4,1,0,0.25,0.5,0.63294345,
402,4,1,1,0.6,0.1999999999999999,0.40337187,
404,4,1,1,0.6,0.1999999999999999,0.81770575,
405,4,1,0,0.0,1.0,0.61415684,
406,4,1,1,0.6,0.1999999999999999,0.44449216,
407,4,1,0,0.2,0.6,0.7469155,
424,4,1,1,0.6,0.1999999999999999,0.38422588,
426,4,1,1,0.8,0.6000000000000001,0.65440977,
436,4,1,0,0.4,0.1999999999999999,0.6043687,
440,4,1,0,0.0,1.0,0.67921466,
441,4,1,0,0.2,0.6,0.7168269,
449,4,1,0,0.4,0.1999999999999999,0.45450753,
450,4,1,0,0.2,0.6,0.43528423,
453,4,1,0,0.25,0.5,0.45634106,
457,4,1,1,0.5,0.0,0.70175296,
460,4,1,0,0.0,1.0,0.53342384,
463,4,1,0,0.25,0.5,0.47774136,
464,4,1,0,0.0,1.0,0.6841401,
465,4,1,1,0.5,0.0,0.6387335,
466,4,1,1,0.5,0.0,0.66436386,
472,4,1,0,0.25,0.5,0.44053036,
473,4,1,0,0.25,0.5,0.6690545,
474,4,1,0,0.0,1.0,0.3282699,
494,4,1,1,0.8,0.6000000000000001,0.5093819,
519,4,1,0,0.0,1.0,0.5372339,
520,4,1,1,0.5,0.0,0.52722156,
528,4,1,0,0.0,1.0,0.32755613,
533,4,1,0,0.0,1.0,0.29981303,
535,4,1,0,0.25,0.5,0.78574574,
537,4,1,0,0.25,0.5,0.47494674,
539,4,1,0,0.25,0.5,0.5045073,
540,4,1,0,0.25,0.5,0.70876205,
547,4,1,1,0.5,0.0,0.58148617,
548,4,1,1,0.5,0.0,0.6088213,
558,4,1,1,0.5,0.0,0.62920046,
560,4,1,0,0.1666666666666666,0.6666666666666667,0.56720865,
568,4,1,1,1.0,1.0,0.6263886,
571,4,1,1,0.5,0.0,0.60200715,
577,4,1,0,0.1666666666666666,0.6666666666666667,0.6245557,
592,4,1,1,0.6,0.1999999999999999,0.7563138,
608,4,1,0,0.0,1.0,0.635821,
610,4,1,0,0.25,0.5,0.6267564,
617,4,1,1,0.5,0.0,0.7135819,
620,4,1,1,0.75,0.5,0.6389049,
621,4,1,1,0.5,0.0,0.46907485,
629,4,1,1,0.5,0.0,0.7166092,
632,4,1,1,0.5,0.0,0.54854196,
636,4,1,0,0.0,1.0,0.51807463,
647,4,1,1,0.5,0.0,0.65408075,
649,4,1,1,0.5,0.0,0.4880104,
656,4,1,1,0.6666666666666666,0.3333333333333332,0.66768837,
669,4,1,0,0.3333333333333333,0.3333333333333333,0.46120876,
680,4,1,0,0.0,1.0,0.3461069,
681,4,1,0,0.1666666666666666,0.6666666666666667,0.5489274,
682,4,1,0,0.1666666666666666,0.6666666666666667,0.53937453,
690,4,1,0,0.0,1.0,0.36489472,
692,4,1,0,0.0,1.0,0.3831622,
694,4,1,0,0.3333333333333333,0.3333333333333333,0.40072757,
695,4,1,0,0.3333333333333333,0.3333333333333333,0.4779793,
698,4,1,1,0.5,0.0,0.68310046,
701,4,1,0,0.1666666666666666,0.6666666666666667,0.5753231,
715,4,1,1,0.5,0.0,0.3191922,
716,4,1,1,0.6666666666666666,0.3333333333333332,0.4467131,
718,4,1,0,0.1666666666666666,0.6666666666666667,0.38263094,
721,4,1,0,0.3333333333333333,0.3333333333333333,0.5237942,
724,4,1,0,0.2,0.6,0.28360134,
728,4,1,0,0.2,0.6,0.3360324,
733,4,1,0,0.1666666666666666,0.6666666666666667,0.397695,
739,4,1,0,0.3333333333333333,0.3333333333333333,0.45073596,
6,4,2,0,0.2,0.6,0.2531897,
7,4,2,1,0.6,0.1999999999999999,0.42782933,
26,4,2,1,0.8,0.6000000000000001,0.22013569,
37,4,2,0,0.2,0.6,0.2545687,
39,4,2,0,0.0,1.0,0.3689087,
42,4,2,0,0.0,1.0,0.36795866,
48,4,2,1,0.6,0.1999999999999999,0.37010357,
49,4,2,0,0.3333333333333333,0.3333333333333333,0.348728,
56,4,2,0,0.25,0.5,0.30342638,
58,4,2,0,0.25,0.5,0.3654337,
64,4,2,0,0.3333333333333333,0.3333333333333333,0.27180666,
71,4,2,0,0.0,1.0,0.2995184,
76,4,2,0,0.25,0.5,0.2715322,
78,4,2,0,0.0,1.0,0.32961595,
82,4,2,0,0.25,0.5,0.28735834,
88,4,2,1,0.5,0.0,0.29626954,
92,4,2,0,0.0,1.0,0.39410126,
96,4,2,0,0.0,1.0,0.34488332,
100,4,2,0,0.25,0.5,0.42864895,
101,4,2,0,0.3333333333333333,0.3333333333333333,0.38951042,
103,4,2,0,0.1111111111111111,0.7777777777777778,0.4121642,
105,4,2,0,0.0,1.0,0.41627413,
108,4,2,0,0.25,0.5,0.3206768,
109,4,2,0,0.1111111111111111,0.7777777777777778,0.30282927,
112,4,2,0,0.125,0.75,0.2610291,
115,4,2,0,0.0,1.0,0.3152244,
125,4,2,0,0.125,0.75,0.24021369,
136,4,2,0,0.3333333333333333,0.3333333333333333,0.4937008,
137,4,2,1,0.6666666666666666,0.3333333333333332,0.31369418,
138,4,2,1,0.5555555555555556,0.1111111111111111,0.3463229,
158,4,2,0,0.0,1.0,0.2494016,
160,4,2,0,0.1666666666666666,0.6666666666666667,0.37251788,
162,4,2,0,0.2,0.6,0.3821424,
165,4,2,0,0.0,1.0,0.49831057,
167,4,2,0,0.0,1.0,0.4051128,
170,4,2,0,0.1666666666666666,0.6666666666666667,0.4130382,
201,4,2,0,0.25,0.5,0.28715712,
209,4,2,0,0.2,0.6,0.36420318,
212,4,2,0,0.2,0.6,0.28613073,
216,4,2,0,0.0,1.0,0.37242162,
222,4,2,0,0.2,0.6,0.52741885,
224,4,2,0,0.4,0.1999999999999999,0.46457916,
228,4,2,0,0.2,0.6,0.41580594,
238,4,2,0,0.25,0.5,0.313983,
243,4,2,0,0.0,1.0,0.3585931,
245,4,2,0,0.0,1.0,0.47174525,
250,4,2,0,0.4,0.1999999999999999,0.43619937,
251,4,2,0,0.25,0.5,0.46369264,
260,4,2,0,0.25,0.5,0.31227753,
261,4,2,0,0.25,0.5,0.48757762,
262,4,2,1,0.5,0.0,0.38434777,
266,4,2,0,0.25,0.5,0.27429324,
271,4,2,0,0.0,1.0,0.37369215,
275,4,2,1,0.5,0.0,0.4737897,
279,4,2,0,0.2,0.6,0.25651425,
280,4,2,0,0.25,0.5,0.4271137,
281,4,2,0,0.0,1.0,0.33215737,
282,4,2,0,0.25,0.5,0.30989793,
290,4,2,0,0.0,1.0,0.4694143,
293,4,2,1,0.5,0.0,0.46789664,
294,4,2,0,0.0,1.0,0.43219963,
302,4,2,0,0.0,1.0,0.39909387,
303,4,2,0,0.0,1.0,0.2825353,
304,4,2,1,0.8,0.6000000000000001,0.42336076,
306,4,2,0,0.0,1.0,0.42212152,
331,4,2,0,0.0,1.0,0.39502084,
334,4,2,0,0.4,0.1999999999999999,0.3842242,
337,4,2,0,0.0,1.0,0.39070782,
338,4,2,0,0.4,0.1999999999999999,0.3626328,
341,4,2,1,0.6,0.1999999999999999,0.6067429,
350,4,2,0,0.0,1.0,0.3113855,
353,4,2,0,0.0,1.0,0.627542,
362,4,2,1,0.75,0.5,0.64684063,
364,4,2,1,0.5,0.0,0.48388183,
371,4,2,0,0.25,0.5,0.5191113,
382,4,2,1,0.5,0.0,0.58404934,
388,4,2,1,0.5,0.0,0.64572656,
390,4,2,1,0.75,0.5,0.64497113,
393,4,2,0,0.25,0.5,0.543117,
396,4,2,1,0.75,0.5,0.6578536,
400,4,2,1,0.5,0.0,0.64616346,
403,4,2,0,0.0,1.0,0.31147933,
410,4,2,1,0.6,0.1999999999999999,0.66361415,
415,4,2,0,0.0,1.0,0.7195611,
417,4,2,0,0.2,0.6,0.5468019,
419,4,2,0,0.4,0.1999999999999999,0.53693956,
425,4,2,0,0.0,1.0,0.49347425,
428,4,2,1,0.6,0.1999999999999999,0.5609882,
439,4,2,0,0.2,0.6,0.4869376,
447,4,2,0,0.0,1.0,0.39145774,
448,4,2,0,0.0,1.0,0.3271925,
458,4,2,0,0.0,1.0,0.4693043,
459,4,2,0,0.25,0.5,0.7449109,
470,4,2,0,0.0,1.0,0.68597794,
477,4,2,0,0.0,1.0,0.41855282,
479,4,2,0,0.0,1.0,0.57640713,
486,4,2,0,0.25,0.5,0.77376944,
495,4,2,0,0.0,1.0,0.6732255,
496,4,2,1,0.75,0.5,0.6702659,
511,4,2,1,0.5,0.0,0.45486054,
516,4,2,0,0.0,1.0,0.68274033,
530,4,2,1,0.5,0.0,0.60229653,
550,4,2,0,0.0,1.0,0.62347186,
551,4,2,1,0.6666666666666666,0.3333333333333332,0.58070815,
552,4,2,1,0.6666666666666666,0.3333333333333332,0.7005197,
557,4,2,0,0.3333333333333333,0.3333333333333333,0.5583791,
561,4,2,1,0.5,0.0,0.61854124,
562,4,2,0,0.3333333333333333,0.3333333333333333,0.67124593,
563,4,2,0,0.0,1.0,0.6821919,
565,4,2,0,0.3333333333333333,0.3333333333333333,0.5716979,
581,4,2,0,0.3333333333333333,0.3333333333333333,0.53700197,
582,4,2,1,0.5,0.0,0.5937439,
583,4,2,1,0.5,0.0,0.78505576,
584,4,2,1,0.6666666666666666,0.3333333333333332,0.819898,
597,4,2,0,0.0,1.0,0.22657448,
600,4,2,0,0.1666666666666666,0.6666666666666667,0.52978814,
601,4,2,0,0.0,1.0,0.3270536,
602,4,2,0,0.25,0.5,0.5547247,
606,4,2,0,0.25,0.5,0.38991213,
609,4,2,0,0.25,0.5,0.56916493,
614,4,2,1,0.75,0.5,0.5744518,
619,4,2,0,0.25,0.5,0.64421546,
624,4,2,0,0.25,0.5,0.5849533,
628,4,2,0,0.0,1.0,0.38100544,
630,4,2,1,0.5,0.0,0.66323584,
633,4,2,1,0.5,0.0,0.5666754,
634,4,2,0,0.25,0.5,0.6147733,
642,4,2,1,0.75,0.5,0.66671157,
644,4,2,0,0.25,0.5,0.5046663,
646,4,2,0,0.0,1.0,0.2688539,
651,4,2,0,0.3333333333333333,0.3333333333333333,0.55136395,
654,4,2,0,0.1666666666666666,0.6666666666666667,0.57387453,
655,4,2,1,0.6666666666666666,0.3333333333333332,0.4516716,
657,4,2,1,0.5,0.0,0.4583201,
658,4,2,0,0.1666666666666666,0.6666666666666667,0.5294893,
659,4,2,1,0.6666666666666666,0.3333333333333332,0.5582978,
670,4,2,1,0.5,0.0,0.6262052,
697,4,2,1,0.5,0.0,0.6227683,
707,4,2,1,0.5,0.0,0.37709603,
708,4,2,0,0.0,1.0,0.3616491,
712,4,2,0,0.1666666666666666,0.6666666666666667,0.39399332,
713,4,2,1,0.6,0.1999999999999999,0.36017066,
720,4,2,0,0.0,1.0,0.4591083,
723,4,2,0,0.1666666666666666,0.6666666666666667,0.46740025,
734,4,2,0,0.0,1.0,0.29473788,
738,4,2,0,0.3333333333333333,0.3333333333333333,0.5602778,
741,4,2,0,0.2,0.6,0.41171455,
4,4,3,1,0.6,0.1999999999999999,0.364289,
12,4,3,0,0.4,0.1999999999999999,0.35049325,
14,4,3,0,0.2,0.6,0.48624313,
15,4,3,0,0.4,0.1999999999999999,0.3581764,
17,4,3,0,0.4,0.1999999999999999,0.387787,
22,4,3,0,0.2,0.6,0.49903926,
27,4,3,0,0.2,0.6,0.28240922,
33,4,3,0,0.4,0.1999999999999999,0.3007856,
35,4,3,1,0.5,0.0,0.29023364,
50,4,3,1,0.8,0.6000000000000001,0.41178733,
53,4,3,0,0.1666666666666666,0.6666666666666667,0.36518967,
55,4,3,0,0.0,1.0,0.32643276,
62,4,3,0,0.25,0.5,0.29589874,
68,4,3,0,0.0,1.0,0.2978434,
75,4,3,0,0.0,1.0,0.3441095,
77,4,3,0,0.25,0.5,0.23340127,
79,4,3,0,0.25,0.5,0.35832885,
84,4,3,0,0.3333333333333333,0.3333333333333333,0.43545988,
97,4,3,0,0.25,0.5,0.25541753,
98,4,3,0,0.3333333333333333,0.3333333333333333,0.38377202,
99,4,3,0,0.0,1.0,0.23214379,
104,4,3,0,0.1111111111111111,0.7777777777777778,0.32179505,
106,4,3,1,1.0,1.0,0.38611925,
114,4,3,0,0.1111111111111111,0.7777777777777778,0.53119993,
119,4,3,0,0.1111111111111111,0.7777777777777778,0.22514571,
120,4,3,0,0.0,1.0,0.36240476,
122,4,3,0,0.0,1.0,0.28726602,
126,4,3,0,0.2222222222222222,0.5555555555555556,0.3558907,
132,4,3,0,0.2222222222222222,0.5555555555555556,0.39907154,
134,4,3,0,0.1111111111111111,0.7777777777777778,0.29755163,
135,4,3,0,0.1666666666666666,0.6666666666666667,0.21747363,
147,4,3,0,0.0,1.0,0.35340345,
148,4,3,0,0.1111111111111111,0.7777777777777778,0.2985248,
153,4,3,0,0.0,1.0,0.3681757,
157,4,3,0,0.25,0.5,0.18512298,
163,4,3,0,0.25,0.5,0.37976468,
166,4,3,0,0.25,0.5,0.28373975,
168,4,3,0,0.25,0.5,0.4410923,
174,4,3,1,0.5,0.0,0.3007415,
176,4,3,0,0.0,1.0,0.30062717,
177,4,3,0,0.0,1.0,0.3835013,
178,4,3,0,0.0,1.0,0.273973,
180,4,3,0,0.0,1.0,0.36279127,
181,4,3,1,0.5,0.0,0.28574008,
184,4,3,0,0.0,1.0,0.28356266,
197,4,3,0,0.0,1.0,0.4940431,
207,4,3,0,0.2,0.6,0.42002994,
227,4,3,1,1.0,1.0,0.3429698,
229,4,3,0,0.0,1.0,0.26160163,
235,4,3,0,0.0,1.0,0.3382461,
239,4,3,1,0.6,0.1999999999999999,0.44605476,
253,4,3,0,0.0,1.0,0.37468854,
254,4,3,0,0.25,0.5,0.4583668,
258,4,3,0,0.0,1.0,0.40867567,
267,4,3,0,0.0,1.0,0.45269018,
269,4,3,1,0.5,0.0,0.49247906,
286,4,3,0,0.2,0.6,0.20858347,
287,4,3,0,0.25,0.5,0.39182413,
291,4,3,0,0.0,1.0,0.5428608,
296,4,3,0,0.0,1.0,0.3143577,
299,4,3,1,0.8,0.6000000000000001,0.22991568,
307,4,3,0,0.4,0.1999999999999999,0.39777842,
314,4,3,0,0.0,1.0,0.46884632,
316,4,3,0,0.4,0.1999999999999999,0.4278883,
325,4,3,0,0.0,1.0,0.30844328,
336,4,3,0,0.4,0.1999999999999999,0.5578952,
343,4,3,1,0.8,0.6000000000000001,0.5670053,
355,4,3,0,0.25,0.5,0.46325967,
356,4,3,0,0.25,0.5,0.5090984,
357,4,3,1,0.5,0.0,0.29619262,
361,4,3,0,0.0,1.0,0.32363915,
363,4,3,0,0.0,1.0,0.695354,
366,4,3,0,0.0,1.0,0.53946936,
368,4,3,1,0.5,0.0,0.5408604,
375,4,3,1,0.5,0.0,0.692302,
386,4,3,0,0.25,0.5,0.63354063,
394,4,3,1,0.5,0.0,0.7596135,
408,4,3,0,0.4,0.1999999999999999,0.73272294,
409,4,3,0,0.4,0.1999999999999999,0.84872204,
412,4,3,1,1.0,1.0,0.72822857,
414,4,3,1,0.6,0.1999999999999999,0.6795782,
418,4,3,0,0.0,1.0,0.6619159,
429,4,3,0,0.0,1.0,0.5348828,
437,4,3,1,0.6,0.1999999999999999,0.49636388,
442,4,3,1,0.8,0.6000000000000001,0.72536,
445,4,3,0,0.0,1.0,0.5940497,
446,4,3,0,0.2,0.6,0.6987872,
462,4,3,1,0.5,0.0,0.78223544,
471,4,3,0,0.0,1.0,0.8624954,
478,4,3,0,0.0,1.0,0.32620892,
481,4,3,0,0.0,1.0,0.8838133,
482,4,3,0,0.0,1.0,0.25254148,
483,4,3,0,0.25,0.5,0.69346416,
484,4,3,0,0.25,0.5,0.56012154,
488,4,3,1,0.5,0.0,0.6093205,
490,4,3,0,0.25,0.5,0.5154955,
493,4,3,0,0.0,1.0,0.5113497,
497,4,3,0,0.0,1.0,0.32257146,
498,4,3,0,0.0,1.0,0.38481128,
500,4,3,0,0.25,0.5,0.5907775,
501,4,3,0,0.25,0.5,0.69935787,
504,4,3,1,0.75,0.5,0.64328134,
509,4,3,0,0.25,0.5,0.4696554,
518,4,3,0,0.25,0.5,0.60256803,
521,4,3,1,0.75,0.5,0.7246976,
526,4,3,0,0.0,1.0,0.7001593,
527,4,3,0,0.25,0.5,0.6382847,
538,4,3,0,0.0,1.0,0.7110942,
541,4,3,1,0.5,0.0,0.7472147,
544,4,3,1,0.5,0.0,0.7172388,
549,4,3,0,0.0,1.0,0.35046604,
554,4,3,1,0.5,0.0,0.6547891,
564,4,3,1,0.5,0.0,0.7253084,
567,4,3,0,0.3333333333333333,0.3333333333333333,0.6727469,
569,4,3,0,0.1666666666666666,0.6666666666666667,0.47681308,
573,4,3,0,0.3333333333333333,0.3333333333333333,0.64962107,
574,4,3,0,0.3333333333333333,0.3333333333333333,0.39827645,
575,4,3,1,0.5,0.0,0.7017888,
585,4,3,1,0.5,0.0,0.609619,
587,4,3,1,0.8333333333333334,0.6666666666666667,0.54671204,
588,4,3,0,0.1666666666666666,0.6666666666666667,0.7710154,
589,4,3,0,0.3333333333333333,0.3333333333333333,0.51768875,
594,4,3,0,0.0,1.0,0.59495085,
596,4,3,1,0.5,0.0,0.5529883,
605,4,3,1,0.5,0.0,0.569566,
615,4,3,1,0.75,0.5,0.7274915,
622,4,3,1,0.75,0.5,0.45138508,
626,4,3,1,0.5,0.0,0.5184407,
638,4,3,0,0.25,0.5,0.67869925,
643,4,3,1,0.5,0.0,0.5739378,
652,4,3,0,0.0,1.0,0.22520603,
653,4,3,1,0.5,0.0,0.31603998,
664,4,3,1,0.6666666666666666,0.3333333333333332,0.54619694,
672,4,3,0,0.0,1.0,0.49891675,
674,4,3,0,0.3333333333333333,0.3333333333333333,0.44194943,
675,4,3,0,0.3333333333333333,0.3333333333333333,0.37033555,
676,4,3,0,0.1666666666666666,0.6666666666666667,0.62529653,
693,4,3,1,0.5,0.0,0.7984554,
704,4,3,0,0.3333333333333333,0.3333333333333333,0.35330385,
709,4,3,0,0.3333333333333333,0.3333333333333333,0.5094447,
710,4,3,0,0.0,1.0,0.3168648,
714,4,3,0,0.3333333333333333,0.3333333333333333,0.39060473,
717,4,3,1,0.5,0.0,0.41779357,
719,4,3,0,0.1666666666666666,0.6666666666666667,0.5814478,
722,4,3,0,0.2,0.6,0.2874474,
735,4,3,0,0.0,1.0,0.35034084,
737,4,3,0,0.1666666666666666,0.6666666666666667,0.38776222,
2,4,4,0,0.4,0.1999999999999999,0.21617949,
5,4,4,0,0.2,0.6,0.52800703,
9,4,4,0,0.0,1.0,0.3790714,
16,4,4,1,0.6,0.1999999999999999,0.23295444,
20,4,4,0,0.25,0.5,0.24841973,
32,4,4,0,0.2,0.6,0.30816406,
40,4,4,0,0.2,0.6,0.30613607,
63,4,4,0,0.0,1.0,0.31844842,
69,4,4,0,0.0,1.0,0.2877213,
73,4,4,0,0.0,1.0,0.20577537,
74,4,4,0,0.0,1.0,0.46071693,
80,4,4,0,0.0,1.0,0.27840483,
85,4,4,0,0.25,0.5,0.42476916,
86,4,4,0,0.0,1.0,0.24615514,
89,4,4,0,0.25,0.5,0.37242538,
113,4,4,0,0.1111111111111111,0.7777777777777778,0.31556886,
117,4,4,0,0.25,0.5,0.33096755,
123,4,4,0,0.0,1.0,0.23027554,
130,4,4,0,0.1111111111111111,0.7777777777777778,0.3094978,
133,4,4,1,0.8888888888888888,0.7777777777777777,0.31217438,
141,4,4,0,0.0,1.0,0.35209477,
142,4,4,0,0.0,1.0,0.29977173,
144,4,4,0,0.0,1.0,0.34082633,
146,4,4,1,0.8888888888888888,0.7777777777777777,0.26411235,
149,4,4,0,0.3333333333333333,0.3333333333333333,0.2157777,
150,4,4,0,0.0,1.0,0.41356504,
152,4,4,0,0.0,1.0,0.28656954,
154,4,4,0,0.25,0.5,0.3054433,
155,4,4,0,0.25,0.5,0.52551234,
161,4,4,0,0.0,1.0,0.51226544,
164,4,4,0,0.0,1.0,0.26996303,
175,4,4,0,0.0,1.0,0.22958249,
186,4,4,0,0.0,1.0,0.2318641,
193,4,4,0,0.25,0.5,0.5051193,
196,4,4,1,0.5,0.0,0.3792596,
199,4,4,0,0.25,0.5,0.35924208,
202,4,4,1,0.6,0.1999999999999999,0.37155187,
208,4,4,0,0.0,1.0,0.29607844,
210,4,4,0,0.4,0.1999999999999999,0.6517729,
223,4,4,0,0.2,0.6,0.2932289,
225,4,4,0,0.2,0.6,0.2610514,
232,4,4,0,0.25,0.5,0.38435107,
257,4,4,0,0.25,0.5,0.32233083,
263,4,4,0,0.2,0.6,0.27556038,
264,4,4,0,0.25,0.5,0.343475,
265,4,4,1,0.5,0.0,0.3130053,
268,4,4,1,0.5,0.0,0.23636457,
270,4,4,0,0.0,1.0,0.40549672,
276,4,4,0,0.2,0.6,0.33516544,
283,4,4,0,0.25,0.5,0.41478777,
284,4,4,1,0.5,0.0,0.30499768,
285,4,4,0,0.4,0.1999999999999999,0.33569252,
289,4,4,1,0.5,0.0,0.38493472,
292,4,4,0,0.25,0.5,0.58332,
297,4,4,0,0.0,1.0,0.33677924,
298,4,4,0,0.25,0.5,0.43932086,
300,4,4,0,0.0,1.0,0.43717152,
308,4,4,0,0.4,0.1999999999999999,0.53989196,
309,4,4,1,0.8,0.6000000000000001,0.65780014,
312,4,4,0,0.0,1.0,0.32920396,
317,4,4,0,0.4,0.1999999999999999,0.36023018,
318,4,4,0,0.4,0.1999999999999999,0.40636063,
324,4,4,0,0.2,0.6,0.5995636,
328,4,4,1,0.6,0.1999999999999999,0.3509461,
332,4,4,0,0.0,1.0,0.36574224,
333,4,4,0,0.0,1.0,0.30004328,
335,4,4,1,0.5,0.0,0.3657785,
340,4,4,1,0.6,0.1999999999999999,0.48288783,
344,4,4,0,0.2,0.6,0.26104027,
347,4,4,0,0.4,0.1999999999999999,0.5011511,
358,4,4,0,0.25,0.5,0.6422744,
360,4,4,0,0.25,0.5,0.6088695,
365,4,4,0,0.25,0.5,0.5444746,
369,4,4,0,0.0,1.0,0.33658698,
373,4,4,0,0.0,1.0,0.41553393,
378,4,4,1,0.5,0.0,0.45207763,
383,4,4,0,0.0,1.0,0.38455075,
385,4,4,1,0.5,0.0,0.45276117,
397,4,4,1,0.75,0.5,0.7874489,
399,4,4,0,0.25,0.5,0.4765965,
401,4,4,0,0.2,0.6,0.67249095,
413,4,4,0,0.0,1.0,0.6957399,
421,4,4,0,0.2,0.6,0.4554814,
427,4,4,1,0.6,0.1999999999999999,0.6736379,
430,4,4,1,0.6,0.1999999999999999,0.6622775,
431,4,4,0,0.4,0.1999999999999999,0.46787673,
432,4,4,0,0.2,0.6,0.6747048,
433,4,4,0,0.0,1.0,0.4108938,
444,4,4,0,0.2,0.6,0.70584106,
451,4,4,0,0.25,0.5,0.4712224,
454,4,4,0,0.0,1.0,0.58554125,
461,4,4,1,0.5,0.0,0.7514614,
467,4,4,1,1.0,1.0,0.71383834,
469,4,4,1,0.75,0.5,0.36515558,
475,4,4,0,0.25,0.5,0.5668349,
487,4,4,0,0.2,0.6,0.22991231,
491,4,4,1,0.5,0.0,0.65522254,
499,4,4,0,0.0,1.0,0.5391605,
502,4,4,1,0.75,0.5,0.5612271,
503,4,4,0,0.0,1.0,0.5416981,
508,4,4,1,0.75,0.5,0.53411335,
513,4,4,0,0.0,1.0,0.6103036,
514,4,4,1,0.75,0.5,0.7496674,
524,4,4,0,0.0,1.0,0.66872466,
525,4,4,0,0.2,0.6,0.20219824,
529,4,4,1,0.5,0.0,0.39731532,
531,4,4,1,0.75,0.5,0.6397947,
532,4,4,0,0.0,1.0,0.28619808,
545,4,4,0,0.25,0.5,0.49920648,
546,4,4,1,0.5,0.0,0.64686906,
556,4,4,0,0.1666666666666666,0.6666666666666667,0.43924344,
559,4,4,1,0.6666666666666666,0.3333333333333332,0.42713666,
576,4,4,1,0.5,0.0,0.67983675,
580,4,4,0,0.3333333333333333,0.3333333333333333,0.45952576,
590,4,4,0,0.3333333333333333,0.3333333333333333,0.6335287,
593,4,4,1,0.5,0.0,0.5517931,
595,4,4,1,0.8333333333333334,0.6666666666666667,0.624363,
599,4,4,0,0.0,1.0,0.45746708,
603,4,4,1,0.5,0.0,0.4534294,
607,4,4,0,0.0,1.0,0.6053517,
611,4,4,1,0.75,0.5,0.57725453,
612,4,4,0,0.0,1.0,0.22973233,
616,4,4,1,0.75,0.5,0.46796453,
627,4,4,1,0.75,0.5,0.7034817,
631,4,4,0,0.0,1.0,0.47136956,
645,4,4,1,0.75,0.5,0.7348303,
650,4,4,0,0.0,1.0,0.4499684,
660,4,4,0,0.1666666666666666,0.6666666666666667,0.6068946,
665,4,4,0,0.1666666666666666,0.6666666666666667,0.5227809,
668,4,4,0,0.1666666666666666,0.6666666666666667,0.66132283,
671,4,4,0,0.3333333333333333,0.3333333333333333,0.51175773,
677,4,4,1,0.6666666666666666,0.3333333333333332,0.6176293,
678,4,4,0,0.3333333333333333,0.3333333333333333,0.4765817,
684,4,4,0,0.0,1.0,0.72284687,
687,4,4,0,0.3333333333333333,0.3333333333333333,0.51139605,
688,4,4,0,0.1666666666666666,0.6666666666666667,0.32429245,
691,4,4,0,0.1666666666666666,0.6666666666666667,0.5087036,
696,4,4,0,0.1666666666666666,0.6666666666666667,0.44159997,
700,4,4,1,0.5,0.0,0.5978388,
706,4,4,1,0.6666666666666666,0.3333333333333332,0.5527593,
711,4,4,1,0.6,0.1999999999999999,0.3240493,
725,4,4,0,0.0,1.0,0.43170917,
726,4,4,0,0.0,1.0,0.39972413,
729,4,4,0,0.4,0.1999999999999999,0.447792,
730,4,4,0,0.3333333333333333,0.3333333333333333,0.43856674,
731,4,4,0,0.0,1.0,0.2907195,
736,4,4,0,0.0,1.0,0.37455678,
