patient_id,repeat,fold,y,y_soft,agreement,p,thr
5,0,0,0,0.2,0.6,0.0066968733,
7,0,0,1,0.6,0.1999999999999999,0.9174986,
28,0,0,0,0.2,0.6,0.0036663432,
29,0,0,0,0.2,0.6,0.106540024,
32,0,0,0,0.2,0.6,0.9922919,
40,0,0,0,0.2,0.6,0.011954145,
49,0,0,0,0.3333333333333333,0.3333333333333333,0.006554812,
50,0,0,1,0.8,0.6000000000000001,0.01175593,
51,0,0,0,0.25,0.5,0.14670074,
55,0,0,0,0.0,1.0,0.96252954,
59,0,0,0,0.25,0.5,0.00025492892,
63,0,0,0,0.0,1.0,0.070574895,
64,0,0,0,0.3333333333333333,0.3333333333333333,3.178235e-05,
67,0,0,0,0.0,1.0,0.00029502012,
73,0,0,0,0.0,1.0,0.00010375723,
77,0,0,0,0.25,0.5,0.0058298944,
82,0,0,0,0.25,0.5,0.100019254,
83,0,0,0,0.25,0.5,0.32195628,
88,0,0,1,0.5,0.0,6.613502e-05,
98,0,0,0,0.3333333333333333,0.3333333333333333,0.312755,
107,0,0,0,0.1111111111111111,0.7777777777777778,0.008394895,
109,0,0,0,0.1111111111111111,0.7777777777777778,0.5036393,
110,0,0,0,0.0,1.0,0.44965893,
112,0,0,0,0.125,0.75,6.6051834e-05,
113,0,0,0,0.1111111111111111,0.7777777777777778,0.6796808,
116,0,0,0,0.0,1.0,4.908014e-06,
122,0,0,0,0.0,1.0,0.06289712,
127,0,0,1,0.6666666666666666,0.3333333333333332,0.17185158,
134,0,0,0,0.1111111111111111,0.7777777777777778,0.000385402,
139,0,0,0,0.0,1.0,0.00087855046,
151,0,0,0,0.0,1.0,0.017550856,
153,0,0,0,0.0,1.0,1.440796e-05,
160,0,0,0,0.1666666666666666,0.6666666666666667,0.6085501,
161,0,0,0,0.0,1.0,0.996404,
174,0,0,1,0.5,0.0,0.07757771,
177,0,0,0,0.0,1.0,0.0010497556,
183,0,0,0,0.0,1.0,0.020799454,
199,0,0,0,0.25,0.5,0.059211235,
202,0,0,1,0.6,0.1999999999999999,0.0199289,
206,0,0,1,0.5,0.0,0.07491844,
210,0,0,0,0.4,0.1999999999999999,0.9997071,
230,0,0,0,0.2,0.6,0.00021247515,
231,0,0,1,0.5,0.0,0.10220446,
232,0,0,0,0.25,0.5,0.27331436,
233,0,0,0,0.0,1.0,0.00042687802,
240,0,0,0,0.2,0.6,0.002961281,
241,0,0,1,0.6,0.1999999999999999,0.9875777,
248,0,0,0,0.4,0.1999999999999999,0.18568493,
253,0,0,0,0.0,1.0,0.941214,
259,0,0,0,0.0,1.0,0.026535187,
274,0,0,1,0.5,0.0,0.9999987,
275,0,0,1,0.5,0.0,0.031853758,
282,0,0,0,0.25,0.5,0.062996894,
284,0,0,1,0.5,0.0,0.10778098,
285,0,0,0,0.4,0.1999999999999999,0.08906059,
287,0,0,0,0.25,0.5,0.1161953,
294,0,0,0,0.0,1.0,0.37363335,
300,0,0,0,0.0,1.0,0.0062429644,
307,0,0,0,0.4,0.1999999999999999,0.0023674779,
309,0,0,1,0.8,0.6000000000000001,0.006210586,
310,0,0,0,0.2,0.6,0.0012310077,
315,0,0,1,0.8,0.6000000000000001,0.1927213,
316,0,0,0,0.4,0.1999999999999999,0.23254439,
319,0,0,0,0.2,0.6,2.3134431e-05,
322,0,0,1,0.6,0.1999999999999999,0.88069904,
329,0,0,0,0.0,1.0,0.09300906,
330,0,0,0,0.4,0.1999999999999999,0.35144192,
338,0,0,0,0.4,0.1999999999999999,0.17553285,
339,0,0,0,0.0,1.0,0.007555314,
342,0,0,0,0.2,0.6,0.34269202,
345,0,0,0,0.0,1.0,2.2045599e-05,
371,0,0,0,0.25,0.5,0.9013263,
372,0,0,0,0.25,0.5,0.21307832,
374,0,0,1,0.5,0.0,0.9782711,
376,0,0,1,0.5,0.0,0.792836,
384,0,0,0,0.25,0.5,0.105290286,
394,0,0,1,0.5,0.0,0.9957272,
407,0,0,0,0.2,0.6,0.25712547,
413,0,0,0,0.0,1.0,0.19186543,
421,0,0,0,0.2,0.6,0.09148816,
436,0,0,0,0.4,0.1999999999999999,0.97092324,
438,0,0,0,0.1666666666666666,0.6666666666666667,0.5439619,
456,0,0,1,0.5,0.0,0.10311374,
457,0,0,1,0.5,0.0,0.969913,
459,0,0,0,0.25,0.5,0.059791956,
463,0,0,0,0.25,0.5,0.74849933,
465,0,0,1,0.5,0.0,0.96371096,
468,0,0,0,0.25,0.5,0.6298287,
480,0,0,1,0.5,0.0,0.92918503,
487,0,0,0,0.2,0.6,4.5059105e-06,
490,0,0,0,0.25,0.5,0.00041047495,
491,0,0,1,0.5,0.0,0.02707269,
492,0,0,0,0.3333333333333333,0.3333333333333333,2.9375865e-06,
495,0,0,0,0.0,1.0,0.69688696,
497,0,0,0,0.0,1.0,0.04151166,
499,0,0,0,0.0,1.0,0.84874225,
510,0,0,1,0.5,0.0,0.92129874,
513,0,0,0,0.0,1.0,0.99775225,
514,0,0,1,0.75,0.5,0.999617,
518,0,0,0,0.25,0.5,0.8977314,
521,0,0,1,0.75,0.5,0.99462867,
528,0,0,0,0.0,1.0,0.09723592,
534,0,0,1,0.75,0.5,0.11507896,
539,0,0,0,0.25,0.5,0.83435684,
540,0,0,0,0.25,0.5,0.9997623,
542,0,0,0,0.25,0.5,0.91919076,
549,0,0,0,0.0,1.0,0.002243184,
554,0,0,1,0.5,0.0,0.99999994,
557,0,0,0,0.3333333333333333,0.3333333333333333,9.84451e-05,
565,0,0,0,0.3333333333333333,0.3333333333333333,0.9985788,
566,0,0,0,0.1666666666666666,0.6666666666666667,0.6280576,
572,0,0,1,0.8333333333333334,0.6666666666666667,0.009695638,
573,0,0,0,0.3333333333333333,0.3333333333333333,0.5606151,
574,0,0,0,0.3333333333333333,0.3333333333333333,0.08999795,
577,0,0,0,0.1666666666666666,0.6666666666666667,0.9997113,
583,0,0,1,0.5,0.0,0.6162869,
586,0,0,1,0.6666666666666666,0.3333333333333332,0.99337745,
587,0,0,1,0.8333333333333334,0.6666666666666667,0.011609094,
588,0,0,0,0.1666666666666666,0.6666666666666667,0.13774106,
590,0,0,0,0.3333333333333333,0.3333333333333333,0.99995685,
601,0,0,0,0.0,1.0,0.009463036,
603,0,0,1,0.5,0.0,0.45527524,
608,0,0,0,0.0,1.0,0.8718177,
618,0,0,0,0.0,1.0,0.9998102,
628,0,0,0,0.0,1.0,0.0680338,
633,0,0,1,0.5,0.0,0.9306707,
645,0,0,1,0.75,0.5,0.6605257,
648,0,0,1,0.5,0.0,0.3724175,
649,0,0,1,0.5,0.0,0.5672096,
650,0,0,0,0.0,1.0,0.0009599463,
653,0,0,1,0.5,0.0,0.91906065,
657,0,0,1,0.5,0.0,0.015499635,
664,0,0,1,0.6666666666666666,0.3333333333333332,0.98934066,
670,0,0,1,0.5,0.0,0.11680462,
674,0,0,0,0.3333333333333333,0.3333333333333333,0.34630606,
689,0,0,0,0.0,1.0,3.322148e-05,
690,0,0,0,0.0,1.0,0.99962986,
694,0,0,0,0.3333333333333333,0.3333333333333333,0.38620082,
695,0,0,0,0.3333333333333333,0.3333333333333333,0.63966465,
699,0,0,0,0.1666666666666666,0.6666666666666667,0.99999654,
703,0,0,0,0.0,1.0,0.07166784,
712,0,0,0,0.1666666666666666,0.6666666666666667,0.31991416,
714,0,0,0,0.3333333333333333,0.3333333333333333,0.08724683,
715,0,0,1,0.5,0.0,4.084478e-05,
720,0,0,0,0.0,1.0,0.0014105721,
735,0,0,0,0.0,1.0,1.5270707e-06,
739,0,0,0,0.3333333333333333,0.3333333333333333,3.326859e-05,
2,0,1,0,0.4,0.1999999999999999,0.0005958852,
4,0,1,1,0.6,0.1999999999999999,0.652928,
6,0,1,0,0.2,0.6,0.9914922,
14,0,1,0,0.2,0.6,0.0038869441,
16,0,1,1,0.6,0.1999999999999999,0.16139618,
26,0,1,1,0.8,0.6000000000000001,0.23338762,
30,0,1,0,0.2,0.6,0.33725405,
34,0,1,0,0.1666666666666666,0.6666666666666667,0.21745402,
38,0,1,0,0.0,1.0,0.7637967,
39,0,1,0,0.0,1.0,0.054821774,
56,0,1,0,0.25,0.5,5.262677e-05,
61,0,1,0,0.2,0.6,6.927049e-06,
65,0,1,0,0.25,0.5,0.00023978311,
66,0,1,0,0.0,1.0,0.12579158,
68,0,1,0,0.0,1.0,0.014061472,
69,0,1,0,0.0,1.0,0.70733774,
74,0,1,0,0.0,1.0,0.42433602,
78,0,1,0,0.0,1.0,0.22781724,
85,0,1,0,0.25,0.5,0.06147509,
87,0,1,0,0.0,1.0,0.017537806,
93,0,1,0,0.0,1.0,0.15947556,
94,0,1,0,0.25,0.5,0.00064308767,
95,0,1,0,0.25,0.5,0.036465675,
96,0,1,0,0.0,1.0,0.63581526,
120,0,1,0,0.0,1.0,0.009448379,
124,0,1,0,0.0,1.0,0.0048826155,
131,0,1,0,0.0,1.0,6.576277e-06,
141,0,1,0,0.0,1.0,0.68533456,
142,0,1,0,0.0,1.0,0.60981417,
143,0,1,1,0.5555555555555556,0.1111111111111111,0.89772975,
146,0,1,1,0.8888888888888888,0.7777777777777777,0.0013158666,
148,0,1,0,0.1111111111111111,0.7777777777777778,0.000764369,
149,0,1,0,0.3333333333333333,0.3333333333333333,0.0035979203,
150,0,1,0,0.0,1.0,0.38173294,
152,0,1,0,0.0,1.0,0.00017636578,
155,0,1,0,0.25,0.5,0.091608375,
156,0,1,0,0.25,0.5,0.032463647,
159,0,1,0,0.0,1.0,0.004504461,
163,0,1,0,0.25,0.5,0.84310925,
166,0,1,0,0.25,0.5,0.11899611,
168,0,1,0,0.25,0.5,0.0073870253,
182,0,1,0,0.0,1.0,0.14555483,
187,0,1,0,0.0,1.0,0.078110196,
189,0,1,1,0.5,0.0,0.39545453,
190,0,1,0,0.25,0.5,0.6135354,
196,0,1,1,0.5,0.0,0.45568606,
200,0,1,0,0.2,0.6,0.9181122,
204,0,1,0,0.4,0.1999999999999999,0.008387733,
208,0,1,0,0.0,1.0,2.8557643e-06,
209,0,1,0,0.2,0.6,0.21763277,
211,0,1,1,0.6,0.1999999999999999,0.9994553,
212,0,1,0,0.2,0.6,0.015809547,
215,0,1,0,0.2,0.6,0.0012530116,
221,0,1,1,0.8,0.6000000000000001,0.0010875666,
224,0,1,0,0.4,0.1999999999999999,0.6547141,
226,0,1,0,0.0,1.0,0.15615386,
243,0,1,0,0.0,1.0,1.02328195e-05,
247,0,1,0,0.2,0.6,0.000153934,
249,0,1,1,0.6,0.1999999999999999,0.06314376,
250,0,1,0,0.4,0.1999999999999999,0.9533553,
267,0,1,0,0.0,1.0,2.805998e-07,
279,0,1,0,0.2,0.6,0.0072214757,
281,0,1,0,0.0,1.0,7.122694e-07,
288,0,1,1,0.75,0.5,0.043139,
291,0,1,0,0.0,1.0,0.0058924304,
308,0,1,0,0.4,0.1999999999999999,0.0065224003,
317,0,1,0,0.4,0.1999999999999999,0.0020112381,
326,0,1,0,0.0,1.0,0.00021474107,
328,0,1,1,0.6,0.1999999999999999,0.00070417504,
331,0,1,0,0.0,1.0,0.8768679,
332,0,1,0,0.0,1.0,0.3367866,
333,0,1,0,0.0,1.0,0.00051660184,
335,0,1,1,0.5,0.0,0.008044259,
336,0,1,0,0.4,0.1999999999999999,0.14873393,
346,0,1,1,0.6,0.1999999999999999,0.99276257,
355,0,1,0,0.25,0.5,0.084662326,
359,0,1,0,0.25,0.5,0.9864352,
360,0,1,0,0.25,0.5,0.02045766,
381,0,1,1,0.75,0.5,0.19934744,
388,0,1,1,0.5,0.0,0.504572,
397,0,1,1,0.75,0.5,0.99471617,
398,0,1,0,0.25,0.5,0.99920535,
405,0,1,0,0.0,1.0,0.037091866,
411,0,1,0,0.2,0.6,0.99734324,
414,0,1,1,0.6,0.1999999999999999,0.6059066,
416,0,1,0,0.0,1.0,0.0008954264,
425,0,1,0,0.0,1.0,0.42214835,
435,0,1,0,0.4,0.1999999999999999,0.88166994,
437,0,1,1,0.6,0.1999999999999999,0.30368748,
441,0,1,0,0.2,0.6,0.955363,
442,0,1,1,0.8,0.6000000000000001,0.99690175,
449,0,1,0,0.4,0.1999999999999999,0.21439761,
452,0,1,0,0.25,0.5,0.00921765,
469,0,1,1,0.75,0.5,0.9609285,
481,0,1,0,0.0,1.0,0.9918031,
482,0,1,0,0.0,1.0,3.4111936e-06,
485,0,1,1,0.5,0.0,0.1755183,
486,0,1,0,0.25,0.5,0.97885936,
496,0,1,1,0.75,0.5,0.51351774,
498,0,1,0,0.0,1.0,3.0270767e-05,
503,0,1,0,0.0,1.0,0.941552,
509,0,1,0,0.25,0.5,0.0045109224,
512,0,1,1,1.0,1.0,0.99997026,
519,0,1,0,0.0,1.0,0.9980142,
523,0,1,0,0.25,0.5,0.59425014,
524,0,1,0,0.0,1.0,0.9986141,
527,0,1,0,0.25,0.5,0.99996406,
529,0,1,1,0.5,0.0,0.9764786,
530,0,1,1,0.5,0.0,0.012158766,
533,0,1,0,0.0,1.0,0.025076203,
535,0,1,0,0.25,0.5,0.997126,
548,0,1,1,0.5,0.0,0.0033675143,
561,0,1,1,0.5,0.0,0.0014182401,
567,0,1,0,0.3333333333333333,0.3333333333333333,0.015940571,
575,0,1,1,0.5,0.0,0.99545014,
579,0,1,0,0.3333333333333333,0.3333333333333333,0.99849856,
589,0,1,0,0.3333333333333333,0.3333333333333333,0.28961653,
595,0,1,1,0.8333333333333334,0.6666666666666667,0.9260738,
604,0,1,1,0.75,0.5,0.40372387,
605,0,1,1,0.5,0.0,0.9998288,
609,0,1,0,0.25,0.5,0.95936555,
612,0,1,0,0.0,1.0,2.0134781e-05,
615,0,1,1,0.75,0.5,0.9995277,
622,0,1,1,0.75,0.5,0.9431332,
623,0,1,1,0.5,0.0,0.91471124,
624,0,1,0,0.25,0.5,0.06390332,
629,0,1,1,0.5,0.0,0.97877634,
630,0,1,1,0.5,0.0,0.46990514,
632,0,1,1,0.5,0.0,0.99416494,
634,0,1,0,0.25,0.5,0.619853,
636,0,1,0,0.0,1.0,0.99682856,
638,0,1,0,0.25,0.5,0.99884504,
642,0,1,1,0.75,0.5,0.9999992,
658,0,1,0,0.1666666666666666,0.6666666666666667,0.99990547,
660,0,1,0,0.1666666666666666,0.6666666666666667,0.31149048,
667,0,1,0,0.3333333333333333,0.3333333333333333,0.5439168,
676,0,1,0,0.1666666666666666,0.6666666666666667,0.028138638,
681,0,1,0,0.1666666666666666,0.6666666666666667,0.4439833,
683,0,1,1,0.8333333333333334,0.6666666666666667,0.9759958,
693,0,1,1,0.5,0.0,0.91106623,
707,0,1,1,0.5,0.0,0.00012262838,
730,0,1,0,0.3333333333333333,0.3333333333333333,0.516864,
731,0,1,0,0.0,1.0,0.017366778,
733,0,1,0,0.1666666666666666,0.6666666666666667,0.6670415,
737,0,1,0,0.1666666666666666,0.6666666666666667,0.003236475,
738,0,1,0,0.3333333333333333,0.3333333333333333,0.8188392,
741,0,1,0,0.2,0.6,0.103088364,
15,0,2,0,0.4,0.1999999999999999,0.9724033,
18,0,2,1,0.6,0.1999999999999999,0.0023827185,
21,0,2,0,0.2,0.6,0.28481686,
24,0,2,0,0.0,1.0,0.00987329,
25,0,2,0,0.2,0.6,0.2748971,
27,0,2,0,0.2,0.6,0.102014154,
31,0,2,0,0.1666666666666666,0.6666666666666667,0.0009910513,
45,0,2,0,0.0,1.0,0.9737814,
47,0,2,0,0.25,0.5,0.38906103,
52,0,2,0,0.25,0.5,0.00944194,
53,0,2,0,0.1666666666666666,0.6666666666666667,0.03614665,
58,0,2,0,0.25,0.5,0.43032396,
72,0,2,0,0.25,0.5,0.038688697,
80,0,2,0,0.0,1.0,0.15289289,
81,0,2,0,0.0,1.0,0.024346042,
84,0,2,0,0.3333333333333333,0.3333333333333333,0.956603,
91,0,2,0,0.25,0.5,0.0002766089,
92,0,2,0,0.0,1.0,0.3622295,
101,0,2,0,0.3333333333333333,0.3333333333333333,0.28671658,
102,0,2,0,0.0,1.0,6.4277026e-07,
118,0,2,0,0.0,1.0,0.9461353,
121,0,2,0,0.1111111111111111,0.7777777777777778,0.01754069,
125,0,2,0,0.125,0.75,0.091563225,
126,0,2,0,0.2222222222222222,0.5555555555555556,0.94748867,
128,0,2,0,0.1111111111111111,0.7777777777777778,0.2841384,
130,0,2,0,0.1111111111111111,0.7777777777777778,1.9630872e-05,
140,0,2,0,0.2222222222222222,0.5555555555555556,0.47252458,
145,0,2,0,0.4444444444444444,0.1111111111111111,0.0044948957,
154,0,2,0,0.25,0.5,0.4838125,
157,0,2,0,0.25,0.5,0.03649138,
167,0,2,0,0.0,1.0,0.9946747,
172,0,2,0,0.0,1.0,0.42083386,
173,0,2,0,0.25,0.5,0.076236166,
176,0,2,0,0.0,1.0,0.0020798864,
194,0,2,0,0.0,1.0,0.3993737,
197,0,2,0,0.0,1.0,0.0022540085,
201,0,2,0,0.25,0.5,0.24787393,
217,0,2,0,0.0,1.0,0.0010824485,
219,0,2,0,0.0,1.0,0.00030108547,
229,0,2,0,0.0,1.0,0.0047208294,
234,0,2,0,0.25,0.5,0.0011566201,
235,0,2,0,0.0,1.0,1.9439813e-05,
237,0,2,0,0.4,0.1999999999999999,0.026156515,
239,0,2,1,0.6,0.1999999999999999,9.773553e-05,
244,0,2,1,0.6,0.1999999999999999,0.9652395,
246,0,2,0,0.4,0.1999999999999999,0.90835696,
252,0,2,0,0.0,1.0,0.12298301,
255,0,2,0,0.25,0.5,0.0001247727,
265,0,2,1,0.5,0.0,0.6902037,
266,0,2,0,0.25,0.5,0.0006602403,
268,0,2,1,0.5,0.0,0.04533377,
270,0,2,0,0.0,1.0,0.96477866,
273,0,2,1,0.5,0.0,0.06629731,
277,0,2,1,0.5,0.0,0.014893467,
280,0,2,0,0.25,0.5,0.0003377009,
286,0,2,0,0.2,0.6,7.578153e-05,
289,0,2,1,0.5,0.0,0.73453796,
304,0,2,1,0.8,0.6000000000000001,0.9492891,
312,0,2,0,0.0,1.0,0.00016185972,
318,0,2,0,0.4,0.1999999999999999,0.0002401137,
321,0,2,1,0.6,0.1999999999999999,0.8532676,
323,0,2,0,0.0,1.0,0.109947115,
324,0,2,0,0.2,0.6,0.9932301,
334,0,2,0,0.4,0.1999999999999999,0.71740407,
340,0,2,1,0.6,0.1999999999999999,0.037842803,
344,0,2,0,0.2,0.6,0.07274406,
348,0,2,0,0.4,0.1999999999999999,0.9998759,
352,0,2,0,0.25,0.5,0.011400983,
353,0,2,0,0.0,1.0,0.9877033,
354,0,2,0,0.25,0.5,0.8673706,
357,0,2,1,0.5,0.0,0.8117441,
358,0,2,0,0.25,0.5,0.9873482,
362,0,2,1,0.75,0.5,0.01979544,
364,0,2,1,0.5,0.0,0.02071734,
399,0,2,0,0.25,0.5,0.99721587,
404,0,2,1,0.6,0.1999999999999999,0.9961395,
408,0,2,0,0.4,0.1999999999999999,0.9745267,
409,0,2,0,0.4,0.1999999999999999,0.8799412,
412,0,2,1,1.0,1.0,0.96230006,
417,0,2,0,0.2,0.6,0.9998093,
420,0,2,0,0.0,1.0,0.00015832752,
426,0,2,1,0.8,0.6000000000000001,0.984253,
431,0,2,0,0.4,0.1999999999999999,0.8752905,
443,0,2,0,0.0,1.0,0.08047678,
446,0,2,0,0.2,0.6,0.6250043,
448,0,2,0,0.0,1.0,0.069015644,
451,0,2,0,0.25,0.5,0.012910669,
453,0,2,0,0.25,0.5,0.19851443,
458,0,2,0,0.0,1.0,0.9996691,
460,0,2,0,0.0,1.0,0.0005228702,
461,0,2,1,0.5,0.0,0.9881132,
471,0,2,0,0.0,1.0,0.9975692,
477,0,2,0,0.0,1.0,0.020024538,
479,0,2,0,0.0,1.0,0.0003532914,
488,0,2,1,0.5,0.0,0.99998987,
489,0,2,0,0.0,1.0,0.981575,
504,0,2,1,0.75,0.5,0.036319826,
505,0,2,1,0.5,0.0,0.99987316,
506,0,2,1,0.75,0.5,0.97993606,
508,0,2,1,0.75,0.5,0.05630804,
511,0,2,1,0.5,0.0,0.99095297,
517,0,2,0,0.25,0.5,0.9970642,
520,0,2,1,0.5,0.0,0.39242584,
526,0,2,0,0.0,1.0,0.8417179,
541,0,2,1,0.5,0.0,0.1036675,
544,0,2,1,0.5,0.0,0.99878,
545,0,2,0,0.25,0.5,0.36694175,
550,0,2,0,0.0,1.0,0.026019372,
552,0,2,1,0.6666666666666666,0.3333333333333332,0.9554837,
555,0,2,0,0.3333333333333333,0.3333333333333333,0.9939146,
556,0,2,0,0.1666666666666666,0.6666666666666667,0.9993776,
559,0,2,1,0.6666666666666666,0.3333333333333332,0.027345758,
563,0,2,0,0.0,1.0,0.070196,
564,0,2,1,0.5,0.0,0.99989074,
571,0,2,1,0.5,0.0,0.008270768,
582,0,2,1,0.5,0.0,0.22765817,
602,0,2,0,0.25,0.5,0.9889223,
606,0,2,0,0.25,0.5,0.24261642,
607,0,2,0,0.0,1.0,0.71417546,
614,0,2,1,0.75,0.5,0.9372581,
617,0,2,1,0.5,0.0,0.9999423,
620,0,2,1,0.75,0.5,0.019158345,
626,0,2,1,0.5,0.0,0.0025907033,
641,0,2,0,0.0,1.0,0.0140647525,
652,0,2,0,0.0,1.0,0.005890745,
661,0,2,1,0.8333333333333334,0.6666666666666667,0.9999981,
669,0,2,0,0.3333333333333333,0.3333333333333333,0.8482469,
671,0,2,0,0.3333333333333333,0.3333333333333333,0.9985418,
673,0,2,0,0.3333333333333333,0.3333333333333333,1.4186615e-05,
675,0,2,0,0.3333333333333333,0.3333333333333333,0.8496026,
682,0,2,0,0.1666666666666666,0.6666666666666667,0.9861057,
685,0,2,0,0.0,1.0,0.41548473,
686,0,2,0,0.0,1.0,0.9905586,
691,0,2,0,0.1666666666666666,0.6666666666666667,0.999981,
692,0,2,0,0.0,1.0,0.0017565679,
698,0,2,1,0.5,0.0,0.99889934,
704,0,2,0,0.3333333333333333,0.3333333333333333,0.60648954,
705,0,2,1,0.5,0.0,0.00059088867,
709,0,2,0,0.3333333333333333,0.3333333333333333,0.943753,
710,0,2,0,0.0,1.0,1.7214083e-05,
717,0,2,1,0.5,0.0,0.982888,
721,0,2,0,0.3333333333333333,0.3333333333333333,0.052849554,
723,0,2,0,0.1666666666666666,0.6666666666666667,0.0013290145,
727,0,2,0,0.4,0.1999999999999999,0.6355945,
728,0,2,0,0.2,0.6,0.9707172,
729,0,2,0,0.4,0.1999999999999999,0.9974818,
736,0,2,0,0.0,1.0,0.99985,
1,0,3,0,0.3333333333333333,0.3333333333333333,0.0776073,
3,0,3,0,0.0,1.0,0.0050806864,
9,0,3,0,0.0,1.0,0.119464934,
12,0,3,0,0.4,0.1999999999999999,0.023401232,
13,0,3,0,0.2,0.6,0.05329072,
17,0,3,0,0.4,0.1999999999999999,0.09452575,
35,0,3,1,0.5,0.0,0.0001488057,
37,0,3,0,0.2,0.6,0.0065421145,
42,0,3,0,0.0,1.0,0.5150778,
43,0,3,0,0.2,0.6,0.9661648,
48,0,3,1,0.6,0.1999999999999999,0.0010543235,
54,0,3,0,0.25,0.5,0.012967107,
76,0,3,0,0.25,0.5,0.0013585518,
79,0,3,0,0.25,0.5,0.07384777,
86,0,3,0,0.0,1.0,0.005361257,
90,0,3,1,0.5,0.0,2.4542678e-05,
97,0,3,0,0.25,0.5,0.009537903,
100,0,3,0,0.25,0.5,0.7839583,
103,0,3,0,0.1111111111111111,0.7777777777777778,0.14631015,
108,0,3,0,0.25,0.5,0.95906293,
115,0,3,0,0.0,1.0,0.0040747137,
119,0,3,0,0.1111111111111111,0.7777777777777778,0.33841312,
123,0,3,0,0.0,1.0,0.001976362,
129,0,3,0,0.2,0.6,0.11970028,
132,0,3,0,0.2222222222222222,0.5555555555555556,0.00035821492,
133,0,3,1,0.8888888888888888,0.7777777777777777,3.7606602e-05,
138,0,3,1,0.5555555555555556,0.1111111111111111,0.0271075,
144,0,3,0,0.0,1.0,0.034724742,
158,0,3,0,0.0,1.0,7.7952056e-05,
179,0,3,0,0.25,0.5,0.008238993,
180,0,3,0,0.0,1.0,0.060486954,
184,0,3,0,0.0,1.0,6.2757426e-06,
185,0,3,0,0.25,0.5,0.0011410991,
188,0,3,0,0.0,1.0,0.0010919351,
195,0,3,0,0.0,1.0,0.007837653,
198,0,3,0,0.0,1.0,0.7785224,
203,0,3,0,0.2,0.6,0.0011534112,
205,0,3,0,0.2,0.6,0.00034348492,
213,0,3,0,0.4,0.1999999999999999,0.9249712,
216,0,3,0,0.0,1.0,0.6523324,
220,0,3,0,0.4,0.1999999999999999,1.3477562e-05,
222,0,3,0,0.2,0.6,0.82505715,
225,0,3,0,0.2,0.6,5.7635646e-07,
228,0,3,0,0.2,0.6,9.957331e-05,
236,0,3,0,0.0,1.0,2.7837716e-08,
238,0,3,0,0.25,0.5,5.030224e-06,
242,0,3,1,0.6,0.1999999999999999,0.0005547899,
251,0,3,0,0.25,0.5,0.00030280327,
257,0,3,0,0.25,0.5,0.37977394,
258,0,3,0,0.0,1.0,0.0030945516,
269,0,3,1,0.5,0.0,0.0043114624,
272,0,3,1,0.5,0.0,0.08567774,
278,0,3,0,0.25,0.5,0.0055240477,
283,0,3,0,0.25,0.5,0.0021982265,
290,0,3,0,0.0,1.0,0.0022849217,
293,0,3,1,0.5,0.0,0.07474092,
296,0,3,0,0.0,1.0,4.569555e-06,
297,0,3,0,0.0,1.0,0.0012853683,
302,0,3,0,0.0,1.0,0.06212549,
303,0,3,0,0.0,1.0,0.01415853,
306,0,3,0,0.0,1.0,0.07322268,
311,0,3,0,0.4,0.1999999999999999,0.0030597548,
313,0,3,0,0.0,1.0,0.016720144,
320,0,3,0,0.0,1.0,0.25394535,
343,0,3,1,0.8,0.6000000000000001,0.82642627,
351,0,3,0,0.0,1.0,0.9578304,
356,0,3,0,0.25,0.5,0.20134714,
361,0,3,0,0.0,1.0,0.0002682322,
366,0,3,0,0.0,1.0,0.9525641,
367,0,3,0,0.25,0.5,0.715649,
369,0,3,0,0.0,1.0,2.809715e-05,
370,0,3,0,0.0,1.0,0.1326403,
373,0,3,0,0.0,1.0,0.002167503,
378,0,3,1,0.5,0.0,2.6221062e-06,
380,0,3,1,0.75,0.5,0.58968705,
385,0,3,1,0.5,0.0,0.024334347,
387,0,3,0,0.0,1.0,0.0010657154,
389,0,3,0,0.25,0.5,0.99999934,
392,0,3,1,0.5,0.0,0.7686197,
396,0,3,1,0.75,0.5,0.82442194,
400,0,3,1,0.5,0.0,0.99999577,
402,0,3,1,0.6,0.1999999999999999,0.21475379,
403,0,3,0,0.0,1.0,0.046124272,
406,0,3,1,0.6,0.1999999999999999,0.41001153,
410,0,3,1,0.6,0.1999999999999999,0.29943573,
415,0,3,0,0.0,1.0,0.9263958,
422,0,3,1,0.6,0.1999999999999999,0.15598209,
423,0,3,0,0.0,1.0,0.5990533,
428,0,3,1,0.6,0.1999999999999999,0.0019942818,
429,0,3,0,0.0,1.0,0.016084127,
433,0,3,0,0.0,1.0,0.0034173662,
440,0,3,0,0.0,1.0,0.9728413,
444,0,3,0,0.2,0.6,0.7805188,
445,0,3,0,0.0,1.0,0.010223225,
447,0,3,0,0.0,1.0,0.00018776426,
455,0,3,0,0.0,1.0,0.00019783061,
470,0,3,0,0.0,1.0,0.7955035,
472,0,3,0,0.25,0.5,0.014059203,
473,0,3,0,0.25,0.5,0.322571,
474,0,3,0,0.0,1.0,0.025535377,
475,0,3,0,0.25,0.5,0.91321045,
478,0,3,0,0.0,1.0,0.013692036,
484,0,3,0,0.25,0.5,0.22210845,
493,0,3,0,0.0,1.0,0.97308743,
500,0,3,0,0.25,0.5,0.044018544,
501,0,3,0,0.25,0.5,0.023134599,
502,0,3,1,0.75,0.5,0.9960412,
516,0,3,0,0.0,1.0,0.5540246,
525,0,3,0,0.2,0.6,6.142777e-05,
531,0,3,1,0.75,0.5,0.87622404,
536,0,3,0,0.3333333333333333,0.3333333333333333,0.33919984,
538,0,3,0,0.0,1.0,0.9220824,
543,0,3,1,0.5,0.0,0.99980795,
547,0,3,1,0.5,0.0,0.9871103,
560,0,3,0,0.1666666666666666,0.6666666666666667,0.23897977,
576,0,3,1,0.5,0.0,0.99645174,
581,0,3,0,0.3333333333333333,0.3333333333333333,0.7681875,
591,0,3,1,0.5,0.0,0.000798449,
592,0,3,1,0.6,0.1999999999999999,0.14307284,
597,0,3,0,0.0,1.0,8.180894e-05,
598,0,3,0,0.3333333333333333,0.3333333333333333,0.7804198,
600,0,3,0,0.1666666666666666,0.6666666666666667,0.6254115,
611,0,3,1,0.75,0.5,0.0002502899,
627,0,3,1,0.75,0.5,0.38326967,
631,0,3,0,0.0,1.0,0.08920855,
637,0,3,1,0.5,0.0,0.48349422,
639,0,3,0,0.0,1.0,0.00025470447,
640,0,3,1,0.75,0.5,0.3450009,
643,0,3,1,0.5,0.0,3.8052414e-05,
647,0,3,1,0.5,0.0,0.9744928,
651,0,3,0,0.3333333333333333,0.3333333333333333,0.018248916,
654,0,3,0,0.1666666666666666,0.6666666666666667,0.14532444,
659,0,3,1,0.6666666666666666,0.3333333333333332,0.9946196,
665,0,3,0,0.1666666666666666,0.6666666666666667,0.9022183,
672,0,3,0,0.0,1.0,0.37175995,
677,0,3,1,0.6666666666666666,0.3333333333333332,0.95874393,
680,0,3,0,0.0,1.0,0.0007328111,
687,0,3,0,0.3333333333333333,0.3333333333333333,0.75441,
696,0,3,0,0.1666666666666666,0.6666666666666667,0.056628447,
697,0,3,1,0.5,0.0,0.12727672,
711,0,3,1,0.6,0.1999999999999999,0.27812463,
713,0,3,1,0.6,0.1999999999999999,0.0093310885,
718,0,3,0,0.1666666666666666,0.6666666666666667,1.0714224e-05,
719,0,3,0,0.1666666666666666,0.6666666666666667,0.19586836,
725,0,3,0,0.0,1.0,0.0006811583,
732,0,3,0,0.0,1.0,0.0401772,
742,0,3,1,0.5,0.0,0.9920961,
8,0,4,0,0.0,1.0,0.0006934181,
10,0,4,0,0.0,1.0,0.0074124783,
11,0,4,1,0.6,0.1999999999999999,0.013830675,
20,0,4,0,0.25,0.5,9.2206974e-05,
22,0,4,0,0.2,0.6,0.9952902,
33,0,4,0,0.4,0.1999999999999999,0.0002942499,
36,0,4,0,0.2,0.6,0.001088726,
41,0,4,0,0.2,0.6,0.00163772,
44,0,4,0,0.0,1.0,0.00600837,
46,0,4,0,0.4,0.1999999999999999,0.3681234,
57,0,4,1,1.0,1.0,0.25002068,
60,0,4,0,0.0,1.0,0.38705623,
62,0,4,0,0.25,0.5,0.0022761081,
70,0,4,0,0.0,1.0,0.7783288,
71,0,4,0,0.0,1.0,0.006581408,
75,0,4,0,0.0,1.0,0.2175625,
89,0,4,0,0.25,0.5,0.6963732,
99,0,4,0,0.0,1.0,0.054785755,
104,0,4,0,0.1111111111111111,0.7777777777777778,0.27672756,
105,0,4,0,0.0,1.0,0.00088785775,
106,0,4,1,1.0,1.0,0.35711443,
111,0,4,0,0.1111111111111111,0.7777777777777778,0.98464704,
114,0,4,0,0.1111111111111111,0.7777777777777778,0.9784473,
117,0,4,0,0.25,0.5,0.12554236,
135,0,4,0,0.1666666666666666,0.6666666666666667,6.725154e-05,
136,0,4,0,0.3333333333333333,0.3333333333333333,0.88306046,
137,0,4,1,0.6666666666666666,0.3333333333333332,0.0054193297,
147,0,4,0,0.0,1.0,0.024506077,
162,0,4,0,0.2,0.6,0.05611807,
164,0,4,0,0.0,1.0,0.0005502169,
165,0,4,0,0.0,1.0,0.92713535,
169,0,4,0,0.0,1.0,0.50619346,
170,0,4,0,0.1666666666666666,0.6666666666666667,0.003999666,
171,0,4,0,0.25,0.5,0.0077098333,
175,0,4,0,0.0,1.0,0.00045642888,
178,0,4,0,0.0,1.0,0.012172906,
181,0,4,1,0.5,0.0,0.11313996,
186,0,4,0,0.0,1.0,0.13702904,
191,0,4,0,0.0,1.0,0.8305943,
192,0,4,0,0.0,1.0,0.13435757,
193,0,4,0,0.25,0.5,0.50990546,
207,0,4,0,0.2,0.6,0.0011998138,
214,0,4,0,0.2,0.6,0.00013312219,
223,0,4,0,0.2,0.6,0.0041606613,
227,0,4,1,1.0,1.0,0.7285623,
245,0,4,0,0.0,1.0,0.4391907,
254,0,4,0,0.25,0.5,0.14024694,
260,0,4,0,0.25,0.5,0.9989357,
261,0,4,0,0.25,0.5,0.93269116,
262,0,4,1,0.5,0.0,0.946085,
263,0,4,0,0.2,0.6,0.003787162,
264,0,4,0,0.25,0.5,0.073248506,
271,0,4,0,0.0,1.0,0.559398,
276,0,4,0,0.2,0.6,0.99841255,
292,0,4,0,0.25,0.5,0.9954127,
295,0,4,0,0.0,1.0,1.7666065e-06,
298,0,4,0,0.25,0.5,0.4783163,
299,0,4,1,0.8,0.6000000000000001,0.14892103,
314,0,4,0,0.0,1.0,0.99495417,
325,0,4,0,0.0,1.0,0.00970798,
327,0,4,0,0.0,1.0,0.9978236,
337,0,4,0,0.0,1.0,0.7289113,
341,0,4,1,0.6,0.1999999999999999,0.99426115,
347,0,4,0,0.4,0.1999999999999999,0.93756557,
349,0,4,0,0.0,1.0,7.2241176e-07,
350,0,4,0,0.0,1.0,0.0036807642,
363,0,4,0,0.0,1.0,0.22657293,
365,0,4,0,0.25,0.5,0.9818007,
368,0,4,1,0.5,0.0,0.99762636,
375,0,4,1,0.5,0.0,0.98702085,
377,0,4,0,0.25,0.5,0.15453085,
379,0,4,1,0.75,0.5,0.99594176,
382,0,4,1,0.5,0.0,0.19977757,
383,0,4,0,0.0,1.0,0.022329211,
386,0,4,0,0.25,0.5,0.93018043,
390,0,4,1,0.75,0.5,0.6079844,
391,0,4,0,0.0,1.0,0.0020591228,
393,0,4,0,0.25,0.5,0.029798906,
395,0,4,1,0.5,0.0,0.7276604,
401,0,4,0,0.2,0.6,0.893728,
418,0,4,0,0.0,1.0,0.012615114,
419,0,4,0,0.4,0.1999999999999999,0.4338165,
424,0,4,1,0.6,0.1999999999999999,0.91589475,
427,0,4,1,0.6,0.1999999999999999,0.96109915,
430,0,4,1,0.6,0.1999999999999999,0.1733694,
432,0,4,0,0.2,0.6,0.56473136,
434,0,4,0,0.0,1.0,0.0012973524,
439,0,4,0,0.2,0.6,0.5443142,
450,0,4,0,0.2,0.6,0.12132237,
454,0,4,0,0.0,1.0,0.1743001,
462,0,4,1,0.5,0.0,1.0,
464,0,4,0,0.0,1.0,0.99724543,
466,0,4,1,0.5,0.0,0.999969,
467,0,4,1,1.0,1.0,0.9999313,
476,0,4,0,0.0,1.0,0.9603764,
483,0,4,0,0.25,0.5,0.99699396,
494,0,4,1,0.8,0.6000000000000001,0.8072603,
507,0,4,1,1.0,1.0,0.9943338,
515,0,4,0,0.25,0.5,0.44195437,
522,0,4,0,0.25,0.5,0.04220046,
532,0,4,0,0.0,1.0,0.0006134409,
537,0,4,0,0.25,0.5,0.9868139,
546,0,4,1,0.5,0.0,0.88005644,
551,0,4,1,0.6666666666666666,0.3333333333333332,0.9941703,
553,0,4,0,0.0,1.0,0.9676274,
558,0,4,1,0.5,0.0,0.9993523,
562,0,4,0,0.3333333333333333,0.3333333333333333,0.99977964,
568,0,4,1,1.0,1.0,0.9315121,
569,0,4,0,0.1666666666666666,0.6666666666666667,0.7015667,
570,0,4,1,0.6666666666666666,0.3333333333333332,0.6376407,
578,0,4,1,0.5,0.0,0.8725941,
580,0,4,0,0.3333333333333333,0.3333333333333333,0.015535913,
584,0,4,1,0.6666666666666666,0.3333333333333332,0.98412794,
585,0,4,1,0.5,0.0,0.9756484,
593,0,4,1,0.5,0.0,0.8627608,
594,0,4,0,0.0,1.0,0.9518062,
596,0,4,1,0.5,0.0,0.1568877,
599,0,4,0,0.0,1.0,0.99471694,
610,0,4,0,0.25,0.5,0.8316822,
613,0,4,0,0.0,1.0,0.996653,
616,0,4,1,0.75,0.5,0.9537381,
619,0,4,0,0.25,0.5,0.40793496,
621,0,4,1,0.5,0.0,0.999189,
625,0,4,0,0.0,1.0,0.43345746,
635,0,4,1,0.5,0.0,0.9976299,
644,0,4,0,0.25,0.5,0.004802053,
646,0,4,0,0.0,1.0,0.002672796,
655,0,4,1,0.6666666666666666,0.3333333333333332,0.9796963,
656,0,4,1,0.6666666666666666,0.3333333333333332,0.9780086,
662,0,4,0,0.0,1.0,0.07876733,
663,0,4,0,0.3333333333333333,0.3333333333333333,0.9943654,
668,0,4,0,0.1666666666666666,0.6666666666666667,0.4304824,
678,0,4,0,0.3333333333333333,0.3333333333333333,0.31446093,
679,0,4,0,0.4,0.1999999999999999,0.065733194,
684,0,4,0,0.0,1.0,0.2977198,
688,0,4,0,0.1666666666666666,0.6666666666666667,0.8502515,
700,0,4,1,0.5,0.0,0.9946221,
701,0,4,0,0.1666666666666666,0.6666666666666667,0.9984578,
702,0,4,0,0.1666666666666666,0.6666666666666667,0.29814276,
706,0,4,1,0.6666666666666666,0.3333333333333332,0.94075143,
708,0,4,0,0.0,1.0,0.19830924,
716,0,4,1,0.6666666666666666,0.3333333333333332,0.11658995,
722,0,4,0,0.2,0.6,0.007914076,
724,0,4,0,0.2,0.6,0.31247258,
726,0,4,0,0.0,1.0,0.4218821,
734,0,4,0,0.0,1.0,0.0006787934,
740,0,4,0,0.1666666666666666,0.6666666666666667,0.001285667,
5,1,0,0,0.2,0.6,0.041984253,
10,1,0,0,0.0,1.0,0.00051732553,
12,1,0,0,0.4,0.1999999999999999,0.87754697,
16,1,0,1,0.6,0.1999999999999999,0.015363637,
17,1,0,0,0.4,0.1999999999999999,0.17002442,
25,1,0,0,0.2,0.6,0.71920407,
26,1,0,1,0.8,0.6000000000000001,0.51245993,
30,1,0,0,0.2,0.6,0.042330526,
36,1,0,0,0.2,0.6,2.2318243e-05,
37,1,0,0,0.2,0.6,0.00017616831,
46,1,0,0,0.4,0.1999999999999999,0.024231516,
56,1,0,0,0.25,0.5,9.425771e-05,
63,1,0,0,0.0,1.0,0.014125068,
66,1,0,0,0.0,1.0,0.14691634,
72,1,0,0,0.25,0.5,0.025530433,
81,1,0,0,0.0,1.0,0.005825378,
82,1,0,0,0.25,0.5,0.0032811118,
91,1,0,0,0.25,0.5,0.06239965,
93,1,0,0,0.0,1.0,0.07699332,
101,1,0,0,0.3333333333333333,0.3333333333333333,0.073543265,
102,1,0,0,0.0,1.0,0.026033672,
114,1,0,0,0.1111111111111111,0.7777777777777778,0.9168955,
117,1,0,0,0.25,0.5,0.009507908,
118,1,0,0,0.0,1.0,0.9002532,
122,1,0,0,0.0,1.0,0.109338105,
128,1,0,0,0.1111111111111111,0.7777777777777778,0.059963107,
141,1,0,0,0.0,1.0,0.26862776,
142,1,0,0,0.0,1.0,0.027435377,
145,1,0,0,0.4444444444444444,0.1111111111111111,8.934184e-06,
149,1,0,0,0.3333333333333333,0.3333333333333333,4.400068e-06,
150,1,0,0,0.0,1.0,0.9708606,
159,1,0,0,0.0,1.0,0.05316494,
179,1,0,0,0.25,0.5,0.17534941,
180,1,0,0,0.0,1.0,0.0042923177,
184,1,0,0,0.0,1.0,1.1127501e-05,
187,1,0,0,0.0,1.0,0.10042055,
195,1,0,0,0.0,1.0,0.002223336,
213,1,0,0,0.4,0.1999999999999999,0.2879681,
216,1,0,0,0.0,1.0,0.28595442,
226,1,0,0,0.0,1.0,0.0037541736,
227,1,0,1,1.0,1.0,0.78195804,
231,1,0,1,0.5,0.0,0.032960523,
232,1,0,0,0.25,0.5,0.0017399485,
235,1,0,0,0.0,1.0,0.00035430392,
239,1,0,1,0.6,0.1999999999999999,0.00071839476,
243,1,0,0,0.0,1.0,8.5792306e-07,
248,1,0,0,0.4,0.1999999999999999,0.030776905,
249,1,0,1,0.6,0.1999999999999999,0.21342424,
250,1,0,0,0.4,0.1999999999999999,0.9351782,
251,1,0,0,0.25,0.5,0.007710876,
257,1,0,0,0.25,0.5,0.10967592,
263,1,0,0,0.2,0.6,0.00016389343,
272,1,0,1,0.5,0.0,0.0040347306,
273,1,0,1,0.5,0.0,0.00013203517,
278,1,0,0,0.25,0.5,0.001676407,
285,1,0,0,0.4,0.1999999999999999,0.0040149176,
287,1,0,0,0.25,0.5,0.022608615,
288,1,0,1,0.75,0.5,0.00067863974,
297,1,0,0,0.0,1.0,0.0028250685,
299,1,0,1,0.8,0.6000000000000001,0.0023497003,
314,1,0,0,0.0,1.0,0.918314,
317,1,0,0,0.4,0.1999999999999999,0.0021539663,
320,1,0,0,0.0,1.0,0.26133806,
333,1,0,0,0.0,1.0,0.0054623107,
335,1,0,1,0.5,0.0,0.008878523,
339,1,0,0,0.0,1.0,0.4384802,
341,1,0,1,0.6,0.1999999999999999,0.9937302,
343,1,0,1,0.8,0.6000000000000001,0.9750261,
347,1,0,0,0.4,0.1999999999999999,0.08941874,
350,1,0,0,0.0,1.0,0.0010912642,
352,1,0,0,0.25,0.5,0.032352246,
357,1,0,1,0.5,0.0,0.47768316,
358,1,0,0,0.25,0.5,0.78326595,
369,1,0,0,0.0,1.0,4.7577258e-05,
373,1,0,0,0.0,1.0,0.12656005,
380,1,0,1,0.75,0.5,0.38193595,
386,1,0,0,0.25,0.5,0.97382534,
388,1,0,1,0.5,0.0,0.9767521,
389,1,0,0,0.25,0.5,0.9998876,
390,1,0,1,0.75,0.5,0.6499404,
393,1,0,0,0.25,0.5,0.0061652465,
396,1,0,1,0.75,0.5,0.9988143,
401,1,0,0,0.2,0.6,0.6985798,
402,1,0,1,0.6,0.1999999999999999,0.26173297,
406,1,0,1,0.6,0.1999999999999999,0.89074385,
420,1,0,0,0.0,1.0,0.00069467584,
425,1,0,0,0.0,1.0,0.34469163,
428,1,0,1,0.6,0.1999999999999999,0.0059594414,
433,1,0,0,0.0,1.0,0.20051432,
444,1,0,0,0.2,0.6,0.9879652,
450,1,0,0,0.2,0.6,0.27028865,
454,1,0,0,0.0,1.0,0.035333324,
455,1,0,0,0.0,1.0,9.023704e-06,
457,1,0,1,0.5,0.0,0.98291504,
462,1,0,1,0.5,0.0,0.99999195,
475,1,0,0,0.25,0.5,0.03550023,
479,1,0,0,0.0,1.0,0.01007938,
482,1,0,0,0.0,1.0,2.6024603e-07,
489,1,0,0,0.0,1.0,0.9422704,
507,1,0,1,1.0,1.0,0.88039374,
511,1,0,1,0.5,0.0,0.961897,
515,1,0,0,0.25,0.5,0.0049566,
525,1,0,0,0.2,0.6,2.0491612e-05,
531,1,0,1,0.75,0.5,0.980703,
537,1,0,0,0.25,0.5,0.9969563,
538,1,0,0,0.0,1.0,0.89375323,
540,1,0,0,0.25,0.5,0.99917984,
549,1,0,0,0.0,1.0,0.047672383,
551,1,0,1,0.6666666666666666,0.3333333333333332,0.9492632,
553,1,0,0,0.0,1.0,0.743582,
559,1,0,1,0.6666666666666666,0.3333333333333332,0.5380808,
560,1,0,0,0.1666666666666666,0.6666666666666667,0.9384146,
563,1,0,0,0.0,1.0,0.23653011,
577,1,0,0,0.1666666666666666,0.6666666666666667,0.8041462,
579,1,0,0,0.3333333333333333,0.3333333333333333,0.9965023,
580,1,0,0,0.3333333333333333,0.3333333333333333,0.09087693,
584,1,0,1,0.6666666666666666,0.3333333333333332,0.097183496,
589,1,0,0,0.3333333333333333,0.3333333333333333,0.08465022,
593,1,0,1,0.5,0.0,0.9481987,
602,1,0,0,0.25,0.5,0.9855433,
604,1,0,1,0.75,0.5,0.22648072,
607,1,0,0,0.0,1.0,0.00013753651,
611,1,0,1,0.75,0.5,0.0044526216,
616,1,0,1,0.75,0.5,0.9548793,
618,1,0,0,0.0,1.0,0.9952784,
626,1,0,1,0.5,0.0,0.002245689,
630,1,0,1,0.5,0.0,0.9071319,
632,1,0,1,0.5,0.0,0.6197469,
635,1,0,1,0.5,0.0,0.7763594,
639,1,0,0,0.0,1.0,0.00014284783,
641,1,0,0,0.0,1.0,0.34396768,
646,1,0,0,0.0,1.0,2.5232393e-05,
648,1,0,1,0.5,0.0,0.26114058,
660,1,0,0,0.1666666666666666,0.6666666666666667,0.032200713,
674,1,0,0,0.3333333333333333,0.3333333333333333,0.5655533,
684,1,0,0,0.0,1.0,0.98083293,
696,1,0,0,0.1666666666666666,0.6666666666666667,0.7754446,
697,1,0,1,0.5,0.0,0.36163577,
698,1,0,1,0.5,0.0,0.33078015,
703,1,0,0,0.0,1.0,0.7416105,
707,1,0,1,0.5,0.0,0.00012939538,
710,1,0,0,0.0,1.0,2.419475e-05,
716,1,0,1,0.6666666666666666,0.3333333333333332,0.6842364,
718,1,0,0,0.1666666666666666,0.6666666666666667,0.006070834,
728,1,0,0,0.2,0.6,0.38478047,
734,1,0,0,0.0,1.0,2.2070435e-06,
735,1,0,0,0.0,1.0,2.0087991e-06,
6,1,1,0,0.2,0.6,0.8742206,
8,1,1,0,0.0,1.0,0.000117932985,
9,1,1,0,0.0,1.0,0.02947979,
13,1,1,0,0.2,0.6,0.09854908,
14,1,1,0,0.2,0.6,0.009266358,
21,1,1,0,0.2,0.6,0.3338225,
22,1,1,0,0.2,0.6,0.2940221,
29,1,1,0,0.2,0.6,0.05463223,
32,1,1,0,0.2,0.6,0.63762367,
33,1,1,0,0.4,0.1999999999999999,0.00020906786,
34,1,1,0,0.1666666666666666,0.6666666666666667,0.0062754164,
41,1,1,0,0.2,0.6,0.000115276736,
49,1,1,0,0.3333333333333333,0.3333333333333333,0.7296504,
50,1,1,1,0.8,0.6000000000000001,0.8011619,
51,1,1,0,0.25,0.5,0.2953851,
70,1,1,0,0.0,1.0,0.9862664,
71,1,1,0,0.0,1.0,0.008741626,
79,1,1,0,0.25,0.5,0.008668379,
85,1,1,0,0.25,0.5,0.027336035,
86,1,1,0,0.0,1.0,0.00813915,
88,1,1,1,0.5,0.0,1.5615518e-06,
89,1,1,0,0.25,0.5,0.36271322,
94,1,1,0,0.25,0.5,0.00089896517,
95,1,1,0,0.25,0.5,0.52515346,
108,1,1,0,0.25,0.5,0.45106804,
109,1,1,0,0.1111111111111111,0.7777777777777778,0.9144703,
115,1,1,0,0.0,1.0,0.000562717,
127,1,1,1,0.6666666666666666,0.3333333333333332,0.0046430295,
129,1,1,0,0.2,0.6,0.005365812,
138,1,1,1,0.5555555555555556,0.1111111111111111,0.01089461,
139,1,1,0,0.0,1.0,0.054100007,
140,1,1,0,0.2222222222222222,0.5555555555555556,0.058519818,
156,1,1,0,0.25,0.5,0.018326567,
160,1,1,0,0.1666666666666666,0.6666666666666667,0.9634093,
161,1,1,0,0.0,1.0,0.98727214,
166,1,1,0,0.25,0.5,0.48744038,
175,1,1,0,0.0,1.0,0.0004700143,
188,1,1,0,0.0,1.0,0.96852607,
193,1,1,0,0.25,0.5,0.34113437,
194,1,1,0,0.0,1.0,0.8221595,
196,1,1,1,0.5,0.0,0.10378518,
198,1,1,0,0.0,1.0,0.68056834,
200,1,1,0,0.2,0.6,0.19556725,
205,1,1,0,0.2,0.6,0.0008540622,
209,1,1,0,0.2,0.6,0.03561928,
210,1,1,0,0.4,0.1999999999999999,0.99999046,
212,1,1,0,0.2,0.6,0.005563569,
222,1,1,0,0.2,0.6,0.9922707,
225,1,1,0,0.2,0.6,5.9161985e-06,
230,1,1,0,0.2,0.6,0.010098426,
234,1,1,0,0.25,0.5,0.012906722,
237,1,1,0,0.4,0.1999999999999999,0.01781948,
241,1,1,1,0.6,0.1999999999999999,0.9964281,
247,1,1,0,0.2,0.6,0.0021292535,
262,1,1,1,0.5,0.0,0.2136157,
264,1,1,0,0.25,0.5,0.034482732,
267,1,1,0,0.0,1.0,4.041126e-07,
271,1,1,0,0.0,1.0,0.12205589,
275,1,1,1,0.5,0.0,0.00938843,
277,1,1,1,0.5,0.0,0.002429141,
280,1,1,0,0.25,0.5,0.00011648598,
284,1,1,1,0.5,0.0,0.02330245,
292,1,1,0,0.25,0.5,0.99989635,
293,1,1,1,0.5,0.0,0.8382554,
304,1,1,1,0.8,0.6000000000000001,0.8211688,
312,1,1,0,0.0,1.0,5.553084e-05,
324,1,1,0,0.2,0.6,0.9677195,
332,1,1,0,0.0,1.0,0.0036369346,
342,1,1,0,0.2,0.6,0.23570004,
346,1,1,1,0.6,0.1999999999999999,0.9999958,
351,1,1,0,0.0,1.0,0.67546505,
353,1,1,0,0.0,1.0,0.99674845,
355,1,1,0,0.25,0.5,0.0062731067,
356,1,1,0,0.25,0.5,0.047584563,
360,1,1,0,0.25,0.5,0.14186922,
375,1,1,1,0.5,0.0,0.8840898,
378,1,1,1,0.5,0.0,0.035001572,
385,1,1,1,0.5,0.0,0.41585854,
387,1,1,0,0.0,1.0,9.44889e-06,
399,1,1,0,0.25,0.5,0.9998795,
405,1,1,0,0.0,1.0,0.9854871,
407,1,1,0,0.2,0.6,0.25641584,
408,1,1,0,0.4,0.1999999999999999,0.9969701,
412,1,1,1,1.0,1.0,0.62574285,
414,1,1,1,0.6,0.1999999999999999,0.99690855,
423,1,1,0,0.0,1.0,0.7413871,
431,1,1,0,0.4,0.1999999999999999,0.97148645,
439,1,1,0,0.2,0.6,0.9902437,
445,1,1,0,0.0,1.0,0.606788,
449,1,1,0,0.4,0.1999999999999999,0.0007055964,
460,1,1,0,0.0,1.0,0.00033150503,
468,1,1,0,0.25,0.5,0.030257419,
470,1,1,0,0.0,1.0,0.9950386,
476,1,1,0,0.0,1.0,0.9941885,
477,1,1,0,0.0,1.0,0.12840235,
478,1,1,0,0.0,1.0,0.0073640523,
480,1,1,1,0.5,0.0,0.99749553,
483,1,1,0,0.25,0.5,0.9971018,
485,1,1,1,0.5,0.0,0.98328024,
488,1,1,1,0.5,0.0,0.9999964,
490,1,1,0,0.25,0.5,0.0041456968,
493,1,1,0,0.0,1.0,0.9975281,
494,1,1,1,0.8,0.6000000000000001,0.89466584,
497,1,1,0,0.0,1.0,0.073137954,
505,1,1,1,0.5,0.0,0.9568162,
506,1,1,1,0.75,0.5,0.99997735,
510,1,1,1,0.5,0.0,0.5340017,
513,1,1,0,0.0,1.0,0.96954995,
518,1,1,0,0.25,0.5,0.78743315,
519,1,1,0,0.0,1.0,0.9976895,
524,1,1,0,0.0,1.0,0.99995995,
527,1,1,0,0.25,0.5,0.99555635,
528,1,1,0,0.0,1.0,0.045546103,
533,1,1,0,0.0,1.0,0.04370929,
536,1,1,0,0.3333333333333333,0.3333333333333333,0.14274545,
541,1,1,1,0.5,0.0,0.46905714,
542,1,1,0,0.25,0.5,0.7370851,
544,1,1,1,0.5,0.0,0.99919915,
554,1,1,1,0.5,0.0,0.9999925,
556,1,1,0,0.1666666666666666,0.6666666666666667,0.9997933,
564,1,1,1,0.5,0.0,0.9999897,
576,1,1,1,0.5,0.0,0.99990106,
581,1,1,0,0.3333333333333333,0.3333333333333333,0.6877237,
585,1,1,1,0.5,0.0,0.99315953,
591,1,1,1,0.5,0.0,0.03946941,
592,1,1,1,0.6,0.1999999999999999,0.7178371,
598,1,1,0,0.3333333333333333,0.3333333333333333,0.68383074,
620,1,1,1,0.75,0.5,0.20988397,
622,1,1,1,0.75,0.5,0.99871236,
628,1,1,0,0.0,1.0,0.025968289,
637,1,1,1,0.5,0.0,0.43651024,
645,1,1,1,0.75,0.5,0.9860617,
647,1,1,1,0.5,0.0,0.99995446,
658,1,1,0,0.1666666666666666,0.6666666666666667,0.98389065,
659,1,1,1,0.6666666666666666,0.3333333333333332,0.99222183,
668,1,1,0,0.1666666666666666,0.6666666666666667,0.030921662,
670,1,1,1,0.5,0.0,0.1140908,
679,1,1,0,0.4,0.1999999999999999,0.0005896086,
686,1,1,0,0.0,1.0,0.99492395,
692,1,1,0,0.0,1.0,0.013291219,
693,1,1,1,0.5,0.0,0.94051135,
695,1,1,0,0.3333333333333333,0.3333333333333333,0.9611082,
699,1,1,0,0.1666666666666666,0.6666666666666667,0.99991244,
704,1,1,0,0.3333333333333333,0.3333333333333333,0.17081276,
706,1,1,1,0.6666666666666666,0.3333333333333332,0.50340396,
712,1,1,0,0.1666666666666666,0.6666666666666667,0.009299433,
729,1,1,0,0.4,0.1999999999999999,0.33197147,
1,1,2,0,0.3333333333333333,0.3333333333333333,0.06256113,
3,1,2,0,0.0,1.0,0.3024643,
11,1,2,1,0.6,0.1999999999999999,0.0014200127,
18,1,2,1,0.6,0.1999999999999999,8.163307e-05,
20,1,2,0,0.25,0.5,0.00015923887,
28,1,2,0,0.2,0.6,0.9544256,
31,1,2,0,0.1666666666666666,0.6666666666666667,0.0001659083,
43,1,2,0,0.2,0.6,0.9993629,
44,1,2,0,0.0,1.0,0.007427504,
60,1,2,0,0.0,1.0,0.2148073,
64,1,2,0,0.3333333333333333,0.3333333333333333,2.0289253e-05,
67,1,2,0,0.0,1.0,0.0003266848,
75,1,2,0,0.0,1.0,0.010254897,
90,1,2,1,0.5,0.0,9.429177e-06,
96,1,2,0,0.0,1.0,0.18487523,
98,1,2,0,0.3333333333333333,0.3333333333333333,0.011509492,
99,1,2,0,0.0,1.0,2.3343318e-05,
106,1,2,1,1.0,1.0,0.05215612,
113,1,2,0,0.1111111111111111,0.7777777777777778,0.9372004,
120,1,2,0,0.0,1.0,0.6557729,
121,1,2,0,0.1111111111111111,0.7777777777777778,0.00095718954,
123,1,2,0,0.0,1.0,0.00053585286,
124,1,2,0,0.0,1.0,0.008187006,
130,1,2,0,0.1111111111111111,0.7777777777777778,0.0001227096,
133,1,2,1,0.8888888888888888,0.7777777777777777,0.0031322325,
144,1,2,0,0.0,1.0,0.10902244,
151,1,2,0,0.0,1.0,0.002948224,
154,1,2,0,0.25,0.5,0.084401384,
158,1,2,0,0.0,1.0,1.8930002e-06,
163,1,2,0,0.25,0.5,0.849389,
168,1,2,0,0.25,0.5,0.639918,
170,1,2,0,0.1666666666666666,0.6666666666666667,0.014202732,
171,1,2,0,0.25,0.5,0.00083518034,
173,1,2,0,0.25,0.5,0.0008279752,
176,1,2,0,0.0,1.0,0.0032883883,
181,1,2,1,0.5,0.0,0.27573264,
182,1,2,0,0.0,1.0,0.99765515,
191,1,2,0,0.0,1.0,0.46499527,
192,1,2,0,0.0,1.0,0.11189528,
197,1,2,0,0.0,1.0,0.015715914,
199,1,2,0,0.25,0.5,0.002237923,
201,1,2,0,0.25,0.5,0.632867,
204,1,2,0,0.4,0.1999999999999999,0.00089741277,
217,1,2,0,0.0,1.0,0.00033767085,
223,1,2,0,0.2,0.6,0.00012210681,
233,1,2,0,0.0,1.0,0.0014087558,
236,1,2,0,0.0,1.0,3.0670162e-05,
240,1,2,0,0.2,0.6,0.001557156,
245,1,2,0,0.0,1.0,0.21907547,
258,1,2,0,0.0,1.0,0.023862127,
259,1,2,0,0.0,1.0,0.31133908,
260,1,2,0,0.25,0.5,0.3742442,
270,1,2,0,0.0,1.0,0.6770251,
274,1,2,1,0.5,0.0,0.9927964,
276,1,2,0,0.2,0.6,0.18063833,
279,1,2,0,0.2,0.6,0.00030936202,
291,1,2,0,0.0,1.0,0.029724311,
294,1,2,0,0.0,1.0,0.13072813,
309,1,2,1,0.8,0.6000000000000001,0.45844638,
313,1,2,0,0.0,1.0,0.51587087,
315,1,2,1,0.8,0.6000000000000001,0.958097,
321,1,2,1,0.6,0.1999999999999999,0.012363541,
325,1,2,0,0.0,1.0,0.00046982453,
326,1,2,0,0.0,1.0,0.00013300443,
327,1,2,0,0.0,1.0,0.35249114,
328,1,2,1,0.6,0.1999999999999999,0.003538578,
330,1,2,0,0.4,0.1999999999999999,0.793062,
334,1,2,0,0.4,0.1999999999999999,0.06274095,
344,1,2,0,0.2,0.6,0.14415923,
349,1,2,0,0.0,1.0,1.5090647e-07,
362,1,2,1,0.75,0.5,0.10266411,
363,1,2,0,0.0,1.0,0.79713184,
366,1,2,0,0.0,1.0,0.96821195,
368,1,2,1,0.5,0.0,0.9250596,
391,1,2,0,0.0,1.0,3.661406e-05,
397,1,2,1,0.75,0.5,0.99985826,
404,1,2,1,0.6,0.1999999999999999,0.76631486,
409,1,2,0,0.4,0.1999999999999999,0.9921206,
411,1,2,0,0.2,0.6,0.98896646,
415,1,2,0,0.0,1.0,0.9663785,
416,1,2,0,0.0,1.0,0.0040389234,
429,1,2,0,0.0,1.0,0.1668793,
435,1,2,0,0.4,0.1999999999999999,0.7409443,
436,1,2,0,0.4,0.1999999999999999,0.9574585,
437,1,2,1,0.6,0.1999999999999999,0.2797851,
464,1,2,0,0.0,1.0,0.9695066,
469,1,2,1,0.75,0.5,0.31736386,
472,1,2,0,0.25,0.5,0.0012535856,
474,1,2,0,0.0,1.0,0.046772342,
481,1,2,0,0.0,1.0,0.9542515,
484,1,2,0,0.25,0.5,0.03694531,
486,1,2,0,0.25,0.5,0.99933815,
487,1,2,0,0.2,0.6,1.0001453e-07,
498,1,2,0,0.0,1.0,0.0015045883,
500,1,2,0,0.25,0.5,0.0042353175,
501,1,2,0,0.25,0.5,0.97820294,
502,1,2,1,0.75,0.5,0.9872489,
516,1,2,0,0.0,1.0,0.9018202,
526,1,2,0,0.0,1.0,0.84525454,
534,1,2,1,0.75,0.5,0.0048966156,
539,1,2,0,0.25,0.5,0.23772106,
543,1,2,1,0.5,0.0,0.99984765,
545,1,2,0,0.25,0.5,0.6074705,
547,1,2,1,0.5,0.0,0.9857202,
555,1,2,0,0.3333333333333333,0.3333333333333333,0.95194215,
557,1,2,0,0.3333333333333333,0.3333333333333333,5.6134977e-06,
558,1,2,1,0.5,0.0,0.9353683,
567,1,2,0,0.3333333333333333,0.3333333333333333,0.0037929346,
571,1,2,1,0.5,0.0,0.6034576,
573,1,2,0,0.3333333333333333,0.3333333333333333,0.9847157,
575,1,2,1,0.5,0.0,0.6841235,
582,1,2,1,0.5,0.0,0.09134992,
587,1,2,1,0.8333333333333334,0.6666666666666667,0.0632899,
595,1,2,1,0.8333333333333334,0.6666666666666667,0.97261447,
597,1,2,0,0.0,1.0,0.0015960747,
600,1,2,0,0.1666666666666666,0.6666666666666667,0.86311245,
613,1,2,0,0.0,1.0,0.7029935,
615,1,2,1,0.75,0.5,0.96642876,
621,1,2,1,0.5,0.0,0.83704746,
623,1,2,1,0.5,0.0,0.65075946,
629,1,2,1,0.5,0.0,0.9739837,
638,1,2,0,0.25,0.5,0.487277,
642,1,2,1,0.75,0.5,0.99998283,
649,1,2,1,0.5,0.0,0.0042106276,
651,1,2,0,0.3333333333333333,0.3333333333333333,0.92262584,
653,1,2,1,0.5,0.0,0.12069565,
655,1,2,1,0.6666666666666666,0.3333333333333332,0.96445966,
657,1,2,1,0.5,0.0,0.9567063,
661,1,2,1,0.8333333333333334,0.6666666666666667,0.99989873,
663,1,2,0,0.3333333333333333,0.3333333333333333,0.97381616,
672,1,2,0,0.0,1.0,0.024063064,
678,1,2,0,0.3333333333333333,0.3333333333333333,0.063255765,
680,1,2,0,0.0,1.0,0.000101098645,
687,1,2,0,0.3333333333333333,0.3333333333333333,0.095253825,
688,1,2,0,0.1666666666666666,0.6666666666666667,0.03892062,
690,1,2,0,0.0,1.0,0.9998808,
691,1,2,0,0.1666666666666666,0.6666666666666667,0.9995234,
708,1,2,0,0.0,1.0,0.22467996,
711,1,2,1,0.6,0.1999999999999999,0.24665383,
715,1,2,1,0.5,0.0,7.741383e-05,
717,1,2,1,0.5,0.0,0.9072242,
719,1,2,0,0.1666666666666666,0.6666666666666667,0.12053503,
725,1,2,0,0.0,1.0,0.103459165,
727,1,2,0,0.4,0.1999999999999999,0.9211477,
731,1,2,0,0.0,1.0,0.06301969,
732,1,2,0,0.0,1.0,0.02910726,
739,1,2,0,0.3333333333333333,0.3333333333333333,0.019860853,
2,1,3,0,0.4,0.1999999999999999,0.00021281635,
24,1,3,0,0.0,1.0,0.0002873477,
39,1,3,0,0.0,1.0,0.02956859,
40,1,3,0,0.2,0.6,0.56224597,
42,1,3,0,0.0,1.0,0.003814944,
45,1,3,0,0.0,1.0,0.5925527,
52,1,3,0,0.25,0.5,0.6820775,
54,1,3,0,0.25,0.5,0.020587064,
57,1,3,1,1.0,1.0,0.10178696,
62,1,3,0,0.25,0.5,0.099686064,
65,1,3,0,0.25,0.5,0.0020447227,
68,1,3,0,0.0,1.0,0.00083113473,
69,1,3,0,0.0,1.0,0.005044709,
76,1,3,0,0.25,0.5,0.0056519327,
77,1,3,0,0.25,0.5,0.12720332,
78,1,3,0,0.0,1.0,0.013286769,
83,1,3,0,0.25,0.5,0.8884084,
84,1,3,0,0.3333333333333333,0.3333333333333333,0.9226414,
92,1,3,0,0.0,1.0,0.01103421,
103,1,3,0,0.1111111111111111,0.7777777777777778,0.9247941,
110,1,3,0,0.0,1.0,0.07084254,
119,1,3,0,0.1111111111111111,0.7777777777777778,0.80615354,
126,1,3,0,0.2222222222222222,0.5555555555555556,0.92316085,
131,1,3,0,0.0,1.0,3.3679871e-06,
132,1,3,0,0.2222222222222222,0.5555555555555556,0.0019517617,
136,1,3,0,0.3333333333333333,0.3333333333333333,0.27692932,
137,1,3,1,0.6666666666666666,0.3333333333333332,0.0060173776,
152,1,3,0,0.0,1.0,2.3110715e-06,
153,1,3,0,0.0,1.0,5.406877e-05,
155,1,3,0,0.25,0.5,0.45411175,
157,1,3,0,0.25,0.5,0.51761824,
177,1,3,0,0.0,1.0,0.42000866,
186,1,3,0,0.0,1.0,0.11189544,
202,1,3,1,0.6,0.1999999999999999,0.003396931,
203,1,3,0,0.2,0.6,0.0003283851,
206,1,3,1,0.5,0.0,0.038114388,
207,1,3,0,0.2,0.6,0.008242445,
208,1,3,0,0.0,1.0,7.1694562e-06,
211,1,3,1,0.6,0.1999999999999999,0.9999849,
215,1,3,0,0.2,0.6,0.023307646,
219,1,3,0,0.0,1.0,0.001245952,
220,1,3,0,0.4,0.1999999999999999,0.00036829774,
221,1,3,1,0.8,0.6000000000000001,6.1354614e-05,
229,1,3,0,0.0,1.0,0.0018233056,
238,1,3,0,0.25,0.5,3.5083933e-06,
246,1,3,0,0.4,0.1999999999999999,0.23534098,
252,1,3,0,0.0,1.0,0.00031854646,
261,1,3,0,0.25,0.5,0.21024151,
265,1,3,1,0.5,0.0,0.165357,
266,1,3,0,0.25,0.5,0.0012618549,
268,1,3,1,0.5,0.0,0.023108818,
282,1,3,0,0.25,0.5,0.008795483,
286,1,3,0,0.2,0.6,0.00040110826,
289,1,3,1,0.5,0.0,0.16227865,
298,1,3,0,0.25,0.5,0.035026476,
300,1,3,0,0.0,1.0,0.020488799,
307,1,3,0,0.4,0.1999999999999999,0.16894865,
308,1,3,0,0.4,0.1999999999999999,0.4820604,
310,1,3,0,0.2,0.6,0.0014045545,
316,1,3,0,0.4,0.1999999999999999,0.973235,
318,1,3,0,0.4,0.1999999999999999,0.0019208632,
319,1,3,0,0.2,0.6,0.009400957,
322,1,3,1,0.6,0.1999999999999999,0.916247,
323,1,3,0,0.0,1.0,0.004167815,
329,1,3,0,0.0,1.0,0.018296149,
331,1,3,0,0.0,1.0,0.68888056,
336,1,3,0,0.4,0.1999999999999999,0.010987168,
338,1,3,0,0.4,0.1999999999999999,0.42046675,
354,1,3,0,0.25,0.5,0.7523246,
365,1,3,0,0.25,0.5,0.6735277,
370,1,3,0,0.0,1.0,0.015837694,
374,1,3,1,0.5,0.0,0.94965327,
376,1,3,1,0.5,0.0,0.9911624,
382,1,3,1,0.5,0.0,0.0030960513,
383,1,3,0,0.0,1.0,0.014535494,
384,1,3,0,0.25,0.5,0.44724262,
394,1,3,1,0.5,0.0,0.11590231,
395,1,3,1,0.5,0.0,0.845415,
398,1,3,0,0.25,0.5,0.90256333,
403,1,3,0,0.0,1.0,0.0006756555,
417,1,3,0,0.2,0.6,0.99327683,
419,1,3,0,0.4,0.1999999999999999,0.02315295,
426,1,3,1,0.8,0.6000000000000001,0.7453964,
440,1,3,0,0.0,1.0,0.70311356,
443,1,3,0,0.0,1.0,0.000113626724,
447,1,3,0,0.0,1.0,0.010479447,
451,1,3,0,0.25,0.5,0.001382094,
465,1,3,1,0.5,0.0,0.99429727,
466,1,3,1,0.5,0.0,0.99987805,
467,1,3,1,1.0,1.0,0.9921707,
471,1,3,0,0.0,1.0,0.42990178,
495,1,3,0,0.0,1.0,0.7600031,
496,1,3,1,0.75,0.5,0.37964922,
499,1,3,0,0.0,1.0,0.9160998,
503,1,3,0,0.0,1.0,0.23021072,
509,1,3,0,0.25,0.5,0.47063157,
514,1,3,1,0.75,0.5,0.9702182,
520,1,3,1,0.5,0.0,0.5439836,
521,1,3,1,0.75,0.5,0.99985063,
522,1,3,0,0.25,0.5,0.9177631,
523,1,3,0,0.25,0.5,0.0056240344,
529,1,3,1,0.5,0.0,0.51393706,
530,1,3,1,0.5,0.0,0.0035810757,
535,1,3,0,0.25,0.5,0.35148457,
546,1,3,1,0.5,0.0,0.020077573,
552,1,3,1,0.6666666666666666,0.3333333333333332,0.9659159,
568,1,3,1,1.0,1.0,0.937281,
570,1,3,1,0.6666666666666666,0.3333333333333332,0.034382056,
574,1,3,0,0.3333333333333333,0.3333333333333333,0.043240163,
583,1,3,1,0.5,0.0,0.42771113,
588,1,3,0,0.1666666666666666,0.6666666666666667,0.29157126,
590,1,3,0,0.3333333333333333,0.3333333333333333,0.9240078,
594,1,3,0,0.0,1.0,0.8708918,
603,1,3,1,0.5,0.0,0.4962702,
610,1,3,0,0.25,0.5,0.7742975,
612,1,3,0,0.0,1.0,8.659197e-06,
617,1,3,1,0.5,0.0,0.92722994,
619,1,3,0,0.25,0.5,0.0024999299,
624,1,3,0,0.25,0.5,0.64492816,
627,1,3,1,0.75,0.5,0.045690626,
631,1,3,0,0.0,1.0,0.14091319,
633,1,3,1,0.5,0.0,0.21232949,
634,1,3,0,0.25,0.5,0.83695555,
636,1,3,0,0.0,1.0,0.5657302,
650,1,3,0,0.0,1.0,0.012293144,
652,1,3,0,0.0,1.0,0.03704203,
654,1,3,0,0.1666666666666666,0.6666666666666667,0.0076560946,
656,1,3,1,0.6666666666666666,0.3333333333333332,0.62166333,
664,1,3,1,0.6666666666666666,0.3333333333333332,0.9980825,
665,1,3,0,0.1666666666666666,0.6666666666666667,0.56612223,
667,1,3,0,0.3333333333333333,0.3333333333333333,0.99819064,
669,1,3,0,0.3333333333333333,0.3333333333333333,0.95635295,
673,1,3,0,0.3333333333333333,0.3333333333333333,4.0267846e-06,
677,1,3,1,0.6666666666666666,0.3333333333333332,0.9979404,
681,1,3,0,0.1666666666666666,0.6666666666666667,0.8590512,
683,1,3,1,0.8333333333333334,0.6666666666666667,0.03191376,
689,1,3,0,0.0,1.0,3.9827057e-05,
702,1,3,0,0.1666666666666666,0.6666666666666667,0.006295189,
713,1,3,1,0.6,0.1999999999999999,0.032366324,
714,1,3,0,0.3333333333333333,0.3333333333333333,0.0050720177,
720,1,3,0,0.0,1.0,0.0011994729,
721,1,3,0,0.3333333333333333,0.3333333333333333,0.8180011,
722,1,3,0,0.2,0.6,0.02204796,
723,1,3,0,0.1666666666666666,0.6666666666666667,0.077953294,
726,1,3,0,0.0,1.0,0.97320086,
738,1,3,0,0.3333333333333333,0.3333333333333333,0.17128575,
742,1,3,1,0.5,0.0,0.9714018,
4,1,4,1,0.6,0.1999999999999999,0.31738266,
7,1,4,1,0.6,0.1999999999999999,0.80678785,
15,1,4,0,0.4,0.1999999999999999,0.23775594,
27,1,4,0,0.2,0.6,0.001122168,
35,1,4,1,0.5,0.0,0.002498081,
38,1,4,0,0.0,1.0,0.9971224,
47,1,4,0,0.25,0.5,0.011333317,
48,1,4,1,0.6,0.1999999999999999,0.032210454,
53,1,4,0,0.1666666666666666,0.6666666666666667,0.00817647,
55,1,4,0,0.0,1.0,0.44320706,
58,1,4,0,0.25,0.5,0.039963193,
59,1,4,0,0.25,0.5,6.4230117e-06,
61,1,4,0,0.2,0.6,0.0026487533,
73,1,4,0,0.0,1.0,0.0007681641,
74,1,4,0,0.0,1.0,0.08380546,
80,1,4,0,0.0,1.0,0.026603144,
87,1,4,0,0.0,1.0,4.8325495e-05,
97,1,4,0,0.25,0.5,0.0022570118,
100,1,4,0,0.25,0.5,0.53280073,
104,1,4,0,0.1111111111111111,0.7777777777777778,0.7112067,
105,1,4,0,0.0,1.0,7.537581e-05,
107,1,4,0,0.1111111111111111,0.7777777777777778,0.000118897995,
111,1,4,0,0.1111111111111111,0.7777777777777778,0.81729496,
112,1,4,0,0.125,0.75,8.506391e-06,
116,1,4,0,0.0,1.0,0.0009349112,
125,1,4,0,0.125,0.75,0.000787989,
134,1,4,0,0.1111111111111111,0.7777777777777778,0.038442157,
135,1,4,0,0.1666666666666666,0.6666666666666667,0.001968126,
143,1,4,1,0.5555555555555556,0.1111111111111111,0.057320256,
146,1,4,1,0.8888888888888888,0.7777777777777777,0.001283292,
147,1,4,0,0.0,1.0,0.00732405,
148,1,4,0,0.1111111111111111,0.7777777777777778,0.0025089644,
162,1,4,0,0.2,0.6,0.0012713462,
164,1,4,0,0.0,1.0,0.007023373,
165,1,4,0,0.0,1.0,0.12507099,
167,1,4,0,0.0,1.0,0.6311798,
169,1,4,0,0.0,1.0,0.07517475,
172,1,4,0,0.0,1.0,0.3008364,
174,1,4,1,0.5,0.0,0.017481681,
178,1,4,0,0.0,1.0,0.009297788,
183,1,4,0,0.0,1.0,0.013581243,
185,1,4,0,0.25,0.5,0.0036692277,
189,1,4,1,0.5,0.0,0.051368766,
190,1,4,0,0.25,0.5,0.08787911,
214,1,4,0,0.2,0.6,0.00031582976,
224,1,4,0,0.4,0.1999999999999999,0.9677485,
228,1,4,0,0.2,0.6,0.0019976022,
242,1,4,1,0.6,0.1999999999999999,0.001559355,
244,1,4,1,0.6,0.1999999999999999,0.95761627,
253,1,4,0,0.0,1.0,0.48973,
254,1,4,0,0.25,0.5,0.20293593,
255,1,4,0,0.25,0.5,0.00080341415,
269,1,4,1,0.5,0.0,0.00013349576,
281,1,4,0,0.0,1.0,1.20017e-07,
283,1,4,0,0.25,0.5,0.021380352,
290,1,4,0,0.0,1.0,0.0003198765,
295,1,4,0,0.0,1.0,0.00053628057,
296,1,4,0,0.0,1.0,0.0005177434,
302,1,4,0,0.0,1.0,0.011609644,
303,1,4,0,0.0,1.0,0.0011071371,
306,1,4,0,0.0,1.0,0.051553763,
311,1,4,0,0.4,0.1999999999999999,0.003157127,
337,1,4,0,0.0,1.0,0.34593475,
340,1,4,1,0.6,0.1999999999999999,0.023622725,
345,1,4,0,0.0,1.0,6.33139e-05,
348,1,4,0,0.4,0.1999999999999999,0.9989202,
359,1,4,0,0.25,0.5,0.99855554,
361,1,4,0,0.0,1.0,0.00016340186,
364,1,4,1,0.5,0.0,0.028686719,
367,1,4,0,0.25,0.5,0.99442923,
371,1,4,0,0.25,0.5,0.18591663,
372,1,4,0,0.25,0.5,0.79870135,
377,1,4,0,0.25,0.5,0.8679893,
379,1,4,1,0.75,0.5,0.99475574,
381,1,4,1,0.75,0.5,0.43448263,
392,1,4,1,0.5,0.0,0.96208274,
400,1,4,1,0.5,0.0,0.9999911,
410,1,4,1,0.6,0.1999999999999999,0.4927137,
413,1,4,0,0.0,1.0,0.028198518,
418,1,4,0,0.0,1.0,0.01291726,
421,1,4,0,0.2,0.6,0.022748102,
422,1,4,1,0.6,0.1999999999999999,0.8581476,
424,1,4,1,0.6,0.1999999999999999,0.7608169,
427,1,4,1,0.6,0.1999999999999999,0.9754482,
430,1,4,1,0.6,0.1999999999999999,0.18112043,
432,1,4,0,0.2,0.6,0.8157301,
434,1,4,0,0.0,1.0,0.0055666533,
438,1,4,0,0.1666666666666666,0.6666666666666667,0.92710733,
441,1,4,0,0.2,0.6,0.15556476,
442,1,4,1,0.8,0.6000000000000001,0.99855244,
446,1,4,0,0.2,0.6,0.4610517,
448,1,4,0,0.0,1.0,0.1774957,
452,1,4,0,0.25,0.5,0.002566516,
453,1,4,0,0.25,0.5,0.004206373,
456,1,4,1,0.5,0.0,0.012804499,
458,1,4,0,0.0,1.0,0.7041873,
459,1,4,0,0.25,0.5,0.013680522,
461,1,4,1,0.5,0.0,0.9747702,
463,1,4,0,0.25,0.5,0.33352053,
473,1,4,0,0.25,0.5,0.6723392,
491,1,4,1,0.5,0.0,0.062493205,
492,1,4,0,0.3333333333333333,0.3333333333333333,1.5402939e-05,
504,1,4,1,0.75,0.5,0.031239923,
508,1,4,1,0.75,0.5,0.2657774,
512,1,4,1,1.0,1.0,0.9999583,
517,1,4,0,0.25,0.5,0.99604034,
532,1,4,0,0.0,1.0,1.5291704e-05,
548,1,4,1,0.5,0.0,0.37319872,
550,1,4,0,0.0,1.0,0.0007240797,
561,1,4,1,0.5,0.0,0.011085965,
562,1,4,0,0.3333333333333333,0.3333333333333333,0.9971589,
565,1,4,0,0.3333333333333333,0.3333333333333333,0.7401153,
566,1,4,0,0.1666666666666666,0.6666666666666667,0.05726379,
569,1,4,0,0.1666666666666666,0.6666666666666667,0.9919661,
572,1,4,1,0.8333333333333334,0.6666666666666667,0.00014622015,
578,1,4,1,0.5,0.0,0.9715803,
586,1,4,1,0.6666666666666666,0.3333333333333332,0.11605725,
596,1,4,1,0.5,0.0,0.072105505,
599,1,4,0,0.0,1.0,0.99773,
601,1,4,0,0.0,1.0,0.096997276,
605,1,4,1,0.5,0.0,0.99967736,
606,1,4,0,0.25,0.5,0.05712294,
608,1,4,0,0.0,1.0,0.118879765,
609,1,4,0,0.25,0.5,0.6877186,
614,1,4,1,0.75,0.5,0.865149,
625,1,4,0,0.0,1.0,0.6450022,
640,1,4,1,0.75,0.5,0.9801434,
643,1,4,1,0.5,0.0,0.0059292107,
644,1,4,0,0.25,0.5,0.11166899,
662,1,4,0,0.0,1.0,0.021701144,
671,1,4,0,0.3333333333333333,0.3333333333333333,0.9970517,
675,1,4,0,0.3333333333333333,0.3333333333333333,0.058384784,
676,1,4,0,0.1666666666666666,0.6666666666666667,0.02777607,
682,1,4,0,0.1666666666666666,0.6666666666666667,0.98126405,
685,1,4,0,0.0,1.0,0.71876466,
694,1,4,0,0.3333333333333333,0.3333333333333333,0.14052302,
700,1,4,1,0.5,0.0,0.98262924,
701,1,4,0,0.1666666666666666,0.6666666666666667,0.857833,
705,1,4,1,0.5,0.0,0.005975346,
709,1,4,0,0.3333333333333333,0.3333333333333333,0.14165448,
724,1,4,0,0.2,0.6,0.13387805,
730,1,4,0,0.3333333333333333,0.3333333333333333,0.08651213,
733,1,4,0,0.1666666666666666,0.6666666666666667,0.6793333,
736,1,4,0,0.0,1.0,0.10512274,
737,1,4,0,0.1666666666666666,0.6666666666666667,0.089589044,
740,1,4,0,0.1666666666666666,0.6666666666666667,0.001351102,
741,1,4,0,0.2,0.6,0.40814465,
1,2,0,0,0.3333333333333333,0.3333333333333333,0.035514187,
4,2,0,1,0.6,0.1999999999999999,0.029778741,
6,2,0,0,0.2,0.6,0.99837106,
10,2,0,0,0.0,1.0,0.000114600065,
12,2,0,0,0.4,0.1999999999999999,0.00889485,
18,2,0,1,0.6,0.1999999999999999,0.0008963384,
25,2,0,0,0.2,0.6,0.47755516,
33,2,0,0,0.4,0.1999999999999999,0.00042955222,
38,2,0,0,0.0,1.0,0.9978088,
44,2,0,0,0.0,1.0,0.0061833463,
48,2,0,1,0.6,0.1999999999999999,0.00233212,
57,2,0,1,1.0,1.0,0.010975843,
60,2,0,0,0.0,1.0,0.33756852,
62,2,0,0,0.25,0.5,0.0024755588,
70,2,0,0,0.0,1.0,0.9020597,
73,2,0,0,0.0,1.0,0.0025971136,
74,2,0,0,0.0,1.0,0.8030685,
80,2,0,0,0.0,1.0,0.25467664,
81,2,0,0,0.0,1.0,0.0006216457,
84,2,0,0,0.3333333333333333,0.3333333333333333,0.8726045,
91,2,0,0,0.25,0.5,0.0013034992,
98,2,0,0,0.3333333333333333,0.3333333333333333,0.0011649965,
104,2,0,0,0.1111111111111111,0.7777777777777778,0.85140765,
108,2,0,0,0.25,0.5,0.6206901,
114,2,0,0,0.1111111111111111,0.7777777777777778,0.9953586,
118,2,0,0,0.0,1.0,0.29869974,
133,2,0,1,0.8888888888888888,0.7777777777777777,0.0031427457,
134,2,0,0,0.1111111111111111,0.7777777777777778,0.011269638,
136,2,0,0,0.3333333333333333,0.3333333333333333,0.15588546,
139,2,0,0,0.0,1.0,0.7302022,
141,2,0,0,0.0,1.0,0.96237534,
144,2,0,0,0.0,1.0,0.09900388,
152,2,0,0,0.0,1.0,9.2514674e-05,
162,2,0,0,0.2,0.6,0.0030764013,
165,2,0,0,0.0,1.0,0.1102088,
171,2,0,0,0.25,0.5,0.0029793284,
173,2,0,0,0.25,0.5,0.045979507,
182,2,0,0,0.0,1.0,0.40088883,
185,2,0,0,0.25,0.5,0.062762484,
188,2,0,0,0.0,1.0,0.3353646,
191,2,0,0,0.0,1.0,0.15981056,
203,2,0,0,0.2,0.6,0.017345974,
222,2,0,0,0.2,0.6,0.23071519,
244,2,0,1,0.6,0.1999999999999999,0.94408,
248,2,0,0,0.4,0.1999999999999999,0.022652715,
250,2,0,0,0.4,0.1999999999999999,0.74174434,
253,2,0,0,0.0,1.0,0.9290221,
255,2,0,0,0.25,0.5,0.0017125458,
257,2,0,0,0.25,0.5,0.63788104,
261,2,0,0,0.25,0.5,0.16015846,
263,2,0,0,0.2,0.6,0.00042272237,
265,2,0,1,0.5,0.0,0.41011634,
272,2,0,1,0.5,0.0,0.13038543,
273,2,0,1,0.5,0.0,0.18439364,
276,2,0,0,0.2,0.6,0.76221114,
288,2,0,1,0.75,0.5,0.005435996,
322,2,0,1,0.6,0.1999999999999999,0.3414784,
324,2,0,0,0.2,0.6,0.6834725,
326,2,0,0,0.0,1.0,2.3235949e-05,
327,2,0,0,0.0,1.0,0.18983743,
328,2,0,1,0.6,0.1999999999999999,0.008097211,
331,2,0,0,0.0,1.0,0.9402108,
339,2,0,0,0.0,1.0,0.096785456,
343,2,0,1,0.8,0.6000000000000001,0.93622744,
345,2,0,0,0.0,1.0,8.461545e-06,
346,2,0,1,0.6,0.1999999999999999,0.9992953,
352,2,0,0,0.25,0.5,0.022010136,
353,2,0,0,0.0,1.0,0.9465818,
357,2,0,1,0.5,0.0,0.58915776,
363,2,0,0,0.0,1.0,0.06805053,
367,2,0,0,0.25,0.5,0.9556255,
371,2,0,0,0.25,0.5,0.055497523,
373,2,0,0,0.0,1.0,0.10877052,
375,2,0,1,0.5,0.0,0.6492584,
387,2,0,0,0.0,1.0,2.2445103e-05,
392,2,0,1,0.5,0.0,0.4416223,
393,2,0,0,0.25,0.5,0.19781424,
394,2,0,1,0.5,0.0,0.31080058,
395,2,0,1,0.5,0.0,0.96041644,
398,2,0,0,0.25,0.5,0.9515902,
402,2,0,1,0.6,0.1999999999999999,0.044543274,
412,2,0,1,1.0,1.0,0.02044443,
414,2,0,1,0.6,0.1999999999999999,0.49078828,
416,2,0,0,0.0,1.0,0.043173786,
421,2,0,0,0.2,0.6,0.0016503248,
428,2,0,1,0.6,0.1999999999999999,0.00016822247,
432,2,0,0,0.2,0.6,0.063990794,
435,2,0,0,0.4,0.1999999999999999,0.99836135,
438,2,0,0,0.1666666666666666,0.6666666666666667,0.823392,
442,2,0,1,0.8,0.6000000000000001,0.9821638,
444,2,0,0,0.2,0.6,0.980647,
460,2,0,0,0.0,1.0,0.0011861535,
465,2,0,1,0.5,0.0,0.9981262,
470,2,0,0,0.0,1.0,0.9719224,
471,2,0,0,0.0,1.0,0.9425745,
474,2,0,0,0.0,1.0,0.0067056436,
475,2,0,0,0.25,0.5,0.38534248,
476,2,0,0,0.0,1.0,0.49948117,
485,2,0,1,0.5,0.0,0.9355382,
489,2,0,0,0.0,1.0,0.39237675,
493,2,0,0,0.0,1.0,0.98719275,
498,2,0,0,0.0,1.0,8.943242e-05,
505,2,0,1,0.5,0.0,0.99326384,
506,2,0,1,0.75,0.5,0.9932201,
515,2,0,0,0.25,0.5,0.0014677995,
517,2,0,0,0.25,0.5,0.9979323,
525,2,0,0,0.2,0.6,2.6989062e-06,
526,2,0,0,0.0,1.0,0.4078195,
531,2,0,1,0.75,0.5,0.9604742,
533,2,0,0,0.0,1.0,0.0051761596,
534,2,0,1,0.75,0.5,0.0024650644,
535,2,0,0,0.25,0.5,0.96838135,
545,2,0,0,0.25,0.5,0.08211639,
547,2,0,1,0.5,0.0,0.6277733,
548,2,0,1,0.5,0.0,0.07111059,
549,2,0,0,0.0,1.0,0.02876723,
552,2,0,1,0.6666666666666666,0.3333333333333332,0.2643365,
563,2,0,0,0.0,1.0,0.043074023,
571,2,0,1,0.5,0.0,0.062446803,
573,2,0,0,0.3333333333333333,0.3333333333333333,0.65582585,
577,2,0,0,0.1666666666666666,0.6666666666666667,0.5388726,
581,2,0,0,0.3333333333333333,0.3333333333333333,0.19153258,
583,2,0,1,0.5,0.0,0.9886496,
584,2,0,1,0.6666666666666666,0.3333333333333332,0.025504049,
588,2,0,0,0.1666666666666666,0.6666666666666667,0.03669083,
594,2,0,0,0.0,1.0,0.35001928,
601,2,0,0,0.0,1.0,0.11549917,
606,2,0,0,0.25,0.5,0.003697519,
615,2,0,1,0.75,0.5,0.9848896,
620,2,0,1,0.75,0.5,0.0024511458,
652,2,0,0,0.0,1.0,0.02224793,
655,2,0,1,0.6666666666666666,0.3333333333333332,0.32130885,
656,2,0,1,0.6666666666666666,0.3333333333333332,0.60003465,
660,2,0,0,0.1666666666666666,0.6666666666666667,0.003959421,
661,2,0,1,0.8333333333333334,0.6666666666666667,0.9999289,
662,2,0,0,0.0,1.0,0.00360755,
674,2,0,0,0.3333333333333333,0.3333333333333333,0.46278924,
680,2,0,0,0.0,1.0,0.0013256797,
684,2,0,0,0.0,1.0,0.11917572,
689,2,0,0,0.0,1.0,0.00056253053,
699,2,0,0,0.1666666666666666,0.6666666666666667,0.998927,
701,2,0,0,0.1666666666666666,0.6666666666666667,0.9847697,
721,2,0,0,0.3333333333333333,0.3333333333333333,0.00026150994,
723,2,0,0,0.1666666666666666,0.6666666666666667,0.013750298,
737,2,0,0,0.1666666666666666,0.6666666666666667,0.014028178,
739,2,0,0,0.3333333333333333,0.3333333333333333,0.110152766,
742,2,0,1,0.5,0.0,0.9440198,
13,2,1,0,0.2,0.6,0.041287113,
14,2,1,0,0.2,0.6,0.022828093,
16,2,1,1,0.6,0.1999999999999999,0.0018074855,
20,2,1,0,0.25,0.5,0.004503808,
29,2,1,0,0.2,0.6,0.034050185,
34,2,1,0,0.1666666666666666,0.6666666666666667,0.0111770835,
35,2,1,1,0.5,0.0,0.023157425,
46,2,1,0,0.4,0.1999999999999999,0.044237703,
67,2,1,0,0.0,1.0,0.0010801783,
82,2,1,0,0.25,0.5,0.007630092,
83,2,1,0,0.25,0.5,0.01046323,
85,2,1,0,0.25,0.5,0.0071983496,
88,2,1,1,0.5,0.0,1.16522715e-05,
93,2,1,0,0.0,1.0,0.000770745,
103,2,1,0,0.1111111111111111,0.7777777777777778,0.09810505,
116,2,1,0,0.0,1.0,0.00040378445,
122,2,1,0,0.0,1.0,0.0074091265,
123,2,1,0,0.0,1.0,0.0011505706,
124,2,1,0,0.0,1.0,0.5407697,
127,2,1,1,0.6666666666666666,0.3333333333333332,0.020565549,
128,2,1,0,0.1111111111111111,0.7777777777777778,0.005821724,
131,2,1,0,0.0,1.0,1.4769291e-06,
132,2,1,0,0.2222222222222222,0.5555555555555556,0.43568063,
143,2,1,1,0.5555555555555556,0.1111111111111111,0.031167276,
149,2,1,0,0.3333333333333333,0.3333333333333333,0.029202746,
153,2,1,0,0.0,1.0,0.00015322627,
157,2,1,0,0.25,0.5,0.3969617,
159,2,1,0,0.0,1.0,0.00061275065,
176,2,1,0,0.0,1.0,0.00077840325,
181,2,1,1,0.5,0.0,0.023513414,
184,2,1,0,0.0,1.0,7.649732e-05,
190,2,1,0,0.25,0.5,0.59328616,
196,2,1,1,0.5,0.0,0.011751527,
198,2,1,0,0.0,1.0,0.1028555,
199,2,1,0,0.25,0.5,0.000748159,
207,2,1,0,0.2,0.6,0.00046388115,
208,2,1,0,0.0,1.0,1.899786e-05,
212,2,1,0,0.2,0.6,0.006282941,
216,2,1,0,0.0,1.0,0.98881555,
224,2,1,0,0.4,0.1999999999999999,0.94790787,
227,2,1,1,1.0,1.0,0.9985044,
229,2,1,0,0.0,1.0,0.02048514,
235,2,1,0,0.0,1.0,0.00013856716,
240,2,1,0,0.2,0.6,0.28570887,
245,2,1,0,0.0,1.0,0.0034085028,
247,2,1,0,0.2,0.6,0.009961525,
258,2,1,0,0.0,1.0,0.021413729,
262,2,1,1,0.5,0.0,0.076858945,
277,2,1,1,0.5,0.0,0.004035336,
278,2,1,0,0.25,0.5,0.067047134,
279,2,1,0,0.2,0.6,0.0018232865,
285,2,1,0,0.4,0.1999999999999999,0.029128948,
287,2,1,0,0.25,0.5,0.13233462,
291,2,1,0,0.0,1.0,0.0039944276,
292,2,1,0,0.25,0.5,0.9998333,
293,2,1,1,0.5,0.0,0.0022742054,
295,2,1,0,0.0,1.0,0.001275541,
300,2,1,0,0.0,1.0,0.0013175819,
304,2,1,1,0.8,0.6000000000000001,0.99542373,
307,2,1,0,0.4,0.1999999999999999,0.42605922,
309,2,1,1,0.8,0.6000000000000001,0.05717183,
318,2,1,0,0.4,0.1999999999999999,0.002867985,
347,2,1,0,0.4,0.1999999999999999,0.59120375,
349,2,1,0,0.0,1.0,1.6073107e-06,
351,2,1,0,0.0,1.0,0.8982387,
358,2,1,0,0.25,0.5,0.40086922,
359,2,1,0,0.25,0.5,0.9999835,
360,2,1,0,0.25,0.5,0.036250796,
372,2,1,0,0.25,0.5,0.9251077,
374,2,1,1,0.5,0.0,0.99493253,
381,2,1,1,0.75,0.5,0.66914964,
382,2,1,1,0.5,0.0,0.018775614,
383,2,1,0,0.0,1.0,0.00018902564,
384,2,1,0,0.25,0.5,0.8294847,
389,2,1,0,0.25,0.5,0.9970879,
399,2,1,0,0.25,0.5,0.9978112,
401,2,1,0,0.2,0.6,0.59324443,
405,2,1,0,0.0,1.0,0.5672167,
420,2,1,0,0.0,1.0,0.0003484332,
427,2,1,1,0.6,0.1999999999999999,0.98782754,
430,2,1,1,0.6,0.1999999999999999,0.013654622,
431,2,1,0,0.4,0.1999999999999999,0.09041224,
433,2,1,0,0.0,1.0,0.23767182,
447,2,1,0,0.0,1.0,0.023709588,
456,2,1,1,0.5,0.0,0.6979262,
458,2,1,0,0.0,1.0,0.96647364,
461,2,1,1,0.5,0.0,0.99485046,
464,2,1,0,0.0,1.0,0.99100506,
477,2,1,0,0.0,1.0,0.117520556,
488,2,1,1,0.5,0.0,0.99998915,
492,2,1,0,0.3333333333333333,0.3333333333333333,0.00014145157,
503,2,1,0,0.0,1.0,0.9131024,
508,2,1,1,0.75,0.5,0.003281102,
509,2,1,0,0.25,0.5,0.023102535,
510,2,1,1,0.5,0.0,0.53615165,
520,2,1,1,0.5,0.0,0.86926234,
521,2,1,1,0.75,0.5,0.92335236,
524,2,1,0,0.0,1.0,0.9999739,
528,2,1,0,0.0,1.0,0.018890543,
538,2,1,0,0.0,1.0,0.99975824,
539,2,1,0,0.25,0.5,0.014493329,
541,2,1,1,0.5,0.0,0.485813,
542,2,1,0,0.25,0.5,0.24424416,
543,2,1,1,0.5,0.0,0.9953309,
550,2,1,0,0.0,1.0,0.0026018133,
568,2,1,1,1.0,1.0,0.90887594,
569,2,1,0,0.1666666666666666,0.6666666666666667,0.936007,
575,2,1,1,0.5,0.0,0.9967614,
579,2,1,0,0.3333333333333333,0.3333333333333333,0.9938277,
580,2,1,0,0.3333333333333333,0.3333333333333333,0.059619904,
582,2,1,1,0.5,0.0,0.19410224,
586,2,1,1,0.6666666666666666,0.3333333333333332,0.9036958,
590,2,1,0,0.3333333333333333,0.3333333333333333,0.9999011,
592,2,1,1,0.6,0.1999999999999999,0.977922,
593,2,1,1,0.5,0.0,0.7325222,
595,2,1,1,0.8333333333333334,0.6666666666666667,0.9964287,
600,2,1,0,0.1666666666666666,0.6666666666666667,0.9444954,
602,2,1,0,0.25,0.5,0.56025654,
603,2,1,1,0.5,0.0,0.996063,
604,2,1,1,0.75,0.5,0.97958374,
605,2,1,1,0.5,0.0,0.9970368,
610,2,1,0,0.25,0.5,0.88100636,
612,2,1,0,0.0,1.0,2.8386603e-05,
617,2,1,1,0.5,0.0,0.976801,
619,2,1,0,0.25,0.5,0.36805952,
625,2,1,0,0.0,1.0,0.9325157,
638,2,1,0,0.25,0.5,0.9942397,
659,2,1,1,0.6666666666666666,0.3333333333333332,0.48264214,
663,2,1,0,0.3333333333333333,0.3333333333333333,0.9903857,
665,2,1,0,0.1666666666666666,0.6666666666666667,0.99892604,
672,2,1,0,0.0,1.0,0.23613915,
677,2,1,1,0.6666666666666666,0.3333333333333332,0.4269269,
678,2,1,0,0.3333333333333333,0.3333333333333333,0.047562104,
679,2,1,0,0.4,0.1999999999999999,5.2488445e-05,
688,2,1,0,0.1666666666666666,0.6666666666666667,0.09560838,
690,2,1,0,0.0,1.0,0.99803877,
696,2,1,0,0.1666666666666666,0.6666666666666667,0.29709047,
697,2,1,1,0.5,0.0,0.88621974,
706,2,1,1,0.6666666666666666,0.3333333333333332,0.34948763,
708,2,1,0,0.0,1.0,0.8768359,
712,2,1,0,0.1666666666666666,0.6666666666666667,0.10198852,
724,2,1,0,0.2,0.6,0.010655454,
726,2,1,0,0.0,1.0,0.37509036,
728,2,1,0,0.2,0.6,0.13650973,
733,2,1,0,0.1666666666666666,0.6666666666666667,0.012540196,
735,2,1,0,0.0,1.0,2.9671122e-05,
736,2,1,0,0.0,1.0,0.9982086,
11,2,2,1,0.6,0.1999999999999999,0.00056303485,
15,2,2,0,0.4,0.1999999999999999,0.42440802,
21,2,2,0,0.2,0.6,0.11688815,
24,2,2,0,0.0,1.0,0.0006417206,
27,2,2,0,0.2,0.6,0.0018897413,
28,2,2,0,0.2,0.6,0.00060113095,
30,2,2,0,0.2,0.6,0.36200354,
31,2,2,0,0.1666666666666666,0.6666666666666667,0.00063330604,
37,2,2,0,0.2,0.6,0.0019039474,
47,2,2,0,0.25,0.5,0.0018141358,
58,2,2,0,0.25,0.5,0.00031686696,
59,2,2,0,0.25,0.5,5.676685e-07,
61,2,2,0,0.2,0.6,0.00041505566,
64,2,2,0,0.3333333333333333,0.3333333333333333,2.3382505e-05,
71,2,2,0,0.0,1.0,0.0046809977,
76,2,2,0,0.25,0.5,7.8263925e-05,
87,2,2,0,0.0,1.0,0.0018090325,
94,2,2,0,0.25,0.5,0.003255412,
95,2,2,0,0.25,0.5,0.00076991424,
97,2,2,0,0.25,0.5,0.0009247683,
101,2,2,0,0.3333333333333333,0.3333333333333333,0.23620221,
105,2,2,0,0.0,1.0,0.0003294952,
111,2,2,0,0.1111111111111111,0.7777777777777778,0.79244465,
113,2,2,0,0.1111111111111111,0.7777777777777778,0.7673476,
120,2,2,0,0.0,1.0,0.3569209,
129,2,2,0,0.2,0.6,0.1190581,
142,2,2,0,0.0,1.0,0.9779587,
148,2,2,0,0.1111111111111111,0.7777777777777778,6.2439794e-05,
150,2,2,0,0.0,1.0,0.1305571,
151,2,2,0,0.0,1.0,0.05123408,
156,2,2,0,0.25,0.5,0.022657977,
158,2,2,0,0.0,1.0,1.7217639e-05,
163,2,2,0,0.25,0.5,0.7915596,
167,2,2,0,0.0,1.0,0.87947315,
168,2,2,0,0.25,0.5,0.0003363784,
177,2,2,0,0.0,1.0,0.11814655,
179,2,2,0,0.25,0.5,0.075661145,
187,2,2,0,0.0,1.0,0.0005575674,
189,2,2,1,0.5,0.0,0.061235152,
201,2,2,0,0.25,0.5,0.012707151,
205,2,2,0,0.2,0.6,2.5944802e-05,
206,2,2,1,0.5,0.0,0.07341981,
213,2,2,0,0.4,0.1999999999999999,0.7014414,
214,2,2,0,0.2,0.6,8.795343e-05,
220,2,2,0,0.4,0.1999999999999999,3.2146258e-05,
223,2,2,0,0.2,0.6,0.0006340538,
237,2,2,0,0.4,0.1999999999999999,0.0030155075,
238,2,2,0,0.25,0.5,3.6020327e-07,
241,2,2,1,0.6,0.1999999999999999,0.14685822,
249,2,2,1,0.6,0.1999999999999999,0.0023438588,
252,2,2,0,0.0,1.0,0.0004137778,
259,2,2,0,0.0,1.0,0.0001967127,
264,2,2,0,0.25,0.5,0.019359067,
268,2,2,1,0.5,0.0,0.016465388,
269,2,2,1,0.5,0.0,0.003473119,
270,2,2,0,0.0,1.0,0.68557686,
271,2,2,0,0.0,1.0,0.47552937,
275,2,2,1,0.5,0.0,0.5178945,
280,2,2,0,0.25,0.5,0.00022583792,
281,2,2,0,0.0,1.0,0.00019243581,
283,2,2,0,0.25,0.5,0.00076267344,
284,2,2,1,0.5,0.0,0.65072256,
286,2,2,0,0.2,0.6,2.7119931e-05,
290,2,2,0,0.0,1.0,0.00027913405,
296,2,2,0,0.0,1.0,9.636982e-06,
298,2,2,0,0.25,0.5,0.1506914,
303,2,2,0,0.0,1.0,0.02121631,
306,2,2,0,0.0,1.0,0.5501652,
310,2,2,0,0.2,0.6,0.0022147144,
312,2,2,0,0.0,1.0,0.036237538,
316,2,2,0,0.4,0.1999999999999999,0.9870206,
333,2,2,0,0.0,1.0,2.3251647e-05,
335,2,2,1,0.5,0.0,0.07623521,
338,2,2,0,0.4,0.1999999999999999,0.59734744,
342,2,2,0,0.2,0.6,0.3022645,
354,2,2,0,0.25,0.5,0.75523233,
355,2,2,0,0.25,0.5,0.005270883,
361,2,2,0,0.0,1.0,0.000162187,
364,2,2,1,0.5,0.0,0.11147718,
376,2,2,1,0.5,0.0,0.92551196,
378,2,2,1,0.5,0.0,0.009400863,
379,2,2,1,0.75,0.5,0.9686501,
388,2,2,1,0.5,0.0,0.030972656,
390,2,2,1,0.75,0.5,0.25837368,
406,2,2,1,0.6,0.1999999999999999,0.60937715,
409,2,2,0,0.4,0.1999999999999999,0.94571817,
411,2,2,0,0.2,0.6,0.6233249,
413,2,2,0,0.0,1.0,0.04614596,
418,2,2,0,0.0,1.0,0.0031093704,
422,2,2,1,0.6,0.1999999999999999,0.21622366,
424,2,2,1,0.6,0.1999999999999999,0.6996268,
429,2,2,0,0.0,1.0,0.0009987109,
434,2,2,0,0.0,1.0,0.0005056645,
441,2,2,0,0.2,0.6,0.16464631,
445,2,2,0,0.0,1.0,0.26352215,
446,2,2,0,0.2,0.6,0.83398294,
448,2,2,0,0.0,1.0,0.07205071,
452,2,2,0,0.25,0.5,0.3043072,
462,2,2,1,0.5,0.0,0.9999707,
463,2,2,0,0.25,0.5,0.92817354,
467,2,2,1,1.0,1.0,0.99559826,
480,2,2,1,0.5,0.0,0.2285861,
496,2,2,1,0.75,0.5,0.1591976,
499,2,2,0,0.0,1.0,0.9982216,
512,2,2,1,1.0,1.0,0.99978244,
514,2,2,1,0.75,0.5,0.9999785,
516,2,2,0,0.0,1.0,0.9711323,
518,2,2,0,0.25,0.5,0.8373009,
519,2,2,0,0.0,1.0,0.9868399,
530,2,2,1,0.5,0.0,0.0004274989,
546,2,2,1,0.5,0.0,0.404844,
553,2,2,0,0.0,1.0,0.27940634,
554,2,2,1,0.5,0.0,0.99935293,
555,2,2,0,0.3333333333333333,0.3333333333333333,0.9995351,
559,2,2,1,0.6666666666666666,0.3333333333333332,0.08908203,
566,2,2,0,0.1666666666666666,0.6666666666666667,0.18108024,
607,2,2,0,0.0,1.0,0.0023012045,
609,2,2,0,0.25,0.5,0.62460834,
613,2,2,0,0.0,1.0,0.5996198,
618,2,2,0,0.0,1.0,0.93061185,
622,2,2,1,0.75,0.5,0.9762207,
623,2,2,1,0.5,0.0,0.9828314,
627,2,2,1,0.75,0.5,0.12154569,
628,2,2,0,0.0,1.0,4.8334412e-05,
630,2,2,1,0.5,0.0,0.08607039,
636,2,2,0,0.0,1.0,0.64420104,
642,2,2,1,0.75,0.5,0.99964905,
643,2,2,1,0.5,0.0,0.049258634,
646,2,2,0,0.0,1.0,8.431779e-08,
647,2,2,1,0.5,0.0,0.97588336,
650,2,2,0,0.0,1.0,0.0076487865,
657,2,2,1,0.5,0.0,0.2488688,
658,2,2,0,0.1666666666666666,0.6666666666666667,0.8907579,
667,2,2,0,0.3333333333333333,0.3333333333333333,0.14012712,
668,2,2,0,0.1666666666666666,0.6666666666666667,0.95592725,
671,2,2,0,0.3333333333333333,0.3333333333333333,0.99969614,
681,2,2,0,0.1666666666666666,0.6666666666666667,0.8025194,
686,2,2,0,0.0,1.0,0.99670947,
692,2,2,0,0.0,1.0,0.00052764907,
695,2,2,0,0.3333333333333333,0.3333333333333333,0.012053136,
700,2,2,1,0.5,0.0,0.99385357,
702,2,2,0,0.1666666666666666,0.6666666666666667,0.010063484,
710,2,2,0,0.0,1.0,5.4796474e-06,
713,2,2,1,0.6,0.1999999999999999,0.035015594,
716,2,2,1,0.6666666666666666,0.3333333333333332,0.032387193,
732,2,2,0,0.0,1.0,0.0045168097,
738,2,2,0,0.3333333333333333,0.3333333333333333,0.066280425,
2,2,3,0,0.4,0.1999999999999999,1.8799361e-05,
7,2,3,1,0.6,0.1999999999999999,0.7325647,
8,2,3,0,0.0,1.0,0.00022107022,
9,2,3,0,0.0,1.0,0.08703364,
26,2,3,1,0.8,0.6000000000000001,0.7164147,
32,2,3,0,0.2,0.6,0.9815063,
39,2,3,0,0.0,1.0,0.00018089602,
40,2,3,0,0.2,0.6,0.02307691,
42,2,3,0,0.0,1.0,0.0062018163,
45,2,3,0,0.0,1.0,0.9952147,
52,2,3,0,0.25,0.5,0.5382744,
53,2,3,0,0.1666666666666666,0.6666666666666667,0.08567289,
55,2,3,0,0.0,1.0,0.95173776,
56,2,3,0,0.25,0.5,0.0016264466,
63,2,3,0,0.0,1.0,0.6689342,
69,2,3,0,0.0,1.0,0.00224552,
75,2,3,0,0.0,1.0,0.0077867312,
77,2,3,0,0.25,0.5,0.052625775,
78,2,3,0,0.0,1.0,0.001018704,
79,2,3,0,0.25,0.5,0.054751873,
90,2,3,1,0.5,0.0,0.0008799158,
92,2,3,0,0.0,1.0,0.00503356,
96,2,3,0,0.0,1.0,8.732053e-05,
99,2,3,0,0.0,1.0,0.00014217569,
100,2,3,0,0.25,0.5,0.819746,
109,2,3,0,0.1111111111111111,0.7777777777777778,0.91683775,
119,2,3,0,0.1111111111111111,0.7777777777777778,0.92085433,
121,2,3,0,0.1111111111111111,0.7777777777777778,0.053835303,
130,2,3,0,0.1111111111111111,0.7777777777777778,4.804759e-05,
138,2,3,1,0.5555555555555556,0.1111111111111111,0.005932223,
147,2,3,0,0.0,1.0,0.01571012,
160,2,3,0,0.1666666666666666,0.6666666666666667,0.9819943,
164,2,3,0,0.0,1.0,0.0038314548,
166,2,3,0,0.25,0.5,0.015675604,
172,2,3,0,0.0,1.0,0.00045131572,
180,2,3,0,0.0,1.0,0.08417124,
183,2,3,0,0.0,1.0,0.017694991,
194,2,3,0,0.0,1.0,0.9994848,
195,2,3,0,0.0,1.0,0.0031048364,
202,2,3,1,0.6,0.1999999999999999,0.0005015752,
210,2,3,0,0.4,0.1999999999999999,0.9999987,
211,2,3,1,0.6,0.1999999999999999,0.9957191,
215,2,3,0,0.2,0.6,0.036152557,
225,2,3,0,0.2,0.6,1.0214423e-05,
226,2,3,0,0.0,1.0,0.00047488022,
230,2,3,0,0.2,0.6,0.0045656683,
231,2,3,1,0.5,0.0,0.25028953,
232,2,3,0,0.25,0.5,0.3113885,
246,2,3,0,0.4,0.1999999999999999,0.24436668,
251,2,3,0,0.25,0.5,0.03278952,
260,2,3,0,0.25,0.5,0.39065427,
266,2,3,0,0.25,0.5,0.006718272,
267,2,3,0,0.0,1.0,6.2548554e-07,
274,2,3,1,0.5,0.0,0.99470764,
282,2,3,0,0.25,0.5,0.00088971556,
297,2,3,0,0.0,1.0,0.0035150398,
302,2,3,0,0.0,1.0,0.27617377,
308,2,3,0,0.4,0.1999999999999999,0.39608765,
311,2,3,0,0.4,0.1999999999999999,0.00021362095,
314,2,3,0,0.0,1.0,0.7302388,
321,2,3,1,0.6,0.1999999999999999,0.2680422,
325,2,3,0,0.0,1.0,0.00022401038,
329,2,3,0,0.0,1.0,0.23577923,
332,2,3,0,0.0,1.0,0.38246727,
334,2,3,0,0.4,0.1999999999999999,0.008173459,
336,2,3,0,0.4,0.1999999999999999,0.000118307966,
337,2,3,0,0.0,1.0,0.17176995,
340,2,3,1,0.6,0.1999999999999999,0.25982785,
341,2,3,1,0.6,0.1999999999999999,0.98976374,
344,2,3,0,0.2,0.6,0.015952062,
348,2,3,0,0.4,0.1999999999999999,0.9997405,
362,2,3,1,0.75,0.5,0.07216417,
368,2,3,1,0.5,0.0,0.33761168,
397,2,3,1,0.75,0.5,0.9310551,
408,2,3,0,0.4,0.1999999999999999,0.8084426,
410,2,3,1,0.6,0.1999999999999999,0.99798644,
425,2,3,0,0.0,1.0,0.32609597,
426,2,3,1,0.8,0.6000000000000001,0.6091962,
436,2,3,0,0.4,0.1999999999999999,0.97999763,
439,2,3,0,0.2,0.6,0.15230082,
440,2,3,0,0.0,1.0,0.81262827,
443,2,3,0,0.0,1.0,0.0013929371,
449,2,3,0,0.4,0.1999999999999999,0.4002316,
450,2,3,0,0.2,0.6,0.0057944907,
451,2,3,0,0.25,0.5,0.44895115,
453,2,3,0,0.25,0.5,0.24622144,
454,2,3,0,0.0,1.0,0.20839748,
455,2,3,0,0.0,1.0,4.901618e-06,
459,2,3,0,0.25,0.5,0.617919,
466,2,3,1,0.5,0.0,0.9995606,
468,2,3,0,0.25,0.5,0.12928326,
469,2,3,1,0.75,0.5,0.3477957,
478,2,3,0,0.0,1.0,0.029256184,
479,2,3,0,0.0,1.0,0.010230373,
481,2,3,0,0.0,1.0,0.20644902,
482,2,3,0,0.0,1.0,3.556418e-06,
483,2,3,0,0.25,0.5,0.6353758,
486,2,3,0,0.25,0.5,0.9995936,
487,2,3,0,0.2,0.6,1.8402701e-06,
490,2,3,0,0.25,0.5,0.08188534,
497,2,3,0,0.0,1.0,0.0026828155,
504,2,3,1,0.75,0.5,0.02223926,
513,2,3,0,0.0,1.0,0.86972225,
523,2,3,0,0.25,0.5,0.15792528,
529,2,3,1,0.5,0.0,0.0503331,
536,2,3,0,0.3333333333333333,0.3333333333333333,0.5596941,
544,2,3,1,0.5,0.0,0.9999316,
551,2,3,1,0.6666666666666666,0.3333333333333332,0.11191121,
557,2,3,0,0.3333333333333333,0.3333333333333333,1.00542675e-05,
558,2,3,1,0.5,0.0,0.9996152,
560,2,3,0,0.1666666666666666,0.6666666666666667,0.12924959,
561,2,3,1,0.5,0.0,0.00017464567,
565,2,3,0,0.3333333333333333,0.3333333333333333,0.82223445,
570,2,3,1,0.6666666666666666,0.3333333333333332,0.02954359,
574,2,3,0,0.3333333333333333,0.3333333333333333,0.045357507,
585,2,3,1,0.5,0.0,0.9945924,
587,2,3,1,0.8333333333333334,0.6666666666666667,0.67773455,
596,2,3,1,0.5,0.0,0.20138006,
597,2,3,0,0.0,1.0,2.2568381e-06,
598,2,3,0,0.3333333333333333,0.3333333333333333,0.9866179,
611,2,3,1,0.75,0.5,0.007664903,
621,2,3,1,0.5,0.0,0.48776478,
629,2,3,1,0.5,0.0,0.99849355,
637,2,3,1,0.5,0.0,0.30864298,
644,2,3,0,0.25,0.5,0.02578634,
648,2,3,1,0.5,0.0,0.015360185,
653,2,3,1,0.5,0.0,0.15083382,
654,2,3,0,0.1666666666666666,0.6666666666666667,0.6464478,
670,2,3,1,0.5,0.0,0.7663801,
682,2,3,0,0.1666666666666666,0.6666666666666667,0.99663687,
683,2,3,1,0.8333333333333334,0.6666666666666667,0.0011386005,
685,2,3,0,0.0,1.0,0.010829599,
687,2,3,0,0.3333333333333333,0.3333333333333333,0.035588745,
691,2,3,0,0.1666666666666666,0.6666666666666667,0.98627794,
693,2,3,1,0.5,0.0,0.12514296,
704,2,3,0,0.3333333333333333,0.3333333333333333,0.14867824,
705,2,3,1,0.5,0.0,0.0010872256,
711,2,3,1,0.6,0.1999999999999999,0.20354004,
717,2,3,1,0.5,0.0,0.7468785,
719,2,3,0,0.1666666666666666,0.6666666666666667,0.09290683,
722,2,3,0,0.2,0.6,0.054786596,
725,2,3,0,0.0,1.0,0.002644748,
727,2,3,0,0.4,0.1999999999999999,0.2903711,
729,2,3,0,0.4,0.1999999999999999,0.5028532,
730,2,3,0,0.3333333333333333,0.3333333333333333,0.010841005,
734,2,3,0,0.0,1.0,0.07289657,
740,2,3,0,0.1666666666666666,0.6666666666666667,1.2378445e-05,
3,2,4,0,0.0,1.0,0.21035498,
5,2,4,0,0.2,0.6,0.0071140435,
17,2,4,0,0.4,0.1999999999999999,0.08236858,
22,2,4,0,0.2,0.6,0.94881845,
36,2,4,0,0.2,0.6,2.1742228e-05,
41,2,4,0,0.2,0.6,0.00024926368,
43,2,4,0,0.2,0.6,0.90730643,
49,2,4,0,0.3333333333333333,0.3333333333333333,0.00061464997,
50,2,4,1,0.8,0.6000000000000001,0.52801347,
51,2,4,0,0.25,0.5,0.9857118,
54,2,4,0,0.25,0.5,0.009215448,
65,2,4,0,0.25,0.5,8.445109e-06,
66,2,4,0,0.0,1.0,0.1859086,
68,2,4,0,0.0,1.0,0.00060927233,
72,2,4,0,0.25,0.5,0.00015557377,
86,2,4,0,0.0,1.0,0.007841046,
89,2,4,0,0.25,0.5,0.77630025,
102,2,4,0,0.0,1.0,0.00011230891,
106,2,4,1,1.0,1.0,0.0016868473,
107,2,4,0,0.1111111111111111,0.7777777777777778,0.046320286,
110,2,4,0,0.0,1.0,0.03093753,
112,2,4,0,0.125,0.75,8.727368e-05,
115,2,4,0,0.0,1.0,0.002453701,
117,2,4,0,0.25,0.5,0.0027367563,
125,2,4,0,0.125,0.75,0.015174741,
126,2,4,0,0.2222222222222222,0.5555555555555556,0.8407754,
135,2,4,0,0.1666666666666666,0.6666666666666667,0.00030765653,
137,2,4,1,0.6666666666666666,0.3333333333333332,0.00044487393,
140,2,4,0,0.2222222222222222,0.5555555555555556,0.27247128,
145,2,4,0,0.4444444444444444,0.1111111111111111,2.5611671e-05,
146,2,4,1,0.8888888888888888,0.7777777777777777,0.021689776,
154,2,4,0,0.25,0.5,0.00037163112,
155,2,4,0,0.25,0.5,0.02396765,
161,2,4,0,0.0,1.0,0.96543455,
169,2,4,0,0.0,1.0,0.117873065,
170,2,4,0,0.1666666666666666,0.6666666666666667,0.00069047714,
174,2,4,1,0.5,0.0,0.04931336,
175,2,4,0,0.0,1.0,0.002265588,
178,2,4,0,0.0,1.0,0.00013599436,
186,2,4,0,0.0,1.0,0.030681167,
192,2,4,0,0.0,1.0,0.25751385,
193,2,4,0,0.25,0.5,0.20164287,
197,2,4,0,0.0,1.0,5.2565874e-06,
200,2,4,0,0.2,0.6,0.1918711,
204,2,4,0,0.4,0.1999999999999999,0.011027385,
209,2,4,0,0.2,0.6,0.00024309751,
217,2,4,0,0.0,1.0,0.0004993643,
219,2,4,0,0.0,1.0,0.009182939,
221,2,4,1,0.8,0.6000000000000001,0.0005973956,
228,2,4,0,0.2,0.6,0.0017041973,
233,2,4,0,0.0,1.0,0.008323495,
234,2,4,0,0.25,0.5,0.00029664708,
236,2,4,0,0.0,1.0,1.6135202e-06,
239,2,4,1,0.6,0.1999999999999999,4.412044e-05,
242,2,4,1,0.6,0.1999999999999999,0.00021635862,
243,2,4,0,0.0,1.0,0.03940149,
254,2,4,0,0.25,0.5,8.69209e-05,
289,2,4,1,0.5,0.0,0.21753955,
294,2,4,0,0.0,1.0,0.021888234,
299,2,4,1,0.8,0.6000000000000001,0.003325689,
313,2,4,0,0.0,1.0,0.07050566,
315,2,4,1,0.8,0.6000000000000001,0.99081933,
317,2,4,0,0.4,0.1999999999999999,5.670042e-06,
319,2,4,0,0.2,0.6,0.9624668,
320,2,4,0,0.0,1.0,0.1343584,
323,2,4,0,0.0,1.0,0.00043244543,
330,2,4,0,0.4,0.1999999999999999,0.32309228,
350,2,4,0,0.0,1.0,0.00036263006,
356,2,4,0,0.25,0.5,0.20723377,
365,2,4,0,0.25,0.5,0.99652636,
366,2,4,0,0.0,1.0,0.6307186,
369,2,4,0,0.0,1.0,9.339709e-06,
370,2,4,0,0.0,1.0,0.00024545548,
377,2,4,0,0.25,0.5,0.11706747,
380,2,4,1,0.75,0.5,0.0841777,
385,2,4,1,0.5,0.0,0.005478005,
386,2,4,0,0.25,0.5,0.7955289,
391,2,4,0,0.0,1.0,0.000115344876,
396,2,4,1,0.75,0.5,0.983318,
400,2,4,1,0.5,0.0,0.99994344,
403,2,4,0,0.0,1.0,0.0013721597,
404,2,4,1,0.6,0.1999999999999999,0.6394919,
407,2,4,0,0.2,0.6,0.2507823,
415,2,4,0,0.0,1.0,0.8852502,
417,2,4,0,0.2,0.6,0.9388956,
419,2,4,0,0.4,0.1999999999999999,0.8511019,
423,2,4,0,0.0,1.0,0.010598799,
437,2,4,1,0.6,0.1999999999999999,0.7511884,
457,2,4,1,0.5,0.0,0.9414419,
472,2,4,0,0.25,0.5,5.7036887e-05,
473,2,4,0,0.25,0.5,0.035254724,
484,2,4,0,0.25,0.5,0.040448464,
491,2,4,1,0.5,0.0,0.35048544,
494,2,4,1,0.8,0.6000000000000001,0.65029216,
495,2,4,0,0.0,1.0,0.29768056,
500,2,4,0,0.25,0.5,0.000760388,
501,2,4,0,0.25,0.5,0.80671686,
502,2,4,1,0.75,0.5,0.01165134,
507,2,4,1,1.0,1.0,0.880664,
511,2,4,1,0.5,0.0,0.8182093,
522,2,4,0,0.25,0.5,0.13503762,
527,2,4,0,0.25,0.5,0.7724198,
532,2,4,0,0.0,1.0,6.865063e-05,
537,2,4,0,0.25,0.5,0.63943017,
540,2,4,0,0.25,0.5,0.93344414,
556,2,4,0,0.1666666666666666,0.6666666666666667,0.99515235,
562,2,4,0,0.3333333333333333,0.3333333333333333,0.88209397,
564,2,4,1,0.5,0.0,0.9958251,
567,2,4,0,0.3333333333333333,0.3333333333333333,0.0012873006,
572,2,4,1,0.8333333333333334,0.6666666666666667,0.0023328934,
576,2,4,1,0.5,0.0,0.96680796,
578,2,4,1,0.5,0.0,0.31779832,
589,2,4,0,0.3333333333333333,0.3333333333333333,0.008012835,
591,2,4,1,0.5,0.0,0.0001646978,
599,2,4,0,0.0,1.0,0.97210157,
608,2,4,0,0.0,1.0,0.6120836,
614,2,4,1,0.75,0.5,0.79073477,
616,2,4,1,0.75,0.5,0.013312071,
624,2,4,0,0.25,0.5,0.003974407,
626,2,4,1,0.5,0.0,9.996244e-05,
631,2,4,0,0.0,1.0,0.23265786,
632,2,4,1,0.5,0.0,0.51519084,
633,2,4,1,0.5,0.0,0.0831057,
634,2,4,0,0.25,0.5,0.005989423,
635,2,4,1,0.5,0.0,0.9887624,
639,2,4,0,0.0,1.0,0.004657213,
640,2,4,1,0.75,0.5,0.111902036,
641,2,4,0,0.0,1.0,0.012383208,
645,2,4,1,0.75,0.5,0.9640571,
649,2,4,1,0.5,0.0,0.00052681234,
651,2,4,0,0.3333333333333333,0.3333333333333333,0.05409821,
664,2,4,1,0.6666666666666666,0.3333333333333332,0.68671733,
669,2,4,0,0.3333333333333333,0.3333333333333333,0.6027597,
673,2,4,0,0.3333333333333333,0.3333333333333333,6.585866e-07,
675,2,4,0,0.3333333333333333,0.3333333333333333,0.0058876364,
676,2,4,0,0.1666666666666666,0.6666666666666667,0.008345103,
694,2,4,0,0.3333333333333333,0.3333333333333333,0.1646379,
698,2,4,1,0.5,0.0,0.7955638,
703,2,4,0,0.0,1.0,0.009612636,
707,2,4,1,0.5,0.0,0.0003565848,
709,2,4,0,0.3333333333333333,0.3333333333333333,0.53761727,
714,2,4,0,0.3333333333333333,0.3333333333333333,0.082639754,
715,2,4,1,0.5,0.0,4.6237456e-05,
718,2,4,0,0.1666666666666666,0.6666666666666667,6.335346e-06,
720,2,4,0,0.0,1.0,0.00014630117,
731,2,4,0,0.0,1.0,0.01076943,
741,2,4,0,0.2,0.6,0.47776976,
3,3,0,0,0.0,1.0,0.009133994,
5,3,0,0,0.2,0.6,0.00079508947,
7,3,0,1,0.6,0.1999999999999999,0.57214576,
25,3,0,0,0.2,0.6,0.3039377,
30,3,0,0,0.2,0.6,0.09341456,
36,3,0,0,0.2,0.6,0.00017854529,
37,3,0,0,0.2,0.6,0.00025465342,
39,3,0,0,0.0,1.0,0.012566244,
44,3,0,0,0.0,1.0,3.828749e-05,
48,3,0,1,0.6,0.1999999999999999,0.027690187,
50,3,0,1,0.8,0.6000000000000001,0.52488476,
57,3,0,1,1.0,1.0,0.0009341042,
58,3,0,0,0.25,0.5,0.0057291132,
59,3,0,0,0.25,0.5,4.6649484e-06,
60,3,0,0,0.0,1.0,0.4170982,
77,3,0,0,0.25,0.5,0.008618372,
78,3,0,0,0.0,1.0,0.0028517882,
81,3,0,0,0.0,1.0,0.0054005054,
99,3,0,0,0.0,1.0,0.0011403959,
114,3,0,0,0.1111111111111111,0.7777777777777778,0.3500625,
115,3,0,0,0.0,1.0,3.4120303e-06,
116,3,0,0,0.0,1.0,0.00018874955,
125,3,0,0,0.125,0.75,0.019291092,
126,3,0,0,0.2222222222222222,0.5555555555555556,0.29285565,
127,3,0,1,0.6666666666666666,0.3333333333333332,0.0010828816,
130,3,0,0,0.1111111111111111,0.7777777777777778,3.7481386e-05,
144,3,0,0,0.0,1.0,0.018502746,
145,3,0,0,0.4444444444444444,0.1111111111111111,0.00020427779,
147,3,0,0,0.0,1.0,0.0015875364,
149,3,0,0,0.3333333333333333,0.3333333333333333,0.00057119806,
154,3,0,0,0.25,0.5,0.02148853,
161,3,0,0,0.0,1.0,0.91801643,
162,3,0,0,0.2,0.6,0.01810888,
166,3,0,0,0.25,0.5,0.0038880373,
167,3,0,0,0.0,1.0,0.91944623,
169,3,0,0,0.0,1.0,0.0053875973,
181,3,0,1,0.5,0.0,0.32491335,
186,3,0,0,0.0,1.0,0.010911744,
188,3,0,0,0.0,1.0,0.30311513,
190,3,0,0,0.25,0.5,0.5700361,
203,3,0,0,0.2,0.6,0.0011261078,
204,3,0,0,0.4,0.1999999999999999,0.008915681,
205,3,0,0,0.2,0.6,0.00089266524,
209,3,0,0,0.2,0.6,0.10806418,
210,3,0,0,0.4,0.1999999999999999,0.9998181,
216,3,0,0,0.0,1.0,0.45456243,
220,3,0,0,0.4,0.1999999999999999,1.5097569e-06,
225,3,0,0,0.2,0.6,0.00016020535,
235,3,0,0,0.0,1.0,2.8920185e-05,
247,3,0,0,0.2,0.6,0.0023575285,
253,3,0,0,0.0,1.0,0.6444205,
267,3,0,0,0.0,1.0,1.4397699e-05,
269,3,0,1,0.5,0.0,0.0006480606,
271,3,0,0,0.0,1.0,0.088805534,
273,3,0,1,0.5,0.0,0.22078124,
283,3,0,0,0.25,0.5,0.00036844405,
284,3,0,1,0.5,0.0,0.22299615,
285,3,0,0,0.4,0.1999999999999999,0.048876874,
291,3,0,0,0.0,1.0,0.00048843696,
292,3,0,0,0.25,0.5,0.99901843,
308,3,0,0,0.4,0.1999999999999999,0.3856244,
309,3,0,1,0.8,0.6000000000000001,0.004311126,
320,3,0,0,0.0,1.0,0.051872447,
329,3,0,0,0.0,1.0,0.043168932,
341,3,0,1,0.6,0.1999999999999999,0.68388355,
346,3,0,1,0.6,0.1999999999999999,0.99948466,
348,3,0,0,0.4,0.1999999999999999,0.99986756,
349,3,0,0,0.0,1.0,1.4582255e-08,
351,3,0,0,0.0,1.0,0.8659876,
354,3,0,0,0.25,0.5,0.3089515,
370,3,0,0,0.0,1.0,0.00014954775,
373,3,0,0,0.0,1.0,0.90922725,
374,3,0,1,0.5,0.0,0.99598217,
390,3,0,1,0.75,0.5,0.14824638,
391,3,0,0,0.0,1.0,1.6136712e-06,
395,3,0,1,0.5,0.0,0.93588305,
404,3,0,1,0.6,0.1999999999999999,0.4555281,
405,3,0,0,0.0,1.0,0.63962877,
411,3,0,0,0.2,0.6,0.99650896,
412,3,0,1,1.0,1.0,0.6093791,
414,3,0,1,0.6,0.1999999999999999,0.84664905,
415,3,0,0,0.0,1.0,0.9983063,
419,3,0,0,0.4,0.1999999999999999,0.9543017,
425,3,0,0,0.0,1.0,0.9073702,
426,3,0,1,0.8,0.6000000000000001,0.40997404,
435,3,0,0,0.4,0.1999999999999999,0.9029211,
437,3,0,1,0.6,0.1999999999999999,0.7687941,
443,3,0,0,0.0,1.0,0.004074986,
453,3,0,0,0.25,0.5,0.00534332,
461,3,0,1,0.5,0.0,0.967327,
464,3,0,0,0.0,1.0,0.99994713,
467,3,0,1,1.0,1.0,0.88118637,
472,3,0,0,0.25,0.5,0.0007677167,
484,3,0,0,0.25,0.5,0.2748818,
488,3,0,1,0.5,0.0,0.99938446,
489,3,0,0,0.0,1.0,0.99944556,
493,3,0,0,0.0,1.0,0.9998504,
498,3,0,0,0.0,1.0,0.00031631696,
500,3,0,0,0.25,0.5,0.012789813,
511,3,0,1,0.5,0.0,0.99984753,
522,3,0,0,0.25,0.5,0.25861079,
523,3,0,0,0.25,0.5,0.9400755,
531,3,0,1,0.75,0.5,0.9895098,
534,3,0,1,0.75,0.5,0.016347598,
544,3,0,1,0.5,0.0,0.999276,
546,3,0,1,0.5,0.0,0.5108701,
554,3,0,1,0.5,0.0,0.999526,
560,3,0,0,0.1666666666666666,0.6666666666666667,0.27229294,
567,3,0,0,0.3333333333333333,0.3333333333333333,0.03071346,
577,3,0,0,0.1666666666666666,0.6666666666666667,0.07455421,
580,3,0,0,0.3333333333333333,0.3333333333333333,0.001142579,
591,3,0,1,0.5,0.0,0.032532517,
596,3,0,1,0.5,0.0,0.11903983,
601,3,0,0,0.0,1.0,0.0064372877,
604,3,0,1,0.75,0.5,0.65934044,
613,3,0,0,0.0,1.0,0.76418906,
618,3,0,0,0.0,1.0,0.9827528,
622,3,0,1,0.75,0.5,0.34780282,
633,3,0,1,0.5,0.0,0.28763586,
645,3,0,1,0.75,0.5,0.9999101,
648,3,0,1,0.5,0.0,0.5155154,
650,3,0,0,0.0,1.0,8.411838e-05,
651,3,0,0,0.3333333333333333,0.3333333333333333,0.4230224,
653,3,0,1,0.5,0.0,0.7963596,
665,3,0,0,0.1666666666666666,0.6666666666666667,0.84709156,
667,3,0,0,0.3333333333333333,0.3333333333333333,0.6684479,
668,3,0,0,0.1666666666666666,0.6666666666666667,0.1659072,
673,3,0,0,0.3333333333333333,0.3333333333333333,2.5823064e-07,
674,3,0,0,0.3333333333333333,0.3333333333333333,0.7109307,
681,3,0,0,0.1666666666666666,0.6666666666666667,0.76795477,
683,3,0,1,0.8333333333333334,0.6666666666666667,0.955679,
685,3,0,0,0.0,1.0,0.0258574,
689,3,0,0,0.0,1.0,1.2156652e-05,
690,3,0,0,0.0,1.0,0.89383507,
692,3,0,0,0.0,1.0,0.00010673996,
694,3,0,0,0.3333333333333333,0.3333333333333333,0.11118273,
703,3,0,0,0.0,1.0,0.20458877,
707,3,0,1,0.5,0.0,0.00086679653,
714,3,0,0,0.3333333333333333,0.3333333333333333,0.007082411,
716,3,0,1,0.6666666666666666,0.3333333333333332,0.06111262,
717,3,0,1,0.5,0.0,0.15130983,
723,3,0,0,0.1666666666666666,0.6666666666666667,0.021101976,
725,3,0,0,0.0,1.0,0.0011012389,
730,3,0,0,0.3333333333333333,0.3333333333333333,0.0158743,
733,3,0,0,0.1666666666666666,0.6666666666666667,0.116024524,
740,3,0,0,0.1666666666666666,0.6666666666666667,8.490698e-05,
742,3,0,1,0.5,0.0,0.97845095,
6,3,1,0,0.2,0.6,0.12140829,
10,3,1,0,0.0,1.0,0.003795573,
14,3,1,0,0.2,0.6,0.00915056,
31,3,1,0,0.1666666666666666,0.6666666666666667,0.022068769,
35,3,1,1,0.5,0.0,0.010787982,
41,3,1,0,0.2,0.6,0.030922364,
42,3,1,0,0.0,1.0,0.00039607895,
52,3,1,0,0.25,0.5,0.07931361,
55,3,1,0,0.0,1.0,0.7448969,
61,3,1,0,0.2,0.6,2.1351665e-05,
62,3,1,0,0.25,0.5,0.0032721017,
63,3,1,0,0.0,1.0,0.001453527,
65,3,1,0,0.25,0.5,0.0008729772,
66,3,1,0,0.0,1.0,0.010186909,
73,3,1,0,0.0,1.0,0.004347466,
84,3,1,0,0.3333333333333333,0.3333333333333333,0.99253947,
87,3,1,0,0.0,1.0,0.012764018,
91,3,1,0,0.25,0.5,0.05315015,
92,3,1,0,0.0,1.0,0.0021957902,
93,3,1,0,0.0,1.0,0.01983114,
97,3,1,0,0.25,0.5,0.011661332,
106,3,1,1,1.0,1.0,0.03466609,
136,3,1,0,0.3333333333333333,0.3333333333333333,0.7015227,
141,3,1,0,0.0,1.0,0.21380372,
151,3,1,0,0.0,1.0,0.47194487,
153,3,1,0,0.0,1.0,0.00021314133,
157,3,1,0,0.25,0.5,0.027455589,
160,3,1,0,0.1666666666666666,0.6666666666666667,0.35530967,
174,3,1,1,0.5,0.0,0.04702014,
180,3,1,0,0.0,1.0,0.05048511,
197,3,1,0,0.0,1.0,0.001146344,
198,3,1,0,0.0,1.0,0.58778834,
211,3,1,1,0.6,0.1999999999999999,0.9722057,
215,3,1,0,0.2,0.6,0.00065278076,
217,3,1,0,0.0,1.0,2.9635448e-06,
223,3,1,0,0.2,0.6,0.00024616264,
231,3,1,1,0.5,0.0,0.0053778472,
233,3,1,0,0.0,1.0,6.1281615e-05,
237,3,1,0,0.4,0.1999999999999999,6.271401e-05,
239,3,1,1,0.6,0.1999999999999999,0.00054409885,
242,3,1,1,0.6,0.1999999999999999,0.00038096865,
243,3,1,0,0.0,1.0,9.772283e-05,
244,3,1,1,0.6,0.1999999999999999,0.99267244,
248,3,1,0,0.4,0.1999999999999999,0.05668152,
249,3,1,1,0.6,0.1999999999999999,0.006680758,
251,3,1,0,0.25,0.5,0.029966999,
255,3,1,0,0.25,0.5,0.00010645557,
257,3,1,0,0.25,0.5,0.14951836,
259,3,1,0,0.0,1.0,0.0064467946,
261,3,1,0,0.25,0.5,0.3052502,
264,3,1,0,0.25,0.5,0.013459371,
265,3,1,1,0.5,0.0,0.71729565,
266,3,1,0,0.25,0.5,0.0052287155,
268,3,1,1,0.5,0.0,0.05266171,
276,3,1,0,0.2,0.6,0.99626684,
288,3,1,1,0.75,0.5,0.009539397,
296,3,1,0,0.0,1.0,3.272749e-07,
297,3,1,0,0.0,1.0,0.002099855,
306,3,1,0,0.0,1.0,0.435399,
310,3,1,0,0.2,0.6,0.0005900158,
313,3,1,0,0.0,1.0,0.66966397,
314,3,1,0,0.0,1.0,0.9990732,
315,3,1,1,0.8,0.6000000000000001,0.99959487,
317,3,1,0,0.4,0.1999999999999999,0.0015533777,
319,3,1,0,0.2,0.6,0.0040274905,
326,3,1,0,0.0,1.0,9.161609e-06,
330,3,1,0,0.4,0.1999999999999999,0.8590422,
337,3,1,0,0.0,1.0,0.977121,
350,3,1,0,0.0,1.0,8.1302576e-05,
355,3,1,0,0.25,0.5,0.011986752,
358,3,1,0,0.25,0.5,0.96165574,
364,3,1,1,0.5,0.0,0.008357063,
366,3,1,0,0.0,1.0,0.6948691,
376,3,1,1,0.5,0.0,0.98179704,
378,3,1,1,0.5,0.0,0.00091138214,
383,3,1,0,0.0,1.0,5.1149487e-05,
388,3,1,1,0.5,0.0,0.3559866,
393,3,1,0,0.25,0.5,0.0059443833,
394,3,1,1,0.5,0.0,0.99412346,
402,3,1,1,0.6,0.1999999999999999,0.18556851,
403,3,1,0,0.0,1.0,0.004782917,
406,3,1,1,0.6,0.1999999999999999,0.787979,
408,3,1,0,0.4,0.1999999999999999,0.53109396,
413,3,1,0,0.0,1.0,0.19161266,
420,3,1,0,0.0,1.0,7.654916e-05,
422,3,1,1,0.6,0.1999999999999999,0.0059049875,
430,3,1,1,0.6,0.1999999999999999,0.052729163,
439,3,1,0,0.2,0.6,0.16324282,
441,3,1,0,0.2,0.6,0.96921545,
445,3,1,0,0.0,1.0,0.0186099,
459,3,1,0,0.25,0.5,0.0009323139,
462,3,1,1,0.5,0.0,0.9999936,
469,3,1,1,0.75,0.5,0.21052042,
473,3,1,0,0.25,0.5,0.6562197,
475,3,1,0,0.25,0.5,0.487311,
482,3,1,0,0.0,1.0,8.467773e-07,
485,3,1,1,0.5,0.0,0.016820949,
490,3,1,0,0.25,0.5,3.1472405e-06,
496,3,1,1,0.75,0.5,0.65073514,
512,3,1,1,1.0,1.0,0.99998575,
518,3,1,0,0.25,0.5,0.025578829,
524,3,1,0,0.0,1.0,0.9998974,
525,3,1,0,0.2,0.6,1.3345646e-06,
532,3,1,0,0.0,1.0,0.02576213,
535,3,1,0,0.25,0.5,0.99723315,
543,3,1,1,0.5,0.0,0.89773566,
545,3,1,0,0.25,0.5,0.074749574,
548,3,1,1,0.5,0.0,0.0015797773,
551,3,1,1,0.6666666666666666,0.3333333333333332,0.99053156,
562,3,1,0,0.3333333333333333,0.3333333333333333,0.9999958,
576,3,1,1,0.5,0.0,0.9985259,
579,3,1,0,0.3333333333333333,0.3333333333333333,0.99508214,
581,3,1,0,0.3333333333333333,0.3333333333333333,0.80391335,
585,3,1,1,0.5,0.0,0.9267455,
588,3,1,0,0.1666666666666666,0.6666666666666667,0.4592951,
594,3,1,0,0.0,1.0,0.0036862614,
611,3,1,1,0.75,0.5,2.5870953e-05,
625,3,1,0,0.0,1.0,0.0076122945,
627,3,1,1,0.75,0.5,0.8666459,
630,3,1,1,0.5,0.0,0.3831097,
632,3,1,1,0.5,0.0,0.9694071,
634,3,1,0,0.25,0.5,0.27768272,
635,3,1,1,0.5,0.0,0.9263569,
638,3,1,0,0.25,0.5,0.99996716,
639,3,1,0,0.0,1.0,0.00019483101,
641,3,1,0,0.0,1.0,0.07778375,
643,3,1,1,0.5,0.0,0.06734316,
644,3,1,0,0.25,0.5,0.27647316,
647,3,1,1,0.5,0.0,0.9977845,
654,3,1,0,0.1666666666666666,0.6666666666666667,0.011257878,
655,3,1,1,0.6666666666666666,0.3333333333333332,0.99313486,
660,3,1,0,0.1666666666666666,0.6666666666666667,0.16358894,
662,3,1,0,0.0,1.0,0.036994047,
664,3,1,1,0.6666666666666666,0.3333333333333332,0.9940388,
669,3,1,0,0.3333333333333333,0.3333333333333333,0.3132363,
675,3,1,0,0.3333333333333333,0.3333333333333333,0.00062405324,
682,3,1,0,0.1666666666666666,0.6666666666666667,0.7151469,
688,3,1,0,0.1666666666666666,0.6666666666666667,0.0076890714,
691,3,1,0,0.1666666666666666,0.6666666666666667,0.99998885,
693,3,1,1,0.5,0.0,0.9910897,
710,3,1,0,0.0,1.0,1.2701075e-05,
720,3,1,0,0.0,1.0,0.00019061522,
721,3,1,0,0.3333333333333333,0.3333333333333333,0.483315,
732,3,1,0,0.0,1.0,0.00036096544,
734,3,1,0,0.0,1.0,0.0004842567,
735,3,1,0,0.0,1.0,9.1693715e-07,
738,3,1,0,0.3333333333333333,0.3333333333333333,0.15544629,
1,3,2,0,0.3333333333333333,0.3333333333333333,0.54113394,
2,3,2,0,0.4,0.1999999999999999,5.3151343e-05,
8,3,2,0,0.0,1.0,0.00063005893,
21,3,2,0,0.2,0.6,0.09183989,
22,3,2,0,0.2,0.6,0.99761415,
24,3,2,0,0.0,1.0,0.02834136,
27,3,2,0,0.2,0.6,0.13955656,
34,3,2,0,0.1666666666666666,0.6666666666666667,1.4521515e-05,
38,3,2,0,0.0,1.0,0.9992132,
40,3,2,0,0.2,0.6,0.9665902,
45,3,2,0,0.0,1.0,0.46490973,
47,3,2,0,0.25,0.5,0.054429717,
49,3,2,0,0.3333333333333333,0.3333333333333333,0.00011010318,
56,3,2,0,0.25,0.5,2.649118e-05,
64,3,2,0,0.3333333333333333,0.3333333333333333,2.08645e-05,
69,3,2,0,0.0,1.0,0.8236463,
86,3,2,0,0.0,1.0,0.0025838942,
95,3,2,0,0.25,0.5,0.031291083,
96,3,2,0,0.0,1.0,0.031342506,
100,3,2,0,0.25,0.5,0.018594313,
107,3,2,0,0.1111111111111111,0.7777777777777778,0.0012221202,
110,3,2,0,0.0,1.0,0.600011,
120,3,2,0,0.0,1.0,0.9228438,
121,3,2,0,0.1111111111111111,0.7777777777777778,0.008646514,
123,3,2,0,0.0,1.0,0.0033386624,
129,3,2,0,0.2,0.6,0.0038678604,
131,3,2,0,0.0,1.0,0.0005136286,
133,3,2,1,0.8888888888888888,0.7777777777777777,5.082148e-05,
135,3,2,0,0.1666666666666666,0.6666666666666667,0.00014436041,
138,3,2,1,0.5555555555555556,0.1111111111111111,0.06261994,
146,3,2,1,0.8888888888888888,0.7777777777777777,8.9102745e-05,
148,3,2,0,0.1111111111111111,0.7777777777777778,0.003911877,
150,3,2,0,0.0,1.0,0.34504464,
155,3,2,0,0.25,0.5,0.05168669,
156,3,2,0,0.25,0.5,0.0047285776,
163,3,2,0,0.25,0.5,0.6226475,
165,3,2,0,0.0,1.0,0.022991894,
170,3,2,0,0.1666666666666666,0.6666666666666667,0.00013453806,
173,3,2,0,0.25,0.5,0.0036847552,
184,3,2,0,0.0,1.0,6.0433216e-08,
189,3,2,1,0.5,0.0,0.012374932,
191,3,2,0,0.0,1.0,0.43262416,
193,3,2,0,0.25,0.5,0.23949888,
195,3,2,0,0.0,1.0,9.747641e-05,
196,3,2,1,0.5,0.0,0.028412428,
207,3,2,0,0.2,0.6,1.885102e-05,
208,3,2,0,0.0,1.0,1.696698e-05,
214,3,2,0,0.2,0.6,1.3856931e-05,
221,3,2,1,0.8,0.6000000000000001,0.0004270866,
227,3,2,1,1.0,1.0,0.07462251,
230,3,2,0,0.2,0.6,0.0013487058,
234,3,2,0,0.25,0.5,0.0013255106,
262,3,2,1,0.5,0.0,0.9132464,
270,3,2,0,0.0,1.0,0.9097558,
278,3,2,0,0.25,0.5,0.009015362,
280,3,2,0,0.25,0.5,0.00025557593,
282,3,2,0,0.25,0.5,3.075887e-05,
290,3,2,0,0.0,1.0,0.008453757,
294,3,2,0,0.0,1.0,0.026802653,
295,3,2,0,0.0,1.0,0.0005938159,
298,3,2,0,0.25,0.5,0.04462159,
299,3,2,1,0.8,0.6000000000000001,0.00035440968,
300,3,2,0,0.0,1.0,0.10512436,
304,3,2,1,0.8,0.6000000000000001,0.99725723,
311,3,2,0,0.4,0.1999999999999999,0.000693699,
312,3,2,0,0.0,1.0,0.010147436,
322,3,2,1,0.6,0.1999999999999999,0.97216684,
323,3,2,0,0.0,1.0,0.5609377,
333,3,2,0,0.0,1.0,7.105118e-05,
334,3,2,0,0.4,0.1999999999999999,0.0029332712,
344,3,2,0,0.2,0.6,0.022150148,
357,3,2,1,0.5,0.0,0.8445755,
367,3,2,0,0.25,0.5,0.9989873,
371,3,2,0,0.25,0.5,0.055566862,
382,3,2,1,0.5,0.0,0.059988715,
396,3,2,1,0.75,0.5,0.9996533,
398,3,2,0,0.25,0.5,0.99675155,
417,3,2,0,0.2,0.6,0.9330336,
421,3,2,0,0.2,0.6,0.70986646,
427,3,2,1,0.6,0.1999999999999999,0.9270603,
429,3,2,0,0.0,1.0,0.027769342,
433,3,2,0,0.0,1.0,0.00038164336,
434,3,2,0,0.0,1.0,0.0046203253,
436,3,2,0,0.4,0.1999999999999999,0.998098,
438,3,2,0,0.1666666666666666,0.6666666666666667,0.21035323,
442,3,2,1,0.8,0.6000000000000001,0.99725306,
448,3,2,0,0.0,1.0,0.19588824,
451,3,2,0,0.25,0.5,0.04621525,
463,3,2,0,0.25,0.5,0.39782596,
466,3,2,1,0.5,0.0,0.9999857,
471,3,2,0,0.0,1.0,0.94979185,
474,3,2,0,0.0,1.0,0.0027244585,
477,3,2,0,0.0,1.0,0.0038599758,
481,3,2,0,0.0,1.0,0.9881699,
492,3,2,0,0.3333333333333333,0.3333333333333333,3.6075044e-06,
494,3,2,1,0.8,0.6000000000000001,0.9511014,
502,3,2,1,0.75,0.5,0.84555054,
507,3,2,1,1.0,1.0,0.89336944,
513,3,2,0,0.0,1.0,0.7517296,
530,3,2,1,0.5,0.0,0.0020951761,
537,3,2,0,0.25,0.5,0.34549144,
539,3,2,0,0.25,0.5,0.9663029,
540,3,2,0,0.25,0.5,0.9887848,
547,3,2,1,0.5,0.0,0.9864527,
550,3,2,0,0.0,1.0,0.0012542782,
553,3,2,0,0.0,1.0,0.8209646,
556,3,2,0,0.1666666666666666,0.6666666666666667,0.640486,
561,3,2,1,0.5,0.0,0.004499172,
564,3,2,1,0.5,0.0,0.9882695,
569,3,2,0,0.1666666666666666,0.6666666666666667,0.98172295,
582,3,2,1,0.5,0.0,0.034230027,
586,3,2,1,0.6666666666666666,0.3333333333333332,0.0036172515,
592,3,2,1,0.6,0.1999999999999999,0.65408313,
593,3,2,1,0.5,0.0,0.048947796,
595,3,2,1,0.8333333333333334,0.6666666666666667,0.9068618,
598,3,2,0,0.3333333333333333,0.3333333333333333,0.99911344,
600,3,2,0,0.1666666666666666,0.6666666666666667,0.31743988,
603,3,2,1,0.5,0.0,0.46056575,
606,3,2,0,0.25,0.5,0.0042113243,
607,3,2,0,0.0,1.0,0.012892556,
609,3,2,0,0.25,0.5,0.52642655,
614,3,2,1,0.75,0.5,0.9920286,
615,3,2,1,0.75,0.5,0.87649274,
621,3,2,1,0.5,0.0,0.99835277,
624,3,2,0,0.25,0.5,0.027120112,
626,3,2,1,0.5,0.0,0.00097612326,
631,3,2,0,0.0,1.0,0.8591391,
640,3,2,1,0.75,0.5,0.67295164,
642,3,2,1,0.75,0.5,0.99906504,
657,3,2,1,0.5,0.0,0.97086185,
658,3,2,0,0.1666666666666666,0.6666666666666667,0.9996704,
663,3,2,0,0.3333333333333333,0.3333333333333333,0.47144893,
672,3,2,0,0.0,1.0,0.0058644563,
679,3,2,0,0.4,0.1999999999999999,0.024903553,
687,3,2,0,0.3333333333333333,0.3333333333333333,0.05889041,
698,3,2,1,0.5,0.0,0.9941584,
699,3,2,0,0.1666666666666666,0.6666666666666667,0.9999264,
702,3,2,0,0.1666666666666666,0.6666666666666667,0.00029085058,
705,3,2,1,0.5,0.0,0.004314432,
706,3,2,1,0.6666666666666666,0.3333333333333332,0.983721,
708,3,2,0,0.0,1.0,0.22226754,
709,3,2,0,0.3333333333333333,0.3333333333333333,0.995854,
719,3,2,0,0.1666666666666666,0.6666666666666667,0.57520986,
726,3,2,0,0.0,1.0,0.5690757,
736,3,2,0,0.0,1.0,0.93856955,
739,3,2,0,0.3333333333333333,0.3333333333333333,0.19417198,
741,3,2,0,0.2,0.6,0.88622296,
4,3,3,1,0.6,0.1999999999999999,0.112905644,
11,3,3,1,0.6,0.1999999999999999,0.013243249,
13,3,3,0,0.2,0.6,0.03545045,
15,3,3,0,0.4,0.1999999999999999,0.8590926,
16,3,3,1,0.6,0.1999999999999999,0.004700396,
18,3,3,1,0.6,0.1999999999999999,0.00024109421,
28,3,3,0,0.2,0.6,0.30279475,
29,3,3,0,0.2,0.6,0.23218703,
54,3,3,0,0.25,0.5,0.0678179,
67,3,3,0,0.0,1.0,1.2120761e-05,
71,3,3,0,0.0,1.0,0.019652914,
72,3,3,0,0.25,0.5,0.19009142,
74,3,3,0,0.0,1.0,0.67175364,
75,3,3,0,0.0,1.0,0.016925495,
79,3,3,0,0.25,0.5,0.010736257,
80,3,3,0,0.0,1.0,0.86953163,
82,3,3,0,0.25,0.5,0.0018175673,
83,3,3,0,0.25,0.5,0.62641704,
85,3,3,0,0.25,0.5,0.26617992,
89,3,3,0,0.25,0.5,0.88239056,
90,3,3,1,0.5,0.0,0.00029487236,
94,3,3,0,0.25,0.5,0.001759958,
98,3,3,0,0.3333333333333333,0.3333333333333333,0.0639147,
101,3,3,0,0.3333333333333333,0.3333333333333333,0.73559153,
103,3,3,0,0.1111111111111111,0.7777777777777778,0.64221925,
108,3,3,0,0.25,0.5,0.83522236,
112,3,3,0,0.125,0.75,0.0004091223,
119,3,3,0,0.1111111111111111,0.7777777777777778,0.317775,
122,3,3,0,0.0,1.0,0.03199232,
134,3,3,0,0.1111111111111111,0.7777777777777778,0.025699867,
137,3,3,1,0.6666666666666666,0.3333333333333332,0.0003906193,
140,3,3,0,0.2222222222222222,0.5555555555555556,0.015721131,
152,3,3,0,0.0,1.0,0.011209566,
159,3,3,0,0.0,1.0,0.61251056,
164,3,3,0,0.0,1.0,0.013991425,
177,3,3,0,0.0,1.0,0.025905663,
182,3,3,0,0.0,1.0,0.9790695,
183,3,3,0,0.0,1.0,0.020007335,
192,3,3,0,0.0,1.0,0.08787571,
199,3,3,0,0.25,0.5,0.00042132527,
201,3,3,0,0.25,0.5,0.8369099,
213,3,3,0,0.4,0.1999999999999999,0.31184083,
219,3,3,0,0.0,1.0,0.022452787,
226,3,3,0,0.0,1.0,0.73932374,
228,3,3,0,0.2,0.6,0.26931882,
238,3,3,0,0.25,0.5,3.1610514e-06,
241,3,3,1,0.6,0.1999999999999999,0.2859967,
245,3,3,0,0.0,1.0,0.6377748,
250,3,3,0,0.4,0.1999999999999999,0.9702802,
252,3,3,0,0.0,1.0,0.26986036,
258,3,3,0,0.0,1.0,0.0025612249,
263,3,3,0,0.2,0.6,0.011290521,
272,3,3,1,0.5,0.0,0.045378584,
275,3,3,1,0.5,0.0,0.29039764,
277,3,3,1,0.5,0.0,7.042534e-05,
279,3,3,0,0.2,0.6,0.00043229578,
302,3,3,0,0.0,1.0,0.020472415,
307,3,3,0,0.4,0.1999999999999999,0.007897727,
316,3,3,0,0.4,0.1999999999999999,0.8496902,
318,3,3,0,0.4,0.1999999999999999,3.9619576e-05,
324,3,3,0,0.2,0.6,0.9552907,
328,3,3,1,0.6,0.1999999999999999,0.022011485,
331,3,3,0,0.0,1.0,0.87776375,
332,3,3,0,0.0,1.0,0.10729833,
338,3,3,0,0.4,0.1999999999999999,0.29576972,
339,3,3,0,0.0,1.0,0.7143566,
345,3,3,0,0.0,1.0,0.00039159722,
347,3,3,0,0.4,0.1999999999999999,0.066765636,
352,3,3,0,0.25,0.5,0.06841901,
363,3,3,0,0.0,1.0,0.15310653,
375,3,3,1,0.5,0.0,0.98794544,
377,3,3,0,0.25,0.5,0.45660496,
379,3,3,1,0.75,0.5,0.9984852,
380,3,3,1,0.75,0.5,0.99014294,
381,3,3,1,0.75,0.5,0.24454972,
384,3,3,0,0.25,0.5,0.41570345,
386,3,3,0,0.25,0.5,0.85754323,
387,3,3,0,0.0,1.0,2.2287619e-05,
389,3,3,0,0.25,0.5,0.99996704,
392,3,3,1,0.5,0.0,0.9482071,
407,3,3,0,0.2,0.6,0.022319628,
409,3,3,0,0.4,0.1999999999999999,0.9673178,
416,3,3,0,0.0,1.0,0.24368057,
423,3,3,0,0.0,1.0,0.9288275,
424,3,3,1,0.6,0.1999999999999999,0.9345212,
432,3,3,0,0.2,0.6,0.8615509,
440,3,3,0,0.0,1.0,0.99985003,
446,3,3,0,0.2,0.6,0.119052306,
447,3,3,0,0.0,1.0,0.007951289,
452,3,3,0,0.25,0.5,0.018832771,
454,3,3,0,0.0,1.0,0.6850438,
455,3,3,0,0.0,1.0,2.1406217e-05,
456,3,3,1,0.5,0.0,0.00880185,
457,3,3,1,0.5,0.0,0.9988751,
458,3,3,0,0.0,1.0,0.75616336,
476,3,3,0,0.0,1.0,0.92744875,
478,3,3,0,0.0,1.0,0.0040729227,
479,3,3,0,0.0,1.0,0.0088824,
480,3,3,1,0.5,0.0,0.84925795,
483,3,3,0,0.25,0.5,0.6845951,
487,3,3,0,0.2,0.6,4.8537906e-08,
491,3,3,1,0.5,0.0,0.014244001,
499,3,3,0,0.0,1.0,0.99853945,
503,3,3,0,0.0,1.0,0.9883845,
505,3,3,1,0.5,0.0,0.9951334,
506,3,3,1,0.75,0.5,0.9997821,
508,3,3,1,0.75,0.5,0.045942746,
515,3,3,0,0.25,0.5,0.0007774027,
516,3,3,0,0.0,1.0,0.9983718,
519,3,3,0,0.0,1.0,0.98738843,
521,3,3,1,0.75,0.5,0.9982037,
526,3,3,0,0.0,1.0,0.44164678,
529,3,3,1,0.5,0.0,0.9959179,
541,3,3,1,0.5,0.0,0.008184085,
542,3,3,0,0.25,0.5,0.118163794,
549,3,3,0,0.0,1.0,0.058603775,
552,3,3,1,0.6666666666666666,0.3333333333333332,0.990716,
555,3,3,0,0.3333333333333333,0.3333333333333333,0.982344,
558,3,3,1,0.5,0.0,0.3606326,
568,3,3,1,1.0,1.0,0.91099465,
570,3,3,1,0.6666666666666666,0.3333333333333332,0.64751405,
573,3,3,0,0.3333333333333333,0.3333333333333333,0.808015,
575,3,3,1,0.5,0.0,0.97755456,
578,3,3,1,0.5,0.0,0.34639126,
583,3,3,1,0.5,0.0,0.9444702,
589,3,3,0,0.3333333333333333,0.3333333333333333,0.43563235,
590,3,3,0,0.3333333333333333,0.3333333333333333,0.99998796,
597,3,3,0,0.0,1.0,6.82415e-05,
610,3,3,0,0.25,0.5,0.7436291,
617,3,3,1,0.5,0.0,0.98882365,
629,3,3,1,0.5,0.0,0.9991813,
636,3,3,0,0.0,1.0,0.94577885,
637,3,3,1,0.5,0.0,0.21024668,
646,3,3,0,0.0,1.0,1.5698286e-07,
652,3,3,0,0.0,1.0,0.0060145287,
671,3,3,0,0.3333333333333333,0.3333333333333333,0.884883,
677,3,3,1,0.6666666666666666,0.3333333333333332,0.99734855,
678,3,3,0,0.3333333333333333,0.3333333333333333,0.07000715,
680,3,3,0,0.0,1.0,1.29712025e-05,
686,3,3,0,0.0,1.0,0.9965508,
695,3,3,0,0.3333333333333333,0.3333333333333333,0.46105608,
697,3,3,1,0.5,0.0,0.78071463,
704,3,3,0,0.3333333333333333,0.3333333333333333,0.048367627,
713,3,3,1,0.6,0.1999999999999999,0.17673434,
722,3,3,0,0.2,0.6,0.18803096,
729,3,3,0,0.4,0.1999999999999999,0.7521516,
737,3,3,0,0.1666666666666666,0.6666666666666667,0.027190147,
9,3,4,0,0.0,1.0,0.45758322,
12,3,4,0,0.4,0.1999999999999999,0.8999632,
17,3,4,0,0.4,0.1999999999999999,0.014810304,
20,3,4,0,0.25,0.5,6.301222e-05,
26,3,4,1,0.8,0.6000000000000001,0.6119822,
32,3,4,0,0.2,0.6,0.9954841,
33,3,4,0,0.4,0.1999999999999999,0.0039861617,
43,3,4,0,0.2,0.6,0.9997842,
46,3,4,0,0.4,0.1999999999999999,0.91999483,
51,3,4,0,0.25,0.5,0.9886389,
53,3,4,0,0.1666666666666666,0.6666666666666667,0.011980321,
68,3,4,0,0.0,1.0,0.17640606,
70,3,4,0,0.0,1.0,0.99279124,
76,3,4,0,0.25,0.5,0.0016723435,
88,3,4,1,0.5,0.0,0.0067077074,
102,3,4,0,0.0,1.0,5.6008746e-05,
104,3,4,0,0.1111111111111111,0.7777777777777778,0.9987962,
105,3,4,0,0.0,1.0,0.0014453658,
109,3,4,0,0.1111111111111111,0.7777777777777778,0.99883604,
111,3,4,0,0.1111111111111111,0.7777777777777778,0.968041,
113,3,4,0,0.1111111111111111,0.7777777777777778,0.9953072,
117,3,4,0,0.25,0.5,0.12307273,
118,3,4,0,0.0,1.0,0.9527763,
124,3,4,0,0.0,1.0,0.14302675,
128,3,4,0,0.1111111111111111,0.7777777777777778,0.04317617,
132,3,4,0,0.2222222222222222,0.5555555555555556,0.003918878,
139,3,4,0,0.0,1.0,0.94860154,
142,3,4,0,0.0,1.0,0.6554488,
143,3,4,1,0.5555555555555556,0.1111111111111111,0.99615276,
158,3,4,0,0.0,1.0,3.4567859e-06,
168,3,4,0,0.25,0.5,0.8420049,
171,3,4,0,0.25,0.5,0.003577511,
172,3,4,0,0.0,1.0,0.015610643,
175,3,4,0,0.0,1.0,0.0061872667,
176,3,4,0,0.0,1.0,0.12995031,
178,3,4,0,0.0,1.0,0.003377433,
179,3,4,0,0.25,0.5,0.892141,
185,3,4,0,0.25,0.5,0.000915489,
187,3,4,0,0.0,1.0,0.0148563525,
194,3,4,0,0.0,1.0,0.88620347,
200,3,4,0,0.2,0.6,0.97088903,
202,3,4,1,0.6,0.1999999999999999,0.0019494455,
206,3,4,1,0.5,0.0,0.107022755,
212,3,4,0,0.2,0.6,0.011938645,
222,3,4,0,0.2,0.6,0.35597432,
224,3,4,0,0.4,0.1999999999999999,0.99861646,
229,3,4,0,0.0,1.0,0.027650602,
232,3,4,0,0.25,0.5,0.06465528,
236,3,4,0,0.0,1.0,0.004310086,
240,3,4,0,0.2,0.6,0.13569942,
246,3,4,0,0.4,0.1999999999999999,0.558147,
254,3,4,0,0.25,0.5,0.77055967,
260,3,4,0,0.25,0.5,0.34236687,
274,3,4,1,0.5,0.0,0.99993455,
281,3,4,0,0.0,1.0,0.000663023,
286,3,4,0,0.2,0.6,0.00086180604,
287,3,4,0,0.25,0.5,0.05520451,
289,3,4,1,0.5,0.0,0.914393,
293,3,4,1,0.5,0.0,0.30818462,
303,3,4,0,0.0,1.0,0.015603771,
321,3,4,1,0.6,0.1999999999999999,0.10190526,
325,3,4,0,0.0,1.0,0.029057648,
327,3,4,0,0.0,1.0,0.99755454,
335,3,4,1,0.5,0.0,0.36415106,
336,3,4,0,0.4,0.1999999999999999,0.0076068845,
340,3,4,1,0.6,0.1999999999999999,0.08577869,
342,3,4,0,0.2,0.6,0.039512165,
343,3,4,1,0.8,0.6000000000000001,0.9997003,
353,3,4,0,0.0,1.0,0.98496675,
356,3,4,0,0.25,0.5,0.017487768,
359,3,4,0,0.25,0.5,0.99998194,
360,3,4,0,0.25,0.5,0.0506685,
361,3,4,0,0.0,1.0,7.316102e-05,
362,3,4,1,0.75,0.5,0.10132643,
365,3,4,0,0.25,0.5,0.99691564,
368,3,4,1,0.5,0.0,0.6788235,
369,3,4,0,0.0,1.0,0.001052632,
372,3,4,0,0.25,0.5,0.991392,
385,3,4,1,0.5,0.0,0.45375562,
397,3,4,1,0.75,0.5,0.999884,
399,3,4,0,0.25,0.5,0.9999976,
400,3,4,1,0.5,0.0,1.0,
401,3,4,0,0.2,0.6,0.97636294,
410,3,4,1,0.6,0.1999999999999999,0.9992986,
418,3,4,0,0.0,1.0,0.314035,
428,3,4,1,0.6,0.1999999999999999,0.06781455,
431,3,4,0,0.4,0.1999999999999999,0.04347372,
444,3,4,0,0.2,0.6,0.80036426,
449,3,4,0,0.4,0.1999999999999999,0.33897698,
450,3,4,0,0.2,0.6,0.0026498004,
460,3,4,0,0.0,1.0,0.0022225168,
465,3,4,1,0.5,0.0,0.9994947,
468,3,4,0,0.25,0.5,0.53169125,
470,3,4,0,0.0,1.0,0.9765036,
486,3,4,0,0.25,0.5,0.9999999,
495,3,4,0,0.0,1.0,0.9728285,
497,3,4,0,0.0,1.0,0.0070603946,
501,3,4,0,0.25,0.5,0.9990494,
504,3,4,1,0.75,0.5,0.8634707,
509,3,4,0,0.25,0.5,0.004606573,
510,3,4,1,0.5,0.0,0.87894297,
514,3,4,1,0.75,0.5,0.99555856,
517,3,4,0,0.25,0.5,0.9999547,
520,3,4,1,0.5,0.0,0.8981056,
527,3,4,0,0.25,0.5,0.99773645,
528,3,4,0,0.0,1.0,0.018647606,
533,3,4,0,0.0,1.0,0.43508416,
536,3,4,0,0.3333333333333333,0.3333333333333333,0.7834646,
538,3,4,0,0.0,1.0,0.9649878,
557,3,4,0,0.3333333333333333,0.3333333333333333,7.387766e-05,
559,3,4,1,0.6666666666666666,0.3333333333333332,0.368185,
563,3,4,0,0.0,1.0,0.67663556,
565,3,4,0,0.3333333333333333,0.3333333333333333,0.84688544,
566,3,4,0,0.1666666666666666,0.6666666666666667,0.31352523,
571,3,4,1,0.5,0.0,0.43010238,
572,3,4,1,0.8333333333333334,0.6666666666666667,0.0025984328,
574,3,4,0,0.3333333333333333,0.3333333333333333,0.14831193,
584,3,4,1,0.6666666666666666,0.3333333333333332,0.8233594,
587,3,4,1,0.8333333333333334,0.6666666666666667,0.6385421,
599,3,4,0,0.0,1.0,0.9684541,
602,3,4,0,0.25,0.5,0.58759296,
605,3,4,1,0.5,0.0,0.9999997,
608,3,4,0,0.0,1.0,0.86036235,
612,3,4,0,0.0,1.0,6.772741e-05,
616,3,4,1,0.75,0.5,0.9871372,
619,3,4,0,0.25,0.5,0.98448384,
620,3,4,1,0.75,0.5,0.8358581,
623,3,4,1,0.5,0.0,0.99994725,
628,3,4,0,0.0,1.0,0.009864485,
649,3,4,1,0.5,0.0,0.17054766,
656,3,4,1,0.6666666666666666,0.3333333333333332,0.61331904,
659,3,4,1,0.6666666666666666,0.3333333333333332,0.99908483,
661,3,4,1,0.8333333333333334,0.6666666666666667,0.99999964,
670,3,4,1,0.5,0.0,0.872823,
676,3,4,0,0.1666666666666666,0.6666666666666667,0.08324431,
684,3,4,0,0.0,1.0,0.9336423,
696,3,4,0,0.1666666666666666,0.6666666666666667,0.97592413,
700,3,4,1,0.5,0.0,0.99995905,
701,3,4,0,0.1666666666666666,0.6666666666666667,0.75626737,
711,3,4,1,0.6,0.1999999999999999,0.9901566,
712,3,4,0,0.1666666666666666,0.6666666666666667,0.020386346,
715,3,4,1,0.5,0.0,0.00090440956,
718,3,4,0,0.1666666666666666,0.6666666666666667,0.013783883,
724,3,4,0,0.2,0.6,0.63417464,
727,3,4,0,0.4,0.1999999999999999,0.81622714,
728,3,4,0,0.2,0.6,0.81399393,
731,3,4,0,0.0,1.0,0.069279104,
3,4,0,0,0.0,1.0,0.11697758,
8,4,0,0,0.0,1.0,0.0009224875,
10,4,0,0,0.0,1.0,0.02884455,
11,4,0,1,0.6,0.1999999999999999,0.18503642,
13,4,0,0,0.2,0.6,0.01770751,
18,4,0,1,0.6,0.1999999999999999,0.009130291,
24,4,0,0,0.0,1.0,0.0029230965,
25,4,0,0,0.2,0.6,0.30629575,
29,4,0,0,0.2,0.6,0.26806328,
30,4,0,0,0.2,0.6,0.11065122,
31,4,0,0,0.1666666666666666,0.6666666666666667,0.02239344,
34,4,0,0,0.1666666666666666,0.6666666666666667,0.0052051824,
36,4,0,0,0.2,0.6,1.8646624e-05,
44,4,0,0,0.0,1.0,0.0024401748,
46,4,0,0,0.4,0.1999999999999999,0.42182398,
47,4,0,0,0.25,0.5,0.02264268,
51,4,0,0,0.25,0.5,0.9912176,
52,4,0,0,0.25,0.5,0.3679343,
57,4,0,1,1.0,1.0,0.010133452,
60,4,0,0,0.0,1.0,0.72301877,
67,4,0,0,0.0,1.0,3.1431162e-05,
70,4,0,0,0.0,1.0,0.90466034,
83,4,0,0,0.25,0.5,0.1748118,
90,4,0,1,0.5,0.0,7.5625474e-05,
94,4,0,0,0.25,0.5,0.00093059975,
110,4,0,0,0.0,1.0,0.76465213,
111,4,0,0,0.1111111111111111,0.7777777777777778,0.9881898,
116,4,0,0,0.0,1.0,0.000971728,
121,4,0,0,0.1111111111111111,0.7777777777777778,0.011113476,
124,4,0,0,0.0,1.0,0.03716051,
128,4,0,0,0.1111111111111111,0.7777777777777778,0.06784051,
151,4,0,0,0.0,1.0,0.025207456,
159,4,0,0,0.0,1.0,0.30777806,
169,4,0,0,0.0,1.0,0.0136153065,
182,4,0,0,0.0,1.0,0.74571216,
185,4,0,0,0.25,0.5,0.00044798304,
189,4,0,1,0.5,0.0,0.47534212,
190,4,0,0,0.25,0.5,0.07911599,
191,4,0,0,0.0,1.0,0.89153564,
192,4,0,0,0.0,1.0,0.20481096,
198,4,0,0,0.0,1.0,0.5920425,
200,4,0,0,0.2,0.6,0.9988195,
205,4,0,0,0.2,0.6,0.00024112914,
213,4,0,0,0.4,0.1999999999999999,0.9487295,
226,4,0,0,0.0,1.0,0.04264202,
230,4,0,0,0.2,0.6,0.009435571,
233,4,0,0,0.0,1.0,0.0012534419,
234,4,0,0,0.25,0.5,0.0005886495,
236,4,0,0,0.0,1.0,0.0036507985,
240,4,0,0,0.2,0.6,0.0069590276,
241,4,0,1,0.6,0.1999999999999999,0.9908633,
242,4,0,1,0.6,0.1999999999999999,0.0008759585,
246,4,0,0,0.4,0.1999999999999999,0.069967836,
248,4,0,0,0.4,0.1999999999999999,0.050926592,
252,4,0,0,0.0,1.0,0.0037585243,
255,4,0,0,0.25,0.5,0.0008808749,
273,4,0,1,0.5,0.0,0.38285133,
274,4,0,1,0.5,0.0,0.99632376,
278,4,0,0,0.25,0.5,0.027336475,
288,4,0,1,0.75,0.5,0.0020173944,
311,4,0,0,0.4,0.1999999999999999,0.00801765,
315,4,0,1,0.8,0.6000000000000001,0.9454352,
319,4,0,0,0.2,0.6,0.10830282,
320,4,0,0,0.0,1.0,0.49494874,
321,4,0,1,0.6,0.1999999999999999,0.042648196,
323,4,0,0,0.0,1.0,0.020763645,
326,4,0,0,0.0,1.0,0.00020229146,
330,4,0,0,0.4,0.1999999999999999,0.84535956,
339,4,0,0,0.0,1.0,0.6139717,
346,4,0,1,0.6,0.1999999999999999,0.99995303,
359,4,0,0,0.25,0.5,0.9997646,
370,4,0,0,0.0,1.0,0.010722654,
372,4,0,0,0.25,0.5,0.4785899,
380,4,0,1,0.75,0.5,0.37399215,
381,4,0,1,0.75,0.5,0.29111642,
384,4,0,0,0.25,0.5,0.53939706,
395,4,0,1,0.5,0.0,0.666553,
411,4,0,0,0.2,0.6,0.99930614,
416,4,0,0,0.0,1.0,0.00046614377,
420,4,0,0,0.0,1.0,0.00014910265,
422,4,0,1,0.6,0.1999999999999999,0.10255372,
423,4,0,0,0.0,1.0,0.9675289,
434,4,0,0,0.0,1.0,0.024116414,
435,4,0,0,0.4,0.1999999999999999,0.99880016,
438,4,0,0,0.1666666666666666,0.6666666666666667,0.5174928,
443,4,0,0,0.0,1.0,0.0014336188,
452,4,0,0,0.25,0.5,0.48186854,
455,4,0,0,0.0,1.0,0.00025139216,
456,4,0,1,0.5,0.0,0.49611998,
468,4,0,0,0.25,0.5,0.15609723,
476,4,0,0,0.0,1.0,0.503138,
480,4,0,1,0.5,0.0,0.89632,
485,4,0,1,0.5,0.0,0.7339623,
489,4,0,0,0.0,1.0,0.9982827,
492,4,0,0,0.3333333333333333,0.3333333333333333,0.00026466898,
505,4,0,1,0.5,0.0,0.99065804,
506,4,0,1,0.75,0.5,0.9994049,
507,4,0,1,1.0,1.0,0.98208606,
510,4,0,1,0.5,0.0,0.64745826,
512,4,0,1,1.0,1.0,0.99908054,
515,4,0,0,0.25,0.5,0.08036999,
517,4,0,0,0.25,0.5,0.9777165,
522,4,0,0,0.25,0.5,0.45650584,
523,4,0,0,0.25,0.5,0.9099129,
534,4,0,1,0.75,0.5,0.006153347,
536,4,0,0,0.3333333333333333,0.3333333333333333,0.8121643,
542,4,0,0,0.25,0.5,0.42828512,
543,4,0,1,0.5,0.0,0.99995995,
553,4,0,0,0.0,1.0,0.9388732,
555,4,0,0,0.3333333333333333,0.3333333333333333,0.9937204,
566,4,0,0,0.1666666666666666,0.6666666666666667,0.8262758,
570,4,0,1,0.6666666666666666,0.3333333333333332,0.1593656,
572,4,0,1,0.8333333333333334,0.6666666666666667,0.0011219924,
578,4,0,1,0.5,0.0,0.9143467,
579,4,0,0,0.3333333333333333,0.3333333333333333,0.9985421,
586,4,0,1,0.6666666666666666,0.3333333333333332,0.23310058,
591,4,0,1,0.5,0.0,0.002289708,
598,4,0,0,0.3333333333333333,0.3333333333333333,0.9419857,
604,4,0,1,0.75,0.5,0.88404787,
613,4,0,0,0.0,1.0,0.38806647,
618,4,0,0,0.0,1.0,0.99840546,
623,4,0,1,0.5,0.0,0.9926007,
625,4,0,0,0.0,1.0,0.66251713,
635,4,0,1,0.5,0.0,0.9996741,
637,4,0,1,0.5,0.0,0.42483807,
639,4,0,0,0.0,1.0,0.00040776512,
640,4,0,1,0.75,0.5,0.99975896,
641,4,0,0,0.0,1.0,0.0042845015,
648,4,0,1,0.5,0.0,0.019986315,
661,4,0,1,0.8333333333333334,0.6666666666666667,0.9999866,
662,4,0,0,0.0,1.0,0.116808355,
663,4,0,0,0.3333333333333333,0.3333333333333333,0.9885287,
667,4,0,0,0.3333333333333333,0.3333333333333333,0.95551014,
673,4,0,0,0.3333333333333333,0.3333333333333333,7.134428e-05,
679,4,0,0,0.4,0.1999999999999999,0.003888941,
683,4,0,1,0.8333333333333334,0.6666666666666667,0.998033,
685,4,0,0,0.0,1.0,0.0664585,
686,4,0,0,0.0,1.0,0.9995805,
689,4,0,0,0.0,1.0,0.009677949,
699,4,0,0,0.1666666666666666,0.6666666666666667,0.9999371,
702,4,0,0,0.1666666666666666,0.6666666666666667,0.34733534,
703,4,0,0,0.0,1.0,0.30413234,
705,4,0,1,0.5,0.0,0.00028671854,
727,4,0,0,0.4,0.1999999999999999,0.25037423,
732,4,0,0,0.0,1.0,0.34242076,
740,4,0,0,0.1666666666666666,0.6666666666666667,0.0032383366,
742,4,0,1,0.5,0.0,0.9910446,
1,4,1,0,0.3333333333333333,0.3333333333333333,0.021236155,
21,4,1,0,0.2,0.6,0.05666904,
28,4,1,0,0.2,0.6,0.020812012,
38,4,1,0,0.0,1.0,0.9646337,
41,4,1,0,0.2,0.6,0.07732567,
43,4,1,0,0.2,0.6,0.76812345,
45,4,1,0,0.0,1.0,0.84334856,
54,4,1,0,0.25,0.5,0.22580248,
59,4,1,0,0.25,0.5,3.498941e-05,
61,4,1,0,0.2,0.6,0.0013149763,
65,4,1,0,0.25,0.5,1.2137196e-05,
66,4,1,0,0.0,1.0,0.4745065,
72,4,1,0,0.25,0.5,0.027657256,
81,4,1,0,0.0,1.0,0.04142754,
87,4,1,0,0.0,1.0,0.041223593,
91,4,1,0,0.25,0.5,0.00021330285,
93,4,1,0,0.0,1.0,0.09685477,
95,4,1,0,0.25,0.5,0.01352565,
102,4,1,0,0.0,1.0,2.6219068e-05,
107,4,1,0,0.1111111111111111,0.7777777777777778,0.0077592623,
118,4,1,0,0.0,1.0,0.7629991,
127,4,1,1,0.6666666666666666,0.3333333333333332,0.31116998,
129,4,1,0,0.2,0.6,0.0070992955,
131,4,1,0,0.0,1.0,3.024663e-06,
139,4,1,0,0.0,1.0,0.0023797064,
140,4,1,0,0.2222222222222222,0.5555555555555556,0.051763467,
143,4,1,1,0.5555555555555556,0.1111111111111111,0.5995978,
145,4,1,0,0.4444444444444444,0.1111111111111111,3.837076e-05,
156,4,1,0,0.25,0.5,0.015784144,
171,4,1,0,0.25,0.5,0.008700158,
172,4,1,0,0.0,1.0,0.0006899575,
173,4,1,0,0.25,0.5,0.00036117402,
179,4,1,0,0.25,0.5,0.33212614,
183,4,1,0,0.0,1.0,1.4254481e-05,
187,4,1,0,0.0,1.0,0.013502395,
188,4,1,0,0.0,1.0,0.034100544,
194,4,1,0,0.0,1.0,0.8303733,
195,4,1,0,0.0,1.0,0.00388449,
203,4,1,0,0.2,0.6,0.0052988026,
204,4,1,0,0.4,0.1999999999999999,0.02841006,
206,4,1,1,0.5,0.0,0.033864606,
211,4,1,1,0.6,0.1999999999999999,0.9998132,
214,4,1,0,0.2,0.6,2.6752974e-05,
215,4,1,0,0.2,0.6,0.0017393776,
217,4,1,0,0.0,1.0,0.0022220658,
219,4,1,0,0.0,1.0,0.0004149083,
220,4,1,0,0.4,0.1999999999999999,0.00025354457,
221,4,1,1,0.8,0.6000000000000001,0.00063505315,
231,4,1,1,0.5,0.0,0.1400885,
237,4,1,0,0.4,0.1999999999999999,5.8744954e-05,
244,4,1,1,0.6,0.1999999999999999,0.7365715,
247,4,1,0,0.2,0.6,0.00010130988,
249,4,1,1,0.6,0.1999999999999999,0.003717841,
259,4,1,0,0.0,1.0,0.0124675445,
272,4,1,1,0.5,0.0,0.60479903,
277,4,1,1,0.5,0.0,0.029180445,
295,4,1,0,0.0,1.0,2.8228647e-05,
310,4,1,0,0.2,0.6,0.0019994273,
313,4,1,0,0.0,1.0,0.017379073,
322,4,1,1,0.6,0.1999999999999999,0.02748167,
327,4,1,0,0.0,1.0,0.88785934,
329,4,1,0,0.0,1.0,0.057085756,
342,4,1,0,0.2,0.6,0.15106943,
345,4,1,0,0.0,1.0,0.00012465335,
348,4,1,0,0.4,0.1999999999999999,0.9998169,
349,4,1,0,0.0,1.0,8.239814e-07,
351,4,1,0,0.0,1.0,0.6048576,
352,4,1,0,0.25,0.5,0.009139455,
354,4,1,0,0.25,0.5,0.9946426,
367,4,1,0,0.25,0.5,0.94056535,
374,4,1,1,0.5,0.0,0.9967736,
376,4,1,1,0.5,0.0,0.9985311,
377,4,1,0,0.25,0.5,0.71808577,
379,4,1,1,0.75,0.5,0.99542093,
387,4,1,0,0.0,1.0,0.0010323658,
389,4,1,0,0.25,0.5,0.999955,
391,4,1,0,0.0,1.0,1.661109e-05,
392,4,1,1,0.5,0.0,0.9374662,
398,4,1,0,0.25,0.5,0.8947185,
402,4,1,1,0.6,0.1999999999999999,0.032372147,
404,4,1,1,0.6,0.1999999999999999,0.8620053,
405,4,1,0,0.0,1.0,0.91796124,
406,4,1,1,0.6,0.1999999999999999,0.78509235,
407,4,1,0,0.2,0.6,0.35007024,
424,4,1,1,0.6,0.1999999999999999,0.40922767,
426,4,1,1,0.8,0.6000000000000001,0.6065862,
436,4,1,0,0.4,0.1999999999999999,0.3374185,
440,4,1,0,0.0,1.0,0.9999729,
441,4,1,0,0.2,0.6,0.6272996,
449,4,1,0,0.4,0.1999999999999999,0.00076692563,
450,4,1,0,0.2,0.6,0.002812061,
453,4,1,0,0.25,0.5,0.034459136,
457,4,1,1,0.5,0.0,0.99534917,
460,4,1,0,0.0,1.0,0.0026370194,
463,4,1,0,0.25,0.5,0.98088163,
464,4,1,0,0.0,1.0,0.9982276,
465,4,1,1,0.5,0.0,0.9974664,
466,4,1,1,0.5,0.0,0.99928236,
472,4,1,0,0.25,0.5,0.0095838085,
473,4,1,0,0.25,0.5,0.6876498,
474,4,1,0,0.0,1.0,0.0014161083,
494,4,1,1,0.8,0.6000000000000001,0.87102425,
519,4,1,0,0.0,1.0,0.9145348,
520,4,1,1,0.5,0.0,0.4610163,
528,4,1,0,0.0,1.0,0.054559454,
533,4,1,0,0.0,1.0,0.16911991,
535,4,1,0,0.25,0.5,0.9919116,
537,4,1,0,0.25,0.5,0.88649195,
539,4,1,0,0.25,0.5,0.36041167,
540,4,1,0,0.25,0.5,0.99974644,
547,4,1,1,0.5,0.0,0.8197764,
548,4,1,1,0.5,0.0,0.92212915,
558,4,1,1,0.5,0.0,0.9848831,
560,4,1,0,0.1666666666666666,0.6666666666666667,0.16541608,
568,4,1,1,1.0,1.0,0.88163483,
571,4,1,1,0.5,0.0,0.018195149,
577,4,1,0,0.1666666666666666,0.6666666666666667,0.4506414,
592,4,1,1,0.6,0.1999999999999999,0.7058618,
608,4,1,0,0.0,1.0,0.81245065,
610,4,1,0,0.25,0.5,0.7324924,
617,4,1,1,0.5,0.0,0.9885782,
620,4,1,1,0.75,0.5,0.46551973,
621,4,1,1,0.5,0.0,0.8233756,
629,4,1,1,0.5,0.0,0.998203,
632,4,1,1,0.5,0.0,0.7398212,
636,4,1,0,0.0,1.0,0.868243,
647,4,1,1,0.5,0.0,0.9964123,
649,4,1,1,0.5,0.0,0.0041957786,
656,4,1,1,0.6666666666666666,0.3333333333333332,0.08486121,
669,4,1,0,0.3333333333333333,0.3333333333333333,0.7690854,
680,4,1,0,0.0,1.0,2.3911598e-05,
681,4,1,0,0.1666666666666666,0.6666666666666667,0.93729115,
682,4,1,0,0.1666666666666666,0.6666666666666667,0.06283212,
690,4,1,0,0.0,1.0,0.9995135,
692,4,1,0,0.0,1.0,0.006506685,
694,4,1,0,0.3333333333333333,0.3333333333333333,0.8517448,
695,4,1,0,0.3333333333333333,0.3333333333333333,0.7224732,
698,4,1,1,0.5,0.0,0.9950587,
701,4,1,0,0.1666666666666666,0.6666666666666667,0.78280824,
715,4,1,1,0.5,0.0,0.005044288,
716,4,1,1,0.6666666666666666,0.3333333333333332,0.0015468495,
718,4,1,0,0.1666666666666666,0.6666666666666667,0.0058490555,
721,4,1,0,0.3333333333333333,0.3333333333333333,0.019548336,
724,4,1,0,0.2,0.6,0.08936727,
728,4,1,0,0.2,0.6,0.35820228,
733,4,1,0,0.1666666666666666,0.6666666666666667,0.0022681195,
739,4,1,0,0.3333333333333333,0.3333333333333333,0.0031755548,
6,4,2,0,0.2,0.6,0.19720417,
7,4,2,1,0.6,0.1999999999999999,0.98371196,
26,4,2,1,0.8,0.6000000000000001,0.4133588,
37,4,2,0,0.2,0.6,0.0037263168,
39,4,2,0,0.0,1.0,0.00049010915,
42,4,2,0,0.0,1.0,0.1646935,
48,4,2,1,0.6,0.1999999999999999,0.10401683,
49,4,2,0,0.3333333333333333,0.3333333333333333,6.916872e-05,
56,4,2,0,0.25,0.5,0.0020180242,
58,4,2,0,0.25,0.5,0.31988785,
64,4,2,0,0.3333333333333333,0.3333333333333333,0.00030235643,
71,4,2,0,0.0,1.0,0.0037463238,
76,4,2,0,0.25,0.5,0.014573392,
78,4,2,0,0.0,1.0,0.0089250645,
82,4,2,0,0.25,0.5,0.017420871,
88,4,2,1,0.5,0.0,5.1234556e-06,
92,4,2,0,0.0,1.0,0.12155231,
96,4,2,0,0.0,1.0,0.06641852,
100,4,2,0,0.25,0.5,0.8561324,
101,4,2,0,0.3333333333333333,0.3333333333333333,0.35744604,
103,4,2,0,0.1111111111111111,0.7777777777777778,0.08542006,
105,4,2,0,0.0,1.0,8.280841e-05,
108,4,2,0,0.25,0.5,0.8557217,
109,4,2,0,0.1111111111111111,0.7777777777777778,0.99605083,
112,4,2,0,0.125,0.75,0.0002296772,
115,4,2,0,0.0,1.0,0.006599728,
125,4,2,0,0.125,0.75,0.045926847,
136,4,2,0,0.3333333333333333,0.3333333333333333,0.9818972,
137,4,2,1,0.6666666666666666,0.3333333333333332,0.0043211463,
138,4,2,1,0.5555555555555556,0.1111111111111111,0.14268407,
158,4,2,0,0.0,1.0,1.844043e-05,
160,4,2,0,0.1666666666666666,0.6666666666666667,0.8633597,
162,4,2,0,0.2,0.6,0.0077013765,
165,4,2,0,0.0,1.0,0.306884,
167,4,2,0,0.0,1.0,0.13908061,
170,4,2,0,0.1666666666666666,0.6666666666666667,0.0022107684,
201,4,2,0,0.25,0.5,0.0018866536,
209,4,2,0,0.2,0.6,0.00262709,
212,4,2,0,0.2,0.6,0.026694778,
216,4,2,0,0.0,1.0,0.98242235,
222,4,2,0,0.2,0.6,0.8251847,
224,4,2,0,0.4,0.1999999999999999,0.3396744,
228,4,2,0,0.2,0.6,0.60102606,
238,4,2,0,0.25,0.5,3.92521e-05,
243,4,2,0,0.0,1.0,8.898751e-05,
245,4,2,0,0.0,1.0,0.042978276,
250,4,2,0,0.4,0.1999999999999999,0.97600275,
251,4,2,0,0.25,0.5,0.0065541207,
260,4,2,0,0.25,0.5,0.95753384,
261,4,2,0,0.25,0.5,0.4620333,
262,4,2,1,0.5,0.0,0.26993182,
266,4,2,0,0.25,0.5,0.009584188,
271,4,2,0,0.0,1.0,0.88136905,
275,4,2,1,0.5,0.0,0.02125887,
279,4,2,0,0.2,0.6,1.7351227e-05,
280,4,2,0,0.25,0.5,0.015802173,
281,4,2,0,0.0,1.0,3.6667494e-05,
282,4,2,0,0.25,0.5,0.002793196,
290,4,2,0,0.0,1.0,0.01850284,
293,4,2,1,0.5,0.0,0.7045636,
294,4,2,0,0.0,1.0,0.4919887,
302,4,2,0,0.0,1.0,0.0020599982,
303,4,2,0,0.0,1.0,0.06493889,
304,4,2,1,0.8,0.6000000000000001,0.997797,
306,4,2,0,0.0,1.0,0.037281986,
331,4,2,0,0.0,1.0,0.84541893,
334,4,2,0,0.4,0.1999999999999999,0.024170134,
337,4,2,0,0.0,1.0,0.9563631,
338,4,2,0,0.4,0.1999999999999999,0.4642001,
341,4,2,1,0.6,0.1999999999999999,0.5320319,
350,4,2,0,0.0,1.0,0.025033642,
353,4,2,0,0.0,1.0,0.83299166,
362,4,2,1,0.75,0.5,0.020505354,
364,4,2,1,0.5,0.0,0.14074537,
371,4,2,0,0.25,0.5,0.9936224,
382,4,2,1,0.5,0.0,0.0082648825,
388,4,2,1,0.5,0.0,0.8460767,
390,4,2,1,0.75,0.5,0.0051739574,
393,4,2,0,0.25,0.5,0.0007459123,
396,4,2,1,0.75,0.5,0.99976003,
400,4,2,1,0.5,0.0,0.9999995,
403,4,2,0,0.0,1.0,0.013934182,
410,4,2,1,0.6,0.1999999999999999,0.9897358,
415,4,2,0,0.0,1.0,0.9571626,
417,4,2,0,0.2,0.6,0.68433523,
419,4,2,0,0.4,0.1999999999999999,0.9950111,
425,4,2,0,0.0,1.0,0.061256908,
428,4,2,1,0.6,0.1999999999999999,0.0011199657,
439,4,2,0,0.2,0.6,0.73452306,
447,4,2,0,0.0,1.0,0.0035451143,
448,4,2,0,0.0,1.0,0.07068122,
458,4,2,0,0.0,1.0,0.99998766,
459,4,2,0,0.25,0.5,0.86987317,
470,4,2,0,0.0,1.0,0.99935555,
477,4,2,0,0.0,1.0,0.077925004,
479,4,2,0,0.0,1.0,0.03910865,
486,4,2,0,0.25,0.5,0.9999772,
495,4,2,0,0.0,1.0,0.9643576,
496,4,2,1,0.75,0.5,0.9045153,
511,4,2,1,0.5,0.0,0.8943008,
516,4,2,0,0.0,1.0,0.9979025,
530,4,2,1,0.5,0.0,0.12944466,
550,4,2,0,0.0,1.0,0.043649927,
551,4,2,1,0.6666666666666666,0.3333333333333332,0.99661404,
552,4,2,1,0.6666666666666666,0.3333333333333332,0.6425357,
557,4,2,0,0.3333333333333333,0.3333333333333333,0.00015483637,
561,4,2,1,0.5,0.0,0.074053764,
562,4,2,0,0.3333333333333333,0.3333333333333333,0.99997026,
563,4,2,0,0.0,1.0,0.12028332,
565,4,2,0,0.3333333333333333,0.3333333333333333,0.8416155,
581,4,2,0,0.3333333333333333,0.3333333333333333,0.97476864,
582,4,2,1,0.5,0.0,0.83628327,
583,4,2,1,0.5,0.0,0.99924505,
584,4,2,1,0.6666666666666666,0.3333333333333332,0.8858748,
597,4,2,0,0.0,1.0,0.00032148403,
600,4,2,0,0.1666666666666666,0.6666666666666667,0.9853629,
601,4,2,0,0.0,1.0,0.0058972742,
602,4,2,0,0.25,0.5,0.4056999,
606,4,2,0,0.25,0.5,0.34401816,
609,4,2,0,0.25,0.5,0.9939838,
614,4,2,1,0.75,0.5,0.99562883,
619,4,2,0,0.25,0.5,0.8750258,
624,4,2,0,0.25,0.5,0.4508719,
628,4,2,0,0.0,1.0,0.008608562,
630,4,2,1,0.5,0.0,0.25941634,
633,4,2,1,0.5,0.0,0.9581075,
634,4,2,0,0.25,0.5,0.86996627,
642,4,2,1,0.75,0.5,0.99985445,
644,4,2,0,0.25,0.5,0.029063428,
646,4,2,0,0.0,1.0,0.00018398579,
651,4,2,0,0.3333333333333333,0.3333333333333333,0.9536265,
654,4,2,0,0.1666666666666666,0.6666666666666667,0.30367818,
655,4,2,1,0.6666666666666666,0.3333333333333332,0.9979506,
657,4,2,1,0.5,0.0,0.0132822925,
658,4,2,0,0.1666666666666666,0.6666666666666667,0.9893248,
659,4,2,1,0.6666666666666666,0.3333333333333332,0.99975824,
670,4,2,1,0.5,0.0,0.09572402,
697,4,2,1,0.5,0.0,0.46360934,
707,4,2,1,0.5,0.0,0.009577159,
708,4,2,0,0.0,1.0,0.83372533,
712,4,2,0,0.1666666666666666,0.6666666666666667,0.15348399,
713,4,2,1,0.6,0.1999999999999999,0.039517052,
720,4,2,0,0.0,1.0,6.157087e-05,
723,4,2,0,0.1666666666666666,0.6666666666666667,0.37575865,
734,4,2,0,0.0,1.0,0.008135729,
738,4,2,0,0.3333333333333333,0.3333333333333333,0.057126448,
741,4,2,0,0.2,0.6,0.548373,
4,4,3,1,0.6,0.1999999999999999,0.030432057,
12,4,3,0,0.4,0.1999999999999999,0.2107412,
14,4,3,0,0.2,0.6,0.0027575896,
15,4,3,0,0.4,0.1999999999999999,0.9487728,
17,4,3,0,0.4,0.1999999999999999,0.035908796,
22,4,3,0,0.2,0.6,0.6298561,
27,4,3,0,0.2,0.6,0.0036495212,
33,4,3,0,0.4,0.1999999999999999,0.00048175792,
35,4,3,1,0.5,0.0,0.00435399,
50,4,3,1,0.8,0.6000000000000001,0.5898061,
53,4,3,0,0.1666666666666666,0.6666666666666667,0.0001600112,
55,4,3,0,0.0,1.0,0.73045236,
62,4,3,0,0.25,0.5,2.580205e-05,
68,4,3,0,0.0,1.0,0.0031308467,
75,4,3,0,0.0,1.0,0.0009852212,
77,4,3,0,0.25,0.5,0.014377218,
79,4,3,0,0.25,0.5,0.00068351196,
84,4,3,0,0.3333333333333333,0.3333333333333333,0.8070131,
97,4,3,0,0.25,0.5,0.0005255522,
98,4,3,0,0.3333333333333333,0.3333333333333333,0.0562969,
99,4,3,0,0.0,1.0,6.364702e-06,
104,4,3,0,0.1111111111111111,0.7777777777777778,0.24022125,
106,4,3,1,1.0,1.0,0.0023751582,
114,4,3,0,0.1111111111111111,0.7777777777777778,0.827255,
119,4,3,0,0.1111111111111111,0.7777777777777778,0.740536,
120,4,3,0,0.0,1.0,0.18586576,
122,4,3,0,0.0,1.0,0.22531602,
126,4,3,0,0.2222222222222222,0.5555555555555556,0.98508066,
132,4,3,0,0.2222222222222222,0.5555555555555556,0.0011038723,
134,4,3,0,0.1111111111111111,0.7777777777777778,0.00024157294,
135,4,3,0,0.1666666666666666,0.6666666666666667,9.206656e-05,
147,4,3,0,0.0,1.0,0.0053376397,
148,4,3,0,0.1111111111111111,0.7777777777777778,0.00090319436,
153,4,3,0,0.0,1.0,0.0013693376,
157,4,3,0,0.25,0.5,0.016200382,
163,4,3,0,0.25,0.5,0.97000396,
166,4,3,0,0.25,0.5,0.026120914,
168,4,3,0,0.25,0.5,0.0023568808,
174,4,3,1,0.5,0.0,0.059446152,
176,4,3,0,0.0,1.0,0.016462948,
177,4,3,0,0.0,1.0,0.047506556,
178,4,3,0,0.0,1.0,0.0010300911,
180,4,3,0,0.0,1.0,0.0034126523,
181,4,3,1,0.5,0.0,0.008611372,
184,4,3,0,0.0,1.0,6.273359e-05,
197,4,3,0,0.0,1.0,0.00052116276,
207,4,3,0,0.2,0.6,0.0005261883,
227,4,3,1,1.0,1.0,0.0773274,
229,4,3,0,0.0,1.0,0.005558042,
235,4,3,0,0.0,1.0,0.00030466606,
239,4,3,1,0.6,0.1999999999999999,0.00066024216,
253,4,3,0,0.0,1.0,0.45980465,
254,4,3,0,0.25,0.5,0.002154223,
258,4,3,0,0.0,1.0,0.05924388,
267,4,3,0,0.0,1.0,6.2809676e-07,
269,4,3,1,0.5,0.0,0.0045319423,
286,4,3,0,0.2,0.6,1.490796e-05,
287,4,3,0,0.25,0.5,0.0099655725,
291,4,3,0,0.0,1.0,0.012587128,
296,4,3,0,0.0,1.0,0.00010577981,
299,4,3,1,0.8,0.6000000000000001,0.0024560306,
307,4,3,0,0.4,0.1999999999999999,0.009071159,
314,4,3,0,0.0,1.0,0.9293404,
316,4,3,0,0.4,0.1999999999999999,0.97802997,
325,4,3,0,0.0,1.0,0.003812849,
336,4,3,0,0.4,0.1999999999999999,0.1744262,
343,4,3,1,0.8,0.6000000000000001,0.5397028,
355,4,3,0,0.25,0.5,0.005720976,
356,4,3,0,0.25,0.5,0.037542474,
357,4,3,1,0.5,0.0,0.0023607572,
361,4,3,0,0.0,1.0,3.100684e-05,
363,4,3,0,0.0,1.0,0.040763326,
366,4,3,0,0.0,1.0,0.7786385,
368,4,3,1,0.5,0.0,0.1685727,
375,4,3,1,0.5,0.0,0.80544144,
386,4,3,0,0.25,0.5,0.4585713,
394,4,3,1,0.5,0.0,0.99029094,
408,4,3,0,0.4,0.1999999999999999,0.47390673,
409,4,3,0,0.4,0.1999999999999999,0.95025015,
412,4,3,1,1.0,1.0,0.61722666,
414,4,3,1,0.6,0.1999999999999999,0.9786813,
418,4,3,0,0.0,1.0,0.0012273458,
429,4,3,0,0.0,1.0,0.0010174487,
437,4,3,1,0.6,0.1999999999999999,0.0043752543,
442,4,3,1,0.8,0.6000000000000001,0.9954691,
445,4,3,0,0.0,1.0,0.024688013,
446,4,3,0,0.2,0.6,0.7873355,
462,4,3,1,0.5,0.0,0.9999998,
471,4,3,0,0.0,1.0,0.7976452,
478,4,3,0,0.0,1.0,0.0003469952,
481,4,3,0,0.0,1.0,0.5611683,
482,4,3,0,0.0,1.0,7.776178e-06,
483,4,3,0,0.25,0.5,0.3588211,
484,4,3,0,0.25,0.5,0.0333452,
488,4,3,1,0.5,0.0,0.99848676,
490,4,3,0,0.25,0.5,0.003935973,
493,4,3,0,0.0,1.0,0.9997299,
497,4,3,0,0.0,1.0,0.014949628,
498,4,3,0,0.0,1.0,1.3293335e-05,
500,4,3,0,0.25,0.5,0.0010681157,
501,4,3,0,0.25,0.5,0.9471345,
504,4,3,1,0.75,0.5,0.21151216,
509,4,3,0,0.25,0.5,0.015740458,
518,4,3,0,0.25,0.5,0.6146494,
521,4,3,1,0.75,0.5,0.93949556,
526,4,3,0,0.0,1.0,0.2983415,
527,4,3,0,0.25,0.5,0.998956,
538,4,3,0,0.0,1.0,0.56216717,
541,4,3,1,0.5,0.0,0.05838117,
544,4,3,1,0.5,0.0,0.9992406,
549,4,3,0,0.0,1.0,0.16079259,
554,4,3,1,0.5,0.0,0.9999709,
564,4,3,1,0.5,0.0,0.999574,
567,4,3,0,0.3333333333333333,0.3333333333333333,0.7158255,
569,4,3,0,0.1666666666666666,0.6666666666666667,0.9720651,
573,4,3,0,0.3333333333333333,0.3333333333333333,0.96431214,
574,4,3,0,0.3333333333333333,0.3333333333333333,0.0053823385,
575,4,3,1,0.5,0.0,0.8490212,
585,4,3,1,0.5,0.0,0.8699324,
587,4,3,1,0.8333333333333334,0.6666666666666667,0.0074613336,
588,4,3,0,0.1666666666666666,0.6666666666666667,0.023417355,
589,4,3,0,0.3333333333333333,0.3333333333333333,0.0124911815,
594,4,3,0,0.0,1.0,0.76249564,
596,4,3,1,0.5,0.0,0.04227254,
605,4,3,1,0.5,0.0,0.99977446,
615,4,3,1,0.75,0.5,0.9937685,
622,4,3,1,0.75,0.5,0.98719954,
626,4,3,1,0.5,0.0,6.129559e-05,
638,4,3,0,0.25,0.5,0.98175776,
643,4,3,1,0.5,0.0,0.021310853,
652,4,3,0,0.0,1.0,9.4703384e-05,
653,4,3,1,0.5,0.0,0.9646232,
664,4,3,1,0.6666666666666666,0.3333333333333332,0.98542476,
672,4,3,0,0.0,1.0,0.0020257211,
674,4,3,0,0.3333333333333333,0.3333333333333333,0.5749159,
675,4,3,0,0.3333333333333333,0.3333333333333333,0.0009115796,
676,4,3,0,0.1666666666666666,0.6666666666666667,0.08481028,
693,4,3,1,0.5,0.0,0.7990315,
704,4,3,0,0.3333333333333333,0.3333333333333333,0.0025294302,
709,4,3,0,0.3333333333333333,0.3333333333333333,0.032922484,
710,4,3,0,0.0,1.0,3.3057595e-06,
714,4,3,0,0.3333333333333333,0.3333333333333333,0.022558846,
717,4,3,1,0.5,0.0,0.305206,
719,4,3,0,0.1666666666666666,0.6666666666666667,0.47695306,
722,4,3,0,0.2,0.6,0.001793424,
735,4,3,0,0.0,1.0,7.312585e-07,
737,4,3,0,0.1666666666666666,0.6666666666666667,0.017536018,
2,4,4,0,0.4,0.1999999999999999,2.0448524e-06,
5,4,4,0,0.2,0.6,0.00035076585,
9,4,4,0,0.0,1.0,0.00014216524,
16,4,4,1,0.6,0.1999999999999999,0.000880418,
20,4,4,0,0.25,0.5,3.5440826e-05,
32,4,4,0,0.2,0.6,0.5017538,
40,4,4,0,0.2,0.6,0.23994699,
63,4,4,0,0.0,1.0,0.34011847,
69,4,4,0,0.0,1.0,0.3236889,
73,4,4,0,0.0,1.0,3.7896432e-05,
74,4,4,0,0.0,1.0,0.17596023,
80,4,4,0,0.0,1.0,0.37794128,
85,4,4,0,0.25,0.5,0.13624941,
86,4,4,0,0.0,1.0,0.07767787,
89,4,4,0,0.25,0.5,0.09927424,
113,4,4,0,0.1111111111111111,0.7777777777777778,0.6440542,
117,4,4,0,0.25,0.5,0.0027946387,
123,4,4,0,0.0,1.0,6.788516e-05,
130,4,4,0,0.1111111111111111,0.7777777777777778,1.7629534e-05,
133,4,4,1,0.8888888888888888,0.7777777777777777,0.0004690973,
141,4,4,0,0.0,1.0,0.044333026,
142,4,4,0,0.0,1.0,0.059480425,
144,4,4,0,0.0,1.0,0.010987241,
146,4,4,1,0.8888888888888888,0.7777777777777777,0.00011136269,
149,4,4,0,0.3333333333333333,0.3333333333333333,0.008161772,
150,4,4,0,0.0,1.0,0.030503206,
152,4,4,0,0.0,1.0,0.00014136627,
154,4,4,0,0.25,0.5,0.0088168755,
155,4,4,0,0.25,0.5,0.6350556,
161,4,4,0,0.0,1.0,0.99828804,
164,4,4,0,0.0,1.0,0.0030561772,
175,4,4,0,0.0,1.0,0.016179644,
186,4,4,0,0.0,1.0,0.03859448,
193,4,4,0,0.25,0.5,0.8047619,
196,4,4,1,0.5,0.0,0.05220687,
199,4,4,0,0.25,0.5,0.00012255847,
202,4,4,1,0.6,0.1999999999999999,6.532094e-05,
208,4,4,0,0.0,1.0,3.495786e-05,
210,4,4,0,0.4,0.1999999999999999,0.9999819,
223,4,4,0,0.2,0.6,4.108577e-05,
225,4,4,0,0.2,0.6,8.1904426e-07,
232,4,4,0,0.25,0.5,0.11345653,
257,4,4,0,0.25,0.5,0.41768664,
263,4,4,0,0.2,0.6,0.0003492421,
264,4,4,0,0.25,0.5,0.003886599,
265,4,4,1,0.5,0.0,0.08898564,
268,4,4,1,0.5,0.0,0.004182431,
270,4,4,0,0.0,1.0,0.83987683,
276,4,4,0,0.2,0.6,0.9942524,
283,4,4,0,0.25,0.5,0.016228994,
284,4,4,1,0.5,0.0,0.00492924,
285,4,4,0,0.4,0.1999999999999999,0.71269053,
289,4,4,1,0.5,0.0,0.33050558,
292,4,4,0,0.25,0.5,0.9977237,
297,4,4,0,0.0,1.0,0.021300215,
298,4,4,0,0.25,0.5,0.015357671,
300,4,4,0,0.0,1.0,0.021486364,
308,4,4,0,0.4,0.1999999999999999,0.8093293,
309,4,4,1,0.8,0.6000000000000001,0.02033391,
312,4,4,0,0.0,1.0,0.113597274,
317,4,4,0,0.4,0.1999999999999999,0.010047889,
318,4,4,0,0.4,0.1999999999999999,0.15220252,
324,4,4,0,0.2,0.6,0.9990597,
328,4,4,1,0.6,0.1999999999999999,1.8103729e-05,
332,4,4,0,0.0,1.0,0.23961928,
333,4,4,0,0.0,1.0,0.0035008588,
335,4,4,1,0.5,0.0,0.22936386,
340,4,4,1,0.6,0.1999999999999999,0.004267865,
344,4,4,0,0.2,0.6,0.00030662867,
347,4,4,0,0.4,0.1999999999999999,0.93195975,
358,4,4,0,0.25,0.5,0.94224834,
360,4,4,0,0.25,0.5,0.006263047,
365,4,4,0,0.25,0.5,0.9647763,
369,4,4,0,0.0,1.0,9.679101e-07,
373,4,4,0,0.0,1.0,0.36247748,
378,4,4,1,0.5,0.0,0.013136938,
383,4,4,0,0.0,1.0,0.0009414172,
385,4,4,1,0.5,0.0,0.279798,
397,4,4,1,0.75,0.5,0.9997084,
399,4,4,0,0.25,0.5,0.9998003,
401,4,4,0,0.2,0.6,0.9029107,
413,4,4,0,0.0,1.0,0.05565986,
421,4,4,0,0.2,0.6,0.0050313883,
427,4,4,1,0.6,0.1999999999999999,0.99537945,
430,4,4,1,0.6,0.1999999999999999,0.02778624,
431,4,4,0,0.4,0.1999999999999999,0.63304675,
432,4,4,0,0.2,0.6,0.97773564,
433,4,4,0,0.0,1.0,0.0020985003,
444,4,4,0,0.2,0.6,0.48581767,
451,4,4,0,0.25,0.5,0.00077561906,
454,4,4,0,0.0,1.0,0.044863604,
461,4,4,1,0.5,0.0,0.9599396,
467,4,4,1,1.0,1.0,0.96767306,
469,4,4,1,0.75,0.5,0.018404156,
475,4,4,0,0.25,0.5,0.98637754,
487,4,4,0,0.2,0.6,9.033343e-08,
491,4,4,1,0.5,0.0,0.7507646,
499,4,4,0,0.0,1.0,0.99919003,
502,4,4,1,0.75,0.5,0.0006177224,
503,4,4,0,0.0,1.0,0.14902087,
508,4,4,1,0.75,0.5,0.004690482,
513,4,4,0,0.0,1.0,0.5195986,
514,4,4,1,0.75,0.5,0.99857926,
524,4,4,0,0.0,1.0,0.99999243,
525,4,4,0,0.2,0.6,0.00020827955,
529,4,4,1,0.5,0.0,0.5052515,
531,4,4,1,0.75,0.5,0.9666102,
532,4,4,0,0.0,1.0,0.00010968393,
545,4,4,0,0.25,0.5,0.023946812,
546,4,4,1,0.5,0.0,0.06555091,
556,4,4,0,0.1666666666666666,0.6666666666666667,0.98631656,
559,4,4,1,0.6666666666666666,0.3333333333333332,0.01915839,
576,4,4,1,0.5,0.0,0.99638474,
580,4,4,0,0.3333333333333333,0.3333333333333333,0.0010527954,
590,4,4,0,0.3333333333333333,0.3333333333333333,0.9998199,
593,4,4,1,0.5,0.0,0.9216858,
595,4,4,1,0.8333333333333334,0.6666666666666667,0.7788181,
599,4,4,0,0.0,1.0,0.76794994,
603,4,4,1,0.5,0.0,0.718348,
607,4,4,0,0.0,1.0,0.0053451164,
611,4,4,1,0.75,0.5,0.13533674,
612,4,4,0,0.0,1.0,2.3504647e-06,
616,4,4,1,0.75,0.5,0.0036686184,
627,4,4,1,0.75,0.5,0.9344946,
631,4,4,0,0.0,1.0,0.96514267,
645,4,4,1,0.75,0.5,0.9995409,
650,4,4,0,0.0,1.0,0.007308079,
660,4,4,0,0.1666666666666666,0.6666666666666667,0.104815654,
665,4,4,0,0.1666666666666666,0.6666666666666667,0.632481,
668,4,4,0,0.1666666666666666,0.6666666666666667,0.64510703,
671,4,4,0,0.3333333333333333,0.3333333333333333,0.9985909,
677,4,4,1,0.6666666666666666,0.3333333333333332,0.96632326,
678,4,4,0,0.3333333333333333,0.3333333333333333,0.17779347,
684,4,4,0,0.0,1.0,0.38084954,
687,4,4,0,0.3333333333333333,0.3333333333333333,0.7739839,
688,4,4,0,0.1666666666666666,0.6666666666666667,0.0017925594,
691,4,4,0,0.1666666666666666,0.6666666666666667,0.9999936,
696,4,4,0,0.1666666666666666,0.6666666666666667,0.7661209,
700,4,4,1,0.5,0.0,0.99981344,
706,4,4,1,0.6666666666666666,0.3333333333333332,0.94872457,
711,4,4,1,0.6,0.1999999999999999,0.21891776,
725,4,4,0,0.0,1.0,0.014178212,
726,4,4,0,0.0,1.0,0.8571334,
729,4,4,0,0.4,0.1999999999999999,0.69355285,
730,4,4,0,0.3333333333333333,0.3333333333333333,0.4603861,
731,4,4,0,0.0,1.0,0.02734932,
736,4,4,0,0.0,1.0,0.92911386,
