patient_id,repeat,fold,y,y_soft,agreement,p,thr
5,0,0,0,0.2,0.6,0.42128536,
7,0,0,1,0.6,0.1999999999999999,0.60939884,
28,0,0,0,0.2,0.6,0.095705815,
29,0,0,0,0.2,0.6,0.5435122,
32,0,0,0,0.2,0.6,0.08589642,
40,0,0,0,0.2,0.6,0.23672399,
49,0,0,0,0.3333333333333333,0.3333333333333333,0.16763273,
50,0,0,1,0.8,0.6000000000000001,0.82405007,
51,0,0,0,0.25,0.5,0.49001223,
55,0,0,0,0.0,1.0,0.18696433,
59,0,0,0,0.25,0.5,0.068861045,
63,0,0,0,0.0,1.0,0.223602,
64,0,0,0,0.3333333333333333,0.3333333333333333,0.12859248,
67,0,0,0,0.0,1.0,0.19371703,
73,0,0,0,0.0,1.0,0.0885323,
77,0,0,0,0.25,0.5,0.13769886,
82,0,0,0,0.25,0.5,0.40233612,
83,0,0,0,0.25,0.5,0.44018644,
88,0,0,1,0.5,0.0,0.15010396,
98,0,0,0,0.3333333333333333,0.3333333333333333,0.13904923,
107,0,0,0,0.1111111111111111,0.7777777777777778,0.61397344,
109,0,0,0,0.1111111111111111,0.7777777777777778,0.45425987,
110,0,0,0,0.0,1.0,0.7684659,
112,0,0,0,0.125,0.75,0.01607405,
113,0,0,0,0.1111111111111111,0.7777777777777778,0.5241117,
116,0,0,0,0.0,1.0,0.12711178,
122,0,0,0,0.0,1.0,0.33132797,
127,0,0,1,0.6666666666666666,0.3333333333333332,0.3846659,
134,0,0,0,0.1111111111111111,0.7777777777777778,0.22933581,
139,0,0,0,0.0,1.0,0.24220091,
151,0,0,0,0.0,1.0,0.35268825,
153,0,0,0,0.0,1.0,0.22167471,
160,0,0,0,0.1666666666666666,0.6666666666666667,0.17784977,
161,0,0,0,0.0,1.0,0.32575184,
174,0,0,1,0.5,0.0,0.2851637,
177,0,0,0,0.0,1.0,0.27254742,
183,0,0,0,0.0,1.0,0.1737384,
199,0,0,0,0.25,0.5,0.34564304,
202,0,0,1,0.6,0.1999999999999999,0.14465031,
206,0,0,1,0.5,0.0,0.41826874,
210,0,0,0,0.4,0.1999999999999999,0.64540553,
230,0,0,0,0.2,0.6,0.10255976,
231,0,0,1,0.5,0.0,0.41820484,
232,0,0,0,0.25,0.5,0.5129042,
233,0,0,0,0.0,1.0,0.19660565,
240,0,0,0,0.2,0.6,0.32185665,
241,0,0,1,0.6,0.1999999999999999,0.06879979,
248,0,0,0,0.4,0.1999999999999999,0.64119655,
253,0,0,0,0.0,1.0,0.3401752,
259,0,0,0,0.0,1.0,0.12561652,
274,0,0,1,0.5,0.0,0.66098964,
275,0,0,1,0.5,0.0,0.43401593,
282,0,0,0,0.25,0.5,0.17810374,
284,0,0,1,0.5,0.0,0.2812313,
285,0,0,0,0.4,0.1999999999999999,0.0626686,
287,0,0,0,0.25,0.5,0.3837105,
294,0,0,0,0.0,1.0,0.22029904,
300,0,0,0,0.0,1.0,0.10802315,
307,0,0,0,0.4,0.1999999999999999,0.19382703,
309,0,0,1,0.8,0.6000000000000001,0.51785463,
310,0,0,0,0.2,0.6,0.54146725,
315,0,0,1,0.8,0.6000000000000001,0.6528072,
316,0,0,0,0.4,0.1999999999999999,0.5661175,
319,0,0,0,0.2,0.6,0.47553623,
322,0,0,1,0.6,0.1999999999999999,0.91883296,
329,0,0,0,0.0,1.0,0.1797424,
330,0,0,0,0.4,0.1999999999999999,0.40495747,
338,0,0,0,0.4,0.1999999999999999,0.2892366,
339,0,0,0,0.0,1.0,0.4790987,
342,0,0,0,0.2,0.6,0.1846217,
345,0,0,0,0.0,1.0,0.0745469,
371,0,0,0,0.25,0.5,0.5814101,
372,0,0,0,0.25,0.5,0.67009974,
374,0,0,1,0.5,0.0,0.30177426,
376,0,0,1,0.5,0.0,0.20365104,
384,0,0,0,0.25,0.5,0.7066391,
394,0,0,1,0.5,0.0,0.42319453,
407,0,0,0,0.2,0.6,0.7073989,
413,0,0,0,0.0,1.0,0.7370609,
421,0,0,0,0.2,0.6,0.31665647,
436,0,0,0,0.4,0.1999999999999999,0.5189899,
438,0,0,0,0.1666666666666666,0.6666666666666667,0.32182175,
456,0,0,1,0.5,0.0,0.31992963,
457,0,0,1,0.5,0.0,0.52919626,
459,0,0,0,0.25,0.5,0.63497925,
463,0,0,0,0.25,0.5,0.40131176,
465,0,0,1,0.5,0.0,0.5596062,
468,0,0,0,0.25,0.5,0.7270477,
480,0,0,1,0.5,0.0,0.5046785,
487,0,0,0,0.2,0.6,0.055418253,
490,0,0,0,0.25,0.5,0.16206881,
491,0,0,1,0.5,0.0,0.4388085,
492,0,0,0,0.3333333333333333,0.3333333333333333,0.41156754,
495,0,0,0,0.0,1.0,0.6573974,
497,0,0,0,0.0,1.0,0.054915015,
499,0,0,0,0.0,1.0,0.2483261,
510,0,0,1,0.5,0.0,0.270521,
513,0,0,0,0.0,1.0,0.60174656,
514,0,0,1,0.75,0.5,0.64625025,
518,0,0,0,0.25,0.5,0.79694104,
521,0,0,1,0.75,0.5,0.4555332,
528,0,0,0,0.0,1.0,0.28383684,
534,0,0,1,0.75,0.5,0.69148386,
539,0,0,0,0.25,0.5,0.55414057,
540,0,0,0,0.25,0.5,0.6415532,
542,0,0,0,0.25,0.5,0.44780284,
549,0,0,0,0.0,1.0,0.10951143,
554,0,0,1,0.5,0.0,0.84280044,
557,0,0,0,0.3333333333333333,0.3333333333333333,0.48447815,
565,0,0,0,0.3333333333333333,0.3333333333333333,0.481704,
566,0,0,0,0.1666666666666666,0.6666666666666667,0.5182556,
572,0,0,1,0.8333333333333334,0.6666666666666667,0.7520809,
573,0,0,0,0.3333333333333333,0.3333333333333333,0.47376698,
574,0,0,0,0.3333333333333333,0.3333333333333333,0.2623816,
577,0,0,0,0.1666666666666666,0.6666666666666667,0.6641886,
583,0,0,1,0.5,0.0,0.7265379,
586,0,0,1,0.6666666666666666,0.3333333333333332,0.5197337,
587,0,0,1,0.8333333333333334,0.6666666666666667,0.55898,
588,0,0,0,0.1666666666666666,0.6666666666666667,0.5657768,
590,0,0,0,0.3333333333333333,0.3333333333333333,0.5970773,
601,0,0,0,0.0,1.0,0.15124895,
603,0,0,1,0.5,0.0,0.63491714,
608,0,0,0,0.0,1.0,0.8136865,
618,0,0,0,0.0,1.0,0.53331566,
628,0,0,0,0.0,1.0,0.04638517,
633,0,0,1,0.5,0.0,0.6384711,
645,0,0,1,0.75,0.5,0.87489784,
648,0,0,1,0.5,0.0,0.24907097,
649,0,0,1,0.5,0.0,0.55414844,
650,0,0,0,0.0,1.0,0.23035799,
653,0,0,1,0.5,0.0,0.12868387,
657,0,0,1,0.5,0.0,0.14404157,
664,0,0,1,0.6666666666666666,0.3333333333333332,0.698555,
670,0,0,1,0.5,0.0,0.25679213,
674,0,0,0,0.3333333333333333,0.3333333333333333,0.44501874,
689,0,0,0,0.0,1.0,0.11376782,
690,0,0,0,0.0,1.0,0.38958877,
694,0,0,0,0.3333333333333333,0.3333333333333333,0.16632684,
695,0,0,0,0.3333333333333333,0.3333333333333333,0.3665887,
699,0,0,0,0.1666666666666666,0.6666666666666667,0.4591687,
703,0,0,0,0.0,1.0,0.39925396,
712,0,0,0,0.1666666666666666,0.6666666666666667,0.40101123,
714,0,0,0,0.3333333333333333,0.3333333333333333,0.40774736,
715,0,0,1,0.5,0.0,0.17830291,
720,0,0,0,0.0,1.0,0.44983345,
735,0,0,0,0.0,1.0,0.16075872,
739,0,0,0,0.3333333333333333,0.3333333333333333,0.40592435,
2,0,1,0,0.4,0.1999999999999999,0.089431815,
4,0,1,1,0.6,0.1999999999999999,0.15934083,
6,0,1,0,0.2,0.6,0.4804828,
14,0,1,0,0.2,0.6,0.4279005,
16,0,1,1,0.6,0.1999999999999999,0.08979374,
26,0,1,1,0.8,0.6000000000000001,0.091200925,
30,0,1,0,0.2,0.6,0.29762462,
34,0,1,0,0.1666666666666666,0.6666666666666667,0.7859422,
38,0,1,0,0.0,1.0,0.45185906,
39,0,1,0,0.0,1.0,0.36593622,
56,0,1,0,0.25,0.5,0.049609944,
61,0,1,0,0.2,0.6,0.15665373,
65,0,1,0,0.25,0.5,0.18621583,
66,0,1,0,0.0,1.0,0.3723462,
68,0,1,0,0.0,1.0,0.15439343,
69,0,1,0,0.0,1.0,0.41074833,
74,0,1,0,0.0,1.0,0.77824676,
78,0,1,0,0.0,1.0,0.6701355,
85,0,1,0,0.25,0.5,0.3455857,
87,0,1,0,0.0,1.0,0.19828795,
93,0,1,0,0.0,1.0,0.562093,
94,0,1,0,0.25,0.5,0.15397973,
95,0,1,0,0.25,0.5,0.2593944,
96,0,1,0,0.0,1.0,0.45179397,
120,0,1,0,0.0,1.0,0.31706244,
124,0,1,0,0.0,1.0,0.88670623,
131,0,1,0,0.0,1.0,0.8753553,
141,0,1,0,0.0,1.0,0.2168222,
142,0,1,0,0.0,1.0,0.39927045,
143,0,1,1,0.5555555555555556,0.1111111111111111,0.40984726,
146,0,1,1,0.8888888888888888,0.7777777777777777,0.31477305,
148,0,1,0,0.1111111111111111,0.7777777777777778,0.1535022,
149,0,1,0,0.3333333333333333,0.3333333333333333,0.11693422,
150,0,1,0,0.0,1.0,0.46518978,
152,0,1,0,0.0,1.0,0.2104434,
155,0,1,0,0.25,0.5,0.7443807,
156,0,1,0,0.25,0.5,0.47916088,
159,0,1,0,0.0,1.0,0.25430197,
163,0,1,0,0.25,0.5,0.5146593,
166,0,1,0,0.25,0.5,0.29305053,
168,0,1,0,0.25,0.5,0.50859684,
182,0,1,0,0.0,1.0,0.93578756,
187,0,1,0,0.0,1.0,0.48324493,
189,0,1,1,0.5,0.0,0.4249435,
190,0,1,0,0.25,0.5,0.53346556,
196,0,1,1,0.5,0.0,0.48131445,
200,0,1,0,0.2,0.6,0.5999374,
204,0,1,0,0.4,0.1999999999999999,0.4725958,
208,0,1,0,0.0,1.0,0.13576904,
209,0,1,0,0.2,0.6,0.17384961,
211,0,1,1,0.6,0.1999999999999999,0.97720695,
212,0,1,0,0.2,0.6,0.15556896,
215,0,1,0,0.2,0.6,0.10443035,
221,0,1,1,0.8,0.6000000000000001,0.34240305,
224,0,1,0,0.4,0.1999999999999999,0.6786312,
226,0,1,0,0.0,1.0,0.35427293,
243,0,1,0,0.0,1.0,0.121217,
247,0,1,0,0.2,0.6,0.3949939,
249,0,1,1,0.6,0.1999999999999999,0.7724577,
250,0,1,0,0.4,0.1999999999999999,0.43767452,
267,0,1,0,0.0,1.0,0.11537523,
279,0,1,0,0.2,0.6,0.09868018,
281,0,1,0,0.0,1.0,0.14287767,
288,0,1,1,0.75,0.5,0.5736079,
291,0,1,0,0.0,1.0,0.51103306,
308,0,1,0,0.4,0.1999999999999999,0.4646107,
317,0,1,0,0.4,0.1999999999999999,0.5598393,
326,0,1,0,0.0,1.0,0.14183944,
328,0,1,1,0.6,0.1999999999999999,0.09179359,
331,0,1,0,0.0,1.0,0.5143939,
332,0,1,0,0.0,1.0,0.47049433,
333,0,1,0,0.0,1.0,0.24447045,
335,0,1,1,0.5,0.0,0.23540613,
336,0,1,0,0.4,0.1999999999999999,0.7634314,
346,0,1,1,0.6,0.1999999999999999,0.5626322,
355,0,1,0,0.25,0.5,0.80707985,
359,0,1,0,0.25,0.5,0.80287004,
360,0,1,0,0.25,0.5,0.9322449,
381,0,1,1,0.75,0.5,0.45681697,
388,0,1,1,0.5,0.0,0.57087684,
397,0,1,1,0.75,0.5,0.86747,
398,0,1,0,0.25,0.5,0.80807805,
405,0,1,0,0.0,1.0,0.37191838,
411,0,1,0,0.2,0.6,0.91315114,
414,0,1,1,0.6,0.1999999999999999,0.71179366,
416,0,1,0,0.0,1.0,0.21948394,
425,0,1,0,0.0,1.0,0.8317865,
435,0,1,0,0.4,0.1999999999999999,0.540394,
437,0,1,1,0.6,0.1999999999999999,0.7230532,
441,0,1,0,0.2,0.6,0.56673026,
442,0,1,1,0.8,0.6000000000000001,0.7333132,
449,0,1,0,0.4,0.1999999999999999,0.8263991,
452,0,1,0,0.25,0.5,0.6692754,
469,0,1,1,0.75,0.5,0.11236109,
481,0,1,0,0.0,1.0,0.98158824,
482,0,1,0,0.0,1.0,0.07589075,
485,0,1,1,0.5,0.0,0.6634779,
486,0,1,0,0.25,0.5,0.9968285,
496,0,1,1,0.75,0.5,0.8295235,
498,0,1,0,0.0,1.0,0.25159258,
503,0,1,0,0.0,1.0,0.7181417,
509,0,1,0,0.25,0.5,0.16191697,
512,0,1,1,1.0,1.0,0.91003466,
519,0,1,0,0.0,1.0,0.7337816,
523,0,1,0,0.25,0.5,0.70356345,
524,0,1,0,0.0,1.0,0.73600674,
527,0,1,0,0.25,0.5,0.8733284,
529,0,1,1,0.5,0.0,0.1299428,
530,0,1,1,0.5,0.0,0.8879167,
533,0,1,0,0.0,1.0,0.59420156,
535,0,1,0,0.25,0.5,0.944823,
548,0,1,1,0.5,0.0,0.7003137,
561,0,1,1,0.5,0.0,0.4329489,
567,0,1,0,0.3333333333333333,0.3333333333333333,0.5964467,
575,0,1,1,0.5,0.0,0.64861107,
579,0,1,0,0.3333333333333333,0.3333333333333333,0.7210996,
589,0,1,0,0.3333333333333333,0.3333333333333333,0.4744607,
595,0,1,1,0.8333333333333334,0.6666666666666667,0.87645185,
604,0,1,1,0.75,0.5,0.6410096,
605,0,1,1,0.5,0.0,0.22042492,
609,0,1,0,0.25,0.5,0.8513606,
612,0,1,0,0.0,1.0,0.031880677,
615,0,1,1,0.75,0.5,0.52609634,
622,0,1,1,0.75,0.5,0.38182646,
623,0,1,1,0.5,0.0,0.10543924,
624,0,1,0,0.25,0.5,0.57220525,
629,0,1,1,0.5,0.0,0.67809236,
630,0,1,1,0.5,0.0,0.8017293,
632,0,1,1,0.5,0.0,0.23775485,
634,0,1,0,0.25,0.5,0.6529384,
636,0,1,0,0.0,1.0,0.39273497,
638,0,1,0,0.25,0.5,0.92395306,
642,0,1,1,0.75,0.5,0.7914965,
658,0,1,0,0.1666666666666666,0.6666666666666667,0.675181,
660,0,1,0,0.1666666666666666,0.6666666666666667,0.756333,
667,0,1,0,0.3333333333333333,0.3333333333333333,0.8611169,
676,0,1,0,0.1666666666666666,0.6666666666666667,0.6713939,
681,0,1,0,0.1666666666666666,0.6666666666666667,0.5474377,
683,0,1,1,0.8333333333333334,0.6666666666666667,0.825475,
693,0,1,1,0.5,0.0,0.84050477,
707,0,1,1,0.5,0.0,0.16779158,
730,0,1,0,0.3333333333333333,0.3333333333333333,0.14157873,
731,0,1,0,0.0,1.0,0.19031987,
733,0,1,0,0.1666666666666666,0.6666666666666667,0.13026983,
737,0,1,0,0.1666666666666666,0.6666666666666667,0.09001848,
738,0,1,0,0.3333333333333333,0.3333333333333333,0.66557145,
741,0,1,0,0.2,0.6,0.10012107,
15,0,2,0,0.4,0.1999999999999999,0.2149516,
18,0,2,1,0.6,0.1999999999999999,0.4829629,
21,0,2,0,0.2,0.6,0.41704583,
24,0,2,0,0.0,1.0,0.14423072,
25,0,2,0,0.2,0.6,0.36283377,
27,0,2,0,0.2,0.6,0.25893146,
31,0,2,0,0.1666666666666666,0.6666666666666667,0.24652748,
45,0,2,0,0.0,1.0,0.3046943,
47,0,2,0,0.25,0.5,0.281059,
52,0,2,0,0.25,0.5,0.24587937,
53,0,2,0,0.1666666666666666,0.6666666666666667,0.32701373,
58,0,2,0,0.25,0.5,0.4894377,
72,0,2,0,0.25,0.5,0.25705516,
80,0,2,0,0.0,1.0,0.39630914,
81,0,2,0,0.0,1.0,0.19890866,
84,0,2,0,0.3333333333333333,0.3333333333333333,0.49015054,
91,0,2,0,0.25,0.5,0.08408222,
92,0,2,0,0.0,1.0,0.47911757,
101,0,2,0,0.3333333333333333,0.3333333333333333,0.09307778,
102,0,2,0,0.0,1.0,0.3259552,
118,0,2,0,0.0,1.0,0.47799546,
121,0,2,0,0.1111111111111111,0.7777777777777778,0.39152157,
125,0,2,0,0.125,0.75,0.17728367,
126,0,2,0,0.2222222222222222,0.5555555555555556,0.4469935,
128,0,2,0,0.1111111111111111,0.7777777777777778,0.31144276,
130,0,2,0,0.1111111111111111,0.7777777777777778,0.25189763,
140,0,2,0,0.2222222222222222,0.5555555555555556,0.43934232,
145,0,2,0,0.4444444444444444,0.1111111111111111,0.14877108,
154,0,2,0,0.25,0.5,0.27917522,
157,0,2,0,0.25,0.5,0.27064568,
167,0,2,0,0.0,1.0,0.5705705,
172,0,2,0,0.0,1.0,0.3914821,
173,0,2,0,0.25,0.5,0.159519,
176,0,2,0,0.0,1.0,0.18180826,
194,0,2,0,0.0,1.0,0.2162143,
197,0,2,0,0.0,1.0,0.32395923,
201,0,2,0,0.25,0.5,0.47470653,
217,0,2,0,0.0,1.0,0.12169192,
219,0,2,0,0.0,1.0,0.21729141,
229,0,2,0,0.0,1.0,0.01791032,
234,0,2,0,0.25,0.5,0.49280578,
235,0,2,0,0.0,1.0,0.2177904,
237,0,2,0,0.4,0.1999999999999999,0.098779485,
239,0,2,1,0.6,0.1999999999999999,0.083585724,
244,0,2,1,0.6,0.1999999999999999,0.19291446,
246,0,2,0,0.4,0.1999999999999999,0.25107324,
252,0,2,0,0.0,1.0,0.17229664,
255,0,2,0,0.25,0.5,0.18844658,
265,0,2,1,0.5,0.0,0.36026537,
266,0,2,0,0.25,0.5,0.22911665,
268,0,2,1,0.5,0.0,0.39315212,
270,0,2,0,0.0,1.0,0.20628105,
273,0,2,1,0.5,0.0,0.17512563,
277,0,2,1,0.5,0.0,0.30597714,
280,0,2,0,0.25,0.5,0.32122874,
286,0,2,0,0.2,0.6,0.2637833,
289,0,2,1,0.5,0.0,0.14861356,
304,0,2,1,0.8,0.6000000000000001,0.017793976,
312,0,2,0,0.0,1.0,0.35674256,
318,0,2,0,0.4,0.1999999999999999,0.08902745,
321,0,2,1,0.6,0.1999999999999999,0.39279842,
323,0,2,0,0.0,1.0,0.31333965,
324,0,2,0,0.2,0.6,0.38761258,
334,0,2,0,0.4,0.1999999999999999,0.2972316,
340,0,2,1,0.6,0.1999999999999999,0.09665112,
344,0,2,0,0.2,0.6,0.34957126,
348,0,2,0,0.4,0.1999999999999999,0.48806965,
352,0,2,0,0.25,0.5,0.46209282,
353,0,2,0,0.0,1.0,0.4107106,
354,0,2,0,0.25,0.5,0.480453,
357,0,2,1,0.5,0.0,0.02237149,
358,0,2,0,0.25,0.5,0.9078053,
362,0,2,1,0.75,0.5,0.47558123,
364,0,2,1,0.5,0.0,0.15693519,
399,0,2,0,0.25,0.5,0.2079617,
404,0,2,1,0.6,0.1999999999999999,0.89524955,
408,0,2,0,0.4,0.1999999999999999,0.728603,
409,0,2,0,0.4,0.1999999999999999,0.9187094,
412,0,2,1,1.0,1.0,0.8151107,
417,0,2,0,0.2,0.6,0.3566888,
420,0,2,0,0.0,1.0,0.3637141,
426,0,2,1,0.8,0.6000000000000001,0.6206057,
431,0,2,0,0.4,0.1999999999999999,0.6314614,
443,0,2,0,0.0,1.0,0.3448334,
446,0,2,0,0.2,0.6,0.24804452,
448,0,2,0,0.0,1.0,0.08435623,
451,0,2,0,0.25,0.5,0.59258455,
453,0,2,0,0.25,0.5,0.4446828,
458,0,2,0,0.0,1.0,0.36541674,
460,0,2,0,0.0,1.0,0.3617511,
461,0,2,1,0.5,0.0,0.6138228,
471,0,2,0,0.0,1.0,0.9796925,
477,0,2,0,0.0,1.0,0.2043846,
479,0,2,0,0.0,1.0,0.24297456,
488,0,2,1,0.5,0.0,0.5587684,
489,0,2,0,0.0,1.0,0.7000093,
504,0,2,1,0.75,0.5,0.2135112,
505,0,2,1,0.5,0.0,0.40020296,
506,0,2,1,0.75,0.5,0.45558977,
508,0,2,1,0.75,0.5,0.1582519,
511,0,2,1,0.5,0.0,0.18201122,
517,0,2,0,0.25,0.5,0.73594296,
520,0,2,1,0.5,0.0,0.49855256,
526,0,2,0,0.0,1.0,0.7185935,
541,0,2,1,0.5,0.0,0.8645855,
544,0,2,1,0.5,0.0,0.6060561,
545,0,2,0,0.25,0.5,0.43449134,
550,0,2,0,0.0,1.0,0.58398914,
552,0,2,1,0.6666666666666666,0.3333333333333332,0.4019273,
555,0,2,0,0.3333333333333333,0.3333333333333333,0.20838663,
556,0,2,0,0.1666666666666666,0.6666666666666667,0.48322403,
559,0,2,1,0.6666666666666666,0.3333333333333332,0.29248703,
563,0,2,0,0.0,1.0,0.19020888,
564,0,2,1,0.5,0.0,0.7123789,
571,0,2,1,0.5,0.0,0.6601368,
582,0,2,1,0.5,0.0,0.31215614,
602,0,2,0,0.25,0.5,0.31498006,
606,0,2,0,0.25,0.5,0.43340296,
607,0,2,0,0.0,1.0,0.3687107,
614,0,2,1,0.75,0.5,0.3900934,
617,0,2,1,0.5,0.0,0.7708092,
620,0,2,1,0.75,0.5,0.5342053,
626,0,2,1,0.5,0.0,0.3197741,
641,0,2,0,0.0,1.0,0.44962668,
652,0,2,0,0.0,1.0,0.2399239,
661,0,2,1,0.8333333333333334,0.6666666666666667,0.92279327,
669,0,2,0,0.3333333333333333,0.3333333333333333,0.5653901,
671,0,2,0,0.3333333333333333,0.3333333333333333,0.07355004,
673,0,2,0,0.3333333333333333,0.3333333333333333,0.016360821,
675,0,2,0,0.3333333333333333,0.3333333333333333,0.2947603,
682,0,2,0,0.1666666666666666,0.6666666666666667,0.20483336,
685,0,2,0,0.0,1.0,0.234268,
686,0,2,0,0.0,1.0,0.2669012,
691,0,2,0,0.1666666666666666,0.6666666666666667,0.32801157,
692,0,2,0,0.0,1.0,0.24518338,
698,0,2,1,0.5,0.0,0.8363929,
704,0,2,0,0.3333333333333333,0.3333333333333333,0.36728173,
705,0,2,1,0.5,0.0,0.1687056,
709,0,2,0,0.3333333333333333,0.3333333333333333,0.12924477,
710,0,2,0,0.0,1.0,0.049682442,
717,0,2,1,0.5,0.0,0.19197755,
721,0,2,0,0.3333333333333333,0.3333333333333333,0.23941031,
723,0,2,0,0.1666666666666666,0.6666666666666667,0.1861944,
727,0,2,0,0.4,0.1999999999999999,0.35417795,
728,0,2,0,0.2,0.6,0.17892954,
729,0,2,0,0.4,0.1999999999999999,0.424039,
736,0,2,0,0.0,1.0,0.31191054,
1,0,3,0,0.3333333333333333,0.3333333333333333,0.39733,
3,0,3,0,0.0,1.0,0.34558272,
9,0,3,0,0.0,1.0,0.55016494,
12,0,3,0,0.4,0.1999999999999999,0.55288607,
13,0,3,0,0.2,0.6,0.4034142,
17,0,3,0,0.4,0.1999999999999999,0.40630722,
35,0,3,1,0.5,0.0,0.39878774,
37,0,3,0,0.2,0.6,0.26259738,
42,0,3,0,0.0,1.0,0.23586723,
43,0,3,0,0.2,0.6,0.349475,
48,0,3,1,0.6,0.1999999999999999,0.38323832,
54,0,3,0,0.25,0.5,0.4159224,
76,0,3,0,0.25,0.5,0.33470815,
79,0,3,0,0.25,0.5,0.47463062,
86,0,3,0,0.0,1.0,0.516457,
90,0,3,1,0.5,0.0,0.30933607,
97,0,3,0,0.25,0.5,0.24810837,
100,0,3,0,0.25,0.5,0.6608523,
103,0,3,0,0.1111111111111111,0.7777777777777778,0.57958543,
108,0,3,0,0.25,0.5,0.48879027,
115,0,3,0,0.0,1.0,0.5757755,
119,0,3,0,0.1111111111111111,0.7777777777777778,0.78198874,
123,0,3,0,0.0,1.0,0.24958572,
129,0,3,0,0.2,0.6,0.8885462,
132,0,3,0,0.2222222222222222,0.5555555555555556,0.47403443,
133,0,3,1,0.8888888888888888,0.7777777777777777,0.36624223,
138,0,3,1,0.5555555555555556,0.1111111111111111,0.2677627,
144,0,3,0,0.0,1.0,0.46921217,
158,0,3,0,0.0,1.0,0.28011954,
179,0,3,0,0.25,0.5,0.7077282,
180,0,3,0,0.0,1.0,0.32144868,
184,0,3,0,0.0,1.0,0.06662947,
185,0,3,0,0.25,0.5,0.15835303,
188,0,3,0,0.0,1.0,0.90979105,
195,0,3,0,0.0,1.0,0.5545021,
198,0,3,0,0.0,1.0,0.52548873,
203,0,3,0,0.2,0.6,0.53065866,
205,0,3,0,0.2,0.6,0.38104233,
213,0,3,0,0.4,0.1999999999999999,0.64643097,
216,0,3,0,0.0,1.0,0.38812226,
220,0,3,0,0.4,0.1999999999999999,0.47536442,
222,0,3,0,0.2,0.6,0.1251619,
225,0,3,0,0.2,0.6,0.37991703,
228,0,3,0,0.2,0.6,0.39798126,
236,0,3,0,0.0,1.0,0.03622159,
238,0,3,0,0.25,0.5,0.27643895,
242,0,3,1,0.6,0.1999999999999999,0.29667634,
251,0,3,0,0.25,0.5,0.75658077,
257,0,3,0,0.25,0.5,0.24956733,
258,0,3,0,0.0,1.0,0.24234724,
269,0,3,1,0.5,0.0,0.3994721,
272,0,3,1,0.5,0.0,0.35405165,
278,0,3,0,0.25,0.5,0.35162672,
283,0,3,0,0.25,0.5,0.44042394,
290,0,3,0,0.0,1.0,0.39605093,
293,0,3,1,0.5,0.0,0.8846432,
296,0,3,0,0.0,1.0,0.356839,
297,0,3,0,0.0,1.0,0.041343845,
302,0,3,0,0.0,1.0,0.51051646,
303,0,3,0,0.0,1.0,0.48140705,
306,0,3,0,0.0,1.0,0.58606535,
311,0,3,0,0.4,0.1999999999999999,0.34091336,
313,0,3,0,0.0,1.0,0.47275764,
320,0,3,0,0.0,1.0,0.41891265,
343,0,3,1,0.8,0.6000000000000001,0.8580916,
351,0,3,0,0.0,1.0,0.78253996,
356,0,3,0,0.25,0.5,0.6118512,
361,0,3,0,0.0,1.0,0.38927177,
366,0,3,0,0.0,1.0,0.8143556,
367,0,3,0,0.25,0.5,0.4922126,
369,0,3,0,0.0,1.0,0.39496785,
370,0,3,0,0.0,1.0,0.4635244,
373,0,3,0,0.0,1.0,0.40667498,
378,0,3,1,0.5,0.0,0.48224008,
380,0,3,1,0.75,0.5,0.8153389,
385,0,3,1,0.5,0.0,0.7759454,
387,0,3,0,0.0,1.0,0.26893836,
389,0,3,0,0.25,0.5,0.9576747,
392,0,3,1,0.5,0.0,0.36343133,
396,0,3,1,0.75,0.5,0.653525,
400,0,3,1,0.5,0.0,0.4132412,
402,0,3,1,0.6,0.1999999999999999,0.3053468,
403,0,3,0,0.0,1.0,0.36749643,
406,0,3,1,0.6,0.1999999999999999,0.58085704,
410,0,3,1,0.6,0.1999999999999999,0.62317026,
415,0,3,0,0.0,1.0,0.44027197,
422,0,3,1,0.6,0.1999999999999999,0.10567946,
423,0,3,0,0.0,1.0,0.8026725,
428,0,3,1,0.6,0.1999999999999999,0.18152073,
429,0,3,0,0.0,1.0,0.23483393,
433,0,3,0,0.0,1.0,0.15749282,
440,0,3,0,0.0,1.0,0.8926266,
444,0,3,0,0.2,0.6,0.9315537,
445,0,3,0,0.0,1.0,0.9907522,
447,0,3,0,0.0,1.0,0.33861542,
455,0,3,0,0.0,1.0,0.24175167,
470,0,3,0,0.0,1.0,0.82517064,
472,0,3,0,0.25,0.5,0.3860621,
473,0,3,0,0.25,0.5,0.57604045,
474,0,3,0,0.0,1.0,0.02338376,
475,0,3,0,0.25,0.5,0.37703335,
478,0,3,0,0.0,1.0,0.4143144,
484,0,3,0,0.25,0.5,0.4452625,
493,0,3,0,0.0,1.0,0.24644607,
500,0,3,0,0.25,0.5,0.69387865,
501,0,3,0,0.25,0.5,0.613755,
502,0,3,1,0.75,0.5,0.8011829,
516,0,3,0,0.0,1.0,0.2919537,
525,0,3,0,0.2,0.6,0.1619677,
531,0,3,1,0.75,0.5,0.7456568,
536,0,3,0,0.3333333333333333,0.3333333333333333,0.80368066,
538,0,3,0,0.0,1.0,0.6462222,
543,0,3,1,0.5,0.0,0.6848382,
547,0,3,1,0.5,0.0,0.52971256,
560,0,3,0,0.1666666666666666,0.6666666666666667,0.5781368,
576,0,3,1,0.5,0.0,0.93292284,
581,0,3,0,0.3333333333333333,0.3333333333333333,0.4489807,
591,0,3,1,0.5,0.0,0.4989121,
592,0,3,1,0.6,0.1999999999999999,0.9516262,
597,0,3,0,0.0,1.0,0.21818176,
598,0,3,0,0.3333333333333333,0.3333333333333333,0.23241624,
600,0,3,0,0.1666666666666666,0.6666666666666667,0.24744841,
611,0,3,1,0.75,0.5,0.12187326,
627,0,3,1,0.75,0.5,0.60563326,
631,0,3,0,0.0,1.0,0.048950262,
637,0,3,1,0.5,0.0,0.30473554,
639,0,3,0,0.0,1.0,0.9083312,
640,0,3,1,0.75,0.5,0.994635,
643,0,3,1,0.5,0.0,0.3862899,
647,0,3,1,0.5,0.0,0.81310797,
651,0,3,0,0.3333333333333333,0.3333333333333333,0.07692589,
654,0,3,0,0.1666666666666666,0.6666666666666667,0.90449584,
659,0,3,1,0.6666666666666666,0.3333333333333332,0.6518118,
665,0,3,0,0.1666666666666666,0.6666666666666667,0.65102905,
672,0,3,0,0.0,1.0,0.48345804,
677,0,3,1,0.6666666666666666,0.3333333333333332,0.8649477,
680,0,3,0,0.0,1.0,0.2763716,
687,0,3,0,0.3333333333333333,0.3333333333333333,0.11001612,
696,0,3,0,0.1666666666666666,0.6666666666666667,0.20650281,
697,0,3,1,0.5,0.0,0.6099502,
711,0,3,1,0.6,0.1999999999999999,0.5126982,
713,0,3,1,0.6,0.1999999999999999,0.1208972,
718,0,3,0,0.1666666666666666,0.6666666666666667,0.5752111,
719,0,3,0,0.1666666666666666,0.6666666666666667,0.48398575,
725,0,3,0,0.0,1.0,0.7599215,
732,0,3,0,0.0,1.0,0.2319647,
742,0,3,1,0.5,0.0,0.51307046,
8,0,4,0,0.0,1.0,0.23653618,
10,0,4,0,0.0,1.0,0.078509465,
11,0,4,1,0.6,0.1999999999999999,0.24888833,
20,0,4,0,0.25,0.5,0.3015028,
22,0,4,0,0.2,0.6,0.42340136,
33,0,4,0,0.4,0.1999999999999999,0.18406948,
36,0,4,0,0.2,0.6,0.46833932,
41,0,4,0,0.2,0.6,0.06990552,
44,0,4,0,0.0,1.0,0.36685383,
46,0,4,0,0.4,0.1999999999999999,0.4650973,
57,0,4,1,1.0,1.0,0.44509277,
60,0,4,0,0.0,1.0,0.4039718,
62,0,4,0,0.25,0.5,0.31394327,
70,0,4,0,0.0,1.0,0.11928631,
71,0,4,0,0.0,1.0,0.35075355,
75,0,4,0,0.0,1.0,0.44291085,
89,0,4,0,0.25,0.5,0.354558,
99,0,4,0,0.0,1.0,0.12114644,
104,0,4,0,0.1111111111111111,0.7777777777777778,0.23049267,
105,0,4,0,0.0,1.0,0.6120111,
106,0,4,1,1.0,1.0,0.24201378,
111,0,4,0,0.1111111111111111,0.7777777777777778,0.10510899,
114,0,4,0,0.1111111111111111,0.7777777777777778,0.5823405,
117,0,4,0,0.25,0.5,0.14661708,
135,0,4,0,0.1666666666666666,0.6666666666666667,0.008156461,
136,0,4,0,0.3333333333333333,0.3333333333333333,0.21708032,
137,0,4,1,0.6666666666666666,0.3333333333333332,0.15608951,
147,0,4,0,0.0,1.0,0.49792045,
162,0,4,0,0.2,0.6,0.51099735,
164,0,4,0,0.0,1.0,0.06624066,
165,0,4,0,0.0,1.0,0.5820385,
169,0,4,0,0.0,1.0,0.63170207,
170,0,4,0,0.1666666666666666,0.6666666666666667,0.21555173,
171,0,4,0,0.25,0.5,0.3605901,
175,0,4,0,0.0,1.0,0.31560922,
178,0,4,0,0.0,1.0,0.27822796,
181,0,4,1,0.5,0.0,0.45566234,
186,0,4,0,0.0,1.0,0.30029252,
191,0,4,0,0.0,1.0,0.31084985,
192,0,4,0,0.0,1.0,0.2738077,
193,0,4,0,0.25,0.5,0.601388,
207,0,4,0,0.2,0.6,0.42001128,
214,0,4,0,0.2,0.6,0.16880172,
223,0,4,0,0.2,0.6,0.40039295,
227,0,4,1,1.0,1.0,0.41143203,
245,0,4,0,0.0,1.0,0.12529722,
254,0,4,0,0.25,0.5,0.5959867,
260,0,4,0,0.25,0.5,0.21492732,
261,0,4,0,0.25,0.5,0.33796948,
262,0,4,1,0.5,0.0,0.49961057,
263,0,4,0,0.2,0.6,0.24013978,
264,0,4,0,0.25,0.5,0.20108895,
271,0,4,0,0.0,1.0,0.5049886,
276,0,4,0,0.2,0.6,0.20836845,
292,0,4,0,0.25,0.5,0.60584956,
295,0,4,0,0.0,1.0,0.44889987,
298,0,4,0,0.25,0.5,0.38217744,
299,0,4,1,0.8,0.6000000000000001,0.36778426,
314,0,4,0,0.0,1.0,0.5619459,
325,0,4,0,0.0,1.0,0.10241909,
327,0,4,0,0.0,1.0,0.51273113,
337,0,4,0,0.0,1.0,0.6542839,
341,0,4,1,0.6,0.1999999999999999,0.30839986,
347,0,4,0,0.4,0.1999999999999999,0.6033598,
349,0,4,0,0.0,1.0,0.22115517,
350,0,4,0,0.0,1.0,0.37633327,
363,0,4,0,0.0,1.0,0.5529851,
365,0,4,0,0.25,0.5,0.40088868,
368,0,4,1,0.5,0.0,0.7964034,
375,0,4,1,0.5,0.0,0.9500866,
377,0,4,0,0.25,0.5,0.2680338,
379,0,4,1,0.75,0.5,0.51825494,
382,0,4,1,0.5,0.0,0.21109897,
383,0,4,0,0.0,1.0,0.29891676,
386,0,4,0,0.25,0.5,0.58427006,
390,0,4,1,0.75,0.5,0.58071935,
391,0,4,0,0.0,1.0,0.22403145,
393,0,4,0,0.25,0.5,0.33703437,
395,0,4,1,0.5,0.0,0.79766715,
401,0,4,0,0.2,0.6,0.8007964,
418,0,4,0,0.0,1.0,0.53141844,
419,0,4,0,0.4,0.1999999999999999,0.20445606,
424,0,4,1,0.6,0.1999999999999999,0.51110655,
427,0,4,1,0.6,0.1999999999999999,0.93907654,
430,0,4,1,0.6,0.1999999999999999,0.15098837,
432,0,4,0,0.2,0.6,0.85531485,
434,0,4,0,0.0,1.0,0.24227613,
439,0,4,0,0.2,0.6,0.47842064,
450,0,4,0,0.2,0.6,0.38449782,
454,0,4,0,0.0,1.0,0.3901192,
462,0,4,1,0.5,0.0,0.98178667,
464,0,4,0,0.0,1.0,0.9358276,
466,0,4,1,0.5,0.0,0.8421346,
467,0,4,1,1.0,1.0,0.80113983,
476,0,4,0,0.0,1.0,0.72982085,
483,0,4,0,0.25,0.5,0.96283436,
494,0,4,1,0.8,0.6000000000000001,0.56605077,
507,0,4,1,1.0,1.0,0.8121662,
515,0,4,0,0.25,0.5,0.60499287,
522,0,4,0,0.25,0.5,0.04586352,
532,0,4,0,0.0,1.0,0.20012999,
537,0,4,0,0.25,0.5,0.7015864,
546,0,4,1,0.5,0.0,0.7398998,
551,0,4,1,0.6666666666666666,0.3333333333333332,0.88307714,
553,0,4,0,0.0,1.0,0.4441375,
558,0,4,1,0.5,0.0,0.7273237,
562,0,4,0,0.3333333333333333,0.3333333333333333,0.97076714,
568,0,4,1,1.0,1.0,0.5220934,
569,0,4,0,0.1666666666666666,0.6666666666666667,0.76757896,
570,0,4,1,0.6666666666666666,0.3333333333333332,0.77470136,
578,0,4,1,0.5,0.0,0.7177683,
580,0,4,0,0.3333333333333333,0.3333333333333333,0.51331085,
584,0,4,1,0.6666666666666666,0.3333333333333332,0.97873783,
585,0,4,1,0.5,0.0,0.35355246,
593,0,4,1,0.5,0.0,0.9068208,
594,0,4,0,0.0,1.0,0.6021138,
596,0,4,1,0.5,0.0,0.7397906,
599,0,4,0,0.0,1.0,0.3920167,
610,0,4,0,0.25,0.5,0.6324278,
613,0,4,0,0.0,1.0,0.81059504,
616,0,4,1,0.75,0.5,0.16754195,
619,0,4,0,0.25,0.5,0.71585834,
621,0,4,1,0.5,0.0,0.693308,
625,0,4,0,0.0,1.0,0.4006738,
635,0,4,1,0.5,0.0,0.6397836,
644,0,4,0,0.25,0.5,0.56990397,
646,0,4,0,0.0,1.0,0.18016556,
655,0,4,1,0.6666666666666666,0.3333333333333332,0.34547698,
656,0,4,1,0.6666666666666666,0.3333333333333332,0.88152206,
662,0,4,0,0.0,1.0,0.3476658,
663,0,4,0,0.3333333333333333,0.3333333333333333,0.8204193,
668,0,4,0,0.1666666666666666,0.6666666666666667,0.8358327,
678,0,4,0,0.3333333333333333,0.3333333333333333,0.06741453,
679,0,4,0,0.4,0.1999999999999999,0.3974592,
684,0,4,0,0.0,1.0,0.9445224,
688,0,4,0,0.1666666666666666,0.6666666666666667,0.1630674,
700,0,4,1,0.5,0.0,0.75880367,
701,0,4,0,0.1666666666666666,0.6666666666666667,0.7869635,
702,0,4,0,0.1666666666666666,0.6666666666666667,0.96139485,
706,0,4,1,0.6666666666666666,0.3333333333333332,0.6324159,
708,0,4,0,0.0,1.0,0.50887644,
716,0,4,1,0.6666666666666666,0.3333333333333332,0.34445918,
722,0,4,0,0.2,0.6,0.22841363,
724,0,4,0,0.2,0.6,0.19487473,
726,0,4,0,0.0,1.0,0.664279,
734,0,4,0,0.0,1.0,0.4872313,
740,0,4,0,0.1666666666666666,0.6666666666666667,0.5585214,
5,1,0,0,0.2,0.6,0.8521827,
10,1,0,0,0.0,1.0,0.1442779,
12,1,0,0,0.4,0.1999999999999999,0.6284473,
16,1,0,1,0.6,0.1999999999999999,0.3746186,
17,1,0,0,0.4,0.1999999999999999,0.42946658,
25,1,0,0,0.2,0.6,0.7425723,
26,1,0,1,0.8,0.6000000000000001,0.48263726,
30,1,0,0,0.2,0.6,0.5564708,
36,1,0,0,0.2,0.6,0.62679696,
37,1,0,0,0.2,0.6,0.2524563,
46,1,0,0,0.4,0.1999999999999999,0.7479148,
56,1,0,0,0.25,0.5,0.10052547,
63,1,0,0,0.0,1.0,0.40955842,
66,1,0,0,0.0,1.0,0.69337475,
72,1,0,0,0.25,0.5,0.5118732,
81,1,0,0,0.0,1.0,0.21786138,
82,1,0,0,0.25,0.5,0.37846443,
91,1,0,0,0.25,0.5,0.3386458,
93,1,0,0,0.0,1.0,0.7663585,
101,1,0,0,0.3333333333333333,0.3333333333333333,0.21066765,
102,1,0,0,0.0,1.0,0.18372643,
114,1,0,0,0.1111111111111111,0.7777777777777778,0.37696308,
117,1,0,0,0.25,0.5,0.32238165,
118,1,0,0,0.0,1.0,0.62164354,
122,1,0,0,0.0,1.0,0.4441322,
128,1,0,0,0.1111111111111111,0.7777777777777778,0.34463236,
141,1,0,0,0.0,1.0,0.24813937,
142,1,0,0,0.0,1.0,0.84812486,
145,1,0,0,0.4444444444444444,0.1111111111111111,0.1881831,
149,1,0,0,0.3333333333333333,0.3333333333333333,0.24404573,
150,1,0,0,0.0,1.0,0.28472906,
159,1,0,0,0.0,1.0,0.24828947,
179,1,0,0,0.25,0.5,0.90822154,
180,1,0,0,0.0,1.0,0.18101116,
184,1,0,0,0.0,1.0,0.12138435,
187,1,0,0,0.0,1.0,0.1601303,
195,1,0,0,0.0,1.0,0.51345545,
213,1,0,0,0.4,0.1999999999999999,0.71815836,
216,1,0,0,0.0,1.0,0.9500896,
226,1,0,0,0.0,1.0,0.267659,
227,1,0,1,1.0,1.0,0.29610014,
231,1,0,1,0.5,0.0,0.56518215,
232,1,0,0,0.25,0.5,0.34653693,
235,1,0,0,0.0,1.0,0.38255912,
239,1,0,1,0.6,0.1999999999999999,0.26864746,
243,1,0,0,0.0,1.0,0.09845239,
248,1,0,0,0.4,0.1999999999999999,0.53775775,
249,1,0,1,0.6,0.1999999999999999,0.6290778,
250,1,0,0,0.4,0.1999999999999999,0.42790762,
251,1,0,0,0.25,0.5,0.6989701,
257,1,0,0,0.25,0.5,0.17870092,
263,1,0,0,0.2,0.6,0.5130124,
272,1,0,1,0.5,0.0,0.71006536,
273,1,0,1,0.5,0.0,0.15563035,
278,1,0,0,0.25,0.5,0.604332,
285,1,0,0,0.4,0.1999999999999999,0.08234292,
287,1,0,0,0.25,0.5,0.27196485,
288,1,0,1,0.75,0.5,0.47828406,
297,1,0,0,0.0,1.0,0.1991099,
299,1,0,1,0.8,0.6000000000000001,0.25069195,
314,1,0,0,0.0,1.0,0.94532263,
317,1,0,0,0.4,0.1999999999999999,0.95335597,
320,1,0,0,0.0,1.0,0.6530337,
333,1,0,0,0.0,1.0,0.3407662,
335,1,0,1,0.5,0.0,0.75408655,
339,1,0,0,0.0,1.0,0.576589,
341,1,0,1,0.6,0.1999999999999999,0.39455843,
343,1,0,1,0.8,0.6000000000000001,0.9522547,
347,1,0,0,0.4,0.1999999999999999,0.8265461,
350,1,0,0,0.0,1.0,0.28453374,
352,1,0,0,0.25,0.5,0.399634,
357,1,0,1,0.5,0.0,0.034062494,
358,1,0,0,0.25,0.5,0.9508753,
369,1,0,0,0.0,1.0,0.20711008,
373,1,0,0,0.0,1.0,0.53582495,
380,1,0,1,0.75,0.5,0.88504803,
386,1,0,0,0.25,0.5,0.5453427,
388,1,0,1,0.5,0.0,0.14784113,
389,1,0,0,0.25,0.5,0.6391136,
390,1,0,1,0.75,0.5,0.25233305,
393,1,0,0,0.25,0.5,0.35243267,
396,1,0,1,0.75,0.5,0.96714497,
401,1,0,0,0.2,0.6,0.64443165,
402,1,0,1,0.6,0.1999999999999999,0.4309182,
406,1,0,1,0.6,0.1999999999999999,0.8262303,
420,1,0,0,0.0,1.0,0.74069655,
425,1,0,0,0.0,1.0,0.48536682,
428,1,0,1,0.6,0.1999999999999999,0.17586431,
433,1,0,0,0.0,1.0,0.32383436,
444,1,0,0,0.2,0.6,0.43097806,
450,1,0,0,0.2,0.6,0.39188915,
454,1,0,0,0.0,1.0,0.35593998,
455,1,0,0,0.0,1.0,0.1302113,
457,1,0,1,0.5,0.0,0.6484672,
462,1,0,1,0.5,0.0,0.94806945,
475,1,0,0,0.25,0.5,0.45523253,
479,1,0,0,0.0,1.0,0.721955,
482,1,0,0,0.0,1.0,0.19413972,
489,1,0,0,0.0,1.0,0.46294248,
507,1,0,1,1.0,1.0,0.69399726,
511,1,0,1,0.5,0.0,0.29517317,
515,1,0,0,0.25,0.5,0.2574596,
525,1,0,0,0.2,0.6,0.26722735,
531,1,0,1,0.75,0.5,0.4297161,
537,1,0,0,0.25,0.5,0.5253898,
538,1,0,0,0.0,1.0,0.2656127,
540,1,0,0,0.25,0.5,0.58732593,
549,1,0,0,0.0,1.0,0.10626735,
551,1,0,1,0.6666666666666666,0.3333333333333332,0.61554384,
553,1,0,0,0.0,1.0,0.84185666,
559,1,0,1,0.6666666666666666,0.3333333333333332,0.41097435,
560,1,0,0,0.1666666666666666,0.6666666666666667,0.51180536,
563,1,0,0,0.0,1.0,0.25577652,
577,1,0,0,0.1666666666666666,0.6666666666666667,0.35849452,
579,1,0,0,0.3333333333333333,0.3333333333333333,0.30159277,
580,1,0,0,0.3333333333333333,0.3333333333333333,0.2994843,
584,1,0,1,0.6666666666666666,0.3333333333333332,0.92082274,
589,1,0,0,0.3333333333333333,0.3333333333333333,0.3267711,
593,1,0,1,0.5,0.0,0.98428416,
602,1,0,0,0.25,0.5,0.84893715,
604,1,0,1,0.75,0.5,0.20444462,
607,1,0,0,0.0,1.0,0.4919803,
611,1,0,1,0.75,0.5,0.056266766,
616,1,0,1,0.75,0.5,0.6415404,
618,1,0,0,0.0,1.0,0.6925144,
626,1,0,1,0.5,0.0,0.70415556,
630,1,0,1,0.5,0.0,0.4229589,
632,1,0,1,0.5,0.0,0.60031945,
635,1,0,1,0.5,0.0,0.62647045,
639,1,0,0,0.0,1.0,0.68537736,
641,1,0,0,0.0,1.0,0.41673607,
646,1,0,0,0.0,1.0,0.38940427,
648,1,0,1,0.5,0.0,0.4432783,
660,1,0,0,0.1666666666666666,0.6666666666666667,0.20828429,
674,1,0,0,0.3333333333333333,0.3333333333333333,0.6904483,
684,1,0,0,0.0,1.0,0.90145093,
696,1,0,0,0.1666666666666666,0.6666666666666667,0.18438102,
697,1,0,1,0.5,0.0,0.24535027,
698,1,0,1,0.5,0.0,0.35484022,
703,1,0,0,0.0,1.0,0.33855242,
707,1,0,1,0.5,0.0,0.16114572,
710,1,0,0,0.0,1.0,0.11571191,
716,1,0,1,0.6666666666666666,0.3333333333333332,0.6243435,
718,1,0,0,0.1666666666666666,0.6666666666666667,0.85496056,
728,1,0,0,0.2,0.6,0.17540634,
734,1,0,0,0.0,1.0,0.63905406,
735,1,0,0,0.0,1.0,0.5330677,
6,1,1,0,0.2,0.6,0.43320954,
8,1,1,0,0.0,1.0,0.43702978,
9,1,1,0,0.0,1.0,0.7787911,
13,1,1,0,0.2,0.6,0.57939905,
14,1,1,0,0.2,0.6,0.4502276,
21,1,1,0,0.2,0.6,0.73579454,
22,1,1,0,0.2,0.6,0.498493,
29,1,1,0,0.2,0.6,0.4908319,
32,1,1,0,0.2,0.6,0.19412105,
33,1,1,0,0.4,0.1999999999999999,0.36953777,
34,1,1,0,0.1666666666666666,0.6666666666666667,0.79517996,
41,1,1,0,0.2,0.6,0.2548658,
49,1,1,0,0.3333333333333333,0.3333333333333333,0.3964559,
50,1,1,1,0.8,0.6000000000000001,0.9261267,
51,1,1,0,0.25,0.5,0.80523527,
70,1,1,0,0.0,1.0,0.5486721,
71,1,1,0,0.0,1.0,0.39262706,
79,1,1,0,0.25,0.5,0.7151803,
85,1,1,0,0.25,0.5,0.8080068,
86,1,1,0,0.0,1.0,0.4680755,
88,1,1,1,0.5,0.0,0.33618188,
89,1,1,0,0.25,0.5,0.66422844,
94,1,1,0,0.25,0.5,0.4297228,
95,1,1,0,0.25,0.5,0.42828602,
108,1,1,0,0.25,0.5,0.44102103,
109,1,1,0,0.1111111111111111,0.7777777777777778,0.56644636,
115,1,1,0,0.0,1.0,0.7581446,
127,1,1,1,0.6666666666666666,0.3333333333333332,0.6784914,
129,1,1,0,0.2,0.6,0.6212674,
138,1,1,1,0.5555555555555556,0.1111111111111111,0.43208706,
139,1,1,0,0.0,1.0,0.5095066,
140,1,1,0,0.2222222222222222,0.5555555555555556,0.7009693,
156,1,1,0,0.25,0.5,0.6015114,
160,1,1,0,0.1666666666666666,0.6666666666666667,0.3127652,
161,1,1,0,0.0,1.0,0.5090382,
166,1,1,0,0.25,0.5,0.61151683,
175,1,1,0,0.0,1.0,0.4060221,
188,1,1,0,0.0,1.0,0.731111,
193,1,1,0,0.25,0.5,0.54097015,
194,1,1,0,0.0,1.0,0.28951943,
196,1,1,1,0.5,0.0,0.55432,
198,1,1,0,0.0,1.0,0.4634029,
200,1,1,0,0.2,0.6,0.46034342,
205,1,1,0,0.2,0.6,0.38952434,
209,1,1,0,0.2,0.6,0.18839458,
210,1,1,0,0.4,0.1999999999999999,0.8530133,
212,1,1,0,0.2,0.6,0.32847,
222,1,1,0,0.2,0.6,0.36946782,
225,1,1,0,0.2,0.6,0.20782992,
230,1,1,0,0.2,0.6,0.31918812,
234,1,1,0,0.25,0.5,0.74266654,
237,1,1,0,0.4,0.1999999999999999,0.22590983,
241,1,1,1,0.6,0.1999999999999999,0.66405106,
247,1,1,0,0.2,0.6,0.5452008,
262,1,1,1,0.5,0.0,0.6323842,
264,1,1,0,0.25,0.5,0.63403475,
267,1,1,0,0.0,1.0,0.29042667,
271,1,1,0,0.0,1.0,0.44789317,
275,1,1,1,0.5,0.0,0.8073368,
277,1,1,1,0.5,0.0,0.16434535,
280,1,1,0,0.25,0.5,0.30290985,
284,1,1,1,0.5,0.0,0.6784846,
292,1,1,0,0.25,0.5,0.6197425,
293,1,1,1,0.5,0.0,0.7695919,
304,1,1,1,0.8,0.6000000000000001,0.56436706,
312,1,1,0,0.0,1.0,0.6746813,
324,1,1,0,0.2,0.6,0.7912704,
332,1,1,0,0.0,1.0,0.6574378,
342,1,1,0,0.2,0.6,0.43280202,
346,1,1,1,0.6,0.1999999999999999,0.8347289,
351,1,1,0,0.0,1.0,0.9557245,
353,1,1,0,0.0,1.0,0.9548471,
355,1,1,0,0.25,0.5,0.8303848,
356,1,1,0,0.25,0.5,0.8809081,
360,1,1,0,0.25,0.5,0.66514254,
375,1,1,1,0.5,0.0,0.97918916,
378,1,1,1,0.5,0.0,0.71542966,
385,1,1,1,0.5,0.0,0.863884,
387,1,1,0,0.0,1.0,0.37259465,
399,1,1,0,0.25,0.5,0.44043332,
405,1,1,0,0.0,1.0,0.84986305,
407,1,1,0,0.2,0.6,0.9568655,
408,1,1,0,0.4,0.1999999999999999,0.958549,
412,1,1,1,1.0,1.0,0.83967656,
414,1,1,1,0.6,0.1999999999999999,0.84732914,
423,1,1,0,0.0,1.0,0.72938114,
431,1,1,0,0.4,0.1999999999999999,0.7675941,
439,1,1,0,0.2,0.6,0.528417,
445,1,1,0,0.0,1.0,0.9729618,
449,1,1,0,0.4,0.1999999999999999,0.45632946,
460,1,1,0,0.0,1.0,0.7282183,
468,1,1,0,0.25,0.5,0.687965,
470,1,1,0,0.0,1.0,0.9008504,
476,1,1,0,0.0,1.0,0.8340207,
477,1,1,0,0.0,1.0,0.6902437,
478,1,1,0,0.0,1.0,0.34865332,
480,1,1,1,0.5,0.0,0.7870094,
483,1,1,0,0.25,0.5,0.9668803,
485,1,1,1,0.5,0.0,0.71153724,
488,1,1,1,0.5,0.0,0.84527147,
490,1,1,0,0.25,0.5,0.28301287,
493,1,1,0,0.0,1.0,0.24973147,
494,1,1,1,0.8,0.6000000000000001,0.6467903,
497,1,1,0,0.0,1.0,0.12110637,
505,1,1,1,0.5,0.0,0.9527926,
506,1,1,1,0.75,0.5,0.77197754,
510,1,1,1,0.5,0.0,0.6803365,
513,1,1,0,0.0,1.0,0.53670394,
518,1,1,0,0.25,0.5,0.7144958,
519,1,1,0,0.0,1.0,0.6783806,
524,1,1,0,0.0,1.0,0.6090174,
527,1,1,0,0.25,0.5,0.9022002,
528,1,1,0,0.0,1.0,0.5142924,
533,1,1,0,0.0,1.0,0.7650643,
536,1,1,0,0.3333333333333333,0.3333333333333333,0.7803998,
541,1,1,1,0.5,0.0,0.9935854,
542,1,1,0,0.25,0.5,0.52406585,
544,1,1,1,0.5,0.0,0.84440714,
554,1,1,1,0.5,0.0,0.9076819,
556,1,1,0,0.1666666666666666,0.6666666666666667,0.6866305,
564,1,1,1,0.5,0.0,0.95199776,
576,1,1,1,0.5,0.0,0.9274047,
581,1,1,0,0.3333333333333333,0.3333333333333333,0.6540831,
585,1,1,1,0.5,0.0,0.41669077,
591,1,1,1,0.5,0.0,0.5620582,
592,1,1,1,0.6,0.1999999999999999,0.88505316,
598,1,1,0,0.3333333333333333,0.3333333333333333,0.59439445,
620,1,1,1,0.75,0.5,0.8965297,
622,1,1,1,0.75,0.5,0.6184524,
628,1,1,0,0.0,1.0,0.2798143,
637,1,1,1,0.5,0.0,0.7143905,
645,1,1,1,0.75,0.5,0.87828565,
647,1,1,1,0.5,0.0,0.7375246,
658,1,1,0,0.1666666666666666,0.6666666666666667,0.5280657,
659,1,1,1,0.6666666666666666,0.3333333333333332,0.8332141,
668,1,1,0,0.1666666666666666,0.6666666666666667,0.77921796,
670,1,1,1,0.5,0.0,0.62688005,
679,1,1,0,0.4,0.1999999999999999,0.6802709,
686,1,1,0,0.0,1.0,0.5706645,
692,1,1,0,0.0,1.0,0.27906385,
693,1,1,1,0.5,0.0,0.90863264,
695,1,1,0,0.3333333333333333,0.3333333333333333,0.67651033,
699,1,1,0,0.1666666666666666,0.6666666666666667,0.6275614,
704,1,1,0,0.3333333333333333,0.3333333333333333,0.40306252,
706,1,1,1,0.6666666666666666,0.3333333333333332,0.74789214,
712,1,1,0,0.1666666666666666,0.6666666666666667,0.5968248,
729,1,1,0,0.4,0.1999999999999999,0.732476,
1,1,2,0,0.3333333333333333,0.3333333333333333,0.44035885,
3,1,2,0,0.0,1.0,0.38624415,
11,1,2,1,0.6,0.1999999999999999,0.41351497,
18,1,2,1,0.6,0.1999999999999999,0.47503912,
20,1,2,0,0.25,0.5,0.43682995,
28,1,2,0,0.2,0.6,0.74516106,
31,1,2,0,0.1666666666666666,0.6666666666666667,0.15698992,
43,1,2,0,0.2,0.6,0.35724896,
44,1,2,0,0.0,1.0,0.49660587,
60,1,2,0,0.0,1.0,0.5030739,
64,1,2,0,0.3333333333333333,0.3333333333333333,0.28063658,
67,1,2,0,0.0,1.0,0.3287147,
75,1,2,0,0.0,1.0,0.34436342,
90,1,2,1,0.5,0.0,0.35566896,
96,1,2,0,0.0,1.0,0.4122265,
98,1,2,0,0.3333333333333333,0.3333333333333333,0.29386193,
99,1,2,0,0.0,1.0,0.27293605,
106,1,2,1,1.0,1.0,0.48990852,
113,1,2,0,0.1111111111111111,0.7777777777777778,0.68733716,
120,1,2,0,0.0,1.0,0.38335145,
121,1,2,0,0.1111111111111111,0.7777777777777778,0.63946486,
123,1,2,0,0.0,1.0,0.24451876,
124,1,2,0,0.0,1.0,0.54073393,
130,1,2,0,0.1111111111111111,0.7777777777777778,0.51872,
133,1,2,1,0.8888888888888888,0.7777777777777777,0.35674924,
144,1,2,0,0.0,1.0,0.36737433,
151,1,2,0,0.0,1.0,0.57068455,
154,1,2,0,0.25,0.5,0.6173872,
158,1,2,0,0.0,1.0,0.27506977,
163,1,2,0,0.25,0.5,0.54519105,
168,1,2,0,0.25,0.5,0.47131413,
170,1,2,0,0.1666666666666666,0.6666666666666667,0.23088977,
171,1,2,0,0.25,0.5,0.3955003,
173,1,2,0,0.25,0.5,0.54197526,
176,1,2,0,0.0,1.0,0.5256106,
181,1,2,1,0.5,0.0,0.29503128,
182,1,2,0,0.0,1.0,0.87401116,
191,1,2,0,0.0,1.0,0.4212678,
192,1,2,0,0.0,1.0,0.38059923,
197,1,2,0,0.0,1.0,0.652646,
199,1,2,0,0.25,0.5,0.24342313,
201,1,2,0,0.25,0.5,0.53325874,
204,1,2,0,0.4,0.1999999999999999,0.65853655,
217,1,2,0,0.0,1.0,0.35004395,
223,1,2,0,0.2,0.6,0.4642806,
233,1,2,0,0.0,1.0,0.26567972,
236,1,2,0,0.0,1.0,0.26927793,
240,1,2,0,0.2,0.6,0.54169977,
245,1,2,0,0.0,1.0,0.61184955,
258,1,2,0,0.0,1.0,0.26919037,
259,1,2,0,0.0,1.0,0.21969664,
260,1,2,0,0.25,0.5,0.45182782,
270,1,2,0,0.0,1.0,0.2979452,
274,1,2,1,0.5,0.0,0.78910494,
276,1,2,0,0.2,0.6,0.31879508,
279,1,2,0,0.2,0.6,0.12992774,
291,1,2,0,0.0,1.0,0.5573926,
294,1,2,0,0.0,1.0,0.35441327,
309,1,2,1,0.8,0.6000000000000001,0.7870764,
313,1,2,0,0.0,1.0,0.4516016,
315,1,2,1,0.8,0.6000000000000001,0.3539217,
321,1,2,1,0.6,0.1999999999999999,0.52938986,
325,1,2,0,0.0,1.0,0.4527846,
326,1,2,0,0.0,1.0,0.2653562,
327,1,2,0,0.0,1.0,0.42938393,
328,1,2,1,0.6,0.1999999999999999,0.43814135,
330,1,2,0,0.4,0.1999999999999999,0.60804176,
334,1,2,0,0.4,0.1999999999999999,0.5917835,
344,1,2,0,0.2,0.6,0.42324638,
349,1,2,0,0.0,1.0,0.1844002,
362,1,2,1,0.75,0.5,0.66030717,
363,1,2,0,0.0,1.0,0.45853856,
366,1,2,0,0.0,1.0,0.7275626,
368,1,2,1,0.5,0.0,0.7690897,
391,1,2,0,0.0,1.0,0.3963042,
397,1,2,1,0.75,0.5,0.8672208,
404,1,2,1,0.6,0.1999999999999999,0.78049564,
409,1,2,0,0.4,0.1999999999999999,0.9504505,
411,1,2,0,0.2,0.6,0.74556494,
415,1,2,0,0.0,1.0,0.763867,
416,1,2,0,0.0,1.0,0.26478058,
429,1,2,0,0.0,1.0,0.47262323,
435,1,2,0,0.4,0.1999999999999999,0.32979625,
436,1,2,0,0.4,0.1999999999999999,0.70974183,
437,1,2,1,0.6,0.1999999999999999,0.36347985,
464,1,2,0,0.0,1.0,0.64759,
469,1,2,1,0.75,0.5,0.20270686,
472,1,2,0,0.25,0.5,0.3441077,
474,1,2,0,0.0,1.0,0.08111177,
481,1,2,0,0.0,1.0,0.98702157,
484,1,2,0,0.25,0.5,0.32823896,
486,1,2,0,0.25,0.5,0.9769834,
487,1,2,0,0.2,0.6,0.053677924,
498,1,2,0,0.0,1.0,0.45129567,
500,1,2,0,0.25,0.5,0.83953863,
501,1,2,0,0.25,0.5,0.71834004,
502,1,2,1,0.75,0.5,0.84492576,
516,1,2,0,0.0,1.0,0.69472444,
526,1,2,0,0.0,1.0,0.7423153,
534,1,2,1,0.75,0.5,0.6651612,
539,1,2,0,0.25,0.5,0.5158472,
543,1,2,1,0.5,0.0,0.6404499,
545,1,2,0,0.25,0.5,0.63208514,
547,1,2,1,0.5,0.0,0.7151988,
555,1,2,0,0.3333333333333333,0.3333333333333333,0.5782275,
557,1,2,0,0.3333333333333333,0.3333333333333333,0.29927748,
558,1,2,1,0.5,0.0,0.40347618,
567,1,2,0,0.3333333333333333,0.3333333333333333,0.6996174,
571,1,2,1,0.5,0.0,0.6132046,
573,1,2,0,0.3333333333333333,0.3333333333333333,0.51454467,
575,1,2,1,0.5,0.0,0.5082774,
582,1,2,1,0.5,0.0,0.70010304,
587,1,2,1,0.8333333333333334,0.6666666666666667,0.3182157,
595,1,2,1,0.8333333333333334,0.6666666666666667,0.8007473,
597,1,2,0,0.0,1.0,0.39303195,
600,1,2,0,0.1666666666666666,0.6666666666666667,0.24840185,
613,1,2,0,0.0,1.0,0.48316175,
615,1,2,1,0.75,0.5,0.481227,
621,1,2,1,0.5,0.0,0.5465225,
623,1,2,1,0.5,0.0,0.072909646,
629,1,2,1,0.5,0.0,0.64330184,
638,1,2,0,0.25,0.5,0.59189814,
642,1,2,1,0.75,0.5,0.7547165,
649,1,2,1,0.5,0.0,0.56412077,
651,1,2,0,0.3333333333333333,0.3333333333333333,0.5757015,
653,1,2,1,0.5,0.0,0.0976589,
655,1,2,1,0.6666666666666666,0.3333333333333332,0.34472054,
657,1,2,1,0.5,0.0,0.585335,
661,1,2,1,0.8333333333333334,0.6666666666666667,0.91066194,
663,1,2,0,0.3333333333333333,0.3333333333333333,0.8521073,
672,1,2,0,0.0,1.0,0.2673359,
678,1,2,0,0.3333333333333333,0.3333333333333333,0.22488719,
680,1,2,0,0.0,1.0,0.17033118,
687,1,2,0,0.3333333333333333,0.3333333333333333,0.31371787,
688,1,2,0,0.1666666666666666,0.6666666666666667,0.16479176,
690,1,2,0,0.0,1.0,0.6505813,
691,1,2,0,0.1666666666666666,0.6666666666666667,0.5319022,
708,1,2,0,0.0,1.0,0.4252274,
711,1,2,1,0.6,0.1999999999999999,0.6192922,
715,1,2,1,0.5,0.0,0.27606666,
717,1,2,1,0.5,0.0,0.3944422,
719,1,2,0,0.1666666666666666,0.6666666666666667,0.53850555,
725,1,2,0,0.0,1.0,0.52454317,
727,1,2,0,0.4,0.1999999999999999,0.7682164,
731,1,2,0,0.0,1.0,0.46154648,
732,1,2,0,0.0,1.0,0.16789803,
739,1,2,0,0.3333333333333333,0.3333333333333333,0.6531651,
2,1,3,0,0.4,0.1999999999999999,0.1299738,
24,1,3,0,0.0,1.0,0.4821722,
39,1,3,0,0.0,1.0,0.48203376,
40,1,3,0,0.2,0.6,0.41499636,
42,1,3,0,0.0,1.0,0.446909,
45,1,3,0,0.0,1.0,0.11090526,
52,1,3,0,0.25,0.5,0.46762884,
54,1,3,0,0.25,0.5,0.41373882,
57,1,3,1,1.0,1.0,0.4411618,
62,1,3,0,0.25,0.5,0.22906959,
65,1,3,0,0.25,0.5,0.24154565,
68,1,3,0,0.0,1.0,0.17287658,
69,1,3,0,0.0,1.0,0.35473776,
76,1,3,0,0.25,0.5,0.36367935,
77,1,3,0,0.25,0.5,0.3696031,
78,1,3,0,0.0,1.0,0.40981746,
83,1,3,0,0.25,0.5,0.21641865,
84,1,3,0,0.3333333333333333,0.3333333333333333,0.845541,
92,1,3,0,0.0,1.0,0.5189798,
103,1,3,0,0.1111111111111111,0.7777777777777778,0.69400084,
110,1,3,0,0.0,1.0,0.9451109,
119,1,3,0,0.1111111111111111,0.7777777777777778,0.3097862,
126,1,3,0,0.2222222222222222,0.5555555555555556,0.73088443,
131,1,3,0,0.0,1.0,0.8588013,
132,1,3,0,0.2222222222222222,0.5555555555555556,0.7021065,
136,1,3,0,0.3333333333333333,0.3333333333333333,0.26788914,
137,1,3,1,0.6666666666666666,0.3333333333333332,0.23544906,
152,1,3,0,0.0,1.0,0.29798436,
153,1,3,0,0.0,1.0,0.25137419,
155,1,3,0,0.25,0.5,0.85210896,
157,1,3,0,0.25,0.5,0.21206364,
177,1,3,0,0.0,1.0,0.71493626,
186,1,3,0,0.0,1.0,0.27478218,
202,1,3,1,0.6,0.1999999999999999,0.2016975,
203,1,3,0,0.2,0.6,0.5375245,
206,1,3,1,0.5,0.0,0.2178606,
207,1,3,0,0.2,0.6,0.38576934,
208,1,3,0,0.0,1.0,0.12569943,
211,1,3,1,0.6,0.1999999999999999,0.9726246,
215,1,3,0,0.2,0.6,0.2656287,
219,1,3,0,0.0,1.0,0.24598518,
220,1,3,0,0.4,0.1999999999999999,0.48274326,
221,1,3,1,0.8,0.6000000000000001,0.5321295,
229,1,3,0,0.0,1.0,0.054968923,
238,1,3,0,0.25,0.5,0.40767747,
246,1,3,0,0.4,0.1999999999999999,0.3317303,
252,1,3,0,0.0,1.0,0.10329822,
261,1,3,0,0.25,0.5,0.36050254,
265,1,3,1,0.5,0.0,0.38899606,
266,1,3,0,0.25,0.5,0.2567298,
268,1,3,1,0.5,0.0,0.14712372,
282,1,3,0,0.25,0.5,0.19659957,
286,1,3,0,0.2,0.6,0.12223092,
289,1,3,1,0.5,0.0,0.22111222,
298,1,3,0,0.25,0.5,0.7803161,
300,1,3,0,0.0,1.0,0.16734706,
307,1,3,0,0.4,0.1999999999999999,0.42780232,
308,1,3,0,0.4,0.1999999999999999,0.3532508,
310,1,3,0,0.2,0.6,0.38199705,
316,1,3,0,0.4,0.1999999999999999,0.7037013,
318,1,3,0,0.4,0.1999999999999999,0.44142926,
319,1,3,0,0.2,0.6,0.67490447,
322,1,3,1,0.6,0.1999999999999999,0.8336924,
323,1,3,0,0.0,1.0,0.1304751,
329,1,3,0,0.0,1.0,0.322927,
331,1,3,0,0.0,1.0,0.0690185,
336,1,3,0,0.4,0.1999999999999999,0.6865649,
338,1,3,0,0.4,0.1999999999999999,0.52949953,
354,1,3,0,0.25,0.5,0.6104822,
365,1,3,0,0.25,0.5,0.82376,
370,1,3,0,0.0,1.0,0.36211604,
374,1,3,1,0.5,0.0,0.5540399,
376,1,3,1,0.5,0.0,0.17326301,
382,1,3,1,0.5,0.0,0.054759603,
383,1,3,0,0.0,1.0,0.55986494,
384,1,3,0,0.25,0.5,0.42437637,
394,1,3,1,0.5,0.0,0.51239955,
395,1,3,1,0.5,0.0,0.4700629,
398,1,3,0,0.25,0.5,0.059348427,
403,1,3,0,0.0,1.0,0.318896,
417,1,3,0,0.2,0.6,0.4490479,
419,1,3,0,0.4,0.1999999999999999,0.18463776,
426,1,3,1,0.8,0.6000000000000001,0.58808124,
440,1,3,0,0.0,1.0,0.42324638,
443,1,3,0,0.0,1.0,0.34796065,
447,1,3,0,0.0,1.0,0.20120159,
451,1,3,0,0.25,0.5,0.58965814,
465,1,3,1,0.5,0.0,0.8056754,
466,1,3,1,0.5,0.0,0.7709602,
467,1,3,1,1.0,1.0,0.790046,
471,1,3,0,0.0,1.0,0.96114147,
495,1,3,0,0.0,1.0,0.7124436,
496,1,3,1,0.75,0.5,0.714687,
499,1,3,0,0.0,1.0,0.3805019,
503,1,3,0,0.0,1.0,0.49463096,
509,1,3,0,0.25,0.5,0.14044885,
514,1,3,1,0.75,0.5,0.38076794,
520,1,3,1,0.5,0.0,0.53485656,
521,1,3,1,0.75,0.5,0.7184559,
522,1,3,0,0.25,0.5,0.1650151,
523,1,3,0,0.25,0.5,0.35435128,
529,1,3,1,0.5,0.0,0.21995795,
530,1,3,1,0.5,0.0,0.3261698,
535,1,3,0,0.25,0.5,0.3727787,
546,1,3,1,0.5,0.0,0.2541386,
552,1,3,1,0.6666666666666666,0.3333333333333332,0.49497083,
568,1,3,1,1.0,1.0,0.30817503,
570,1,3,1,0.6666666666666666,0.3333333333333332,0.70233893,
574,1,3,0,0.3333333333333333,0.3333333333333333,0.12302497,
583,1,3,1,0.5,0.0,0.54847044,
588,1,3,0,0.1666666666666666,0.6666666666666667,0.5672066,
590,1,3,0,0.3333333333333333,0.3333333333333333,0.19272508,
594,1,3,0,0.0,1.0,0.6429992,
603,1,3,1,0.5,0.0,0.57597065,
610,1,3,0,0.25,0.5,0.7040818,
612,1,3,0,0.0,1.0,0.17525846,
617,1,3,1,0.5,0.0,0.6533472,
619,1,3,0,0.25,0.5,0.39748174,
624,1,3,0,0.25,0.5,0.4059353,
627,1,3,1,0.75,0.5,0.52841103,
631,1,3,0,0.0,1.0,0.15342471,
633,1,3,1,0.5,0.0,0.5293729,
634,1,3,0,0.25,0.5,0.33647054,
636,1,3,0,0.0,1.0,0.12952545,
650,1,3,0,0.0,1.0,0.70848453,
652,1,3,0,0.0,1.0,0.2984738,
654,1,3,0,0.1666666666666666,0.6666666666666667,0.7961529,
656,1,3,1,0.6666666666666666,0.3333333333333332,0.6264884,
664,1,3,1,0.6666666666666666,0.3333333333333332,0.575413,
665,1,3,0,0.1666666666666666,0.6666666666666667,0.70882714,
667,1,3,0,0.3333333333333333,0.3333333333333333,0.8702085,
669,1,3,0,0.3333333333333333,0.3333333333333333,0.5181924,
673,1,3,0,0.3333333333333333,0.3333333333333333,0.15236002,
677,1,3,1,0.6666666666666666,0.3333333333333332,0.70387053,
681,1,3,0,0.1666666666666666,0.6666666666666667,0.4516403,
683,1,3,1,0.8333333333333334,0.6666666666666667,0.8249358,
689,1,3,0,0.0,1.0,0.30437434,
702,1,3,0,0.1666666666666666,0.6666666666666667,0.5602147,
713,1,3,1,0.6,0.1999999999999999,0.4039842,
714,1,3,0,0.3333333333333333,0.3333333333333333,0.2614569,
720,1,3,0,0.0,1.0,0.34273106,
721,1,3,0,0.3333333333333333,0.3333333333333333,0.53550476,
722,1,3,0,0.2,0.6,0.28822228,
723,1,3,0,0.1666666666666666,0.6666666666666667,0.33065417,
726,1,3,0,0.0,1.0,0.38900954,
738,1,3,0,0.3333333333333333,0.3333333333333333,0.40371078,
742,1,3,1,0.5,0.0,0.57399803,
4,1,4,1,0.6,0.1999999999999999,0.04440085,
7,1,4,1,0.6,0.1999999999999999,0.7528044,
15,1,4,0,0.4,0.1999999999999999,0.43823695,
27,1,4,0,0.2,0.6,0.32772934,
35,1,4,1,0.5,0.0,0.5259714,
38,1,4,0,0.0,1.0,0.6006126,
47,1,4,0,0.25,0.5,0.44368082,
48,1,4,1,0.6,0.1999999999999999,0.47570974,
53,1,4,0,0.1666666666666666,0.6666666666666667,0.07157331,
55,1,4,0,0.0,1.0,0.317424,
58,1,4,0,0.25,0.5,0.52729994,
59,1,4,0,0.25,0.5,0.14560191,
61,1,4,0,0.2,0.6,0.30453134,
73,1,4,0,0.0,1.0,0.31157905,
74,1,4,0,0.0,1.0,0.55344224,
80,1,4,0,0.0,1.0,0.5108254,
87,1,4,0,0.0,1.0,0.3316062,
97,1,4,0,0.25,0.5,0.31725308,
100,1,4,0,0.25,0.5,0.77663577,
104,1,4,0,0.1111111111111111,0.7777777777777778,0.46351552,
105,1,4,0,0.0,1.0,0.7171804,
107,1,4,0,0.1111111111111111,0.7777777777777778,0.87139344,
111,1,4,0,0.1111111111111111,0.7777777777777778,0.35777208,
112,1,4,0,0.125,0.75,0.060129434,
116,1,4,0,0.0,1.0,0.31890136,
125,1,4,0,0.125,0.75,0.5002568,
134,1,4,0,0.1111111111111111,0.7777777777777778,0.58885515,
135,1,4,0,0.1666666666666666,0.6666666666666667,0.033399716,
143,1,4,1,0.5555555555555556,0.1111111111111111,0.46217382,
146,1,4,1,0.8888888888888888,0.7777777777777777,0.5236053,
147,1,4,0,0.0,1.0,0.32758832,
148,1,4,0,0.1111111111111111,0.7777777777777778,0.28479362,
162,1,4,0,0.2,0.6,0.52444935,
164,1,4,0,0.0,1.0,0.09335913,
165,1,4,0,0.0,1.0,0.7094593,
167,1,4,0,0.0,1.0,0.73238385,
169,1,4,0,0.0,1.0,0.6019645,
172,1,4,0,0.0,1.0,0.37993497,
174,1,4,1,0.5,0.0,0.36182624,
178,1,4,0,0.0,1.0,0.45801526,
183,1,4,0,0.0,1.0,0.36717314,
185,1,4,0,0.25,0.5,0.2657662,
189,1,4,1,0.5,0.0,0.7162831,
190,1,4,0,0.25,0.5,0.45548052,
214,1,4,0,0.2,0.6,0.22916083,
224,1,4,0,0.4,0.1999999999999999,0.87637436,
228,1,4,0,0.2,0.6,0.5946448,
242,1,4,1,0.6,0.1999999999999999,0.4276446,
244,1,4,1,0.6,0.1999999999999999,0.663936,
253,1,4,0,0.0,1.0,0.56100863,
254,1,4,0,0.25,0.5,0.5546301,
255,1,4,0,0.25,0.5,0.27065784,
269,1,4,1,0.5,0.0,0.24530378,
281,1,4,0,0.0,1.0,0.1954594,
283,1,4,0,0.25,0.5,0.67396325,
290,1,4,0,0.0,1.0,0.55507314,
295,1,4,0,0.0,1.0,0.6071141,
296,1,4,0,0.0,1.0,0.56877565,
302,1,4,0,0.0,1.0,0.4764526,
303,1,4,0,0.0,1.0,0.75406706,
306,1,4,0,0.0,1.0,0.5383851,
311,1,4,0,0.4,0.1999999999999999,0.20865841,
337,1,4,0,0.0,1.0,0.5926784,
340,1,4,1,0.6,0.1999999999999999,0.60623765,
345,1,4,0,0.0,1.0,0.4888181,
348,1,4,0,0.4,0.1999999999999999,0.8097289,
359,1,4,0,0.25,0.5,0.65543103,
361,1,4,0,0.0,1.0,0.5488429,
364,1,4,1,0.5,0.0,0.62820244,
367,1,4,0,0.25,0.5,0.79571956,
371,1,4,0,0.25,0.5,0.91124177,
372,1,4,0,0.25,0.5,0.6937862,
377,1,4,0,0.25,0.5,0.19943061,
379,1,4,1,0.75,0.5,0.7804107,
381,1,4,1,0.75,0.5,0.5766165,
392,1,4,1,0.5,0.0,0.5771843,
400,1,4,1,0.5,0.0,0.5926069,
410,1,4,1,0.6,0.1999999999999999,0.47259602,
413,1,4,0,0.0,1.0,0.6363908,
418,1,4,0,0.0,1.0,0.4072376,
421,1,4,0,0.2,0.6,0.39103878,
422,1,4,1,0.6,0.1999999999999999,0.4268876,
424,1,4,1,0.6,0.1999999999999999,0.49178547,
427,1,4,1,0.6,0.1999999999999999,0.5661947,
430,1,4,1,0.6,0.1999999999999999,0.43188173,
432,1,4,0,0.2,0.6,0.71967685,
434,1,4,0,0.0,1.0,0.114319354,
438,1,4,0,0.1666666666666666,0.6666666666666667,0.62268585,
441,1,4,0,0.2,0.6,0.6700562,
442,1,4,1,0.8,0.6000000000000001,0.86737144,
446,1,4,0,0.2,0.6,0.85060835,
448,1,4,0,0.0,1.0,0.32309896,
452,1,4,0,0.25,0.5,0.33851665,
453,1,4,0,0.25,0.5,0.36638016,
456,1,4,1,0.5,0.0,0.5536545,
458,1,4,0,0.0,1.0,0.30200866,
459,1,4,0,0.25,0.5,0.7137839,
461,1,4,1,0.5,0.0,0.8386739,
463,1,4,0,0.25,0.5,0.7700298,
473,1,4,0,0.25,0.5,0.63111913,
491,1,4,1,0.5,0.0,0.80741465,
492,1,4,0,0.3333333333333333,0.3333333333333333,0.28680018,
504,1,4,1,0.75,0.5,0.38313198,
508,1,4,1,0.75,0.5,0.3420967,
512,1,4,1,1.0,1.0,0.9762926,
517,1,4,0,0.25,0.5,0.31216615,
532,1,4,0,0.0,1.0,0.42154968,
548,1,4,1,0.5,0.0,0.53928137,
550,1,4,0,0.0,1.0,0.5755813,
561,1,4,1,0.5,0.0,0.27821428,
562,1,4,0,0.3333333333333333,0.3333333333333333,0.9524962,
565,1,4,0,0.3333333333333333,0.3333333333333333,0.27849752,
566,1,4,0,0.1666666666666666,0.6666666666666667,0.49817973,
569,1,4,0,0.1666666666666666,0.6666666666666667,0.545622,
572,1,4,1,0.8333333333333334,0.6666666666666667,0.5498878,
578,1,4,1,0.5,0.0,0.5891895,
586,1,4,1,0.6666666666666666,0.3333333333333332,0.52761954,
596,1,4,1,0.5,0.0,0.6184355,
599,1,4,0,0.0,1.0,0.29697454,
601,1,4,0,0.0,1.0,0.21984485,
605,1,4,1,0.5,0.0,0.16644579,
606,1,4,0,0.25,0.5,0.47778767,
608,1,4,0,0.0,1.0,0.6950745,
609,1,4,0,0.25,0.5,0.78106177,
614,1,4,1,0.75,0.5,0.6081667,
625,1,4,0,0.0,1.0,0.69687283,
640,1,4,1,0.75,0.5,0.9322667,
643,1,4,1,0.5,0.0,0.6847553,
644,1,4,0,0.25,0.5,0.67765915,
662,1,4,0,0.0,1.0,0.36890507,
671,1,4,0,0.3333333333333333,0.3333333333333333,0.469949,
675,1,4,0,0.3333333333333333,0.3333333333333333,0.32689232,
676,1,4,0,0.1666666666666666,0.6666666666666667,0.7272234,
682,1,4,0,0.1666666666666666,0.6666666666666667,0.20432277,
685,1,4,0,0.0,1.0,0.067954324,
694,1,4,0,0.3333333333333333,0.3333333333333333,0.57186484,
700,1,4,1,0.5,0.0,0.6625376,
701,1,4,0,0.1666666666666666,0.6666666666666667,0.72373664,
705,1,4,1,0.5,0.0,0.38898003,
709,1,4,0,0.3333333333333333,0.3333333333333333,0.46175444,
724,1,4,0,0.2,0.6,0.37342763,
730,1,4,0,0.3333333333333333,0.3333333333333333,0.22542676,
733,1,4,0,0.1666666666666666,0.6666666666666667,0.08550194,
736,1,4,0,0.0,1.0,0.25903362,
737,1,4,0,0.1666666666666666,0.6666666666666667,0.29492903,
740,1,4,0,0.1666666666666666,0.6666666666666667,0.40572008,
741,1,4,0,0.2,0.6,0.20394436,
1,2,0,0,0.3333333333333333,0.3333333333333333,0.39732477,
4,2,0,1,0.6,0.1999999999999999,0.1338377,
6,2,0,0,0.2,0.6,0.39244655,
10,2,0,0,0.0,1.0,0.10571322,
12,2,0,0,0.4,0.1999999999999999,0.49417254,
18,2,0,1,0.6,0.1999999999999999,0.5396099,
25,2,0,0,0.2,0.6,0.21843895,
33,2,0,0,0.4,0.1999999999999999,0.29391107,
38,2,0,0,0.0,1.0,0.6433518,
44,2,0,0,0.0,1.0,0.4524033,
48,2,0,1,0.6,0.1999999999999999,0.44942087,
57,2,0,1,1.0,1.0,0.31096345,
60,2,0,0,0.0,1.0,0.5123982,
62,2,0,0,0.25,0.5,0.19814879,
70,2,0,0,0.0,1.0,0.54699254,
73,2,0,0,0.0,1.0,0.08822599,
74,2,0,0,0.0,1.0,0.8852353,
80,2,0,0,0.0,1.0,0.5002568,
81,2,0,0,0.0,1.0,0.1844039,
84,2,0,0,0.3333333333333333,0.3333333333333333,0.65622056,
91,2,0,0,0.25,0.5,0.50572425,
98,2,0,0,0.3333333333333333,0.3333333333333333,0.1462928,
104,2,0,0,0.1111111111111111,0.7777777777777778,0.5543678,
108,2,0,0,0.25,0.5,0.25021508,
114,2,0,0,0.1111111111111111,0.7777777777777778,0.55388725,
118,2,0,0,0.0,1.0,0.6318958,
133,2,0,1,0.8888888888888888,0.7777777777777777,0.40567642,
134,2,0,0,0.1111111111111111,0.7777777777777778,0.40227085,
136,2,0,0,0.3333333333333333,0.3333333333333333,0.5060253,
139,2,0,0,0.0,1.0,0.63503873,
141,2,0,0,0.0,1.0,0.17391478,
144,2,0,0,0.0,1.0,0.47277123,
152,2,0,0,0.0,1.0,0.38987213,
162,2,0,0,0.2,0.6,0.15672915,
165,2,0,0,0.0,1.0,0.87238824,
171,2,0,0,0.25,0.5,0.29502493,
173,2,0,0,0.25,0.5,0.23118585,
182,2,0,0,0.0,1.0,0.6723379,
185,2,0,0,0.25,0.5,0.14521433,
188,2,0,0,0.0,1.0,0.95606667,
191,2,0,0,0.0,1.0,0.5337324,
203,2,0,0,0.2,0.6,0.42691928,
222,2,0,0,0.2,0.6,0.5127072,
244,2,0,1,0.6,0.1999999999999999,0.35239357,
248,2,0,0,0.4,0.1999999999999999,0.40236676,
250,2,0,0,0.4,0.1999999999999999,0.34051913,
253,2,0,0,0.0,1.0,0.32283235,
255,2,0,0,0.25,0.5,0.07175776,
257,2,0,0,0.25,0.5,0.14816537,
261,2,0,0,0.25,0.5,0.26318777,
263,2,0,0,0.2,0.6,0.3446847,
265,2,0,1,0.5,0.0,0.489124,
272,2,0,1,0.5,0.0,0.31698728,
273,2,0,1,0.5,0.0,0.24875942,
276,2,0,0,0.2,0.6,0.2765074,
288,2,0,1,0.75,0.5,0.3206762,
322,2,0,1,0.6,0.1999999999999999,0.73874545,
324,2,0,0,0.2,0.6,0.86598384,
326,2,0,0,0.0,1.0,0.22246826,
327,2,0,0,0.0,1.0,0.7607218,
328,2,0,1,0.6,0.1999999999999999,0.20132849,
331,2,0,0,0.0,1.0,0.03516632,
339,2,0,0,0.0,1.0,0.4139385,
343,2,0,1,0.8,0.6000000000000001,0.6653106,
345,2,0,0,0.0,1.0,0.37224305,
346,2,0,1,0.6,0.1999999999999999,0.88951796,
352,2,0,0,0.25,0.5,0.33910522,
353,2,0,0,0.0,1.0,0.8102225,
357,2,0,1,0.5,0.0,0.102509625,
363,2,0,0,0.0,1.0,0.4069767,
367,2,0,0,0.25,0.5,0.5781764,
371,2,0,0,0.25,0.5,0.6723267,
373,2,0,0,0.0,1.0,0.51759756,
375,2,0,1,0.5,0.0,0.7783221,
387,2,0,0,0.0,1.0,0.32272398,
392,2,0,1,0.5,0.0,0.5852346,
393,2,0,0,0.25,0.5,0.2415354,
394,2,0,1,0.5,0.0,0.7386483,
395,2,0,1,0.5,0.0,0.78744566,
398,2,0,0,0.25,0.5,0.472619,
402,2,0,1,0.6,0.1999999999999999,0.4357683,
412,2,0,1,1.0,1.0,0.5622684,
414,2,0,1,0.6,0.1999999999999999,0.8475692,
416,2,0,0,0.0,1.0,0.063828625,
421,2,0,0,0.2,0.6,0.53875583,
428,2,0,1,0.6,0.1999999999999999,0.35569143,
432,2,0,0,0.2,0.6,0.7595929,
435,2,0,0,0.4,0.1999999999999999,0.90186065,
438,2,0,0,0.1666666666666666,0.6666666666666667,0.4319489,
442,2,0,1,0.8,0.6000000000000001,0.8853011,
444,2,0,0,0.2,0.6,0.8937675,
460,2,0,0,0.0,1.0,0.64456534,
465,2,0,1,0.5,0.0,0.8497089,
470,2,0,0,0.0,1.0,0.73002505,
471,2,0,0,0.0,1.0,0.9957742,
474,2,0,0,0.0,1.0,0.055141553,
475,2,0,0,0.25,0.5,0.57425433,
476,2,0,0,0.0,1.0,0.7363474,
485,2,0,1,0.5,0.0,0.31470707,
489,2,0,0,0.0,1.0,0.94391704,
493,2,0,0,0.0,1.0,0.35550606,
498,2,0,0,0.0,1.0,0.52099425,
505,2,0,1,0.5,0.0,0.9045317,
506,2,0,1,0.75,0.5,0.9241593,
515,2,0,0,0.25,0.5,0.7561047,
517,2,0,0,0.25,0.5,0.8198252,
525,2,0,0,0.2,0.6,0.22331505,
526,2,0,0,0.0,1.0,0.94662774,
531,2,0,1,0.75,0.5,0.7754395,
533,2,0,0,0.0,1.0,0.39907855,
534,2,0,1,0.75,0.5,0.9154614,
535,2,0,0,0.25,0.5,0.95773876,
545,2,0,0,0.25,0.5,0.68320084,
547,2,0,1,0.5,0.0,0.89636886,
548,2,0,1,0.5,0.0,0.28833997,
549,2,0,0,0.0,1.0,0.37563792,
552,2,0,1,0.6666666666666666,0.3333333333333332,0.75145376,
563,2,0,0,0.0,1.0,0.54365975,
571,2,0,1,0.5,0.0,0.8440279,
573,2,0,0,0.3333333333333333,0.3333333333333333,0.74865437,
577,2,0,0,0.1666666666666666,0.6666666666666667,0.78331566,
581,2,0,0,0.3333333333333333,0.3333333333333333,0.53790927,
583,2,0,1,0.5,0.0,0.8851255,
584,2,0,1,0.6666666666666666,0.3333333333333332,0.9918542,
588,2,0,0,0.1666666666666666,0.6666666666666667,0.65490174,
594,2,0,0,0.0,1.0,0.7368375,
601,2,0,0,0.0,1.0,0.25944114,
606,2,0,0,0.25,0.5,0.4564892,
615,2,0,1,0.75,0.5,0.69109166,
620,2,0,1,0.75,0.5,0.80325127,
652,2,0,0,0.0,1.0,0.18977839,
655,2,0,1,0.6666666666666666,0.3333333333333332,0.33897972,
656,2,0,1,0.6666666666666666,0.3333333333333332,0.75693554,
660,2,0,0,0.1666666666666666,0.6666666666666667,0.6308047,
661,2,0,1,0.8333333333333334,0.6666666666666667,0.9879461,
662,2,0,0,0.0,1.0,0.45284116,
674,2,0,0,0.3333333333333333,0.3333333333333333,0.67966515,
680,2,0,0,0.0,1.0,0.46915215,
684,2,0,0,0.0,1.0,0.8285521,
689,2,0,0,0.0,1.0,0.39749712,
699,2,0,0,0.1666666666666666,0.6666666666666667,0.57864213,
701,2,0,0,0.1666666666666666,0.6666666666666667,0.62176895,
721,2,0,0,0.3333333333333333,0.3333333333333333,0.5036245,
723,2,0,0,0.1666666666666666,0.6666666666666667,0.44486648,
737,2,0,0,0.1666666666666666,0.6666666666666667,0.26261955,
739,2,0,0,0.3333333333333333,0.3333333333333333,0.20265935,
742,2,0,1,0.5,0.0,0.6825993,
13,2,1,0,0.2,0.6,0.37146273,
14,2,1,0,0.2,0.6,0.19446027,
16,2,1,1,0.6,0.1999999999999999,0.08792393,
20,2,1,0,0.25,0.5,0.16282673,
29,2,1,0,0.2,0.6,0.28209198,
34,2,1,0,0.1666666666666666,0.6666666666666667,0.63011146,
35,2,1,1,0.5,0.0,0.18114,
46,2,1,0,0.4,0.1999999999999999,0.91323316,
67,2,1,0,0.0,1.0,0.027591314,
82,2,1,0,0.25,0.5,0.14791316,
83,2,1,0,0.25,0.5,0.33245635,
85,2,1,0,0.25,0.5,0.1883609,
88,2,1,1,0.5,0.0,0.094789326,
93,2,1,0,0.0,1.0,0.1902267,
103,2,1,0,0.1111111111111111,0.7777777777777778,0.28360894,
116,2,1,0,0.0,1.0,0.15899557,
122,2,1,0,0.0,1.0,0.21483283,
123,2,1,0,0.0,1.0,0.097341985,
124,2,1,0,0.0,1.0,0.49954796,
127,2,1,1,0.6666666666666666,0.3333333333333332,0.23861268,
128,2,1,0,0.1111111111111111,0.7777777777777778,0.1139562,
131,2,1,0,0.0,1.0,0.85687804,
132,2,1,0,0.2222222222222222,0.5555555555555556,0.46249413,
143,2,1,1,0.5555555555555556,0.1111111111111111,0.6797552,
149,2,1,0,0.3333333333333333,0.3333333333333333,0.15379462,
153,2,1,0,0.0,1.0,0.2187008,
157,2,1,0,0.25,0.5,0.061848134,
159,2,1,0,0.0,1.0,0.08155222,
176,2,1,0,0.0,1.0,0.35011095,
181,2,1,1,0.5,0.0,0.12900084,
184,2,1,0,0.0,1.0,0.009038032,
190,2,1,0,0.25,0.5,0.09184719,
196,2,1,1,0.5,0.0,0.3805015,
198,2,1,0,0.0,1.0,0.21753123,
199,2,1,0,0.25,0.5,0.10348895,
207,2,1,0,0.2,0.6,0.21159211,
208,2,1,0,0.0,1.0,0.015430301,
212,2,1,0,0.2,0.6,0.051153034,
216,2,1,0,0.0,1.0,0.6799992,
224,2,1,0,0.4,0.1999999999999999,0.50959325,
227,2,1,1,1.0,1.0,0.15387315,
229,2,1,0,0.0,1.0,0.011892054,
235,2,1,0,0.0,1.0,0.07585782,
240,2,1,0,0.2,0.6,0.3711082,
245,2,1,0,0.0,1.0,0.8067349,
247,2,1,0,0.2,0.6,0.20625389,
258,2,1,0,0.0,1.0,0.18435216,
262,2,1,1,0.5,0.0,0.39487362,
277,2,1,1,0.5,0.0,0.1967383,
278,2,1,0,0.25,0.5,0.12777366,
279,2,1,0,0.2,0.6,0.017704684,
285,2,1,0,0.4,0.1999999999999999,0.009879356,
287,2,1,0,0.25,0.5,0.039048925,
291,2,1,0,0.0,1.0,0.55519515,
292,2,1,0,0.25,0.5,0.9317236,
293,2,1,1,0.5,0.0,0.4003679,
295,2,1,0,0.0,1.0,0.33989576,
300,2,1,0,0.0,1.0,0.015923174,
304,2,1,1,0.8,0.6000000000000001,0.075647116,
307,2,1,0,0.4,0.1999999999999999,0.07920136,
309,2,1,1,0.8,0.6000000000000001,0.54158556,
318,2,1,0,0.4,0.1999999999999999,0.09583607,
347,2,1,0,0.4,0.1999999999999999,0.83401954,
349,2,1,0,0.0,1.0,0.063378684,
351,2,1,0,0.0,1.0,0.81958854,
358,2,1,0,0.25,0.5,0.969488,
359,2,1,0,0.25,0.5,0.51254034,
360,2,1,0,0.25,0.5,0.6032552,
372,2,1,0,0.25,0.5,0.6968974,
374,2,1,1,0.5,0.0,0.40951735,
381,2,1,1,0.75,0.5,0.4787628,
382,2,1,1,0.5,0.0,0.5136985,
383,2,1,0,0.0,1.0,0.08308532,
384,2,1,0,0.25,0.5,0.42535216,
389,2,1,0,0.25,0.5,0.992645,
399,2,1,0,0.25,0.5,0.36852515,
401,2,1,0,0.2,0.6,0.62690043,
405,2,1,0,0.0,1.0,0.35611898,
420,2,1,0,0.0,1.0,0.44263765,
427,2,1,1,0.6,0.1999999999999999,0.8000473,
430,2,1,1,0.6,0.1999999999999999,0.64036345,
431,2,1,0,0.4,0.1999999999999999,0.11918134,
433,2,1,0,0.0,1.0,0.13306743,
447,2,1,0,0.0,1.0,0.064466946,
456,2,1,1,0.5,0.0,0.5801448,
458,2,1,0,0.0,1.0,0.2595439,
461,2,1,1,0.5,0.0,0.7813551,
464,2,1,0,0.0,1.0,0.80360806,
477,2,1,0,0.0,1.0,0.27275577,
488,2,1,1,0.5,0.0,0.9115899,
492,2,1,0,0.3333333333333333,0.3333333333333333,0.053694967,
503,2,1,0,0.0,1.0,0.2579618,
508,2,1,1,0.75,0.5,0.62498665,
509,2,1,0,0.25,0.5,0.18070033,
510,2,1,1,0.5,0.0,0.6551764,
520,2,1,1,0.5,0.0,0.44766375,
521,2,1,1,0.75,0.5,0.930133,
524,2,1,0,0.0,1.0,0.8829075,
528,2,1,0,0.0,1.0,0.2752401,
538,2,1,0,0.0,1.0,0.58332133,
539,2,1,0,0.25,0.5,0.64719987,
541,2,1,1,0.5,0.0,0.9980893,
542,2,1,0,0.25,0.5,0.3715064,
543,2,1,1,0.5,0.0,0.918367,
550,2,1,0,0.0,1.0,0.44953513,
568,2,1,1,1.0,1.0,0.37117803,
569,2,1,0,0.1666666666666666,0.6666666666666667,0.7250525,
575,2,1,1,0.5,0.0,0.90465635,
579,2,1,0,0.3333333333333333,0.3333333333333333,0.41198826,
580,2,1,0,0.3333333333333333,0.3333333333333333,0.5309572,
582,2,1,1,0.5,0.0,0.22759807,
586,2,1,1,0.6666666666666666,0.3333333333333332,0.6409994,
590,2,1,0,0.3333333333333333,0.3333333333333333,0.32232597,
592,2,1,1,0.6,0.1999999999999999,0.99496233,
593,2,1,1,0.5,0.0,0.8583797,
595,2,1,1,0.8333333333333334,0.6666666666666667,0.50115836,
600,2,1,0,0.1666666666666666,0.6666666666666667,0.13809097,
602,2,1,0,0.25,0.5,0.7722753,
603,2,1,1,0.5,0.0,0.26916105,
604,2,1,1,0.75,0.5,0.40440196,
605,2,1,1,0.5,0.0,0.18681966,
610,2,1,0,0.25,0.5,0.733255,
612,2,1,0,0.0,1.0,0.017688334,
617,2,1,1,0.5,0.0,0.77217996,
619,2,1,0,0.25,0.5,0.8739104,
625,2,1,0,0.0,1.0,0.20764607,
638,2,1,0,0.25,0.5,0.8243869,
659,2,1,1,0.6666666666666666,0.3333333333333332,0.7367562,
663,2,1,0,0.3333333333333333,0.3333333333333333,0.94682693,
665,2,1,0,0.1666666666666666,0.6666666666666667,0.44173825,
672,2,1,0,0.0,1.0,0.2296817,
677,2,1,1,0.6666666666666666,0.3333333333333332,0.67124224,
678,2,1,0,0.3333333333333333,0.3333333333333333,0.049858883,
679,2,1,0,0.4,0.1999999999999999,0.35472876,
688,2,1,0,0.1666666666666666,0.6666666666666667,0.08261758,
690,2,1,0,0.0,1.0,0.51762533,
696,2,1,0,0.1666666666666666,0.6666666666666667,0.061418794,
697,2,1,1,0.5,0.0,0.5055906,
706,2,1,1,0.6666666666666666,0.3333333333333332,0.206828,
708,2,1,0,0.0,1.0,0.11497702,
712,2,1,0,0.1666666666666666,0.6666666666666667,0.59770775,
724,2,1,0,0.2,0.6,0.062331837,
726,2,1,0,0.0,1.0,0.46051347,
728,2,1,0,0.2,0.6,0.08656131,
733,2,1,0,0.1666666666666666,0.6666666666666667,0.030115142,
735,2,1,0,0.0,1.0,0.15242893,
736,2,1,0,0.0,1.0,0.3327268,
11,2,2,1,0.6,0.1999999999999999,0.518409,
15,2,2,0,0.4,0.1999999999999999,0.5418633,
21,2,2,0,0.2,0.6,0.78361785,
24,2,2,0,0.0,1.0,0.47210205,
27,2,2,0,0.2,0.6,0.7941983,
28,2,2,0,0.2,0.6,0.443057,
30,2,2,0,0.2,0.6,0.32808536,
31,2,2,0,0.1666666666666666,0.6666666666666667,0.4091751,
37,2,2,0,0.2,0.6,0.28320062,
47,2,2,0,0.25,0.5,0.28648695,
58,2,2,0,0.25,0.5,0.36695898,
59,2,2,0,0.25,0.5,0.096715495,
61,2,2,0,0.2,0.6,0.1691168,
64,2,2,0,0.3333333333333333,0.3333333333333333,0.20560783,
71,2,2,0,0.0,1.0,0.45709056,
76,2,2,0,0.25,0.5,0.43663603,
87,2,2,0,0.0,1.0,0.51903135,
94,2,2,0,0.25,0.5,0.22611088,
95,2,2,0,0.25,0.5,0.31834358,
97,2,2,0,0.25,0.5,0.28240466,
101,2,2,0,0.3333333333333333,0.3333333333333333,0.0694761,
105,2,2,0,0.0,1.0,0.48558068,
111,2,2,0,0.1111111111111111,0.7777777777777778,0.33619606,
113,2,2,0,0.1111111111111111,0.7777777777777778,0.6267847,
120,2,2,0,0.0,1.0,0.13757005,
129,2,2,0,0.2,0.6,0.8371446,
142,2,2,0,0.0,1.0,0.6158079,
148,2,2,0,0.1111111111111111,0.7777777777777778,0.34472263,
150,2,2,0,0.0,1.0,0.55575264,
151,2,2,0,0.0,1.0,0.6895313,
156,2,2,0,0.25,0.5,0.68297327,
158,2,2,0,0.0,1.0,0.24230172,
163,2,2,0,0.25,0.5,0.72764856,
167,2,2,0,0.0,1.0,0.7828641,
168,2,2,0,0.25,0.5,0.3621801,
177,2,2,0,0.0,1.0,0.5058632,
179,2,2,0,0.25,0.5,0.78085226,
187,2,2,0,0.0,1.0,0.22060785,
189,2,2,1,0.5,0.0,0.6391387,
201,2,2,0,0.25,0.5,0.59369427,
205,2,2,0,0.2,0.6,0.20338517,
206,2,2,1,0.5,0.0,0.19076104,
213,2,2,0,0.4,0.1999999999999999,0.7827791,
214,2,2,0,0.2,0.6,0.05578158,
220,2,2,0,0.4,0.1999999999999999,0.42213053,
223,2,2,0,0.2,0.6,0.17721021,
237,2,2,0,0.4,0.1999999999999999,0.37671697,
238,2,2,0,0.25,0.5,0.22475672,
241,2,2,1,0.6,0.1999999999999999,0.20299262,
249,2,2,1,0.6,0.1999999999999999,0.340992,
252,2,2,0,0.0,1.0,0.109614275,
259,2,2,0,0.0,1.0,0.011133526,
264,2,2,0,0.25,0.5,0.39665708,
268,2,2,1,0.5,0.0,0.17744122,
269,2,2,1,0.5,0.0,0.2916565,
270,2,2,0,0.0,1.0,0.28735048,
271,2,2,0,0.0,1.0,0.71834356,
275,2,2,1,0.5,0.0,0.6370592,
280,2,2,0,0.25,0.5,0.48762774,
281,2,2,0,0.0,1.0,0.27479205,
283,2,2,0,0.25,0.5,0.4759249,
284,2,2,1,0.5,0.0,0.7096715,
286,2,2,0,0.2,0.6,0.098698795,
290,2,2,0,0.0,1.0,0.15791047,
296,2,2,0,0.0,1.0,0.40980318,
298,2,2,0,0.25,0.5,0.83124614,
303,2,2,0,0.0,1.0,0.55792373,
306,2,2,0,0.0,1.0,0.689711,
310,2,2,0,0.2,0.6,0.4208036,
312,2,2,0,0.0,1.0,0.5526227,
316,2,2,0,0.4,0.1999999999999999,0.22340825,
333,2,2,0,0.0,1.0,0.5413999,
335,2,2,1,0.5,0.0,0.41940176,
338,2,2,0,0.4,0.1999999999999999,0.6007136,
342,2,2,0,0.2,0.6,0.2789002,
354,2,2,0,0.25,0.5,0.85731035,
355,2,2,0,0.25,0.5,0.88765717,
361,2,2,0,0.0,1.0,0.2829303,
364,2,2,1,0.5,0.0,0.5520626,
376,2,2,1,0.5,0.0,0.097860724,
378,2,2,1,0.5,0.0,0.8687731,
379,2,2,1,0.75,0.5,0.49887156,
388,2,2,1,0.5,0.0,0.39993536,
390,2,2,1,0.75,0.5,0.5807673,
406,2,2,1,0.6,0.1999999999999999,0.29107654,
409,2,2,0,0.4,0.1999999999999999,0.9224454,
411,2,2,0,0.2,0.6,0.37456965,
413,2,2,0,0.0,1.0,0.7550837,
418,2,2,0,0.0,1.0,0.7078939,
422,2,2,1,0.6,0.1999999999999999,0.40712482,
424,2,2,1,0.6,0.1999999999999999,0.29783466,
429,2,2,0,0.0,1.0,0.11988127,
434,2,2,0,0.0,1.0,0.10267103,
441,2,2,0,0.2,0.6,0.82071215,
445,2,2,0,0.0,1.0,0.99134743,
446,2,2,0,0.2,0.6,0.935308,
448,2,2,0,0.0,1.0,0.021757653,
452,2,2,0,0.25,0.5,0.81707186,
462,2,2,1,0.5,0.0,0.9959322,
463,2,2,0,0.25,0.5,0.5614724,
467,2,2,1,1.0,1.0,0.96575665,
480,2,2,1,0.5,0.0,0.63797086,
496,2,2,1,0.75,0.5,0.92774856,
499,2,2,0,0.0,1.0,0.5184114,
512,2,2,1,1.0,1.0,0.9985208,
514,2,2,1,0.75,0.5,0.8068572,
516,2,2,0,0.0,1.0,0.87329733,
518,2,2,0,0.25,0.5,0.8885782,
519,2,2,0,0.0,1.0,0.78865,
530,2,2,1,0.5,0.0,0.7640384,
546,2,2,1,0.5,0.0,0.5908561,
553,2,2,0,0.0,1.0,0.30541953,
554,2,2,1,0.5,0.0,0.9836525,
555,2,2,0,0.3333333333333333,0.3333333333333333,0.9550477,
559,2,2,1,0.6666666666666666,0.3333333333333332,0.4638198,
566,2,2,0,0.1666666666666666,0.6666666666666667,0.7130909,
607,2,2,0,0.0,1.0,0.41928115,
609,2,2,0,0.25,0.5,0.7106435,
613,2,2,0,0.0,1.0,0.40451893,
618,2,2,0,0.0,1.0,0.60719013,
622,2,2,1,0.75,0.5,0.6121217,
623,2,2,1,0.5,0.0,0.13416798,
627,2,2,1,0.75,0.5,0.8291242,
628,2,2,0,0.0,1.0,0.01271357,
630,2,2,1,0.5,0.0,0.4604211,
636,2,2,0,0.0,1.0,0.29430032,
642,2,2,1,0.75,0.5,0.7268769,
643,2,2,1,0.5,0.0,0.58156276,
646,2,2,0,0.0,1.0,0.20722575,
647,2,2,1,0.5,0.0,0.7306297,
650,2,2,0,0.0,1.0,0.43541372,
657,2,2,1,0.5,0.0,0.52416056,
658,2,2,0,0.1666666666666666,0.6666666666666667,0.6567941,
667,2,2,0,0.3333333333333333,0.3333333333333333,0.8750312,
668,2,2,0,0.1666666666666666,0.6666666666666667,0.94599265,
671,2,2,0,0.3333333333333333,0.3333333333333333,0.23538716,
681,2,2,0,0.1666666666666666,0.6666666666666667,0.78503287,
686,2,2,0,0.0,1.0,0.5212824,
692,2,2,0,0.0,1.0,0.29160756,
695,2,2,0,0.3333333333333333,0.3333333333333333,0.41003907,
700,2,2,1,0.5,0.0,0.8479714,
702,2,2,0,0.1666666666666666,0.6666666666666667,0.84251344,
710,2,2,0,0.0,1.0,0.17867748,
713,2,2,1,0.6,0.1999999999999999,0.28223085,
716,2,2,1,0.6666666666666666,0.3333333333333332,0.6393471,
732,2,2,0,0.0,1.0,0.07708076,
738,2,2,0,0.3333333333333333,0.3333333333333333,0.50957716,
2,2,3,0,0.4,0.1999999999999999,0.2548918,
7,2,3,1,0.6,0.1999999999999999,0.54161084,
8,2,3,0,0.0,1.0,0.28112108,
9,2,3,0,0.0,1.0,0.52099705,
26,2,3,1,0.8,0.6000000000000001,0.12117654,
32,2,3,0,0.2,0.6,0.19910772,
39,2,3,0,0.0,1.0,0.13666266,
40,2,3,0,0.2,0.6,0.29171997,
42,2,3,0,0.0,1.0,0.22903132,
45,2,3,0,0.0,1.0,0.1037745,
52,2,3,0,0.25,0.5,0.37830094,
53,2,3,0,0.1666666666666666,0.6666666666666667,0.08489075,
55,2,3,0,0.0,1.0,0.36861032,
56,2,3,0,0.25,0.5,0.13102357,
63,2,3,0,0.0,1.0,0.15078554,
69,2,3,0,0.0,1.0,0.5393545,
75,2,3,0,0.0,1.0,0.3696456,
77,2,3,0,0.25,0.5,0.12170987,
78,2,3,0,0.0,1.0,0.5640595,
79,2,3,0,0.25,0.5,0.628494,
90,2,3,1,0.5,0.0,0.2525831,
92,2,3,0,0.0,1.0,0.2722537,
96,2,3,0,0.0,1.0,0.49276662,
99,2,3,0,0.0,1.0,0.23945238,
100,2,3,0,0.25,0.5,0.60586774,
109,2,3,0,0.1111111111111111,0.7777777777777778,0.37445998,
119,2,3,0,0.1111111111111111,0.7777777777777778,0.618263,
121,2,3,0,0.1111111111111111,0.7777777777777778,0.41093457,
130,2,3,0,0.1111111111111111,0.7777777777777778,0.33273453,
138,2,3,1,0.5555555555555556,0.1111111111111111,0.10201663,
147,2,3,0,0.0,1.0,0.29417634,
160,2,3,0,0.1666666666666666,0.6666666666666667,0.4313622,
164,2,3,0,0.0,1.0,0.054786153,
166,2,3,0,0.25,0.5,0.5182034,
172,2,3,0,0.0,1.0,0.40360916,
180,2,3,0,0.0,1.0,0.22706717,
183,2,3,0,0.0,1.0,0.14325693,
194,2,3,0,0.0,1.0,0.38844007,
195,2,3,0,0.0,1.0,0.3302334,
202,2,3,1,0.6,0.1999999999999999,0.22047836,
210,2,3,0,0.4,0.1999999999999999,0.79194146,
211,2,3,1,0.6,0.1999999999999999,0.92984116,
215,2,3,0,0.2,0.6,0.21224949,
225,2,3,0,0.2,0.6,0.06031829,
226,2,3,0,0.0,1.0,0.2051641,
230,2,3,0,0.2,0.6,0.21292764,
231,2,3,1,0.5,0.0,0.40370405,
232,2,3,0,0.25,0.5,0.24129394,
246,2,3,0,0.4,0.1999999999999999,0.3225822,
251,2,3,0,0.25,0.5,0.84780645,
260,2,3,0,0.25,0.5,0.19118538,
266,2,3,0,0.25,0.5,0.27758616,
267,2,3,0,0.0,1.0,0.018040335,
274,2,3,1,0.5,0.0,0.8802601,
282,2,3,0,0.25,0.5,0.19862258,
297,2,3,0,0.0,1.0,0.03009153,
302,2,3,0,0.0,1.0,0.4069543,
308,2,3,0,0.4,0.1999999999999999,0.4013369,
311,2,3,0,0.4,0.1999999999999999,0.13015851,
314,2,3,0,0.0,1.0,0.58348846,
321,2,3,1,0.6,0.1999999999999999,0.5900614,
325,2,3,0,0.0,1.0,0.15891868,
329,2,3,0,0.0,1.0,0.23701814,
332,2,3,0,0.0,1.0,0.455485,
334,2,3,0,0.4,0.1999999999999999,0.5772414,
336,2,3,0,0.4,0.1999999999999999,0.605032,
337,2,3,0,0.0,1.0,0.56769884,
340,2,3,1,0.6,0.1999999999999999,0.3681868,
341,2,3,1,0.6,0.1999999999999999,0.6677977,
344,2,3,0,0.2,0.6,0.67930293,
348,2,3,0,0.4,0.1999999999999999,0.7382728,
362,2,3,1,0.75,0.5,0.8104758,
368,2,3,1,0.5,0.0,0.6893252,
397,2,3,1,0.75,0.5,0.88092524,
408,2,3,0,0.4,0.1999999999999999,0.9275241,
410,2,3,1,0.6,0.1999999999999999,0.72215456,
425,2,3,0,0.0,1.0,0.49323016,
426,2,3,1,0.8,0.6000000000000001,0.7801505,
436,2,3,0,0.4,0.1999999999999999,0.73305815,
439,2,3,0,0.2,0.6,0.5022532,
440,2,3,0,0.0,1.0,0.90106285,
443,2,3,0,0.0,1.0,0.48364997,
449,2,3,0,0.4,0.1999999999999999,0.5988864,
450,2,3,0,0.2,0.6,0.17709836,
451,2,3,0,0.25,0.5,0.80479556,
453,2,3,0,0.25,0.5,0.4370401,
454,2,3,0,0.0,1.0,0.22854644,
455,2,3,0,0.0,1.0,0.48266113,
459,2,3,0,0.25,0.5,0.73130345,
466,2,3,1,0.5,0.0,0.86804473,
468,2,3,0,0.25,0.5,0.82418084,
469,2,3,1,0.75,0.5,0.464275,
478,2,3,0,0.0,1.0,0.32906345,
479,2,3,0,0.0,1.0,0.57860994,
481,2,3,0,0.0,1.0,0.96480894,
482,2,3,0,0.0,1.0,0.29938605,
483,2,3,0,0.25,0.5,0.9704211,
486,2,3,0,0.25,0.5,0.9812507,
487,2,3,0,0.2,0.6,0.15506035,
490,2,3,0,0.25,0.5,0.16998748,
497,2,3,0,0.0,1.0,0.021484775,
504,2,3,1,0.75,0.5,0.59355885,
513,2,3,0,0.0,1.0,0.6541919,
523,2,3,0,0.25,0.5,0.4881246,
529,2,3,1,0.5,0.0,0.18911289,
536,2,3,0,0.3333333333333333,0.3333333333333333,0.9228216,
544,2,3,1,0.5,0.0,0.95211077,
551,2,3,1,0.6666666666666666,0.3333333333333332,0.5150366,
557,2,3,0,0.3333333333333333,0.3333333333333333,0.2705984,
558,2,3,1,0.5,0.0,0.45287555,
560,2,3,0,0.1666666666666666,0.6666666666666667,0.27243313,
561,2,3,1,0.5,0.0,0.16136518,
565,2,3,0,0.3333333333333333,0.3333333333333333,0.35583818,
570,2,3,1,0.6666666666666666,0.3333333333333332,0.42785078,
574,2,3,0,0.3333333333333333,0.3333333333333333,0.394041,
585,2,3,1,0.5,0.0,0.43523857,
587,2,3,1,0.8333333333333334,0.6666666666666667,0.8162198,
596,2,3,1,0.5,0.0,0.7113968,
597,2,3,0,0.0,1.0,0.34892642,
598,2,3,0,0.3333333333333333,0.3333333333333333,0.30785164,
611,2,3,1,0.75,0.5,0.25745082,
621,2,3,1,0.5,0.0,0.4351018,
629,2,3,1,0.5,0.0,0.64110976,
637,2,3,1,0.5,0.0,0.7883588,
644,2,3,0,0.25,0.5,0.5140052,
648,2,3,1,0.5,0.0,0.6029329,
653,2,3,1,0.5,0.0,0.022258524,
654,2,3,0,0.1666666666666666,0.6666666666666667,0.9240484,
670,2,3,1,0.5,0.0,0.68603575,
682,2,3,0,0.1666666666666666,0.6666666666666667,0.40425885,
683,2,3,1,0.8333333333333334,0.6666666666666667,0.82301784,
685,2,3,0,0.0,1.0,0.044860262,
687,2,3,0,0.3333333333333333,0.3333333333333333,0.655076,
691,2,3,0,0.1666666666666666,0.6666666666666667,0.47332087,
693,2,3,1,0.5,0.0,0.7340242,
704,2,3,0,0.3333333333333333,0.3333333333333333,0.2198533,
705,2,3,1,0.5,0.0,0.2474154,
711,2,3,1,0.6,0.1999999999999999,0.6785953,
717,2,3,1,0.5,0.0,0.3501997,
719,2,3,0,0.1666666666666666,0.6666666666666667,0.69690496,
722,2,3,0,0.2,0.6,0.17290695,
725,2,3,0,0.0,1.0,0.71796906,
727,2,3,0,0.4,0.1999999999999999,0.7751781,
729,2,3,0,0.4,0.1999999999999999,0.5699456,
730,2,3,0,0.3333333333333333,0.3333333333333333,0.33739662,
734,2,3,0,0.0,1.0,0.4698872,
740,2,3,0,0.1666666666666666,0.6666666666666667,0.26101816,
3,2,4,0,0.0,1.0,0.49606815,
5,2,4,0,0.2,0.6,0.5088479,
17,2,4,0,0.4,0.1999999999999999,0.40976006,
22,2,4,0,0.2,0.6,0.27427086,
36,2,4,0,0.2,0.6,0.39748162,
41,2,4,0,0.2,0.6,0.30367392,
43,2,4,0,0.2,0.6,0.17046617,
49,2,4,0,0.3333333333333333,0.3333333333333333,0.49137542,
50,2,4,1,0.8,0.6000000000000001,0.784209,
51,2,4,0,0.25,0.5,0.62619364,
54,2,4,0,0.25,0.5,0.31931865,
65,2,4,0,0.25,0.5,0.15471637,
66,2,4,0,0.0,1.0,0.46907628,
68,2,4,0,0.0,1.0,0.17475724,
72,2,4,0,0.25,0.5,0.42145908,
86,2,4,0,0.0,1.0,0.52688897,
89,2,4,0,0.25,0.5,0.28222045,
102,2,4,0,0.0,1.0,0.043015357,
106,2,4,1,1.0,1.0,0.04380525,
107,2,4,0,0.1111111111111111,0.7777777777777778,0.6247012,
110,2,4,0,0.0,1.0,0.7214117,
112,2,4,0,0.125,0.75,0.01800492,
115,2,4,0,0.0,1.0,0.410842,
117,2,4,0,0.25,0.5,0.3246189,
125,2,4,0,0.125,0.75,0.3768446,
126,2,4,0,0.2222222222222222,0.5555555555555556,0.5284833,
135,2,4,0,0.1666666666666666,0.6666666666666667,0.008952695,
137,2,4,1,0.6666666666666666,0.3333333333333332,0.16965896,
140,2,4,0,0.2222222222222222,0.5555555555555556,0.5668423,
145,2,4,0,0.4444444444444444,0.1111111111111111,0.028589435,
146,2,4,1,0.8888888888888888,0.7777777777777777,0.3570379,
154,2,4,0,0.25,0.5,0.35867745,
155,2,4,0,0.25,0.5,0.72850287,
161,2,4,0,0.0,1.0,0.2926698,
169,2,4,0,0.0,1.0,0.8167995,
170,2,4,0,0.1666666666666666,0.6666666666666667,0.050607927,
174,2,4,1,0.5,0.0,0.15433204,
175,2,4,0,0.0,1.0,0.20543543,
178,2,4,0,0.0,1.0,0.22384796,
186,2,4,0,0.0,1.0,0.5021695,
192,2,4,0,0.0,1.0,0.084967315,
193,2,4,0,0.25,0.5,0.2767514,
197,2,4,0,0.0,1.0,0.19577499,
200,2,4,0,0.2,0.6,0.46211392,
204,2,4,0,0.4,0.1999999999999999,0.47907522,
209,2,4,0,0.2,0.6,0.13959184,
217,2,4,0,0.0,1.0,0.018775636,
219,2,4,0,0.0,1.0,0.35596836,
221,2,4,1,0.8,0.6000000000000001,0.48823315,
228,2,4,0,0.2,0.6,0.20063236,
233,2,4,0,0.0,1.0,0.07476109,
234,2,4,0,0.25,0.5,0.60167235,
236,2,4,0,0.0,1.0,0.11972022,
239,2,4,1,0.6,0.1999999999999999,0.3571395,
242,2,4,1,0.6,0.1999999999999999,0.38542712,
243,2,4,0,0.0,1.0,0.057683248,
254,2,4,0,0.25,0.5,0.41916227,
289,2,4,1,0.5,0.0,0.19371825,
294,2,4,0,0.0,1.0,0.25063664,
299,2,4,1,0.8,0.6000000000000001,0.09143494,
313,2,4,0,0.0,1.0,0.1947069,
315,2,4,1,0.8,0.6000000000000001,0.31641114,
317,2,4,0,0.4,0.1999999999999999,0.78044415,
319,2,4,0,0.2,0.6,0.46514243,
320,2,4,0,0.0,1.0,0.49423328,
323,2,4,0,0.0,1.0,0.17107546,
330,2,4,0,0.4,0.1999999999999999,0.5055312,
350,2,4,0,0.0,1.0,0.5199761,
356,2,4,0,0.25,0.5,0.85901403,
365,2,4,0,0.25,0.5,0.60913384,
366,2,4,0,0.0,1.0,0.53499407,
369,2,4,0,0.0,1.0,0.31420174,
370,2,4,0,0.0,1.0,0.56245923,
377,2,4,0,0.25,0.5,0.25403056,
380,2,4,1,0.75,0.5,0.6583619,
385,2,4,1,0.5,0.0,0.8201791,
386,2,4,0,0.25,0.5,0.42397332,
391,2,4,0,0.0,1.0,0.30909187,
396,2,4,1,0.75,0.5,0.545026,
400,2,4,1,0.5,0.0,0.552855,
403,2,4,0,0.0,1.0,0.23952472,
404,2,4,1,0.6,0.1999999999999999,0.7601905,
407,2,4,0,0.2,0.6,0.7500922,
415,2,4,0,0.0,1.0,0.41137177,
417,2,4,0,0.2,0.6,0.54465294,
419,2,4,0,0.4,0.1999999999999999,0.18264033,
423,2,4,0,0.0,1.0,0.5561045,
437,2,4,1,0.6,0.1999999999999999,0.36511385,
457,2,4,1,0.5,0.0,0.37896204,
472,2,4,0,0.25,0.5,0.3666749,
473,2,4,0,0.25,0.5,0.5326628,
484,2,4,0,0.25,0.5,0.3771908,
491,2,4,1,0.5,0.0,0.54100084,
494,2,4,1,0.8,0.6000000000000001,0.52908504,
495,2,4,0,0.0,1.0,0.63875175,
500,2,4,0,0.25,0.5,0.74712557,
501,2,4,0,0.25,0.5,0.7927473,
502,2,4,1,0.75,0.5,0.8165245,
507,2,4,1,1.0,1.0,0.76000077,
511,2,4,1,0.5,0.0,0.22954687,
522,2,4,0,0.25,0.5,0.02403048,
527,2,4,0,0.25,0.5,0.7527268,
532,2,4,0,0.0,1.0,0.23795703,
537,2,4,0,0.25,0.5,0.5297151,
540,2,4,0,0.25,0.5,0.5261464,
556,2,4,0,0.1666666666666666,0.6666666666666667,0.07229482,
562,2,4,0,0.3333333333333333,0.3333333333333333,0.92520785,
564,2,4,1,0.5,0.0,0.7428521,
567,2,4,0,0.3333333333333333,0.3333333333333333,0.6297618,
572,2,4,1,0.8333333333333334,0.6666666666666667,0.69853276,
576,2,4,1,0.5,0.0,0.742166,
578,2,4,1,0.5,0.0,0.55219054,
589,2,4,0,0.3333333333333333,0.3333333333333333,0.28933233,
591,2,4,1,0.5,0.0,0.33772212,
599,2,4,0,0.0,1.0,0.38106102,
608,2,4,0,0.0,1.0,0.57290673,
614,2,4,1,0.75,0.5,0.37999892,
616,2,4,1,0.75,0.5,0.54673135,
624,2,4,0,0.25,0.5,0.42267352,
626,2,4,1,0.5,0.0,0.3527556,
631,2,4,0,0.0,1.0,0.1180786,
632,2,4,1,0.5,0.0,0.15166652,
633,2,4,1,0.5,0.0,0.524036,
634,2,4,0,0.25,0.5,0.21986413,
635,2,4,1,0.5,0.0,0.78584844,
639,2,4,0,0.0,1.0,0.43434307,
640,2,4,1,0.75,0.5,0.9443991,
641,2,4,0,0.0,1.0,0.5411814,
645,2,4,1,0.75,0.5,0.963933,
649,2,4,1,0.5,0.0,0.5058985,
651,2,4,0,0.3333333333333333,0.3333333333333333,0.20612249,
664,2,4,1,0.6666666666666666,0.3333333333333332,0.77482355,
669,2,4,0,0.3333333333333333,0.3333333333333333,0.48204756,
673,2,4,0,0.3333333333333333,0.3333333333333333,0.043717608,
675,2,4,0,0.3333333333333333,0.3333333333333333,0.057219833,
676,2,4,0,0.1666666666666666,0.6666666666666667,0.66243106,
694,2,4,0,0.3333333333333333,0.3333333333333333,0.5199287,
698,2,4,1,0.5,0.0,0.57930654,
703,2,4,0,0.0,1.0,0.44816637,
707,2,4,1,0.5,0.0,0.1587227,
709,2,4,0,0.3333333333333333,0.3333333333333333,0.2185305,
714,2,4,0,0.3333333333333333,0.3333333333333333,0.28373873,
715,2,4,1,0.5,0.0,0.08373245,
718,2,4,0,0.1666666666666666,0.6666666666666667,0.5451641,
720,2,4,0,0.0,1.0,0.5156113,
731,2,4,0,0.0,1.0,0.2307383,
741,2,4,0,0.2,0.6,0.0046686926,
3,3,0,0,0.0,1.0,0.467925,
5,3,0,0,0.2,0.6,0.6064899,
7,3,0,1,0.6,0.1999999999999999,0.31799564,
25,3,0,0,0.2,0.6,0.19637549,
30,3,0,0,0.2,0.6,0.16862044,
36,3,0,0,0.2,0.6,0.46173537,
37,3,0,0,0.2,0.6,0.11536643,
39,3,0,0,0.0,1.0,0.2272206,
44,3,0,0,0.0,1.0,0.35642585,
48,3,0,1,0.6,0.1999999999999999,0.2631188,
50,3,0,1,0.8,0.6000000000000001,0.8526782,
57,3,0,1,1.0,1.0,0.27577224,
58,3,0,0,0.25,0.5,0.34738338,
59,3,0,0,0.25,0.5,0.2496877,
60,3,0,0,0.0,1.0,0.26134628,
77,3,0,0,0.25,0.5,0.118083864,
78,3,0,0,0.0,1.0,0.44428444,
81,3,0,0,0.0,1.0,0.29933828,
99,3,0,0,0.0,1.0,0.34403998,
114,3,0,0,0.1111111111111111,0.7777777777777778,0.3863574,
115,3,0,0,0.0,1.0,0.22635919,
116,3,0,0,0.0,1.0,0.1887565,
125,3,0,0,0.125,0.75,0.264493,
126,3,0,0,0.2222222222222222,0.5555555555555556,0.29013303,
127,3,0,1,0.6666666666666666,0.3333333333333332,0.26125067,
130,3,0,0,0.1111111111111111,0.7777777777777778,0.32395273,
144,3,0,0,0.0,1.0,0.34005052,
145,3,0,0,0.4444444444444444,0.1111111111111111,0.0757336,
147,3,0,0,0.0,1.0,0.24190426,
149,3,0,0,0.3333333333333333,0.3333333333333333,0.079849094,
154,3,0,0,0.25,0.5,0.43807274,
161,3,0,0,0.0,1.0,0.2558333,
162,3,0,0,0.2,0.6,0.66616416,
166,3,0,0,0.25,0.5,0.3115173,
167,3,0,0,0.0,1.0,0.5216879,
169,3,0,0,0.0,1.0,0.39331675,
181,3,0,1,0.5,0.0,0.18970805,
186,3,0,0,0.0,1.0,0.3037759,
188,3,0,0,0.0,1.0,0.7884594,
190,3,0,0,0.25,0.5,0.25342178,
203,3,0,0,0.2,0.6,0.4878065,
204,3,0,0,0.4,0.1999999999999999,0.18103015,
205,3,0,0,0.2,0.6,0.33134767,
209,3,0,0,0.2,0.6,0.06706982,
210,3,0,0,0.4,0.1999999999999999,0.7248589,
216,3,0,0,0.0,1.0,0.622247,
220,3,0,0,0.4,0.1999999999999999,0.40832466,
225,3,0,0,0.2,0.6,0.2376109,
235,3,0,0,0.0,1.0,0.24816486,
247,3,0,0,0.2,0.6,0.32136175,
253,3,0,0,0.0,1.0,0.18787512,
267,3,0,0,0.0,1.0,0.020311339,
269,3,0,1,0.5,0.0,0.36982602,
271,3,0,0,0.0,1.0,0.42394966,
273,3,0,1,0.5,0.0,0.11480731,
283,3,0,0,0.25,0.5,0.2501595,
284,3,0,1,0.5,0.0,0.7203659,
285,3,0,0,0.4,0.1999999999999999,0.027006507,
291,3,0,0,0.0,1.0,0.53189987,
292,3,0,0,0.25,0.5,0.8675452,
308,3,0,0,0.4,0.1999999999999999,0.50686353,
309,3,0,1,0.8,0.6000000000000001,0.43493915,
320,3,0,0,0.0,1.0,0.24781731,
329,3,0,0,0.0,1.0,0.16424704,
341,3,0,1,0.6,0.1999999999999999,0.48707673,
346,3,0,1,0.6,0.1999999999999999,0.86175025,
348,3,0,0,0.4,0.1999999999999999,0.73408186,
349,3,0,0,0.0,1.0,0.06551799,
351,3,0,0,0.0,1.0,0.8140453,
354,3,0,0,0.25,0.5,0.6795848,
370,3,0,0,0.0,1.0,0.13817403,
373,3,0,0,0.0,1.0,0.42662287,
374,3,0,1,0.5,0.0,0.47288325,
390,3,0,1,0.75,0.5,0.5575485,
391,3,0,0,0.0,1.0,0.2058919,
395,3,0,1,0.5,0.0,0.71672887,
404,3,0,1,0.6,0.1999999999999999,0.9688177,
405,3,0,0,0.0,1.0,0.64277554,
411,3,0,0,0.2,0.6,0.7308833,
412,3,0,1,1.0,1.0,0.6145019,
414,3,0,1,0.6,0.1999999999999999,0.49881345,
415,3,0,0,0.0,1.0,0.7266325,
419,3,0,0,0.4,0.1999999999999999,0.23153496,
425,3,0,0,0.0,1.0,0.5378251,
426,3,0,1,0.8,0.6000000000000001,0.7147232,
435,3,0,0,0.4,0.1999999999999999,0.62010014,
437,3,0,1,0.6,0.1999999999999999,0.402598,
443,3,0,0,0.0,1.0,0.20223895,
453,3,0,0,0.25,0.5,0.48349857,
461,3,0,1,0.5,0.0,0.88917273,
464,3,0,0,0.0,1.0,0.8024918,
467,3,0,1,1.0,1.0,0.8439356,
472,3,0,0,0.25,0.5,0.4005779,
484,3,0,0,0.25,0.5,0.35045415,
488,3,0,1,0.5,0.0,0.8830582,
489,3,0,0,0.0,1.0,0.83900034,
493,3,0,0,0.0,1.0,0.58738685,
498,3,0,0,0.0,1.0,0.12768406,
500,3,0,0,0.25,0.5,0.72384036,
511,3,0,1,0.5,0.0,0.25341564,
522,3,0,0,0.25,0.5,0.09027383,
523,3,0,0,0.25,0.5,0.6855469,
531,3,0,1,0.75,0.5,0.6035412,
534,3,0,1,0.75,0.5,0.71923316,
544,3,0,1,0.5,0.0,0.89838123,
546,3,0,1,0.5,0.0,0.5437118,
554,3,0,1,0.5,0.0,0.75582135,
560,3,0,0,0.1666666666666666,0.6666666666666667,0.45279557,
567,3,0,0,0.3333333333333333,0.3333333333333333,0.504113,
577,3,0,0,0.1666666666666666,0.6666666666666667,0.30914313,
580,3,0,0,0.3333333333333333,0.3333333333333333,0.2775385,
591,3,0,1,0.5,0.0,0.45882708,
596,3,0,1,0.5,0.0,0.78813815,
601,3,0,0,0.0,1.0,0.17858747,
604,3,0,1,0.75,0.5,0.23510922,
613,3,0,0,0.0,1.0,0.6834781,
618,3,0,0,0.0,1.0,0.53650856,
622,3,0,1,0.75,0.5,0.2306687,
633,3,0,1,0.5,0.0,0.73259234,
645,3,0,1,0.75,0.5,0.8906679,
648,3,0,1,0.5,0.0,0.81413877,
650,3,0,0,0.0,1.0,0.39791924,
651,3,0,0,0.3333333333333333,0.3333333333333333,0.47738189,
653,3,0,1,0.5,0.0,0.0881138,
665,3,0,0,0.1666666666666666,0.6666666666666667,0.7625497,
667,3,0,0,0.3333333333333333,0.3333333333333333,0.85920894,
668,3,0,0,0.1666666666666666,0.6666666666666667,0.4015211,
673,3,0,0,0.3333333333333333,0.3333333333333333,0.039500855,
674,3,0,0,0.3333333333333333,0.3333333333333333,0.73959357,
681,3,0,0,0.1666666666666666,0.6666666666666667,0.22978176,
683,3,0,1,0.8333333333333334,0.6666666666666667,0.8376472,
685,3,0,0,0.0,1.0,0.081503905,
689,3,0,0,0.0,1.0,0.09902917,
690,3,0,0,0.0,1.0,0.41654813,
692,3,0,0,0.0,1.0,0.14094022,
694,3,0,0,0.3333333333333333,0.3333333333333333,0.16206974,
703,3,0,0,0.0,1.0,0.57921445,
707,3,0,1,0.5,0.0,0.089539796,
714,3,0,0,0.3333333333333333,0.3333333333333333,0.37678814,
716,3,0,1,0.6666666666666666,0.3333333333333332,0.40861934,
717,3,0,1,0.5,0.0,0.17035377,
723,3,0,0,0.1666666666666666,0.6666666666666667,0.39769417,
725,3,0,0,0.0,1.0,0.72686267,
730,3,0,0,0.3333333333333333,0.3333333333333333,0.17460509,
733,3,0,0,0.1666666666666666,0.6666666666666667,0.20433643,
740,3,0,0,0.1666666666666666,0.6666666666666667,0.64460516,
742,3,0,1,0.5,0.0,0.3665676,
6,3,1,0,0.2,0.6,0.5619599,
10,3,1,0,0.0,1.0,0.30532134,
14,3,1,0,0.2,0.6,0.33601886,
31,3,1,0,0.1666666666666666,0.6666666666666667,0.3389098,
35,3,1,1,0.5,0.0,0.34910327,
41,3,1,0,0.2,0.6,0.23070517,
42,3,1,0,0.0,1.0,0.24205408,
52,3,1,0,0.25,0.5,0.638876,
55,3,1,0,0.0,1.0,0.5299083,
61,3,1,0,0.2,0.6,0.3017026,
62,3,1,0,0.25,0.5,0.45091248,
63,3,1,0,0.0,1.0,0.30330467,
65,3,1,0,0.25,0.5,0.3567911,
66,3,1,0,0.0,1.0,0.5024882,
73,3,1,0,0.0,1.0,0.3098005,
84,3,1,0,0.3333333333333333,0.3333333333333333,0.74175584,
87,3,1,0,0.0,1.0,0.30735582,
91,3,1,0,0.25,0.5,0.36329943,
92,3,1,0,0.0,1.0,0.45948252,
93,3,1,0,0.0,1.0,0.5605497,
97,3,1,0,0.25,0.5,0.37673992,
106,3,1,1,1.0,1.0,0.4125977,
136,3,1,0,0.3333333333333333,0.3333333333333333,0.44024497,
141,3,1,0,0.0,1.0,0.1811937,
151,3,1,0,0.0,1.0,0.60226536,
153,3,1,0,0.0,1.0,0.26423603,
157,3,1,0,0.25,0.5,0.37617943,
160,3,1,0,0.1666666666666666,0.6666666666666667,0.37387562,
174,3,1,1,0.5,0.0,0.21406952,
180,3,1,0,0.0,1.0,0.6122699,
197,3,1,0,0.0,1.0,0.38856423,
198,3,1,0,0.0,1.0,0.39956176,
211,3,1,1,0.6,0.1999999999999999,0.94509757,
215,3,1,0,0.2,0.6,0.36216694,
217,3,1,0,0.0,1.0,0.17795825,
223,3,1,0,0.2,0.6,0.36759686,
231,3,1,1,0.5,0.0,0.38414407,
233,3,1,0,0.0,1.0,0.16252154,
237,3,1,0,0.4,0.1999999999999999,0.25024056,
239,3,1,1,0.6,0.1999999999999999,0.2702493,
242,3,1,1,0.6,0.1999999999999999,0.26390442,
243,3,1,0,0.0,1.0,0.053604983,
244,3,1,1,0.6,0.1999999999999999,0.549343,
248,3,1,0,0.4,0.1999999999999999,0.45896813,
249,3,1,1,0.6,0.1999999999999999,0.34850448,
251,3,1,0,0.25,0.5,0.66934586,
255,3,1,0,0.25,0.5,0.33335012,
257,3,1,0,0.25,0.5,0.14673164,
259,3,1,0,0.0,1.0,0.021907812,
261,3,1,0,0.25,0.5,0.26821125,
264,3,1,0,0.25,0.5,0.47619015,
265,3,1,1,0.5,0.0,0.539117,
266,3,1,0,0.25,0.5,0.45227247,
268,3,1,1,0.5,0.0,0.23398131,
276,3,1,0,0.2,0.6,0.29419547,
288,3,1,1,0.75,0.5,0.42059404,
296,3,1,0,0.0,1.0,0.27529076,
297,3,1,0,0.0,1.0,0.06386627,
306,3,1,0,0.0,1.0,0.70470434,
310,3,1,0,0.2,0.6,0.5164287,
313,3,1,0,0.0,1.0,0.35592234,
314,3,1,0,0.0,1.0,0.7649082,
315,3,1,1,0.8,0.6000000000000001,0.52790385,
317,3,1,0,0.4,0.1999999999999999,0.64086485,
319,3,1,0,0.2,0.6,0.3952046,
326,3,1,0,0.0,1.0,0.21516775,
330,3,1,0,0.4,0.1999999999999999,0.766899,
337,3,1,0,0.0,1.0,0.6389307,
350,3,1,0,0.0,1.0,0.3894558,
355,3,1,0,0.25,0.5,0.47785127,
358,3,1,0,0.25,0.5,0.9021808,
364,3,1,1,0.5,0.0,0.46739483,
366,3,1,0,0.0,1.0,0.5659361,
376,3,1,1,0.5,0.0,0.13181552,
378,3,1,1,0.5,0.0,0.39985013,
383,3,1,0,0.0,1.0,0.34811658,
388,3,1,1,0.5,0.0,0.09207755,
393,3,1,0,0.25,0.5,0.11359903,
394,3,1,1,0.5,0.0,0.7055435,
402,3,1,1,0.6,0.1999999999999999,0.3157363,
403,3,1,0,0.0,1.0,0.37567493,
406,3,1,1,0.6,0.1999999999999999,0.72545445,
408,3,1,0,0.4,0.1999999999999999,0.88571906,
413,3,1,0,0.0,1.0,0.84053564,
420,3,1,0,0.0,1.0,0.50290346,
422,3,1,1,0.6,0.1999999999999999,0.10148258,
430,3,1,1,0.6,0.1999999999999999,0.49036276,
439,3,1,0,0.2,0.6,0.35305732,
441,3,1,0,0.2,0.6,0.70904493,
445,3,1,0,0.0,1.0,0.92907846,
459,3,1,0,0.25,0.5,0.8477962,
462,3,1,1,0.5,0.0,0.8829221,
469,3,1,1,0.75,0.5,0.3611998,
473,3,1,0,0.25,0.5,0.5591398,
475,3,1,0,0.25,0.5,0.48002422,
482,3,1,0,0.0,1.0,0.32264364,
485,3,1,1,0.5,0.0,0.34909177,
490,3,1,0,0.25,0.5,0.20726956,
496,3,1,1,0.75,0.5,0.8446454,
512,3,1,1,1.0,1.0,0.9965521,
518,3,1,0,0.25,0.5,0.4964431,
524,3,1,0,0.0,1.0,0.68214154,
525,3,1,0,0.2,0.6,0.3350483,
532,3,1,0,0.0,1.0,0.3283686,
535,3,1,0,0.25,0.5,0.86064625,
543,3,1,1,0.5,0.0,0.8325112,
545,3,1,0,0.25,0.5,0.36123398,
548,3,1,1,0.5,0.0,0.22277582,
551,3,1,1,0.6666666666666666,0.3333333333333332,0.53810465,
562,3,1,0,0.3333333333333333,0.3333333333333333,0.9673375,
576,3,1,1,0.5,0.0,0.77562165,
579,3,1,0,0.3333333333333333,0.3333333333333333,0.74557817,
581,3,1,0,0.3333333333333333,0.3333333333333333,0.67815155,
585,3,1,1,0.5,0.0,0.55203736,
588,3,1,0,0.1666666666666666,0.6666666666666667,0.70404255,
594,3,1,0,0.0,1.0,0.5839249,
611,3,1,1,0.75,0.5,0.06142389,
625,3,1,0,0.0,1.0,0.5812144,
627,3,1,1,0.75,0.5,0.8903401,
630,3,1,1,0.5,0.0,0.5530676,
632,3,1,1,0.5,0.0,0.5986749,
634,3,1,0,0.25,0.5,0.5958422,
635,3,1,1,0.5,0.0,0.5818345,
638,3,1,0,0.25,0.5,0.6186174,
639,3,1,0,0.0,1.0,0.56368124,
641,3,1,0,0.0,1.0,0.19870856,
643,3,1,1,0.5,0.0,0.43890828,
644,3,1,0,0.25,0.5,0.7239015,
647,3,1,1,0.5,0.0,0.908453,
654,3,1,0,0.1666666666666666,0.6666666666666667,0.8789093,
655,3,1,1,0.6666666666666666,0.3333333333333332,0.31308126,
660,3,1,0,0.1666666666666666,0.6666666666666667,0.73107105,
662,3,1,0,0.0,1.0,0.34932536,
664,3,1,1,0.6666666666666666,0.3333333333333332,0.73433864,
669,3,1,0,0.3333333333333333,0.3333333333333333,0.56311536,
675,3,1,0,0.3333333333333333,0.3333333333333333,0.2127505,
682,3,1,0,0.1666666666666666,0.6666666666666667,0.24828275,
688,3,1,0,0.1666666666666666,0.6666666666666667,0.24364907,
691,3,1,0,0.1666666666666666,0.6666666666666667,0.77328837,
693,3,1,1,0.5,0.0,0.8227219,
710,3,1,0,0.0,1.0,0.19175696,
720,3,1,0,0.0,1.0,0.23916599,
721,3,1,0,0.3333333333333333,0.3333333333333333,0.48393604,
732,3,1,0,0.0,1.0,0.35876974,
734,3,1,0,0.0,1.0,0.51519334,
735,3,1,0,0.0,1.0,0.4694844,
738,3,1,0,0.3333333333333333,0.3333333333333333,0.5782891,
1,3,2,0,0.3333333333333333,0.3333333333333333,0.26831254,
2,3,2,0,0.4,0.1999999999999999,0.0268703,
8,3,2,0,0.0,1.0,0.21575832,
21,3,2,0,0.2,0.6,0.5664443,
22,3,2,0,0.2,0.6,0.4169938,
24,3,2,0,0.0,1.0,0.17430647,
27,3,2,0,0.2,0.6,0.07809317,
34,3,2,0,0.1666666666666666,0.6666666666666667,0.37966543,
38,3,2,0,0.0,1.0,0.47847962,
40,3,2,0,0.2,0.6,0.4315673,
45,3,2,0,0.0,1.0,0.05570343,
47,3,2,0,0.25,0.5,0.2665668,
49,3,2,0,0.3333333333333333,0.3333333333333333,0.25091422,
56,3,2,0,0.25,0.5,0.04598186,
64,3,2,0,0.3333333333333333,0.3333333333333333,0.33233237,
69,3,2,0,0.0,1.0,0.2142518,
86,3,2,0,0.0,1.0,0.34057537,
95,3,2,0,0.25,0.5,0.26606363,
96,3,2,0,0.0,1.0,0.3495525,
100,3,2,0,0.25,0.5,0.5862446,
107,3,2,0,0.1111111111111111,0.7777777777777778,0.4767841,
110,3,2,0,0.0,1.0,0.76866734,
120,3,2,0,0.0,1.0,0.22360814,
121,3,2,0,0.1111111111111111,0.7777777777777778,0.5134045,
123,3,2,0,0.0,1.0,0.186226,
129,3,2,0,0.2,0.6,0.18219222,
131,3,2,0,0.0,1.0,0.8556122,
133,3,2,1,0.8888888888888888,0.7777777777777777,0.31200314,
135,3,2,0,0.1666666666666666,0.6666666666666667,0.06499916,
138,3,2,1,0.5555555555555556,0.1111111111111111,0.21421802,
146,3,2,1,0.8888888888888888,0.7777777777777777,0.33469507,
148,3,2,0,0.1111111111111111,0.7777777777777778,0.13767128,
150,3,2,0,0.0,1.0,0.488334,
155,3,2,0,0.25,0.5,0.28829774,
156,3,2,0,0.25,0.5,0.395413,
163,3,2,0,0.25,0.5,0.486547,
165,3,2,0,0.0,1.0,0.78246564,
170,3,2,0,0.1666666666666666,0.6666666666666667,0.1540585,
173,3,2,0,0.25,0.5,0.17688926,
184,3,2,0,0.0,1.0,0.05070409,
189,3,2,1,0.5,0.0,0.7023833,
191,3,2,0,0.0,1.0,0.35482913,
193,3,2,0,0.25,0.5,0.30868757,
195,3,2,0,0.0,1.0,0.57023567,
196,3,2,1,0.5,0.0,0.5201136,
207,3,2,0,0.2,0.6,0.38183796,
208,3,2,0,0.0,1.0,0.10703212,
214,3,2,0,0.2,0.6,0.08968943,
221,3,2,1,0.8,0.6000000000000001,0.3044063,
227,3,2,1,1.0,1.0,0.28066728,
230,3,2,0,0.2,0.6,0.22140318,
234,3,2,0,0.25,0.5,0.49692044,
262,3,2,1,0.5,0.0,0.37497962,
270,3,2,0,0.0,1.0,0.19891655,
278,3,2,0,0.25,0.5,0.3532063,
280,3,2,0,0.25,0.5,0.36761695,
282,3,2,0,0.25,0.5,0.0481288,
290,3,2,0,0.0,1.0,0.5088743,
294,3,2,0,0.0,1.0,0.4284516,
295,3,2,0,0.0,1.0,0.44021505,
298,3,2,0,0.25,0.5,0.5488968,
299,3,2,1,0.8,0.6000000000000001,0.47857904,
300,3,2,0,0.0,1.0,0.028215788,
304,3,2,1,0.8,0.6000000000000001,0.0985922,
311,3,2,0,0.4,0.1999999999999999,0.13361883,
312,3,2,0,0.0,1.0,0.5075277,
322,3,2,1,0.6,0.1999999999999999,0.9466251,
323,3,2,0,0.0,1.0,0.35514915,
333,3,2,0,0.0,1.0,0.22624856,
334,3,2,0,0.4,0.1999999999999999,0.68189514,
344,3,2,0,0.2,0.6,0.45853215,
357,3,2,1,0.5,0.0,0.0045976574,
367,3,2,0,0.25,0.5,0.5871805,
371,3,2,0,0.25,0.5,0.65645295,
382,3,2,1,0.5,0.0,0.17247961,
396,3,2,1,0.75,0.5,0.6520087,
398,3,2,0,0.25,0.5,0.07212852,
417,3,2,0,0.2,0.6,0.2432636,
421,3,2,0,0.2,0.6,0.729374,
427,3,2,1,0.6,0.1999999999999999,0.44924456,
429,3,2,0,0.0,1.0,0.3263049,
433,3,2,0,0.0,1.0,0.0705291,
434,3,2,0,0.0,1.0,0.0647343,
436,3,2,0,0.4,0.1999999999999999,0.4663124,
438,3,2,0,0.1666666666666666,0.6666666666666667,0.28812498,
442,3,2,1,0.8,0.6000000000000001,0.86005056,
448,3,2,0,0.0,1.0,0.05790603,
451,3,2,0,0.25,0.5,0.82074654,
463,3,2,0,0.25,0.5,0.79829156,
466,3,2,1,0.5,0.0,0.90785116,
471,3,2,0,0.0,1.0,0.96078336,
474,3,2,0,0.0,1.0,0.02699408,
477,3,2,0,0.0,1.0,0.31462526,
481,3,2,0,0.0,1.0,0.96535945,
492,3,2,0,0.3333333333333333,0.3333333333333333,0.35244417,
494,3,2,1,0.8,0.6000000000000001,0.6364535,
502,3,2,1,0.75,0.5,0.60438776,
507,3,2,1,1.0,1.0,0.4822927,
513,3,2,0,0.0,1.0,0.7187468,
530,3,2,1,0.5,0.0,0.64223796,
537,3,2,0,0.25,0.5,0.42962402,
539,3,2,0,0.25,0.5,0.7101035,
540,3,2,0,0.25,0.5,0.6506745,
547,3,2,1,0.5,0.0,0.7105721,
550,3,2,0,0.0,1.0,0.6362369,
553,3,2,0,0.0,1.0,0.38435906,
556,3,2,0,0.1666666666666666,0.6666666666666667,0.17453748,
561,3,2,1,0.5,0.0,0.2922603,
564,3,2,1,0.5,0.0,0.8632455,
569,3,2,0,0.1666666666666666,0.6666666666666667,0.36578003,
582,3,2,1,0.5,0.0,0.5652256,
586,3,2,1,0.6666666666666666,0.3333333333333332,0.39214668,
592,3,2,1,0.6,0.1999999999999999,0.9063227,
593,3,2,1,0.5,0.0,0.7589547,
595,3,2,1,0.8333333333333334,0.6666666666666667,0.80156404,
598,3,2,0,0.3333333333333333,0.3333333333333333,0.5728477,
600,3,2,0,0.1666666666666666,0.6666666666666667,0.18957493,
603,3,2,1,0.5,0.0,0.71191347,
606,3,2,0,0.25,0.5,0.1844306,
607,3,2,0,0.0,1.0,0.36222357,
609,3,2,0,0.25,0.5,0.7811625,
614,3,2,1,0.75,0.5,0.40480155,
615,3,2,1,0.75,0.5,0.5341457,
621,3,2,1,0.5,0.0,0.6268673,
624,3,2,0,0.25,0.5,0.38592154,
626,3,2,1,0.5,0.0,0.68434584,
631,3,2,0,0.0,1.0,0.12802374,
640,3,2,1,0.75,0.5,0.90051794,
642,3,2,1,0.75,0.5,0.60078657,
657,3,2,1,0.5,0.0,0.62926376,
658,3,2,0,0.1666666666666666,0.6666666666666667,0.61352736,
663,3,2,0,0.3333333333333333,0.3333333333333333,0.8736583,
672,3,2,0,0.0,1.0,0.24324372,
679,3,2,0,0.4,0.1999999999999999,0.36467826,
687,3,2,0,0.3333333333333333,0.3333333333333333,0.29987258,
698,3,2,1,0.5,0.0,0.8792816,
699,3,2,0,0.1666666666666666,0.6666666666666667,0.6415243,
702,3,2,0,0.1666666666666666,0.6666666666666667,0.8177428,
705,3,2,1,0.5,0.0,0.16111803,
706,3,2,1,0.6666666666666666,0.3333333333333332,0.71620476,
708,3,2,0,0.0,1.0,0.3600491,
709,3,2,0,0.3333333333333333,0.3333333333333333,0.23931849,
719,3,2,0,0.1666666666666666,0.6666666666666667,0.45103768,
726,3,2,0,0.0,1.0,0.6274856,
736,3,2,0,0.0,1.0,0.41325462,
739,3,2,0,0.3333333333333333,0.3333333333333333,0.182509,
741,3,2,0,0.2,0.6,0.24658296,
4,3,3,1,0.6,0.1999999999999999,0.19945477,
11,3,3,1,0.6,0.1999999999999999,0.3067446,
13,3,3,0,0.2,0.6,0.5306338,
15,3,3,0,0.4,0.1999999999999999,0.33553866,
16,3,3,1,0.6,0.1999999999999999,0.22267894,
18,3,3,1,0.6,0.1999999999999999,0.54582804,
28,3,3,0,0.2,0.6,0.52562696,
29,3,3,0,0.2,0.6,0.43956423,
54,3,3,0,0.25,0.5,0.3735379,
67,3,3,0,0.0,1.0,0.07270402,
71,3,3,0,0.0,1.0,0.2481293,
72,3,3,0,0.25,0.5,0.228734,
74,3,3,0,0.0,1.0,0.7740979,
75,3,3,0,0.0,1.0,0.321237,
79,3,3,0,0.25,0.5,0.568089,
80,3,3,0,0.0,1.0,0.46350762,
82,3,3,0,0.25,0.5,0.3236822,
83,3,3,0,0.25,0.5,0.6677272,
85,3,3,0,0.25,0.5,0.5293,
89,3,3,0,0.25,0.5,0.61996263,
90,3,3,1,0.5,0.0,0.2193998,
94,3,3,0,0.25,0.5,0.27097476,
98,3,3,0,0.3333333333333333,0.3333333333333333,0.15592587,
101,3,3,0,0.3333333333333333,0.3333333333333333,0.16353744,
103,3,3,0,0.1111111111111111,0.7777777777777778,0.4140309,
108,3,3,0,0.25,0.5,0.44510525,
112,3,3,0,0.125,0.75,0.03708604,
119,3,3,0,0.1111111111111111,0.7777777777777778,0.643566,
122,3,3,0,0.0,1.0,0.50006485,
134,3,3,0,0.1111111111111111,0.7777777777777778,0.48587358,
137,3,3,1,0.6666666666666666,0.3333333333333332,0.19577993,
140,3,3,0,0.2222222222222222,0.5555555555555556,0.646793,
152,3,3,0,0.0,1.0,0.27014256,
159,3,3,0,0.0,1.0,0.32086372,
164,3,3,0,0.0,1.0,0.07131558,
177,3,3,0,0.0,1.0,0.42410058,
182,3,3,0,0.0,1.0,0.7506443,
183,3,3,0,0.0,1.0,0.33581972,
192,3,3,0,0.0,1.0,0.22434479,
199,3,3,0,0.25,0.5,0.29859012,
201,3,3,0,0.25,0.5,0.44792423,
213,3,3,0,0.4,0.1999999999999999,0.5040232,
219,3,3,0,0.0,1.0,0.32039422,
226,3,3,0,0.0,1.0,0.19338766,
228,3,3,0,0.2,0.6,0.41317147,
238,3,3,0,0.25,0.5,0.19207618,
241,3,3,1,0.6,0.1999999999999999,0.2562163,
245,3,3,0,0.0,1.0,0.9134722,
250,3,3,0,0.4,0.1999999999999999,0.36481333,
252,3,3,0,0.0,1.0,0.12065199,
258,3,3,0,0.0,1.0,0.16281614,
263,3,3,0,0.2,0.6,0.295789,
272,3,3,1,0.5,0.0,0.35078204,
275,3,3,1,0.5,0.0,0.61137575,
277,3,3,1,0.5,0.0,0.63991964,
279,3,3,0,0.2,0.6,0.03851432,
302,3,3,0,0.0,1.0,0.44336763,
307,3,3,0,0.4,0.1999999999999999,0.37144673,
316,3,3,0,0.4,0.1999999999999999,0.37217945,
318,3,3,0,0.4,0.1999999999999999,0.37519842,
324,3,3,0,0.2,0.6,0.67658067,
328,3,3,1,0.6,0.1999999999999999,0.32681498,
331,3,3,0,0.0,1.0,0.061015375,
332,3,3,0,0.0,1.0,0.44035727,
338,3,3,0,0.4,0.1999999999999999,0.58559537,
339,3,3,0,0.0,1.0,0.31738937,
345,3,3,0,0.0,1.0,0.23794317,
347,3,3,0,0.4,0.1999999999999999,0.9483998,
352,3,3,0,0.25,0.5,0.52148855,
363,3,3,0,0.0,1.0,0.46625376,
375,3,3,1,0.5,0.0,0.92845154,
377,3,3,0,0.25,0.5,0.44991797,
379,3,3,1,0.75,0.5,0.9609848,
380,3,3,1,0.75,0.5,0.869293,
381,3,3,1,0.75,0.5,0.30641967,
384,3,3,0,0.25,0.5,0.88255906,
386,3,3,0,0.25,0.5,0.6490523,
387,3,3,0,0.0,1.0,0.30446202,
389,3,3,0,0.25,0.5,0.930923,
392,3,3,1,0.5,0.0,0.6775533,
407,3,3,0,0.2,0.6,0.87752473,
409,3,3,0,0.4,0.1999999999999999,0.9933163,
416,3,3,0,0.0,1.0,0.015027652,
423,3,3,0,0.0,1.0,0.9194,
424,3,3,1,0.6,0.1999999999999999,0.3321879,
432,3,3,0,0.2,0.6,0.8405413,
440,3,3,0,0.0,1.0,0.9763428,
446,3,3,0,0.2,0.6,0.5470161,
447,3,3,0,0.0,1.0,0.13324022,
452,3,3,0,0.25,0.5,0.46923018,
454,3,3,0,0.0,1.0,0.6861963,
455,3,3,0,0.0,1.0,0.24481235,
456,3,3,1,0.5,0.0,0.55568355,
457,3,3,1,0.5,0.0,0.8534914,
458,3,3,0,0.0,1.0,0.2133112,
476,3,3,0,0.0,1.0,0.801118,
478,3,3,0,0.0,1.0,0.3092483,
479,3,3,0,0.0,1.0,0.77734625,
480,3,3,1,0.5,0.0,0.8375809,
483,3,3,0,0.25,0.5,0.9926833,
487,3,3,0,0.2,0.6,0.18272886,
491,3,3,1,0.5,0.0,0.9234662,
499,3,3,0,0.0,1.0,0.33455932,
503,3,3,0,0.0,1.0,0.69928056,
505,3,3,1,0.5,0.0,0.9165938,
506,3,3,1,0.75,0.5,0.7354311,
508,3,3,1,0.75,0.5,0.7338605,
515,3,3,0,0.25,0.5,0.48361388,
516,3,3,0,0.0,1.0,0.9197987,
519,3,3,0,0.0,1.0,0.6077937,
521,3,3,1,0.75,0.5,0.9065322,
526,3,3,0,0.0,1.0,0.933836,
529,3,3,1,0.5,0.0,0.30761936,
541,3,3,1,0.5,0.0,0.99760526,
542,3,3,0,0.25,0.5,0.6583669,
549,3,3,0,0.0,1.0,0.23524663,
552,3,3,1,0.6666666666666666,0.3333333333333332,0.68990636,
555,3,3,0,0.3333333333333333,0.3333333333333333,0.69939476,
558,3,3,1,0.5,0.0,0.4353767,
568,3,3,1,1.0,1.0,0.5348799,
570,3,3,1,0.6666666666666666,0.3333333333333332,0.81450343,
573,3,3,0,0.3333333333333333,0.3333333333333333,0.8504931,
575,3,3,1,0.5,0.0,0.9498872,
578,3,3,1,0.5,0.0,0.5468289,
583,3,3,1,0.5,0.0,0.95199144,
589,3,3,0,0.3333333333333333,0.3333333333333333,0.7733643,
590,3,3,0,0.3333333333333333,0.3333333333333333,0.9079431,
597,3,3,0,0.0,1.0,0.31374252,
610,3,3,0,0.25,0.5,0.7268425,
617,3,3,1,0.5,0.0,0.82996553,
629,3,3,1,0.5,0.0,0.9005194,
636,3,3,0,0.0,1.0,0.59950495,
637,3,3,1,0.5,0.0,0.27098346,
646,3,3,0,0.0,1.0,0.2054199,
652,3,3,0,0.0,1.0,0.16580084,
671,3,3,0,0.3333333333333333,0.3333333333333333,0.35277742,
677,3,3,1,0.6666666666666666,0.3333333333333332,0.7774514,
678,3,3,0,0.3333333333333333,0.3333333333333333,0.060197003,
680,3,3,0,0.0,1.0,0.34488505,
686,3,3,0,0.0,1.0,0.21864946,
695,3,3,0,0.3333333333333333,0.3333333333333333,0.74798906,
697,3,3,1,0.5,0.0,0.49776047,
704,3,3,0,0.3333333333333333,0.3333333333333333,0.30584595,
713,3,3,1,0.6,0.1999999999999999,0.14169502,
722,3,3,0,0.2,0.6,0.13021545,
729,3,3,0,0.4,0.1999999999999999,0.55105066,
737,3,3,0,0.1666666666666666,0.6666666666666667,0.13898651,
9,3,4,0,0.0,1.0,0.64252067,
12,3,4,0,0.4,0.1999999999999999,0.44552737,
17,3,4,0,0.4,0.1999999999999999,0.35222316,
20,3,4,0,0.25,0.5,0.25892466,
26,3,4,1,0.8,0.6000000000000001,0.22239743,
32,3,4,0,0.2,0.6,0.13050252,
33,3,4,0,0.4,0.1999999999999999,0.16453126,
43,3,4,0,0.2,0.6,0.372109,
46,3,4,0,0.4,0.1999999999999999,0.5750997,
51,3,4,0,0.25,0.5,0.50901914,
53,3,4,0,0.1666666666666666,0.6666666666666667,0.059951793,
68,3,4,0,0.0,1.0,0.16113597,
70,3,4,0,0.0,1.0,0.063606024,
76,3,4,0,0.25,0.5,0.4081785,
88,3,4,1,0.5,0.0,0.09511769,
102,3,4,0,0.0,1.0,0.105523184,
104,3,4,0,0.1111111111111111,0.7777777777777778,0.34967566,
105,3,4,0,0.0,1.0,0.6098037,
109,3,4,0,0.1111111111111111,0.7777777777777778,0.2583666,
111,3,4,0,0.1111111111111111,0.7777777777777778,0.04137096,
113,3,4,0,0.1111111111111111,0.7777777777777778,0.57139957,
117,3,4,0,0.25,0.5,0.42796588,
118,3,4,0,0.0,1.0,0.3565579,
124,3,4,0,0.0,1.0,0.6149061,
128,3,4,0,0.1111111111111111,0.7777777777777778,0.20739947,
132,3,4,0,0.2222222222222222,0.5555555555555556,0.4121341,
139,3,4,0,0.0,1.0,0.46241188,
142,3,4,0,0.0,1.0,0.4406711,
143,3,4,1,0.5555555555555556,0.1111111111111111,0.64589155,
158,3,4,0,0.0,1.0,0.20842026,
168,3,4,0,0.25,0.5,0.152051,
171,3,4,0,0.25,0.5,0.24740312,
172,3,4,0,0.0,1.0,0.3546188,
175,3,4,0,0.0,1.0,0.2565098,
176,3,4,0,0.0,1.0,0.27386862,
178,3,4,0,0.0,1.0,0.20243853,
179,3,4,0,0.25,0.5,0.5772468,
185,3,4,0,0.25,0.5,0.15765351,
187,3,4,0,0.0,1.0,0.19183488,
194,3,4,0,0.0,1.0,0.54093826,
200,3,4,0,0.2,0.6,0.26968533,
202,3,4,1,0.6,0.1999999999999999,0.28801978,
206,3,4,1,0.5,0.0,0.35726243,
212,3,4,0,0.2,0.6,0.04290505,
222,3,4,0,0.2,0.6,0.109106496,
224,3,4,0,0.4,0.1999999999999999,0.7859131,
229,3,4,0,0.0,1.0,0.011648822,
232,3,4,0,0.25,0.5,0.3597475,
236,3,4,0,0.0,1.0,0.17623696,
240,3,4,0,0.2,0.6,0.51740193,
246,3,4,0,0.4,0.1999999999999999,0.16950017,
254,3,4,0,0.25,0.5,0.6693294,
260,3,4,0,0.25,0.5,0.067799225,
274,3,4,1,0.5,0.0,0.8491756,
281,3,4,0,0.0,1.0,0.14323008,
286,3,4,0,0.2,0.6,0.28313336,
287,3,4,0,0.25,0.5,0.12885475,
289,3,4,1,0.5,0.0,0.21660578,
293,3,4,1,0.5,0.0,0.12437295,
303,3,4,0,0.0,1.0,0.42930457,
321,3,4,1,0.6,0.1999999999999999,0.5182665,
325,3,4,0,0.0,1.0,0.6035217,
327,3,4,0,0.0,1.0,0.26256567,
335,3,4,1,0.5,0.0,0.34269482,
336,3,4,0,0.4,0.1999999999999999,0.5573417,
340,3,4,1,0.6,0.1999999999999999,0.36799586,
342,3,4,0,0.2,0.6,0.30245706,
343,3,4,1,0.8,0.6000000000000001,0.7844749,
353,3,4,0,0.0,1.0,0.7519131,
356,3,4,0,0.25,0.5,0.86859596,
359,3,4,0,0.25,0.5,0.71295595,
360,3,4,0,0.25,0.5,0.6478502,
361,3,4,0,0.0,1.0,0.29798567,
362,3,4,1,0.75,0.5,0.68399596,
365,3,4,0,0.25,0.5,0.5634814,
368,3,4,1,0.5,0.0,0.68099946,
369,3,4,0,0.0,1.0,0.45267385,
372,3,4,0,0.25,0.5,0.63401496,
385,3,4,1,0.5,0.0,0.61858225,
397,3,4,1,0.75,0.5,0.7143564,
399,3,4,0,0.25,0.5,0.54872787,
400,3,4,1,0.5,0.0,0.6296724,
401,3,4,0,0.2,0.6,0.44778803,
410,3,4,1,0.6,0.1999999999999999,0.49585357,
418,3,4,0,0.0,1.0,0.59505886,
428,3,4,1,0.6,0.1999999999999999,0.0903824,
431,3,4,0,0.4,0.1999999999999999,0.105157524,
444,3,4,0,0.2,0.6,0.44415143,
449,3,4,0,0.4,0.1999999999999999,0.42163613,
450,3,4,0,0.2,0.6,0.20349917,
460,3,4,0,0.0,1.0,0.29801342,
465,3,4,1,0.5,0.0,0.718527,
468,3,4,0,0.25,0.5,0.8034797,
470,3,4,0,0.0,1.0,0.47047058,
486,3,4,0,0.25,0.5,0.9792341,
495,3,4,0,0.0,1.0,0.661973,
497,3,4,0,0.0,1.0,0.032901254,
501,3,4,0,0.25,0.5,0.869331,
504,3,4,1,0.75,0.5,0.41446885,
509,3,4,0,0.25,0.5,0.10022537,
510,3,4,1,0.5,0.0,0.53148067,
514,3,4,1,0.75,0.5,0.4756222,
517,3,4,0,0.25,0.5,0.49977905,
520,3,4,1,0.5,0.0,0.4404313,
527,3,4,0,0.25,0.5,0.80374485,
528,3,4,0,0.0,1.0,0.35156846,
533,3,4,0,0.0,1.0,0.69394577,
536,3,4,0,0.3333333333333333,0.3333333333333333,0.46989053,
538,3,4,0,0.0,1.0,0.7437215,
557,3,4,0,0.3333333333333333,0.3333333333333333,0.33110029,
559,3,4,1,0.6666666666666666,0.3333333333333332,0.3391484,
563,3,4,0,0.0,1.0,0.23002373,
565,3,4,0,0.3333333333333333,0.3333333333333333,0.3971878,
566,3,4,0,0.1666666666666666,0.6666666666666667,0.5298723,
571,3,4,1,0.5,0.0,0.32451835,
572,3,4,1,0.8333333333333334,0.6666666666666667,0.72162545,
574,3,4,0,0.3333333333333333,0.3333333333333333,0.2574305,
584,3,4,1,0.6666666666666666,0.3333333333333332,0.96228015,
587,3,4,1,0.8333333333333334,0.6666666666666667,0.46582127,
599,3,4,0,0.0,1.0,0.09842351,
602,3,4,0,0.25,0.5,0.49118856,
605,3,4,1,0.5,0.0,0.3742541,
608,3,4,0,0.0,1.0,0.48530143,
612,3,4,0,0.0,1.0,0.10441007,
616,3,4,1,0.75,0.5,0.53813463,
619,3,4,0,0.25,0.5,0.6125935,
620,3,4,1,0.75,0.5,0.87934613,
623,3,4,1,0.5,0.0,0.15344435,
628,3,4,0,0.0,1.0,0.08971205,
649,3,4,1,0.5,0.0,0.62024546,
656,3,4,1,0.6666666666666666,0.3333333333333332,0.74793,
659,3,4,1,0.6666666666666666,0.3333333333333332,0.4873562,
661,3,4,1,0.8333333333333334,0.6666666666666667,0.9429142,
670,3,4,1,0.5,0.0,0.6264538,
676,3,4,0,0.1666666666666666,0.6666666666666667,0.5103413,
684,3,4,0,0.0,1.0,0.8271929,
696,3,4,0,0.1666666666666666,0.6666666666666667,0.26804328,
700,3,4,1,0.5,0.0,0.68156457,
701,3,4,0,0.1666666666666666,0.6666666666666667,0.45241064,
711,3,4,1,0.6,0.1999999999999999,0.60305715,
712,3,4,0,0.1666666666666666,0.6666666666666667,0.5353318,
715,3,4,1,0.5,0.0,0.2447742,
718,3,4,0,0.1666666666666666,0.6666666666666667,0.52164274,
724,3,4,0,0.2,0.6,0.093688264,
727,3,4,0,0.4,0.1999999999999999,0.572944,
728,3,4,0,0.2,0.6,0.12408283,
731,3,4,0,0.0,1.0,0.28260273,
3,4,0,0,0.0,1.0,0.3348062,
8,4,0,0,0.0,1.0,0.2449421,
10,4,0,0,0.0,1.0,0.42097968,
11,4,0,1,0.6,0.1999999999999999,0.19238037,
13,4,0,0,0.2,0.6,0.37482077,
18,4,0,1,0.6,0.1999999999999999,0.46781152,
24,4,0,0,0.0,1.0,0.28612843,
25,4,0,0,0.2,0.6,0.31692934,
29,4,0,0,0.2,0.6,0.38877887,
30,4,0,0,0.2,0.6,0.29707795,
31,4,0,0,0.1666666666666666,0.6666666666666667,0.20178893,
34,4,0,0,0.1666666666666666,0.6666666666666667,0.77022755,
36,4,0,0,0.2,0.6,0.4108892,
44,4,0,0,0.0,1.0,0.29954544,
46,4,0,0,0.4,0.1999999999999999,0.89860344,
47,4,0,0,0.25,0.5,0.383483,
51,4,0,0,0.25,0.5,0.44343305,
52,4,0,0,0.25,0.5,0.2763235,
57,4,0,1,1.0,1.0,0.48584056,
60,4,0,0,0.0,1.0,0.5008285,
67,4,0,0,0.0,1.0,0.21092781,
70,4,0,0,0.0,1.0,0.41517472,
83,4,0,0,0.25,0.5,0.38779795,
90,4,0,1,0.5,0.0,0.23200513,
94,4,0,0,0.25,0.5,0.37563956,
110,4,0,0,0.0,1.0,0.66372347,
111,4,0,0,0.1111111111111111,0.7777777777777778,0.25975284,
116,4,0,0,0.0,1.0,0.29523647,
121,4,0,0,0.1111111111111111,0.7777777777777778,0.43532273,
124,4,0,0,0.0,1.0,0.43873015,
128,4,0,0,0.1111111111111111,0.7777777777777778,0.28159115,
151,4,0,0,0.0,1.0,0.35888448,
159,4,0,0,0.0,1.0,0.21255201,
169,4,0,0,0.0,1.0,0.62838423,
182,4,0,0,0.0,1.0,0.56598604,
185,4,0,0,0.25,0.5,0.30203074,
189,4,0,1,0.5,0.0,0.519997,
190,4,0,0,0.25,0.5,0.23696575,
191,4,0,0,0.0,1.0,0.4216972,
192,4,0,0,0.0,1.0,0.51899254,
198,4,0,0,0.0,1.0,0.52677983,
200,4,0,0,0.2,0.6,0.43249384,
205,4,0,0,0.2,0.6,0.15178332,
213,4,0,0,0.4,0.1999999999999999,0.5835922,
226,4,0,0,0.0,1.0,0.24165758,
230,4,0,0,0.2,0.6,0.14925858,
233,4,0,0,0.0,1.0,0.18947768,
234,4,0,0,0.25,0.5,0.63947964,
236,4,0,0,0.0,1.0,0.30410102,
240,4,0,0,0.2,0.6,0.62064195,
241,4,0,1,0.6,0.1999999999999999,0.26184452,
242,4,0,1,0.6,0.1999999999999999,0.29782322,
246,4,0,0,0.4,0.1999999999999999,0.42977983,
248,4,0,0,0.4,0.1999999999999999,0.40525082,
252,4,0,0,0.0,1.0,0.18072483,
255,4,0,0,0.25,0.5,0.25915575,
273,4,0,1,0.5,0.0,0.1617881,
274,4,0,1,0.5,0.0,0.76589984,
278,4,0,0,0.25,0.5,0.3206352,
288,4,0,1,0.75,0.5,0.34853137,
311,4,0,0,0.4,0.1999999999999999,0.20139788,
315,4,0,1,0.8,0.6000000000000001,0.6335311,
319,4,0,0,0.2,0.6,0.38234842,
320,4,0,0,0.0,1.0,0.44461977,
321,4,0,1,0.6,0.1999999999999999,0.61018634,
323,4,0,0,0.0,1.0,0.16080412,
326,4,0,0,0.0,1.0,0.30051205,
330,4,0,0,0.4,0.1999999999999999,0.52711535,
339,4,0,0,0.0,1.0,0.45572108,
346,4,0,1,0.6,0.1999999999999999,0.6481508,
359,4,0,0,0.25,0.5,0.7582544,
370,4,0,0,0.0,1.0,0.33492902,
372,4,0,0,0.25,0.5,0.5944412,
380,4,0,1,0.75,0.5,0.72951335,
381,4,0,1,0.75,0.5,0.5686443,
384,4,0,0,0.25,0.5,0.73072326,
395,4,0,1,0.5,0.0,0.6204847,
411,4,0,0,0.2,0.6,0.78056383,
416,4,0,0,0.0,1.0,0.12769598,
420,4,0,0,0.0,1.0,0.41926906,
422,4,0,1,0.6,0.1999999999999999,0.15437536,
423,4,0,0,0.0,1.0,0.8425474,
434,4,0,0,0.0,1.0,0.46976656,
435,4,0,0,0.4,0.1999999999999999,0.7052515,
438,4,0,0,0.1666666666666666,0.6666666666666667,0.5201291,
443,4,0,0,0.0,1.0,0.47812402,
452,4,0,0,0.25,0.5,0.63443965,
455,4,0,0,0.0,1.0,0.17854232,
456,4,0,1,0.5,0.0,0.4419486,
468,4,0,0,0.25,0.5,0.8248421,
476,4,0,0,0.0,1.0,0.641206,
480,4,0,1,0.5,0.0,0.44925946,
485,4,0,1,0.5,0.0,0.326011,
489,4,0,0,0.0,1.0,0.95028156,
492,4,0,0,0.3333333333333333,0.3333333333333333,0.33471155,
505,4,0,1,0.5,0.0,0.94266623,
506,4,0,1,0.75,0.5,0.9465817,
507,4,0,1,1.0,1.0,0.8001853,
510,4,0,1,0.5,0.0,0.47519177,
512,4,0,1,1.0,1.0,0.977906,
515,4,0,0,0.25,0.5,0.5676211,
517,4,0,0,0.25,0.5,0.46646023,
522,4,0,0,0.25,0.5,0.11616434,
523,4,0,0,0.25,0.5,0.5714108,
534,4,0,1,0.75,0.5,0.6792484,
536,4,0,0,0.3333333333333333,0.3333333333333333,0.8068762,
542,4,0,0,0.25,0.5,0.45880216,
543,4,0,1,0.5,0.0,0.7071022,
553,4,0,0,0.0,1.0,0.67034674,
555,4,0,0,0.3333333333333333,0.3333333333333333,0.95040673,
566,4,0,0,0.1666666666666666,0.6666666666666667,0.44173282,
570,4,0,1,0.6666666666666666,0.3333333333333332,0.79659534,
572,4,0,1,0.8333333333333334,0.6666666666666667,0.86812526,
578,4,0,1,0.5,0.0,0.4604156,
579,4,0,0,0.3333333333333333,0.3333333333333333,0.655503,
586,4,0,1,0.6666666666666666,0.3333333333333332,0.68470156,
591,4,0,1,0.5,0.0,0.43053547,
598,4,0,0,0.3333333333333333,0.3333333333333333,0.54991835,
604,4,0,1,0.75,0.5,0.7807902,
613,4,0,0,0.0,1.0,0.5197371,
618,4,0,0,0.0,1.0,0.62358195,
623,4,0,1,0.5,0.0,0.45342952,
625,4,0,0,0.0,1.0,0.1669063,
635,4,0,1,0.5,0.0,0.8327552,
637,4,0,1,0.5,0.0,0.81386644,
639,4,0,0,0.0,1.0,0.82378066,
640,4,0,1,0.75,0.5,0.9914722,
641,4,0,0,0.0,1.0,0.36759207,
648,4,0,1,0.5,0.0,0.5480029,
661,4,0,1,0.8333333333333334,0.6666666666666667,0.9885882,
662,4,0,0,0.0,1.0,0.39833462,
663,4,0,0,0.3333333333333333,0.3333333333333333,0.9049894,
667,4,0,0,0.3333333333333333,0.3333333333333333,0.94383097,
673,4,0,0,0.3333333333333333,0.3333333333333333,0.10329896,
679,4,0,0,0.4,0.1999999999999999,0.21010391,
683,4,0,1,0.8333333333333334,0.6666666666666667,0.8282341,
685,4,0,0,0.0,1.0,0.15714371,
686,4,0,0,0.0,1.0,0.67192143,
689,4,0,0,0.0,1.0,0.2940768,
699,4,0,0,0.1666666666666666,0.6666666666666667,0.29785508,
702,4,0,0,0.1666666666666666,0.6666666666666667,0.8930592,
703,4,0,0,0.0,1.0,0.61896294,
705,4,0,1,0.5,0.0,0.20178455,
727,4,0,0,0.4,0.1999999999999999,0.801687,
732,4,0,0,0.0,1.0,0.14347076,
740,4,0,0,0.1666666666666666,0.6666666666666667,0.29487544,
742,4,0,1,0.5,0.0,0.48224443,
1,4,1,0,0.3333333333333333,0.3333333333333333,0.2455337,
21,4,1,0,0.2,0.6,0.64532125,
28,4,1,0,0.2,0.6,0.42590687,
38,4,1,0,0.0,1.0,0.41000074,
41,4,1,0,0.2,0.6,0.2504508,
43,4,1,0,0.2,0.6,0.1670419,
45,4,1,0,0.0,1.0,0.50673413,
54,4,1,0,0.25,0.5,0.20396964,
59,4,1,0,0.25,0.5,0.27875382,
61,4,1,0,0.2,0.6,0.23748878,
65,4,1,0,0.25,0.5,0.19716871,
66,4,1,0,0.0,1.0,0.6438725,
72,4,1,0,0.25,0.5,0.29260975,
81,4,1,0,0.0,1.0,0.18659934,
87,4,1,0,0.0,1.0,0.3537348,
91,4,1,0,0.25,0.5,0.41868287,
93,4,1,0,0.0,1.0,0.33437186,
95,4,1,0,0.25,0.5,0.30607656,
102,4,1,0,0.0,1.0,0.24024545,
107,4,1,0,0.1111111111111111,0.7777777777777778,0.6299645,
118,4,1,0,0.0,1.0,0.5220542,
127,4,1,1,0.6666666666666666,0.3333333333333332,0.5639951,
129,4,1,0,0.2,0.6,0.50784296,
131,4,1,0,0.0,1.0,0.82536054,
139,4,1,0,0.0,1.0,0.43833572,
140,4,1,0,0.2222222222222222,0.5555555555555556,0.5420014,
143,4,1,1,0.5555555555555556,0.1111111111111111,0.6277647,
145,4,1,0,0.4444444444444444,0.1111111111111111,0.18353212,
156,4,1,0,0.25,0.5,0.44005173,
171,4,1,0,0.25,0.5,0.5378844,
172,4,1,0,0.0,1.0,0.3937992,
173,4,1,0,0.25,0.5,0.33335024,
179,4,1,0,0.25,0.5,0.49218217,
183,4,1,0,0.0,1.0,0.47831535,
187,4,1,0,0.0,1.0,0.18614307,
188,4,1,0,0.0,1.0,0.79088277,
194,4,1,0,0.0,1.0,0.46783677,
195,4,1,0,0.0,1.0,0.4334404,
203,4,1,0,0.2,0.6,0.53837836,
204,4,1,0,0.4,0.1999999999999999,0.5256083,
206,4,1,1,0.5,0.0,0.3783929,
211,4,1,1,0.6,0.1999999999999999,0.9016082,
214,4,1,0,0.2,0.6,0.20435745,
215,4,1,0,0.2,0.6,0.23125157,
217,4,1,0,0.0,1.0,0.35142627,
219,4,1,0,0.0,1.0,0.3380999,
220,4,1,0,0.4,0.1999999999999999,0.37934214,
221,4,1,1,0.8,0.6000000000000001,0.45545918,
231,4,1,1,0.5,0.0,0.25738388,
237,4,1,0,0.4,0.1999999999999999,0.13677448,
244,4,1,1,0.6,0.1999999999999999,0.44912034,
247,4,1,0,0.2,0.6,0.56044,
249,4,1,1,0.6,0.1999999999999999,0.37293887,
259,4,1,0,0.0,1.0,0.091281906,
272,4,1,1,0.5,0.0,0.51670176,
277,4,1,1,0.5,0.0,0.43989313,
295,4,1,0,0.0,1.0,0.3039183,
310,4,1,0,0.2,0.6,0.7102859,
313,4,1,0,0.0,1.0,0.4157623,
322,4,1,1,0.6,0.1999999999999999,0.7474622,
327,4,1,0,0.0,1.0,0.66568637,
329,4,1,0,0.0,1.0,0.29420763,
342,4,1,0,0.2,0.6,0.5694726,
345,4,1,0,0.0,1.0,0.28884584,
348,4,1,0,0.4,0.1999999999999999,0.56265146,
349,4,1,0,0.0,1.0,0.17750724,
351,4,1,0,0.0,1.0,0.65518737,
352,4,1,0,0.25,0.5,0.24871609,
354,4,1,0,0.25,0.5,0.5444305,
367,4,1,0,0.25,0.5,0.7065442,
374,4,1,1,0.5,0.0,0.5846598,
376,4,1,1,0.5,0.0,0.44756627,
377,4,1,0,0.25,0.5,0.43538302,
379,4,1,1,0.75,0.5,0.70425856,
387,4,1,0,0.0,1.0,0.486945,
389,4,1,0,0.25,0.5,0.9346741,
391,4,1,0,0.0,1.0,0.1785506,
392,4,1,1,0.5,0.0,0.21721296,
398,4,1,0,0.25,0.5,0.71980524,
402,4,1,1,0.6,0.1999999999999999,0.4250273,
404,4,1,1,0.6,0.1999999999999999,0.94511425,
405,4,1,0,0.0,1.0,0.45054293,
406,4,1,1,0.6,0.1999999999999999,0.3808828,
407,4,1,0,0.2,0.6,0.88934183,
424,4,1,1,0.6,0.1999999999999999,0.39083856,
426,4,1,1,0.8,0.6000000000000001,0.7156497,
436,4,1,0,0.4,0.1999999999999999,0.6838292,
440,4,1,0,0.0,1.0,0.8871927,
441,4,1,0,0.2,0.6,0.87846136,
449,4,1,0,0.4,0.1999999999999999,0.6323036,
450,4,1,0,0.2,0.6,0.29128748,
453,4,1,0,0.25,0.5,0.47368002,
457,4,1,1,0.5,0.0,0.7478678,
460,4,1,0,0.0,1.0,0.6244116,
463,4,1,0,0.25,0.5,0.75686276,
464,4,1,0,0.0,1.0,0.73562723,
465,4,1,1,0.5,0.0,0.8415779,
466,4,1,1,0.5,0.0,0.89414907,
472,4,1,0,0.25,0.5,0.56758773,
473,4,1,0,0.25,0.5,0.68042564,
474,4,1,0,0.0,1.0,0.11523466,
494,4,1,1,0.8,0.6000000000000001,0.5643084,
519,4,1,0,0.0,1.0,0.48629105,
520,4,1,1,0.5,0.0,0.43122762,
528,4,1,0,0.0,1.0,0.28046548,
533,4,1,0,0.0,1.0,0.41312605,
535,4,1,0,0.25,0.5,0.9472091,
537,4,1,0,0.25,0.5,0.72075,
539,4,1,0,0.25,0.5,0.61172795,
540,4,1,0,0.25,0.5,0.7789142,
547,4,1,1,0.5,0.0,0.69350827,
548,4,1,1,0.5,0.0,0.6676645,
558,4,1,1,0.5,0.0,0.31402865,
560,4,1,0,0.1666666666666666,0.6666666666666667,0.3390007,
568,4,1,1,1.0,1.0,0.50796986,
571,4,1,1,0.5,0.0,0.7639568,
577,4,1,0,0.1666666666666666,0.6666666666666667,0.65677714,
592,4,1,1,0.6,0.1999999999999999,0.9588498,
608,4,1,0,0.0,1.0,0.8372132,
610,4,1,0,0.25,0.5,0.67027116,
617,4,1,1,0.5,0.0,0.81703216,
620,4,1,1,0.75,0.5,0.84678185,
621,4,1,1,0.5,0.0,0.3733353,
629,4,1,1,0.5,0.0,0.56538534,
632,4,1,1,0.5,0.0,0.49046832,
636,4,1,0,0.0,1.0,0.5394511,
647,4,1,1,0.5,0.0,0.8836459,
649,4,1,1,0.5,0.0,0.5017248,
656,4,1,1,0.6666666666666666,0.3333333333333332,0.5250254,
669,4,1,0,0.3333333333333333,0.3333333333333333,0.6493012,
680,4,1,0,0.0,1.0,0.41020933,
681,4,1,0,0.1666666666666666,0.6666666666666667,0.5883745,
682,4,1,0,0.1666666666666666,0.6666666666666667,0.48854148,
690,4,1,0,0.0,1.0,0.35845166,
692,4,1,0,0.0,1.0,0.30855033,
694,4,1,0,0.3333333333333333,0.3333333333333333,0.56510085,
695,4,1,0,0.3333333333333333,0.3333333333333333,0.63671637,
698,4,1,1,0.5,0.0,0.7629987,
701,4,1,0,0.1666666666666666,0.6666666666666667,0.77048004,
715,4,1,1,0.5,0.0,0.19333103,
716,4,1,1,0.6666666666666666,0.3333333333333332,0.53131175,
718,4,1,0,0.1666666666666666,0.6666666666666667,0.4531507,
721,4,1,0,0.3333333333333333,0.3333333333333333,0.5404955,
724,4,1,0,0.2,0.6,0.23485845,
728,4,1,0,0.2,0.6,0.08036708,
733,4,1,0,0.1666666666666666,0.6666666666666667,0.36485612,
739,4,1,0,0.3333333333333333,0.3333333333333333,0.3593202,
6,4,2,0,0.2,0.6,0.26764554,
7,4,2,1,0.6,0.1999999999999999,0.43504214,
26,4,2,1,0.8,0.6000000000000001,0.091288,
37,4,2,0,0.2,0.6,0.29042315,
39,4,2,0,0.0,1.0,0.22116572,
42,4,2,0,0.0,1.0,0.08940598,
48,4,2,1,0.6,0.1999999999999999,0.2160604,
49,4,2,0,0.3333333333333333,0.3333333333333333,0.05367017,
56,4,2,0,0.25,0.5,0.1720732,
58,4,2,0,0.25,0.5,0.43141913,
64,4,2,0,0.3333333333333333,0.3333333333333333,0.3708223,
71,4,2,0,0.0,1.0,0.18193044,
76,4,2,0,0.25,0.5,0.27643323,
78,4,2,0,0.0,1.0,0.4205094,
82,4,2,0,0.25,0.5,0.28372106,
88,4,2,1,0.5,0.0,0.13992739,
92,4,2,0,0.0,1.0,0.5342457,
96,4,2,0,0.0,1.0,0.43850678,
100,4,2,0,0.25,0.5,0.4618312,
101,4,2,0,0.3333333333333333,0.3333333333333333,0.20765232,
103,4,2,0,0.1111111111111111,0.7777777777777778,0.6120576,
105,4,2,0,0.0,1.0,0.5261275,
108,4,2,0,0.25,0.5,0.09189351,
109,4,2,0,0.1111111111111111,0.7777777777777778,0.20772398,
112,4,2,0,0.125,0.75,0.04732848,
115,4,2,0,0.0,1.0,0.34685788,
125,4,2,0,0.125,0.75,0.16992873,
136,4,2,0,0.3333333333333333,0.3333333333333333,0.13613053,
137,4,2,1,0.6666666666666666,0.3333333333333332,0.19640289,
138,4,2,1,0.5555555555555556,0.1111111111111111,0.14773202,
158,4,2,0,0.0,1.0,0.30389327,
160,4,2,0,0.1666666666666666,0.6666666666666667,0.25320303,
162,4,2,0,0.2,0.6,0.34599322,
165,4,2,0,0.0,1.0,0.76004136,
167,4,2,0,0.0,1.0,0.34484583,
170,4,2,0,0.1666666666666666,0.6666666666666667,0.09305714,
201,4,2,0,0.25,0.5,0.26843506,
209,4,2,0,0.2,0.6,0.06077628,
212,4,2,0,0.2,0.6,0.028740797,
216,4,2,0,0.0,1.0,0.43043137,
222,4,2,0,0.2,0.6,0.27309787,
224,4,2,0,0.4,0.1999999999999999,0.296844,
228,4,2,0,0.2,0.6,0.40600732,
238,4,2,0,0.25,0.5,0.17138866,
243,4,2,0,0.0,1.0,0.030121246,
245,4,2,0,0.0,1.0,0.68500805,
250,4,2,0,0.4,0.1999999999999999,0.24213877,
251,4,2,0,0.25,0.5,0.6147178,
260,4,2,0,0.25,0.5,0.096634,
261,4,2,0,0.25,0.5,0.17832863,
262,4,2,1,0.5,0.0,0.4059543,
266,4,2,0,0.25,0.5,0.3807548,
271,4,2,0,0.0,1.0,0.40307647,
275,4,2,1,0.5,0.0,0.4052055,
279,4,2,0,0.2,0.6,0.33076733,
280,4,2,0,0.25,0.5,0.37190124,
281,4,2,0,0.0,1.0,0.13918692,
282,4,2,0,0.25,0.5,0.013637735,
290,4,2,0,0.0,1.0,0.4370677,
293,4,2,1,0.5,0.0,0.641591,
294,4,2,0,0.0,1.0,0.3593431,
302,4,2,0,0.0,1.0,0.15606582,
303,4,2,0,0.0,1.0,0.38557714,
304,4,2,1,0.8,0.6000000000000001,0.12851365,
306,4,2,0,0.0,1.0,0.37902686,
331,4,2,0,0.0,1.0,0.12900141,
334,4,2,0,0.4,0.1999999999999999,0.45014012,
337,4,2,0,0.0,1.0,0.43258414,
338,4,2,0,0.4,0.1999999999999999,0.28949836,
341,4,2,1,0.6,0.1999999999999999,0.3870242,
350,4,2,0,0.0,1.0,0.16693678,
353,4,2,0,0.0,1.0,0.66234744,
362,4,2,1,0.75,0.5,0.79911757,
364,4,2,1,0.5,0.0,0.2996141,
371,4,2,0,0.25,0.5,0.5710392,
382,4,2,1,0.5,0.0,0.56214654,
388,4,2,1,0.5,0.0,0.3139004,
390,4,2,1,0.75,0.5,0.45353764,
393,4,2,0,0.25,0.5,0.104984134,
396,4,2,1,0.75,0.5,0.56596756,
400,4,2,1,0.5,0.0,0.22703817,
403,4,2,0,0.0,1.0,0.4040199,
410,4,2,1,0.6,0.1999999999999999,0.5018682,
415,4,2,0,0.0,1.0,0.68448174,
417,4,2,0,0.2,0.6,0.37989753,
419,4,2,0,0.4,0.1999999999999999,0.27050656,
425,4,2,0,0.0,1.0,0.48247117,
428,4,2,1,0.6,0.1999999999999999,0.19617233,
439,4,2,0,0.2,0.6,0.25900272,
447,4,2,0,0.0,1.0,0.15532982,
448,4,2,0,0.0,1.0,0.07565386,
458,4,2,0,0.0,1.0,0.25640592,
459,4,2,0,0.25,0.5,0.7373263,
470,4,2,0,0.0,1.0,0.50877935,
477,4,2,0,0.0,1.0,0.5184271,
479,4,2,0,0.0,1.0,0.40537867,
486,4,2,0,0.25,0.5,0.96383023,
495,4,2,0,0.0,1.0,0.51474327,
496,4,2,1,0.75,0.5,0.6288446,
511,4,2,1,0.5,0.0,0.28615963,
516,4,2,0,0.0,1.0,0.5986433,
530,4,2,1,0.5,0.0,0.54710966,
550,4,2,0,0.0,1.0,0.5599775,
551,4,2,1,0.6666666666666666,0.3333333333333332,0.58967435,
552,4,2,1,0.6666666666666666,0.3333333333333332,0.75684,
557,4,2,0,0.3333333333333333,0.3333333333333333,0.267498,
561,4,2,1,0.5,0.0,0.50010085,
562,4,2,0,0.3333333333333333,0.3333333333333333,0.9483558,
563,4,2,0,0.0,1.0,0.50555867,
565,4,2,0,0.3333333333333333,0.3333333333333333,0.34637284,
581,4,2,0,0.3333333333333333,0.3333333333333333,0.52544564,
582,4,2,1,0.5,0.0,0.31444257,
583,4,2,1,0.5,0.0,0.79978216,
584,4,2,1,0.6666666666666666,0.3333333333333332,0.945695,
597,4,2,0,0.0,1.0,0.37850863,
600,4,2,0,0.1666666666666666,0.6666666666666667,0.14765678,
601,4,2,0,0.0,1.0,0.09493884,
602,4,2,0,0.25,0.5,0.38133898,
606,4,2,0,0.25,0.5,0.3831608,
609,4,2,0,0.25,0.5,0.57293725,
614,4,2,1,0.75,0.5,0.6588516,
619,4,2,0,0.25,0.5,0.6054224,
624,4,2,0,0.25,0.5,0.47940254,
628,4,2,0,0.0,1.0,0.107274726,
630,4,2,1,0.5,0.0,0.39068836,
633,4,2,1,0.5,0.0,0.5614792,
634,4,2,0,0.25,0.5,0.6844622,
642,4,2,1,0.75,0.5,0.74200684,
644,4,2,0,0.25,0.5,0.41065222,
646,4,2,0,0.0,1.0,0.15569901,
651,4,2,0,0.3333333333333333,0.3333333333333333,0.44199044,
654,4,2,0,0.1666666666666666,0.6666666666666667,0.70478463,
655,4,2,1,0.6666666666666666,0.3333333333333332,0.20120221,
657,4,2,1,0.5,0.0,0.21920495,
658,4,2,0,0.1666666666666666,0.6666666666666667,0.4618713,
659,4,2,1,0.6666666666666666,0.3333333333333332,0.63521063,
670,4,2,1,0.5,0.0,0.30396247,
697,4,2,1,0.5,0.0,0.36063522,
707,4,2,1,0.5,0.0,0.05356473,
708,4,2,0,0.0,1.0,0.1509099,
712,4,2,0,0.1666666666666666,0.6666666666666667,0.35672253,
713,4,2,1,0.6,0.1999999999999999,0.16104396,
720,4,2,0,0.0,1.0,0.24969253,
723,4,2,0,0.1666666666666666,0.6666666666666667,0.41679418,
734,4,2,0,0.0,1.0,0.43893707,
738,4,2,0,0.3333333333333333,0.3333333333333333,0.75435126,
741,4,2,0,0.2,0.6,0.029329265,
4,4,3,1,0.6,0.1999999999999999,0.33920515,
12,4,3,0,0.4,0.1999999999999999,0.76715636,
14,4,3,0,0.2,0.6,0.44281295,
15,4,3,0,0.4,0.1999999999999999,0.5677986,
17,4,3,0,0.4,0.1999999999999999,0.47928762,
22,4,3,0,0.2,0.6,0.5986581,
27,4,3,0,0.2,0.6,0.34960747,
33,4,3,0,0.4,0.1999999999999999,0.2568813,
35,4,3,1,0.5,0.0,0.48076048,
50,4,3,1,0.8,0.6000000000000001,0.9042027,
53,4,3,0,0.1666666666666666,0.6666666666666667,0.46290392,
55,4,3,0,0.0,1.0,0.68854785,
62,4,3,0,0.25,0.5,0.30509982,
68,4,3,0,0.0,1.0,0.24294132,
75,4,3,0,0.0,1.0,0.39742166,
77,4,3,0,0.25,0.5,0.43535268,
79,4,3,0,0.25,0.5,0.7603023,
84,4,3,0,0.3333333333333333,0.3333333333333333,0.699039,
97,4,3,0,0.25,0.5,0.3001713,
98,4,3,0,0.3333333333333333,0.3333333333333333,0.27920365,
99,4,3,0,0.0,1.0,0.34324113,
104,4,3,0,0.1111111111111111,0.7777777777777778,0.35588637,
106,4,3,1,1.0,1.0,0.34820235,
114,4,3,0,0.1111111111111111,0.7777777777777778,0.75236124,
119,4,3,0,0.1111111111111111,0.7777777777777778,0.74833345,
120,4,3,0,0.0,1.0,0.38404417,
122,4,3,0,0.0,1.0,0.39527217,
126,4,3,0,0.2222222222222222,0.5555555555555556,0.5799639,
132,4,3,0,0.2222222222222222,0.5555555555555556,0.59302384,
134,4,3,0,0.1111111111111111,0.7777777777777778,0.45076254,
135,4,3,0,0.1666666666666666,0.6666666666666667,0.17932463,
147,4,3,0,0.0,1.0,0.75145704,
148,4,3,0,0.1111111111111111,0.7777777777777778,0.40183246,
153,4,3,0,0.0,1.0,0.33877638,
157,4,3,0,0.25,0.5,0.29571855,
163,4,3,0,0.25,0.5,0.7117268,
166,4,3,0,0.25,0.5,0.62706006,
168,4,3,0,0.25,0.5,0.80288684,
174,4,3,1,0.5,0.0,0.34432533,
176,4,3,0,0.0,1.0,0.38053,
177,4,3,0,0.0,1.0,0.3838715,
178,4,3,0,0.0,1.0,0.4258219,
180,4,3,0,0.0,1.0,0.49951822,
181,4,3,1,0.5,0.0,0.43967998,
184,4,3,0,0.0,1.0,0.21748164,
197,4,3,0,0.0,1.0,0.5479845,
207,4,3,0,0.2,0.6,0.8105563,
227,4,3,1,1.0,1.0,0.5332236,
229,4,3,0,0.0,1.0,0.09429361,
235,4,3,0,0.0,1.0,0.4261055,
239,4,3,1,0.6,0.1999999999999999,0.32404393,
253,4,3,0,0.0,1.0,0.6349188,
254,4,3,0,0.25,0.5,0.58460826,
258,4,3,0,0.0,1.0,0.26859474,
267,4,3,0,0.0,1.0,0.31639326,
269,4,3,1,0.5,0.0,0.6852731,
286,4,3,0,0.2,0.6,0.2428818,
287,4,3,0,0.25,0.5,0.6452018,
291,4,3,0,0.0,1.0,0.5827259,
296,4,3,0,0.0,1.0,0.54771733,
299,4,3,1,0.8,0.6000000000000001,0.15625176,
307,4,3,0,0.4,0.1999999999999999,0.13810432,
314,4,3,0,0.0,1.0,0.8388077,
316,4,3,0,0.4,0.1999999999999999,0.6837416,
325,4,3,0,0.0,1.0,0.22122577,
336,4,3,0,0.4,0.1999999999999999,0.96154034,
343,4,3,1,0.8,0.6000000000000001,0.77750736,
355,4,3,0,0.25,0.5,0.7102686,
356,4,3,0,0.25,0.5,0.7589836,
357,4,3,1,0.5,0.0,0.07419896,
361,4,3,0,0.0,1.0,0.27534568,
363,4,3,0,0.0,1.0,0.57757187,
366,4,3,0,0.0,1.0,0.5374586,
368,4,3,1,0.5,0.0,0.8633243,
375,4,3,1,0.5,0.0,0.9767301,
386,4,3,0,0.25,0.5,0.8302573,
394,4,3,1,0.5,0.0,0.83075124,
408,4,3,0,0.4,0.1999999999999999,0.9702472,
409,4,3,0,0.4,0.1999999999999999,0.97057223,
412,4,3,1,1.0,1.0,0.39562505,
414,4,3,1,0.6,0.1999999999999999,0.636207,
418,4,3,0,0.0,1.0,0.91019547,
429,4,3,0,0.0,1.0,0.5981349,
437,4,3,1,0.6,0.1999999999999999,0.5007811,
442,4,3,1,0.8,0.6000000000000001,0.9138962,
445,4,3,0,0.0,1.0,0.9148088,
446,4,3,0,0.2,0.6,0.65370846,
462,4,3,1,0.5,0.0,0.93050086,
471,4,3,0,0.0,1.0,0.98959064,
478,4,3,0,0.0,1.0,0.21443704,
481,4,3,0,0.0,1.0,0.99439526,
482,4,3,0,0.0,1.0,0.16870834,
483,4,3,0,0.25,0.5,0.9407428,
484,4,3,0,0.25,0.5,0.40687913,
488,4,3,1,0.5,0.0,0.8119034,
490,4,3,0,0.25,0.5,0.28198698,
493,4,3,0,0.0,1.0,0.50486,
497,4,3,0,0.0,1.0,0.21720922,
498,4,3,0,0.0,1.0,0.36569074,
500,4,3,0,0.25,0.5,0.6567687,
501,4,3,0,0.25,0.5,0.9596588,
504,4,3,1,0.75,0.5,0.35585612,
509,4,3,0,0.25,0.5,0.14591184,
518,4,3,0,0.25,0.5,0.61109674,
521,4,3,1,0.75,0.5,0.760788,
526,4,3,0,0.0,1.0,0.5605029,
527,4,3,0,0.25,0.5,0.7712704,
538,4,3,0,0.0,1.0,0.73377866,
541,4,3,1,0.5,0.0,0.9837171,
544,4,3,1,0.5,0.0,0.92609227,
549,4,3,0,0.0,1.0,0.18612814,
554,4,3,1,0.5,0.0,0.88403654,
564,4,3,1,0.5,0.0,0.94373155,
567,4,3,0,0.3333333333333333,0.3333333333333333,0.83108807,
569,4,3,0,0.1666666666666666,0.6666666666666667,0.8084313,
573,4,3,0,0.3333333333333333,0.3333333333333333,0.5606277,
574,4,3,0,0.3333333333333333,0.3333333333333333,0.30100095,
575,4,3,1,0.5,0.0,0.64428926,
585,4,3,1,0.5,0.0,0.42256522,
587,4,3,1,0.8333333333333334,0.6666666666666667,0.40769526,
588,4,3,0,0.1666666666666666,0.6666666666666667,0.40571243,
589,4,3,0,0.3333333333333333,0.3333333333333333,0.40835056,
594,4,3,0,0.0,1.0,0.7687595,
596,4,3,1,0.5,0.0,0.89641386,
605,4,3,1,0.5,0.0,0.45950925,
615,4,3,1,0.75,0.5,0.4383688,
622,4,3,1,0.75,0.5,0.2915604,
626,4,3,1,0.5,0.0,0.36739257,
638,4,3,0,0.25,0.5,0.77610683,
643,4,3,1,0.5,0.0,0.6937026,
652,4,3,0,0.0,1.0,0.23226272,
653,4,3,1,0.5,0.0,0.1821762,
664,4,3,1,0.6666666666666666,0.3333333333333332,0.8065256,
672,4,3,0,0.0,1.0,0.33565617,
674,4,3,0,0.3333333333333333,0.3333333333333333,0.49722862,
675,4,3,0,0.3333333333333333,0.3333333333333333,0.2996791,
676,4,3,0,0.1666666666666666,0.6666666666666667,0.7247824,
693,4,3,1,0.5,0.0,0.95227826,
704,4,3,0,0.3333333333333333,0.3333333333333333,0.43948278,
709,4,3,0,0.3333333333333333,0.3333333333333333,0.45306206,
710,4,3,0,0.0,1.0,0.06329349,
714,4,3,0,0.3333333333333333,0.3333333333333333,0.52283967,
717,4,3,1,0.5,0.0,0.64980227,
719,4,3,0,0.1666666666666666,0.6666666666666667,0.7173094,
722,4,3,0,0.2,0.6,0.21976006,
735,4,3,0,0.0,1.0,0.26665586,
737,4,3,0,0.1666666666666666,0.6666666666666667,0.28161922,
2,4,4,0,0.4,0.1999999999999999,0.16795571,
5,4,4,0,0.2,0.6,0.6701907,
9,4,4,0,0.0,1.0,0.32094085,
16,4,4,1,0.6,0.1999999999999999,0.16507643,
20,4,4,0,0.25,0.5,0.19336501,
32,4,4,0,0.2,0.6,0.109319374,
40,4,4,0,0.2,0.6,0.23495546,
63,4,4,0,0.0,1.0,0.34134334,
69,4,4,0,0.0,1.0,0.1961878,
73,4,4,0,0.0,1.0,0.18530741,
74,4,4,0,0.0,1.0,0.65044844,
80,4,4,0,0.0,1.0,0.35403705,
85,4,4,0,0.25,0.5,0.35939935,
86,4,4,0,0.0,1.0,0.31520125,
89,4,4,0,0.25,0.5,0.45830697,
113,4,4,0,0.1111111111111111,0.7777777777777778,0.5139971,
117,4,4,0,0.25,0.5,0.14815652,
123,4,4,0,0.0,1.0,0.28475136,
130,4,4,0,0.1111111111111111,0.7777777777777778,0.15784994,
133,4,4,1,0.8888888888888888,0.7777777777777777,0.319825,
141,4,4,0,0.0,1.0,0.29186597,
142,4,4,0,0.0,1.0,0.35527742,
144,4,4,0,0.0,1.0,0.3797879,
146,4,4,1,0.8888888888888888,0.7777777777777777,0.20829134,
149,4,4,0,0.3333333333333333,0.3333333333333333,0.24223039,
150,4,4,0,0.0,1.0,0.043364726,
152,4,4,0,0.0,1.0,0.22399446,
154,4,4,0,0.25,0.5,0.18335843,
155,4,4,0,0.25,0.5,0.8506762,
161,4,4,0,0.0,1.0,0.45992798,
164,4,4,0,0.0,1.0,0.1821779,
175,4,4,0,0.0,1.0,0.25832936,
186,4,4,0,0.0,1.0,0.16781661,
193,4,4,0,0.25,0.5,0.5225765,
196,4,4,1,0.5,0.0,0.6002387,
199,4,4,0,0.25,0.5,0.35506138,
202,4,4,1,0.6,0.1999999999999999,0.12915862,
208,4,4,0,0.0,1.0,0.093225226,
210,4,4,0,0.4,0.1999999999999999,0.9084728,
223,4,4,0,0.2,0.6,0.17546667,
225,4,4,0,0.2,0.6,0.2763477,
232,4,4,0,0.25,0.5,0.31190705,
257,4,4,0,0.25,0.5,0.1701524,
263,4,4,0,0.2,0.6,0.24739137,
264,4,4,0,0.25,0.5,0.18492272,
265,4,4,1,0.5,0.0,0.28173444,
268,4,4,1,0.5,0.0,0.083115876,
270,4,4,0,0.0,1.0,0.39039233,
276,4,4,0,0.2,0.6,0.29650834,
283,4,4,0,0.25,0.5,0.22732836,
284,4,4,1,0.5,0.0,0.38042748,
285,4,4,0,0.4,0.1999999999999999,0.16620575,
289,4,4,1,0.5,0.0,0.15959299,
292,4,4,0,0.25,0.5,0.84577686,
297,4,4,0,0.0,1.0,0.07188915,
298,4,4,0,0.25,0.5,0.4646777,
300,4,4,0,0.0,1.0,0.18595727,
308,4,4,0,0.4,0.1999999999999999,0.24876645,
309,4,4,1,0.8,0.6000000000000001,0.44473636,
312,4,4,0,0.0,1.0,0.5480044,
317,4,4,0,0.4,0.1999999999999999,0.5449562,
318,4,4,0,0.4,0.1999999999999999,0.16304778,
324,4,4,0,0.2,0.6,0.8333677,
328,4,4,1,0.6,0.1999999999999999,0.28973055,
332,4,4,0,0.0,1.0,0.31582972,
333,4,4,0,0.0,1.0,0.364798,
335,4,4,1,0.5,0.0,0.31990755,
340,4,4,1,0.6,0.1999999999999999,0.29359043,
344,4,4,0,0.2,0.6,0.20754004,
347,4,4,0,0.4,0.1999999999999999,0.74905735,
358,4,4,0,0.25,0.5,0.92772406,
360,4,4,0,0.25,0.5,0.5153507,
365,4,4,0,0.25,0.5,0.3413551,
369,4,4,0,0.0,1.0,0.2063137,
373,4,4,0,0.0,1.0,0.2689706,
378,4,4,1,0.5,0.0,0.3662848,
383,4,4,0,0.0,1.0,0.28694525,
385,4,4,1,0.5,0.0,0.53124267,
397,4,4,1,0.75,0.5,0.97328746,
399,4,4,0,0.25,0.5,0.3490878,
401,4,4,0,0.2,0.6,0.76844954,
413,4,4,0,0.0,1.0,0.88601816,
421,4,4,0,0.2,0.6,0.59736305,
427,4,4,1,0.6,0.1999999999999999,0.67315185,
430,4,4,1,0.6,0.1999999999999999,0.8418198,
431,4,4,0,0.4,0.1999999999999999,0.5920758,
432,4,4,0,0.2,0.6,0.50665337,
433,4,4,0,0.0,1.0,0.4984045,
444,4,4,0,0.2,0.6,0.70045733,
451,4,4,0,0.25,0.5,0.285998,
454,4,4,0,0.0,1.0,0.49927673,
461,4,4,1,0.5,0.0,0.9612297,
467,4,4,1,1.0,1.0,0.9758632,
469,4,4,1,0.75,0.5,0.3346758,
475,4,4,0,0.25,0.5,0.56118125,
487,4,4,0,0.2,0.6,0.14936689,
491,4,4,1,0.5,0.0,0.8111265,
499,4,4,0,0.0,1.0,0.4473433,
502,4,4,1,0.75,0.5,0.8156897,
503,4,4,0,0.0,1.0,0.41615126,
508,4,4,1,0.75,0.5,0.62254953,
513,4,4,0,0.0,1.0,0.60005414,
514,4,4,1,0.75,0.5,0.79131854,
524,4,4,0,0.0,1.0,0.8294573,
525,4,4,0,0.2,0.6,0.23786478,
529,4,4,1,0.5,0.0,0.19221166,
531,4,4,1,0.75,0.5,0.4144871,
532,4,4,0,0.0,1.0,0.15697923,
545,4,4,0,0.25,0.5,0.51267445,
546,4,4,1,0.5,0.0,0.6077848,
556,4,4,0,0.1666666666666666,0.6666666666666667,0.3363577,
559,4,4,1,0.6666666666666666,0.3333333333333332,0.45829195,
576,4,4,1,0.5,0.0,0.72475505,
580,4,4,0,0.3333333333333333,0.3333333333333333,0.5815517,
590,4,4,0,0.3333333333333333,0.3333333333333333,0.43702683,
593,4,4,1,0.5,0.0,0.8737144,
595,4,4,1,0.8333333333333334,0.6666666666666667,0.74317515,
599,4,4,0,0.0,1.0,0.25657532,
603,4,4,1,0.5,0.0,0.48890972,
607,4,4,0,0.0,1.0,0.45726436,
611,4,4,1,0.75,0.5,0.402916,
612,4,4,0,0.0,1.0,0.17814863,
616,4,4,1,0.75,0.5,0.33939266,
627,4,4,1,0.75,0.5,0.809363,
631,4,4,0,0.0,1.0,0.32121283,
645,4,4,1,0.75,0.5,0.92496824,
650,4,4,0,0.0,1.0,0.3356892,
660,4,4,0,0.1666666666666666,0.6666666666666667,0.46032485,
665,4,4,0,0.1666666666666666,0.6666666666666667,0.47059822,
668,4,4,0,0.1666666666666666,0.6666666666666667,0.91128266,
671,4,4,0,0.3333333333333333,0.3333333333333333,0.21564236,
677,4,4,1,0.6666666666666666,0.3333333333333332,0.6042014,
678,4,4,0,0.3333333333333333,0.3333333333333333,0.24887975,
684,4,4,0,0.0,1.0,0.9191292,
687,4,4,0,0.3333333333333333,0.3333333333333333,0.39214507,
688,4,4,0,0.1666666666666666,0.6666666666666667,0.19465247,
691,4,4,0,0.1666666666666666,0.6666666666666667,0.4306503,
696,4,4,0,0.1666666666666666,0.6666666666666667,0.23096023,
700,4,4,1,0.5,0.0,0.5437876,
706,4,4,1,0.6666666666666666,0.3333333333333332,0.5418575,
711,4,4,1,0.6,0.1999999999999999,0.6151521,
725,4,4,0,0.0,1.0,0.52344054,
726,4,4,0,0.0,1.0,0.3893116,
729,4,4,0,0.4,0.1999999999999999,0.49133354,
730,4,4,0,0.3333333333333333,0.3333333333333333,0.27828646,
731,4,4,0,0.0,1.0,0.2267442,
736,4,4,0,0.0,1.0,0.253864,
