patient_id,repeat,fold,y,y_soft,agreement,p,thr
5,0,0,0,0.2,0.6,0.020801319,
7,0,0,1,0.6,0.1999999999999999,0.9665378,
28,0,0,0,0.2,0.6,0.057644423,
29,0,0,0,0.2,0.6,0.34926546,
32,0,0,0,0.2,0.6,0.9975203,
40,0,0,0,0.2,0.6,0.19245908,
49,0,0,0,0.3333333333333333,0.3333333333333333,0.19792703,
50,0,0,1,0.8,0.6000000000000001,0.010740267,
51,0,0,0,0.25,0.5,0.8953191,
55,0,0,0,0.0,1.0,0.93412626,
59,0,0,0,0.25,0.5,0.0026988452,
63,0,0,0,0.0,1.0,0.25198597,
64,0,0,0,0.3333333333333333,0.3333333333333333,0.00016090521,
67,0,0,0,0.0,1.0,0.00018687811,
73,0,0,0,0.0,1.0,0.00068460306,
77,0,0,0,0.25,0.5,0.015966406,
82,0,0,0,0.25,0.5,0.11910884,
83,0,0,0,0.25,0.5,0.31417212,
88,0,0,1,0.5,0.0,0.00067669473,
98,0,0,0,0.3333333333333333,0.3333333333333333,0.30417064,
107,0,0,0,0.1111111111111111,0.7777777777777778,0.15875241,
109,0,0,0,0.1111111111111111,0.7777777777777778,0.6140034,
110,0,0,0,0.0,1.0,0.20144483,
112,0,0,0,0.125,0.75,0.041625522,
113,0,0,0,0.1111111111111111,0.7777777777777778,0.9694752,
116,0,0,0,0.0,1.0,6.4908476e-05,
122,0,0,0,0.0,1.0,0.15992627,
127,0,0,1,0.6666666666666666,0.3333333333333332,0.7858787,
134,0,0,0,0.1111111111111111,0.7777777777777778,0.00013866971,
139,0,0,0,0.0,1.0,0.08503074,
151,0,0,0,0.0,1.0,0.025888875,
153,0,0,0,0.0,1.0,0.00028382405,
160,0,0,0,0.1666666666666666,0.6666666666666667,0.43694758,
161,0,0,0,0.0,1.0,0.99618137,
174,0,0,1,0.5,0.0,0.11249928,
177,0,0,0,0.0,1.0,0.014736958,
183,0,0,0,0.0,1.0,0.039370686,
199,0,0,0,0.25,0.5,0.034561694,
202,0,0,1,0.6,0.1999999999999999,0.013264058,
206,0,0,1,0.5,0.0,0.025151998,
210,0,0,0,0.4,0.1999999999999999,0.9996346,
230,0,0,0,0.2,0.6,8.919665e-05,
231,0,0,1,0.5,0.0,0.5355642,
232,0,0,0,0.25,0.5,0.27373713,
233,0,0,0,0.0,1.0,0.002050912,
240,0,0,0,0.2,0.6,0.089503884,
241,0,0,1,0.6,0.1999999999999999,0.9991995,
248,0,0,0,0.4,0.1999999999999999,0.26492321,
253,0,0,0,0.0,1.0,0.99348485,
259,0,0,0,0.0,1.0,0.12890366,
274,0,0,1,0.5,0.0,0.99999946,
275,0,0,1,0.5,0.0,0.235116,
282,0,0,0,0.25,0.5,0.4675291,
284,0,0,1,0.5,0.0,0.6587671,
285,0,0,0,0.4,0.1999999999999999,0.19133535,
287,0,0,0,0.25,0.5,0.17944047,
294,0,0,0,0.0,1.0,0.4891767,
300,0,0,0,0.0,1.0,0.04212453,
307,0,0,0,0.4,0.1999999999999999,0.0795673,
309,0,0,1,0.8,0.6000000000000001,0.018380925,
310,0,0,0,0.2,0.6,0.007125827,
315,0,0,1,0.8,0.6000000000000001,0.40717798,
316,0,0,0,0.4,0.1999999999999999,0.4710745,
319,0,0,0,0.2,0.6,0.00033344803,
322,0,0,1,0.6,0.1999999999999999,0.9752219,
329,0,0,0,0.0,1.0,0.011683157,
330,0,0,0,0.4,0.1999999999999999,0.1553962,
338,0,0,0,0.4,0.1999999999999999,0.4507087,
339,0,0,0,0.0,1.0,0.097429305,
342,0,0,0,0.2,0.6,0.79252076,
345,0,0,0,0.0,1.0,0.00034079386,
371,0,0,0,0.25,0.5,0.79167914,
372,0,0,0,0.25,0.5,0.3348236,
374,0,0,1,0.5,0.0,0.9971645,
376,0,0,1,0.5,0.0,0.6983988,
384,0,0,0,0.25,0.5,0.3119577,
394,0,0,1,0.5,0.0,0.99791586,
407,0,0,0,0.2,0.6,0.15013346,
413,0,0,0,0.0,1.0,0.1901981,
421,0,0,0,0.2,0.6,0.11820267,
436,0,0,0,0.4,0.1999999999999999,0.99550474,
438,0,0,0,0.1666666666666666,0.6666666666666667,0.8063849,
456,0,0,1,0.5,0.0,0.008147297,
457,0,0,1,0.5,0.0,0.943334,
459,0,0,0,0.25,0.5,0.04130986,
463,0,0,0,0.25,0.5,0.7231769,
465,0,0,1,0.5,0.0,0.9755877,
468,0,0,0,0.25,0.5,0.81445694,
480,0,0,1,0.5,0.0,0.99707705,
487,0,0,0,0.2,0.6,0.0004388631,
490,0,0,0,0.25,0.5,1.984725e-05,
491,0,0,1,0.5,0.0,0.008288997,
492,0,0,0,0.3333333333333333,0.3333333333333333,3.9731835e-06,
495,0,0,0,0.0,1.0,0.7651468,
497,0,0,0,0.0,1.0,0.010313697,
499,0,0,0,0.0,1.0,0.70569813,
510,0,0,1,0.5,0.0,0.9196086,
513,0,0,0,0.0,1.0,0.9983026,
514,0,0,1,0.75,0.5,0.9996905,
518,0,0,0,0.25,0.5,0.73842657,
521,0,0,1,0.75,0.5,0.9997475,
528,0,0,0,0.0,1.0,0.080236375,
534,0,0,1,0.75,0.5,0.042516366,
539,0,0,0,0.25,0.5,0.96535987,
540,0,0,0,0.25,0.5,0.9998767,
542,0,0,0,0.25,0.5,0.81050014,
549,0,0,0,0.0,1.0,0.040295955,
554,0,0,1,0.5,0.0,0.99999976,
557,0,0,0,0.3333333333333333,0.3333333333333333,6.1832407e-06,
565,0,0,0,0.3333333333333333,0.3333333333333333,0.9993006,
566,0,0,0,0.1666666666666666,0.6666666666666667,0.77758515,
572,0,0,1,0.8333333333333334,0.6666666666666667,0.0010505973,
573,0,0,0,0.3333333333333333,0.3333333333333333,0.93332475,
574,0,0,0,0.3333333333333333,0.3333333333333333,0.07302871,
577,0,0,0,0.1666666666666666,0.6666666666666667,0.9991478,
583,0,0,1,0.5,0.0,0.9687926,
586,0,0,1,0.6666666666666666,0.3333333333333332,0.832957,
587,0,0,1,0.8333333333333334,0.6666666666666667,0.026041478,
588,0,0,0,0.1666666666666666,0.6666666666666667,0.1552959,
590,0,0,0,0.3333333333333333,0.3333333333333333,0.99298143,
601,0,0,0,0.0,1.0,0.094451,
603,0,0,1,0.5,0.0,0.4872132,
608,0,0,0,0.0,1.0,0.8702179,
618,0,0,0,0.0,1.0,0.9998697,
628,0,0,0,0.0,1.0,0.031055149,
633,0,0,1,0.5,0.0,0.98225754,
645,0,0,1,0.75,0.5,0.8260857,
648,0,0,1,0.5,0.0,0.44226348,
649,0,0,1,0.5,0.0,0.6379671,
650,0,0,0,0.0,1.0,0.017772738,
653,0,0,1,0.5,0.0,0.86512876,
657,0,0,1,0.5,0.0,0.002454703,
664,0,0,1,0.6666666666666666,0.3333333333333332,0.964995,
670,0,0,1,0.5,0.0,0.16415408,
674,0,0,0,0.3333333333333333,0.3333333333333333,0.62511563,
689,0,0,0,0.0,1.0,0.00037114084,
690,0,0,0,0.0,1.0,0.9990141,
694,0,0,0,0.3333333333333333,0.3333333333333333,0.7230819,
695,0,0,0,0.3333333333333333,0.3333333333333333,0.9447918,
699,0,0,0,0.1666666666666666,0.6666666666666667,0.9999995,
703,0,0,0,0.0,1.0,0.062255938,
712,0,0,0,0.1666666666666666,0.6666666666666667,0.05175469,
714,0,0,0,0.3333333333333333,0.3333333333333333,0.08504574,
715,0,0,1,0.5,0.0,3.2775902e-06,
720,0,0,0,0.0,1.0,0.0006751024,
735,0,0,0,0.0,1.0,0.00014187173,
739,0,0,0,0.3333333333333333,0.3333333333333333,0.0010158387,
2,0,1,0,0.4,0.1999999999999999,0.008393034,
4,0,1,1,0.6,0.1999999999999999,0.661907,
6,0,1,0,0.2,0.6,0.967696,
14,0,1,0,0.2,0.6,0.07712301,
16,0,1,1,0.6,0.1999999999999999,0.12323193,
26,0,1,1,0.8,0.6000000000000001,0.85398006,
30,0,1,0,0.2,0.6,0.58198935,
34,0,1,0,0.1666666666666666,0.6666666666666667,0.14890946,
38,0,1,0,0.0,1.0,0.7211457,
39,0,1,0,0.0,1.0,0.12618315,
56,0,1,0,0.25,0.5,0.00080587226,
61,0,1,0,0.2,0.6,3.0837828e-06,
65,0,1,0,0.25,0.5,0.03738822,
66,0,1,0,0.0,1.0,0.68922746,
68,0,1,0,0.0,1.0,0.021364052,
69,0,1,0,0.0,1.0,0.25739473,
74,0,1,0,0.0,1.0,0.7063169,
78,0,1,0,0.0,1.0,0.54390466,
85,0,1,0,0.25,0.5,0.25930887,
87,0,1,0,0.0,1.0,0.024363305,
93,0,1,0,0.0,1.0,0.11097933,
94,0,1,0,0.25,0.5,0.021819668,
95,0,1,0,0.25,0.5,0.13514796,
96,0,1,0,0.0,1.0,0.378143,
120,0,1,0,0.0,1.0,0.59161234,
124,0,1,0,0.0,1.0,0.01711262,
131,0,1,0,0.0,1.0,6.991904e-05,
141,0,1,0,0.0,1.0,0.7066096,
142,0,1,0,0.0,1.0,0.926913,
143,0,1,1,0.5555555555555556,0.1111111111111111,0.99438465,
146,0,1,1,0.8888888888888888,0.7777777777777777,0.078974076,
148,0,1,0,0.1111111111111111,0.7777777777777778,0.0013430326,
149,0,1,0,0.3333333333333333,0.3333333333333333,0.002320082,
150,0,1,0,0.0,1.0,0.93634903,
152,0,1,0,0.0,1.0,0.006596357,
155,0,1,0,0.25,0.5,0.27637494,
156,0,1,0,0.25,0.5,0.050868683,
159,0,1,0,0.0,1.0,0.050407305,
163,0,1,0,0.25,0.5,0.96204484,
166,0,1,0,0.25,0.5,0.25950667,
168,0,1,0,0.25,0.5,0.0055891024,
182,0,1,0,0.0,1.0,0.62206787,
187,0,1,0,0.0,1.0,0.10523804,
189,0,1,1,0.5,0.0,0.47969848,
190,0,1,0,0.25,0.5,0.85237,
196,0,1,1,0.5,0.0,0.31747088,
200,0,1,0,0.2,0.6,0.9887811,
204,0,1,0,0.4,0.1999999999999999,0.003019322,
208,0,1,0,0.0,1.0,1.8835748e-05,
209,0,1,0,0.2,0.6,0.26229244,
211,0,1,1,0.6,0.1999999999999999,0.99997723,
212,0,1,0,0.2,0.6,0.010080664,
215,0,1,0,0.2,0.6,0.0022013455,
221,0,1,1,0.8,0.6000000000000001,0.009684721,
224,0,1,0,0.4,0.1999999999999999,0.9445418,
226,0,1,0,0.0,1.0,0.47982958,
243,0,1,0,0.0,1.0,1.570809e-05,
247,0,1,0,0.2,0.6,0.00045323974,
249,0,1,1,0.6,0.1999999999999999,0.03270409,
250,0,1,0,0.4,0.1999999999999999,0.89301586,
267,0,1,0,0.0,1.0,1.22901e-07,
279,0,1,0,0.2,0.6,0.0013101032,
281,0,1,0,0.0,1.0,3.0540036e-07,
288,0,1,1,0.75,0.5,0.020410087,
291,0,1,0,0.0,1.0,0.012689514,
308,0,1,0,0.4,0.1999999999999999,0.010207852,
317,0,1,0,0.4,0.1999999999999999,0.012017057,
326,0,1,0,0.0,1.0,0.00073054095,
328,0,1,1,0.6,0.1999999999999999,0.0008916535,
331,0,1,0,0.0,1.0,0.97836536,
332,0,1,0,0.0,1.0,0.4435018,
333,0,1,0,0.0,1.0,0.005477436,
335,0,1,1,0.5,0.0,0.005843046,
336,0,1,0,0.4,0.1999999999999999,0.20197839,
346,0,1,1,0.6,0.1999999999999999,0.99361026,
355,0,1,0,0.25,0.5,0.043286096,
359,0,1,0,0.25,0.5,0.99636716,
360,0,1,0,0.25,0.5,0.0259228,
381,0,1,1,0.75,0.5,0.4761098,
388,0,1,1,0.5,0.0,0.20718408,
397,0,1,1,0.75,0.5,0.9870515,
398,0,1,0,0.25,0.5,0.99797076,
405,0,1,0,0.0,1.0,0.014788904,
411,0,1,0,0.2,0.6,0.9969275,
414,0,1,1,0.6,0.1999999999999999,0.23016939,
416,0,1,0,0.0,1.0,0.0027681568,
425,0,1,0,0.0,1.0,0.27936304,
435,0,1,0,0.4,0.1999999999999999,0.9622559,
437,0,1,1,0.6,0.1999999999999999,0.1075681,
441,0,1,0,0.2,0.6,0.9537489,
442,0,1,1,0.8,0.6000000000000001,0.99827737,
449,0,1,0,0.4,0.1999999999999999,0.65693253,
452,0,1,0,0.25,0.5,0.0075114537,
469,0,1,1,0.75,0.5,0.73094106,
481,0,1,0,0.0,1.0,0.99198437,
482,0,1,0,0.0,1.0,2.9114473e-05,
485,0,1,1,0.5,0.0,0.72856593,
486,0,1,0,0.25,0.5,0.9483106,
496,0,1,1,0.75,0.5,0.030996697,
498,0,1,0,0.0,1.0,0.00020023958,
503,0,1,0,0.0,1.0,0.9528785,
509,0,1,0,0.25,0.5,0.0009486688,
512,0,1,1,1.0,1.0,0.9999396,
519,0,1,0,0.0,1.0,0.99732774,
523,0,1,0,0.25,0.5,0.32414013,
524,0,1,0,0.0,1.0,0.9891081,
527,0,1,0,0.25,0.5,0.99992913,
529,0,1,1,0.5,0.0,0.9531932,
530,0,1,1,0.5,0.0,0.05825918,
533,0,1,0,0.0,1.0,0.04815303,
535,0,1,0,0.25,0.5,0.9901824,
548,0,1,1,0.5,0.0,0.0019004389,
561,0,1,1,0.5,0.0,0.0028952411,
567,0,1,0,0.3333333333333333,0.3333333333333333,0.002917222,
575,0,1,1,0.5,0.0,0.9936737,
579,0,1,0,0.3333333333333333,0.3333333333333333,0.99887586,
589,0,1,0,0.3333333333333333,0.3333333333333333,0.2275306,
595,0,1,1,0.8333333333333334,0.6666666666666667,0.9383751,
604,0,1,1,0.75,0.5,0.7114173,
605,0,1,1,0.5,0.0,0.9999438,
609,0,1,0,0.25,0.5,0.9876814,
612,0,1,0,0.0,1.0,4.161447e-05,
615,0,1,1,0.75,0.5,0.99675393,
622,0,1,1,0.75,0.5,0.9176203,
623,0,1,1,0.5,0.0,0.6899053,
624,0,1,0,0.25,0.5,0.039036874,
629,0,1,1,0.5,0.0,0.9713075,
630,0,1,1,0.5,0.0,0.66896963,
632,0,1,1,0.5,0.0,0.97685134,
634,0,1,0,0.25,0.5,0.8477001,
636,0,1,0,0.0,1.0,0.96940386,
638,0,1,0,0.25,0.5,0.9972166,
642,0,1,1,0.75,0.5,0.99999756,
658,0,1,0,0.1666666666666666,0.6666666666666667,0.999994,
660,0,1,0,0.1666666666666666,0.6666666666666667,0.01975942,
667,0,1,0,0.3333333333333333,0.3333333333333333,0.32472205,
676,0,1,0,0.1666666666666666,0.6666666666666667,0.06650068,
681,0,1,0,0.1666666666666666,0.6666666666666667,0.09856131,
683,0,1,1,0.8333333333333334,0.6666666666666667,0.96343255,
693,0,1,1,0.5,0.0,0.9747484,
707,0,1,1,0.5,0.0,1.657759e-05,
730,0,1,0,0.3333333333333333,0.3333333333333333,0.2565771,
731,0,1,0,0.0,1.0,0.016720891,
733,0,1,0,0.1666666666666666,0.6666666666666667,0.85034317,
737,0,1,0,0.1666666666666666,0.6666666666666667,0.0111643495,
738,0,1,0,0.3333333333333333,0.3333333333333333,0.9798728,
741,0,1,0,0.2,0.6,0.3532011,
15,0,2,0,0.4,0.1999999999999999,0.98136616,
18,0,2,1,0.6,0.1999999999999999,0.015301531,
21,0,2,0,0.2,0.6,0.46650034,
24,0,2,0,0.0,1.0,0.005874615,
25,0,2,0,0.2,0.6,0.6164453,
27,0,2,0,0.2,0.6,0.17035486,
31,0,2,0,0.1666666666666666,0.6666666666666667,0.0030171175,
45,0,2,0,0.0,1.0,0.9989364,
47,0,2,0,0.25,0.5,0.30698037,
52,0,2,0,0.25,0.5,0.31752345,
53,0,2,0,0.1666666666666666,0.6666666666666667,0.010672491,
58,0,2,0,0.25,0.5,0.17833944,
72,0,2,0,0.25,0.5,0.018409723,
80,0,2,0,0.0,1.0,0.46544594,
81,0,2,0,0.0,1.0,0.049026698,
84,0,2,0,0.3333333333333333,0.3333333333333333,0.91693866,
91,0,2,0,0.25,0.5,0.0010819274,
92,0,2,0,0.0,1.0,0.53883445,
101,0,2,0,0.3333333333333333,0.3333333333333333,0.6038263,
102,0,2,0,0.0,1.0,3.0329138e-06,
118,0,2,0,0.0,1.0,0.91980755,
121,0,2,0,0.1111111111111111,0.7777777777777778,0.11674933,
125,0,2,0,0.125,0.75,0.45773154,
126,0,2,0,0.2222222222222222,0.5555555555555556,0.98065794,
128,0,2,0,0.1111111111111111,0.7777777777777778,0.64051735,
130,0,2,0,0.1111111111111111,0.7777777777777778,2.3584165e-05,
140,0,2,0,0.2222222222222222,0.5555555555555556,0.5656965,
145,0,2,0,0.4444444444444444,0.1111111111111111,0.03367505,
154,0,2,0,0.25,0.5,0.4544384,
157,0,2,0,0.25,0.5,0.4474108,
167,0,2,0,0.0,1.0,0.9978392,
172,0,2,0,0.0,1.0,0.65398705,
173,0,2,0,0.25,0.5,0.74500227,
176,0,2,0,0.0,1.0,0.013981799,
194,0,2,0,0.0,1.0,0.4616001,
197,0,2,0,0.0,1.0,0.022917654,
201,0,2,0,0.25,0.5,0.1741853,
217,0,2,0,0.0,1.0,0.0017462757,
219,0,2,0,0.0,1.0,0.00090546603,
229,0,2,0,0.0,1.0,0.0012669305,
234,0,2,0,0.25,0.5,0.0009973639,
235,0,2,0,0.0,1.0,9.050495e-05,
237,0,2,0,0.4,0.1999999999999999,0.057460114,
239,0,2,1,0.6,0.1999999999999999,0.002517364,
244,0,2,1,0.6,0.1999999999999999,0.89530176,
246,0,2,0,0.4,0.1999999999999999,0.9294349,
252,0,2,0,0.0,1.0,0.2754164,
255,0,2,0,0.25,0.5,0.00078171864,
265,0,2,1,0.5,0.0,0.26136753,
266,0,2,0,0.25,0.5,0.012919437,
268,0,2,1,0.5,0.0,0.029170366,
270,0,2,0,0.0,1.0,0.9141041,
273,0,2,1,0.5,0.0,0.2181099,
277,0,2,1,0.5,0.0,0.0016903467,
280,0,2,0,0.25,0.5,0.00042953933,
286,0,2,0,0.2,0.6,0.00021778769,
289,0,2,1,0.5,0.0,0.7388907,
304,0,2,1,0.8,0.6000000000000001,0.9597735,
312,0,2,0,0.0,1.0,0.0077156527,
318,0,2,0,0.4,0.1999999999999999,0.0001180831,
321,0,2,1,0.6,0.1999999999999999,0.9896225,
323,0,2,0,0.0,1.0,0.2515056,
324,0,2,0,0.2,0.6,0.9951432,
334,0,2,0,0.4,0.1999999999999999,0.63440144,
340,0,2,1,0.6,0.1999999999999999,0.050614707,
344,0,2,0,0.2,0.6,0.022880789,
348,0,2,0,0.4,0.1999999999999999,0.9996868,
352,0,2,0,0.25,0.5,0.0054101767,
353,0,2,0,0.0,1.0,0.9866774,
354,0,2,0,0.25,0.5,0.9497253,
357,0,2,1,0.5,0.0,0.24135853,
358,0,2,0,0.25,0.5,0.99384737,
362,0,2,1,0.75,0.5,0.057780504,
364,0,2,1,0.5,0.0,0.0060654217,
399,0,2,0,0.25,0.5,0.9996742,
404,0,2,1,0.6,0.1999999999999999,0.9674008,
408,0,2,0,0.4,0.1999999999999999,0.8155374,
409,0,2,0,0.4,0.1999999999999999,0.9631251,
412,0,2,1,1.0,1.0,0.9576248,
417,0,2,0,0.2,0.6,0.9984971,
420,0,2,0,0.0,1.0,0.0038636092,
426,0,2,1,0.8,0.6000000000000001,0.9762727,
431,0,2,0,0.4,0.1999999999999999,0.9783048,
443,0,2,0,0.0,1.0,0.053603016,
446,0,2,0,0.2,0.6,0.7973213,
448,0,2,0,0.0,1.0,0.0251573,
451,0,2,0,0.25,0.5,0.0016589693,
453,0,2,0,0.25,0.5,0.14426476,
458,0,2,0,0.0,1.0,0.99955857,
460,0,2,0,0.0,1.0,7.301874e-05,
461,0,2,1,0.5,0.0,0.823732,
471,0,2,0,0.0,1.0,0.9971027,
477,0,2,0,0.0,1.0,0.015679697,
479,0,2,0,0.0,1.0,6.337465e-05,
488,0,2,1,0.5,0.0,0.99988973,
489,0,2,0,0.0,1.0,0.84319246,
504,0,2,1,0.75,0.5,0.05272275,
505,0,2,1,0.5,0.0,0.9952985,
506,0,2,1,0.75,0.5,0.86025476,
508,0,2,1,0.75,0.5,0.0652655,
511,0,2,1,0.5,0.0,0.9746578,
517,0,2,0,0.25,0.5,0.9887597,
520,0,2,1,0.5,0.0,0.62285864,
526,0,2,0,0.0,1.0,0.4935276,
541,0,2,1,0.5,0.0,0.03831247,
544,0,2,1,0.5,0.0,0.99514675,
545,0,2,0,0.25,0.5,0.16151145,
550,0,2,0,0.0,1.0,0.039682753,
552,0,2,1,0.6666666666666666,0.3333333333333332,0.9648588,
555,0,2,0,0.3333333333333333,0.3333333333333333,0.89939284,
556,0,2,0,0.1666666666666666,0.6666666666666667,0.99635077,
559,0,2,1,0.6666666666666666,0.3333333333333332,0.003950448,
563,0,2,0,0.0,1.0,0.06403433,
564,0,2,1,0.5,0.0,0.9999927,
571,0,2,1,0.5,0.0,0.0007312104,
582,0,2,1,0.5,0.0,0.1550104,
602,0,2,0,0.25,0.5,0.9810717,
606,0,2,0,0.25,0.5,0.19018462,
607,0,2,0,0.0,1.0,0.1695202,
614,0,2,1,0.75,0.5,0.68154645,
617,0,2,1,0.5,0.0,0.9999757,
620,0,2,1,0.75,0.5,0.003619133,
626,0,2,1,0.5,0.0,0.0003081453,
641,0,2,0,0.0,1.0,0.12101683,
652,0,2,0,0.0,1.0,0.009913029,
661,0,2,1,0.8333333333333334,0.6666666666666667,0.99999136,
669,0,2,0,0.3333333333333333,0.3333333333333333,0.8349038,
671,0,2,0,0.3333333333333333,0.3333333333333333,0.99595773,
673,0,2,0,0.3333333333333333,0.3333333333333333,9.4690724e-05,
675,0,2,0,0.3333333333333333,0.3333333333333333,0.7701013,
682,0,2,0,0.1666666666666666,0.6666666666666667,0.98330855,
685,0,2,0,0.0,1.0,0.041088928,
686,0,2,0,0.0,1.0,0.98922324,
691,0,2,0,0.1666666666666666,0.6666666666666667,0.9996238,
692,0,2,0,0.0,1.0,0.009438459,
698,0,2,1,0.5,0.0,0.9982953,
704,0,2,0,0.3333333333333333,0.3333333333333333,0.8769834,
705,0,2,1,0.5,0.0,0.0008211285,
709,0,2,0,0.3333333333333333,0.3333333333333333,0.9981466,
710,0,2,0,0.0,1.0,0.0002796491,
717,0,2,1,0.5,0.0,0.99191487,
721,0,2,0,0.3333333333333333,0.3333333333333333,0.2318746,
723,0,2,0,0.1666666666666666,0.6666666666666667,0.0006052856,
727,0,2,0,0.4,0.1999999999999999,0.3188616,
728,0,2,0,0.2,0.6,0.95826083,
729,0,2,0,0.4,0.1999999999999999,0.99801147,
736,0,2,0,0.0,1.0,0.999805,
1,0,3,0,0.3333333333333333,0.3333333333333333,0.0943505,
3,0,3,0,0.0,1.0,0.0021787782,
9,0,3,0,0.0,1.0,0.5954344,
12,0,3,0,0.4,0.1999999999999999,0.24466535,
13,0,3,0,0.2,0.6,0.32932323,
17,0,3,0,0.4,0.1999999999999999,0.28448153,
35,0,3,1,0.5,0.0,0.0011912191,
37,0,3,0,0.2,0.6,0.16110174,
42,0,3,0,0.0,1.0,0.2866679,
43,0,3,0,0.2,0.6,0.9908433,
48,0,3,1,0.6,0.1999999999999999,0.020140132,
54,0,3,0,0.25,0.5,0.003464369,
76,0,3,0,0.25,0.5,0.022305047,
79,0,3,0,0.25,0.5,0.49145544,
86,0,3,0,0.0,1.0,0.0837621,
90,0,3,1,0.5,0.0,6.193151e-05,
97,0,3,0,0.25,0.5,0.03775701,
100,0,3,0,0.25,0.5,0.94310987,
103,0,3,0,0.1111111111111111,0.7777777777777778,0.7022408,
108,0,3,0,0.25,0.5,0.9973467,
115,0,3,0,0.0,1.0,0.010937936,
119,0,3,0,0.1111111111111111,0.7777777777777778,0.13163291,
123,0,3,0,0.0,1.0,0.023406385,
129,0,3,0,0.2,0.6,0.1711131,
132,0,3,0,0.2222222222222222,0.5555555555555556,0.0024524443,
133,0,3,1,0.8888888888888888,0.7777777777777777,0.00088994275,
138,0,3,1,0.5555555555555556,0.1111111111111111,0.05212392,
144,0,3,0,0.0,1.0,0.20871764,
158,0,3,0,0.0,1.0,0.00058025675,
179,0,3,0,0.25,0.5,0.0017702146,
180,0,3,0,0.0,1.0,0.23509148,
184,0,3,0,0.0,1.0,1.2046483e-05,
185,0,3,0,0.25,0.5,0.0012276167,
188,0,3,0,0.0,1.0,0.002406722,
195,0,3,0,0.0,1.0,0.3664741,
198,0,3,0,0.0,1.0,0.97157913,
203,0,3,0,0.2,0.6,0.0016114365,
205,0,3,0,0.2,0.6,0.0014731622,
213,0,3,0,0.4,0.1999999999999999,0.9824844,
216,0,3,0,0.0,1.0,0.33970615,
220,0,3,0,0.4,0.1999999999999999,0.0002715742,
222,0,3,0,0.2,0.6,0.8315123,
225,0,3,0,0.2,0.6,4.859867e-07,
228,0,3,0,0.2,0.6,0.00033740542,
236,0,3,0,0.0,1.0,2.3459341e-07,
238,0,3,0,0.25,0.5,2.8581887e-06,
242,0,3,1,0.6,0.1999999999999999,7.556206e-05,
251,0,3,0,0.25,0.5,0.0003604747,
257,0,3,0,0.25,0.5,0.4626676,
258,0,3,0,0.0,1.0,0.00440469,
269,0,3,1,0.5,0.0,0.004505554,
272,0,3,1,0.5,0.0,0.090343356,
278,0,3,0,0.25,0.5,0.038627587,
283,0,3,0,0.25,0.5,0.0007423508,
290,0,3,0,0.0,1.0,0.00014017742,
293,0,3,1,0.5,0.0,0.09594931,
296,0,3,0,0.0,1.0,3.566503e-06,
297,0,3,0,0.0,1.0,0.0016781929,
302,0,3,0,0.0,1.0,0.017152188,
303,0,3,0,0.0,1.0,0.034075923,
306,0,3,0,0.0,1.0,0.0045125606,
311,0,3,0,0.4,0.1999999999999999,0.0011124354,
313,0,3,0,0.0,1.0,0.012734677,
320,0,3,0,0.0,1.0,0.86380357,
343,0,3,1,0.8,0.6000000000000001,0.97337437,
351,0,3,0,0.0,1.0,0.84911084,
356,0,3,0,0.25,0.5,0.032144282,
361,0,3,0,0.0,1.0,0.0084019,
366,0,3,0,0.0,1.0,0.91238916,
367,0,3,0,0.25,0.5,0.877916,
369,0,3,0,0.0,1.0,0.000490501,
370,0,3,0,0.0,1.0,0.7933372,
373,0,3,0,0.0,1.0,0.00019295455,
378,0,3,1,0.5,0.0,2.6808157e-06,
380,0,3,1,0.75,0.5,0.8379594,
385,0,3,1,0.5,0.0,0.020577999,
387,0,3,0,0.0,1.0,0.012342438,
389,0,3,0,0.25,0.5,0.99999636,
392,0,3,1,0.5,0.0,0.61844337,
396,0,3,1,0.75,0.5,0.96812654,
400,0,3,1,0.5,0.0,0.9999979,
402,0,3,1,0.6,0.1999999999999999,0.24843767,
403,0,3,0,0.0,1.0,0.7583755,
406,0,3,1,0.6,0.1999999999999999,0.53348094,
410,0,3,1,0.6,0.1999999999999999,0.14920676,
415,0,3,0,0.0,1.0,0.95831144,
422,0,3,1,0.6,0.1999999999999999,0.104301795,
423,0,3,0,0.0,1.0,0.77210003,
428,0,3,1,0.6,0.1999999999999999,0.0017017017,
429,0,3,0,0.0,1.0,0.0006688823,
433,0,3,0,0.0,1.0,0.00074870285,
440,0,3,0,0.0,1.0,0.9909011,
444,0,3,0,0.2,0.6,0.92515457,
445,0,3,0,0.0,1.0,0.0053229085,
447,0,3,0,0.0,1.0,0.00039341007,
455,0,3,0,0.0,1.0,0.0027878482,
470,0,3,0,0.0,1.0,0.96692675,
472,0,3,0,0.25,0.5,0.12757741,
473,0,3,0,0.25,0.5,0.36175895,
474,0,3,0,0.0,1.0,0.029414676,
475,0,3,0,0.25,0.5,0.9579812,
478,0,3,0,0.0,1.0,0.48483714,
484,0,3,0,0.25,0.5,0.08485553,
493,0,3,0,0.0,1.0,0.99762297,
500,0,3,0,0.25,0.5,0.14251156,
501,0,3,0,0.25,0.5,0.020809028,
502,0,3,1,0.75,0.5,0.9320758,
516,0,3,0,0.0,1.0,0.71774244,
525,0,3,0,0.2,0.6,2.4172998e-05,
531,0,3,1,0.75,0.5,0.76715523,
536,0,3,0,0.3333333333333333,0.3333333333333333,0.724501,
538,0,3,0,0.0,1.0,0.9129571,
543,0,3,1,0.5,0.0,0.9993241,
547,0,3,1,0.5,0.0,0.97376454,
560,0,3,0,0.1666666666666666,0.6666666666666667,0.018075544,
576,0,3,1,0.5,0.0,0.9986413,
581,0,3,0,0.3333333333333333,0.3333333333333333,0.81118953,
591,0,3,1,0.5,0.0,1.4293543e-05,
592,0,3,1,0.6,0.1999999999999999,0.14383203,
597,0,3,0,0.0,1.0,0.0010312744,
598,0,3,0,0.3333333333333333,0.3333333333333333,0.882395,
600,0,3,0,0.1666666666666666,0.6666666666666667,0.879846,
611,0,3,1,0.75,0.5,0.00066131883,
627,0,3,1,0.75,0.5,0.20345858,
631,0,3,0,0.0,1.0,0.09368527,
637,0,3,1,0.5,0.0,0.6120227,
639,0,3,0,0.0,1.0,0.00022539729,
640,0,3,1,0.75,0.5,0.22345209,
643,0,3,1,0.5,0.0,0.00013629673,
647,0,3,1,0.5,0.0,0.9867837,
651,0,3,0,0.3333333333333333,0.3333333333333333,0.028209144,
654,0,3,0,0.1666666666666666,0.6666666666666667,0.05882346,
659,0,3,1,0.6666666666666666,0.3333333333333332,0.9961901,
665,0,3,0,0.1666666666666666,0.6666666666666667,0.9023503,
672,0,3,0,0.0,1.0,0.5012019,
677,0,3,1,0.6666666666666666,0.3333333333333332,0.7006008,
680,0,3,0,0.0,1.0,0.059142094,
687,0,3,0,0.3333333333333333,0.3333333333333333,0.399369,
696,0,3,0,0.1666666666666666,0.6666666666666667,0.032013576,
697,0,3,1,0.5,0.0,0.5883191,
711,0,3,1,0.6,0.1999999999999999,0.14435318,
713,0,3,1,0.6,0.1999999999999999,0.0072211116,
718,0,3,0,0.1666666666666666,0.6666666666666667,1.137642e-05,
719,0,3,0,0.1666666666666666,0.6666666666666667,0.24238706,
725,0,3,0,0.0,1.0,0.007398873,
732,0,3,0,0.0,1.0,0.4695919,
742,0,3,1,0.5,0.0,0.9994166,
8,0,4,0,0.0,1.0,0.0033953711,
10,0,4,0,0.0,1.0,0.018941883,
11,0,4,1,0.6,0.1999999999999999,0.012241725,
20,0,4,0,0.25,0.5,0.0006829883,
22,0,4,0,0.2,0.6,0.94728714,
33,0,4,0,0.4,0.1999999999999999,0.0006855394,
36,0,4,0,0.2,0.6,0.009630603,
41,0,4,0,0.2,0.6,0.00061785633,
44,0,4,0,0.0,1.0,0.004493734,
46,0,4,0,0.4,0.1999999999999999,0.80592203,
57,0,4,1,1.0,1.0,0.29426792,
60,0,4,0,0.0,1.0,0.65137184,
62,0,4,0,0.25,0.5,0.070144646,
70,0,4,0,0.0,1.0,0.8946187,
71,0,4,0,0.0,1.0,0.013491451,
75,0,4,0,0.0,1.0,0.21895462,
89,0,4,0,0.25,0.5,0.97935617,
99,0,4,0,0.0,1.0,0.17903449,
104,0,4,0,0.1111111111111111,0.7777777777777778,0.18506086,
105,0,4,0,0.0,1.0,0.0045710555,
106,0,4,1,1.0,1.0,0.6501082,
111,0,4,0,0.1111111111111111,0.7777777777777778,0.9966831,
114,0,4,0,0.1111111111111111,0.7777777777777778,0.9807421,
117,0,4,0,0.25,0.5,0.049651384,
135,0,4,0,0.1666666666666666,0.6666666666666667,2.670184e-05,
136,0,4,0,0.3333333333333333,0.3333333333333333,0.2715047,
137,0,4,1,0.6666666666666666,0.3333333333333332,0.016249795,
147,0,4,0,0.0,1.0,0.07522519,
162,0,4,0,0.2,0.6,0.18998936,
164,0,4,0,0.0,1.0,0.017952576,
165,0,4,0,0.0,1.0,0.5408079,
169,0,4,0,0.0,1.0,0.590351,
170,0,4,0,0.1666666666666666,0.6666666666666667,0.004541875,
171,0,4,0,0.25,0.5,0.059754066,
175,0,4,0,0.0,1.0,0.0026354664,
178,0,4,0,0.0,1.0,0.00072673045,
181,0,4,1,0.5,0.0,0.05671007,
186,0,4,0,0.0,1.0,0.20807001,
191,0,4,0,0.0,1.0,0.8534816,
192,0,4,0,0.0,1.0,0.34538367,
193,0,4,0,0.25,0.5,0.9149108,
207,0,4,0,0.2,0.6,0.0067431293,
214,0,4,0,0.2,0.6,0.00063710305,
223,0,4,0,0.2,0.6,0.0011337785,
227,0,4,1,1.0,1.0,0.55285203,
245,0,4,0,0.0,1.0,0.5312991,
254,0,4,0,0.25,0.5,0.3139108,
260,0,4,0,0.25,0.5,0.99527204,
261,0,4,0,0.25,0.5,0.61444294,
262,0,4,1,0.5,0.0,0.8387885,
263,0,4,0,0.2,0.6,0.0018273884,
264,0,4,0,0.25,0.5,0.45774034,
271,0,4,0,0.0,1.0,0.32180485,
276,0,4,0,0.2,0.6,0.9961275,
292,0,4,0,0.25,0.5,0.99993366,
295,0,4,0,0.0,1.0,6.661666e-05,
298,0,4,0,0.25,0.5,0.1906861,
299,0,4,1,0.8,0.6000000000000001,0.3457055,
314,0,4,0,0.0,1.0,0.9863496,
325,0,4,0,0.0,1.0,0.022924153,
327,0,4,0,0.0,1.0,0.99807405,
337,0,4,0,0.0,1.0,0.8859325,
341,0,4,1,0.6,0.1999999999999999,0.99906516,
347,0,4,0,0.4,0.1999999999999999,0.99822664,
349,0,4,0,0.0,1.0,3.0252115e-05,
350,0,4,0,0.0,1.0,0.04052028,
363,0,4,0,0.0,1.0,0.11996105,
365,0,4,0,0.25,0.5,0.98432434,
368,0,4,1,0.5,0.0,0.99997026,
375,0,4,1,0.5,0.0,0.98455626,
377,0,4,0,0.25,0.5,0.28949928,
379,0,4,1,0.75,0.5,0.99968743,
382,0,4,1,0.5,0.0,0.3681732,
383,0,4,0,0.0,1.0,0.03313437,
386,0,4,0,0.25,0.5,0.731858,
390,0,4,1,0.75,0.5,0.4597128,
391,0,4,0,0.0,1.0,0.0048545846,
393,0,4,0,0.25,0.5,0.040536143,
395,0,4,1,0.5,0.0,0.98664033,
401,0,4,0,0.2,0.6,0.6491337,
418,0,4,0,0.0,1.0,0.00264784,
419,0,4,0,0.4,0.1999999999999999,0.592945,
424,0,4,1,0.6,0.1999999999999999,0.9647361,
427,0,4,1,0.6,0.1999999999999999,0.94626224,
430,0,4,1,0.6,0.1999999999999999,0.16612774,
432,0,4,0,0.2,0.6,0.58856106,
434,0,4,0,0.0,1.0,0.015732575,
439,0,4,0,0.2,0.6,0.8735752,
450,0,4,0,0.2,0.6,0.44993955,
454,0,4,0,0.0,1.0,0.24109876,
462,0,4,1,0.5,0.0,0.99999994,
464,0,4,0,0.0,1.0,0.99977803,
466,0,4,1,0.5,0.0,0.99998647,
467,0,4,1,1.0,1.0,0.9999933,
476,0,4,0,0.0,1.0,0.9958962,
483,0,4,0,0.25,0.5,0.99982065,
494,0,4,1,0.8,0.6000000000000001,0.8633983,
507,0,4,1,1.0,1.0,0.99745625,
515,0,4,0,0.25,0.5,0.020958964,
522,0,4,0,0.25,0.5,0.22804785,
532,0,4,0,0.0,1.0,0.002819514,
537,0,4,0,0.25,0.5,0.99636954,
546,0,4,1,0.5,0.0,0.9763104,
551,0,4,1,0.6666666666666666,0.3333333333333332,0.99896187,
553,0,4,0,0.0,1.0,0.98406255,
558,0,4,1,0.5,0.0,0.9987047,
562,0,4,0,0.3333333333333333,0.3333333333333333,0.9999476,
568,0,4,1,1.0,1.0,0.94833916,
569,0,4,0,0.1666666666666666,0.6666666666666667,0.46282855,
570,0,4,1,0.6666666666666666,0.3333333333333332,0.5564298,
578,0,4,1,0.5,0.0,0.6747072,
580,0,4,0,0.3333333333333333,0.3333333333333333,0.0053239767,
584,0,4,1,0.6666666666666666,0.3333333333333332,0.9881906,
585,0,4,1,0.5,0.0,0.7162494,
593,0,4,1,0.5,0.0,0.95147353,
594,0,4,0,0.0,1.0,0.9910059,
596,0,4,1,0.5,0.0,0.11525941,
599,0,4,0,0.0,1.0,0.999576,
610,0,4,0,0.25,0.5,0.9886173,
613,0,4,0,0.0,1.0,0.997241,
616,0,4,1,0.75,0.5,0.99659634,
619,0,4,0,0.25,0.5,0.104948,
621,0,4,1,0.5,0.0,0.99995536,
625,0,4,0,0.0,1.0,0.29660863,
635,0,4,1,0.5,0.0,0.99947476,
644,0,4,0,0.25,0.5,0.033553332,
646,0,4,0,0.0,1.0,0.0437272,
655,0,4,1,0.6666666666666666,0.3333333333333332,0.9662969,
656,0,4,1,0.6666666666666666,0.3333333333333332,0.99085236,
662,0,4,0,0.0,1.0,0.37907067,
663,0,4,0,0.3333333333333333,0.3333333333333333,0.9512296,
668,0,4,0,0.1666666666666666,0.6666666666666667,0.5321029,
678,0,4,0,0.3333333333333333,0.3333333333333333,0.14764541,
679,0,4,0,0.4,0.1999999999999999,0.31351036,
684,0,4,0,0.0,1.0,0.13630952,
688,0,4,0,0.1666666666666666,0.6666666666666667,0.5404766,
700,0,4,1,0.5,0.0,0.99725866,
701,0,4,0,0.1666666666666666,0.6666666666666667,0.99896646,
702,0,4,0,0.1666666666666666,0.6666666666666667,0.27016234,
706,0,4,1,0.6666666666666666,0.3333333333333332,0.93539095,
708,0,4,0,0.0,1.0,0.53880566,
716,0,4,1,0.6666666666666666,0.3333333333333332,0.028841652,
722,0,4,0,0.2,0.6,0.0048631397,
724,0,4,0,0.2,0.6,0.16844681,
726,0,4,0,0.0,1.0,0.57971895,
734,0,4,0,0.0,1.0,0.02419766,
740,0,4,0,0.1666666666666666,0.6666666666666667,0.0009054488,
5,1,0,0,0.2,0.6,0.0069631194,
10,1,0,0,0.0,1.0,0.07031977,
12,1,0,0,0.4,0.1999999999999999,0.8648832,
16,1,0,1,0.6,0.1999999999999999,0.02271888,
17,1,0,0,0.4,0.1999999999999999,0.087813705,
25,1,0,0,0.2,0.6,0.80690897,
26,1,0,1,0.8,0.6000000000000001,0.6397003,
30,1,0,0,0.2,0.6,0.2056285,
36,1,0,0,0.2,0.6,0.0014624359,
37,1,0,0,0.2,0.6,0.0001338267,
46,1,0,0,0.4,0.1999999999999999,0.08334482,
56,1,0,0,0.25,0.5,0.00015475656,
63,1,0,0,0.0,1.0,0.0024460093,
66,1,0,0,0.0,1.0,0.14255157,
72,1,0,0,0.25,0.5,0.039983124,
81,1,0,0,0.0,1.0,0.0128469635,
82,1,0,0,0.25,0.5,0.006940623,
91,1,0,0,0.25,0.5,0.029758565,
93,1,0,0,0.0,1.0,0.008591032,
101,1,0,0,0.3333333333333333,0.3333333333333333,0.3276952,
102,1,0,0,0.0,1.0,0.18687546,
114,1,0,0,0.1111111111111111,0.7777777777777778,0.853012,
117,1,0,0,0.25,0.5,0.012812413,
118,1,0,0,0.0,1.0,0.8854582,
122,1,0,0,0.0,1.0,0.028789664,
128,1,0,0,0.1111111111111111,0.7777777777777778,0.050896853,
141,1,0,0,0.0,1.0,0.8736495,
142,1,0,0,0.0,1.0,0.08878254,
145,1,0,0,0.4444444444444444,0.1111111111111111,5.133473e-05,
149,1,0,0,0.3333333333333333,0.3333333333333333,8.2257875e-06,
150,1,0,0,0.0,1.0,0.97635555,
159,1,0,0,0.0,1.0,0.02388193,
179,1,0,0,0.25,0.5,0.3963561,
180,1,0,0,0.0,1.0,0.008410483,
184,1,0,0,0.0,1.0,0.00010284317,
187,1,0,0,0.0,1.0,0.058507167,
195,1,0,0,0.0,1.0,0.0068343114,
213,1,0,0,0.4,0.1999999999999999,0.90792125,
216,1,0,0,0.0,1.0,0.6378777,
226,1,0,0,0.0,1.0,0.0046065385,
227,1,0,1,1.0,1.0,0.99698806,
231,1,0,1,0.5,0.0,0.6456729,
232,1,0,0,0.25,0.5,0.0016755334,
235,1,0,0,0.0,1.0,0.05546566,
239,1,0,1,0.6,0.1999999999999999,0.00019604086,
243,1,0,0,0.0,1.0,5.388709e-06,
248,1,0,0,0.4,0.1999999999999999,0.08109575,
249,1,0,1,0.6,0.1999999999999999,0.866323,
250,1,0,0,0.4,0.1999999999999999,0.9894529,
251,1,0,0,0.25,0.5,0.0012245914,
257,1,0,0,0.25,0.5,0.14640322,
263,1,0,0,0.2,0.6,0.0015731443,
272,1,0,1,0.5,0.0,0.00371168,
273,1,0,1,0.5,0.0,0.0003997122,
278,1,0,0,0.25,0.5,0.04691447,
285,1,0,0,0.4,0.1999999999999999,0.0068136076,
287,1,0,0,0.25,0.5,0.015362214,
288,1,0,1,0.75,0.5,0.004317136,
297,1,0,0,0.0,1.0,0.20865472,
299,1,0,1,0.8,0.6000000000000001,0.0042132176,
314,1,0,0,0.0,1.0,0.90495646,
317,1,0,0,0.4,0.1999999999999999,0.00034115737,
320,1,0,0,0.0,1.0,0.2092573,
333,1,0,0,0.0,1.0,0.0053766174,
335,1,0,1,0.5,0.0,0.005410945,
339,1,0,0,0.0,1.0,0.7350048,
341,1,0,1,0.6,0.1999999999999999,0.9972323,
343,1,0,1,0.8,0.6000000000000001,0.930396,
347,1,0,0,0.4,0.1999999999999999,0.31223613,
350,1,0,0,0.0,1.0,0.001092605,
352,1,0,0,0.25,0.5,0.042945765,
357,1,0,1,0.5,0.0,0.3313524,
358,1,0,0,0.25,0.5,0.78482604,
369,1,0,0,0.0,1.0,0.00020948048,
373,1,0,0,0.0,1.0,0.048549343,
380,1,0,1,0.75,0.5,0.7416047,
386,1,0,0,0.25,0.5,0.976424,
388,1,0,1,0.5,0.0,0.99119055,
389,1,0,0,0.25,0.5,0.9998978,
390,1,0,1,0.75,0.5,0.7484637,
393,1,0,0,0.25,0.5,0.00091076485,
396,1,0,1,0.75,0.5,0.996985,
401,1,0,0,0.2,0.6,0.0055950396,
402,1,0,1,0.6,0.1999999999999999,0.41024143,
406,1,0,1,0.6,0.1999999999999999,0.80542994,
420,1,0,0,0.0,1.0,0.00094671414,
425,1,0,0,0.0,1.0,0.4876551,
428,1,0,1,0.6,0.1999999999999999,0.0011261457,
433,1,0,0,0.0,1.0,0.034191996,
444,1,0,0,0.2,0.6,0.99456966,
450,1,0,0,0.2,0.6,0.8228243,
454,1,0,0,0.0,1.0,0.042905547,
455,1,0,0,0.0,1.0,3.600359e-05,
457,1,0,1,0.5,0.0,0.9607501,
462,1,0,1,0.5,0.0,0.9999921,
475,1,0,0,0.25,0.5,0.024205193,
479,1,0,0,0.0,1.0,0.0007641261,
482,1,0,0,0.0,1.0,7.6150405e-07,
489,1,0,0,0.0,1.0,0.53435576,
507,1,0,1,1.0,1.0,0.9623871,
511,1,0,1,0.5,0.0,0.8711778,
515,1,0,0,0.25,0.5,0.00090227276,
525,1,0,0,0.2,0.6,5.7598827e-06,
531,1,0,1,0.75,0.5,0.96947885,
537,1,0,0,0.25,0.5,0.9805906,
538,1,0,0,0.0,1.0,0.92999375,
540,1,0,0,0.25,0.5,0.99985105,
549,1,0,0,0.0,1.0,0.056543227,
551,1,0,1,0.6666666666666666,0.3333333333333332,0.9708826,
553,1,0,0,0.0,1.0,0.450692,
559,1,0,1,0.6666666666666666,0.3333333333333332,0.06213116,
560,1,0,0,0.1666666666666666,0.6666666666666667,0.10846178,
563,1,0,0,0.0,1.0,0.04206621,
577,1,0,0,0.1666666666666666,0.6666666666666667,0.14688662,
579,1,0,0,0.3333333333333333,0.3333333333333333,0.9934703,
580,1,0,0,0.3333333333333333,0.3333333333333333,0.0036020882,
584,1,0,1,0.6666666666666666,0.3333333333333332,0.20811912,
589,1,0,0,0.3333333333333333,0.3333333333333333,0.08527073,
593,1,0,1,0.5,0.0,0.85128886,
602,1,0,0,0.25,0.5,0.9965689,
604,1,0,1,0.75,0.5,0.09298554,
607,1,0,0,0.0,1.0,2.0387902e-06,
611,1,0,1,0.75,0.5,0.0012502503,
616,1,0,1,0.75,0.5,0.9779879,
618,1,0,0,0.0,1.0,0.9973332,
626,1,0,1,0.5,0.0,0.00034920243,
630,1,0,1,0.5,0.0,0.9629705,
632,1,0,1,0.5,0.0,0.15704478,
635,1,0,1,0.5,0.0,0.80826336,
639,1,0,0,0.0,1.0,0.00066404673,
641,1,0,0,0.0,1.0,0.57500595,
646,1,0,0,0.0,1.0,2.0820446e-05,
648,1,0,1,0.5,0.0,0.10448477,
660,1,0,0,0.1666666666666666,0.6666666666666667,0.003814546,
674,1,0,0,0.3333333333333333,0.3333333333333333,0.60297716,
684,1,0,0,0.0,1.0,0.89912647,
696,1,0,0,0.1666666666666666,0.6666666666666667,0.09680672,
697,1,0,1,0.5,0.0,0.72724944,
698,1,0,1,0.5,0.0,0.19533011,
703,1,0,0,0.0,1.0,0.49992085,
707,1,0,1,0.5,0.0,5.684844e-06,
710,1,0,0,0.0,1.0,1.549146e-05,
716,1,0,1,0.6666666666666666,0.3333333333333332,0.47532707,
718,1,0,0,0.1666666666666666,0.6666666666666667,0.014409909,
728,1,0,0,0.2,0.6,0.21624377,
734,1,0,0,0.0,1.0,2.929678e-06,
735,1,0,0,0.0,1.0,2.5539327e-06,
6,1,1,0,0.2,0.6,0.26243338,
8,1,1,0,0.0,1.0,0.0036000223,
9,1,1,0,0.0,1.0,0.1663554,
13,1,1,0,0.2,0.6,0.18242562,
14,1,1,0,0.2,0.6,0.14351158,
21,1,1,0,0.2,0.6,0.3719074,
22,1,1,0,0.2,0.6,0.8875032,
29,1,1,0,0.2,0.6,0.080729336,
32,1,1,0,0.2,0.6,0.9567743,
33,1,1,0,0.4,0.1999999999999999,0.023683444,
34,1,1,0,0.1666666666666666,0.6666666666666667,2.3836405e-05,
41,1,1,0,0.2,0.6,0.00062910287,
49,1,1,0,0.3333333333333333,0.3333333333333333,0.73585016,
50,1,1,1,0.8,0.6000000000000001,0.8433385,
51,1,1,0,0.25,0.5,0.9220283,
70,1,1,0,0.0,1.0,0.9561428,
71,1,1,0,0.0,1.0,0.007394678,
79,1,1,0,0.25,0.5,0.05994554,
85,1,1,0,0.25,0.5,0.083723605,
86,1,1,0,0.0,1.0,0.07839333,
88,1,1,1,0.5,0.0,6.5095055e-06,
89,1,1,0,0.25,0.5,0.6301734,
94,1,1,0,0.25,0.5,0.20759839,
95,1,1,0,0.25,0.5,0.9566909,
108,1,1,0,0.25,0.5,0.9759103,
109,1,1,0,0.1111111111111111,0.7777777777777778,0.94929016,
115,1,1,0,0.0,1.0,0.0070493696,
127,1,1,1,0.6666666666666666,0.3333333333333332,0.17811069,
129,1,1,0,0.2,0.6,0.0007838532,
138,1,1,1,0.5555555555555556,0.1111111111111111,0.00842998,
139,1,1,0,0.0,1.0,0.18850522,
140,1,1,0,0.2222222222222222,0.5555555555555556,0.14520591,
156,1,1,0,0.25,0.5,0.41523612,
160,1,1,0,0.1666666666666666,0.6666666666666667,0.97523385,
161,1,1,0,0.0,1.0,0.994833,
166,1,1,0,0.25,0.5,0.7052722,
175,1,1,0,0.0,1.0,0.11374158,
188,1,1,0,0.0,1.0,0.978996,
193,1,1,0,0.25,0.5,0.42975608,
194,1,1,0,0.0,1.0,0.98954546,
196,1,1,1,0.5,0.0,0.2152164,
198,1,1,0,0.0,1.0,0.54608047,
200,1,1,0,0.2,0.6,0.19483666,
205,1,1,0,0.2,0.6,0.002084255,
209,1,1,0,0.2,0.6,0.4813766,
210,1,1,0,0.4,0.1999999999999999,0.999977,
212,1,1,0,0.2,0.6,0.0008874334,
222,1,1,0,0.2,0.6,0.96394116,
225,1,1,0,0.2,0.6,0.0001675117,
230,1,1,0,0.2,0.6,0.041260153,
234,1,1,0,0.25,0.5,0.5958291,
237,1,1,0,0.4,0.1999999999999999,0.00994955,
241,1,1,1,0.6,0.1999999999999999,0.9995837,
247,1,1,0,0.2,0.6,0.0069934027,
262,1,1,1,0.5,0.0,0.21837524,
264,1,1,0,0.25,0.5,0.11246784,
267,1,1,0,0.0,1.0,5.6050506e-08,
271,1,1,0,0.0,1.0,0.17146707,
275,1,1,1,0.5,0.0,0.120001905,
277,1,1,1,0.5,0.0,0.0019629507,
280,1,1,0,0.25,0.5,0.0013439148,
284,1,1,1,0.5,0.0,0.008098549,
292,1,1,0,0.25,0.5,0.99961525,
293,1,1,1,0.5,0.0,0.8255726,
304,1,1,1,0.8,0.6000000000000001,0.54348063,
312,1,1,0,0.0,1.0,0.0068095895,
324,1,1,0,0.2,0.6,0.96940815,
332,1,1,0,0.0,1.0,0.13509959,
342,1,1,0,0.2,0.6,0.14539552,
346,1,1,1,0.6,0.1999999999999999,0.9998623,
351,1,1,0,0.0,1.0,0.8899667,
353,1,1,0,0.0,1.0,0.941823,
355,1,1,0,0.25,0.5,0.094591744,
356,1,1,0,0.25,0.5,0.044346012,
360,1,1,0,0.25,0.5,0.012835709,
375,1,1,1,0.5,0.0,0.9095274,
378,1,1,1,0.5,0.0,0.4951043,
385,1,1,1,0.5,0.0,0.21535566,
387,1,1,0,0.0,1.0,0.002803876,
399,1,1,0,0.25,0.5,0.99993163,
405,1,1,0,0.0,1.0,0.9856801,
407,1,1,0,0.2,0.6,0.05533715,
408,1,1,0,0.4,0.1999999999999999,0.996781,
412,1,1,1,1.0,1.0,0.39239872,
414,1,1,1,0.6,0.1999999999999999,0.98993146,
423,1,1,0,0.0,1.0,0.6259362,
431,1,1,0,0.4,0.1999999999999999,0.9908253,
439,1,1,0,0.2,0.6,0.9663607,
445,1,1,0,0.0,1.0,0.1859476,
449,1,1,0,0.4,0.1999999999999999,0.007438208,
460,1,1,0,0.0,1.0,0.0006415568,
468,1,1,0,0.25,0.5,0.017590472,
470,1,1,0,0.0,1.0,0.995805,
476,1,1,0,0.0,1.0,0.9978436,
477,1,1,0,0.0,1.0,0.03301364,
478,1,1,0,0.0,1.0,0.31763524,
480,1,1,1,0.5,0.0,0.99553394,
483,1,1,0,0.25,0.5,0.9875068,
485,1,1,1,0.5,0.0,0.99785674,
488,1,1,1,0.5,0.0,0.9999954,
490,1,1,0,0.25,0.5,0.00033003738,
493,1,1,0,0.0,1.0,0.9992993,
494,1,1,1,0.8,0.6000000000000001,0.9886035,
497,1,1,0,0.0,1.0,0.0501381,
505,1,1,1,0.5,0.0,0.93158156,
506,1,1,1,0.75,0.5,0.99992025,
510,1,1,1,0.5,0.0,0.7893027,
513,1,1,0,0.0,1.0,0.9063268,
518,1,1,0,0.25,0.5,0.5046834,
519,1,1,0,0.0,1.0,0.99327385,
524,1,1,0,0.0,1.0,0.9999966,
527,1,1,0,0.25,0.5,0.96987844,
528,1,1,0,0.0,1.0,0.056021363,
533,1,1,0,0.0,1.0,0.0053865016,
536,1,1,0,0.3333333333333333,0.3333333333333333,0.1775786,
541,1,1,1,0.5,0.0,0.27408656,
542,1,1,0,0.25,0.5,0.6502938,
544,1,1,1,0.5,0.0,0.9998375,
554,1,1,1,0.5,0.0,0.9999913,
556,1,1,0,0.1666666666666666,0.6666666666666667,0.9997387,
564,1,1,1,0.5,0.0,0.99999964,
576,1,1,1,0.5,0.0,0.9994948,
581,1,1,0,0.3333333333333333,0.3333333333333333,0.36439702,
585,1,1,1,0.5,0.0,0.9897748,
591,1,1,1,0.5,0.0,0.010706939,
592,1,1,1,0.6,0.1999999999999999,0.8262843,
598,1,1,0,0.3333333333333333,0.3333333333333333,0.85462105,
620,1,1,1,0.75,0.5,0.048775777,
622,1,1,1,0.75,0.5,0.9998106,
628,1,1,0,0.0,1.0,0.013234863,
637,1,1,1,0.5,0.0,0.42302254,
645,1,1,1,0.75,0.5,0.9977647,
647,1,1,1,0.5,0.0,0.99992865,
658,1,1,0,0.1666666666666666,0.6666666666666667,0.96805406,
659,1,1,1,0.6666666666666666,0.3333333333333332,0.98623663,
668,1,1,0,0.1666666666666666,0.6666666666666667,0.25560457,
670,1,1,1,0.5,0.0,0.27369788,
679,1,1,0,0.4,0.1999999999999999,0.08398281,
686,1,1,0,0.0,1.0,0.9986203,
692,1,1,0,0.0,1.0,0.004673656,
693,1,1,1,0.5,0.0,0.9529902,
695,1,1,0,0.3333333333333333,0.3333333333333333,0.6276885,
699,1,1,0,0.1666666666666666,0.6666666666666667,0.9999957,
704,1,1,0,0.3333333333333333,0.3333333333333333,0.6657014,
706,1,1,1,0.6666666666666666,0.3333333333333332,0.4074099,
712,1,1,0,0.1666666666666666,0.6666666666666667,0.0013377373,
729,1,1,0,0.4,0.1999999999999999,0.17662525,
1,1,2,0,0.3333333333333333,0.3333333333333333,0.053118862,
3,1,2,0,0.0,1.0,0.155541,
11,1,2,1,0.6,0.1999999999999999,0.008080203,
18,1,2,1,0.6,0.1999999999999999,0.0011329625,
20,1,2,0,0.25,0.5,0.003620237,
28,1,2,0,0.2,0.6,0.9539199,
31,1,2,0,0.1666666666666666,0.6666666666666667,0.000319297,
43,1,2,0,0.2,0.6,0.99990505,
44,1,2,0,0.0,1.0,0.045717776,
60,1,2,0,0.0,1.0,0.57757044,
64,1,2,0,0.3333333333333333,0.3333333333333333,4.170837e-05,
67,1,2,0,0.0,1.0,0.00017798043,
75,1,2,0,0.0,1.0,0.023711637,
90,1,2,1,0.5,0.0,0.0011597645,
96,1,2,0,0.0,1.0,0.65236586,
98,1,2,0,0.3333333333333333,0.3333333333333333,0.018996581,
99,1,2,0,0.0,1.0,0.0040247887,
106,1,2,1,1.0,1.0,0.36398876,
113,1,2,0,0.1111111111111111,0.7777777777777778,0.9688188,
120,1,2,0,0.0,1.0,0.64621043,
121,1,2,0,0.1111111111111111,0.7777777777777778,0.0015055491,
123,1,2,0,0.0,1.0,0.0052883215,
124,1,2,0,0.0,1.0,0.03141685,
130,1,2,0,0.1111111111111111,0.7777777777777778,0.005123009,
133,1,2,1,0.8888888888888888,0.7777777777777777,0.007278569,
144,1,2,0,0.0,1.0,0.52511567,
151,1,2,0,0.0,1.0,0.009556906,
154,1,2,0,0.25,0.5,0.15729143,
158,1,2,0,0.0,1.0,8.371791e-06,
163,1,2,0,0.25,0.5,0.9691539,
168,1,2,0,0.25,0.5,0.34679043,
170,1,2,0,0.1666666666666666,0.6666666666666667,0.004577268,
171,1,2,0,0.25,0.5,0.029203007,
173,1,2,0,0.25,0.5,0.0012029465,
176,1,2,0,0.0,1.0,0.12700804,
181,1,2,1,0.5,0.0,0.07549411,
182,1,2,0,0.0,1.0,0.9978101,
191,1,2,0,0.0,1.0,0.44377846,
192,1,2,0,0.0,1.0,0.07121728,
197,1,2,0,0.0,1.0,0.030590571,
199,1,2,0,0.25,0.5,0.0057516387,
201,1,2,0,0.25,0.5,0.3754912,
204,1,2,0,0.4,0.1999999999999999,0.001482576,
217,1,2,0,0.0,1.0,0.0009042582,
223,1,2,0,0.2,0.6,0.00030787857,
233,1,2,0,0.0,1.0,0.10869728,
236,1,2,0,0.0,1.0,5.34146e-05,
240,1,2,0,0.2,0.6,0.04137976,
245,1,2,0,0.0,1.0,0.21129178,
258,1,2,0,0.0,1.0,0.106404305,
259,1,2,0,0.0,1.0,0.19480033,
260,1,2,0,0.25,0.5,0.7070679,
270,1,2,0,0.0,1.0,0.85158896,
274,1,2,1,0.5,0.0,0.9645313,
276,1,2,0,0.2,0.6,0.13395298,
279,1,2,0,0.2,0.6,8.196353e-05,
291,1,2,0,0.0,1.0,0.09206719,
294,1,2,0,0.0,1.0,0.6814189,
309,1,2,1,0.8,0.6000000000000001,0.1500327,
313,1,2,0,0.0,1.0,0.6198727,
315,1,2,1,0.8,0.6000000000000001,0.97503686,
321,1,2,1,0.6,0.1999999999999999,0.0123596145,
325,1,2,0,0.0,1.0,0.014219016,
326,1,2,0,0.0,1.0,0.0005125713,
327,1,2,0,0.0,1.0,0.42926154,
328,1,2,1,0.6,0.1999999999999999,0.0054075895,
330,1,2,0,0.4,0.1999999999999999,0.8394631,
334,1,2,0,0.4,0.1999999999999999,0.16377932,
344,1,2,0,0.2,0.6,0.4556145,
349,1,2,0,0.0,1.0,8.246785e-07,
362,1,2,1,0.75,0.5,0.41743588,
363,1,2,0,0.0,1.0,0.8549024,
366,1,2,0,0.0,1.0,0.9813339,
368,1,2,1,0.5,0.0,0.9811496,
391,1,2,0,0.0,1.0,0.00015635518,
397,1,2,1,0.75,0.5,0.9998867,
404,1,2,1,0.6,0.1999999999999999,0.81415844,
409,1,2,0,0.4,0.1999999999999999,0.9997095,
411,1,2,0,0.2,0.6,0.9975647,
415,1,2,0,0.0,1.0,0.9854138,
416,1,2,0,0.0,1.0,0.0037627108,
429,1,2,0,0.0,1.0,0.024790403,
435,1,2,0,0.4,0.1999999999999999,0.59339774,
436,1,2,0,0.4,0.1999999999999999,0.9023832,
437,1,2,1,0.6,0.1999999999999999,0.1452539,
464,1,2,0,0.0,1.0,0.9991678,
469,1,2,1,0.75,0.5,0.68252504,
472,1,2,0,0.25,0.5,0.0029827422,
474,1,2,0,0.0,1.0,0.065413624,
481,1,2,0,0.0,1.0,0.61802274,
484,1,2,0,0.25,0.5,0.13902324,
486,1,2,0,0.25,0.5,0.9998755,
487,1,2,0,0.2,0.6,6.962415e-07,
498,1,2,0,0.0,1.0,0.00822236,
500,1,2,0,0.25,0.5,0.002872851,
501,1,2,0,0.25,0.5,0.86413336,
502,1,2,1,0.75,0.5,0.9852377,
516,1,2,0,0.0,1.0,0.9564985,
526,1,2,0,0.0,1.0,0.8276274,
534,1,2,1,0.75,0.5,0.0012548364,
539,1,2,0,0.25,0.5,0.55468905,
543,1,2,1,0.5,0.0,0.9996927,
545,1,2,0,0.25,0.5,0.15165293,
547,1,2,1,0.5,0.0,0.9745122,
555,1,2,0,0.3333333333333333,0.3333333333333333,0.9759936,
557,1,2,0,0.3333333333333333,0.3333333333333333,7.179042e-06,
558,1,2,1,0.5,0.0,0.9874448,
567,1,2,0,0.3333333333333333,0.3333333333333333,0.007580354,
571,1,2,1,0.5,0.0,0.6309226,
573,1,2,0,0.3333333333333333,0.3333333333333333,0.99858934,
575,1,2,1,0.5,0.0,0.89540315,
582,1,2,1,0.5,0.0,0.19673596,
587,1,2,1,0.8333333333333334,0.6666666666666667,0.056534186,
595,1,2,1,0.8333333333333334,0.6666666666666667,0.8485369,
597,1,2,0,0.0,1.0,0.013110283,
600,1,2,0,0.1666666666666666,0.6666666666666667,0.98892736,
613,1,2,0,0.0,1.0,0.7317091,
615,1,2,1,0.75,0.5,0.8681328,
621,1,2,1,0.5,0.0,0.8447695,
623,1,2,1,0.5,0.0,0.68678087,
629,1,2,1,0.5,0.0,0.9791401,
638,1,2,0,0.25,0.5,0.73649025,
642,1,2,1,0.75,0.5,0.9999865,
649,1,2,1,0.5,0.0,0.011443151,
651,1,2,0,0.3333333333333333,0.3333333333333333,0.92092586,
653,1,2,1,0.5,0.0,0.09309146,
655,1,2,1,0.6666666666666666,0.3333333333333332,0.96606374,
657,1,2,1,0.5,0.0,0.7535295,
661,1,2,1,0.8333333333333334,0.6666666666666667,0.9999887,
663,1,2,0,0.3333333333333333,0.3333333333333333,0.9735707,
672,1,2,0,0.0,1.0,0.013307978,
678,1,2,0,0.3333333333333333,0.3333333333333333,0.110964045,
680,1,2,0,0.0,1.0,0.0004598563,
687,1,2,0,0.3333333333333333,0.3333333333333333,0.06635787,
688,1,2,0,0.1666666666666666,0.6666666666666667,0.03103033,
690,1,2,0,0.0,1.0,0.99994296,
691,1,2,0,0.1666666666666666,0.6666666666666667,0.9997492,
708,1,2,0,0.0,1.0,0.27968708,
711,1,2,1,0.6,0.1999999999999999,0.29917374,
715,1,2,1,0.5,0.0,4.562498e-05,
717,1,2,1,0.5,0.0,0.9794301,
719,1,2,0,0.1666666666666666,0.6666666666666667,0.06586306,
725,1,2,0,0.0,1.0,0.15228835,
727,1,2,0,0.4,0.1999999999999999,0.9642355,
731,1,2,0,0.0,1.0,0.02445148,
732,1,2,0,0.0,1.0,0.15946405,
739,1,2,0,0.3333333333333333,0.3333333333333333,0.0046510827,
2,1,3,0,0.4,0.1999999999999999,0.0040940703,
24,1,3,0,0.0,1.0,0.0009035261,
39,1,3,0,0.0,1.0,0.2007457,
40,1,3,0,0.2,0.6,0.85557675,
42,1,3,0,0.0,1.0,0.0708138,
45,1,3,0,0.0,1.0,0.60622174,
52,1,3,0,0.25,0.5,0.9764193,
54,1,3,0,0.25,0.5,0.053460155,
57,1,3,1,1.0,1.0,0.14374268,
62,1,3,0,0.25,0.5,0.5405983,
65,1,3,0,0.25,0.5,0.079703264,
68,1,3,0,0.0,1.0,0.0027998402,
69,1,3,0,0.0,1.0,0.0023835541,
76,1,3,0,0.25,0.5,0.3284561,
77,1,3,0,0.25,0.5,0.7683933,
78,1,3,0,0.0,1.0,0.031515416,
83,1,3,0,0.25,0.5,0.89364547,
84,1,3,0,0.3333333333333333,0.3333333333333333,0.691262,
92,1,3,0,0.0,1.0,0.012259724,
103,1,3,0,0.1111111111111111,0.7777777777777778,0.9881022,
110,1,3,0,0.0,1.0,0.05440644,
119,1,3,0,0.1111111111111111,0.7777777777777778,0.4240964,
126,1,3,0,0.2222222222222222,0.5555555555555556,0.9633604,
131,1,3,0,0.0,1.0,2.6767748e-05,
132,1,3,0,0.2222222222222222,0.5555555555555556,0.02949912,
136,1,3,0,0.3333333333333333,0.3333333333333333,0.6338315,
137,1,3,1,0.6666666666666666,0.3333333333333332,0.0105173495,
152,1,3,0,0.0,1.0,6.755628e-05,
153,1,3,0,0.0,1.0,3.2807966e-05,
155,1,3,0,0.25,0.5,0.36714336,
157,1,3,0,0.25,0.5,0.44021443,
177,1,3,0,0.0,1.0,0.50669026,
186,1,3,0,0.0,1.0,0.027892804,
202,1,3,1,0.6,0.1999999999999999,0.008969098,
203,1,3,0,0.2,0.6,0.00023015894,
206,1,3,1,0.5,0.0,0.014764546,
207,1,3,0,0.2,0.6,0.03209361,
208,1,3,0,0.0,1.0,1.816719e-05,
211,1,3,1,0.6,0.1999999999999999,0.99998367,
215,1,3,0,0.2,0.6,0.3259599,
219,1,3,0,0.0,1.0,0.0030891127,
220,1,3,0,0.4,0.1999999999999999,0.007213806,
221,1,3,1,0.8,0.6000000000000001,0.004956397,
229,1,3,0,0.0,1.0,0.0012425163,
238,1,3,0,0.25,0.5,2.2647426e-05,
246,1,3,0,0.4,0.1999999999999999,0.15753528,
252,1,3,0,0.0,1.0,0.003387946,
261,1,3,0,0.25,0.5,0.019542288,
265,1,3,1,0.5,0.0,0.17702822,
266,1,3,0,0.25,0.5,0.010402836,
268,1,3,1,0.5,0.0,0.0040421076,
282,1,3,0,0.25,0.5,0.0034921605,
286,1,3,0,0.2,0.6,0.005794727,
289,1,3,1,0.5,0.0,0.4035217,
298,1,3,0,0.25,0.5,0.062222935,
300,1,3,0,0.0,1.0,0.09331283,
307,1,3,0,0.4,0.1999999999999999,0.06595212,
308,1,3,0,0.4,0.1999999999999999,0.6905483,
310,1,3,0,0.2,0.6,0.0027007808,
316,1,3,0,0.4,0.1999999999999999,0.99608475,
318,1,3,0,0.4,0.1999999999999999,0.0015011467,
319,1,3,0,0.2,0.6,0.000603202,
322,1,3,1,0.6,0.1999999999999999,0.9871367,
323,1,3,0,0.0,1.0,0.032887995,
329,1,3,0,0.0,1.0,0.057341695,
331,1,3,0,0.0,1.0,0.6091638,
336,1,3,0,0.4,0.1999999999999999,0.09129567,
338,1,3,0,0.4,0.1999999999999999,0.73852843,
354,1,3,0,0.25,0.5,0.6245439,
365,1,3,0,0.25,0.5,0.47209877,
370,1,3,0,0.0,1.0,0.05328158,
374,1,3,1,0.5,0.0,0.9649376,
376,1,3,1,0.5,0.0,0.99281776,
382,1,3,1,0.5,0.0,0.0071358127,
383,1,3,0,0.0,1.0,0.014575997,
384,1,3,0,0.25,0.5,0.79430556,
394,1,3,1,0.5,0.0,0.07768584,
395,1,3,1,0.5,0.0,0.8735626,
398,1,3,0,0.25,0.5,0.7100661,
403,1,3,0,0.0,1.0,0.002256549,
417,1,3,0,0.2,0.6,0.9954798,
419,1,3,0,0.4,0.1999999999999999,0.011347136,
426,1,3,1,0.8,0.6000000000000001,0.86543775,
440,1,3,0,0.0,1.0,0.82738805,
443,1,3,0,0.0,1.0,6.0336668e-05,
447,1,3,0,0.0,1.0,0.050009,
451,1,3,0,0.25,0.5,0.0029154932,
465,1,3,1,0.5,0.0,0.99260503,
466,1,3,1,0.5,0.0,0.99984217,
467,1,3,1,1.0,1.0,0.9939119,
471,1,3,0,0.0,1.0,0.50618243,
495,1,3,0,0.0,1.0,0.39424697,
496,1,3,1,0.75,0.5,0.22341694,
499,1,3,0,0.0,1.0,0.88180584,
503,1,3,0,0.0,1.0,0.0550653,
509,1,3,0,0.25,0.5,0.16080466,
514,1,3,1,0.75,0.5,0.9838587,
520,1,3,1,0.5,0.0,0.85008126,
521,1,3,1,0.75,0.5,0.99998796,
522,1,3,0,0.25,0.5,0.82255566,
523,1,3,0,0.25,0.5,0.0046181567,
529,1,3,1,0.5,0.0,0.4620928,
530,1,3,1,0.5,0.0,0.015954614,
535,1,3,0,0.25,0.5,0.46327013,
546,1,3,1,0.5,0.0,0.017409556,
552,1,3,1,0.6666666666666666,0.3333333333333332,0.9956863,
568,1,3,1,1.0,1.0,0.975618,
570,1,3,1,0.6666666666666666,0.3333333333333332,0.47595313,
574,1,3,0,0.3333333333333333,0.3333333333333333,0.03927523,
583,1,3,1,0.5,0.0,0.4773637,
588,1,3,0,0.1666666666666666,0.6666666666666667,0.26079106,
590,1,3,0,0.3333333333333333,0.3333333333333333,0.5549976,
594,1,3,0,0.0,1.0,0.89077806,
603,1,3,1,0.5,0.0,0.4292579,
610,1,3,0,0.25,0.5,0.9473107,
612,1,3,0,0.0,1.0,0.00015132128,
617,1,3,1,0.5,0.0,0.69705987,
619,1,3,0,0.25,0.5,0.007196729,
624,1,3,0,0.25,0.5,0.3150297,
627,1,3,1,0.75,0.5,0.046284914,
631,1,3,0,0.0,1.0,0.4160958,
633,1,3,1,0.5,0.0,0.17204368,
634,1,3,0,0.25,0.5,0.9694525,
636,1,3,0,0.0,1.0,0.76940167,
650,1,3,0,0.0,1.0,0.09874157,
652,1,3,0,0.0,1.0,0.3699245,
654,1,3,0,0.1666666666666666,0.6666666666666667,0.015261827,
656,1,3,1,0.6666666666666666,0.3333333333333332,0.7622234,
664,1,3,1,0.6666666666666666,0.3333333333333332,0.98843586,
665,1,3,0,0.1666666666666666,0.6666666666666667,0.73648244,
667,1,3,0,0.3333333333333333,0.3333333333333333,0.9988121,
669,1,3,0,0.3333333333333333,0.3333333333333333,0.2798378,
673,1,3,0,0.3333333333333333,0.3333333333333333,1.1333121e-05,
677,1,3,1,0.6666666666666666,0.3333333333333332,0.9900857,
681,1,3,0,0.1666666666666666,0.6666666666666667,0.73166215,
683,1,3,1,0.8333333333333334,0.6666666666666667,0.018950392,
689,1,3,0,0.0,1.0,0.00018343425,
702,1,3,0,0.1666666666666666,0.6666666666666667,0.008214975,
713,1,3,1,0.6,0.1999999999999999,0.08578755,
714,1,3,0,0.3333333333333333,0.3333333333333333,0.05753292,
720,1,3,0,0.0,1.0,0.014127871,
721,1,3,0,0.3333333333333333,0.3333333333333333,0.9715211,
722,1,3,0,0.2,0.6,0.051769193,
723,1,3,0,0.1666666666666666,0.6666666666666667,0.43590122,
726,1,3,0,0.0,1.0,0.96404696,
738,1,3,0,0.3333333333333333,0.3333333333333333,0.29823983,
742,1,3,1,0.5,0.0,0.9977624,
4,1,4,1,0.6,0.1999999999999999,0.58175623,
7,1,4,1,0.6,0.1999999999999999,0.7191138,
15,1,4,0,0.4,0.1999999999999999,0.77612495,
27,1,4,0,0.2,0.6,0.0088099,
35,1,4,1,0.5,0.0,0.09570318,
38,1,4,0,0.0,1.0,0.9999701,
47,1,4,0,0.25,0.5,0.051516943,
48,1,4,1,0.6,0.1999999999999999,0.19953352,
53,1,4,0,0.1666666666666666,0.6666666666666667,0.0013741427,
55,1,4,0,0.0,1.0,0.3820808,
58,1,4,0,0.25,0.5,0.5781849,
59,1,4,0,0.25,0.5,1.4685798e-05,
61,1,4,0,0.2,0.6,6.713635e-05,
73,1,4,0,0.0,1.0,0.00055104453,
74,1,4,0,0.0,1.0,0.16975455,
80,1,4,0,0.0,1.0,0.13135633,
87,1,4,0,0.0,1.0,0.0006051061,
97,1,4,0,0.25,0.5,0.34673434,
100,1,4,0,0.25,0.5,0.9577701,
104,1,4,0,0.1111111111111111,0.7777777777777778,0.7821457,
105,1,4,0,0.0,1.0,0.0009830431,
107,1,4,0,0.1111111111111111,0.7777777777777778,0.013921211,
111,1,4,0,0.1111111111111111,0.7777777777777778,0.8045423,
112,1,4,0,0.125,0.75,1.2641042e-05,
116,1,4,0,0.0,1.0,0.0016495455,
125,1,4,0,0.125,0.75,0.0037736208,
134,1,4,0,0.1111111111111111,0.7777777777777778,0.4186969,
135,1,4,0,0.1666666666666666,0.6666666666666667,0.00021834201,
143,1,4,1,0.5555555555555556,0.1111111111111111,0.9418458,
146,1,4,1,0.8888888888888888,0.7777777777777777,0.16680843,
147,1,4,0,0.0,1.0,0.05154064,
148,1,4,0,0.1111111111111111,0.7777777777777778,0.011581265,
162,1,4,0,0.2,0.6,0.0011039504,
164,1,4,0,0.0,1.0,0.04089178,
165,1,4,0,0.0,1.0,0.2242671,
167,1,4,0,0.0,1.0,0.86332524,
169,1,4,0,0.0,1.0,0.01996872,
172,1,4,0,0.0,1.0,0.65358734,
174,1,4,1,0.5,0.0,0.051031865,
178,1,4,0,0.0,1.0,0.0058706105,
183,1,4,0,0.0,1.0,0.0025278493,
185,1,4,0,0.25,0.5,0.10816638,
189,1,4,1,0.5,0.0,0.03713254,
190,1,4,0,0.25,0.5,0.049204372,
214,1,4,0,0.2,0.6,0.0011692774,
224,1,4,0,0.4,0.1999999999999999,0.98614264,
228,1,4,0,0.2,0.6,0.012176396,
242,1,4,1,0.6,0.1999999999999999,0.00028122112,
244,1,4,1,0.6,0.1999999999999999,0.9822591,
253,1,4,0,0.0,1.0,0.7056122,
254,1,4,0,0.25,0.5,0.6482327,
255,1,4,0,0.25,0.5,0.000733597,
269,1,4,1,0.5,0.0,0.00037713765,
281,1,4,0,0.0,1.0,7.7559537e-10,
283,1,4,0,0.25,0.5,0.0029156012,
290,1,4,0,0.0,1.0,9.5718635e-05,
295,1,4,0,0.0,1.0,0.029664554,
296,1,4,0,0.0,1.0,8.868434e-05,
302,1,4,0,0.0,1.0,0.013387177,
303,1,4,0,0.0,1.0,0.0551535,
306,1,4,0,0.0,1.0,0.0076875943,
311,1,4,0,0.4,0.1999999999999999,0.0025513736,
337,1,4,0,0.0,1.0,0.46531996,
340,1,4,1,0.6,0.1999999999999999,0.027470574,
345,1,4,0,0.0,1.0,0.0001411716,
348,1,4,0,0.4,0.1999999999999999,0.9998518,
359,1,4,0,0.25,0.5,0.9996052,
361,1,4,0,0.0,1.0,0.0033054976,
364,1,4,1,0.5,0.0,0.09208386,
367,1,4,0,0.25,0.5,0.9991168,
371,1,4,0,0.25,0.5,0.63605946,
372,1,4,0,0.25,0.5,0.74578243,
377,1,4,0,0.25,0.5,0.98250985,
379,1,4,1,0.75,0.5,0.99782586,
381,1,4,1,0.75,0.5,0.92978424,
392,1,4,1,0.5,0.0,0.9795683,
400,1,4,1,0.5,0.0,0.9999918,
410,1,4,1,0.6,0.1999999999999999,0.75947464,
413,1,4,0,0.0,1.0,0.016831044,
418,1,4,0,0.0,1.0,0.0023187767,
421,1,4,0,0.2,0.6,0.025707237,
422,1,4,1,0.6,0.1999999999999999,0.9218447,
424,1,4,1,0.6,0.1999999999999999,0.72014105,
427,1,4,1,0.6,0.1999999999999999,0.9940938,
430,1,4,1,0.6,0.1999999999999999,0.19187808,
432,1,4,0,0.2,0.6,0.92659855,
434,1,4,0,0.0,1.0,0.010669987,
438,1,4,0,0.1666666666666666,0.6666666666666667,0.99755025,
441,1,4,0,0.2,0.6,0.33645806,
442,1,4,1,0.8,0.6000000000000001,0.99953365,
446,1,4,0,0.2,0.6,0.84855604,
448,1,4,0,0.0,1.0,0.037535124,
452,1,4,0,0.25,0.5,0.0150927575,
453,1,4,0,0.25,0.5,0.071123846,
456,1,4,1,0.5,0.0,0.0025389337,
458,1,4,0,0.0,1.0,0.7748082,
459,1,4,0,0.25,0.5,0.07814874,
461,1,4,1,0.5,0.0,0.99774253,
463,1,4,0,0.25,0.5,0.33904877,
473,1,4,0,0.25,0.5,0.5996984,
491,1,4,1,0.5,0.0,0.016047549,
492,1,4,0,0.3333333333333333,0.3333333333333333,9.602309e-06,
504,1,4,1,0.75,0.5,0.087510444,
508,1,4,1,0.75,0.5,0.110299245,
512,1,4,1,1.0,1.0,0.9999944,
517,1,4,0,0.25,0.5,0.97817403,
532,1,4,0,0.0,1.0,2.2920172e-05,
548,1,4,1,0.5,0.0,0.46192506,
550,1,4,0,0.0,1.0,0.019637497,
561,1,4,1,0.5,0.0,0.0026949418,
562,1,4,0,0.3333333333333333,0.3333333333333333,0.99847996,
565,1,4,0,0.3333333333333333,0.3333333333333333,0.82281864,
566,1,4,0,0.1666666666666666,0.6666666666666667,0.1678137,
569,1,4,0,0.1666666666666666,0.6666666666666667,0.9473491,
572,1,4,1,0.8333333333333334,0.6666666666666667,0.0004912485,
578,1,4,1,0.5,0.0,0.9772457,
586,1,4,1,0.6666666666666666,0.3333333333333332,0.04773455,
596,1,4,1,0.5,0.0,0.024574548,
599,1,4,0,0.0,1.0,0.999763,
601,1,4,0,0.0,1.0,0.43050653,
605,1,4,1,0.5,0.0,0.9999487,
606,1,4,0,0.25,0.5,0.012070983,
608,1,4,0,0.0,1.0,0.014480737,
609,1,4,0,0.25,0.5,0.6772768,
614,1,4,1,0.75,0.5,0.9058701,
625,1,4,0,0.0,1.0,0.7135478,
640,1,4,1,0.75,0.5,0.94038016,
643,1,4,1,0.5,0.0,0.017034829,
644,1,4,0,0.25,0.5,0.09174438,
662,1,4,0,0.0,1.0,0.7818469,
671,1,4,0,0.3333333333333333,0.3333333333333333,0.9997022,
675,1,4,0,0.3333333333333333,0.3333333333333333,0.006406826,
676,1,4,0,0.1666666666666666,0.6666666666666667,0.0028885142,
682,1,4,0,0.1666666666666666,0.6666666666666667,0.9983092,
685,1,4,0,0.0,1.0,0.759782,
694,1,4,0,0.3333333333333333,0.3333333333333333,0.021033939,
700,1,4,1,0.5,0.0,0.97972,
701,1,4,0,0.1666666666666666,0.6666666666666667,0.92108685,
705,1,4,1,0.5,0.0,0.010780743,
709,1,4,0,0.3333333333333333,0.3333333333333333,0.087521024,
724,1,4,0,0.2,0.6,0.15130314,
730,1,4,0,0.3333333333333333,0.3333333333333333,0.43018243,
733,1,4,0,0.1666666666666666,0.6666666666666667,0.71355534,
736,1,4,0,0.0,1.0,0.24284336,
737,1,4,0,0.1666666666666666,0.6666666666666667,0.07043395,
740,1,4,0,0.1666666666666666,0.6666666666666667,0.00042176328,
741,1,4,0,0.2,0.6,0.9026394,
1,2,0,0,0.3333333333333333,0.3333333333333333,0.008501297,
4,2,0,1,0.6,0.1999999999999999,0.35511333,
6,2,0,0,0.2,0.6,0.82177955,
10,2,0,0,0.0,1.0,0.00027968205,
12,2,0,0,0.4,0.1999999999999999,0.0097771045,
18,2,0,1,0.6,0.1999999999999999,0.0006192222,
25,2,0,0,0.2,0.6,0.5971159,
33,2,0,0,0.4,0.1999999999999999,0.0020553675,
38,2,0,0,0.0,1.0,0.999704,
44,2,0,0,0.0,1.0,0.06599365,
48,2,0,1,0.6,0.1999999999999999,0.008660626,
57,2,0,1,1.0,1.0,0.019258257,
60,2,0,0,0.0,1.0,0.12125156,
62,2,0,0,0.25,0.5,0.024765301,
70,2,0,0,0.0,1.0,0.28429615,
73,2,0,0,0.0,1.0,0.008112907,
74,2,0,0,0.0,1.0,0.6856245,
80,2,0,0,0.0,1.0,0.53142846,
81,2,0,0,0.0,1.0,0.0021401332,
84,2,0,0,0.3333333333333333,0.3333333333333333,0.9769089,
91,2,0,0,0.25,0.5,0.00052326673,
98,2,0,0,0.3333333333333333,0.3333333333333333,0.0022248928,
104,2,0,0,0.1111111111111111,0.7777777777777778,0.5885186,
108,2,0,0,0.25,0.5,0.5212159,
114,2,0,0,0.1111111111111111,0.7777777777777778,0.99843085,
118,2,0,0,0.0,1.0,0.13258012,
133,2,0,1,0.8888888888888888,0.7777777777777777,0.0032045592,
134,2,0,0,0.1111111111111111,0.7777777777777778,0.029875958,
136,2,0,0,0.3333333333333333,0.3333333333333333,0.054285858,
139,2,0,0,0.0,1.0,0.75888294,
141,2,0,0,0.0,1.0,0.9904567,
144,2,0,0,0.0,1.0,0.13876943,
152,2,0,0,0.0,1.0,6.573322e-05,
162,2,0,0,0.2,0.6,0.0046852143,
165,2,0,0,0.0,1.0,0.012047949,
171,2,0,0,0.25,0.5,0.013761799,
173,2,0,0,0.25,0.5,0.017142784,
182,2,0,0,0.0,1.0,0.39144185,
185,2,0,0,0.25,0.5,0.41921923,
188,2,0,0,0.0,1.0,0.17229201,
191,2,0,0,0.0,1.0,0.17563514,
203,2,0,0,0.2,0.6,0.115473524,
222,2,0,0,0.2,0.6,0.24363804,
244,2,0,1,0.6,0.1999999999999999,0.57546026,
248,2,0,0,0.4,0.1999999999999999,0.029110035,
250,2,0,0,0.4,0.1999999999999999,0.25950933,
253,2,0,0,0.0,1.0,0.89835614,
255,2,0,0,0.25,0.5,0.0025014565,
257,2,0,0,0.25,0.5,0.7652739,
261,2,0,0,0.25,0.5,0.08827465,
263,2,0,0,0.2,0.6,0.0017501814,
265,2,0,1,0.5,0.0,0.40281954,
272,2,0,1,0.5,0.0,0.4291634,
273,2,0,1,0.5,0.0,0.6707047,
276,2,0,0,0.2,0.6,0.74912596,
288,2,0,1,0.75,0.5,0.06025347,
322,2,0,1,0.6,0.1999999999999999,0.49606574,
324,2,0,0,0.2,0.6,0.7405021,
326,2,0,0,0.0,1.0,1.8886629e-05,
327,2,0,0,0.0,1.0,0.8220868,
328,2,0,1,0.6,0.1999999999999999,0.000773199,
331,2,0,0,0.0,1.0,0.944514,
339,2,0,0,0.0,1.0,0.11491819,
343,2,0,1,0.8,0.6000000000000001,0.98224866,
345,2,0,0,0.0,1.0,4.6400164e-06,
346,2,0,1,0.6,0.1999999999999999,0.9997151,
352,2,0,0,0.25,0.5,0.09842999,
353,2,0,0,0.0,1.0,0.9940953,
357,2,0,1,0.5,0.0,0.30490035,
363,2,0,0,0.0,1.0,0.06604997,
367,2,0,0,0.25,0.5,0.96769893,
371,2,0,0,0.25,0.5,0.2498909,
373,2,0,0,0.0,1.0,0.05238339,
375,2,0,1,0.5,0.0,0.81756854,
387,2,0,0,0.0,1.0,2.4664678e-05,
392,2,0,1,0.5,0.0,0.076241665,
393,2,0,0,0.25,0.5,0.3349223,
394,2,0,1,0.5,0.0,0.33910704,
395,2,0,1,0.5,0.0,0.99182224,
398,2,0,0,0.25,0.5,0.9975246,
402,2,0,1,0.6,0.1999999999999999,0.24477181,
412,2,0,1,1.0,1.0,0.025206838,
414,2,0,1,0.6,0.1999999999999999,0.07505777,
416,2,0,0,0.0,1.0,0.016379707,
421,2,0,0,0.2,0.6,0.0043356027,
428,2,0,1,0.6,0.1999999999999999,0.00028326598,
432,2,0,0,0.2,0.6,0.094712,
435,2,0,0,0.4,0.1999999999999999,0.9996549,
438,2,0,0,0.1666666666666666,0.6666666666666667,0.29314134,
442,2,0,1,0.8,0.6000000000000001,0.999426,
444,2,0,0,0.2,0.6,0.94096774,
460,2,0,0,0.0,1.0,0.0007832828,
465,2,0,1,0.5,0.0,0.9894475,
470,2,0,0,0.0,1.0,0.99661815,
471,2,0,0,0.0,1.0,0.99131626,
474,2,0,0,0.0,1.0,0.0029699572,
475,2,0,0,0.25,0.5,0.87813544,
476,2,0,0,0.0,1.0,0.8299972,
485,2,0,1,0.5,0.0,0.9870984,
489,2,0,0,0.0,1.0,0.058026895,
493,2,0,0,0.0,1.0,0.98739296,
498,2,0,0,0.0,1.0,7.993214e-05,
505,2,0,1,0.5,0.0,0.9899881,
506,2,0,1,0.75,0.5,0.99952066,
515,2,0,0,0.25,0.5,9.5590425e-05,
517,2,0,0,0.25,0.5,0.9875269,
525,2,0,0,0.2,0.6,5.933399e-06,
526,2,0,0,0.0,1.0,0.051199332,
531,2,0,1,0.75,0.5,0.9162185,
533,2,0,0,0.0,1.0,0.01592139,
534,2,0,1,0.75,0.5,0.00013099861,
535,2,0,0,0.25,0.5,0.95272577,
545,2,0,0,0.25,0.5,0.027525555,
547,2,0,1,0.5,0.0,0.56936187,
548,2,0,1,0.5,0.0,0.07849307,
549,2,0,0,0.0,1.0,0.0348593,
552,2,0,1,0.6666666666666666,0.3333333333333332,0.3541526,
563,2,0,0,0.0,1.0,0.00066346955,
571,2,0,1,0.5,0.0,0.32461315,
573,2,0,0,0.3333333333333333,0.3333333333333333,0.91663754,
577,2,0,0,0.1666666666666666,0.6666666666666667,0.091428876,
581,2,0,0,0.3333333333333333,0.3333333333333333,0.81923294,
583,2,0,1,0.5,0.0,0.9956589,
584,2,0,1,0.6666666666666666,0.3333333333333332,0.07695256,
588,2,0,0,0.1666666666666666,0.6666666666666667,0.031796284,
594,2,0,0,0.0,1.0,0.43269104,
601,2,0,0,0.0,1.0,0.08026409,
606,2,0,0,0.25,0.5,0.010998955,
615,2,0,1,0.75,0.5,0.9528741,
620,2,0,1,0.75,0.5,0.0004435791,
652,2,0,0,0.0,1.0,0.5459899,
655,2,0,1,0.6666666666666666,0.3333333333333332,0.44314724,
656,2,0,1,0.6666666666666666,0.3333333333333332,0.91967785,
660,2,0,0,0.1666666666666666,0.6666666666666667,0.000592953,
661,2,0,1,0.8333333333333334,0.6666666666666667,0.99999434,
662,2,0,0,0.0,1.0,0.003076356,
674,2,0,0,0.3333333333333333,0.3333333333333333,0.568276,
680,2,0,0,0.0,1.0,0.0036104433,
684,2,0,0,0.0,1.0,0.04832025,
689,2,0,0,0.0,1.0,0.00066897547,
699,2,0,0,0.1666666666666666,0.6666666666666667,0.99970645,
701,2,0,0,0.1666666666666666,0.6666666666666667,0.9954525,
721,2,0,0,0.3333333333333333,0.3333333333333333,0.018700117,
723,2,0,0,0.1666666666666666,0.6666666666666667,0.017785214,
737,2,0,0,0.1666666666666666,0.6666666666666667,0.07571384,
739,2,0,0,0.3333333333333333,0.3333333333333333,0.07750668,
742,2,0,1,0.5,0.0,0.5962516,
13,2,1,0,0.2,0.6,0.09561192,
14,2,1,0,0.2,0.6,0.2537106,
16,2,1,1,0.6,0.1999999999999999,0.0002128609,
20,2,1,0,0.25,0.5,0.013009897,
29,2,1,0,0.2,0.6,0.10194808,
34,2,1,0,0.1666666666666666,0.6666666666666667,0.0036704782,
35,2,1,1,0.5,0.0,0.037454817,
46,2,1,0,0.4,0.1999999999999999,0.19296114,
67,2,1,0,0.0,1.0,0.0013979842,
82,2,1,0,0.25,0.5,0.02511245,
83,2,1,0,0.25,0.5,0.03963874,
85,2,1,0,0.25,0.5,0.018961761,
88,2,1,1,0.5,0.0,1.651591e-05,
93,2,1,0,0.0,1.0,0.0007773915,
103,2,1,0,0.1111111111111111,0.7777777777777778,0.46065217,
116,2,1,0,0.0,1.0,0.0042291153,
122,2,1,0,0.0,1.0,0.09211197,
123,2,1,0,0.0,1.0,0.001407072,
124,2,1,0,0.0,1.0,0.70156384,
127,2,1,1,0.6666666666666666,0.3333333333333332,0.057357125,
128,2,1,0,0.1111111111111111,0.7777777777777778,0.01561472,
131,2,1,0,0.0,1.0,3.7438224e-06,
132,2,1,0,0.2222222222222222,0.5555555555555556,0.56544733,
143,2,1,1,0.5555555555555556,0.1111111111111111,0.7128184,
149,2,1,0,0.3333333333333333,0.3333333333333333,0.05679266,
153,2,1,0,0.0,1.0,2.7242819e-05,
157,2,1,0,0.25,0.5,0.37535465,
159,2,1,0,0.0,1.0,0.015044695,
176,2,1,0,0.0,1.0,0.0025072317,
181,2,1,1,0.5,0.0,0.027651578,
184,2,1,0,0.0,1.0,0.00061648316,
190,2,1,0,0.25,0.5,0.8701463,
196,2,1,1,0.5,0.0,0.020420428,
198,2,1,0,0.0,1.0,0.20099747,
199,2,1,0,0.25,0.5,0.0014322439,
207,2,1,0,0.2,0.6,0.0048092464,
208,2,1,0,0.0,1.0,6.015368e-05,
212,2,1,0,0.2,0.6,0.007959233,
216,2,1,0,0.0,1.0,0.998445,
224,2,1,0,0.4,0.1999999999999999,0.9617174,
227,2,1,1,1.0,1.0,0.9986304,
229,2,1,0,0.0,1.0,0.016262172,
235,2,1,0,0.0,1.0,0.00047188377,
240,2,1,0,0.2,0.6,0.09562419,
245,2,1,0,0.0,1.0,0.0037690173,
247,2,1,0,0.2,0.6,0.030461404,
258,2,1,0,0.0,1.0,0.0063223187,
262,2,1,1,0.5,0.0,0.23564342,
277,2,1,1,0.5,0.0,0.0019467218,
278,2,1,0,0.25,0.5,0.26207793,
279,2,1,0,0.2,0.6,0.000128509,
285,2,1,0,0.4,0.1999999999999999,0.23856506,
287,2,1,0,0.25,0.5,0.13238457,
291,2,1,0,0.0,1.0,0.008096362,
292,2,1,0,0.25,0.5,0.999993,
293,2,1,1,0.5,0.0,0.0029785773,
295,2,1,0,0.0,1.0,0.012754479,
300,2,1,0,0.0,1.0,0.30078506,
304,2,1,1,0.8,0.6000000000000001,0.96918476,
307,2,1,0,0.4,0.1999999999999999,0.53736895,
309,2,1,1,0.8,0.6000000000000001,0.21214253,
318,2,1,0,0.4,0.1999999999999999,0.0027597637,
347,2,1,0,0.4,0.1999999999999999,0.6704265,
349,2,1,0,0.0,1.0,3.6038502e-06,
351,2,1,0,0.0,1.0,0.80928445,
358,2,1,0,0.25,0.5,0.6026094,
359,2,1,0,0.25,0.5,0.9999805,
360,2,1,0,0.25,0.5,0.012842105,
372,2,1,0,0.25,0.5,0.95301807,
374,2,1,1,0.5,0.0,0.99105394,
381,2,1,1,0.75,0.5,0.9026363,
382,2,1,1,0.5,0.0,0.030619767,
383,2,1,0,0.0,1.0,0.0016794913,
384,2,1,0,0.25,0.5,0.936327,
389,2,1,0,0.25,0.5,0.9989504,
399,2,1,0,0.25,0.5,0.9934509,
401,2,1,0,0.2,0.6,0.21341942,
405,2,1,0,0.0,1.0,0.5098211,
420,2,1,0,0.0,1.0,0.01107952,
427,2,1,1,0.6,0.1999999999999999,0.9988458,
430,2,1,1,0.6,0.1999999999999999,0.015865337,
431,2,1,0,0.4,0.1999999999999999,0.12194745,
433,2,1,0,0.0,1.0,0.032536987,
447,2,1,0,0.0,1.0,0.09074163,
456,2,1,1,0.5,0.0,0.80613947,
458,2,1,0,0.0,1.0,0.99774384,
461,2,1,1,0.5,0.0,0.97152716,
464,2,1,0,0.0,1.0,0.9992676,
477,2,1,0,0.0,1.0,0.061536975,
488,2,1,1,0.5,0.0,0.99997896,
492,2,1,0,0.3333333333333333,0.3333333333333333,1.8225168e-05,
503,2,1,0,0.0,1.0,0.60131854,
508,2,1,1,0.75,0.5,0.0032869002,
509,2,1,0,0.25,0.5,0.1236801,
510,2,1,1,0.5,0.0,0.20626152,
520,2,1,1,0.5,0.0,0.8829242,
521,2,1,1,0.75,0.5,0.98946244,
524,2,1,0,0.0,1.0,0.9999875,
528,2,1,0,0.0,1.0,0.08319807,
538,2,1,0,0.0,1.0,0.9978873,
539,2,1,0,0.25,0.5,0.103467114,
541,2,1,1,0.5,0.0,0.39513677,
542,2,1,0,0.25,0.5,0.13654827,
543,2,1,1,0.5,0.0,0.9975166,
550,2,1,0,0.0,1.0,0.016024478,
568,2,1,1,1.0,1.0,0.97449976,
569,2,1,0,0.1666666666666666,0.6666666666666667,0.8487001,
575,2,1,1,0.5,0.0,0.99923587,
579,2,1,0,0.3333333333333333,0.3333333333333333,0.9959533,
580,2,1,0,0.3333333333333333,0.3333333333333333,0.05516166,
582,2,1,1,0.5,0.0,0.10637994,
586,2,1,1,0.6666666666666666,0.3333333333333332,0.9354373,
590,2,1,0,0.3333333333333333,0.3333333333333333,0.99898773,
592,2,1,1,0.6,0.1999999999999999,0.9786742,
593,2,1,1,0.5,0.0,0.538558,
595,2,1,1,0.8333333333333334,0.6666666666666667,0.98815477,
600,2,1,0,0.1666666666666666,0.6666666666666667,0.99372876,
602,2,1,0,0.25,0.5,0.5998169,
603,2,1,1,0.5,0.0,0.9879172,
604,2,1,1,0.75,0.5,0.9914163,
605,2,1,1,0.5,0.0,0.9995834,
610,2,1,0,0.25,0.5,0.9819101,
612,2,1,0,0.0,1.0,0.00020921719,
617,2,1,1,0.5,0.0,0.9927607,
619,2,1,0,0.25,0.5,0.41967046,
625,2,1,0,0.0,1.0,0.82709074,
638,2,1,0,0.25,0.5,0.99494207,
659,2,1,1,0.6666666666666666,0.3333333333333332,0.41864657,
663,2,1,0,0.3333333333333333,0.3333333333333333,0.93231577,
665,2,1,0,0.1666666666666666,0.6666666666666667,0.9982654,
672,2,1,0,0.0,1.0,0.18045685,
677,2,1,1,0.6666666666666666,0.3333333333333332,0.68178385,
678,2,1,0,0.3333333333333333,0.3333333333333333,0.049135152,
679,2,1,0,0.4,0.1999999999999999,0.00033523535,
688,2,1,0,0.1666666666666666,0.6666666666666667,0.15591726,
690,2,1,0,0.0,1.0,0.9973105,
696,2,1,0,0.1666666666666666,0.6666666666666667,0.03081429,
697,2,1,1,0.5,0.0,0.9252372,
706,2,1,1,0.6666666666666666,0.3333333333333332,0.13278118,
708,2,1,0,0.0,1.0,0.6669129,
712,2,1,0,0.1666666666666666,0.6666666666666667,0.017688587,
724,2,1,0,0.2,0.6,0.010574977,
726,2,1,0,0.0,1.0,0.41920805,
728,2,1,0,0.2,0.6,0.08798289,
733,2,1,0,0.1666666666666666,0.6666666666666667,0.059685756,
735,2,1,0,0.0,1.0,0.00047577717,
736,2,1,0,0.0,1.0,0.9993032,
11,2,2,1,0.6,0.1999999999999999,0.0005056453,
15,2,2,0,0.4,0.1999999999999999,0.35168612,
21,2,2,0,0.2,0.6,0.44560963,
24,2,2,0,0.0,1.0,0.0005743803,
27,2,2,0,0.2,0.6,0.019914202,
28,2,2,0,0.2,0.6,0.00045083044,
30,2,2,0,0.2,0.6,0.36753464,
31,2,2,0,0.1666666666666666,0.6666666666666667,0.0012096947,
37,2,2,0,0.2,0.6,0.015220318,
47,2,2,0,0.25,0.5,0.006047546,
58,2,2,0,0.25,0.5,0.0039101113,
59,2,2,0,0.25,0.5,9.511648e-07,
61,2,2,0,0.2,0.6,0.0010955097,
64,2,2,0,0.3333333333333333,0.3333333333333333,2.11426e-05,
71,2,2,0,0.0,1.0,0.008868252,
76,2,2,0,0.25,0.5,0.00078041264,
87,2,2,0,0.0,1.0,0.0023504503,
94,2,2,0,0.25,0.5,0.09068082,
95,2,2,0,0.25,0.5,0.013018243,
97,2,2,0,0.25,0.5,0.006573028,
101,2,2,0,0.3333333333333333,0.3333333333333333,0.74076474,
105,2,2,0,0.0,1.0,0.002998387,
111,2,2,0,0.1111111111111111,0.7777777777777778,0.6969484,
113,2,2,0,0.1111111111111111,0.7777777777777778,0.94195604,
120,2,2,0,0.0,1.0,0.9683049,
129,2,2,0,0.2,0.6,0.7171077,
142,2,2,0,0.0,1.0,0.91541827,
148,2,2,0,0.1111111111111111,0.7777777777777778,0.00085559505,
150,2,2,0,0.0,1.0,0.404571,
151,2,2,0,0.0,1.0,0.08326095,
156,2,2,0,0.25,0.5,0.027308125,
158,2,2,0,0.0,1.0,9.282955e-05,
163,2,2,0,0.25,0.5,0.9147024,
167,2,2,0,0.0,1.0,0.9742129,
168,2,2,0,0.25,0.5,0.00044713853,
177,2,2,0,0.0,1.0,0.21102992,
179,2,2,0,0.25,0.5,0.040489666,
187,2,2,0,0.0,1.0,0.0003467556,
189,2,2,1,0.5,0.0,0.071916915,
201,2,2,0,0.25,0.5,0.012036044,
205,2,2,0,0.2,0.6,0.00024377102,
206,2,2,1,0.5,0.0,0.020474214,
213,2,2,0,0.4,0.1999999999999999,0.916522,
214,2,2,0,0.2,0.6,9.30777e-05,
220,2,2,0,0.4,0.1999999999999999,0.0007301696,
223,2,2,0,0.2,0.6,0.0013639298,
237,2,2,0,0.4,0.1999999999999999,0.010502383,
238,2,2,0,0.25,0.5,1.1896881e-06,
241,2,2,1,0.6,0.1999999999999999,0.10545823,
249,2,2,1,0.6,0.1999999999999999,0.0039666584,
252,2,2,0,0.0,1.0,0.00068543275,
259,2,2,0,0.0,1.0,0.0004065531,
264,2,2,0,0.25,0.5,0.022131128,
268,2,2,1,0.5,0.0,0.02011816,
269,2,2,1,0.5,0.0,0.0013487223,
270,2,2,0,0.0,1.0,0.66157305,
271,2,2,0,0.0,1.0,0.14085388,
275,2,2,1,0.5,0.0,0.6082125,
280,2,2,0,0.25,0.5,0.0023862997,
281,2,2,0,0.0,1.0,5.9387472e-05,
283,2,2,0,0.25,0.5,0.0025202094,
284,2,2,1,0.5,0.0,0.85120326,
286,2,2,0,0.2,0.6,0.00014747266,
290,2,2,0,0.0,1.0,3.9422226e-05,
296,2,2,0,0.0,1.0,4.2368578e-05,
298,2,2,0,0.25,0.5,0.3700779,
303,2,2,0,0.0,1.0,0.07362384,
306,2,2,0,0.0,1.0,0.26114094,
310,2,2,0,0.2,0.6,0.00998622,
312,2,2,0,0.0,1.0,0.08475423,
316,2,2,0,0.4,0.1999999999999999,0.99824446,
333,2,2,0,0.0,1.0,0.000239845,
335,2,2,1,0.5,0.0,0.06994343,
338,2,2,0,0.4,0.1999999999999999,0.713537,
342,2,2,0,0.2,0.6,0.29578328,
354,2,2,0,0.25,0.5,0.8594471,
355,2,2,0,0.25,0.5,0.0063938107,
361,2,2,0,0.0,1.0,0.001808715,
364,2,2,1,0.5,0.0,0.055557873,
376,2,2,1,0.5,0.0,0.7831674,
378,2,2,1,0.5,0.0,0.012766572,
379,2,2,1,0.75,0.5,0.9724295,
388,2,2,1,0.5,0.0,0.0059264703,
390,2,2,1,0.75,0.5,0.018993527,
406,2,2,1,0.6,0.1999999999999999,0.5582695,
409,2,2,0,0.4,0.1999999999999999,0.9406526,
411,2,2,0,0.2,0.6,0.22521567,
413,2,2,0,0.0,1.0,0.005624446,
418,2,2,0,0.0,1.0,0.00030978187,
422,2,2,1,0.6,0.1999999999999999,0.09302111,
424,2,2,1,0.6,0.1999999999999999,0.5660348,
429,2,2,0,0.0,1.0,0.00030577517,
434,2,2,0,0.0,1.0,0.000116635434,
441,2,2,0,0.2,0.6,0.10917525,
445,2,2,0,0.0,1.0,0.32873085,
446,2,2,0,0.2,0.6,0.87538147,
448,2,2,0,0.0,1.0,0.0136792455,
452,2,2,0,0.25,0.5,0.1612213,
462,2,2,1,0.5,0.0,0.9997229,
463,2,2,0,0.25,0.5,0.8135147,
467,2,2,1,1.0,1.0,0.9846128,
480,2,2,1,0.5,0.0,0.43712515,
496,2,2,1,0.75,0.5,0.044629663,
499,2,2,0,0.0,1.0,0.99665177,
512,2,2,1,1.0,1.0,0.9999225,
514,2,2,1,0.75,0.5,0.99982786,
516,2,2,0,0.0,1.0,0.956319,
518,2,2,0,0.25,0.5,0.738189,
519,2,2,0,0.0,1.0,0.95347464,
530,2,2,1,0.5,0.0,0.0006903699,
546,2,2,1,0.5,0.0,0.011787169,
553,2,2,0,0.0,1.0,0.55167735,
554,2,2,1,0.5,0.0,0.99845475,
555,2,2,0,0.3333333333333333,0.3333333333333333,0.997491,
559,2,2,1,0.6666666666666666,0.3333333333333332,0.0062858323,
566,2,2,0,0.1666666666666666,0.6666666666666667,0.15341923,
607,2,2,0,0.0,1.0,8.788033e-05,
609,2,2,0,0.25,0.5,0.6580079,
613,2,2,0,0.0,1.0,0.23378089,
618,2,2,0,0.0,1.0,0.9259771,
622,2,2,1,0.75,0.5,0.9585781,
623,2,2,1,0.5,0.0,0.6646142,
627,2,2,1,0.75,0.5,0.031158302,
628,2,2,0,0.0,1.0,2.127764e-06,
630,2,2,1,0.5,0.0,0.18015923,
636,2,2,0,0.0,1.0,0.54573035,
642,2,2,1,0.75,0.5,0.99840224,
643,2,2,1,0.5,0.0,0.08507687,
646,2,2,0,0.0,1.0,2.9155917e-06,
647,2,2,1,0.5,0.0,0.9562723,
650,2,2,0,0.0,1.0,0.0018583701,
657,2,2,1,0.5,0.0,0.0462419,
658,2,2,0,0.1666666666666666,0.6666666666666667,0.7646747,
667,2,2,0,0.3333333333333333,0.3333333333333333,0.0069453632,
668,2,2,0,0.1666666666666666,0.6666666666666667,0.94180596,
671,2,2,0,0.3333333333333333,0.3333333333333333,0.9960089,
681,2,2,0,0.1666666666666666,0.6666666666666667,0.8065735,
686,2,2,0,0.0,1.0,0.9970689,
692,2,2,0,0.0,1.0,0.0007320938,
695,2,2,0,0.3333333333333333,0.3333333333333333,0.0019421532,
700,2,2,1,0.5,0.0,0.7691747,
702,2,2,0,0.1666666666666666,0.6666666666666667,0.007637276,
710,2,2,0,0.0,1.0,3.8431997e-05,
713,2,2,1,0.6,0.1999999999999999,0.007219634,
716,2,2,1,0.6666666666666666,0.3333333333333332,0.080716915,
732,2,2,0,0.0,1.0,0.016789932,
738,2,2,0,0.3333333333333333,0.3333333333333333,0.18329553,
2,2,3,0,0.4,0.1999999999999999,3.434758e-05,
7,2,3,1,0.6,0.1999999999999999,0.6019968,
8,2,3,0,0.0,1.0,0.0017879007,
9,2,3,0,0.0,1.0,0.23480155,
26,2,3,1,0.8,0.6000000000000001,0.78767085,
32,2,3,0,0.2,0.6,0.9686127,
39,2,3,0,0.0,1.0,0.0011226367,
40,2,3,0,0.2,0.6,0.116466805,
42,2,3,0,0.0,1.0,0.0007778725,
45,2,3,0,0.0,1.0,0.939582,
52,2,3,0,0.25,0.5,0.38635898,
53,2,3,0,0.1666666666666666,0.6666666666666667,0.013440405,
55,2,3,0,0.0,1.0,0.72920936,
56,2,3,0,0.25,0.5,0.001418291,
63,2,3,0,0.0,1.0,0.4823928,
69,2,3,0,0.0,1.0,0.0020570406,
75,2,3,0,0.0,1.0,0.020692736,
77,2,3,0,0.25,0.5,0.054210477,
78,2,3,0,0.0,1.0,0.0020534648,
79,2,3,0,0.25,0.5,0.20323686,
90,2,3,1,0.5,0.0,0.0006869552,
92,2,3,0,0.0,1.0,0.010619565,
96,2,3,0,0.0,1.0,0.0050925994,
99,2,3,0,0.0,1.0,0.002524132,
100,2,3,0,0.25,0.5,0.80237937,
109,2,3,0,0.1111111111111111,0.7777777777777778,0.50381523,
119,2,3,0,0.1111111111111111,0.7777777777777778,0.4580546,
121,2,3,0,0.1111111111111111,0.7777777777777778,0.010473008,
130,2,3,0,0.1111111111111111,0.7777777777777778,2.8298782e-05,
138,2,3,1,0.5555555555555556,0.1111111111111111,0.0054970924,
147,2,3,0,0.0,1.0,0.17202522,
160,2,3,0,0.1666666666666666,0.6666666666666667,0.9959229,
164,2,3,0,0.0,1.0,0.016881527,
166,2,3,0,0.25,0.5,0.013716883,
172,2,3,0,0.0,1.0,0.00029898062,
180,2,3,0,0.0,1.0,0.080556184,
183,2,3,0,0.0,1.0,0.029093236,
194,2,3,0,0.0,1.0,0.99976385,
195,2,3,0,0.0,1.0,0.026615493,
202,2,3,1,0.6,0.1999999999999999,0.00012610375,
210,2,3,0,0.4,0.1999999999999999,0.9999972,
211,2,3,1,0.6,0.1999999999999999,0.9691782,
215,2,3,0,0.2,0.6,0.07852921,
225,2,3,0,0.2,0.6,1.316217e-05,
226,2,3,0,0.0,1.0,0.00048529037,
230,2,3,0,0.2,0.6,0.0012661985,
231,2,3,1,0.5,0.0,0.83166564,
232,2,3,0,0.25,0.5,0.47729763,
246,2,3,0,0.4,0.1999999999999999,0.42361832,
251,2,3,0,0.25,0.5,0.034810733,
260,2,3,0,0.25,0.5,0.63114125,
266,2,3,0,0.25,0.5,0.015414728,
267,2,3,0,0.0,1.0,1.5347223e-07,
274,2,3,1,0.5,0.0,0.99281806,
282,2,3,0,0.25,0.5,2.3023997e-05,
297,2,3,0,0.0,1.0,0.00018571703,
302,2,3,0,0.0,1.0,0.045819428,
308,2,3,0,0.4,0.1999999999999999,0.81171596,
311,2,3,0,0.4,0.1999999999999999,0.00011746477,
314,2,3,0,0.0,1.0,0.9454651,
321,2,3,1,0.6,0.1999999999999999,0.13942078,
325,2,3,0,0.0,1.0,0.0007526319,
329,2,3,0,0.0,1.0,0.07615474,
332,2,3,0,0.0,1.0,0.3010001,
334,2,3,0,0.4,0.1999999999999999,0.00854094,
336,2,3,0,0.4,0.1999999999999999,0.00011013434,
337,2,3,0,0.0,1.0,0.2350335,
340,2,3,1,0.6,0.1999999999999999,0.5406074,
341,2,3,1,0.6,0.1999999999999999,0.9928607,
344,2,3,0,0.2,0.6,0.0051795538,
348,2,3,0,0.4,0.1999999999999999,0.9999595,
362,2,3,1,0.75,0.5,0.051656082,
368,2,3,1,0.5,0.0,0.4754871,
397,2,3,1,0.75,0.5,0.99568546,
408,2,3,0,0.4,0.1999999999999999,0.5388951,
410,2,3,1,0.6,0.1999999999999999,0.94370025,
425,2,3,0,0.0,1.0,0.54934204,
426,2,3,1,0.8,0.6000000000000001,0.577204,
436,2,3,0,0.4,0.1999999999999999,0.9977845,
439,2,3,0,0.2,0.6,0.21717162,
440,2,3,0,0.0,1.0,0.77204245,
443,2,3,0,0.0,1.0,0.0014655113,
449,2,3,0,0.4,0.1999999999999999,0.08627586,
450,2,3,0,0.2,0.6,0.0045890436,
451,2,3,0,0.25,0.5,0.3547941,
453,2,3,0,0.25,0.5,0.13037634,
454,2,3,0,0.0,1.0,0.06447084,
455,2,3,0,0.0,1.0,4.7257276e-05,
459,2,3,0,0.25,0.5,0.49103585,
466,2,3,1,0.5,0.0,0.999699,
468,2,3,0,0.25,0.5,0.05676466,
469,2,3,1,0.75,0.5,0.032523673,
478,2,3,0,0.0,1.0,0.25420406,
479,2,3,0,0.0,1.0,0.0009705826,
481,2,3,0,0.0,1.0,0.4620334,
482,2,3,0,0.0,1.0,4.3259846e-05,
483,2,3,0,0.25,0.5,0.7289083,
486,2,3,0,0.25,0.5,0.998946,
487,2,3,0,0.2,0.6,2.2639604e-05,
490,2,3,0,0.25,0.5,0.00611028,
497,2,3,0,0.0,1.0,0.0011449347,
504,2,3,1,0.75,0.5,0.086002946,
513,2,3,0,0.0,1.0,0.84863484,
523,2,3,0,0.25,0.5,0.39970142,
529,2,3,1,0.5,0.0,0.006955205,
536,2,3,0,0.3333333333333333,0.3333333333333333,0.4655844,
544,2,3,1,0.5,0.0,0.9995444,
551,2,3,1,0.6666666666666666,0.3333333333333332,0.22523966,
557,2,3,0,0.3333333333333333,0.3333333333333333,2.243238e-06,
558,2,3,1,0.5,0.0,0.9998999,
560,2,3,0,0.1666666666666666,0.6666666666666667,0.065363444,
561,2,3,1,0.5,0.0,2.6677146e-06,
565,2,3,0,0.3333333333333333,0.3333333333333333,0.97254896,
570,2,3,1,0.6666666666666666,0.3333333333333332,0.045912754,
574,2,3,0,0.3333333333333333,0.3333333333333333,0.0279681,
585,2,3,1,0.5,0.0,0.9706888,
587,2,3,1,0.8333333333333334,0.6666666666666667,0.021673676,
596,2,3,1,0.5,0.0,0.19583187,
597,2,3,0,0.0,1.0,4.324803e-05,
598,2,3,0,0.3333333333333333,0.3333333333333333,0.95963764,
611,2,3,1,0.75,0.5,0.0036850274,
621,2,3,1,0.5,0.0,0.15310201,
629,2,3,1,0.5,0.0,0.9997126,
637,2,3,1,0.5,0.0,0.39836606,
644,2,3,0,0.25,0.5,0.08405747,
648,2,3,1,0.5,0.0,0.014098386,
653,2,3,1,0.5,0.0,0.031432454,
654,2,3,0,0.1666666666666666,0.6666666666666667,0.945755,
670,2,3,1,0.5,0.0,0.7675228,
682,2,3,0,0.1666666666666666,0.6666666666666667,0.9931083,
683,2,3,1,0.8333333333333334,0.6666666666666667,0.0011847077,
685,2,3,0,0.0,1.0,0.0012344554,
687,2,3,0,0.3333333333333333,0.3333333333333333,0.0009685165,
691,2,3,0,0.1666666666666666,0.6666666666666667,0.93617094,
693,2,3,1,0.5,0.0,0.013912777,
704,2,3,0,0.3333333333333333,0.3333333333333333,0.29760128,
705,2,3,1,0.5,0.0,0.0006312902,
711,2,3,1,0.6,0.1999999999999999,0.33673197,
717,2,3,1,0.5,0.0,0.7885162,
719,2,3,0,0.1666666666666666,0.6666666666666667,0.10804192,
722,2,3,0,0.2,0.6,0.0046081375,
725,2,3,0,0.0,1.0,0.0011502256,
727,2,3,0,0.4,0.1999999999999999,0.26434997,
729,2,3,0,0.4,0.1999999999999999,0.536105,
730,2,3,0,0.3333333333333333,0.3333333333333333,0.056999642,
734,2,3,0,0.0,1.0,0.42295796,
740,2,3,0,0.1666666666666666,0.6666666666666667,3.853454e-06,
3,2,4,0,0.0,1.0,0.12926587,
5,2,4,0,0.2,0.6,0.0552936,
17,2,4,0,0.4,0.1999999999999999,0.2045931,
22,2,4,0,0.2,0.6,0.9528631,
36,2,4,0,0.2,0.6,0.00013031461,
41,2,4,0,0.2,0.6,0.00067701505,
43,2,4,0,0.2,0.6,0.9984836,
49,2,4,0,0.3333333333333333,0.3333333333333333,0.00075088156,
50,2,4,1,0.8,0.6000000000000001,0.24362557,
51,2,4,0,0.25,0.5,0.9924518,
54,2,4,0,0.25,0.5,0.008233072,
65,2,4,0,0.25,0.5,0.00039999784,
66,2,4,0,0.0,1.0,0.4445757,
68,2,4,0,0.0,1.0,0.0048095803,
72,2,4,0,0.25,0.5,0.0019491261,
86,2,4,0,0.0,1.0,0.09661268,
89,2,4,0,0.25,0.5,0.84858984,
102,2,4,0,0.0,1.0,0.00023743679,
106,2,4,1,1.0,1.0,0.045588166,
107,2,4,0,0.1111111111111111,0.7777777777777778,0.29352832,
110,2,4,0,0.0,1.0,0.07480844,
112,2,4,0,0.125,0.75,0.00012253663,
115,2,4,0,0.0,1.0,0.036443684,
117,2,4,0,0.25,0.5,0.00618509,
125,2,4,0,0.125,0.75,0.059321146,
126,2,4,0,0.2222222222222222,0.5555555555555556,0.954725,
135,2,4,0,0.1666666666666666,0.6666666666666667,0.00031445385,
137,2,4,1,0.6666666666666666,0.3333333333333332,0.00014972575,
140,2,4,0,0.2222222222222222,0.5555555555555556,0.3312133,
145,2,4,0,0.4444444444444444,0.1111111111111111,0.00025219226,
146,2,4,1,0.8888888888888888,0.7777777777777777,0.1823681,
154,2,4,0,0.25,0.5,0.001375248,
155,2,4,0,0.25,0.5,0.09152299,
161,2,4,0,0.0,1.0,0.85553,
169,2,4,0,0.0,1.0,0.120422125,
170,2,4,0,0.1666666666666666,0.6666666666666667,0.0018021768,
174,2,4,1,0.5,0.0,0.09940792,
175,2,4,0,0.0,1.0,0.003175233,
178,2,4,0,0.0,1.0,0.000102433885,
186,2,4,0,0.0,1.0,0.02250385,
192,2,4,0,0.0,1.0,0.059863713,
193,2,4,0,0.25,0.5,0.44502607,
197,2,4,0,0.0,1.0,4.2350286e-05,
200,2,4,0,0.2,0.6,0.0414371,
204,2,4,0,0.4,0.1999999999999999,0.016884336,
209,2,4,0,0.2,0.6,0.0027056132,
217,2,4,0,0.0,1.0,0.00075492496,
219,2,4,0,0.0,1.0,0.014382804,
221,2,4,1,0.8,0.6000000000000001,0.02486695,
228,2,4,0,0.2,0.6,0.0029641786,
233,2,4,0,0.0,1.0,0.17278424,
234,2,4,0,0.25,0.5,0.00023361814,
236,2,4,0,0.0,1.0,1.6724181e-05,
239,2,4,1,0.6,0.1999999999999999,3.219152e-05,
242,2,4,1,0.6,0.1999999999999999,0.0015391128,
243,2,4,0,0.0,1.0,0.047796585,
254,2,4,0,0.25,0.5,0.0002763819,
289,2,4,1,0.5,0.0,0.42499614,
294,2,4,0,0.0,1.0,0.21765202,
299,2,4,1,0.8,0.6000000000000001,0.008206143,
313,2,4,0,0.0,1.0,0.03023572,
315,2,4,1,0.8,0.6000000000000001,0.9953108,
317,2,4,0,0.4,0.1999999999999999,4.7783615e-05,
319,2,4,0,0.2,0.6,0.9526404,
320,2,4,0,0.0,1.0,0.26575437,
323,2,4,0,0.0,1.0,0.00060710555,
330,2,4,0,0.4,0.1999999999999999,0.25708607,
350,2,4,0,0.0,1.0,0.0016943283,
356,2,4,0,0.25,0.5,0.045738842,
365,2,4,0,0.25,0.5,0.99412704,
366,2,4,0,0.0,1.0,0.9389863,
369,2,4,0,0.0,1.0,0.00013883389,
370,2,4,0,0.0,1.0,0.0021163556,
377,2,4,0,0.25,0.5,0.28080356,
380,2,4,1,0.75,0.5,0.04914087,
385,2,4,1,0.5,0.0,0.0037517047,
386,2,4,0,0.25,0.5,0.76283145,
391,2,4,0,0.0,1.0,0.00030920556,
396,2,4,1,0.75,0.5,0.9768412,
400,2,4,1,0.5,0.0,0.9999896,
403,2,4,0,0.0,1.0,0.003100831,
404,2,4,1,0.6,0.1999999999999999,0.42128828,
407,2,4,0,0.2,0.6,0.01865744,
415,2,4,0,0.0,1.0,0.90022665,
417,2,4,0,0.2,0.6,0.97996336,
419,2,4,0,0.4,0.1999999999999999,0.96676886,
423,2,4,0,0.0,1.0,0.031670805,
437,2,4,1,0.6,0.1999999999999999,0.7897686,
457,2,4,1,0.5,0.0,0.903371,
472,2,4,0,0.25,0.5,1.8542401e-05,
473,2,4,0,0.25,0.5,0.022984115,
484,2,4,0,0.25,0.5,0.27729815,
491,2,4,1,0.5,0.0,0.33779573,
494,2,4,1,0.8,0.6000000000000001,0.84146225,
495,2,4,0,0.0,1.0,0.35694373,
500,2,4,0,0.25,0.5,0.0032910537,
501,2,4,0,0.25,0.5,0.89088815,
502,2,4,1,0.75,0.5,0.1758605,
507,2,4,1,1.0,1.0,0.7823713,
511,2,4,1,0.5,0.0,0.9470725,
522,2,4,0,0.25,0.5,0.036652703,
527,2,4,0,0.25,0.5,0.7730266,
532,2,4,0,0.0,1.0,0.00016763044,
537,2,4,0,0.25,0.5,0.9215428,
540,2,4,0,0.25,0.5,0.9829302,
556,2,4,0,0.1666666666666666,0.6666666666666667,0.9452728,
562,2,4,0,0.3333333333333333,0.3333333333333333,0.8907069,
564,2,4,1,0.5,0.0,0.99326676,
567,2,4,0,0.3333333333333333,0.3333333333333333,0.00031152664,
572,2,4,1,0.8333333333333334,0.6666666666666667,0.010506815,
576,2,4,1,0.5,0.0,0.9949841,
578,2,4,1,0.5,0.0,0.3681923,
589,2,4,0,0.3333333333333333,0.3333333333333333,0.36104846,
591,2,4,1,0.5,0.0,0.00010605264,
599,2,4,0,0.0,1.0,0.99519455,
608,2,4,0,0.0,1.0,0.8455322,
614,2,4,1,0.75,0.5,0.86263114,
616,2,4,1,0.75,0.5,0.029548487,
624,2,4,0,0.25,0.5,0.00057691365,
626,2,4,1,0.5,0.0,0.00010361033,
631,2,4,0,0.0,1.0,0.21050072,
632,2,4,1,0.5,0.0,0.17132363,
633,2,4,1,0.5,0.0,0.12551115,
634,2,4,0,0.25,0.5,0.037838835,
635,2,4,1,0.5,0.0,0.99751735,
639,2,4,0,0.0,1.0,0.0009884535,
640,2,4,1,0.75,0.5,0.06856037,
641,2,4,0,0.0,1.0,0.036522888,
645,2,4,1,0.75,0.5,0.991815,
649,2,4,1,0.5,0.0,0.00331286,
651,2,4,0,0.3333333333333333,0.3333333333333333,0.17328861,
664,2,4,1,0.6666666666666666,0.3333333333333332,0.71010715,
669,2,4,0,0.3333333333333333,0.3333333333333333,0.50533867,
673,2,4,0,0.3333333333333333,0.3333333333333333,1.5313606e-05,
675,2,4,0,0.3333333333333333,0.3333333333333333,0.0020308052,
676,2,4,0,0.1666666666666666,0.6666666666666667,0.005543659,
694,2,4,0,0.3333333333333333,0.3333333333333333,0.21161321,
698,2,4,1,0.5,0.0,0.9427115,
703,2,4,0,0.0,1.0,0.00084833486,
707,2,4,1,0.5,0.0,0.0011077943,
709,2,4,0,0.3333333333333333,0.3333333333333333,0.30058217,
714,2,4,0,0.3333333333333333,0.3333333333333333,0.3764575,
715,2,4,1,0.5,0.0,9.004847e-06,
718,2,4,0,0.1666666666666666,0.6666666666666667,2.2907047e-05,
720,2,4,0,0.0,1.0,5.8342703e-05,
731,2,4,0,0.0,1.0,0.018267678,
741,2,4,0,0.2,0.6,0.55911005,
3,3,0,0,0.0,1.0,0.007133366,
5,3,0,0,0.2,0.6,0.005185947,
7,3,0,1,0.6,0.1999999999999999,0.73712146,
25,3,0,0,0.2,0.6,0.4890371,
30,3,0,0,0.2,0.6,0.10523535,
36,3,0,0,0.2,0.6,0.002348186,
37,3,0,0,0.2,0.6,0.0019910033,
39,3,0,0,0.0,1.0,0.027772611,
44,3,0,0,0.0,1.0,0.0013024434,
48,3,0,1,0.6,0.1999999999999999,0.081150256,
50,3,0,1,0.8,0.6000000000000001,0.39070094,
57,3,0,1,1.0,1.0,0.004973085,
58,3,0,0,0.25,0.5,0.005330504,
59,3,0,0,0.25,0.5,2.1351234e-05,
60,3,0,0,0.0,1.0,0.7667043,
77,3,0,0,0.25,0.5,0.12061859,
78,3,0,0,0.0,1.0,0.0266552,
81,3,0,0,0.0,1.0,0.014879528,
99,3,0,0,0.0,1.0,0.032927908,
114,3,0,0,0.1111111111111111,0.7777777777777778,0.4231689,
115,3,0,0,0.0,1.0,0.000121641875,
116,3,0,0,0.0,1.0,0.005444639,
125,3,0,0,0.125,0.75,0.19345582,
126,3,0,0,0.2222222222222222,0.5555555555555556,0.43316275,
127,3,0,1,0.6666666666666666,0.3333333333333332,0.016113698,
130,3,0,0,0.1111111111111111,0.7777777777777778,6.98503e-05,
144,3,0,0,0.0,1.0,0.020450482,
145,3,0,0,0.4444444444444444,0.1111111111111111,0.0021157493,
147,3,0,0,0.0,1.0,0.008122994,
149,3,0,0,0.3333333333333333,0.3333333333333333,0.0017228634,
154,3,0,0,0.25,0.5,0.04847752,
161,3,0,0,0.0,1.0,0.30385238,
162,3,0,0,0.2,0.6,0.022015927,
166,3,0,0,0.25,0.5,0.009666102,
167,3,0,0,0.0,1.0,0.97956824,
169,3,0,0,0.0,1.0,0.006824295,
181,3,0,1,0.5,0.0,0.709623,
186,3,0,0,0.0,1.0,0.008088652,
188,3,0,0,0.0,1.0,0.36252022,
190,3,0,0,0.25,0.5,0.5756967,
203,3,0,0,0.2,0.6,0.009743853,
204,3,0,0,0.4,0.1999999999999999,0.021102268,
205,3,0,0,0.2,0.6,0.0009499502,
209,3,0,0,0.2,0.6,0.038462695,
210,3,0,0,0.4,0.1999999999999999,0.9987763,
216,3,0,0,0.0,1.0,0.64068484,
220,3,0,0,0.4,0.1999999999999999,6.484712e-05,
225,3,0,0,0.2,0.6,0.0004069412,
235,3,0,0,0.0,1.0,0.0002936013,
247,3,0,0,0.2,0.6,0.01126151,
253,3,0,0,0.0,1.0,0.834473,
267,3,0,0,0.0,1.0,9.860798e-07,
269,3,0,1,0.5,0.0,0.0002541556,
271,3,0,0,0.0,1.0,0.23113883,
273,3,0,1,0.5,0.0,0.55039454,
283,3,0,0,0.25,0.5,0.00012014358,
284,3,0,1,0.5,0.0,0.4591012,
285,3,0,0,0.4,0.1999999999999999,0.08289322,
291,3,0,0,0.0,1.0,0.0002694184,
292,3,0,0,0.25,0.5,0.9918655,
308,3,0,0,0.4,0.1999999999999999,0.25660387,
309,3,0,1,0.8,0.6000000000000001,0.0008543567,
320,3,0,0,0.0,1.0,0.40717816,
329,3,0,0,0.0,1.0,0.0874903,
341,3,0,1,0.6,0.1999999999999999,0.38804817,
346,3,0,1,0.6,0.1999999999999999,0.9994761,
348,3,0,0,0.4,0.1999999999999999,0.9999729,
349,3,0,0,0.0,1.0,2.2151082e-07,
351,3,0,0,0.0,1.0,0.9791697,
354,3,0,0,0.25,0.5,0.6834365,
370,3,0,0,0.0,1.0,0.0003373321,
373,3,0,0,0.0,1.0,0.95009553,
374,3,0,1,0.5,0.0,0.99353915,
390,3,0,1,0.75,0.5,0.0012916292,
391,3,0,0,0.0,1.0,5.186368e-05,
395,3,0,1,0.5,0.0,0.8382518,
404,3,0,1,0.6,0.1999999999999999,0.04151618,
405,3,0,0,0.0,1.0,0.6134649,
411,3,0,0,0.2,0.6,0.99397576,
412,3,0,1,1.0,1.0,0.42509896,
414,3,0,1,0.6,0.1999999999999999,0.41610485,
415,3,0,0,0.0,1.0,0.9961339,
419,3,0,0,0.4,0.1999999999999999,0.74428844,
425,3,0,0,0.0,1.0,0.49582952,
426,3,0,1,0.8,0.6000000000000001,0.81308067,
435,3,0,0,0.4,0.1999999999999999,0.9556036,
437,3,0,1,0.6,0.1999999999999999,0.16101287,
443,3,0,0,0.0,1.0,0.001646591,
453,3,0,0,0.25,0.5,0.003079321,
461,3,0,1,0.5,0.0,0.52669,
464,3,0,0,0.0,1.0,0.9984068,
467,3,0,1,1.0,1.0,0.44723576,
472,3,0,0,0.25,0.5,0.0038167778,
484,3,0,0,0.25,0.5,0.090702996,
488,3,0,1,0.5,0.0,0.999409,
489,3,0,0,0.0,1.0,0.9958413,
493,3,0,0,0.0,1.0,0.9999541,
498,3,0,0,0.0,1.0,0.0033396725,
500,3,0,0,0.25,0.5,0.0026579257,
511,3,0,1,0.5,0.0,0.9996928,
522,3,0,0,0.25,0.5,0.49141908,
523,3,0,0,0.25,0.5,0.92602813,
531,3,0,1,0.75,0.5,0.9260473,
534,3,0,1,0.75,0.5,0.009036718,
544,3,0,1,0.5,0.0,0.9976392,
546,3,0,1,0.5,0.0,0.22290424,
554,3,0,1,0.5,0.0,0.9999137,
560,3,0,0,0.1666666666666666,0.6666666666666667,0.17104018,
567,3,0,0,0.3333333333333333,0.3333333333333333,0.04133304,
577,3,0,0,0.1666666666666666,0.6666666666666667,0.049164996,
580,3,0,0,0.3333333333333333,0.3333333333333333,0.000290188,
591,3,0,1,0.5,0.0,0.014398219,
596,3,0,1,0.5,0.0,0.0089899795,
601,3,0,0,0.0,1.0,0.018331356,
604,3,0,1,0.75,0.5,0.7490598,
613,3,0,0,0.0,1.0,0.52086765,
618,3,0,0,0.0,1.0,0.9711154,
622,3,0,1,0.75,0.5,0.48869348,
633,3,0,1,0.5,0.0,0.02502203,
645,3,0,1,0.75,0.5,0.99917144,
648,3,0,1,0.5,0.0,0.35592732,
650,3,0,0,0.0,1.0,0.00023553584,
651,3,0,0,0.3333333333333333,0.3333333333333333,0.74366945,
653,3,0,1,0.5,0.0,0.33100212,
665,3,0,0,0.1666666666666666,0.6666666666666667,0.49965048,
667,3,0,0,0.3333333333333333,0.3333333333333333,0.07392536,
668,3,0,0,0.1666666666666666,0.6666666666666667,0.39044306,
673,3,0,0,0.3333333333333333,0.3333333333333333,2.6418688e-06,
674,3,0,0,0.3333333333333333,0.3333333333333333,0.9181154,
681,3,0,0,0.1666666666666666,0.6666666666666667,0.6332402,
683,3,0,1,0.8333333333333334,0.6666666666666667,0.9392764,
685,3,0,0,0.0,1.0,0.009984321,
689,3,0,0,0.0,1.0,0.0001858165,
690,3,0,0,0.0,1.0,0.6586593,
692,3,0,0,0.0,1.0,0.00028939627,
694,3,0,0,0.3333333333333333,0.3333333333333333,0.2449775,
703,3,0,0,0.0,1.0,0.0020363969,
707,3,0,1,0.5,0.0,0.00027086894,
714,3,0,0,0.3333333333333333,0.3333333333333333,0.05329865,
716,3,0,1,0.6666666666666666,0.3333333333333332,0.26818275,
717,3,0,1,0.5,0.0,0.5438136,
723,3,0,0,0.1666666666666666,0.6666666666666667,0.028941844,
725,3,0,0,0.0,1.0,0.014846887,
730,3,0,0,0.3333333333333333,0.3333333333333333,0.013662294,
733,3,0,0,0.1666666666666666,0.6666666666666667,0.3496613,
740,3,0,0,0.1666666666666666,0.6666666666666667,0.00022724773,
742,3,0,1,0.5,0.0,0.9481523,
6,3,1,0,0.2,0.6,0.06087054,
10,3,1,0,0.0,1.0,0.21132407,
14,3,1,0,0.2,0.6,0.010946042,
31,3,1,0,0.1666666666666666,0.6666666666666667,0.007950269,
35,3,1,1,0.5,0.0,0.027601063,
41,3,1,0,0.2,0.6,0.089892425,
42,3,1,0,0.0,1.0,0.0027996886,
52,3,1,0,0.25,0.5,0.2085451,
55,3,1,0,0.0,1.0,0.3810644,
61,3,1,0,0.2,0.6,0.000100290505,
62,3,1,0,0.25,0.5,0.010902527,
63,3,1,0,0.0,1.0,0.00962371,
65,3,1,0,0.25,0.5,0.008228854,
66,3,1,0,0.0,1.0,0.16616428,
73,3,1,0,0.0,1.0,0.005032222,
84,3,1,0,0.3333333333333333,0.3333333333333333,0.98267615,
87,3,1,0,0.0,1.0,0.03417012,
91,3,1,0,0.25,0.5,0.08796036,
92,3,1,0,0.0,1.0,0.0081870705,
93,3,1,0,0.0,1.0,0.030720904,
97,3,1,0,0.25,0.5,0.05702538,
106,3,1,1,1.0,1.0,0.186885,
136,3,1,0,0.3333333333333333,0.3333333333333333,0.1911237,
141,3,1,0,0.0,1.0,0.58749765,
151,3,1,0,0.0,1.0,0.20241733,
153,3,1,0,0.0,1.0,3.1331492e-05,
157,3,1,0,0.25,0.5,0.15973718,
160,3,1,0,0.1666666666666666,0.6666666666666667,0.765201,
174,3,1,1,0.5,0.0,0.0817757,
180,3,1,0,0.0,1.0,0.12802458,
197,3,1,0,0.0,1.0,0.0007780145,
198,3,1,0,0.0,1.0,0.4477258,
211,3,1,1,0.6,0.1999999999999999,0.9992035,
215,3,1,0,0.2,0.6,0.0020012958,
217,3,1,0,0.0,1.0,5.006687e-05,
223,3,1,0,0.2,0.6,0.002363178,
231,3,1,1,0.5,0.0,0.019664405,
233,3,1,0,0.0,1.0,7.099902e-06,
237,3,1,0,0.4,0.1999999999999999,0.00057507004,
239,3,1,1,0.6,0.1999999999999999,0.00017160265,
242,3,1,1,0.6,0.1999999999999999,0.0005780296,
243,3,1,0,0.0,1.0,3.5497746e-05,
244,3,1,1,0.6,0.1999999999999999,0.9947669,
248,3,1,0,0.4,0.1999999999999999,0.0893033,
249,3,1,1,0.6,0.1999999999999999,0.014685547,
251,3,1,0,0.25,0.5,0.055940703,
255,3,1,0,0.25,0.5,0.00014946968,
257,3,1,0,0.25,0.5,0.16930056,
259,3,1,0,0.0,1.0,0.009924097,
261,3,1,0,0.25,0.5,0.10619235,
264,3,1,0,0.25,0.5,0.05283107,
265,3,1,1,0.5,0.0,0.94604623,
266,3,1,0,0.25,0.5,0.0059081577,
268,3,1,1,0.5,0.0,0.13233772,
276,3,1,0,0.2,0.6,0.9954267,
288,3,1,1,0.75,0.5,0.003994072,
296,3,1,0,0.0,1.0,4.568044e-07,
297,3,1,0,0.0,1.0,0.0015695856,
306,3,1,0,0.0,1.0,0.12997632,
310,3,1,0,0.2,0.6,0.0007565707,
313,3,1,0,0.0,1.0,0.37667087,
314,3,1,0,0.0,1.0,0.9886711,
315,3,1,1,0.8,0.6000000000000001,0.99977326,
317,3,1,0,0.4,0.1999999999999999,0.0005735075,
319,3,1,0,0.2,0.6,0.40626806,
326,3,1,0,0.0,1.0,6.2053573e-07,
330,3,1,0,0.4,0.1999999999999999,0.7602894,
337,3,1,0,0.0,1.0,0.70569474,
350,3,1,0,0.0,1.0,0.00024996433,
355,3,1,0,0.25,0.5,0.0028719627,
358,3,1,0,0.25,0.5,0.9891696,
364,3,1,1,0.5,0.0,0.3263607,
366,3,1,0,0.0,1.0,0.70440185,
376,3,1,1,0.5,0.0,0.99841243,
378,3,1,1,0.5,0.0,0.00083534257,
383,3,1,0,0.0,1.0,0.0003492803,
388,3,1,1,0.5,0.0,0.5148328,
393,3,1,0,0.25,0.5,0.011815639,
394,3,1,1,0.5,0.0,0.9996891,
402,3,1,1,0.6,0.1999999999999999,0.06853145,
403,3,1,0,0.0,1.0,0.0032314467,
406,3,1,1,0.6,0.1999999999999999,0.092175156,
408,3,1,0,0.4,0.1999999999999999,0.399098,
413,3,1,0,0.0,1.0,0.050167095,
420,3,1,0,0.0,1.0,0.00021932455,
422,3,1,1,0.6,0.1999999999999999,0.00044582997,
430,3,1,1,0.6,0.1999999999999999,0.049114365,
439,3,1,0,0.2,0.6,0.16292001,
441,3,1,0,0.2,0.6,0.9498779,
445,3,1,0,0.0,1.0,0.022771519,
459,3,1,0,0.25,0.5,0.0045371056,
462,3,1,1,0.5,0.0,0.9998922,
469,3,1,1,0.75,0.5,0.009658005,
473,3,1,0,0.25,0.5,0.3595637,
475,3,1,0,0.25,0.5,0.8296764,
482,3,1,0,0.0,1.0,8.722514e-06,
485,3,1,1,0.5,0.0,0.005052158,
490,3,1,0,0.25,0.5,3.6618217e-06,
496,3,1,1,0.75,0.5,0.17752112,
512,3,1,1,1.0,1.0,0.9999901,
518,3,1,0,0.25,0.5,0.056575075,
524,3,1,0,0.0,1.0,0.99986124,
525,3,1,0,0.2,0.6,8.349961e-06,
532,3,1,0,0.0,1.0,0.027625013,
535,3,1,0,0.25,0.5,0.99896777,
543,3,1,1,0.5,0.0,0.6691757,
545,3,1,0,0.25,0.5,0.16650985,
548,3,1,1,0.5,0.0,0.0022076357,
551,3,1,1,0.6666666666666666,0.3333333333333332,0.99365944,
562,3,1,0,0.3333333333333333,0.3333333333333333,0.99999243,
576,3,1,1,0.5,0.0,0.9928842,
579,3,1,0,0.3333333333333333,0.3333333333333333,0.9927318,
581,3,1,0,0.3333333333333333,0.3333333333333333,0.63017136,
585,3,1,1,0.5,0.0,0.55492616,
588,3,1,0,0.1666666666666666,0.6666666666666667,0.9302926,
594,3,1,0,0.0,1.0,0.006519746,
611,3,1,1,0.75,0.5,1.2512955e-05,
625,3,1,0,0.0,1.0,0.02512273,
627,3,1,1,0.75,0.5,0.8272302,
630,3,1,1,0.5,0.0,0.5662075,
632,3,1,1,0.5,0.0,0.9892621,
634,3,1,0,0.25,0.5,0.6897329,
635,3,1,1,0.5,0.0,0.96821344,
638,3,1,0,0.25,0.5,0.9996946,
639,3,1,0,0.0,1.0,0.00038873276,
641,3,1,0,0.0,1.0,0.09835452,
643,3,1,1,0.5,0.0,0.06514677,
644,3,1,0,0.25,0.5,0.056376897,
647,3,1,1,0.5,0.0,0.99992347,
654,3,1,0,0.1666666666666666,0.6666666666666667,0.009178104,
655,3,1,1,0.6666666666666666,0.3333333333333332,0.9675936,
660,3,1,0,0.1666666666666666,0.6666666666666667,0.013061262,
662,3,1,0,0.0,1.0,0.014879193,
664,3,1,1,0.6666666666666666,0.3333333333333332,0.8936355,
669,3,1,0,0.3333333333333333,0.3333333333333333,0.104501426,
675,3,1,0,0.3333333333333333,0.3333333333333333,1.1984808e-05,
682,3,1,0,0.1666666666666666,0.6666666666666667,0.54189247,
688,3,1,0,0.1666666666666666,0.6666666666666667,0.003434759,
691,3,1,0,0.1666666666666666,0.6666666666666667,0.9999546,
693,3,1,1,0.5,0.0,0.9419269,
710,3,1,0,0.0,1.0,3.768476e-05,
720,3,1,0,0.0,1.0,0.00015675378,
721,3,1,0,0.3333333333333333,0.3333333333333333,0.63231397,
732,3,1,0,0.0,1.0,0.0059210854,
734,3,1,0,0.0,1.0,0.0017386917,
735,3,1,0,0.0,1.0,1.4009869e-06,
738,3,1,0,0.3333333333333333,0.3333333333333333,0.80846655,
1,3,2,0,0.3333333333333333,0.3333333333333333,0.5091121,
2,3,2,0,0.4,0.1999999999999999,0.00010161482,
8,3,2,0,0.0,1.0,0.0011356669,
21,3,2,0,0.2,0.6,0.27864528,
22,3,2,0,0.2,0.6,0.9857765,
24,3,2,0,0.0,1.0,0.04434374,
27,3,2,0,0.2,0.6,0.16580515,
34,3,2,0,0.1666666666666666,0.6666666666666667,1.7999096e-07,
38,3,2,0,0.0,1.0,0.998896,
40,3,2,0,0.2,0.6,0.9767184,
45,3,2,0,0.0,1.0,0.7900071,
47,3,2,0,0.25,0.5,0.18111074,
49,3,2,0,0.3333333333333333,0.3333333333333333,0.00038671136,
56,3,2,0,0.25,0.5,0.00047816473,
64,3,2,0,0.3333333333333333,0.3333333333333333,0.00016537371,
69,3,2,0,0.0,1.0,0.7981447,
86,3,2,0,0.0,1.0,0.0049731857,
95,3,2,0,0.25,0.5,0.5808361,
96,3,2,0,0.0,1.0,0.37589887,
100,3,2,0,0.25,0.5,0.49735072,
107,3,2,0,0.1111111111111111,0.7777777777777778,0.014057704,
110,3,2,0,0.0,1.0,0.20962258,
120,3,2,0,0.0,1.0,0.94952047,
121,3,2,0,0.1111111111111111,0.7777777777777778,0.15744519,
123,3,2,0,0.0,1.0,0.009531627,
129,3,2,0,0.2,0.6,0.010700654,
131,3,2,0,0.0,1.0,0.00023801436,
133,3,2,1,0.8888888888888888,0.7777777777777777,0.00017732914,
135,3,2,0,0.1666666666666666,0.6666666666666667,0.00019941163,
138,3,2,1,0.5555555555555556,0.1111111111111111,0.05509934,
146,3,2,1,0.8888888888888888,0.7777777777777777,0.001166352,
148,3,2,0,0.1111111111111111,0.7777777777777778,0.028886814,
150,3,2,0,0.0,1.0,0.897832,
155,3,2,0,0.25,0.5,0.022555482,
156,3,2,0,0.25,0.5,0.025221948,
163,3,2,0,0.25,0.5,0.946218,
165,3,2,0,0.0,1.0,0.02031629,
170,3,2,0,0.1666666666666666,0.6666666666666667,0.00064378337,
173,3,2,0,0.25,0.5,0.0064198147,
184,3,2,0,0.0,1.0,7.5771715e-07,
189,3,2,1,0.5,0.0,0.04053472,
191,3,2,0,0.0,1.0,0.88937396,
193,3,2,0,0.25,0.5,0.7689017,
195,3,2,0,0.0,1.0,0.0004328185,
196,3,2,1,0.5,0.0,0.25144717,
207,3,2,0,0.2,0.6,0.0015461898,
208,3,2,0,0.0,1.0,0.00027112727,
214,3,2,0,0.2,0.6,5.397156e-05,
221,3,2,1,0.8,0.6000000000000001,0.031779915,
227,3,2,1,1.0,1.0,0.16386038,
230,3,2,0,0.2,0.6,0.0022839378,
234,3,2,0,0.25,0.5,0.00018067783,
262,3,2,1,0.5,0.0,0.91734886,
270,3,2,0,0.0,1.0,0.7671871,
278,3,2,0,0.25,0.5,0.07641966,
280,3,2,0,0.25,0.5,0.00068497413,
282,3,2,0,0.25,0.5,8.0214595e-05,
290,3,2,0,0.0,1.0,0.00097619445,
294,3,2,0,0.0,1.0,0.1405279,
295,3,2,0,0.0,1.0,0.009677561,
298,3,2,0,0.25,0.5,0.37225926,
299,3,2,1,0.8,0.6000000000000001,0.0013418506,
300,3,2,0,0.0,1.0,0.8137297,
304,3,2,1,0.8,0.6000000000000001,0.99721193,
311,3,2,0,0.4,0.1999999999999999,0.00485395,
312,3,2,0,0.0,1.0,0.30891415,
322,3,2,1,0.6,0.1999999999999999,0.93595695,
323,3,2,0,0.0,1.0,0.5257262,
333,3,2,0,0.0,1.0,0.0028352868,
334,3,2,0,0.4,0.1999999999999999,0.01065819,
344,3,2,0,0.2,0.6,0.09799387,
357,3,2,1,0.5,0.0,0.5261375,
367,3,2,0,0.25,0.5,0.9991203,
371,3,2,0,0.25,0.5,0.044767816,
382,3,2,1,0.5,0.0,0.38105872,
396,3,2,1,0.75,0.5,0.99363744,
398,3,2,0,0.25,0.5,0.9874079,
417,3,2,0,0.2,0.6,0.8376562,
421,3,2,0,0.2,0.6,0.107846975,
427,3,2,1,0.6,0.1999999999999999,0.94874126,
429,3,2,0,0.0,1.0,0.0010879199,
433,3,2,0,0.0,1.0,1.6199616e-05,
434,3,2,0,0.0,1.0,0.0034885504,
436,3,2,0,0.4,0.1999999999999999,0.9968566,
438,3,2,0,0.1666666666666666,0.6666666666666667,0.038261656,
442,3,2,1,0.8,0.6000000000000001,0.98817277,
448,3,2,0,0.0,1.0,0.1616193,
451,3,2,0,0.25,0.5,0.0065193735,
463,3,2,0,0.25,0.5,0.7581434,
466,3,2,1,0.5,0.0,0.9999611,
471,3,2,0,0.0,1.0,0.9517624,
474,3,2,0,0.0,1.0,0.0016080722,
477,3,2,0,0.0,1.0,0.0083730575,
481,3,2,0,0.0,1.0,0.43746573,
492,3,2,0,0.3333333333333333,0.3333333333333333,2.5519307e-06,
494,3,2,1,0.8,0.6000000000000001,0.84348357,
502,3,2,1,0.75,0.5,0.9618927,
507,3,2,1,1.0,1.0,0.6402725,
513,3,2,0,0.0,1.0,0.4718204,
530,3,2,1,0.5,0.0,0.007016328,
537,3,2,0,0.25,0.5,0.26436993,
539,3,2,0,0.25,0.5,0.7658237,
540,3,2,0,0.25,0.5,0.9951674,
547,3,2,1,0.5,0.0,0.93098354,
550,3,2,0,0.0,1.0,0.0025273568,
553,3,2,0,0.0,1.0,0.6910947,
556,3,2,0,0.1666666666666666,0.6666666666666667,0.470365,
561,3,2,1,0.5,0.0,0.0011882519,
564,3,2,1,0.5,0.0,0.98263705,
569,3,2,0,0.1666666666666666,0.6666666666666667,0.7135439,
582,3,2,1,0.5,0.0,0.025763284,
586,3,2,1,0.6666666666666666,0.3333333333333332,0.00023590274,
592,3,2,1,0.6,0.1999999999999999,0.5680087,
593,3,2,1,0.5,0.0,0.020205135,
595,3,2,1,0.8333333333333334,0.6666666666666667,0.69162774,
598,3,2,0,0.3333333333333333,0.3333333333333333,0.9981106,
600,3,2,0,0.1666666666666666,0.6666666666666667,0.7059616,
603,3,2,1,0.5,0.0,0.23793533,
606,3,2,0,0.25,0.5,0.00685853,
607,3,2,0,0.0,1.0,0.00012645908,
609,3,2,0,0.25,0.5,0.7185359,
614,3,2,1,0.75,0.5,0.9380194,
615,3,2,1,0.75,0.5,0.65657544,
621,3,2,1,0.5,0.0,0.99647737,
624,3,2,0,0.25,0.5,0.007896724,
626,3,2,1,0.5,0.0,0.00017361283,
631,3,2,0,0.0,1.0,0.8561256,
640,3,2,1,0.75,0.5,0.6472397,
642,3,2,1,0.75,0.5,0.9996973,
657,3,2,1,0.5,0.0,0.6321923,
658,3,2,0,0.1666666666666666,0.6666666666666667,0.9972972,
663,3,2,0,0.3333333333333333,0.3333333333333333,0.1339494,
672,3,2,0,0.0,1.0,0.00088184356,
679,3,2,0,0.4,0.1999999999999999,0.120636486,
687,3,2,0,0.3333333333333333,0.3333333333333333,0.005166783,
698,3,2,1,0.5,0.0,0.99237275,
699,3,2,0,0.1666666666666666,0.6666666666666667,0.99955106,
702,3,2,0,0.1666666666666666,0.6666666666666667,0.0036800022,
705,3,2,1,0.5,0.0,0.0040673646,
706,3,2,1,0.6666666666666666,0.3333333333333332,0.9323588,
708,3,2,0,0.0,1.0,0.17607874,
709,3,2,0,0.3333333333333333,0.3333333333333333,0.94530374,
719,3,2,0,0.1666666666666666,0.6666666666666667,0.22440724,
726,3,2,0,0.0,1.0,0.5523616,
736,3,2,0,0.0,1.0,0.9949142,
739,3,2,0,0.3333333333333333,0.3333333333333333,0.32129475,
741,3,2,0,0.2,0.6,0.7848891,
4,3,3,1,0.6,0.1999999999999999,0.43610254,
11,3,3,1,0.6,0.1999999999999999,0.02472194,
13,3,3,0,0.2,0.6,0.1704737,
15,3,3,0,0.4,0.1999999999999999,0.9611521,
16,3,3,1,0.6,0.1999999999999999,0.0019968213,
18,3,3,1,0.6,0.1999999999999999,0.00017818925,
28,3,3,0,0.2,0.6,0.586207,
29,3,3,0,0.2,0.6,0.15371974,
54,3,3,0,0.25,0.5,0.100665614,
67,3,3,0,0.0,1.0,4.4873403e-05,
71,3,3,0,0.0,1.0,0.015185556,
72,3,3,0,0.25,0.5,0.043375246,
74,3,3,0,0.0,1.0,0.8708261,
75,3,3,0,0.0,1.0,0.01968834,
79,3,3,0,0.25,0.5,0.076642565,
80,3,3,0,0.0,1.0,0.89506114,
82,3,3,0,0.25,0.5,0.0067422027,
83,3,3,0,0.25,0.5,0.9072798,
85,3,3,0,0.25,0.5,0.27593005,
89,3,3,0,0.25,0.5,0.8138702,
90,3,3,1,0.5,0.0,0.00029537242,
94,3,3,0,0.25,0.5,0.028577685,
98,3,3,0,0.3333333333333333,0.3333333333333333,0.010484897,
101,3,3,0,0.3333333333333333,0.3333333333333333,0.80298245,
103,3,3,0,0.1111111111111111,0.7777777777777778,0.8864052,
108,3,3,0,0.25,0.5,0.9552623,
112,3,3,0,0.125,0.75,0.002133058,
119,3,3,0,0.1111111111111111,0.7777777777777778,0.4151119,
122,3,3,0,0.0,1.0,0.21946555,
134,3,3,0,0.1111111111111111,0.7777777777777778,0.16427465,
137,3,3,1,0.6666666666666666,0.3333333333333332,0.0013089669,
140,3,3,0,0.2222222222222222,0.5555555555555556,0.043127507,
152,3,3,0,0.0,1.0,0.074506655,
159,3,3,0,0.0,1.0,0.24506705,
164,3,3,0,0.0,1.0,0.03374082,
177,3,3,0,0.0,1.0,0.23212211,
182,3,3,0,0.0,1.0,0.9789376,
183,3,3,0,0.0,1.0,0.0005490958,
192,3,3,0,0.0,1.0,0.08276209,
199,3,3,0,0.25,0.5,0.0028301259,
201,3,3,0,0.25,0.5,0.8685058,
213,3,3,0,0.4,0.1999999999999999,0.6563281,
219,3,3,0,0.0,1.0,0.075711615,
226,3,3,0,0.0,1.0,0.7166334,
228,3,3,0,0.2,0.6,0.6001421,
238,3,3,0,0.25,0.5,6.272335e-05,
241,3,3,1,0.6,0.1999999999999999,0.8805926,
245,3,3,0,0.0,1.0,0.890983,
250,3,3,0,0.4,0.1999999999999999,0.9710889,
252,3,3,0,0.0,1.0,0.14812642,
258,3,3,0,0.0,1.0,0.012723995,
263,3,3,0,0.2,0.6,0.018703908,
272,3,3,1,0.5,0.0,0.06575105,
275,3,3,1,0.5,0.0,0.58580273,
277,3,3,1,0.5,0.0,7.850576e-06,
279,3,3,0,0.2,0.6,0.0002550396,
302,3,3,0,0.0,1.0,0.033885982,
307,3,3,0,0.4,0.1999999999999999,0.059631076,
316,3,3,0,0.4,0.1999999999999999,0.9734709,
318,3,3,0,0.4,0.1999999999999999,0.00020793322,
324,3,3,0,0.2,0.6,0.90784705,
328,3,3,1,0.6,0.1999999999999999,0.0023024273,
331,3,3,0,0.0,1.0,0.97924197,
332,3,3,0,0.0,1.0,0.04626557,
338,3,3,0,0.4,0.1999999999999999,0.3495596,
339,3,3,0,0.0,1.0,0.5369391,
345,3,3,0,0.0,1.0,0.00042623436,
347,3,3,0,0.4,0.1999999999999999,0.06830454,
352,3,3,0,0.25,0.5,0.08640958,
363,3,3,0,0.0,1.0,0.24779364,
375,3,3,1,0.5,0.0,0.9539702,
377,3,3,0,0.25,0.5,0.3825368,
379,3,3,1,0.75,0.5,0.99992603,
380,3,3,1,0.75,0.5,0.98284477,
381,3,3,1,0.75,0.5,0.5436374,
384,3,3,0,0.25,0.5,0.49555016,
386,3,3,0,0.25,0.5,0.9709584,
387,3,3,0,0.0,1.0,4.7238573e-05,
389,3,3,0,0.25,0.5,0.9999695,
392,3,3,1,0.5,0.0,0.6990231,
407,3,3,0,0.2,0.6,0.0316848,
409,3,3,0,0.4,0.1999999999999999,0.9941558,
416,3,3,0,0.0,1.0,0.0435014,
423,3,3,0,0.0,1.0,0.96904266,
424,3,3,1,0.6,0.1999999999999999,0.9514732,
432,3,3,0,0.2,0.6,0.8408388,
440,3,3,0,0.0,1.0,0.9986447,
446,3,3,0,0.2,0.6,0.084905006,
447,3,3,0,0.0,1.0,0.008618071,
452,3,3,0,0.25,0.5,0.011186488,
454,3,3,0,0.0,1.0,0.5383553,
455,3,3,0,0.0,1.0,0.00027766655,
456,3,3,1,0.5,0.0,0.00054860266,
457,3,3,1,0.5,0.0,0.99860585,
458,3,3,0,0.0,1.0,0.6755441,
476,3,3,0,0.0,1.0,0.9801141,
478,3,3,0,0.0,1.0,0.09695175,
479,3,3,0,0.0,1.0,0.0045308573,
480,3,3,1,0.5,0.0,0.45548245,
483,3,3,0,0.25,0.5,0.35984305,
487,3,3,0,0.2,0.6,1.8992205e-06,
491,3,3,1,0.5,0.0,0.0050515914,
499,3,3,0,0.0,1.0,0.9675014,
503,3,3,0,0.0,1.0,0.8257555,
505,3,3,1,0.5,0.0,0.9904984,
506,3,3,1,0.75,0.5,0.9987903,
508,3,3,1,0.75,0.5,0.065437615,
515,3,3,0,0.25,0.5,0.0002571511,
516,3,3,0,0.0,1.0,0.9742975,
519,3,3,0,0.0,1.0,0.97895753,
521,3,3,1,0.75,0.5,0.9985429,
526,3,3,0,0.0,1.0,0.14527252,
529,3,3,1,0.5,0.0,0.98785377,
541,3,3,1,0.5,0.0,0.0037844996,
542,3,3,0,0.25,0.5,0.30218726,
549,3,3,0,0.0,1.0,0.78349996,
552,3,3,1,0.6666666666666666,0.3333333333333332,0.97630954,
555,3,3,0,0.3333333333333333,0.3333333333333333,0.9494556,
558,3,3,1,0.5,0.0,0.12510952,
568,3,3,1,1.0,1.0,0.9840158,
570,3,3,1,0.6666666666666666,0.3333333333333332,0.052774265,
573,3,3,0,0.3333333333333333,0.3333333333333333,0.9579135,
575,3,3,1,0.5,0.0,0.9604943,
578,3,3,1,0.5,0.0,0.4297002,
583,3,3,1,0.5,0.0,0.8745438,
589,3,3,0,0.3333333333333333,0.3333333333333333,0.8605554,
590,3,3,0,0.3333333333333333,0.3333333333333333,0.9988968,
597,3,3,0,0.0,1.0,0.0009439638,
610,3,3,0,0.25,0.5,0.89600825,
617,3,3,1,0.5,0.0,0.9492643,
629,3,3,1,0.5,0.0,0.9781922,
636,3,3,0,0.0,1.0,0.8563678,
637,3,3,1,0.5,0.0,0.19749129,
646,3,3,0,0.0,1.0,1.2326202e-05,
652,3,3,0,0.0,1.0,0.027125407,
671,3,3,0,0.3333333333333333,0.3333333333333333,0.94568104,
677,3,3,1,0.6666666666666666,0.3333333333333332,0.9959756,
678,3,3,0,0.3333333333333333,0.3333333333333333,0.32773057,
680,3,3,0,0.0,1.0,0.0004436112,
686,3,3,0,0.0,1.0,0.9954264,
695,3,3,0,0.3333333333333333,0.3333333333333333,0.04673072,
697,3,3,1,0.5,0.0,0.92600715,
704,3,3,0,0.3333333333333333,0.3333333333333333,0.010073021,
713,3,3,1,0.6,0.1999999999999999,0.2350482,
722,3,3,0,0.2,0.6,0.08597857,
729,3,3,0,0.4,0.1999999999999999,0.8415262,
737,3,3,0,0.1666666666666666,0.6666666666666667,0.016650628,
9,3,4,0,0.0,1.0,0.55569017,
12,3,4,0,0.4,0.1999999999999999,0.95770216,
17,3,4,0,0.4,0.1999999999999999,0.06487237,
20,3,4,0,0.25,0.5,0.019612715,
26,3,4,1,0.8,0.6000000000000001,0.9456084,
32,3,4,0,0.2,0.6,0.99834895,
33,3,4,0,0.4,0.1999999999999999,0.028701063,
43,3,4,0,0.2,0.6,0.99999595,
46,3,4,0,0.4,0.1999999999999999,0.6620097,
51,3,4,0,0.25,0.5,0.99636066,
53,3,4,0,0.1666666666666666,0.6666666666666667,0.012473781,
68,3,4,0,0.0,1.0,0.33529294,
70,3,4,0,0.0,1.0,0.93656456,
76,3,4,0,0.25,0.5,0.013235154,
88,3,4,1,0.5,0.0,0.20555368,
102,3,4,0,0.0,1.0,0.0067825313,
104,3,4,0,0.1111111111111111,0.7777777777777778,0.99061644,
105,3,4,0,0.0,1.0,0.029921152,
109,3,4,0,0.1111111111111111,0.7777777777777778,0.99794847,
111,3,4,0,0.1111111111111111,0.7777777777777778,0.8258176,
113,3,4,0,0.1111111111111111,0.7777777777777778,0.9916756,
117,3,4,0,0.25,0.5,0.23912896,
118,3,4,0,0.0,1.0,0.9704173,
124,3,4,0,0.0,1.0,0.030255992,
128,3,4,0,0.1111111111111111,0.7777777777777778,0.8605524,
132,3,4,0,0.2222222222222222,0.5555555555555556,0.13261433,
139,3,4,0,0.0,1.0,0.85662574,
142,3,4,0,0.0,1.0,0.9198027,
143,3,4,1,0.5555555555555556,0.1111111111111111,0.9921373,
158,3,4,0,0.0,1.0,7.3021874e-05,
168,3,4,0,0.25,0.5,0.6105715,
171,3,4,0,0.25,0.5,0.044736013,
172,3,4,0,0.0,1.0,0.3843335,
175,3,4,0,0.0,1.0,0.117137596,
176,3,4,0,0.0,1.0,0.6015524,
178,3,4,0,0.0,1.0,0.017083775,
179,3,4,0,0.25,0.5,0.89361,
185,3,4,0,0.25,0.5,0.024112301,
187,3,4,0,0.0,1.0,0.008698475,
194,3,4,0,0.0,1.0,0.970297,
200,3,4,0,0.2,0.6,0.9990386,
202,3,4,1,0.6,0.1999999999999999,0.010337792,
206,3,4,1,0.5,0.0,0.09072252,
212,3,4,0,0.2,0.6,0.09322923,
222,3,4,0,0.2,0.6,0.5525451,
224,3,4,0,0.4,0.1999999999999999,0.9999021,
229,3,4,0,0.0,1.0,0.051987693,
232,3,4,0,0.25,0.5,0.017360557,
236,3,4,0,0.0,1.0,0.014220221,
240,3,4,0,0.2,0.6,0.1877566,
246,3,4,0,0.4,0.1999999999999999,0.36647227,
254,3,4,0,0.25,0.5,0.7658006,
260,3,4,0,0.25,0.5,0.69392693,
274,3,4,1,0.5,0.0,0.9951786,
281,3,4,0,0.0,1.0,3.174963e-05,
286,3,4,0,0.2,0.6,0.014588887,
287,3,4,0,0.25,0.5,0.06577793,
289,3,4,1,0.5,0.0,0.97316223,
293,3,4,1,0.5,0.0,0.37096238,
303,3,4,0,0.0,1.0,0.19045536,
321,3,4,1,0.6,0.1999999999999999,0.17350952,
325,3,4,0,0.0,1.0,0.18247317,
327,3,4,0,0.0,1.0,0.9996477,
335,3,4,1,0.5,0.0,0.33010423,
336,3,4,0,0.4,0.1999999999999999,0.0071541937,
340,3,4,1,0.6,0.1999999999999999,0.038477033,
342,3,4,0,0.2,0.6,0.028905934,
343,3,4,1,0.8,0.6000000000000001,0.99940723,
353,3,4,0,0.0,1.0,0.9714725,
356,3,4,0,0.25,0.5,0.014013036,
359,3,4,0,0.25,0.5,0.9999968,
360,3,4,0,0.25,0.5,0.1264455,
361,3,4,0,0.0,1.0,0.0029499964,
362,3,4,1,0.75,0.5,0.8987286,
365,3,4,0,0.25,0.5,0.9961673,
368,3,4,1,0.5,0.0,0.36201796,
369,3,4,0,0.0,1.0,0.0013744335,
372,3,4,0,0.25,0.5,0.90534735,
385,3,4,1,0.5,0.0,0.42137778,
397,3,4,1,0.75,0.5,0.99969965,
399,3,4,0,0.25,0.5,0.99998844,
400,3,4,1,0.5,0.0,0.9999999,
401,3,4,0,0.2,0.6,0.5382019,
410,3,4,1,0.6,0.1999999999999999,0.9870245,
418,3,4,0,0.0,1.0,0.079826675,
428,3,4,1,0.6,0.1999999999999999,0.037918568,
431,3,4,0,0.4,0.1999999999999999,0.089511536,
444,3,4,0,0.2,0.6,0.92735636,
449,3,4,0,0.4,0.1999999999999999,0.38444284,
450,3,4,0,0.2,0.6,0.015882868,
460,3,4,0,0.0,1.0,0.00083640084,
465,3,4,1,0.5,0.0,0.99882007,
468,3,4,0,0.25,0.5,0.3169929,
470,3,4,0,0.0,1.0,0.86890733,
486,3,4,0,0.25,0.5,0.9999998,
495,3,4,0,0.0,1.0,0.88935924,
497,3,4,0,0.0,1.0,0.0101505695,
501,3,4,0,0.25,0.5,0.99289846,
504,3,4,1,0.75,0.5,0.7587867,
509,3,4,0,0.25,0.5,0.00020721309,
510,3,4,1,0.5,0.0,0.8466214,
514,3,4,1,0.75,0.5,0.9863926,
517,3,4,0,0.25,0.5,0.9991991,
520,3,4,1,0.5,0.0,0.7867487,
527,3,4,0,0.25,0.5,0.977419,
528,3,4,0,0.0,1.0,0.032386117,
533,3,4,0,0.0,1.0,0.4760787,
536,3,4,0,0.3333333333333333,0.3333333333333333,0.68411756,
538,3,4,0,0.0,1.0,0.7934948,
557,3,4,0,0.3333333333333333,0.3333333333333333,1.4593384e-05,
559,3,4,1,0.6666666666666666,0.3333333333333332,0.08736924,
563,3,4,0,0.0,1.0,0.08361694,
565,3,4,0,0.3333333333333333,0.3333333333333333,0.8070134,
566,3,4,0,0.1666666666666666,0.6666666666666667,0.6574052,
571,3,4,1,0.5,0.0,0.22049226,
572,3,4,1,0.8333333333333334,0.6666666666666667,0.0006456093,
574,3,4,0,0.3333333333333333,0.3333333333333333,0.017922875,
584,3,4,1,0.6666666666666666,0.3333333333333332,0.75772417,
587,3,4,1,0.8333333333333334,0.6666666666666667,0.21008408,
599,3,4,0,0.0,1.0,0.9433962,
602,3,4,0,0.25,0.5,0.7771456,
605,3,4,1,0.5,0.0,0.99999994,
608,3,4,0,0.0,1.0,0.3384663,
612,3,4,0,0.0,1.0,0.0054338477,
616,3,4,1,0.75,0.5,0.94347954,
619,3,4,0,0.25,0.5,0.92627275,
620,3,4,1,0.75,0.5,0.35800394,
623,3,4,1,0.5,0.0,0.9989421,
628,3,4,0,0.0,1.0,0.0018519177,
649,3,4,1,0.5,0.0,0.013733423,
656,3,4,1,0.6666666666666666,0.3333333333333332,0.47406656,
659,3,4,1,0.6666666666666666,0.3333333333333332,0.9987774,
661,3,4,1,0.8333333333333334,0.6666666666666667,0.9999984,
670,3,4,1,0.5,0.0,0.63743246,
676,3,4,0,0.1666666666666666,0.6666666666666667,0.04283254,
684,3,4,0,0.0,1.0,0.39173236,
696,3,4,0,0.1666666666666666,0.6666666666666667,0.7720474,
700,3,4,1,0.5,0.0,0.9982984,
701,3,4,0,0.1666666666666666,0.6666666666666667,0.4616127,
711,3,4,1,0.6,0.1999999999999999,0.9445119,
712,3,4,0,0.1666666666666666,0.6666666666666667,0.005119456,
715,3,4,1,0.5,0.0,0.00071040425,
718,3,4,0,0.1666666666666666,0.6666666666666667,0.008092801,
724,3,4,0,0.2,0.6,0.36150602,
727,3,4,0,0.4,0.1999999999999999,0.93774533,
728,3,4,0,0.2,0.6,0.70632577,
731,3,4,0,0.0,1.0,0.105176374,
3,4,0,0,0.0,1.0,0.02154336,
8,4,0,0,0.0,1.0,0.0029205359,
10,4,0,0,0.0,1.0,0.065857485,
11,4,0,1,0.6,0.1999999999999999,0.28264964,
13,4,0,0,0.2,0.6,0.058815166,
18,4,0,1,0.6,0.1999999999999999,0.005837434,
24,4,0,0,0.0,1.0,0.0027468954,
25,4,0,0,0.2,0.6,0.21208936,
29,4,0,0,0.2,0.6,0.41188535,
30,4,0,0,0.2,0.6,0.07953192,
31,4,0,0,0.1666666666666666,0.6666666666666667,0.008058044,
34,4,0,0,0.1666666666666666,0.6666666666666667,0.012272584,
36,4,0,0,0.2,0.6,6.379258e-05,
44,4,0,0,0.0,1.0,0.079931326,
46,4,0,0,0.4,0.1999999999999999,0.8127965,
47,4,0,0,0.25,0.5,0.015087765,
51,4,0,0,0.25,0.5,0.9967785,
52,4,0,0,0.25,0.5,0.7125889,
57,4,0,1,1.0,1.0,0.02851056,
60,4,0,0,0.0,1.0,0.65993583,
67,4,0,0,0.0,1.0,8.946221e-06,
70,4,0,0,0.0,1.0,0.8778856,
83,4,0,0,0.25,0.5,0.5104207,
90,4,0,1,0.5,0.0,0.00039705102,
94,4,0,0,0.25,0.5,0.0038384604,
110,4,0,0,0.0,1.0,0.761299,
111,4,0,0,0.1111111111111111,0.7777777777777778,0.87220156,
116,4,0,0,0.0,1.0,0.0071114996,
121,4,0,0,0.1111111111111111,0.7777777777777778,0.011239879,
124,4,0,0,0.0,1.0,0.07798571,
128,4,0,0,0.1111111111111111,0.7777777777777778,0.59166723,
151,4,0,0,0.0,1.0,0.044382647,
159,4,0,0,0.0,1.0,0.39074162,
169,4,0,0,0.0,1.0,0.020434083,
182,4,0,0,0.0,1.0,0.90110457,
185,4,0,0,0.25,0.5,0.000829534,
189,4,0,1,0.5,0.0,0.24827707,
190,4,0,0,0.25,0.5,0.7891298,
191,4,0,0,0.0,1.0,0.9923557,
192,4,0,0,0.0,1.0,0.46200335,
198,4,0,0,0.0,1.0,0.4901032,
200,4,0,0,0.2,0.6,0.9984062,
205,4,0,0,0.2,0.6,0.0012489022,
213,4,0,0,0.4,0.1999999999999999,0.98081774,
226,4,0,0,0.0,1.0,0.23747247,
230,4,0,0,0.2,0.6,0.004709787,
233,4,0,0,0.0,1.0,0.058158066,
234,4,0,0,0.25,0.5,0.0012654465,
236,4,0,0,0.0,1.0,0.025614366,
240,4,0,0,0.2,0.6,0.013394302,
241,4,0,1,0.6,0.1999999999999999,0.9804562,
242,4,0,1,0.6,0.1999999999999999,0.0028924947,
246,4,0,0,0.4,0.1999999999999999,0.5606917,
248,4,0,0,0.4,0.1999999999999999,0.054428168,
252,4,0,0,0.0,1.0,0.026066514,
255,4,0,0,0.25,0.5,0.0002789306,
273,4,0,1,0.5,0.0,0.57939637,
274,4,0,1,0.5,0.0,0.9719111,
278,4,0,0,0.25,0.5,0.22286373,
288,4,0,1,0.75,0.5,0.0003996841,
311,4,0,0,0.4,0.1999999999999999,0.0021537174,
315,4,0,1,0.8,0.6000000000000001,0.99899316,
319,4,0,0,0.2,0.6,0.20076156,
320,4,0,0,0.0,1.0,0.74675846,
321,4,0,1,0.6,0.1999999999999999,0.88819706,
323,4,0,0,0.0,1.0,0.016747076,
326,4,0,0,0.0,1.0,0.0033766106,
330,4,0,0,0.4,0.1999999999999999,0.65177846,
339,4,0,0,0.0,1.0,0.8602416,
346,4,0,1,0.6,0.1999999999999999,0.9998151,
359,4,0,0,0.25,0.5,0.9998797,
370,4,0,0,0.0,1.0,0.018073205,
372,4,0,0,0.25,0.5,0.66154826,
380,4,0,1,0.75,0.5,0.28609365,
381,4,0,1,0.75,0.5,0.87823784,
384,4,0,0,0.25,0.5,0.8074844,
395,4,0,1,0.5,0.0,0.8688055,
411,4,0,0,0.2,0.6,0.99953187,
416,4,0,0,0.0,1.0,0.00023509344,
420,4,0,0,0.0,1.0,0.008563144,
422,4,0,1,0.6,0.1999999999999999,0.07295947,
423,4,0,0,0.0,1.0,0.9827627,
434,4,0,0,0.0,1.0,0.24047321,
435,4,0,0,0.4,0.1999999999999999,0.99980223,
438,4,0,0,0.1666666666666666,0.6666666666666667,0.1243758,
443,4,0,0,0.0,1.0,0.00036269025,
452,4,0,0,0.25,0.5,0.79122305,
455,4,0,0,0.0,1.0,0.0028790429,
456,4,0,1,0.5,0.0,0.018664567,
468,4,0,0,0.25,0.5,0.0042533684,
476,4,0,0,0.0,1.0,0.6516012,
480,4,0,1,0.5,0.0,0.9729345,
485,4,0,1,0.5,0.0,0.9652149,
489,4,0,0,0.0,1.0,0.9989898,
492,4,0,0,0.3333333333333333,0.3333333333333333,0.00010980208,
505,4,0,1,0.5,0.0,0.98227495,
506,4,0,1,0.75,0.5,0.99706185,
507,4,0,1,1.0,1.0,0.87775004,
510,4,0,1,0.5,0.0,0.71300054,
512,4,0,1,1.0,1.0,0.99857545,
515,4,0,0,0.25,0.5,0.046005126,
517,4,0,0,0.25,0.5,0.96609604,
522,4,0,0,0.25,0.5,0.4613987,
523,4,0,0,0.25,0.5,0.9227255,
534,4,0,1,0.75,0.5,0.0009886897,
536,4,0,0,0.3333333333333333,0.3333333333333333,0.7632432,
542,4,0,0,0.25,0.5,0.24586561,
543,4,0,1,0.5,0.0,0.9999688,
553,4,0,0,0.0,1.0,0.8789551,
555,4,0,0,0.3333333333333333,0.3333333333333333,0.970274,
566,4,0,0,0.1666666666666666,0.6666666666666667,0.9762814,
570,4,0,1,0.6666666666666666,0.3333333333333332,0.28475335,
572,4,0,1,0.8333333333333334,0.6666666666666667,0.0004919386,
578,4,0,1,0.5,0.0,0.5797262,
579,4,0,0,0.3333333333333333,0.3333333333333333,0.9998417,
586,4,0,1,0.6666666666666666,0.3333333333333332,0.028629394,
591,4,0,1,0.5,0.0,0.00069607917,
598,4,0,0,0.3333333333333333,0.3333333333333333,0.9939846,
604,4,0,1,0.75,0.5,0.72020984,
613,4,0,0,0.0,1.0,0.0074259406,
618,4,0,0,0.0,1.0,0.99988055,
623,4,0,1,0.5,0.0,0.8324932,
625,4,0,0,0.0,1.0,0.78836846,
635,4,0,1,0.5,0.0,0.9999088,
637,4,0,1,0.5,0.0,0.37750533,
639,4,0,0,0.0,1.0,2.0766762e-05,
640,4,0,1,0.75,0.5,0.9999395,
641,4,0,0,0.0,1.0,0.0030337572,
648,4,0,1,0.5,0.0,0.009181324,
661,4,0,1,0.8333333333333334,0.6666666666666667,0.99996495,
662,4,0,0,0.0,1.0,0.76066744,
663,4,0,0,0.3333333333333333,0.3333333333333333,0.99417907,
667,4,0,0,0.3333333333333333,0.3333333333333333,0.99235463,
673,4,0,0,0.3333333333333333,0.3333333333333333,0.0011162688,
679,4,0,0,0.4,0.1999999999999999,0.054249294,
683,4,0,1,0.8333333333333334,0.6666666666666667,0.9946126,
685,4,0,0,0.0,1.0,0.015795922,
686,4,0,0,0.0,1.0,0.99987674,
689,4,0,0,0.0,1.0,0.30241218,
699,4,0,0,0.1666666666666666,0.6666666666666667,0.99959207,
702,4,0,0,0.1666666666666666,0.6666666666666667,0.49221215,
703,4,0,0,0.0,1.0,0.34246933,
705,4,0,1,0.5,0.0,0.0014916649,
727,4,0,0,0.4,0.1999999999999999,0.1379102,
732,4,0,0,0.0,1.0,0.77989596,
740,4,0,0,0.1666666666666666,0.6666666666666667,0.009515366,
742,4,0,1,0.5,0.0,0.9999074,
1,4,1,0,0.3333333333333333,0.3333333333333333,0.013579503,
21,4,1,0,0.2,0.6,0.26495963,
28,4,1,0,0.2,0.6,0.1815225,
38,4,1,0,0.0,1.0,0.9739765,
41,4,1,0,0.2,0.6,0.14348508,
43,4,1,0,0.2,0.6,0.9936985,
45,4,1,0,0.0,1.0,0.89148545,
54,4,1,0,0.25,0.5,0.48787832,
59,4,1,0,0.25,0.5,8.1456164e-05,
61,4,1,0,0.2,0.6,0.000646572,
65,4,1,0,0.25,0.5,0.00081359793,
66,4,1,0,0.0,1.0,0.9079169,
72,4,1,0,0.25,0.5,0.054487847,
81,4,1,0,0.0,1.0,0.5257096,
87,4,1,0,0.0,1.0,0.13070482,
91,4,1,0,0.25,0.5,0.00048103055,
93,4,1,0,0.0,1.0,0.04181264,
95,4,1,0,0.25,0.5,0.016241534,
102,4,1,0,0.0,1.0,0.00041661898,
107,4,1,0,0.1111111111111111,0.7777777777777778,0.05976788,
118,4,1,0,0.0,1.0,0.75820196,
127,4,1,1,0.6666666666666666,0.3333333333333332,0.21671733,
129,4,1,0,0.2,0.6,0.017077196,
131,4,1,0,0.0,1.0,1.5726286e-05,
139,4,1,0,0.0,1.0,0.0047071315,
140,4,1,0,0.2222222222222222,0.5555555555555556,0.047172554,
143,4,1,1,0.5555555555555556,0.1111111111111111,0.64468,
145,4,1,0,0.4444444444444444,0.1111111111111111,0.0008425731,
156,4,1,0,0.25,0.5,0.032965362,
171,4,1,0,0.25,0.5,0.0784667,
172,4,1,0,0.0,1.0,0.020244937,
173,4,1,0,0.25,0.5,0.002976105,
179,4,1,0,0.25,0.5,0.72264063,
183,4,1,0,0.0,1.0,3.3948614e-05,
187,4,1,0,0.0,1.0,0.018688105,
188,4,1,0,0.0,1.0,0.009226382,
194,4,1,0,0.0,1.0,0.9205874,
195,4,1,0,0.0,1.0,0.027449444,
203,4,1,0,0.2,0.6,0.014088257,
204,4,1,0,0.4,0.1999999999999999,0.017893339,
206,4,1,1,0.5,0.0,0.12347524,
211,4,1,1,0.6,0.1999999999999999,0.9999526,
214,4,1,0,0.2,0.6,0.00012744693,
215,4,1,0,0.2,0.6,0.014485918,
217,4,1,0,0.0,1.0,0.00031523965,
219,4,1,0,0.0,1.0,0.0007853563,
220,4,1,0,0.4,0.1999999999999999,0.0026754397,
221,4,1,1,0.8,0.6000000000000001,0.012034591,
231,4,1,1,0.5,0.0,0.938004,
237,4,1,0,0.4,0.1999999999999999,0.000102706515,
244,4,1,1,0.6,0.1999999999999999,0.48650047,
247,4,1,0,0.2,0.6,0.00040149514,
249,4,1,1,0.6,0.1999999999999999,0.0035511535,
259,4,1,0,0.0,1.0,0.039227266,
272,4,1,1,0.5,0.0,0.4068241,
277,4,1,1,0.5,0.0,0.04808195,
295,4,1,0,0.0,1.0,0.0031042353,
310,4,1,0,0.2,0.6,0.0064182114,
313,4,1,0,0.0,1.0,0.056616448,
322,4,1,1,0.6,0.1999999999999999,0.1512505,
327,4,1,0,0.0,1.0,0.93101496,
329,4,1,0,0.0,1.0,0.03924553,
342,4,1,0,0.2,0.6,0.29311943,
345,4,1,0,0.0,1.0,0.0016467355,
348,4,1,0,0.4,0.1999999999999999,0.9987894,
349,4,1,0,0.0,1.0,1.03266975e-05,
351,4,1,0,0.0,1.0,0.6894141,
352,4,1,0,0.25,0.5,0.024732824,
354,4,1,0,0.25,0.5,0.9957514,
367,4,1,0,0.25,0.5,0.989794,
374,4,1,1,0.5,0.0,0.9989176,
376,4,1,1,0.5,0.0,0.99958193,
377,4,1,0,0.25,0.5,0.8739072,
379,4,1,1,0.75,0.5,0.9980712,
387,4,1,0,0.0,1.0,0.064061835,
389,4,1,0,0.25,0.5,0.9999549,
391,4,1,0,0.0,1.0,0.00023067404,
392,4,1,1,0.5,0.0,0.5624752,
398,4,1,0,0.25,0.5,0.06460461,
402,4,1,1,0.6,0.1999999999999999,0.052412923,
404,4,1,1,0.6,0.1999999999999999,0.26062775,
405,4,1,0,0.0,1.0,0.8609093,
406,4,1,1,0.6,0.1999999999999999,0.82099795,
407,4,1,0,0.2,0.6,0.14168522,
424,4,1,1,0.6,0.1999999999999999,0.7553222,
426,4,1,1,0.8,0.6000000000000001,0.3691541,
436,4,1,0,0.4,0.1999999999999999,0.34129888,
440,4,1,0,0.0,1.0,0.9992131,
441,4,1,0,0.2,0.6,0.18026115,
449,4,1,0,0.4,0.1999999999999999,0.034597594,
450,4,1,0,0.2,0.6,0.008263279,
453,4,1,0,0.25,0.5,0.106699124,
457,4,1,1,0.5,0.0,0.99195254,
460,4,1,0,0.0,1.0,0.00076456397,
463,4,1,0,0.25,0.5,0.99664855,
464,4,1,0,0.0,1.0,0.9946247,
465,4,1,1,0.5,0.0,0.9837024,
466,4,1,1,0.5,0.0,0.9935043,
472,4,1,0,0.25,0.5,0.002974507,
473,4,1,0,0.25,0.5,0.70444584,
474,4,1,0,0.0,1.0,0.0016196545,
494,4,1,1,0.8,0.6000000000000001,0.67090666,
519,4,1,0,0.0,1.0,0.7134298,
520,4,1,1,0.5,0.0,0.91785043,
528,4,1,0,0.0,1.0,0.11632338,
533,4,1,0,0.0,1.0,0.52054256,
535,4,1,0,0.25,0.5,0.98161185,
537,4,1,0,0.25,0.5,0.8468045,
539,4,1,0,0.25,0.5,0.13572161,
540,4,1,0,0.25,0.5,0.99969566,
547,4,1,1,0.5,0.0,0.69501877,
548,4,1,1,0.5,0.0,0.8480992,
558,4,1,1,0.5,0.0,0.9576615,
560,4,1,0,0.1666666666666666,0.6666666666666667,0.05250472,
568,4,1,1,1.0,1.0,0.33757013,
571,4,1,1,0.5,0.0,0.008095659,
577,4,1,0,0.1666666666666666,0.6666666666666667,0.1574125,
592,4,1,1,0.6,0.1999999999999999,0.33779258,
608,4,1,0,0.0,1.0,0.20660308,
610,4,1,0,0.25,0.5,0.70206815,
617,4,1,1,0.5,0.0,0.8868482,
620,4,1,1,0.75,0.5,0.044304214,
621,4,1,1,0.5,0.0,0.83611584,
629,4,1,1,0.5,0.0,0.9938173,
632,4,1,1,0.5,0.0,0.68271416,
636,4,1,0,0.0,1.0,0.8111469,
647,4,1,1,0.5,0.0,0.99915206,
649,4,1,1,0.5,0.0,0.0025369972,
656,4,1,1,0.6666666666666666,0.3333333333333332,0.45973545,
669,4,1,0,0.3333333333333333,0.3333333333333333,0.39251763,
680,4,1,0,0.0,1.0,0.00019713893,
681,4,1,0,0.1666666666666666,0.6666666666666667,0.981619,
682,4,1,0,0.1666666666666666,0.6666666666666667,0.077035844,
690,4,1,0,0.0,1.0,0.9999467,
692,4,1,0,0.0,1.0,0.043781165,
694,4,1,0,0.3333333333333333,0.3333333333333333,0.9056612,
695,4,1,0,0.3333333333333333,0.3333333333333333,0.11774425,
698,4,1,1,0.5,0.0,0.9781829,
701,4,1,0,0.1666666666666666,0.6666666666666667,0.75545996,
715,4,1,1,0.5,0.0,0.012446315,
716,4,1,1,0.6666666666666666,0.3333333333333332,0.002569309,
718,4,1,0,0.1666666666666666,0.6666666666666667,0.0013168892,
721,4,1,0,0.3333333333333333,0.3333333333333333,0.22377339,
724,4,1,0,0.2,0.6,0.017060269,
728,4,1,0,0.2,0.6,0.078274384,
733,4,1,0,0.1666666666666666,0.6666666666666667,0.015862808,
739,4,1,0,0.3333333333333333,0.3333333333333333,0.015766596,
6,4,2,0,0.2,0.6,0.081361465,
7,4,2,1,0.6,0.1999999999999999,0.9979066,
26,4,2,1,0.8,0.6000000000000001,0.8059057,
37,4,2,0,0.2,0.6,0.051712364,
39,4,2,0,0.0,1.0,0.008113088,
42,4,2,0,0.0,1.0,0.9799992,
48,4,2,1,0.6,0.1999999999999999,0.028579267,
49,4,2,0,0.3333333333333333,0.3333333333333333,1.9619343e-05,
56,4,2,0,0.25,0.5,0.0059147933,
58,4,2,0,0.25,0.5,0.9483106,
64,4,2,0,0.3333333333333333,0.3333333333333333,0.00429818,
71,4,2,0,0.0,1.0,0.035428368,
76,4,2,0,0.25,0.5,0.048415653,
78,4,2,0,0.0,1.0,0.022728685,
82,4,2,0,0.25,0.5,0.033971407,
88,4,2,1,0.5,0.0,4.9152504e-06,
92,4,2,0,0.0,1.0,0.2362067,
96,4,2,0,0.0,1.0,0.42099082,
100,4,2,0,0.25,0.5,0.92316085,
101,4,2,0,0.3333333333333333,0.3333333333333333,0.7196963,
103,4,2,0,0.1111111111111111,0.7777777777777778,0.7487579,
105,4,2,0,0.0,1.0,0.0007711974,
108,4,2,0,0.25,0.5,0.99727744,
109,4,2,0,0.1111111111111111,0.7777777777777778,0.99852765,
112,4,2,0,0.125,0.75,0.0011779147,
115,4,2,0,0.0,1.0,0.005462069,
125,4,2,0,0.125,0.75,0.1768276,
136,4,2,0,0.3333333333333333,0.3333333333333333,0.9469632,
137,4,2,1,0.6666666666666666,0.3333333333333332,0.0017661976,
138,4,2,1,0.5555555555555556,0.1111111111111111,0.012377986,
158,4,2,0,0.0,1.0,4.183093e-05,
160,4,2,0,0.1666666666666666,0.6666666666666667,0.98210716,
162,4,2,0,0.2,0.6,0.024640765,
165,4,2,0,0.0,1.0,0.30093962,
167,4,2,0,0.0,1.0,0.42268908,
170,4,2,0,0.1666666666666666,0.6666666666666667,0.030477334,
201,4,2,0,0.25,0.5,0.0041623283,
209,4,2,0,0.2,0.6,0.15612616,
212,4,2,0,0.2,0.6,0.16971579,
216,4,2,0,0.0,1.0,0.9993819,
222,4,2,0,0.2,0.6,0.7515753,
224,4,2,0,0.4,0.1999999999999999,0.6725775,
228,4,2,0,0.2,0.6,0.9571327,
238,4,2,0,0.25,0.5,0.0003429682,
243,4,2,0,0.0,1.0,2.6588204e-05,
245,4,2,0,0.0,1.0,0.014081428,
250,4,2,0,0.4,0.1999999999999999,0.9962085,
251,4,2,0,0.25,0.5,0.0042822193,
260,4,2,0,0.25,0.5,0.9953613,
261,4,2,0,0.25,0.5,0.62863433,
262,4,2,1,0.5,0.0,0.41285667,
266,4,2,0,0.25,0.5,0.12561315,
271,4,2,0,0.0,1.0,0.9099848,
275,4,2,1,0.5,0.0,0.0072274217,
279,4,2,0,0.2,0.6,3.4157874e-05,
280,4,2,0,0.25,0.5,0.2745158,
281,4,2,0,0.0,1.0,0.0002387469,
282,4,2,0,0.25,0.5,0.0043910104,
290,4,2,0,0.0,1.0,0.04078609,
293,4,2,1,0.5,0.0,0.5722995,
294,4,2,0,0.0,1.0,0.92579764,
302,4,2,0,0.0,1.0,0.00045590365,
303,4,2,0,0.0,1.0,0.056511674,
304,4,2,1,0.8,0.6000000000000001,0.99840975,
306,4,2,0,0.0,1.0,0.0061647883,
331,4,2,0,0.0,1.0,0.9080334,
334,4,2,0,0.4,0.1999999999999999,0.058638684,
337,4,2,0,0.0,1.0,0.99292195,
338,4,2,0,0.4,0.1999999999999999,0.7485328,
341,4,2,1,0.6,0.1999999999999999,0.29713196,
350,4,2,0,0.0,1.0,0.10512383,
353,4,2,0,0.0,1.0,0.98543143,
362,4,2,1,0.75,0.5,0.48775625,
364,4,2,1,0.5,0.0,0.07068975,
371,4,2,0,0.25,0.5,0.9955936,
382,4,2,1,0.5,0.0,0.031037563,
388,4,2,1,0.5,0.0,0.9416208,
390,4,2,1,0.75,0.5,0.008426739,
393,4,2,0,0.25,0.5,0.00012868295,
396,4,2,1,0.75,0.5,0.9998963,
400,4,2,1,0.5,0.0,0.9999997,
403,4,2,0,0.0,1.0,0.12539852,
410,4,2,1,0.6,0.1999999999999999,0.9652816,
415,4,2,0,0.0,1.0,0.99381614,
417,4,2,0,0.2,0.6,0.39164042,
419,4,2,0,0.4,0.1999999999999999,0.9831145,
425,4,2,0,0.0,1.0,0.0037677705,
428,4,2,1,0.6,0.1999999999999999,0.0014844917,
439,4,2,0,0.2,0.6,0.92535055,
447,4,2,0,0.0,1.0,0.01623644,
448,4,2,0,0.0,1.0,0.11309357,
458,4,2,0,0.0,1.0,0.99999046,
459,4,2,0,0.25,0.5,0.7256759,
470,4,2,0,0.0,1.0,0.99746174,
477,4,2,0,0.0,1.0,0.10696682,
479,4,2,0,0.0,1.0,0.0027484372,
486,4,2,0,0.25,0.5,0.9999981,
495,4,2,0,0.0,1.0,0.9286013,
496,4,2,1,0.75,0.5,0.8798642,
511,4,2,1,0.5,0.0,0.74111414,
516,4,2,0,0.0,1.0,0.9980625,
530,4,2,1,0.5,0.0,0.22944054,
550,4,2,0,0.0,1.0,0.09199271,
551,4,2,1,0.6666666666666666,0.3333333333333332,0.9890986,
552,4,2,1,0.6666666666666666,0.3333333333333332,0.792658,
557,4,2,0,0.3333333333333333,0.3333333333333333,6.6408575e-05,
561,4,2,1,0.5,0.0,0.0012872003,
562,4,2,0,0.3333333333333333,0.3333333333333333,0.9994558,
563,4,2,0,0.0,1.0,0.009400924,
565,4,2,0,0.3333333333333333,0.3333333333333333,0.8071767,
581,4,2,0,0.3333333333333333,0.3333333333333333,0.99186313,
582,4,2,1,0.5,0.0,0.9643018,
583,4,2,1,0.5,0.0,0.9988667,
584,4,2,1,0.6666666666666666,0.3333333333333332,0.8937298,
597,4,2,0,0.0,1.0,0.034551274,
600,4,2,0,0.1666666666666666,0.6666666666666667,0.96155417,
601,4,2,0,0.0,1.0,0.012550948,
602,4,2,0,0.25,0.5,0.767401,
606,4,2,0,0.25,0.5,0.84388924,
609,4,2,0,0.25,0.5,0.99859273,
614,4,2,1,0.75,0.5,0.98775584,
619,4,2,0,0.25,0.5,0.9671105,
624,4,2,0,0.25,0.5,0.07761221,
628,4,2,0,0.0,1.0,0.0110822385,
630,4,2,1,0.5,0.0,0.6423063,
633,4,2,1,0.5,0.0,0.9713382,
634,4,2,0,0.25,0.5,0.9075006,
642,4,2,1,0.75,0.5,0.999838,
644,4,2,0,0.25,0.5,0.16451837,
646,4,2,0,0.0,1.0,0.008086909,
651,4,2,0,0.3333333333333333,0.3333333333333333,0.9899732,
654,4,2,0,0.1666666666666666,0.6666666666666667,0.50662726,
655,4,2,1,0.6666666666666666,0.3333333333333332,0.9994415,
657,4,2,1,0.5,0.0,0.021862514,
658,4,2,0,0.1666666666666666,0.6666666666666667,0.9887804,
659,4,2,1,0.6666666666666666,0.3333333333333332,0.998019,
670,4,2,1,0.5,0.0,0.041495122,
697,4,2,1,0.5,0.0,0.9705354,
707,4,2,1,0.5,0.0,0.005472304,
708,4,2,0,0.0,1.0,0.6862207,
712,4,2,0,0.1666666666666666,0.6666666666666667,0.02201892,
713,4,2,1,0.6,0.1999999999999999,0.23547731,
720,4,2,0,0.0,1.0,1.2311883e-05,
723,4,2,0,0.1666666666666666,0.6666666666666667,0.28288665,
734,4,2,0,0.0,1.0,0.029795144,
738,4,2,0,0.3333333333333333,0.3333333333333333,0.4414909,
741,4,2,0,0.2,0.6,0.45540673,
4,4,3,1,0.6,0.1999999999999999,0.004156651,
12,4,3,0,0.4,0.1999999999999999,0.21665813,
14,4,3,0,0.2,0.6,0.014973651,
15,4,3,0,0.4,0.1999999999999999,0.92882967,
17,4,3,0,0.4,0.1999999999999999,0.011750628,
22,4,3,0,0.2,0.6,0.82474554,
27,4,3,0,0.2,0.6,0.012303267,
33,4,3,0,0.4,0.1999999999999999,0.004550565,
35,4,3,1,0.5,0.0,0.022090662,
50,4,3,1,0.8,0.6000000000000001,0.1613948,
53,4,3,0,0.1666666666666666,0.6666666666666667,0.0020864282,
55,4,3,0,0.0,1.0,0.89799,
62,4,3,0,0.25,0.5,0.0015816947,
68,4,3,0,0.0,1.0,0.0072954986,
75,4,3,0,0.0,1.0,0.0028003876,
77,4,3,0,0.25,0.5,0.10641603,
79,4,3,0,0.25,0.5,0.0011288284,
84,4,3,0,0.3333333333333333,0.3333333333333333,0.8746674,
97,4,3,0,0.25,0.5,0.0048028124,
98,4,3,0,0.3333333333333333,0.3333333333333333,0.10645635,
99,4,3,0,0.0,1.0,2.6701207e-05,
104,4,3,0,0.1111111111111111,0.7777777777777778,0.36188036,
106,4,3,1,1.0,1.0,0.03556692,
114,4,3,0,0.1111111111111111,0.7777777777777778,0.873959,
119,4,3,0,0.1111111111111111,0.7777777777777778,0.6554471,
120,4,3,0,0.0,1.0,0.13228038,
122,4,3,0,0.0,1.0,0.14408362,
126,4,3,0,0.2222222222222222,0.5555555555555556,0.99270964,
132,4,3,0,0.2222222222222222,0.5555555555555556,0.045524538,
134,4,3,0,0.1111111111111111,0.7777777777777778,0.00013744252,
135,4,3,0,0.1666666666666666,0.6666666666666667,0.000121997306,
147,4,3,0,0.0,1.0,0.020419322,
148,4,3,0,0.1111111111111111,0.7777777777777778,0.00012716923,
153,4,3,0,0.0,1.0,0.00012614325,
157,4,3,0,0.25,0.5,0.09208041,
163,4,3,0,0.25,0.5,0.9405702,
166,4,3,0,0.25,0.5,0.03288397,
168,4,3,0,0.25,0.5,2.219469e-05,
174,4,3,1,0.5,0.0,0.41184458,
176,4,3,0,0.0,1.0,0.0397597,
177,4,3,0,0.0,1.0,0.06705752,
178,4,3,0,0.0,1.0,0.008554985,
180,4,3,0,0.0,1.0,0.034338903,
181,4,3,1,0.5,0.0,0.102900825,
184,4,3,0,0.0,1.0,0.00023873469,
197,4,3,0,0.0,1.0,0.10938224,
207,4,3,0,0.2,0.6,0.0018697382,
227,4,3,1,1.0,1.0,0.40063047,
229,4,3,0,0.0,1.0,0.02126004,
235,4,3,0,0.0,1.0,0.0006478932,
239,4,3,1,0.6,0.1999999999999999,0.00048388806,
253,4,3,0,0.0,1.0,0.78567016,
254,4,3,0,0.25,0.5,0.0014673175,
258,4,3,0,0.0,1.0,0.02050523,
267,4,3,0,0.0,1.0,1.1762472e-07,
269,4,3,1,0.5,0.0,0.0050388603,
286,4,3,0,0.2,0.6,4.9265724e-05,
287,4,3,0,0.25,0.5,0.007172349,
291,4,3,0,0.0,1.0,0.10918364,
296,4,3,0,0.0,1.0,0.00010683073,
299,4,3,1,0.8,0.6000000000000001,0.0025821957,
307,4,3,0,0.4,0.1999999999999999,0.0013917118,
314,4,3,0,0.0,1.0,0.9908893,
316,4,3,0,0.4,0.1999999999999999,0.9954765,
325,4,3,0,0.0,1.0,0.008161529,
336,4,3,0,0.4,0.1999999999999999,0.67271674,
343,4,3,1,0.8,0.6000000000000001,0.5270478,
355,4,3,0,0.25,0.5,0.00568791,
356,4,3,0,0.25,0.5,0.019291902,
357,4,3,1,0.5,0.0,0.00033500197,
361,4,3,0,0.0,1.0,0.00096911064,
363,4,3,0,0.0,1.0,0.19997513,
366,4,3,0,0.0,1.0,0.82358783,
368,4,3,1,0.5,0.0,0.306042,
375,4,3,1,0.5,0.0,0.8736758,
386,4,3,0,0.25,0.5,0.5436803,
394,4,3,1,0.5,0.0,0.9918605,
408,4,3,0,0.4,0.1999999999999999,0.06948294,
409,4,3,0,0.4,0.1999999999999999,0.9930063,
412,4,3,1,1.0,1.0,0.21470833,
414,4,3,1,0.6,0.1999999999999999,0.9231218,
418,4,3,0,0.0,1.0,0.00652155,
429,4,3,0,0.0,1.0,0.0001302042,
437,4,3,1,0.6,0.1999999999999999,0.00018898476,
442,4,3,1,0.8,0.6000000000000001,0.9966103,
445,4,3,0,0.0,1.0,0.040961,
446,4,3,0,0.2,0.6,0.79817414,
462,4,3,1,0.5,0.0,0.9999998,
471,4,3,0,0.0,1.0,0.4647719,
478,4,3,0,0.0,1.0,0.00082683284,
481,4,3,0,0.0,1.0,0.12574342,
482,4,3,0,0.0,1.0,0.0004447595,
483,4,3,0,0.25,0.5,0.21711214,
484,4,3,0,0.25,0.5,0.050613485,
488,4,3,1,0.5,0.0,0.99528193,
490,4,3,0,0.25,0.5,0.00056864205,
493,4,3,0,0.0,1.0,0.99936926,
497,4,3,0,0.0,1.0,0.00083579915,
498,4,3,0,0.0,1.0,4.443362e-05,
500,4,3,0,0.25,0.5,0.0005979016,
501,4,3,0,0.25,0.5,0.31181836,
504,4,3,1,0.75,0.5,0.04775676,
509,4,3,0,0.25,0.5,0.015931383,
518,4,3,0,0.25,0.5,0.5345067,
521,4,3,1,0.75,0.5,0.9911407,
526,4,3,0,0.0,1.0,0.31197605,
527,4,3,0,0.25,0.5,0.998914,
538,4,3,0,0.0,1.0,0.08302957,
541,4,3,1,0.5,0.0,0.007922092,
544,4,3,1,0.5,0.0,0.9997768,
549,4,3,0,0.0,1.0,0.33416206,
554,4,3,1,0.5,0.0,0.99988604,
564,4,3,1,0.5,0.0,0.99994546,
567,4,3,0,0.3333333333333333,0.3333333333333333,0.65311694,
569,4,3,0,0.1666666666666666,0.6666666666666667,0.99184334,
573,4,3,0,0.3333333333333333,0.3333333333333333,0.989388,
574,4,3,0,0.3333333333333333,0.3333333333333333,0.008118106,
575,4,3,1,0.5,0.0,0.96683097,
585,4,3,1,0.5,0.0,0.6523993,
587,4,3,1,0.8333333333333334,0.6666666666666667,0.0074897585,
588,4,3,0,0.1666666666666666,0.6666666666666667,0.012844127,
589,4,3,0,0.3333333333333333,0.3333333333333333,0.009022896,
594,4,3,0,0.0,1.0,0.79875374,
596,4,3,1,0.5,0.0,0.0029134,
605,4,3,1,0.5,0.0,0.99981964,
615,4,3,1,0.75,0.5,0.9851233,
622,4,3,1,0.75,0.5,0.99833226,
626,4,3,1,0.5,0.0,2.3159944e-06,
638,4,3,0,0.25,0.5,0.9592467,
643,4,3,1,0.5,0.0,0.065671995,
652,4,3,0,0.0,1.0,0.0024653985,
653,4,3,1,0.5,0.0,0.912236,
664,4,3,1,0.6666666666666666,0.3333333333333332,0.9579248,
672,4,3,0,0.0,1.0,8.812186e-05,
674,4,3,0,0.3333333333333333,0.3333333333333333,0.7182046,
675,4,3,0,0.3333333333333333,0.3333333333333333,0.0014923326,
676,4,3,0,0.1666666666666666,0.6666666666666667,0.011643004,
693,4,3,1,0.5,0.0,0.54017514,
704,4,3,0,0.3333333333333333,0.3333333333333333,0.008208125,
709,4,3,0,0.3333333333333333,0.3333333333333333,0.0878644,
710,4,3,0,0.0,1.0,1.684537e-05,
714,4,3,0,0.3333333333333333,0.3333333333333333,0.06239944,
717,4,3,1,0.5,0.0,0.56233793,
719,4,3,0,0.1666666666666666,0.6666666666666667,0.3181125,
722,4,3,0,0.2,0.6,0.014686564,
735,4,3,0,0.0,1.0,2.3714192e-06,
737,4,3,0,0.1666666666666666,0.6666666666666667,0.35406995,
2,4,4,0,0.4,0.1999999999999999,9.178331e-05,
5,4,4,0,0.2,0.6,0.008098807,
9,4,4,0,0.0,1.0,0.002588834,
16,4,4,1,0.6,0.1999999999999999,0.0035745245,
20,4,4,0,0.25,0.5,0.00075019686,
32,4,4,0,0.2,0.6,0.7139038,
40,4,4,0,0.2,0.6,0.39278924,
63,4,4,0,0.0,1.0,0.116358615,
69,4,4,0,0.0,1.0,0.5290884,
73,4,4,0,0.0,1.0,0.00065357774,
74,4,4,0,0.0,1.0,0.24924189,
80,4,4,0,0.0,1.0,0.4746067,
85,4,4,0,0.25,0.5,0.11082351,
86,4,4,0,0.0,1.0,0.45978478,
89,4,4,0,0.25,0.5,0.64822495,
113,4,4,0,0.1111111111111111,0.7777777777777778,0.8832166,
117,4,4,0,0.25,0.5,0.020350195,
123,4,4,0,0.0,1.0,0.00061670074,
130,4,4,0,0.1111111111111111,0.7777777777777778,0.00014427282,
133,4,4,1,0.8888888888888888,0.7777777777777777,0.01248925,
141,4,4,0,0.0,1.0,0.3047524,
142,4,4,0,0.0,1.0,0.15651968,
144,4,4,0,0.0,1.0,0.105742946,
146,4,4,1,0.8888888888888888,0.7777777777777777,0.0006220598,
149,4,4,0,0.3333333333333333,0.3333333333333333,0.01293033,
150,4,4,0,0.0,1.0,0.20788555,
152,4,4,0,0.0,1.0,0.0033195135,
154,4,4,0,0.25,0.5,0.047298297,
155,4,4,0,0.25,0.5,0.75930417,
161,4,4,0,0.0,1.0,0.9967686,
164,4,4,0,0.0,1.0,0.010344775,
175,4,4,0,0.0,1.0,0.12435922,
186,4,4,0,0.0,1.0,0.026638823,
193,4,4,0,0.25,0.5,0.8724805,
196,4,4,1,0.5,0.0,0.04344661,
199,4,4,0,0.25,0.5,0.00013324917,
202,4,4,1,0.6,0.1999999999999999,3.100907e-05,
208,4,4,0,0.0,1.0,0.0015859858,
210,4,4,0,0.4,0.1999999999999999,0.99998033,
223,4,4,0,0.2,0.6,0.00018015268,
225,4,4,0,0.2,0.6,5.27839e-07,
232,4,4,0,0.25,0.5,0.026709639,
257,4,4,0,0.25,0.5,0.9036156,
263,4,4,0,0.2,0.6,0.0009990673,
264,4,4,0,0.25,0.5,0.02643491,
265,4,4,1,0.5,0.0,0.19025752,
268,4,4,1,0.5,0.0,0.0070614154,
270,4,4,0,0.0,1.0,0.85122204,
276,4,4,0,0.2,0.6,0.9930247,
283,4,4,0,0.25,0.5,0.021950832,
284,4,4,1,0.5,0.0,0.0056842323,
285,4,4,0,0.4,0.1999999999999999,0.47667658,
289,4,4,1,0.5,0.0,0.5364027,
292,4,4,0,0.25,0.5,0.999737,
297,4,4,0,0.0,1.0,0.019858135,
298,4,4,0,0.25,0.5,0.0284734,
300,4,4,0,0.0,1.0,0.12149075,
308,4,4,0,0.4,0.1999999999999999,0.9633374,
309,4,4,1,0.8,0.6000000000000001,0.012239951,
312,4,4,0,0.0,1.0,0.10505241,
317,4,4,0,0.4,0.1999999999999999,0.01186966,
318,4,4,0,0.4,0.1999999999999999,0.2862032,
324,4,4,0,0.2,0.6,0.99839187,
328,4,4,1,0.6,0.1999999999999999,9.233048e-05,
332,4,4,0,0.0,1.0,0.5140498,
333,4,4,0,0.0,1.0,0.0099683525,
335,4,4,1,0.5,0.0,0.11068787,
340,4,4,1,0.6,0.1999999999999999,0.009386553,
344,4,4,0,0.2,0.6,0.001452605,
347,4,4,0,0.4,0.1999999999999999,0.99106014,
358,4,4,0,0.25,0.5,0.98485184,
360,4,4,0,0.25,0.5,0.0013553425,
365,4,4,0,0.25,0.5,0.96446073,
369,4,4,0,0.0,1.0,3.556377e-05,
373,4,4,0,0.0,1.0,0.020698713,
378,4,4,1,0.5,0.0,0.2022268,
383,4,4,0,0.0,1.0,0.006922374,
385,4,4,1,0.5,0.0,0.8157356,
397,4,4,1,0.75,0.5,0.9996811,
399,4,4,0,0.25,0.5,0.99975884,
401,4,4,0,0.2,0.6,0.39245906,
413,4,4,0,0.0,1.0,0.085070565,
421,4,4,0,0.2,0.6,0.05483889,
427,4,4,1,0.6,0.1999999999999999,0.99861217,
430,4,4,1,0.6,0.1999999999999999,0.0075485,
431,4,4,0,0.4,0.1999999999999999,0.54331195,
432,4,4,0,0.2,0.6,0.97675496,
433,4,4,0,0.0,1.0,5.9598657e-05,
444,4,4,0,0.2,0.6,0.4755154,
451,4,4,0,0.25,0.5,0.0011473082,
454,4,4,0,0.0,1.0,0.022246942,
461,4,4,1,0.5,0.0,0.92106664,
467,4,4,1,1.0,1.0,0.88032246,
469,4,4,1,0.75,0.5,0.008174796,
475,4,4,0,0.25,0.5,0.9893761,
487,4,4,0,0.2,0.6,2.908766e-06,
491,4,4,1,0.5,0.0,0.9046981,
499,4,4,0,0.0,1.0,0.9995091,
502,4,4,1,0.75,0.5,0.00068525446,
503,4,4,0,0.0,1.0,0.02925484,
508,4,4,1,0.75,0.5,0.008746002,
513,4,4,0,0.0,1.0,0.24654166,
514,4,4,1,0.75,0.5,0.9989383,
524,4,4,0,0.0,1.0,0.99999803,
525,4,4,0,0.2,0.6,0.0017221902,
529,4,4,1,0.5,0.0,0.6545298,
531,4,4,1,0.75,0.5,0.9837282,
532,4,4,0,0.0,1.0,0.0008003692,
545,4,4,0,0.25,0.5,0.004257468,
546,4,4,1,0.5,0.0,0.064010784,
556,4,4,0,0.1666666666666666,0.6666666666666667,0.9946487,
559,4,4,1,0.6666666666666666,0.3333333333333332,0.006411718,
576,4,4,1,0.5,0.0,0.9972265,
580,4,4,0,0.3333333333333333,0.3333333333333333,0.00054996775,
590,4,4,0,0.3333333333333333,0.3333333333333333,0.99816734,
593,4,4,1,0.5,0.0,0.89523363,
595,4,4,1,0.8333333333333334,0.6666666666666667,0.71353006,
599,4,4,0,0.0,1.0,0.97362995,
603,4,4,1,0.5,0.0,0.714004,
607,4,4,0,0.0,1.0,0.001785069,
611,4,4,1,0.75,0.5,0.119494945,
612,4,4,0,0.0,1.0,1.9656367e-05,
616,4,4,1,0.75,0.5,0.0030945973,
627,4,4,1,0.75,0.5,0.3114669,
631,4,4,0,0.0,1.0,0.9086444,
645,4,4,1,0.75,0.5,0.99927634,
650,4,4,0,0.0,1.0,0.0075406027,
660,4,4,0,0.1666666666666666,0.6666666666666667,0.011001117,
665,4,4,0,0.1666666666666666,0.6666666666666667,0.8037674,
668,4,4,0,0.1666666666666666,0.6666666666666667,0.53853965,
671,4,4,0,0.3333333333333333,0.3333333333333333,0.99863267,
677,4,4,1,0.6666666666666666,0.3333333333333332,0.94104075,
678,4,4,0,0.3333333333333333,0.3333333333333333,0.29828998,
684,4,4,0,0.0,1.0,0.19610715,
687,4,4,0,0.3333333333333333,0.3333333333333333,0.5852665,
688,4,4,0,0.1666666666666666,0.6666666666666667,0.0006172637,
691,4,4,0,0.1666666666666666,0.6666666666666667,0.99999315,
696,4,4,0,0.1666666666666666,0.6666666666666667,0.20142461,
700,4,4,1,0.5,0.0,0.99914944,
706,4,4,1,0.6666666666666666,0.3333333333333332,0.9579141,
711,4,4,1,0.6,0.1999999999999999,0.23666637,
725,4,4,0,0.0,1.0,0.07157126,
726,4,4,0,0.0,1.0,0.8989092,
729,4,4,0,0.4,0.1999999999999999,0.8181715,
730,4,4,0,0.3333333333333333,0.3333333333333333,0.8725095,
731,4,4,0,0.0,1.0,0.036538728,
736,4,4,0,0.0,1.0,0.9838863,
