patient_id,repeat,fold,y,y_soft,agreement,p,thr
5,0,0,0,0.2,0.6,0.45178395596638754,
7,0,0,1,0.6,0.1999999999999999,0.5134523021400605,
28,0,0,0,0.2,0.6,0.36340372016833566,
29,0,0,0,0.2,0.6,0.5332052460715362,
32,0,0,0,0.2,0.6,0.38254139589926145,
40,0,0,0,0.2,0.6,0.27481042261679445,
49,0,0,0,0.3333333333333333,0.3333333333333333,0.2045603756841718,
50,0,0,1,0.8,0.6000000000000001,0.34287201111242677,
51,0,0,0,0.25,0.5,0.323429341634986,
55,0,0,0,0.0,1.0,0.2633682641948535,
59,0,0,0,0.25,0.5,0.2464220036380922,
63,0,0,0,0.0,1.0,0.3771949277857709,
64,0,0,0,0.3333333333333333,0.3333333333333333,0.13704320256221303,
67,0,0,0,0.0,1.0,0.23658770661424244,
73,0,0,0,0.0,1.0,0.16042336805732163,
77,0,0,0,0.25,0.5,0.3275041907024857,
82,0,0,0,0.25,0.5,0.3857559096057349,
83,0,0,0,0.25,0.5,0.590999716391851,
88,0,0,1,0.5,0.0,0.19104803663844072,
98,0,0,0,0.3333333333333333,0.3333333333333333,0.4080380387610283,
107,0,0,0,0.1111111111111111,0.7777777777777778,0.4646471510917195,
109,0,0,0,0.1111111111111111,0.7777777777777778,0.4631489440287776,
110,0,0,0,0.0,1.0,0.43139821142569323,
112,0,0,0,0.125,0.75,0.26507166127941106,
113,0,0,0,0.1111111111111111,0.7777777777777778,0.4615014176147404,
116,0,0,0,0.0,1.0,0.2852059507329264,
122,0,0,0,0.0,1.0,0.24710754842251598,
127,0,0,1,0.6666666666666666,0.3333333333333332,0.3419604380132077,
134,0,0,0,0.1111111111111111,0.7777777777777778,0.30009010558289306,
139,0,0,0,0.0,1.0,0.35308808490289567,
151,0,0,0,0.0,1.0,0.3995451242038468,
153,0,0,0,0.0,1.0,0.26858849708334864,
160,0,0,0,0.1666666666666666,0.6666666666666667,0.44880760175800516,
161,0,0,0,0.0,1.0,0.4981652087652169,
174,0,0,1,0.5,0.0,0.39724975955707953,
177,0,0,0,0.0,1.0,0.3125781473812528,
183,0,0,0,0.0,1.0,0.3041255100544706,
199,0,0,0,0.25,0.5,0.2840748461658651,
202,0,0,1,0.6,0.1999999999999999,0.35035219958322317,
206,0,0,1,0.5,0.0,0.2100809492036366,
210,0,0,0,0.4,0.1999999999999999,0.6800981487917892,
230,0,0,0,0.2,0.6,0.29820197884934013,
231,0,0,1,0.5,0.0,0.43381093843870316,
232,0,0,0,0.25,0.5,0.4040278569727799,
233,0,0,0,0.0,1.0,0.23534507221310008,
240,0,0,0,0.2,0.6,0.2765230332062649,
241,0,0,1,0.6,0.1999999999999999,0.3369645775571964,
248,0,0,0,0.4,0.1999999999999999,0.3267433491908168,
253,0,0,0,0.0,1.0,0.49642848014974994,
259,0,0,0,0.0,1.0,0.3825772429466245,
274,0,0,1,0.5,0.0,0.7208448109391732,
275,0,0,1,0.5,0.0,0.4359795910802776,
282,0,0,0,0.25,0.5,0.3350507957692402,
284,0,0,1,0.5,0.0,0.3808405592695714,
285,0,0,0,0.4,0.1999999999999999,0.32693329428003165,
287,0,0,0,0.25,0.5,0.5214190116913123,
294,0,0,0,0.0,1.0,0.4310211438040421,
300,0,0,0,0.0,1.0,0.43136430588120467,
307,0,0,0,0.4,0.1999999999999999,0.34720919378735066,
309,0,0,1,0.8,0.6000000000000001,0.4502768876601886,
310,0,0,0,0.2,0.6,0.3910899350790906,
315,0,0,1,0.8,0.6000000000000001,0.36971517089120054,
316,0,0,0,0.4,0.1999999999999999,0.31008061335123405,
319,0,0,0,0.2,0.6,0.29689431304054126,
322,0,0,1,0.6,0.1999999999999999,0.5406250645889197,
329,0,0,0,0.0,1.0,0.37356916516212035,
330,0,0,0,0.4,0.1999999999999999,0.3613500955191666,
338,0,0,0,0.4,0.1999999999999999,0.43646982043374716,
339,0,0,0,0.0,1.0,0.3182408571469627,
342,0,0,0,0.2,0.6,0.4124239334579053,
345,0,0,0,0.0,1.0,0.1944006070131727,
371,0,0,0,0.25,0.5,0.5993105519561873,
372,0,0,0,0.25,0.5,0.4540925108610732,
374,0,0,1,0.5,0.0,0.4721707229846987,
376,0,0,1,0.5,0.0,0.4814151371012848,
384,0,0,0,0.25,0.5,0.49318305274455754,
394,0,0,1,0.5,0.0,0.6947388003794797,
407,0,0,0,0.2,0.6,0.6642353174695467,
413,0,0,0,0.0,1.0,0.6008537793680107,
421,0,0,0,0.2,0.6,0.43233212119543507,
436,0,0,0,0.4,0.1999999999999999,0.5589754817953893,
438,0,0,0,0.1666666666666666,0.6666666666666667,0.4902588335249934,
456,0,0,1,0.5,0.0,0.6670063067694945,
457,0,0,1,0.5,0.0,0.7369298707998839,
459,0,0,0,0.25,0.5,0.5288432172469832,
463,0,0,0,0.25,0.5,0.5215789559158979,
465,0,0,1,0.5,0.0,0.7096442583349442,
468,0,0,0,0.25,0.5,0.7407646699608625,
480,0,0,1,0.5,0.0,0.7536884021119403,
487,0,0,0,0.2,0.6,0.16614579949931932,
490,0,0,0,0.25,0.5,0.4395530708696985,
491,0,0,1,0.5,0.0,0.6872588253387952,
492,0,0,0,0.3333333333333333,0.3333333333333333,0.3335209252199252,
495,0,0,0,0.0,1.0,0.72353065503231,
497,0,0,0,0.0,1.0,0.33413598918192894,
499,0,0,0,0.0,1.0,0.46911372316957495,
510,0,0,1,0.5,0.0,0.5629338812905991,
513,0,0,0,0.0,1.0,0.6501768295686638,
514,0,0,1,0.75,0.5,0.6765719471460967,
518,0,0,0,0.25,0.5,0.7061153227082491,
521,0,0,1,0.75,0.5,0.6220825402564998,
528,0,0,0,0.0,1.0,0.3649763396903959,
534,0,0,1,0.75,0.5,0.49657948923250905,
539,0,0,0,0.25,0.5,0.6267628310528807,
540,0,0,0,0.25,0.5,0.8348032683102982,
542,0,0,0,0.25,0.5,0.42737024356927944,
549,0,0,0,0.0,1.0,0.2970693690832187,
554,0,0,1,0.5,0.0,0.7339102832451982,
557,0,0,0,0.3333333333333333,0.3333333333333333,0.5538727255402952,
565,0,0,0,0.3333333333333333,0.3333333333333333,0.6902107046406158,
566,0,0,0,0.1666666666666666,0.6666666666666667,0.6403945955802763,
572,0,0,1,0.8333333333333334,0.6666666666666667,0.5825651658029922,
573,0,0,0,0.3333333333333333,0.3333333333333333,0.69877532693124,
574,0,0,0,0.3333333333333333,0.3333333333333333,0.5540506779768526,
577,0,0,0,0.1666666666666666,0.6666666666666667,0.6226442301312574,
583,0,0,1,0.5,0.0,0.8130974329064242,
586,0,0,1,0.6666666666666666,0.3333333333333332,0.5897689943337023,
587,0,0,1,0.8333333333333334,0.6666666666666667,0.5482983194750233,
588,0,0,0,0.1666666666666666,0.6666666666666667,0.6695293833053199,
590,0,0,0,0.3333333333333333,0.3333333333333333,0.7809241395855564,
601,0,0,0,0.0,1.0,0.2858418568508092,
603,0,0,1,0.5,0.0,0.45081396261203044,
608,0,0,0,0.0,1.0,0.740880684806656,
618,0,0,0,0.0,1.0,0.7211390613804657,
628,0,0,0,0.0,1.0,0.5111132607170223,
633,0,0,1,0.5,0.0,0.710775712206855,
645,0,0,1,0.75,0.5,0.7095761776392374,
648,0,0,1,0.5,0.0,0.5791494946007827,
649,0,0,1,0.5,0.0,0.6454073999848235,
650,0,0,0,0.0,1.0,0.2567803137238327,
653,0,0,1,0.5,0.0,0.4974938205307251,
657,0,0,1,0.5,0.0,0.31448918376889373,
664,0,0,1,0.6666666666666666,0.3333333333333332,0.5661726341777826,
670,0,0,1,0.5,0.0,0.5178494006623441,
674,0,0,0,0.3333333333333333,0.3333333333333333,0.5943266089074879,
689,0,0,0,0.0,1.0,0.2278371659357876,
690,0,0,0,0.0,1.0,0.587895700296778,
694,0,0,0,0.3333333333333333,0.3333333333333333,0.3348230528663717,
695,0,0,0,0.3333333333333333,0.3333333333333333,0.48888462537139404,
699,0,0,0,0.1666666666666666,0.6666666666666667,0.7602530756948975,
703,0,0,0,0.0,1.0,0.7215009511806905,
712,0,0,0,0.1666666666666666,0.6666666666666667,0.49600690395409375,
714,0,0,0,0.3333333333333333,0.3333333333333333,0.3288288180725244,
715,0,0,1,0.5,0.0,0.2612185247469802,
720,0,0,0,0.0,1.0,0.41376762088093544,
735,0,0,0,0.0,1.0,0.2030775663787604,
739,0,0,0,0.3333333333333333,0.3333333333333333,0.29290604855153424,
2,0,1,0,0.4,0.1999999999999999,0.2524410564959208,
4,0,1,1,0.6,0.1999999999999999,0.6062554292926676,
6,0,1,0,0.2,0.6,0.3246805121307514,
14,0,1,0,0.2,0.6,0.3879548187783904,
16,0,1,1,0.6,0.1999999999999999,0.2670084639744684,
26,0,1,1,0.8,0.6000000000000001,0.18765988096992442,
30,0,1,0,0.2,0.6,0.2620852337725198,
34,0,1,0,0.1666666666666666,0.6666666666666667,0.5399359753972964,
38,0,1,0,0.0,1.0,0.5890636823785345,
39,0,1,0,0.0,1.0,0.2434841368331656,
56,0,1,0,0.25,0.5,0.238344783989311,
61,0,1,0,0.2,0.6,0.42133353581402905,
65,0,1,0,0.25,0.5,0.19582992516890707,
66,0,1,0,0.0,1.0,0.3617539732482029,
68,0,1,0,0.0,1.0,0.2689216743204673,
69,0,1,0,0.0,1.0,0.33376659448699453,
74,0,1,0,0.0,1.0,0.37461599536038515,
78,0,1,0,0.0,1.0,0.2422532291084514,
85,0,1,0,0.25,0.5,0.44627532561808014,
87,0,1,0,0.0,1.0,0.45514520494211375,
93,0,1,0,0.0,1.0,0.22401947448509862,
94,0,1,0,0.25,0.5,0.2760506247167063,
95,0,1,0,0.25,0.5,0.20100392025090358,
96,0,1,0,0.0,1.0,0.37091374818507766,
120,0,1,0,0.0,1.0,0.2865406190346327,
124,0,1,0,0.0,1.0,0.4185674470629183,
131,0,1,0,0.0,1.0,0.44578803496873975,
141,0,1,0,0.0,1.0,0.44851732525279747,
142,0,1,0,0.0,1.0,0.3793006764814857,
143,0,1,1,0.5555555555555556,0.1111111111111111,0.5382434828020214,
146,0,1,1,0.8888888888888888,0.7777777777777777,0.2783511753989574,
148,0,1,0,0.1111111111111111,0.7777777777777778,0.19679657421732258,
149,0,1,0,0.3333333333333333,0.3333333333333333,0.1885500236675653,
150,0,1,0,0.0,1.0,0.3443862406350533,
152,0,1,0,0.0,1.0,0.15520330373100555,
155,0,1,0,0.25,0.5,0.4093971374710746,
156,0,1,0,0.25,0.5,0.36012052917604254,
159,0,1,0,0.0,1.0,0.22817859754848255,
163,0,1,0,0.25,0.5,0.31682457089146765,
166,0,1,0,0.25,0.5,0.31250066014088296,
168,0,1,0,0.25,0.5,0.42801968165397175,
182,0,1,0,0.0,1.0,0.5048770144038968,
187,0,1,0,0.0,1.0,0.4454701658218312,
189,0,1,1,0.5,0.0,0.4030829770337928,
190,0,1,0,0.25,0.5,0.23916484908915275,
196,0,1,1,0.5,0.0,0.42192691891440826,
200,0,1,0,0.2,0.6,0.22356742106877525,
204,0,1,0,0.4,0.1999999999999999,0.28994043349533083,
208,0,1,0,0.0,1.0,0.15232390854575056,
209,0,1,0,0.2,0.6,0.39108791390989417,
211,0,1,1,0.6,0.1999999999999999,0.5330786085955815,
212,0,1,0,0.2,0.6,0.32669653227182,
215,0,1,0,0.2,0.6,0.20712366016078063,
221,0,1,1,0.8,0.6000000000000001,0.22116631476009713,
224,0,1,0,0.4,0.1999999999999999,0.28383389472744447,
226,0,1,0,0.0,1.0,0.32018923806959687,
243,0,1,0,0.0,1.0,0.18629502824664662,
247,0,1,0,0.2,0.6,0.4713029968893229,
249,0,1,1,0.6,0.1999999999999999,0.3803839873202984,
250,0,1,0,0.4,0.1999999999999999,0.41605894284818545,
267,0,1,0,0.0,1.0,0.22799384066883555,
279,0,1,0,0.2,0.6,0.2153032508381007,
281,0,1,0,0.0,1.0,0.45653216042382533,
288,0,1,1,0.75,0.5,0.3236933424662629,
291,0,1,0,0.0,1.0,0.4871479951609681,
308,0,1,0,0.4,0.1999999999999999,0.4189297730977574,
317,0,1,0,0.4,0.1999999999999999,0.2173961009567944,
326,0,1,0,0.0,1.0,0.2749581876209849,
328,0,1,1,0.6,0.1999999999999999,0.172311343022839,
331,0,1,0,0.0,1.0,0.28211012356851717,
332,0,1,0,0.0,1.0,0.33173435211299857,
333,0,1,0,0.0,1.0,0.2375853734118729,
335,0,1,1,0.5,0.0,0.17094311579651084,
336,0,1,0,0.4,0.1999999999999999,0.45209364798498597,
346,0,1,1,0.6,0.1999999999999999,0.6075295297570009,
355,0,1,0,0.25,0.5,0.4192264259890485,
359,0,1,0,0.25,0.5,0.6697777326957285,
360,0,1,0,0.25,0.5,0.3587419151073017,
381,0,1,1,0.75,0.5,0.4942017337816913,
388,0,1,1,0.5,0.0,0.5524692653708476,
397,0,1,1,0.75,0.5,0.6586542053737272,
398,0,1,0,0.25,0.5,0.7307016400743456,
405,0,1,0,0.0,1.0,0.43702298867870737,
411,0,1,0,0.2,0.6,0.675373085318244,
414,0,1,1,0.6,0.1999999999999999,0.5508099145402063,
416,0,1,0,0.0,1.0,0.6091454004009865,
425,0,1,0,0.0,1.0,0.5619935454307184,
435,0,1,0,0.4,0.1999999999999999,0.7582650662802854,
437,0,1,1,0.6,0.1999999999999999,0.7645201668148052,
441,0,1,0,0.2,0.6,0.6547505889072068,
442,0,1,1,0.8,0.6000000000000001,0.551816618137364,
449,0,1,0,0.4,0.1999999999999999,0.5384604134339347,
452,0,1,0,0.25,0.5,0.5548729794405804,
469,0,1,1,0.75,0.5,0.3213127379882405,
481,0,1,0,0.0,1.0,0.8045255642950073,
482,0,1,0,0.0,1.0,0.17702876396443398,
485,0,1,1,0.5,0.0,0.6158044218279023,
486,0,1,0,0.25,0.5,0.8417426079632826,
496,0,1,1,0.75,0.5,0.45445347144270953,
498,0,1,0,0.0,1.0,0.29435794242518176,
503,0,1,0,0.0,1.0,0.5289771748566441,
509,0,1,0,0.25,0.5,0.3662261792143565,
512,0,1,1,1.0,1.0,0.7023863302839699,
519,0,1,0,0.0,1.0,0.6643924490621615,
523,0,1,0,0.25,0.5,0.6251709679572182,
524,0,1,0,0.0,1.0,0.6949467212860492,
527,0,1,0,0.25,0.5,0.6430780044074694,
529,0,1,1,0.5,0.0,0.3885364694019701,
530,0,1,1,0.5,0.0,0.37793557426850594,
533,0,1,0,0.0,1.0,0.35485750081595735,
535,0,1,0,0.25,0.5,0.7231248312920961,
548,0,1,1,0.5,0.0,0.3644838174456261,
561,0,1,1,0.5,0.0,0.559188237598111,
567,0,1,0,0.3333333333333333,0.3333333333333333,0.669470674021283,
575,0,1,1,0.5,0.0,0.8178319506226568,
579,0,1,0,0.3333333333333333,0.3333333333333333,0.5469657104259689,
589,0,1,0,0.3333333333333333,0.3333333333333333,0.41854992277903263,
595,0,1,1,0.8333333333333334,0.6666666666666667,0.5852442622939864,
604,0,1,1,0.75,0.5,0.7997118034624605,
605,0,1,1,0.5,0.0,0.5933529276456655,
609,0,1,0,0.25,0.5,0.5426852548827039,
612,0,1,0,0.0,1.0,0.14609194484612203,
615,0,1,1,0.75,0.5,0.6553521372582994,
622,0,1,1,0.75,0.5,0.5340675837740587,
623,0,1,1,0.5,0.0,0.5716937132844222,
624,0,1,0,0.25,0.5,0.4954035615498531,
629,0,1,1,0.5,0.0,0.7800225426470828,
630,0,1,1,0.5,0.0,0.6767106418111996,
632,0,1,1,0.5,0.0,0.48055831600148163,
634,0,1,0,0.25,0.5,0.43964860926869964,
636,0,1,0,0.0,1.0,0.5973022799075773,
638,0,1,0,0.25,0.5,0.6973844499061912,
642,0,1,1,0.75,0.5,0.7071595426215345,
658,0,1,0,0.1666666666666666,0.6666666666666667,0.7906354640635724,
660,0,1,0,0.1666666666666666,0.6666666666666667,0.6143257299316089,
667,0,1,0,0.3333333333333333,0.3333333333333333,0.4523356171400441,
676,0,1,0,0.1666666666666666,0.6666666666666667,0.502347000388135,
681,0,1,0,0.1666666666666666,0.6666666666666667,0.6192163647790521,
683,0,1,1,0.8333333333333334,0.6666666666666667,0.6629768919475199,
693,0,1,1,0.5,0.0,0.5978443733565447,
707,0,1,1,0.5,0.0,0.26665985229106454,
730,0,1,0,0.3333333333333333,0.3333333333333333,0.33988856413596574,
731,0,1,0,0.0,1.0,0.3016466746118446,
733,0,1,0,0.1666666666666666,0.6666666666666667,0.3174528995385403,
737,0,1,0,0.1666666666666666,0.6666666666666667,0.31006338645652276,
738,0,1,0,0.3333333333333333,0.3333333333333333,0.535870719814699,
741,0,1,0,0.2,0.6,0.6303868966457553,
15,0,2,0,0.4,0.1999999999999999,0.3736857333559546,
18,0,2,1,0.6,0.1999999999999999,0.36908103493557254,
21,0,2,0,0.2,0.6,0.326288541609258,
24,0,2,0,0.0,1.0,0.3975963812706354,
25,0,2,0,0.2,0.6,0.32391425167943083,
27,0,2,0,0.2,0.6,0.3197971056634669,
31,0,2,0,0.1666666666666666,0.6666666666666667,0.24789934794509122,
45,0,2,0,0.0,1.0,0.36555486336380827,
47,0,2,0,0.25,0.5,0.3840411139261246,
52,0,2,0,0.25,0.5,0.3421534849091201,
53,0,2,0,0.1666666666666666,0.6666666666666667,0.3327170786575734,
58,0,2,0,0.25,0.5,0.34921259027556845,
72,0,2,0,0.25,0.5,0.32637090170593125,
80,0,2,0,0.0,1.0,0.37591887571974236,
81,0,2,0,0.0,1.0,0.28644757072967797,
84,0,2,0,0.3333333333333333,0.3333333333333333,0.4604672489569269,
91,0,2,0,0.25,0.5,0.208638175871857,
92,0,2,0,0.0,1.0,0.3738819087805461,
101,0,2,0,0.3333333333333333,0.3333333333333333,0.39976643059751393,
102,0,2,0,0.0,1.0,0.18640623585056243,
118,0,2,0,0.0,1.0,0.4777856191333591,
121,0,2,0,0.1111111111111111,0.7777777777777778,0.276753741011502,
125,0,2,0,0.125,0.75,0.26721573777905,
126,0,2,0,0.2222222222222222,0.5555555555555556,0.44927136867311696,
128,0,2,0,0.1111111111111111,0.7777777777777778,0.25738691564174254,
130,0,2,0,0.1111111111111111,0.7777777777777778,0.3479897784578423,
140,0,2,0,0.2222222222222222,0.5555555555555556,0.36131374631557,
145,0,2,0,0.4444444444444444,0.1111111111111111,0.1862764090630516,
154,0,2,0,0.25,0.5,0.2934518266273701,
157,0,2,0,0.25,0.5,0.3177693272766924,
167,0,2,0,0.0,1.0,0.40631601928137523,
172,0,2,0,0.0,1.0,0.19441733268248157,
173,0,2,0,0.25,0.5,0.30379577850231776,
176,0,2,0,0.0,1.0,0.24641404884277002,
194,0,2,0,0.0,1.0,0.5033781581326612,
197,0,2,0,0.0,1.0,0.3697401259220331,
201,0,2,0,0.25,0.5,0.30109137467326574,
217,0,2,0,0.0,1.0,0.3804148891873127,
219,0,2,0,0.0,1.0,0.21917780261071024,
229,0,2,0,0.0,1.0,0.44528969204965796,
234,0,2,0,0.25,0.5,0.5467531391079883,
235,0,2,0,0.0,1.0,0.3516506924081013,
237,0,2,0,0.4,0.1999999999999999,0.31073298890208706,
239,0,2,1,0.6,0.1999999999999999,0.2564985813909256,
244,0,2,1,0.6,0.1999999999999999,0.5032337370278446,
246,0,2,0,0.4,0.1999999999999999,0.45655598571817896,
252,0,2,0,0.0,1.0,0.39902152042593453,
255,0,2,0,0.25,0.5,0.20812718133464078,
265,0,2,1,0.5,0.0,0.4356004318572355,
266,0,2,0,0.25,0.5,0.3244404983602305,
268,0,2,1,0.5,0.0,0.22374320457487312,
270,0,2,0,0.0,1.0,0.5637257316490292,
273,0,2,1,0.5,0.0,0.3011044307149442,
277,0,2,1,0.5,0.0,0.604219143547601,
280,0,2,0,0.25,0.5,0.35058099972288337,
286,0,2,0,0.2,0.6,0.3660342986864977,
289,0,2,1,0.5,0.0,0.4615868260220272,
304,0,2,1,0.8,0.6000000000000001,0.5127351039906465,
312,0,2,0,0.0,1.0,0.2789952042865791,
318,0,2,0,0.4,0.1999999999999999,0.36893384098406323,
321,0,2,1,0.6,0.1999999999999999,0.4553970703701752,
323,0,2,0,0.0,1.0,0.5357925004281255,
324,0,2,0,0.2,0.6,0.5750275529120636,
334,0,2,0,0.4,0.1999999999999999,0.5088209465146412,
340,0,2,1,0.6,0.1999999999999999,0.3921931074148633,
344,0,2,0,0.2,0.6,0.3803126435076883,
348,0,2,0,0.4,0.1999999999999999,0.8118188460893876,
352,0,2,0,0.25,0.5,0.43469075149433545,
353,0,2,0,0.0,1.0,0.560024804497127,
354,0,2,0,0.25,0.5,0.48821277261907237,
357,0,2,1,0.5,0.0,0.4840963688867226,
358,0,2,0,0.25,0.5,0.5691932731912964,
362,0,2,1,0.75,0.5,0.544742648432021,
364,0,2,1,0.5,0.0,0.4559576022125518,
399,0,2,0,0.25,0.5,0.4225930087061619,
404,0,2,1,0.6,0.1999999999999999,0.8133924948078597,
408,0,2,0,0.4,0.1999999999999999,0.7356271725674057,
409,0,2,0,0.4,0.1999999999999999,0.6526129250443586,
412,0,2,1,1.0,1.0,0.679529341378438,
417,0,2,0,0.2,0.6,0.6396918083736824,
420,0,2,0,0.0,1.0,0.2320784335909971,
426,0,2,1,0.8,0.6000000000000001,0.5212787411756228,
431,0,2,0,0.4,0.1999999999999999,0.48326744564774826,
443,0,2,0,0.0,1.0,0.3038131697366818,
446,0,2,0,0.2,0.6,0.7296801546810483,
448,0,2,0,0.0,1.0,0.2613110580789847,
451,0,2,0,0.25,0.5,0.4664881945930267,
453,0,2,0,0.25,0.5,0.6370041535798904,
458,0,2,0,0.0,1.0,0.6607367839902327,
460,0,2,0,0.0,1.0,0.4534311955091317,
461,0,2,1,0.5,0.0,0.6719648340838542,
471,0,2,0,0.0,1.0,0.8790490921991588,
477,0,2,0,0.0,1.0,0.2939483622541278,
479,0,2,0,0.0,1.0,0.4119003055196895,
488,0,2,1,0.5,0.0,0.5823015275787577,
489,0,2,0,0.0,1.0,0.6697055015194716,
504,0,2,1,0.75,0.5,0.6311071938929632,
505,0,2,1,0.5,0.0,0.6008112322706017,
506,0,2,1,0.75,0.5,0.6522881542768872,
508,0,2,1,0.75,0.5,0.4874311175394255,
511,0,2,1,0.5,0.0,0.5974029036986177,
517,0,2,0,0.25,0.5,0.5961367730825214,
520,0,2,1,0.5,0.0,0.4481543561777591,
526,0,2,0,0.0,1.0,0.5372173030458973,
541,0,2,1,0.5,0.0,0.5342223462441016,
544,0,2,1,0.5,0.0,0.6511619117551637,
545,0,2,0,0.25,0.5,0.3261261366223066,
550,0,2,0,0.0,1.0,0.5514997836562416,
552,0,2,1,0.6666666666666666,0.3333333333333332,0.5435020222461124,
555,0,2,0,0.3333333333333333,0.3333333333333333,0.7378898584877799,
556,0,2,0,0.1666666666666666,0.6666666666666667,0.502104920883553,
559,0,2,1,0.6666666666666666,0.3333333333333332,0.3962810291123142,
563,0,2,0,0.0,1.0,0.6827235077147136,
564,0,2,1,0.5,0.0,0.7025518771987959,
571,0,2,1,0.5,0.0,0.40325417149093634,
582,0,2,1,0.5,0.0,0.5413844404090793,
602,0,2,0,0.25,0.5,0.6430881808737603,
606,0,2,0,0.25,0.5,0.34832422000747987,
607,0,2,0,0.0,1.0,0.4722998283595716,
614,0,2,1,0.75,0.5,0.642816375310062,
617,0,2,1,0.5,0.0,0.6878769908590935,
620,0,2,1,0.75,0.5,0.6056580758918119,
626,0,2,1,0.5,0.0,0.3946441726633498,
641,0,2,0,0.0,1.0,0.5598521151228832,
652,0,2,0,0.0,1.0,0.25064726479021243,
661,0,2,1,0.8333333333333334,0.6666666666666667,0.8504264960740673,
669,0,2,0,0.3333333333333333,0.3333333333333333,0.5842384623314208,
671,0,2,0,0.3333333333333333,0.3333333333333333,0.6344451997831333,
673,0,2,0,0.3333333333333333,0.3333333333333333,0.22302902455278312,
675,0,2,0,0.3333333333333333,0.3333333333333333,0.5475416349797416,
682,0,2,0,0.1666666666666666,0.6666666666666667,0.535988473435325,
685,0,2,0,0.0,1.0,0.40233226847410136,
686,0,2,0,0.0,1.0,0.6280965398499937,
691,0,2,0,0.1666666666666666,0.6666666666666667,0.702842814923764,
692,0,2,0,0.0,1.0,0.27380201517001246,
698,0,2,1,0.5,0.0,0.693648009342076,
704,0,2,0,0.3333333333333333,0.3333333333333333,0.5195905886182353,
705,0,2,1,0.5,0.0,0.30999089325248497,
709,0,2,0,0.3333333333333333,0.3333333333333333,0.3668986654775245,
710,0,2,0,0.0,1.0,0.2123055295345047,
717,0,2,1,0.5,0.0,0.400257315756699,
721,0,2,0,0.3333333333333333,0.3333333333333333,0.5563810156339386,
723,0,2,0,0.1666666666666666,0.6666666666666667,0.41703101340630216,
727,0,2,0,0.4,0.1999999999999999,0.558883366997973,
728,0,2,0,0.2,0.6,0.27314994885989574,
729,0,2,0,0.4,0.1999999999999999,0.442377472976602,
736,0,2,0,0.0,1.0,0.4191700804235888,
1,0,3,0,0.3333333333333333,0.3333333333333333,0.26056578050476303,
3,0,3,0,0.0,1.0,0.3407537739534968,
9,0,3,0,0.0,1.0,0.40902063146058687,
12,0,3,0,0.4,0.1999999999999999,0.31827899225276957,
13,0,3,0,0.2,0.6,0.3402872430108674,
17,0,3,0,0.4,0.1999999999999999,0.4015729836333881,
35,0,3,1,0.5,0.0,0.3502101284957516,
37,0,3,0,0.2,0.6,0.255173654424641,
42,0,3,0,0.0,1.0,0.4816375576916121,
43,0,3,0,0.2,0.6,0.6124225936397265,
48,0,3,1,0.6,0.1999999999999999,0.21694035833426326,
54,0,3,0,0.25,0.5,0.3921984255417581,
76,0,3,0,0.25,0.5,0.29621562311398897,
79,0,3,0,0.25,0.5,0.35574136476929064,
86,0,3,0,0.0,1.0,0.39861298739433293,
90,0,3,1,0.5,0.0,0.23730757445559414,
97,0,3,0,0.25,0.5,0.252314148080129,
100,0,3,0,0.25,0.5,0.5130565586546839,
103,0,3,0,0.1111111111111111,0.7777777777777778,0.42526964672549894,
108,0,3,0,0.25,0.5,0.4174867342751876,
115,0,3,0,0.0,1.0,0.30702246083630846,
119,0,3,0,0.1111111111111111,0.7777777777777778,0.43476466895590943,
123,0,3,0,0.0,1.0,0.24892225295220133,
129,0,3,0,0.2,0.6,0.47265261167620776,
132,0,3,0,0.2222222222222222,0.5555555555555556,0.2648919223352395,
133,0,3,1,0.8888888888888888,0.7777777777777777,0.2848092077839919,
138,0,3,1,0.5555555555555556,0.1111111111111111,0.2650548428568852,
144,0,3,0,0.0,1.0,0.3704641289668118,
158,0,3,0,0.0,1.0,0.22765593608513213,
179,0,3,0,0.25,0.5,0.3841447728314419,
180,0,3,0,0.0,1.0,0.5058480851366464,
184,0,3,0,0.0,1.0,0.2595942966165846,
185,0,3,0,0.25,0.5,0.3597016043233553,
188,0,3,0,0.0,1.0,0.3452794216254679,
195,0,3,0,0.0,1.0,0.4947486032325372,
198,0,3,0,0.0,1.0,0.49627196137564,
203,0,3,0,0.2,0.6,0.18927385349767428,
205,0,3,0,0.2,0.6,0.2266891458437199,
213,0,3,0,0.4,0.1999999999999999,0.32115058714250766,
216,0,3,0,0.0,1.0,0.4785397264385878,
220,0,3,0,0.4,0.1999999999999999,0.26614246390018936,
222,0,3,0,0.2,0.6,0.35003121879068344,
225,0,3,0,0.2,0.6,0.2797302577687629,
228,0,3,0,0.2,0.6,0.37175017386179043,
236,0,3,0,0.0,1.0,0.23084465905724205,
238,0,3,0,0.25,0.5,0.14595038457541137,
242,0,3,1,0.6,0.1999999999999999,0.3300782695167464,
251,0,3,0,0.25,0.5,0.29585290213337734,
257,0,3,0,0.25,0.5,0.3101242323929244,
258,0,3,0,0.0,1.0,0.30876726410997135,
269,0,3,1,0.5,0.0,0.4317293746148695,
272,0,3,1,0.5,0.0,0.525842705887476,
278,0,3,0,0.25,0.5,0.33633930254512173,
283,0,3,0,0.25,0.5,0.4746570876966115,
290,0,3,0,0.0,1.0,0.5454208013080428,
293,0,3,1,0.5,0.0,0.4713273025969213,
296,0,3,0,0.0,1.0,0.32255016988159324,
297,0,3,0,0.0,1.0,0.31420163063403456,
302,0,3,0,0.0,1.0,0.2533533302882916,
303,0,3,0,0.0,1.0,0.32638427292434574,
306,0,3,0,0.0,1.0,0.3742470752842434,
311,0,3,0,0.4,0.1999999999999999,0.2108618979579268,
313,0,3,0,0.0,1.0,0.3385571009134398,
320,0,3,0,0.0,1.0,0.444335326025154,
343,0,3,1,0.8,0.6000000000000001,0.5534102180037936,
351,0,3,0,0.0,1.0,0.3411964849375972,
356,0,3,0,0.25,0.5,0.43532805716841505,
361,0,3,0,0.0,1.0,0.23201230602483963,
366,0,3,0,0.0,1.0,0.46053404188836466,
367,0,3,0,0.25,0.5,0.5400787412715535,
369,0,3,0,0.0,1.0,0.26068598908442936,
370,0,3,0,0.0,1.0,0.361369138930941,
373,0,3,0,0.0,1.0,0.492978209903594,
378,0,3,1,0.5,0.0,0.3480938266261674,
380,0,3,1,0.75,0.5,0.5985725195112144,
385,0,3,1,0.5,0.0,0.5094503292315055,
387,0,3,0,0.0,1.0,0.28277602902471977,
389,0,3,0,0.25,0.5,0.5848624831917404,
392,0,3,1,0.5,0.0,0.7495316626378614,
396,0,3,1,0.75,0.5,0.7584555522614003,
400,0,3,1,0.5,0.0,0.7959586644222818,
402,0,3,1,0.6,0.1999999999999999,0.38149923887949366,
403,0,3,0,0.0,1.0,0.2148549378139969,
406,0,3,1,0.6,0.1999999999999999,0.4276825254162923,
410,0,3,1,0.6,0.1999999999999999,0.6789795621965953,
415,0,3,0,0.0,1.0,0.5618949034541382,
422,0,3,1,0.6,0.1999999999999999,0.515077225147828,
423,0,3,0,0.0,1.0,0.6524771550183301,
428,0,3,1,0.6,0.1999999999999999,0.46314585779135675,
429,0,3,0,0.0,1.0,0.6494739926310102,
433,0,3,0,0.0,1.0,0.5326080687347605,
440,0,3,0,0.0,1.0,0.6634182268207248,
444,0,3,0,0.2,0.6,0.5328005324797355,
445,0,3,0,0.0,1.0,0.4771390691570374,
447,0,3,0,0.0,1.0,0.4972979585486288,
455,0,3,0,0.0,1.0,0.24718962102452488,
470,0,3,0,0.0,1.0,0.6480192102574087,
472,0,3,0,0.25,0.5,0.4976513349038817,
473,0,3,0,0.25,0.5,0.5091537288428492,
474,0,3,0,0.0,1.0,0.41771608149346806,
475,0,3,0,0.25,0.5,0.5981802538801743,
478,0,3,0,0.0,1.0,0.29627651971459457,
484,0,3,0,0.25,0.5,0.5741347322936112,
493,0,3,0,0.0,1.0,0.5374900360771744,
500,0,3,0,0.25,0.5,0.6064010706583849,
501,0,3,0,0.25,0.5,0.5071705225897839,
502,0,3,1,0.75,0.5,0.4779580678529857,
516,0,3,0,0.0,1.0,0.4926343621868249,
525,0,3,0,0.2,0.6,0.14488891807636445,
531,0,3,1,0.75,0.5,0.6528115789083696,
536,0,3,0,0.3333333333333333,0.3333333333333333,0.5980132772403667,
538,0,3,0,0.0,1.0,0.6502313052930726,
543,0,3,1,0.5,0.0,0.6689467448726121,
547,0,3,1,0.5,0.0,0.5993098378145456,
560,0,3,0,0.1666666666666666,0.6666666666666667,0.4048027266821487,
576,0,3,1,0.5,0.0,0.61035687595165,
581,0,3,0,0.3333333333333333,0.3333333333333333,0.6181043545828595,
591,0,3,1,0.5,0.0,0.5086009538487637,
592,0,3,1,0.6,0.1999999999999999,0.5202806795423882,
597,0,3,0,0.0,1.0,0.32767666810124135,
598,0,3,0,0.3333333333333333,0.3333333333333333,0.7988922965470897,
600,0,3,0,0.1666666666666666,0.6666666666666667,0.6342111880748522,
611,0,3,1,0.75,0.5,0.5339294107647108,
627,0,3,1,0.75,0.5,0.7065703037763995,
631,0,3,0,0.0,1.0,0.5037603369413257,
637,0,3,1,0.5,0.0,0.5638880007224039,
639,0,3,0,0.0,1.0,0.48682745311356423,
640,0,3,1,0.75,0.5,0.7039735644187763,
643,0,3,1,0.5,0.0,0.5676104114741825,
647,0,3,1,0.5,0.0,0.7176860963557681,
651,0,3,0,0.3333333333333333,0.3333333333333333,0.40404998667025493,
654,0,3,0,0.1666666666666666,0.6666666666666667,0.5035976454753082,
659,0,3,1,0.6666666666666666,0.3333333333333332,0.5934467955858346,
665,0,3,0,0.1666666666666666,0.6666666666666667,0.542293864737792,
672,0,3,0,0.0,1.0,0.5965240879732054,
677,0,3,1,0.6666666666666666,0.3333333333333332,0.44256700509477576,
680,0,3,0,0.0,1.0,0.3298565295149981,
687,0,3,0,0.3333333333333333,0.3333333333333333,0.5920313012281786,
696,0,3,0,0.1666666666666666,0.6666666666666667,0.6552053047481441,
697,0,3,1,0.5,0.0,0.5154031213972251,
711,0,3,1,0.6,0.1999999999999999,0.4570021562406882,
713,0,3,1,0.6,0.1999999999999999,0.4037320924286941,
718,0,3,0,0.1666666666666666,0.6666666666666667,0.436610087035969,
719,0,3,0,0.1666666666666666,0.6666666666666667,0.4881103195873668,
725,0,3,0,0.0,1.0,0.39142896184218867,
732,0,3,0,0.0,1.0,0.41362816112778644,
742,0,3,1,0.5,0.0,0.4714762997125816,
8,0,4,0,0.0,1.0,0.2427044945775415,
10,0,4,0,0.0,1.0,0.24516172872552772,
11,0,4,1,0.6,0.1999999999999999,0.25329522284350436,
20,0,4,0,0.25,0.5,0.3572578642815083,
22,0,4,0,0.2,0.6,0.4923228994652873,
33,0,4,0,0.4,0.1999999999999999,0.25943178270534056,
36,0,4,0,0.2,0.6,0.29146198719418637,
41,0,4,0,0.2,0.6,0.37493513193619493,
44,0,4,0,0.0,1.0,0.38208945214000334,
46,0,4,0,0.4,0.1999999999999999,0.4998555950523851,
57,0,4,1,1.0,1.0,0.38551747304269846,
60,0,4,0,0.0,1.0,0.4140958347036876,
62,0,4,0,0.25,0.5,0.3067833694231827,
70,0,4,0,0.0,1.0,0.39272654412768815,
71,0,4,0,0.0,1.0,0.32032140741183757,
75,0,4,0,0.0,1.0,0.32818749190939767,
89,0,4,0,0.25,0.5,0.4660268759243373,
99,0,4,0,0.0,1.0,0.18606583172463645,
104,0,4,0,0.1111111111111111,0.7777777777777778,0.3181728251610065,
105,0,4,0,0.0,1.0,0.36856886411623224,
106,0,4,1,1.0,1.0,0.35333173933756307,
111,0,4,0,0.1111111111111111,0.7777777777777778,0.3513731250767065,
114,0,4,0,0.1111111111111111,0.7777777777777778,0.537897845094939,
117,0,4,0,0.25,0.5,0.28718101107462296,
135,0,4,0,0.1666666666666666,0.6666666666666667,0.2654316838206187,
136,0,4,0,0.3333333333333333,0.3333333333333333,0.4399570108754838,
137,0,4,1,0.6666666666666666,0.3333333333333332,0.23632831943548635,
147,0,4,0,0.0,1.0,0.48731501166700786,
162,0,4,0,0.2,0.6,0.25967117987873983,
164,0,4,0,0.0,1.0,0.23295363259352758,
165,0,4,0,0.0,1.0,0.4703101795999064,
169,0,4,0,0.0,1.0,0.4065404489399609,
170,0,4,0,0.1666666666666666,0.6666666666666667,0.2975963931623288,
171,0,4,0,0.25,0.5,0.3715722961870911,
175,0,4,0,0.0,1.0,0.23495381784638852,
178,0,4,0,0.0,1.0,0.4907311801932912,
181,0,4,1,0.5,0.0,0.3073990910444496,
186,0,4,0,0.0,1.0,0.439418303584491,
191,0,4,0,0.0,1.0,0.34878711687918057,
192,0,4,0,0.0,1.0,0.38916965815585913,
193,0,4,0,0.25,0.5,0.41239525184256987,
207,0,4,0,0.2,0.6,0.29372089793446654,
214,0,4,0,0.2,0.6,0.4401785750735281,
223,0,4,0,0.2,0.6,0.30165713439572855,
227,0,4,1,1.0,1.0,0.38861602429178665,
245,0,4,0,0.0,1.0,0.24907467424688776,
254,0,4,0,0.25,0.5,0.3361670276023272,
260,0,4,0,0.25,0.5,0.3583986148456163,
261,0,4,0,0.25,0.5,0.4768974454959052,
262,0,4,1,0.5,0.0,0.44142521407152074,
263,0,4,0,0.2,0.6,0.27094569733575996,
264,0,4,0,0.25,0.5,0.3283221591615735,
271,0,4,0,0.0,1.0,0.47182102595865655,
276,0,4,0,0.2,0.6,0.41589970417955135,
292,0,4,0,0.25,0.5,0.6337336485787552,
295,0,4,0,0.0,1.0,0.23935853318284248,
298,0,4,0,0.25,0.5,0.4103439420035761,
299,0,4,1,0.8,0.6000000000000001,0.3834060041790072,
314,0,4,0,0.0,1.0,0.4370683077081867,
325,0,4,0,0.0,1.0,0.28664836752051104,
327,0,4,0,0.0,1.0,0.5649583762763335,
337,0,4,0,0.0,1.0,0.3125983955445207,
341,0,4,1,0.6,0.1999999999999999,0.6046851182449574,
347,0,4,0,0.4,0.1999999999999999,0.6322099313177194,
349,0,4,0,0.0,1.0,0.1788607317299165,
350,0,4,0,0.0,1.0,0.26255171710039926,
363,0,4,0,0.0,1.0,0.564035424748782,
365,0,4,0,0.25,0.5,0.548050376348344,
368,0,4,1,0.5,0.0,0.6036938533203058,
375,0,4,1,0.5,0.0,0.6144323106055931,
377,0,4,0,0.25,0.5,0.41697814583830695,
379,0,4,1,0.75,0.5,0.5241339525356279,
382,0,4,1,0.5,0.0,0.43861805673234433,
383,0,4,0,0.0,1.0,0.26910434527421445,
386,0,4,0,0.25,0.5,0.5255982397941719,
390,0,4,1,0.75,0.5,0.6071481986019731,
391,0,4,0,0.0,1.0,0.19488049334086965,
393,0,4,0,0.25,0.5,0.6221374391722101,
395,0,4,1,0.5,0.0,0.7022962229680474,
401,0,4,0,0.2,0.6,0.504463016211632,
418,0,4,0,0.0,1.0,0.5959070549551149,
419,0,4,0,0.4,0.1999999999999999,0.5326582993224303,
424,0,4,1,0.6,0.1999999999999999,0.5514298246056554,
427,0,4,1,0.6,0.1999999999999999,0.5527347611923838,
430,0,4,1,0.6,0.1999999999999999,0.5791995755486019,
432,0,4,0,0.2,0.6,0.5439164145530784,
434,0,4,0,0.0,1.0,0.42311934246327176,
439,0,4,0,0.2,0.6,0.5437712199222331,
450,0,4,0,0.2,0.6,0.574686850431768,
454,0,4,0,0.0,1.0,0.7371360918088162,
462,0,4,1,0.5,0.0,0.7305972967537979,
464,0,4,0,0.0,1.0,0.7417455429415106,
466,0,4,1,0.5,0.0,0.7130217160213776,
467,0,4,1,1.0,1.0,0.7370743408202287,
476,0,4,0,0.0,1.0,0.6910314068972098,
483,0,4,0,0.25,0.5,0.6099661774427139,
494,0,4,1,0.8,0.6000000000000001,0.5342690968653818,
507,0,4,1,1.0,1.0,0.5629420821672052,
515,0,4,0,0.25,0.5,0.49026012738645885,
522,0,4,0,0.25,0.5,0.41583641662614135,
532,0,4,0,0.0,1.0,0.23231145352702914,
537,0,4,0,0.25,0.5,0.5457699453165663,
546,0,4,1,0.5,0.0,0.5069126332905891,
551,0,4,1,0.6666666666666666,0.3333333333333332,0.7053904582613344,
553,0,4,0,0.0,1.0,0.4492563485777178,
558,0,4,1,0.5,0.0,0.682715552537037,
562,0,4,0,0.3333333333333333,0.3333333333333333,0.7512349791798117,
568,0,4,1,1.0,1.0,0.5669979078258578,
569,0,4,0,0.1666666666666666,0.6666666666666667,0.622741914044566,
570,0,4,1,0.6666666666666666,0.3333333333333332,0.6900917542923408,
578,0,4,1,0.5,0.0,0.6113168230001023,
580,0,4,0,0.3333333333333333,0.3333333333333333,0.4521303533663199,
584,0,4,1,0.6666666666666666,0.3333333333333332,0.6213458110944117,
585,0,4,1,0.5,0.0,0.599741146348211,
593,0,4,1,0.5,0.0,0.5420590304798476,
594,0,4,0,0.0,1.0,0.5275798778076344,
596,0,4,1,0.5,0.0,0.6138680140008621,
599,0,4,0,0.0,1.0,0.5420190344561316,
610,0,4,0,0.25,0.5,0.6333982543192702,
613,0,4,0,0.0,1.0,0.673848321724254,
616,0,4,1,0.75,0.5,0.4797654495058676,
619,0,4,0,0.25,0.5,0.7549953858330207,
621,0,4,1,0.5,0.0,0.6578484828825027,
625,0,4,0,0.0,1.0,0.5158524353847207,
635,0,4,1,0.5,0.0,0.559968671715413,
644,0,4,0,0.25,0.5,0.592403465765755,
646,0,4,0,0.0,1.0,0.18417357740884938,
655,0,4,1,0.6666666666666666,0.3333333333333332,0.5623969134919837,
656,0,4,1,0.6666666666666666,0.3333333333333332,0.6527515773364985,
662,0,4,0,0.0,1.0,0.28841017815884923,
663,0,4,0,0.3333333333333333,0.3333333333333333,0.6171164605148426,
668,0,4,0,0.1666666666666666,0.6666666666666667,0.6621675629128421,
678,0,4,0,0.3333333333333333,0.3333333333333333,0.3536186178461759,
679,0,4,0,0.4,0.1999999999999999,0.2555049870769461,
684,0,4,0,0.0,1.0,0.6294201350434663,
688,0,4,0,0.1666666666666666,0.6666666666666667,0.47517379576820645,
700,0,4,1,0.5,0.0,0.6030205726757365,
701,0,4,0,0.1666666666666666,0.6666666666666667,0.6684330568982695,
702,0,4,0,0.1666666666666666,0.6666666666666667,0.6100392716694935,
706,0,4,1,0.6666666666666666,0.3333333333333332,0.4679227002164256,
708,0,4,0,0.0,1.0,0.4890554953347098,
716,0,4,1,0.6666666666666666,0.3333333333333332,0.4331701054994612,
722,0,4,0,0.2,0.6,0.2457370457177687,
724,0,4,0,0.2,0.6,0.3752883545721587,
726,0,4,0,0.0,1.0,0.5835501890324817,
734,0,4,0,0.0,1.0,0.3474374753841172,
740,0,4,0,0.1666666666666666,0.6666666666666667,0.28348594395277027,
5,1,0,0,0.2,0.6,0.37025862815479627,
10,1,0,0,0.0,1.0,0.15571656040360202,
12,1,0,0,0.4,0.1999999999999999,0.44267417688497507,
16,1,0,1,0.6,0.1999999999999999,0.27943240183206597,
17,1,0,0,0.4,0.1999999999999999,0.40380331121838314,
25,1,0,0,0.2,0.6,0.3304222540240346,
26,1,0,1,0.8,0.6000000000000001,0.2595890378675728,
30,1,0,0,0.2,0.6,0.24511684486138574,
36,1,0,0,0.2,0.6,0.2964124240576532,
37,1,0,0,0.2,0.6,0.2577603802993989,
46,1,0,0,0.4,0.1999999999999999,0.5027527362180378,
56,1,0,0,0.25,0.5,0.2316862814595464,
63,1,0,0,0.0,1.0,0.29523764280778314,
66,1,0,0,0.0,1.0,0.3447429402954715,
72,1,0,0,0.25,0.5,0.3036093000718636,
81,1,0,0,0.0,1.0,0.27566156772832906,
82,1,0,0,0.25,0.5,0.39837224316182074,
91,1,0,0,0.25,0.5,0.2291421962475948,
93,1,0,0,0.0,1.0,0.25843357805844525,
101,1,0,0,0.3333333333333333,0.3333333333333333,0.34005939813418373,
102,1,0,0,0.0,1.0,0.24612190371282872,
114,1,0,0,0.1111111111111111,0.7777777777777778,0.5103369906289533,
117,1,0,0,0.25,0.5,0.21824712154960907,
118,1,0,0,0.0,1.0,0.48301563525971103,
122,1,0,0,0.0,1.0,0.2598725030866601,
128,1,0,0,0.1111111111111111,0.7777777777777778,0.23858124064080383,
141,1,0,0,0.0,1.0,0.41566302127125676,
142,1,0,0,0.0,1.0,0.4728887299986587,
145,1,0,0,0.4444444444444444,0.1111111111111111,0.18314834051788048,
149,1,0,0,0.3333333333333333,0.3333333333333333,0.16677819036012761,
150,1,0,0,0.0,1.0,0.402108117711403,
159,1,0,0,0.0,1.0,0.19376323059957432,
179,1,0,0,0.25,0.5,0.36391562468312155,
180,1,0,0,0.0,1.0,0.4367098304612101,
184,1,0,0,0.0,1.0,0.16074495413767742,
187,1,0,0,0.0,1.0,0.4113854117722958,
195,1,0,0,0.0,1.0,0.48996196428056277,
213,1,0,0,0.4,0.1999999999999999,0.334160104610737,
216,1,0,0,0.0,1.0,0.41211172110937877,
226,1,0,0,0.0,1.0,0.31756144387492474,
227,1,0,1,1.0,1.0,0.3236959609423979,
231,1,0,1,0.5,0.0,0.39763281605650036,
232,1,0,0,0.25,0.5,0.3579053747941574,
235,1,0,0,0.0,1.0,0.281792174949265,
239,1,0,1,0.6,0.1999999999999999,0.2461156333851497,
243,1,0,0,0.0,1.0,0.20901614641801988,
248,1,0,0,0.4,0.1999999999999999,0.28542249199184094,
249,1,0,1,0.6,0.1999999999999999,0.4368501185517185,
250,1,0,0,0.4,0.1999999999999999,0.45736696025413337,
251,1,0,0,0.25,0.5,0.2975117925309049,
257,1,0,0,0.25,0.5,0.32456570081609437,
263,1,0,0,0.2,0.6,0.2580454458241236,
272,1,0,1,0.5,0.0,0.5027652059549788,
273,1,0,1,0.5,0.0,0.23425515258827806,
278,1,0,0,0.25,0.5,0.32032563488508037,
285,1,0,0,0.4,0.1999999999999999,0.21836868825409753,
287,1,0,0,0.25,0.5,0.3882743386483276,
288,1,0,1,0.75,0.5,0.3113323443402276,
297,1,0,0,0.0,1.0,0.29404615240799825,
299,1,0,1,0.8,0.6000000000000001,0.31683698903338736,
314,1,0,0,0.0,1.0,0.4086663326380554,
317,1,0,0,0.4,0.1999999999999999,0.16187314183542892,
320,1,0,0,0.0,1.0,0.46673634571355127,
333,1,0,0,0.0,1.0,0.29503947444988865,
335,1,0,1,0.5,0.0,0.1539523659092129,
339,1,0,0,0.0,1.0,0.40660203336115947,
341,1,0,1,0.6,0.1999999999999999,0.5863297756310548,
343,1,0,1,0.8,0.6000000000000001,0.49633144409923624,
347,1,0,0,0.4,0.1999999999999999,0.6411098510047306,
350,1,0,0,0.0,1.0,0.26702850193272,
352,1,0,0,0.25,0.5,0.37563353011357636,
357,1,0,1,0.5,0.0,0.593258797965249,
358,1,0,0,0.25,0.5,0.6435630181789569,
369,1,0,0,0.0,1.0,0.2725077623028742,
373,1,0,0,0.0,1.0,0.5143917244395368,
380,1,0,1,0.75,0.5,0.6142480460415628,
386,1,0,0,0.25,0.5,0.4890955260925708,
388,1,0,1,0.5,0.0,0.5620728420066486,
389,1,0,0,0.25,0.5,0.6333326147335558,
390,1,0,1,0.75,0.5,0.5763092410148727,
393,1,0,0,0.25,0.5,0.5370455970036683,
396,1,0,1,0.75,0.5,0.7567760906692232,
401,1,0,0,0.2,0.6,0.5384710082992659,
402,1,0,1,0.6,0.1999999999999999,0.383354206373379,
406,1,0,1,0.6,0.1999999999999999,0.3872794107919114,
420,1,0,0,0.0,1.0,0.22208687529604026,
425,1,0,0,0.0,1.0,0.5954477580934183,
428,1,0,1,0.6,0.1999999999999999,0.5212821359491091,
433,1,0,0,0.0,1.0,0.5287795545989544,
444,1,0,0,0.2,0.6,0.6588484736961534,
450,1,0,0,0.2,0.6,0.6012007146897754,
454,1,0,0,0.0,1.0,0.692560817649422,
455,1,0,0,0.0,1.0,0.25949888222450057,
457,1,0,1,0.5,0.0,0.7173060860934161,
462,1,0,1,0.5,0.0,0.8006040904850644,
475,1,0,0,0.25,0.5,0.5237920495249369,
479,1,0,0,0.0,1.0,0.4823377866645234,
482,1,0,0,0.0,1.0,0.17134939588005563,
489,1,0,0,0.0,1.0,0.6600479491171463,
507,1,0,1,1.0,1.0,0.6174891124079456,
511,1,0,1,0.5,0.0,0.5902501100476252,
515,1,0,0,0.25,0.5,0.5419360172562192,
525,1,0,0,0.2,0.6,0.1884092957211641,
531,1,0,1,0.75,0.5,0.6215640054191174,
537,1,0,0,0.25,0.5,0.4865778306696861,
538,1,0,0,0.0,1.0,0.6925866493183589,
540,1,0,0,0.25,0.5,0.7970343444599959,
549,1,0,0,0.0,1.0,0.3432711284920523,
551,1,0,1,0.6666666666666666,0.3333333333333332,0.7320665739952366,
553,1,0,0,0.0,1.0,0.43870009424801903,
559,1,0,1,0.6666666666666666,0.3333333333333332,0.51072394463925,
560,1,0,0,0.1666666666666666,0.6666666666666667,0.3372364770547527,
563,1,0,0,0.0,1.0,0.6939835452338672,
577,1,0,0,0.1666666666666666,0.6666666666666667,0.5129360892645585,
579,1,0,0,0.3333333333333333,0.3333333333333333,0.6224251471133027,
580,1,0,0,0.3333333333333333,0.3333333333333333,0.4724931543587084,
584,1,0,1,0.6666666666666666,0.3333333333333332,0.6381144281452911,
589,1,0,0,0.3333333333333333,0.3333333333333333,0.5207404045725712,
593,1,0,1,0.5,0.0,0.46441968483397056,
602,1,0,0,0.25,0.5,0.6782638911521796,
604,1,0,1,0.75,0.5,0.7476976958428578,
607,1,0,0,0.0,1.0,0.4207231196786688,
611,1,0,1,0.75,0.5,0.5872555612906821,
616,1,0,1,0.75,0.5,0.5075132379521763,
618,1,0,0,0.0,1.0,0.6921203750367411,
626,1,0,1,0.5,0.0,0.4548220105144819,
630,1,0,1,0.5,0.0,0.707366039020178,
632,1,0,1,0.5,0.0,0.4156425556071534,
635,1,0,1,0.5,0.0,0.48547869609691424,
639,1,0,0,0.0,1.0,0.5096648673653734,
641,1,0,0,0.0,1.0,0.6423508693937195,
646,1,0,0,0.0,1.0,0.17300727105319225,
648,1,0,1,0.5,0.0,0.4991497933190762,
660,1,0,0,0.1666666666666666,0.6666666666666667,0.6738195673029992,
674,1,0,0,0.3333333333333333,0.3333333333333333,0.5278336122520528,
684,1,0,0,0.0,1.0,0.6811593718682325,
696,1,0,0,0.1666666666666666,0.6666666666666667,0.6682470166292531,
697,1,0,1,0.5,0.0,0.5283006513562606,
698,1,0,1,0.5,0.0,0.6722170545526964,
703,1,0,0,0.0,1.0,0.7780815896208546,
707,1,0,1,0.5,0.0,0.35874915278805014,
710,1,0,0,0.0,1.0,0.25681094768307344,
716,1,0,1,0.6666666666666666,0.3333333333333332,0.5431239545489757,
718,1,0,0,0.1666666666666666,0.6666666666666667,0.5495795761380599,
728,1,0,0,0.2,0.6,0.2596152091618882,
734,1,0,0,0.0,1.0,0.31311202871190535,
735,1,0,0,0.0,1.0,0.19780822359041395,
6,1,1,0,0.2,0.6,0.2759909126113683,
8,1,1,0,0.0,1.0,0.28082626280090567,
9,1,1,0,0.0,1.0,0.390270584250886,
13,1,1,0,0.2,0.6,0.41641374757728383,
14,1,1,0,0.2,0.6,0.411202658619313,
21,1,1,0,0.2,0.6,0.3609930751046988,
22,1,1,0,0.2,0.6,0.4266292430983504,
29,1,1,0,0.2,0.6,0.4728097687459587,
32,1,1,0,0.2,0.6,0.3680297758571456,
33,1,1,0,0.4,0.1999999999999999,0.2977620233173087,
34,1,1,0,0.1666666666666666,0.6666666666666667,0.5111057063002917,
41,1,1,0,0.2,0.6,0.24858131457617128,
49,1,1,0,0.3333333333333333,0.3333333333333333,0.2232922381256797,
50,1,1,1,0.8,0.6000000000000001,0.41892349457288136,
51,1,1,0,0.25,0.5,0.30311890364754557,
70,1,1,0,0.0,1.0,0.3975532799504772,
71,1,1,0,0.0,1.0,0.2944382637792641,
79,1,1,0,0.25,0.5,0.33802920260416924,
85,1,1,0,0.25,0.5,0.5262799142905492,
86,1,1,0,0.0,1.0,0.37389411066284495,
88,1,1,1,0.5,0.0,0.22311975515995305,
89,1,1,0,0.25,0.5,0.42864358143914094,
94,1,1,0,0.25,0.5,0.27042819165234655,
95,1,1,0,0.25,0.5,0.26817995252506077,
108,1,1,0,0.25,0.5,0.36026455561957904,
109,1,1,0,0.1111111111111111,0.7777777777777778,0.4525704652359831,
115,1,1,0,0.0,1.0,0.29676598116998465,
127,1,1,1,0.6666666666666666,0.3333333333333332,0.31272490427486954,
129,1,1,0,0.2,0.6,0.44997725588008486,
138,1,1,1,0.5555555555555556,0.1111111111111111,0.2566123949432806,
139,1,1,0,0.0,1.0,0.3156158998146723,
140,1,1,0,0.2222222222222222,0.5555555555555556,0.30205681620115066,
156,1,1,0,0.25,0.5,0.32418273922008706,
160,1,1,0,0.1666666666666666,0.6666666666666667,0.47280813934136356,
161,1,1,0,0.0,1.0,0.4752189821809552,
166,1,1,0,0.25,0.5,0.3501678713771549,
175,1,1,0,0.0,1.0,0.29974561190204574,
188,1,1,0,0.0,1.0,0.4658707137311937,
193,1,1,0,0.25,0.5,0.46404255289714863,
194,1,1,0,0.0,1.0,0.510696947165807,
196,1,1,1,0.5,0.0,0.4362363686697989,
198,1,1,0,0.0,1.0,0.5255606232880787,
200,1,1,0,0.2,0.6,0.17933858471242076,
205,1,1,0,0.2,0.6,0.2416074123894881,
209,1,1,0,0.2,0.6,0.4549828956049108,
210,1,1,0,0.4,0.1999999999999999,0.6818263255005315,
212,1,1,0,0.2,0.6,0.36012875264166144,
222,1,1,0,0.2,0.6,0.40454729821820257,
225,1,1,0,0.2,0.6,0.2944836171501575,
230,1,1,0,0.2,0.6,0.3196150372887089,
234,1,1,0,0.25,0.5,0.47480026360346766,
237,1,1,0,0.4,0.1999999999999999,0.3222168856392808,
241,1,1,1,0.6,0.1999999999999999,0.4398326091233786,
247,1,1,0,0.2,0.6,0.4614714885677656,
262,1,1,1,0.5,0.0,0.4760944859504713,
264,1,1,0,0.25,0.5,0.2859780050092897,
267,1,1,0,0.0,1.0,0.190079185655179,
271,1,1,0,0.0,1.0,0.4509787981843667,
275,1,1,1,0.5,0.0,0.3777281237468777,
277,1,1,1,0.5,0.0,0.5550280174615971,
280,1,1,0,0.25,0.5,0.40952563607961145,
284,1,1,1,0.5,0.0,0.38589978656494217,
292,1,1,0,0.25,0.5,0.6430860727533386,
293,1,1,1,0.5,0.0,0.46135387639981323,
304,1,1,1,0.8,0.6000000000000001,0.5918789546628068,
312,1,1,0,0.0,1.0,0.28827406550397494,
324,1,1,0,0.2,0.6,0.5508507947086657,
332,1,1,0,0.0,1.0,0.2789868051071941,
342,1,1,0,0.2,0.6,0.4810260055460097,
346,1,1,1,0.6,0.1999999999999999,0.6534523478358377,
351,1,1,0,0.0,1.0,0.4406254808191996,
353,1,1,0,0.0,1.0,0.5249446636165511,
355,1,1,0,0.25,0.5,0.3662496830762701,
356,1,1,0,0.25,0.5,0.39330853642898056,
360,1,1,0,0.25,0.5,0.44622412927016986,
375,1,1,1,0.5,0.0,0.5463313162640417,
378,1,1,1,0.5,0.0,0.3937422426410913,
385,1,1,1,0.5,0.0,0.5540932350614944,
387,1,1,0,0.0,1.0,0.29514499126980714,
399,1,1,0,0.25,0.5,0.4125526504501924,
405,1,1,0,0.0,1.0,0.5408529880592471,
407,1,1,0,0.2,0.6,0.6346268046888215,
408,1,1,0,0.4,0.1999999999999999,0.6856650103243191,
412,1,1,1,1.0,1.0,0.6575337558643441,
414,1,1,1,0.6,0.1999999999999999,0.6861856359649701,
423,1,1,0,0.0,1.0,0.6410438167029106,
431,1,1,0,0.4,0.1999999999999999,0.4677409276811737,
439,1,1,0,0.2,0.6,0.5776293864354316,
445,1,1,0,0.0,1.0,0.5019209169355874,
449,1,1,0,0.4,0.1999999999999999,0.49623553565167217,
460,1,1,0,0.0,1.0,0.5032955360414371,
468,1,1,0,0.25,0.5,0.7070725418932695,
470,1,1,0,0.0,1.0,0.6515421276539699,
476,1,1,0,0.0,1.0,0.7062871029573299,
477,1,1,0,0.0,1.0,0.3453498600462872,
478,1,1,0,0.0,1.0,0.2906241663519876,
480,1,1,1,0.5,0.0,0.7539369413215404,
483,1,1,0,0.25,0.5,0.5916317703926663,
485,1,1,1,0.5,0.0,0.6205767432153158,
488,1,1,1,0.5,0.0,0.6867044266237947,
490,1,1,0,0.25,0.5,0.4033521755734869,
493,1,1,0,0.0,1.0,0.5241604446278503,
494,1,1,1,0.8,0.6000000000000001,0.4924785991330209,
497,1,1,0,0.0,1.0,0.35680164233873213,
505,1,1,1,0.5,0.0,0.6717537751778553,
506,1,1,1,0.75,0.5,0.7125544003114896,
510,1,1,1,0.5,0.0,0.5909134700972101,
513,1,1,0,0.0,1.0,0.6109034418020791,
518,1,1,0,0.25,0.5,0.7007801761635831,
519,1,1,0,0.0,1.0,0.6750741203113448,
524,1,1,0,0.0,1.0,0.7503691978750946,
527,1,1,0,0.25,0.5,0.6874533313381641,
528,1,1,0,0.0,1.0,0.3769432775979418,
533,1,1,0,0.0,1.0,0.37124043722911826,
536,1,1,0,0.3333333333333333,0.3333333333333333,0.5497054683799042,
541,1,1,1,0.5,0.0,0.5379622739877392,
542,1,1,0,0.25,0.5,0.421294493055561,
544,1,1,1,0.5,0.0,0.6402684546971347,
554,1,1,1,0.5,0.0,0.7205783263157539,
556,1,1,0,0.1666666666666666,0.6666666666666667,0.5111181270603782,
564,1,1,1,0.5,0.0,0.7293684468030865,
576,1,1,1,0.5,0.0,0.620611170556743,
581,1,1,0,0.3333333333333333,0.3333333333333333,0.6314024111745312,
585,1,1,1,0.5,0.0,0.6124706623458177,
591,1,1,1,0.5,0.0,0.5596120666007804,
592,1,1,1,0.6,0.1999999999999999,0.5037148896257643,
598,1,1,0,0.3333333333333333,0.3333333333333333,0.7803574223095266,
620,1,1,1,0.75,0.5,0.5662428279876708,
622,1,1,1,0.75,0.5,0.5932123631879959,
628,1,1,0,0.0,1.0,0.48910425856269235,
637,1,1,1,0.5,0.0,0.4958653566124397,
645,1,1,1,0.75,0.5,0.6811186408957051,
647,1,1,1,0.5,0.0,0.7115731326404307,
658,1,1,0,0.1666666666666666,0.6666666666666667,0.7812919360025363,
659,1,1,1,0.6666666666666666,0.3333333333333332,0.5542837648487943,
668,1,1,0,0.1666666666666666,0.6666666666666667,0.7140906847806804,
670,1,1,1,0.5,0.0,0.5053479023483997,
679,1,1,0,0.4,0.1999999999999999,0.2451019629998599,
686,1,1,0,0.0,1.0,0.6385711561190627,
692,1,1,0,0.0,1.0,0.31695334020449334,
693,1,1,1,0.5,0.0,0.5367010279060427,
695,1,1,0,0.3333333333333333,0.3333333333333333,0.4465910604185456,
699,1,1,0,0.1666666666666666,0.6666666666666667,0.7822507699287944,
704,1,1,0,0.3333333333333333,0.3333333333333333,0.534761065444596,
706,1,1,1,0.6666666666666666,0.3333333333333332,0.5229373486931538,
712,1,1,0,0.1666666666666666,0.6666666666666667,0.4810219095973547,
729,1,1,0,0.4,0.1999999999999999,0.41359873058222973,
1,1,2,0,0.3333333333333333,0.3333333333333333,0.24781715835467222,
3,1,2,0,0.0,1.0,0.37384127127448497,
11,1,2,1,0.6,0.1999999999999999,0.21595933189188338,
18,1,2,1,0.6,0.1999999999999999,0.33964801888611074,
20,1,2,0,0.25,0.5,0.3614781680412375,
28,1,2,0,0.2,0.6,0.5082860228982766,
31,1,2,0,0.1666666666666666,0.6666666666666667,0.2200921590131551,
43,1,2,0,0.2,0.6,0.5745019736419652,
44,1,2,0,0.0,1.0,0.35278040408003974,
60,1,2,0,0.0,1.0,0.4344932877115995,
64,1,2,0,0.3333333333333333,0.3333333333333333,0.09765332137809869,
67,1,2,0,0.0,1.0,0.24551029206459868,
75,1,2,0,0.0,1.0,0.2997080675576514,
90,1,2,1,0.5,0.0,0.2143456364964907,
96,1,2,0,0.0,1.0,0.44765206382663614,
98,1,2,0,0.3333333333333333,0.3333333333333333,0.3962402021787714,
99,1,2,0,0.0,1.0,0.14298527377749312,
106,1,2,1,1.0,1.0,0.36068732784771373,
113,1,2,0,0.1111111111111111,0.7777777777777778,0.48694499065297203,
120,1,2,0,0.0,1.0,0.2886777728241193,
121,1,2,0,0.1111111111111111,0.7777777777777778,0.25552315917969587,
123,1,2,0,0.0,1.0,0.24776445590978446,
124,1,2,0,0.0,1.0,0.29584410109733894,
130,1,2,0,0.1111111111111111,0.7777777777777778,0.32871784918898284,
133,1,2,1,0.8888888888888888,0.7777777777777777,0.2377581974575262,
144,1,2,0,0.0,1.0,0.34987066944920486,
151,1,2,0,0.0,1.0,0.36426653456130176,
154,1,2,0,0.25,0.5,0.26911177477870674,
158,1,2,0,0.0,1.0,0.19428336219894154,
163,1,2,0,0.25,0.5,0.32890561423983455,
168,1,2,0,0.25,0.5,0.5332062762371372,
170,1,2,0,0.1666666666666666,0.6666666666666667,0.27171506134945556,
171,1,2,0,0.25,0.5,0.29107318464295096,
173,1,2,0,0.25,0.5,0.227606864031544,
176,1,2,0,0.0,1.0,0.23371041514632823,
181,1,2,1,0.5,0.0,0.25665478736835057,
182,1,2,0,0.0,1.0,0.6042304649508055,
191,1,2,0,0.0,1.0,0.3569749284716179,
192,1,2,0,0.0,1.0,0.3788690711352177,
197,1,2,0,0.0,1.0,0.5277160668892373,
199,1,2,0,0.25,0.5,0.3389873417062651,
201,1,2,0,0.25,0.5,0.3576006944178314,
204,1,2,0,0.4,0.1999999999999999,0.33827769890294773,
217,1,2,0,0.0,1.0,0.3395588497431783,
223,1,2,0,0.2,0.6,0.32309342914827394,
233,1,2,0,0.0,1.0,0.21326097483956877,
236,1,2,0,0.0,1.0,0.22396404430306321,
240,1,2,0,0.2,0.6,0.28832771675372804,
245,1,2,0,0.0,1.0,0.26007186761314927,
258,1,2,0,0.0,1.0,0.4452147478399239,
259,1,2,0,0.0,1.0,0.3434623905648616,
260,1,2,0,0.25,0.5,0.29807486018818874,
270,1,2,0,0.0,1.0,0.5317872508851215,
274,1,2,1,0.5,0.0,0.7027790337952657,
276,1,2,0,0.2,0.6,0.37667698766510904,
279,1,2,0,0.2,0.6,0.22499207535854832,
291,1,2,0,0.0,1.0,0.516456389193827,
294,1,2,0,0.0,1.0,0.3888870278449051,
309,1,2,1,0.8,0.6000000000000001,0.6029493335575571,
313,1,2,0,0.0,1.0,0.3210494350313584,
315,1,2,1,0.8,0.6000000000000001,0.3382643987812446,
321,1,2,1,0.6,0.1999999999999999,0.3686252602373366,
325,1,2,0,0.0,1.0,0.2887253155752285,
326,1,2,0,0.0,1.0,0.2555440956867814,
327,1,2,0,0.0,1.0,0.6335724949852026,
328,1,2,1,0.6,0.1999999999999999,0.21651926845010666,
330,1,2,0,0.4,0.1999999999999999,0.5387342166207287,
334,1,2,0,0.4,0.1999999999999999,0.5030079907456143,
344,1,2,0,0.2,0.6,0.47297569247730903,
349,1,2,0,0.0,1.0,0.15551213463131525,
362,1,2,1,0.75,0.5,0.5538863133240923,
363,1,2,0,0.0,1.0,0.5658296326992454,
366,1,2,0,0.0,1.0,0.5637116215353442,
368,1,2,1,0.5,0.0,0.5869560866093568,
391,1,2,0,0.0,1.0,0.1671143395400655,
397,1,2,1,0.75,0.5,0.6318340805068575,
404,1,2,1,0.6,0.1999999999999999,0.7720395436989258,
409,1,2,0,0.4,0.1999999999999999,0.7344525261340984,
411,1,2,0,0.2,0.6,0.6826294288141401,
415,1,2,0,0.0,1.0,0.5902265566162114,
416,1,2,0,0.0,1.0,0.656199277734576,
429,1,2,0,0.0,1.0,0.674908327777207,
435,1,2,0,0.4,0.1999999999999999,0.7390035966925008,
436,1,2,0,0.4,0.1999999999999999,0.5371898568813473,
437,1,2,1,0.6,0.1999999999999999,0.6475492298907868,
464,1,2,0,0.0,1.0,0.7518779679408202,
469,1,2,1,0.75,0.5,0.3265948249075489,
472,1,2,0,0.25,0.5,0.4610287985667861,
474,1,2,0,0.0,1.0,0.41024454800535815,
481,1,2,0,0.0,1.0,0.7342329683375282,
484,1,2,0,0.25,0.5,0.5593633966629805,
486,1,2,0,0.25,0.5,0.8542414071298905,
487,1,2,0,0.2,0.6,0.1158068140775787,
498,1,2,0,0.0,1.0,0.2941249327165124,
500,1,2,0,0.25,0.5,0.5993101167201957,
501,1,2,0,0.25,0.5,0.55381316853872,
502,1,2,1,0.75,0.5,0.49913025479377215,
516,1,2,0,0.0,1.0,0.46756490074234835,
526,1,2,0,0.0,1.0,0.5803989853237981,
534,1,2,1,0.75,0.5,0.5162831765285137,
539,1,2,0,0.25,0.5,0.6066838109559931,
543,1,2,1,0.5,0.0,0.6327624447545179,
545,1,2,0,0.25,0.5,0.37082846440175654,
547,1,2,1,0.5,0.0,0.6416047816934283,
555,1,2,0,0.3333333333333333,0.3333333333333333,0.7347612740229889,
557,1,2,0,0.3333333333333333,0.3333333333333333,0.48430292810487696,
558,1,2,1,0.5,0.0,0.7092306348892172,
567,1,2,0,0.3333333333333333,0.3333333333333333,0.6433299700680672,
571,1,2,1,0.5,0.0,0.3599180043419262,
573,1,2,0,0.3333333333333333,0.3333333333333333,0.6889368848499671,
575,1,2,1,0.5,0.0,0.7803435866157061,
582,1,2,1,0.5,0.0,0.6479338092307443,
587,1,2,1,0.8333333333333334,0.6666666666666667,0.5648257547675172,
595,1,2,1,0.8333333333333334,0.6666666666666667,0.5187511420482382,
597,1,2,0,0.0,1.0,0.21437312077882525,
600,1,2,0,0.1666666666666666,0.6666666666666667,0.5982079411543354,
613,1,2,0,0.0,1.0,0.7432702689258832,
615,1,2,1,0.75,0.5,0.6572761680747704,
621,1,2,1,0.5,0.0,0.6141609864815436,
623,1,2,1,0.5,0.0,0.6001140661081781,
629,1,2,1,0.5,0.0,0.7906790845204213,
638,1,2,0,0.25,0.5,0.5956733563724026,
642,1,2,1,0.75,0.5,0.6787639104601682,
649,1,2,1,0.5,0.0,0.5900597203081852,
651,1,2,0,0.3333333333333333,0.3333333333333333,0.43093051714661756,
653,1,2,1,0.5,0.0,0.36356226019038373,
655,1,2,1,0.6666666666666666,0.3333333333333332,0.5430217771271916,
657,1,2,1,0.5,0.0,0.49677049258719563,
661,1,2,1,0.8333333333333334,0.6666666666666667,0.7857771074552871,
663,1,2,0,0.3333333333333333,0.3333333333333333,0.666970212135469,
672,1,2,0,0.0,1.0,0.540375980636288,
678,1,2,0,0.3333333333333333,0.3333333333333333,0.2300431070239407,
680,1,2,0,0.0,1.0,0.25277104406497236,
687,1,2,0,0.3333333333333333,0.3333333333333333,0.5617455417828647,
688,1,2,0,0.1666666666666666,0.6666666666666667,0.3964728749102731,
690,1,2,0,0.0,1.0,0.6577513659131924,
691,1,2,0,0.1666666666666666,0.6666666666666667,0.5884684604191537,
708,1,2,0,0.0,1.0,0.47009104603385304,
711,1,2,1,0.6,0.1999999999999999,0.4257041790754671,
715,1,2,1,0.5,0.0,0.23485156736536617,
717,1,2,1,0.5,0.0,0.3977488084175562,
719,1,2,0,0.1666666666666666,0.6666666666666667,0.5081334844360151,
725,1,2,0,0.0,1.0,0.3636726879759739,
727,1,2,0,0.4,0.1999999999999999,0.5515244865140134,
731,1,2,0,0.0,1.0,0.34640473362054336,
732,1,2,0,0.0,1.0,0.3566356178763492,
739,1,2,0,0.3333333333333333,0.3333333333333333,0.32282258559703947,
2,1,3,0,0.4,0.1999999999999999,0.3153720988520125,
24,1,3,0,0.0,1.0,0.37429316214222047,
39,1,3,0,0.0,1.0,0.24897587128168203,
40,1,3,0,0.2,0.6,0.33142578455021277,
42,1,3,0,0.0,1.0,0.4318503452787576,
45,1,3,0,0.0,1.0,0.36693586137853607,
52,1,3,0,0.25,0.5,0.29421702826994456,
54,1,3,0,0.25,0.5,0.37101017449078766,
57,1,3,1,1.0,1.0,0.3763982349055872,
62,1,3,0,0.25,0.5,0.2664927170688858,
65,1,3,0,0.25,0.5,0.23329668921167127,
68,1,3,0,0.0,1.0,0.3011233170336597,
69,1,3,0,0.0,1.0,0.2717117333722576,
76,1,3,0,0.25,0.5,0.38524067321342625,
77,1,3,0,0.25,0.5,0.3335874692769554,
78,1,3,0,0.0,1.0,0.18478062031666148,
83,1,3,0,0.25,0.5,0.5816617700170841,
84,1,3,0,0.3333333333333333,0.3333333333333333,0.45047391329420233,
92,1,3,0,0.0,1.0,0.36569735175004237,
103,1,3,0,0.1111111111111111,0.7777777777777778,0.43438642787279547,
110,1,3,0,0.0,1.0,0.4355840103789944,
119,1,3,0,0.1111111111111111,0.7777777777777778,0.47522503386811854,
126,1,3,0,0.2222222222222222,0.5555555555555556,0.46322683494033023,
131,1,3,0,0.0,1.0,0.403019027469774,
132,1,3,0,0.2222222222222222,0.5555555555555556,0.2836860600751732,
136,1,3,0,0.3333333333333333,0.3333333333333333,0.40747954985153917,
137,1,3,1,0.6666666666666666,0.3333333333333332,0.2675156844781938,
152,1,3,0,0.0,1.0,0.16703289481281816,
153,1,3,0,0.0,1.0,0.3560066833140523,
155,1,3,0,0.25,0.5,0.4134337291053809,
157,1,3,0,0.25,0.5,0.2689775119463781,
177,1,3,0,0.0,1.0,0.3821081693089041,
186,1,3,0,0.0,1.0,0.3921012410568697,
202,1,3,1,0.6,0.1999999999999999,0.35193705605058845,
203,1,3,0,0.2,0.6,0.20143636837175571,
206,1,3,1,0.5,0.0,0.2730415269502785,
207,1,3,0,0.2,0.6,0.29417276163751344,
208,1,3,0,0.0,1.0,0.16571183975851173,
211,1,3,1,0.6,0.1999999999999999,0.5153003560389857,
215,1,3,0,0.2,0.6,0.22378418006584555,
219,1,3,0,0.0,1.0,0.24673443639135645,
220,1,3,0,0.4,0.1999999999999999,0.2563044842053894,
221,1,3,1,0.8,0.6000000000000001,0.2651700542570505,
229,1,3,0,0.0,1.0,0.4423207126041776,
238,1,3,0,0.25,0.5,0.1593761756584885,
246,1,3,0,0.4,0.1999999999999999,0.4631659508647603,
252,1,3,0,0.0,1.0,0.34307973457256474,
261,1,3,0,0.25,0.5,0.3174897664948571,
265,1,3,1,0.5,0.0,0.46993871974675994,
266,1,3,0,0.25,0.5,0.33962146646595054,
268,1,3,1,0.5,0.0,0.22352957419147806,
282,1,3,0,0.25,0.5,0.448136549035386,
286,1,3,0,0.2,0.6,0.3746641908010255,
289,1,3,1,0.5,0.0,0.46621448762415585,
298,1,3,0,0.25,0.5,0.489108788421608,
300,1,3,0,0.0,1.0,0.35878055430121364,
307,1,3,0,0.4,0.1999999999999999,0.40839453920595314,
308,1,3,0,0.4,0.1999999999999999,0.48506097427973566,
310,1,3,0,0.2,0.6,0.4461387096715382,
316,1,3,0,0.4,0.1999999999999999,0.34780080289940096,
318,1,3,0,0.4,0.1999999999999999,0.34708146108476845,
319,1,3,0,0.2,0.6,0.3271609259029167,
322,1,3,1,0.6,0.1999999999999999,0.5811058157688902,
323,1,3,0,0.0,1.0,0.45355614266392363,
329,1,3,0,0.0,1.0,0.3520958477729831,
331,1,3,0,0.0,1.0,0.3071515341721617,
336,1,3,0,0.4,0.1999999999999999,0.4535331590645171,
338,1,3,0,0.4,0.1999999999999999,0.4995873457367679,
354,1,3,0,0.25,0.5,0.5129805398137409,
365,1,3,0,0.25,0.5,0.5546950302714742,
370,1,3,0,0.0,1.0,0.2547487812714724,
374,1,3,1,0.5,0.0,0.5619087279241717,
376,1,3,1,0.5,0.0,0.521963123598497,
382,1,3,1,0.5,0.0,0.38597326041981306,
383,1,3,0,0.0,1.0,0.25175541624358877,
384,1,3,0,0.25,0.5,0.4901297392488482,
394,1,3,1,0.5,0.0,0.6519909246412096,
395,1,3,1,0.5,0.0,0.7093211301729425,
398,1,3,0,0.25,0.5,0.6664994270384681,
403,1,3,0,0.0,1.0,0.1783060628569215,
417,1,3,0,0.2,0.6,0.6605705295407289,
419,1,3,0,0.4,0.1999999999999999,0.4840524178379747,
426,1,3,1,0.8,0.6000000000000001,0.526647208340089,
440,1,3,0,0.0,1.0,0.6490344068571706,
443,1,3,0,0.0,1.0,0.28145270403942635,
447,1,3,0,0.0,1.0,0.5198134970317588,
451,1,3,0,0.25,0.5,0.4957007130315195,
465,1,3,1,0.5,0.0,0.7280876703973308,
466,1,3,1,0.5,0.0,0.6597127763598754,
467,1,3,1,1.0,1.0,0.7865376325470648,
471,1,3,0,0.0,1.0,0.8505849488946158,
495,1,3,0,0.0,1.0,0.698820683167688,
496,1,3,1,0.75,0.5,0.5272485198174421,
499,1,3,0,0.0,1.0,0.5185122607558156,
503,1,3,0,0.0,1.0,0.49920979022961187,
509,1,3,0,0.25,0.5,0.422529161345279,
514,1,3,1,0.75,0.5,0.6674893054543274,
520,1,3,1,0.5,0.0,0.4760025135441066,
521,1,3,1,0.75,0.5,0.6137463644164267,
522,1,3,0,0.25,0.5,0.37253080793369786,
523,1,3,0,0.25,0.5,0.5265805586582246,
529,1,3,1,0.5,0.0,0.3947686617749665,
530,1,3,1,0.5,0.0,0.3896993040908614,
535,1,3,0,0.25,0.5,0.6607745309319117,
546,1,3,1,0.5,0.0,0.44069249731540633,
552,1,3,1,0.6666666666666666,0.3333333333333332,0.5432571562774702,
568,1,3,1,1.0,1.0,0.5235168641116432,
570,1,3,1,0.6666666666666666,0.3333333333333332,0.7091571826757223,
574,1,3,0,0.3333333333333333,0.3333333333333333,0.501946589079955,
583,1,3,1,0.5,0.0,0.7999558364435653,
588,1,3,0,0.1666666666666666,0.6666666666666667,0.6598786347393322,
590,1,3,0,0.3333333333333333,0.3333333333333333,0.6890176108393995,
594,1,3,0,0.0,1.0,0.43314941256226336,
603,1,3,1,0.5,0.0,0.5022093752733963,
610,1,3,0,0.25,0.5,0.6900335669314577,
612,1,3,0,0.0,1.0,0.19450161093275392,
617,1,3,1,0.5,0.0,0.692784686869558,
619,1,3,0,0.25,0.5,0.7150307483374025,
624,1,3,0,0.25,0.5,0.43323798105608025,
627,1,3,1,0.75,0.5,0.7121220081553234,
631,1,3,0,0.0,1.0,0.5307303664171165,
633,1,3,1,0.5,0.0,0.7048764022133364,
634,1,3,0,0.25,0.5,0.45644890026767326,
636,1,3,0,0.0,1.0,0.49712249412215126,
650,1,3,0,0.0,1.0,0.28160619991173225,
652,1,3,0,0.0,1.0,0.2418551399924686,
654,1,3,0,0.1666666666666666,0.6666666666666667,0.5056013943978642,
656,1,3,1,0.6666666666666666,0.3333333333333332,0.5867069057989697,
664,1,3,1,0.6666666666666666,0.3333333333333332,0.659201908498513,
665,1,3,0,0.1666666666666666,0.6666666666666667,0.5775350015951803,
667,1,3,0,0.3333333333333333,0.3333333333333333,0.5914613658609733,
669,1,3,0,0.3333333333333333,0.3333333333333333,0.5847835883749861,
673,1,3,0,0.3333333333333333,0.3333333333333333,0.3229141483170467,
677,1,3,1,0.6666666666666666,0.3333333333333332,0.5153302446120185,
681,1,3,0,0.1666666666666666,0.6666666666666667,0.6380321437137035,
683,1,3,1,0.8333333333333334,0.6666666666666667,0.6319593382449499,
689,1,3,0,0.0,1.0,0.2464018959672281,
702,1,3,0,0.1666666666666666,0.6666666666666667,0.5381332821703779,
713,1,3,1,0.6,0.1999999999999999,0.4882381207704388,
714,1,3,0,0.3333333333333333,0.3333333333333333,0.35763667412632905,
720,1,3,0,0.0,1.0,0.4495309679362893,
721,1,3,0,0.3333333333333333,0.3333333333333333,0.6060124219726326,
722,1,3,0,0.2,0.6,0.2923979298190543,
723,1,3,0,0.1666666666666666,0.6666666666666667,0.5075292531516855,
726,1,3,0,0.0,1.0,0.5838048640297927,
738,1,3,0,0.3333333333333333,0.3333333333333333,0.483201169497718,
742,1,3,1,0.5,0.0,0.5330898871786656,
4,1,4,1,0.6,0.1999999999999999,0.6112777154391732,
7,1,4,1,0.6,0.1999999999999999,0.6095443668112185,
15,1,4,0,0.4,0.1999999999999999,0.32811337997729473,
27,1,4,0,0.2,0.6,0.319183672344891,
35,1,4,1,0.5,0.0,0.38808629363971375,
38,1,4,0,0.0,1.0,0.6002415488474917,
47,1,4,0,0.25,0.5,0.29563173158574596,
48,1,4,1,0.6,0.1999999999999999,0.22384081950767626,
53,1,4,0,0.1666666666666666,0.6666666666666667,0.42901716502863657,
55,1,4,0,0.0,1.0,0.25610032814189415,
58,1,4,0,0.25,0.5,0.3326138315380597,
59,1,4,0,0.25,0.5,0.27623573773563603,
61,1,4,0,0.2,0.6,0.4717433076902894,
73,1,4,0,0.0,1.0,0.19962016507516,
74,1,4,0,0.0,1.0,0.36452398368358807,
80,1,4,0,0.0,1.0,0.3202154699858356,
87,1,4,0,0.0,1.0,0.4555605744422005,
97,1,4,0,0.25,0.5,0.2749882203779326,
100,1,4,0,0.25,0.5,0.5188993702110855,
104,1,4,0,0.1111111111111111,0.7777777777777778,0.38312853973760624,
105,1,4,0,0.0,1.0,0.37493964873955604,
107,1,4,0,0.1111111111111111,0.7777777777777778,0.32529793791204087,
111,1,4,0,0.1111111111111111,0.7777777777777778,0.44118910971467196,
112,1,4,0,0.125,0.75,0.31461506056945104,
116,1,4,0,0.0,1.0,0.30053460852042074,
125,1,4,0,0.125,0.75,0.2488943056846596,
134,1,4,0,0.1111111111111111,0.7777777777777778,0.33365469584986973,
135,1,4,0,0.1666666666666666,0.6666666666666667,0.305435290983165,
143,1,4,1,0.5555555555555556,0.1111111111111111,0.5018949091294397,
146,1,4,1,0.8888888888888888,0.7777777777777777,0.25176548935625426,
147,1,4,0,0.0,1.0,0.4028255585686926,
148,1,4,0,0.1111111111111111,0.7777777777777778,0.16000875533263553,
162,1,4,0,0.2,0.6,0.28710435902910514,
164,1,4,0,0.0,1.0,0.2549450679556634,
165,1,4,0,0.0,1.0,0.4979880292629143,
167,1,4,0,0.0,1.0,0.40795594147068415,
169,1,4,0,0.0,1.0,0.4164200818298069,
172,1,4,0,0.0,1.0,0.24302472609071193,
174,1,4,1,0.5,0.0,0.36806688605735327,
178,1,4,0,0.0,1.0,0.48224580253210125,
183,1,4,0,0.0,1.0,0.38818317041036127,
185,1,4,0,0.25,0.5,0.2996012711270466,
189,1,4,1,0.5,0.0,0.3260176027757138,
190,1,4,0,0.25,0.5,0.27556643854804175,
214,1,4,0,0.2,0.6,0.40573027221198443,
224,1,4,0,0.4,0.1999999999999999,0.3075664474578784,
228,1,4,0,0.2,0.6,0.36027802882398785,
242,1,4,1,0.6,0.1999999999999999,0.3489693072719041,
244,1,4,1,0.6,0.1999999999999999,0.4088405571646785,
253,1,4,0,0.0,1.0,0.3715864929102179,
254,1,4,0,0.25,0.5,0.36218174431340455,
255,1,4,0,0.25,0.5,0.2645392092729854,
269,1,4,1,0.5,0.0,0.2829898590650247,
281,1,4,0,0.0,1.0,0.4881592567060997,
283,1,4,0,0.25,0.5,0.5487030959447468,
290,1,4,0,0.0,1.0,0.5569219092757709,
295,1,4,0,0.0,1.0,0.22517213915895368,
296,1,4,0,0.0,1.0,0.3892360220350749,
302,1,4,0,0.0,1.0,0.28203575455179464,
303,1,4,0,0.0,1.0,0.30327161808332703,
306,1,4,0,0.0,1.0,0.392888607897075,
311,1,4,0,0.4,0.1999999999999999,0.20775898645081808,
337,1,4,0,0.0,1.0,0.32450959093897624,
340,1,4,1,0.6,0.1999999999999999,0.31659312411347873,
345,1,4,0,0.0,1.0,0.15985858739013872,
348,1,4,0,0.4,0.1999999999999999,0.8489816052994814,
359,1,4,0,0.25,0.5,0.691777705652876,
361,1,4,0,0.0,1.0,0.17450854028868357,
364,1,4,1,0.5,0.0,0.4912876310550951,
367,1,4,0,0.25,0.5,0.6599070000298459,
371,1,4,0,0.25,0.5,0.5350276101682463,
372,1,4,0,0.25,0.5,0.3936489957775642,
377,1,4,0,0.25,0.5,0.4160329047751681,
379,1,4,1,0.75,0.5,0.49987363802422735,
381,1,4,1,0.75,0.5,0.4650533046956093,
392,1,4,1,0.5,0.0,0.7893204669676249,
400,1,4,1,0.5,0.0,0.7252743418572336,
410,1,4,1,0.6,0.1999999999999999,0.7499941673235202,
413,1,4,0,0.0,1.0,0.5293134638986821,
418,1,4,0,0.0,1.0,0.5748220085137483,
421,1,4,0,0.2,0.6,0.3997054051553798,
422,1,4,1,0.6,0.1999999999999999,0.5237594173715896,
424,1,4,1,0.6,0.1999999999999999,0.5235652946376461,
427,1,4,1,0.6,0.1999999999999999,0.6138867113283766,
430,1,4,1,0.6,0.1999999999999999,0.6052307468210885,
432,1,4,0,0.2,0.6,0.5655171855073602,
434,1,4,0,0.0,1.0,0.5108946897971591,
438,1,4,0,0.1666666666666666,0.6666666666666667,0.598531000570586,
441,1,4,0,0.2,0.6,0.6427305709505542,
442,1,4,1,0.8,0.6000000000000001,0.4244684770594322,
446,1,4,0,0.2,0.6,0.6782849527487034,
448,1,4,0,0.0,1.0,0.3674168690857503,
452,1,4,0,0.25,0.5,0.5532414344549995,
453,1,4,0,0.25,0.5,0.639389211598328,
456,1,4,1,0.5,0.0,0.6574598283085168,
458,1,4,0,0.0,1.0,0.6269745256432905,
459,1,4,0,0.25,0.5,0.4124418753752342,
461,1,4,1,0.5,0.0,0.6924093471301865,
463,1,4,0,0.25,0.5,0.6640844849492042,
473,1,4,0,0.25,0.5,0.556613630507536,
491,1,4,1,0.5,0.0,0.7261854086258337,
492,1,4,0,0.3333333333333333,0.3333333333333333,0.34437763499634577,
504,1,4,1,0.75,0.5,0.5870016058196813,
508,1,4,1,0.75,0.5,0.45337297724834597,
512,1,4,1,1.0,1.0,0.7471375903135768,
517,1,4,0,0.25,0.5,0.6090189686693614,
532,1,4,0,0.0,1.0,0.22729040138401183,
548,1,4,1,0.5,0.0,0.37105420730209676,
550,1,4,0,0.0,1.0,0.5957447112557359,
561,1,4,1,0.5,0.0,0.528596821059924,
562,1,4,0,0.3333333333333333,0.3333333333333333,0.7558565844277967,
565,1,4,0,0.3333333333333333,0.3333333333333333,0.6502289821441464,
566,1,4,0,0.1666666666666666,0.6666666666666667,0.6037311220582675,
569,1,4,0,0.1666666666666666,0.6666666666666667,0.6442072332733034,
572,1,4,1,0.8333333333333334,0.6666666666666667,0.43612671160077976,
578,1,4,1,0.5,0.0,0.5718426202806899,
586,1,4,1,0.6666666666666666,0.3333333333333332,0.5272130967290636,
596,1,4,1,0.5,0.0,0.5902879478066121,
599,1,4,0,0.0,1.0,0.5703831040348928,
601,1,4,0,0.0,1.0,0.2623312656881083,
605,1,4,1,0.5,0.0,0.6508222607318507,
606,1,4,0,0.25,0.5,0.4257158019931131,
608,1,4,0,0.0,1.0,0.7508617843075751,
609,1,4,0,0.25,0.5,0.6047238499872959,
614,1,4,1,0.75,0.5,0.6570497852875564,
625,1,4,0,0.0,1.0,0.50160719372826,
640,1,4,1,0.75,0.5,0.7496697189314973,
643,1,4,1,0.5,0.0,0.678629754320353,
644,1,4,0,0.25,0.5,0.6265016797023937,
662,1,4,0,0.0,1.0,0.24259674828263267,
671,1,4,0,0.3333333333333333,0.3333333333333333,0.63884029081894,
675,1,4,0,0.3333333333333333,0.3333333333333333,0.4942746667388379,
676,1,4,0,0.1666666666666666,0.6666666666666667,0.46616961204719165,
682,1,4,0,0.1666666666666666,0.6666666666666667,0.5800978629620746,
685,1,4,0,0.0,1.0,0.40544143714138925,
694,1,4,0,0.3333333333333333,0.3333333333333333,0.49588727021075063,
700,1,4,1,0.5,0.0,0.5890824180362038,
701,1,4,0,0.1666666666666666,0.6666666666666667,0.6157185341311386,
705,1,4,1,0.5,0.0,0.37891785056135685,
709,1,4,0,0.3333333333333333,0.3333333333333333,0.3872393788706995,
724,1,4,0,0.2,0.6,0.4166974607917417,
730,1,4,0,0.3333333333333333,0.3333333333333333,0.28454764129531784,
733,1,4,0,0.1666666666666666,0.6666666666666667,0.3436956237749367,
736,1,4,0,0.0,1.0,0.412320937360861,
737,1,4,0,0.1666666666666666,0.6666666666666667,0.35368830852745387,
740,1,4,0,0.1666666666666666,0.6666666666666667,0.3469348029771888,
741,1,4,0,0.2,0.6,0.557083584515653,
1,2,0,0,0.3333333333333333,0.3333333333333333,0.27115942825866823,
4,2,0,1,0.6,0.1999999999999999,0.533794235839149,
6,2,0,0,0.2,0.6,0.28256505794784004,
10,2,0,0,0.0,1.0,0.18920830922014903,
12,2,0,0,0.4,0.1999999999999999,0.3989728189550742,
18,2,0,1,0.6,0.1999999999999999,0.325599410566917,
25,2,0,0,0.2,0.6,0.3248804932440644,
33,2,0,0,0.4,0.1999999999999999,0.21488636603990657,
38,2,0,0,0.0,1.0,0.6242427011512575,
44,2,0,0,0.0,1.0,0.42020936512454765,
48,2,0,1,0.6,0.1999999999999999,0.24459650461813015,
57,2,0,1,1.0,1.0,0.34205888673983764,
60,2,0,0,0.0,1.0,0.4835292960205204,
62,2,0,0,0.25,0.5,0.2820062871187908,
70,2,0,0,0.0,1.0,0.36908042591773826,
73,2,0,0,0.0,1.0,0.17429512790988247,
74,2,0,0,0.0,1.0,0.44837826392884017,
80,2,0,0,0.0,1.0,0.3270515120247785,
81,2,0,0,0.0,1.0,0.2606029253239929,
84,2,0,0,0.3333333333333333,0.3333333333333333,0.4025387060222627,
91,2,0,0,0.25,0.5,0.21754683120817697,
98,2,0,0,0.3333333333333333,0.3333333333333333,0.4130352605501142,
104,2,0,0,0.1111111111111111,0.7777777777777778,0.38048307095359163,
108,2,0,0,0.25,0.5,0.4203694802278115,
114,2,0,0,0.1111111111111111,0.7777777777777778,0.529799780270755,
118,2,0,0,0.0,1.0,0.4957110724012429,
133,2,0,1,0.8888888888888888,0.7777777777777777,0.2779005393711326,
134,2,0,0,0.1111111111111111,0.7777777777777778,0.3716067466038837,
136,2,0,0,0.3333333333333333,0.3333333333333333,0.4488821572133189,
139,2,0,0,0.0,1.0,0.4204112332557837,
141,2,0,0,0.0,1.0,0.49173323314778533,
144,2,0,0,0.0,1.0,0.3940068404674869,
152,2,0,0,0.0,1.0,0.20003343344997943,
162,2,0,0,0.2,0.6,0.28247144163146065,
165,2,0,0,0.0,1.0,0.5005144339182654,
171,2,0,0,0.25,0.5,0.37603775098418074,
173,2,0,0,0.25,0.5,0.31008457546927637,
182,2,0,0,0.0,1.0,0.48147210174476135,
185,2,0,0,0.25,0.5,0.36174685517506056,
188,2,0,0,0.0,1.0,0.40296588252771937,
191,2,0,0,0.0,1.0,0.37503925102049696,
203,2,0,0,0.2,0.6,0.21393953201408278,
222,2,0,0,0.2,0.6,0.3817017266265528,
244,2,0,1,0.6,0.1999999999999999,0.4699764339100714,
248,2,0,0,0.4,0.1999999999999999,0.3107260584113941,
250,2,0,0,0.4,0.1999999999999999,0.415464512709923,
253,2,0,0,0.0,1.0,0.4347127217611485,
255,2,0,0,0.25,0.5,0.19401069616919298,
257,2,0,0,0.25,0.5,0.3299378588394514,
261,2,0,0,0.25,0.5,0.40414669161393185,
263,2,0,0,0.2,0.6,0.27935535494674935,
265,2,0,1,0.5,0.0,0.5566766604202391,
272,2,0,1,0.5,0.0,0.5740977826598158,
273,2,0,1,0.5,0.0,0.2908027847196718,
276,2,0,0,0.2,0.6,0.45143683380411886,
288,2,0,1,0.75,0.5,0.3239425776723544,
322,2,0,1,0.6,0.1999999999999999,0.5587099283389375,
324,2,0,0,0.2,0.6,0.5901657834179721,
326,2,0,0,0.0,1.0,0.2504079969758075,
327,2,0,0,0.0,1.0,0.5752707508541777,
328,2,0,1,0.6,0.1999999999999999,0.2239188397377612,
331,2,0,0,0.0,1.0,0.36242528612034497,
339,2,0,0,0.0,1.0,0.45013854366094885,
343,2,0,1,0.8,0.6000000000000001,0.5256515774652107,
345,2,0,0,0.0,1.0,0.1678736429190798,
346,2,0,1,0.6,0.1999999999999999,0.6521241751022375,
352,2,0,0,0.25,0.5,0.43425501309862824,
353,2,0,0,0.0,1.0,0.5472960962509776,
357,2,0,1,0.5,0.0,0.5118427020814134,
363,2,0,0,0.0,1.0,0.513122083259784,
367,2,0,0,0.25,0.5,0.6187746723823582,
371,2,0,0,0.25,0.5,0.5591273530598613,
373,2,0,0,0.0,1.0,0.5245285205674719,
375,2,0,1,0.5,0.0,0.5315575006696662,
387,2,0,0,0.0,1.0,0.2602403946760846,
392,2,0,1,0.5,0.0,0.7618354721386338,
393,2,0,0,0.25,0.5,0.5663976547345926,
394,2,0,1,0.5,0.0,0.6455425531553112,
395,2,0,1,0.5,0.0,0.6896378148226904,
398,2,0,0,0.25,0.5,0.6856988860473251,
402,2,0,1,0.6,0.1999999999999999,0.36626308447954553,
412,2,0,1,1.0,1.0,0.6601360743507716,
414,2,0,1,0.6,0.1999999999999999,0.6180448355339857,
416,2,0,0,0.0,1.0,0.6060099486266606,
421,2,0,0,0.2,0.6,0.4030479904780092,
428,2,0,1,0.6,0.1999999999999999,0.47221948635465394,
432,2,0,0,0.2,0.6,0.5789035352882532,
435,2,0,0,0.4,0.1999999999999999,0.731323836721419,
438,2,0,0,0.1666666666666666,0.6666666666666667,0.577616375363768,
442,2,0,1,0.8,0.6000000000000001,0.5151248283542276,
444,2,0,0,0.2,0.6,0.6366033638336979,
460,2,0,0,0.0,1.0,0.49050070293207704,
465,2,0,1,0.5,0.0,0.7395270338123283,
470,2,0,0,0.0,1.0,0.6648817722889657,
471,2,0,0,0.0,1.0,0.836615560147433,
474,2,0,0,0.0,1.0,0.368330656796534,
475,2,0,0,0.25,0.5,0.5480906251817562,
476,2,0,0,0.0,1.0,0.7315954180656801,
485,2,0,1,0.5,0.0,0.6278755840704906,
489,2,0,0,0.0,1.0,0.6521189237646142,
493,2,0,0,0.0,1.0,0.4728289935896898,
498,2,0,0,0.0,1.0,0.25785062801076986,
505,2,0,1,0.5,0.0,0.640263658867821,
506,2,0,1,0.75,0.5,0.7032592610667436,
515,2,0,0,0.25,0.5,0.47659242867160045,
517,2,0,0,0.25,0.5,0.6195673656825775,
525,2,0,0,0.2,0.6,0.14055235354146234,
526,2,0,0,0.0,1.0,0.5465227944457229,
531,2,0,1,0.75,0.5,0.666131074029513,
533,2,0,0,0.0,1.0,0.2687198483303619,
534,2,0,1,0.75,0.5,0.5398692223195353,
535,2,0,0,0.25,0.5,0.7321576484910053,
545,2,0,0,0.25,0.5,0.4279785874350528,
547,2,0,1,0.5,0.0,0.5424405072932739,
548,2,0,1,0.5,0.0,0.3633212187924414,
549,2,0,0,0.0,1.0,0.29192007555694577,
552,2,0,1,0.6666666666666666,0.3333333333333332,0.628931545123101,
563,2,0,0,0.0,1.0,0.6838399849884792,
571,2,0,1,0.5,0.0,0.4467494614422482,
573,2,0,0,0.3333333333333333,0.3333333333333333,0.6786486222916327,
577,2,0,0,0.1666666666666666,0.6666666666666667,0.5635844249652064,
581,2,0,0,0.3333333333333333,0.3333333333333333,0.5235487201726353,
583,2,0,1,0.5,0.0,0.7957474456019944,
584,2,0,1,0.6666666666666666,0.3333333333333332,0.6716194790809406,
588,2,0,0,0.1666666666666666,0.6666666666666667,0.6865144799885705,
594,2,0,0,0.0,1.0,0.4937974399538436,
601,2,0,0,0.0,1.0,0.2948973179004969,
606,2,0,0,0.25,0.5,0.3009602070122307,
615,2,0,1,0.75,0.5,0.6679082941201132,
620,2,0,1,0.75,0.5,0.6249440067195413,
652,2,0,0,0.0,1.0,0.2592836984992264,
655,2,0,1,0.6666666666666666,0.3333333333333332,0.5286544555933087,
656,2,0,1,0.6666666666666666,0.3333333333333332,0.6506680867441287,
660,2,0,0,0.1666666666666666,0.6666666666666667,0.5592651274121543,
661,2,0,1,0.8333333333333334,0.6666666666666667,0.8369657375562114,
662,2,0,0,0.0,1.0,0.21947359284164136,
674,2,0,0,0.3333333333333333,0.3333333333333333,0.540470039822081,
680,2,0,0,0.0,1.0,0.26282498777998325,
684,2,0,0,0.0,1.0,0.5876148955811742,
689,2,0,0,0.0,1.0,0.25007993580228394,
699,2,0,0,0.1666666666666666,0.6666666666666667,0.753259048359101,
701,2,0,0,0.1666666666666666,0.6666666666666667,0.6556651840142496,
721,2,0,0,0.3333333333333333,0.3333333333333333,0.5909671594439092,
723,2,0,0,0.1666666666666666,0.6666666666666667,0.4704707603489092,
737,2,0,0,0.1666666666666666,0.6666666666666667,0.2950157315271896,
739,2,0,0,0.3333333333333333,0.3333333333333333,0.3659100107085349,
742,2,0,1,0.5,0.0,0.5806259371645066,
13,2,1,0,0.2,0.6,0.3550456393602223,
14,2,1,0,0.2,0.6,0.4163497092405432,
16,2,1,1,0.6,0.1999999999999999,0.22129680964277268,
20,2,1,0,0.25,0.5,0.31071694033043196,
29,2,1,0,0.2,0.6,0.43774916559669874,
34,2,1,0,0.1666666666666666,0.6666666666666667,0.5531985260358372,
35,2,1,1,0.5,0.0,0.3695347260773095,
46,2,1,0,0.4,0.1999999999999999,0.49001561046713527,
67,2,1,0,0.0,1.0,0.2625315205908683,
82,2,1,0,0.25,0.5,0.3620354470203598,
83,2,1,0,0.25,0.5,0.5248423198428748,
85,2,1,0,0.25,0.5,0.4432366240906252,
88,2,1,1,0.5,0.0,0.2096419988175236,
93,2,1,0,0.0,1.0,0.2391020376608125,
103,2,1,0,0.1111111111111111,0.7777777777777778,0.3854928029628628,
116,2,1,0,0.0,1.0,0.2358519275296184,
122,2,1,0,0.0,1.0,0.2609778214458922,
123,2,1,0,0.0,1.0,0.2431519652475363,
124,2,1,0,0.0,1.0,0.38053578232810803,
127,2,1,1,0.6666666666666666,0.3333333333333332,0.25596445081227315,
128,2,1,0,0.1111111111111111,0.7777777777777778,0.20985666450850063,
131,2,1,0,0.0,1.0,0.3647590781082503,
132,2,1,0,0.2222222222222222,0.5555555555555556,0.26905709247101883,
143,2,1,1,0.5555555555555556,0.1111111111111111,0.505909298489335,
149,2,1,0,0.3333333333333333,0.3333333333333333,0.20837778490718112,
153,2,1,0,0.0,1.0,0.31898539632974443,
157,2,1,0,0.25,0.5,0.2869759889479265,
159,2,1,0,0.0,1.0,0.2513050952170491,
176,2,1,0,0.0,1.0,0.22109144434398537,
181,2,1,1,0.5,0.0,0.23319035954901499,
184,2,1,0,0.0,1.0,0.272477486404267,
190,2,1,0,0.25,0.5,0.2261592609136165,
196,2,1,1,0.5,0.0,0.41731091095374073,
198,2,1,0,0.0,1.0,0.4151566045562475,
199,2,1,0,0.25,0.5,0.2645878171071073,
207,2,1,0,0.2,0.6,0.2571432867677294,
208,2,1,0,0.0,1.0,0.1537514016761727,
212,2,1,0,0.2,0.6,0.3498907626942873,
216,2,1,0,0.0,1.0,0.5254599642152183,
224,2,1,0,0.4,0.1999999999999999,0.3165255245270519,
227,2,1,1,1.0,1.0,0.47305131470104717,
229,2,1,0,0.0,1.0,0.46039828064027577,
235,2,1,0,0.0,1.0,0.38315861565739645,
240,2,1,0,0.2,0.6,0.34478951966080795,
245,2,1,0,0.0,1.0,0.23811141048122084,
247,2,1,0,0.2,0.6,0.48913506809545726,
258,2,1,0,0.0,1.0,0.42004416604394534,
262,2,1,1,0.5,0.0,0.4389661934358078,
277,2,1,1,0.5,0.0,0.5556736794886239,
278,2,1,0,0.25,0.5,0.2923842127064389,
279,2,1,0,0.2,0.6,0.2346956241412222,
285,2,1,0,0.4,0.1999999999999999,0.34351438235570547,
287,2,1,0,0.25,0.5,0.47693183604614264,
291,2,1,0,0.0,1.0,0.49291449373167706,
292,2,1,0,0.25,0.5,0.6821476766134767,
293,2,1,1,0.5,0.0,0.37788636424908933,
295,2,1,0,0.0,1.0,0.23378119092122973,
300,2,1,0,0.0,1.0,0.42248099136071615,
304,2,1,1,0.8,0.6000000000000001,0.5757134481248827,
307,2,1,0,0.4,0.1999999999999999,0.39089831531570585,
309,2,1,1,0.8,0.6000000000000001,0.562991209187554,
318,2,1,0,0.4,0.1999999999999999,0.40484648415116065,
347,2,1,0,0.4,0.1999999999999999,0.6996491543370782,
349,2,1,0,0.0,1.0,0.21291334681131252,
351,2,1,0,0.0,1.0,0.48273236710073764,
358,2,1,0,0.25,0.5,0.5457760406711403,
359,2,1,0,0.25,0.5,0.6440633124076975,
360,2,1,0,0.25,0.5,0.44730538784584994,
372,2,1,0,0.25,0.5,0.49605389981575565,
374,2,1,1,0.5,0.0,0.5271190389187661,
381,2,1,1,0.75,0.5,0.42766806136923824,
382,2,1,1,0.5,0.0,0.40930705524770505,
383,2,1,0,0.0,1.0,0.2501851301669309,
384,2,1,0,0.25,0.5,0.5207998953629269,
389,2,1,0,0.25,0.5,0.5329092892553007,
399,2,1,0,0.25,0.5,0.36568624515473735,
401,2,1,0,0.2,0.6,0.5474489087808356,
405,2,1,0,0.0,1.0,0.6053781826618805,
420,2,1,0,0.0,1.0,0.23730501178439106,
427,2,1,1,0.6,0.1999999999999999,0.6819967550249316,
430,2,1,1,0.6,0.1999999999999999,0.5878606413468832,
431,2,1,0,0.4,0.1999999999999999,0.4303615089064603,
433,2,1,0,0.0,1.0,0.5129823227160046,
447,2,1,0,0.0,1.0,0.5219122760617159,
456,2,1,1,0.5,0.0,0.7302560696345195,
458,2,1,0,0.0,1.0,0.6730099440571896,
461,2,1,1,0.5,0.0,0.7580941939901469,
464,2,1,0,0.0,1.0,0.7221732084326611,
477,2,1,0,0.0,1.0,0.338557221663375,
488,2,1,1,0.5,0.0,0.6403088765069327,
492,2,1,0,0.3333333333333333,0.3333333333333333,0.37010573809001196,
503,2,1,0,0.0,1.0,0.5677982568177651,
508,2,1,1,0.75,0.5,0.4271098864367481,
509,2,1,0,0.25,0.5,0.4571092083202648,
510,2,1,1,0.5,0.0,0.5683663754083246,
520,2,1,1,0.5,0.0,0.46130102398223366,
521,2,1,1,0.75,0.5,0.5778740885729654,
524,2,1,0,0.0,1.0,0.7703649415226619,
528,2,1,0,0.0,1.0,0.3995445057501,
538,2,1,0,0.0,1.0,0.6882993034191089,
539,2,1,0,0.25,0.5,0.6325624701382692,
541,2,1,1,0.5,0.0,0.5370103093309381,
542,2,1,0,0.25,0.5,0.427350132524204,
543,2,1,1,0.5,0.0,0.6763901510104264,
550,2,1,0,0.0,1.0,0.6186488134498831,
568,2,1,1,1.0,1.0,0.5894322659991458,
569,2,1,0,0.1666666666666666,0.6666666666666667,0.6847559311913121,
575,2,1,1,0.5,0.0,0.8538185743618965,
579,2,1,0,0.3333333333333333,0.3333333333333333,0.6414300681387664,
580,2,1,0,0.3333333333333333,0.3333333333333333,0.374825494883943,
582,2,1,1,0.5,0.0,0.605799339971804,
586,2,1,1,0.6666666666666666,0.3333333333333332,0.5723778320521833,
590,2,1,0,0.3333333333333333,0.3333333333333333,0.7397202374463282,
592,2,1,1,0.6,0.1999999999999999,0.5828516572045006,
593,2,1,1,0.5,0.0,0.5110367964230605,
595,2,1,1,0.8333333333333334,0.6666666666666667,0.5025478008596861,
600,2,1,0,0.1666666666666666,0.6666666666666667,0.6473897984962382,
602,2,1,0,0.25,0.5,0.6072259980708877,
603,2,1,1,0.5,0.0,0.5319929901829941,
604,2,1,1,0.75,0.5,0.7916383949734469,
605,2,1,1,0.5,0.0,0.6603698255871805,
610,2,1,0,0.25,0.5,0.6673386211548347,
612,2,1,0,0.0,1.0,0.1754176721389124,
617,2,1,1,0.5,0.0,0.6394927922830531,
619,2,1,0,0.25,0.5,0.7713179896723475,
625,2,1,0,0.0,1.0,0.5133224088589239,
638,2,1,0,0.25,0.5,0.654709931438494,
659,2,1,1,0.6666666666666666,0.3333333333333332,0.5351782041779021,
663,2,1,0,0.3333333333333333,0.3333333333333333,0.5507720380600348,
665,2,1,0,0.1666666666666666,0.6666666666666667,0.5566146332454441,
672,2,1,0,0.0,1.0,0.5814479650670132,
677,2,1,1,0.6666666666666666,0.3333333333333332,0.4108476549504049,
678,2,1,0,0.3333333333333333,0.3333333333333333,0.3138265739259083,
679,2,1,0,0.4,0.1999999999999999,0.24431900249163724,
688,2,1,0,0.1666666666666666,0.6666666666666667,0.42089170550962,
690,2,1,0,0.0,1.0,0.6390919732223077,
696,2,1,0,0.1666666666666666,0.6666666666666667,0.6782243595328018,
697,2,1,1,0.5,0.0,0.563989438147481,
706,2,1,1,0.6666666666666666,0.3333333333333332,0.5175982921946864,
708,2,1,0,0.0,1.0,0.48907129243359143,
712,2,1,0,0.1666666666666666,0.6666666666666667,0.4557088775281416,
724,2,1,0,0.2,0.6,0.40481386159332894,
726,2,1,0,0.0,1.0,0.5443932699338898,
728,2,1,0,0.2,0.6,0.2811467487673231,
733,2,1,0,0.1666666666666666,0.6666666666666667,0.3422822017910265,
735,2,1,0,0.0,1.0,0.19949471459450302,
736,2,1,0,0.0,1.0,0.4705457142077654,
11,2,2,1,0.6,0.1999999999999999,0.27387718457730564,
15,2,2,0,0.4,0.1999999999999999,0.3866178286798261,
21,2,2,0,0.2,0.6,0.33147551647003826,
24,2,2,0,0.0,1.0,0.46026412959004065,
27,2,2,0,0.2,0.6,0.3903200162435888,
28,2,2,0,0.2,0.6,0.41573063763940193,
30,2,2,0,0.2,0.6,0.3464510585091849,
31,2,2,0,0.1666666666666666,0.6666666666666667,0.2715947587954618,
37,2,2,0,0.2,0.6,0.25429163190705,
47,2,2,0,0.25,0.5,0.3151115574741883,
58,2,2,0,0.25,0.5,0.33089136383444134,
59,2,2,0,0.25,0.5,0.2230210337235722,
61,2,2,0,0.2,0.6,0.32811324738823505,
64,2,2,0,0.3333333333333333,0.3333333333333333,0.14066777823588894,
71,2,2,0,0.0,1.0,0.349243003746212,
76,2,2,0,0.25,0.5,0.3285422625070118,
87,2,2,0,0.0,1.0,0.5146221416644052,
94,2,2,0,0.25,0.5,0.31223996040667246,
95,2,2,0,0.25,0.5,0.2505653180959814,
97,2,2,0,0.25,0.5,0.24781028546723483,
101,2,2,0,0.3333333333333333,0.3333333333333333,0.33855258022456924,
105,2,2,0,0.0,1.0,0.3138802912005133,
111,2,2,0,0.1111111111111111,0.7777777777777778,0.38240218104895674,
113,2,2,0,0.1111111111111111,0.7777777777777778,0.4429585167281399,
120,2,2,0,0.0,1.0,0.25597890010786783,
129,2,2,0,0.2,0.6,0.5230315495271787,
142,2,2,0,0.0,1.0,0.4417932953406664,
148,2,2,0,0.1111111111111111,0.7777777777777778,0.2306470485387706,
150,2,2,0,0.0,1.0,0.3445700242889853,
151,2,2,0,0.0,1.0,0.3538848694495841,
156,2,2,0,0.25,0.5,0.3969295489700965,
158,2,2,0,0.0,1.0,0.17487780715208429,
163,2,2,0,0.25,0.5,0.3707625655428536,
167,2,2,0,0.0,1.0,0.34995909966356364,
168,2,2,0,0.25,0.5,0.45544002212804513,
177,2,2,0,0.0,1.0,0.27458974341610665,
179,2,2,0,0.25,0.5,0.4115546536222709,
187,2,2,0,0.0,1.0,0.4109751508997911,
189,2,2,1,0.5,0.0,0.3298129834615582,
201,2,2,0,0.25,0.5,0.207856628966385,
205,2,2,0,0.2,0.6,0.21355160102144882,
206,2,2,1,0.5,0.0,0.2225815127805008,
213,2,2,0,0.4,0.1999999999999999,0.3373022289083063,
214,2,2,0,0.2,0.6,0.4243980045312153,
220,2,2,0,0.4,0.1999999999999999,0.22896696669971478,
223,2,2,0,0.2,0.6,0.31969088023835923,
237,2,2,0,0.4,0.1999999999999999,0.31948520333142694,
238,2,2,0,0.25,0.5,0.1394568086866367,
241,2,2,1,0.6,0.1999999999999999,0.3137728658348982,
249,2,2,1,0.6,0.1999999999999999,0.4240654503959945,
252,2,2,0,0.0,1.0,0.43537622188480585,
259,2,2,0,0.0,1.0,0.31354512008233626,
264,2,2,0,0.25,0.5,0.24356823136706932,
268,2,2,1,0.5,0.0,0.28476779604256464,
269,2,2,1,0.5,0.0,0.33773849026877656,
270,2,2,0,0.0,1.0,0.6262226890009639,
271,2,2,0,0.0,1.0,0.500732694870075,
275,2,2,1,0.5,0.0,0.43657136679771924,
280,2,2,0,0.25,0.5,0.43419210745348047,
281,2,2,0,0.0,1.0,0.5364332298809003,
283,2,2,0,0.25,0.5,0.47656924701270714,
284,2,2,1,0.5,0.0,0.40454602060861466,
286,2,2,0,0.2,0.6,0.42617422881579037,
290,2,2,0,0.0,1.0,0.5448497981659386,
296,2,2,0,0.0,1.0,0.28147340886063144,
298,2,2,0,0.25,0.5,0.4339479282661796,
303,2,2,0,0.0,1.0,0.31434139473598177,
306,2,2,0,0.0,1.0,0.52202339074666,
310,2,2,0,0.2,0.6,0.4853741014665378,
312,2,2,0,0.0,1.0,0.22806608872625012,
316,2,2,0,0.4,0.1999999999999999,0.42426026854855603,
333,2,2,0,0.0,1.0,0.22440700385743284,
335,2,2,1,0.5,0.0,0.18957083761563845,
338,2,2,0,0.4,0.1999999999999999,0.5444612254243626,
342,2,2,0,0.2,0.6,0.37765182171754547,
354,2,2,0,0.25,0.5,0.5312249683615773,
355,2,2,0,0.25,0.5,0.3412149689256233,
361,2,2,0,0.0,1.0,0.20640537375487333,
364,2,2,1,0.5,0.0,0.44648585980087097,
376,2,2,1,0.5,0.0,0.4786739708698038,
378,2,2,1,0.5,0.0,0.3865586068650497,
379,2,2,1,0.75,0.5,0.507060038296706,
388,2,2,1,0.5,0.0,0.4699259804400251,
390,2,2,1,0.75,0.5,0.5982984799577782,
406,2,2,1,0.6,0.1999999999999999,0.3851990867149268,
409,2,2,0,0.4,0.1999999999999999,0.6888771504889504,
411,2,2,0,0.2,0.6,0.5933315290244081,
413,2,2,0,0.0,1.0,0.6004180201493517,
418,2,2,0,0.0,1.0,0.6723192830351434,
422,2,2,1,0.6,0.1999999999999999,0.5227281088522863,
424,2,2,1,0.6,0.1999999999999999,0.4950427864048252,
429,2,2,0,0.0,1.0,0.7333339779576922,
434,2,2,0,0.0,1.0,0.4619812553233608,
441,2,2,0,0.2,0.6,0.7511437862622015,
445,2,2,0,0.0,1.0,0.5061081255799726,
446,2,2,0,0.2,0.6,0.6490673126535986,
448,2,2,0,0.0,1.0,0.282505014844572,
452,2,2,0,0.25,0.5,0.6681606038997829,
462,2,2,1,0.5,0.0,0.7352570513321084,
463,2,2,0,0.25,0.5,0.5420117707672586,
467,2,2,1,1.0,1.0,0.7995376537607113,
480,2,2,1,0.5,0.0,0.6970973253348949,
496,2,2,1,0.75,0.5,0.46114194847409035,
499,2,2,0,0.0,1.0,0.5134392321631696,
512,2,2,1,1.0,1.0,0.7405004822649569,
514,2,2,1,0.75,0.5,0.6559876238834882,
516,2,2,0,0.0,1.0,0.4740965373657381,
518,2,2,0,0.25,0.5,0.6852839873514789,
519,2,2,0,0.0,1.0,0.6738689616336679,
530,2,2,1,0.5,0.0,0.41390953846069944,
546,2,2,1,0.5,0.0,0.4934060449234505,
553,2,2,0,0.0,1.0,0.4535563504871149,
554,2,2,1,0.5,0.0,0.6308575110099921,
555,2,2,0,0.3333333333333333,0.3333333333333333,0.7249444376924825,
559,2,2,1,0.6666666666666666,0.3333333333333332,0.4385001877267046,
566,2,2,0,0.1666666666666666,0.6666666666666667,0.6088639801892344,
607,2,2,0,0.0,1.0,0.47101169804245313,
609,2,2,0,0.25,0.5,0.4898248980804504,
613,2,2,0,0.0,1.0,0.6950563253898696,
618,2,2,0,0.0,1.0,0.6584401708035721,
622,2,2,1,0.75,0.5,0.5608436801064406,
623,2,2,1,0.5,0.0,0.5740428034547658,
627,2,2,1,0.75,0.5,0.7207956780906166,
628,2,2,0,0.0,1.0,0.45073573036545683,
630,2,2,1,0.5,0.0,0.6717266081453706,
636,2,2,0,0.0,1.0,0.5526812291650343,
642,2,2,1,0.75,0.5,0.7065225195887617,
643,2,2,1,0.5,0.0,0.6179816326716443,
646,2,2,0,0.0,1.0,0.1556460763300626,
647,2,2,1,0.5,0.0,0.672962449080646,
650,2,2,0,0.0,1.0,0.30622000591502146,
657,2,2,1,0.5,0.0,0.38444491734770236,
658,2,2,0,0.1666666666666666,0.6666666666666667,0.7321241760452486,
667,2,2,0,0.3333333333333333,0.3333333333333333,0.5650505634261989,
668,2,2,0,0.1666666666666666,0.6666666666666667,0.6995100562099174,
671,2,2,0,0.3333333333333333,0.3333333333333333,0.5283056140047893,
681,2,2,0,0.1666666666666666,0.6666666666666667,0.6052583681119754,
686,2,2,0,0.0,1.0,0.6669504748542431,
692,2,2,0,0.0,1.0,0.30859706092257455,
695,2,2,0,0.3333333333333333,0.3333333333333333,0.4297597699628014,
700,2,2,1,0.5,0.0,0.5437472844518165,
702,2,2,0,0.1666666666666666,0.6666666666666667,0.5972509070549605,
710,2,2,0,0.0,1.0,0.1896882762166623,
713,2,2,1,0.6,0.1999999999999999,0.4990986039536227,
716,2,2,1,0.6666666666666666,0.3333333333333332,0.44605840401569435,
732,2,2,0,0.0,1.0,0.331204080511438,
738,2,2,0,0.3333333333333333,0.3333333333333333,0.4583184265549669,
2,2,3,0,0.4,0.1999999999999999,0.30198444296001126,
7,2,3,1,0.6,0.1999999999999999,0.483858172038344,
8,2,3,0,0.0,1.0,0.25925386512347126,
9,2,3,0,0.0,1.0,0.3673998430779668,
26,2,3,1,0.8,0.6000000000000001,0.2439975421632864,
32,2,3,0,0.2,0.6,0.41185279265478947,
39,2,3,0,0.0,1.0,0.2001708879135578,
40,2,3,0,0.2,0.6,0.3592868413994864,
42,2,3,0,0.0,1.0,0.39803516773404235,
45,2,3,0,0.0,1.0,0.3754916502499347,
52,2,3,0,0.25,0.5,0.3615888565473761,
53,2,3,0,0.1666666666666666,0.6666666666666667,0.4244366104545534,
55,2,3,0,0.0,1.0,0.2339706712287124,
56,2,3,0,0.25,0.5,0.27561565006840205,
63,2,3,0,0.0,1.0,0.28146179607955624,
69,2,3,0,0.0,1.0,0.2674218635266184,
75,2,3,0,0.0,1.0,0.33173605076672047,
77,2,3,0,0.25,0.5,0.3580834093038535,
78,2,3,0,0.0,1.0,0.1920941270936639,
79,2,3,0,0.25,0.5,0.34046592514378027,
90,2,3,1,0.5,0.0,0.21627642196824282,
92,2,3,0,0.0,1.0,0.32730957775349656,
96,2,3,0,0.0,1.0,0.4356570904525953,
99,2,3,0,0.0,1.0,0.15650825770982252,
100,2,3,0,0.25,0.5,0.5675940547804408,
109,2,3,0,0.1111111111111111,0.7777777777777778,0.411081253309033,
119,2,3,0,0.1111111111111111,0.7777777777777778,0.42885499360193163,
121,2,3,0,0.1111111111111111,0.7777777777777778,0.29424935808277997,
130,2,3,0,0.1111111111111111,0.7777777777777778,0.30676884956292294,
138,2,3,1,0.5555555555555556,0.1111111111111111,0.25134291556140187,
147,2,3,0,0.0,1.0,0.4454581957914071,
160,2,3,0,0.1666666666666666,0.6666666666666667,0.5165848842862095,
164,2,3,0,0.0,1.0,0.20172634854921861,
166,2,3,0,0.25,0.5,0.38088757205284546,
172,2,3,0,0.0,1.0,0.19417977702959138,
180,2,3,0,0.0,1.0,0.48443946295620327,
183,2,3,0,0.0,1.0,0.33759378623669256,
194,2,3,0,0.0,1.0,0.5174707531812057,
195,2,3,0,0.0,1.0,0.5225769919759987,
202,2,3,1,0.6,0.1999999999999999,0.34131480940262304,
210,2,3,0,0.4,0.1999999999999999,0.68926807675428,
211,2,3,1,0.6,0.1999999999999999,0.45634423323483075,
215,2,3,0,0.2,0.6,0.2500328220340823,
225,2,3,0,0.2,0.6,0.3172664615149091,
226,2,3,0,0.0,1.0,0.31083481182112316,
230,2,3,0,0.2,0.6,0.35181717109959854,
231,2,3,1,0.5,0.0,0.44398023902434686,
232,2,3,0,0.25,0.5,0.40209352040657753,
246,2,3,0,0.4,0.1999999999999999,0.436655537062172,
251,2,3,0,0.25,0.5,0.308575153943379,
260,2,3,0,0.25,0.5,0.25724470004243766,
266,2,3,0,0.25,0.5,0.32164576204980694,
267,2,3,0,0.0,1.0,0.24063641695506777,
274,2,3,1,0.5,0.0,0.7169311144840838,
282,2,3,0,0.25,0.5,0.43374524724687136,
297,2,3,0,0.0,1.0,0.34164491103701505,
302,2,3,0,0.0,1.0,0.23188210455930264,
308,2,3,0,0.4,0.1999999999999999,0.4652522814889688,
311,2,3,0,0.4,0.1999999999999999,0.16154269222891576,
314,2,3,0,0.0,1.0,0.4405036887327883,
321,2,3,1,0.6,0.1999999999999999,0.3974790648509778,
325,2,3,0,0.0,1.0,0.306368786539177,
329,2,3,0,0.0,1.0,0.4029322388151233,
332,2,3,0,0.0,1.0,0.3264712416848336,
334,2,3,0,0.4,0.1999999999999999,0.4980046932592259,
336,2,3,0,0.4,0.1999999999999999,0.456272045966189,
337,2,3,0,0.0,1.0,0.3385840835351295,
340,2,3,1,0.6,0.1999999999999999,0.4053363807942324,
341,2,3,1,0.6,0.1999999999999999,0.5908378703287984,
344,2,3,0,0.2,0.6,0.4246069108960425,
348,2,3,0,0.4,0.1999999999999999,0.8066687278167056,
362,2,3,1,0.75,0.5,0.5818780956539993,
368,2,3,1,0.5,0.0,0.5546113249739508,
397,2,3,1,0.75,0.5,0.5752904209675382,
408,2,3,0,0.4,0.1999999999999999,0.6849953723512633,
410,2,3,1,0.6,0.1999999999999999,0.6911021872887321,
425,2,3,0,0.0,1.0,0.5400615430270211,
426,2,3,1,0.8,0.6000000000000001,0.5126100599951923,
436,2,3,0,0.4,0.1999999999999999,0.5405737460610797,
439,2,3,0,0.2,0.6,0.5986931623478642,
440,2,3,0,0.0,1.0,0.6493158895330489,
443,2,3,0,0.0,1.0,0.2790108365765061,
449,2,3,0,0.4,0.1999999999999999,0.5278503944039049,
450,2,3,0,0.2,0.6,0.5721194722979581,
451,2,3,0,0.25,0.5,0.4908060773350292,
453,2,3,0,0.25,0.5,0.6243482834883645,
454,2,3,0,0.0,1.0,0.772314889265383,
455,2,3,0,0.0,1.0,0.2255694776435426,
459,2,3,0,0.25,0.5,0.46615109270972677,
466,2,3,1,0.5,0.0,0.5896495398667302,
468,2,3,0,0.25,0.5,0.703203911960652,
469,2,3,1,0.75,0.5,0.38282103606705953,
478,2,3,0,0.0,1.0,0.30620515782459656,
479,2,3,0,0.0,1.0,0.4121840191552105,
481,2,3,0,0.0,1.0,0.7011424650492459,
482,2,3,0,0.0,1.0,0.15407664902931817,
483,2,3,0,0.25,0.5,0.48596354841011846,
486,2,3,0,0.25,0.5,0.7969225378533864,
487,2,3,0,0.2,0.6,0.1544071768976395,
490,2,3,0,0.25,0.5,0.3352485149178546,
497,2,3,0,0.0,1.0,0.38468385040621966,
504,2,3,1,0.75,0.5,0.6111210749008484,
513,2,3,0,0.0,1.0,0.6094864079581714,
523,2,3,0,0.25,0.5,0.5694268680848533,
529,2,3,1,0.5,0.0,0.36109989320278124,
536,2,3,0,0.3333333333333333,0.3333333333333333,0.6014723154309125,
544,2,3,1,0.5,0.0,0.6558945239090539,
551,2,3,1,0.6666666666666666,0.3333333333333332,0.6775608669848552,
557,2,3,0,0.3333333333333333,0.3333333333333333,0.48218762565898177,
558,2,3,1,0.5,0.0,0.676628087193198,
560,2,3,0,0.1666666666666666,0.6666666666666667,0.354482350445536,
561,2,3,1,0.5,0.0,0.471891672633783,
565,2,3,0,0.3333333333333333,0.3333333333333333,0.7212845063668156,
570,2,3,1,0.6666666666666666,0.3333333333333332,0.5461211211842334,
574,2,3,0,0.3333333333333333,0.3333333333333333,0.5133857974951397,
585,2,3,1,0.5,0.0,0.6208373912750249,
587,2,3,1,0.8333333333333334,0.6666666666666667,0.571170811491696,
596,2,3,1,0.5,0.0,0.628914983788714,
597,2,3,0,0.0,1.0,0.19637367367546255,
598,2,3,0,0.3333333333333333,0.3333333333333333,0.7849336868005644,
611,2,3,1,0.75,0.5,0.597323012177627,
621,2,3,1,0.5,0.0,0.7038089690163118,
629,2,3,1,0.5,0.0,0.7615524886760142,
637,2,3,1,0.5,0.0,0.4788754852881263,
644,2,3,0,0.25,0.5,0.6445131714922516,
648,2,3,1,0.5,0.0,0.5932344782817238,
653,2,3,1,0.5,0.0,0.4111818127880962,
654,2,3,0,0.1666666666666666,0.6666666666666667,0.536024476082281,
670,2,3,1,0.5,0.0,0.5825851741019525,
682,2,3,0,0.1666666666666666,0.6666666666666667,0.6642735229565168,
683,2,3,1,0.8333333333333334,0.6666666666666667,0.5886486225016008,
685,2,3,0,0.0,1.0,0.37347684654716096,
687,2,3,0,0.3333333333333333,0.3333333333333333,0.537728049649435,
691,2,3,0,0.1666666666666666,0.6666666666666667,0.5508795290727414,
693,2,3,1,0.5,0.0,0.5435769289677148,
704,2,3,0,0.3333333333333333,0.3333333333333333,0.535640628222426,
705,2,3,1,0.5,0.0,0.39825798637391496,
711,2,3,1,0.6,0.1999999999999999,0.4049052314124669,
717,2,3,1,0.5,0.0,0.4217790526826892,
719,2,3,0,0.1666666666666666,0.6666666666666667,0.505481035274794,
722,2,3,0,0.2,0.6,0.357354444320544,
725,2,3,0,0.0,1.0,0.42221487165687294,
727,2,3,0,0.4,0.1999999999999999,0.49359619261180177,
729,2,3,0,0.4,0.1999999999999999,0.4145148675117013,
730,2,3,0,0.3333333333333333,0.3333333333333333,0.3561479926654877,
734,2,3,0,0.0,1.0,0.37509766965833224,
740,2,3,0,0.1666666666666666,0.6666666666666667,0.2809520415314465,
3,2,4,0,0.0,1.0,0.39469114904285746,
5,2,4,0,0.2,0.6,0.3568742606236735,
17,2,4,0,0.4,0.1999999999999999,0.3862217385532717,
22,2,4,0,0.2,0.6,0.47212291751897617,
36,2,4,0,0.2,0.6,0.27855331682691925,
41,2,4,0,0.2,0.6,0.3795701530146277,
43,2,4,0,0.2,0.6,0.5814894419941996,
49,2,4,0,0.3333333333333333,0.3333333333333333,0.21509487704329733,
50,2,4,1,0.8,0.6000000000000001,0.3062409456477416,
51,2,4,0,0.25,0.5,0.3474704527977125,
54,2,4,0,0.25,0.5,0.36678061435165665,
65,2,4,0,0.25,0.5,0.22084549262033418,
66,2,4,0,0.0,1.0,0.36668502908966405,
68,2,4,0,0.0,1.0,0.2999553594826231,
72,2,4,0,0.25,0.5,0.29101324045143706,
86,2,4,0,0.0,1.0,0.35951002791397,
89,2,4,0,0.25,0.5,0.4047926077385883,
102,2,4,0,0.0,1.0,0.20627353841509544,
106,2,4,1,1.0,1.0,0.3347991443960108,
107,2,4,0,0.1111111111111111,0.7777777777777778,0.40265749841452403,
110,2,4,0,0.0,1.0,0.31236144406129307,
112,2,4,0,0.125,0.75,0.36034298085043115,
115,2,4,0,0.0,1.0,0.30120852600531484,
117,2,4,0,0.25,0.5,0.2582043826286955,
125,2,4,0,0.125,0.75,0.24708577296668013,
126,2,4,0,0.2222222222222222,0.5555555555555556,0.4031674366717874,
135,2,4,0,0.1666666666666666,0.6666666666666667,0.2675888949955766,
137,2,4,1,0.6666666666666666,0.3333333333333332,0.20663110101388535,
140,2,4,0,0.2222222222222222,0.5555555555555556,0.30973375450358187,
145,2,4,0,0.4444444444444444,0.1111111111111111,0.17827739599363968,
146,2,4,1,0.8888888888888888,0.7777777777777777,0.25671870180071965,
154,2,4,0,0.25,0.5,0.23890137631279879,
155,2,4,0,0.25,0.5,0.47025809144908576,
161,2,4,0,0.0,1.0,0.46053114859848154,
169,2,4,0,0.0,1.0,0.42526229444056074,
170,2,4,0,0.1666666666666666,0.6666666666666667,0.307781053244768,
174,2,4,1,0.5,0.0,0.3367566251652986,
175,2,4,0,0.0,1.0,0.21846010683093905,
178,2,4,0,0.0,1.0,0.4546570294521643,
186,2,4,0,0.0,1.0,0.43316792145938054,
192,2,4,0,0.0,1.0,0.379790629092399,
193,2,4,0,0.25,0.5,0.3941802780898618,
197,2,4,0,0.0,1.0,0.40992441706001337,
200,2,4,0,0.2,0.6,0.21395879831205475,
204,2,4,0,0.4,0.1999999999999999,0.36782983952331516,
209,2,4,0,0.2,0.6,0.4514258714749356,
217,2,4,0,0.0,1.0,0.43744742372001844,
219,2,4,0,0.0,1.0,0.27716776128353976,
221,2,4,1,0.8,0.6000000000000001,0.2933630804400825,
228,2,4,0,0.2,0.6,0.3192421215475103,
233,2,4,0,0.0,1.0,0.25513112610130784,
234,2,4,0,0.25,0.5,0.5554111250469258,
236,2,4,0,0.0,1.0,0.28441389321851807,
239,2,4,1,0.6,0.1999999999999999,0.2221441233896922,
242,2,4,1,0.6,0.1999999999999999,0.46447753418073345,
243,2,4,0,0.0,1.0,0.32916335325996127,
254,2,4,0,0.25,0.5,0.24360290013403918,
289,2,4,1,0.5,0.0,0.48283477582159817,
294,2,4,0,0.0,1.0,0.3613806633403091,
299,2,4,1,0.8,0.6000000000000001,0.3493468622345868,
313,2,4,0,0.0,1.0,0.31075483008387284,
315,2,4,1,0.8,0.6000000000000001,0.41688572060624896,
317,2,4,0,0.4,0.1999999999999999,0.1747337238626221,
319,2,4,0,0.2,0.6,0.35807237926218183,
320,2,4,0,0.0,1.0,0.39913458051480044,
323,2,4,0,0.0,1.0,0.5365455213609932,
330,2,4,0,0.4,0.1999999999999999,0.5494173748808691,
350,2,4,0,0.0,1.0,0.22500818981187465,
356,2,4,0,0.25,0.5,0.5820744354404602,
365,2,4,0,0.25,0.5,0.5946661420772457,
366,2,4,0,0.0,1.0,0.5419546876369216,
369,2,4,0,0.0,1.0,0.20544064032022205,
370,2,4,0,0.0,1.0,0.2738725482388024,
377,2,4,0,0.25,0.5,0.4539877817288528,
380,2,4,1,0.75,0.5,0.643001291546764,
385,2,4,1,0.5,0.0,0.5802324287651472,
386,2,4,0,0.25,0.5,0.5544582639063453,
391,2,4,0,0.0,1.0,0.22387787252420258,
396,2,4,1,0.75,0.5,0.7648054041793519,
400,2,4,1,0.5,0.0,0.7691233230813925,
403,2,4,0,0.0,1.0,0.16075372290260131,
404,2,4,1,0.6,0.1999999999999999,0.7672615820560822,
407,2,4,0,0.2,0.6,0.7191670205592557,
415,2,4,0,0.0,1.0,0.5738560216792359,
417,2,4,0,0.2,0.6,0.6490871279469357,
419,2,4,0,0.4,0.1999999999999999,0.5371803699922371,
423,2,4,0,0.0,1.0,0.6575526869736332,
437,2,4,1,0.6,0.1999999999999999,0.6763114053337135,
457,2,4,1,0.5,0.0,0.7377151590263931,
472,2,4,0,0.25,0.5,0.4072806940152952,
473,2,4,0,0.25,0.5,0.4992788247113217,
484,2,4,0,0.25,0.5,0.5883120964115067,
491,2,4,1,0.5,0.0,0.6832389081519075,
494,2,4,1,0.8,0.6000000000000001,0.4952026328908728,
495,2,4,0,0.0,1.0,0.7110296844348466,
500,2,4,0,0.25,0.5,0.6505376515769166,
501,2,4,0,0.25,0.5,0.5552996946586889,
502,2,4,1,0.75,0.5,0.42860449253082045,
507,2,4,1,1.0,1.0,0.5456679011425998,
511,2,4,1,0.5,0.0,0.5461120435017532,
522,2,4,0,0.25,0.5,0.4114490996785981,
527,2,4,0,0.25,0.5,0.6086683376254891,
532,2,4,0,0.0,1.0,0.18907566864312725,
537,2,4,0,0.25,0.5,0.6103808898512022,
540,2,4,0,0.25,0.5,0.7694324669139386,
556,2,4,0,0.1666666666666666,0.6666666666666667,0.4939886735434294,
562,2,4,0,0.3333333333333333,0.3333333333333333,0.7458336683503954,
564,2,4,1,0.5,0.0,0.586749562372905,
567,2,4,0,0.3333333333333333,0.3333333333333333,0.585423570615851,
572,2,4,1,0.8333333333333334,0.6666666666666667,0.5667637929891057,
576,2,4,1,0.5,0.0,0.6346761534403429,
578,2,4,1,0.5,0.0,0.6055956142569712,
589,2,4,0,0.3333333333333333,0.3333333333333333,0.4927539945611761,
591,2,4,1,0.5,0.0,0.5140010778115888,
599,2,4,0,0.0,1.0,0.528609960484456,
608,2,4,0,0.0,1.0,0.723531875692849,
614,2,4,1,0.75,0.5,0.6571971485756873,
616,2,4,1,0.75,0.5,0.4818166417793896,
624,2,4,0,0.25,0.5,0.4587591050574597,
626,2,4,1,0.5,0.0,0.4846797835215483,
631,2,4,0,0.0,1.0,0.5237383261006213,
632,2,4,1,0.5,0.0,0.5349324547835438,
633,2,4,1,0.5,0.0,0.7005276716853754,
634,2,4,0,0.25,0.5,0.4461112187281102,
635,2,4,1,0.5,0.0,0.5132611759030734,
639,2,4,0,0.0,1.0,0.4917727070424364,
640,2,4,1,0.75,0.5,0.7001831432142727,
641,2,4,0,0.0,1.0,0.5900676255571466,
645,2,4,1,0.75,0.5,0.6943658523510134,
649,2,4,1,0.5,0.0,0.5756169776910449,
651,2,4,0,0.3333333333333333,0.3333333333333333,0.45704835317307607,
664,2,4,1,0.6666666666666666,0.3333333333333332,0.6332738972336158,
669,2,4,0,0.3333333333333333,0.3333333333333333,0.5313015670253124,
673,2,4,0,0.3333333333333333,0.3333333333333333,0.22735823078806927,
675,2,4,0,0.3333333333333333,0.3333333333333333,0.45577395052310343,
676,2,4,0,0.1666666666666666,0.6666666666666667,0.5181638232953313,
694,2,4,0,0.3333333333333333,0.3333333333333333,0.40162320129673484,
698,2,4,1,0.5,0.0,0.7015081996289273,
703,2,4,0,0.0,1.0,0.7206507834607982,
707,2,4,1,0.5,0.0,0.395500643331103,
709,2,4,0,0.3333333333333333,0.3333333333333333,0.4542390599118147,
714,2,4,0,0.3333333333333333,0.3333333333333333,0.3872629489490905,
715,2,4,1,0.5,0.0,0.25523109638526953,
718,2,4,0,0.1666666666666666,0.6666666666666667,0.4744054347147405,
720,2,4,0,0.0,1.0,0.453735730419833,
731,2,4,0,0.0,1.0,0.2996930701375382,
741,2,4,0,0.2,0.6,0.5930882343847795,
3,3,0,0,0.0,1.0,0.31390679083663364,
5,3,0,0,0.2,0.6,0.33158961787682384,
7,3,0,1,0.6,0.1999999999999999,0.4953643023449582,
25,3,0,0,0.2,0.6,0.3686530366291108,
30,3,0,0,0.2,0.6,0.2582907826966303,
36,3,0,0,0.2,0.6,0.3226258227662983,
37,3,0,0,0.2,0.6,0.24372618089838,
39,3,0,0,0.0,1.0,0.2911835332594309,
44,3,0,0,0.0,1.0,0.3765247833020652,
48,3,0,1,0.6,0.1999999999999999,0.24351947791224782,
50,3,0,1,0.8,0.6000000000000001,0.35896189846201004,
57,3,0,1,1.0,1.0,0.31032470354870556,
58,3,0,0,0.25,0.5,0.3699091926990957,
59,3,0,0,0.25,0.5,0.2693973715602862,
60,3,0,0,0.0,1.0,0.4762934905354137,
77,3,0,0,0.25,0.5,0.3209849969920612,
78,3,0,0,0.0,1.0,0.20323182697011594,
81,3,0,0,0.0,1.0,0.29872139081675353,
99,3,0,0,0.0,1.0,0.22586053085090876,
114,3,0,0,0.1111111111111111,0.7777777777777778,0.41941348737637113,
115,3,0,0,0.0,1.0,0.26443964073614035,
116,3,0,0,0.0,1.0,0.30267610235047215,
125,3,0,0,0.125,0.75,0.2870721756292243,
126,3,0,0,0.2222222222222222,0.5555555555555556,0.36880289411236766,
127,3,0,1,0.6666666666666666,0.3333333333333332,0.2951246042734091,
130,3,0,0,0.1111111111111111,0.7777777777777778,0.302633703085785,
144,3,0,0,0.0,1.0,0.35292042288191605,
145,3,0,0,0.4444444444444444,0.1111111111111111,0.22029794365603456,
147,3,0,0,0.0,1.0,0.4152038629080508,
149,3,0,0,0.3333333333333333,0.3333333333333333,0.17573229476544766,
154,3,0,0,0.25,0.5,0.32839213811374335,
161,3,0,0,0.0,1.0,0.47524792975991514,
162,3,0,0,0.2,0.6,0.31927280019873305,
166,3,0,0,0.25,0.5,0.3116469616650154,
167,3,0,0,0.0,1.0,0.38518018264528636,
169,3,0,0,0.0,1.0,0.4022154867004357,
181,3,0,1,0.5,0.0,0.3043784181371596,
186,3,0,0,0.0,1.0,0.34704142627761675,
188,3,0,0,0.0,1.0,0.44009522292738557,
190,3,0,0,0.25,0.5,0.3069883794467001,
203,3,0,0,0.2,0.6,0.23368359932720845,
204,3,0,0,0.4,0.1999999999999999,0.37535796347183137,
205,3,0,0,0.2,0.6,0.22635711804479414,
209,3,0,0,0.2,0.6,0.45271519010653216,
210,3,0,0,0.4,0.1999999999999999,0.6993549865126087,
216,3,0,0,0.0,1.0,0.448428518655518,
220,3,0,0,0.4,0.1999999999999999,0.2554322107529876,
225,3,0,0,0.2,0.6,0.35664857614701506,
235,3,0,0,0.0,1.0,0.4064716849395551,
247,3,0,0,0.2,0.6,0.4958660035331939,
253,3,0,0,0.0,1.0,0.4307779384931827,
267,3,0,0,0.0,1.0,0.26775221749036254,
269,3,0,1,0.5,0.0,0.341490358816947,
271,3,0,0,0.0,1.0,0.4415638640885394,
273,3,0,1,0.5,0.0,0.3245973248537642,
283,3,0,0,0.25,0.5,0.47898026638749003,
284,3,0,1,0.5,0.0,0.4590839815352814,
285,3,0,0,0.4,0.1999999999999999,0.3699563582894545,
291,3,0,0,0.0,1.0,0.5026603009457489,
292,3,0,0,0.25,0.5,0.6809510841211917,
308,3,0,0,0.4,0.1999999999999999,0.4511150136779608,
309,3,0,1,0.8,0.6000000000000001,0.4952371795999873,
320,3,0,0,0.0,1.0,0.36082349174190453,
329,3,0,0,0.0,1.0,0.3696936345395817,
341,3,0,1,0.6,0.1999999999999999,0.5519055525349887,
346,3,0,1,0.6,0.1999999999999999,0.6698119218213752,
348,3,0,0,0.4,0.1999999999999999,0.8409519915403663,
349,3,0,0,0.0,1.0,0.20763102299308145,
351,3,0,0,0.0,1.0,0.42693189025892175,
354,3,0,0,0.25,0.5,0.5265134308924206,
370,3,0,0,0.0,1.0,0.28222228615590184,
373,3,0,0,0.0,1.0,0.5079793639731872,
374,3,0,1,0.5,0.0,0.5655526313537782,
390,3,0,1,0.75,0.5,0.6113297528169046,
391,3,0,0,0.0,1.0,0.22362896473206484,
395,3,0,1,0.5,0.0,0.7213070108457103,
404,3,0,1,0.6,0.1999999999999999,0.7760041966426641,
405,3,0,0,0.0,1.0,0.46937142689471256,
411,3,0,0,0.2,0.6,0.6520903370619248,
412,3,0,1,1.0,1.0,0.6790467946665533,
414,3,0,1,0.6,0.1999999999999999,0.5761268138739843,
415,3,0,0,0.0,1.0,0.6041569308570196,
419,3,0,0,0.4,0.1999999999999999,0.487119101769418,
425,3,0,0,0.0,1.0,0.6208151524398904,
426,3,0,1,0.8,0.6000000000000001,0.4646246518829026,
435,3,0,0,0.4,0.1999999999999999,0.7124747479619684,
437,3,0,1,0.6,0.1999999999999999,0.6320019543581497,
443,3,0,0,0.0,1.0,0.24543041389059314,
453,3,0,0,0.25,0.5,0.6747106658944875,
461,3,0,1,0.5,0.0,0.7343084698406079,
464,3,0,0,0.0,1.0,0.743660888108419,
467,3,0,1,1.0,1.0,0.7796317975110827,
472,3,0,0,0.25,0.5,0.5402150649233914,
484,3,0,0,0.25,0.5,0.5826243904911834,
488,3,0,1,0.5,0.0,0.6438344891320134,
489,3,0,0,0.0,1.0,0.6402132863280223,
493,3,0,0,0.0,1.0,0.5310386675773813,
498,3,0,0,0.0,1.0,0.3440912535404047,
500,3,0,0,0.25,0.5,0.6027064513058553,
511,3,0,1,0.5,0.0,0.5359242779998956,
522,3,0,0,0.25,0.5,0.3919125762342203,
523,3,0,0,0.25,0.5,0.6142571983916784,
531,3,0,1,0.75,0.5,0.6507347077305421,
534,3,0,1,0.75,0.5,0.4717940940063887,
544,3,0,1,0.5,0.0,0.6202222944401479,
546,3,0,1,0.5,0.0,0.4490064384740793,
554,3,0,1,0.5,0.0,0.6771427453333565,
560,3,0,0,0.1666666666666666,0.6666666666666667,0.41065120688846224,
567,3,0,0,0.3333333333333333,0.3333333333333333,0.6294733540282365,
577,3,0,0,0.1666666666666666,0.6666666666666667,0.5696258076597247,
580,3,0,0,0.3333333333333333,0.3333333333333333,0.42502696147965235,
591,3,0,1,0.5,0.0,0.5612696891647033,
596,3,0,1,0.5,0.0,0.5262471521461285,
601,3,0,0,0.0,1.0,0.333502465375465,
604,3,0,1,0.75,0.5,0.7412548838693833,
613,3,0,0,0.0,1.0,0.6755908258782788,
618,3,0,0,0.0,1.0,0.6801991532299057,
622,3,0,1,0.75,0.5,0.5003451708560356,
633,3,0,1,0.5,0.0,0.6533838078678826,
645,3,0,1,0.75,0.5,0.7100946149569759,
648,3,0,1,0.5,0.0,0.5617787981862361,
650,3,0,0,0.0,1.0,0.28467615324006923,
651,3,0,0,0.3333333333333333,0.3333333333333333,0.45543602852195636,
653,3,0,1,0.5,0.0,0.491014135817329,
665,3,0,0,0.1666666666666666,0.6666666666666667,0.5374834610249442,
667,3,0,0,0.3333333333333333,0.3333333333333333,0.5909784240229599,
668,3,0,0,0.1666666666666666,0.6666666666666667,0.6834706291598954,
673,3,0,0,0.3333333333333333,0.3333333333333333,0.20780509231376892,
674,3,0,0,0.3333333333333333,0.3333333333333333,0.5720186379059489,
681,3,0,0,0.1666666666666666,0.6666666666666667,0.5372394509328489,
683,3,0,1,0.8333333333333334,0.6666666666666667,0.591376161188454,
685,3,0,0,0.0,1.0,0.4167030445000306,
689,3,0,0,0.0,1.0,0.2517597037995615,
690,3,0,0,0.0,1.0,0.6052345054016564,
692,3,0,0,0.0,1.0,0.22927850836640756,
694,3,0,0,0.3333333333333333,0.3333333333333333,0.38384735768727635,
703,3,0,0,0.0,1.0,0.6918840949988069,
707,3,0,1,0.5,0.0,0.32664344721578686,
714,3,0,0,0.3333333333333333,0.3333333333333333,0.3698735974648082,
716,3,0,1,0.6666666666666666,0.3333333333333332,0.48313575043262547,
717,3,0,1,0.5,0.0,0.380341479870295,
723,3,0,0,0.1666666666666666,0.6666666666666667,0.42713556808885866,
725,3,0,0,0.0,1.0,0.4219426474611283,
730,3,0,0,0.3333333333333333,0.3333333333333333,0.36203737974152794,
733,3,0,0,0.1666666666666666,0.6666666666666667,0.39789328154294323,
740,3,0,0,0.1666666666666666,0.6666666666666667,0.3590388881857008,
742,3,0,1,0.5,0.0,0.5657787678929014,
6,3,1,0,0.2,0.6,0.27878234789142375,
10,3,1,0,0.0,1.0,0.18449437944229807,
14,3,1,0,0.2,0.6,0.3971342288452424,
31,3,1,0,0.1666666666666666,0.6666666666666667,0.3093210224992107,
35,3,1,1,0.5,0.0,0.3963984752014729,
41,3,1,0,0.2,0.6,0.34785525286589647,
42,3,1,0,0.0,1.0,0.42867808549741504,
52,3,1,0,0.25,0.5,0.3504831286723106,
55,3,1,0,0.0,1.0,0.2762759042875344,
61,3,1,0,0.2,0.6,0.3336848968365824,
62,3,1,0,0.25,0.5,0.28186961431945645,
63,3,1,0,0.0,1.0,0.3423453237244116,
65,3,1,0,0.25,0.5,0.24392694298465006,
66,3,1,0,0.0,1.0,0.3432982987484743,
73,3,1,0,0.0,1.0,0.17282270944054087,
84,3,1,0,0.3333333333333333,0.3333333333333333,0.4602096493190798,
87,3,1,0,0.0,1.0,0.46145315912883567,
91,3,1,0,0.25,0.5,0.2226169420848214,
92,3,1,0,0.0,1.0,0.37506193041855324,
93,3,1,0,0.0,1.0,0.2701012727951903,
97,3,1,0,0.25,0.5,0.2734461237748247,
106,3,1,1,1.0,1.0,0.4259896237629339,
136,3,1,0,0.3333333333333333,0.3333333333333333,0.5065097430178787,
141,3,1,0,0.0,1.0,0.43359088846771304,
151,3,1,0,0.0,1.0,0.39498383631738065,
153,3,1,0,0.0,1.0,0.3211077453814688,
157,3,1,0,0.25,0.5,0.26312591509828576,
160,3,1,0,0.1666666666666666,0.6666666666666667,0.4664924364800871,
174,3,1,1,0.5,0.0,0.3811995416208765,
180,3,1,0,0.0,1.0,0.5783842692731302,
197,3,1,0,0.0,1.0,0.43906863849363675,
198,3,1,0,0.0,1.0,0.5316061100310618,
211,3,1,1,0.6,0.1999999999999999,0.5071035675316703,
215,3,1,0,0.2,0.6,0.2138271892705068,
217,3,1,0,0.0,1.0,0.3135231855043767,
223,3,1,0,0.2,0.6,0.30297824332802376,
231,3,1,1,0.5,0.0,0.44825573793968365,
233,3,1,0,0.0,1.0,0.19675233059652392,
237,3,1,0,0.4,0.1999999999999999,0.3046495703414259,
239,3,1,1,0.6,0.1999999999999999,0.2715833768060633,
242,3,1,1,0.6,0.1999999999999999,0.4244913832810645,
243,3,1,0,0.0,1.0,0.1961708812927614,
244,3,1,1,0.6,0.1999999999999999,0.461643005833541,
248,3,1,0,0.4,0.1999999999999999,0.29477481720263043,
249,3,1,1,0.6,0.1999999999999999,0.46869707049350195,
251,3,1,0,0.25,0.5,0.37140571282193596,
255,3,1,0,0.25,0.5,0.2153837549867887,
257,3,1,0,0.25,0.5,0.28238020577952067,
259,3,1,0,0.0,1.0,0.33790741385600276,
261,3,1,0,0.25,0.5,0.4383945656710158,
264,3,1,0,0.25,0.5,0.30789216424424315,
265,3,1,1,0.5,0.0,0.5697030753605243,
266,3,1,0,0.25,0.5,0.31641562396032225,
268,3,1,1,0.5,0.0,0.31189235284564665,
276,3,1,0,0.2,0.6,0.4639103262344604,
288,3,1,1,0.75,0.5,0.4310496083734492,
296,3,1,0,0.0,1.0,0.3277078719062825,
297,3,1,0,0.0,1.0,0.3028933518657886,
306,3,1,0,0.0,1.0,0.45256269283343636,
310,3,1,0,0.2,0.6,0.42320896914676753,
313,3,1,0,0.0,1.0,0.3194918929582078,
314,3,1,0,0.0,1.0,0.4860359832180263,
315,3,1,1,0.8,0.6000000000000001,0.4629697654725343,
317,3,1,0,0.4,0.1999999999999999,0.21223834485852255,
319,3,1,0,0.2,0.6,0.3500878773722518,
326,3,1,0,0.0,1.0,0.2530143295699874,
330,3,1,0,0.4,0.1999999999999999,0.512677177859981,
337,3,1,0,0.0,1.0,0.29776522583246545,
350,3,1,0,0.0,1.0,0.2186667456184124,
355,3,1,0,0.25,0.5,0.33736629283403663,
358,3,1,0,0.25,0.5,0.5846298636212184,
364,3,1,1,0.5,0.0,0.45741914171037124,
366,3,1,0,0.0,1.0,0.5160221211815968,
376,3,1,1,0.5,0.0,0.5098476833840763,
378,3,1,1,0.5,0.0,0.33318384947881996,
383,3,1,0,0.0,1.0,0.2840326024740599,
388,3,1,1,0.5,0.0,0.5496390666917264,
393,3,1,0,0.25,0.5,0.5732265621565502,
394,3,1,1,0.5,0.0,0.7343829278149562,
402,3,1,1,0.6,0.1999999999999999,0.36385125753183867,
403,3,1,0,0.0,1.0,0.185041022917878,
406,3,1,1,0.6,0.1999999999999999,0.40214160408752986,
408,3,1,0,0.4,0.1999999999999999,0.6144174248890222,
413,3,1,0,0.0,1.0,0.5855589487082071,
420,3,1,0,0.0,1.0,0.19446921007084766,
422,3,1,1,0.6,0.1999999999999999,0.4191627576477852,
430,3,1,1,0.6,0.1999999999999999,0.5544163876606989,
439,3,1,0,0.2,0.6,0.5689680362200998,
441,3,1,0,0.2,0.6,0.6891183718429521,
445,3,1,0,0.0,1.0,0.46598487625912194,
459,3,1,0,0.25,0.5,0.4277340361437495,
462,3,1,1,0.5,0.0,0.7120673491242755,
469,3,1,1,0.75,0.5,0.33156241658241425,
473,3,1,0,0.25,0.5,0.4947435706818587,
475,3,1,0,0.25,0.5,0.5600916493417863,
482,3,1,0,0.0,1.0,0.19761778879210615,
485,3,1,1,0.5,0.0,0.4907886509021875,
490,3,1,0,0.25,0.5,0.3840189251726226,
496,3,1,1,0.75,0.5,0.5029780029380558,
512,3,1,1,1.0,1.0,0.7248555913285908,
518,3,1,0,0.25,0.5,0.6343729314631681,
524,3,1,0,0.0,1.0,0.6968704648023004,
525,3,1,0,0.2,0.6,0.133826491683324,
532,3,1,0,0.0,1.0,0.1977840115140514,
535,3,1,0,0.25,0.5,0.7232286546617431,
543,3,1,1,0.5,0.0,0.5902269460601628,
545,3,1,0,0.25,0.5,0.3422553888691898,
548,3,1,1,0.5,0.0,0.3088957800500084,
551,3,1,1,0.6666666666666666,0.3333333333333332,0.7111492811523115,
562,3,1,0,0.3333333333333333,0.3333333333333333,0.7746139213546237,
576,3,1,1,0.5,0.0,0.6104272733299771,
579,3,1,0,0.3333333333333333,0.3333333333333333,0.5664496843952274,
581,3,1,0,0.3333333333333333,0.3333333333333333,0.5891767079657593,
585,3,1,1,0.5,0.0,0.5273915270140966,
588,3,1,0,0.1666666666666666,0.6666666666666667,0.7126081766249597,
594,3,1,0,0.0,1.0,0.4083583968722326,
611,3,1,1,0.75,0.5,0.5044263803493786,
625,3,1,0,0.0,1.0,0.46183245373519594,
627,3,1,1,0.75,0.5,0.7094528359387889,
630,3,1,1,0.5,0.0,0.6683300489769313,
632,3,1,1,0.5,0.0,0.49322149227171863,
634,3,1,0,0.25,0.5,0.4531765408507112,
635,3,1,1,0.5,0.0,0.48696198553838665,
638,3,1,0,0.25,0.5,0.6439340106827909,
639,3,1,0,0.0,1.0,0.4956424115667702,
641,3,1,0,0.0,1.0,0.5938033971174118,
643,3,1,1,0.5,0.0,0.5642568019214658,
644,3,1,0,0.25,0.5,0.5547427620893461,
647,3,1,1,0.5,0.0,0.7196710886738928,
654,3,1,0,0.1666666666666666,0.6666666666666667,0.38731895523086607,
655,3,1,1,0.6666666666666666,0.3333333333333332,0.5322541434213404,
660,3,1,0,0.1666666666666666,0.6666666666666667,0.5834823678775127,
662,3,1,0,0.0,1.0,0.26922216908106,
664,3,1,1,0.6666666666666666,0.3333333333333332,0.6074058626254608,
669,3,1,0,0.3333333333333333,0.3333333333333333,0.5596684476045383,
675,3,1,0,0.3333333333333333,0.3333333333333333,0.39437617274726466,
682,3,1,0,0.1666666666666666,0.6666666666666667,0.5555969322886358,
688,3,1,0,0.1666666666666666,0.6666666666666667,0.384154921499316,
691,3,1,0,0.1666666666666666,0.6666666666666667,0.6766189814664578,
693,3,1,1,0.5,0.0,0.5952470158650396,
710,3,1,0,0.0,1.0,0.2598084250990196,
720,3,1,0,0.0,1.0,0.45020982828904976,
721,3,1,0,0.3333333333333333,0.3333333333333333,0.6306022576591179,
732,3,1,0,0.0,1.0,0.3703632786425657,
734,3,1,0,0.0,1.0,0.36411792554373057,
735,3,1,0,0.0,1.0,0.17840847902704432,
738,3,1,0,0.3333333333333333,0.3333333333333333,0.4739162073558784,
1,3,2,0,0.3333333333333333,0.3333333333333333,0.2655110208885205,
2,3,2,0,0.4,0.1999999999999999,0.21241933383681078,
8,3,2,0,0.0,1.0,0.2333153777653021,
21,3,2,0,0.2,0.6,0.2805315582534771,
22,3,2,0,0.2,0.6,0.4593345239072242,
24,3,2,0,0.0,1.0,0.3941114403923547,
27,3,2,0,0.2,0.6,0.40397863813132995,
34,3,2,0,0.1666666666666666,0.6666666666666667,0.4049176530797793,
38,3,2,0,0.0,1.0,0.5661517491305867,
40,3,2,0,0.2,0.6,0.39959549495983826,
45,3,2,0,0.0,1.0,0.33017136589808216,
47,3,2,0,0.25,0.5,0.3112216121311804,
49,3,2,0,0.3333333333333333,0.3333333333333333,0.18500275924472637,
56,3,2,0,0.25,0.5,0.250789469509812,
64,3,2,0,0.3333333333333333,0.3333333333333333,0.1301487641249241,
69,3,2,0,0.0,1.0,0.3708960765820559,
86,3,2,0,0.0,1.0,0.23988947915357345,
95,3,2,0,0.25,0.5,0.19271209197671657,
96,3,2,0,0.0,1.0,0.30848391327436775,
100,3,2,0,0.25,0.5,0.4054470059989448,
107,3,2,0,0.1111111111111111,0.7777777777777778,0.3653972115125401,
110,3,2,0,0.0,1.0,0.33319676473609033,
120,3,2,0,0.0,1.0,0.302400603815955,
121,3,2,0,0.1111111111111111,0.7777777777777778,0.27620205485150556,
123,3,2,0,0.0,1.0,0.23651480351612672,
129,3,2,0,0.2,0.6,0.5259617837832993,
131,3,2,0,0.0,1.0,0.43534935338191205,
133,3,2,1,0.8888888888888888,0.7777777777777777,0.25032506101807284,
135,3,2,0,0.1666666666666666,0.6666666666666667,0.20765348292340807,
138,3,2,1,0.5555555555555556,0.1111111111111111,0.24190389213055996,
146,3,2,1,0.8888888888888888,0.7777777777777777,0.20154015950626702,
148,3,2,0,0.1111111111111111,0.7777777777777778,0.199959623642805,
150,3,2,0,0.0,1.0,0.32754701330616925,
155,3,2,0,0.25,0.5,0.3797865739606673,
156,3,2,0,0.25,0.5,0.3504512973921222,
163,3,2,0,0.25,0.5,0.32897416857600337,
165,3,2,0,0.0,1.0,0.4870651171952217,
170,3,2,0,0.1666666666666666,0.6666666666666667,0.32805651285907855,
173,3,2,0,0.25,0.5,0.27457281536992134,
184,3,2,0,0.0,1.0,0.21903827898278194,
189,3,2,1,0.5,0.0,0.35401703814712016,
191,3,2,0,0.0,1.0,0.32130182095400567,
193,3,2,0,0.25,0.5,0.3782832989186833,
195,3,2,0,0.0,1.0,0.4262315057996954,
196,3,2,1,0.5,0.0,0.4023053590495047,
207,3,2,0,0.2,0.6,0.2704825313945783,
208,3,2,0,0.0,1.0,0.1854752914311239,
214,3,2,0,0.2,0.6,0.37336111070839134,
221,3,2,1,0.8,0.6000000000000001,0.22371776315542347,
227,3,2,1,1.0,1.0,0.42446095189948896,
230,3,2,0,0.2,0.6,0.27521078256345305,
234,3,2,0,0.25,0.5,0.5188269756006552,
262,3,2,1,0.5,0.0,0.3775252445007,
270,3,2,0,0.0,1.0,0.5707458181561849,
278,3,2,0,0.25,0.5,0.2634700927795944,
280,3,2,0,0.25,0.5,0.36065323065987853,
282,3,2,0,0.25,0.5,0.42347173455089215,
290,3,2,0,0.0,1.0,0.5783135906777891,
294,3,2,0,0.0,1.0,0.30670612249107065,
295,3,2,0,0.0,1.0,0.21902493495014752,
298,3,2,0,0.25,0.5,0.4041613099118744,
299,3,2,1,0.8,0.6000000000000001,0.32620170228741063,
300,3,2,0,0.0,1.0,0.42860255502688277,
304,3,2,1,0.8,0.6000000000000001,0.5891328151885358,
311,3,2,0,0.4,0.1999999999999999,0.2051113352173265,
312,3,2,0,0.0,1.0,0.2611228040753626,
322,3,2,1,0.6,0.1999999999999999,0.5836584842742869,
323,3,2,0,0.0,1.0,0.47377770321131535,
333,3,2,0,0.0,1.0,0.1897120017559448,
334,3,2,0,0.4,0.1999999999999999,0.5102730505927384,
344,3,2,0,0.2,0.6,0.3545362675606955,
357,3,2,1,0.5,0.0,0.4299675912284391,
367,3,2,0,0.25,0.5,0.5945596684961953,
371,3,2,0,0.25,0.5,0.5095441122457531,
382,3,2,1,0.5,0.0,0.404442499244889,
396,3,2,1,0.75,0.5,0.7468638273606895,
398,3,2,0,0.25,0.5,0.6805190249002042,
417,3,2,0,0.2,0.6,0.6524950269358496,
421,3,2,0,0.2,0.6,0.37607582494599257,
427,3,2,1,0.6,0.1999999999999999,0.6285644872238139,
429,3,2,0,0.0,1.0,0.745601659794849,
433,3,2,0,0.0,1.0,0.492257522595109,
434,3,2,0,0.0,1.0,0.5180852330215964,
436,3,2,0,0.4,0.1999999999999999,0.5388465446734514,
438,3,2,0,0.1666666666666666,0.6666666666666667,0.46955042577688055,
442,3,2,1,0.8,0.6000000000000001,0.5661360833463839,
448,3,2,0,0.0,1.0,0.3338855221967185,
451,3,2,0,0.25,0.5,0.5572109896907034,
463,3,2,0,0.25,0.5,0.6581924702911303,
466,3,2,1,0.5,0.0,0.6660927421517105,
471,3,2,0,0.0,1.0,0.8872742244483647,
474,3,2,0,0.0,1.0,0.4113421072769495,
477,3,2,0,0.0,1.0,0.26998988152500014,
481,3,2,0,0.0,1.0,0.7099158014806973,
492,3,2,0,0.3333333333333333,0.3333333333333333,0.32590994048526156,
494,3,2,1,0.8,0.6000000000000001,0.48489945747481045,
502,3,2,1,0.75,0.5,0.44887657085573496,
507,3,2,1,1.0,1.0,0.5877332753629251,
513,3,2,0,0.0,1.0,0.6253850215427013,
530,3,2,1,0.5,0.0,0.4380691678011215,
537,3,2,0,0.25,0.5,0.5652064816725626,
539,3,2,0,0.25,0.5,0.6394675762687623,
540,3,2,0,0.25,0.5,0.7863980113657738,
547,3,2,1,0.5,0.0,0.625970431786907,
550,3,2,0,0.0,1.0,0.6163590181311329,
553,3,2,0,0.0,1.0,0.41786424633326513,
556,3,2,0,0.1666666666666666,0.6666666666666667,0.4804781306940695,
561,3,2,1,0.5,0.0,0.5473319659631375,
564,3,2,1,0.5,0.0,0.6036852208436261,
569,3,2,0,0.1666666666666666,0.6666666666666667,0.6661195008009442,
582,3,2,1,0.5,0.0,0.5861369308164256,
586,3,2,1,0.6666666666666666,0.3333333333333332,0.5832916772340093,
592,3,2,1,0.6,0.1999999999999999,0.5114211419471508,
593,3,2,1,0.5,0.0,0.4597009476541637,
595,3,2,1,0.8333333333333334,0.6666666666666667,0.5276058190348943,
598,3,2,0,0.3333333333333333,0.3333333333333333,0.8168835396792481,
600,3,2,0,0.1666666666666666,0.6666666666666667,0.6357957338008826,
603,3,2,1,0.5,0.0,0.4491585690653877,
606,3,2,0,0.25,0.5,0.31187915538073896,
607,3,2,0,0.0,1.0,0.5263793016048031,
609,3,2,0,0.25,0.5,0.5356036974563381,
614,3,2,1,0.75,0.5,0.6409874399725444,
615,3,2,1,0.75,0.5,0.6514014677322322,
621,3,2,1,0.5,0.0,0.6221646559612357,
624,3,2,0,0.25,0.5,0.4433912708170114,
626,3,2,1,0.5,0.0,0.4316922750207842,
631,3,2,0,0.0,1.0,0.5297208974841656,
640,3,2,1,0.75,0.5,0.7814749159246765,
642,3,2,1,0.75,0.5,0.7015837960102997,
657,3,2,1,0.5,0.0,0.501263335799787,
658,3,2,0,0.1666666666666666,0.6666666666666667,0.770643538086236,
663,3,2,0,0.3333333333333333,0.3333333333333333,0.614837322705726,
672,3,2,0,0.0,1.0,0.4971197083489618,
679,3,2,0,0.4,0.1999999999999999,0.25951916417661436,
687,3,2,0,0.3333333333333333,0.3333333333333333,0.5770058175322729,
698,3,2,1,0.5,0.0,0.7380717964855095,
699,3,2,0,0.1666666666666666,0.6666666666666667,0.7492864607140736,
702,3,2,0,0.1666666666666666,0.6666666666666667,0.6123629112863884,
705,3,2,1,0.5,0.0,0.3396770392984102,
706,3,2,1,0.6666666666666666,0.3333333333333332,0.4943162570480044,
708,3,2,0,0.0,1.0,0.4690359370262184,
709,3,2,0,0.3333333333333333,0.3333333333333333,0.44184251695750093,
719,3,2,0,0.1666666666666666,0.6666666666666667,0.5255798964738747,
726,3,2,0,0.0,1.0,0.5901779372925561,
736,3,2,0,0.0,1.0,0.4579877061371801,
739,3,2,0,0.3333333333333333,0.3333333333333333,0.3532985827311307,
741,3,2,0,0.2,0.6,0.5973819022629635,
4,3,3,1,0.6,0.1999999999999999,0.6051314191802213,
11,3,3,1,0.6,0.1999999999999999,0.29365393439532506,
13,3,3,0,0.2,0.6,0.3886856388200889,
15,3,3,0,0.4,0.1999999999999999,0.41489701382705424,
16,3,3,1,0.6,0.1999999999999999,0.22647364864212216,
18,3,3,1,0.6,0.1999999999999999,0.3004133120772571,
28,3,3,0,0.2,0.6,0.4117871471709983,
29,3,3,0,0.2,0.6,0.5177891962132292,
54,3,3,0,0.25,0.5,0.3858883162459745,
67,3,3,0,0.0,1.0,0.20327468720217678,
71,3,3,0,0.0,1.0,0.24973237632569995,
72,3,3,0,0.25,0.5,0.3333516732742544,
74,3,3,0,0.0,1.0,0.38200846798111776,
75,3,3,0,0.0,1.0,0.2868569389897948,
79,3,3,0,0.25,0.5,0.3907424364235732,
80,3,3,0,0.0,1.0,0.3814247432127262,
82,3,3,0,0.25,0.5,0.39123267404895046,
83,3,3,0,0.25,0.5,0.6553986884493951,
85,3,3,0,0.25,0.5,0.5431095104359105,
89,3,3,0,0.25,0.5,0.4445235477812955,
90,3,3,1,0.5,0.0,0.23048387481698435,
94,3,3,0,0.25,0.5,0.27521733969209156,
98,3,3,0,0.3333333333333333,0.3333333333333333,0.40444736926098546,
101,3,3,0,0.3333333333333333,0.3333333333333333,0.3856726016603775,
103,3,3,0,0.1111111111111111,0.7777777777777778,0.463586623673941,
108,3,3,0,0.25,0.5,0.43495460434384026,
112,3,3,0,0.125,0.75,0.2913760988215244,
119,3,3,0,0.1111111111111111,0.7777777777777778,0.4654321111742917,
122,3,3,0,0.0,1.0,0.269918495339348,
134,3,3,0,0.1111111111111111,0.7777777777777778,0.4040953571921194,
137,3,3,1,0.6666666666666666,0.3333333333333332,0.14507971838312805,
140,3,3,0,0.2222222222222222,0.5555555555555556,0.3247486984969884,
152,3,3,0,0.0,1.0,0.19972087645377293,
159,3,3,0,0.0,1.0,0.2834210059532802,
164,3,3,0,0.0,1.0,0.31782169103672464,
177,3,3,0,0.0,1.0,0.3334646928001881,
182,3,3,0,0.0,1.0,0.5458003750036844,
183,3,3,0,0.0,1.0,0.2948775930104317,
192,3,3,0,0.0,1.0,0.3610683062710526,
199,3,3,0,0.25,0.5,0.28475793543819805,
201,3,3,0,0.25,0.5,0.24930430843961504,
213,3,3,0,0.4,0.1999999999999999,0.4076287108735671,
219,3,3,0,0.0,1.0,0.22003837927167144,
226,3,3,0,0.0,1.0,0.3374554675256597,
228,3,3,0,0.2,0.6,0.3589328846232455,
238,3,3,0,0.25,0.5,0.18849837053026486,
241,3,3,1,0.6,0.1999999999999999,0.39762543678612416,
245,3,3,0,0.0,1.0,0.30472358986589887,
250,3,3,0,0.4,0.1999999999999999,0.4398465097818903,
252,3,3,0,0.0,1.0,0.3923662970248269,
258,3,3,0,0.0,1.0,0.38720791699971513,
263,3,3,0,0.2,0.6,0.32602301324646615,
272,3,3,1,0.5,0.0,0.6077750454865419,
275,3,3,1,0.5,0.0,0.38210810228930414,
277,3,3,1,0.5,0.0,0.5255292703331946,
279,3,3,0,0.2,0.6,0.1946987548545104,
302,3,3,0,0.0,1.0,0.21538106321467018,
307,3,3,0,0.4,0.1999999999999999,0.3100256391275322,
316,3,3,0,0.4,0.1999999999999999,0.4003868849648621,
318,3,3,0,0.4,0.1999999999999999,0.3878551722694136,
324,3,3,0,0.2,0.6,0.5496969832620712,
328,3,3,1,0.6,0.1999999999999999,0.2506998328190929,
331,3,3,0,0.0,1.0,0.2723872669911331,
332,3,3,0,0.0,1.0,0.27384249595457744,
338,3,3,0,0.4,0.1999999999999999,0.45753398348272545,
339,3,3,0,0.0,1.0,0.3584305592285284,
345,3,3,0,0.0,1.0,0.1978032784349858,
347,3,3,0,0.4,0.1999999999999999,0.6908118166311277,
352,3,3,0,0.25,0.5,0.37483336766809583,
363,3,3,0,0.0,1.0,0.518507321792564,
375,3,3,1,0.5,0.0,0.5220181447944782,
377,3,3,0,0.25,0.5,0.4103958184086597,
379,3,3,1,0.75,0.5,0.5804444097419298,
380,3,3,1,0.75,0.5,0.6347753886236147,
381,3,3,1,0.75,0.5,0.4290474890393572,
384,3,3,0,0.25,0.5,0.5263194653645114,
386,3,3,0,0.25,0.5,0.37336035275854473,
387,3,3,0,0.0,1.0,0.2897601952206066,
389,3,3,0,0.25,0.5,0.6018324191173904,
392,3,3,1,0.5,0.0,0.7494320860091177,
407,3,3,0,0.2,0.6,0.5794669649203605,
409,3,3,0,0.4,0.1999999999999999,0.7479659836416376,
416,3,3,0,0.0,1.0,0.5861819691875347,
423,3,3,0,0.0,1.0,0.6546439271256801,
424,3,3,1,0.6,0.1999999999999999,0.5120781812297917,
432,3,3,0,0.2,0.6,0.5629526415379009,
440,3,3,0,0.0,1.0,0.7790049233975442,
446,3,3,0,0.2,0.6,0.6675622884309824,
447,3,3,0,0.0,1.0,0.5605185731595085,
452,3,3,0,0.25,0.5,0.6683889073976172,
454,3,3,0,0.0,1.0,0.7613236818301039,
455,3,3,0,0.0,1.0,0.17058795267343674,
456,3,3,1,0.5,0.0,0.6147012154229994,
457,3,3,1,0.5,0.0,0.7477505183283488,
458,3,3,0,0.0,1.0,0.649485553106688,
476,3,3,0,0.0,1.0,0.7744069169554446,
478,3,3,0,0.0,1.0,0.26775910314309614,
479,3,3,0,0.0,1.0,0.49888007481827,
480,3,3,1,0.5,0.0,0.6952150345336854,
483,3,3,0,0.25,0.5,0.5588972124613638,
487,3,3,0,0.2,0.6,0.20547785596164414,
491,3,3,1,0.5,0.0,0.6817830424658139,
499,3,3,0,0.0,1.0,0.45431532677735353,
503,3,3,0,0.0,1.0,0.5900539435534784,
505,3,3,1,0.5,0.0,0.635426830689972,
506,3,3,1,0.75,0.5,0.7104219757053043,
508,3,3,1,0.75,0.5,0.4526997069411411,
515,3,3,0,0.25,0.5,0.47546200523265325,
516,3,3,0,0.0,1.0,0.5265051168175787,
519,3,3,0,0.0,1.0,0.6890850134598578,
521,3,3,1,0.75,0.5,0.549667683810942,
526,3,3,0,0.0,1.0,0.527318519846752,
529,3,3,1,0.5,0.0,0.47346299079562904,
541,3,3,1,0.5,0.0,0.4587437839327084,
542,3,3,0,0.25,0.5,0.4529277858844525,
549,3,3,0,0.0,1.0,0.3300370386804533,
552,3,3,1,0.6666666666666666,0.3333333333333332,0.5429544115413055,
555,3,3,0,0.3333333333333333,0.3333333333333333,0.7936969545655184,
558,3,3,1,0.5,0.0,0.6196173974087752,
568,3,3,1,1.0,1.0,0.6162756939677072,
570,3,3,1,0.6666666666666666,0.3333333333333332,0.6829465613003326,
573,3,3,0,0.3333333333333333,0.3333333333333333,0.7145596037387759,
575,3,3,1,0.5,0.0,0.8275339248407362,
578,3,3,1,0.5,0.0,0.5678815378365445,
583,3,3,1,0.5,0.0,0.8192304695698613,
589,3,3,0,0.3333333333333333,0.3333333333333333,0.5870754720962525,
590,3,3,0,0.3333333333333333,0.3333333333333333,0.7640383200825127,
597,3,3,0,0.0,1.0,0.29829109094708284,
610,3,3,0,0.25,0.5,0.6037596843902922,
617,3,3,1,0.5,0.0,0.665270322838555,
629,3,3,1,0.5,0.0,0.7830978900501785,
636,3,3,0,0.0,1.0,0.5600018836988649,
637,3,3,1,0.5,0.0,0.5551497910595043,
646,3,3,0,0.0,1.0,0.18006243619121529,
652,3,3,0,0.0,1.0,0.29700255675496967,
671,3,3,0,0.3333333333333333,0.3333333333333333,0.5918136326629758,
677,3,3,1,0.6666666666666666,0.3333333333333332,0.46708073269137773,
678,3,3,0,0.3333333333333333,0.3333333333333333,0.3045772031101012,
680,3,3,0,0.0,1.0,0.27908569744705947,
686,3,3,0,0.0,1.0,0.5716434979079363,
695,3,3,0,0.3333333333333333,0.3333333333333333,0.48364303090184696,
697,3,3,1,0.5,0.0,0.541379103428925,
704,3,3,0,0.3333333333333333,0.3333333333333333,0.469941305298868,
713,3,3,1,0.6,0.1999999999999999,0.5315842040414529,
722,3,3,0,0.2,0.6,0.23657245644221686,
729,3,3,0,0.4,0.1999999999999999,0.3920005687457915,
737,3,3,0,0.1666666666666666,0.6666666666666667,0.3124269774104617,
9,3,4,0,0.0,1.0,0.3858493907144115,
12,3,4,0,0.4,0.1999999999999999,0.38021934722194095,
17,3,4,0,0.4,0.1999999999999999,0.41339863594338544,
20,3,4,0,0.25,0.5,0.33941586598347456,
26,3,4,1,0.8,0.6000000000000001,0.23014602652701338,
32,3,4,0,0.2,0.6,0.3413582888718808,
33,3,4,0,0.4,0.1999999999999999,0.34748267602346905,
43,3,4,0,0.2,0.6,0.4815910556522869,
46,3,4,0,0.4,0.1999999999999999,0.5441324233003458,
51,3,4,0,0.25,0.5,0.3560000636883867,
53,3,4,0,0.1666666666666666,0.6666666666666667,0.3417659907884183,
68,3,4,0,0.0,1.0,0.2987734190628957,
70,3,4,0,0.0,1.0,0.40708502566416005,
76,3,4,0,0.25,0.5,0.3785342723976027,
88,3,4,1,0.5,0.0,0.24460863485387802,
102,3,4,0,0.0,1.0,0.20149529839229835,
104,3,4,0,0.1111111111111111,0.7777777777777778,0.4029893590826111,
105,3,4,0,0.0,1.0,0.3697510961187469,
109,3,4,0,0.1111111111111111,0.7777777777777778,0.47310127758211035,
111,3,4,0,0.1111111111111111,0.7777777777777778,0.3305266232448225,
113,3,4,0,0.1111111111111111,0.7777777777777778,0.49436830723928354,
117,3,4,0,0.25,0.5,0.2738657578092011,
118,3,4,0,0.0,1.0,0.5798171995764065,
124,3,4,0,0.0,1.0,0.3525669004859126,
128,3,4,0,0.1111111111111111,0.7777777777777778,0.2292940740933285,
132,3,4,0,0.2222222222222222,0.5555555555555556,0.31958519747502323,
139,3,4,0,0.0,1.0,0.39874654768206697,
142,3,4,0,0.0,1.0,0.4183400674892962,
143,3,4,1,0.5555555555555556,0.1111111111111111,0.5074672214193532,
158,3,4,0,0.0,1.0,0.1719852613231886,
168,3,4,0,0.25,0.5,0.4175513641915845,
171,3,4,0,0.25,0.5,0.3665531776804083,
172,3,4,0,0.0,1.0,0.19108741935412116,
175,3,4,0,0.0,1.0,0.24054342325889738,
176,3,4,0,0.0,1.0,0.2336433401448554,
178,3,4,0,0.0,1.0,0.47081945467789266,
179,3,4,0,0.25,0.5,0.3756291027713454,
185,3,4,0,0.25,0.5,0.2788254460393409,
187,3,4,0,0.0,1.0,0.3705463228547453,
194,3,4,0,0.0,1.0,0.5641616075429821,
200,3,4,0,0.2,0.6,0.18300738713393438,
202,3,4,1,0.6,0.1999999999999999,0.4160410252067608,
206,3,4,1,0.5,0.0,0.22932225758855912,
212,3,4,0,0.2,0.6,0.314085955747747,
222,3,4,0,0.2,0.6,0.30745368624523406,
224,3,4,0,0.4,0.1999999999999999,0.3491710091332961,
229,3,4,0,0.0,1.0,0.37372150968384243,
232,3,4,0,0.25,0.5,0.3332350109878932,
236,3,4,0,0.0,1.0,0.3003237667656373,
240,3,4,0,0.2,0.6,0.32460828513867435,
246,3,4,0,0.4,0.1999999999999999,0.4357752416037055,
254,3,4,0,0.25,0.5,0.3248251865654015,
260,3,4,0,0.25,0.5,0.310807494913219,
274,3,4,1,0.5,0.0,0.669666421049036,
281,3,4,0,0.0,1.0,0.480335215558348,
286,3,4,0,0.2,0.6,0.4572612412556034,
287,3,4,0,0.25,0.5,0.5395555277339947,
289,3,4,1,0.5,0.0,0.47225157391168826,
293,3,4,1,0.5,0.0,0.43275092054171477,
303,3,4,0,0.0,1.0,0.2999992232158565,
321,3,4,1,0.6,0.1999999999999999,0.4403855285549537,
325,3,4,0,0.0,1.0,0.4215166156427577,
327,3,4,0,0.0,1.0,0.6913623397005979,
335,3,4,1,0.5,0.0,0.15918722748524683,
336,3,4,0,0.4,0.1999999999999999,0.45152978146977607,
340,3,4,1,0.6,0.1999999999999999,0.3550572240599238,
342,3,4,0,0.2,0.6,0.40115395036043333,
343,3,4,1,0.8,0.6000000000000001,0.5713187694863546,
353,3,4,0,0.0,1.0,0.49214133241289315,
356,3,4,0,0.25,0.5,0.34300848239589066,
359,3,4,0,0.25,0.5,0.680393872411796,
360,3,4,0,0.25,0.5,0.41683333110818355,
361,3,4,0,0.0,1.0,0.18504152795748494,
362,3,4,1,0.75,0.5,0.5828835033195732,
365,3,4,0,0.25,0.5,0.5599159444182991,
368,3,4,1,0.5,0.0,0.55056888399005,
369,3,4,0,0.0,1.0,0.2212951475135223,
372,3,4,0,0.25,0.5,0.41290362295926286,
385,3,4,1,0.5,0.0,0.5818443781665462,
397,3,4,1,0.75,0.5,0.5884807853569402,
399,3,4,0,0.25,0.5,0.33435287744522374,
400,3,4,1,0.5,0.0,0.7433733114636177,
401,3,4,0,0.2,0.6,0.4739535062271627,
410,3,4,1,0.6,0.1999999999999999,0.6173141378144098,
418,3,4,0,0.0,1.0,0.6031952041814157,
428,3,4,1,0.6,0.1999999999999999,0.5355408152748533,
431,3,4,0,0.4,0.1999999999999999,0.430728959552362,
444,3,4,0,0.2,0.6,0.585392664494376,
449,3,4,0,0.4,0.1999999999999999,0.4747018940443105,
450,3,4,0,0.2,0.6,0.5465424640368058,
460,3,4,0,0.0,1.0,0.4968666837082314,
465,3,4,1,0.5,0.0,0.733417375081774,
468,3,4,0,0.25,0.5,0.7117341319898867,
470,3,4,0,0.0,1.0,0.6144381106421271,
486,3,4,0,0.25,0.5,0.8462665309400621,
495,3,4,0,0.0,1.0,0.7083587100294961,
497,3,4,0,0.0,1.0,0.38196607349694667,
501,3,4,0,0.25,0.5,0.5303002369083096,
504,3,4,1,0.75,0.5,0.6987228881972846,
509,3,4,0,0.25,0.5,0.37839521017196603,
510,3,4,1,0.5,0.0,0.6122859074153826,
514,3,4,1,0.75,0.5,0.6210661577540912,
517,3,4,0,0.25,0.5,0.5807727182888186,
520,3,4,1,0.5,0.0,0.41624469186002483,
527,3,4,0,0.25,0.5,0.6432265897049079,
528,3,4,0,0.0,1.0,0.36293092976232266,
533,3,4,0,0.0,1.0,0.33834087255771034,
536,3,4,0,0.3333333333333333,0.3333333333333333,0.5059229184942178,
538,3,4,0,0.0,1.0,0.697484854509014,
557,3,4,0,0.3333333333333333,0.3333333333333333,0.5264192341965496,
559,3,4,1,0.6666666666666666,0.3333333333333332,0.4661902995889319,
563,3,4,0,0.0,1.0,0.5944319368523796,
565,3,4,0,0.3333333333333333,0.3333333333333333,0.7077975265311582,
566,3,4,0,0.1666666666666666,0.6666666666666667,0.5933439900553166,
571,3,4,1,0.5,0.0,0.4239534964156011,
572,3,4,1,0.8333333333333334,0.6666666666666667,0.564701577268818,
574,3,4,0,0.3333333333333333,0.3333333333333333,0.542610044431195,
584,3,4,1,0.6666666666666666,0.3333333333333332,0.6642823998139786,
587,3,4,1,0.8333333333333334,0.6666666666666667,0.5358813928042595,
599,3,4,0,0.0,1.0,0.47714547670101193,
602,3,4,0,0.25,0.5,0.5832990514856569,
605,3,4,1,0.5,0.0,0.6857506704718124,
608,3,4,0,0.0,1.0,0.7759792651360966,
612,3,4,0,0.0,1.0,0.1744736509876621,
616,3,4,1,0.75,0.5,0.5239825738266881,
619,3,4,0,0.25,0.5,0.7690072532459595,
620,3,4,1,0.75,0.5,0.6474143090433269,
623,3,4,1,0.5,0.0,0.6063720468436865,
628,3,4,0,0.0,1.0,0.5164421682650266,
649,3,4,1,0.5,0.0,0.5980705523508147,
656,3,4,1,0.6666666666666666,0.3333333333333332,0.5907259073536937,
659,3,4,1,0.6666666666666666,0.3333333333333332,0.560305350799635,
661,3,4,1,0.8333333333333334,0.6666666666666667,0.8158749679164177,
670,3,4,1,0.5,0.0,0.5771126244708684,
676,3,4,0,0.1666666666666666,0.6666666666666667,0.46142433199271315,
684,3,4,0,0.0,1.0,0.6005014849765611,
696,3,4,0,0.1666666666666666,0.6666666666666667,0.6683251620673637,
700,3,4,1,0.5,0.0,0.5832905176924509,
701,3,4,0,0.1666666666666666,0.6666666666666667,0.6289386869007194,
711,3,4,1,0.6,0.1999999999999999,0.5430531490025315,
712,3,4,0,0.1666666666666666,0.6666666666666667,0.4334969835170751,
715,3,4,1,0.5,0.0,0.27861495371459644,
718,3,4,0,0.1666666666666666,0.6666666666666667,0.5278439453217871,
724,3,4,0,0.2,0.6,0.4360645549545898,
727,3,4,0,0.4,0.1999999999999999,0.5512632990985498,
728,3,4,0,0.2,0.6,0.2259498322379393,
731,3,4,0,0.0,1.0,0.32785005903951914,
3,4,0,0,0.0,1.0,0.34457501136303553,
8,4,0,0,0.0,1.0,0.310722332867553,
10,4,0,0,0.0,1.0,0.22544052815441296,
11,4,0,1,0.6,0.1999999999999999,0.3287446805081569,
13,4,0,0,0.2,0.6,0.32032999896569414,
18,4,0,1,0.6,0.1999999999999999,0.3528066495428988,
24,4,0,0,0.0,1.0,0.4436849540850597,
25,4,0,0,0.2,0.6,0.35260507053076995,
29,4,0,0,0.2,0.6,0.47300497818699927,
30,4,0,0,0.2,0.6,0.2335859863914282,
31,4,0,0,0.1666666666666666,0.6666666666666667,0.23995054747652594,
34,4,0,0,0.1666666666666666,0.6666666666666667,0.49978307423871254,
36,4,0,0,0.2,0.6,0.26008212184114765,
44,4,0,0,0.0,1.0,0.3895163799797751,
46,4,0,0,0.4,0.1999999999999999,0.5558107911995545,
47,4,0,0,0.25,0.5,0.306105290746008,
51,4,0,0,0.25,0.5,0.27550100265928146,
52,4,0,0,0.25,0.5,0.33278254508470606,
57,4,0,1,1.0,1.0,0.3680841176710814,
60,4,0,0,0.0,1.0,0.48381713398039694,
67,4,0,0,0.0,1.0,0.19109277225641097,
70,4,0,0,0.0,1.0,0.4252274887817843,
83,4,0,0,0.25,0.5,0.5898581697436138,
90,4,0,1,0.5,0.0,0.2346104556892882,
94,4,0,0,0.25,0.5,0.3281483231838309,
110,4,0,0,0.0,1.0,0.43129519478348666,
111,4,0,0,0.1111111111111111,0.7777777777777778,0.3355246357240906,
116,4,0,0,0.0,1.0,0.2853566875669171,
121,4,0,0,0.1111111111111111,0.7777777777777778,0.3006172034550636,
124,4,0,0,0.0,1.0,0.3035359351973456,
128,4,0,0,0.1111111111111111,0.7777777777777778,0.2591558929969553,
151,4,0,0,0.0,1.0,0.41052891053462626,
159,4,0,0,0.0,1.0,0.22521630098502948,
169,4,0,0,0.0,1.0,0.38204298210684934,
182,4,0,0,0.0,1.0,0.47376221045596,
185,4,0,0,0.25,0.5,0.25292858269137153,
189,4,0,1,0.5,0.0,0.38350511296993106,
190,4,0,0,0.25,0.5,0.25472203659665593,
191,4,0,0,0.0,1.0,0.4602109497811049,
192,4,0,0,0.0,1.0,0.32380212333381686,
198,4,0,0,0.0,1.0,0.4524431361016239,
200,4,0,0,0.2,0.6,0.28538881883147893,
205,4,0,0,0.2,0.6,0.16734793155809372,
213,4,0,0,0.4,0.1999999999999999,0.3709521466791711,
226,4,0,0,0.0,1.0,0.3182200480765601,
230,4,0,0,0.2,0.6,0.3026042519295858,
233,4,0,0,0.0,1.0,0.246569569269936,
234,4,0,0,0.25,0.5,0.45816189698142806,
236,4,0,0,0.0,1.0,0.2897058439344322,
240,4,0,0,0.2,0.6,0.2759905362339943,
241,4,0,1,0.6,0.1999999999999999,0.42541174845142227,
242,4,0,1,0.6,0.1999999999999999,0.3164769405359509,
246,4,0,0,0.4,0.1999999999999999,0.42615055847641237,
248,4,0,0,0.4,0.1999999999999999,0.3127867613444969,
252,4,0,0,0.0,1.0,0.35175379984425903,
255,4,0,0,0.25,0.5,0.1963834654565732,
273,4,0,1,0.5,0.0,0.27125022800142734,
274,4,0,1,0.5,0.0,0.6729408218733071,
278,4,0,0,0.25,0.5,0.3197191596942083,
288,4,0,1,0.75,0.5,0.2971698123974314,
311,4,0,0,0.4,0.1999999999999999,0.15719915562390807,
315,4,0,1,0.8,0.6000000000000001,0.4033798289969205,
319,4,0,0,0.2,0.6,0.3404262971816612,
320,4,0,0,0.0,1.0,0.41264639435429734,
321,4,0,1,0.6,0.1999999999999999,0.3796840606392503,
323,4,0,0,0.0,1.0,0.4871356463206711,
326,4,0,0,0.0,1.0,0.2885363592885948,
330,4,0,0,0.4,0.1999999999999999,0.4536583265313651,
339,4,0,0,0.0,1.0,0.3413216698917042,
346,4,0,1,0.6,0.1999999999999999,0.656447797020125,
359,4,0,0,0.25,0.5,0.7253103767115489,
370,4,0,0,0.0,1.0,0.34245113328496907,
372,4,0,0,0.25,0.5,0.43588186440209936,
380,4,0,1,0.75,0.5,0.669898263179826,
381,4,0,1,0.75,0.5,0.5358773739974051,
384,4,0,0,0.25,0.5,0.5269925893847127,
395,4,0,1,0.5,0.0,0.7104977117202951,
411,4,0,0,0.2,0.6,0.6990970721074057,
416,4,0,0,0.0,1.0,0.5487925145003527,
420,4,0,0,0.0,1.0,0.21078755303634766,
422,4,0,1,0.6,0.1999999999999999,0.45586959932855764,
423,4,0,0,0.0,1.0,0.7013788656053173,
434,4,0,0,0.0,1.0,0.5108313251536798,
435,4,0,0,0.4,0.1999999999999999,0.7521496110238872,
438,4,0,0,0.1666666666666666,0.6666666666666667,0.5169806032348416,
443,4,0,0,0.0,1.0,0.22442931495908153,
452,4,0,0,0.25,0.5,0.6455989055618125,
455,4,0,0,0.0,1.0,0.1987870086731976,
456,4,0,1,0.5,0.0,0.6693086632562275,
468,4,0,0,0.25,0.5,0.6844023000707546,
476,4,0,0,0.0,1.0,0.7241236155626256,
480,4,0,1,0.5,0.0,0.7066912408897101,
485,4,0,1,0.5,0.0,0.6083488549603271,
489,4,0,0,0.0,1.0,0.6946197486208785,
492,4,0,0,0.3333333333333333,0.3333333333333333,0.38897272137445404,
505,4,0,1,0.5,0.0,0.608697812814716,
506,4,0,1,0.75,0.5,0.7174655881158349,
507,4,0,1,1.0,1.0,0.5866248809568696,
510,4,0,1,0.5,0.0,0.5866505244220575,
512,4,0,1,1.0,1.0,0.7507361548239924,
515,4,0,0,0.25,0.5,0.5276412708815916,
517,4,0,0,0.25,0.5,0.6578109154613725,
522,4,0,0,0.25,0.5,0.3348168159600896,
523,4,0,0,0.25,0.5,0.5958494401359951,
534,4,0,1,0.75,0.5,0.45011157825694215,
536,4,0,0,0.3333333333333333,0.3333333333333333,0.5861790077299471,
542,4,0,0,0.25,0.5,0.3828350131175977,
543,4,0,1,0.5,0.0,0.6674822653943926,
553,4,0,0,0.0,1.0,0.44581111378673766,
555,4,0,0,0.3333333333333333,0.3333333333333333,0.735831949902231,
566,4,0,0,0.1666666666666666,0.6666666666666667,0.561461674061719,
570,4,0,1,0.6666666666666666,0.3333333333333332,0.6476361480002863,
572,4,0,1,0.8333333333333334,0.6666666666666667,0.5968039660160755,
578,4,0,1,0.5,0.0,0.6051515277310135,
579,4,0,0,0.3333333333333333,0.3333333333333333,0.6474706596989614,
586,4,0,1,0.6666666666666666,0.3333333333333332,0.5776011421391207,
591,4,0,1,0.5,0.0,0.545903690922914,
598,4,0,0,0.3333333333333333,0.3333333333333333,0.7745896283481657,
604,4,0,1,0.75,0.5,0.7170306000968707,
613,4,0,0,0.0,1.0,0.767796357441459,
618,4,0,0,0.0,1.0,0.7088758394124254,
623,4,0,1,0.5,0.0,0.6222863083149912,
625,4,0,0,0.0,1.0,0.5024267066616058,
635,4,0,1,0.5,0.0,0.531812692238832,
637,4,0,1,0.5,0.0,0.5893469699076779,
639,4,0,0,0.0,1.0,0.4450887208314901,
640,4,0,1,0.75,0.5,0.8099750826201716,
641,4,0,0,0.0,1.0,0.591560749941658,
648,4,0,1,0.5,0.0,0.5462866205783188,
661,4,0,1,0.8333333333333334,0.6666666666666667,0.8346412628376422,
662,4,0,0,0.0,1.0,0.34669953412643034,
663,4,0,0,0.3333333333333333,0.3333333333333333,0.5398723854228412,
667,4,0,0,0.3333333333333333,0.3333333333333333,0.6336119782447863,
673,4,0,0,0.3333333333333333,0.3333333333333333,0.28728496715605323,
679,4,0,0,0.4,0.1999999999999999,0.2790715141970014,
683,4,0,1,0.8333333333333334,0.6666666666666667,0.6889878823450781,
685,4,0,0,0.0,1.0,0.3088380293395299,
686,4,0,0,0.0,1.0,0.6601348870141788,
689,4,0,0,0.0,1.0,0.27113551248892603,
699,4,0,0,0.1666666666666666,0.6666666666666667,0.7598348224090672,
702,4,0,0,0.1666666666666666,0.6666666666666667,0.5928343370183442,
703,4,0,0,0.0,1.0,0.6941318558448363,
705,4,0,1,0.5,0.0,0.3113059997279266,
727,4,0,0,0.4,0.1999999999999999,0.49529983291692103,
732,4,0,0,0.0,1.0,0.375326625620681,
740,4,0,0,0.1666666666666666,0.6666666666666667,0.2697919184150114,
742,4,0,1,0.5,0.0,0.535650694255426,
1,4,1,0,0.3333333333333333,0.3333333333333333,0.22691589046680424,
21,4,1,0,0.2,0.6,0.32458080519373,
28,4,1,0,0.2,0.6,0.4792826155995863,
38,4,1,0,0.0,1.0,0.5342442006238766,
41,4,1,0,0.2,0.6,0.34272693404671295,
43,4,1,0,0.2,0.6,0.4521630265252098,
45,4,1,0,0.0,1.0,0.33937213593339643,
54,4,1,0,0.25,0.5,0.3839888467053568,
59,4,1,0,0.25,0.5,0.2523690409195035,
61,4,1,0,0.2,0.6,0.4620408377759999,
65,4,1,0,0.25,0.5,0.2285020657955133,
66,4,1,0,0.0,1.0,0.3916285558049756,
72,4,1,0,0.25,0.5,0.3166654629325879,
81,4,1,0,0.0,1.0,0.2567833851961575,
87,4,1,0,0.0,1.0,0.47196797327624584,
91,4,1,0,0.25,0.5,0.20661296213832692,
93,4,1,0,0.0,1.0,0.32262591110160144,
95,4,1,0,0.25,0.5,0.2490040319096231,
102,4,1,0,0.0,1.0,0.26727113115844126,
107,4,1,0,0.1111111111111111,0.7777777777777778,0.4061379367042879,
118,4,1,0,0.0,1.0,0.5385246509214999,
127,4,1,1,0.6666666666666666,0.3333333333333332,0.43801484289093423,
129,4,1,0,0.2,0.6,0.5205198035355798,
131,4,1,0,0.0,1.0,0.39636169330070425,
139,4,1,0,0.0,1.0,0.3407612623801832,
140,4,1,0,0.2222222222222222,0.5555555555555556,0.3376308350432194,
143,4,1,1,0.5555555555555556,0.1111111111111111,0.5287413111714477,
145,4,1,0,0.4444444444444444,0.1111111111111111,0.23515286787522366,
156,4,1,0,0.25,0.5,0.4055717943967081,
171,4,1,0,0.25,0.5,0.4392800757456564,
172,4,1,0,0.0,1.0,0.2603087630035807,
173,4,1,0,0.25,0.5,0.33156384520524784,
179,4,1,0,0.25,0.5,0.4041041050572463,
183,4,1,0,0.0,1.0,0.246076056103946,
187,4,1,0,0.0,1.0,0.44774897189394913,
188,4,1,0,0.0,1.0,0.3553833749209227,
194,4,1,0,0.0,1.0,0.5122445672769234,
195,4,1,0,0.0,1.0,0.47423279693081816,
203,4,1,0,0.2,0.6,0.2580982283090044,
204,4,1,0,0.4,0.1999999999999999,0.3174222381828965,
206,4,1,1,0.5,0.0,0.29466440687570455,
211,4,1,1,0.6,0.1999999999999999,0.45979185408025836,
214,4,1,0,0.2,0.6,0.35597312676967097,
215,4,1,0,0.2,0.6,0.22984895479804285,
217,4,1,0,0.0,1.0,0.3702743220572242,
219,4,1,0,0.0,1.0,0.285003296381214,
220,4,1,0,0.4,0.1999999999999999,0.25452940253817496,
221,4,1,1,0.8,0.6000000000000001,0.24710564876894392,
231,4,1,1,0.5,0.0,0.45251866911815686,
237,4,1,0,0.4,0.1999999999999999,0.2776511420767222,
244,4,1,1,0.6,0.1999999999999999,0.43709865993237274,
247,4,1,0,0.2,0.6,0.47033287207842467,
249,4,1,1,0.6,0.1999999999999999,0.42827728436930823,
259,4,1,0,0.0,1.0,0.3361461187165803,
272,4,1,1,0.5,0.0,0.6247962968036243,
277,4,1,1,0.5,0.0,0.6144803814992389,
295,4,1,0,0.0,1.0,0.24107710056960013,
310,4,1,0,0.2,0.6,0.46544186416601635,
313,4,1,0,0.0,1.0,0.2752697504246385,
322,4,1,1,0.6,0.1999999999999999,0.5380398946412166,
327,4,1,0,0.0,1.0,0.593310397082864,
329,4,1,0,0.0,1.0,0.33470331087046645,
342,4,1,0,0.2,0.6,0.5317091075652699,
345,4,1,0,0.0,1.0,0.1935717218405129,
348,4,1,0,0.4,0.1999999999999999,0.7913693860931067,
349,4,1,0,0.0,1.0,0.19115017776643373,
351,4,1,0,0.0,1.0,0.4149206677460785,
352,4,1,0,0.25,0.5,0.39618668670262314,
354,4,1,0,0.25,0.5,0.5417855996141798,
367,4,1,0,0.25,0.5,0.5947680322831765,
374,4,1,1,0.5,0.0,0.5277070162733963,
376,4,1,1,0.5,0.0,0.47348744753220295,
377,4,1,0,0.25,0.5,0.4701305031656179,
379,4,1,1,0.75,0.5,0.4948857792939606,
387,4,1,0,0.0,1.0,0.2889630854835473,
389,4,1,0,0.25,0.5,0.5989364061601179,
391,4,1,0,0.0,1.0,0.19894257381427582,
392,4,1,1,0.5,0.0,0.7675340797895358,
398,4,1,0,0.25,0.5,0.6640392832447408,
402,4,1,1,0.6,0.1999999999999999,0.39042512561514453,
404,4,1,1,0.6,0.1999999999999999,0.7948859914603148,
405,4,1,0,0.0,1.0,0.520144990180708,
406,4,1,1,0.6,0.1999999999999999,0.3704969830314336,
407,4,1,0,0.2,0.6,0.680822426374676,
424,4,1,1,0.6,0.1999999999999999,0.5058168312861828,
426,4,1,1,0.8,0.6000000000000001,0.5106565193535253,
436,4,1,0,0.4,0.1999999999999999,0.5254708043783519,
440,4,1,0,0.0,1.0,0.6963676906407851,
441,4,1,0,0.2,0.6,0.6618854348766372,
449,4,1,0,0.4,0.1999999999999999,0.5000600850191704,
450,4,1,0,0.2,0.6,0.5761824570938194,
453,4,1,0,0.25,0.5,0.6344795894596382,
457,4,1,1,0.5,0.0,0.7141601790204039,
460,4,1,0,0.0,1.0,0.46954203049592147,
463,4,1,0,0.25,0.5,0.598682023355667,
464,4,1,0,0.0,1.0,0.7503238420611784,
465,4,1,1,0.5,0.0,0.7439136754594133,
466,4,1,1,0.5,0.0,0.6540606659632422,
472,4,1,0,0.25,0.5,0.4562767820490087,
473,4,1,0,0.25,0.5,0.5739235730701087,
474,4,1,0,0.0,1.0,0.3660200741666404,
494,4,1,1,0.8,0.6000000000000001,0.4644329110845514,
519,4,1,0,0.0,1.0,0.641187922962761,
520,4,1,1,0.5,0.0,0.43611008785006866,
528,4,1,0,0.0,1.0,0.34838385827032553,
533,4,1,0,0.0,1.0,0.35326684686294796,
535,4,1,0,0.25,0.5,0.6804228410561595,
537,4,1,0,0.25,0.5,0.5464607468736662,
539,4,1,0,0.25,0.5,0.6201539822336374,
540,4,1,0,0.25,0.5,0.82595338527041,
547,4,1,1,0.5,0.0,0.577066929033444,
548,4,1,1,0.5,0.0,0.39113603298233124,
558,4,1,1,0.5,0.0,0.6800535345336262,
560,4,1,0,0.1666666666666666,0.6666666666666667,0.31485938385583767,
568,4,1,1,1.0,1.0,0.5245593030506506,
571,4,1,1,0.5,0.0,0.40941584669771114,
577,4,1,0,0.1666666666666666,0.6666666666666667,0.5476923870015271,
592,4,1,1,0.6,0.1999999999999999,0.5216989180824868,
608,4,1,0,0.0,1.0,0.7134522985271621,
610,4,1,0,0.25,0.5,0.6562982474130351,
617,4,1,1,0.5,0.0,0.6592423836551797,
620,4,1,1,0.75,0.5,0.6753752031591113,
621,4,1,1,0.5,0.0,0.567423036245793,
629,4,1,1,0.5,0.0,0.8082194572276875,
632,4,1,1,0.5,0.0,0.5310311801171301,
636,4,1,0,0.0,1.0,0.5731847734377217,
647,4,1,1,0.5,0.0,0.63947705055643,
649,4,1,1,0.5,0.0,0.5059225646097345,
656,4,1,1,0.6666666666666666,0.3333333333333332,0.554853554749211,
669,4,1,0,0.3333333333333333,0.3333333333333333,0.5323270688484191,
680,4,1,0,0.0,1.0,0.2766918837836554,
681,4,1,0,0.1666666666666666,0.6666666666666667,0.6870558165401037,
682,4,1,0,0.1666666666666666,0.6666666666666667,0.5092281618450887,
690,4,1,0,0.0,1.0,0.5463272030672615,
692,4,1,0,0.0,1.0,0.3194062930365247,
694,4,1,0,0.3333333333333333,0.3333333333333333,0.41416026592388044,
695,4,1,0,0.3333333333333333,0.3333333333333333,0.46381749128251615,
698,4,1,1,0.5,0.0,0.6935134335473481,
701,4,1,0,0.1666666666666666,0.6666666666666667,0.652719671525549,
715,4,1,1,0.5,0.0,0.31328969367007875,
716,4,1,1,0.6666666666666666,0.3333333333333332,0.485367739066642,
718,4,1,0,0.1666666666666666,0.6666666666666667,0.5789772175386083,
721,4,1,0,0.3333333333333333,0.3333333333333333,0.5516178249188957,
724,4,1,0,0.2,0.6,0.36976043995686725,
728,4,1,0,0.2,0.6,0.30331851646659397,
733,4,1,0,0.1666666666666666,0.6666666666666667,0.4275794550426395,
739,4,1,0,0.3333333333333333,0.3333333333333333,0.3691984712265035,
6,4,2,0,0.2,0.6,0.2756148725616785,
7,4,2,1,0.6,0.1999999999999999,0.5141644338753646,
26,4,2,1,0.8,0.6000000000000001,0.2016408866555372,
37,4,2,0,0.2,0.6,0.23384570479340416,
39,4,2,0,0.0,1.0,0.261185901019103,
42,4,2,0,0.0,1.0,0.44163312576987435,
48,4,2,1,0.6,0.1999999999999999,0.2363090810281986,
49,4,2,0,0.3333333333333333,0.3333333333333333,0.1690561934801857,
56,4,2,0,0.25,0.5,0.2710312573252402,
58,4,2,0,0.25,0.5,0.3432404563039486,
64,4,2,0,0.3333333333333333,0.3333333333333333,0.1646065070807114,
71,4,2,0,0.0,1.0,0.28511183039502364,
76,4,2,0,0.25,0.5,0.36556316837793823,
78,4,2,0,0.0,1.0,0.1904567798459841,
82,4,2,0,0.25,0.5,0.3317161761892932,
88,4,2,1,0.5,0.0,0.19520678699274915,
92,4,2,0,0.0,1.0,0.40923266411289433,
96,4,2,0,0.0,1.0,0.4281933667821938,
100,4,2,0,0.25,0.5,0.5214689612571811,
101,4,2,0,0.3333333333333333,0.3333333333333333,0.4133919002211711,
103,4,2,0,0.1111111111111111,0.7777777777777778,0.42537532289947166,
105,4,2,0,0.0,1.0,0.30691356899367583,
108,4,2,0,0.25,0.5,0.3550220503131966,
109,4,2,0,0.1111111111111111,0.7777777777777778,0.45416315594155166,
112,4,2,0,0.125,0.75,0.28867339648356793,
115,4,2,0,0.0,1.0,0.3316181063921311,
125,4,2,0,0.125,0.75,0.1927346466343774,
136,4,2,0,0.3333333333333333,0.3333333333333333,0.44400167262937223,
137,4,2,1,0.6666666666666666,0.3333333333333332,0.2213162661276508,
138,4,2,1,0.5555555555555556,0.1111111111111111,0.2359839011120838,
158,4,2,0,0.0,1.0,0.15814833391161193,
160,4,2,0,0.1666666666666666,0.6666666666666667,0.4533199117289204,
162,4,2,0,0.2,0.6,0.30646810921574136,
165,4,2,0,0.0,1.0,0.47197657090070033,
167,4,2,0,0.0,1.0,0.3470349965602434,
170,4,2,0,0.1666666666666666,0.6666666666666667,0.34163997856455985,
201,4,2,0,0.25,0.5,0.20870700070137993,
209,4,2,0,0.2,0.6,0.42182333871255784,
212,4,2,0,0.2,0.6,0.3479371883762581,
216,4,2,0,0.0,1.0,0.4951820150584132,
222,4,2,0,0.2,0.6,0.3863373382978497,
224,4,2,0,0.4,0.1999999999999999,0.24469293046260948,
228,4,2,0,0.2,0.6,0.48565838160675734,
238,4,2,0,0.25,0.5,0.1637013276494373,
243,4,2,0,0.0,1.0,0.226330481472433,
245,4,2,0,0.0,1.0,0.310664004562639,
250,4,2,0,0.4,0.1999999999999999,0.44667005678161437,
251,4,2,0,0.25,0.5,0.2940334444114173,
260,4,2,0,0.25,0.5,0.44264328869611086,
261,4,2,0,0.25,0.5,0.4262922798032789,
262,4,2,1,0.5,0.0,0.4220448475557369,
266,4,2,0,0.25,0.5,0.34295272903749896,
271,4,2,0,0.0,1.0,0.47249700612805223,
275,4,2,1,0.5,0.0,0.3770186377415147,
279,4,2,0,0.2,0.6,0.2339412408814147,
280,4,2,0,0.25,0.5,0.40655206196268423,
281,4,2,0,0.0,1.0,0.5166653460381307,
282,4,2,0,0.25,0.5,0.35421031146955473,
290,4,2,0,0.0,1.0,0.6153098668116533,
293,4,2,1,0.5,0.0,0.41732090480137607,
294,4,2,0,0.0,1.0,0.41132685210927344,
302,4,2,0,0.0,1.0,0.1890198835800962,
303,4,2,0,0.0,1.0,0.26938376791166996,
304,4,2,1,0.8,0.6000000000000001,0.5687717689551042,
306,4,2,0,0.0,1.0,0.43614912023074326,
331,4,2,0,0.0,1.0,0.25084093756246906,
334,4,2,0,0.4,0.1999999999999999,0.42817607218543063,
337,4,2,0,0.0,1.0,0.41798712357893264,
338,4,2,0,0.4,0.1999999999999999,0.41362728540936194,
341,4,2,1,0.6,0.1999999999999999,0.5343879340492883,
350,4,2,0,0.0,1.0,0.2356241668897274,
353,4,2,0,0.0,1.0,0.5274241023077106,
362,4,2,1,0.75,0.5,0.5161022531150796,
364,4,2,1,0.5,0.0,0.4605642176904435,
371,4,2,0,0.25,0.5,0.6244529479909455,
382,4,2,1,0.5,0.0,0.4195966540108379,
388,4,2,1,0.5,0.0,0.49065734098429326,
390,4,2,1,0.75,0.5,0.5820111381134031,
393,4,2,0,0.25,0.5,0.5971016227647475,
396,4,2,1,0.75,0.5,0.7276518865030396,
400,4,2,1,0.5,0.0,0.7641004134996467,
403,4,2,0,0.0,1.0,0.18335960838206425,
410,4,2,1,0.6,0.1999999999999999,0.6980829441789507,
415,4,2,0,0.0,1.0,0.5449071166334307,
417,4,2,0,0.2,0.6,0.7084567780353888,
419,4,2,0,0.4,0.1999999999999999,0.5940480176377817,
425,4,2,0,0.0,1.0,0.630463576622228,
428,4,2,1,0.6,0.1999999999999999,0.5253970632339037,
439,4,2,0,0.2,0.6,0.5686060446154071,
447,4,2,0,0.0,1.0,0.5535424728335052,
448,4,2,0,0.0,1.0,0.33826027528576064,
458,4,2,0,0.0,1.0,0.7187414146908401,
459,4,2,0,0.25,0.5,0.4849391381735647,
470,4,2,0,0.0,1.0,0.6395740332810003,
477,4,2,0,0.0,1.0,0.31461080832122,
479,4,2,0,0.0,1.0,0.3950283949451517,
486,4,2,0,0.25,0.5,0.7704278416822291,
495,4,2,0,0.0,1.0,0.6982462357572496,
496,4,2,1,0.75,0.5,0.5076489741419595,
511,4,2,1,0.5,0.0,0.5549114158194123,
516,4,2,0,0.0,1.0,0.538529064559327,
530,4,2,1,0.5,0.0,0.4426409825571255,
550,4,2,0,0.0,1.0,0.610664440841209,
551,4,2,1,0.6666666666666666,0.3333333333333332,0.773587787087965,
552,4,2,1,0.6666666666666666,0.3333333333333332,0.5891212480705899,
557,4,2,0,0.3333333333333333,0.3333333333333333,0.56128850988467,
561,4,2,1,0.5,0.0,0.5148881776901846,
562,4,2,0,0.3333333333333333,0.3333333333333333,0.7474864532305479,
563,4,2,0,0.0,1.0,0.6380334420465172,
565,4,2,0,0.3333333333333333,0.3333333333333333,0.6586630286134334,
581,4,2,0,0.3333333333333333,0.3333333333333333,0.5911680434548593,
582,4,2,1,0.5,0.0,0.5759652972589273,
583,4,2,1,0.5,0.0,0.8043047403743875,
584,4,2,1,0.6666666666666666,0.3333333333333332,0.6530565033323821,
597,4,2,0,0.0,1.0,0.3324270054344255,
600,4,2,0,0.1666666666666666,0.6666666666666667,0.6225338522360526,
601,4,2,0,0.0,1.0,0.2824796419813285,
602,4,2,0,0.25,0.5,0.582394279632388,
606,4,2,0,0.25,0.5,0.31581088041059363,
609,4,2,0,0.25,0.5,0.5493661788074786,
614,4,2,1,0.75,0.5,0.7264865564816605,
619,4,2,0,0.25,0.5,0.7520398162044534,
624,4,2,0,0.25,0.5,0.4783305501158859,
628,4,2,0,0.0,1.0,0.48632883514984515,
630,4,2,1,0.5,0.0,0.667424682023545,
633,4,2,1,0.5,0.0,0.7752477453777106,
634,4,2,0,0.25,0.5,0.3979974328670306,
642,4,2,1,0.75,0.5,0.7031523989849309,
644,4,2,0,0.25,0.5,0.6246428132113949,
646,4,2,0,0.0,1.0,0.1900024575591483,
651,4,2,0,0.3333333333333333,0.3333333333333333,0.45425597073337254,
654,4,2,0,0.1666666666666666,0.6666666666666667,0.5341360538841715,
655,4,2,1,0.6666666666666666,0.3333333333333332,0.6339982797935467,
657,4,2,1,0.5,0.0,0.5115289863376062,
658,4,2,0,0.1666666666666666,0.6666666666666667,0.7679713408863036,
659,4,2,1,0.6666666666666666,0.3333333333333332,0.5180632137657762,
670,4,2,1,0.5,0.0,0.5633039997543897,
697,4,2,1,0.5,0.0,0.5674766607828512,
707,4,2,1,0.5,0.0,0.3464277177219245,
708,4,2,0,0.0,1.0,0.5431182919572721,
712,4,2,0,0.1666666666666666,0.6666666666666667,0.4880457304424286,
713,4,2,1,0.6,0.1999999999999999,0.43173383281090577,
720,4,2,0,0.0,1.0,0.39978002696531634,
723,4,2,0,0.1666666666666666,0.6666666666666667,0.5062539873633812,
734,4,2,0,0.0,1.0,0.36990990085390585,
738,4,2,0,0.3333333333333333,0.3333333333333333,0.457826609740815,
741,4,2,0,0.2,0.6,0.5737163183873406,
4,4,3,1,0.6,0.1999999999999999,0.5056245784472004,
12,4,3,0,0.4,0.1999999999999999,0.32553396131980866,
14,4,3,0,0.2,0.6,0.4875287477605771,
15,4,3,0,0.4,0.1999999999999999,0.371838929045994,
17,4,3,0,0.4,0.1999999999999999,0.42465980294358396,
22,4,3,0,0.2,0.6,0.5181655049939067,
27,4,3,0,0.2,0.6,0.3127565278267344,
33,4,3,0,0.4,0.1999999999999999,0.2800807805859895,
35,4,3,1,0.5,0.0,0.3882240291884308,
50,4,3,1,0.8,0.6000000000000001,0.3336922368300549,
53,4,3,0,0.1666666666666666,0.6666666666666667,0.4012135124904207,
55,4,3,0,0.0,1.0,0.28608331413166455,
62,4,3,0,0.25,0.5,0.276781475986526,
68,4,3,0,0.0,1.0,0.2759163738869983,
75,4,3,0,0.0,1.0,0.31232086588101754,
77,4,3,0,0.25,0.5,0.2994836823405752,
79,4,3,0,0.25,0.5,0.28488890534680866,
84,4,3,0,0.3333333333333333,0.3333333333333333,0.48794431086273793,
97,4,3,0,0.25,0.5,0.2628470529059419,
98,4,3,0,0.3333333333333333,0.3333333333333333,0.5577923697031015,
99,4,3,0,0.0,1.0,0.22504777670240705,
104,4,3,0,0.1111111111111111,0.7777777777777778,0.34654244177996824,
106,4,3,1,1.0,1.0,0.34913339613970146,
114,4,3,0,0.1111111111111111,0.7777777777777778,0.5407042685536283,
119,4,3,0,0.1111111111111111,0.7777777777777778,0.4607076161998368,
120,4,3,0,0.0,1.0,0.32972813074147045,
122,4,3,0,0.0,1.0,0.2868114341067226,
126,4,3,0,0.2222222222222222,0.5555555555555556,0.45495079996271226,
132,4,3,0,0.2222222222222222,0.5555555555555556,0.30223354943672603,
134,4,3,0,0.1111111111111111,0.7777777777777778,0.32171717646942094,
135,4,3,0,0.1666666666666666,0.6666666666666667,0.280681928482635,
147,4,3,0,0.0,1.0,0.50230200378757,
148,4,3,0,0.1111111111111111,0.7777777777777778,0.19683482340816558,
153,4,3,0,0.0,1.0,0.2717385074314458,
157,4,3,0,0.25,0.5,0.2589684429081218,
163,4,3,0,0.25,0.5,0.38174610840021783,
166,4,3,0,0.25,0.5,0.3767496674320735,
168,4,3,0,0.25,0.5,0.4210891650526432,
174,4,3,1,0.5,0.0,0.3395016745759052,
176,4,3,0,0.0,1.0,0.2727161976910908,
177,4,3,0,0.0,1.0,0.3464775741721344,
178,4,3,0,0.0,1.0,0.49375260945861754,
180,4,3,0,0.0,1.0,0.5001735846868507,
181,4,3,1,0.5,0.0,0.3148925758198411,
184,4,3,0,0.0,1.0,0.26674645338599945,
197,4,3,0,0.0,1.0,0.4673489108396578,
207,4,3,0,0.2,0.6,0.2992430492006134,
227,4,3,1,1.0,1.0,0.4107757432008598,
229,4,3,0,0.0,1.0,0.4460368472265419,
235,4,3,0,0.0,1.0,0.40347692719685324,
239,4,3,1,0.6,0.1999999999999999,0.261453571889377,
253,4,3,0,0.0,1.0,0.46145484171205453,
254,4,3,0,0.25,0.5,0.31588298307208673,
258,4,3,0,0.0,1.0,0.448361639114411,
267,4,3,0,0.0,1.0,0.20350109798752394,
269,4,3,1,0.5,0.0,0.3454632128036615,
286,4,3,0,0.2,0.6,0.40127643668942364,
287,4,3,0,0.25,0.5,0.526899480694009,
291,4,3,0,0.0,1.0,0.5588088613928537,
296,4,3,0,0.0,1.0,0.3401963312802764,
299,4,3,1,0.8,0.6000000000000001,0.3366565195081242,
307,4,3,0,0.4,0.1999999999999999,0.3900595868712463,
314,4,3,0,0.0,1.0,0.4026309923328104,
316,4,3,0,0.4,0.1999999999999999,0.4174727973649798,
325,4,3,0,0.0,1.0,0.35340421416338896,
336,4,3,0,0.4,0.1999999999999999,0.5526921177287332,
343,4,3,1,0.8,0.6000000000000001,0.520642392713732,
355,4,3,0,0.25,0.5,0.4330963575378145,
356,4,3,0,0.25,0.5,0.4387518301385529,
357,4,3,1,0.5,0.0,0.47257788048320765,
361,4,3,0,0.0,1.0,0.20536478308535333,
363,4,3,0,0.0,1.0,0.5898082265719559,
366,4,3,0,0.0,1.0,0.5622538629002263,
368,4,3,1,0.5,0.0,0.5625500279309852,
375,4,3,1,0.5,0.0,0.572601377796008,
386,4,3,0,0.25,0.5,0.5337850530204996,
394,4,3,1,0.5,0.0,0.721674517437656,
408,4,3,0,0.4,0.1999999999999999,0.665680785955375,
409,4,3,0,0.4,0.1999999999999999,0.6615245616049205,
412,4,3,1,1.0,1.0,0.6291590639549387,
414,4,3,1,0.6,0.1999999999999999,0.5859728094810888,
418,4,3,0,0.0,1.0,0.5778265731392387,
429,4,3,0,0.0,1.0,0.649698707988341,
437,4,3,1,0.6,0.1999999999999999,0.5886547857803913,
442,4,3,1,0.8,0.6000000000000001,0.465543806615519,
445,4,3,0,0.0,1.0,0.4612615781423801,
446,4,3,0,0.2,0.6,0.6880054647997229,
462,4,3,1,0.5,0.0,0.776793477646938,
471,4,3,0,0.0,1.0,0.850327904859347,
478,4,3,0,0.0,1.0,0.2516059861193888,
481,4,3,0,0.0,1.0,0.6980444461632997,
482,4,3,0,0.0,1.0,0.20072066586515608,
483,4,3,0,0.25,0.5,0.4927922230215432,
484,4,3,0,0.25,0.5,0.6039314990888787,
488,4,3,1,0.5,0.0,0.5563685281310868,
490,4,3,0,0.25,0.5,0.34448814875535105,
493,4,3,0,0.0,1.0,0.47875511714932817,
497,4,3,0,0.0,1.0,0.34867186611689643,
498,4,3,0,0.0,1.0,0.24819506046061884,
500,4,3,0,0.25,0.5,0.5756274698097925,
501,4,3,0,0.25,0.5,0.525344865445658,
504,4,3,1,0.75,0.5,0.6532948680808819,
509,4,3,0,0.25,0.5,0.3730080278120401,
518,4,3,0,0.25,0.5,0.6259502825349488,
521,4,3,1,0.75,0.5,0.5705838842941229,
526,4,3,0,0.0,1.0,0.49955550332299636,
527,4,3,0,0.25,0.5,0.6533436072414425,
538,4,3,0,0.0,1.0,0.6646093280826193,
541,4,3,1,0.5,0.0,0.5278184576687692,
544,4,3,1,0.5,0.0,0.6795974045500093,
549,4,3,0,0.0,1.0,0.31094279313707623,
554,4,3,1,0.5,0.0,0.6600530751268701,
564,4,3,1,0.5,0.0,0.6629306927593595,
567,4,3,0,0.3333333333333333,0.3333333333333333,0.6516850661894804,
569,4,3,0,0.1666666666666666,0.6666666666666667,0.6248118793325766,
573,4,3,0,0.3333333333333333,0.3333333333333333,0.6994744608335906,
574,4,3,0,0.3333333333333333,0.3333333333333333,0.5546595610241314,
575,4,3,1,0.5,0.0,0.7776880507915148,
585,4,3,1,0.5,0.0,0.5919794669836168,
587,4,3,1,0.8333333333333334,0.6666666666666667,0.49456084452128146,
588,4,3,0,0.1666666666666666,0.6666666666666667,0.6020417716612518,
589,4,3,0,0.3333333333333333,0.3333333333333333,0.48524674873617624,
594,4,3,0,0.0,1.0,0.48237113817948324,
596,4,3,1,0.5,0.0,0.642319980377793,
605,4,3,1,0.5,0.0,0.6614034692364987,
615,4,3,1,0.75,0.5,0.679501575963017,
622,4,3,1,0.75,0.5,0.5381993568323313,
626,4,3,1,0.5,0.0,0.461470104878274,
638,4,3,0,0.25,0.5,0.5805415662946132,
643,4,3,1,0.5,0.0,0.649297581146697,
652,4,3,0,0.0,1.0,0.25719907206840553,
653,4,3,1,0.5,0.0,0.41125175542189507,
664,4,3,1,0.6666666666666666,0.3333333333333332,0.6539027941395004,
672,4,3,0,0.0,1.0,0.4975109199551859,
674,4,3,0,0.3333333333333333,0.3333333333333333,0.5293376276573742,
675,4,3,0,0.3333333333333333,0.3333333333333333,0.46201072297045465,
676,4,3,0,0.1666666666666666,0.6666666666666667,0.5531992727792177,
693,4,3,1,0.5,0.0,0.5213501349243983,
704,4,3,0,0.3333333333333333,0.3333333333333333,0.5186583671512872,
709,4,3,0,0.3333333333333333,0.3333333333333333,0.45181085135192267,
710,4,3,0,0.0,1.0,0.2531762513773981,
714,4,3,0,0.3333333333333333,0.3333333333333333,0.4129643802669282,
717,4,3,1,0.5,0.0,0.45826297655997245,
719,4,3,0,0.1666666666666666,0.6666666666666667,0.512624797291464,
722,4,3,0,0.2,0.6,0.2411553585399222,
735,4,3,0,0.0,1.0,0.17904149299678096,
737,4,3,0,0.1666666666666666,0.6666666666666667,0.2868230170228009,
2,4,4,0,0.4,0.1999999999999999,0.30841839273462723,
5,4,4,0,0.2,0.6,0.3634395844013905,
9,4,4,0,0.0,1.0,0.2717125949429419,
16,4,4,1,0.6,0.1999999999999999,0.20821511663832512,
20,4,4,0,0.25,0.5,0.2532658781172195,
32,4,4,0,0.2,0.6,0.3304280690923348,
40,4,4,0,0.2,0.6,0.30284311739085445,
63,4,4,0,0.0,1.0,0.31153445869186736,
69,4,4,0,0.0,1.0,0.2889722112042454,
73,4,4,0,0.0,1.0,0.14189054794014888,
74,4,4,0,0.0,1.0,0.44229980257281465,
80,4,4,0,0.0,1.0,0.2964595370653814,
85,4,4,0,0.25,0.5,0.44051812775134047,
86,4,4,0,0.0,1.0,0.3378020045894052,
89,4,4,0,0.25,0.5,0.5197175286821203,
113,4,4,0,0.1111111111111111,0.7777777777777778,0.45390199761291666,
117,4,4,0,0.25,0.5,0.27743352345654976,
123,4,4,0,0.0,1.0,0.22830495600632927,
130,4,4,0,0.1111111111111111,0.7777777777777778,0.31991806166659875,
133,4,4,1,0.8888888888888888,0.7777777777777777,0.24106354812821879,
141,4,4,0,0.0,1.0,0.4456762581286646,
142,4,4,0,0.0,1.0,0.41133472779455127,
144,4,4,0,0.0,1.0,0.3347703615134564,
146,4,4,1,0.8888888888888888,0.7777777777777777,0.3099609992358587,
149,4,4,0,0.3333333333333333,0.3333333333333333,0.15371363767959648,
150,4,4,0,0.0,1.0,0.35596020248337557,
152,4,4,0,0.0,1.0,0.2097814921083581,
154,4,4,0,0.25,0.5,0.25202332421618673,
155,4,4,0,0.25,0.5,0.5168047788697048,
161,4,4,0,0.0,1.0,0.4304848018642842,
164,4,4,0,0.0,1.0,0.17706795387636814,
175,4,4,0,0.0,1.0,0.24028519952421074,
186,4,4,0,0.0,1.0,0.3229881063560899,
193,4,4,0,0.25,0.5,0.4648409965069298,
196,4,4,1,0.5,0.0,0.4370599185492979,
199,4,4,0,0.25,0.5,0.22759661151094654,
202,4,4,1,0.6,0.1999999999999999,0.26190946160995365,
208,4,4,0,0.0,1.0,0.11082683288588144,
210,4,4,0,0.4,0.1999999999999999,0.7887256665040397,
223,4,4,0,0.2,0.6,0.276321468883667,
225,4,4,0,0.2,0.6,0.2207352032787347,
232,4,4,0,0.25,0.5,0.37996561569871135,
257,4,4,0,0.25,0.5,0.3060370348147821,
263,4,4,0,0.2,0.6,0.33174073987021757,
264,4,4,0,0.25,0.5,0.25753597323496213,
265,4,4,1,0.5,0.0,0.39971665940841816,
268,4,4,1,0.5,0.0,0.18938113741818202,
270,4,4,0,0.0,1.0,0.6275006711331377,
276,4,4,0,0.2,0.6,0.42869042800710233,
283,4,4,0,0.25,0.5,0.5300261989279635,
284,4,4,1,0.5,0.0,0.3055889375657107,
285,4,4,0,0.4,0.1999999999999999,0.32452323946847206,
289,4,4,1,0.5,0.0,0.44407116423427273,
292,4,4,0,0.25,0.5,0.7278634768609628,
297,4,4,0,0.0,1.0,0.3166003054868901,
298,4,4,0,0.25,0.5,0.43246418767688144,
300,4,4,0,0.0,1.0,0.4179712586347777,
308,4,4,0,0.4,0.1999999999999999,0.5506221166157411,
309,4,4,1,0.8,0.6000000000000001,0.5520433618795821,
312,4,4,0,0.0,1.0,0.24063084308572774,
317,4,4,0,0.4,0.1999999999999999,0.23038031676621268,
318,4,4,0,0.4,0.1999999999999999,0.43635839499617857,
324,4,4,0,0.2,0.6,0.6113770970490108,
328,4,4,1,0.6,0.1999999999999999,0.2634984907139305,
332,4,4,0,0.0,1.0,0.3468573916758333,
333,4,4,0,0.0,1.0,0.28571031409159353,
335,4,4,1,0.5,0.0,0.17714364498997098,
340,4,4,1,0.6,0.1999999999999999,0.3418441726318483,
344,4,4,0,0.2,0.6,0.35161189902874423,
347,4,4,0,0.4,0.1999999999999999,0.7285430148081777,
358,4,4,0,0.25,0.5,0.6179048722350959,
360,4,4,0,0.25,0.5,0.43317461348037034,
365,4,4,0,0.25,0.5,0.5751368950102639,
369,4,4,0,0.0,1.0,0.18922725527917328,
373,4,4,0,0.0,1.0,0.5455644083350206,
378,4,4,1,0.5,0.0,0.4304292410571249,
383,4,4,0,0.0,1.0,0.23031614502261732,
385,4,4,1,0.5,0.0,0.5398735726686394,
397,4,4,1,0.75,0.5,0.6819753145942482,
399,4,4,0,0.25,0.5,0.42150890563450283,
401,4,4,0,0.2,0.6,0.5240668732438609,
413,4,4,0,0.0,1.0,0.5919447837319847,
421,4,4,0,0.2,0.6,0.3752229339362579,
427,4,4,1,0.6,0.1999999999999999,0.6145453734152395,
430,4,4,1,0.6,0.1999999999999999,0.6059297971365176,
431,4,4,0,0.4,0.1999999999999999,0.5466586795576827,
432,4,4,0,0.2,0.6,0.5335009947272512,
433,4,4,0,0.0,1.0,0.4859821330760616,
444,4,4,0,0.2,0.6,0.5999502103174481,
451,4,4,0,0.25,0.5,0.5266215583897332,
454,4,4,0,0.0,1.0,0.7229310691642914,
461,4,4,1,0.5,0.0,0.736659507031584,
467,4,4,1,1.0,1.0,0.7792847567285588,
469,4,4,1,0.75,0.5,0.34352788642119036,
475,4,4,0,0.25,0.5,0.637986702649831,
487,4,4,0,0.2,0.6,0.13971922278749405,
491,4,4,1,0.5,0.0,0.7775990136801698,
499,4,4,0,0.0,1.0,0.530800029067322,
502,4,4,1,0.75,0.5,0.4156497792774829,
503,4,4,0,0.0,1.0,0.44316103302984794,
508,4,4,1,0.75,0.5,0.39182144233169725,
513,4,4,0,0.0,1.0,0.581441059787753,
514,4,4,1,0.75,0.5,0.6715233070377136,
524,4,4,0,0.0,1.0,0.8101751748417152,
525,4,4,0,0.2,0.6,0.1502608924750824,
529,4,4,1,0.5,0.0,0.3947565302531393,
531,4,4,1,0.75,0.5,0.6324247555133081,
532,4,4,0,0.0,1.0,0.2120395683047035,
545,4,4,0,0.25,0.5,0.30984215679115135,
546,4,4,1,0.5,0.0,0.47428195950065244,
556,4,4,0,0.1666666666666666,0.6666666666666667,0.5779395389659813,
559,4,4,1,0.6666666666666666,0.3333333333333332,0.4068232538797999,
576,4,4,1,0.5,0.0,0.643873072304848,
580,4,4,0,0.3333333333333333,0.3333333333333333,0.2709874472949306,
590,4,4,0,0.3333333333333333,0.3333333333333333,0.763179322275808,
593,4,4,1,0.5,0.0,0.42581119148794777,
595,4,4,1,0.8333333333333334,0.6666666666666667,0.5031135665913394,
599,4,4,0,0.0,1.0,0.4766920495074077,
603,4,4,1,0.5,0.0,0.4770680659414107,
607,4,4,0,0.0,1.0,0.42113946609402386,
611,4,4,1,0.75,0.5,0.5984981324662211,
612,4,4,0,0.0,1.0,0.13475347400570142,
616,4,4,1,0.75,0.5,0.4648052089756947,
627,4,4,1,0.75,0.5,0.7624223246221018,
631,4,4,0,0.0,1.0,0.5718502500756749,
645,4,4,1,0.75,0.5,0.6986729464784422,
650,4,4,0,0.0,1.0,0.29098405946555106,
660,4,4,0,0.1666666666666666,0.6666666666666667,0.5625205167333629,
665,4,4,0,0.1666666666666666,0.6666666666666667,0.5115584319077919,
668,4,4,0,0.1666666666666666,0.6666666666666667,0.7250563197799067,
671,4,4,0,0.3333333333333333,0.3333333333333333,0.6571045553639505,
677,4,4,1,0.6666666666666666,0.3333333333333332,0.501791823988561,
678,4,4,0,0.3333333333333333,0.3333333333333333,0.34990422843015845,
684,4,4,0,0.0,1.0,0.5978822200492555,
687,4,4,0,0.3333333333333333,0.3333333333333333,0.5371686781323788,
688,4,4,0,0.1666666666666666,0.6666666666666667,0.3907145540181363,
691,4,4,0,0.1666666666666666,0.6666666666666667,0.7070522530005705,
696,4,4,0,0.1666666666666666,0.6666666666666667,0.6315404776099327,
700,4,4,1,0.5,0.0,0.6292850853439996,
706,4,4,1,0.6666666666666666,0.3333333333333332,0.6117699666418239,
711,4,4,1,0.6,0.1999999999999999,0.42233459262862516,
725,4,4,0,0.0,1.0,0.4479536984424722,
726,4,4,0,0.0,1.0,0.6214859178139719,
729,4,4,0,0.4,0.1999999999999999,0.4592321580894553,
730,4,4,0,0.3333333333333333,0.3333333333333333,0.35854131682499957,
731,4,4,0,0.0,1.0,0.22551431728615662,
736,4,4,0,0.0,1.0,0.4320852216055231,
