patient_id,repeat,fold,y,y_soft,agreement,p,thr
5,0,0,0,0.2,0.6,0.13485757,
7,0,0,1,0.6,0.1999999999999999,0.9741334,
28,0,0,0,0.2,0.6,0.08272607,
29,0,0,0,0.2,0.6,0.54264784,
32,0,0,0,0.2,0.6,0.99785674,
40,0,0,0,0.2,0.6,0.3766535,
49,0,0,0,0.3333333333333333,0.3333333333333333,0.16399984,
50,0,0,1,0.8,0.6000000000000001,0.1265599,
51,0,0,0,0.25,0.5,0.9243899,
55,0,0,0,0.0,1.0,0.8605093,
59,0,0,0,0.25,0.5,0.013109488,
63,0,0,0,0.0,1.0,0.46500045,
64,0,0,0,0.3333333333333333,0.3333333333333333,0.00012296635,
67,0,0,0,0.0,1.0,0.00040765182,
73,0,0,0,0.0,1.0,0.0088847,
77,0,0,0,0.25,0.5,0.017389486,
82,0,0,0,0.25,0.5,0.38009873,
83,0,0,0,0.25,0.5,0.81984365,
88,0,0,1,0.5,0.0,0.0013811924,
98,0,0,0,0.3333333333333333,0.3333333333333333,0.45068246,
107,0,0,0,0.1111111111111111,0.7777777777777778,0.3676324,
109,0,0,0,0.1111111111111111,0.7777777777777778,0.76204973,
110,0,0,0,0.0,1.0,0.69422054,
112,0,0,0,0.125,0.75,0.17886564,
113,0,0,0,0.1111111111111111,0.7777777777777778,0.9748858,
116,0,0,0,0.0,1.0,0.0005816136,
122,0,0,0,0.0,1.0,0.33858517,
127,0,0,1,0.6666666666666666,0.3333333333333332,0.8317977,
134,0,0,0,0.1111111111111111,0.7777777777777778,0.00037534055,
139,0,0,0,0.0,1.0,0.11393043,
151,0,0,0,0.0,1.0,0.13154453,
153,0,0,0,0.0,1.0,0.00042768108,
160,0,0,0,0.1666666666666666,0.6666666666666667,0.5697992,
161,0,0,0,0.0,1.0,0.9717013,
174,0,0,1,0.5,0.0,0.5493362,
177,0,0,0,0.0,1.0,0.10870319,
183,0,0,0,0.0,1.0,0.034606423,
199,0,0,0,0.25,0.5,0.08612889,
202,0,0,1,0.6,0.1999999999999999,0.046095848,
206,0,0,1,0.5,0.0,0.028554242,
210,0,0,0,0.4,0.1999999999999999,0.9999681,
230,0,0,0,0.2,0.6,0.0002162766,
231,0,0,1,0.5,0.0,0.23552123,
232,0,0,0,0.25,0.5,0.18469764,
233,0,0,0,0.0,1.0,0.0015021256,
240,0,0,0,0.2,0.6,0.1814067,
241,0,0,1,0.6,0.1999999999999999,0.99745023,
248,0,0,0,0.4,0.1999999999999999,0.31536216,
253,0,0,0,0.0,1.0,0.99518895,
259,0,0,0,0.0,1.0,0.1317973,
274,0,0,1,0.5,0.0,0.9999971,
275,0,0,1,0.5,0.0,0.32788837,
282,0,0,0,0.25,0.5,0.26971626,
284,0,0,1,0.5,0.0,0.7521335,
285,0,0,0,0.4,0.1999999999999999,0.28434926,
287,0,0,0,0.25,0.5,0.67747366,
294,0,0,0,0.0,1.0,0.41378224,
300,0,0,0,0.0,1.0,0.07722046,
307,0,0,0,0.4,0.1999999999999999,0.18490063,
309,0,0,1,0.8,0.6000000000000001,0.052443292,
310,0,0,0,0.2,0.6,0.0077499263,
315,0,0,1,0.8,0.6000000000000001,0.8660208,
316,0,0,0,0.4,0.1999999999999999,0.095381245,
319,0,0,0,0.2,0.6,0.0005402025,
322,0,0,1,0.6,0.1999999999999999,0.9978564,
329,0,0,0,0.0,1.0,0.17704552,
330,0,0,0,0.4,0.1999999999999999,0.21652254,
338,0,0,0,0.4,0.1999999999999999,0.89318866,
339,0,0,0,0.0,1.0,0.10892758,
342,0,0,0,0.2,0.6,0.827431,
345,0,0,0,0.0,1.0,0.00012918476,
371,0,0,0,0.25,0.5,0.932595,
372,0,0,0,0.25,0.5,0.28087905,
374,0,0,1,0.5,0.0,0.97986853,
376,0,0,1,0.5,0.0,0.7228502,
384,0,0,0,0.25,0.5,0.25860837,
394,0,0,1,0.5,0.0,0.7738186,
407,0,0,0,0.2,0.6,0.15211803,
413,0,0,0,0.0,1.0,0.019265864,
421,0,0,0,0.2,0.6,0.113235086,
436,0,0,0,0.4,0.1999999999999999,0.99305975,
438,0,0,0,0.1666666666666666,0.6666666666666667,0.7623387,
456,0,0,1,0.5,0.0,0.002071296,
457,0,0,1,0.5,0.0,0.86686176,
459,0,0,0,0.25,0.5,0.084812656,
463,0,0,0,0.25,0.5,0.43607086,
465,0,0,1,0.5,0.0,0.9055714,
468,0,0,0,0.25,0.5,0.792113,
480,0,0,1,0.5,0.0,0.9709205,
487,0,0,0,0.2,0.6,0.0056511527,
490,0,0,0,0.25,0.5,5.021196e-05,
491,0,0,1,0.5,0.0,0.0056135617,
492,0,0,0,0.3333333333333333,0.3333333333333333,4.6182577e-05,
495,0,0,0,0.0,1.0,0.6893579,
497,0,0,0,0.0,1.0,0.019756079,
499,0,0,0,0.0,1.0,0.35058704,
510,0,0,1,0.5,0.0,0.93563884,
513,0,0,0,0.0,1.0,0.98736495,
514,0,0,1,0.75,0.5,0.9991497,
518,0,0,0,0.25,0.5,0.87112486,
521,0,0,1,0.75,0.5,0.99421275,
528,0,0,0,0.0,1.0,0.15901408,
534,0,0,1,0.75,0.5,0.0180026,
539,0,0,0,0.25,0.5,0.80505526,
540,0,0,0,0.25,0.5,0.997157,
542,0,0,0,0.25,0.5,0.8156854,
549,0,0,0,0.0,1.0,0.24097297,
554,0,0,1,0.5,0.0,0.99999976,
557,0,0,0,0.3333333333333333,0.3333333333333333,2.6184762e-06,
565,0,0,0,0.3333333333333333,0.3333333333333333,0.99970603,
566,0,0,0,0.1666666666666666,0.6666666666666667,0.5859913,
572,0,0,1,0.8333333333333334,0.6666666666666667,0.0071869832,
573,0,0,0,0.3333333333333333,0.3333333333333333,0.9022428,
574,0,0,0,0.3333333333333333,0.3333333333333333,0.055872247,
577,0,0,0,0.1666666666666666,0.6666666666666667,0.99765384,
583,0,0,1,0.5,0.0,0.92243594,
586,0,0,1,0.6666666666666666,0.3333333333333332,0.6681671,
587,0,0,1,0.8333333333333334,0.6666666666666667,0.004578608,
588,0,0,0,0.1666666666666666,0.6666666666666667,0.13306727,
590,0,0,0,0.3333333333333333,0.3333333333333333,0.99213994,
601,0,0,0,0.0,1.0,0.07533646,
603,0,0,1,0.5,0.0,0.19096097,
608,0,0,0,0.0,1.0,0.92349124,
618,0,0,0,0.0,1.0,0.9989902,
628,0,0,0,0.0,1.0,0.0056457976,
633,0,0,1,0.5,0.0,0.22977056,
645,0,0,1,0.75,0.5,0.7998238,
648,0,0,1,0.5,0.0,0.5771316,
649,0,0,1,0.5,0.0,0.5431016,
650,0,0,0,0.0,1.0,0.008219285,
653,0,0,1,0.5,0.0,0.5496986,
657,0,0,1,0.5,0.0,0.010155507,
664,0,0,1,0.6666666666666666,0.3333333333333332,0.9288516,
670,0,0,1,0.5,0.0,0.13456862,
674,0,0,0,0.3333333333333333,0.3333333333333333,0.49188402,
689,0,0,0,0.0,1.0,0.009890814,
690,0,0,0,0.0,1.0,0.9988463,
694,0,0,0,0.3333333333333333,0.3333333333333333,0.20775396,
695,0,0,0,0.3333333333333333,0.3333333333333333,0.12852566,
699,0,0,0,0.1666666666666666,0.6666666666666667,0.9999988,
703,0,0,0,0.0,1.0,0.064466596,
712,0,0,0,0.1666666666666666,0.6666666666666667,0.13035625,
714,0,0,0,0.3333333333333333,0.3333333333333333,0.0479608,
715,0,0,1,0.5,0.0,8.824334e-06,
720,0,0,0,0.0,1.0,0.0014627482,
735,0,0,0,0.0,1.0,0.00030247745,
739,0,0,0,0.3333333333333333,0.3333333333333333,0.0017994579,
2,0,1,0,0.4,0.1999999999999999,0.0017168538,
4,0,1,1,0.6,0.1999999999999999,0.8671833,
6,0,1,0,0.2,0.6,0.97506523,
14,0,1,0,0.2,0.6,0.121615954,
16,0,1,1,0.6,0.1999999999999999,0.31427532,
26,0,1,1,0.8,0.6000000000000001,0.64275384,
30,0,1,0,0.2,0.6,0.6976419,
34,0,1,0,0.1666666666666666,0.6666666666666667,0.2768379,
38,0,1,0,0.0,1.0,0.9147488,
39,0,1,0,0.0,1.0,0.08838625,
56,0,1,0,0.25,0.5,0.0046542,
61,0,1,0,0.2,0.6,3.609312e-07,
65,0,1,0,0.25,0.5,0.021967165,
66,0,1,0,0.0,1.0,0.858716,
68,0,1,0,0.0,1.0,0.01757192,
69,0,1,0,0.0,1.0,0.45693368,
74,0,1,0,0.0,1.0,0.8794602,
78,0,1,0,0.0,1.0,0.7833489,
85,0,1,0,0.25,0.5,0.76669127,
87,0,1,0,0.0,1.0,0.14107248,
93,0,1,0,0.0,1.0,0.03347557,
94,0,1,0,0.25,0.5,0.082486935,
95,0,1,0,0.25,0.5,0.025720358,
96,0,1,0,0.0,1.0,0.6875799,
120,0,1,0,0.0,1.0,0.6252129,
124,0,1,0,0.0,1.0,0.028906165,
131,0,1,0,0.0,1.0,1.10233905e-05,
141,0,1,0,0.0,1.0,0.9933178,
142,0,1,0,0.0,1.0,0.93739843,
143,0,1,1,0.5555555555555556,0.1111111111111111,0.9963191,
146,0,1,1,0.8888888888888888,0.7777777777777777,0.25097576,
148,0,1,0,0.1111111111111111,0.7777777777777778,0.0008128913,
149,0,1,0,0.3333333333333333,0.3333333333333333,0.0032748277,
150,0,1,0,0.0,1.0,0.9735557,
152,0,1,0,0.0,1.0,0.012842579,
155,0,1,0,0.25,0.5,0.069916934,
156,0,1,0,0.25,0.5,0.18076953,
159,0,1,0,0.0,1.0,0.07672936,
163,0,1,0,0.25,0.5,0.7700857,
166,0,1,0,0.25,0.5,0.19910364,
168,0,1,0,0.25,0.5,0.016936494,
182,0,1,0,0.0,1.0,0.88533294,
187,0,1,0,0.0,1.0,0.0977243,
189,0,1,1,0.5,0.0,0.7416527,
190,0,1,0,0.25,0.5,0.58145356,
196,0,1,1,0.5,0.0,0.22819212,
200,0,1,0,0.2,0.6,0.98828614,
204,0,1,0,0.4,0.1999999999999999,0.0017106605,
208,0,1,0,0.0,1.0,2.1187461e-05,
209,0,1,0,0.2,0.6,0.17636323,
211,0,1,1,0.6,0.1999999999999999,0.9999826,
212,0,1,0,0.2,0.6,0.0064122006,
215,0,1,0,0.2,0.6,0.0050914404,
221,0,1,1,0.8,0.6000000000000001,0.0018539891,
224,0,1,0,0.4,0.1999999999999999,0.8654164,
226,0,1,0,0.0,1.0,0.4213217,
243,0,1,0,0.0,1.0,2.9521821e-05,
247,0,1,0,0.2,0.6,0.0010645501,
249,0,1,1,0.6,0.1999999999999999,0.15467553,
250,0,1,0,0.4,0.1999999999999999,0.93276006,
267,0,1,0,0.0,1.0,1.617774e-07,
279,0,1,0,0.2,0.6,0.002457826,
281,0,1,0,0.0,1.0,1.9263161e-06,
288,0,1,1,0.75,0.5,0.044025145,
291,0,1,0,0.0,1.0,0.017179597,
308,0,1,0,0.4,0.1999999999999999,0.013112664,
317,0,1,0,0.4,0.1999999999999999,0.009100667,
326,0,1,0,0.0,1.0,0.0007946305,
328,0,1,1,0.6,0.1999999999999999,8.4087704e-05,
331,0,1,0,0.0,1.0,0.9890907,
332,0,1,0,0.0,1.0,0.5888371,
333,0,1,0,0.0,1.0,0.0811678,
335,0,1,1,0.5,0.0,0.0063202046,
336,0,1,0,0.4,0.1999999999999999,0.8922863,
346,0,1,1,0.6,0.1999999999999999,0.981407,
355,0,1,0,0.25,0.5,0.0605056,
359,0,1,0,0.25,0.5,0.9960763,
360,0,1,0,0.25,0.5,0.15968348,
381,0,1,1,0.75,0.5,0.8720114,
388,0,1,1,0.5,0.0,0.09576981,
397,0,1,1,0.75,0.5,0.989085,
398,0,1,0,0.25,0.5,0.9904563,
405,0,1,0,0.0,1.0,0.012769997,
411,0,1,0,0.2,0.6,0.9366869,
414,0,1,1,0.6,0.1999999999999999,0.52334994,
416,0,1,0,0.0,1.0,0.008442808,
425,0,1,0,0.0,1.0,0.10386042,
435,0,1,0,0.4,0.1999999999999999,0.82614696,
437,0,1,1,0.6,0.1999999999999999,0.08241299,
441,0,1,0,0.2,0.6,0.7446921,
442,0,1,1,0.8,0.6000000000000001,0.9927178,
449,0,1,0,0.4,0.1999999999999999,0.36643857,
452,0,1,0,0.25,0.5,0.078312516,
469,0,1,1,0.75,0.5,0.86931115,
481,0,1,0,0.0,1.0,0.99559003,
482,0,1,0,0.0,1.0,0.00012213748,
485,0,1,1,0.5,0.0,0.5367939,
486,0,1,0,0.25,0.5,0.9461675,
496,0,1,1,0.75,0.5,0.031260222,
498,0,1,0,0.0,1.0,0.00022258097,
503,0,1,0,0.0,1.0,0.7706381,
509,0,1,0,0.25,0.5,0.0007119942,
512,0,1,1,1.0,1.0,0.9991105,
519,0,1,0,0.0,1.0,0.98034203,
523,0,1,0,0.25,0.5,0.13763854,
524,0,1,0,0.0,1.0,0.9864684,
527,0,1,0,0.25,0.5,0.9996557,
529,0,1,1,0.5,0.0,0.96130264,
530,0,1,1,0.5,0.0,0.05522786,
533,0,1,0,0.0,1.0,0.36892045,
535,0,1,0,0.25,0.5,0.9716491,
548,0,1,1,0.5,0.0,0.056994762,
561,0,1,1,0.5,0.0,0.008499082,
567,0,1,0,0.3333333333333333,0.3333333333333333,0.0046907393,
575,0,1,1,0.5,0.0,0.9771211,
579,0,1,0,0.3333333333333333,0.3333333333333333,0.9990701,
589,0,1,0,0.3333333333333333,0.3333333333333333,0.064522594,
595,0,1,1,0.8333333333333334,0.6666666666666667,0.75807035,
604,0,1,1,0.75,0.5,0.5996379,
605,0,1,1,0.5,0.0,0.9998953,
609,0,1,0,0.25,0.5,0.9856439,
612,0,1,0,0.0,1.0,3.6927016e-05,
615,0,1,1,0.75,0.5,0.9976481,
622,0,1,1,0.75,0.5,0.5899144,
623,0,1,1,0.5,0.0,0.06761944,
624,0,1,0,0.25,0.5,0.113741845,
629,0,1,1,0.5,0.0,0.88534963,
630,0,1,1,0.5,0.0,0.7091042,
632,0,1,1,0.5,0.0,0.8768176,
634,0,1,0,0.25,0.5,0.91480297,
636,0,1,0,0.0,1.0,0.99892306,
638,0,1,0,0.25,0.5,0.9961562,
642,0,1,1,0.75,0.5,0.9999904,
658,0,1,0,0.1666666666666666,0.6666666666666667,0.9999704,
660,0,1,0,0.1666666666666666,0.6666666666666667,0.28553754,
667,0,1,0,0.3333333333333333,0.3333333333333333,0.12538634,
676,0,1,0,0.1666666666666666,0.6666666666666667,0.019658333,
681,0,1,0,0.1666666666666666,0.6666666666666667,0.67399776,
683,0,1,1,0.8333333333333334,0.6666666666666667,0.9713738,
693,0,1,1,0.5,0.0,0.6678706,
707,0,1,1,0.5,0.0,6.657515e-05,
730,0,1,0,0.3333333333333333,0.3333333333333333,0.27879298,
731,0,1,0,0.0,1.0,0.025405582,
733,0,1,0,0.1666666666666666,0.6666666666666667,0.7874635,
737,0,1,0,0.1666666666666666,0.6666666666666667,0.047572874,
738,0,1,0,0.3333333333333333,0.3333333333333333,0.9655478,
741,0,1,0,0.2,0.6,0.49742562,
15,0,2,0,0.4,0.1999999999999999,0.9795445,
18,0,2,1,0.6,0.1999999999999999,0.01820967,
21,0,2,0,0.2,0.6,0.34416118,
24,0,2,0,0.0,1.0,0.012508586,
25,0,2,0,0.2,0.6,0.5235234,
27,0,2,0,0.2,0.6,0.0701078,
31,0,2,0,0.1666666666666666,0.6666666666666667,0.002245911,
45,0,2,0,0.0,1.0,0.68258107,
47,0,2,0,0.25,0.5,0.5711595,
52,0,2,0,0.25,0.5,0.2746657,
53,0,2,0,0.1666666666666666,0.6666666666666667,0.031464126,
58,0,2,0,0.25,0.5,0.38511175,
72,0,2,0,0.25,0.5,0.081662744,
80,0,2,0,0.0,1.0,0.76525867,
81,0,2,0,0.0,1.0,0.023958258,
84,0,2,0,0.3333333333333333,0.3333333333333333,0.5904075,
91,0,2,0,0.25,0.5,0.007066134,
92,0,2,0,0.0,1.0,0.2570961,
101,0,2,0,0.3333333333333333,0.3333333333333333,0.88212883,
102,0,2,0,0.0,1.0,0.0001369398,
118,0,2,0,0.0,1.0,0.93376464,
121,0,2,0,0.1111111111111111,0.7777777777777778,0.1517999,
125,0,2,0,0.125,0.75,0.18208492,
126,0,2,0,0.2222222222222222,0.5555555555555556,0.9850324,
128,0,2,0,0.1111111111111111,0.7777777777777778,0.5021427,
130,0,2,0,0.1111111111111111,0.7777777777777778,0.00040148367,
140,0,2,0,0.2222222222222222,0.5555555555555556,0.4856359,
145,0,2,0,0.4444444444444444,0.1111111111111111,0.024501191,
154,0,2,0,0.25,0.5,0.5568179,
157,0,2,0,0.25,0.5,0.6373881,
167,0,2,0,0.0,1.0,0.9644562,
172,0,2,0,0.0,1.0,0.58574843,
173,0,2,0,0.25,0.5,0.15182701,
176,0,2,0,0.0,1.0,0.017296579,
194,0,2,0,0.0,1.0,0.9063013,
197,0,2,0,0.0,1.0,0.031481247,
201,0,2,0,0.25,0.5,0.32823047,
217,0,2,0,0.0,1.0,0.011941474,
219,0,2,0,0.0,1.0,0.0007481833,
229,0,2,0,0.0,1.0,0.008534261,
234,0,2,0,0.25,0.5,0.069059595,
235,0,2,0,0.0,1.0,8.274754e-05,
237,0,2,0,0.4,0.1999999999999999,0.22453824,
239,0,2,1,0.6,0.1999999999999999,0.0043321685,
244,0,2,1,0.6,0.1999999999999999,0.77399504,
246,0,2,0,0.4,0.1999999999999999,0.74087274,
252,0,2,0,0.0,1.0,0.26869074,
255,0,2,0,0.25,0.5,0.0018097458,
265,0,2,1,0.5,0.0,0.38843372,
266,0,2,0,0.25,0.5,0.0266411,
268,0,2,1,0.5,0.0,0.01923978,
270,0,2,0,0.0,1.0,0.969526,
273,0,2,1,0.5,0.0,0.2903983,
277,0,2,1,0.5,0.0,0.006384789,
280,0,2,0,0.25,0.5,0.0011729153,
286,0,2,0,0.2,0.6,0.0005312307,
289,0,2,1,0.5,0.0,0.9538525,
304,0,2,1,0.8,0.6000000000000001,0.62625563,
312,0,2,0,0.0,1.0,0.003243105,
318,0,2,0,0.4,0.1999999999999999,0.0003783551,
321,0,2,1,0.6,0.1999999999999999,0.98988384,
323,0,2,0,0.0,1.0,0.54252964,
324,0,2,0,0.2,0.6,0.9939381,
334,0,2,0,0.4,0.1999999999999999,0.5071355,
340,0,2,1,0.6,0.1999999999999999,0.029796395,
344,0,2,0,0.2,0.6,0.2443944,
348,0,2,0,0.4,0.1999999999999999,0.99984574,
352,0,2,0,0.25,0.5,0.0063811997,
353,0,2,0,0.0,1.0,0.90388906,
354,0,2,0,0.25,0.5,0.9802518,
357,0,2,1,0.5,0.0,0.052038893,
358,0,2,0,0.25,0.5,0.99866325,
362,0,2,1,0.75,0.5,0.83564967,
364,0,2,1,0.5,0.0,0.025325574,
399,0,2,0,0.25,0.5,0.9995922,
404,0,2,1,0.6,0.1999999999999999,0.99786603,
408,0,2,0,0.4,0.1999999999999999,0.9743243,
409,0,2,0,0.4,0.1999999999999999,0.87564886,
412,0,2,1,1.0,1.0,0.8051936,
417,0,2,0,0.2,0.6,0.9981094,
420,0,2,0,0.0,1.0,0.019081827,
426,0,2,1,0.8,0.6000000000000001,0.9483128,
431,0,2,0,0.4,0.1999999999999999,0.88364893,
443,0,2,0,0.0,1.0,0.1319575,
446,0,2,0,0.2,0.6,0.733095,
448,0,2,0,0.0,1.0,0.010182077,
451,0,2,0,0.25,0.5,0.004545362,
453,0,2,0,0.25,0.5,0.020785287,
458,0,2,0,0.0,1.0,0.9815278,
460,0,2,0,0.0,1.0,0.0002339042,
461,0,2,1,0.5,0.0,0.50111955,
471,0,2,0,0.0,1.0,0.9952433,
477,0,2,0,0.0,1.0,0.0050861337,
479,0,2,0,0.0,1.0,1.7076924e-05,
488,0,2,1,0.5,0.0,0.9992666,
489,0,2,0,0.0,1.0,0.42267197,
504,0,2,1,0.75,0.5,0.009390859,
505,0,2,1,0.5,0.0,0.9850771,
506,0,2,1,0.75,0.5,0.95008326,
508,0,2,1,0.75,0.5,0.030923039,
511,0,2,1,0.5,0.0,0.85184634,
517,0,2,0,0.25,0.5,0.93147415,
520,0,2,1,0.5,0.0,0.10091066,
526,0,2,0,0.0,1.0,0.3377758,
541,0,2,1,0.5,0.0,0.17304632,
544,0,2,1,0.5,0.0,0.9990384,
545,0,2,0,0.25,0.5,0.053915422,
550,0,2,0,0.0,1.0,0.0016125018,
552,0,2,1,0.6666666666666666,0.3333333333333332,0.90660167,
555,0,2,0,0.3333333333333333,0.3333333333333333,0.98993754,
556,0,2,0,0.1666666666666666,0.6666666666666667,0.98787737,
559,0,2,1,0.6666666666666666,0.3333333333333332,0.005374075,
563,0,2,0,0.0,1.0,0.004422954,
564,0,2,1,0.5,0.0,0.9999683,
571,0,2,1,0.5,0.0,0.00070646487,
582,0,2,1,0.5,0.0,0.10043798,
602,0,2,0,0.25,0.5,0.9754411,
606,0,2,0,0.25,0.5,0.06530285,
607,0,2,0,0.0,1.0,0.13635755,
614,0,2,1,0.75,0.5,0.75935984,
617,0,2,1,0.5,0.0,0.9965236,
620,0,2,1,0.75,0.5,0.00495884,
626,0,2,1,0.5,0.0,6.2571676e-06,
641,0,2,0,0.0,1.0,0.14624344,
652,0,2,0,0.0,1.0,0.017048458,
661,0,2,1,0.8333333333333334,0.6666666666666667,0.99999857,
669,0,2,0,0.3333333333333333,0.3333333333333333,0.10792477,
671,0,2,0,0.3333333333333333,0.3333333333333333,0.9994328,
673,0,2,0,0.3333333333333333,0.3333333333333333,6.5420376e-05,
675,0,2,0,0.3333333333333333,0.3333333333333333,0.70657957,
682,0,2,0,0.1666666666666666,0.6666666666666667,0.97893846,
685,0,2,0,0.0,1.0,0.0007107401,
686,0,2,0,0.0,1.0,0.9936603,
691,0,2,0,0.1666666666666666,0.6666666666666667,0.9995073,
692,0,2,0,0.0,1.0,0.008780839,
698,0,2,1,0.5,0.0,0.99963,
704,0,2,0,0.3333333333333333,0.3333333333333333,0.4447974,
705,0,2,1,0.5,0.0,0.0055146934,
709,0,2,0,0.3333333333333333,0.3333333333333333,0.98371494,
710,0,2,0,0.0,1.0,0.0005588372,
717,0,2,1,0.5,0.0,0.9380696,
721,0,2,0,0.3333333333333333,0.3333333333333333,0.20008409,
723,0,2,0,0.1666666666666666,0.6666666666666667,0.0048723323,
727,0,2,0,0.4,0.1999999999999999,0.6859977,
728,0,2,0,0.2,0.6,0.709292,
729,0,2,0,0.4,0.1999999999999999,0.9970671,
736,0,2,0,0.0,1.0,0.99872005,
1,0,3,0,0.3333333333333333,0.3333333333333333,0.043063246,
3,0,3,0,0.0,1.0,0.0037994178,
9,0,3,0,0.0,1.0,0.36624992,
12,0,3,0,0.4,0.1999999999999999,0.19734873,
13,0,3,0,0.2,0.6,0.4672319,
17,0,3,0,0.4,0.1999999999999999,0.1372436,
35,0,3,1,0.5,0.0,0.006959805,
37,0,3,0,0.2,0.6,0.24515666,
42,0,3,0,0.0,1.0,0.0618048,
43,0,3,0,0.2,0.6,0.98890436,
48,0,3,1,0.6,0.1999999999999999,0.008894192,
54,0,3,0,0.25,0.5,0.06180104,
76,0,3,0,0.25,0.5,0.015991766,
79,0,3,0,0.25,0.5,0.29364935,
86,0,3,0,0.0,1.0,0.57359654,
90,0,3,1,0.5,0.0,6.177267e-05,
97,0,3,0,0.25,0.5,0.107822806,
100,0,3,0,0.25,0.5,0.65052795,
103,0,3,0,0.1111111111111111,0.7777777777777778,0.3807726,
108,0,3,0,0.25,0.5,0.9798335,
115,0,3,0,0.0,1.0,0.071138166,
119,0,3,0,0.1111111111111111,0.7777777777777778,0.031317934,
123,0,3,0,0.0,1.0,0.040980957,
129,0,3,0,0.2,0.6,0.24041097,
132,0,3,0,0.2222222222222222,0.5555555555555556,0.05827105,
133,0,3,1,0.8888888888888888,0.7777777777777777,0.0022071796,
138,0,3,1,0.5555555555555556,0.1111111111111111,0.06168833,
144,0,3,0,0.0,1.0,0.6765348,
158,0,3,0,0.0,1.0,0.0029290558,
179,0,3,0,0.25,0.5,0.00036283486,
180,0,3,0,0.0,1.0,0.040432587,
184,0,3,0,0.0,1.0,4.7355672e-05,
185,0,3,0,0.25,0.5,0.001979032,
188,0,3,0,0.0,1.0,0.00014520015,
195,0,3,0,0.0,1.0,0.12934914,
198,0,3,0,0.0,1.0,0.7336656,
203,0,3,0,0.2,0.6,0.0015234643,
205,0,3,0,0.2,0.6,0.011597432,
213,0,3,0,0.4,0.1999999999999999,0.92998016,
216,0,3,0,0.0,1.0,0.79802907,
220,0,3,0,0.4,0.1999999999999999,0.00094868615,
222,0,3,0,0.2,0.6,0.9335562,
225,0,3,0,0.2,0.6,1.9582606e-06,
228,0,3,0,0.2,0.6,0.00068074715,
236,0,3,0,0.0,1.0,1.1479308e-06,
238,0,3,0,0.25,0.5,2.507494e-06,
242,0,3,1,0.6,0.1999999999999999,1.0337766e-05,
251,0,3,0,0.25,0.5,0.0015557595,
257,0,3,0,0.25,0.5,0.26743025,
258,0,3,0,0.0,1.0,0.0021393325,
269,0,3,1,0.5,0.0,0.0042889356,
272,0,3,1,0.5,0.0,0.041369043,
278,0,3,0,0.25,0.5,0.0144665735,
283,0,3,0,0.25,0.5,0.016235825,
290,0,3,0,0.0,1.0,7.172288e-05,
293,0,3,1,0.5,0.0,0.3688586,
296,0,3,0,0.0,1.0,1.8291108e-06,
297,0,3,0,0.0,1.0,0.0059741954,
302,0,3,0,0.0,1.0,0.0018094319,
303,0,3,0,0.0,1.0,0.021622816,
306,0,3,0,0.0,1.0,0.026167987,
311,0,3,0,0.4,0.1999999999999999,0.0036244043,
313,0,3,0,0.0,1.0,0.07194833,
320,0,3,0,0.0,1.0,0.65372205,
343,0,3,1,0.8,0.6000000000000001,0.9504117,
351,0,3,0,0.0,1.0,0.95850575,
356,0,3,0,0.25,0.5,0.22348359,
361,0,3,0,0.0,1.0,0.0070682876,
366,0,3,0,0.0,1.0,0.97934306,
367,0,3,0,0.25,0.5,0.78990906,
369,0,3,0,0.0,1.0,0.002293934,
370,0,3,0,0.0,1.0,0.8461964,
373,0,3,0,0.0,1.0,0.00037773862,
378,0,3,1,0.5,0.0,8.992682e-06,
380,0,3,1,0.75,0.5,0.75734746,
385,0,3,1,0.5,0.0,0.20105647,
387,0,3,0,0.0,1.0,0.013179677,
389,0,3,0,0.25,0.5,0.99999386,
392,0,3,1,0.5,0.0,0.22382478,
396,0,3,1,0.75,0.5,0.91904104,
400,0,3,1,0.5,0.0,0.9999893,
402,0,3,1,0.6,0.1999999999999999,0.026759055,
403,0,3,0,0.0,1.0,0.4410304,
406,0,3,1,0.6,0.1999999999999999,0.47057468,
410,0,3,1,0.6,0.1999999999999999,0.10530969,
415,0,3,0,0.0,1.0,0.9296331,
422,0,3,1,0.6,0.1999999999999999,0.039797902,
423,0,3,0,0.0,1.0,0.8568826,
428,0,3,1,0.6,0.1999999999999999,0.0012339603,
429,0,3,0,0.0,1.0,0.009670536,
433,0,3,0,0.0,1.0,0.0011319631,
440,0,3,0,0.0,1.0,0.99684554,
444,0,3,0,0.2,0.6,0.6991979,
445,0,3,0,0.0,1.0,0.0021833791,
447,0,3,0,0.0,1.0,0.00037150865,
455,0,3,0,0.0,1.0,0.0007425665,
470,0,3,0,0.0,1.0,0.98921466,
472,0,3,0,0.25,0.5,0.11700154,
473,0,3,0,0.25,0.5,0.062374916,
474,0,3,0,0.0,1.0,0.0040863617,
475,0,3,0,0.25,0.5,0.95922375,
478,0,3,0,0.0,1.0,0.60641384,
484,0,3,0,0.25,0.5,0.065516695,
493,0,3,0,0.0,1.0,0.9871566,
500,0,3,0,0.25,0.5,0.28331256,
501,0,3,0,0.25,0.5,0.0019637584,
502,0,3,1,0.75,0.5,0.69759685,
516,0,3,0,0.0,1.0,0.79188764,
525,0,3,0,0.2,0.6,0.0045418506,
531,0,3,1,0.75,0.5,0.8429742,
536,0,3,0,0.3333333333333333,0.3333333333333333,0.699038,
538,0,3,0,0.0,1.0,0.9174032,
543,0,3,1,0.5,0.0,0.99632,
547,0,3,1,0.5,0.0,0.81305146,
560,0,3,0,0.1666666666666666,0.6666666666666667,0.05641918,
576,0,3,1,0.5,0.0,0.9927546,
581,0,3,0,0.3333333333333333,0.3333333333333333,0.7320769,
591,0,3,1,0.5,0.0,4.143273e-06,
592,0,3,1,0.6,0.1999999999999999,0.1824554,
597,0,3,0,0.0,1.0,0.002736307,
598,0,3,0,0.3333333333333333,0.3333333333333333,0.7579898,
600,0,3,0,0.1666666666666666,0.6666666666666667,0.67532223,
611,0,3,1,0.75,0.5,0.0002505809,
627,0,3,1,0.75,0.5,0.062672004,
631,0,3,0,0.0,1.0,0.060409423,
637,0,3,1,0.5,0.0,0.5569185,
639,0,3,0,0.0,1.0,0.0015815021,
640,0,3,1,0.75,0.5,0.0133471945,
643,0,3,1,0.5,0.0,0.00057051185,
647,0,3,1,0.5,0.0,0.99066937,
651,0,3,0,0.3333333333333333,0.3333333333333333,0.037767246,
654,0,3,0,0.1666666666666666,0.6666666666666667,0.028806247,
659,0,3,1,0.6666666666666666,0.3333333333333332,0.99485266,
665,0,3,0,0.1666666666666666,0.6666666666666667,0.78090125,
672,0,3,0,0.0,1.0,0.14454298,
677,0,3,1,0.6666666666666666,0.3333333333333332,0.68277705,
680,0,3,0,0.0,1.0,0.037989426,
687,0,3,0,0.3333333333333333,0.3333333333333333,0.29591745,
696,0,3,0,0.1666666666666666,0.6666666666666667,0.0019885881,
697,0,3,1,0.5,0.0,0.022927888,
711,0,3,1,0.6,0.1999999999999999,0.21434025,
713,0,3,1,0.6,0.1999999999999999,0.0007073507,
718,0,3,0,0.1666666666666666,0.6666666666666667,5.5443193e-06,
719,0,3,0,0.1666666666666666,0.6666666666666667,0.146402,
725,0,3,0,0.0,1.0,0.0011116542,
732,0,3,0,0.0,1.0,0.5076659,
742,0,3,1,0.5,0.0,0.9984236,
8,0,4,0,0.0,1.0,0.011902444,
10,0,4,0,0.0,1.0,0.036607377,
11,0,4,1,0.6,0.1999999999999999,0.0024292085,
20,0,4,0,0.25,0.5,0.0009316461,
22,0,4,0,0.2,0.6,0.9931821,
33,0,4,0,0.4,0.1999999999999999,0.02216468,
36,0,4,0,0.2,0.6,0.1551922,
41,0,4,0,0.2,0.6,0.0013921695,
44,0,4,0,0.0,1.0,0.05746475,
46,0,4,0,0.4,0.1999999999999999,0.9428969,
57,0,4,1,1.0,1.0,0.67552006,
60,0,4,0,0.0,1.0,0.93937856,
62,0,4,0,0.25,0.5,0.40813273,
70,0,4,0,0.0,1.0,0.9319614,
71,0,4,0,0.0,1.0,0.19037572,
75,0,4,0,0.0,1.0,0.16633521,
89,0,4,0,0.25,0.5,0.98479354,
99,0,4,0,0.0,1.0,0.21054502,
104,0,4,0,0.1111111111111111,0.7777777777777778,0.5667665,
105,0,4,0,0.0,1.0,0.0075914916,
106,0,4,1,1.0,1.0,0.96188265,
111,0,4,0,0.1111111111111111,0.7777777777777778,0.9981866,
114,0,4,0,0.1111111111111111,0.7777777777777778,0.9798672,
117,0,4,0,0.25,0.5,0.08736859,
135,0,4,0,0.1666666666666666,0.6666666666666667,6.441512e-05,
136,0,4,0,0.3333333333333333,0.3333333333333333,0.8713584,
137,0,4,1,0.6666666666666666,0.3333333333333332,0.09843564,
147,0,4,0,0.0,1.0,0.14904523,
162,0,4,0,0.2,0.6,0.08283652,
164,0,4,0,0.0,1.0,0.15632835,
165,0,4,0,0.0,1.0,0.9316423,
169,0,4,0,0.0,1.0,0.6761506,
170,0,4,0,0.1666666666666666,0.6666666666666667,0.06582677,
171,0,4,0,0.25,0.5,0.47626728,
175,0,4,0,0.0,1.0,0.03944775,
178,0,4,0,0.0,1.0,0.019654866,
181,0,4,1,0.5,0.0,0.38828045,
186,0,4,0,0.0,1.0,0.5024047,
191,0,4,0,0.0,1.0,0.62233067,
192,0,4,0,0.0,1.0,0.76152366,
193,0,4,0,0.25,0.5,0.16142368,
207,0,4,0,0.2,0.6,0.012303219,
214,0,4,0,0.2,0.6,0.029780198,
223,0,4,0,0.2,0.6,0.0021636225,
227,0,4,1,1.0,1.0,0.84116894,
245,0,4,0,0.0,1.0,0.8911612,
254,0,4,0,0.25,0.5,0.3336848,
260,0,4,0,0.25,0.5,0.9999809,
261,0,4,0,0.25,0.5,0.8108459,
262,0,4,1,0.5,0.0,0.710134,
263,0,4,0,0.2,0.6,0.0023381968,
264,0,4,0,0.25,0.5,0.13445967,
271,0,4,0,0.0,1.0,0.43282497,
276,0,4,0,0.2,0.6,0.99677926,
292,0,4,0,0.25,0.5,0.99348307,
295,0,4,0,0.0,1.0,0.0045368625,
298,0,4,0,0.25,0.5,0.58520854,
299,0,4,1,0.8,0.6000000000000001,0.6479507,
314,0,4,0,0.0,1.0,0.99734384,
325,0,4,0,0.0,1.0,0.04369969,
327,0,4,0,0.0,1.0,0.87771034,
337,0,4,0,0.0,1.0,0.57892233,
341,0,4,1,0.6,0.1999999999999999,0.99888647,
347,0,4,0,0.4,0.1999999999999999,0.9934555,
349,0,4,0,0.0,1.0,0.00019498757,
350,0,4,0,0.0,1.0,0.15060718,
363,0,4,0,0.0,1.0,0.4078736,
365,0,4,0,0.25,0.5,0.72969604,
368,0,4,1,0.5,0.0,0.99909896,
375,0,4,1,0.5,0.0,0.6813055,
377,0,4,0,0.25,0.5,0.19311921,
379,0,4,1,0.75,0.5,0.9996663,
382,0,4,1,0.5,0.0,0.19117571,
383,0,4,0,0.0,1.0,0.067327455,
386,0,4,0,0.25,0.5,0.97743595,
390,0,4,1,0.75,0.5,0.21394564,
391,0,4,0,0.0,1.0,0.013692292,
393,0,4,0,0.25,0.5,0.061751354,
395,0,4,1,0.5,0.0,0.75013095,
401,0,4,0,0.2,0.6,0.23051512,
418,0,4,0,0.0,1.0,0.15288283,
419,0,4,0,0.4,0.1999999999999999,0.41901788,
424,0,4,1,0.6,0.1999999999999999,0.94292676,
427,0,4,1,0.6,0.1999999999999999,0.8128933,
430,0,4,1,0.6,0.1999999999999999,0.17095524,
432,0,4,0,0.2,0.6,0.6060275,
434,0,4,0,0.0,1.0,0.025914494,
439,0,4,0,0.2,0.6,0.54741585,
450,0,4,0,0.2,0.6,0.087629974,
454,0,4,0,0.0,1.0,0.017631333,
462,0,4,1,0.5,0.0,0.99999565,
464,0,4,0,0.0,1.0,0.9998797,
466,0,4,1,0.5,0.0,0.999899,
467,0,4,1,1.0,1.0,0.9982404,
476,0,4,0,0.0,1.0,0.98480994,
483,0,4,0,0.25,0.5,0.98573613,
494,0,4,1,0.8,0.6000000000000001,0.45620412,
507,0,4,1,1.0,1.0,0.8564267,
515,0,4,0,0.25,0.5,0.04351943,
522,0,4,0,0.25,0.5,0.04528001,
532,0,4,0,0.0,1.0,0.009062671,
537,0,4,0,0.25,0.5,0.9914135,
546,0,4,1,0.5,0.0,0.6491916,
551,0,4,1,0.6666666666666666,0.3333333333333332,0.99954104,
553,0,4,0,0.0,1.0,0.98701596,
558,0,4,1,0.5,0.0,0.9952086,
562,0,4,0,0.3333333333333333,0.3333333333333333,0.99991596,
568,0,4,1,1.0,1.0,0.9503964,
569,0,4,0,0.1666666666666666,0.6666666666666667,0.88723457,
570,0,4,1,0.6666666666666666,0.3333333333333332,0.96529555,
578,0,4,1,0.5,0.0,0.7957933,
580,0,4,0,0.3333333333333333,0.3333333333333333,0.031888504,
584,0,4,1,0.6666666666666666,0.3333333333333332,0.8168165,
585,0,4,1,0.5,0.0,0.7436806,
593,0,4,1,0.5,0.0,0.89943415,
594,0,4,0,0.0,1.0,0.9578723,
596,0,4,1,0.5,0.0,0.1964905,
599,0,4,0,0.0,1.0,0.99598455,
610,0,4,0,0.25,0.5,0.9397476,
613,0,4,0,0.0,1.0,0.92587334,
616,0,4,1,0.75,0.5,0.8687415,
619,0,4,0,0.25,0.5,0.3288392,
621,0,4,1,0.5,0.0,0.9966004,
625,0,4,0,0.0,1.0,0.102762416,
635,0,4,1,0.5,0.0,0.991349,
644,0,4,0,0.25,0.5,0.25721937,
646,0,4,0,0.0,1.0,0.022787169,
655,0,4,1,0.6666666666666666,0.3333333333333332,0.94817513,
656,0,4,1,0.6666666666666666,0.3333333333333332,0.99240947,
662,0,4,0,0.0,1.0,0.77609766,
663,0,4,0,0.3333333333333333,0.3333333333333333,0.9719372,
668,0,4,0,0.1666666666666666,0.6666666666666667,0.19483334,
678,0,4,0,0.3333333333333333,0.3333333333333333,0.4214253,
679,0,4,0,0.4,0.1999999999999999,0.2779528,
684,0,4,0,0.0,1.0,0.2842904,
688,0,4,0,0.1666666666666666,0.6666666666666667,0.74476933,
700,0,4,1,0.5,0.0,0.99104613,
701,0,4,0,0.1666666666666666,0.6666666666666667,0.98015916,
702,0,4,0,0.1666666666666666,0.6666666666666667,0.19593796,
706,0,4,1,0.6666666666666666,0.3333333333333332,0.7762867,
708,0,4,0,0.0,1.0,0.77066624,
716,0,4,1,0.6666666666666666,0.3333333333333332,0.03539698,
722,0,4,0,0.2,0.6,0.030814596,
724,0,4,0,0.2,0.6,0.2884994,
726,0,4,0,0.0,1.0,0.73048043,
734,0,4,0,0.0,1.0,0.13444206,
740,0,4,0,0.1666666666666666,0.6666666666666667,0.006989675,
5,1,0,0,0.2,0.6,0.035446025,
10,1,0,0,0.0,1.0,0.012438405,
12,1,0,0,0.4,0.1999999999999999,0.8046073,
16,1,0,1,0.6,0.1999999999999999,0.1365855,
17,1,0,0,0.4,0.1999999999999999,0.06419994,
25,1,0,0,0.2,0.6,0.9275067,
26,1,0,1,0.8,0.6000000000000001,0.67371553,
30,1,0,0,0.2,0.6,0.039989162,
36,1,0,0,0.2,0.6,0.0032654875,
37,1,0,0,0.2,0.6,0.0029495277,
46,1,0,0,0.4,0.1999999999999999,0.18221202,
56,1,0,0,0.25,0.5,0.0006632457,
63,1,0,0,0.0,1.0,0.0023646746,
66,1,0,0,0.0,1.0,0.051821172,
72,1,0,0,0.25,0.5,0.05119668,
81,1,0,0,0.0,1.0,0.030367529,
82,1,0,0,0.25,0.5,0.062830895,
91,1,0,0,0.25,0.5,0.007730293,
93,1,0,0,0.0,1.0,0.021176416,
101,1,0,0,0.3333333333333333,0.3333333333333333,0.7165952,
102,1,0,0,0.0,1.0,0.07603368,
114,1,0,0,0.1111111111111111,0.7777777777777778,0.9620831,
117,1,0,0,0.25,0.5,0.0035168934,
118,1,0,0,0.0,1.0,0.8919576,
122,1,0,0,0.0,1.0,0.02305111,
128,1,0,0,0.1111111111111111,0.7777777777777778,0.04726184,
141,1,0,0,0.0,1.0,0.7671331,
142,1,0,0,0.0,1.0,0.29095244,
145,1,0,0,0.4444444444444444,0.1111111111111111,0.00023493069,
149,1,0,0,0.3333333333333333,0.3333333333333333,0.0004325726,
150,1,0,0,0.0,1.0,0.9912427,
159,1,0,0,0.0,1.0,0.013535511,
179,1,0,0,0.25,0.5,0.47191876,
180,1,0,0,0.0,1.0,0.048284985,
184,1,0,0,0.0,1.0,0.0006344679,
187,1,0,0,0.0,1.0,0.09525153,
195,1,0,0,0.0,1.0,0.018805047,
213,1,0,0,0.4,0.1999999999999999,0.8956463,
216,1,0,0,0.0,1.0,0.65987444,
226,1,0,0,0.0,1.0,0.02504972,
227,1,0,1,1.0,1.0,0.99590266,
231,1,0,1,0.5,0.0,0.54294693,
232,1,0,0,0.25,0.5,0.021967426,
235,1,0,0,0.0,1.0,0.20998143,
239,1,0,1,0.6,0.1999999999999999,0.00051136286,
243,1,0,0,0.0,1.0,6.474127e-05,
248,1,0,0,0.4,0.1999999999999999,0.19910145,
249,1,0,1,0.6,0.1999999999999999,0.90074885,
250,1,0,0,0.4,0.1999999999999999,0.97177446,
251,1,0,0,0.25,0.5,0.031151216,
257,1,0,0,0.25,0.5,0.3994744,
263,1,0,0,0.2,0.6,0.0018496622,
272,1,0,1,0.5,0.0,0.008480837,
273,1,0,1,0.5,0.0,0.011432366,
278,1,0,0,0.25,0.5,0.11055954,
285,1,0,0,0.4,0.1999999999999999,0.013527786,
287,1,0,0,0.25,0.5,0.11903544,
288,1,0,1,0.75,0.5,0.011186003,
297,1,0,0,0.0,1.0,0.11693277,
299,1,0,1,0.8,0.6000000000000001,0.0045001274,
314,1,0,0,0.0,1.0,0.99771464,
317,1,0,0,0.4,0.1999999999999999,0.0012711087,
320,1,0,0,0.0,1.0,0.2988949,
333,1,0,0,0.0,1.0,0.025708433,
335,1,0,1,0.5,0.0,0.03537467,
339,1,0,0,0.0,1.0,0.7575941,
341,1,0,1,0.6,0.1999999999999999,0.99798733,
343,1,0,1,0.8,0.6000000000000001,0.9922823,
347,1,0,0,0.4,0.1999999999999999,0.5297401,
350,1,0,0,0.0,1.0,0.018020066,
352,1,0,0,0.25,0.5,0.12787846,
357,1,0,1,0.5,0.0,0.16174662,
358,1,0,0,0.25,0.5,0.6311581,
369,1,0,0,0.0,1.0,0.001748557,
373,1,0,0,0.0,1.0,0.49267662,
380,1,0,1,0.75,0.5,0.79549456,
386,1,0,0,0.25,0.5,0.88129103,
388,1,0,1,0.5,0.0,0.934378,
389,1,0,0,0.25,0.5,0.999149,
390,1,0,1,0.75,0.5,0.6704815,
393,1,0,0,0.25,0.5,0.0075181723,
396,1,0,1,0.75,0.5,0.99976206,
401,1,0,0,0.2,0.6,0.06261713,
402,1,0,1,0.6,0.1999999999999999,0.30077168,
406,1,0,1,0.6,0.1999999999999999,0.7701262,
420,1,0,0,0.0,1.0,0.018438928,
425,1,0,0,0.0,1.0,0.44562855,
428,1,0,1,0.6,0.1999999999999999,0.0006951587,
433,1,0,0,0.0,1.0,0.30766743,
444,1,0,0,0.2,0.6,0.9863578,
450,1,0,0,0.2,0.6,0.6856575,
454,1,0,0,0.0,1.0,0.23266074,
455,1,0,0,0.0,1.0,0.00017952817,
457,1,0,1,0.5,0.0,0.97761726,
462,1,0,1,0.5,0.0,0.99999017,
475,1,0,0,0.25,0.5,0.04525786,
479,1,0,0,0.0,1.0,0.0005193189,
482,1,0,0,0.0,1.0,1.1781105e-05,
489,1,0,0,0.0,1.0,0.7695885,
507,1,0,1,1.0,1.0,0.92534804,
511,1,0,1,0.5,0.0,0.94170785,
515,1,0,0,0.25,0.5,0.00171466,
525,1,0,0,0.2,0.6,0.00016108494,
531,1,0,1,0.75,0.5,0.9843974,
537,1,0,0,0.25,0.5,0.9470919,
538,1,0,0,0.0,1.0,0.95766085,
540,1,0,0,0.25,0.5,0.9985993,
549,1,0,0,0.0,1.0,0.45947707,
551,1,0,1,0.6666666666666666,0.3333333333333332,0.9917939,
553,1,0,0,0.0,1.0,0.6769854,
559,1,0,1,0.6666666666666666,0.3333333333333332,0.09608394,
560,1,0,0,0.1666666666666666,0.6666666666666667,0.55779386,
563,1,0,0,0.0,1.0,0.009065407,
577,1,0,0,0.1666666666666666,0.6666666666666667,0.16115427,
579,1,0,0,0.3333333333333333,0.3333333333333333,0.99889445,
580,1,0,0,0.3333333333333333,0.3333333333333333,0.01647705,
584,1,0,1,0.6666666666666666,0.3333333333333332,0.20975983,
589,1,0,0,0.3333333333333333,0.3333333333333333,0.29164118,
593,1,0,1,0.5,0.0,0.82564205,
602,1,0,0,0.25,0.5,0.9942899,
604,1,0,1,0.75,0.5,0.73213243,
607,1,0,0,0.0,1.0,3.9197017e-05,
611,1,0,1,0.75,0.5,0.04417348,
616,1,0,1,0.75,0.5,0.98137987,
618,1,0,0,0.0,1.0,0.9894146,
626,1,0,1,0.5,0.0,0.00023067855,
630,1,0,1,0.5,0.0,0.9754289,
632,1,0,1,0.5,0.0,0.23231345,
635,1,0,1,0.5,0.0,0.64709574,
639,1,0,0,0.0,1.0,0.0010267132,
641,1,0,0,0.0,1.0,0.78626907,
646,1,0,0,0.0,1.0,0.0018132982,
648,1,0,1,0.5,0.0,0.345917,
660,1,0,0,0.1666666666666666,0.6666666666666667,0.011509356,
674,1,0,0,0.3333333333333333,0.3333333333333333,0.52358836,
684,1,0,0,0.0,1.0,0.9882636,
696,1,0,0,0.1666666666666666,0.6666666666666667,0.32132727,
697,1,0,1,0.5,0.0,0.15054953,
698,1,0,1,0.5,0.0,0.6472794,
703,1,0,0,0.0,1.0,0.63950586,
707,1,0,1,0.5,0.0,0.0002392403,
710,1,0,0,0.0,1.0,0.00030566205,
716,1,0,1,0.6666666666666666,0.3333333333333332,0.36431837,
718,1,0,0,0.1666666666666666,0.6666666666666667,0.008972554,
728,1,0,0,0.2,0.6,0.118406534,
734,1,0,0,0.0,1.0,0.0006305603,
735,1,0,0,0.0,1.0,3.077282e-05,
6,1,1,0,0.2,0.6,0.85928154,
8,1,1,0,0.0,1.0,0.0019612757,
9,1,1,0,0.0,1.0,0.18539509,
13,1,1,0,0.2,0.6,0.20113346,
14,1,1,0,0.2,0.6,0.4269617,
21,1,1,0,0.2,0.6,0.676999,
22,1,1,0,0.2,0.6,0.95484275,
29,1,1,0,0.2,0.6,0.10537553,
32,1,1,0,0.2,0.6,0.752475,
33,1,1,0,0.4,0.1999999999999999,0.014108278,
34,1,1,0,0.1666666666666666,0.6666666666666667,9.813433e-05,
41,1,1,0,0.2,0.6,0.0009621221,
49,1,1,0,0.3333333333333333,0.3333333333333333,0.9756409,
50,1,1,1,0.8,0.6000000000000001,0.7420198,
51,1,1,0,0.25,0.5,0.95323324,
70,1,1,0,0.0,1.0,0.96101785,
71,1,1,0,0.0,1.0,0.03324862,
79,1,1,0,0.25,0.5,0.053388618,
85,1,1,0,0.25,0.5,0.043747876,
86,1,1,0,0.0,1.0,0.20407483,
88,1,1,1,0.5,0.0,1.2890464e-05,
89,1,1,0,0.25,0.5,0.66987646,
94,1,1,0,0.25,0.5,0.09061064,
95,1,1,0,0.25,0.5,0.8566221,
108,1,1,0,0.25,0.5,0.8995129,
109,1,1,0,0.1111111111111111,0.7777777777777778,0.9126705,
115,1,1,0,0.0,1.0,0.041573025,
127,1,1,1,0.6666666666666666,0.3333333333333332,0.17250082,
129,1,1,0,0.2,0.6,0.005367625,
138,1,1,1,0.5555555555555556,0.1111111111111111,0.030306164,
139,1,1,0,0.0,1.0,0.85992134,
140,1,1,0,0.2222222222222222,0.5555555555555556,0.092173755,
156,1,1,0,0.25,0.5,0.1913454,
160,1,1,0,0.1666666666666666,0.6666666666666667,0.852859,
161,1,1,0,0.0,1.0,0.994817,
166,1,1,0,0.25,0.5,0.77016735,
175,1,1,0,0.0,1.0,0.035023697,
188,1,1,0,0.0,1.0,0.9975102,
193,1,1,0,0.25,0.5,0.60501003,
194,1,1,0,0.0,1.0,0.9902284,
196,1,1,1,0.5,0.0,0.14937884,
198,1,1,0,0.0,1.0,0.52769834,
200,1,1,0,0.2,0.6,0.84771407,
205,1,1,0,0.2,0.6,0.08308264,
209,1,1,0,0.2,0.6,0.7811854,
210,1,1,0,0.4,0.1999999999999999,0.99996066,
212,1,1,0,0.2,0.6,0.023074368,
222,1,1,0,0.2,0.6,0.99049324,
225,1,1,0,0.2,0.6,0.0020652544,
230,1,1,0,0.2,0.6,0.07286761,
234,1,1,0,0.25,0.5,0.13922518,
237,1,1,0,0.4,0.1999999999999999,0.18815868,
241,1,1,1,0.6,0.1999999999999999,0.99978906,
247,1,1,0,0.2,0.6,0.008261925,
262,1,1,1,0.5,0.0,0.15426841,
264,1,1,0,0.25,0.5,0.42626947,
267,1,1,0,0.0,1.0,5.1881034e-07,
271,1,1,0,0.0,1.0,0.12064417,
275,1,1,1,0.5,0.0,0.4058025,
277,1,1,1,0.5,0.0,0.006031351,
280,1,1,0,0.25,0.5,0.008242661,
284,1,1,1,0.5,0.0,0.12084563,
292,1,1,0,0.25,0.5,0.9996805,
293,1,1,1,0.5,0.0,0.66350037,
304,1,1,1,0.8,0.6000000000000001,0.79212224,
312,1,1,0,0.0,1.0,0.013943249,
324,1,1,0,0.2,0.6,0.87899685,
332,1,1,0,0.0,1.0,0.14766166,
342,1,1,0,0.2,0.6,0.13462707,
346,1,1,1,0.6,0.1999999999999999,0.999154,
351,1,1,0,0.0,1.0,0.79145217,
353,1,1,0,0.0,1.0,0.97563314,
355,1,1,0,0.25,0.5,0.08332199,
356,1,1,0,0.25,0.5,0.011559428,
360,1,1,0,0.25,0.5,0.04994586,
375,1,1,1,0.5,0.0,0.8596865,
378,1,1,1,0.5,0.0,0.32706127,
385,1,1,1,0.5,0.0,0.44687128,
387,1,1,0,0.0,1.0,0.0016733509,
399,1,1,0,0.25,0.5,0.9997219,
405,1,1,0,0.0,1.0,0.97101885,
407,1,1,0,0.2,0.6,0.14619385,
408,1,1,0,0.4,0.1999999999999999,0.99548584,
412,1,1,1,1.0,1.0,0.16028543,
414,1,1,1,0.6,0.1999999999999999,0.94645685,
423,1,1,0,0.0,1.0,0.49586868,
431,1,1,0,0.4,0.1999999999999999,0.83949375,
439,1,1,0,0.2,0.6,0.9930624,
445,1,1,0,0.0,1.0,0.46374905,
449,1,1,0,0.4,0.1999999999999999,0.028119227,
460,1,1,0,0.0,1.0,0.003206825,
468,1,1,0,0.25,0.5,0.06778113,
470,1,1,0,0.0,1.0,0.98487294,
476,1,1,0,0.0,1.0,0.9824424,
477,1,1,0,0.0,1.0,0.124727674,
478,1,1,0,0.0,1.0,0.12823382,
480,1,1,1,0.5,0.0,0.99673927,
483,1,1,0,0.25,0.5,0.98798156,
485,1,1,1,0.5,0.0,0.9994093,
488,1,1,1,0.5,0.0,0.99987185,
490,1,1,0,0.25,0.5,0.0042924443,
493,1,1,0,0.0,1.0,0.9978439,
494,1,1,1,0.8,0.6000000000000001,0.9609604,
497,1,1,0,0.0,1.0,0.09020673,
505,1,1,1,0.5,0.0,0.92644894,
506,1,1,1,0.75,0.5,0.9999927,
510,1,1,1,0.5,0.0,0.6141603,
513,1,1,0,0.0,1.0,0.7996477,
518,1,1,0,0.25,0.5,0.6606067,
519,1,1,0,0.0,1.0,0.99256635,
524,1,1,0,0.0,1.0,0.9999977,
527,1,1,0,0.25,0.5,0.98231745,
528,1,1,0,0.0,1.0,0.09075624,
533,1,1,0,0.0,1.0,0.2884226,
536,1,1,0,0.3333333333333333,0.3333333333333333,0.13653988,
541,1,1,1,0.5,0.0,0.48151627,
542,1,1,0,0.25,0.5,0.5623205,
544,1,1,1,0.5,0.0,0.99982727,
554,1,1,1,0.5,0.0,0.99987537,
556,1,1,0,0.1666666666666666,0.6666666666666667,0.999697,
564,1,1,1,0.5,0.0,0.9999961,
576,1,1,1,0.5,0.0,0.9995934,
581,1,1,0,0.3333333333333333,0.3333333333333333,0.63859034,
585,1,1,1,0.5,0.0,0.97980165,
591,1,1,1,0.5,0.0,0.038353447,
592,1,1,1,0.6,0.1999999999999999,0.48093534,
598,1,1,0,0.3333333333333333,0.3333333333333333,0.96240014,
620,1,1,1,0.75,0.5,0.07404822,
622,1,1,1,0.75,0.5,0.9994749,
628,1,1,0,0.0,1.0,0.39740622,
637,1,1,1,0.5,0.0,0.41485652,
645,1,1,1,0.75,0.5,0.99376965,
647,1,1,1,0.5,0.0,0.9985929,
658,1,1,0,0.1666666666666666,0.6666666666666667,0.9468318,
659,1,1,1,0.6666666666666666,0.3333333333333332,0.955153,
668,1,1,0,0.1666666666666666,0.6666666666666667,0.06973666,
670,1,1,1,0.5,0.0,0.056309227,
679,1,1,0,0.4,0.1999999999999999,0.04490477,
686,1,1,0,0.0,1.0,0.9900429,
692,1,1,0,0.0,1.0,0.24527065,
693,1,1,1,0.5,0.0,0.81307256,
695,1,1,0,0.3333333333333333,0.3333333333333333,0.26653102,
699,1,1,0,0.1666666666666666,0.6666666666666667,0.99989957,
704,1,1,0,0.3333333333333333,0.3333333333333333,0.6813865,
706,1,1,1,0.6666666666666666,0.3333333333333332,0.13681597,
712,1,1,0,0.1666666666666666,0.6666666666666667,0.006481173,
729,1,1,0,0.4,0.1999999999999999,0.37248513,
1,1,2,0,0.3333333333333333,0.3333333333333333,0.14325559,
3,1,2,0,0.0,1.0,0.5660485,
11,1,2,1,0.6,0.1999999999999999,0.16903403,
18,1,2,1,0.6,0.1999999999999999,0.00325215,
20,1,2,0,0.25,0.5,0.009701934,
28,1,2,0,0.2,0.6,0.9768464,
31,1,2,0,0.1666666666666666,0.6666666666666667,0.00050974847,
43,1,2,0,0.2,0.6,0.9998877,
44,1,2,0,0.0,1.0,0.118975095,
60,1,2,0,0.0,1.0,0.7821279,
64,1,2,0,0.3333333333333333,0.3333333333333333,0.00032802328,
67,1,2,0,0.0,1.0,0.00027451868,
75,1,2,0,0.0,1.0,0.0022163736,
90,1,2,1,0.5,0.0,0.0026371158,
96,1,2,0,0.0,1.0,0.9340557,
98,1,2,0,0.3333333333333333,0.3333333333333333,0.11471349,
99,1,2,0,0.0,1.0,0.015967792,
106,1,2,1,1.0,1.0,0.66219115,
113,1,2,0,0.1111111111111111,0.7777777777777778,0.97152686,
120,1,2,0,0.0,1.0,0.92635155,
121,1,2,0,0.1111111111111111,0.7777777777777778,0.0043172906,
123,1,2,0,0.0,1.0,0.008058419,
124,1,2,0,0.0,1.0,0.02031316,
130,1,2,0,0.1111111111111111,0.7777777777777778,0.017798204,
133,1,2,1,0.8888888888888888,0.7777777777777777,0.10241343,
144,1,2,0,0.0,1.0,0.59906816,
151,1,2,0,0.0,1.0,0.018487234,
154,1,2,0,0.25,0.5,0.1530975,
158,1,2,0,0.0,1.0,0.00014816559,
163,1,2,0,0.25,0.5,0.886099,
168,1,2,0,0.25,0.5,0.11188738,
170,1,2,0,0.1666666666666666,0.6666666666666667,0.010993476,
171,1,2,0,0.25,0.5,0.033903528,
173,1,2,0,0.25,0.5,0.0032372195,
176,1,2,0,0.0,1.0,0.25962576,
181,1,2,1,0.5,0.0,0.38427097,
182,1,2,0,0.0,1.0,0.99866426,
191,1,2,0,0.0,1.0,0.589114,
192,1,2,0,0.0,1.0,0.024064008,
197,1,2,0,0.0,1.0,0.026324214,
199,1,2,0,0.25,0.5,0.0025258265,
201,1,2,0,0.25,0.5,0.18638542,
204,1,2,0,0.4,0.1999999999999999,0.004903579,
217,1,2,0,0.0,1.0,0.0057748286,
223,1,2,0,0.2,0.6,0.00014029359,
233,1,2,0,0.0,1.0,0.24116771,
236,1,2,0,0.0,1.0,0.00014373139,
240,1,2,0,0.2,0.6,0.13380842,
245,1,2,0,0.0,1.0,0.78777623,
258,1,2,0,0.0,1.0,0.10580224,
259,1,2,0,0.0,1.0,0.7989285,
260,1,2,0,0.25,0.5,0.8810972,
270,1,2,0,0.0,1.0,0.7994233,
274,1,2,1,0.5,0.0,0.99604595,
276,1,2,0,0.2,0.6,0.43905634,
279,1,2,0,0.2,0.6,0.002087087,
291,1,2,0,0.0,1.0,0.54745007,
294,1,2,0,0.0,1.0,0.47598946,
309,1,2,1,0.8,0.6000000000000001,0.59529924,
313,1,2,0,0.0,1.0,0.7636565,
315,1,2,1,0.8,0.6000000000000001,0.986789,
321,1,2,1,0.6,0.1999999999999999,0.2451768,
325,1,2,0,0.0,1.0,0.109571844,
326,1,2,0,0.0,1.0,0.0016154671,
327,1,2,0,0.0,1.0,0.39913628,
328,1,2,1,0.6,0.1999999999999999,0.032584768,
330,1,2,0,0.4,0.1999999999999999,0.46893632,
334,1,2,0,0.4,0.1999999999999999,0.058632158,
344,1,2,0,0.2,0.6,0.11243546,
349,1,2,0,0.0,1.0,0.00014789606,
362,1,2,1,0.75,0.5,0.65016294,
363,1,2,0,0.0,1.0,0.60423684,
366,1,2,0,0.0,1.0,0.9910072,
368,1,2,1,0.5,0.0,0.9205365,
391,1,2,0,0.0,1.0,0.0013982172,
397,1,2,1,0.75,0.5,0.99889976,
404,1,2,1,0.6,0.1999999999999999,0.57895994,
409,1,2,0,0.4,0.1999999999999999,0.9987104,
411,1,2,0,0.2,0.6,0.9610785,
415,1,2,0,0.0,1.0,0.9559286,
416,1,2,0,0.0,1.0,0.013388395,
429,1,2,0,0.0,1.0,0.29958192,
435,1,2,0,0.4,0.1999999999999999,0.6225966,
436,1,2,0,0.4,0.1999999999999999,0.9838366,
437,1,2,1,0.6,0.1999999999999999,0.05349004,
464,1,2,0,0.0,1.0,0.9915733,
469,1,2,1,0.75,0.5,0.94995046,
472,1,2,0,0.25,0.5,0.0073201656,
474,1,2,0,0.0,1.0,0.058773324,
481,1,2,0,0.0,1.0,0.710888,
484,1,2,0,0.25,0.5,0.26579422,
486,1,2,0,0.25,0.5,0.99149394,
487,1,2,0,0.2,0.6,4.0277493e-05,
498,1,2,0,0.0,1.0,0.03852081,
500,1,2,0,0.25,0.5,0.016426325,
501,1,2,0,0.25,0.5,0.93085915,
502,1,2,1,0.75,0.5,0.98880994,
516,1,2,0,0.0,1.0,0.96711385,
526,1,2,0,0.0,1.0,0.70439273,
534,1,2,1,0.75,0.5,0.008919549,
539,1,2,0,0.25,0.5,0.8562904,
543,1,2,1,0.5,0.0,0.99816763,
545,1,2,0,0.25,0.5,0.26383966,
547,1,2,1,0.5,0.0,0.95101225,
555,1,2,0,0.3333333333333333,0.3333333333333333,0.9898582,
557,1,2,0,0.3333333333333333,0.3333333333333333,1.898613e-05,
558,1,2,1,0.5,0.0,0.99463236,
567,1,2,0,0.3333333333333333,0.3333333333333333,0.0028967918,
571,1,2,1,0.5,0.0,0.53219056,
573,1,2,0,0.3333333333333333,0.3333333333333333,0.9951973,
575,1,2,1,0.5,0.0,0.8085562,
582,1,2,1,0.5,0.0,0.3289166,
587,1,2,1,0.8333333333333334,0.6666666666666667,0.08770479,
595,1,2,1,0.8333333333333334,0.6666666666666667,0.87986714,
597,1,2,0,0.0,1.0,0.042914685,
600,1,2,0,0.1666666666666666,0.6666666666666667,0.99346036,
613,1,2,0,0.0,1.0,0.4476074,
615,1,2,1,0.75,0.5,0.8195994,
621,1,2,1,0.5,0.0,0.8781649,
623,1,2,1,0.5,0.0,0.676777,
629,1,2,1,0.5,0.0,0.9640269,
638,1,2,0,0.25,0.5,0.4938757,
642,1,2,1,0.75,0.5,0.9999487,
649,1,2,1,0.5,0.0,0.011533125,
651,1,2,0,0.3333333333333333,0.3333333333333333,0.9183977,
653,1,2,1,0.5,0.0,0.09330185,
655,1,2,1,0.6666666666666666,0.3333333333333332,0.9764826,
657,1,2,1,0.5,0.0,0.4634668,
661,1,2,1,0.8333333333333334,0.6666666666666667,0.99999607,
663,1,2,0,0.3333333333333333,0.3333333333333333,0.98031545,
672,1,2,0,0.0,1.0,0.007321855,
678,1,2,0,0.3333333333333333,0.3333333333333333,0.19623424,
680,1,2,0,0.0,1.0,0.0038492056,
687,1,2,0,0.3333333333333333,0.3333333333333333,0.08048259,
688,1,2,0,0.1666666666666666,0.6666666666666667,0.10909659,
690,1,2,0,0.0,1.0,0.9993499,
691,1,2,0,0.1666666666666666,0.6666666666666667,0.9991729,
708,1,2,0,0.0,1.0,0.48989305,
711,1,2,1,0.6,0.1999999999999999,0.44756332,
715,1,2,1,0.5,0.0,0.00028967264,
717,1,2,1,0.5,0.0,0.822318,
719,1,2,0,0.1666666666666666,0.6666666666666667,0.08882835,
725,1,2,0,0.0,1.0,0.18010363,
727,1,2,0,0.4,0.1999999999999999,0.93835354,
731,1,2,0,0.0,1.0,0.07499008,
732,1,2,0,0.0,1.0,0.29007,
739,1,2,0,0.3333333333333333,0.3333333333333333,0.10799424,
2,1,3,0,0.4,0.1999999999999999,0.005834597,
24,1,3,0,0.0,1.0,0.0017065641,
39,1,3,0,0.0,1.0,0.12988473,
40,1,3,0,0.2,0.6,0.77410764,
42,1,3,0,0.0,1.0,0.6760704,
45,1,3,0,0.0,1.0,0.97014236,
52,1,3,0,0.25,0.5,0.9203323,
54,1,3,0,0.25,0.5,0.04921219,
57,1,3,1,1.0,1.0,0.4412993,
62,1,3,0,0.25,0.5,0.52572256,
65,1,3,0,0.25,0.5,0.22500968,
68,1,3,0,0.0,1.0,0.0048416574,
69,1,3,0,0.0,1.0,0.0021981406,
76,1,3,0,0.25,0.5,0.2727232,
77,1,3,0,0.25,0.5,0.7627492,
78,1,3,0,0.0,1.0,0.0068283454,
83,1,3,0,0.25,0.5,0.9329903,
84,1,3,0,0.3333333333333333,0.3333333333333333,0.5625519,
92,1,3,0,0.0,1.0,0.046374228,
103,1,3,0,0.1111111111111111,0.7777777777777778,0.99035376,
110,1,3,0,0.0,1.0,0.053235132,
119,1,3,0,0.1111111111111111,0.7777777777777778,0.80207705,
126,1,3,0,0.2222222222222222,0.5555555555555556,0.96862173,
131,1,3,0,0.0,1.0,0.000117073636,
132,1,3,0,0.2222222222222222,0.5555555555555556,0.012453773,
136,1,3,0,0.3333333333333333,0.3333333333333333,0.36897355,
137,1,3,1,0.6666666666666666,0.3333333333333332,0.019796353,
152,1,3,0,0.0,1.0,0.00027390846,
153,1,3,0,0.0,1.0,0.00028701496,
155,1,3,0,0.25,0.5,0.63706654,
157,1,3,0,0.25,0.5,0.8378818,
177,1,3,0,0.0,1.0,0.7232073,
186,1,3,0,0.0,1.0,0.027605254,
202,1,3,1,0.6,0.1999999999999999,0.00766515,
203,1,3,0,0.2,0.6,0.0006044514,
206,1,3,1,0.5,0.0,0.054037057,
207,1,3,0,0.2,0.6,0.061289772,
208,1,3,0,0.0,1.0,0.00012450044,
211,1,3,1,0.6,0.1999999999999999,0.9999734,
215,1,3,0,0.2,0.6,0.16546331,
219,1,3,0,0.0,1.0,0.0029119982,
220,1,3,0,0.4,0.1999999999999999,0.006747663,
221,1,3,1,0.8,0.6000000000000001,0.008310778,
229,1,3,0,0.0,1.0,0.012389755,
238,1,3,0,0.25,0.5,4.193339e-05,
246,1,3,0,0.4,0.1999999999999999,0.85101897,
252,1,3,0,0.0,1.0,0.00781537,
261,1,3,0,0.25,0.5,0.03175155,
265,1,3,1,0.5,0.0,0.3187157,
266,1,3,0,0.25,0.5,0.022745818,
268,1,3,1,0.5,0.0,0.005636905,
282,1,3,0,0.25,0.5,0.015961658,
286,1,3,0,0.2,0.6,0.0053901654,
289,1,3,1,0.5,0.0,0.46372145,
298,1,3,0,0.25,0.5,0.07843107,
300,1,3,0,0.0,1.0,0.03376161,
307,1,3,0,0.4,0.1999999999999999,0.31191304,
308,1,3,0,0.4,0.1999999999999999,0.96371675,
310,1,3,0,0.2,0.6,0.01954835,
316,1,3,0,0.4,0.1999999999999999,0.9968144,
318,1,3,0,0.4,0.1999999999999999,0.012142594,
319,1,3,0,0.2,0.6,0.09419172,
322,1,3,1,0.6,0.1999999999999999,0.9887217,
323,1,3,0,0.0,1.0,0.010104211,
329,1,3,0,0.0,1.0,0.23130244,
331,1,3,0,0.0,1.0,0.8504237,
336,1,3,0,0.4,0.1999999999999999,0.1381643,
338,1,3,0,0.4,0.1999999999999999,0.6952765,
354,1,3,0,0.25,0.5,0.87061965,
365,1,3,0,0.25,0.5,0.84178364,
370,1,3,0,0.0,1.0,0.08748767,
374,1,3,1,0.5,0.0,0.9726989,
376,1,3,1,0.5,0.0,0.9993386,
382,1,3,1,0.5,0.0,0.028299633,
383,1,3,0,0.0,1.0,0.15033868,
384,1,3,0,0.25,0.5,0.874856,
394,1,3,1,0.5,0.0,0.5237844,
395,1,3,1,0.5,0.0,0.93137497,
398,1,3,0,0.25,0.5,0.9257341,
403,1,3,0,0.0,1.0,0.008488434,
417,1,3,0,0.2,0.6,0.99758506,
419,1,3,0,0.4,0.1999999999999999,0.0031092335,
426,1,3,1,0.8,0.6000000000000001,0.89761436,
440,1,3,0,0.0,1.0,0.779091,
443,1,3,0,0.0,1.0,0.00010997483,
447,1,3,0,0.0,1.0,0.10254507,
451,1,3,0,0.25,0.5,0.0072961105,
465,1,3,1,0.5,0.0,0.9955066,
466,1,3,1,0.5,0.0,0.99991906,
467,1,3,1,1.0,1.0,0.99665374,
471,1,3,0,0.0,1.0,0.6608919,
495,1,3,0,0.0,1.0,0.68545985,
496,1,3,1,0.75,0.5,0.23453972,
499,1,3,0,0.0,1.0,0.8496606,
503,1,3,0,0.0,1.0,0.10922803,
509,1,3,0,0.25,0.5,0.48195368,
514,1,3,1,0.75,0.5,0.98515844,
520,1,3,1,0.5,0.0,0.44333375,
521,1,3,1,0.75,0.5,0.99996334,
522,1,3,0,0.25,0.5,0.75599504,
523,1,3,0,0.25,0.5,0.004963621,
529,1,3,1,0.5,0.0,0.6100635,
530,1,3,1,0.5,0.0,0.012960348,
535,1,3,0,0.25,0.5,0.6894617,
546,1,3,1,0.5,0.0,0.006116377,
552,1,3,1,0.6666666666666666,0.3333333333333332,0.9959218,
568,1,3,1,1.0,1.0,0.88072944,
570,1,3,1,0.6666666666666666,0.3333333333333332,0.14323118,
574,1,3,0,0.3333333333333333,0.3333333333333333,0.1426667,
583,1,3,1,0.5,0.0,0.6531013,
588,1,3,0,0.1666666666666666,0.6666666666666667,0.49475074,
590,1,3,0,0.3333333333333333,0.3333333333333333,0.43449995,
594,1,3,0,0.0,1.0,0.8996461,
603,1,3,1,0.5,0.0,0.51635456,
610,1,3,0,0.25,0.5,0.98431647,
612,1,3,0,0.0,1.0,0.00015870137,
617,1,3,1,0.5,0.0,0.80142134,
619,1,3,0,0.25,0.5,0.017694114,
624,1,3,0,0.25,0.5,0.83479357,
627,1,3,1,0.75,0.5,0.06735102,
631,1,3,0,0.0,1.0,0.17658497,
633,1,3,1,0.5,0.0,0.41301733,
634,1,3,0,0.25,0.5,0.923551,
636,1,3,0,0.0,1.0,0.8850198,
650,1,3,0,0.0,1.0,0.4381393,
652,1,3,0,0.0,1.0,0.3502198,
654,1,3,0,0.1666666666666666,0.6666666666666667,0.014624332,
656,1,3,1,0.6666666666666666,0.3333333333333332,0.66737473,
664,1,3,1,0.6666666666666666,0.3333333333333332,0.9276682,
665,1,3,0,0.1666666666666666,0.6666666666666667,0.9317057,
667,1,3,0,0.3333333333333333,0.3333333333333333,0.9978271,
669,1,3,0,0.3333333333333333,0.3333333333333333,0.57677114,
673,1,3,0,0.3333333333333333,0.3333333333333333,0.0010769693,
677,1,3,1,0.6666666666666666,0.3333333333333332,0.99596167,
681,1,3,0,0.1666666666666666,0.6666666666666667,0.9530828,
683,1,3,1,0.8333333333333334,0.6666666666666667,0.12121552,
689,1,3,0,0.0,1.0,0.0021586362,
702,1,3,0,0.1666666666666666,0.6666666666666667,0.00419844,
713,1,3,1,0.6,0.1999999999999999,0.068223074,
714,1,3,0,0.3333333333333333,0.3333333333333333,0.37971902,
720,1,3,0,0.0,1.0,0.013845569,
721,1,3,0,0.3333333333333333,0.3333333333333333,0.94035447,
722,1,3,0,0.2,0.6,0.025356475,
723,1,3,0,0.1666666666666666,0.6666666666666667,0.5300106,
726,1,3,0,0.0,1.0,0.9910103,
738,1,3,0,0.3333333333333333,0.3333333333333333,0.24824482,
742,1,3,1,0.5,0.0,0.9968253,
4,1,4,1,0.6,0.1999999999999999,0.7624085,
7,1,4,1,0.6,0.1999999999999999,0.9053136,
15,1,4,0,0.4,0.1999999999999999,0.7130594,
27,1,4,0,0.2,0.6,0.02706704,
35,1,4,1,0.5,0.0,0.06708144,
38,1,4,0,0.0,1.0,0.99971104,
47,1,4,0,0.25,0.5,0.1397155,
48,1,4,1,0.6,0.1999999999999999,0.4395377,
53,1,4,0,0.1666666666666666,0.6666666666666667,0.064912915,
55,1,4,0,0.0,1.0,0.62635154,
58,1,4,0,0.25,0.5,0.6618878,
59,1,4,0,0.25,0.5,0.0005632696,
61,1,4,0,0.2,0.6,0.0010576504,
73,1,4,0,0.0,1.0,0.022877352,
74,1,4,0,0.0,1.0,0.378348,
80,1,4,0,0.0,1.0,0.30986083,
87,1,4,0,0.0,1.0,0.008771468,
97,1,4,0,0.25,0.5,0.15730436,
100,1,4,0,0.25,0.5,0.89342463,
104,1,4,0,0.1111111111111111,0.7777777777777778,0.9128449,
105,1,4,0,0.0,1.0,0.013240458,
107,1,4,0,0.1111111111111111,0.7777777777777778,0.043641914,
111,1,4,0,0.1111111111111111,0.7777777777777778,0.87417126,
112,1,4,0,0.125,0.75,0.0014852919,
116,1,4,0,0.0,1.0,0.011787676,
125,1,4,0,0.125,0.75,0.02359118,
134,1,4,0,0.1111111111111111,0.7777777777777778,0.41417098,
135,1,4,0,0.1666666666666666,0.6666666666666667,0.0010724387,
143,1,4,1,0.5555555555555556,0.1111111111111111,0.7952484,
146,1,4,1,0.8888888888888888,0.7777777777777777,0.12837622,
147,1,4,0,0.0,1.0,0.2921562,
148,1,4,0,0.1111111111111111,0.7777777777777778,0.002368492,
162,1,4,0,0.2,0.6,0.0077919145,
164,1,4,0,0.0,1.0,0.3995913,
165,1,4,0,0.0,1.0,0.12836157,
167,1,4,0,0.0,1.0,0.630557,
169,1,4,0,0.0,1.0,0.12054865,
172,1,4,0,0.0,1.0,0.80390656,
174,1,4,1,0.5,0.0,0.073258355,
178,1,4,0,0.0,1.0,0.01130525,
183,1,4,0,0.0,1.0,0.014441842,
185,1,4,0,0.25,0.5,0.05121843,
189,1,4,1,0.5,0.0,0.02924718,
190,1,4,0,0.25,0.5,0.1852819,
214,1,4,0,0.2,0.6,0.0025944614,
224,1,4,0,0.4,0.1999999999999999,0.9694334,
228,1,4,0,0.2,0.6,0.09837824,
242,1,4,1,0.6,0.1999999999999999,0.0009902979,
244,1,4,1,0.6,0.1999999999999999,0.97689694,
253,1,4,0,0.0,1.0,0.8246833,
254,1,4,0,0.25,0.5,0.5847837,
255,1,4,0,0.25,0.5,0.0080938,
269,1,4,1,0.5,0.0,0.0035789495,
281,1,4,0,0.0,1.0,3.8685073e-08,
283,1,4,0,0.25,0.5,0.017755603,
290,1,4,0,0.0,1.0,0.0009975662,
295,1,4,0,0.0,1.0,0.08575003,
296,1,4,0,0.0,1.0,4.0049476e-05,
302,1,4,0,0.0,1.0,0.044524245,
303,1,4,0,0.0,1.0,0.0697118,
306,1,4,0,0.0,1.0,0.011741591,
311,1,4,0,0.4,0.1999999999999999,0.033679616,
337,1,4,0,0.0,1.0,0.09949695,
340,1,4,1,0.6,0.1999999999999999,0.038683526,
345,1,4,0,0.0,1.0,0.0008737099,
348,1,4,0,0.4,0.1999999999999999,0.99997103,
359,1,4,0,0.25,0.5,0.999678,
361,1,4,0,0.0,1.0,0.0139815975,
364,1,4,1,0.5,0.0,0.029475067,
367,1,4,0,0.25,0.5,0.9982926,
371,1,4,0,0.25,0.5,0.6605352,
372,1,4,0,0.25,0.5,0.77803755,
377,1,4,0,0.25,0.5,0.8908099,
379,1,4,1,0.75,0.5,0.99480975,
381,1,4,1,0.75,0.5,0.6404831,
392,1,4,1,0.5,0.0,0.9305206,
400,1,4,1,0.5,0.0,0.99998736,
410,1,4,1,0.6,0.1999999999999999,0.93125474,
413,1,4,0,0.0,1.0,0.03355228,
418,1,4,0,0.0,1.0,0.0042399666,
421,1,4,0,0.2,0.6,0.030152628,
422,1,4,1,0.6,0.1999999999999999,0.9263116,
424,1,4,1,0.6,0.1999999999999999,0.8459312,
427,1,4,1,0.6,0.1999999999999999,0.9940368,
430,1,4,1,0.6,0.1999999999999999,0.565476,
432,1,4,0,0.2,0.6,0.95443344,
434,1,4,0,0.0,1.0,0.002488777,
438,1,4,0,0.1666666666666666,0.6666666666666667,0.98516405,
441,1,4,0,0.2,0.6,0.3306808,
442,1,4,1,0.8,0.6000000000000001,0.9988532,
446,1,4,0,0.2,0.6,0.71289,
448,1,4,0,0.0,1.0,0.34079033,
452,1,4,0,0.25,0.5,0.05753604,
453,1,4,0,0.25,0.5,0.003247869,
456,1,4,1,0.5,0.0,0.00831161,
458,1,4,0,0.0,1.0,0.7384078,
459,1,4,0,0.25,0.5,0.15064295,
461,1,4,1,0.5,0.0,0.98363787,
463,1,4,0,0.25,0.5,0.37661213,
473,1,4,0,0.25,0.5,0.20750472,
491,1,4,1,0.5,0.0,0.047103666,
492,1,4,0,0.3333333333333333,0.3333333333333333,1.5657068e-05,
504,1,4,1,0.75,0.5,0.09418355,
508,1,4,1,0.75,0.5,0.3678715,
512,1,4,1,1.0,1.0,0.99997735,
517,1,4,0,0.25,0.5,0.9725925,
532,1,4,0,0.0,1.0,0.0050515207,
548,1,4,1,0.5,0.0,0.68254936,
550,1,4,0,0.0,1.0,0.013082047,
561,1,4,1,0.5,0.0,0.007871259,
562,1,4,0,0.3333333333333333,0.3333333333333333,0.99983597,
565,1,4,0,0.3333333333333333,0.3333333333333333,0.87746835,
566,1,4,0,0.1666666666666666,0.6666666666666667,0.0863816,
569,1,4,0,0.1666666666666666,0.6666666666666667,0.9970283,
572,1,4,1,0.8333333333333334,0.6666666666666667,0.005254418,
578,1,4,1,0.5,0.0,0.8263124,
586,1,4,1,0.6666666666666666,0.3333333333333332,0.0024307747,
596,1,4,1,0.5,0.0,0.068432465,
599,1,4,0,0.0,1.0,0.998768,
601,1,4,0,0.0,1.0,0.46903405,
605,1,4,1,0.5,0.0,0.99992156,
606,1,4,0,0.25,0.5,0.042665236,
608,1,4,0,0.0,1.0,0.097510144,
609,1,4,0,0.25,0.5,0.8750349,
614,1,4,1,0.75,0.5,0.9809596,
625,1,4,0,0.0,1.0,0.21162826,
640,1,4,1,0.75,0.5,0.98382604,
643,1,4,1,0.5,0.0,0.055304427,
644,1,4,0,0.25,0.5,0.25718033,
662,1,4,0,0.0,1.0,0.114285596,
671,1,4,0,0.3333333333333333,0.3333333333333333,0.99823123,
675,1,4,0,0.3333333333333333,0.3333333333333333,0.0076954262,
676,1,4,0,0.1666666666666666,0.6666666666666667,0.0038613668,
682,1,4,0,0.1666666666666666,0.6666666666666667,0.96637595,
685,1,4,0,0.0,1.0,0.12990835,
694,1,4,0,0.3333333333333333,0.3333333333333333,0.013910763,
700,1,4,1,0.5,0.0,0.8844389,
701,1,4,0,0.1666666666666666,0.6666666666666667,0.94833827,
705,1,4,1,0.5,0.0,0.17684594,
709,1,4,0,0.3333333333333333,0.3333333333333333,0.21321046,
724,1,4,0,0.2,0.6,0.3478597,
730,1,4,0,0.3333333333333333,0.3333333333333333,0.2725147,
733,1,4,0,0.1666666666666666,0.6666666666666667,0.51964283,
736,1,4,0,0.0,1.0,0.9196843,
737,1,4,0,0.1666666666666666,0.6666666666666667,0.41383934,
740,1,4,0,0.1666666666666666,0.6666666666666667,0.0005850945,
741,1,4,0,0.2,0.6,0.7480563,
1,2,0,0,0.3333333333333333,0.3333333333333333,0.25490397,
4,2,0,1,0.6,0.1999999999999999,0.2751683,
6,2,0,0,0.2,0.6,0.92446065,
10,2,0,0,0.0,1.0,0.00010735949,
12,2,0,0,0.4,0.1999999999999999,0.14424409,
18,2,0,1,0.6,0.1999999999999999,0.015952632,
25,2,0,0,0.2,0.6,0.8975786,
33,2,0,0,0.4,0.1999999999999999,0.006159905,
38,2,0,0,0.0,1.0,0.99928296,
44,2,0,0,0.0,1.0,0.4340204,
48,2,0,1,0.6,0.1999999999999999,0.029078525,
57,2,0,1,1.0,1.0,0.11205218,
60,2,0,0,0.0,1.0,0.38023487,
62,2,0,0,0.25,0.5,0.17197797,
70,2,0,0,0.0,1.0,0.88044363,
73,2,0,0,0.0,1.0,0.041471627,
74,2,0,0,0.0,1.0,0.950544,
80,2,0,0,0.0,1.0,0.8845176,
81,2,0,0,0.0,1.0,0.07168243,
84,2,0,0,0.3333333333333333,0.3333333333333333,0.93088686,
91,2,0,0,0.25,0.5,0.012242273,
98,2,0,0,0.3333333333333333,0.3333333333333333,0.007958891,
104,2,0,0,0.1111111111111111,0.7777777777777778,0.7844259,
108,2,0,0,0.25,0.5,0.88699615,
114,2,0,0,0.1111111111111111,0.7777777777777778,0.9913806,
118,2,0,0,0.0,1.0,0.5760778,
133,2,0,1,0.8888888888888888,0.7777777777777777,0.014938321,
134,2,0,0,0.1111111111111111,0.7777777777777778,0.016618922,
136,2,0,0,0.3333333333333333,0.3333333333333333,0.3402072,
139,2,0,0,0.0,1.0,0.9291497,
141,2,0,0,0.0,1.0,0.979069,
144,2,0,0,0.0,1.0,0.58764553,
152,2,0,0,0.0,1.0,0.0024281065,
162,2,0,0,0.2,0.6,0.0015049897,
165,2,0,0,0.0,1.0,0.06672823,
171,2,0,0,0.25,0.5,0.24746509,
173,2,0,0,0.25,0.5,0.11680883,
182,2,0,0,0.0,1.0,0.5355973,
185,2,0,0,0.25,0.5,0.5074535,
188,2,0,0,0.0,1.0,0.44439662,
191,2,0,0,0.0,1.0,0.466975,
203,2,0,0,0.2,0.6,0.1354118,
222,2,0,0,0.2,0.6,0.25592977,
244,2,0,1,0.6,0.1999999999999999,0.94936436,
248,2,0,0,0.4,0.1999999999999999,0.29576737,
250,2,0,0,0.4,0.1999999999999999,0.7076365,
253,2,0,0,0.0,1.0,0.86932874,
255,2,0,0,0.25,0.5,0.012016624,
257,2,0,0,0.25,0.5,0.8640579,
261,2,0,0,0.25,0.5,0.5271943,
263,2,0,0,0.2,0.6,0.0023618776,
265,2,0,1,0.5,0.0,0.58386135,
272,2,0,1,0.5,0.0,0.79399455,
273,2,0,1,0.5,0.0,0.78093415,
276,2,0,0,0.2,0.6,0.9396452,
288,2,0,1,0.75,0.5,0.14939566,
322,2,0,1,0.6,0.1999999999999999,0.1501933,
324,2,0,0,0.2,0.6,0.6898445,
326,2,0,0,0.0,1.0,6.143455e-05,
327,2,0,0,0.0,1.0,0.24468982,
328,2,0,1,0.6,0.1999999999999999,0.002697479,
331,2,0,0,0.0,1.0,0.98056006,
339,2,0,0,0.0,1.0,0.93416685,
343,2,0,1,0.8,0.6000000000000001,0.91204566,
345,2,0,0,0.0,1.0,0.00022450324,
346,2,0,1,0.6,0.1999999999999999,0.9984231,
352,2,0,0,0.25,0.5,0.30167812,
353,2,0,0,0.0,1.0,0.9957192,
357,2,0,1,0.5,0.0,0.45504424,
363,2,0,0,0.0,1.0,0.09953171,
367,2,0,0,0.25,0.5,0.98489237,
371,2,0,0,0.25,0.5,0.08766075,
373,2,0,0,0.0,1.0,0.16334835,
375,2,0,1,0.5,0.0,0.9941634,
387,2,0,0,0.0,1.0,0.0008694861,
392,2,0,1,0.5,0.0,0.48556656,
393,2,0,0,0.25,0.5,0.060012,
394,2,0,1,0.5,0.0,0.7619465,
395,2,0,1,0.5,0.0,0.91817486,
398,2,0,0,0.25,0.5,0.9970434,
402,2,0,1,0.6,0.1999999999999999,0.18263839,
412,2,0,1,1.0,1.0,0.00807618,
414,2,0,1,0.6,0.1999999999999999,0.092405364,
416,2,0,0,0.0,1.0,0.022325668,
421,2,0,0,0.2,0.6,0.0007428675,
428,2,0,1,0.6,0.1999999999999999,0.00023889483,
432,2,0,0,0.2,0.6,0.15873495,
435,2,0,0,0.4,0.1999999999999999,0.99902,
438,2,0,0,0.1666666666666666,0.6666666666666667,0.7706195,
442,2,0,1,0.8,0.6000000000000001,0.9421637,
444,2,0,0,0.2,0.6,0.9454978,
460,2,0,0,0.0,1.0,0.0026151694,
465,2,0,1,0.5,0.0,0.99386877,
470,2,0,0,0.0,1.0,0.9907634,
471,2,0,0,0.0,1.0,0.96997786,
474,2,0,0,0.0,1.0,0.002535892,
475,2,0,0,0.25,0.5,0.65753156,
476,2,0,0,0.0,1.0,0.52200365,
485,2,0,1,0.5,0.0,0.9953818,
489,2,0,0,0.0,1.0,0.06104112,
493,2,0,0,0.0,1.0,0.9674951,
498,2,0,0,0.0,1.0,0.010600882,
505,2,0,1,0.5,0.0,0.96709454,
506,2,0,1,0.75,0.5,0.9901469,
515,2,0,0,0.25,0.5,0.00026938025,
517,2,0,0,0.25,0.5,0.6997405,
525,2,0,0,0.2,0.6,2.4570538e-05,
526,2,0,0,0.0,1.0,0.034901097,
531,2,0,1,0.75,0.5,0.9123866,
533,2,0,0,0.0,1.0,0.07869013,
534,2,0,1,0.75,0.5,0.00014475388,
535,2,0,0,0.25,0.5,0.8433284,
545,2,0,0,0.25,0.5,0.0058636423,
547,2,0,1,0.5,0.0,0.79183215,
548,2,0,1,0.5,0.0,0.38031486,
549,2,0,0,0.0,1.0,0.55261767,
552,2,0,1,0.6666666666666666,0.3333333333333332,0.6478975,
563,2,0,0,0.0,1.0,0.02102519,
571,2,0,1,0.5,0.0,0.008821338,
573,2,0,0,0.3333333333333333,0.3333333333333333,0.840365,
577,2,0,0,0.1666666666666666,0.6666666666666667,0.06559525,
581,2,0,0,0.3333333333333333,0.3333333333333333,0.5150275,
583,2,0,1,0.5,0.0,0.9727527,
584,2,0,1,0.6666666666666666,0.3333333333333332,0.13873252,
588,2,0,0,0.1666666666666666,0.6666666666666667,0.0052915635,
594,2,0,0,0.0,1.0,0.5079598,
601,2,0,0,0.0,1.0,0.4055349,
606,2,0,0,0.25,0.5,0.0036302567,
615,2,0,1,0.75,0.5,0.71397805,
620,2,0,1,0.75,0.5,0.004610478,
652,2,0,0,0.0,1.0,0.7075509,
655,2,0,1,0.6666666666666666,0.3333333333333332,0.8941722,
656,2,0,1,0.6666666666666666,0.3333333333333332,0.70099723,
660,2,0,0,0.1666666666666666,0.6666666666666667,0.011524712,
661,2,0,1,0.8333333333333334,0.6666666666666667,0.99988294,
662,2,0,0,0.0,1.0,0.28031278,
674,2,0,0,0.3333333333333333,0.3333333333333333,0.43802243,
680,2,0,0,0.0,1.0,0.07200949,
684,2,0,0,0.0,1.0,0.10389938,
689,2,0,0,0.0,1.0,0.027190348,
699,2,0,0,0.1666666666666666,0.6666666666666667,0.99993896,
701,2,0,0,0.1666666666666666,0.6666666666666667,0.91306067,
721,2,0,0,0.3333333333333333,0.3333333333333333,0.07694009,
723,2,0,0,0.1666666666666666,0.6666666666666667,0.010543911,
737,2,0,0,0.1666666666666666,0.6666666666666667,0.13808829,
739,2,0,0,0.3333333333333333,0.3333333333333333,0.55242217,
742,2,0,1,0.5,0.0,0.8639781,
13,2,1,0,0.2,0.6,0.03229045,
14,2,1,0,0.2,0.6,0.3055707,
16,2,1,1,0.6,0.1999999999999999,0.0034906822,
20,2,1,0,0.25,0.5,0.031463746,
29,2,1,0,0.2,0.6,0.07809183,
34,2,1,0,0.1666666666666666,0.6666666666666667,0.0043544006,
35,2,1,1,0.5,0.0,0.2727467,
46,2,1,0,0.4,0.1999999999999999,0.60744214,
67,2,1,0,0.0,1.0,0.037845515,
82,2,1,0,0.25,0.5,0.12555718,
83,2,1,0,0.25,0.5,0.03974154,
85,2,1,0,0.25,0.5,0.09134272,
88,2,1,1,0.5,0.0,0.00010714664,
93,2,1,0,0.0,1.0,0.0033237673,
103,2,1,0,0.1111111111111111,0.7777777777777778,0.92804325,
116,2,1,0,0.0,1.0,0.00911578,
122,2,1,0,0.0,1.0,0.12171058,
123,2,1,0,0.0,1.0,0.028776303,
124,2,1,0,0.0,1.0,0.80444,
127,2,1,1,0.6666666666666666,0.3333333333333332,0.26793337,
128,2,1,0,0.1111111111111111,0.7777777777777778,0.059672303,
131,2,1,0,0.0,1.0,2.2831067e-05,
132,2,1,0,0.2222222222222222,0.5555555555555556,0.7694135,
143,2,1,1,0.5555555555555556,0.1111111111111111,0.67095006,
149,2,1,0,0.3333333333333333,0.3333333333333333,0.17509854,
153,2,1,0,0.0,1.0,0.0010532961,
157,2,1,0,0.25,0.5,0.7329429,
159,2,1,0,0.0,1.0,0.0102394065,
176,2,1,0,0.0,1.0,0.015295078,
181,2,1,1,0.5,0.0,0.09829976,
184,2,1,0,0.0,1.0,0.0012739198,
190,2,1,0,0.25,0.5,0.54824483,
196,2,1,1,0.5,0.0,0.04019625,
198,2,1,0,0.0,1.0,0.48814756,
199,2,1,0,0.25,0.5,0.011036778,
207,2,1,0,0.2,0.6,0.005210144,
208,2,1,0,0.0,1.0,0.00046478005,
212,2,1,0,0.2,0.6,0.008716831,
216,2,1,0,0.0,1.0,0.9984788,
224,2,1,0,0.4,0.1999999999999999,0.92805576,
227,2,1,1,1.0,1.0,0.9952539,
229,2,1,0,0.0,1.0,0.07104246,
235,2,1,0,0.0,1.0,0.0027409499,
240,2,1,0,0.2,0.6,0.689523,
245,2,1,0,0.0,1.0,0.0061385655,
247,2,1,0,0.2,0.6,0.09717503,
258,2,1,0,0.0,1.0,0.2739414,
262,2,1,1,0.5,0.0,0.18666214,
277,2,1,1,0.5,0.0,0.0048402166,
278,2,1,0,0.25,0.5,0.31601414,
279,2,1,0,0.2,0.6,0.00019280516,
285,2,1,0,0.4,0.1999999999999999,0.067596525,
287,2,1,0,0.25,0.5,0.053248383,
291,2,1,0,0.0,1.0,0.14079794,
292,2,1,0,0.25,0.5,0.9999509,
293,2,1,1,0.5,0.0,0.005741151,
295,2,1,0,0.0,1.0,0.026281202,
300,2,1,0,0.0,1.0,0.32075435,
304,2,1,1,0.8,0.6000000000000001,0.94404364,
307,2,1,0,0.4,0.1999999999999999,0.83153653,
309,2,1,1,0.8,0.6000000000000001,0.49239868,
318,2,1,0,0.4,0.1999999999999999,0.013969953,
347,2,1,0,0.4,0.1999999999999999,0.9438561,
349,2,1,0,0.0,1.0,4.6513356e-05,
351,2,1,0,0.0,1.0,0.9971261,
358,2,1,0,0.25,0.5,0.5018996,
359,2,1,0,0.25,0.5,0.9999853,
360,2,1,0,0.25,0.5,0.061475076,
372,2,1,0,0.25,0.5,0.97508454,
374,2,1,1,0.5,0.0,0.99551654,
381,2,1,1,0.75,0.5,0.90175617,
382,2,1,1,0.5,0.0,0.037317634,
383,2,1,0,0.0,1.0,0.0046291472,
384,2,1,0,0.25,0.5,0.8833815,
389,2,1,0,0.25,0.5,0.9996473,
399,2,1,0,0.25,0.5,0.98253274,
401,2,1,0,0.2,0.6,0.06961836,
405,2,1,0,0.0,1.0,0.491068,
420,2,1,0,0.0,1.0,0.01514638,
427,2,1,1,0.6,0.1999999999999999,0.99738,
430,2,1,1,0.6,0.1999999999999999,0.005407144,
431,2,1,0,0.4,0.1999999999999999,0.033816013,
433,2,1,0,0.0,1.0,0.08450557,
447,2,1,0,0.0,1.0,0.041766137,
456,2,1,1,0.5,0.0,0.62763906,
458,2,1,0,0.0,1.0,0.99032545,
461,2,1,1,0.5,0.0,0.9295275,
464,2,1,0,0.0,1.0,0.99676216,
477,2,1,0,0.0,1.0,0.12381417,
488,2,1,1,0.5,0.0,0.99942183,
492,2,1,0,0.3333333333333333,0.3333333333333333,2.8015093e-05,
503,2,1,0,0.0,1.0,0.87360865,
508,2,1,1,0.75,0.5,0.0077560805,
509,2,1,0,0.25,0.5,0.052941564,
510,2,1,1,0.5,0.0,0.16482967,
520,2,1,1,0.5,0.0,0.23793635,
521,2,1,1,0.75,0.5,0.8997222,
524,2,1,0,0.0,1.0,0.9999679,
528,2,1,0,0.0,1.0,0.12101579,
538,2,1,0,0.0,1.0,0.9961797,
539,2,1,0,0.25,0.5,0.2062801,
541,2,1,1,0.5,0.0,0.35006067,
542,2,1,0,0.25,0.5,0.15956604,
543,2,1,1,0.5,0.0,0.99218893,
550,2,1,0,0.0,1.0,0.057819087,
568,2,1,1,1.0,1.0,0.94225407,
569,2,1,0,0.1666666666666666,0.6666666666666667,0.81353384,
575,2,1,1,0.5,0.0,0.99953717,
579,2,1,0,0.3333333333333333,0.3333333333333333,0.9949275,
580,2,1,0,0.3333333333333333,0.3333333333333333,0.055800177,
582,2,1,1,0.5,0.0,0.32122704,
586,2,1,1,0.6666666666666666,0.3333333333333332,0.5358077,
590,2,1,0,0.3333333333333333,0.3333333333333333,0.9833886,
592,2,1,1,0.6,0.1999999999999999,0.9941894,
593,2,1,1,0.5,0.0,0.7707461,
595,2,1,1,0.8333333333333334,0.6666666666666667,0.9880122,
600,2,1,0,0.1666666666666666,0.6666666666666667,0.5388677,
602,2,1,0,0.25,0.5,0.44897792,
603,2,1,1,0.5,0.0,0.9936329,
604,2,1,1,0.75,0.5,0.9964582,
605,2,1,1,0.5,0.0,0.9951993,
610,2,1,0,0.25,0.5,0.9762711,
612,2,1,0,0.0,1.0,0.0007838673,
617,2,1,1,0.5,0.0,0.9796281,
619,2,1,0,0.25,0.5,0.5087887,
625,2,1,0,0.0,1.0,0.8122519,
638,2,1,0,0.25,0.5,0.9568951,
659,2,1,1,0.6666666666666666,0.3333333333333332,0.38887286,
663,2,1,0,0.3333333333333333,0.3333333333333333,0.96285826,
665,2,1,0,0.1666666666666666,0.6666666666666667,0.9990953,
672,2,1,0,0.0,1.0,0.5100206,
677,2,1,1,0.6666666666666666,0.3333333333333332,0.9104152,
678,2,1,0,0.3333333333333333,0.3333333333333333,0.059928395,
679,2,1,0,0.4,0.1999999999999999,0.0010107618,
688,2,1,0,0.1666666666666666,0.6666666666666667,0.022354685,
690,2,1,0,0.0,1.0,0.99694264,
696,2,1,0,0.1666666666666666,0.6666666666666667,0.1477957,
697,2,1,1,0.5,0.0,0.99634546,
706,2,1,1,0.6666666666666666,0.3333333333333332,0.29152262,
708,2,1,0,0.0,1.0,0.77802193,
712,2,1,0,0.1666666666666666,0.6666666666666667,0.012088454,
724,2,1,0,0.2,0.6,0.022968046,
726,2,1,0,0.0,1.0,0.51385194,
728,2,1,0,0.2,0.6,0.037893582,
733,2,1,0,0.1666666666666666,0.6666666666666667,0.104938574,
735,2,1,0,0.0,1.0,0.0018452719,
736,2,1,0,0.0,1.0,0.9993914,
11,2,2,1,0.6,0.1999999999999999,0.0050474848,
15,2,2,0,0.4,0.1999999999999999,0.7813847,
21,2,2,0,0.2,0.6,0.67603654,
24,2,2,0,0.0,1.0,0.0017287792,
27,2,2,0,0.2,0.6,0.011326687,
28,2,2,0,0.2,0.6,0.0022192062,
30,2,2,0,0.2,0.6,0.39822862,
31,2,2,0,0.1666666666666666,0.6666666666666667,0.0035791723,
37,2,2,0,0.2,0.6,0.15068164,
47,2,2,0,0.25,0.5,0.026642866,
58,2,2,0,0.25,0.5,0.024626218,
59,2,2,0,0.25,0.5,3.068639e-05,
61,2,2,0,0.2,0.6,0.0001387803,
64,2,2,0,0.3333333333333333,0.3333333333333333,0.00019366184,
71,2,2,0,0.0,1.0,0.016619582,
76,2,2,0,0.25,0.5,0.01720495,
87,2,2,0,0.0,1.0,0.018123593,
94,2,2,0,0.25,0.5,0.29303837,
95,2,2,0,0.25,0.5,0.25977916,
97,2,2,0,0.25,0.5,0.15310267,
101,2,2,0,0.3333333333333333,0.3333333333333333,0.80981183,
105,2,2,0,0.0,1.0,0.08492677,
111,2,2,0,0.1111111111111111,0.7777777777777778,0.78774667,
113,2,2,0,0.1111111111111111,0.7777777777777778,0.9507941,
120,2,2,0,0.0,1.0,0.8427191,
129,2,2,0,0.2,0.6,0.09844229,
142,2,2,0,0.0,1.0,0.97106594,
148,2,2,0,0.1111111111111111,0.7777777777777778,0.0037571657,
150,2,2,0,0.0,1.0,0.6145786,
151,2,2,0,0.0,1.0,0.3157267,
156,2,2,0,0.25,0.5,0.11204879,
158,2,2,0,0.0,1.0,0.0006076475,
163,2,2,0,0.25,0.5,0.92579806,
167,2,2,0,0.0,1.0,0.9744499,
168,2,2,0,0.25,0.5,0.0084439665,
177,2,2,0,0.0,1.0,0.58926535,
179,2,2,0,0.25,0.5,0.31882888,
187,2,2,0,0.0,1.0,0.0019381566,
189,2,2,1,0.5,0.0,0.29046327,
201,2,2,0,0.25,0.5,0.052645393,
205,2,2,0,0.2,0.6,0.007982008,
206,2,2,1,0.5,0.0,0.049798176,
213,2,2,0,0.4,0.1999999999999999,0.9734231,
214,2,2,0,0.2,0.6,5.8967627e-05,
220,2,2,0,0.4,0.1999999999999999,0.029331576,
223,2,2,0,0.2,0.6,0.0026595863,
237,2,2,0,0.4,0.1999999999999999,0.019001683,
238,2,2,0,0.25,0.5,6.3743946e-06,
241,2,2,1,0.6,0.1999999999999999,0.09009233,
249,2,2,1,0.6,0.1999999999999999,0.0068394104,
252,2,2,0,0.0,1.0,0.0010363034,
259,2,2,0,0.0,1.0,0.0028462037,
264,2,2,0,0.25,0.5,0.053336486,
268,2,2,1,0.5,0.0,0.07452442,
269,2,2,1,0.5,0.0,0.026692145,
270,2,2,0,0.0,1.0,0.7194429,
271,2,2,0,0.0,1.0,0.43847585,
275,2,2,1,0.5,0.0,0.4395073,
280,2,2,0,0.25,0.5,0.020393664,
281,2,2,0,0.0,1.0,4.8788177e-05,
283,2,2,0,0.25,0.5,0.0050489474,
284,2,2,1,0.5,0.0,0.31699938,
286,2,2,0,0.2,0.6,0.0037055914,
290,2,2,0,0.0,1.0,6.0522918e-05,
296,2,2,0,0.0,1.0,5.2007555e-05,
298,2,2,0,0.25,0.5,0.8301796,
303,2,2,0,0.0,1.0,0.1566521,
306,2,2,0,0.0,1.0,0.5335415,
310,2,2,0,0.2,0.6,0.024667878,
312,2,2,0,0.0,1.0,0.51775044,
316,2,2,0,0.4,0.1999999999999999,0.9975858,
333,2,2,0,0.0,1.0,0.002168157,
335,2,2,1,0.5,0.0,0.15753889,
338,2,2,0,0.4,0.1999999999999999,0.96078384,
342,2,2,0,0.2,0.6,0.058125384,
354,2,2,0,0.25,0.5,0.9513978,
355,2,2,0,0.25,0.5,0.016207611,
361,2,2,0,0.0,1.0,0.04694081,
364,2,2,1,0.5,0.0,0.011055149,
376,2,2,1,0.5,0.0,0.86474717,
378,2,2,1,0.5,0.0,0.009291038,
379,2,2,1,0.75,0.5,0.9945555,
388,2,2,1,0.5,0.0,0.00554798,
390,2,2,1,0.75,0.5,0.0068149343,
406,2,2,1,0.6,0.1999999999999999,0.45592028,
409,2,2,0,0.4,0.1999999999999999,0.97091246,
411,2,2,0,0.2,0.6,0.34891874,
413,2,2,0,0.0,1.0,0.03020733,
418,2,2,0,0.0,1.0,0.00329048,
422,2,2,1,0.6,0.1999999999999999,0.082365796,
424,2,2,1,0.6,0.1999999999999999,0.5313283,
429,2,2,0,0.0,1.0,0.0019752793,
434,2,2,0,0.0,1.0,0.00013886832,
441,2,2,0,0.2,0.6,0.025177935,
445,2,2,0,0.0,1.0,0.010861471,
446,2,2,0,0.2,0.6,0.6343998,
448,2,2,0,0.0,1.0,0.053448576,
452,2,2,0,0.25,0.5,0.50370795,
462,2,2,1,0.5,0.0,0.9854257,
463,2,2,0,0.25,0.5,0.6561069,
467,2,2,1,1.0,1.0,0.89340687,
480,2,2,1,0.5,0.0,0.16839865,
496,2,2,1,0.75,0.5,0.12330148,
499,2,2,0,0.0,1.0,0.9793,
512,2,2,1,1.0,1.0,0.9995271,
514,2,2,1,0.75,0.5,0.99969447,
516,2,2,0,0.0,1.0,0.9455925,
518,2,2,0,0.25,0.5,0.953251,
519,2,2,0,0.0,1.0,0.9610354,
530,2,2,1,0.5,0.0,0.010411168,
546,2,2,1,0.5,0.0,0.19125839,
553,2,2,0,0.0,1.0,0.8720168,
554,2,2,1,0.5,0.0,0.988715,
555,2,2,0,0.3333333333333333,0.3333333333333333,0.99434924,
559,2,2,1,0.6666666666666666,0.3333333333333332,0.045473542,
566,2,2,0,0.1666666666666666,0.6666666666666667,0.4960398,
607,2,2,0,0.0,1.0,0.0024683103,
609,2,2,0,0.25,0.5,0.5688703,
613,2,2,0,0.0,1.0,0.4881488,
618,2,2,0,0.0,1.0,0.97947043,
622,2,2,1,0.75,0.5,0.9956201,
623,2,2,1,0.5,0.0,0.54315984,
627,2,2,1,0.75,0.5,0.07496634,
628,2,2,0,0.0,1.0,5.658955e-06,
630,2,2,1,0.5,0.0,0.12574098,
636,2,2,0,0.0,1.0,0.8399453,
642,2,2,1,0.75,0.5,0.99330544,
643,2,2,1,0.5,0.0,0.0055275373,
646,2,2,0,0.0,1.0,0.00021473844,
647,2,2,1,0.5,0.0,0.9369658,
650,2,2,0,0.0,1.0,0.0030348408,
657,2,2,1,0.5,0.0,0.1270012,
658,2,2,0,0.1666666666666666,0.6666666666666667,0.38898736,
667,2,2,0,0.3333333333333333,0.3333333333333333,0.08384502,
668,2,2,0,0.1666666666666666,0.6666666666666667,0.87699234,
671,2,2,0,0.3333333333333333,0.3333333333333333,0.996451,
681,2,2,0,0.1666666666666666,0.6666666666666667,0.82834804,
686,2,2,0,0.0,1.0,0.99342227,
692,2,2,0,0.0,1.0,0.011811687,
695,2,2,0,0.3333333333333333,0.3333333333333333,0.0059566656,
700,2,2,1,0.5,0.0,0.8583812,
702,2,2,0,0.1666666666666666,0.6666666666666667,0.0045303684,
710,2,2,0,0.0,1.0,0.0009680517,
713,2,2,1,0.6,0.1999999999999999,0.05441176,
716,2,2,1,0.6666666666666666,0.3333333333333332,0.117269866,
732,2,2,0,0.0,1.0,0.0617832,
738,2,2,0,0.3333333333333333,0.3333333333333333,0.07781355,
2,2,3,0,0.4,0.1999999999999999,0.00023097602,
7,2,3,1,0.6,0.1999999999999999,0.8856523,
8,2,3,0,0.0,1.0,0.002139621,
9,2,3,0,0.0,1.0,0.12932666,
26,2,3,1,0.8,0.6000000000000001,0.72571903,
32,2,3,0,0.2,0.6,0.9537669,
39,2,3,0,0.0,1.0,0.0029834646,
40,2,3,0,0.2,0.6,0.6050532,
42,2,3,0,0.0,1.0,0.01459478,
45,2,3,0,0.0,1.0,0.8955122,
52,2,3,0,0.25,0.5,0.7114453,
53,2,3,0,0.1666666666666666,0.6666666666666667,0.007058253,
55,2,3,0,0.0,1.0,0.6451918,
56,2,3,0,0.25,0.5,0.019906934,
63,2,3,0,0.0,1.0,0.6693405,
69,2,3,0,0.0,1.0,0.019964354,
75,2,3,0,0.0,1.0,0.008363675,
77,2,3,0,0.25,0.5,0.2102644,
78,2,3,0,0.0,1.0,0.005259732,
79,2,3,0,0.25,0.5,0.07079208,
90,2,3,1,0.5,0.0,0.006841318,
92,2,3,0,0.0,1.0,0.050911497,
96,2,3,0,0.0,1.0,0.00041794678,
99,2,3,0,0.0,1.0,0.07813421,
100,2,3,0,0.25,0.5,0.8805033,
109,2,3,0,0.1111111111111111,0.7777777777777778,0.7877041,
119,2,3,0,0.1111111111111111,0.7777777777777778,0.38960895,
121,2,3,0,0.1111111111111111,0.7777777777777778,0.014616928,
130,2,3,0,0.1111111111111111,0.7777777777777778,0.0008295194,
138,2,3,1,0.5555555555555556,0.1111111111111111,0.011116099,
147,2,3,0,0.0,1.0,0.34798634,
160,2,3,0,0.1666666666666666,0.6666666666666667,0.994329,
164,2,3,0,0.0,1.0,0.040477112,
166,2,3,0,0.25,0.5,0.034601443,
172,2,3,0,0.0,1.0,0.0014732174,
180,2,3,0,0.0,1.0,0.29315838,
183,2,3,0,0.0,1.0,0.019722931,
194,2,3,0,0.0,1.0,0.99991524,
195,2,3,0,0.0,1.0,0.060368404,
202,2,3,1,0.6,0.1999999999999999,0.0005965349,
210,2,3,0,0.4,0.1999999999999999,0.9999292,
211,2,3,1,0.6,0.1999999999999999,0.99916255,
215,2,3,0,0.2,0.6,0.7373524,
225,2,3,0,0.2,0.6,9.8158904e-05,
226,2,3,0,0.0,1.0,0.0037950133,
230,2,3,0,0.2,0.6,0.0027048995,
231,2,3,1,0.5,0.0,0.959242,
232,2,3,0,0.25,0.5,0.51065713,
246,2,3,0,0.4,0.1999999999999999,0.22266018,
251,2,3,0,0.25,0.5,0.0474921,
260,2,3,0,0.25,0.5,0.67944896,
266,2,3,0,0.25,0.5,0.023219146,
267,2,3,0,0.0,1.0,1.0728772e-06,
274,2,3,1,0.5,0.0,0.79077554,
282,2,3,0,0.25,0.5,0.0016087088,
297,2,3,0,0.0,1.0,0.004605215,
302,2,3,0,0.0,1.0,0.07841389,
308,2,3,0,0.4,0.1999999999999999,0.87912065,
311,2,3,0,0.4,0.1999999999999999,0.0062063574,
314,2,3,0,0.0,1.0,0.65567195,
321,2,3,1,0.6,0.1999999999999999,0.27966082,
325,2,3,0,0.0,1.0,0.0027654546,
329,2,3,0,0.0,1.0,0.15519238,
332,2,3,0,0.0,1.0,0.7423898,
334,2,3,0,0.4,0.1999999999999999,0.004383647,
336,2,3,0,0.4,0.1999999999999999,0.00057388295,
337,2,3,0,0.0,1.0,0.45375854,
340,2,3,1,0.6,0.1999999999999999,0.5241331,
341,2,3,1,0.6,0.1999999999999999,0.97118723,
344,2,3,0,0.2,0.6,0.16135423,
348,2,3,0,0.4,0.1999999999999999,0.9989768,
362,2,3,1,0.75,0.5,0.056860562,
368,2,3,1,0.5,0.0,0.22152466,
397,2,3,1,0.75,0.5,0.59760916,
408,2,3,0,0.4,0.1999999999999999,0.636312,
410,2,3,1,0.6,0.1999999999999999,0.8343673,
425,2,3,0,0.0,1.0,0.090722635,
426,2,3,1,0.8,0.6000000000000001,0.73126197,
436,2,3,0,0.4,0.1999999999999999,0.38040859,
439,2,3,0,0.2,0.6,0.06203452,
440,2,3,0,0.0,1.0,0.516621,
443,2,3,0,0.0,1.0,0.0008202225,
449,2,3,0,0.4,0.1999999999999999,0.1708681,
450,2,3,0,0.2,0.6,0.0007091929,
451,2,3,0,0.25,0.5,0.011847517,
453,2,3,0,0.25,0.5,0.009331866,
454,2,3,0,0.0,1.0,0.008213564,
455,2,3,0,0.0,1.0,0.00010254422,
459,2,3,0,0.25,0.5,0.5790057,
466,2,3,1,0.5,0.0,0.99434566,
468,2,3,0,0.25,0.5,0.021814082,
469,2,3,1,0.75,0.5,0.2130562,
478,2,3,0,0.0,1.0,0.31995362,
479,2,3,0,0.0,1.0,0.00054732204,
481,2,3,0,0.0,1.0,0.055797704,
482,2,3,0,0.0,1.0,0.00031342288,
483,2,3,0,0.25,0.5,0.94995093,
486,2,3,0,0.25,0.5,0.99536365,
487,2,3,0,0.2,0.6,0.0005381404,
490,2,3,0,0.25,0.5,0.05239241,
497,2,3,0,0.0,1.0,0.0016094755,
504,2,3,1,0.75,0.5,0.019396251,
513,2,3,0,0.0,1.0,0.4641086,
523,2,3,0,0.25,0.5,0.3991302,
529,2,3,1,0.5,0.0,0.04303179,
536,2,3,0,0.3333333333333333,0.3333333333333333,0.560863,
544,2,3,1,0.5,0.0,0.9981061,
551,2,3,1,0.6666666666666666,0.3333333333333332,0.06239323,
557,2,3,0,0.3333333333333333,0.3333333333333333,6.5376776e-06,
558,2,3,1,0.5,0.0,0.99860394,
560,2,3,0,0.1666666666666666,0.6666666666666667,0.008310382,
561,2,3,1,0.5,0.0,8.0427554e-07,
565,2,3,0,0.3333333333333333,0.3333333333333333,0.9169416,
570,2,3,1,0.6666666666666666,0.3333333333333332,0.000268077,
574,2,3,0,0.3333333333333333,0.3333333333333333,0.017384645,
585,2,3,1,0.5,0.0,0.93818134,
587,2,3,1,0.8333333333333334,0.6666666666666667,0.00867974,
596,2,3,1,0.5,0.0,0.3997929,
597,2,3,0,0.0,1.0,0.0011250878,
598,2,3,0,0.3333333333333333,0.3333333333333333,0.82823896,
611,2,3,1,0.75,0.5,0.0023420572,
621,2,3,1,0.5,0.0,0.0071465243,
629,2,3,1,0.5,0.0,0.9815242,
637,2,3,1,0.5,0.0,0.29280508,
644,2,3,0,0.25,0.5,0.01775554,
648,2,3,1,0.5,0.0,0.07167691,
653,2,3,1,0.5,0.0,0.0073893135,
654,2,3,0,0.1666666666666666,0.6666666666666667,0.6094543,
670,2,3,1,0.5,0.0,0.8243502,
682,2,3,0,0.1666666666666666,0.6666666666666667,0.9782038,
683,2,3,1,0.8333333333333334,0.6666666666666667,0.006122348,
685,2,3,0,0.0,1.0,0.00034092367,
687,2,3,0,0.3333333333333333,0.3333333333333333,0.0002373537,
691,2,3,0,0.1666666666666666,0.6666666666666667,0.73851275,
693,2,3,1,0.5,0.0,0.00031506823,
704,2,3,0,0.3333333333333333,0.3333333333333333,0.4373681,
705,2,3,1,0.5,0.0,0.0016236717,
711,2,3,1,0.6,0.1999999999999999,0.1424262,
717,2,3,1,0.5,0.0,0.65421575,
719,2,3,0,0.1666666666666666,0.6666666666666667,0.38556743,
722,2,3,0,0.2,0.6,0.018978223,
725,2,3,0,0.0,1.0,0.009105747,
727,2,3,0,0.4,0.1999999999999999,0.4765091,
729,2,3,0,0.4,0.1999999999999999,0.6107728,
730,2,3,0,0.3333333333333333,0.3333333333333333,0.016912824,
734,2,3,0,0.0,1.0,0.1503644,
740,2,3,0,0.1666666666666666,0.6666666666666667,1.0462087e-05,
3,2,4,0,0.0,1.0,0.5695504,
5,2,4,0,0.2,0.6,0.23294397,
17,2,4,0,0.4,0.1999999999999999,0.33751088,
22,2,4,0,0.2,0.6,0.99416924,
36,2,4,0,0.2,0.6,0.00050175586,
41,2,4,0,0.2,0.6,0.02052389,
43,2,4,0,0.2,0.6,0.9983357,
49,2,4,0,0.3333333333333333,0.3333333333333333,0.007281404,
50,2,4,1,0.8,0.6000000000000001,0.07966276,
51,2,4,0,0.25,0.5,0.9904318,
54,2,4,0,0.25,0.5,0.08949442,
65,2,4,0,0.25,0.5,0.004149343,
66,2,4,0,0.0,1.0,0.55582005,
68,2,4,0,0.0,1.0,0.017450497,
72,2,4,0,0.25,0.5,0.0038417687,
86,2,4,0,0.0,1.0,0.10342279,
89,2,4,0,0.25,0.5,0.90038323,
102,2,4,0,0.0,1.0,0.0017741723,
106,2,4,1,1.0,1.0,0.064286165,
107,2,4,0,0.1111111111111111,0.7777777777777778,0.46102345,
110,2,4,0,0.0,1.0,0.012270005,
112,2,4,0,0.125,0.75,0.0032323236,
115,2,4,0,0.0,1.0,0.05269622,
117,2,4,0,0.25,0.5,0.017337803,
125,2,4,0,0.125,0.75,0.15631105,
126,2,4,0,0.2222222222222222,0.5555555555555556,0.94048357,
135,2,4,0,0.1666666666666666,0.6666666666666667,0.00032735983,
137,2,4,1,0.6666666666666666,0.3333333333333332,0.0015550887,
140,2,4,0,0.2222222222222222,0.5555555555555556,0.5396513,
145,2,4,0,0.4444444444444444,0.1111111111111111,0.000432849,
146,2,4,1,0.8888888888888888,0.7777777777777777,0.28153658,
154,2,4,0,0.25,0.5,0.006016679,
155,2,4,0,0.25,0.5,0.14629951,
161,2,4,0,0.0,1.0,0.6707469,
169,2,4,0,0.0,1.0,0.3493777,
170,2,4,0,0.1666666666666666,0.6666666666666667,0.0010781059,
174,2,4,1,0.5,0.0,0.084770225,
175,2,4,0,0.0,1.0,0.0069755046,
178,2,4,0,0.0,1.0,9.6108415e-05,
186,2,4,0,0.0,1.0,0.004380885,
192,2,4,0,0.0,1.0,0.20375508,
193,2,4,0,0.25,0.5,0.3740322,
197,2,4,0,0.0,1.0,0.0001515002,
200,2,4,0,0.2,0.6,0.3681984,
204,2,4,0,0.4,0.1999999999999999,0.026397824,
209,2,4,0,0.2,0.6,0.026268058,
217,2,4,0,0.0,1.0,0.0031307386,
219,2,4,0,0.0,1.0,0.020836886,
221,2,4,1,0.8,0.6000000000000001,0.05607799,
228,2,4,0,0.2,0.6,0.02146428,
233,2,4,0,0.0,1.0,0.17940193,
234,2,4,0,0.25,0.5,0.0006115534,
236,2,4,0,0.0,1.0,0.00012108572,
239,2,4,1,0.6,0.1999999999999999,0.0002930204,
242,2,4,1,0.6,0.1999999999999999,0.0019429201,
243,2,4,0,0.0,1.0,0.045019332,
254,2,4,0,0.25,0.5,0.0017531565,
289,2,4,1,0.5,0.0,0.47765848,
294,2,4,0,0.0,1.0,0.27158365,
299,2,4,1,0.8,0.6000000000000001,0.09047353,
313,2,4,0,0.0,1.0,0.08673083,
315,2,4,1,0.8,0.6000000000000001,0.9898201,
317,2,4,0,0.4,0.1999999999999999,6.5179775e-05,
319,2,4,0,0.2,0.6,0.98223716,
320,2,4,0,0.0,1.0,0.34096307,
323,2,4,0,0.0,1.0,0.004069933,
330,2,4,0,0.4,0.1999999999999999,0.57737124,
350,2,4,0,0.0,1.0,0.04191041,
356,2,4,0,0.25,0.5,0.2769577,
365,2,4,0,0.25,0.5,0.99466956,
366,2,4,0,0.0,1.0,0.8894365,
369,2,4,0,0.0,1.0,0.006472853,
370,2,4,0,0.0,1.0,0.029873364,
377,2,4,0,0.25,0.5,0.32672077,
380,2,4,1,0.75,0.5,0.14448848,
385,2,4,1,0.5,0.0,0.001341676,
386,2,4,0,0.25,0.5,0.8297976,
391,2,4,0,0.0,1.0,0.0035411962,
396,2,4,1,0.75,0.5,0.8470769,
400,2,4,1,0.5,0.0,0.9999619,
403,2,4,0,0.0,1.0,0.02654651,
404,2,4,1,0.6,0.1999999999999999,0.47419095,
407,2,4,0,0.2,0.6,0.06641652,
415,2,4,0,0.0,1.0,0.9079035,
417,2,4,0,0.2,0.6,0.84632695,
419,2,4,0,0.4,0.1999999999999999,0.81747043,
423,2,4,0,0.0,1.0,0.01566742,
437,2,4,1,0.6,0.1999999999999999,0.80081487,
457,2,4,1,0.5,0.0,0.9299542,
472,2,4,0,0.25,0.5,0.00053337985,
473,2,4,0,0.25,0.5,0.08684624,
484,2,4,0,0.25,0.5,0.22773498,
491,2,4,1,0.5,0.0,0.12522791,
494,2,4,1,0.8,0.6000000000000001,0.9253092,
495,2,4,0,0.0,1.0,0.22423251,
500,2,4,0,0.25,0.5,0.0065055457,
501,2,4,0,0.25,0.5,0.39138383,
502,2,4,1,0.75,0.5,0.10326254,
507,2,4,1,1.0,1.0,0.7820431,
511,2,4,1,0.5,0.0,0.74614125,
522,2,4,0,0.25,0.5,0.1295583,
527,2,4,0,0.25,0.5,0.76840234,
532,2,4,0,0.0,1.0,0.0036418848,
537,2,4,0,0.25,0.5,0.49312186,
540,2,4,0,0.25,0.5,0.9648578,
556,2,4,0,0.1666666666666666,0.6666666666666667,0.85895216,
562,2,4,0,0.3333333333333333,0.3333333333333333,0.9637656,
564,2,4,1,0.5,0.0,0.9842042,
567,2,4,0,0.3333333333333333,0.3333333333333333,5.997414e-05,
572,2,4,1,0.8333333333333334,0.6666666666666667,0.007280535,
576,2,4,1,0.5,0.0,0.9913478,
578,2,4,1,0.5,0.0,0.32442832,
589,2,4,0,0.3333333333333333,0.3333333333333333,0.40602943,
591,2,4,1,0.5,0.0,0.0010793358,
599,2,4,0,0.0,1.0,0.90953577,
608,2,4,0,0.0,1.0,0.89624083,
614,2,4,1,0.75,0.5,0.57752824,
616,2,4,1,0.75,0.5,0.027840378,
624,2,4,0,0.25,0.5,0.002269208,
626,2,4,1,0.5,0.0,0.00019843357,
631,2,4,0,0.0,1.0,0.0319696,
632,2,4,1,0.5,0.0,0.58803856,
633,2,4,1,0.5,0.0,0.06713697,
634,2,4,0,0.25,0.5,0.058954038,
635,2,4,1,0.5,0.0,0.996952,
639,2,4,0,0.0,1.0,0.0044582016,
640,2,4,1,0.75,0.5,0.03282108,
641,2,4,0,0.0,1.0,0.008415371,
645,2,4,1,0.75,0.5,0.90901744,
649,2,4,1,0.5,0.0,0.0075955195,
651,2,4,0,0.3333333333333333,0.3333333333333333,0.3719185,
664,2,4,1,0.6666666666666666,0.3333333333333332,0.57155895,
669,2,4,0,0.3333333333333333,0.3333333333333333,0.60260457,
673,2,4,0,0.3333333333333333,0.3333333333333333,1.7748063e-05,
675,2,4,0,0.3333333333333333,0.3333333333333333,0.0038283998,
676,2,4,0,0.1666666666666666,0.6666666666666667,0.0074532735,
694,2,4,0,0.3333333333333333,0.3333333333333333,0.58988976,
698,2,4,1,0.5,0.0,0.6754967,
703,2,4,0,0.0,1.0,0.0011596064,
707,2,4,1,0.5,0.0,0.0017648855,
709,2,4,0,0.3333333333333333,0.3333333333333333,0.48792833,
714,2,4,0,0.3333333333333333,0.3333333333333333,0.35795382,
715,2,4,1,0.5,0.0,2.890369e-05,
718,2,4,0,0.1666666666666666,0.6666666666666667,0.00012377858,
720,2,4,0,0.0,1.0,0.00086982315,
731,2,4,0,0.0,1.0,0.010955658,
741,2,4,0,0.2,0.6,0.58767325,
3,3,0,0,0.0,1.0,0.016199252,
5,3,0,0,0.2,0.6,0.01870798,
7,3,0,1,0.6,0.1999999999999999,0.94569564,
25,3,0,0,0.2,0.6,0.43210384,
30,3,0,0,0.2,0.6,0.10985885,
36,3,0,0,0.2,0.6,0.0018587789,
37,3,0,0,0.2,0.6,0.019284796,
39,3,0,0,0.0,1.0,0.06837212,
44,3,0,0,0.0,1.0,0.0007256785,
48,3,0,1,0.6,0.1999999999999999,0.27102596,
50,3,0,1,0.8,0.6000000000000001,0.7430028,
57,3,0,1,1.0,1.0,0.0142674325,
58,3,0,0,0.25,0.5,0.01538697,
59,3,0,0,0.25,0.5,1.1976528e-05,
60,3,0,0,0.0,1.0,0.82387984,
77,3,0,0,0.25,0.5,0.12505308,
78,3,0,0,0.0,1.0,0.047056712,
81,3,0,0,0.0,1.0,0.3529657,
99,3,0,0,0.0,1.0,0.049158394,
114,3,0,0,0.1111111111111111,0.7777777777777778,0.63896704,
115,3,0,0,0.0,1.0,0.0007384864,
116,3,0,0,0.0,1.0,0.020965647,
125,3,0,0,0.125,0.75,0.6417726,
126,3,0,0,0.2222222222222222,0.5555555555555556,0.7857877,
127,3,0,1,0.6666666666666666,0.3333333333333332,0.025080306,
130,3,0,0,0.1111111111111111,0.7777777777777778,1.1348315e-05,
144,3,0,0,0.0,1.0,0.07162313,
145,3,0,0,0.4444444444444444,0.1111111111111111,0.0027222638,
147,3,0,0,0.0,1.0,0.0059453016,
149,3,0,0,0.3333333333333333,0.3333333333333333,0.0018263364,
154,3,0,0,0.25,0.5,0.061319403,
161,3,0,0,0.0,1.0,0.37869537,
162,3,0,0,0.2,0.6,0.020501425,
166,3,0,0,0.25,0.5,0.01902797,
167,3,0,0,0.0,1.0,0.9279902,
169,3,0,0,0.0,1.0,0.023109097,
181,3,0,1,0.5,0.0,0.8443392,
186,3,0,0,0.0,1.0,0.019655935,
188,3,0,0,0.0,1.0,0.20902082,
190,3,0,0,0.25,0.5,0.14084184,
203,3,0,0,0.2,0.6,0.012070697,
204,3,0,0,0.4,0.1999999999999999,0.028962383,
205,3,0,0,0.2,0.6,0.001881023,
209,3,0,0,0.2,0.6,0.26190904,
210,3,0,0,0.4,0.1999999999999999,0.9976114,
216,3,0,0,0.0,1.0,0.8198811,
220,3,0,0,0.4,0.1999999999999999,0.000918217,
225,3,0,0,0.2,0.6,0.00023641036,
235,3,0,0,0.0,1.0,0.0014372822,
247,3,0,0,0.2,0.6,0.045872085,
253,3,0,0,0.0,1.0,0.87924397,
267,3,0,0,0.0,1.0,3.556956e-06,
269,3,0,1,0.5,0.0,0.0009479915,
271,3,0,0,0.0,1.0,0.32684878,
273,3,0,1,0.5,0.0,0.6602644,
283,3,0,0,0.25,0.5,9.5204e-05,
284,3,0,1,0.5,0.0,0.5043092,
285,3,0,0,0.4,0.1999999999999999,0.107289486,
291,3,0,0,0.0,1.0,0.004238667,
292,3,0,0,0.25,0.5,0.99421144,
308,3,0,0,0.4,0.1999999999999999,0.69900346,
309,3,0,1,0.8,0.6000000000000001,0.00017468476,
320,3,0,0,0.0,1.0,0.32352573,
329,3,0,0,0.0,1.0,0.16433956,
341,3,0,1,0.6,0.1999999999999999,0.15075774,
346,3,0,1,0.6,0.1999999999999999,0.999027,
348,3,0,0,0.4,0.1999999999999999,0.99990654,
349,3,0,0,0.0,1.0,1.4364634e-06,
351,3,0,0,0.0,1.0,0.9801354,
354,3,0,0,0.25,0.5,0.6074941,
370,3,0,0,0.0,1.0,0.005089635,
373,3,0,0,0.0,1.0,0.40607268,
374,3,0,1,0.5,0.0,0.9875258,
390,3,0,1,0.75,0.5,0.0066036438,
391,3,0,0,0.0,1.0,0.0006492029,
395,3,0,1,0.5,0.0,0.73460853,
404,3,0,1,0.6,0.1999999999999999,0.11596573,
405,3,0,0,0.0,1.0,0.24912357,
411,3,0,0,0.2,0.6,0.9510859,
412,3,0,1,1.0,1.0,0.6969725,
414,3,0,1,0.6,0.1999999999999999,0.2996672,
415,3,0,0,0.0,1.0,0.9996431,
419,3,0,0,0.4,0.1999999999999999,0.6532342,
425,3,0,0,0.0,1.0,0.23120943,
426,3,0,1,0.8,0.6000000000000001,0.46328944,
435,3,0,0,0.4,0.1999999999999999,0.64456487,
437,3,0,1,0.6,0.1999999999999999,0.2389666,
443,3,0,0,0.0,1.0,0.015941618,
453,3,0,0,0.25,0.5,0.0032933508,
461,3,0,1,0.5,0.0,0.7724151,
464,3,0,0,0.0,1.0,0.9972633,
467,3,0,1,1.0,1.0,0.76745,
472,3,0,0,0.25,0.5,0.0003448454,
484,3,0,0,0.25,0.5,0.120299295,
488,3,0,1,0.5,0.0,0.9932854,
489,3,0,0,0.0,1.0,0.7715895,
493,3,0,0,0.0,1.0,0.999273,
498,3,0,0,0.0,1.0,0.0041129375,
500,3,0,0,0.25,0.5,0.012256115,
511,3,0,1,0.5,0.0,0.9976087,
522,3,0,0,0.25,0.5,0.011453856,
523,3,0,0,0.25,0.5,0.82375574,
531,3,0,1,0.75,0.5,0.9204327,
534,3,0,1,0.75,0.5,0.0039440542,
544,3,0,1,0.5,0.0,0.98452604,
546,3,0,1,0.5,0.0,0.060634397,
554,3,0,1,0.5,0.0,0.9998479,
560,3,0,0,0.1666666666666666,0.6666666666666667,0.022852514,
567,3,0,0,0.3333333333333333,0.3333333333333333,0.0005237553,
577,3,0,0,0.1666666666666666,0.6666666666666667,0.042069715,
580,3,0,0,0.3333333333333333,0.3333333333333333,0.0012658511,
591,3,0,1,0.5,0.0,0.006393914,
596,3,0,1,0.5,0.0,0.01802347,
601,3,0,0,0.0,1.0,0.04115385,
604,3,0,1,0.75,0.5,0.5600029,
613,3,0,0,0.0,1.0,0.28243288,
618,3,0,0,0.0,1.0,0.9750818,
622,3,0,1,0.75,0.5,0.5812835,
633,3,0,1,0.5,0.0,0.5112957,
645,3,0,1,0.75,0.5,0.9984939,
648,3,0,1,0.5,0.0,0.49161056,
650,3,0,0,0.0,1.0,0.000861779,
651,3,0,0,0.3333333333333333,0.3333333333333333,0.43226367,
653,3,0,1,0.5,0.0,0.13019484,
665,3,0,0,0.1666666666666666,0.6666666666666667,0.6397234,
667,3,0,0,0.3333333333333333,0.3333333333333333,0.62048596,
668,3,0,0,0.1666666666666666,0.6666666666666667,0.67272407,
673,3,0,0,0.3333333333333333,0.3333333333333333,6.472648e-06,
674,3,0,0,0.3333333333333333,0.3333333333333333,0.6054521,
681,3,0,0,0.1666666666666666,0.6666666666666667,0.67076594,
683,3,0,1,0.8333333333333334,0.6666666666666667,0.72613406,
685,3,0,0,0.0,1.0,0.00015852711,
689,3,0,0,0.0,1.0,0.00052086666,
690,3,0,0,0.0,1.0,0.7629665,
692,3,0,0,0.0,1.0,0.0004623941,
694,3,0,0,0.3333333333333333,0.3333333333333333,0.10237846,
703,3,0,0,0.0,1.0,0.0063812686,
707,3,0,1,0.5,0.0,0.00021954771,
714,3,0,0,0.3333333333333333,0.3333333333333333,0.18492945,
716,3,0,1,0.6666666666666666,0.3333333333333332,0.30267906,
717,3,0,1,0.5,0.0,0.27544084,
723,3,0,0,0.1666666666666666,0.6666666666666667,0.027015533,
725,3,0,0,0.0,1.0,0.030655596,
730,3,0,0,0.3333333333333333,0.3333333333333333,0.016713483,
733,3,0,0,0.1666666666666666,0.6666666666666667,0.10567136,
740,3,0,0,0.1666666666666666,0.6666666666666667,0.003636497,
742,3,0,1,0.5,0.0,0.94018567,
6,3,1,0,0.2,0.6,0.014707746,
10,3,1,0,0.0,1.0,0.17571479,
14,3,1,0,0.2,0.6,0.005785069,
31,3,1,0,0.1666666666666666,0.6666666666666667,0.1400806,
35,3,1,1,0.5,0.0,0.061934106,
41,3,1,0,0.2,0.6,0.079043604,
42,3,1,0,0.0,1.0,0.0008972868,
52,3,1,0,0.25,0.5,0.05160544,
55,3,1,0,0.0,1.0,0.67866874,
61,3,1,0,0.2,0.6,3.9548817e-05,
62,3,1,0,0.25,0.5,0.05437729,
63,3,1,0,0.0,1.0,0.007919051,
65,3,1,0,0.25,0.5,0.037595503,
66,3,1,0,0.0,1.0,0.475578,
73,3,1,0,0.0,1.0,0.034427468,
84,3,1,0,0.3333333333333333,0.3333333333333333,0.92816675,
87,3,1,0,0.0,1.0,0.034876794,
91,3,1,0,0.25,0.5,0.036000956,
92,3,1,0,0.0,1.0,0.0018186346,
93,3,1,0,0.0,1.0,0.01185875,
97,3,1,0,0.25,0.5,0.23402447,
106,3,1,1,1.0,1.0,0.24254651,
136,3,1,0,0.3333333333333333,0.3333333333333333,0.2787937,
141,3,1,0,0.0,1.0,0.80105174,
151,3,1,0,0.0,1.0,0.54441464,
153,3,1,0,0.0,1.0,7.962481e-05,
157,3,1,0,0.25,0.5,0.1781734,
160,3,1,0,0.1666666666666666,0.6666666666666667,0.5818347,
174,3,1,1,0.5,0.0,0.7858149,
180,3,1,0,0.0,1.0,0.28188643,
197,3,1,0,0.0,1.0,0.002929794,
198,3,1,0,0.0,1.0,0.32731947,
211,3,1,1,0.6,0.1999999999999999,0.9993106,
215,3,1,0,0.2,0.6,0.027060159,
217,3,1,0,0.0,1.0,0.0004368903,
223,3,1,0,0.2,0.6,0.0022925553,
231,3,1,1,0.5,0.0,0.1366634,
233,3,1,0,0.0,1.0,0.00015030766,
237,3,1,0,0.4,0.1999999999999999,0.00052081724,
239,3,1,1,0.6,0.1999999999999999,2.4260993e-05,
242,3,1,1,0.6,0.1999999999999999,0.00082247437,
243,3,1,0,0.0,1.0,6.963124e-05,
244,3,1,1,0.6,0.1999999999999999,0.9939913,
248,3,1,0,0.4,0.1999999999999999,0.08874279,
249,3,1,1,0.6,0.1999999999999999,0.009463502,
251,3,1,0,0.25,0.5,0.1411609,
255,3,1,0,0.25,0.5,0.00084497157,
257,3,1,0,0.25,0.5,0.27150944,
259,3,1,0,0.0,1.0,0.01203271,
261,3,1,0,0.25,0.5,0.053126656,
264,3,1,0,0.25,0.5,0.051455945,
265,3,1,1,0.5,0.0,0.22226295,
266,3,1,0,0.25,0.5,0.030976405,
268,3,1,1,0.5,0.0,0.11438105,
276,3,1,0,0.2,0.6,0.96712637,
288,3,1,1,0.75,0.5,0.044564903,
296,3,1,0,0.0,1.0,2.603214e-06,
297,3,1,0,0.0,1.0,0.008859018,
306,3,1,0,0.0,1.0,0.13697624,
310,3,1,0,0.2,0.6,0.0018648993,
313,3,1,0,0.0,1.0,0.23698981,
314,3,1,0,0.0,1.0,0.9989657,
315,3,1,1,0.8,0.6000000000000001,0.9998728,
317,3,1,0,0.4,0.1999999999999999,0.0056613637,
319,3,1,0,0.2,0.6,0.11575949,
326,3,1,0,0.0,1.0,2.1467524e-05,
330,3,1,0,0.4,0.1999999999999999,0.2150681,
337,3,1,0,0.0,1.0,0.9958916,
350,3,1,0,0.0,1.0,0.006419437,
355,3,1,0,0.25,0.5,0.031311985,
358,3,1,0,0.25,0.5,0.9585678,
364,3,1,1,0.5,0.0,0.034409218,
366,3,1,0,0.0,1.0,0.8473398,
376,3,1,1,0.5,0.0,0.9882664,
378,3,1,1,0.5,0.0,0.009613851,
383,3,1,0,0.0,1.0,0.00084285415,
388,3,1,1,0.5,0.0,0.028188556,
393,3,1,0,0.25,0.5,0.001059208,
394,3,1,1,0.5,0.0,0.9464641,
402,3,1,1,0.6,0.1999999999999999,0.05269982,
403,3,1,0,0.0,1.0,0.046260573,
406,3,1,1,0.6,0.1999999999999999,0.23349984,
408,3,1,0,0.4,0.1999999999999999,0.17133427,
413,3,1,0,0.0,1.0,0.01912941,
420,3,1,0,0.0,1.0,0.022288851,
422,3,1,1,0.6,0.1999999999999999,0.001511043,
430,3,1,1,0.6,0.1999999999999999,0.26249635,
439,3,1,0,0.2,0.6,0.05987052,
441,3,1,0,0.2,0.6,0.36557072,
445,3,1,0,0.0,1.0,0.028509453,
459,3,1,0,0.25,0.5,0.0074488837,
462,3,1,1,0.5,0.0,0.9889015,
469,3,1,1,0.75,0.5,0.023532338,
473,3,1,0,0.25,0.5,0.3206699,
475,3,1,0,0.25,0.5,0.6296065,
482,3,1,0,0.0,1.0,4.950821e-05,
485,3,1,1,0.5,0.0,0.0067717433,
490,3,1,0,0.25,0.5,4.3924496e-07,
496,3,1,1,0.75,0.5,0.15901452,
512,3,1,1,1.0,1.0,0.99982345,
518,3,1,0,0.25,0.5,0.020084267,
524,3,1,0,0.0,1.0,0.9959674,
525,3,1,0,0.2,0.6,5.9815808e-05,
532,3,1,0,0.0,1.0,0.27013466,
535,3,1,0,0.25,0.5,0.90998054,
543,3,1,1,0.5,0.0,0.1800133,
545,3,1,0,0.25,0.5,0.027551044,
548,3,1,1,0.5,0.0,0.03881589,
551,3,1,1,0.6666666666666666,0.3333333333333332,0.98051924,
562,3,1,0,0.3333333333333333,0.3333333333333333,0.99947476,
576,3,1,1,0.5,0.0,0.97919524,
579,3,1,0,0.3333333333333333,0.3333333333333333,0.99652123,
581,3,1,0,0.3333333333333333,0.3333333333333333,0.6881255,
585,3,1,1,0.5,0.0,0.41332227,
588,3,1,0,0.1666666666666666,0.6666666666666667,0.37927246,
594,3,1,0,0.0,1.0,0.0044231196,
611,3,1,1,0.75,0.5,1.2463126e-05,
625,3,1,0,0.0,1.0,0.0076136156,
627,3,1,1,0.75,0.5,0.22200018,
630,3,1,1,0.5,0.0,0.3407713,
632,3,1,1,0.5,0.0,0.96261644,
634,3,1,0,0.25,0.5,0.5509904,
635,3,1,1,0.5,0.0,0.8518777,
638,3,1,0,0.25,0.5,0.9856045,
639,3,1,0,0.0,1.0,8.675111e-06,
641,3,1,0,0.0,1.0,0.025278216,
643,3,1,1,0.5,0.0,0.1869902,
644,3,1,0,0.25,0.5,0.3621507,
647,3,1,1,0.5,0.0,0.9966583,
654,3,1,0,0.1666666666666666,0.6666666666666667,0.09191871,
655,3,1,1,0.6666666666666666,0.3333333333333332,0.87499726,
660,3,1,0,0.1666666666666666,0.6666666666666667,0.005636446,
662,3,1,0,0.0,1.0,0.19864658,
664,3,1,1,0.6666666666666666,0.3333333333333332,0.7224269,
669,3,1,0,0.3333333333333333,0.3333333333333333,0.118034735,
675,3,1,0,0.3333333333333333,0.3333333333333333,8.133105e-05,
682,3,1,0,0.1666666666666666,0.6666666666666667,0.7068808,
688,3,1,0,0.1666666666666666,0.6666666666666667,0.022141676,
691,3,1,0,0.1666666666666666,0.6666666666666667,0.99978244,
693,3,1,1,0.5,0.0,0.8076248,
710,3,1,0,0.0,1.0,0.0005497187,
720,3,1,0,0.0,1.0,0.00017144976,
721,3,1,0,0.3333333333333333,0.3333333333333333,0.9736173,
732,3,1,0,0.0,1.0,0.0986227,
734,3,1,0,0.0,1.0,0.008689129,
735,3,1,0,0.0,1.0,0.0003401122,
738,3,1,0,0.3333333333333333,0.3333333333333333,0.6933991,
1,3,2,0,0.3333333333333333,0.3333333333333333,0.3250394,
2,3,2,0,0.4,0.1999999999999999,0.0006832997,
8,3,2,0,0.0,1.0,0.0054545114,
21,3,2,0,0.2,0.6,0.54380065,
22,3,2,0,0.2,0.6,0.9938241,
24,3,2,0,0.0,1.0,0.08488066,
27,3,2,0,0.2,0.6,0.24256542,
34,3,2,0,0.1666666666666666,0.6666666666666667,1.9783317e-06,
38,3,2,0,0.0,1.0,0.99859846,
40,3,2,0,0.2,0.6,0.9618219,
45,3,2,0,0.0,1.0,0.027719362,
47,3,2,0,0.25,0.5,0.2580921,
49,3,2,0,0.3333333333333333,0.3333333333333333,0.005963337,
56,3,2,0,0.25,0.5,0.0012312843,
64,3,2,0,0.3333333333333333,0.3333333333333333,0.00034320605,
69,3,2,0,0.0,1.0,0.771118,
86,3,2,0,0.0,1.0,0.049101748,
95,3,2,0,0.25,0.5,0.8927298,
96,3,2,0,0.0,1.0,0.6327151,
100,3,2,0,0.25,0.5,0.92735916,
107,3,2,0,0.1111111111111111,0.7777777777777778,0.15606919,
110,3,2,0,0.0,1.0,0.40344343,
120,3,2,0,0.0,1.0,0.98273087,
121,3,2,0,0.1111111111111111,0.7777777777777778,0.25898328,
123,3,2,0,0.0,1.0,0.071699046,
129,3,2,0,0.2,0.6,0.041445486,
131,3,2,0,0.0,1.0,6.5130254e-05,
133,3,2,1,0.8888888888888888,0.7777777777777777,0.003571195,
135,3,2,0,0.1666666666666666,0.6666666666666667,2.1062686e-05,
138,3,2,1,0.5555555555555556,0.1111111111111111,0.15814981,
146,3,2,1,0.8888888888888888,0.7777777777777777,0.010227759,
148,3,2,0,0.1111111111111111,0.7777777777777778,0.035202615,
150,3,2,0,0.0,1.0,0.6978004,
155,3,2,0,0.25,0.5,0.0761015,
156,3,2,0,0.25,0.5,0.24094371,
163,3,2,0,0.25,0.5,0.9626385,
165,3,2,0,0.0,1.0,0.030066602,
170,3,2,0,0.1666666666666666,0.6666666666666667,0.0011106901,
173,3,2,0,0.25,0.5,0.0306513,
184,3,2,0,0.0,1.0,8.106338e-06,
189,3,2,1,0.5,0.0,0.4828254,
191,3,2,0,0.0,1.0,0.9395287,
193,3,2,0,0.25,0.5,0.4656223,
195,3,2,0,0.0,1.0,0.0070690615,
196,3,2,1,0.5,0.0,0.262087,
207,3,2,0,0.2,0.6,0.002893819,
208,3,2,0,0.0,1.0,0.00093092327,
214,3,2,0,0.2,0.6,0.00012434021,
221,3,2,1,0.8,0.6000000000000001,0.018556118,
227,3,2,1,1.0,1.0,0.5277506,
230,3,2,0,0.2,0.6,0.0064356998,
234,3,2,0,0.25,0.5,0.00021599919,
262,3,2,1,0.5,0.0,0.9457555,
270,3,2,0,0.0,1.0,0.86256397,
278,3,2,0,0.25,0.5,0.13988334,
280,3,2,0,0.25,0.5,0.0005281489,
282,3,2,0,0.25,0.5,0.00033879082,
290,3,2,0,0.0,1.0,0.0008673267,
294,3,2,0,0.0,1.0,0.24079247,
295,3,2,0,0.0,1.0,0.016488113,
298,3,2,0,0.25,0.5,0.73095965,
299,3,2,1,0.8,0.6000000000000001,0.011281892,
300,3,2,0,0.0,1.0,0.9376614,
304,3,2,1,0.8,0.6000000000000001,0.9974962,
311,3,2,0,0.4,0.1999999999999999,0.009640166,
312,3,2,0,0.0,1.0,0.5446715,
322,3,2,1,0.6,0.1999999999999999,0.9982595,
323,3,2,0,0.0,1.0,0.829903,
333,3,2,0,0.0,1.0,0.017667836,
334,3,2,0,0.4,0.1999999999999999,0.048982676,
344,3,2,0,0.2,0.6,0.079462014,
357,3,2,1,0.5,0.0,0.24811794,
367,3,2,0,0.25,0.5,0.9988563,
371,3,2,0,0.25,0.5,0.11900176,
382,3,2,1,0.5,0.0,0.35444853,
396,3,2,1,0.75,0.5,0.9991945,
398,3,2,0,0.25,0.5,0.9977183,
417,3,2,0,0.2,0.6,0.92901653,
421,3,2,0,0.2,0.6,0.016096486,
427,3,2,1,0.6,0.1999999999999999,0.67279726,
429,3,2,0,0.0,1.0,0.017009126,
433,3,2,0,0.0,1.0,2.2766973e-05,
434,3,2,0,0.0,1.0,0.0021579345,
436,3,2,0,0.4,0.1999999999999999,0.997899,
438,3,2,0,0.1666666666666666,0.6666666666666667,0.29814473,
442,3,2,1,0.8,0.6000000000000001,0.9786843,
448,3,2,0,0.0,1.0,0.06976222,
451,3,2,0,0.25,0.5,0.022816416,
463,3,2,0,0.25,0.5,0.6979126,
466,3,2,1,0.5,0.0,0.999922,
471,3,2,0,0.0,1.0,0.75739926,
474,3,2,0,0.0,1.0,0.0005135844,
477,3,2,0,0.0,1.0,0.07664393,
481,3,2,0,0.0,1.0,0.78403664,
492,3,2,0,0.3333333333333333,0.3333333333333333,1.1864149e-06,
494,3,2,1,0.8,0.6000000000000001,0.9410156,
502,3,2,1,0.75,0.5,0.9566295,
507,3,2,1,1.0,1.0,0.10863875,
513,3,2,0,0.0,1.0,0.34025204,
530,3,2,1,0.5,0.0,0.006328802,
537,3,2,0,0.25,0.5,0.18927121,
539,3,2,0,0.25,0.5,0.6257107,
540,3,2,0,0.25,0.5,0.9563829,
547,3,2,1,0.5,0.0,0.9689368,
550,3,2,0,0.0,1.0,0.00014705441,
553,3,2,0,0.0,1.0,0.9603369,
556,3,2,0,0.1666666666666666,0.6666666666666667,0.12020272,
561,3,2,1,0.5,0.0,0.002298425,
564,3,2,1,0.5,0.0,0.97282296,
569,3,2,0,0.1666666666666666,0.6666666666666667,0.5566133,
582,3,2,1,0.5,0.0,0.017960317,
586,3,2,1,0.6666666666666666,0.3333333333333332,0.00017194182,
592,3,2,1,0.6,0.1999999999999999,0.59696233,
593,3,2,1,0.5,0.0,0.07934379,
595,3,2,1,0.8333333333333334,0.6666666666666667,0.5827042,
598,3,2,0,0.3333333333333333,0.3333333333333333,0.9928824,
600,3,2,0,0.1666666666666666,0.6666666666666667,0.17267501,
603,3,2,1,0.5,0.0,0.2281533,
606,3,2,0,0.25,0.5,0.008208977,
607,3,2,0,0.0,1.0,0.0012101879,
609,3,2,0,0.25,0.5,0.72370434,
614,3,2,1,0.75,0.5,0.75555575,
615,3,2,1,0.75,0.5,0.75751483,
621,3,2,1,0.5,0.0,0.86040676,
624,3,2,0,0.25,0.5,0.014790428,
626,3,2,1,0.5,0.0,0.00070509163,
631,3,2,0,0.0,1.0,0.17068303,
640,3,2,1,0.75,0.5,0.370885,
642,3,2,1,0.75,0.5,0.9925761,
657,3,2,1,0.5,0.0,0.2758778,
658,3,2,0,0.1666666666666666,0.6666666666666667,0.9975704,
663,3,2,0,0.3333333333333333,0.3333333333333333,0.27247548,
672,3,2,0,0.0,1.0,0.006296913,
679,3,2,0,0.4,0.1999999999999999,0.13585106,
687,3,2,0,0.3333333333333333,0.3333333333333333,0.0010481626,
698,3,2,1,0.5,0.0,0.9962455,
699,3,2,0,0.1666666666666666,0.6666666666666667,0.9994017,
702,3,2,0,0.1666666666666666,0.6666666666666667,0.0013915555,
705,3,2,1,0.5,0.0,0.001525182,
706,3,2,1,0.6666666666666666,0.3333333333333332,0.9695208,
708,3,2,0,0.0,1.0,0.089639306,
709,3,2,0,0.3333333333333333,0.3333333333333333,0.9852631,
719,3,2,0,0.1666666666666666,0.6666666666666667,0.45870197,
726,3,2,0,0.0,1.0,0.81598747,
736,3,2,0,0.0,1.0,0.99926746,
739,3,2,0,0.3333333333333333,0.3333333333333333,0.13103063,
741,3,2,0,0.2,0.6,0.553123,
4,3,3,1,0.6,0.1999999999999999,0.53968704,
11,3,3,1,0.6,0.1999999999999999,0.13784948,
13,3,3,0,0.2,0.6,0.34864417,
15,3,3,0,0.4,0.1999999999999999,0.9333687,
16,3,3,1,0.6,0.1999999999999999,0.0050135287,
18,3,3,1,0.6,0.1999999999999999,0.00051555823,
28,3,3,0,0.2,0.6,0.43712032,
29,3,3,0,0.2,0.6,0.42952183,
54,3,3,0,0.25,0.5,0.31856418,
67,3,3,0,0.0,1.0,1.2963177e-05,
71,3,3,0,0.0,1.0,0.019135393,
72,3,3,0,0.25,0.5,0.048939846,
74,3,3,0,0.0,1.0,0.93029773,
75,3,3,0,0.0,1.0,0.04623704,
79,3,3,0,0.25,0.5,0.05082933,
80,3,3,0,0.0,1.0,0.9213108,
82,3,3,0,0.25,0.5,0.011883228,
83,3,3,0,0.25,0.5,0.84944063,
85,3,3,0,0.25,0.5,0.39813474,
89,3,3,0,0.25,0.5,0.81298953,
90,3,3,1,0.5,0.0,0.0010462747,
94,3,3,0,0.25,0.5,0.028672364,
98,3,3,0,0.3333333333333333,0.3333333333333333,0.04492621,
101,3,3,0,0.3333333333333333,0.3333333333333333,0.94827104,
103,3,3,0,0.1111111111111111,0.7777777777777778,0.8605776,
108,3,3,0,0.25,0.5,0.9856024,
112,3,3,0,0.125,0.75,0.010474183,
119,3,3,0,0.1111111111111111,0.7777777777777778,0.36693966,
122,3,3,0,0.0,1.0,0.26113862,
134,3,3,0,0.1111111111111111,0.7777777777777778,0.3354096,
137,3,3,1,0.6666666666666666,0.3333333333333332,0.006007505,
140,3,3,0,0.2222222222222222,0.5555555555555556,0.02859759,
152,3,3,0,0.0,1.0,0.118048206,
159,3,3,0,0.0,1.0,0.58447194,
164,3,3,0,0.0,1.0,0.30796933,
177,3,3,0,0.0,1.0,0.5354888,
182,3,3,0,0.0,1.0,0.99520546,
183,3,3,0,0.0,1.0,0.010466002,
192,3,3,0,0.0,1.0,0.08689212,
199,3,3,0,0.25,0.5,0.013745236,
201,3,3,0,0.25,0.5,0.7737483,
213,3,3,0,0.4,0.1999999999999999,0.62961686,
219,3,3,0,0.0,1.0,0.052925043,
226,3,3,0,0.0,1.0,0.76969033,
228,3,3,0,0.2,0.6,0.72289747,
238,3,3,0,0.25,0.5,2.6211663e-05,
241,3,3,1,0.6,0.1999999999999999,0.9445552,
245,3,3,0,0.0,1.0,0.9836873,
250,3,3,0,0.4,0.1999999999999999,0.9839996,
252,3,3,0,0.0,1.0,0.13452898,
258,3,3,0,0.0,1.0,0.043357633,
263,3,3,0,0.2,0.6,0.030244976,
272,3,3,1,0.5,0.0,0.03241513,
275,3,3,1,0.5,0.0,0.5157288,
277,3,3,1,0.5,0.0,2.0168176e-05,
279,3,3,0,0.2,0.6,0.001096397,
302,3,3,0,0.0,1.0,0.031869166,
307,3,3,0,0.4,0.1999999999999999,0.09433587,
316,3,3,0,0.4,0.1999999999999999,0.98968315,
318,3,3,0,0.4,0.1999999999999999,0.00071833085,
324,3,3,0,0.2,0.6,0.9053738,
328,3,3,1,0.6,0.1999999999999999,0.03218469,
331,3,3,0,0.0,1.0,0.92584556,
332,3,3,0,0.0,1.0,0.0035289312,
338,3,3,0,0.4,0.1999999999999999,0.22281754,
339,3,3,0,0.0,1.0,0.6795537,
345,3,3,0,0.0,1.0,0.013725978,
347,3,3,0,0.4,0.1999999999999999,0.17193267,
352,3,3,0,0.25,0.5,0.14939857,
363,3,3,0,0.0,1.0,0.3396537,
375,3,3,1,0.5,0.0,0.9732268,
377,3,3,0,0.25,0.5,0.3520407,
379,3,3,1,0.75,0.5,0.99957776,
380,3,3,1,0.75,0.5,0.7968466,
381,3,3,1,0.75,0.5,0.80509996,
384,3,3,0,0.25,0.5,0.8520878,
386,3,3,0,0.25,0.5,0.49488488,
387,3,3,0,0.0,1.0,0.0005108923,
389,3,3,0,0.25,0.5,0.9999056,
392,3,3,1,0.5,0.0,0.24093375,
407,3,3,0,0.2,0.6,0.0031300494,
409,3,3,0,0.4,0.1999999999999999,0.9937652,
416,3,3,0,0.0,1.0,0.02804276,
423,3,3,0,0.0,1.0,0.92096686,
424,3,3,1,0.6,0.1999999999999999,0.9754758,
432,3,3,0,0.2,0.6,0.85819304,
440,3,3,0,0.0,1.0,0.99736226,
446,3,3,0,0.2,0.6,0.05933062,
447,3,3,0,0.0,1.0,0.053957354,
452,3,3,0,0.25,0.5,0.13075551,
454,3,3,0,0.0,1.0,0.47878176,
455,3,3,0,0.0,1.0,0.0025893517,
456,3,3,1,0.5,0.0,0.0031543046,
457,3,3,1,0.5,0.0,0.99490696,
458,3,3,0,0.0,1.0,0.6705094,
476,3,3,0,0.0,1.0,0.9821526,
478,3,3,0,0.0,1.0,0.33785862,
479,3,3,0,0.0,1.0,0.004585869,
480,3,3,1,0.5,0.0,0.3911397,
483,3,3,0,0.25,0.5,0.013574564,
487,3,3,0,0.2,0.6,3.6387028e-05,
491,3,3,1,0.5,0.0,0.0034489734,
499,3,3,0,0.0,1.0,0.9442886,
503,3,3,0,0.0,1.0,0.91640806,
505,3,3,1,0.5,0.0,0.9979389,
506,3,3,1,0.75,0.5,0.9973824,
508,3,3,1,0.75,0.5,0.31004006,
515,3,3,0,0.25,0.5,0.0016865112,
516,3,3,0,0.0,1.0,0.99697757,
519,3,3,0,0.0,1.0,0.99510133,
521,3,3,1,0.75,0.5,0.9960842,
526,3,3,0,0.0,1.0,0.18612577,
529,3,3,1,0.5,0.0,0.97813785,
541,3,3,1,0.5,0.0,0.0032789216,
542,3,3,0,0.25,0.5,0.61843204,
549,3,3,0,0.0,1.0,0.9417372,
552,3,3,1,0.6666666666666666,0.3333333333333332,0.96916187,
555,3,3,0,0.3333333333333333,0.3333333333333333,0.78461146,
558,3,3,1,0.5,0.0,0.15753928,
568,3,3,1,1.0,1.0,0.9792614,
570,3,3,1,0.6666666666666666,0.3333333333333332,0.07213985,
573,3,3,0,0.3333333333333333,0.3333333333333333,0.90672886,
575,3,3,1,0.5,0.0,0.97365713,
578,3,3,1,0.5,0.0,0.06349444,
583,3,3,1,0.5,0.0,0.84231573,
589,3,3,0,0.3333333333333333,0.3333333333333333,0.8503999,
590,3,3,0,0.3333333333333333,0.3333333333333333,0.99877036,
597,3,3,0,0.0,1.0,0.02310151,
610,3,3,0,0.25,0.5,0.7658523,
617,3,3,1,0.5,0.0,0.7648669,
629,3,3,1,0.5,0.0,0.9483843,
636,3,3,0,0.0,1.0,0.98138833,
637,3,3,1,0.5,0.0,0.108434334,
646,3,3,0,0.0,1.0,0.0001060821,
652,3,3,0,0.0,1.0,0.8919562,
671,3,3,0,0.3333333333333333,0.3333333333333333,0.87221086,
677,3,3,1,0.6666666666666666,0.3333333333333332,0.9882784,
678,3,3,0,0.3333333333333333,0.3333333333333333,0.5337115,
680,3,3,0,0.0,1.0,0.009574631,
686,3,3,0,0.0,1.0,0.9697968,
695,3,3,0,0.3333333333333333,0.3333333333333333,0.5993123,
697,3,3,1,0.5,0.0,0.46454912,
704,3,3,0,0.3333333333333333,0.3333333333333333,0.028149806,
713,3,3,1,0.6,0.1999999999999999,0.10048601,
722,3,3,0,0.2,0.6,0.18952265,
729,3,3,0,0.4,0.1999999999999999,0.8347107,
737,3,3,0,0.1666666666666666,0.6666666666666667,0.040675677,
9,3,4,0,0.0,1.0,0.2952204,
12,3,4,0,0.4,0.1999999999999999,0.5430207,
17,3,4,0,0.4,0.1999999999999999,0.017815696,
20,3,4,0,0.25,0.5,0.005223564,
26,3,4,1,0.8,0.6000000000000001,0.9053431,
32,3,4,0,0.2,0.6,0.9986185,
33,3,4,0,0.4,0.1999999999999999,0.13698272,
43,3,4,0,0.2,0.6,0.9998851,
46,3,4,0,0.4,0.1999999999999999,0.71627855,
51,3,4,0,0.25,0.5,0.9959295,
53,3,4,0,0.1666666666666666,0.6666666666666667,0.034247387,
68,3,4,0,0.0,1.0,0.20495966,
70,3,4,0,0.0,1.0,0.6829248,
76,3,4,0,0.25,0.5,0.017750185,
88,3,4,1,0.5,0.0,0.031712364,
102,3,4,0,0.0,1.0,0.00013375409,
104,3,4,0,0.1111111111111111,0.7777777777777778,0.9734293,
105,3,4,0,0.0,1.0,0.02464123,
109,3,4,0,0.1111111111111111,0.7777777777777778,0.9994408,
111,3,4,0,0.1111111111111111,0.7777777777777778,0.5769464,
113,3,4,0,0.1111111111111111,0.7777777777777778,0.9758575,
117,3,4,0,0.25,0.5,0.28082353,
118,3,4,0,0.0,1.0,0.7965626,
124,3,4,0,0.0,1.0,0.011072462,
128,3,4,0,0.1111111111111111,0.7777777777777778,0.391361,
132,3,4,0,0.2222222222222222,0.5555555555555556,0.009038255,
139,3,4,0,0.0,1.0,0.7605368,
142,3,4,0,0.0,1.0,0.90146685,
143,3,4,1,0.5555555555555556,0.1111111111111111,0.9965664,
158,3,4,0,0.0,1.0,0.00014977796,
168,3,4,0,0.25,0.5,0.21120913,
171,3,4,0,0.25,0.5,0.2709854,
172,3,4,0,0.0,1.0,0.39063036,
175,3,4,0,0.0,1.0,0.19279182,
176,3,4,0,0.0,1.0,0.117344774,
178,3,4,0,0.0,1.0,0.015856635,
179,3,4,0,0.25,0.5,0.7646184,
185,3,4,0,0.25,0.5,0.11220688,
187,3,4,0,0.0,1.0,0.0009897501,
194,3,4,0,0.0,1.0,0.9708506,
200,3,4,0,0.2,0.6,0.4755269,
202,3,4,1,0.6,0.1999999999999999,0.03453642,
206,3,4,1,0.5,0.0,0.014427284,
212,3,4,0,0.2,0.6,0.098065324,
222,3,4,0,0.2,0.6,0.5039711,
224,3,4,0,0.4,0.1999999999999999,0.9947225,
229,3,4,0,0.0,1.0,0.01261755,
232,3,4,0,0.25,0.5,0.03330945,
236,3,4,0,0.0,1.0,0.018306583,
240,3,4,0,0.2,0.6,0.03643772,
246,3,4,0,0.4,0.1999999999999999,0.38597596,
254,3,4,0,0.25,0.5,0.20459831,
260,3,4,0,0.25,0.5,0.9338459,
274,3,4,1,0.5,0.0,0.9987089,
281,3,4,0,0.0,1.0,8.798203e-05,
286,3,4,0,0.2,0.6,0.009429356,
287,3,4,0,0.25,0.5,0.33636042,
289,3,4,1,0.5,0.0,0.92414105,
293,3,4,1,0.5,0.0,0.13990285,
303,3,4,0,0.0,1.0,0.20150055,
321,3,4,1,0.6,0.1999999999999999,0.10222856,
325,3,4,0,0.0,1.0,0.12519659,
327,3,4,0,0.0,1.0,0.99788415,
335,3,4,1,0.5,0.0,0.09884705,
336,3,4,0,0.4,0.1999999999999999,0.01702303,
340,3,4,1,0.6,0.1999999999999999,0.40664685,
342,3,4,0,0.2,0.6,0.24156532,
343,3,4,1,0.8,0.6000000000000001,0.9993764,
353,3,4,0,0.0,1.0,0.98539066,
356,3,4,0,0.25,0.5,0.009570765,
359,3,4,0,0.25,0.5,0.999989,
360,3,4,0,0.25,0.5,0.12346782,
361,3,4,0,0.0,1.0,0.030038085,
362,3,4,1,0.75,0.5,0.1291965,
365,3,4,0,0.25,0.5,0.9906839,
368,3,4,1,0.5,0.0,0.7166301,
369,3,4,0,0.0,1.0,0.03041973,
372,3,4,0,0.25,0.5,0.8307024,
385,3,4,1,0.5,0.0,0.13537388,
397,3,4,1,0.75,0.5,0.99880457,
399,3,4,0,0.25,0.5,0.9998516,
400,3,4,1,0.5,0.0,0.999997,
401,3,4,0,0.2,0.6,0.59417474,
410,3,4,1,0.6,0.1999999999999999,0.8968309,
418,3,4,0,0.0,1.0,0.013217658,
428,3,4,1,0.6,0.1999999999999999,0.007234809,
431,3,4,0,0.4,0.1999999999999999,0.112163015,
444,3,4,0,0.2,0.6,0.5135684,
449,3,4,0,0.4,0.1999999999999999,0.5208825,
450,3,4,0,0.2,0.6,0.023679204,
460,3,4,0,0.0,1.0,0.0032690326,
465,3,4,1,0.5,0.0,0.9623574,
468,3,4,0,0.25,0.5,0.5765973,
470,3,4,0,0.0,1.0,0.9399766,
486,3,4,0,0.25,0.5,0.9999974,
495,3,4,0,0.0,1.0,0.8399569,
497,3,4,0,0.0,1.0,0.004114624,
501,3,4,0,0.25,0.5,0.979915,
504,3,4,1,0.75,0.5,0.6477035,
509,3,4,0,0.25,0.5,0.0028383082,
510,3,4,1,0.5,0.0,0.49686295,
514,3,4,1,0.75,0.5,0.97375286,
517,3,4,0,0.25,0.5,0.9974661,
520,3,4,1,0.5,0.0,0.55609334,
527,3,4,0,0.25,0.5,0.9880005,
528,3,4,0,0.0,1.0,0.12832975,
533,3,4,0,0.0,1.0,0.54946196,
536,3,4,0,0.3333333333333333,0.3333333333333333,0.3260587,
538,3,4,0,0.0,1.0,0.95482504,
557,3,4,0,0.3333333333333333,0.3333333333333333,3.6298483e-05,
559,3,4,1,0.6666666666666666,0.3333333333333332,0.2947052,
563,3,4,0,0.0,1.0,0.08370751,
565,3,4,0,0.3333333333333333,0.3333333333333333,0.9353418,
566,3,4,0,0.1666666666666666,0.6666666666666667,0.73536766,
571,3,4,1,0.5,0.0,0.54600537,
572,3,4,1,0.8333333333333334,0.6666666666666667,0.0009415385,
574,3,4,0,0.3333333333333333,0.3333333333333333,0.02851297,
584,3,4,1,0.6666666666666666,0.3333333333333332,0.69438636,
587,3,4,1,0.8333333333333334,0.6666666666666667,0.5590966,
599,3,4,0,0.0,1.0,0.7263079,
602,3,4,0,0.25,0.5,0.74544466,
605,3,4,1,0.5,0.0,0.99997723,
608,3,4,0,0.0,1.0,0.40612692,
612,3,4,0,0.0,1.0,0.0041425982,
616,3,4,1,0.75,0.5,0.943594,
619,3,4,0,0.25,0.5,0.9750188,
620,3,4,1,0.75,0.5,0.44804966,
623,3,4,1,0.5,0.0,0.9800024,
628,3,4,0,0.0,1.0,0.021116177,
649,3,4,1,0.5,0.0,0.06178794,
656,3,4,1,0.6666666666666666,0.3333333333333332,0.5305946,
659,3,4,1,0.6666666666666666,0.3333333333333332,0.99091935,
661,3,4,1,0.8333333333333334,0.6666666666666667,0.99999964,
670,3,4,1,0.5,0.0,0.31886983,
676,3,4,0,0.1666666666666666,0.6666666666666667,0.0075501264,
684,3,4,0,0.0,1.0,0.66223717,
696,3,4,0,0.1666666666666666,0.6666666666666667,0.6849172,
700,3,4,1,0.5,0.0,0.9897509,
701,3,4,0,0.1666666666666666,0.6666666666666667,0.88048685,
711,3,4,1,0.6,0.1999999999999999,0.95358896,
712,3,4,0,0.1666666666666666,0.6666666666666667,0.006294393,
715,3,4,1,0.5,0.0,0.0023045898,
718,3,4,0,0.1666666666666666,0.6666666666666667,0.0055302894,
724,3,4,0,0.2,0.6,0.42836085,
727,3,4,0,0.4,0.1999999999999999,0.9678877,
728,3,4,0,0.2,0.6,0.53911746,
731,3,4,0,0.0,1.0,0.025511514,
3,4,0,0,0.0,1.0,0.03414323,
8,4,0,0,0.0,1.0,0.0010717192,
10,4,0,0,0.0,1.0,0.19396421,
11,4,0,1,0.6,0.1999999999999999,0.009974364,
13,4,0,0,0.2,0.6,0.08434874,
18,4,0,1,0.6,0.1999999999999999,0.0054605207,
24,4,0,0,0.0,1.0,0.0015520088,
25,4,0,0,0.2,0.6,0.12696105,
29,4,0,0,0.2,0.6,0.2429878,
30,4,0,0,0.2,0.6,0.33894715,
31,4,0,0,0.1666666666666666,0.6666666666666667,0.009419963,
34,4,0,0,0.1666666666666666,0.6666666666666667,0.03391289,
36,4,0,0,0.2,0.6,0.00017811792,
44,4,0,0,0.0,1.0,0.014942597,
46,4,0,0,0.4,0.1999999999999999,0.795399,
47,4,0,0,0.25,0.5,0.017765721,
51,4,0,0,0.25,0.5,0.99764085,
52,4,0,0,0.25,0.5,0.3258654,
57,4,0,1,1.0,1.0,0.02743775,
60,4,0,0,0.0,1.0,0.84921646,
67,4,0,0,0.0,1.0,0.00025800566,
70,4,0,0,0.0,1.0,0.5821444,
83,4,0,0,0.25,0.5,0.46669298,
90,4,0,1,0.5,0.0,0.00028996516,
94,4,0,0,0.25,0.5,0.0050954544,
110,4,0,0,0.0,1.0,0.73935854,
111,4,0,0,0.1111111111111111,0.7777777777777778,0.9327936,
116,4,0,0,0.0,1.0,0.015312754,
121,4,0,0,0.1111111111111111,0.7777777777777778,0.0037206276,
124,4,0,0,0.0,1.0,0.05820544,
128,4,0,0,0.1111111111111111,0.7777777777777778,0.33455777,
151,4,0,0,0.0,1.0,0.0787941,
159,4,0,0,0.0,1.0,0.32289433,
169,4,0,0,0.0,1.0,0.018462986,
182,4,0,0,0.0,1.0,0.92976797,
185,4,0,0,0.25,0.5,0.001083197,
189,4,0,1,0.5,0.0,0.24974002,
190,4,0,0,0.25,0.5,0.37526527,
191,4,0,0,0.0,1.0,0.9980391,
192,4,0,0,0.0,1.0,0.15018263,
198,4,0,0,0.0,1.0,0.32105616,
200,4,0,0,0.2,0.6,0.9991183,
205,4,0,0,0.2,0.6,0.0009743407,
213,4,0,0,0.4,0.1999999999999999,0.99439263,
226,4,0,0,0.0,1.0,0.41018966,
230,4,0,0,0.2,0.6,0.006544713,
233,4,0,0,0.0,1.0,0.007468238,
234,4,0,0,0.25,0.5,0.001470045,
236,4,0,0,0.0,1.0,0.046362408,
240,4,0,0,0.2,0.6,0.01987224,
241,4,0,1,0.6,0.1999999999999999,0.9331765,
242,4,0,1,0.6,0.1999999999999999,0.0015712513,
246,4,0,0,0.4,0.1999999999999999,0.033342257,
248,4,0,0,0.4,0.1999999999999999,0.10551927,
252,4,0,0,0.0,1.0,0.027488433,
255,4,0,0,0.25,0.5,0.0024243572,
273,4,0,1,0.5,0.0,0.88295853,
274,4,0,1,0.5,0.0,0.49543792,
278,4,0,0,0.25,0.5,0.3217172,
288,4,0,1,0.75,0.5,0.008763303,
311,4,0,0,0.4,0.1999999999999999,0.007738053,
315,4,0,1,0.8,0.6000000000000001,0.95074296,
319,4,0,0,0.2,0.6,0.054158445,
320,4,0,0,0.0,1.0,0.7563822,
321,4,0,1,0.6,0.1999999999999999,0.022760285,
323,4,0,0,0.0,1.0,0.018764663,
326,4,0,0,0.0,1.0,0.00023797002,
330,4,0,0,0.4,0.1999999999999999,0.8774471,
339,4,0,0,0.0,1.0,0.74818516,
346,4,0,1,0.6,0.1999999999999999,0.9995014,
359,4,0,0,0.25,0.5,0.9999581,
370,4,0,0,0.0,1.0,0.032342456,
372,4,0,0,0.25,0.5,0.73038375,
380,4,0,1,0.75,0.5,0.07890168,
381,4,0,1,0.75,0.5,0.9634004,
384,4,0,0,0.25,0.5,0.5470937,
395,4,0,1,0.5,0.0,0.114385,
411,4,0,0,0.2,0.6,0.99930286,
416,4,0,0,0.0,1.0,0.0006962486,
420,4,0,0,0.0,1.0,0.0026505985,
422,4,0,1,0.6,0.1999999999999999,0.24299479,
423,4,0,0,0.0,1.0,0.9387255,
434,4,0,0,0.0,1.0,0.7278748,
435,4,0,0,0.4,0.1999999999999999,0.99806213,
438,4,0,0,0.1666666666666666,0.6666666666666667,0.05822953,
443,4,0,0,0.0,1.0,0.0069724866,
452,4,0,0,0.25,0.5,0.724651,
455,4,0,0,0.0,1.0,0.0006099262,
456,4,0,1,0.5,0.0,0.17271051,
468,4,0,0,0.25,0.5,0.007990566,
476,4,0,0,0.0,1.0,0.52854323,
480,4,0,1,0.5,0.0,0.7163307,
485,4,0,1,0.5,0.0,0.95991826,
489,4,0,0,0.0,1.0,0.9904028,
492,4,0,0,0.3333333333333333,0.3333333333333333,0.00024601552,
505,4,0,1,0.5,0.0,0.85681254,
506,4,0,1,0.75,0.5,0.996282,
507,4,0,1,1.0,1.0,0.92545235,
510,4,0,1,0.5,0.0,0.12597054,
512,4,0,1,1.0,1.0,0.9988772,
515,4,0,0,0.25,0.5,0.024343012,
517,4,0,0,0.25,0.5,0.9117784,
522,4,0,0,0.25,0.5,0.5627226,
523,4,0,0,0.25,0.5,0.7825932,
534,4,0,1,0.75,0.5,0.0006108099,
536,4,0,0,0.3333333333333333,0.3333333333333333,0.76707363,
542,4,0,0,0.25,0.5,0.5666779,
543,4,0,1,0.5,0.0,0.9996334,
553,4,0,0,0.0,1.0,0.93526065,
555,4,0,0,0.3333333333333333,0.3333333333333333,0.9614419,
566,4,0,0,0.1666666666666666,0.6666666666666667,0.7649149,
570,4,0,1,0.6666666666666666,0.3333333333333332,0.23789352,
572,4,0,1,0.8333333333333334,0.6666666666666667,0.0041692005,
578,4,0,1,0.5,0.0,0.9374609,
579,4,0,0,0.3333333333333333,0.3333333333333333,0.9986558,
586,4,0,1,0.6666666666666666,0.3333333333333332,0.01254048,
591,4,0,1,0.5,0.0,0.005738713,
598,4,0,0,0.3333333333333333,0.3333333333333333,0.9600262,
604,4,0,1,0.75,0.5,0.948433,
613,4,0,0,0.0,1.0,0.042924635,
618,4,0,0,0.0,1.0,0.9981309,
623,4,0,1,0.5,0.0,0.81023836,
625,4,0,0,0.0,1.0,0.5891696,
635,4,0,1,0.5,0.0,0.9995059,
637,4,0,1,0.5,0.0,0.38361698,
639,4,0,0,0.0,1.0,0.000522373,
640,4,0,1,0.75,0.5,0.9971922,
641,4,0,0,0.0,1.0,0.023553565,
648,4,0,1,0.5,0.0,0.021153128,
661,4,0,1,0.8333333333333334,0.6666666666666667,0.99991393,
662,4,0,0,0.0,1.0,0.12663895,
663,4,0,0,0.3333333333333333,0.3333333333333333,0.9541156,
667,4,0,0,0.3333333333333333,0.3333333333333333,0.99806714,
673,4,0,0,0.3333333333333333,0.3333333333333333,7.466422e-05,
679,4,0,0,0.4,0.1999999999999999,0.018963996,
683,4,0,1,0.8333333333333334,0.6666666666666667,0.9975952,
685,4,0,0,0.0,1.0,0.01974269,
686,4,0,0,0.0,1.0,0.99295425,
689,4,0,0,0.0,1.0,0.023945522,
699,4,0,0,0.1666666666666666,0.6666666666666667,0.9996513,
702,4,0,0,0.1666666666666666,0.6666666666666667,0.33295918,
703,4,0,0,0.0,1.0,0.07704577,
705,4,0,1,0.5,0.0,0.0037143752,
727,4,0,0,0.4,0.1999999999999999,0.2708221,
732,4,0,0,0.0,1.0,0.60352707,
740,4,0,0,0.1666666666666666,0.6666666666666667,0.0011221694,
742,4,0,1,0.5,0.0,0.9741982,
1,4,1,0,0.3333333333333333,0.3333333333333333,0.015967429,
21,4,1,0,0.2,0.6,0.5935803,
28,4,1,0,0.2,0.6,0.154246,
38,4,1,0,0.0,1.0,0.9939549,
41,4,1,0,0.2,0.6,0.056663994,
43,4,1,0,0.2,0.6,0.93801516,
45,4,1,0,0.0,1.0,0.55471206,
54,4,1,0,0.25,0.5,0.5739884,
59,4,1,0,0.25,0.5,0.000595615,
61,4,1,0,0.2,0.6,0.0062645804,
65,4,1,0,0.25,0.5,0.0034251867,
66,4,1,0,0.0,1.0,0.95818406,
72,4,1,0,0.25,0.5,0.032092776,
81,4,1,0,0.0,1.0,0.15170941,
87,4,1,0,0.0,1.0,0.3311795,
91,4,1,0,0.25,0.5,0.0005382244,
93,4,1,0,0.0,1.0,0.09680195,
95,4,1,0,0.25,0.5,0.025550079,
102,4,1,0,0.0,1.0,0.000109271976,
107,4,1,0,0.1111111111111111,0.7777777777777778,0.21323085,
118,4,1,0,0.0,1.0,0.7529763,
127,4,1,1,0.6666666666666666,0.3333333333333332,0.4260373,
129,4,1,0,0.2,0.6,0.009878327,
131,4,1,0,0.0,1.0,2.6817037e-05,
139,4,1,0,0.0,1.0,0.0015279428,
140,4,1,0,0.2222222222222222,0.5555555555555556,0.11195997,
143,4,1,1,0.5555555555555556,0.1111111111111111,0.6592654,
145,4,1,0,0.4444444444444444,0.1111111111111111,0.0024083941,
156,4,1,0,0.25,0.5,0.14900017,
171,4,1,0,0.25,0.5,0.27865884,
172,4,1,0,0.0,1.0,0.04136976,
173,4,1,0,0.25,0.5,0.0019417515,
179,4,1,0,0.25,0.5,0.9014479,
183,4,1,0,0.0,1.0,5.3294734e-05,
187,4,1,0,0.0,1.0,0.010751527,
188,4,1,0,0.0,1.0,0.047423616,
194,4,1,0,0.0,1.0,0.9616562,
195,4,1,0,0.0,1.0,0.34700435,
203,4,1,0,0.2,0.6,0.017948817,
204,4,1,0,0.4,0.1999999999999999,0.06787507,
206,4,1,1,0.5,0.0,0.03542804,
211,4,1,1,0.6,0.1999999999999999,0.99991876,
214,4,1,0,0.2,0.6,0.00290471,
215,4,1,0,0.2,0.6,0.19973668,
217,4,1,0,0.0,1.0,0.0008553658,
219,4,1,0,0.0,1.0,0.0061501316,
220,4,1,0,0.4,0.1999999999999999,0.024468191,
221,4,1,1,0.8,0.6000000000000001,0.0033589448,
231,4,1,1,0.5,0.0,0.8145627,
237,4,1,0,0.4,0.1999999999999999,0.0002675946,
244,4,1,1,0.6,0.1999999999999999,0.41639394,
247,4,1,0,0.2,0.6,0.010417706,
249,4,1,1,0.6,0.1999999999999999,0.05446852,
259,4,1,0,0.0,1.0,0.0037367162,
272,4,1,1,0.5,0.0,0.8162,
277,4,1,1,0.5,0.0,0.058342196,
295,4,1,0,0.0,1.0,0.0054053375,
310,4,1,0,0.2,0.6,0.05943035,
313,4,1,0,0.0,1.0,0.16351199,
322,4,1,1,0.6,0.1999999999999999,0.0850714,
327,4,1,0,0.0,1.0,0.83077335,
329,4,1,0,0.0,1.0,0.070579834,
342,4,1,0,0.2,0.6,0.019377597,
345,4,1,0,0.0,1.0,0.010938691,
348,4,1,0,0.4,0.1999999999999999,0.99958473,
349,4,1,0,0.0,1.0,6.101996e-05,
351,4,1,0,0.0,1.0,0.65151507,
352,4,1,0,0.25,0.5,0.013122928,
354,4,1,0,0.25,0.5,0.98220754,
367,4,1,0,0.25,0.5,0.9923269,
374,4,1,1,0.5,0.0,0.96338034,
376,4,1,1,0.5,0.0,0.99967027,
377,4,1,0,0.25,0.5,0.64314187,
379,4,1,1,0.75,0.5,0.98597836,
387,4,1,0,0.0,1.0,0.14528158,
389,4,1,0,0.25,0.5,0.99985385,
391,4,1,0,0.0,1.0,0.0048126234,
392,4,1,1,0.5,0.0,0.32854384,
398,4,1,0,0.25,0.5,0.1419456,
402,4,1,1,0.6,0.1999999999999999,0.09156157,
404,4,1,1,0.6,0.1999999999999999,0.5646343,
405,4,1,0,0.0,1.0,0.8497616,
406,4,1,1,0.6,0.1999999999999999,0.25341758,
407,4,1,0,0.2,0.6,0.024799922,
424,4,1,1,0.6,0.1999999999999999,0.8338935,
426,4,1,1,0.8,0.6000000000000001,0.51302975,
436,4,1,0,0.4,0.1999999999999999,0.041711465,
440,4,1,0,0.0,1.0,0.9994931,
441,4,1,0,0.2,0.6,0.13984124,
449,4,1,0,0.4,0.1999999999999999,0.015352968,
450,4,1,0,0.2,0.6,0.0019069933,
453,4,1,0,0.25,0.5,0.04701916,
457,4,1,1,0.5,0.0,0.97151864,
460,4,1,0,0.0,1.0,0.0012070315,
463,4,1,0,0.25,0.5,0.99695706,
464,4,1,0,0.0,1.0,0.99493086,
465,4,1,1,0.5,0.0,0.9592416,
466,4,1,1,0.5,0.0,0.99679846,
472,4,1,0,0.25,0.5,0.005873774,
473,4,1,0,0.25,0.5,0.55348873,
474,4,1,0,0.0,1.0,0.002099695,
494,4,1,1,0.8,0.6000000000000001,0.69194794,
519,4,1,0,0.0,1.0,0.6982647,
520,4,1,1,0.5,0.0,0.5152228,
528,4,1,0,0.0,1.0,0.25227386,
533,4,1,0,0.0,1.0,0.5228459,
535,4,1,0,0.25,0.5,0.98725533,
537,4,1,0,0.25,0.5,0.59799725,
539,4,1,0,0.25,0.5,0.045925647,
540,4,1,0,0.25,0.5,0.99957603,
547,4,1,1,0.5,0.0,0.5868844,
548,4,1,1,0.5,0.0,0.6294208,
558,4,1,1,0.5,0.0,0.8203962,
560,4,1,0,0.1666666666666666,0.6666666666666667,0.013329982,
568,4,1,1,1.0,1.0,0.70284814,
571,4,1,1,0.5,0.0,0.00793268,
577,4,1,0,0.1666666666666666,0.6666666666666667,0.5890064,
592,4,1,1,0.6,0.1999999999999999,0.36079526,
608,4,1,0,0.0,1.0,0.474287,
610,4,1,0,0.25,0.5,0.52423275,
617,4,1,1,0.5,0.0,0.7537534,
620,4,1,1,0.75,0.5,0.112790056,
621,4,1,1,0.5,0.0,0.44325018,
629,4,1,1,0.5,0.0,0.99196243,
632,4,1,1,0.5,0.0,0.26945195,
636,4,1,0,0.0,1.0,0.8185829,
647,4,1,1,0.5,0.0,0.9348186,
649,4,1,1,0.5,0.0,0.0017905298,
656,4,1,1,0.6666666666666666,0.3333333333333332,0.14727357,
669,4,1,0,0.3333333333333333,0.3333333333333333,0.71613336,
680,4,1,0,0.0,1.0,0.002962186,
681,4,1,0,0.1666666666666666,0.6666666666666667,0.99119174,
682,4,1,0,0.1666666666666666,0.6666666666666667,0.014686137,
690,4,1,0,0.0,1.0,0.9940746,
692,4,1,0,0.0,1.0,0.2386331,
694,4,1,0,0.3333333333333333,0.3333333333333333,0.47441557,
695,4,1,0,0.3333333333333333,0.3333333333333333,0.049782984,
698,4,1,1,0.5,0.0,0.8559725,
701,4,1,0,0.1666666666666666,0.6666666666666667,0.67402303,
715,4,1,1,0.5,0.0,0.026235454,
716,4,1,1,0.6666666666666666,0.3333333333333332,0.027375828,
718,4,1,0,0.1666666666666666,0.6666666666666667,0.0021545498,
721,4,1,0,0.3333333333333333,0.3333333333333333,0.5522143,
724,4,1,0,0.2,0.6,0.04244665,
728,4,1,0,0.2,0.6,0.009424003,
733,4,1,0,0.1666666666666666,0.6666666666666667,0.034944292,
739,4,1,0,0.3333333333333333,0.3333333333333333,0.0095914025,
6,4,2,0,0.2,0.6,0.8422028,
7,4,2,1,0.6,0.1999999999999999,0.99080646,
26,4,2,1,0.8,0.6000000000000001,0.96196103,
37,4,2,0,0.2,0.6,0.091850355,
39,4,2,0,0.0,1.0,0.016559284,
42,4,2,0,0.0,1.0,0.99657714,
48,4,2,1,0.6,0.1999999999999999,0.4370549,
49,4,2,0,0.3333333333333333,0.3333333333333333,0.00032816164,
56,4,2,0,0.25,0.5,0.018635063,
58,4,2,0,0.25,0.5,0.8278798,
64,4,2,0,0.3333333333333333,0.3333333333333333,0.0023996113,
71,4,2,0,0.0,1.0,0.1573121,
76,4,2,0,0.25,0.5,0.7090391,
78,4,2,0,0.0,1.0,0.5096662,
82,4,2,0,0.25,0.5,0.08343904,
88,4,2,1,0.5,0.0,0.00015977216,
92,4,2,0,0.0,1.0,0.37108603,
96,4,2,0,0.0,1.0,0.48427168,
100,4,2,0,0.25,0.5,0.95027745,
101,4,2,0,0.3333333333333333,0.3333333333333333,0.75225246,
103,4,2,0,0.1111111111111111,0.7777777777777778,0.9193719,
105,4,2,0,0.0,1.0,0.011455473,
108,4,2,0,0.25,0.5,0.99636686,
109,4,2,0,0.1111111111111111,0.7777777777777778,0.99559915,
112,4,2,0,0.125,0.75,0.010184957,
115,4,2,0,0.0,1.0,0.06054073,
125,4,2,0,0.125,0.75,0.34062403,
136,4,2,0,0.3333333333333333,0.3333333333333333,0.9708941,
137,4,2,1,0.6666666666666666,0.3333333333333332,0.012172915,
138,4,2,1,0.5555555555555556,0.1111111111111111,0.078518584,
158,4,2,0,0.0,1.0,0.00072114874,
160,4,2,0,0.1666666666666666,0.6666666666666667,0.96678865,
162,4,2,0,0.2,0.6,0.15527192,
165,4,2,0,0.0,1.0,0.50534654,
167,4,2,0,0.0,1.0,0.67258024,
170,4,2,0,0.1666666666666666,0.6666666666666667,0.0061469385,
201,4,2,0,0.25,0.5,0.0024040989,
209,4,2,0,0.2,0.6,0.04759111,
212,4,2,0,0.2,0.6,0.5067468,
216,4,2,0,0.0,1.0,0.99548924,
222,4,2,0,0.2,0.6,0.6680682,
224,4,2,0,0.4,0.1999999999999999,0.7438923,
228,4,2,0,0.2,0.6,0.9546442,
238,4,2,0,0.25,0.5,0.0020351433,
243,4,2,0,0.0,1.0,0.00031417294,
245,4,2,0,0.0,1.0,0.084336236,
250,4,2,0,0.4,0.1999999999999999,0.99591994,
251,4,2,0,0.25,0.5,0.053428717,
260,4,2,0,0.25,0.5,0.99302447,
261,4,2,0,0.25,0.5,0.8974064,
262,4,2,1,0.5,0.0,0.73015445,
266,4,2,0,0.25,0.5,0.3337023,
271,4,2,0,0.0,1.0,0.9516116,
275,4,2,1,0.5,0.0,0.18063833,
279,4,2,0,0.2,0.6,0.00017390754,
280,4,2,0,0.25,0.5,0.14324568,
281,4,2,0,0.0,1.0,0.00019565939,
282,4,2,0,0.25,0.5,0.0017615831,
290,4,2,0,0.0,1.0,0.04189825,
293,4,2,1,0.5,0.0,0.92331505,
294,4,2,0,0.0,1.0,0.84493756,
302,4,2,0,0.0,1.0,0.023234315,
303,4,2,0,0.0,1.0,0.3909285,
304,4,2,1,0.8,0.6000000000000001,0.9554037,
306,4,2,0,0.0,1.0,0.03745494,
331,4,2,0,0.0,1.0,0.9570166,
334,4,2,0,0.4,0.1999999999999999,0.10456163,
337,4,2,0,0.0,1.0,0.99460495,
338,4,2,0,0.4,0.1999999999999999,0.8319949,
341,4,2,1,0.6,0.1999999999999999,0.40567398,
350,4,2,0,0.0,1.0,0.24638255,
353,4,2,0,0.0,1.0,0.97400147,
362,4,2,1,0.75,0.5,0.8059561,
364,4,2,1,0.5,0.0,0.0729171,
371,4,2,0,0.25,0.5,0.99660003,
382,4,2,1,0.5,0.0,0.02387072,
388,4,2,1,0.5,0.0,0.48009354,
390,4,2,1,0.75,0.5,0.010277965,
393,4,2,0,0.25,0.5,0.0035650656,
396,4,2,1,0.75,0.5,0.99969405,
400,4,2,1,0.5,0.0,0.9999966,
403,4,2,0,0.0,1.0,0.09761121,
410,4,2,1,0.6,0.1999999999999999,0.9697887,
415,4,2,0,0.0,1.0,0.9978692,
417,4,2,0,0.2,0.6,0.80884016,
419,4,2,0,0.4,0.1999999999999999,0.94591475,
425,4,2,0,0.0,1.0,0.0078161275,
428,4,2,1,0.6,0.1999999999999999,0.001224055,
439,4,2,0,0.2,0.6,0.5466101,
447,4,2,0,0.0,1.0,0.03128115,
448,4,2,0,0.0,1.0,0.1102255,
458,4,2,0,0.0,1.0,0.99989605,
459,4,2,0,0.25,0.5,0.5878025,
470,4,2,0,0.0,1.0,0.99399817,
477,4,2,0,0.0,1.0,0.13653341,
479,4,2,0,0.0,1.0,0.011370363,
486,4,2,0,0.25,0.5,0.9999906,
495,4,2,0,0.0,1.0,0.9755537,
496,4,2,1,0.75,0.5,0.6192726,
511,4,2,1,0.5,0.0,0.49826384,
516,4,2,0,0.0,1.0,0.9755478,
530,4,2,1,0.5,0.0,0.09974521,
550,4,2,0,0.0,1.0,0.049328044,
551,4,2,1,0.6666666666666666,0.3333333333333332,0.99749947,
552,4,2,1,0.6666666666666666,0.3333333333333332,0.6788624,
557,4,2,0,0.3333333333333333,0.3333333333333333,0.00043562462,
561,4,2,1,0.5,0.0,0.0075612753,
562,4,2,0,0.3333333333333333,0.3333333333333333,0.9999915,
563,4,2,0,0.0,1.0,0.009262133,
565,4,2,0,0.3333333333333333,0.3333333333333333,0.8975946,
581,4,2,0,0.3333333333333333,0.3333333333333333,0.9885596,
582,4,2,1,0.5,0.0,0.94097745,
583,4,2,1,0.5,0.0,0.99804896,
584,4,2,1,0.6666666666666666,0.3333333333333332,0.6673238,
597,4,2,0,0.0,1.0,0.4105204,
600,4,2,0,0.1666666666666666,0.6666666666666667,0.9655005,
601,4,2,0,0.0,1.0,0.03836753,
602,4,2,0,0.25,0.5,0.40983766,
606,4,2,0,0.25,0.5,0.5807054,
609,4,2,0,0.25,0.5,0.99932873,
614,4,2,1,0.75,0.5,0.9593569,
619,4,2,0,0.25,0.5,0.9165062,
624,4,2,0,0.25,0.5,0.40634638,
628,4,2,0,0.0,1.0,0.0041032927,
630,4,2,1,0.5,0.0,0.21251772,
633,4,2,1,0.5,0.0,0.99687666,
634,4,2,0,0.25,0.5,0.82779187,
642,4,2,1,0.75,0.5,0.9997394,
644,4,2,0,0.25,0.5,0.053839307,
646,4,2,0,0.0,1.0,0.043846022,
651,4,2,0,0.3333333333333333,0.3333333333333333,0.71982586,
654,4,2,0,0.1666666666666666,0.6666666666666667,0.45118722,
655,4,2,1,0.6666666666666666,0.3333333333333332,0.9976315,
657,4,2,1,0.5,0.0,0.012410777,
658,4,2,0,0.1666666666666666,0.6666666666666667,0.9940105,
659,4,2,1,0.6666666666666666,0.3333333333333332,0.9976257,
670,4,2,1,0.5,0.0,0.29223692,
697,4,2,1,0.5,0.0,0.99357677,
707,4,2,1,0.5,0.0,0.025090791,
708,4,2,0,0.0,1.0,0.6242325,
712,4,2,0,0.1666666666666666,0.6666666666666667,0.008353897,
713,4,2,1,0.6,0.1999999999999999,0.104416355,
720,4,2,0,0.0,1.0,0.00013375995,
723,4,2,0,0.1666666666666666,0.6666666666666667,0.30581847,
734,4,2,0,0.0,1.0,0.0764076,
738,4,2,0,0.3333333333333333,0.3333333333333333,0.35305554,
741,4,2,0,0.2,0.6,0.5449765,
4,4,3,1,0.6,0.1999999999999999,0.47150227,
12,4,3,0,0.4,0.1999999999999999,0.0652904,
14,4,3,0,0.2,0.6,0.107912146,
15,4,3,0,0.4,0.1999999999999999,0.81436545,
17,4,3,0,0.4,0.1999999999999999,0.009443022,
22,4,3,0,0.2,0.6,0.69211566,
27,4,3,0,0.2,0.6,0.024033966,
33,4,3,0,0.4,0.1999999999999999,0.018742524,
35,4,3,1,0.5,0.0,0.16007665,
50,4,3,1,0.8,0.6000000000000001,0.16960774,
53,4,3,0,0.1666666666666666,0.6666666666666667,0.023440875,
55,4,3,0,0.0,1.0,0.539064,
62,4,3,0,0.25,0.5,0.030243438,
68,4,3,0,0.0,1.0,0.06915502,
75,4,3,0,0.0,1.0,0.0051753954,
77,4,3,0,0.25,0.5,0.3265251,
79,4,3,0,0.25,0.5,0.0018580703,
84,4,3,0,0.3333333333333333,0.3333333333333333,0.90601623,
97,4,3,0,0.25,0.5,0.032019593,
98,4,3,0,0.3333333333333333,0.3333333333333333,0.043601554,
99,4,3,0,0.0,1.0,0.000147192,
104,4,3,0,0.1111111111111111,0.7777777777777778,0.27536947,
106,4,3,1,1.0,1.0,0.069552585,
114,4,3,0,0.1111111111111111,0.7777777777777778,0.9621197,
119,4,3,0,0.1111111111111111,0.7777777777777778,0.38305607,
120,4,3,0,0.0,1.0,0.14134806,
122,4,3,0,0.0,1.0,0.096704625,
126,4,3,0,0.2222222222222222,0.5555555555555556,0.98125327,
132,4,3,0,0.2222222222222222,0.5555555555555556,0.067524455,
134,4,3,0,0.1111111111111111,0.7777777777777778,0.00047693303,
135,4,3,0,0.1666666666666666,0.6666666666666667,0.0006301959,
147,4,3,0,0.0,1.0,0.121589154,
148,4,3,0,0.1111111111111111,0.7777777777777778,0.0008866842,
153,4,3,0,0.0,1.0,0.00033131865,
157,4,3,0,0.25,0.5,0.07411172,
163,4,3,0,0.25,0.5,0.9615416,
166,4,3,0,0.25,0.5,0.26186007,
168,4,3,0,0.25,0.5,0.0003954033,
174,4,3,1,0.5,0.0,0.39336497,
176,4,3,0,0.0,1.0,0.03031838,
177,4,3,0,0.0,1.0,0.05736471,
178,4,3,0,0.0,1.0,0.034924578,
180,4,3,0,0.0,1.0,0.055744655,
181,4,3,1,0.5,0.0,0.29065767,
184,4,3,0,0.0,1.0,0.0018155066,
197,4,3,0,0.0,1.0,0.32576483,
207,4,3,0,0.2,0.6,0.0061696367,
227,4,3,1,1.0,1.0,0.1781883,
229,4,3,0,0.0,1.0,0.012649236,
235,4,3,0,0.0,1.0,0.00067265466,
239,4,3,1,0.6,0.1999999999999999,0.00031056235,
253,4,3,0,0.0,1.0,0.8501003,
254,4,3,0,0.25,0.5,0.007243491,
258,4,3,0,0.0,1.0,0.09130124,
267,4,3,0,0.0,1.0,1.2374136e-06,
269,4,3,1,0.5,0.0,0.0012641078,
286,4,3,0,0.2,0.6,0.00026425236,
287,4,3,0,0.25,0.5,0.0036518937,
291,4,3,0,0.0,1.0,0.069112726,
296,4,3,0,0.0,1.0,0.0017979878,
299,4,3,1,0.8,0.6000000000000001,0.0092278775,
307,4,3,0,0.4,0.1999999999999999,0.0036147076,
314,4,3,0,0.0,1.0,0.9979366,
316,4,3,0,0.4,0.1999999999999999,0.989837,
325,4,3,0,0.0,1.0,0.01252817,
336,4,3,0,0.4,0.1999999999999999,0.7166276,
343,4,3,1,0.8,0.6000000000000001,0.796674,
355,4,3,0,0.25,0.5,0.0050845053,
356,4,3,0,0.25,0.5,0.060863033,
357,4,3,1,0.5,0.0,0.00028835807,
361,4,3,0,0.0,1.0,0.003585612,
363,4,3,0,0.0,1.0,0.14395413,
366,4,3,0,0.0,1.0,0.96572804,
368,4,3,1,0.5,0.0,0.19740441,
375,4,3,1,0.5,0.0,0.9285139,
386,4,3,0,0.25,0.5,0.09240531,
394,4,3,1,0.5,0.0,0.9785344,
408,4,3,0,0.4,0.1999999999999999,0.16664132,
409,4,3,0,0.4,0.1999999999999999,0.9809042,
412,4,3,1,1.0,1.0,0.19308494,
414,4,3,1,0.6,0.1999999999999999,0.9735837,
418,4,3,0,0.0,1.0,0.0058180303,
429,4,3,0,0.0,1.0,0.0008443562,
437,4,3,1,0.6,0.1999999999999999,0.0008788966,
442,4,3,1,0.8,0.6000000000000001,0.9686112,
445,4,3,0,0.0,1.0,0.040928107,
446,4,3,0,0.2,0.6,0.6362736,
462,4,3,1,0.5,0.0,0.99999696,
471,4,3,0,0.0,1.0,0.9444814,
478,4,3,0,0.0,1.0,0.0030386932,
481,4,3,0,0.0,1.0,0.14366414,
482,4,3,0,0.0,1.0,0.0015137002,
483,4,3,0,0.25,0.5,0.42827442,
484,4,3,0,0.25,0.5,0.055769436,
488,4,3,1,0.5,0.0,0.975706,
490,4,3,0,0.25,0.5,0.00047647074,
493,4,3,0,0.0,1.0,0.9996067,
497,4,3,0,0.0,1.0,0.00975886,
498,4,3,0,0.0,1.0,0.0011069861,
500,4,3,0,0.25,0.5,0.0052423608,
501,4,3,0,0.25,0.5,0.24325955,
504,4,3,1,0.75,0.5,0.016445985,
509,4,3,0,0.25,0.5,0.011756683,
518,4,3,0,0.25,0.5,0.47910774,
521,4,3,1,0.75,0.5,0.9682852,
526,4,3,0,0.0,1.0,0.29997328,
527,4,3,0,0.25,0.5,0.9873892,
538,4,3,0,0.0,1.0,0.08796044,
541,4,3,1,0.5,0.0,0.009824809,
544,4,3,1,0.5,0.0,0.9978245,
549,4,3,0,0.0,1.0,0.09417024,
554,4,3,1,0.5,0.0,0.99846697,
564,4,3,1,0.5,0.0,0.9997875,
567,4,3,0,0.3333333333333333,0.3333333333333333,0.8943622,
569,4,3,0,0.1666666666666666,0.6666666666666667,0.98629916,
573,4,3,0,0.3333333333333333,0.3333333333333333,0.89130557,
574,4,3,0,0.3333333333333333,0.3333333333333333,0.0064033037,
575,4,3,1,0.5,0.0,0.97608113,
585,4,3,1,0.5,0.0,0.52349526,
587,4,3,1,0.8333333333333334,0.6666666666666667,0.0038497369,
588,4,3,0,0.1666666666666666,0.6666666666666667,0.023128973,
589,4,3,0,0.3333333333333333,0.3333333333333333,0.03879801,
594,4,3,0,0.0,1.0,0.57934594,
596,4,3,1,0.5,0.0,0.33140844,
605,4,3,1,0.5,0.0,0.99945027,
615,4,3,1,0.75,0.5,0.9195936,
622,4,3,1,0.75,0.5,0.99600863,
626,4,3,1,0.5,0.0,3.7792302e-05,
638,4,3,0,0.25,0.5,0.9164044,
643,4,3,1,0.5,0.0,0.061125748,
652,4,3,0,0.0,1.0,0.0069924556,
653,4,3,1,0.5,0.0,0.43448704,
664,4,3,1,0.6666666666666666,0.3333333333333332,0.96352655,
672,4,3,0,0.0,1.0,0.00036197892,
674,4,3,0,0.3333333333333333,0.3333333333333333,0.36835873,
675,4,3,0,0.3333333333333333,0.3333333333333333,0.0010584685,
676,4,3,0,0.1666666666666666,0.6666666666666667,0.010659575,
693,4,3,1,0.5,0.0,0.19350854,
704,4,3,0,0.3333333333333333,0.3333333333333333,0.0029453398,
709,4,3,0,0.3333333333333333,0.3333333333333333,0.06887587,
710,4,3,0,0.0,1.0,0.00027011323,
714,4,3,0,0.3333333333333333,0.3333333333333333,0.2840806,
717,4,3,1,0.5,0.0,0.4330551,
719,4,3,0,0.1666666666666666,0.6666666666666667,0.43210423,
722,4,3,0,0.2,0.6,0.014695628,
735,4,3,0,0.0,1.0,7.195755e-05,
737,4,3,0,0.1666666666666666,0.6666666666666667,0.4105791,
2,4,4,0,0.4,0.1999999999999999,0.0012073437,
5,4,4,0,0.2,0.6,0.0074034566,
9,4,4,0,0.0,1.0,0.032703836,
16,4,4,1,0.6,0.1999999999999999,0.02642515,
20,4,4,0,0.25,0.5,0.009643667,
32,4,4,0,0.2,0.6,0.8980981,
40,4,4,0,0.2,0.6,0.60708594,
63,4,4,0,0.0,1.0,0.20952761,
69,4,4,0,0.0,1.0,0.6275188,
73,4,4,0,0.0,1.0,0.0017904211,
74,4,4,0,0.0,1.0,0.9721824,
80,4,4,0,0.0,1.0,0.8717518,
85,4,4,0,0.25,0.5,0.595708,
86,4,4,0,0.0,1.0,0.63832283,
89,4,4,0,0.25,0.5,0.45372194,
113,4,4,0,0.1111111111111111,0.7777777777777778,0.99372435,
117,4,4,0,0.25,0.5,0.020067908,
123,4,4,0,0.0,1.0,0.015979037,
130,4,4,0,0.1111111111111111,0.7777777777777778,0.0009835494,
133,4,4,1,0.8888888888888888,0.7777777777777777,0.008118597,
141,4,4,0,0.0,1.0,0.2748117,
142,4,4,0,0.0,1.0,0.20297691,
144,4,4,0,0.0,1.0,0.05339682,
146,4,4,1,0.8888888888888888,0.7777777777777777,0.01722993,
149,4,4,0,0.3333333333333333,0.3333333333333333,0.11368688,
150,4,4,0,0.0,1.0,0.52105796,
152,4,4,0,0.0,1.0,0.023129538,
154,4,4,0,0.25,0.5,0.18120171,
155,4,4,0,0.25,0.5,0.89708793,
161,4,4,0,0.0,1.0,0.9861373,
164,4,4,0,0.0,1.0,0.052213028,
175,4,4,0,0.0,1.0,0.5528572,
186,4,4,0,0.0,1.0,0.016413823,
193,4,4,0,0.25,0.5,0.60746765,
196,4,4,1,0.5,0.0,0.1772606,
199,4,4,0,0.25,0.5,0.0009868769,
202,4,4,1,0.6,0.1999999999999999,8.8958666e-05,
208,4,4,0,0.0,1.0,0.01220621,
210,4,4,0,0.4,0.1999999999999999,0.99984145,
223,4,4,0,0.2,0.6,0.0011578371,
225,4,4,0,0.2,0.6,1.6772832e-05,
232,4,4,0,0.25,0.5,0.08309168,
257,4,4,0,0.25,0.5,0.76178133,
263,4,4,0,0.2,0.6,0.004668946,
264,4,4,0,0.25,0.5,0.050182708,
265,4,4,1,0.5,0.0,0.14232779,
268,4,4,1,0.5,0.0,0.016031716,
270,4,4,0,0.0,1.0,0.96043277,
276,4,4,0,0.2,0.6,0.99348414,
283,4,4,0,0.25,0.5,0.0040769824,
284,4,4,1,0.5,0.0,0.011654699,
285,4,4,0,0.4,0.1999999999999999,0.89036185,
289,4,4,1,0.5,0.0,0.4014325,
292,4,4,0,0.25,0.5,0.99895316,
297,4,4,0,0.0,1.0,0.019660724,
298,4,4,0,0.25,0.5,0.2906217,
300,4,4,0,0.0,1.0,0.2245667,
308,4,4,0,0.4,0.1999999999999999,0.96325976,
309,4,4,1,0.8,0.6000000000000001,0.0068337144,
312,4,4,0,0.0,1.0,0.7599038,
317,4,4,0,0.4,0.1999999999999999,0.04510849,
318,4,4,0,0.4,0.1999999999999999,0.43921563,
324,4,4,0,0.2,0.6,0.9880438,
328,4,4,1,0.6,0.1999999999999999,0.0102225365,
332,4,4,0,0.0,1.0,0.60144585,
333,4,4,0,0.0,1.0,0.23273814,
335,4,4,1,0.5,0.0,0.47423148,
340,4,4,1,0.6,0.1999999999999999,0.02468253,
344,4,4,0,0.2,0.6,0.019933848,
347,4,4,0,0.4,0.1999999999999999,0.9972785,
358,4,4,0,0.25,0.5,0.9951958,
360,4,4,0,0.25,0.5,0.0048890086,
365,4,4,0,0.25,0.5,0.9879867,
369,4,4,0,0.0,1.0,0.0012409659,
373,4,4,0,0.0,1.0,0.018655986,
378,4,4,1,0.5,0.0,0.03859946,
383,4,4,0,0.0,1.0,0.09564753,
385,4,4,1,0.5,0.0,0.40332752,
397,4,4,1,0.75,0.5,0.9985735,
399,4,4,0,0.25,0.5,0.999928,
401,4,4,0,0.2,0.6,0.86879736,
413,4,4,0,0.0,1.0,0.22413301,
421,4,4,0,0.2,0.6,0.027552139,
427,4,4,1,0.6,0.1999999999999999,0.999315,
430,4,4,1,0.6,0.1999999999999999,0.016694983,
431,4,4,0,0.4,0.1999999999999999,0.6114207,
432,4,4,0,0.2,0.6,0.9770068,
433,4,4,0,0.0,1.0,0.00036966812,
444,4,4,0,0.2,0.6,0.3937487,
451,4,4,0,0.25,0.5,0.00013776949,
454,4,4,0,0.0,1.0,0.014410328,
461,4,4,1,0.5,0.0,0.94962656,
467,4,4,1,1.0,1.0,0.8318801,
469,4,4,1,0.75,0.5,0.09424944,
475,4,4,0,0.25,0.5,0.9914423,
487,4,4,0,0.2,0.6,4.8149697e-05,
491,4,4,1,0.5,0.0,0.7922687,
499,4,4,0,0.0,1.0,0.9985044,
502,4,4,1,0.75,0.5,0.00038442994,
503,4,4,0,0.0,1.0,0.040407352,
508,4,4,1,0.75,0.5,0.012034017,
513,4,4,0,0.0,1.0,0.44133624,
514,4,4,1,0.75,0.5,0.9969199,
524,4,4,0,0.0,1.0,0.99999744,
525,4,4,0,0.2,0.6,0.022487331,
529,4,4,1,0.5,0.0,0.615024,
531,4,4,1,0.75,0.5,0.9710394,
532,4,4,0,0.0,1.0,0.012113167,
545,4,4,0,0.25,0.5,0.0054903612,
546,4,4,1,0.5,0.0,0.0038921055,
556,4,4,0,0.1666666666666666,0.6666666666666667,0.98815167,
559,4,4,1,0.6666666666666666,0.3333333333333332,0.049133953,
576,4,4,1,0.5,0.0,0.994099,
580,4,4,0,0.3333333333333333,0.3333333333333333,0.040274706,
590,4,4,0,0.3333333333333333,0.3333333333333333,0.9804314,
593,4,4,1,0.5,0.0,0.62366945,
595,4,4,1,0.8333333333333334,0.6666666666666667,0.48600653,
599,4,4,0,0.0,1.0,0.9459994,
603,4,4,1,0.5,0.0,0.83407354,
607,4,4,0,0.0,1.0,0.0014418372,
611,4,4,1,0.75,0.5,0.13187425,
612,4,4,0,0.0,1.0,0.0024858387,
616,4,4,1,0.75,0.5,0.0008520603,
627,4,4,1,0.75,0.5,0.26264274,
631,4,4,0,0.0,1.0,0.9874828,
645,4,4,1,0.75,0.5,0.986166,
650,4,4,0,0.0,1.0,0.032313485,
660,4,4,0,0.1666666666666666,0.6666666666666667,0.0090708295,
665,4,4,0,0.1666666666666666,0.6666666666666667,0.41922167,
668,4,4,0,0.1666666666666666,0.6666666666666667,0.8181406,
671,4,4,0,0.3333333333333333,0.3333333333333333,0.9934312,
677,4,4,1,0.6666666666666666,0.3333333333333332,0.93521905,
678,4,4,0,0.3333333333333333,0.3333333333333333,0.20583153,
684,4,4,0,0.0,1.0,0.18907526,
687,4,4,0,0.3333333333333333,0.3333333333333333,0.6333322,
688,4,4,0,0.1666666666666666,0.6666666666666667,0.002607218,
691,4,4,0,0.1666666666666666,0.6666666666666667,0.99998915,
696,4,4,0,0.1666666666666666,0.6666666666666667,0.38646773,
700,4,4,1,0.5,0.0,0.996706,
706,4,4,1,0.6666666666666666,0.3333333333333332,0.961384,
711,4,4,1,0.6,0.1999999999999999,0.6181761,
725,4,4,0,0.0,1.0,0.20050281,
726,4,4,0,0.0,1.0,0.89798653,
729,4,4,0,0.4,0.1999999999999999,0.86309755,
730,4,4,0,0.3333333333333333,0.3333333333333333,0.8105775,
731,4,4,0,0.0,1.0,0.09400627,
736,4,4,0,0.0,1.0,0.9693471,
