patient_id,repeat,fold,y,y_soft,agreement,p,thr
5,0,0,0,0.2,0.6,0.45055902,
7,0,0,1,0.6,0.1999999999999999,0.9027363,
28,0,0,0,0.2,0.6,0.3009557,
29,0,0,0,0.2,0.6,0.55232877,
32,0,0,0,0.2,0.6,0.90233505,
40,0,0,0,0.2,0.6,0.3997705,
49,0,0,0,0.3333333333333333,0.3333333333333333,0.22375044,
50,0,0,1,0.8,0.6000000000000001,0.31211627,
51,0,0,0,0.25,0.5,0.48736444,
55,0,0,0,0.0,1.0,0.6235596,
59,0,0,0,0.25,0.5,0.09056436,
63,0,0,0,0.0,1.0,0.5328343,
64,0,0,0,0.3333333333333333,0.3333333333333333,0.026447266,
67,0,0,0,0.0,1.0,0.079662085,
73,0,0,0,0.0,1.0,0.10959082,
77,0,0,0,0.25,0.5,0.41067585,
82,0,0,0,0.25,0.5,0.42210388,
83,0,0,0,0.25,0.5,0.50988495,
88,0,0,1,0.5,0.0,0.0101791825,
98,0,0,0,0.3333333333333333,0.3333333333333333,0.50456154,
107,0,0,0,0.1111111111111111,0.7777777777777778,0.49318296,
109,0,0,0,0.1111111111111111,0.7777777777777778,0.7289401,
110,0,0,0,0.0,1.0,0.5562717,
112,0,0,0,0.125,0.75,0.13420224,
113,0,0,0,0.1111111111111111,0.7777777777777778,0.83338296,
116,0,0,0,0.0,1.0,0.1436155,
122,0,0,0,0.0,1.0,0.6277882,
127,0,0,1,0.6666666666666666,0.3333333333333332,0.46541148,
134,0,0,0,0.1111111111111111,0.7777777777777778,0.13431391,
139,0,0,0,0.0,1.0,0.17512435,
151,0,0,0,0.0,1.0,0.28797027,
153,0,0,0,0.0,1.0,0.04375215,
160,0,0,0,0.1666666666666666,0.6666666666666667,0.75202024,
161,0,0,0,0.0,1.0,0.6283282,
174,0,0,1,0.5,0.0,0.5339451,
177,0,0,0,0.0,1.0,0.25314274,
183,0,0,0,0.0,1.0,0.06798633,
199,0,0,0,0.25,0.5,0.107707925,
202,0,0,1,0.6,0.1999999999999999,0.07081349,
206,0,0,1,0.5,0.0,0.17951569,
210,0,0,0,0.4,0.1999999999999999,0.97401214,
230,0,0,0,0.2,0.6,0.042767912,
231,0,0,1,0.5,0.0,0.6813934,
232,0,0,0,0.25,0.5,0.7315321,
233,0,0,0,0.0,1.0,0.11634834,
240,0,0,0,0.2,0.6,0.16656205,
241,0,0,1,0.6,0.1999999999999999,0.8349359,
248,0,0,0,0.4,0.1999999999999999,0.5655152,
253,0,0,0,0.0,1.0,0.87963957,
259,0,0,0,0.0,1.0,0.1276767,
274,0,0,1,0.5,0.0,0.98343515,
275,0,0,1,0.5,0.0,0.5644901,
282,0,0,0,0.25,0.5,0.52903605,
284,0,0,1,0.5,0.0,0.11571848,
285,0,0,0,0.4,0.1999999999999999,0.06341589,
287,0,0,0,0.25,0.5,0.6977866,
294,0,0,0,0.0,1.0,0.5386344,
300,0,0,0,0.0,1.0,0.27913404,
307,0,0,0,0.4,0.1999999999999999,0.23606658,
309,0,0,1,0.8,0.6000000000000001,0.6713289,
310,0,0,0,0.2,0.6,0.11018246,
315,0,0,1,0.8,0.6000000000000001,0.6762061,
316,0,0,0,0.4,0.1999999999999999,0.7546528,
319,0,0,0,0.2,0.6,0.025526844,
322,0,0,1,0.6,0.1999999999999999,0.9417953,
329,0,0,0,0.0,1.0,0.3993943,
330,0,0,0,0.4,0.1999999999999999,0.83138585,
338,0,0,0,0.4,0.1999999999999999,0.7598394,
339,0,0,0,0.0,1.0,0.14913768,
342,0,0,0,0.2,0.6,0.32567996,
345,0,0,0,0.0,1.0,0.024686374,
371,0,0,0,0.25,0.5,0.7420725,
372,0,0,0,0.25,0.5,0.77178407,
374,0,0,1,0.5,0.0,0.8045291,
376,0,0,1,0.5,0.0,0.98100626,
384,0,0,0,0.25,0.5,0.3594293,
394,0,0,1,0.5,0.0,0.44718295,
407,0,0,0,0.2,0.6,0.54152864,
413,0,0,0,0.0,1.0,0.6230355,
421,0,0,0,0.2,0.6,0.24381676,
436,0,0,0,0.4,0.1999999999999999,0.38349712,
438,0,0,0,0.1666666666666666,0.6666666666666667,0.55883366,
456,0,0,1,0.5,0.0,0.16016945,
457,0,0,1,0.5,0.0,0.75459385,
459,0,0,0,0.25,0.5,0.20252046,
463,0,0,0,0.25,0.5,0.7908721,
465,0,0,1,0.5,0.0,0.98503464,
468,0,0,0,0.25,0.5,0.84765506,
480,0,0,1,0.5,0.0,0.33698386,
487,0,0,0,0.2,0.6,0.15745586,
490,0,0,0,0.25,0.5,0.022544414,
491,0,0,1,0.5,0.0,0.25859198,
492,0,0,0,0.3333333333333333,0.3333333333333333,0.01436989,
495,0,0,0,0.0,1.0,0.41711092,
497,0,0,0,0.0,1.0,0.03254904,
499,0,0,0,0.0,1.0,0.21041766,
510,0,0,1,0.5,0.0,0.7035284,
513,0,0,0,0.0,1.0,0.96736944,
514,0,0,1,0.75,0.5,0.82049453,
518,0,0,0,0.25,0.5,0.8241096,
521,0,0,1,0.75,0.5,0.9527318,
528,0,0,0,0.0,1.0,0.3744195,
534,0,0,1,0.75,0.5,0.048379593,
539,0,0,0,0.25,0.5,0.5888656,
540,0,0,0,0.25,0.5,0.9843769,
542,0,0,0,0.25,0.5,0.22417617,
549,0,0,0,0.0,1.0,0.34768823,
554,0,0,1,0.5,0.0,0.98993915,
557,0,0,0,0.3333333333333333,0.3333333333333333,0.011266808,
565,0,0,0,0.3333333333333333,0.3333333333333333,0.9564009,
566,0,0,0,0.1666666666666666,0.6666666666666667,0.8053291,
572,0,0,1,0.8333333333333334,0.6666666666666667,0.15095255,
573,0,0,0,0.3333333333333333,0.3333333333333333,0.90251476,
574,0,0,0,0.3333333333333333,0.3333333333333333,0.10938262,
577,0,0,0,0.1666666666666666,0.6666666666666667,0.90381193,
583,0,0,1,0.5,0.0,0.8047805,
586,0,0,1,0.6666666666666666,0.3333333333333332,0.64184225,
587,0,0,1,0.8333333333333334,0.6666666666666667,0.2038877,
588,0,0,0,0.1666666666666666,0.6666666666666667,0.05367095,
590,0,0,0,0.3333333333333333,0.3333333333333333,0.9603008,
601,0,0,0,0.0,1.0,0.26994327,
603,0,0,1,0.5,0.0,0.4146644,
608,0,0,0,0.0,1.0,0.8318689,
618,0,0,0,0.0,1.0,0.9679033,
628,0,0,0,0.0,1.0,0.11761326,
633,0,0,1,0.5,0.0,0.7974968,
645,0,0,1,0.75,0.5,0.87766933,
648,0,0,1,0.5,0.0,0.77194357,
649,0,0,1,0.5,0.0,0.8817735,
650,0,0,0,0.0,1.0,0.012898282,
653,0,0,1,0.5,0.0,0.7011049,
657,0,0,1,0.5,0.0,0.049961418,
664,0,0,1,0.6666666666666666,0.3333333333333332,0.6671948,
670,0,0,1,0.5,0.0,0.4965687,
674,0,0,0,0.3333333333333333,0.3333333333333333,0.5016387,
689,0,0,0,0.0,1.0,0.113194,
690,0,0,0,0.0,1.0,0.98372906,
694,0,0,0,0.3333333333333333,0.3333333333333333,0.35329366,
695,0,0,0,0.3333333333333333,0.3333333333333333,0.14754161,
699,0,0,0,0.1666666666666666,0.6666666666666667,0.9967348,
703,0,0,0,0.0,1.0,0.13111603,
712,0,0,0,0.1666666666666666,0.6666666666666667,0.48916644,
714,0,0,0,0.3333333333333333,0.3333333333333333,0.22445881,
715,0,0,1,0.5,0.0,0.04667366,
720,0,0,0,0.0,1.0,0.18228465,
735,0,0,0,0.0,1.0,0.062818706,
739,0,0,0,0.3333333333333333,0.3333333333333333,0.122054175,
2,0,1,0,0.4,0.1999999999999999,0.08537852,
4,0,1,1,0.6,0.1999999999999999,0.32188693,
6,0,1,0,0.2,0.6,0.7739192,
14,0,1,0,0.2,0.6,0.4207956,
16,0,1,1,0.6,0.1999999999999999,0.3175046,
26,0,1,1,0.8,0.6000000000000001,0.40802348,
30,0,1,0,0.2,0.6,0.3135113,
34,0,1,0,0.1666666666666666,0.6666666666666667,0.4222529,
38,0,1,0,0.0,1.0,0.46734774,
39,0,1,0,0.0,1.0,0.120710224,
56,0,1,0,0.25,0.5,0.019616699,
61,0,1,0,0.2,0.6,0.0014604491,
65,0,1,0,0.25,0.5,0.26404905,
66,0,1,0,0.0,1.0,0.8132064,
68,0,1,0,0.0,1.0,0.13080983,
69,0,1,0,0.0,1.0,0.34039205,
74,0,1,0,0.0,1.0,0.3842724,
78,0,1,0,0.0,1.0,0.42060357,
85,0,1,0,0.25,0.5,0.6881654,
87,0,1,0,0.0,1.0,0.053441547,
93,0,1,0,0.0,1.0,0.3747559,
94,0,1,0,0.25,0.5,0.21936657,
95,0,1,0,0.25,0.5,0.25299758,
96,0,1,0,0.0,1.0,0.5801902,
120,0,1,0,0.0,1.0,0.5907773,
124,0,1,0,0.0,1.0,0.59575653,
131,0,1,0,0.0,1.0,0.015122316,
141,0,1,0,0.0,1.0,0.5429556,
142,0,1,0,0.0,1.0,0.6150844,
143,0,1,1,0.5555555555555556,0.1111111111111111,0.839715,
146,0,1,1,0.8888888888888888,0.7777777777777777,0.26913044,
148,0,1,0,0.1111111111111111,0.7777777777777778,0.11543835,
149,0,1,0,0.3333333333333333,0.3333333333333333,0.031794902,
150,0,1,0,0.0,1.0,0.71930665,
152,0,1,0,0.0,1.0,0.12276927,
155,0,1,0,0.25,0.5,0.327207,
156,0,1,0,0.25,0.5,0.18840873,
159,0,1,0,0.0,1.0,0.2525519,
163,0,1,0,0.25,0.5,0.6179296,
166,0,1,0,0.25,0.5,0.19709763,
168,0,1,0,0.25,0.5,0.013583839,
182,0,1,0,0.0,1.0,0.41435242,
187,0,1,0,0.0,1.0,0.37876213,
189,0,1,1,0.5,0.0,0.3152463,
190,0,1,0,0.25,0.5,0.46650082,
196,0,1,1,0.5,0.0,0.52803755,
200,0,1,0,0.2,0.6,0.62579226,
204,0,1,0,0.4,0.1999999999999999,0.36742914,
208,0,1,0,0.0,1.0,0.0039421543,
209,0,1,0,0.2,0.6,0.08964712,
211,0,1,1,0.6,0.1999999999999999,0.96593475,
212,0,1,0,0.2,0.6,0.015479346,
215,0,1,0,0.2,0.6,0.009141499,
221,0,1,1,0.8,0.6000000000000001,0.10368327,
224,0,1,0,0.4,0.1999999999999999,0.9250813,
226,0,1,0,0.0,1.0,0.18288302,
243,0,1,0,0.0,1.0,0.006051834,
247,0,1,0,0.2,0.6,0.03041041,
249,0,1,1,0.6,0.1999999999999999,0.21687451,
250,0,1,0,0.4,0.1999999999999999,0.67731375,
267,0,1,0,0.0,1.0,0.0025052712,
279,0,1,0,0.2,0.6,0.16150111,
281,0,1,0,0.0,1.0,0.0002482063,
288,0,1,1,0.75,0.5,0.23697363,
291,0,1,0,0.0,1.0,0.13048926,
308,0,1,0,0.4,0.1999999999999999,0.11001013,
317,0,1,0,0.4,0.1999999999999999,0.259377,
326,0,1,0,0.0,1.0,0.04942099,
328,0,1,1,0.6,0.1999999999999999,0.015252741,
331,0,1,0,0.0,1.0,0.6680673,
332,0,1,0,0.0,1.0,0.18662335,
333,0,1,0,0.0,1.0,0.038590327,
335,0,1,1,0.5,0.0,0.23272607,
336,0,1,0,0.4,0.1999999999999999,0.2960345,
346,0,1,1,0.6,0.1999999999999999,0.5291526,
355,0,1,0,0.25,0.5,0.38043803,
359,0,1,0,0.25,0.5,0.86270493,
360,0,1,0,0.25,0.5,0.3163299,
381,0,1,1,0.75,0.5,0.62401414,
388,0,1,1,0.5,0.0,0.18008277,
397,0,1,1,0.75,0.5,0.25096393,
398,0,1,0,0.25,0.5,0.5334324,
405,0,1,0,0.0,1.0,0.03271364,
411,0,1,0,0.2,0.6,0.87237597,
414,0,1,1,0.6,0.1999999999999999,0.010682203,
416,0,1,0,0.0,1.0,0.075588435,
425,0,1,0,0.0,1.0,0.30540842,
435,0,1,0,0.4,0.1999999999999999,0.9031017,
437,0,1,1,0.6,0.1999999999999999,0.35863382,
441,0,1,0,0.2,0.6,0.08052632,
442,0,1,1,0.8,0.6000000000000001,0.850338,
449,0,1,0,0.4,0.1999999999999999,0.433895,
452,0,1,0,0.25,0.5,0.10379827,
469,0,1,1,0.75,0.5,0.78683347,
481,0,1,0,0.0,1.0,0.47998995,
482,0,1,0,0.0,1.0,0.017937634,
485,0,1,1,0.5,0.0,0.63560975,
486,0,1,0,0.25,0.5,0.23601928,
496,0,1,1,0.75,0.5,0.48111552,
498,0,1,0,0.0,1.0,0.002429842,
503,0,1,0,0.0,1.0,0.60010266,
509,0,1,0,0.25,0.5,0.023207337,
512,0,1,1,1.0,1.0,0.84507763,
519,0,1,0,0.0,1.0,0.5021734,
523,0,1,0,0.25,0.5,0.24170822,
524,0,1,0,0.0,1.0,0.8842164,
527,0,1,0,0.25,0.5,0.86283284,
529,0,1,1,0.5,0.0,0.445778,
530,0,1,1,0.5,0.0,0.05043847,
533,0,1,0,0.0,1.0,0.0958067,
535,0,1,0,0.25,0.5,0.83544517,
548,0,1,1,0.5,0.0,0.19558688,
561,0,1,1,0.5,0.0,0.007881258,
567,0,1,0,0.3333333333333333,0.3333333333333333,0.02026752,
575,0,1,1,0.5,0.0,0.3411858,
579,0,1,0,0.3333333333333333,0.3333333333333333,0.97876287,
589,0,1,0,0.3333333333333333,0.3333333333333333,0.65265024,
595,0,1,1,0.8333333333333334,0.6666666666666667,0.55883133,
604,0,1,1,0.75,0.5,0.64443046,
605,0,1,1,0.5,0.0,0.7635932,
609,0,1,0,0.25,0.5,0.8828026,
612,0,1,0,0.0,1.0,0.0068821916,
615,0,1,1,0.75,0.5,0.6703359,
622,0,1,1,0.75,0.5,0.6780783,
623,0,1,1,0.5,0.0,0.04791163,
624,0,1,0,0.25,0.5,0.55518454,
629,0,1,1,0.5,0.0,0.8796399,
630,0,1,1,0.5,0.0,0.15021452,
632,0,1,1,0.5,0.0,0.56931615,
634,0,1,0,0.25,0.5,0.649315,
636,0,1,0,0.0,1.0,0.92436445,
638,0,1,0,0.25,0.5,0.958851,
642,0,1,1,0.75,0.5,0.9724532,
658,0,1,0,0.1666666666666666,0.6666666666666667,0.9801183,
660,0,1,0,0.1666666666666666,0.6666666666666667,0.52165955,
667,0,1,0,0.3333333333333333,0.3333333333333333,0.5128714,
676,0,1,0,0.1666666666666666,0.6666666666666667,0.03716272,
681,0,1,0,0.1666666666666666,0.6666666666666667,0.1500478,
683,0,1,1,0.8333333333333334,0.6666666666666667,0.47408083,
693,0,1,1,0.5,0.0,0.40933472,
707,0,1,1,0.5,0.0,0.007443298,
730,0,1,0,0.3333333333333333,0.3333333333333333,0.83186406,
731,0,1,0,0.0,1.0,0.08054587,
733,0,1,0,0.1666666666666666,0.6666666666666667,0.73843557,
737,0,1,0,0.1666666666666666,0.6666666666666667,0.064321436,
738,0,1,0,0.3333333333333333,0.3333333333333333,0.597463,
741,0,1,0,0.2,0.6,0.10999718,
15,0,2,0,0.4,0.1999999999999999,0.8460634,
18,0,2,1,0.6,0.1999999999999999,0.51187027,
21,0,2,0,0.2,0.6,0.8204808,
24,0,2,0,0.0,1.0,0.36143053,
25,0,2,0,0.2,0.6,0.81891143,
27,0,2,0,0.2,0.6,0.49721074,
31,0,2,0,0.1666666666666666,0.6666666666666667,0.09908324,
45,0,2,0,0.0,1.0,0.90860724,
47,0,2,0,0.25,0.5,0.45263708,
52,0,2,0,0.25,0.5,0.62184024,
53,0,2,0,0.1666666666666666,0.6666666666666667,0.019437775,
58,0,2,0,0.25,0.5,0.3128329,
72,0,2,0,0.25,0.5,0.41595575,
80,0,2,0,0.0,1.0,0.6231181,
81,0,2,0,0.0,1.0,0.4279821,
84,0,2,0,0.3333333333333333,0.3333333333333333,0.73236024,
91,0,2,0,0.25,0.5,0.14064533,
92,0,2,0,0.0,1.0,0.6284714,
101,0,2,0,0.3333333333333333,0.3333333333333333,0.5936166,
102,0,2,0,0.0,1.0,0.02407234,
118,0,2,0,0.0,1.0,0.8018757,
121,0,2,0,0.1111111111111111,0.7777777777777778,0.35254386,
125,0,2,0,0.125,0.75,0.8442352,
126,0,2,0,0.2222222222222222,0.5555555555555556,0.9319803,
128,0,2,0,0.1111111111111111,0.7777777777777778,0.6719296,
130,0,2,0,0.1111111111111111,0.7777777777777778,0.081293344,
140,0,2,0,0.2222222222222222,0.5555555555555556,0.8581652,
145,0,2,0,0.4444444444444444,0.1111111111111111,0.12311931,
154,0,2,0,0.25,0.5,0.49723706,
157,0,2,0,0.25,0.5,0.58235466,
167,0,2,0,0.0,1.0,0.92558455,
172,0,2,0,0.0,1.0,0.2873928,
173,0,2,0,0.25,0.5,0.8581344,
176,0,2,0,0.0,1.0,0.5749049,
194,0,2,0,0.0,1.0,0.74318457,
197,0,2,0,0.0,1.0,0.3148154,
201,0,2,0,0.25,0.5,0.32764,
217,0,2,0,0.0,1.0,0.1615855,
219,0,2,0,0.0,1.0,0.09951284,
229,0,2,0,0.0,1.0,0.12146965,
234,0,2,0,0.25,0.5,0.12340239,
235,0,2,0,0.0,1.0,0.013287015,
237,0,2,0,0.4,0.1999999999999999,0.23161557,
239,0,2,1,0.6,0.1999999999999999,0.21164684,
244,0,2,1,0.6,0.1999999999999999,0.9144629,
246,0,2,0,0.4,0.1999999999999999,0.9102464,
252,0,2,0,0.0,1.0,0.5653071,
255,0,2,0,0.25,0.5,0.024286598,
265,0,2,1,0.5,0.0,0.5365685,
266,0,2,0,0.25,0.5,0.32158875,
268,0,2,1,0.5,0.0,0.1421801,
270,0,2,0,0.0,1.0,0.92016494,
273,0,2,1,0.5,0.0,0.5993776,
277,0,2,1,0.5,0.0,0.33492064,
280,0,2,0,0.25,0.5,0.15603037,
286,0,2,0,0.2,0.6,0.1062143,
289,0,2,1,0.5,0.0,0.8550204,
304,0,2,1,0.8,0.6000000000000001,0.3987621,
312,0,2,0,0.0,1.0,0.12545073,
318,0,2,0,0.4,0.1999999999999999,0.09333524,
321,0,2,1,0.6,0.1999999999999999,0.9024365,
323,0,2,0,0.0,1.0,0.345131,
324,0,2,0,0.2,0.6,0.7727116,
334,0,2,0,0.4,0.1999999999999999,0.38177013,
340,0,2,1,0.6,0.1999999999999999,0.17518377,
344,0,2,0,0.2,0.6,0.50461674,
348,0,2,0,0.4,0.1999999999999999,0.9945272,
352,0,2,0,0.25,0.5,0.5092529,
353,0,2,0,0.0,1.0,0.95132685,
354,0,2,0,0.25,0.5,0.8955034,
357,0,2,1,0.5,0.0,0.6723571,
358,0,2,0,0.25,0.5,0.6304735,
362,0,2,1,0.75,0.5,0.31358498,
364,0,2,1,0.5,0.0,0.44263473,
399,0,2,0,0.25,0.5,0.9848402,
404,0,2,1,0.6,0.1999999999999999,0.8762268,
408,0,2,0,0.4,0.1999999999999999,0.8054799,
409,0,2,0,0.4,0.1999999999999999,0.39431018,
412,0,2,1,1.0,1.0,0.7573396,
417,0,2,0,0.2,0.6,0.9183308,
420,0,2,0,0.0,1.0,0.19369435,
426,0,2,1,0.8,0.6000000000000001,0.43944764,
431,0,2,0,0.4,0.1999999999999999,0.7687546,
443,0,2,0,0.0,1.0,0.24302197,
446,0,2,0,0.2,0.6,0.39941958,
448,0,2,0,0.0,1.0,0.057388045,
451,0,2,0,0.25,0.5,0.01402474,
453,0,2,0,0.25,0.5,0.1680634,
458,0,2,0,0.0,1.0,0.87095785,
460,0,2,0,0.0,1.0,0.050533906,
461,0,2,1,0.5,0.0,0.1888642,
471,0,2,0,0.0,1.0,0.7500807,
477,0,2,0,0.0,1.0,0.048050337,
479,0,2,0,0.0,1.0,0.03760694,
488,0,2,1,0.5,0.0,0.87150174,
489,0,2,0,0.0,1.0,0.49874777,
504,0,2,1,0.75,0.5,0.04268638,
505,0,2,1,0.5,0.0,0.56057835,
506,0,2,1,0.75,0.5,0.8279825,
508,0,2,1,0.75,0.5,0.16574976,
511,0,2,1,0.5,0.0,0.40015233,
517,0,2,0,0.25,0.5,0.5535287,
520,0,2,1,0.5,0.0,0.11102195,
526,0,2,0,0.0,1.0,0.2384221,
541,0,2,1,0.5,0.0,0.1636038,
544,0,2,1,0.5,0.0,0.69273746,
545,0,2,0,0.25,0.5,0.060183577,
550,0,2,0,0.0,1.0,0.019524254,
552,0,2,1,0.6666666666666666,0.3333333333333332,0.4152935,
555,0,2,0,0.3333333333333333,0.3333333333333333,0.8252214,
556,0,2,0,0.1666666666666666,0.6666666666666667,0.9549351,
559,0,2,1,0.6666666666666666,0.3333333333333332,0.04800555,
563,0,2,0,0.0,1.0,0.10023059,
564,0,2,1,0.5,0.0,0.9958773,
571,0,2,1,0.5,0.0,0.038176194,
582,0,2,1,0.5,0.0,0.04328896,
602,0,2,0,0.25,0.5,0.35463616,
606,0,2,0,0.25,0.5,0.22441885,
607,0,2,0,0.0,1.0,0.18314758,
614,0,2,1,0.75,0.5,0.83989584,
617,0,2,1,0.5,0.0,0.9001057,
620,0,2,1,0.75,0.5,0.10184636,
626,0,2,1,0.5,0.0,0.012109268,
641,0,2,0,0.0,1.0,0.06658694,
652,0,2,0,0.0,1.0,0.15875274,
661,0,2,1,0.8333333333333334,0.6666666666666667,0.9921057,
669,0,2,0,0.3333333333333333,0.3333333333333333,0.5004103,
671,0,2,0,0.3333333333333333,0.3333333333333333,0.955187,
673,0,2,0,0.3333333333333333,0.3333333333333333,0.12506703,
675,0,2,0,0.3333333333333333,0.3333333333333333,0.7203127,
682,0,2,0,0.1666666666666666,0.6666666666666667,0.691273,
685,0,2,0,0.0,1.0,0.01394107,
686,0,2,0,0.0,1.0,0.7631397,
691,0,2,0,0.1666666666666666,0.6666666666666667,0.94701266,
692,0,2,0,0.0,1.0,0.015310695,
698,0,2,1,0.5,0.0,0.9425936,
704,0,2,0,0.3333333333333333,0.3333333333333333,0.63740647,
705,0,2,1,0.5,0.0,0.058104414,
709,0,2,0,0.3333333333333333,0.3333333333333333,0.97441435,
710,0,2,0,0.0,1.0,0.03670837,
717,0,2,1,0.5,0.0,0.939829,
721,0,2,0,0.3333333333333333,0.3333333333333333,0.4809105,
723,0,2,0,0.1666666666666666,0.6666666666666667,0.03996496,
727,0,2,0,0.4,0.1999999999999999,0.81435263,
728,0,2,0,0.2,0.6,0.5144871,
729,0,2,0,0.4,0.1999999999999999,0.97273463,
736,0,2,0,0.0,1.0,0.9192052,
1,0,3,0,0.3333333333333333,0.3333333333333333,0.55315536,
3,0,3,0,0.0,1.0,0.18915553,
9,0,3,0,0.0,1.0,0.68096817,
12,0,3,0,0.4,0.1999999999999999,0.5540752,
13,0,3,0,0.2,0.6,0.4545045,
17,0,3,0,0.4,0.1999999999999999,0.7750977,
35,0,3,1,0.5,0.0,0.084814176,
37,0,3,0,0.2,0.6,0.39614195,
42,0,3,0,0.0,1.0,0.056840412,
43,0,3,0,0.2,0.6,0.93075025,
48,0,3,1,0.6,0.1999999999999999,0.39384243,
54,0,3,0,0.25,0.5,0.119781464,
76,0,3,0,0.25,0.5,0.41362876,
79,0,3,0,0.25,0.5,0.47848895,
86,0,3,0,0.0,1.0,0.5132031,
90,0,3,1,0.5,0.0,0.05588302,
97,0,3,0,0.25,0.5,0.1241215,
100,0,3,0,0.25,0.5,0.37034744,
103,0,3,0,0.1111111111111111,0.7777777777777778,0.7314333,
108,0,3,0,0.25,0.5,0.9874047,
115,0,3,0,0.0,1.0,0.30100432,
119,0,3,0,0.1111111111111111,0.7777777777777778,0.3909887,
123,0,3,0,0.0,1.0,0.32971627,
129,0,3,0,0.2,0.6,0.04563096,
132,0,3,0,0.2222222222222222,0.5555555555555556,0.1278852,
133,0,3,1,0.8888888888888888,0.7777777777777777,0.10309628,
138,0,3,1,0.5555555555555556,0.1111111111111111,0.3531332,
144,0,3,0,0.0,1.0,0.8078233,
158,0,3,0,0.0,1.0,0.08789693,
179,0,3,0,0.25,0.5,0.21209359,
180,0,3,0,0.0,1.0,0.17176864,
184,0,3,0,0.0,1.0,0.0009722259,
185,0,3,0,0.25,0.5,0.08829748,
188,0,3,0,0.0,1.0,0.09203117,
195,0,3,0,0.0,1.0,0.7426487,
198,0,3,0,0.0,1.0,0.80549717,
203,0,3,0,0.2,0.6,0.11854113,
205,0,3,0,0.2,0.6,0.059617646,
213,0,3,0,0.4,0.1999999999999999,0.51567006,
216,0,3,0,0.0,1.0,0.083873704,
220,0,3,0,0.4,0.1999999999999999,0.11039667,
222,0,3,0,0.2,0.6,0.7855115,
225,0,3,0,0.2,0.6,0.011684435,
228,0,3,0,0.2,0.6,0.0189449,
236,0,3,0,0.0,1.0,0.0060112127,
238,0,3,0,0.25,0.5,0.00015725745,
242,0,3,1,0.6,0.1999999999999999,0.008035246,
251,0,3,0,0.25,0.5,0.17171192,
257,0,3,0,0.25,0.5,0.03917741,
258,0,3,0,0.0,1.0,0.018161967,
269,0,3,1,0.5,0.0,0.49751008,
272,0,3,1,0.5,0.0,0.044221874,
278,0,3,0,0.25,0.5,0.42877167,
283,0,3,0,0.25,0.5,0.15740609,
290,0,3,0,0.0,1.0,0.060596153,
293,0,3,1,0.5,0.0,0.4428017,
296,0,3,0,0.0,1.0,0.005868395,
297,0,3,0,0.0,1.0,0.08000071,
302,0,3,0,0.0,1.0,0.31536612,
303,0,3,0,0.0,1.0,0.36512017,
306,0,3,0,0.0,1.0,0.06700832,
311,0,3,0,0.4,0.1999999999999999,0.023511037,
313,0,3,0,0.0,1.0,0.5982421,
320,0,3,0,0.0,1.0,0.65523237,
343,0,3,1,0.8,0.6000000000000001,0.59712285,
351,0,3,0,0.0,1.0,0.4208731,
356,0,3,0,0.25,0.5,0.20244183,
361,0,3,0,0.0,1.0,0.27850792,
366,0,3,0,0.0,1.0,0.7495725,
367,0,3,0,0.25,0.5,0.7236464,
369,0,3,0,0.0,1.0,0.19219878,
370,0,3,0,0.0,1.0,0.6737833,
373,0,3,0,0.0,1.0,0.1119246,
378,0,3,1,0.5,0.0,0.012261108,
380,0,3,1,0.75,0.5,0.7906056,
385,0,3,1,0.5,0.0,0.11024277,
387,0,3,0,0.0,1.0,0.12250361,
389,0,3,0,0.25,0.5,0.9854723,
392,0,3,1,0.5,0.0,0.44159538,
396,0,3,1,0.75,0.5,0.37767768,
400,0,3,1,0.5,0.0,0.9618301,
402,0,3,1,0.6,0.1999999999999999,0.22507659,
403,0,3,0,0.0,1.0,0.78666085,
406,0,3,1,0.6,0.1999999999999999,0.44252568,
410,0,3,1,0.6,0.1999999999999999,0.20586538,
415,0,3,0,0.0,1.0,0.6770227,
422,0,3,1,0.6,0.1999999999999999,0.10396467,
423,0,3,0,0.0,1.0,0.47999877,
428,0,3,1,0.6,0.1999999999999999,0.0033188923,
429,0,3,0,0.0,1.0,0.13390388,
433,0,3,0,0.0,1.0,0.025379531,
440,0,3,0,0.0,1.0,0.6714889,
444,0,3,0,0.2,0.6,0.7655469,
445,0,3,0,0.0,1.0,0.035227753,
447,0,3,0,0.0,1.0,0.09632801,
455,0,3,0,0.0,1.0,0.16323434,
470,0,3,0,0.0,1.0,0.8879318,
472,0,3,0,0.25,0.5,0.08880371,
473,0,3,0,0.25,0.5,0.2616043,
474,0,3,0,0.0,1.0,0.16766044,
475,0,3,0,0.25,0.5,0.20513299,
478,0,3,0,0.0,1.0,0.742797,
484,0,3,0,0.25,0.5,0.20934777,
493,0,3,0,0.0,1.0,0.97334105,
500,0,3,0,0.25,0.5,0.32825744,
501,0,3,0,0.25,0.5,0.027057238,
502,0,3,1,0.75,0.5,0.8230628,
516,0,3,0,0.0,1.0,0.6638502,
525,0,3,0,0.2,0.6,0.12455514,
531,0,3,1,0.75,0.5,0.89409304,
536,0,3,0,0.3333333333333333,0.3333333333333333,0.459849,
538,0,3,0,0.0,1.0,0.63885987,
543,0,3,1,0.5,0.0,0.67220354,
547,0,3,1,0.5,0.0,0.4553482,
560,0,3,0,0.1666666666666666,0.6666666666666667,0.21607672,
576,0,3,1,0.5,0.0,0.7249652,
581,0,3,0,0.3333333333333333,0.3333333333333333,0.84676415,
591,0,3,1,0.5,0.0,0.0062206816,
592,0,3,1,0.6,0.1999999999999999,0.6943543,
597,0,3,0,0.0,1.0,0.22254246,
598,0,3,0,0.3333333333333333,0.3333333333333333,0.7862064,
600,0,3,0,0.1666666666666666,0.6666666666666667,0.40640366,
611,0,3,1,0.75,0.5,0.001237924,
627,0,3,1,0.75,0.5,0.21551993,
631,0,3,0,0.0,1.0,0.048890185,
637,0,3,1,0.5,0.0,0.7059861,
639,0,3,0,0.0,1.0,0.020773359,
640,0,3,1,0.75,0.5,0.18336582,
643,0,3,1,0.5,0.0,0.21640876,
647,0,3,1,0.5,0.0,0.8691827,
651,0,3,0,0.3333333333333333,0.3333333333333333,0.024733918,
654,0,3,0,0.1666666666666666,0.6666666666666667,0.06176163,
659,0,3,1,0.6666666666666666,0.3333333333333332,0.9569372,
665,0,3,0,0.1666666666666666,0.6666666666666667,0.07380991,
672,0,3,0,0.0,1.0,0.24468806,
677,0,3,1,0.6666666666666666,0.3333333333333332,0.56838906,
680,0,3,0,0.0,1.0,0.60284585,
687,0,3,0,0.3333333333333333,0.3333333333333333,0.23439808,
696,0,3,0,0.1666666666666666,0.6666666666666667,0.19501,
697,0,3,1,0.5,0.0,0.014853737,
711,0,3,1,0.6,0.1999999999999999,0.5327237,
713,0,3,1,0.6,0.1999999999999999,0.33499065,
718,0,3,0,0.1666666666666666,0.6666666666666667,0.00044974315,
719,0,3,0,0.1666666666666666,0.6666666666666667,0.1100823,
725,0,3,0,0.0,1.0,0.10776055,
732,0,3,0,0.0,1.0,0.7293235,
742,0,3,1,0.5,0.0,0.8230987,
8,0,4,0,0.0,1.0,0.1803034,
10,0,4,0,0.0,1.0,0.19390784,
11,0,4,1,0.6,0.1999999999999999,0.05840078,
20,0,4,0,0.25,0.5,0.091168374,
22,0,4,0,0.2,0.6,0.99162096,
33,0,4,0,0.4,0.1999999999999999,0.33107707,
36,0,4,0,0.2,0.6,0.600406,
41,0,4,0,0.2,0.6,0.0964064,
44,0,4,0,0.0,1.0,0.43423265,
46,0,4,0,0.4,0.1999999999999999,0.89403635,
57,0,4,1,1.0,1.0,0.6622896,
60,0,4,0,0.0,1.0,0.870497,
62,0,4,0,0.25,0.5,0.4828412,
70,0,4,0,0.0,1.0,0.5079317,
71,0,4,0,0.0,1.0,0.1069036,
75,0,4,0,0.0,1.0,0.5566229,
89,0,4,0,0.25,0.5,0.9514526,
99,0,4,0,0.0,1.0,0.09729284,
104,0,4,0,0.1111111111111111,0.7777777777777778,0.6503196,
105,0,4,0,0.0,1.0,0.1908794,
106,0,4,1,1.0,1.0,0.829581,
111,0,4,0,0.1111111111111111,0.7777777777777778,0.9821841,
114,0,4,0,0.1111111111111111,0.7777777777777778,0.97734517,
117,0,4,0,0.25,0.5,0.2136217,
135,0,4,0,0.1666666666666666,0.6666666666666667,0.018146593,
136,0,4,0,0.3333333333333333,0.3333333333333333,0.58051986,
137,0,4,1,0.6666666666666666,0.3333333333333332,0.24789147,
147,0,4,0,0.0,1.0,0.35130093,
162,0,4,0,0.2,0.6,0.49196196,
164,0,4,0,0.0,1.0,0.29576784,
165,0,4,0,0.0,1.0,0.45736256,
169,0,4,0,0.0,1.0,0.7933564,
170,0,4,0,0.1666666666666666,0.6666666666666667,0.41470224,
171,0,4,0,0.25,0.5,0.8279948,
175,0,4,0,0.0,1.0,0.46114674,
178,0,4,0,0.0,1.0,0.0938116,
181,0,4,1,0.5,0.0,0.5485572,
186,0,4,0,0.0,1.0,0.26613456,
191,0,4,0,0.0,1.0,0.7443997,
192,0,4,0,0.0,1.0,0.81262374,
193,0,4,0,0.25,0.5,0.23605615,
207,0,4,0,0.2,0.6,0.24624753,
214,0,4,0,0.2,0.6,0.0054197153,
223,0,4,0,0.2,0.6,0.044358704,
227,0,4,1,1.0,1.0,0.53923863,
245,0,4,0,0.0,1.0,0.7747627,
254,0,4,0,0.25,0.5,0.519962,
260,0,4,0,0.25,0.5,0.9973161,
261,0,4,0,0.25,0.5,0.34639195,
262,0,4,1,0.5,0.0,0.7621108,
263,0,4,0,0.2,0.6,0.20436831,
264,0,4,0,0.25,0.5,0.23840164,
271,0,4,0,0.0,1.0,0.8263451,
276,0,4,0,0.2,0.6,0.9975084,
292,0,4,0,0.25,0.5,0.9821287,
295,0,4,0,0.0,1.0,0.47410753,
298,0,4,0,0.25,0.5,0.5401747,
299,0,4,1,0.8,0.6000000000000001,0.65799534,
314,0,4,0,0.0,1.0,0.9308473,
325,0,4,0,0.0,1.0,0.23615639,
327,0,4,0,0.0,1.0,0.5280857,
337,0,4,0,0.0,1.0,0.5045375,
341,0,4,1,0.6,0.1999999999999999,0.98662144,
347,0,4,0,0.4,0.1999999999999999,0.9832145,
349,0,4,0,0.0,1.0,0.08186387,
350,0,4,0,0.0,1.0,0.59767216,
363,0,4,0,0.0,1.0,0.72152853,
365,0,4,0,0.25,0.5,0.87777174,
368,0,4,1,0.5,0.0,0.9541026,
375,0,4,1,0.5,0.0,0.5117195,
377,0,4,0,0.25,0.5,0.38813818,
379,0,4,1,0.75,0.5,0.9977108,
382,0,4,1,0.5,0.0,0.41149992,
383,0,4,0,0.0,1.0,0.90552473,
386,0,4,0,0.25,0.5,0.6083394,
390,0,4,1,0.75,0.5,0.030438168,
391,0,4,0,0.0,1.0,0.117909,
393,0,4,0,0.25,0.5,0.0909612,
395,0,4,1,0.5,0.0,0.88249147,
401,0,4,0,0.2,0.6,0.33033782,
418,0,4,0,0.0,1.0,0.11842611,
419,0,4,0,0.4,0.1999999999999999,0.41622704,
424,0,4,1,0.6,0.1999999999999999,0.9290395,
427,0,4,1,0.6,0.1999999999999999,0.94453263,
430,0,4,1,0.6,0.1999999999999999,0.505868,
432,0,4,0,0.2,0.6,0.5257151,
434,0,4,0,0.0,1.0,0.0840794,
439,0,4,0,0.2,0.6,0.3713219,
450,0,4,0,0.2,0.6,0.42865792,
454,0,4,0,0.0,1.0,0.37115663,
462,0,4,1,0.5,0.0,0.9890162,
464,0,4,0,0.0,1.0,0.983396,
466,0,4,1,0.5,0.0,0.99512446,
467,0,4,1,1.0,1.0,0.9859206,
476,0,4,0,0.0,1.0,0.9204532,
483,0,4,0,0.25,0.5,0.980429,
494,0,4,1,0.8,0.6000000000000001,0.5698347,
507,0,4,1,1.0,1.0,0.24434194,
515,0,4,0,0.25,0.5,0.14813551,
522,0,4,0,0.25,0.5,0.066724285,
532,0,4,0,0.0,1.0,0.089331225,
537,0,4,0,0.25,0.5,0.85826224,
546,0,4,1,0.5,0.0,0.16896403,
551,0,4,1,0.6666666666666666,0.3333333333333332,0.9931452,
553,0,4,0,0.0,1.0,0.95602685,
558,0,4,1,0.5,0.0,0.9135297,
562,0,4,0,0.3333333333333333,0.3333333333333333,0.9930273,
568,0,4,1,1.0,1.0,0.7428534,
569,0,4,0,0.1666666666666666,0.6666666666666667,0.89015,
570,0,4,1,0.6666666666666666,0.3333333333333332,0.7815094,
578,0,4,1,0.5,0.0,0.3724265,
580,0,4,0,0.3333333333333333,0.3333333333333333,0.6036341,
584,0,4,1,0.6666666666666666,0.3333333333333332,0.38321334,
585,0,4,1,0.5,0.0,0.26703426,
593,0,4,1,0.5,0.0,0.88155717,
594,0,4,0,0.0,1.0,0.85770947,
596,0,4,1,0.5,0.0,0.43394685,
599,0,4,0,0.0,1.0,0.81565404,
610,0,4,0,0.25,0.5,0.7959664,
613,0,4,0,0.0,1.0,0.8681875,
616,0,4,1,0.75,0.5,0.37507075,
619,0,4,0,0.25,0.5,0.17734222,
621,0,4,1,0.5,0.0,0.9964929,
625,0,4,0,0.0,1.0,0.012701394,
635,0,4,1,0.5,0.0,0.8610841,
644,0,4,0,0.25,0.5,0.093725756,
646,0,4,0,0.0,1.0,0.11025756,
655,0,4,1,0.6666666666666666,0.3333333333333332,0.5687576,
656,0,4,1,0.6666666666666666,0.3333333333333332,0.9080007,
662,0,4,0,0.0,1.0,0.8187724,
663,0,4,0,0.3333333333333333,0.3333333333333333,0.6410706,
668,0,4,0,0.1666666666666666,0.6666666666666667,0.5101517,
678,0,4,0,0.3333333333333333,0.3333333333333333,0.085501835,
679,0,4,0,0.4,0.1999999999999999,0.3807683,
684,0,4,0,0.0,1.0,0.30253455,
688,0,4,0,0.1666666666666666,0.6666666666666667,0.53177106,
700,0,4,1,0.5,0.0,0.8218232,
701,0,4,0,0.1666666666666666,0.6666666666666667,0.9672421,
702,0,4,0,0.1666666666666666,0.6666666666666667,0.4148749,
706,0,4,1,0.6666666666666666,0.3333333333333332,0.93798804,
708,0,4,0,0.0,1.0,0.63067997,
716,0,4,1,0.6666666666666666,0.3333333333333332,0.72724533,
722,0,4,0,0.2,0.6,0.10238579,
724,0,4,0,0.2,0.6,0.49008775,
726,0,4,0,0.0,1.0,0.6897366,
734,0,4,0,0.0,1.0,0.5864592,
740,0,4,0,0.1666666666666666,0.6666666666666667,0.08511023,
5,1,0,0,0.2,0.6,0.37215263,
10,1,0,0,0.0,1.0,0.025391214,
12,1,0,0,0.4,0.1999999999999999,0.7126601,
16,1,0,1,0.6,0.1999999999999999,0.41856414,
17,1,0,0,0.4,0.1999999999999999,0.4130245,
25,1,0,0,0.2,0.6,0.48524463,
26,1,0,1,0.8,0.6000000000000001,0.26316458,
30,1,0,0,0.2,0.6,0.060872063,
36,1,0,0,0.2,0.6,0.17041694,
37,1,0,0,0.2,0.6,0.23031643,
46,1,0,0,0.4,0.1999999999999999,0.64462656,
56,1,0,0,0.25,0.5,0.17934515,
63,1,0,0,0.0,1.0,0.3665781,
66,1,0,0,0.0,1.0,0.18644252,
72,1,0,0,0.25,0.5,0.09178695,
81,1,0,0,0.0,1.0,0.2574445,
82,1,0,0,0.25,0.5,0.3185832,
91,1,0,0,0.25,0.5,0.12068544,
93,1,0,0,0.0,1.0,0.3295508,
101,1,0,0,0.3333333333333333,0.3333333333333333,0.36933753,
102,1,0,0,0.0,1.0,0.34538037,
114,1,0,0,0.1111111111111111,0.7777777777777778,0.87893796,
117,1,0,0,0.25,0.5,0.03410206,
118,1,0,0,0.0,1.0,0.81314516,
122,1,0,0,0.0,1.0,0.30174285,
128,1,0,0,0.1111111111111111,0.7777777777777778,0.2736224,
141,1,0,0,0.0,1.0,0.3719802,
142,1,0,0,0.0,1.0,0.81406367,
145,1,0,0,0.4444444444444444,0.1111111111111111,0.07953848,
149,1,0,0,0.3333333333333333,0.3333333333333333,0.039934836,
150,1,0,0,0.0,1.0,0.8752486,
159,1,0,0,0.0,1.0,0.18384263,
179,1,0,0,0.25,0.5,0.5821264,
180,1,0,0,0.0,1.0,0.43980914,
184,1,0,0,0.0,1.0,0.014684365,
187,1,0,0,0.0,1.0,0.19237113,
195,1,0,0,0.0,1.0,0.6080576,
213,1,0,0,0.4,0.1999999999999999,0.66812533,
216,1,0,0,0.0,1.0,0.62167645,
226,1,0,0,0.0,1.0,0.055831704,
227,1,0,1,1.0,1.0,0.72447467,
231,1,0,1,0.5,0.0,0.56456596,
232,1,0,0,0.25,0.5,0.081081375,
235,1,0,0,0.0,1.0,0.0884314,
239,1,0,1,0.6,0.1999999999999999,0.024960503,
243,1,0,0,0.0,1.0,0.0026138294,
248,1,0,0,0.4,0.1999999999999999,0.0679502,
249,1,0,1,0.6,0.1999999999999999,0.5183945,
250,1,0,0,0.4,0.1999999999999999,0.9100547,
251,1,0,0,0.25,0.5,0.08281548,
257,1,0,0,0.25,0.5,0.19374238,
263,1,0,0,0.2,0.6,0.22075889,
272,1,0,1,0.5,0.0,0.056844078,
273,1,0,1,0.5,0.0,0.16322461,
278,1,0,0,0.25,0.5,0.32790536,
285,1,0,0,0.4,0.1999999999999999,0.36029178,
287,1,0,0,0.25,0.5,0.17060518,
288,1,0,1,0.75,0.5,0.046225347,
297,1,0,0,0.0,1.0,0.29768366,
299,1,0,1,0.8,0.6000000000000001,0.23820835,
314,1,0,0,0.0,1.0,0.97488046,
317,1,0,0,0.4,0.1999999999999999,0.04458484,
320,1,0,0,0.0,1.0,0.59962976,
333,1,0,0,0.0,1.0,0.24010074,
335,1,0,1,0.5,0.0,0.19079098,
339,1,0,0,0.0,1.0,0.61109734,
341,1,0,1,0.6,0.1999999999999999,0.88741845,
343,1,0,1,0.8,0.6000000000000001,0.8232349,
347,1,0,0,0.4,0.1999999999999999,0.72749186,
350,1,0,0,0.0,1.0,0.18756086,
352,1,0,0,0.25,0.5,0.33392048,
357,1,0,1,0.5,0.0,0.6463911,
358,1,0,0,0.25,0.5,0.47141516,
369,1,0,0,0.0,1.0,0.1919792,
373,1,0,0,0.0,1.0,0.26930353,
380,1,0,1,0.75,0.5,0.739048,
386,1,0,0,0.25,0.5,0.62961614,
388,1,0,1,0.5,0.0,0.70698,
389,1,0,0,0.25,0.5,0.9863883,
390,1,0,1,0.75,0.5,0.06336882,
393,1,0,0,0.25,0.5,0.09627542,
396,1,0,1,0.75,0.5,0.9352201,
401,1,0,0,0.2,0.6,0.1385655,
402,1,0,1,0.6,0.1999999999999999,0.1934481,
406,1,0,1,0.6,0.1999999999999999,0.7698035,
420,1,0,0,0.0,1.0,0.2043967,
425,1,0,0,0.0,1.0,0.5397061,
428,1,0,1,0.6,0.1999999999999999,0.037251424,
433,1,0,0,0.0,1.0,0.5605171,
444,1,0,0,0.2,0.6,0.81799704,
450,1,0,0,0.2,0.6,0.31280142,
454,1,0,0,0.0,1.0,0.36252147,
455,1,0,0,0.0,1.0,0.14390528,
457,1,0,1,0.5,0.0,0.821553,
462,1,0,1,0.5,0.0,0.99219775,
475,1,0,0,0.25,0.5,0.0899383,
479,1,0,0,0.0,1.0,0.07979447,
482,1,0,0,0.0,1.0,0.051657557,
489,1,0,0,0.0,1.0,0.48121366,
507,1,0,1,1.0,1.0,0.21550009,
511,1,0,1,0.5,0.0,0.55320776,
515,1,0,0,0.25,0.5,0.05356521,
525,1,0,0,0.2,0.6,0.058899723,
531,1,0,1,0.75,0.5,0.7675144,
537,1,0,0,0.25,0.5,0.54793334,
538,1,0,0,0.0,1.0,0.7559035,
540,1,0,0,0.25,0.5,0.9162744,
549,1,0,0,0.0,1.0,0.40712553,
551,1,0,1,0.6666666666666666,0.3333333333333332,0.8639077,
553,1,0,0,0.0,1.0,0.858371,
559,1,0,1,0.6666666666666666,0.3333333333333332,0.28386894,
560,1,0,0,0.1666666666666666,0.6666666666666667,0.46501726,
563,1,0,0,0.0,1.0,0.083870426,
577,1,0,0,0.1666666666666666,0.6666666666666667,0.30616358,
579,1,0,0,0.3333333333333333,0.3333333333333333,0.9057882,
580,1,0,0,0.3333333333333333,0.3333333333333333,0.3454274,
584,1,0,1,0.6666666666666666,0.3333333333333332,0.22502959,
589,1,0,0,0.3333333333333333,0.3333333333333333,0.64912796,
593,1,0,1,0.5,0.0,0.38591927,
602,1,0,0,0.25,0.5,0.8687434,
604,1,0,1,0.75,0.5,0.52784604,
607,1,0,0,0.0,1.0,0.015733732,
611,1,0,1,0.75,0.5,0.13053986,
616,1,0,1,0.75,0.5,0.7451688,
618,1,0,0,0.0,1.0,0.9305673,
626,1,0,1,0.5,0.0,0.03167559,
630,1,0,1,0.5,0.0,0.80134726,
632,1,0,1,0.5,0.0,0.488446,
635,1,0,1,0.5,0.0,0.2810069,
639,1,0,0,0.0,1.0,0.021665268,
641,1,0,0,0.0,1.0,0.48900622,
646,1,0,0,0.0,1.0,0.15730916,
648,1,0,1,0.5,0.0,0.06074407,
660,1,0,0,0.1666666666666666,0.6666666666666667,0.04712365,
674,1,0,0,0.3333333333333333,0.3333333333333333,0.75124896,
684,1,0,0,0.0,1.0,0.655721,
696,1,0,0,0.1666666666666666,0.6666666666666667,0.014311714,
697,1,0,1,0.5,0.0,0.24511996,
698,1,0,1,0.5,0.0,0.33423954,
703,1,0,0,0.0,1.0,0.1934436,
707,1,0,1,0.5,0.0,0.016465336,
710,1,0,0,0.0,1.0,0.07792431,
716,1,0,1,0.6666666666666666,0.3333333333333332,0.8328327,
718,1,0,0,0.1666666666666666,0.6666666666666667,0.29067013,
728,1,0,0,0.2,0.6,0.13048007,
734,1,0,0,0.0,1.0,0.13401762,
735,1,0,0,0.0,1.0,0.03117627,
6,1,1,0,0.2,0.6,0.90871286,
8,1,1,0,0.0,1.0,0.18708879,
9,1,1,0,0.0,1.0,0.10145603,
13,1,1,0,0.2,0.6,0.42442682,
14,1,1,0,0.2,0.6,0.93013364,
21,1,1,0,0.2,0.6,0.74228585,
22,1,1,0,0.2,0.6,0.97049916,
29,1,1,0,0.2,0.6,0.44577557,
32,1,1,0,0.2,0.6,0.8563044,
33,1,1,0,0.4,0.1999999999999999,0.089232296,
34,1,1,0,0.1666666666666666,0.6666666666666667,0.0042964006,
41,1,1,0,0.2,0.6,0.01971631,
49,1,1,0,0.3333333333333333,0.3333333333333333,0.6124803,
50,1,1,1,0.8,0.6000000000000001,0.812443,
51,1,1,0,0.25,0.5,0.85131896,
70,1,1,0,0.0,1.0,0.83877814,
71,1,1,0,0.0,1.0,0.11732876,
79,1,1,0,0.25,0.5,0.37234384,
85,1,1,0,0.25,0.5,0.41664302,
86,1,1,0,0.0,1.0,0.61088777,
88,1,1,1,0.5,0.0,0.023021903,
89,1,1,0,0.25,0.5,0.763336,
94,1,1,0,0.25,0.5,0.5549966,
95,1,1,0,0.25,0.5,0.6334936,
108,1,1,0,0.25,0.5,0.9572749,
109,1,1,0,0.1111111111111111,0.7777777777777778,0.8684158,
115,1,1,0,0.0,1.0,0.29884166,
127,1,1,1,0.6666666666666666,0.3333333333333332,0.5106433,
129,1,1,0,0.2,0.6,0.07621587,
138,1,1,1,0.5555555555555556,0.1111111111111111,0.18587685,
139,1,1,0,0.0,1.0,0.532869,
140,1,1,0,0.2222222222222222,0.5555555555555556,0.39001834,
156,1,1,0,0.25,0.5,0.5182628,
160,1,1,0,0.1666666666666666,0.6666666666666667,0.8250798,
161,1,1,0,0.0,1.0,0.740018,
166,1,1,0,0.25,0.5,0.875409,
175,1,1,0,0.0,1.0,0.39775896,
188,1,1,0,0.0,1.0,0.3586914,
193,1,1,0,0.25,0.5,0.45882916,
194,1,1,0,0.0,1.0,0.92919195,
196,1,1,1,0.5,0.0,0.35769138,
198,1,1,0,0.0,1.0,0.78794605,
200,1,1,0,0.2,0.6,0.69045055,
205,1,1,0,0.2,0.6,0.09656702,
209,1,1,0,0.2,0.6,0.14742321,
210,1,1,0,0.4,0.1999999999999999,0.97439146,
212,1,1,0,0.2,0.6,0.12514077,
222,1,1,0,0.2,0.6,0.83323467,
225,1,1,0,0.2,0.6,0.018623948,
230,1,1,0,0.2,0.6,0.45408836,
234,1,1,0,0.25,0.5,0.013482913,
237,1,1,0,0.4,0.1999999999999999,0.09114353,
241,1,1,1,0.6,0.1999999999999999,0.9745088,
247,1,1,0,0.2,0.6,0.11038499,
262,1,1,1,0.5,0.0,0.6855581,
264,1,1,0,0.25,0.5,0.52579117,
267,1,1,0,0.0,1.0,4.376412e-05,
271,1,1,0,0.0,1.0,0.18099906,
275,1,1,1,0.5,0.0,0.55427396,
277,1,1,1,0.5,0.0,0.083652906,
280,1,1,0,0.25,0.5,0.16253078,
284,1,1,1,0.5,0.0,0.1571163,
292,1,1,0,0.25,0.5,0.9766358,
293,1,1,1,0.5,0.0,0.5663255,
304,1,1,1,0.8,0.6000000000000001,0.39530027,
312,1,1,0,0.0,1.0,0.08757968,
324,1,1,0,0.2,0.6,0.3772725,
332,1,1,0,0.0,1.0,0.08106784,
342,1,1,0,0.2,0.6,0.20725858,
346,1,1,1,0.6,0.1999999999999999,0.9418379,
351,1,1,0,0.0,1.0,0.3483162,
353,1,1,0,0.0,1.0,0.92984825,
355,1,1,0,0.25,0.5,0.1639267,
356,1,1,0,0.25,0.5,0.07289541,
360,1,1,0,0.25,0.5,0.8754483,
375,1,1,1,0.5,0.0,0.43927705,
378,1,1,1,0.5,0.0,0.06880325,
385,1,1,1,0.5,0.0,0.1776217,
387,1,1,0,0.0,1.0,0.44618994,
399,1,1,0,0.25,0.5,0.9956231,
405,1,1,0,0.0,1.0,0.8475243,
407,1,1,0,0.2,0.6,0.02976156,
408,1,1,0,0.4,0.1999999999999999,0.71867,
412,1,1,1,1.0,1.0,0.29010308,
414,1,1,1,0.6,0.1999999999999999,0.65010196,
423,1,1,0,0.0,1.0,0.1919361,
431,1,1,0,0.4,0.1999999999999999,0.44334298,
439,1,1,0,0.2,0.6,0.9462262,
445,1,1,0,0.0,1.0,0.06664576,
449,1,1,0,0.4,0.1999999999999999,0.086973354,
460,1,1,0,0.0,1.0,0.056163,
468,1,1,0,0.25,0.5,0.094046,
470,1,1,0,0.0,1.0,0.67799675,
476,1,1,0,0.0,1.0,0.47034618,
477,1,1,0,0.0,1.0,0.22074765,
478,1,1,0,0.0,1.0,0.4530337,
480,1,1,1,0.5,0.0,0.83685184,
483,1,1,0,0.25,0.5,0.891683,
485,1,1,1,0.5,0.0,0.8792802,
488,1,1,1,0.5,0.0,0.97655505,
490,1,1,0,0.25,0.5,0.02345613,
493,1,1,0,0.0,1.0,0.96147555,
494,1,1,1,0.8,0.6000000000000001,0.9113119,
497,1,1,0,0.0,1.0,0.19984542,
505,1,1,1,0.5,0.0,0.52766395,
506,1,1,1,0.75,0.5,0.9941421,
510,1,1,1,0.5,0.0,0.270155,
513,1,1,0,0.0,1.0,0.55759716,
518,1,1,0,0.25,0.5,0.35312486,
519,1,1,0,0.0,1.0,0.9036665,
524,1,1,0,0.0,1.0,0.99492294,
527,1,1,0,0.25,0.5,0.7731426,
528,1,1,0,0.0,1.0,0.52210414,
533,1,1,0,0.0,1.0,0.3179908,
536,1,1,0,0.3333333333333333,0.3333333333333333,0.119522646,
541,1,1,1,0.5,0.0,0.08308346,
542,1,1,0,0.25,0.5,0.34698206,
544,1,1,1,0.5,0.0,0.744071,
554,1,1,1,0.5,0.0,0.9577961,
556,1,1,0,0.1666666666666666,0.6666666666666667,0.98924065,
564,1,1,1,0.5,0.0,0.99676967,
576,1,1,1,0.5,0.0,0.9768435,
581,1,1,0,0.3333333333333333,0.3333333333333333,0.6317692,
585,1,1,1,0.5,0.0,0.38761342,
591,1,1,1,0.5,0.0,0.12992695,
592,1,1,1,0.6,0.1999999999999999,0.22899872,
598,1,1,0,0.3333333333333333,0.3333333333333333,0.8709121,
620,1,1,1,0.75,0.5,0.20645145,
622,1,1,1,0.75,0.5,0.9519137,
628,1,1,0,0.0,1.0,0.0129854735,
637,1,1,1,0.5,0.0,0.27053866,
645,1,1,1,0.75,0.5,0.87081885,
647,1,1,1,0.5,0.0,0.8574719,
658,1,1,0,0.1666666666666666,0.6666666666666667,0.7734246,
659,1,1,1,0.6666666666666666,0.3333333333333332,0.823514,
668,1,1,0,0.1666666666666666,0.6666666666666667,0.27019274,
670,1,1,1,0.5,0.0,0.20077078,
679,1,1,0,0.4,0.1999999999999999,0.2522366,
686,1,1,0,0.0,1.0,0.63454795,
692,1,1,0,0.0,1.0,0.48459917,
693,1,1,1,0.5,0.0,0.4278258,
695,1,1,0,0.3333333333333333,0.3333333333333333,0.62634516,
699,1,1,0,0.1666666666666666,0.6666666666666667,0.9690074,
704,1,1,0,0.3333333333333333,0.3333333333333333,0.68508863,
706,1,1,1,0.6666666666666666,0.3333333333333332,0.44498348,
712,1,1,0,0.1666666666666666,0.6666666666666667,0.19458771,
729,1,1,0,0.4,0.1999999999999999,0.6553724,
1,1,2,0,0.3333333333333333,0.3333333333333333,0.43185866,
3,1,2,0,0.0,1.0,0.50000226,
11,1,2,1,0.6,0.1999999999999999,0.21077386,
18,1,2,1,0.6,0.1999999999999999,0.25169194,
20,1,2,0,0.25,0.5,0.052227408,
28,1,2,0,0.2,0.6,0.81194973,
31,1,2,0,0.1666666666666666,0.6666666666666667,0.0397592,
43,1,2,0,0.2,0.6,0.99812436,
44,1,2,0,0.0,1.0,0.50975025,
60,1,2,0,0.0,1.0,0.8430939,
64,1,2,0,0.3333333333333333,0.3333333333333333,0.005938651,
67,1,2,0,0.0,1.0,0.046313267,
75,1,2,0,0.0,1.0,0.15034738,
90,1,2,1,0.5,0.0,0.07506792,
96,1,2,0,0.0,1.0,0.7718187,
98,1,2,0,0.3333333333333333,0.3333333333333333,0.0695342,
99,1,2,0,0.0,1.0,0.1813654,
106,1,2,1,1.0,1.0,0.8162149,
113,1,2,0,0.1111111111111111,0.7777777777777778,0.92488813,
120,1,2,0,0.0,1.0,0.90452564,
121,1,2,0,0.1111111111111111,0.7777777777777778,0.17493099,
123,1,2,0,0.0,1.0,0.16690671,
124,1,2,0,0.0,1.0,0.25821993,
130,1,2,0,0.1111111111111111,0.7777777777777778,0.09727207,
133,1,2,1,0.8888888888888888,0.7777777777777777,0.07179026,
144,1,2,0,0.0,1.0,0.66489947,
151,1,2,0,0.0,1.0,0.16156468,
154,1,2,0,0.25,0.5,0.3435706,
158,1,2,0,0.0,1.0,0.01676695,
163,1,2,0,0.25,0.5,0.8065394,
168,1,2,0,0.25,0.5,0.5153201,
170,1,2,0,0.1666666666666666,0.6666666666666667,0.017208127,
171,1,2,0,0.25,0.5,0.16445887,
173,1,2,0,0.25,0.5,0.31125867,
176,1,2,0,0.0,1.0,0.25052133,
181,1,2,1,0.5,0.0,0.4903695,
182,1,2,0,0.0,1.0,0.99233806,
191,1,2,0,0.0,1.0,0.9599564,
192,1,2,0,0.0,1.0,0.31301373,
197,1,2,0,0.0,1.0,0.12682444,
199,1,2,0,0.25,0.5,0.15303996,
201,1,2,0,0.25,0.5,0.4402851,
204,1,2,0,0.4,0.1999999999999999,0.11517295,
217,1,2,0,0.0,1.0,0.08408074,
223,1,2,0,0.2,0.6,0.03682017,
233,1,2,0,0.0,1.0,0.20090967,
236,1,2,0,0.0,1.0,0.030988457,
240,1,2,0,0.2,0.6,0.21081862,
245,1,2,0,0.0,1.0,0.5046909,
258,1,2,0,0.0,1.0,0.5793573,
259,1,2,0,0.0,1.0,0.39002967,
260,1,2,0,0.25,0.5,0.3641169,
270,1,2,0,0.0,1.0,0.8429424,
274,1,2,1,0.5,0.0,0.97875583,
276,1,2,0,0.2,0.6,0.36571658,
279,1,2,0,0.2,0.6,0.0703179,
291,1,2,0,0.0,1.0,0.3254113,
294,1,2,0,0.0,1.0,0.60626024,
309,1,2,1,0.8,0.6000000000000001,0.8232901,
313,1,2,0,0.0,1.0,0.80587524,
315,1,2,1,0.8,0.6000000000000001,0.7421528,
321,1,2,1,0.6,0.1999999999999999,0.32167184,
325,1,2,0,0.0,1.0,0.1030193,
326,1,2,0,0.0,1.0,0.028832087,
327,1,2,0,0.0,1.0,0.89601743,
328,1,2,1,0.6,0.1999999999999999,0.05544939,
330,1,2,0,0.4,0.1999999999999999,0.84661824,
334,1,2,0,0.4,0.1999999999999999,0.08585739,
344,1,2,0,0.2,0.6,0.3031904,
349,1,2,0,0.0,1.0,0.008982677,
362,1,2,1,0.75,0.5,0.15216288,
363,1,2,0,0.0,1.0,0.6642488,
366,1,2,0,0.0,1.0,0.8679365,
368,1,2,1,0.5,0.0,0.93385637,
391,1,2,0,0.0,1.0,0.09096086,
397,1,2,1,0.75,0.5,0.9882257,
404,1,2,1,0.6,0.1999999999999999,0.47668082,
409,1,2,0,0.4,0.1999999999999999,0.9385082,
411,1,2,0,0.2,0.6,0.9850899,
415,1,2,0,0.0,1.0,0.6565192,
416,1,2,0,0.0,1.0,0.10745529,
429,1,2,0,0.0,1.0,0.7212367,
435,1,2,0,0.4,0.1999999999999999,0.78407425,
436,1,2,0,0.4,0.1999999999999999,0.8854897,
437,1,2,1,0.6,0.1999999999999999,0.19297723,
464,1,2,0,0.0,1.0,0.9667106,
469,1,2,1,0.75,0.5,0.53110856,
472,1,2,0,0.25,0.5,0.17682439,
474,1,2,0,0.0,1.0,0.36382458,
481,1,2,0,0.0,1.0,0.7220292,
484,1,2,0,0.25,0.5,0.061842203,
486,1,2,0,0.25,0.5,0.84655035,
487,1,2,0,0.2,0.6,0.0058844252,
498,1,2,0,0.0,1.0,0.09393749,
500,1,2,0,0.25,0.5,0.21606493,
501,1,2,0,0.25,0.5,0.65338075,
502,1,2,1,0.75,0.5,0.8251852,
516,1,2,0,0.0,1.0,0.6647466,
526,1,2,0,0.0,1.0,0.5016055,
534,1,2,1,0.75,0.5,0.06751282,
539,1,2,0,0.25,0.5,0.77941567,
543,1,2,1,0.5,0.0,0.9909719,
545,1,2,0,0.25,0.5,0.6203133,
547,1,2,1,0.5,0.0,0.5841016,
555,1,2,0,0.3333333333333333,0.3333333333333333,0.9658752,
557,1,2,0,0.3333333333333333,0.3333333333333333,0.00068780524,
558,1,2,1,0.5,0.0,0.91318583,
567,1,2,0,0.3333333333333333,0.3333333333333333,0.06860278,
571,1,2,1,0.5,0.0,0.53733647,
573,1,2,0,0.3333333333333333,0.3333333333333333,0.92020226,
575,1,2,1,0.5,0.0,0.49733508,
582,1,2,1,0.5,0.0,0.43354857,
587,1,2,1,0.8333333333333334,0.6666666666666667,0.10775841,
595,1,2,1,0.8333333333333334,0.6666666666666667,0.83482873,
597,1,2,0,0.0,1.0,0.12271262,
600,1,2,0,0.1666666666666666,0.6666666666666667,0.11428839,
613,1,2,0,0.0,1.0,0.6766939,
615,1,2,1,0.75,0.5,0.87815905,
621,1,2,1,0.5,0.0,0.9353671,
623,1,2,1,0.5,0.0,0.09060778,
629,1,2,1,0.5,0.0,0.9725185,
638,1,2,0,0.25,0.5,0.45175806,
642,1,2,1,0.75,0.5,0.9878166,
649,1,2,1,0.5,0.0,0.20618898,
651,1,2,0,0.3333333333333333,0.3333333333333333,0.49106753,
653,1,2,1,0.5,0.0,0.08097248,
655,1,2,1,0.6666666666666666,0.3333333333333332,0.52492994,
657,1,2,1,0.5,0.0,0.2252197,
661,1,2,1,0.8333333333333334,0.6666666666666667,0.9908477,
663,1,2,0,0.3333333333333333,0.3333333333333333,0.91489804,
672,1,2,0,0.0,1.0,0.044116646,
678,1,2,0,0.3333333333333333,0.3333333333333333,0.13990457,
680,1,2,0,0.0,1.0,0.029216073,
687,1,2,0,0.3333333333333333,0.3333333333333333,0.17486091,
688,1,2,0,0.1666666666666666,0.6666666666666667,0.098866634,
690,1,2,0,0.0,1.0,0.998873,
691,1,2,0,0.1666666666666666,0.6666666666666667,0.99568,
708,1,2,0,0.0,1.0,0.907879,
711,1,2,1,0.6,0.1999999999999999,0.8455788,
715,1,2,1,0.5,0.0,0.038545914,
717,1,2,1,0.5,0.0,0.9931972,
719,1,2,0,0.1666666666666666,0.6666666666666667,0.74868774,
725,1,2,0,0.0,1.0,0.4136996,
727,1,2,0,0.4,0.1999999999999999,0.977599,
731,1,2,0,0.0,1.0,0.18277116,
732,1,2,0,0.0,1.0,0.56971765,
739,1,2,0,0.3333333333333333,0.3333333333333333,0.5454324,
2,1,3,0,0.4,0.1999999999999999,0.3763575,
24,1,3,0,0.0,1.0,0.19126512,
39,1,3,0,0.0,1.0,0.263431,
40,1,3,0,0.2,0.6,0.7805816,
42,1,3,0,0.0,1.0,0.50347376,
45,1,3,0,0.0,1.0,0.6010879,
52,1,3,0,0.25,0.5,0.8162695,
54,1,3,0,0.25,0.5,0.23130974,
57,1,3,1,1.0,1.0,0.60510296,
62,1,3,0,0.25,0.5,0.43152103,
65,1,3,0,0.25,0.5,0.46398664,
68,1,3,0,0.0,1.0,0.37177497,
69,1,3,0,0.0,1.0,0.4830351,
76,1,3,0,0.25,0.5,0.6766845,
77,1,3,0,0.25,0.5,0.707497,
78,1,3,0,0.0,1.0,0.14520325,
83,1,3,0,0.25,0.5,0.36667216,
84,1,3,0,0.3333333333333333,0.3333333333333333,0.56639636,
92,1,3,0,0.0,1.0,0.24508351,
103,1,3,0,0.1111111111111111,0.7777777777777778,0.88032424,
110,1,3,0,0.0,1.0,0.35488713,
119,1,3,0,0.1111111111111111,0.7777777777777778,0.73916745,
126,1,3,0,0.2222222222222222,0.5555555555555556,0.9125707,
131,1,3,0,0.0,1.0,0.007595198,
132,1,3,0,0.2222222222222222,0.5555555555555556,0.42711025,
136,1,3,0,0.3333333333333333,0.3333333333333333,0.72356653,
137,1,3,1,0.6666666666666666,0.3333333333333332,0.29562917,
152,1,3,0,0.0,1.0,0.043536942,
153,1,3,0,0.0,1.0,0.06893259,
155,1,3,0,0.25,0.5,0.5953112,
157,1,3,0,0.25,0.5,0.5979835,
177,1,3,0,0.0,1.0,0.57755154,
186,1,3,0,0.0,1.0,0.060662746,
202,1,3,1,0.6,0.1999999999999999,0.04379136,
203,1,3,0,0.2,0.6,0.22096506,
206,1,3,1,0.5,0.0,0.26629686,
207,1,3,0,0.2,0.6,0.28744048,
208,1,3,0,0.0,1.0,0.1352906,
211,1,3,1,0.6,0.1999999999999999,0.99920535,
215,1,3,0,0.2,0.6,0.35877073,
219,1,3,0,0.0,1.0,0.18605438,
220,1,3,0,0.4,0.1999999999999999,0.07313466,
221,1,3,1,0.8,0.6000000000000001,0.41476384,
229,1,3,0,0.0,1.0,0.082004905,
238,1,3,0,0.25,0.5,0.0031373473,
246,1,3,0,0.4,0.1999999999999999,0.85008603,
252,1,3,0,0.0,1.0,0.15936863,
261,1,3,0,0.25,0.5,0.041529037,
265,1,3,1,0.5,0.0,0.45577687,
266,1,3,0,0.25,0.5,0.36922932,
268,1,3,1,0.5,0.0,0.21602008,
282,1,3,0,0.25,0.5,0.078227594,
286,1,3,0,0.2,0.6,0.19142324,
289,1,3,1,0.5,0.0,0.79216474,
298,1,3,0,0.25,0.5,0.33149487,
300,1,3,0,0.0,1.0,0.2981177,
307,1,3,0,0.4,0.1999999999999999,0.9572684,
308,1,3,0,0.4,0.1999999999999999,0.9517009,
310,1,3,0,0.2,0.6,0.1339275,
316,1,3,0,0.4,0.1999999999999999,0.8818481,
318,1,3,0,0.4,0.1999999999999999,0.10978867,
319,1,3,0,0.2,0.6,0.046489917,
322,1,3,1,0.6,0.1999999999999999,0.89410675,
323,1,3,0,0.0,1.0,0.08704478,
329,1,3,0,0.0,1.0,0.118234165,
331,1,3,0,0.0,1.0,0.78743136,
336,1,3,0,0.4,0.1999999999999999,0.47482315,
338,1,3,0,0.4,0.1999999999999999,0.78308815,
354,1,3,0,0.25,0.5,0.9336622,
365,1,3,0,0.25,0.5,0.8419552,
370,1,3,0,0.0,1.0,0.2688067,
374,1,3,1,0.5,0.0,0.3210237,
376,1,3,1,0.5,0.0,0.9627265,
382,1,3,1,0.5,0.0,0.03442873,
383,1,3,0,0.0,1.0,0.31483105,
384,1,3,0,0.25,0.5,0.2735817,
394,1,3,1,0.5,0.0,0.190343,
395,1,3,1,0.5,0.0,0.62535125,
398,1,3,0,0.25,0.5,0.96502805,
403,1,3,0,0.0,1.0,0.0636868,
417,1,3,0,0.2,0.6,0.8672706,
419,1,3,0,0.4,0.1999999999999999,0.04616964,
426,1,3,1,0.8,0.6000000000000001,0.29779416,
440,1,3,0,0.0,1.0,0.3207596,
443,1,3,0,0.0,1.0,0.010789168,
447,1,3,0,0.0,1.0,0.07886952,
451,1,3,0,0.25,0.5,0.001665157,
465,1,3,1,0.5,0.0,0.92306006,
466,1,3,1,0.5,0.0,0.99297285,
467,1,3,1,1.0,1.0,0.92747253,
471,1,3,0,0.0,1.0,0.19077551,
495,1,3,0,0.0,1.0,0.32697138,
496,1,3,1,0.75,0.5,0.4192901,
499,1,3,0,0.0,1.0,0.7366998,
503,1,3,0,0.0,1.0,0.21130325,
509,1,3,0,0.25,0.5,0.3226114,
514,1,3,1,0.75,0.5,0.52831084,
520,1,3,1,0.5,0.0,0.3531083,
521,1,3,1,0.75,0.5,0.9980511,
522,1,3,0,0.25,0.5,0.7012702,
523,1,3,0,0.25,0.5,0.06815413,
529,1,3,1,0.5,0.0,0.6918972,
530,1,3,1,0.5,0.0,0.06283934,
535,1,3,0,0.25,0.5,0.2746157,
546,1,3,1,0.5,0.0,0.010909372,
552,1,3,1,0.6666666666666666,0.3333333333333332,0.9194867,
568,1,3,1,1.0,1.0,0.542699,
570,1,3,1,0.6666666666666666,0.3333333333333332,0.21648692,
574,1,3,0,0.3333333333333333,0.3333333333333333,0.22809212,
583,1,3,1,0.5,0.0,0.22252913,
588,1,3,0,0.1666666666666666,0.6666666666666667,0.032847956,
590,1,3,0,0.3333333333333333,0.3333333333333333,0.115525335,
594,1,3,0,0.0,1.0,0.3309474,
603,1,3,1,0.5,0.0,0.6449361,
610,1,3,0,0.25,0.5,0.78179634,
612,1,3,0,0.0,1.0,0.033361938,
617,1,3,1,0.5,0.0,0.23535946,
619,1,3,0,0.25,0.5,0.067792244,
624,1,3,0,0.25,0.5,0.20496395,
627,1,3,1,0.75,0.5,0.15024915,
631,1,3,0,0.0,1.0,0.38206005,
633,1,3,1,0.5,0.0,0.34632716,
634,1,3,0,0.25,0.5,0.7685672,
636,1,3,0,0.0,1.0,0.47219366,
650,1,3,0,0.0,1.0,0.20511267,
652,1,3,0,0.0,1.0,0.8124561,
654,1,3,0,0.1666666666666666,0.6666666666666667,0.5351551,
656,1,3,1,0.6666666666666666,0.3333333333333332,0.6181271,
664,1,3,1,0.6666666666666666,0.3333333333333332,0.66886044,
665,1,3,0,0.1666666666666666,0.6666666666666667,0.1286659,
667,1,3,0,0.3333333333333333,0.3333333333333333,0.8842139,
669,1,3,0,0.3333333333333333,0.3333333333333333,0.39649045,
673,1,3,0,0.3333333333333333,0.3333333333333333,0.12092371,
677,1,3,1,0.6666666666666666,0.3333333333333332,0.94538546,
681,1,3,0,0.1666666666666666,0.6666666666666667,0.6287318,
683,1,3,1,0.8333333333333334,0.6666666666666667,0.036524173,
689,1,3,0,0.0,1.0,0.026117496,
702,1,3,0,0.1666666666666666,0.6666666666666667,0.027852958,
713,1,3,1,0.6,0.1999999999999999,0.5284875,
714,1,3,0,0.3333333333333333,0.3333333333333333,0.53210413,
720,1,3,0,0.0,1.0,0.029480383,
721,1,3,0,0.3333333333333333,0.3333333333333333,0.83704233,
722,1,3,0,0.2,0.6,0.013164682,
723,1,3,0,0.1666666666666666,0.6666666666666667,0.0802356,
726,1,3,0,0.0,1.0,0.92879903,
738,1,3,0,0.3333333333333333,0.3333333333333333,0.8300239,
742,1,3,1,0.5,0.0,0.6512164,
4,1,4,1,0.6,0.1999999999999999,0.5706403,
7,1,4,1,0.6,0.1999999999999999,0.9664963,
15,1,4,0,0.4,0.1999999999999999,0.8645495,
27,1,4,0,0.2,0.6,0.33595425,
35,1,4,1,0.5,0.0,0.7239763,
38,1,4,0,0.0,1.0,0.98322916,
47,1,4,0,0.25,0.5,0.23166929,
48,1,4,1,0.6,0.1999999999999999,0.24217536,
53,1,4,0,0.1666666666666666,0.6666666666666667,0.15327977,
55,1,4,0,0.0,1.0,0.80953103,
58,1,4,0,0.25,0.5,0.8954997,
59,1,4,0,0.25,0.5,0.0760354,
61,1,4,0,0.2,0.6,0.007085907,
73,1,4,0,0.0,1.0,0.14488962,
74,1,4,0,0.0,1.0,0.3908158,
80,1,4,0,0.0,1.0,0.5672505,
87,1,4,0,0.0,1.0,0.05352884,
97,1,4,0,0.25,0.5,0.8064716,
100,1,4,0,0.25,0.5,0.76291776,
104,1,4,0,0.1111111111111111,0.7777777777777778,0.9011961,
105,1,4,0,0.0,1.0,0.14729476,
107,1,4,0,0.1111111111111111,0.7777777777777778,0.38399422,
111,1,4,0,0.1111111111111111,0.7777777777777778,0.96346414,
112,1,4,0,0.125,0.75,0.011720065,
116,1,4,0,0.0,1.0,0.19536386,
125,1,4,0,0.125,0.75,0.5974232,
134,1,4,0,0.1111111111111111,0.7777777777777778,0.433989,
135,1,4,0,0.1666666666666666,0.6666666666666667,0.019541148,
143,1,4,1,0.5555555555555556,0.1111111111111111,0.80350494,
146,1,4,1,0.8888888888888888,0.7777777777777777,0.31389216,
147,1,4,0,0.0,1.0,0.48933858,
148,1,4,0,0.1111111111111111,0.7777777777777778,0.14046423,
162,1,4,0,0.2,0.6,0.09529942,
164,1,4,0,0.0,1.0,0.53696376,
165,1,4,0,0.0,1.0,0.13455775,
167,1,4,0,0.0,1.0,0.94187057,
169,1,4,0,0.0,1.0,0.24678123,
172,1,4,0,0.0,1.0,0.655953,
174,1,4,1,0.5,0.0,0.61481327,
178,1,4,0,0.0,1.0,0.14249541,
183,1,4,0,0.0,1.0,0.029033132,
185,1,4,0,0.25,0.5,0.11595817,
189,1,4,1,0.5,0.0,0.4535697,
190,1,4,0,0.25,0.5,0.122043446,
214,1,4,0,0.2,0.6,0.0146283675,
224,1,4,0,0.4,0.1999999999999999,0.76950085,
228,1,4,0,0.2,0.6,0.45244095,
242,1,4,1,0.6,0.1999999999999999,0.025117276,
244,1,4,1,0.6,0.1999999999999999,0.965884,
253,1,4,0,0.0,1.0,0.48020357,
254,1,4,0,0.25,0.5,0.3208286,
255,1,4,0,0.25,0.5,0.047879346,
269,1,4,1,0.5,0.0,0.07719478,
281,1,4,0,0.0,1.0,0.00015087595,
283,1,4,0,0.25,0.5,0.1797024,
290,1,4,0,0.0,1.0,0.017174244,
295,1,4,0,0.0,1.0,0.36118782,
296,1,4,0,0.0,1.0,0.0018960205,
302,1,4,0,0.0,1.0,0.38312304,
303,1,4,0,0.0,1.0,0.18995771,
306,1,4,0,0.0,1.0,0.37980616,
311,1,4,0,0.4,0.1999999999999999,0.066909626,
337,1,4,0,0.0,1.0,0.4827671,
340,1,4,1,0.6,0.1999999999999999,0.57219493,
345,1,4,0,0.0,1.0,0.018356124,
348,1,4,0,0.4,0.1999999999999999,0.9969828,
359,1,4,0,0.25,0.5,0.9723382,
361,1,4,0,0.0,1.0,0.062050372,
364,1,4,1,0.5,0.0,0.67244565,
367,1,4,0,0.25,0.5,0.9870756,
371,1,4,0,0.25,0.5,0.4027533,
372,1,4,0,0.25,0.5,0.5351584,
377,1,4,0,0.25,0.5,0.8247631,
379,1,4,1,0.75,0.5,0.98851514,
381,1,4,1,0.75,0.5,0.7609072,
392,1,4,1,0.5,0.0,0.9180776,
400,1,4,1,0.5,0.0,0.9944953,
410,1,4,1,0.6,0.1999999999999999,0.83044374,
413,1,4,0,0.0,1.0,0.03486436,
418,1,4,0,0.0,1.0,0.021970954,
421,1,4,0,0.2,0.6,0.02859482,
422,1,4,1,0.6,0.1999999999999999,0.43013734,
424,1,4,1,0.6,0.1999999999999999,0.8281803,
427,1,4,1,0.6,0.1999999999999999,0.73587,
430,1,4,1,0.6,0.1999999999999999,0.34463438,
432,1,4,0,0.2,0.6,0.85876,
434,1,4,0,0.0,1.0,0.007861484,
438,1,4,0,0.1666666666666666,0.6666666666666667,0.9441118,
441,1,4,0,0.2,0.6,0.0690842,
442,1,4,1,0.8,0.6000000000000001,0.86713517,
446,1,4,0,0.2,0.6,0.2538928,
448,1,4,0,0.0,1.0,0.23315996,
452,1,4,0,0.25,0.5,0.21189544,
453,1,4,0,0.25,0.5,0.077263206,
456,1,4,1,0.5,0.0,0.09870568,
458,1,4,0,0.0,1.0,0.38097513,
459,1,4,0,0.25,0.5,0.34272942,
461,1,4,1,0.5,0.0,0.47234488,
463,1,4,0,0.25,0.5,0.30056712,
473,1,4,0,0.25,0.5,0.39602482,
491,1,4,1,0.5,0.0,0.20022935,
492,1,4,0,0.3333333333333333,0.3333333333333333,0.003976516,
504,1,4,1,0.75,0.5,0.215188,
508,1,4,1,0.75,0.5,0.31214374,
512,1,4,1,1.0,1.0,0.99130416,
517,1,4,0,0.25,0.5,0.7266592,
532,1,4,0,0.0,1.0,0.063356176,
548,1,4,1,0.5,0.0,0.58396447,
550,1,4,0,0.0,1.0,0.071788594,
561,1,4,1,0.5,0.0,0.016799819,
562,1,4,0,0.3333333333333333,0.3333333333333333,0.60130405,
565,1,4,0,0.3333333333333333,0.3333333333333333,0.8334695,
566,1,4,0,0.1666666666666666,0.6666666666666667,0.15459637,
569,1,4,0,0.1666666666666666,0.6666666666666667,0.8717338,
572,1,4,1,0.8333333333333334,0.6666666666666667,0.04357092,
578,1,4,1,0.5,0.0,0.1696122,
586,1,4,1,0.6666666666666666,0.3333333333333332,0.034943435,
596,1,4,1,0.5,0.0,0.24315968,
599,1,4,0,0.0,1.0,0.9586648,
601,1,4,0,0.0,1.0,0.37580737,
605,1,4,1,0.5,0.0,0.9783912,
606,1,4,0,0.25,0.5,0.20486003,
608,1,4,0,0.0,1.0,0.5197847,
609,1,4,0,0.25,0.5,0.9767853,
614,1,4,1,0.75,0.5,0.79576755,
625,1,4,0,0.0,1.0,0.067891724,
640,1,4,1,0.75,0.5,0.6784327,
643,1,4,1,0.5,0.0,0.47647667,
644,1,4,0,0.25,0.5,0.33188438,
662,1,4,0,0.0,1.0,0.58110964,
671,1,4,0,0.3333333333333333,0.3333333333333333,0.95905066,
675,1,4,0,0.3333333333333333,0.3333333333333333,0.11329249,
676,1,4,0,0.1666666666666666,0.6666666666666667,0.1105674,
682,1,4,0,0.1666666666666666,0.6666666666666667,0.9267062,
685,1,4,0,0.0,1.0,0.027460154,
694,1,4,0,0.3333333333333333,0.3333333333333333,0.4660565,
700,1,4,1,0.5,0.0,0.5934197,
701,1,4,0,0.1666666666666666,0.6666666666666667,0.74634206,
705,1,4,1,0.5,0.0,0.31962234,
709,1,4,0,0.3333333333333333,0.3333333333333333,0.8870022,
724,1,4,0,0.2,0.6,0.15264234,
730,1,4,0,0.3333333333333333,0.3333333333333333,0.18065599,
733,1,4,0,0.1666666666666666,0.6666666666666667,0.44879413,
736,1,4,0,0.0,1.0,0.6822207,
737,1,4,0,0.1666666666666666,0.6666666666666667,0.089980155,
740,1,4,0,0.1666666666666666,0.6666666666666667,0.007422464,
741,1,4,0,0.2,0.6,0.28822407,
1,2,0,0,0.3333333333333333,0.3333333333333333,0.22370851,
4,2,0,1,0.6,0.1999999999999999,0.5819313,
6,2,0,0,0.2,0.6,0.5819663,
10,2,0,0,0.0,1.0,0.0025611226,
12,2,0,0,0.4,0.1999999999999999,0.2360174,
18,2,0,1,0.6,0.1999999999999999,0.3836648,
25,2,0,0,0.2,0.6,0.5392123,
33,2,0,0,0.4,0.1999999999999999,0.34992757,
38,2,0,0,0.0,1.0,0.73470926,
44,2,0,0,0.0,1.0,0.73911476,
48,2,0,1,0.6,0.1999999999999999,0.28975385,
57,2,0,1,1.0,1.0,0.5100434,
60,2,0,0,0.0,1.0,0.3266987,
62,2,0,0,0.25,0.5,0.53908825,
70,2,0,0,0.0,1.0,0.6501192,
73,2,0,0,0.0,1.0,0.22660074,
74,2,0,0,0.0,1.0,0.5909276,
80,2,0,0,0.0,1.0,0.6392078,
81,2,0,0,0.0,1.0,0.26922077,
84,2,0,0,0.3333333333333333,0.3333333333333333,0.6217754,
91,2,0,0,0.25,0.5,0.06976378,
98,2,0,0,0.3333333333333333,0.3333333333333333,0.04461198,
104,2,0,0,0.1111111111111111,0.7777777777777778,0.5547625,
108,2,0,0,0.25,0.5,0.9361018,
114,2,0,0,0.1111111111111111,0.7777777777777778,0.7517854,
118,2,0,0,0.0,1.0,0.6853781,
133,2,0,1,0.8888888888888888,0.7777777777777777,0.14823392,
134,2,0,0,0.1111111111111111,0.7777777777777778,0.56577563,
136,2,0,0,0.3333333333333333,0.3333333333333333,0.7359544,
139,2,0,0,0.0,1.0,0.59914017,
141,2,0,0,0.0,1.0,0.75052595,
144,2,0,0,0.0,1.0,0.7250791,
152,2,0,0,0.0,1.0,0.0982618,
162,2,0,0,0.2,0.6,0.00988075,
165,2,0,0,0.0,1.0,0.23409843,
171,2,0,0,0.25,0.5,0.5212837,
173,2,0,0,0.25,0.5,0.5398182,
182,2,0,0,0.0,1.0,0.66138446,
185,2,0,0,0.25,0.5,0.18264714,
188,2,0,0,0.0,1.0,0.44237193,
191,2,0,0,0.0,1.0,0.541712,
203,2,0,0,0.2,0.6,0.4624906,
222,2,0,0,0.2,0.6,0.076944925,
244,2,0,1,0.6,0.1999999999999999,0.7231984,
248,2,0,0,0.4,0.1999999999999999,0.2330256,
250,2,0,0,0.4,0.1999999999999999,0.31503856,
253,2,0,0,0.0,1.0,0.817121,
255,2,0,0,0.25,0.5,0.035683356,
257,2,0,0,0.25,0.5,0.366669,
261,2,0,0,0.25,0.5,0.6279527,
263,2,0,0,0.2,0.6,0.38983542,
265,2,0,1,0.5,0.0,0.7794517,
272,2,0,1,0.5,0.0,0.5666313,
273,2,0,1,0.5,0.0,0.680804,
276,2,0,0,0.2,0.6,0.8019656,
288,2,0,1,0.75,0.5,0.090158135,
322,2,0,1,0.6,0.1999999999999999,0.8406639,
324,2,0,0,0.2,0.6,0.24834114,
326,2,0,0,0.0,1.0,0.002963466,
327,2,0,0,0.0,1.0,0.8712822,
328,2,0,1,0.6,0.1999999999999999,0.14682487,
331,2,0,0,0.0,1.0,0.5045479,
339,2,0,0,0.0,1.0,0.6094019,
343,2,0,1,0.8,0.6000000000000001,0.70462084,
345,2,0,0,0.0,1.0,0.016688505,
346,2,0,1,0.6,0.1999999999999999,0.9089737,
352,2,0,0,0.25,0.5,0.33457255,
353,2,0,0,0.0,1.0,0.91357905,
357,2,0,1,0.5,0.0,0.5793108,
363,2,0,0,0.0,1.0,0.5659064,
367,2,0,0,0.25,0.5,0.78847706,
371,2,0,0,0.25,0.5,0.648206,
373,2,0,0,0.0,1.0,0.23386097,
375,2,0,1,0.5,0.0,0.9230083,
387,2,0,0,0.0,1.0,0.12705204,
392,2,0,1,0.5,0.0,0.4971559,
393,2,0,0,0.25,0.5,0.51797783,
394,2,0,1,0.5,0.0,0.7511148,
395,2,0,1,0.5,0.0,0.5084303,
398,2,0,0,0.25,0.5,0.953682,
402,2,0,1,0.6,0.1999999999999999,0.08839674,
412,2,0,1,1.0,1.0,0.23790927,
414,2,0,1,0.6,0.1999999999999999,0.08673547,
416,2,0,0,0.0,1.0,0.25506818,
421,2,0,0,0.2,0.6,0.057268523,
428,2,0,1,0.6,0.1999999999999999,0.015375247,
432,2,0,0,0.2,0.6,0.14729235,
435,2,0,0,0.4,0.1999999999999999,0.9565289,
438,2,0,0,0.1666666666666666,0.6666666666666667,0.89619195,
442,2,0,1,0.8,0.6000000000000001,0.7326318,
444,2,0,0,0.2,0.6,0.56358916,
460,2,0,0,0.0,1.0,0.03540662,
465,2,0,1,0.5,0.0,0.95081455,
470,2,0,0,0.0,1.0,0.6275404,
471,2,0,0,0.0,1.0,0.8963413,
474,2,0,0,0.0,1.0,0.003852361,
475,2,0,0,0.25,0.5,0.18630639,
476,2,0,0,0.0,1.0,0.29953843,
485,2,0,1,0.5,0.0,0.9542228,
489,2,0,0,0.0,1.0,0.18771648,
493,2,0,0,0.0,1.0,0.42958653,
498,2,0,0,0.0,1.0,0.07503675,
505,2,0,1,0.5,0.0,0.8906162,
506,2,0,1,0.75,0.5,0.891662,
515,2,0,0,0.25,0.5,0.0347845,
517,2,0,0,0.25,0.5,0.4783371,
525,2,0,0,0.2,0.6,0.003020396,
526,2,0,0,0.0,1.0,0.014799944,
531,2,0,1,0.75,0.5,0.6386541,
533,2,0,0,0.0,1.0,0.424163,
534,2,0,1,0.75,0.5,0.05808031,
535,2,0,0,0.25,0.5,0.8326229,
545,2,0,0,0.25,0.5,0.02056133,
547,2,0,1,0.5,0.0,0.8706515,
548,2,0,1,0.5,0.0,0.86931217,
549,2,0,0,0.0,1.0,0.40914094,
552,2,0,1,0.6666666666666666,0.3333333333333332,0.8209417,
563,2,0,0,0.0,1.0,0.2511876,
571,2,0,1,0.5,0.0,0.05759535,
573,2,0,0,0.3333333333333333,0.3333333333333333,0.49094284,
577,2,0,0,0.1666666666666666,0.6666666666666667,0.359186,
581,2,0,0,0.3333333333333333,0.3333333333333333,0.4447425,
583,2,0,1,0.5,0.0,0.59277344,
584,2,0,1,0.6666666666666666,0.3333333333333332,0.19674954,
588,2,0,0,0.1666666666666666,0.6666666666666667,0.09515121,
594,2,0,0,0.0,1.0,0.6499088,
601,2,0,0,0.0,1.0,0.20098725,
606,2,0,0,0.25,0.5,0.0038187616,
615,2,0,1,0.75,0.5,0.8540704,
620,2,0,1,0.75,0.5,0.05904843,
652,2,0,0,0.0,1.0,0.67845225,
655,2,0,1,0.6666666666666666,0.3333333333333332,0.38761172,
656,2,0,1,0.6666666666666666,0.3333333333333332,0.48937857,
660,2,0,0,0.1666666666666666,0.6666666666666667,0.401492,
661,2,0,1,0.8333333333333334,0.6666666666666667,0.9584006,
662,2,0,0,0.0,1.0,0.4190935,
674,2,0,0,0.3333333333333333,0.3333333333333333,0.29784277,
680,2,0,0,0.0,1.0,0.35975778,
684,2,0,0,0.0,1.0,0.07312105,
689,2,0,0,0.0,1.0,0.21273607,
699,2,0,0,0.1666666666666666,0.6666666666666667,0.9892559,
701,2,0,0,0.1666666666666666,0.6666666666666667,0.6043895,
721,2,0,0,0.3333333333333333,0.3333333333333333,0.59581804,
723,2,0,0,0.1666666666666666,0.6666666666666667,0.44097635,
737,2,0,0,0.1666666666666666,0.6666666666666667,0.22633561,
739,2,0,0,0.3333333333333333,0.3333333333333333,0.33671752,
742,2,0,1,0.5,0.0,0.69885695,
13,2,1,0,0.2,0.6,0.2338424,
14,2,1,0,0.2,0.6,0.32247585,
16,2,1,1,0.6,0.1999999999999999,0.11946239,
20,2,1,0,0.25,0.5,0.04763845,
29,2,1,0,0.2,0.6,0.71051943,
34,2,1,0,0.1666666666666666,0.6666666666666667,0.009559371,
35,2,1,1,0.5,0.0,0.5785082,
46,2,1,0,0.4,0.1999999999999999,0.8042002,
67,2,1,0,0.0,1.0,0.023944374,
82,2,1,0,0.25,0.5,0.5571378,
83,2,1,0,0.25,0.5,0.4933054,
85,2,1,0,0.25,0.5,0.53122574,
88,2,1,1,0.5,0.0,0.005027269,
93,2,1,0,0.0,1.0,0.052542247,
103,2,1,0,0.1111111111111111,0.7777777777777778,0.73189795,
116,2,1,0,0.0,1.0,0.09909174,
122,2,1,0,0.0,1.0,0.47179514,
123,2,1,0,0.0,1.0,0.4008322,
124,2,1,0,0.0,1.0,0.911428,
127,2,1,1,0.6666666666666666,0.3333333333333332,0.80599815,
128,2,1,0,0.1111111111111111,0.7777777777777778,0.64858437,
131,2,1,0,0.0,1.0,0.001178429,
132,2,1,0,0.2222222222222222,0.5555555555555556,0.7308637,
143,2,1,1,0.5555555555555556,0.1111111111111111,0.68326646,
149,2,1,0,0.3333333333333333,0.3333333333333333,0.2301603,
153,2,1,0,0.0,1.0,0.036117412,
157,2,1,0,0.25,0.5,0.75566036,
159,2,1,0,0.0,1.0,0.15945694,
176,2,1,0,0.0,1.0,0.244266,
181,2,1,1,0.5,0.0,0.6562447,
184,2,1,0,0.0,1.0,0.040402588,
190,2,1,0,0.25,0.5,0.12205679,
196,2,1,1,0.5,0.0,0.49673694,
198,2,1,0,0.0,1.0,0.62758297,
199,2,1,0,0.25,0.5,0.031028453,
207,2,1,0,0.2,0.6,0.19389673,
208,2,1,0,0.0,1.0,0.00555171,
212,2,1,0,0.2,0.6,0.04068124,
216,2,1,0,0.0,1.0,0.9868583,
224,2,1,0,0.4,0.1999999999999999,0.9667499,
227,2,1,1,1.0,1.0,0.85420895,
229,2,1,0,0.0,1.0,0.20645064,
235,2,1,0,0.0,1.0,0.12690586,
240,2,1,0,0.2,0.6,0.7227772,
245,2,1,0,0.0,1.0,0.4831583,
247,2,1,0,0.2,0.6,0.19410372,
258,2,1,0,0.0,1.0,0.12635794,
262,2,1,1,0.5,0.0,0.6696521,
277,2,1,1,0.5,0.0,0.06785099,
278,2,1,0,0.25,0.5,0.45306754,
279,2,1,0,0.2,0.6,0.033011626,
285,2,1,0,0.4,0.1999999999999999,0.50656104,
287,2,1,0,0.25,0.5,0.36894828,
291,2,1,0,0.0,1.0,0.5423236,
292,2,1,0,0.25,0.5,0.9980952,
293,2,1,1,0.5,0.0,0.040355112,
295,2,1,0,0.0,1.0,0.37649184,
300,2,1,0,0.0,1.0,0.6557028,
304,2,1,1,0.8,0.6000000000000001,0.507004,
307,2,1,0,0.4,0.1999999999999999,0.58305275,
309,2,1,1,0.8,0.6000000000000001,0.21312955,
318,2,1,0,0.4,0.1999999999999999,0.3928464,
347,2,1,0,0.4,0.1999999999999999,0.96489096,
349,2,1,0,0.0,1.0,0.031838216,
351,2,1,0,0.0,1.0,0.97067404,
358,2,1,0,0.25,0.5,0.31759834,
359,2,1,0,0.25,0.5,0.99679804,
360,2,1,0,0.25,0.5,0.2034919,
372,2,1,0,0.25,0.5,0.76845515,
374,2,1,1,0.5,0.0,0.70064425,
381,2,1,1,0.75,0.5,0.25478125,
382,2,1,1,0.5,0.0,0.2754337,
383,2,1,0,0.0,1.0,0.13451792,
384,2,1,0,0.25,0.5,0.7628721,
389,2,1,0,0.25,0.5,0.9923154,
399,2,1,0,0.25,0.5,0.9875313,
401,2,1,0,0.2,0.6,0.12078343,
405,2,1,0,0.0,1.0,0.5519638,
420,2,1,0,0.0,1.0,0.6335983,
427,2,1,1,0.6,0.1999999999999999,0.9421637,
430,2,1,1,0.6,0.1999999999999999,0.066410646,
431,2,1,0,0.4,0.1999999999999999,0.13793404,
433,2,1,0,0.0,1.0,0.0344255,
447,2,1,0,0.0,1.0,0.10675633,
456,2,1,1,0.5,0.0,0.28072405,
458,2,1,0,0.0,1.0,0.815366,
461,2,1,1,0.5,0.0,0.67358303,
464,2,1,0,0.0,1.0,0.82389355,
477,2,1,0,0.0,1.0,0.35879713,
488,2,1,1,0.5,0.0,0.9907982,
492,2,1,0,0.3333333333333333,0.3333333333333333,0.043756895,
503,2,1,0,0.0,1.0,0.76791275,
508,2,1,1,0.75,0.5,0.14330027,
509,2,1,0,0.25,0.5,0.09880547,
510,2,1,1,0.5,0.0,0.3647017,
520,2,1,1,0.5,0.0,0.780887,
521,2,1,1,0.75,0.5,0.93437594,
524,2,1,0,0.0,1.0,0.9400631,
528,2,1,0,0.0,1.0,0.6752826,
538,2,1,0,0.0,1.0,0.850672,
539,2,1,0,0.25,0.5,0.43691057,
541,2,1,1,0.5,0.0,0.09545995,
542,2,1,0,0.25,0.5,0.11123185,
543,2,1,1,0.5,0.0,0.86104727,
550,2,1,0,0.0,1.0,0.07874444,
568,2,1,1,1.0,1.0,0.82405865,
569,2,1,0,0.1666666666666666,0.6666666666666667,0.35969484,
575,2,1,1,0.5,0.0,0.99068487,
579,2,1,0,0.3333333333333333,0.3333333333333333,0.84622574,
580,2,1,0,0.3333333333333333,0.3333333333333333,0.43179423,
582,2,1,1,0.5,0.0,0.16003603,
586,2,1,1,0.6666666666666666,0.3333333333333332,0.56873393,
590,2,1,0,0.3333333333333333,0.3333333333333333,0.9452161,
592,2,1,1,0.6,0.1999999999999999,0.71230286,
593,2,1,1,0.5,0.0,0.57998693,
595,2,1,1,0.8333333333333334,0.6666666666666667,0.8512391,
600,2,1,0,0.1666666666666666,0.6666666666666667,0.40222168,
602,2,1,0,0.25,0.5,0.77543044,
603,2,1,1,0.5,0.0,0.949324,
604,2,1,1,0.75,0.5,0.846032,
605,2,1,1,0.5,0.0,0.9849231,
610,2,1,0,0.25,0.5,0.854789,
612,2,1,0,0.0,1.0,0.051594507,
617,2,1,1,0.5,0.0,0.2638899,
619,2,1,0,0.25,0.5,0.16677544,
625,2,1,0,0.0,1.0,0.1344006,
638,2,1,0,0.25,0.5,0.78511465,
659,2,1,1,0.6666666666666666,0.3333333333333332,0.37886798,
663,2,1,0,0.3333333333333333,0.3333333333333333,0.46727774,
665,2,1,0,0.1666666666666666,0.6666666666666667,0.7167084,
672,2,1,0,0.0,1.0,0.17162056,
677,2,1,1,0.6666666666666666,0.3333333333333332,0.73560953,
678,2,1,0,0.3333333333333333,0.3333333333333333,0.21063927,
679,2,1,0,0.4,0.1999999999999999,0.045248795,
688,2,1,0,0.1666666666666666,0.6666666666666667,0.55787545,
690,2,1,0,0.0,1.0,0.99398386,
696,2,1,0,0.1666666666666666,0.6666666666666667,0.028324738,
697,2,1,1,0.5,0.0,0.95497024,
706,2,1,1,0.6666666666666666,0.3333333333333332,0.37624946,
708,2,1,0,0.0,1.0,0.6338227,
712,2,1,0,0.1666666666666666,0.6666666666666667,0.059111454,
724,2,1,0,0.2,0.6,0.4259857,
726,2,1,0,0.0,1.0,0.58845574,
728,2,1,0,0.2,0.6,0.08357341,
733,2,1,0,0.1666666666666666,0.6666666666666667,0.08992002,
735,2,1,0,0.0,1.0,0.06301953,
736,2,1,0,0.0,1.0,0.988611,
11,2,2,1,0.6,0.1999999999999999,0.16234004,
15,2,2,0,0.4,0.1999999999999999,0.74397737,
21,2,2,0,0.2,0.6,0.4571817,
24,2,2,0,0.0,1.0,0.19936895,
27,2,2,0,0.2,0.6,0.1030909,
28,2,2,0,0.2,0.6,0.20564166,
30,2,2,0,0.2,0.6,0.7515302,
31,2,2,0,0.1666666666666666,0.6666666666666667,0.04240083,
37,2,2,0,0.2,0.6,0.2204707,
47,2,2,0,0.25,0.5,0.17058088,
58,2,2,0,0.25,0.5,0.19472793,
59,2,2,0,0.25,0.5,0.3122788,
61,2,2,0,0.2,0.6,0.01979113,
64,2,2,0,0.3333333333333333,0.3333333333333333,0.065521926,
71,2,2,0,0.0,1.0,0.14306524,
76,2,2,0,0.25,0.5,0.36476058,
87,2,2,0,0.0,1.0,0.17833373,
94,2,2,0,0.25,0.5,0.549453,
95,2,2,0,0.25,0.5,0.41374767,
97,2,2,0,0.25,0.5,0.59123635,
101,2,2,0,0.3333333333333333,0.3333333333333333,0.81809783,
105,2,2,0,0.0,1.0,0.1810411,
111,2,2,0,0.1111111111111111,0.7777777777777778,0.95093435,
113,2,2,0,0.1111111111111111,0.7777777777777778,0.8181271,
120,2,2,0,0.0,1.0,0.62192774,
129,2,2,0,0.2,0.6,0.83027947,
142,2,2,0,0.0,1.0,0.8905492,
148,2,2,0,0.1111111111111111,0.7777777777777778,0.05409567,
150,2,2,0,0.0,1.0,0.5597272,
151,2,2,0,0.0,1.0,0.44787973,
156,2,2,0,0.25,0.5,0.54675025,
158,2,2,0,0.0,1.0,0.08181849,
163,2,2,0,0.25,0.5,0.6689303,
167,2,2,0,0.0,1.0,0.8969384,
168,2,2,0,0.25,0.5,0.012031866,
177,2,2,0,0.0,1.0,0.4656605,
179,2,2,0,0.25,0.5,0.7935358,
187,2,2,0,0.0,1.0,0.034270197,
189,2,2,1,0.5,0.0,0.17954102,
201,2,2,0,0.25,0.5,0.14415008,
205,2,2,0,0.2,0.6,0.16627178,
206,2,2,1,0.5,0.0,0.12022668,
213,2,2,0,0.4,0.1999999999999999,0.99834013,
214,2,2,0,0.2,0.6,0.029003963,
220,2,2,0,0.4,0.1999999999999999,0.16361956,
223,2,2,0,0.2,0.6,0.1271699,
237,2,2,0,0.4,0.1999999999999999,0.59278584,
238,2,2,0,0.25,0.5,0.0042502605,
241,2,2,1,0.6,0.1999999999999999,0.12783343,
249,2,2,1,0.6,0.1999999999999999,0.20717293,
252,2,2,0,0.0,1.0,0.09996643,
259,2,2,0,0.0,1.0,0.07754244,
264,2,2,0,0.25,0.5,0.2990461,
268,2,2,1,0.5,0.0,0.36045176,
269,2,2,1,0.5,0.0,0.18444346,
270,2,2,0,0.0,1.0,0.7774253,
271,2,2,0,0.0,1.0,0.2579863,
275,2,2,1,0.5,0.0,0.56374604,
280,2,2,0,0.25,0.5,0.100544795,
281,2,2,0,0.0,1.0,0.021621682,
283,2,2,0,0.25,0.5,0.22846867,
284,2,2,1,0.5,0.0,0.63771355,
286,2,2,0,0.2,0.6,0.0970511,
290,2,2,0,0.0,1.0,0.023536522,
296,2,2,0,0.0,1.0,0.0049729287,
298,2,2,0,0.25,0.5,0.7205229,
303,2,2,0,0.0,1.0,0.19510628,
306,2,2,0,0.0,1.0,0.46115512,
310,2,2,0,0.2,0.6,0.57087046,
312,2,2,0,0.0,1.0,0.25120062,
316,2,2,0,0.4,0.1999999999999999,0.961391,
333,2,2,0,0.0,1.0,0.21439981,
335,2,2,1,0.5,0.0,0.16069704,
338,2,2,0,0.4,0.1999999999999999,0.77268153,
342,2,2,0,0.2,0.6,0.22561786,
354,2,2,0,0.25,0.5,0.8739247,
355,2,2,0,0.25,0.5,0.1664816,
361,2,2,0,0.0,1.0,0.18191841,
364,2,2,1,0.5,0.0,0.37610984,
376,2,2,1,0.5,0.0,0.98186404,
378,2,2,1,0.5,0.0,0.36017233,
379,2,2,1,0.75,0.5,0.98192245,
388,2,2,1,0.5,0.0,0.12407905,
390,2,2,1,0.75,0.5,0.13084857,
406,2,2,1,0.6,0.1999999999999999,0.60654974,
409,2,2,0,0.4,0.1999999999999999,0.3467996,
411,2,2,0,0.2,0.6,0.6741489,
413,2,2,0,0.0,1.0,0.3035154,
418,2,2,0,0.0,1.0,0.10400081,
422,2,2,1,0.6,0.1999999999999999,0.35163876,
424,2,2,1,0.6,0.1999999999999999,0.1588011,
429,2,2,0,0.0,1.0,0.06418584,
434,2,2,0,0.0,1.0,0.23210852,
441,2,2,0,0.2,0.6,0.65756637,
445,2,2,0,0.0,1.0,0.8589704,
446,2,2,0,0.2,0.6,0.58929837,
448,2,2,0,0.0,1.0,0.05959761,
452,2,2,0,0.25,0.5,0.7634251,
462,2,2,1,0.5,0.0,0.9876228,
463,2,2,0,0.25,0.5,0.6711588,
467,2,2,1,1.0,1.0,0.8919657,
480,2,2,1,0.5,0.0,0.50972545,
496,2,2,1,0.75,0.5,0.26913553,
499,2,2,0,0.0,1.0,0.8275795,
512,2,2,1,1.0,1.0,0.9759429,
514,2,2,1,0.75,0.5,0.95652294,
516,2,2,0,0.0,1.0,0.9409904,
518,2,2,0,0.25,0.5,0.78504777,
519,2,2,0,0.0,1.0,0.5225654,
530,2,2,1,0.5,0.0,0.099986225,
546,2,2,1,0.5,0.0,0.06412377,
553,2,2,0,0.0,1.0,0.6217706,
554,2,2,1,0.5,0.0,0.88092077,
555,2,2,0,0.3333333333333333,0.3333333333333333,0.7878265,
559,2,2,1,0.6666666666666666,0.3333333333333332,0.10485211,
566,2,2,0,0.1666666666666666,0.6666666666666667,0.38600454,
607,2,2,0,0.0,1.0,0.015122937,
609,2,2,0,0.25,0.5,0.9005207,
613,2,2,0,0.0,1.0,0.6091964,
618,2,2,0,0.0,1.0,0.7269236,
622,2,2,1,0.75,0.5,0.7575471,
623,2,2,1,0.5,0.0,0.36749908,
627,2,2,1,0.75,0.5,0.51636434,
628,2,2,0,0.0,1.0,0.0037250086,
630,2,2,1,0.5,0.0,0.33458012,
636,2,2,0,0.0,1.0,0.86795914,
642,2,2,1,0.75,0.5,0.9566588,
643,2,2,1,0.5,0.0,0.2118763,
646,2,2,0,0.0,1.0,0.109194905,
647,2,2,1,0.5,0.0,0.9159151,
650,2,2,0,0.0,1.0,0.017728932,
657,2,2,1,0.5,0.0,0.0765388,
658,2,2,0,0.1666666666666666,0.6666666666666667,0.9072321,
667,2,2,0,0.3333333333333333,0.3333333333333333,0.6815945,
668,2,2,0,0.1666666666666666,0.6666666666666667,0.91847724,
671,2,2,0,0.3333333333333333,0.3333333333333333,0.8106005,
681,2,2,0,0.1666666666666666,0.6666666666666667,0.80360985,
686,2,2,0,0.0,1.0,0.8930721,
692,2,2,0,0.0,1.0,0.4059007,
695,2,2,0,0.3333333333333333,0.3333333333333333,0.026735136,
700,2,2,1,0.5,0.0,0.77497816,
702,2,2,0,0.1666666666666666,0.6666666666666667,0.23715861,
710,2,2,0,0.0,1.0,0.09146759,
713,2,2,1,0.6,0.1999999999999999,0.5029141,
716,2,2,1,0.6666666666666666,0.3333333333333332,0.36094153,
732,2,2,0,0.0,1.0,0.48789364,
738,2,2,0,0.3333333333333333,0.3333333333333333,0.793905,
2,2,3,0,0.4,0.1999999999999999,0.4573547,
7,2,3,1,0.6,0.1999999999999999,0.9788984,
8,2,3,0,0.0,1.0,0.03199646,
9,2,3,0,0.0,1.0,0.6888064,
26,2,3,1,0.8,0.6000000000000001,0.7355727,
32,2,3,0,0.2,0.6,0.7457622,
39,2,3,0,0.0,1.0,0.15977046,
40,2,3,0,0.2,0.6,0.41395146,
42,2,3,0,0.0,1.0,0.22149235,
45,2,3,0,0.0,1.0,0.9734882,
52,2,3,0,0.25,0.5,0.18664812,
53,2,3,0,0.1666666666666666,0.6666666666666667,0.19375655,
55,2,3,0,0.0,1.0,0.5681118,
56,2,3,0,0.25,0.5,0.123637795,
63,2,3,0,0.0,1.0,0.7546123,
69,2,3,0,0.0,1.0,0.07857163,
75,2,3,0,0.0,1.0,0.48294502,
77,2,3,0,0.25,0.5,0.22883964,
78,2,3,0,0.0,1.0,0.20312324,
79,2,3,0,0.25,0.5,0.38697988,
90,2,3,1,0.5,0.0,0.06746051,
92,2,3,0,0.0,1.0,0.21000214,
96,2,3,0,0.0,1.0,0.18960796,
99,2,3,0,0.0,1.0,0.22432858,
100,2,3,0,0.25,0.5,0.6915576,
109,2,3,0,0.1111111111111111,0.7777777777777778,0.9319606,
119,2,3,0,0.1111111111111111,0.7777777777777778,0.62568736,
121,2,3,0,0.1111111111111111,0.7777777777777778,0.2380679,
130,2,3,0,0.1111111111111111,0.7777777777777778,0.011638957,
138,2,3,1,0.5555555555555556,0.1111111111111111,0.31425008,
147,2,3,0,0.0,1.0,0.38414097,
160,2,3,0,0.1666666666666666,0.6666666666666667,0.9238521,
164,2,3,0,0.0,1.0,0.399405,
166,2,3,0,0.25,0.5,0.61459744,
172,2,3,0,0.0,1.0,0.0292361,
180,2,3,0,0.0,1.0,0.22298609,
183,2,3,0,0.0,1.0,0.059128955,
194,2,3,0,0.0,1.0,0.974179,
195,2,3,0,0.0,1.0,0.17867097,
202,2,3,1,0.6,0.1999999999999999,0.01318524,
210,2,3,0,0.4,0.1999999999999999,0.9792318,
211,2,3,1,0.6,0.1999999999999999,0.99854386,
215,2,3,0,0.2,0.6,0.067823455,
225,2,3,0,0.2,0.6,0.023482207,
226,2,3,0,0.0,1.0,0.016236108,
230,2,3,0,0.2,0.6,0.06109518,
231,2,3,1,0.5,0.0,0.7976172,
232,2,3,0,0.25,0.5,0.5714233,
246,2,3,0,0.4,0.1999999999999999,0.8325731,
251,2,3,0,0.25,0.5,0.48508164,
260,2,3,0,0.25,0.5,0.41368124,
266,2,3,0,0.25,0.5,0.22116518,
267,2,3,0,0.0,1.0,5.0557817e-05,
274,2,3,1,0.5,0.0,0.7074058,
282,2,3,0,0.25,0.5,0.09587574,
297,2,3,0,0.0,1.0,0.041809876,
302,2,3,0,0.0,1.0,0.3798806,
308,2,3,0,0.4,0.1999999999999999,0.9700148,
311,2,3,0,0.4,0.1999999999999999,0.008058127,
314,2,3,0,0.0,1.0,0.8966083,
321,2,3,1,0.6,0.1999999999999999,0.77052027,
325,2,3,0,0.0,1.0,0.13771066,
329,2,3,0,0.0,1.0,0.3787253,
332,2,3,0,0.0,1.0,0.7925428,
334,2,3,0,0.4,0.1999999999999999,0.11476655,
336,2,3,0,0.4,0.1999999999999999,0.00865752,
337,2,3,0,0.0,1.0,0.2580684,
340,2,3,1,0.6,0.1999999999999999,0.33288625,
341,2,3,1,0.6,0.1999999999999999,0.8949635,
344,2,3,0,0.2,0.6,0.37441063,
348,2,3,0,0.4,0.1999999999999999,0.99774635,
362,2,3,1,0.75,0.5,0.4469835,
368,2,3,1,0.5,0.0,0.35167137,
397,2,3,1,0.75,0.5,0.6460813,
408,2,3,0,0.4,0.1999999999999999,0.83529884,
410,2,3,1,0.6,0.1999999999999999,0.5858978,
425,2,3,0,0.0,1.0,0.16319105,
426,2,3,1,0.8,0.6000000000000001,0.6907518,
436,2,3,0,0.4,0.1999999999999999,0.7950726,
439,2,3,0,0.2,0.6,0.04487256,
440,2,3,0,0.0,1.0,0.46511894,
443,2,3,0,0.0,1.0,0.016635442,
449,2,3,0,0.4,0.1999999999999999,0.23944376,
450,2,3,0,0.2,0.6,0.27359527,
451,2,3,0,0.25,0.5,0.22798748,
453,2,3,0,0.25,0.5,0.29711527,
454,2,3,0,0.0,1.0,0.17588797,
455,2,3,0,0.0,1.0,0.02647138,
459,2,3,0,0.25,0.5,0.56529,
466,2,3,1,0.5,0.0,0.93229973,
468,2,3,0,0.25,0.5,0.6301085,
469,2,3,1,0.75,0.5,0.13910112,
478,2,3,0,0.0,1.0,0.36892593,
479,2,3,0,0.0,1.0,0.19216417,
481,2,3,0,0.0,1.0,0.07563342,
482,2,3,0,0.0,1.0,0.05447883,
483,2,3,0,0.25,0.5,0.880756,
486,2,3,0,0.25,0.5,0.9621702,
487,2,3,0,0.2,0.6,0.0068250922,
490,2,3,0,0.25,0.5,0.018624267,
497,2,3,0,0.0,1.0,0.07913849,
504,2,3,1,0.75,0.5,0.6483489,
513,2,3,0,0.0,1.0,0.5890789,
523,2,3,0,0.25,0.5,0.80154747,
529,2,3,1,0.5,0.0,0.2709546,
536,2,3,0,0.3333333333333333,0.3333333333333333,0.67311275,
544,2,3,1,0.5,0.0,0.92715675,
551,2,3,1,0.6666666666666666,0.3333333333333332,0.32848638,
557,2,3,0,0.3333333333333333,0.3333333333333333,0.0081159305,
558,2,3,1,0.5,0.0,0.7567097,
560,2,3,0,0.1666666666666666,0.6666666666666667,0.102514155,
561,2,3,1,0.5,0.0,0.024388207,
565,2,3,0,0.3333333333333333,0.3333333333333333,0.95558715,
570,2,3,1,0.6666666666666666,0.3333333333333332,0.38287234,
574,2,3,0,0.3333333333333333,0.3333333333333333,0.12851384,
585,2,3,1,0.5,0.0,0.88752145,
587,2,3,1,0.8333333333333334,0.6666666666666667,0.569149,
596,2,3,1,0.5,0.0,0.35438365,
597,2,3,0,0.0,1.0,0.097480215,
598,2,3,0,0.3333333333333333,0.3333333333333333,0.9434774,
611,2,3,1,0.75,0.5,0.1150517,
621,2,3,1,0.5,0.0,0.68741256,
629,2,3,1,0.5,0.0,0.97886074,
637,2,3,1,0.5,0.0,0.50839484,
644,2,3,0,0.25,0.5,0.39221704,
648,2,3,1,0.5,0.0,0.3644846,
653,2,3,1,0.5,0.0,0.07834058,
654,2,3,0,0.1666666666666666,0.6666666666666667,0.5688968,
670,2,3,1,0.5,0.0,0.8185139,
682,2,3,0,0.1666666666666666,0.6666666666666667,0.8533333,
683,2,3,1,0.8333333333333334,0.6666666666666667,0.08819699,
685,2,3,0,0.0,1.0,0.004593091,
687,2,3,0,0.3333333333333333,0.3333333333333333,0.4331631,
691,2,3,0,0.1666666666666666,0.6666666666666667,0.9482416,
693,2,3,1,0.5,0.0,0.14421359,
704,2,3,0,0.3333333333333333,0.3333333333333333,0.64043313,
705,2,3,1,0.5,0.0,0.045688473,
711,2,3,1,0.6,0.1999999999999999,0.22513455,
717,2,3,1,0.5,0.0,0.417984,
719,2,3,0,0.1666666666666666,0.6666666666666667,0.19094624,
722,2,3,0,0.2,0.6,0.056953743,
725,2,3,0,0.0,1.0,0.092601314,
727,2,3,0,0.4,0.1999999999999999,0.9424069,
729,2,3,0,0.4,0.1999999999999999,0.92243624,
730,2,3,0,0.3333333333333333,0.3333333333333333,0.11962491,
734,2,3,0,0.0,1.0,0.36372483,
740,2,3,0,0.1666666666666666,0.6666666666666667,0.09809956,
3,2,4,0,0.0,1.0,0.5007956,
5,2,4,0,0.2,0.6,0.14044811,
17,2,4,0,0.4,0.1999999999999999,0.75101924,
22,2,4,0,0.2,0.6,0.9503125,
36,2,4,0,0.2,0.6,0.09249704,
41,2,4,0,0.2,0.6,0.093476325,
43,2,4,0,0.2,0.6,0.7449185,
49,2,4,0,0.3333333333333333,0.3333333333333333,0.08887741,
50,2,4,1,0.8,0.6000000000000001,0.101891145,
51,2,4,0,0.25,0.5,0.80300117,
54,2,4,0,0.25,0.5,0.26699096,
65,2,4,0,0.25,0.5,0.29839048,
66,2,4,0,0.0,1.0,0.61223793,
68,2,4,0,0.0,1.0,0.2785601,
72,2,4,0,0.25,0.5,0.106497884,
86,2,4,0,0.0,1.0,0.21210282,
89,2,4,0,0.25,0.5,0.8639718,
102,2,4,0,0.0,1.0,0.004257361,
106,2,4,1,1.0,1.0,0.3327824,
107,2,4,0,0.1111111111111111,0.7777777777777778,0.6540196,
110,2,4,0,0.0,1.0,0.15267253,
112,2,4,0,0.125,0.75,0.008412729,
115,2,4,0,0.0,1.0,0.17250825,
117,2,4,0,0.25,0.5,0.06575147,
125,2,4,0,0.125,0.75,0.2921085,
126,2,4,0,0.2222222222222222,0.5555555555555556,0.78065574,
135,2,4,0,0.1666666666666666,0.6666666666666667,0.0029937008,
137,2,4,1,0.6666666666666666,0.3333333333333332,0.060835253,
140,2,4,0,0.2222222222222222,0.5555555555555556,0.43958333,
145,2,4,0,0.4444444444444444,0.1111111111111111,0.008230851,
146,2,4,1,0.8888888888888888,0.7777777777777777,0.33159703,
154,2,4,0,0.25,0.5,0.058441717,
155,2,4,0,0.25,0.5,0.26838988,
161,2,4,0,0.0,1.0,0.83396673,
169,2,4,0,0.0,1.0,0.38940027,
170,2,4,0,0.1666666666666666,0.6666666666666667,0.38432097,
174,2,4,1,0.5,0.0,0.32620132,
175,2,4,0,0.0,1.0,0.11237201,
178,2,4,0,0.0,1.0,0.008772053,
186,2,4,0,0.0,1.0,0.1560195,
192,2,4,0,0.0,1.0,0.40285388,
193,2,4,0,0.25,0.5,0.27148762,
197,2,4,0,0.0,1.0,0.0044960557,
200,2,4,0,0.2,0.6,0.48812345,
204,2,4,0,0.4,0.1999999999999999,0.13836494,
209,2,4,0,0.2,0.6,0.15884706,
217,2,4,0,0.0,1.0,0.021365404,
219,2,4,0,0.0,1.0,0.124705955,
221,2,4,1,0.8,0.6000000000000001,0.37719715,
228,2,4,0,0.2,0.6,0.06647245,
233,2,4,0,0.0,1.0,0.06096878,
234,2,4,0,0.25,0.5,0.012940472,
236,2,4,0,0.0,1.0,0.008601148,
239,2,4,1,0.6,0.1999999999999999,0.006465184,
242,2,4,1,0.6,0.1999999999999999,0.028381374,
243,2,4,0,0.0,1.0,0.07541326,
254,2,4,0,0.25,0.5,0.009755918,
289,2,4,1,0.5,0.0,0.59393936,
294,2,4,0,0.0,1.0,0.43736643,
299,2,4,1,0.8,0.6000000000000001,0.28638566,
313,2,4,0,0.0,1.0,0.71628886,
315,2,4,1,0.8,0.6000000000000001,0.8333837,
317,2,4,0,0.4,0.1999999999999999,0.0013480951,
319,2,4,0,0.2,0.6,0.32874787,
320,2,4,0,0.0,1.0,0.78712773,
323,2,4,0,0.0,1.0,0.25526422,
330,2,4,0,0.4,0.1999999999999999,0.4405155,
350,2,4,0,0.0,1.0,0.0869943,
356,2,4,0,0.25,0.5,0.5998555,
365,2,4,0,0.25,0.5,0.9376861,
366,2,4,0,0.0,1.0,0.5222254,
369,2,4,0,0.0,1.0,0.081475064,
370,2,4,0,0.0,1.0,0.20153156,
377,2,4,0,0.25,0.5,0.8308964,
380,2,4,1,0.75,0.5,0.2788999,
385,2,4,1,0.5,0.0,0.04007888,
386,2,4,0,0.25,0.5,0.89330864,
391,2,4,0,0.0,1.0,0.01782422,
396,2,4,1,0.75,0.5,0.56527805,
400,2,4,1,0.5,0.0,0.99640703,
403,2,4,0,0.0,1.0,0.049153537,
404,2,4,1,0.6,0.1999999999999999,0.62635666,
407,2,4,0,0.2,0.6,0.8479873,
415,2,4,0,0.0,1.0,0.9251601,
417,2,4,0,0.2,0.6,0.8478192,
419,2,4,0,0.4,0.1999999999999999,0.7075889,
423,2,4,0,0.0,1.0,0.2689554,
437,2,4,1,0.6,0.1999999999999999,0.96680737,
457,2,4,1,0.5,0.0,0.96529937,
472,2,4,0,0.25,0.5,0.0058047394,
473,2,4,0,0.25,0.5,0.42207134,
484,2,4,0,0.25,0.5,0.2755972,
491,2,4,1,0.5,0.0,0.21686098,
494,2,4,1,0.8,0.6000000000000001,0.6082149,
495,2,4,0,0.0,1.0,0.20005716,
500,2,4,0,0.25,0.5,0.13600767,
501,2,4,0,0.25,0.5,0.256548,
502,2,4,1,0.75,0.5,0.16658652,
507,2,4,1,1.0,1.0,0.3656614,
511,2,4,1,0.5,0.0,0.7726582,
522,2,4,0,0.25,0.5,0.653397,
527,2,4,0,0.25,0.5,0.7171393,
532,2,4,0,0.0,1.0,0.05324983,
537,2,4,0,0.25,0.5,0.5288169,
540,2,4,0,0.25,0.5,0.9696455,
556,2,4,0,0.1666666666666666,0.6666666666666667,0.97689897,
562,2,4,0,0.3333333333333333,0.3333333333333333,0.9804021,
564,2,4,1,0.5,0.0,0.9889908,
567,2,4,0,0.3333333333333333,0.3333333333333333,0.019218769,
572,2,4,1,0.8333333333333334,0.6666666666666667,0.10877949,
576,2,4,1,0.5,0.0,0.68022645,
578,2,4,1,0.5,0.0,0.42183083,
589,2,4,0,0.3333333333333333,0.3333333333333333,0.2553772,
591,2,4,1,0.5,0.0,0.017733105,
599,2,4,0,0.0,1.0,0.5599189,
608,2,4,0,0.0,1.0,0.556493,
614,2,4,1,0.75,0.5,0.8171575,
616,2,4,1,0.75,0.5,0.1369454,
624,2,4,0,0.25,0.5,0.092698365,
626,2,4,1,0.5,0.0,0.0033747363,
631,2,4,0,0.0,1.0,0.774456,
632,2,4,1,0.5,0.0,0.80799955,
633,2,4,1,0.5,0.0,0.859552,
634,2,4,0,0.25,0.5,0.106973745,
635,2,4,1,0.5,0.0,0.8728444,
639,2,4,0,0.0,1.0,0.040346306,
640,2,4,1,0.75,0.5,0.243962,
641,2,4,0,0.0,1.0,0.6167422,
645,2,4,1,0.75,0.5,0.6283847,
649,2,4,1,0.5,0.0,0.0741493,
651,2,4,0,0.3333333333333333,0.3333333333333333,0.16422996,
664,2,4,1,0.6666666666666666,0.3333333333333332,0.3646137,
669,2,4,0,0.3333333333333333,0.3333333333333333,0.81833655,
673,2,4,0,0.3333333333333333,0.3333333333333333,0.054595564,
675,2,4,0,0.3333333333333333,0.3333333333333333,0.26935333,
676,2,4,0,0.1666666666666666,0.6666666666666667,0.05129599,
694,2,4,0,0.3333333333333333,0.3333333333333333,0.20923465,
698,2,4,1,0.5,0.0,0.7085626,
703,2,4,0,0.0,1.0,0.16698097,
707,2,4,1,0.5,0.0,0.047178924,
709,2,4,0,0.3333333333333333,0.3333333333333333,0.88868725,
714,2,4,0,0.3333333333333333,0.3333333333333333,0.5703294,
715,2,4,1,0.5,0.0,0.009121837,
718,2,4,0,0.1666666666666666,0.6666666666666667,0.004463859,
720,2,4,0,0.0,1.0,0.0072980495,
731,2,4,0,0.0,1.0,0.13487394,
741,2,4,0,0.2,0.6,0.6427463,
3,3,0,0,0.0,1.0,0.14439252,
5,3,0,0,0.2,0.6,0.41446424,
7,3,0,1,0.6,0.1999999999999999,0.6455333,
25,3,0,0,0.2,0.6,0.57625264,
30,3,0,0,0.2,0.6,0.14736028,
36,3,0,0,0.2,0.6,0.035883293,
37,3,0,0,0.2,0.6,0.0375197,
39,3,0,0,0.0,1.0,0.1724385,
44,3,0,0,0.0,1.0,0.18681368,
48,3,0,1,0.6,0.1999999999999999,0.37300038,
50,3,0,1,0.8,0.6000000000000001,0.82006145,
57,3,0,1,1.0,1.0,0.198935,
58,3,0,0,0.25,0.5,0.2316265,
59,3,0,0,0.25,0.5,0.0031920653,
60,3,0,0,0.0,1.0,0.29827923,
77,3,0,0,0.25,0.5,0.49586037,
78,3,0,0,0.0,1.0,0.12566294,
81,3,0,0,0.0,1.0,0.259966,
99,3,0,0,0.0,1.0,0.28489617,
114,3,0,0,0.1111111111111111,0.7777777777777778,0.67551017,
115,3,0,0,0.0,1.0,0.20334072,
116,3,0,0,0.0,1.0,0.16285318,
125,3,0,0,0.125,0.75,0.33499026,
126,3,0,0,0.2222222222222222,0.5555555555555556,0.44702154,
127,3,0,1,0.6666666666666666,0.3333333333333332,0.20823593,
130,3,0,0,0.1111111111111111,0.7777777777777778,0.00777475,
144,3,0,0,0.0,1.0,0.23750079,
145,3,0,0,0.4444444444444444,0.1111111111111111,0.10392609,
147,3,0,0,0.0,1.0,0.20254222,
149,3,0,0,0.3333333333333333,0.3333333333333333,0.013321977,
154,3,0,0,0.25,0.5,0.35566238,
161,3,0,0,0.0,1.0,0.51743126,
162,3,0,0,0.2,0.6,0.12030296,
166,3,0,0,0.25,0.5,0.2842756,
167,3,0,0,0.0,1.0,0.87868685,
169,3,0,0,0.0,1.0,0.38422912,
181,3,0,1,0.5,0.0,0.5285593,
186,3,0,0,0.0,1.0,0.35021868,
188,3,0,0,0.0,1.0,0.5916251,
190,3,0,0,0.25,0.5,0.15754268,
203,3,0,0,0.2,0.6,0.11277217,
204,3,0,0,0.4,0.1999999999999999,0.24051774,
205,3,0,0,0.2,0.6,0.032118566,
209,3,0,0,0.2,0.6,0.34685415,
210,3,0,0,0.4,0.1999999999999999,0.95169425,
216,3,0,0,0.0,1.0,0.52488977,
220,3,0,0,0.4,0.1999999999999999,0.06511262,
225,3,0,0,0.2,0.6,0.028984418,
235,3,0,0,0.0,1.0,0.005330139,
247,3,0,0,0.2,0.6,0.18948027,
253,3,0,0,0.0,1.0,0.67160857,
267,3,0,0,0.0,1.0,0.0008934301,
269,3,0,1,0.5,0.0,0.51119536,
271,3,0,0,0.0,1.0,0.4490455,
273,3,0,1,0.5,0.0,0.62427557,
283,3,0,0,0.25,0.5,0.12227559,
284,3,0,1,0.5,0.0,0.35511768,
285,3,0,0,0.4,0.1999999999999999,0.33579147,
291,3,0,0,0.0,1.0,0.08010008,
292,3,0,0,0.25,0.5,0.9532747,
308,3,0,0,0.4,0.1999999999999999,0.9127854,
309,3,0,1,0.8,0.6000000000000001,0.22655508,
320,3,0,0,0.0,1.0,0.35815525,
329,3,0,0,0.0,1.0,0.11416748,
341,3,0,1,0.6,0.1999999999999999,0.35340494,
346,3,0,1,0.6,0.1999999999999999,0.98093176,
348,3,0,0,0.4,0.1999999999999999,0.99482834,
349,3,0,0,0.0,1.0,0.009546086,
351,3,0,0,0.0,1.0,0.81044257,
354,3,0,0,0.25,0.5,0.6753074,
370,3,0,0,0.0,1.0,0.11656846,
373,3,0,0,0.0,1.0,0.5789006,
374,3,0,1,0.5,0.0,0.50199544,
390,3,0,1,0.75,0.5,0.10316613,
391,3,0,0,0.0,1.0,0.056649923,
395,3,0,1,0.5,0.0,0.57841766,
404,3,0,1,0.6,0.1999999999999999,0.41324306,
405,3,0,0,0.0,1.0,0.70631385,
411,3,0,0,0.2,0.6,0.96598756,
412,3,0,1,1.0,1.0,0.5728896,
414,3,0,1,0.6,0.1999999999999999,0.5456774,
415,3,0,0,0.0,1.0,0.9541712,
419,3,0,0,0.4,0.1999999999999999,0.46830606,
425,3,0,0,0.0,1.0,0.6738061,
426,3,0,1,0.8,0.6000000000000001,0.66424346,
435,3,0,0,0.4,0.1999999999999999,0.5926932,
437,3,0,1,0.6,0.1999999999999999,0.3149456,
443,3,0,0,0.0,1.0,0.022188736,
453,3,0,0,0.25,0.5,0.18613511,
461,3,0,1,0.5,0.0,0.4731141,
464,3,0,0,0.0,1.0,0.97869086,
467,3,0,1,1.0,1.0,0.6878525,
472,3,0,0,0.25,0.5,0.1690607,
484,3,0,0,0.25,0.5,0.35816884,
488,3,0,1,0.5,0.0,0.94267976,
489,3,0,0,0.0,1.0,0.64122194,
493,3,0,0,0.0,1.0,0.98367244,
498,3,0,0,0.0,1.0,0.13151105,
500,3,0,0,0.25,0.5,0.30863243,
511,3,0,1,0.5,0.0,0.89062047,
522,3,0,0,0.25,0.5,0.4753438,
523,3,0,0,0.25,0.5,0.7169692,
531,3,0,1,0.75,0.5,0.97596645,
534,3,0,1,0.75,0.5,0.022444751,
544,3,0,1,0.5,0.0,0.67942905,
546,3,0,1,0.5,0.0,0.15389988,
554,3,0,1,0.5,0.0,0.905476,
560,3,0,0,0.1666666666666666,0.6666666666666667,0.35702884,
567,3,0,0,0.3333333333333333,0.3333333333333333,0.17838624,
577,3,0,0,0.1666666666666666,0.6666666666666667,0.073862165,
580,3,0,0,0.3333333333333333,0.3333333333333333,0.17813602,
591,3,0,1,0.5,0.0,0.083621845,
596,3,0,1,0.5,0.0,0.2948282,
601,3,0,0,0.0,1.0,0.3594094,
604,3,0,1,0.75,0.5,0.42332703,
613,3,0,0,0.0,1.0,0.45977145,
618,3,0,0,0.0,1.0,0.78340626,
622,3,0,1,0.75,0.5,0.5275473,
633,3,0,1,0.5,0.0,0.78917,
645,3,0,1,0.75,0.5,0.89492667,
648,3,0,1,0.5,0.0,0.39007366,
650,3,0,0,0.0,1.0,0.002231618,
651,3,0,0,0.3333333333333333,0.3333333333333333,0.55649316,
653,3,0,1,0.5,0.0,0.40721235,
665,3,0,0,0.1666666666666666,0.6666666666666667,0.680969,
667,3,0,0,0.3333333333333333,0.3333333333333333,0.578065,
668,3,0,0,0.1666666666666666,0.6666666666666667,0.3774073,
673,3,0,0,0.3333333333333333,0.3333333333333333,0.043747447,
674,3,0,0,0.3333333333333333,0.3333333333333333,0.7782758,
681,3,0,0,0.1666666666666666,0.6666666666666667,0.2790409,
683,3,0,1,0.8333333333333334,0.6666666666666667,0.22207478,
685,3,0,0,0.0,1.0,0.067982376,
689,3,0,0,0.0,1.0,0.065663375,
690,3,0,0,0.0,1.0,0.975543,
692,3,0,0,0.0,1.0,0.052095145,
694,3,0,0,0.3333333333333333,0.3333333333333333,0.10651572,
703,3,0,0,0.0,1.0,0.4319535,
707,3,0,1,0.5,0.0,0.058639076,
714,3,0,0,0.3333333333333333,0.3333333333333333,0.41145152,
716,3,0,1,0.6666666666666666,0.3333333333333332,0.6230999,
717,3,0,1,0.5,0.0,0.6912441,
723,3,0,0,0.1666666666666666,0.6666666666666667,0.5085895,
725,3,0,0,0.0,1.0,0.077901274,
730,3,0,0,0.3333333333333333,0.3333333333333333,0.36195704,
733,3,0,0,0.1666666666666666,0.6666666666666667,0.541576,
740,3,0,0,0.1666666666666666,0.6666666666666667,0.040839877,
742,3,0,1,0.5,0.0,0.8847941,
6,3,1,0,0.2,0.6,0.39643127,
10,3,1,0,0.0,1.0,0.012439779,
14,3,1,0,0.2,0.6,0.4679434,
31,3,1,0,0.1666666666666666,0.6666666666666667,0.1678668,
35,3,1,1,0.5,0.0,0.5779534,
41,3,1,0,0.2,0.6,0.41187316,
42,3,1,0,0.0,1.0,0.07904917,
52,3,1,0,0.25,0.5,0.1736038,
55,3,1,0,0.0,1.0,0.6285305,
61,3,1,0,0.2,0.6,0.0020216575,
62,3,1,0,0.25,0.5,0.45602846,
63,3,1,0,0.0,1.0,0.30488366,
65,3,1,0,0.25,0.5,0.42598492,
66,3,1,0,0.0,1.0,0.7413137,
73,3,1,0,0.0,1.0,0.21431124,
84,3,1,0,0.3333333333333333,0.3333333333333333,0.7942276,
87,3,1,0,0.0,1.0,0.10823845,
91,3,1,0,0.25,0.5,0.14580686,
92,3,1,0,0.0,1.0,0.14474341,
93,3,1,0,0.0,1.0,0.33255023,
97,3,1,0,0.25,0.5,0.80110145,
106,3,1,1,1.0,1.0,0.708014,
136,3,1,0,0.3333333333333333,0.3333333333333333,0.5105277,
141,3,1,0,0.0,1.0,0.6579646,
151,3,1,0,0.0,1.0,0.51048356,
153,3,1,0,0.0,1.0,0.009740209,
157,3,1,0,0.25,0.5,0.41804695,
160,3,1,0,0.1666666666666666,0.6666666666666667,0.27439338,
174,3,1,1,0.5,0.0,0.6413651,
180,3,1,0,0.0,1.0,0.5279494,
197,3,1,0,0.0,1.0,0.019104943,
198,3,1,0,0.0,1.0,0.43788165,
211,3,1,1,0.6,0.1999999999999999,0.9955795,
215,3,1,0,0.2,0.6,0.032776866,
217,3,1,0,0.0,1.0,0.0401318,
223,3,1,0,0.2,0.6,0.032208897,
231,3,1,1,0.5,0.0,0.27435917,
233,3,1,0,0.0,1.0,0.0031765213,
237,3,1,0,0.4,0.1999999999999999,0.019736432,
239,3,1,1,0.6,0.1999999999999999,0.010066496,
242,3,1,1,0.6,0.1999999999999999,0.025943551,
243,3,1,0,0.0,1.0,0.0035596737,
244,3,1,1,0.6,0.1999999999999999,0.89210176,
248,3,1,0,0.4,0.1999999999999999,0.23271495,
249,3,1,1,0.6,0.1999999999999999,0.1320096,
251,3,1,0,0.25,0.5,0.11311801,
255,3,1,0,0.25,0.5,0.042861044,
257,3,1,0,0.25,0.5,0.14842683,
259,3,1,0,0.0,1.0,0.034958657,
261,3,1,0,0.25,0.5,0.44015285,
264,3,1,0,0.25,0.5,0.21453783,
265,3,1,1,0.5,0.0,0.7703643,
266,3,1,0,0.25,0.5,0.28438604,
268,3,1,1,0.5,0.0,0.3149187,
276,3,1,0,0.2,0.6,0.96687734,
288,3,1,1,0.75,0.5,0.2669924,
296,3,1,0,0.0,1.0,0.0025935227,
297,3,1,0,0.0,1.0,0.01928346,
306,3,1,0,0.0,1.0,0.5936644,
310,3,1,0,0.2,0.6,0.08202849,
313,3,1,0,0.0,1.0,0.666714,
314,3,1,0,0.0,1.0,0.9665457,
315,3,1,1,0.8,0.6000000000000001,0.98175496,
317,3,1,0,0.4,0.1999999999999999,0.020229783,
319,3,1,0,0.2,0.6,0.06838539,
326,3,1,0,0.0,1.0,0.0016986346,
330,3,1,0,0.4,0.1999999999999999,0.6667057,
337,3,1,0,0.0,1.0,0.7551256,
350,3,1,0,0.0,1.0,0.21541405,
355,3,1,0,0.25,0.5,0.08560589,
358,3,1,0,0.25,0.5,0.93921113,
364,3,1,1,0.5,0.0,0.4369172,
366,3,1,0,0.0,1.0,0.6705327,
376,3,1,1,0.5,0.0,0.92064404,
378,3,1,1,0.5,0.0,0.033743378,
383,3,1,0,0.0,1.0,0.52744746,
388,3,1,1,0.5,0.0,0.042127855,
393,3,1,0,0.25,0.5,0.02368756,
394,3,1,1,0.5,0.0,0.77320194,
402,3,1,1,0.6,0.1999999999999999,0.3292603,
403,3,1,0,0.0,1.0,0.08315045,
406,3,1,1,0.6,0.1999999999999999,0.39148033,
408,3,1,0,0.4,0.1999999999999999,0.0680989,
413,3,1,0,0.0,1.0,0.08295979,
420,3,1,0,0.0,1.0,0.1421692,
422,3,1,1,0.6,0.1999999999999999,0.004312458,
430,3,1,1,0.6,0.1999999999999999,0.03146311,
439,3,1,0,0.2,0.6,0.14050561,
441,3,1,0,0.2,0.6,0.012914114,
445,3,1,0,0.0,1.0,0.028284555,
459,3,1,0,0.25,0.5,0.0034388895,
462,3,1,1,0.5,0.0,0.78251857,
469,3,1,1,0.75,0.5,0.14372323,
473,3,1,0,0.25,0.5,0.44847798,
475,3,1,0,0.25,0.5,0.036314823,
482,3,1,0,0.0,1.0,0.074908316,
485,3,1,1,0.5,0.0,0.15049039,
490,3,1,0,0.25,0.5,0.00012556347,
496,3,1,1,0.75,0.5,0.5359056,
512,3,1,1,1.0,1.0,0.9359283,
518,3,1,0,0.25,0.5,0.11473022,
524,3,1,0,0.0,1.0,0.9143386,
525,3,1,0,0.2,0.6,0.007789351,
532,3,1,0,0.0,1.0,0.103985325,
535,3,1,0,0.25,0.5,0.71303576,
543,3,1,1,0.5,0.0,0.06881638,
545,3,1,0,0.25,0.5,0.018701619,
548,3,1,1,0.5,0.0,0.024416886,
551,3,1,1,0.6666666666666666,0.3333333333333332,0.6519407,
562,3,1,0,0.3333333333333333,0.3333333333333333,0.98969364,
576,3,1,1,0.5,0.0,0.57329273,
579,3,1,0,0.3333333333333333,0.3333333333333333,0.92946863,
581,3,1,0,0.3333333333333333,0.3333333333333333,0.742301,
585,3,1,1,0.5,0.0,0.037740618,
588,3,1,0,0.1666666666666666,0.6666666666666667,0.10583514,
594,3,1,0,0.0,1.0,0.022529678,
611,3,1,1,0.75,0.5,0.006576631,
625,3,1,0,0.0,1.0,0.032588042,
627,3,1,1,0.75,0.5,0.2088131,
630,3,1,1,0.5,0.0,0.3643736,
632,3,1,1,0.5,0.0,0.35756528,
634,3,1,0,0.25,0.5,0.59480923,
635,3,1,1,0.5,0.0,0.5032909,
638,3,1,0,0.25,0.5,0.8087284,
639,3,1,0,0.0,1.0,0.0014879759,
641,3,1,0,0.0,1.0,0.43747154,
643,3,1,1,0.5,0.0,0.20438327,
644,3,1,0,0.25,0.5,0.3237942,
647,3,1,1,0.5,0.0,0.7571845,
654,3,1,0,0.1666666666666666,0.6666666666666667,0.025560621,
655,3,1,1,0.6666666666666666,0.3333333333333332,0.44752395,
660,3,1,0,0.1666666666666666,0.6666666666666667,0.016222946,
662,3,1,0,0.0,1.0,0.30332708,
664,3,1,1,0.6666666666666666,0.3333333333333332,0.54805434,
669,3,1,0,0.3333333333333333,0.3333333333333333,0.61504626,
675,3,1,0,0.3333333333333333,0.3333333333333333,0.014614991,
682,3,1,0,0.1666666666666666,0.6666666666666667,0.43390492,
688,3,1,0,0.1666666666666666,0.6666666666666667,0.20836365,
691,3,1,0,0.1666666666666666,0.6666666666666667,0.989074,
693,3,1,1,0.5,0.0,0.53810203,
710,3,1,0,0.0,1.0,0.13324611,
720,3,1,0,0.0,1.0,0.023354944,
721,3,1,0,0.3333333333333333,0.3333333333333333,0.7518232,
732,3,1,0,0.0,1.0,0.67297244,
734,3,1,0,0.0,1.0,0.17571688,
735,3,1,0,0.0,1.0,0.048474945,
738,3,1,0,0.3333333333333333,0.3333333333333333,0.8964343,
1,3,2,0,0.3333333333333333,0.3333333333333333,0.5481067,
2,3,2,0,0.4,0.1999999999999999,0.034814134,
8,3,2,0,0.0,1.0,0.035322234,
21,3,2,0,0.2,0.6,0.4559159,
22,3,2,0,0.2,0.6,0.9548006,
24,3,2,0,0.0,1.0,0.089237064,
27,3,2,0,0.2,0.6,0.15548539,
34,3,2,0,0.1666666666666666,0.6666666666666667,0.0330338,
38,3,2,0,0.0,1.0,0.86155534,
40,3,2,0,0.2,0.6,0.44720542,
45,3,2,0,0.0,1.0,0.62578845,
47,3,2,0,0.25,0.5,0.18026444,
49,3,2,0,0.3333333333333333,0.3333333333333333,0.08042893,
56,3,2,0,0.25,0.5,0.022801494,
64,3,2,0,0.3333333333333333,0.3333333333333333,0.020786416,
69,3,2,0,0.0,1.0,0.4401841,
86,3,2,0,0.0,1.0,0.04817894,
95,3,2,0,0.25,0.5,0.37426013,
96,3,2,0,0.0,1.0,0.07624999,
100,3,2,0,0.25,0.5,0.42905506,
107,3,2,0,0.1111111111111111,0.7777777777777778,0.7069329,
110,3,2,0,0.0,1.0,0.570794,
120,3,2,0,0.0,1.0,0.32927907,
121,3,2,0,0.1111111111111111,0.7777777777777778,0.53641,
123,3,2,0,0.0,1.0,0.13360378,
129,3,2,0,0.2,0.6,0.11168361,
131,3,2,0,0.0,1.0,0.017826539,
133,3,2,1,0.8888888888888888,0.7777777777777777,0.03384681,
135,3,2,0,0.1666666666666666,0.6666666666666667,0.02135897,
138,3,2,1,0.5555555555555556,0.1111111111111111,0.14086929,
146,3,2,1,0.8888888888888888,0.7777777777777777,0.15508243,
148,3,2,0,0.1111111111111111,0.7777777777777778,0.1644849,
150,3,2,0,0.0,1.0,0.69804597,
155,3,2,0,0.25,0.5,0.16003045,
156,3,2,0,0.25,0.5,0.3839942,
163,3,2,0,0.25,0.5,0.6267358,
165,3,2,0,0.0,1.0,0.30281022,
170,3,2,0,0.1666666666666666,0.6666666666666667,0.12854928,
173,3,2,0,0.25,0.5,0.048037805,
184,3,2,0,0.0,1.0,0.0050226124,
189,3,2,1,0.5,0.0,0.6193466,
191,3,2,0,0.0,1.0,0.44397613,
193,3,2,0,0.25,0.5,0.82756436,
195,3,2,0,0.0,1.0,0.13316652,
196,3,2,1,0.5,0.0,0.60057604,
207,3,2,0,0.2,0.6,0.056443933,
208,3,2,0,0.0,1.0,0.069545284,
214,3,2,0,0.2,0.6,0.006573435,
221,3,2,1,0.8,0.6000000000000001,0.086681195,
227,3,2,1,1.0,1.0,0.071339644,
230,3,2,0,0.2,0.6,0.1464203,
234,3,2,0,0.25,0.5,0.004248963,
262,3,2,1,0.5,0.0,0.39944375,
270,3,2,0,0.0,1.0,0.9214102,
278,3,2,0,0.25,0.5,0.10316053,
280,3,2,0,0.25,0.5,0.13474064,
282,3,2,0,0.25,0.5,0.1129697,
290,3,2,0,0.0,1.0,0.18064672,
294,3,2,0,0.0,1.0,0.412134,
295,3,2,0,0.0,1.0,0.10485224,
298,3,2,0,0.25,0.5,0.53813815,
299,3,2,1,0.8,0.6000000000000001,0.058171295,
300,3,2,0,0.0,1.0,0.43193954,
304,3,2,1,0.8,0.6000000000000001,0.7241634,
311,3,2,0,0.4,0.1999999999999999,0.21837312,
312,3,2,0,0.0,1.0,0.2709648,
322,3,2,1,0.6,0.1999999999999999,0.80799055,
323,3,2,0,0.0,1.0,0.61150146,
333,3,2,0,0.0,1.0,0.03677389,
334,3,2,0,0.4,0.1999999999999999,0.20943564,
344,3,2,0,0.2,0.6,0.11131218,
357,3,2,1,0.5,0.0,0.36933017,
367,3,2,0,0.25,0.5,0.9248513,
371,3,2,0,0.25,0.5,0.45779407,
382,3,2,1,0.5,0.0,0.30111647,
396,3,2,1,0.75,0.5,0.80967605,
398,3,2,0,0.25,0.5,0.84776247,
417,3,2,0,0.2,0.6,0.53686076,
421,3,2,0,0.2,0.6,0.5911448,
427,3,2,1,0.6,0.1999999999999999,0.56552005,
429,3,2,0,0.0,1.0,0.25118876,
433,3,2,0,0.0,1.0,0.18635482,
434,3,2,0,0.0,1.0,0.7861211,
436,3,2,0,0.4,0.1999999999999999,0.96994174,
438,3,2,0,0.1666666666666666,0.6666666666666667,0.09596385,
442,3,2,1,0.8,0.6000000000000001,0.85649025,
448,3,2,0,0.0,1.0,0.18451887,
451,3,2,0,0.25,0.5,0.14351603,
463,3,2,0,0.25,0.5,0.800244,
466,3,2,1,0.5,0.0,0.948233,
471,3,2,0,0.0,1.0,0.8431625,
474,3,2,0,0.0,1.0,0.067098014,
477,3,2,0,0.0,1.0,0.2919337,
481,3,2,0,0.0,1.0,0.07934642,
492,3,2,0,0.3333333333333333,0.3333333333333333,0.004620405,
494,3,2,1,0.8,0.6000000000000001,0.80154777,
502,3,2,1,0.75,0.5,0.19253269,
507,3,2,1,1.0,1.0,0.6741445,
513,3,2,0,0.0,1.0,0.5030166,
530,3,2,1,0.5,0.0,0.12708728,
537,3,2,0,0.25,0.5,0.21349375,
539,3,2,0,0.25,0.5,0.73654926,
540,3,2,0,0.25,0.5,0.86380845,
547,3,2,1,0.5,0.0,0.70457745,
550,3,2,0,0.0,1.0,0.20977436,
553,3,2,0,0.0,1.0,0.8412041,
556,3,2,0,0.1666666666666666,0.6666666666666667,0.6947208,
561,3,2,1,0.5,0.0,0.01113259,
564,3,2,1,0.5,0.0,0.8670392,
569,3,2,0,0.1666666666666666,0.6666666666666667,0.9627937,
582,3,2,1,0.5,0.0,0.05129444,
586,3,2,1,0.6666666666666666,0.3333333333333332,0.02714505,
592,3,2,1,0.6,0.1999999999999999,0.5201696,
593,3,2,1,0.5,0.0,0.13912357,
595,3,2,1,0.8333333333333334,0.6666666666666667,0.8118696,
598,3,2,0,0.3333333333333333,0.3333333333333333,0.93979657,
600,3,2,0,0.1666666666666666,0.6666666666666667,0.45539713,
603,3,2,1,0.5,0.0,0.5328785,
606,3,2,0,0.25,0.5,0.085614614,
607,3,2,0,0.0,1.0,0.34417805,
609,3,2,0,0.25,0.5,0.73741627,
614,3,2,1,0.75,0.5,0.6131413,
615,3,2,1,0.75,0.5,0.74633324,
621,3,2,1,0.5,0.0,0.89745224,
624,3,2,0,0.25,0.5,0.029956628,
626,3,2,1,0.5,0.0,0.0144172525,
631,3,2,0,0.0,1.0,0.7968507,
640,3,2,1,0.75,0.5,0.45739126,
642,3,2,1,0.75,0.5,0.9658005,
657,3,2,1,0.5,0.0,0.2624237,
658,3,2,0,0.1666666666666666,0.6666666666666667,0.9086257,
663,3,2,0,0.3333333333333333,0.3333333333333333,0.42753595,
672,3,2,0,0.0,1.0,0.018733457,
679,3,2,0,0.4,0.1999999999999999,0.11170685,
687,3,2,0,0.3333333333333333,0.3333333333333333,0.06595775,
698,3,2,1,0.5,0.0,0.9203819,
699,3,2,0,0.1666666666666666,0.6666666666666667,0.96738994,
702,3,2,0,0.1666666666666666,0.6666666666666667,0.30638692,
705,3,2,1,0.5,0.0,0.10784128,
706,3,2,1,0.6666666666666666,0.3333333333333332,0.5347667,
708,3,2,0,0.0,1.0,0.32064044,
709,3,2,0,0.3333333333333333,0.3333333333333333,0.7849784,
719,3,2,0,0.1666666666666666,0.6666666666666667,0.31846347,
726,3,2,0,0.0,1.0,0.68605876,
736,3,2,0,0.0,1.0,0.9380528,
739,3,2,0,0.3333333333333333,0.3333333333333333,0.44337767,
741,3,2,0,0.2,0.6,0.48556587,
4,3,3,1,0.6,0.1999999999999999,0.5995848,
11,3,3,1,0.6,0.1999999999999999,0.85249764,
13,3,3,0,0.2,0.6,0.57357454,
15,3,3,0,0.4,0.1999999999999999,0.93003833,
16,3,3,1,0.6,0.1999999999999999,0.20370257,
18,3,3,1,0.6,0.1999999999999999,0.178904,
28,3,3,0,0.2,0.6,0.2790932,
29,3,3,0,0.2,0.6,0.6553855,
54,3,3,0,0.25,0.5,0.20775805,
67,3,3,0,0.0,1.0,0.024750143,
71,3,3,0,0.0,1.0,0.069057986,
72,3,3,0,0.25,0.5,0.40427873,
74,3,3,0,0.0,1.0,0.8794973,
75,3,3,0,0.0,1.0,0.21550716,
79,3,3,0,0.25,0.5,0.5634556,
80,3,3,0,0.0,1.0,0.80544066,
82,3,3,0,0.25,0.5,0.36011332,
83,3,3,0,0.25,0.5,0.8288153,
85,3,3,0,0.25,0.5,0.8402748,
89,3,3,0,0.25,0.5,0.8152518,
90,3,3,1,0.5,0.0,0.2356405,
94,3,3,0,0.25,0.5,0.54752094,
98,3,3,0,0.3333333333333333,0.3333333333333333,0.03642261,
101,3,3,0,0.3333333333333333,0.3333333333333333,0.94764984,
103,3,3,0,0.1111111111111111,0.7777777777777778,0.8722228,
108,3,3,0,0.25,0.5,0.9857416,
112,3,3,0,0.125,0.75,0.05832848,
119,3,3,0,0.1111111111111111,0.7777777777777778,0.7932959,
122,3,3,0,0.0,1.0,0.5667841,
134,3,3,0,0.1111111111111111,0.7777777777777778,0.41681167,
137,3,3,1,0.6666666666666666,0.3333333333333332,0.14072174,
140,3,3,0,0.2222222222222222,0.5555555555555556,0.74570113,
152,3,3,0,0.0,1.0,0.2680087,
159,3,3,0,0.0,1.0,0.8408189,
164,3,3,0,0.0,1.0,0.6129675,
177,3,3,0,0.0,1.0,0.57639724,
182,3,3,0,0.0,1.0,0.9761323,
183,3,3,0,0.0,1.0,0.15073335,
192,3,3,0,0.0,1.0,0.1956338,
199,3,3,0,0.25,0.5,0.17748791,
201,3,3,0,0.25,0.5,0.8585012,
213,3,3,0,0.4,0.1999999999999999,0.99548304,
219,3,3,0,0.0,1.0,0.10679837,
226,3,3,0,0.0,1.0,0.4916587,
228,3,3,0,0.2,0.6,0.7956195,
238,3,3,0,0.25,0.5,0.0010030356,
241,3,3,1,0.6,0.1999999999999999,0.48340175,
245,3,3,0,0.0,1.0,0.80699515,
250,3,3,0,0.4,0.1999999999999999,0.79853463,
252,3,3,0,0.0,1.0,0.16253985,
258,3,3,0,0.0,1.0,0.31958354,
263,3,3,0,0.2,0.6,0.28855088,
272,3,3,1,0.5,0.0,0.18995157,
275,3,3,1,0.5,0.0,0.500722,
277,3,3,1,0.5,0.0,0.03687121,
279,3,3,0,0.2,0.6,0.36111957,
302,3,3,0,0.0,1.0,0.2980218,
307,3,3,0,0.4,0.1999999999999999,0.6409633,
316,3,3,0,0.4,0.1999999999999999,0.9464482,
318,3,3,0,0.4,0.1999999999999999,0.122655824,
324,3,3,0,0.2,0.6,0.16587342,
328,3,3,1,0.6,0.1999999999999999,0.28750992,
331,3,3,0,0.0,1.0,0.84703606,
332,3,3,0,0.0,1.0,0.371723,
338,3,3,0,0.4,0.1999999999999999,0.8353298,
339,3,3,0,0.0,1.0,0.83334017,
345,3,3,0,0.0,1.0,0.22138724,
347,3,3,0,0.4,0.1999999999999999,0.8155584,
352,3,3,0,0.25,0.5,0.6402725,
363,3,3,0,0.0,1.0,0.5772378,
375,3,3,1,0.5,0.0,0.8429534,
377,3,3,0,0.25,0.5,0.6888918,
379,3,3,1,0.75,0.5,0.98056567,
380,3,3,1,0.75,0.5,0.82922506,
381,3,3,1,0.75,0.5,0.30587667,
384,3,3,0,0.25,0.5,0.07710806,
386,3,3,0,0.25,0.5,0.54486644,
387,3,3,0,0.0,1.0,0.077831075,
389,3,3,0,0.25,0.5,0.9460295,
392,3,3,1,0.5,0.0,0.15112092,
407,3,3,0,0.2,0.6,0.02080077,
409,3,3,0,0.4,0.1999999999999999,0.5628754,
416,3,3,0,0.0,1.0,0.019529477,
423,3,3,0,0.0,1.0,0.38430613,
424,3,3,1,0.6,0.1999999999999999,0.82458085,
432,3,3,0,0.2,0.6,0.39521438,
440,3,3,0,0.0,1.0,0.6557169,
446,3,3,0,0.2,0.6,0.06788104,
447,3,3,0,0.0,1.0,0.027415045,
452,3,3,0,0.25,0.5,0.5983759,
454,3,3,0,0.0,1.0,0.5524497,
455,3,3,0,0.0,1.0,0.09570755,
456,3,3,1,0.5,0.0,0.18253389,
457,3,3,1,0.5,0.0,0.83668196,
458,3,3,0,0.0,1.0,0.7769774,
476,3,3,0,0.0,1.0,0.48954862,
478,3,3,0,0.0,1.0,0.43720114,
479,3,3,0,0.0,1.0,0.07772797,
480,3,3,1,0.5,0.0,0.31472266,
483,3,3,0,0.25,0.5,0.1964127,
487,3,3,0,0.2,0.6,0.055598073,
491,3,3,1,0.5,0.0,0.10297044,
499,3,3,0,0.0,1.0,0.2597893,
503,3,3,0,0.0,1.0,0.46291417,
505,3,3,1,0.5,0.0,0.8187078,
506,3,3,1,0.75,0.5,0.86583686,
508,3,3,1,0.75,0.5,0.19990656,
515,3,3,0,0.25,0.5,0.027134664,
516,3,3,0,0.0,1.0,0.8895257,
519,3,3,0,0.0,1.0,0.75413567,
521,3,3,1,0.75,0.5,0.81960726,
526,3,3,0,0.0,1.0,0.101550445,
529,3,3,1,0.5,0.0,0.3813739,
541,3,3,1,0.5,0.0,0.03242793,
542,3,3,0,0.25,0.5,0.59425795,
549,3,3,0,0.0,1.0,0.77761054,
552,3,3,1,0.6666666666666666,0.3333333333333332,0.7789543,
555,3,3,0,0.3333333333333333,0.3333333333333333,0.78936803,
558,3,3,1,0.5,0.0,0.3950299,
568,3,3,1,1.0,1.0,0.9035483,
570,3,3,1,0.6666666666666666,0.3333333333333332,0.4194516,
573,3,3,0,0.3333333333333333,0.3333333333333333,0.49489933,
575,3,3,1,0.5,0.0,0.95289487,
578,3,3,1,0.5,0.0,0.062459067,
583,3,3,1,0.5,0.0,0.0988708,
589,3,3,0,0.3333333333333333,0.3333333333333333,0.7047243,
590,3,3,0,0.3333333333333333,0.3333333333333333,0.85116565,
597,3,3,0,0.0,1.0,0.28640872,
610,3,3,0,0.25,0.5,0.6116283,
617,3,3,1,0.5,0.0,0.06573872,
629,3,3,1,0.5,0.0,0.709939,
636,3,3,0,0.0,1.0,0.6657807,
637,3,3,1,0.5,0.0,0.24555686,
646,3,3,0,0.0,1.0,0.13016285,
652,3,3,0,0.0,1.0,0.9169907,
671,3,3,0,0.3333333333333333,0.3333333333333333,0.94617844,
677,3,3,1,0.6666666666666666,0.3333333333333332,0.9434727,
678,3,3,0,0.3333333333333333,0.3333333333333333,0.5120945,
680,3,3,0,0.0,1.0,0.36986572,
686,3,3,0,0.0,1.0,0.28913543,
695,3,3,0,0.3333333333333333,0.3333333333333333,0.06637477,
697,3,3,1,0.5,0.0,0.40010804,
704,3,3,0,0.3333333333333333,0.3333333333333333,0.2577321,
713,3,3,1,0.6,0.1999999999999999,0.63580984,
722,3,3,0,0.2,0.6,0.06478803,
729,3,3,0,0.4,0.1999999999999999,0.8365785,
737,3,3,0,0.1666666666666666,0.6666666666666667,0.053862266,
9,3,4,0,0.0,1.0,0.7493228,
12,3,4,0,0.4,0.1999999999999999,0.88426465,
17,3,4,0,0.4,0.1999999999999999,0.17864239,
20,3,4,0,0.25,0.5,0.036861166,
26,3,4,1,0.8,0.6000000000000001,0.6603293,
32,3,4,0,0.2,0.6,0.98800224,
33,3,4,0,0.4,0.1999999999999999,0.15949881,
43,3,4,0,0.2,0.6,0.995945,
46,3,4,0,0.4,0.1999999999999999,0.9472232,
51,3,4,0,0.25,0.5,0.8643538,
53,3,4,0,0.1666666666666666,0.6666666666666667,0.18730474,
68,3,4,0,0.0,1.0,0.44486964,
70,3,4,0,0.0,1.0,0.94898576,
76,3,4,0,0.25,0.5,0.2367387,
88,3,4,1,0.5,0.0,0.16618082,
102,3,4,0,0.0,1.0,0.03726522,
104,3,4,0,0.1111111111111111,0.7777777777777778,0.9071088,
105,3,4,0,0.0,1.0,0.13333553,
109,3,4,0,0.1111111111111111,0.7777777777777778,0.97538453,
111,3,4,0,0.1111111111111111,0.7777777777777778,0.7466396,
113,3,4,0,0.1111111111111111,0.7777777777777778,0.87870765,
117,3,4,0,0.25,0.5,0.20421985,
118,3,4,0,0.0,1.0,0.6730741,
124,3,4,0,0.0,1.0,0.1967217,
128,3,4,0,0.1111111111111111,0.7777777777777778,0.38366002,
132,3,4,0,0.2222222222222222,0.5555555555555556,0.13255547,
139,3,4,0,0.0,1.0,0.7514896,
142,3,4,0,0.0,1.0,0.85514116,
143,3,4,1,0.5555555555555556,0.1111111111111111,0.96181875,
158,3,4,0,0.0,1.0,0.015726803,
168,3,4,0,0.25,0.5,0.18049797,
171,3,4,0,0.25,0.5,0.2348549,
172,3,4,0,0.0,1.0,0.22668836,
175,3,4,0,0.0,1.0,0.35575145,
176,3,4,0,0.0,1.0,0.38142276,
178,3,4,0,0.0,1.0,0.10837975,
179,3,4,0,0.25,0.5,0.5625967,
185,3,4,0,0.25,0.5,0.11035548,
187,3,4,0,0.0,1.0,0.17515141,
194,3,4,0,0.0,1.0,0.95144516,
200,3,4,0,0.2,0.6,0.6104113,
202,3,4,1,0.6,0.1999999999999999,0.07901493,
206,3,4,1,0.5,0.0,0.23291747,
212,3,4,0,0.2,0.6,0.21170144,
222,3,4,0,0.2,0.6,0.41433156,
224,3,4,0,0.4,0.1999999999999999,0.87578773,
229,3,4,0,0.0,1.0,0.38543063,
232,3,4,0,0.25,0.5,0.20953824,
236,3,4,0,0.0,1.0,0.13004787,
240,3,4,0,0.2,0.6,0.4702878,
246,3,4,0,0.4,0.1999999999999999,0.6848813,
254,3,4,0,0.25,0.5,0.30705696,
260,3,4,0,0.25,0.5,0.780761,
274,3,4,1,0.5,0.0,0.8204123,
281,3,4,0,0.0,1.0,0.033636842,
286,3,4,0,0.2,0.6,0.13179941,
287,3,4,0,0.25,0.5,0.4049434,
289,3,4,1,0.5,0.0,0.78508687,
293,3,4,1,0.5,0.0,0.31080398,
303,3,4,0,0.0,1.0,0.33642823,
321,3,4,1,0.6,0.1999999999999999,0.16817595,
325,3,4,0,0.0,1.0,0.23034537,
327,3,4,0,0.0,1.0,0.9795025,
335,3,4,1,0.5,0.0,0.08522204,
336,3,4,0,0.4,0.1999999999999999,0.2007307,
340,3,4,1,0.6,0.1999999999999999,0.17565316,
342,3,4,0,0.2,0.6,0.2169824,
343,3,4,1,0.8,0.6000000000000001,0.98311365,
353,3,4,0,0.0,1.0,0.9506729,
356,3,4,0,0.25,0.5,0.33750996,
359,3,4,0,0.25,0.5,0.99420226,
360,3,4,0,0.25,0.5,0.2810532,
361,3,4,0,0.0,1.0,0.04885695,
362,3,4,1,0.75,0.5,0.8494054,
365,3,4,0,0.25,0.5,0.91964227,
368,3,4,1,0.5,0.0,0.48397008,
369,3,4,0,0.0,1.0,0.15116516,
372,3,4,0,0.25,0.5,0.824573,
385,3,4,1,0.5,0.0,0.4865846,
397,3,4,1,0.75,0.5,0.9708506,
399,3,4,0,0.25,0.5,0.9950248,
400,3,4,1,0.5,0.0,0.99943364,
401,3,4,0,0.2,0.6,0.41446847,
410,3,4,1,0.6,0.1999999999999999,0.74310076,
418,3,4,0,0.0,1.0,0.5352493,
428,3,4,1,0.6,0.1999999999999999,0.08964424,
431,3,4,0,0.4,0.1999999999999999,0.4327252,
444,3,4,0,0.2,0.6,0.526366,
449,3,4,0,0.4,0.1999999999999999,0.72652006,
450,3,4,0,0.2,0.6,0.20319468,
460,3,4,0,0.0,1.0,0.11928221,
465,3,4,1,0.5,0.0,0.89255345,
468,3,4,0,0.25,0.5,0.66388416,
470,3,4,0,0.0,1.0,0.7843259,
486,3,4,0,0.25,0.5,0.9971136,
495,3,4,0,0.0,1.0,0.7165235,
497,3,4,0,0.0,1.0,0.24059394,
501,3,4,0,0.25,0.5,0.85657877,
504,3,4,1,0.75,0.5,0.6790477,
509,3,4,0,0.25,0.5,0.059726506,
510,3,4,1,0.5,0.0,0.74355227,
514,3,4,1,0.75,0.5,0.7413957,
517,3,4,0,0.25,0.5,0.8366163,
520,3,4,1,0.5,0.0,0.5357729,
527,3,4,0,0.25,0.5,0.7614496,
528,3,4,0,0.0,1.0,0.55554605,
533,3,4,0,0.0,1.0,0.859365,
536,3,4,0,0.3333333333333333,0.3333333333333333,0.5695699,
538,3,4,0,0.0,1.0,0.5374148,
557,3,4,0,0.3333333333333333,0.3333333333333333,0.031755082,
559,3,4,1,0.6666666666666666,0.3333333333333332,0.19108109,
563,3,4,0,0.0,1.0,0.118814304,
565,3,4,0,0.3333333333333333,0.3333333333333333,0.8754177,
566,3,4,0,0.1666666666666666,0.6666666666666667,0.45485446,
571,3,4,1,0.5,0.0,0.70117366,
572,3,4,1,0.8333333333333334,0.6666666666666667,0.24293828,
574,3,4,0,0.3333333333333333,0.3333333333333333,0.43565914,
584,3,4,1,0.6666666666666666,0.3333333333333332,0.74986374,
587,3,4,1,0.8333333333333334,0.6666666666666667,0.65438545,
599,3,4,0,0.0,1.0,0.7723247,
602,3,4,0,0.25,0.5,0.78773963,
605,3,4,1,0.5,0.0,0.99930274,
608,3,4,0,0.0,1.0,0.76030564,
612,3,4,0,0.0,1.0,0.013873329,
616,3,4,1,0.75,0.5,0.5171289,
619,3,4,0,0.25,0.5,0.8110437,
620,3,4,1,0.75,0.5,0.33348465,
623,3,4,1,0.5,0.0,0.9174116,
628,3,4,0,0.0,1.0,0.16519997,
649,3,4,1,0.5,0.0,0.53552425,
656,3,4,1,0.6666666666666666,0.3333333333333332,0.7807661,
659,3,4,1,0.6666666666666666,0.3333333333333332,0.96719235,
661,3,4,1,0.8333333333333334,0.6666666666666667,0.9994182,
670,3,4,1,0.5,0.0,0.91328335,
676,3,4,0,0.1666666666666666,0.6666666666666667,0.110368654,
684,3,4,0,0.0,1.0,0.42470717,
696,3,4,0,0.1666666666666666,0.6666666666666667,0.6254246,
700,3,4,1,0.5,0.0,0.5442321,
701,3,4,0,0.1666666666666666,0.6666666666666667,0.6807809,
711,3,4,1,0.6,0.1999999999999999,0.90999293,
712,3,4,0,0.1666666666666666,0.6666666666666667,0.14619651,
715,3,4,1,0.5,0.0,0.03776272,
718,3,4,0,0.1666666666666666,0.6666666666666667,0.32031667,
724,3,4,0,0.2,0.6,0.35460597,
727,3,4,0,0.4,0.1999999999999999,0.8205538,
728,3,4,0,0.2,0.6,0.51904047,
731,3,4,0,0.0,1.0,0.19148171,
3,4,0,0,0.0,1.0,0.14051042,
8,4,0,0,0.0,1.0,0.13993712,
10,4,0,0,0.0,1.0,0.62772465,
11,4,0,1,0.6,0.1999999999999999,0.31409773,
13,4,0,0,0.2,0.6,0.31393158,
18,4,0,1,0.6,0.1999999999999999,0.4546588,
24,4,0,0,0.0,1.0,0.15989578,
25,4,0,0,0.2,0.6,0.24900728,
29,4,0,0,0.2,0.6,0.3909499,
30,4,0,0,0.2,0.6,0.10463667,
31,4,0,0,0.1666666666666666,0.6666666666666667,0.038103774,
34,4,0,0,0.1666666666666666,0.6666666666666667,0.15314382,
36,4,0,0,0.2,0.6,0.082280025,
44,4,0,0,0.0,1.0,0.35462052,
46,4,0,0,0.4,0.1999999999999999,0.8993686,
47,4,0,0,0.25,0.5,0.26403427,
51,4,0,0,0.25,0.5,0.8908428,
52,4,0,0,0.25,0.5,0.18543792,
57,4,0,1,1.0,1.0,0.47954875,
60,4,0,0,0.0,1.0,0.7258638,
67,4,0,0,0.0,1.0,0.0024674148,
70,4,0,0,0.0,1.0,0.62771875,
83,4,0,0,0.25,0.5,0.74953496,
90,4,0,1,0.5,0.0,0.033795144,
94,4,0,0,0.25,0.5,0.21258327,
110,4,0,0,0.0,1.0,0.5119464,
111,4,0,0,0.1111111111111111,0.7777777777777778,0.55615735,
116,4,0,0,0.0,1.0,0.2720083,
121,4,0,0,0.1111111111111111,0.7777777777777778,0.23506191,
124,4,0,0,0.0,1.0,0.38887402,
128,4,0,0,0.1111111111111111,0.7777777777777778,0.3959018,
151,4,0,0,0.0,1.0,0.18873289,
159,4,0,0,0.0,1.0,0.1833795,
169,4,0,0,0.0,1.0,0.19063821,
182,4,0,0,0.0,1.0,0.4718532,
185,4,0,0,0.25,0.5,0.0040717903,
189,4,0,1,0.5,0.0,0.4129362,
190,4,0,0,0.25,0.5,0.22216794,
191,4,0,0,0.0,1.0,0.9599809,
192,4,0,0,0.0,1.0,0.76997346,
198,4,0,0,0.0,1.0,0.67878187,
200,4,0,0,0.2,0.6,0.95194757,
205,4,0,0,0.2,0.6,0.03805875,
213,4,0,0,0.4,0.1999999999999999,0.98923856,
226,4,0,0,0.0,1.0,0.04318639,
230,4,0,0,0.2,0.6,0.1489362,
233,4,0,0,0.0,1.0,0.10598025,
234,4,0,0,0.25,0.5,0.015053438,
236,4,0,0,0.0,1.0,0.1451398,
240,4,0,0,0.2,0.6,0.13589154,
241,4,0,1,0.6,0.1999999999999999,0.46359628,
242,4,0,1,0.6,0.1999999999999999,0.019552868,
246,4,0,0,0.4,0.1999999999999999,0.5179523,
248,4,0,0,0.4,0.1999999999999999,0.104066476,
252,4,0,0,0.0,1.0,0.041377977,
255,4,0,0,0.25,0.5,0.019252693,
273,4,0,1,0.5,0.0,0.16432548,
274,4,0,1,0.5,0.0,0.7592634,
278,4,0,0,0.25,0.5,0.3226181,
288,4,0,1,0.75,0.5,0.03452204,
311,4,0,0,0.4,0.1999999999999999,0.013611829,
315,4,0,1,0.8,0.6000000000000001,0.6238972,
319,4,0,0,0.2,0.6,0.33464167,
320,4,0,0,0.0,1.0,0.3974855,
321,4,0,1,0.6,0.1999999999999999,0.21114689,
323,4,0,0,0.0,1.0,0.11379058,
326,4,0,0,0.0,1.0,0.11643818,
330,4,0,0,0.4,0.1999999999999999,0.44178975,
339,4,0,0,0.0,1.0,0.51281476,
346,4,0,1,0.6,0.1999999999999999,0.9612175,
359,4,0,0,0.25,0.5,0.86554253,
370,4,0,0,0.0,1.0,0.383889,
372,4,0,0,0.25,0.5,0.8764255,
380,4,0,1,0.75,0.5,0.6345228,
381,4,0,1,0.75,0.5,0.59852266,
384,4,0,0,0.25,0.5,0.36373132,
395,4,0,1,0.5,0.0,0.7728341,
411,4,0,0,0.2,0.6,0.94060457,
416,4,0,0,0.0,1.0,0.018380823,
420,4,0,0,0.0,1.0,0.08678554,
422,4,0,1,0.6,0.1999999999999999,0.24767873,
423,4,0,0,0.0,1.0,0.82029307,
434,4,0,0,0.0,1.0,0.6483511,
435,4,0,0,0.4,0.1999999999999999,0.8021911,
438,4,0,0,0.1666666666666666,0.6666666666666667,0.13685995,
443,4,0,0,0.0,1.0,0.054028485,
452,4,0,0,0.25,0.5,0.84286106,
455,4,0,0,0.0,1.0,0.019348443,
456,4,0,1,0.5,0.0,0.6499369,
468,4,0,0,0.25,0.5,0.31204057,
476,4,0,0,0.0,1.0,0.5396155,
480,4,0,1,0.5,0.0,0.680406,
485,4,0,1,0.5,0.0,0.68487495,
489,4,0,0,0.0,1.0,0.92857516,
492,4,0,0,0.3333333333333333,0.3333333333333333,0.04066973,
505,4,0,1,0.5,0.0,0.2548295,
506,4,0,1,0.75,0.5,0.97283643,
507,4,0,1,1.0,1.0,0.22214043,
510,4,0,1,0.5,0.0,0.23690364,
512,4,0,1,1.0,1.0,0.927782,
515,4,0,0,0.25,0.5,0.124557465,
517,4,0,0,0.25,0.5,0.8832216,
522,4,0,0,0.25,0.5,0.3237663,
523,4,0,0,0.25,0.5,0.6249054,
534,4,0,1,0.75,0.5,0.0286906,
536,4,0,0,0.3333333333333333,0.3333333333333333,0.43738008,
542,4,0,0,0.25,0.5,0.32614917,
543,4,0,1,0.5,0.0,0.93661547,
553,4,0,0,0.0,1.0,0.79149926,
555,4,0,0,0.3333333333333333,0.3333333333333333,0.9322041,
566,4,0,0,0.1666666666666666,0.6666666666666667,0.8609878,
570,4,0,1,0.6666666666666666,0.3333333333333332,0.5059249,
572,4,0,1,0.8333333333333334,0.6666666666666667,0.043749444,
578,4,0,1,0.5,0.0,0.5931495,
579,4,0,0,0.3333333333333333,0.3333333333333333,0.80608726,
586,4,0,1,0.6666666666666666,0.3333333333333332,0.034104466,
591,4,0,1,0.5,0.0,0.053162538,
598,4,0,0,0.3333333333333333,0.3333333333333333,0.7012889,
604,4,0,1,0.75,0.5,0.66122854,
613,4,0,0,0.0,1.0,0.19323558,
618,4,0,0,0.0,1.0,0.94584745,
623,4,0,1,0.5,0.0,0.24667957,
625,4,0,0,0.0,1.0,0.1711628,
635,4,0,1,0.5,0.0,0.9684246,
637,4,0,1,0.5,0.0,0.7432294,
639,4,0,0,0.0,1.0,0.014281444,
640,4,0,1,0.75,0.5,0.92302996,
641,4,0,0,0.0,1.0,0.18238115,
648,4,0,1,0.5,0.0,0.01894446,
661,4,0,1,0.8333333333333334,0.6666666666666667,0.9966653,
662,4,0,0,0.0,1.0,0.34179842,
663,4,0,0,0.3333333333333333,0.3333333333333333,0.47227478,
667,4,0,0,0.3333333333333333,0.3333333333333333,0.9201888,
673,4,0,0,0.3333333333333333,0.3333333333333333,0.051521488,
679,4,0,0,0.4,0.1999999999999999,0.09123679,
683,4,0,1,0.8333333333333334,0.6666666666666667,0.9419573,
685,4,0,0,0.0,1.0,0.23793599,
686,4,0,0,0.0,1.0,0.8576016,
689,4,0,0,0.0,1.0,0.1283561,
699,4,0,0,0.1666666666666666,0.6666666666666667,0.9973042,
702,4,0,0,0.1666666666666666,0.6666666666666667,0.086496875,
703,4,0,0,0.0,1.0,0.27481547,
705,4,0,1,0.5,0.0,0.018055648,
727,4,0,0,0.4,0.1999999999999999,0.52766013,
732,4,0,0,0.0,1.0,0.5616313,
740,4,0,0,0.1666666666666666,0.6666666666666667,0.14081514,
742,4,0,1,0.5,0.0,0.91059035,
1,4,1,0,0.3333333333333333,0.3333333333333333,0.39847803,
21,4,1,0,0.2,0.6,0.5171032,
28,4,1,0,0.2,0.6,0.29302055,
38,4,1,0,0.0,1.0,0.898828,
41,4,1,0,0.2,0.6,0.5101745,
43,4,1,0,0.2,0.6,0.95303506,
45,4,1,0,0.0,1.0,0.9414718,
54,4,1,0,0.25,0.5,0.49699843,
59,4,1,0,0.25,0.5,0.018719068,
61,4,1,0,0.2,0.6,0.022645082,
65,4,1,0,0.25,0.5,0.13045838,
66,4,1,0,0.0,1.0,0.8436154,
72,4,1,0,0.25,0.5,0.24681295,
81,4,1,0,0.0,1.0,0.09018757,
87,4,1,0,0.0,1.0,0.6968281,
91,4,1,0,0.25,0.5,0.0833525,
93,4,1,0,0.0,1.0,0.3836553,
95,4,1,0,0.25,0.5,0.09977855,
102,4,1,0,0.0,1.0,0.08339189,
107,4,1,0,0.1111111111111111,0.7777777777777778,0.5286289,
118,4,1,0,0.0,1.0,0.5444654,
127,4,1,1,0.6666666666666666,0.3333333333333332,0.73421484,
129,4,1,0,0.2,0.6,0.2360709,
131,4,1,0,0.0,1.0,0.0065302826,
139,4,1,0,0.0,1.0,0.29099062,
140,4,1,0,0.2222222222222222,0.5555555555555556,0.2575847,
143,4,1,1,0.5555555555555556,0.1111111111111111,0.9357867,
145,4,1,0,0.4444444444444444,0.1111111111111111,0.047631957,
156,4,1,0,0.25,0.5,0.7165353,
171,4,1,0,0.25,0.5,0.46147037,
172,4,1,0,0.0,1.0,0.28158578,
173,4,1,0,0.25,0.5,0.20168355,
179,4,1,0,0.25,0.5,0.5697558,
183,4,1,0,0.0,1.0,0.051413007,
187,4,1,0,0.0,1.0,0.12419274,
188,4,1,0,0.0,1.0,0.09073743,
194,4,1,0,0.0,1.0,0.5771702,
195,4,1,0,0.0,1.0,0.42025363,
203,4,1,0,0.2,0.6,0.15980904,
204,4,1,0,0.4,0.1999999999999999,0.22854322,
206,4,1,1,0.5,0.0,0.19573864,
211,4,1,1,0.6,0.1999999999999999,0.9948284,
214,4,1,0,0.2,0.6,0.021050401,
215,4,1,0,0.2,0.6,0.08051449,
217,4,1,0,0.0,1.0,0.11233789,
219,4,1,0,0.0,1.0,0.06348781,
220,4,1,0,0.4,0.1999999999999999,0.040500697,
221,4,1,1,0.8,0.6000000000000001,0.308406,
231,4,1,1,0.5,0.0,0.79077494,
237,4,1,0,0.4,0.1999999999999999,0.015327217,
244,4,1,1,0.6,0.1999999999999999,0.7785695,
247,4,1,0,0.2,0.6,0.07105184,
249,4,1,1,0.6,0.1999999999999999,0.18859544,
259,4,1,0,0.0,1.0,0.23914456,
272,4,1,1,0.5,0.0,0.39950824,
277,4,1,1,0.5,0.0,0.26010734,
295,4,1,0,0.0,1.0,0.0659546,
310,4,1,0,0.2,0.6,0.026242364,
313,4,1,0,0.0,1.0,0.38872924,
322,4,1,1,0.6,0.1999999999999999,0.4313139,
327,4,1,0,0.0,1.0,0.8629254,
329,4,1,0,0.0,1.0,0.2321913,
342,4,1,0,0.2,0.6,0.53753245,
345,4,1,0,0.0,1.0,0.0099790115,
348,4,1,0,0.4,0.1999999999999999,0.9901196,
349,4,1,0,0.0,1.0,0.007612534,
351,4,1,0,0.0,1.0,0.6800092,
352,4,1,0,0.25,0.5,0.25406343,
354,4,1,0,0.25,0.5,0.9666245,
367,4,1,0,0.25,0.5,0.83543754,
374,4,1,1,0.5,0.0,0.9760734,
376,4,1,1,0.5,0.0,0.9910619,
377,4,1,0,0.25,0.5,0.92287934,
379,4,1,1,0.75,0.5,0.965027,
387,4,1,0,0.0,1.0,0.11984586,
389,4,1,0,0.25,0.5,0.99066895,
391,4,1,0,0.0,1.0,0.03920695,
392,4,1,1,0.5,0.0,0.8994862,
398,4,1,0,0.25,0.5,0.753127,
402,4,1,1,0.6,0.1999999999999999,0.03867253,
404,4,1,1,0.6,0.1999999999999999,0.92073286,
405,4,1,0,0.0,1.0,0.77759075,
406,4,1,1,0.6,0.1999999999999999,0.4762932,
407,4,1,0,0.2,0.6,0.9245591,
424,4,1,1,0.6,0.1999999999999999,0.32907003,
426,4,1,1,0.8,0.6000000000000001,0.6989123,
436,4,1,0,0.4,0.1999999999999999,0.32681805,
440,4,1,0,0.0,1.0,0.9874892,
441,4,1,0,0.2,0.6,0.16118875,
449,4,1,0,0.4,0.1999999999999999,0.068929814,
450,4,1,0,0.2,0.6,0.15357126,
453,4,1,0,0.25,0.5,0.56560576,
457,4,1,1,0.5,0.0,0.9237176,
460,4,1,0,0.0,1.0,0.086750075,
463,4,1,0,0.25,0.5,0.88399494,
464,4,1,0,0.0,1.0,0.98245794,
465,4,1,1,0.5,0.0,0.77889454,
466,4,1,1,0.5,0.0,0.9603615,
472,4,1,0,0.25,0.5,0.018624526,
473,4,1,0,0.25,0.5,0.7444457,
474,4,1,0,0.0,1.0,0.046996363,
494,4,1,1,0.8,0.6000000000000001,0.73089164,
519,4,1,0,0.0,1.0,0.7348281,
520,4,1,1,0.5,0.0,0.48549157,
528,4,1,0,0.0,1.0,0.75422084,
533,4,1,0,0.0,1.0,0.6809472,
535,4,1,0,0.25,0.5,0.90010655,
537,4,1,0,0.25,0.5,0.5215812,
539,4,1,0,0.25,0.5,0.20271297,
540,4,1,0,0.25,0.5,0.99536204,
547,4,1,1,0.5,0.0,0.66845155,
548,4,1,1,0.5,0.0,0.8671354,
558,4,1,1,0.5,0.0,0.860046,
560,4,1,0,0.1666666666666666,0.6666666666666667,0.45881617,
568,4,1,1,1.0,1.0,0.8086567,
571,4,1,1,0.5,0.0,0.22650297,
577,4,1,0,0.1666666666666666,0.6666666666666667,0.22732028,
592,4,1,1,0.6,0.1999999999999999,0.41768214,
608,4,1,0,0.0,1.0,0.8223515,
610,4,1,0,0.25,0.5,0.76432586,
617,4,1,1,0.5,0.0,0.3082795,
620,4,1,1,0.75,0.5,0.31836516,
621,4,1,1,0.5,0.0,0.79920113,
629,4,1,1,0.5,0.0,0.9850106,
632,4,1,1,0.5,0.0,0.8333385,
636,4,1,0,0.0,1.0,0.6455448,
647,4,1,1,0.5,0.0,0.89419353,
649,4,1,1,0.5,0.0,0.084793605,
656,4,1,1,0.6666666666666666,0.3333333333333332,0.38136554,
669,4,1,0,0.3333333333333333,0.3333333333333333,0.23367605,
680,4,1,0,0.0,1.0,0.05888604,
681,4,1,0,0.1666666666666666,0.6666666666666667,0.71487737,
682,4,1,0,0.1666666666666666,0.6666666666666667,0.34476727,
690,4,1,0,0.0,1.0,0.997517,
692,4,1,0,0.0,1.0,0.09229386,
694,4,1,0,0.3333333333333333,0.3333333333333333,0.6600968,
695,4,1,0,0.3333333333333333,0.3333333333333333,0.4917646,
698,4,1,1,0.5,0.0,0.8110125,
701,4,1,0,0.1666666666666666,0.6666666666666667,0.8948149,
715,4,1,1,0.5,0.0,0.20946547,
716,4,1,1,0.6666666666666666,0.3333333333333332,0.67909706,
718,4,1,0,0.1666666666666666,0.6666666666666667,0.24295463,
721,4,1,0,0.3333333333333333,0.3333333333333333,0.4726131,
724,4,1,0,0.2,0.6,0.14940497,
728,4,1,0,0.2,0.6,0.102566734,
733,4,1,0,0.1666666666666666,0.6666666666666667,0.22330147,
739,4,1,0,0.3333333333333333,0.3333333333333333,0.14097485,
6,4,2,0,0.2,0.6,0.7630609,
7,4,2,1,0.6,0.1999999999999999,0.8217649,
26,4,2,1,0.8,0.6000000000000001,0.64015234,
37,4,2,0,0.2,0.6,0.24231304,
39,4,2,0,0.0,1.0,0.10868987,
42,4,2,0,0.0,1.0,0.37724045,
48,4,2,1,0.6,0.1999999999999999,0.33826596,
49,4,2,0,0.3333333333333333,0.3333333333333333,0.016747225,
56,4,2,0,0.25,0.5,0.080544665,
58,4,2,0,0.25,0.5,0.6391293,
64,4,2,0,0.3333333333333333,0.3333333333333333,0.021924345,
71,4,2,0,0.0,1.0,0.1727087,
76,4,2,0,0.25,0.5,0.5326893,
78,4,2,0,0.0,1.0,0.4774232,
82,4,2,0,0.25,0.5,0.233724,
88,4,2,1,0.5,0.0,0.01003636,
92,4,2,0,0.0,1.0,0.19032948,
96,4,2,0,0.0,1.0,0.6158855,
100,4,2,0,0.25,0.5,0.42480838,
101,4,2,0,0.3333333333333333,0.3333333333333333,0.50799245,
103,4,2,0,0.1111111111111111,0.7777777777777778,0.62378156,
105,4,2,0,0.0,1.0,0.10850112,
108,4,2,0,0.25,0.5,0.9924757,
109,4,2,0,0.1111111111111111,0.7777777777777778,0.8056812,
112,4,2,0,0.125,0.75,0.028132752,
115,4,2,0,0.0,1.0,0.25120473,
125,4,2,0,0.125,0.75,0.5454275,
136,4,2,0,0.3333333333333333,0.3333333333333333,0.7518221,
137,4,2,1,0.6666666666666666,0.3333333333333332,0.30976012,
138,4,2,1,0.5555555555555556,0.1111111111111111,0.16280107,
158,4,2,0,0.0,1.0,0.07209409,
160,4,2,0,0.1666666666666666,0.6666666666666667,0.5151229,
162,4,2,0,0.2,0.6,0.08552972,
165,4,2,0,0.0,1.0,0.088215396,
167,4,2,0,0.0,1.0,0.62474334,
170,4,2,0,0.1666666666666666,0.6666666666666667,0.06339107,
201,4,2,0,0.25,0.5,0.09773344,
209,4,2,0,0.2,0.6,0.40915075,
212,4,2,0,0.2,0.6,0.32693538,
216,4,2,0,0.0,1.0,0.96546376,
222,4,2,0,0.2,0.6,0.50852346,
224,4,2,0,0.4,0.1999999999999999,0.2513134,
228,4,2,0,0.2,0.6,0.7041901,
238,4,2,0,0.25,0.5,0.0073849736,
243,4,2,0,0.0,1.0,0.035997417,
245,4,2,0,0.0,1.0,0.14388207,
250,4,2,0,0.4,0.1999999999999999,0.82682556,
251,4,2,0,0.25,0.5,0.05772172,
260,4,2,0,0.25,0.5,0.81694555,
261,4,2,0,0.25,0.5,0.6309967,
262,4,2,1,0.5,0.0,0.35931516,
266,4,2,0,0.25,0.5,0.49740112,
271,4,2,0,0.0,1.0,0.52060264,
275,4,2,1,0.5,0.0,0.13478005,
279,4,2,0,0.2,0.6,0.01636561,
280,4,2,0,0.25,0.5,0.1484385,
281,4,2,0,0.0,1.0,0.007464651,
282,4,2,0,0.25,0.5,0.0062320004,
290,4,2,0,0.0,1.0,0.12167695,
293,4,2,1,0.5,0.0,0.13913946,
294,4,2,0,0.0,1.0,0.4859966,
302,4,2,0,0.0,1.0,0.08163422,
303,4,2,0,0.0,1.0,0.3982969,
304,4,2,1,0.8,0.6000000000000001,0.54839265,
306,4,2,0,0.0,1.0,0.075752586,
331,4,2,0,0.0,1.0,0.632409,
334,4,2,0,0.4,0.1999999999999999,0.22352096,
337,4,2,0,0.0,1.0,0.9064019,
338,4,2,0,0.4,0.1999999999999999,0.89568007,
341,4,2,1,0.6,0.1999999999999999,0.13134094,
350,4,2,0,0.0,1.0,0.30182984,
353,4,2,0,0.0,1.0,0.6630396,
362,4,2,1,0.75,0.5,0.21694253,
364,4,2,1,0.5,0.0,0.22029616,
371,4,2,0,0.25,0.5,0.8172054,
382,4,2,1,0.5,0.0,0.15247197,
388,4,2,1,0.5,0.0,0.13369483,
390,4,2,1,0.75,0.5,0.011688421,
393,4,2,0,0.25,0.5,0.033687994,
396,4,2,1,0.75,0.5,0.864954,
400,4,2,1,0.5,0.0,0.98607194,
403,4,2,0,0.0,1.0,0.17130554,
410,4,2,1,0.6,0.1999999999999999,0.72818124,
415,4,2,0,0.0,1.0,0.7628545,
417,4,2,0,0.2,0.6,0.58460516,
419,4,2,0,0.4,0.1999999999999999,0.7111188,
425,4,2,0,0.0,1.0,0.27114064,
428,4,2,1,0.6,0.1999999999999999,0.00832247,
439,4,2,0,0.2,0.6,0.41540676,
447,4,2,0,0.0,1.0,0.14091602,
448,4,2,0,0.0,1.0,0.12126178,
458,4,2,0,0.0,1.0,0.99074864,
459,4,2,0,0.25,0.5,0.5105617,
470,4,2,0,0.0,1.0,0.5619384,
477,4,2,0,0.0,1.0,0.18548937,
479,4,2,0,0.0,1.0,0.051357243,
486,4,2,0,0.25,0.5,0.92684317,
495,4,2,0,0.0,1.0,0.51290834,
496,4,2,1,0.75,0.5,0.6374798,
511,4,2,1,0.5,0.0,0.23005803,
516,4,2,0,0.0,1.0,0.8516283,
530,4,2,1,0.5,0.0,0.10342756,
550,4,2,0,0.0,1.0,0.14938702,
551,4,2,1,0.6666666666666666,0.3333333333333332,0.7198094,
552,4,2,1,0.6666666666666666,0.3333333333333332,0.47580513,
557,4,2,0,0.3333333333333333,0.3333333333333333,0.013506755,
561,4,2,1,0.5,0.0,0.10366767,
562,4,2,0,0.3333333333333333,0.3333333333333333,0.95004964,
563,4,2,0,0.0,1.0,0.17159253,
565,4,2,0,0.3333333333333333,0.3333333333333333,0.7959976,
581,4,2,0,0.3333333333333333,0.3333333333333333,0.7853979,
582,4,2,1,0.5,0.0,0.47226056,
583,4,2,1,0.5,0.0,0.6198857,
584,4,2,1,0.6666666666666666,0.3333333333333332,0.6385335,
597,4,2,0,0.0,1.0,0.5452594,
600,4,2,0,0.1666666666666666,0.6666666666666667,0.084580675,
601,4,2,0,0.0,1.0,0.2581168,
602,4,2,0,0.25,0.5,0.23549554,
606,4,2,0,0.25,0.5,0.007193343,
609,4,2,0,0.25,0.5,0.88888985,
614,4,2,1,0.75,0.5,0.8671588,
619,4,2,0,0.25,0.5,0.8633244,
624,4,2,0,0.25,0.5,0.16305788,
628,4,2,0,0.0,1.0,0.08971402,
630,4,2,1,0.5,0.0,0.2588616,
633,4,2,1,0.5,0.0,0.9416057,
634,4,2,0,0.25,0.5,0.0908888,
642,4,2,1,0.75,0.5,0.96128035,
644,4,2,0,0.25,0.5,0.14151786,
646,4,2,0,0.0,1.0,0.31539756,
651,4,2,0,0.3333333333333333,0.3333333333333333,0.55347586,
654,4,2,0,0.1666666666666666,0.6666666666666667,0.12379056,
655,4,2,1,0.6666666666666666,0.3333333333333332,0.7239449,
657,4,2,1,0.5,0.0,0.050912853,
658,4,2,0,0.1666666666666666,0.6666666666666667,0.95992094,
659,4,2,1,0.6666666666666666,0.3333333333333332,0.5377599,
670,4,2,1,0.5,0.0,0.3016078,
697,4,2,1,0.5,0.0,0.28101563,
707,4,2,1,0.5,0.0,0.029222492,
708,4,2,0,0.0,1.0,0.80850685,
712,4,2,0,0.1666666666666666,0.6666666666666667,0.09827559,
713,4,2,1,0.6,0.1999999999999999,0.64021754,
720,4,2,0,0.0,1.0,0.0052548526,
723,4,2,0,0.1666666666666666,0.6666666666666667,0.2957717,
734,4,2,0,0.0,1.0,0.16127613,
738,4,2,0,0.3333333333333333,0.3333333333333333,0.6972319,
741,4,2,0,0.2,0.6,0.79452556,
4,4,3,1,0.6,0.1999999999999999,0.2983496,
12,4,3,0,0.4,0.1999999999999999,0.84143734,
14,4,3,0,0.2,0.6,0.26436263,
15,4,3,0,0.4,0.1999999999999999,0.9312942,
17,4,3,0,0.4,0.1999999999999999,0.4755947,
22,4,3,0,0.2,0.6,0.9217204,
27,4,3,0,0.2,0.6,0.35834062,
33,4,3,0,0.4,0.1999999999999999,0.327425,
35,4,3,1,0.5,0.0,0.33812428,
50,4,3,1,0.8,0.6000000000000001,0.39570826,
53,4,3,0,0.1666666666666666,0.6666666666666667,0.16885489,
55,4,3,0,0.0,1.0,0.7509239,
62,4,3,0,0.25,0.5,0.5658765,
68,4,3,0,0.0,1.0,0.31277364,
75,4,3,0,0.0,1.0,0.2155124,
77,4,3,0,0.25,0.5,0.307284,
79,4,3,0,0.25,0.5,0.36995733,
84,4,3,0,0.3333333333333333,0.3333333333333333,0.82102585,
97,4,3,0,0.25,0.5,0.394939,
98,4,3,0,0.3333333333333333,0.3333333333333333,0.14231466,
99,4,3,0,0.0,1.0,0.12167842,
104,4,3,0,0.1111111111111111,0.7777777777777778,0.8059778,
106,4,3,1,1.0,1.0,0.3153088,
114,4,3,0,0.1111111111111111,0.7777777777777778,0.9525784,
119,4,3,0,0.1111111111111111,0.7777777777777778,0.80102587,
120,4,3,0,0.0,1.0,0.22757234,
122,4,3,0,0.0,1.0,0.72204757,
126,4,3,0,0.2222222222222222,0.5555555555555556,0.9660929,
132,4,3,0,0.2222222222222222,0.5555555555555556,0.13718711,
134,4,3,0,0.1111111111111111,0.7777777777777778,0.011314504,
135,4,3,0,0.1666666666666666,0.6666666666666667,0.012901323,
147,4,3,0,0.0,1.0,0.5273221,
148,4,3,0,0.1111111111111111,0.7777777777777778,0.13792907,
153,4,3,0,0.0,1.0,0.053535737,
157,4,3,0,0.25,0.5,0.67539555,
163,4,3,0,0.25,0.5,0.79930377,
166,4,3,0,0.25,0.5,0.7158495,
168,4,3,0,0.25,0.5,0.16837728,
174,4,3,1,0.5,0.0,0.6531701,
176,4,3,0,0.0,1.0,0.865706,
177,4,3,0,0.0,1.0,0.3541535,
178,4,3,0,0.0,1.0,0.06188523,
180,4,3,0,0.0,1.0,0.36678785,
181,4,3,1,0.5,0.0,0.54481745,
184,4,3,0,0.0,1.0,0.0029479903,
197,4,3,0,0.0,1.0,0.046104103,
207,4,3,0,0.2,0.6,0.033188105,
227,4,3,1,1.0,1.0,0.6327627,
229,4,3,0,0.0,1.0,0.06398779,
235,4,3,0,0.0,1.0,0.022201538,
239,4,3,1,0.6,0.1999999999999999,0.010970848,
253,4,3,0,0.0,1.0,0.6087071,
254,4,3,0,0.25,0.5,0.04125692,
258,4,3,0,0.0,1.0,0.37198496,
267,4,3,0,0.0,1.0,1.8302033e-05,
269,4,3,1,0.5,0.0,0.3424557,
286,4,3,0,0.2,0.6,0.091298476,
287,4,3,0,0.25,0.5,0.17999813,
291,4,3,0,0.0,1.0,0.17704396,
296,4,3,0,0.0,1.0,0.008016098,
299,4,3,1,0.8,0.6000000000000001,0.13370365,
307,4,3,0,0.4,0.1999999999999999,0.015988525,
314,4,3,0,0.0,1.0,0.9881731,
316,4,3,0,0.4,0.1999999999999999,0.88263905,
325,4,3,0,0.0,1.0,0.22816011,
336,4,3,0,0.4,0.1999999999999999,0.60485446,
343,4,3,1,0.8,0.6000000000000001,0.66071737,
355,4,3,0,0.25,0.5,0.044827245,
356,4,3,0,0.25,0.5,0.3057521,
357,4,3,1,0.5,0.0,0.0099422615,
361,4,3,0,0.0,1.0,0.17740557,
363,4,3,0,0.0,1.0,0.34880057,
366,4,3,0,0.0,1.0,0.5327023,
368,4,3,1,0.5,0.0,0.43202043,
375,4,3,1,0.5,0.0,0.94390225,
386,4,3,0,0.25,0.5,0.6045759,
394,4,3,1,0.5,0.0,0.98989904,
408,4,3,0,0.4,0.1999999999999999,0.1591596,
409,4,3,0,0.4,0.1999999999999999,0.4130295,
412,4,3,1,1.0,1.0,0.24577129,
414,4,3,1,0.6,0.1999999999999999,0.4941637,
418,4,3,0,0.0,1.0,0.058018986,
429,4,3,0,0.0,1.0,0.08421443,
437,4,3,1,0.6,0.1999999999999999,0.1587432,
442,4,3,1,0.8,0.6000000000000001,0.8520981,
445,4,3,0,0.0,1.0,0.3204128,
446,4,3,0,0.2,0.6,0.54217184,
462,4,3,1,0.5,0.0,0.99424803,
471,4,3,0,0.0,1.0,0.73162174,
478,4,3,0,0.0,1.0,0.3254766,
481,4,3,0,0.0,1.0,0.0960267,
482,4,3,0,0.0,1.0,0.079352334,
483,4,3,0,0.25,0.5,0.18109311,
484,4,3,0,0.25,0.5,0.079323664,
488,4,3,1,0.5,0.0,0.83649564,
490,4,3,0,0.25,0.5,0.020311091,
493,4,3,0,0.0,1.0,0.745106,
497,4,3,0,0.0,1.0,0.014497766,
498,4,3,0,0.0,1.0,0.013552779,
500,4,3,0,0.25,0.5,0.0376106,
501,4,3,0,0.25,0.5,0.37845826,
504,4,3,1,0.75,0.5,0.33254325,
509,4,3,0,0.25,0.5,0.04349468,
518,4,3,0,0.25,0.5,0.51816285,
521,4,3,1,0.75,0.5,0.97767556,
526,4,3,0,0.0,1.0,0.15329826,
527,4,3,0,0.25,0.5,0.9650731,
538,4,3,0,0.0,1.0,0.47841057,
541,4,3,1,0.5,0.0,0.037637465,
544,4,3,1,0.5,0.0,0.7926537,
549,4,3,0,0.0,1.0,0.61041963,
554,4,3,1,0.5,0.0,0.95603925,
564,4,3,1,0.5,0.0,0.99873316,
567,4,3,0,0.3333333333333333,0.3333333333333333,0.47452915,
569,4,3,0,0.1666666666666666,0.6666666666666667,0.84485257,
573,4,3,0,0.3333333333333333,0.3333333333333333,0.5668146,
574,4,3,0,0.3333333333333333,0.3333333333333333,0.07152547,
575,4,3,1,0.5,0.0,0.7734954,
585,4,3,1,0.5,0.0,0.32936916,
587,4,3,1,0.8333333333333334,0.6666666666666667,0.0710973,
588,4,3,0,0.1666666666666666,0.6666666666666667,0.04792213,
589,4,3,0,0.3333333333333333,0.3333333333333333,0.28523153,
594,4,3,0,0.0,1.0,0.79850733,
596,4,3,1,0.5,0.0,0.4271325,
605,4,3,1,0.5,0.0,0.9462933,
615,4,3,1,0.75,0.5,0.96681845,
622,4,3,1,0.75,0.5,0.8242948,
626,4,3,1,0.5,0.0,0.0145361535,
638,4,3,0,0.25,0.5,0.7181366,
643,4,3,1,0.5,0.0,0.28823692,
652,4,3,0,0.0,1.0,0.824694,
653,4,3,1,0.5,0.0,0.630221,
664,4,3,1,0.6666666666666666,0.3333333333333332,0.5703302,
672,4,3,0,0.0,1.0,0.35256338,
674,4,3,0,0.3333333333333333,0.3333333333333333,0.34651336,
675,4,3,0,0.3333333333333333,0.3333333333333333,0.04964339,
676,4,3,0,0.1666666666666666,0.6666666666666667,0.0576887,
693,4,3,1,0.5,0.0,0.5187707,
704,4,3,0,0.3333333333333333,0.3333333333333333,0.11380239,
709,4,3,0,0.3333333333333333,0.3333333333333333,0.7767104,
710,4,3,0,0.0,1.0,0.046327353,
714,4,3,0,0.3333333333333333,0.3333333333333333,0.2425159,
717,4,3,1,0.5,0.0,0.6175188,
719,4,3,0,0.1666666666666666,0.6666666666666667,0.36878347,
722,4,3,0,0.2,0.6,0.013509141,
735,4,3,0,0.0,1.0,0.0486387,
737,4,3,0,0.1666666666666666,0.6666666666666667,0.23297842,
2,4,4,0,0.4,0.1999999999999999,0.26529384,
5,4,4,0,0.2,0.6,0.46202826,
9,4,4,0,0.0,1.0,0.031395257,
16,4,4,1,0.6,0.1999999999999999,0.05442741,
20,4,4,0,0.25,0.5,0.089823104,
32,4,4,0,0.2,0.6,0.7592815,
40,4,4,0,0.2,0.6,0.38668203,
63,4,4,0,0.0,1.0,0.088254854,
69,4,4,0,0.0,1.0,0.36396223,
73,4,4,0,0.0,1.0,0.105719626,
74,4,4,0,0.0,1.0,0.49219,
80,4,4,0,0.0,1.0,0.6460444,
85,4,4,0,0.25,0.5,0.29425246,
86,4,4,0,0.0,1.0,0.20207205,
89,4,4,0,0.25,0.5,0.7674773,
113,4,4,0,0.1111111111111111,0.7777777777777778,0.6716114,
117,4,4,0,0.25,0.5,0.24105984,
123,4,4,0,0.0,1.0,0.18118241,
130,4,4,0,0.1111111111111111,0.7777777777777778,0.013362705,
133,4,4,1,0.8888888888888888,0.7777777777777777,0.10315129,
141,4,4,0,0.0,1.0,0.7706082,
142,4,4,0,0.0,1.0,0.68350875,
144,4,4,0,0.0,1.0,0.29389274,
146,4,4,1,0.8888888888888888,0.7777777777777777,0.2301363,
149,4,4,0,0.3333333333333333,0.3333333333333333,0.066510275,
150,4,4,0,0.0,1.0,0.78903735,
152,4,4,0,0.0,1.0,0.08963728,
154,4,4,0,0.25,0.5,0.35215664,
155,4,4,0,0.25,0.5,0.14643256,
161,4,4,0,0.0,1.0,0.5013601,
164,4,4,0,0.0,1.0,0.105091825,
175,4,4,0,0.0,1.0,0.39647225,
186,4,4,0,0.0,1.0,0.2818707,
193,4,4,0,0.25,0.5,0.67104125,
196,4,4,1,0.5,0.0,0.51040184,
199,4,4,0,0.25,0.5,0.080454186,
202,4,4,1,0.6,0.1999999999999999,0.01523749,
208,4,4,0,0.0,1.0,0.040789258,
210,4,4,0,0.4,0.1999999999999999,0.9306639,
223,4,4,0,0.2,0.6,0.018085025,
225,4,4,0,0.2,0.6,0.048164397,
232,4,4,0,0.25,0.5,0.30709302,
257,4,4,0,0.25,0.5,0.6133988,
263,4,4,0,0.2,0.6,0.61606,
264,4,4,0,0.25,0.5,0.09573801,
265,4,4,1,0.5,0.0,0.2308242,
268,4,4,1,0.5,0.0,0.1756618,
270,4,4,0,0.0,1.0,0.96167487,
276,4,4,0,0.2,0.6,0.6912439,
283,4,4,0,0.25,0.5,0.18962368,
284,4,4,1,0.5,0.0,0.08730462,
285,4,4,0,0.4,0.1999999999999999,0.77132255,
289,4,4,1,0.5,0.0,0.16791816,
292,4,4,0,0.25,0.5,0.9060632,
297,4,4,0,0.0,1.0,0.49701738,
298,4,4,0,0.25,0.5,0.431202,
300,4,4,0,0.0,1.0,0.38399622,
308,4,4,0,0.4,0.1999999999999999,0.92058134,
309,4,4,1,0.8,0.6000000000000001,0.056195166,
312,4,4,0,0.0,1.0,0.16519374,
317,4,4,0,0.4,0.1999999999999999,0.05836468,
318,4,4,0,0.4,0.1999999999999999,0.32724583,
324,4,4,0,0.2,0.6,0.8743664,
328,4,4,1,0.6,0.1999999999999999,0.13534887,
332,4,4,0,0.0,1.0,0.49326903,
333,4,4,0,0.0,1.0,0.13170831,
335,4,4,1,0.5,0.0,0.42280987,
340,4,4,1,0.6,0.1999999999999999,0.068115845,
344,4,4,0,0.2,0.6,0.114105865,
347,4,4,0,0.4,0.1999999999999999,0.9836682,
358,4,4,0,0.25,0.5,0.7809016,
360,4,4,0,0.25,0.5,0.052985825,
365,4,4,0,0.25,0.5,0.8450703,
369,4,4,0,0.0,1.0,0.02591393,
373,4,4,0,0.0,1.0,0.30628258,
378,4,4,1,0.5,0.0,0.6496757,
383,4,4,0,0.0,1.0,0.3341664,
385,4,4,1,0.5,0.0,0.6298377,
397,4,4,1,0.75,0.5,0.7583453,
399,4,4,0,0.25,0.5,0.99500704,
401,4,4,0,0.2,0.6,0.30144787,
413,4,4,0,0.0,1.0,0.30503443,
421,4,4,0,0.2,0.6,0.30999795,
427,4,4,1,0.6,0.1999999999999999,0.9939541,
430,4,4,1,0.6,0.1999999999999999,0.2828048,
431,4,4,0,0.4,0.1999999999999999,0.5427515,
432,4,4,0,0.2,0.6,0.7545761,
433,4,4,0,0.0,1.0,0.016634976,
444,4,4,0,0.2,0.6,0.6759028,
451,4,4,0,0.25,0.5,0.03406826,
454,4,4,0,0.0,1.0,0.14362392,
461,4,4,1,0.5,0.0,0.4654144,
467,4,4,1,1.0,1.0,0.36611545,
469,4,4,1,0.75,0.5,0.4347155,
475,4,4,0,0.25,0.5,0.8894471,
487,4,4,0,0.2,0.6,0.047024373,
491,4,4,1,0.5,0.0,0.3959661,
499,4,4,0,0.0,1.0,0.8684747,
502,4,4,1,0.75,0.5,0.25051808,
503,4,4,0,0.0,1.0,0.3618141,
508,4,4,1,0.75,0.5,0.15070319,
513,4,4,0,0.0,1.0,0.20225587,
514,4,4,1,0.75,0.5,0.8067594,
524,4,4,0,0.0,1.0,0.99370325,
525,4,4,0,0.2,0.6,0.023009293,
529,4,4,1,0.5,0.0,0.8500805,
531,4,4,1,0.75,0.5,0.9145105,
532,4,4,0,0.0,1.0,0.027662387,
545,4,4,0,0.25,0.5,0.0776635,
546,4,4,1,0.5,0.0,0.16107234,
556,4,4,0,0.1666666666666666,0.6666666666666667,0.960026,
559,4,4,1,0.6666666666666666,0.3333333333333332,0.22423379,
576,4,4,1,0.5,0.0,0.67748046,
580,4,4,0,0.3333333333333333,0.3333333333333333,0.4071852,
590,4,4,0,0.3333333333333333,0.3333333333333333,0.44990712,
593,4,4,1,0.5,0.0,0.09822358,
595,4,4,1,0.8333333333333334,0.6666666666666667,0.752388,
599,4,4,0,0.0,1.0,0.7831714,
603,4,4,1,0.5,0.0,0.81385726,
607,4,4,0,0.0,1.0,0.030195124,
611,4,4,1,0.75,0.5,0.025337173,
612,4,4,0,0.0,1.0,0.014582506,
616,4,4,1,0.75,0.5,0.31099322,
627,4,4,1,0.75,0.5,0.053162012,
631,4,4,0,0.0,1.0,0.7347834,
645,4,4,1,0.75,0.5,0.91086483,
650,4,4,0,0.0,1.0,0.040074807,
660,4,4,0,0.1666666666666666,0.6666666666666667,0.0771278,
665,4,4,0,0.1666666666666666,0.6666666666666667,0.18115218,
668,4,4,0,0.1666666666666666,0.6666666666666667,0.09836998,
671,4,4,0,0.3333333333333333,0.3333333333333333,0.96632373,
677,4,4,1,0.6666666666666666,0.3333333333333332,0.8372276,
678,4,4,0,0.3333333333333333,0.3333333333333333,0.37823033,
684,4,4,0,0.0,1.0,0.105229914,
687,4,4,0,0.3333333333333333,0.3333333333333333,0.7175125,
688,4,4,0,0.1666666666666666,0.6666666666666667,0.088114165,
691,4,4,0,0.1666666666666666,0.6666666666666667,0.95935464,
696,4,4,0,0.1666666666666666,0.6666666666666667,0.010153693,
700,4,4,1,0.5,0.0,0.9801798,
706,4,4,1,0.6666666666666666,0.3333333333333332,0.7637111,
711,4,4,1,0.6,0.1999999999999999,0.5939709,
725,4,4,0,0.0,1.0,0.61372256,
726,4,4,0,0.0,1.0,0.7951275,
729,4,4,0,0.4,0.1999999999999999,0.9488552,
730,4,4,0,0.3333333333333333,0.3333333333333333,0.76806533,
731,4,4,0,0.0,1.0,0.13293682,
736,4,4,0,0.0,1.0,0.17625284,
