patient_id,repeat,fold,y,y_soft,agreement,p,thr
5,0,0,0,0.2,0.6,0.5888551310235279,
7,0,0,1,0.6,0.1999999999999999,0.5598219789097671,
28,0,0,0,0.2,0.6,0.46730947408005,
29,0,0,0,0.2,0.6,0.6293046042257568,
32,0,0,0,0.2,0.6,0.5618146850949192,
40,0,0,0,0.2,0.6,0.43687564726036165,
49,0,0,0,0.3333333333333333,0.3333333333333333,0.4164428430831468,
50,0,0,1,0.8,0.6000000000000001,0.5779912748431212,
51,0,0,0,0.25,0.5,0.5183115557944383,
55,0,0,0,0.0,1.0,0.42178079111342615,
59,0,0,0,0.25,0.5,0.3773480406186821,
63,0,0,0,0.0,1.0,0.5986719150165631,
64,0,0,0,0.3333333333333333,0.3333333333333333,0.34056251311766034,
67,0,0,0,0.0,1.0,0.31643875757855744,
73,0,0,0,0.0,1.0,0.34354418966913525,
77,0,0,0,0.25,0.5,0.45463833875717574,
82,0,0,0,0.25,0.5,0.4632531841717104,
83,0,0,0,0.25,0.5,0.6030370669258068,
88,0,0,1,0.5,0.0,0.4351525526957413,
98,0,0,0,0.3333333333333333,0.3333333333333333,0.4467634883215614,
107,0,0,0,0.1111111111111111,0.7777777777777778,0.5946577815493677,
109,0,0,0,0.1111111111111111,0.7777777777777778,0.4664454331564172,
110,0,0,0,0.0,1.0,0.7989726515409222,
112,0,0,0,0.125,0.75,0.4180928461530764,
113,0,0,0,0.1111111111111111,0.7777777777777778,0.4736031507969698,
116,0,0,0,0.0,1.0,0.46413915055442545,
122,0,0,0,0.0,1.0,0.42180178454521056,
127,0,0,1,0.6666666666666666,0.3333333333333332,0.6305024671896584,
134,0,0,0,0.1111111111111111,0.7777777777777778,0.4843195001905475,
139,0,0,0,0.0,1.0,0.5031933990291992,
151,0,0,0,0.0,1.0,0.5114095086224365,
153,0,0,0,0.0,1.0,0.4922742650207216,
160,0,0,0,0.1666666666666666,0.6666666666666667,0.47190680653389705,
161,0,0,0,0.0,1.0,0.5081491017965157,
174,0,0,1,0.5,0.0,0.4229998347552575,
177,0,0,0,0.0,1.0,0.47585429046130845,
183,0,0,0,0.0,1.0,0.4234761847615664,
199,0,0,0,0.25,0.5,0.49784833946030616,
202,0,0,1,0.6,0.1999999999999999,0.5355386882104117,
206,0,0,1,0.5,0.0,0.28080587191990847,
210,0,0,0,0.4,0.1999999999999999,0.6802295416431852,
230,0,0,0,0.2,0.6,0.37645523295039274,
231,0,0,1,0.5,0.0,0.47875525136117836,
232,0,0,0,0.25,0.5,0.4052662732200533,
233,0,0,0,0.0,1.0,0.4018789015906229,
240,0,0,0,0.2,0.6,0.47634236028022825,
241,0,0,1,0.6,0.1999999999999999,0.41716309884631375,
248,0,0,0,0.4,0.1999999999999999,0.5570934997092816,
253,0,0,0,0.0,1.0,0.5338618576509941,
259,0,0,0,0.0,1.0,0.4548467488275863,
274,0,0,1,0.5,0.0,0.5982183045959384,
275,0,0,1,0.5,0.0,0.5810957151052847,
282,0,0,0,0.25,0.5,0.4195316209728057,
284,0,0,1,0.5,0.0,0.41482465873922747,
285,0,0,0,0.4,0.1999999999999999,0.33074838727462064,
287,0,0,0,0.25,0.5,0.3978828869118667,
294,0,0,0,0.0,1.0,0.587902003827073,
300,0,0,0,0.0,1.0,0.5845181773429591,
307,0,0,0,0.4,0.1999999999999999,0.49896387081445115,
309,0,0,1,0.8,0.6000000000000001,0.5046282345379192,
310,0,0,0,0.2,0.6,0.5442721085311029,
315,0,0,1,0.8,0.6000000000000001,0.6062508782650091,
316,0,0,0,0.4,0.1999999999999999,0.582531955978659,
319,0,0,0,0.2,0.6,0.5357637975281666,
322,0,0,1,0.6,0.1999999999999999,0.5961750663747453,
329,0,0,0,0.0,1.0,0.37670553057057043,
330,0,0,0,0.4,0.1999999999999999,0.5800482025582597,
338,0,0,0,0.4,0.1999999999999999,0.4009901467623167,
339,0,0,0,0.0,1.0,0.44629399570215705,
342,0,0,0,0.2,0.6,0.4012981171538962,
345,0,0,0,0.0,1.0,0.4242634629296089,
371,0,0,0,0.25,0.5,0.6349740755840234,
372,0,0,0,0.25,0.5,0.4649219471950906,
374,0,0,1,0.5,0.0,0.4498390552266448,
376,0,0,1,0.5,0.0,0.38315654619508255,
384,0,0,0,0.25,0.5,0.5515993512447872,
394,0,0,1,0.5,0.0,0.6293904787962825,
407,0,0,0,0.2,0.6,0.5270234442198292,
413,0,0,0,0.0,1.0,0.5642265995939486,
421,0,0,0,0.2,0.6,0.46206524122879444,
436,0,0,0,0.4,0.1999999999999999,0.49304994570470406,
438,0,0,0,0.1666666666666666,0.6666666666666667,0.46901294357378576,
456,0,0,1,0.5,0.0,0.4918098858436023,
457,0,0,1,0.5,0.0,0.5379437212142895,
459,0,0,0,0.25,0.5,0.5062860645173607,
463,0,0,0,0.25,0.5,0.320139159543308,
465,0,0,1,0.5,0.0,0.5323486158667864,
468,0,0,0,0.25,0.5,0.522600944552429,
480,0,0,1,0.5,0.0,0.5463466650127866,
487,0,0,0,0.2,0.6,0.37271189187903353,
490,0,0,0,0.25,0.5,0.4625277239368851,
491,0,0,1,0.5,0.0,0.5667907269537549,
492,0,0,0,0.3333333333333333,0.3333333333333333,0.4140990699584648,
495,0,0,0,0.0,1.0,0.514015564036582,
497,0,0,0,0.0,1.0,0.3901562419362131,
499,0,0,0,0.0,1.0,0.515404277807638,
510,0,0,1,0.5,0.0,0.5286187961785267,
513,0,0,0,0.0,1.0,0.5506327152998803,
514,0,0,1,0.75,0.5,0.48596418832721566,
518,0,0,0,0.25,0.5,0.48764078878554007,
521,0,0,1,0.75,0.5,0.47350866276056564,
528,0,0,0,0.0,1.0,0.45819665051148706,
534,0,0,1,0.75,0.5,0.5453238437536263,
539,0,0,0,0.25,0.5,0.4913891854690518,
540,0,0,0,0.25,0.5,0.5954414165692787,
542,0,0,0,0.25,0.5,0.335563086855662,
549,0,0,0,0.0,1.0,0.4207200490373294,
554,0,0,1,0.5,0.0,0.5531520350759073,
557,0,0,0,0.3333333333333333,0.3333333333333333,0.5129824425430995,
565,0,0,0,0.3333333333333333,0.3333333333333333,0.43606475165181924,
566,0,0,0,0.1666666666666666,0.6666666666666667,0.4504990977114647,
572,0,0,1,0.8333333333333334,0.6666666666666667,0.5571925675799223,
573,0,0,0,0.3333333333333333,0.3333333333333333,0.49096713760190536,
574,0,0,0,0.3333333333333333,0.3333333333333333,0.36890275899050756,
577,0,0,0,0.1666666666666666,0.6666666666666667,0.47061864470210507,
583,0,0,1,0.5,0.0,0.5347037601758233,
586,0,0,1,0.6666666666666666,0.3333333333333332,0.5735263469428649,
587,0,0,1,0.8333333333333334,0.6666666666666667,0.4876832831817954,
588,0,0,0,0.1666666666666666,0.6666666666666667,0.5446814489770482,
590,0,0,0,0.3333333333333333,0.3333333333333333,0.4943864304773684,
601,0,0,0,0.0,1.0,0.35127114671910403,
603,0,0,1,0.5,0.0,0.43910278698235117,
608,0,0,0,0.0,1.0,0.5081318208742043,
618,0,0,0,0.0,1.0,0.4153893353341134,
628,0,0,0,0.0,1.0,0.29125360985904053,
633,0,0,1,0.5,0.0,0.5076842719037143,
645,0,0,1,0.75,0.5,0.4802475475838923,
648,0,0,1,0.5,0.0,0.46543820567952265,
649,0,0,1,0.5,0.0,0.34956455309403445,
650,0,0,0,0.0,1.0,0.5067437192736629,
653,0,0,1,0.5,0.0,0.34264236587845104,
657,0,0,1,0.5,0.0,0.42472941599131375,
664,0,0,1,0.6666666666666666,0.3333333333333332,0.4258295398583256,
670,0,0,1,0.5,0.0,0.5683948390780569,
674,0,0,0,0.3333333333333333,0.3333333333333333,0.36889237821541637,
689,0,0,0,0.0,1.0,0.4080385989556296,
690,0,0,0,0.0,1.0,0.4574664227347769,
694,0,0,0,0.3333333333333333,0.3333333333333333,0.43571415596815766,
695,0,0,0,0.3333333333333333,0.3333333333333333,0.5280541693928269,
699,0,0,0,0.1666666666666666,0.6666666666666667,0.4840933745351959,
703,0,0,0,0.0,1.0,0.48551292701986415,
712,0,0,0,0.1666666666666666,0.6666666666666667,0.5943269432088212,
714,0,0,0,0.3333333333333333,0.3333333333333333,0.4713024974240116,
715,0,0,1,0.5,0.0,0.4180280812972466,
720,0,0,0,0.0,1.0,0.53674717998474,
735,0,0,0,0.0,1.0,0.49290508622480395,
739,0,0,0,0.3333333333333333,0.3333333333333333,0.5430377103036788,
2,0,1,0,0.4,0.1999999999999999,0.3191803116799288,
4,0,1,1,0.6,0.1999999999999999,0.5299594340584511,
6,0,1,0,0.2,0.6,0.49539963162813416,
14,0,1,0,0.2,0.6,0.5523579168697401,
16,0,1,1,0.6,0.1999999999999999,0.4353339939306664,
26,0,1,1,0.8,0.6000000000000001,0.41036935820968345,
30,0,1,0,0.2,0.6,0.614831454587214,
34,0,1,0,0.1666666666666666,0.6666666666666667,0.5993324683365454,
38,0,1,0,0.0,1.0,0.6241877781811107,
39,0,1,0,0.0,1.0,0.5234607371626343,
56,0,1,0,0.25,0.5,0.5219017746662313,
61,0,1,0,0.2,0.6,0.3779003604533019,
65,0,1,0,0.25,0.5,0.3601981891217255,
66,0,1,0,0.0,1.0,0.4578063644670507,
68,0,1,0,0.0,1.0,0.4466699244931359,
69,0,1,0,0.0,1.0,0.4445380236463643,
74,0,1,0,0.0,1.0,0.6072485206749287,
78,0,1,0,0.0,1.0,0.5001432911960147,
85,0,1,0,0.25,0.5,0.5984722985629176,
87,0,1,0,0.0,1.0,0.5127426001686292,
93,0,1,0,0.0,1.0,0.5302101543009824,
94,0,1,0,0.25,0.5,0.40982463685414017,
95,0,1,0,0.25,0.5,0.40183938237161954,
96,0,1,0,0.0,1.0,0.4726206126245183,
120,0,1,0,0.0,1.0,0.4568372077598917,
124,0,1,0,0.0,1.0,0.4576893210879586,
131,0,1,0,0.0,1.0,0.6218869892711449,
141,0,1,0,0.0,1.0,0.42552585692518297,
142,0,1,0,0.0,1.0,0.44331844218749195,
143,0,1,1,0.5555555555555556,0.1111111111111111,0.4570056433357915,
146,0,1,1,0.8888888888888888,0.7777777777777777,0.46610194170888675,
148,0,1,0,0.1111111111111111,0.7777777777777778,0.5421043369481586,
149,0,1,0,0.3333333333333333,0.3333333333333333,0.38443584138073444,
150,0,1,0,0.0,1.0,0.6394408106742759,
152,0,1,0,0.0,1.0,0.4577317813238686,
155,0,1,0,0.25,0.5,0.5672434161119082,
156,0,1,0,0.25,0.5,0.44675613875938125,
159,0,1,0,0.0,1.0,0.4321925034470268,
163,0,1,0,0.25,0.5,0.5469634201786222,
166,0,1,0,0.25,0.5,0.4293391642973436,
168,0,1,0,0.25,0.5,0.44706421953697884,
182,0,1,0,0.0,1.0,0.512440696571191,
187,0,1,0,0.0,1.0,0.36625022423803566,
189,0,1,1,0.5,0.0,0.6409006009995403,
190,0,1,0,0.25,0.5,0.45178854451172423,
196,0,1,1,0.5,0.0,0.5082160052674072,
200,0,1,0,0.2,0.6,0.3968616055153968,
204,0,1,0,0.4,0.1999999999999999,0.5782735048720467,
208,0,1,0,0.0,1.0,0.4078605773998381,
209,0,1,0,0.2,0.6,0.42874328467896405,
211,0,1,1,0.6,0.1999999999999999,0.6506363693459207,
212,0,1,0,0.2,0.6,0.38553792838044076,
215,0,1,0,0.2,0.6,0.32968604594226253,
221,0,1,1,0.8,0.6000000000000001,0.4577331818531437,
224,0,1,0,0.4,0.1999999999999999,0.5810776294463018,
226,0,1,0,0.0,1.0,0.4102346877274547,
243,0,1,0,0.0,1.0,0.4954766759606436,
247,0,1,0,0.2,0.6,0.5850883343013153,
249,0,1,1,0.6,0.1999999999999999,0.4530601919783855,
250,0,1,0,0.4,0.1999999999999999,0.34694509276208363,
267,0,1,0,0.0,1.0,0.4496498661968735,
279,0,1,0,0.2,0.6,0.35853991118244877,
281,0,1,0,0.0,1.0,0.3875906441174756,
288,0,1,1,0.75,0.5,0.34797103210780533,
291,0,1,0,0.0,1.0,0.4401154848473498,
308,0,1,0,0.4,0.1999999999999999,0.5585992404864447,
317,0,1,0,0.4,0.1999999999999999,0.45394386333741976,
326,0,1,0,0.0,1.0,0.3595506863873753,
328,0,1,1,0.6,0.1999999999999999,0.301083336457217,
331,0,1,0,0.0,1.0,0.45606350641948407,
332,0,1,0,0.0,1.0,0.4780652572678996,
333,0,1,0,0.0,1.0,0.40832835686262925,
335,0,1,1,0.5,0.0,0.48791350643392495,
336,0,1,0,0.4,0.1999999999999999,0.584116344676376,
346,0,1,1,0.6,0.1999999999999999,0.6491972186891404,
355,0,1,0,0.25,0.5,0.5277818600271207,
359,0,1,0,0.25,0.5,0.4888253241214636,
360,0,1,0,0.25,0.5,0.5519976477270452,
381,0,1,1,0.75,0.5,0.40328329422241305,
388,0,1,1,0.5,0.0,0.4708768533100087,
397,0,1,1,0.75,0.5,0.6569064179804526,
398,0,1,0,0.25,0.5,0.4932003504979291,
405,0,1,0,0.0,1.0,0.489690268787483,
411,0,1,0,0.2,0.6,0.6465564756291904,
414,0,1,1,0.6,0.1999999999999999,0.5867933640370293,
416,0,1,0,0.0,1.0,0.4635241128198684,
425,0,1,0,0.0,1.0,0.3681554232248916,
435,0,1,0,0.4,0.1999999999999999,0.4850952180566944,
437,0,1,1,0.6,0.1999999999999999,0.5433318158200071,
441,0,1,0,0.2,0.6,0.4839232185327341,
442,0,1,1,0.8,0.6000000000000001,0.5297441539831601,
449,0,1,0,0.4,0.1999999999999999,0.46804855648752186,
452,0,1,0,0.25,0.5,0.4822780392170769,
469,0,1,1,0.75,0.5,0.3958102760336017,
481,0,1,0,0.0,1.0,0.7418468300412684,
482,0,1,0,0.0,1.0,0.3137810692445287,
485,0,1,1,0.5,0.0,0.438549259688293,
486,0,1,0,0.25,0.5,0.7558812147924568,
496,0,1,1,0.75,0.5,0.6249140552442707,
498,0,1,0,0.0,1.0,0.4484858881453556,
503,0,1,0,0.0,1.0,0.564491094833264,
509,0,1,0,0.25,0.5,0.3473729491762134,
512,0,1,1,1.0,1.0,0.6196078899185584,
519,0,1,0,0.0,1.0,0.5373364162480269,
523,0,1,0,0.25,0.5,0.4228306417665296,
524,0,1,0,0.0,1.0,0.49285502255204067,
527,0,1,0,0.25,0.5,0.5337869470781957,
529,0,1,1,0.5,0.0,0.4178036874849853,
530,0,1,1,0.5,0.0,0.5397683173899526,
533,0,1,0,0.0,1.0,0.6000609015935646,
535,0,1,0,0.25,0.5,0.617635233837495,
548,0,1,1,0.5,0.0,0.48350757616644674,
561,0,1,1,0.5,0.0,0.4058202409928375,
567,0,1,0,0.3333333333333333,0.3333333333333333,0.5471344837669625,
575,0,1,1,0.5,0.0,0.6329411040316502,
579,0,1,0,0.3333333333333333,0.3333333333333333,0.29831522813353073,
589,0,1,0,0.3333333333333333,0.3333333333333333,0.37454385431589693,
595,0,1,1,0.8333333333333334,0.6666666666666667,0.5578978491805615,
604,0,1,1,0.75,0.5,0.3967651632919246,
605,0,1,1,0.5,0.0,0.4664611233990835,
609,0,1,0,0.25,0.5,0.4459792778586897,
612,0,1,0,0.0,1.0,0.36861798781528254,
615,0,1,1,0.75,0.5,0.4819587449194329,
622,0,1,1,0.75,0.5,0.40399725509701356,
623,0,1,1,0.5,0.0,0.41114341524946674,
624,0,1,0,0.25,0.5,0.40875583422838424,
629,0,1,1,0.5,0.0,0.6608680114055083,
630,0,1,1,0.5,0.0,0.5664692726535752,
632,0,1,1,0.5,0.0,0.49631603497287385,
634,0,1,0,0.25,0.5,0.3440786429760794,
636,0,1,0,0.0,1.0,0.47636927592077594,
638,0,1,0,0.25,0.5,0.4620646732175001,
642,0,1,1,0.75,0.5,0.4537949414982288,
658,0,1,0,0.1666666666666666,0.6666666666666667,0.4849271242395782,
660,0,1,0,0.1666666666666666,0.6666666666666667,0.4086370733304686,
667,0,1,0,0.3333333333333333,0.3333333333333333,0.5251052525895247,
676,0,1,0,0.1666666666666666,0.6666666666666667,0.472436181092433,
681,0,1,0,0.1666666666666666,0.6666666666666667,0.4891810731035291,
683,0,1,1,0.8333333333333334,0.6666666666666667,0.5702397033660254,
693,0,1,1,0.5,0.0,0.5612690265843002,
707,0,1,1,0.5,0.0,0.35570203744244366,
730,0,1,0,0.3333333333333333,0.3333333333333333,0.4649359068829939,
731,0,1,0,0.0,1.0,0.39318576344963496,
733,0,1,0,0.1666666666666666,0.6666666666666667,0.4771042176657779,
737,0,1,0,0.1666666666666666,0.6666666666666667,0.40063371881492205,
738,0,1,0,0.3333333333333333,0.3333333333333333,0.5367117425799388,
741,0,1,0,0.2,0.6,0.4130876687723668,
15,0,2,0,0.4,0.1999999999999999,0.5153880579747447,
18,0,2,1,0.6,0.1999999999999999,0.6095113566731487,
21,0,2,0,0.2,0.6,0.5468831895611618,
24,0,2,0,0.0,1.0,0.3814987782516243,
25,0,2,0,0.2,0.6,0.49341549188416645,
27,0,2,0,0.2,0.6,0.4735805888052017,
31,0,2,0,0.1666666666666666,0.6666666666666667,0.4997276542122754,
45,0,2,0,0.0,1.0,0.4855561102467566,
47,0,2,0,0.25,0.5,0.4833552050695269,
52,0,2,0,0.25,0.5,0.4318162429164446,
53,0,2,0,0.1666666666666666,0.6666666666666667,0.3646384824157989,
58,0,2,0,0.25,0.5,0.49418392847141673,
72,0,2,0,0.25,0.5,0.399962440049639,
80,0,2,0,0.0,1.0,0.42722943136202474,
81,0,2,0,0.0,1.0,0.41193118786086813,
84,0,2,0,0.3333333333333333,0.3333333333333333,0.5727326938095713,
91,0,2,0,0.25,0.5,0.5298710638669958,
92,0,2,0,0.0,1.0,0.61379671670419,
101,0,2,0,0.3333333333333333,0.3333333333333333,0.3878536366116752,
102,0,2,0,0.0,1.0,0.5395381976183031,
118,0,2,0,0.0,1.0,0.47394516206443593,
121,0,2,0,0.1111111111111111,0.7777777777777778,0.4990147062844572,
125,0,2,0,0.125,0.75,0.43966136535014555,
126,0,2,0,0.2222222222222222,0.5555555555555556,0.5050788512520474,
128,0,2,0,0.1111111111111111,0.7777777777777778,0.4799678475963311,
130,0,2,0,0.1111111111111111,0.7777777777777778,0.4564119667140273,
140,0,2,0,0.2222222222222222,0.5555555555555556,0.5337300062682306,
145,0,2,0,0.4444444444444444,0.1111111111111111,0.4079347763262752,
154,0,2,0,0.25,0.5,0.36715346921348047,
157,0,2,0,0.25,0.5,0.3822665463922991,
167,0,2,0,0.0,1.0,0.5592280913325416,
172,0,2,0,0.0,1.0,0.6135946192335251,
173,0,2,0,0.25,0.5,0.5169183577604405,
176,0,2,0,0.0,1.0,0.3230687432458583,
194,0,2,0,0.0,1.0,0.46354605787312186,
197,0,2,0,0.0,1.0,0.3927403009095754,
201,0,2,0,0.25,0.5,0.39159434997851483,
217,0,2,0,0.0,1.0,0.38622032342457946,
219,0,2,0,0.0,1.0,0.4298357707791709,
229,0,2,0,0.0,1.0,0.29887622263600244,
234,0,2,0,0.25,0.5,0.4113826234717707,
235,0,2,0,0.0,1.0,0.4223726566371706,
237,0,2,0,0.4,0.1999999999999999,0.47926199008173764,
239,0,2,1,0.6,0.1999999999999999,0.5717803857624006,
244,0,2,1,0.6,0.1999999999999999,0.5263604282951236,
246,0,2,0,0.4,0.1999999999999999,0.45242782648570434,
252,0,2,0,0.0,1.0,0.3885711878160477,
255,0,2,0,0.25,0.5,0.33616897379566313,
265,0,2,1,0.5,0.0,0.517117032241956,
266,0,2,0,0.25,0.5,0.41332426359948876,
268,0,2,1,0.5,0.0,0.45092634323341674,
270,0,2,0,0.0,1.0,0.3207464108541628,
273,0,2,1,0.5,0.0,0.510921784916226,
277,0,2,1,0.5,0.0,0.407466973738221,
280,0,2,0,0.25,0.5,0.5238137832844046,
286,0,2,0,0.2,0.6,0.34475753318431746,
289,0,2,1,0.5,0.0,0.4554797996693154,
304,0,2,1,0.8,0.6000000000000001,0.4425739475193191,
312,0,2,0,0.0,1.0,0.5014996278026963,
318,0,2,0,0.4,0.1999999999999999,0.5017822686625986,
321,0,2,1,0.6,0.1999999999999999,0.5349626915570811,
323,0,2,0,0.0,1.0,0.40846511475783787,
324,0,2,0,0.2,0.6,0.5272401413319054,
334,0,2,0,0.4,0.1999999999999999,0.5252539133524403,
340,0,2,1,0.6,0.1999999999999999,0.46817654227240574,
344,0,2,0,0.2,0.6,0.3624952197697734,
348,0,2,0,0.4,0.1999999999999999,0.5022545066736979,
352,0,2,0,0.25,0.5,0.4932981907726538,
353,0,2,0,0.0,1.0,0.5517266219522801,
354,0,2,0,0.25,0.5,0.3951492655362711,
357,0,2,1,0.5,0.0,0.23892247225330598,
358,0,2,0,0.25,0.5,0.6841994227977304,
362,0,2,1,0.75,0.5,0.5516318793891413,
364,0,2,1,0.5,0.0,0.4705065774888031,
399,0,2,0,0.25,0.5,0.4364352648551575,
404,0,2,1,0.6,0.1999999999999999,0.7531765561406889,
408,0,2,0,0.4,0.1999999999999999,0.5404326599355522,
409,0,2,0,0.4,0.1999999999999999,0.7025089801062205,
412,0,2,1,1.0,1.0,0.5433649154791894,
417,0,2,0,0.2,0.6,0.4208966448806509,
420,0,2,0,0.0,1.0,0.5317080304887405,
426,0,2,1,0.8,0.6000000000000001,0.5917505549002227,
431,0,2,0,0.4,0.1999999999999999,0.2937888381067024,
443,0,2,0,0.0,1.0,0.3732227127008456,
446,0,2,0,0.2,0.6,0.5210228207311395,
448,0,2,0,0.0,1.0,0.354916323350556,
451,0,2,0,0.25,0.5,0.4420382086791599,
453,0,2,0,0.25,0.5,0.42359917890294513,
458,0,2,0,0.0,1.0,0.4205146796900524,
460,0,2,0,0.0,1.0,0.5606304657058238,
461,0,2,1,0.5,0.0,0.5661626609810446,
471,0,2,0,0.0,1.0,0.6832682633107907,
477,0,2,0,0.0,1.0,0.4526096641405617,
479,0,2,0,0.0,1.0,0.528198803692709,
488,0,2,1,0.5,0.0,0.5104524634550445,
489,0,2,0,0.0,1.0,0.38933886780448734,
504,0,2,1,0.75,0.5,0.5816791720623258,
505,0,2,1,0.5,0.0,0.43905392365878243,
506,0,2,1,0.75,0.5,0.5256827417730418,
508,0,2,1,0.75,0.5,0.4850796471950911,
511,0,2,1,0.5,0.0,0.4448318636096986,
517,0,2,0,0.25,0.5,0.6335626717824652,
520,0,2,1,0.5,0.0,0.5117135204203582,
526,0,2,0,0.0,1.0,0.649912065614617,
541,0,2,1,0.5,0.0,0.5673559122124827,
544,0,2,1,0.5,0.0,0.5429142025741746,
545,0,2,0,0.25,0.5,0.49491295601380647,
550,0,2,0,0.0,1.0,0.46274493089493096,
552,0,2,1,0.6666666666666666,0.3333333333333332,0.4709804315059479,
555,0,2,0,0.3333333333333333,0.3333333333333333,0.527166069901239,
556,0,2,0,0.1666666666666666,0.6666666666666667,0.49210347350450173,
559,0,2,1,0.6666666666666666,0.3333333333333332,0.4165185910461766,
563,0,2,0,0.0,1.0,0.4853382750999976,
564,0,2,1,0.5,0.0,0.6008680901552808,
571,0,2,1,0.5,0.0,0.490446816683009,
582,0,2,1,0.5,0.0,0.45936868842356327,
602,0,2,0,0.25,0.5,0.537537139375447,
606,0,2,0,0.25,0.5,0.4212391119490396,
607,0,2,0,0.0,1.0,0.53440790581596,
614,0,2,1,0.75,0.5,0.4546435199750672,
617,0,2,1,0.5,0.0,0.5609184395992306,
620,0,2,1,0.75,0.5,0.5751284296940653,
626,0,2,1,0.5,0.0,0.4202135687388413,
641,0,2,0,0.0,1.0,0.4969765041701585,
652,0,2,0,0.0,1.0,0.39179746456696396,
661,0,2,1,0.8333333333333334,0.6666666666666667,0.6358077966662321,
669,0,2,0,0.3333333333333333,0.3333333333333333,0.5311268216775507,
671,0,2,0,0.3333333333333333,0.3333333333333333,0.40861702964765284,
673,0,2,0,0.3333333333333333,0.3333333333333333,0.32093982021499756,
675,0,2,0,0.3333333333333333,0.3333333333333333,0.4228426732135158,
682,0,2,0,0.1666666666666666,0.6666666666666667,0.530928874700526,
685,0,2,0,0.0,1.0,0.3136061846772764,
686,0,2,0,0.0,1.0,0.416712306946344,
691,0,2,0,0.1666666666666666,0.6666666666666667,0.5080296583975568,
692,0,2,0,0.0,1.0,0.45003811926287507,
698,0,2,1,0.5,0.0,0.6263488523790087,
704,0,2,0,0.3333333333333333,0.3333333333333333,0.4094042857139264,
705,0,2,1,0.5,0.0,0.346890526779385,
709,0,2,0,0.3333333333333333,0.3333333333333333,0.5216970107600225,
710,0,2,0,0.0,1.0,0.3879201729987237,
717,0,2,1,0.5,0.0,0.51356474687689,
721,0,2,0,0.3333333333333333,0.3333333333333333,0.5363324543044341,
723,0,2,0,0.1666666666666666,0.6666666666666667,0.5592082737713628,
727,0,2,0,0.4,0.1999999999999999,0.44111793807849087,
728,0,2,0,0.2,0.6,0.5175453678747819,
729,0,2,0,0.4,0.1999999999999999,0.5238628891526135,
736,0,2,0,0.0,1.0,0.5602432072457594,
1,0,3,0,0.3333333333333333,0.3333333333333333,0.5156258617766516,
3,0,3,0,0.0,1.0,0.5256697732758924,
9,0,3,0,0.0,1.0,0.5213653345247082,
12,0,3,0,0.4,0.1999999999999999,0.4755379725940966,
13,0,3,0,0.2,0.6,0.5320328502768912,
17,0,3,0,0.4,0.1999999999999999,0.5094293303524671,
35,0,3,1,0.5,0.0,0.49875280053425386,
37,0,3,0,0.2,0.6,0.44267788536481056,
42,0,3,0,0.0,1.0,0.5583049856085425,
43,0,3,0,0.2,0.6,0.6524643877158586,
48,0,3,1,0.6,0.1999999999999999,0.45558006997534034,
54,0,3,0,0.25,0.5,0.4890569690546648,
76,0,3,0,0.25,0.5,0.49479125247671585,
79,0,3,0,0.25,0.5,0.5307977661408783,
86,0,3,0,0.0,1.0,0.4905447691394286,
90,0,3,1,0.5,0.0,0.40194396839331303,
97,0,3,0,0.25,0.5,0.4717061613019631,
100,0,3,0,0.25,0.5,0.6096101578333227,
103,0,3,0,0.1111111111111111,0.7777777777777778,0.439951054430883,
108,0,3,0,0.25,0.5,0.5357113211054851,
115,0,3,0,0.0,1.0,0.48981587122506864,
119,0,3,0,0.1111111111111111,0.7777777777777778,0.44950438012629657,
123,0,3,0,0.0,1.0,0.32605016213879423,
129,0,3,0,0.2,0.6,0.5272747002017497,
132,0,3,0,0.2222222222222222,0.5555555555555556,0.5194899204109203,
133,0,3,1,0.8888888888888888,0.7777777777777777,0.45394713323439284,
138,0,3,1,0.5555555555555556,0.1111111111111111,0.40897590601442957,
144,0,3,0,0.0,1.0,0.43296312392162384,
158,0,3,0,0.0,1.0,0.43184916657676653,
179,0,3,0,0.25,0.5,0.6450050345504124,
180,0,3,0,0.0,1.0,0.584039834524422,
184,0,3,0,0.0,1.0,0.4352662509832155,
185,0,3,0,0.25,0.5,0.5409426890816914,
188,0,3,0,0.0,1.0,0.46549737307730044,
195,0,3,0,0.0,1.0,0.6041196740325774,
198,0,3,0,0.0,1.0,0.5662534792678231,
203,0,3,0,0.2,0.6,0.3715138760727985,
205,0,3,0,0.2,0.6,0.4268887147652273,
213,0,3,0,0.4,0.1999999999999999,0.49529182811294536,
216,0,3,0,0.0,1.0,0.4300885617065487,
220,0,3,0,0.4,0.1999999999999999,0.48401312021733806,
222,0,3,0,0.2,0.6,0.42578922135112035,
225,0,3,0,0.2,0.6,0.462648469953565,
228,0,3,0,0.2,0.6,0.45550429371381274,
236,0,3,0,0.0,1.0,0.3654227256034368,
238,0,3,0,0.25,0.5,0.44171750533328075,
242,0,3,1,0.6,0.1999999999999999,0.41435496694967344,
251,0,3,0,0.25,0.5,0.5757675577858109,
257,0,3,0,0.25,0.5,0.5336948481600294,
258,0,3,0,0.0,1.0,0.5221050593184255,
269,0,3,1,0.5,0.0,0.4869594704689494,
272,0,3,1,0.5,0.0,0.5041900062467889,
278,0,3,0,0.25,0.5,0.45916421128175405,
283,0,3,0,0.25,0.5,0.5240651528188086,
290,0,3,0,0.0,1.0,0.5185634711397874,
293,0,3,1,0.5,0.0,0.44675919687059584,
296,0,3,0,0.0,1.0,0.4477741441270926,
297,0,3,0,0.0,1.0,0.3083320020078663,
302,0,3,0,0.0,1.0,0.511152496296897,
303,0,3,0,0.0,1.0,0.5042841713241125,
306,0,3,0,0.0,1.0,0.5468109311051166,
311,0,3,0,0.4,0.1999999999999999,0.49849309443527895,
313,0,3,0,0.0,1.0,0.5487837738444966,
320,0,3,0,0.0,1.0,0.5709242254823006,
343,0,3,1,0.8,0.6000000000000001,0.6147199989951523,
351,0,3,0,0.0,1.0,0.40356840014504114,
356,0,3,0,0.25,0.5,0.407351317379245,
361,0,3,0,0.0,1.0,0.5460439741727556,
366,0,3,0,0.0,1.0,0.4414977412649189,
367,0,3,0,0.25,0.5,0.410141596193287,
369,0,3,0,0.0,1.0,0.5013940344306288,
370,0,3,0,0.0,1.0,0.461466269817683,
373,0,3,0,0.0,1.0,0.5809674027549295,
378,0,3,1,0.5,0.0,0.4507009260896953,
380,0,3,1,0.75,0.5,0.505423436230189,
385,0,3,1,0.5,0.0,0.42978230280678315,
387,0,3,0,0.0,1.0,0.5135170222154984,
389,0,3,0,0.25,0.5,0.6370200744504516,
392,0,3,1,0.5,0.0,0.44905178828021297,
396,0,3,1,0.75,0.5,0.5649963314154309,
400,0,3,1,0.5,0.0,0.5933283743928011,
402,0,3,1,0.6,0.1999999999999999,0.41305624235765603,
403,0,3,0,0.0,1.0,0.4644792262371692,
406,0,3,1,0.6,0.1999999999999999,0.43783966936282737,
410,0,3,1,0.6,0.1999999999999999,0.44613301050168913,
415,0,3,0,0.0,1.0,0.5658808882554471,
422,0,3,1,0.6,0.1999999999999999,0.4189999330934219,
423,0,3,0,0.0,1.0,0.5319706759523412,
428,0,3,1,0.6,0.1999999999999999,0.39508015285058123,
429,0,3,0,0.0,1.0,0.5402304133908418,
433,0,3,0,0.0,1.0,0.378113679790498,
440,0,3,0,0.0,1.0,0.5541891375861187,
444,0,3,0,0.2,0.6,0.5226045163585153,
445,0,3,0,0.0,1.0,0.5820569891045579,
447,0,3,0,0.0,1.0,0.34188596577258756,
455,0,3,0,0.0,1.0,0.46495067273721635,
470,0,3,0,0.0,1.0,0.5588140451027621,
472,0,3,0,0.25,0.5,0.3228865980721852,
473,0,3,0,0.25,0.5,0.5379907171674365,
474,0,3,0,0.0,1.0,0.36826683768160506,
475,0,3,0,0.25,0.5,0.5342610437883986,
478,0,3,0,0.0,1.0,0.45407709558078346,
484,0,3,0,0.25,0.5,0.524464562985542,
493,0,3,0,0.0,1.0,0.4908074583674751,
500,0,3,0,0.25,0.5,0.6464767247882479,
501,0,3,0,0.25,0.5,0.47962921545073856,
502,0,3,1,0.75,0.5,0.3785269797884366,
516,0,3,0,0.0,1.0,0.48810436002351476,
525,0,3,0,0.2,0.6,0.36672803293714074,
531,0,3,1,0.75,0.5,0.49303286451059614,
536,0,3,0,0.3333333333333333,0.3333333333333333,0.4633007399102188,
538,0,3,0,0.0,1.0,0.44230770054768365,
543,0,3,1,0.5,0.0,0.5762682142531699,
547,0,3,1,0.5,0.0,0.48817596776492284,
560,0,3,0,0.1666666666666666,0.6666666666666667,0.5415892930506885,
576,0,3,1,0.5,0.0,0.533722462708656,
581,0,3,0,0.3333333333333333,0.3333333333333333,0.5236789562385302,
591,0,3,1,0.5,0.0,0.5146724781607196,
592,0,3,1,0.6,0.1999999999999999,0.6068670308480693,
597,0,3,0,0.0,1.0,0.4562318767676601,
598,0,3,0,0.3333333333333333,0.3333333333333333,0.32719917284734024,
600,0,3,0,0.1666666666666666,0.6666666666666667,0.4115065374335912,
611,0,3,1,0.75,0.5,0.3772855932201419,
627,0,3,1,0.75,0.5,0.548707021778887,
631,0,3,0,0.0,1.0,0.3998103084384028,
637,0,3,1,0.5,0.0,0.360360548290619,
639,0,3,0,0.0,1.0,0.4721519793564365,
640,0,3,1,0.75,0.5,0.6316115313387491,
643,0,3,1,0.5,0.0,0.32592015838392063,
647,0,3,1,0.5,0.0,0.5324582290754261,
651,0,3,0,0.3333333333333333,0.3333333333333333,0.4618094096222414,
654,0,3,0,0.1666666666666666,0.6666666666666667,0.5403791546927736,
659,0,3,1,0.6666666666666666,0.3333333333333332,0.45390322798714416,
665,0,3,0,0.1666666666666666,0.6666666666666667,0.560052624106796,
672,0,3,0,0.0,1.0,0.47783974729348494,
677,0,3,1,0.6666666666666666,0.3333333333333332,0.5244902146103612,
680,0,3,0,0.0,1.0,0.498063465945366,
687,0,3,0,0.3333333333333333,0.3333333333333333,0.35767091951231533,
696,0,3,0,0.1666666666666666,0.6666666666666667,0.3466936434953025,
697,0,3,1,0.5,0.0,0.4821473339245054,
711,0,3,1,0.6,0.1999999999999999,0.5302422511062812,
713,0,3,1,0.6,0.1999999999999999,0.5419329363134131,
718,0,3,0,0.1666666666666666,0.6666666666666667,0.4311664627598401,
719,0,3,0,0.1666666666666666,0.6666666666666667,0.6446295308286533,
725,0,3,0,0.0,1.0,0.39500648241423325,
732,0,3,0,0.0,1.0,0.4671746936932746,
742,0,3,1,0.5,0.0,0.5102100421296432,
8,0,4,0,0.0,1.0,0.30698864700683937,
10,0,4,0,0.0,1.0,0.435386345817363,
11,0,4,1,0.6,0.1999999999999999,0.46778798045691994,
20,0,4,0,0.25,0.5,0.41032359921361256,
22,0,4,0,0.2,0.6,0.549054571282862,
33,0,4,0,0.4,0.1999999999999999,0.40494298034282195,
36,0,4,0,0.2,0.6,0.3904709016237969,
41,0,4,0,0.2,0.6,0.35561605800818497,
44,0,4,0,0.0,1.0,0.5316727495562703,
46,0,4,0,0.4,0.1999999999999999,0.5975671536840663,
57,0,4,1,1.0,1.0,0.4705922241411357,
60,0,4,0,0.0,1.0,0.5525921104189946,
62,0,4,0,0.25,0.5,0.512924309454891,
70,0,4,0,0.0,1.0,0.4508764581433485,
71,0,4,0,0.0,1.0,0.5027100259286394,
75,0,4,0,0.0,1.0,0.4549906208140273,
89,0,4,0,0.25,0.5,0.49181724888930256,
99,0,4,0,0.0,1.0,0.3742002786071146,
104,0,4,0,0.1111111111111111,0.7777777777777778,0.4291649703742604,
105,0,4,0,0.0,1.0,0.4835132827425407,
106,0,4,1,1.0,1.0,0.5233070045984083,
111,0,4,0,0.1111111111111111,0.7777777777777778,0.4115522377403874,
114,0,4,0,0.1111111111111111,0.7777777777777778,0.557938768933887,
117,0,4,0,0.25,0.5,0.41918215430124206,
135,0,4,0,0.1666666666666666,0.6666666666666667,0.44424256023026365,
136,0,4,0,0.3333333333333333,0.3333333333333333,0.6018620527155645,
137,0,4,1,0.6666666666666666,0.3333333333333332,0.408497865294992,
147,0,4,0,0.0,1.0,0.5097246598692875,
162,0,4,0,0.2,0.6,0.4277599805254869,
164,0,4,0,0.0,1.0,0.3828833871225824,
165,0,4,0,0.0,1.0,0.7238901775980802,
169,0,4,0,0.0,1.0,0.533819606076223,
170,0,4,0,0.1666666666666666,0.6666666666666667,0.4160449238715498,
171,0,4,0,0.25,0.5,0.5233629229726754,
175,0,4,0,0.0,1.0,0.3988165269193147,
178,0,4,0,0.0,1.0,0.5242249250344349,
181,0,4,1,0.5,0.0,0.432919275230785,
186,0,4,0,0.0,1.0,0.4336561671044716,
191,0,4,0,0.0,1.0,0.49365023768265637,
192,0,4,0,0.0,1.0,0.37016687326517744,
193,0,4,0,0.25,0.5,0.5084621973530079,
207,0,4,0,0.2,0.6,0.5034952420258416,
214,0,4,0,0.2,0.6,0.5185305656112089,
223,0,4,0,0.2,0.6,0.5165460835227116,
227,0,4,1,1.0,1.0,0.3867014548777231,
245,0,4,0,0.0,1.0,0.4969930577846529,
254,0,4,0,0.25,0.5,0.5154779704882657,
260,0,4,0,0.25,0.5,0.4350257775309168,
261,0,4,0,0.25,0.5,0.5465087299858369,
262,0,4,1,0.5,0.0,0.4698285939106076,
263,0,4,0,0.2,0.6,0.4043513439691857,
264,0,4,0,0.25,0.5,0.49381965534276756,
271,0,4,0,0.0,1.0,0.40816220327435326,
276,0,4,0,0.2,0.6,0.4112597864145229,
292,0,4,0,0.25,0.5,0.5059648989058254,
295,0,4,0,0.0,1.0,0.47530625311293173,
298,0,4,0,0.25,0.5,0.5626041181498459,
299,0,4,1,0.8,0.6000000000000001,0.38299554886654086,
314,0,4,0,0.0,1.0,0.570931106267712,
325,0,4,0,0.0,1.0,0.38129206664525245,
327,0,4,0,0.0,1.0,0.6340415613436357,
337,0,4,0,0.0,1.0,0.48927098680342124,
341,0,4,1,0.6,0.1999999999999999,0.6511685050318637,
347,0,4,0,0.4,0.1999999999999999,0.46114040517110666,
349,0,4,0,0.0,1.0,0.4112856425400665,
350,0,4,0,0.0,1.0,0.47047120158050487,
363,0,4,0,0.0,1.0,0.6302732286358731,
365,0,4,0,0.25,0.5,0.6253277679312989,
368,0,4,1,0.5,0.0,0.567718110600941,
375,0,4,1,0.5,0.0,0.5215413930875165,
377,0,4,0,0.25,0.5,0.4337537171952124,
379,0,4,1,0.75,0.5,0.5211420324910332,
382,0,4,1,0.5,0.0,0.41192459110136936,
383,0,4,0,0.0,1.0,0.4911226786302437,
386,0,4,0,0.25,0.5,0.4492340189261117,
390,0,4,1,0.75,0.5,0.47459907001415796,
391,0,4,0,0.0,1.0,0.39573897291613763,
393,0,4,0,0.25,0.5,0.5255828848116073,
395,0,4,1,0.5,0.0,0.5482901734929938,
401,0,4,0,0.2,0.6,0.5034005931336656,
418,0,4,0,0.0,1.0,0.5242583421314004,
419,0,4,0,0.4,0.1999999999999999,0.45840886922665247,
424,0,4,1,0.6,0.1999999999999999,0.3892283248299447,
427,0,4,1,0.6,0.1999999999999999,0.44461390051057226,
430,0,4,1,0.6,0.1999999999999999,0.6337955718334537,
432,0,4,0,0.2,0.6,0.5027419747898146,
434,0,4,0,0.0,1.0,0.32952300688259933,
439,0,4,0,0.2,0.6,0.42599994514283845,
450,0,4,0,0.2,0.6,0.39429345111500563,
454,0,4,0,0.0,1.0,0.4244540878347652,
462,0,4,1,0.5,0.0,0.6582336433349247,
464,0,4,0,0.0,1.0,0.6356500274781036,
466,0,4,1,0.5,0.0,0.5323201978318892,
467,0,4,1,1.0,1.0,0.6395214547012413,
476,0,4,0,0.0,1.0,0.604154692775984,
483,0,4,0,0.25,0.5,0.5092881795654152,
494,0,4,1,0.8,0.6000000000000001,0.5987946546612443,
507,0,4,1,1.0,1.0,0.4756608641916539,
515,0,4,0,0.25,0.5,0.46141237086515385,
522,0,4,0,0.25,0.5,0.28147226381877277,
532,0,4,0,0.0,1.0,0.40288166550864335,
537,0,4,0,0.25,0.5,0.46295700063375766,
546,0,4,1,0.5,0.0,0.539654437128611,
551,0,4,1,0.6666666666666666,0.3333333333333332,0.4911999520586736,
553,0,4,0,0.0,1.0,0.5033451723919689,
558,0,4,1,0.5,0.0,0.47896182933121856,
562,0,4,0,0.3333333333333333,0.3333333333333333,0.49861484873119866,
568,0,4,1,1.0,1.0,0.61247150078681,
569,0,4,0,0.1666666666666666,0.6666666666666667,0.41141881295514127,
570,0,4,1,0.6666666666666666,0.3333333333333332,0.4973351237425836,
578,0,4,1,0.5,0.0,0.4305108122811478,
580,0,4,0,0.3333333333333333,0.3333333333333333,0.38412987175495295,
584,0,4,1,0.6666666666666666,0.3333333333333332,0.586699639270559,
585,0,4,1,0.5,0.0,0.5221721804951598,
593,0,4,1,0.5,0.0,0.5297070915486125,
594,0,4,0,0.0,1.0,0.5578221978806228,
596,0,4,1,0.5,0.0,0.5159421849912669,
599,0,4,0,0.0,1.0,0.371174026496348,
610,0,4,0,0.25,0.5,0.48503233509761123,
613,0,4,0,0.0,1.0,0.602090729753073,
616,0,4,1,0.75,0.5,0.32923519468423934,
619,0,4,0,0.25,0.5,0.5104139119568223,
621,0,4,1,0.5,0.0,0.42326796254800936,
625,0,4,0,0.0,1.0,0.49909853642721996,
635,0,4,1,0.5,0.0,0.5582743253984408,
644,0,4,0,0.25,0.5,0.49365299756510717,
646,0,4,0,0.0,1.0,0.45876553115401086,
655,0,4,1,0.6666666666666666,0.3333333333333332,0.43987416631779674,
656,0,4,1,0.6666666666666666,0.3333333333333332,0.5124643233843909,
662,0,4,0,0.0,1.0,0.48861662867236344,
663,0,4,0,0.3333333333333333,0.3333333333333333,0.5613811827972592,
668,0,4,0,0.1666666666666666,0.6666666666666667,0.6365801881254269,
678,0,4,0,0.3333333333333333,0.3333333333333333,0.4662531498117029,
679,0,4,0,0.4,0.1999999999999999,0.38955399118849765,
684,0,4,0,0.0,1.0,0.5576232205326583,
688,0,4,0,0.1666666666666666,0.6666666666666667,0.3804221889030264,
700,0,4,1,0.5,0.0,0.4830262902895541,
701,0,4,0,0.1666666666666666,0.6666666666666667,0.5296061786640952,
702,0,4,0,0.1666666666666666,0.6666666666666667,0.39265189148023627,
706,0,4,1,0.6666666666666666,0.3333333333333332,0.6123249210167914,
708,0,4,0,0.0,1.0,0.6213863000213045,
716,0,4,1,0.6666666666666666,0.3333333333333332,0.5259617597648689,
722,0,4,0,0.2,0.6,0.32902828952183927,
724,0,4,0,0.2,0.6,0.36217269937270613,
726,0,4,0,0.0,1.0,0.5488020096785603,
734,0,4,0,0.0,1.0,0.44278653204758905,
740,0,4,0,0.1666666666666666,0.6666666666666667,0.4571407983166912,
5,1,0,0,0.2,0.6,0.5505934803148398,
10,1,0,0,0.0,1.0,0.3885422017607416,
12,1,0,0,0.4,0.1999999999999999,0.5428406553453209,
16,1,0,1,0.6,0.1999999999999999,0.4514504526514357,
17,1,0,0,0.4,0.1999999999999999,0.5141838790137577,
25,1,0,0,0.2,0.6,0.5206304023301187,
26,1,0,1,0.8,0.6000000000000001,0.48245273113360876,
30,1,0,0,0.2,0.6,0.5340440629798908,
36,1,0,0,0.2,0.6,0.34875246678621613,
37,1,0,0,0.2,0.6,0.4419022501520203,
46,1,0,0,0.4,0.1999999999999999,0.6457587547762825,
56,1,0,0,0.25,0.5,0.3952749270180814,
63,1,0,0,0.0,1.0,0.5496297658555869,
66,1,0,0,0.0,1.0,0.4569381720946417,
72,1,0,0,0.25,0.5,0.3590964460081485,
81,1,0,0,0.0,1.0,0.33148281130154245,
82,1,0,0,0.25,0.5,0.4374173891667473,
91,1,0,0,0.25,0.5,0.47576612590469247,
93,1,0,0,0.0,1.0,0.5025292514604178,
101,1,0,0,0.3333333333333333,0.3333333333333333,0.45207456949780944,
102,1,0,0,0.0,1.0,0.5437795677818924,
114,1,0,0,0.1111111111111111,0.7777777777777778,0.5324084554773667,
117,1,0,0,0.25,0.5,0.45560442261824474,
118,1,0,0,0.0,1.0,0.5108876132634707,
122,1,0,0,0.0,1.0,0.428363539674986,
128,1,0,0,0.1111111111111111,0.7777777777777778,0.3842639048350961,
141,1,0,0,0.0,1.0,0.41276159616393626,
142,1,0,0,0.0,1.0,0.49778194026130856,
145,1,0,0,0.4444444444444444,0.1111111111111111,0.4018634754268118,
149,1,0,0,0.3333333333333333,0.3333333333333333,0.37718591382910843,
150,1,0,0,0.0,1.0,0.6268395171778316,
159,1,0,0,0.0,1.0,0.46254057007623195,
179,1,0,0,0.25,0.5,0.5862580865363065,
180,1,0,0,0.0,1.0,0.4657874702177526,
184,1,0,0,0.0,1.0,0.392026036914389,
187,1,0,0,0.0,1.0,0.28402118256638204,
195,1,0,0,0.0,1.0,0.6091130210883448,
213,1,0,0,0.4,0.1999999999999999,0.5327652315170076,
216,1,0,0,0.0,1.0,0.4301969763771198,
226,1,0,0,0.0,1.0,0.3625365014276914,
227,1,0,1,1.0,1.0,0.382890946783079,
231,1,0,1,0.5,0.0,0.4512464855943591,
232,1,0,0,0.25,0.5,0.38612388677674647,
235,1,0,0,0.0,1.0,0.4197145268327339,
239,1,0,1,0.6,0.1999999999999999,0.561796070850933,
243,1,0,0,0.0,1.0,0.3530513371416053,
248,1,0,0,0.4,0.1999999999999999,0.6852234789102518,
249,1,0,1,0.6,0.1999999999999999,0.4367611309897435,
250,1,0,0,0.4,0.1999999999999999,0.43253444039302896,
251,1,0,0,0.25,0.5,0.6635456895527452,
257,1,0,0,0.25,0.5,0.37990404903877695,
263,1,0,0,0.2,0.6,0.4092624816935643,
272,1,0,1,0.5,0.0,0.45134899409072815,
273,1,0,1,0.5,0.0,0.4717189807257641,
278,1,0,0,0.25,0.5,0.3859679571733753,
285,1,0,0,0.4,0.1999999999999999,0.41445986970156323,
287,1,0,0,0.25,0.5,0.41113311853988155,
288,1,0,1,0.75,0.5,0.36186633640150023,
297,1,0,0,0.0,1.0,0.31375979100987694,
299,1,0,1,0.8,0.6000000000000001,0.3066278283905927,
314,1,0,0,0.0,1.0,0.5792250012463027,
317,1,0,0,0.4,0.1999999999999999,0.43210098342076014,
320,1,0,0,0.0,1.0,0.5415346972048387,
333,1,0,0,0.0,1.0,0.4133699980996456,
335,1,0,1,0.5,0.0,0.44041643699544364,
339,1,0,0,0.0,1.0,0.5372888606717532,
341,1,0,1,0.6,0.1999999999999999,0.656291414656714,
343,1,0,1,0.8,0.6000000000000001,0.597366835507031,
347,1,0,0,0.4,0.1999999999999999,0.5329750855843227,
350,1,0,0,0.0,1.0,0.4311449031209918,
352,1,0,0,0.25,0.5,0.43470356174066827,
357,1,0,1,0.5,0.0,0.17830010184924222,
358,1,0,0,0.25,0.5,0.6283704632238478,
369,1,0,0,0.0,1.0,0.4966898337174995,
373,1,0,0,0.0,1.0,0.5288932367067798,
380,1,0,1,0.75,0.5,0.6682291322290164,
386,1,0,0,0.25,0.5,0.4594009416255971,
388,1,0,1,0.5,0.0,0.45631136579934173,
389,1,0,0,0.25,0.5,0.6282692877932157,
390,1,0,1,0.75,0.5,0.4278184453901376,
393,1,0,0,0.25,0.5,0.5521660014180041,
396,1,0,1,0.75,0.5,0.5522414945380625,
401,1,0,0,0.2,0.6,0.5268131963366274,
402,1,0,1,0.6,0.1999999999999999,0.402250986521982,
406,1,0,1,0.6,0.1999999999999999,0.38134359784676386,
420,1,0,0,0.0,1.0,0.645752971399651,
425,1,0,0,0.0,1.0,0.3278441353206951,
428,1,0,1,0.6,0.1999999999999999,0.3420556093928575,
433,1,0,0,0.0,1.0,0.35509578124616137,
444,1,0,0,0.2,0.6,0.6151433085571909,
450,1,0,0,0.2,0.6,0.37649098795335484,
454,1,0,0,0.0,1.0,0.42181497936974294,
455,1,0,0,0.0,1.0,0.42920980074855086,
457,1,0,1,0.5,0.0,0.4944846741596477,
462,1,0,1,0.5,0.0,0.6175881963452892,
475,1,0,0,0.25,0.5,0.5020047336446964,
479,1,0,0,0.0,1.0,0.49958625505579746,
482,1,0,0,0.0,1.0,0.30677382350174576,
489,1,0,0,0.0,1.0,0.39155654478168495,
507,1,0,1,1.0,1.0,0.4903456304200755,
511,1,0,1,0.5,0.0,0.4149607876371646,
515,1,0,0,0.25,0.5,0.4354636269566885,
525,1,0,0,0.2,0.6,0.3620260517928614,
531,1,0,1,0.75,0.5,0.4115065682351221,
537,1,0,0,0.25,0.5,0.43807777284406435,
538,1,0,0,0.0,1.0,0.4445165574288791,
540,1,0,0,0.25,0.5,0.5867331113837152,
549,1,0,0,0.0,1.0,0.38631373788620943,
551,1,0,1,0.6666666666666666,0.3333333333333332,0.47760587446723607,
553,1,0,0,0.0,1.0,0.5910209983535792,
559,1,0,1,0.6666666666666666,0.3333333333333332,0.4883611519099355,
560,1,0,0,0.1666666666666666,0.6666666666666667,0.4886253128298642,
563,1,0,0,0.0,1.0,0.41006447893197395,
577,1,0,0,0.1666666666666666,0.6666666666666667,0.393384063079927,
579,1,0,0,0.3333333333333333,0.3333333333333333,0.3090637922359768,
580,1,0,0,0.3333333333333333,0.3333333333333333,0.450938421754373,
584,1,0,1,0.6666666666666666,0.3333333333333332,0.5588617743246697,
589,1,0,0,0.3333333333333333,0.3333333333333333,0.49371600897502216,
593,1,0,1,0.5,0.0,0.4745047488190537,
602,1,0,0,0.25,0.5,0.5662285329861289,
604,1,0,1,0.75,0.5,0.4308941678177256,
607,1,0,0,0.0,1.0,0.5418330995668388,
611,1,0,1,0.75,0.5,0.37304147936995424,
616,1,0,1,0.75,0.5,0.3529767990251503,
618,1,0,0,0.0,1.0,0.37938960442440045,
626,1,0,1,0.5,0.0,0.42521993764451704,
630,1,0,1,0.5,0.0,0.5538755815671476,
632,1,0,1,0.5,0.0,0.4511163550050619,
635,1,0,1,0.5,0.0,0.5623667654098472,
639,1,0,0,0.0,1.0,0.48098282040636076,
641,1,0,0,0.0,1.0,0.5038454648765117,
646,1,0,0,0.0,1.0,0.4710573721444912,
648,1,0,1,0.5,0.0,0.4456321302622812,
660,1,0,0,0.1666666666666666,0.6666666666666667,0.33368022022812127,
674,1,0,0,0.3333333333333333,0.3333333333333333,0.3578433267077564,
684,1,0,0,0.0,1.0,0.5215218930816579,
696,1,0,0,0.1666666666666666,0.6666666666666667,0.3478930178336193,
697,1,0,1,0.5,0.0,0.41791907537518697,
698,1,0,1,0.5,0.0,0.6156173672550186,
703,1,0,0,0.0,1.0,0.48578063191844456,
707,1,0,1,0.5,0.0,0.3023723379799187,
710,1,0,0,0.0,1.0,0.3871757768085655,
716,1,0,1,0.6666666666666666,0.3333333333333332,0.49382821273744926,
718,1,0,0,0.1666666666666666,0.6666666666666667,0.4601202532156085,
728,1,0,0,0.2,0.6,0.5058219586304586,
734,1,0,0,0.0,1.0,0.41188735328851467,
735,1,0,0,0.0,1.0,0.46300948375494033,
6,1,1,0,0.2,0.6,0.40544910633054143,
8,1,1,0,0.0,1.0,0.3542961163871241,
9,1,1,0,0.0,1.0,0.5139471206923993,
13,1,1,0,0.2,0.6,0.585862024729445,
14,1,1,0,0.2,0.6,0.5161943366356629,
21,1,1,0,0.2,0.6,0.5518425647927079,
22,1,1,0,0.2,0.6,0.5013849366060115,
29,1,1,0,0.2,0.6,0.5216055075253385,
32,1,1,0,0.2,0.6,0.5197876803613468,
33,1,1,0,0.4,0.1999999999999999,0.4661126614890709,
34,1,1,0,0.1666666666666666,0.6666666666666667,0.4816581002521484,
41,1,1,0,0.2,0.6,0.34729928166583024,
49,1,1,0,0.3333333333333333,0.3333333333333333,0.4370236198499564,
50,1,1,1,0.8,0.6000000000000001,0.5786618822920064,
51,1,1,0,0.25,0.5,0.517009091404266,
70,1,1,0,0.0,1.0,0.49141381011355495,
71,1,1,0,0.0,1.0,0.5450461079475022,
79,1,1,0,0.25,0.5,0.5464050419787803,
85,1,1,0,0.25,0.5,0.5777687128681384,
86,1,1,0,0.0,1.0,0.5142185259813777,
88,1,1,1,0.5,0.0,0.4965881747182729,
89,1,1,0,0.25,0.5,0.5466928922214138,
94,1,1,0,0.25,0.5,0.42122640599824424,
95,1,1,0,0.25,0.5,0.4559619402042663,
108,1,1,0,0.25,0.5,0.4662978616596648,
109,1,1,0,0.1111111111111111,0.7777777777777778,0.5172370457998141,
115,1,1,0,0.0,1.0,0.478139549197299,
127,1,1,1,0.6666666666666666,0.3333333333333332,0.5699020836994946,
129,1,1,0,0.2,0.6,0.5289143701703987,
138,1,1,1,0.5555555555555556,0.1111111111111111,0.43718383212730155,
139,1,1,0,0.0,1.0,0.4881509430329578,
140,1,1,0,0.2222222222222222,0.5555555555555556,0.5167484857368466,
156,1,1,0,0.25,0.5,0.5052597844164077,
160,1,1,0,0.1666666666666666,0.6666666666666667,0.5366791502833972,
161,1,1,0,0.0,1.0,0.5001238029293843,
166,1,1,0,0.25,0.5,0.49445756213823244,
175,1,1,0,0.0,1.0,0.4693119671541813,
188,1,1,0,0.0,1.0,0.586711822424388,
193,1,1,0,0.25,0.5,0.45288808447696893,
194,1,1,0,0.0,1.0,0.45852999892620006,
196,1,1,1,0.5,0.0,0.5246508233149514,
198,1,1,0,0.0,1.0,0.5104628929723093,
200,1,1,0,0.2,0.6,0.33019682267133665,
205,1,1,0,0.2,0.6,0.423366739220145,
209,1,1,0,0.2,0.6,0.3890117498507896,
210,1,1,0,0.4,0.1999999999999999,0.5939799397592505,
212,1,1,0,0.2,0.6,0.3401951106839758,
222,1,1,0,0.2,0.6,0.46948590601527856,
225,1,1,0,0.2,0.6,0.42247569227064785,
230,1,1,0,0.2,0.6,0.42853294694079014,
234,1,1,0,0.25,0.5,0.3554962266779854,
237,1,1,0,0.4,0.1999999999999999,0.5048338780838391,
241,1,1,1,0.6,0.1999999999999999,0.4510591578518954,
247,1,1,0,0.2,0.6,0.6276133434743113,
262,1,1,1,0.5,0.0,0.42644434716930657,
264,1,1,0,0.25,0.5,0.4293634068625495,
267,1,1,0,0.0,1.0,0.48720369383888174,
271,1,1,0,0.0,1.0,0.47483437111575455,
275,1,1,1,0.5,0.0,0.485896048937565,
277,1,1,1,0.5,0.0,0.46194871780829805,
280,1,1,0,0.25,0.5,0.5041557288016065,
284,1,1,1,0.5,0.0,0.3837869810158722,
292,1,1,0,0.25,0.5,0.4162210120872428,
293,1,1,1,0.5,0.0,0.4737400280716454,
304,1,1,1,0.8,0.6000000000000001,0.4147419791530217,
312,1,1,0,0.0,1.0,0.5342312622439342,
324,1,1,0,0.2,0.6,0.6021360794838075,
332,1,1,0,0.0,1.0,0.4342629899837938,
342,1,1,0,0.2,0.6,0.4131009292039408,
346,1,1,1,0.6,0.1999999999999999,0.6695932388261621,
351,1,1,0,0.0,1.0,0.4726388698134558,
353,1,1,0,0.0,1.0,0.5919793696647223,
355,1,1,0,0.25,0.5,0.5466102855633781,
356,1,1,0,0.25,0.5,0.4148916312402638,
360,1,1,0,0.25,0.5,0.5812310667679115,
375,1,1,1,0.5,0.0,0.5088457283374203,
378,1,1,1,0.5,0.0,0.49725650689057865,
385,1,1,1,0.5,0.0,0.44050301722302043,
387,1,1,0,0.0,1.0,0.4551818213420804,
399,1,1,0,0.25,0.5,0.46728893223171125,
405,1,1,0,0.0,1.0,0.49418992574954235,
407,1,1,0,0.2,0.6,0.5048587073257527,
408,1,1,0,0.4,0.1999999999999999,0.5518629284887396,
412,1,1,1,1.0,1.0,0.5288452229884488,
414,1,1,1,0.6,0.1999999999999999,0.6092107931534558,
423,1,1,0,0.0,1.0,0.5355954398554092,
431,1,1,0,0.4,0.1999999999999999,0.42368861678524866,
439,1,1,0,0.2,0.6,0.4497955723132329,
445,1,1,0,0.0,1.0,0.5786256731161767,
449,1,1,0,0.4,0.1999999999999999,0.42536925228071965,
460,1,1,0,0.0,1.0,0.5297453895478688,
468,1,1,0,0.25,0.5,0.4704366412955695,
470,1,1,0,0.0,1.0,0.5782582148638151,
476,1,1,0,0.0,1.0,0.6193205678656208,
477,1,1,0,0.0,1.0,0.4512010932004471,
478,1,1,0,0.0,1.0,0.3995967981981706,
480,1,1,1,0.5,0.0,0.5364613684162802,
483,1,1,0,0.25,0.5,0.4527403485870993,
485,1,1,1,0.5,0.0,0.4462520863451787,
488,1,1,1,0.5,0.0,0.5641346276963886,
490,1,1,0,0.25,0.5,0.46178583693088826,
493,1,1,0,0.0,1.0,0.48156347228085017,
494,1,1,1,0.8,0.6000000000000001,0.5899983802362503,
497,1,1,0,0.0,1.0,0.47595621710119673,
505,1,1,1,0.5,0.0,0.5226022791648144,
506,1,1,1,0.75,0.5,0.5235488435969781,
510,1,1,1,0.5,0.0,0.5282972752255517,
513,1,1,0,0.0,1.0,0.47267488738027663,
518,1,1,0,0.25,0.5,0.4763597659559714,
519,1,1,0,0.0,1.0,0.5489441048542789,
524,1,1,0,0.0,1.0,0.6097647977455313,
527,1,1,0,0.25,0.5,0.5222594388988795,
528,1,1,0,0.0,1.0,0.5048325308081837,
533,1,1,0,0.0,1.0,0.5885704808982825,
536,1,1,0,0.3333333333333333,0.3333333333333333,0.43581150443341726,
541,1,1,1,0.5,0.0,0.5795934636441644,
542,1,1,0,0.25,0.5,0.4347387110851846,
544,1,1,1,0.5,0.0,0.525767358764129,
554,1,1,1,0.5,0.0,0.5064780890895826,
556,1,1,0,0.1666666666666666,0.6666666666666667,0.5269234224282106,
564,1,1,1,0.5,0.0,0.6775817391494174,
576,1,1,1,0.5,0.0,0.4688488981001501,
581,1,1,0,0.3333333333333333,0.3333333333333333,0.45145410348856974,
585,1,1,1,0.5,0.0,0.447481012611022,
591,1,1,1,0.5,0.0,0.49987378946165856,
592,1,1,1,0.6,0.1999999999999999,0.5736862677119596,
598,1,1,0,0.3333333333333333,0.3333333333333333,0.30043757909301877,
620,1,1,1,0.75,0.5,0.5056754885907795,
622,1,1,1,0.75,0.5,0.4297763748779266,
628,1,1,0,0.0,1.0,0.3131516686574797,
637,1,1,1,0.5,0.0,0.38520290230960463,
645,1,1,1,0.75,0.5,0.5156617584310315,
647,1,1,1,0.5,0.0,0.5563022724247176,
658,1,1,0,0.1666666666666666,0.6666666666666667,0.4979275268907576,
659,1,1,1,0.6666666666666666,0.3333333333333332,0.4413735765347817,
668,1,1,0,0.1666666666666666,0.6666666666666667,0.5834812688226203,
670,1,1,1,0.5,0.0,0.5175769230559333,
679,1,1,0,0.4,0.1999999999999999,0.43377392977202167,
686,1,1,0,0.0,1.0,0.43524025856394843,
692,1,1,0,0.0,1.0,0.49039890250070717,
693,1,1,1,0.5,0.0,0.6859208439761884,
695,1,1,0,0.3333333333333333,0.3333333333333333,0.544682135943292,
699,1,1,0,0.1666666666666666,0.6666666666666667,0.47595668648047684,
704,1,1,0,0.3333333333333333,0.3333333333333333,0.4771542657746812,
706,1,1,1,0.6666666666666666,0.3333333333333332,0.5935989575429574,
712,1,1,0,0.1666666666666666,0.6666666666666667,0.6048301391237414,
729,1,1,0,0.4,0.1999999999999999,0.585133202982633,
1,1,2,0,0.3333333333333333,0.3333333333333333,0.4695441316955943,
3,1,2,0,0.0,1.0,0.6196932439865741,
11,1,2,1,0.6,0.1999999999999999,0.3635626039273939,
18,1,2,1,0.6,0.1999999999999999,0.5044575637722863,
20,1,2,0,0.25,0.5,0.41071771005583996,
28,1,2,0,0.2,0.6,0.5465794097790626,
31,1,2,0,0.1666666666666666,0.6666666666666667,0.4489355107801403,
43,1,2,0,0.2,0.6,0.5689477009677415,
44,1,2,0,0.0,1.0,0.4691237524279276,
60,1,2,0,0.0,1.0,0.506911159199215,
64,1,2,0,0.3333333333333333,0.3333333333333333,0.2667378860669387,
67,1,2,0,0.0,1.0,0.32371649456112017,
75,1,2,0,0.0,1.0,0.40707594814992876,
90,1,2,1,0.5,0.0,0.3836660924023172,
96,1,2,0,0.0,1.0,0.4875482574624298,
98,1,2,0,0.3333333333333333,0.3333333333333333,0.5304262925374796,
99,1,2,0,0.0,1.0,0.35297545768507177,
106,1,2,1,1.0,1.0,0.4420729595374403,
113,1,2,0,0.1111111111111111,0.7777777777777778,0.5205780452734307,
120,1,2,0,0.0,1.0,0.5396782873217049,
121,1,2,0,0.1111111111111111,0.7777777777777778,0.4837718012561685,
123,1,2,0,0.0,1.0,0.3006334221419734,
124,1,2,0,0.0,1.0,0.42729818959149635,
130,1,2,0,0.1111111111111111,0.7777777777777778,0.4418830604933452,
133,1,2,1,0.8888888888888888,0.7777777777777777,0.457448023079183,
144,1,2,0,0.0,1.0,0.4486780970256775,
151,1,2,0,0.0,1.0,0.49550635034883783,
154,1,2,0,0.25,0.5,0.4515093156507599,
158,1,2,0,0.0,1.0,0.3541819992110323,
163,1,2,0,0.25,0.5,0.47877686503858136,
168,1,2,0,0.25,0.5,0.5219239550661833,
170,1,2,0,0.1666666666666666,0.6666666666666667,0.5264194310134351,
171,1,2,0,0.25,0.5,0.4446231175564548,
173,1,2,0,0.25,0.5,0.46644634210074587,
176,1,2,0,0.0,1.0,0.3665639063104432,
181,1,2,1,0.5,0.0,0.4213995023539159,
182,1,2,0,0.0,1.0,0.5139209352832295,
191,1,2,0,0.0,1.0,0.47755405311689203,
192,1,2,0,0.0,1.0,0.4706311051595513,
197,1,2,0,0.0,1.0,0.5342037341280443,
199,1,2,0,0.25,0.5,0.4452753972943453,
201,1,2,0,0.25,0.5,0.432982852724085,
204,1,2,0,0.4,0.1999999999999999,0.5654894460855595,
217,1,2,0,0.0,1.0,0.39603920219935307,
223,1,2,0,0.2,0.6,0.5432829565124291,
233,1,2,0,0.0,1.0,0.4367808095440369,
236,1,2,0,0.0,1.0,0.5173012294121373,
240,1,2,0,0.2,0.6,0.5037822331577289,
245,1,2,0,0.0,1.0,0.5825842153505554,
258,1,2,0,0.0,1.0,0.5033095722711997,
259,1,2,0,0.0,1.0,0.5181168945169996,
260,1,2,0,0.25,0.5,0.41062748786887826,
270,1,2,0,0.0,1.0,0.2971964044642379,
274,1,2,1,0.5,0.0,0.5973914201505512,
276,1,2,0,0.2,0.6,0.4354739377785066,
279,1,2,0,0.2,0.6,0.2826713962742583,
291,1,2,0,0.0,1.0,0.5153352956460497,
294,1,2,0,0.0,1.0,0.53944828314414,
309,1,2,1,0.8,0.6000000000000001,0.6209704408950361,
313,1,2,0,0.0,1.0,0.4625069492850371,
315,1,2,1,0.8,0.6000000000000001,0.5508150993333367,
321,1,2,1,0.6,0.1999999999999999,0.5056860444782973,
325,1,2,0,0.0,1.0,0.4156964098823048,
326,1,2,0,0.0,1.0,0.34114153448721496,
327,1,2,0,0.0,1.0,0.577997470498496,
328,1,2,1,0.6,0.1999999999999999,0.33468775469387657,
330,1,2,0,0.4,0.1999999999999999,0.5700929519202333,
334,1,2,0,0.4,0.1999999999999999,0.49607713090008443,
344,1,2,0,0.2,0.6,0.38809654594316967,
349,1,2,0,0.0,1.0,0.4132371627652638,
362,1,2,1,0.75,0.5,0.5066648338009114,
363,1,2,0,0.0,1.0,0.6539163162720228,
366,1,2,0,0.0,1.0,0.44799794319174735,
368,1,2,1,0.5,0.0,0.5675099267173594,
391,1,2,0,0.0,1.0,0.3932719552720978,
397,1,2,1,0.75,0.5,0.7148835242783464,
404,1,2,1,0.6,0.1999999999999999,0.6912888470972425,
409,1,2,0,0.4,0.1999999999999999,0.6921797692546519,
411,1,2,0,0.2,0.6,0.6684915608959416,
415,1,2,0,0.0,1.0,0.5833022164159414,
416,1,2,0,0.0,1.0,0.5351896649028247,
429,1,2,0,0.0,1.0,0.5502810426622333,
435,1,2,0,0.4,0.1999999999999999,0.46806618388585675,
436,1,2,0,0.4,0.1999999999999999,0.49952736972036516,
437,1,2,1,0.6,0.1999999999999999,0.5009734849832993,
464,1,2,0,0.0,1.0,0.5972144237751391,
469,1,2,1,0.75,0.5,0.31010706365532636,
472,1,2,0,0.25,0.5,0.3082062105991577,
474,1,2,0,0.0,1.0,0.369420743753539,
481,1,2,0,0.0,1.0,0.7807142448840465,
484,1,2,0,0.25,0.5,0.5491189600524171,
486,1,2,0,0.25,0.5,0.6847519869832838,
487,1,2,0,0.2,0.6,0.3177193617279509,
498,1,2,0,0.0,1.0,0.4138985375751115,
500,1,2,0,0.25,0.5,0.6883605812154007,
501,1,2,0,0.25,0.5,0.4766723090335677,
502,1,2,1,0.75,0.5,0.4955789384555195,
516,1,2,0,0.0,1.0,0.4296926292942842,
526,1,2,0,0.0,1.0,0.6397954374926771,
534,1,2,1,0.75,0.5,0.5514967509485,
539,1,2,0,0.25,0.5,0.5000993418554205,
543,1,2,1,0.5,0.0,0.566092901384434,
545,1,2,0,0.25,0.5,0.47515822616891934,
547,1,2,1,0.5,0.0,0.4679794609118926,
555,1,2,0,0.3333333333333333,0.3333333333333333,0.563486018739256,
557,1,2,0,0.3333333333333333,0.3333333333333333,0.3862470176351839,
558,1,2,1,0.5,0.0,0.5431874553510183,
567,1,2,0,0.3333333333333333,0.3333333333333333,0.6028462732538108,
571,1,2,1,0.5,0.0,0.5488318744834899,
573,1,2,0,0.3333333333333333,0.3333333333333333,0.5356584789998551,
575,1,2,1,0.5,0.0,0.5877007054005232,
582,1,2,1,0.5,0.0,0.5350241396837291,
587,1,2,1,0.8333333333333334,0.6666666666666667,0.451705619994339,
595,1,2,1,0.8333333333333334,0.6666666666666667,0.5992347347120232,
597,1,2,0,0.0,1.0,0.36900397465368734,
600,1,2,0,0.1666666666666666,0.6666666666666667,0.4025437036112415,
613,1,2,0,0.0,1.0,0.6155675793557903,
615,1,2,1,0.75,0.5,0.5354516125544033,
621,1,2,1,0.5,0.0,0.4305685846854542,
623,1,2,1,0.5,0.0,0.36992296550898823,
629,1,2,1,0.5,0.0,0.6166309493929605,
638,1,2,0,0.25,0.5,0.4339799986190565,
642,1,2,1,0.75,0.5,0.5042830372605575,
649,1,2,1,0.5,0.0,0.42266472455568294,
651,1,2,0,0.3333333333333333,0.3333333333333333,0.5458853387403608,
653,1,2,1,0.5,0.0,0.2629470475678952,
655,1,2,1,0.6666666666666666,0.3333333333333332,0.41808239313143714,
657,1,2,1,0.5,0.0,0.4779258396607793,
661,1,2,1,0.8333333333333334,0.6666666666666667,0.6463092036581655,
663,1,2,0,0.3333333333333333,0.3333333333333333,0.645510755824074,
672,1,2,0,0.0,1.0,0.40001595951942337,
678,1,2,0,0.3333333333333333,0.3333333333333333,0.35600455758455074,
680,1,2,0,0.0,1.0,0.41256146347546974,
687,1,2,0,0.3333333333333333,0.3333333333333333,0.35711991002408583,
688,1,2,0,0.1666666666666666,0.6666666666666667,0.4269382314951581,
690,1,2,0,0.0,1.0,0.448173421525091,
691,1,2,0,0.1666666666666666,0.6666666666666667,0.41858394339242644,
708,1,2,0,0.0,1.0,0.5419610659912614,
711,1,2,1,0.6,0.1999999999999999,0.4899978087068986,
715,1,2,1,0.5,0.0,0.44574049635679136,
717,1,2,1,0.5,0.0,0.5068937134383291,
719,1,2,0,0.1666666666666666,0.6666666666666667,0.5725385683484148,
725,1,2,0,0.0,1.0,0.4184189553746981,
727,1,2,0,0.4,0.1999999999999999,0.4846963906434687,
731,1,2,0,0.0,1.0,0.39480425495837623,
732,1,2,0,0.0,1.0,0.41466523609062633,
739,1,2,0,0.3333333333333333,0.3333333333333333,0.5176903429307762,
2,1,3,0,0.4,0.1999999999999999,0.31510836773405654,
24,1,3,0,0.0,1.0,0.43668446758252594,
39,1,3,0,0.0,1.0,0.5955572946681809,
40,1,3,0,0.2,0.6,0.46187945947487885,
42,1,3,0,0.0,1.0,0.46730045361639905,
45,1,3,0,0.0,1.0,0.3987094050833119,
52,1,3,0,0.25,0.5,0.47773625119511226,
54,1,3,0,0.25,0.5,0.4102408278642049,
57,1,3,1,1.0,1.0,0.43545794405559024,
62,1,3,0,0.25,0.5,0.44312290889452377,
65,1,3,0,0.25,0.5,0.38216294075787294,
68,1,3,0,0.0,1.0,0.447360317269544,
69,1,3,0,0.0,1.0,0.46419853334677874,
76,1,3,0,0.25,0.5,0.44598142359722487,
77,1,3,0,0.25,0.5,0.41970510934429317,
78,1,3,0,0.0,1.0,0.4555120751412225,
83,1,3,0,0.25,0.5,0.5405609450666613,
84,1,3,0,0.3333333333333333,0.3333333333333333,0.6017435450551771,
92,1,3,0,0.0,1.0,0.5940878779861279,
103,1,3,0,0.1111111111111111,0.7777777777777778,0.5250106822984159,
110,1,3,0,0.0,1.0,0.6990697021058785,
119,1,3,0,0.1111111111111111,0.7777777777777778,0.5009630668236282,
126,1,3,0,0.2222222222222222,0.5555555555555556,0.5729775538439663,
131,1,3,0,0.0,1.0,0.5001964181966383,
132,1,3,0,0.2222222222222222,0.5555555555555556,0.5132647382744786,
136,1,3,0,0.3333333333333333,0.3333333333333333,0.6840812364535486,
137,1,3,1,0.6666666666666666,0.3333333333333332,0.3726386587303382,
152,1,3,0,0.0,1.0,0.4727710399271351,
153,1,3,0,0.0,1.0,0.48500886066307575,
155,1,3,0,0.25,0.5,0.6226484198913805,
157,1,3,0,0.25,0.5,0.37017250105539523,
177,1,3,0,0.0,1.0,0.4991907851337188,
186,1,3,0,0.0,1.0,0.386270998523777,
202,1,3,1,0.6,0.1999999999999999,0.5028102651715514,
203,1,3,0,0.2,0.6,0.3080922613384314,
206,1,3,1,0.5,0.0,0.3108425721204966,
207,1,3,0,0.2,0.6,0.5514706788934779,
208,1,3,0,0.0,1.0,0.42084176889384095,
211,1,3,1,0.6,0.1999999999999999,0.6714666199609562,
215,1,3,0,0.2,0.6,0.3466347311574888,
219,1,3,0,0.0,1.0,0.4048439255867787,
220,1,3,0,0.4,0.1999999999999999,0.4214305932218443,
221,1,3,1,0.8,0.6000000000000001,0.4382017501473794,
229,1,3,0,0.0,1.0,0.31044356926438493,
238,1,3,0,0.25,0.5,0.42147062864749457,
246,1,3,0,0.4,0.1999999999999999,0.3815314235973218,
252,1,3,0,0.0,1.0,0.3821823176694409,
261,1,3,0,0.25,0.5,0.46552453328702714,
265,1,3,1,0.5,0.0,0.4996093959207968,
266,1,3,0,0.25,0.5,0.35670733649573994,
268,1,3,1,0.5,0.0,0.39714013010683025,
282,1,3,0,0.25,0.5,0.3807936953003909,
286,1,3,0,0.2,0.6,0.2745685252787601,
289,1,3,1,0.5,0.0,0.4431395666054455,
298,1,3,0,0.25,0.5,0.6032292332772842,
300,1,3,0,0.0,1.0,0.47764004686472383,
307,1,3,0,0.4,0.1999999999999999,0.5745836734823162,
308,1,3,0,0.4,0.1999999999999999,0.6173495062423401,
310,1,3,0,0.2,0.6,0.5130284511170774,
316,1,3,0,0.4,0.1999999999999999,0.6484068362420563,
318,1,3,0,0.4,0.1999999999999999,0.5406696983971078,
319,1,3,0,0.2,0.6,0.5556356863083679,
322,1,3,1,0.6,0.1999999999999999,0.631349956202321,
323,1,3,0,0.0,1.0,0.4257083213920049,
329,1,3,0,0.0,1.0,0.3846142670671001,
331,1,3,0,0.0,1.0,0.4040117466127549,
336,1,3,0,0.4,0.1999999999999999,0.5262848213438734,
338,1,3,0,0.4,0.1999999999999999,0.38324014051153465,
354,1,3,0,0.25,0.5,0.440953013741644,
365,1,3,0,0.25,0.5,0.5922103003782806,
370,1,3,0,0.0,1.0,0.42576213339426033,
374,1,3,1,0.5,0.0,0.48031696976827587,
376,1,3,1,0.5,0.0,0.37912976533790177,
382,1,3,1,0.5,0.0,0.4125565587200486,
383,1,3,0,0.0,1.0,0.549053446546401,
384,1,3,0,0.25,0.5,0.5116584294910145,
394,1,3,1,0.5,0.0,0.5884360201192582,
395,1,3,1,0.5,0.0,0.5684909335853496,
398,1,3,0,0.25,0.5,0.46358912269263386,
403,1,3,0,0.0,1.0,0.46451577222703055,
417,1,3,0,0.2,0.6,0.49488688541134906,
419,1,3,0,0.4,0.1999999999999999,0.39851425643025,
426,1,3,1,0.8,0.6000000000000001,0.5398205527617682,
440,1,3,0,0.0,1.0,0.5302220795564772,
443,1,3,0,0.0,1.0,0.31000091412726005,
447,1,3,0,0.0,1.0,0.39640490273376716,
451,1,3,0,0.25,0.5,0.30193070931126775,
465,1,3,1,0.5,0.0,0.5335797995699627,
466,1,3,1,0.5,0.0,0.4832530393344492,
467,1,3,1,1.0,1.0,0.6592825588545158,
471,1,3,0,0.0,1.0,0.7045197818445792,
495,1,3,0,0.0,1.0,0.4730366992609204,
496,1,3,1,0.75,0.5,0.5845300536545499,
499,1,3,0,0.0,1.0,0.5617104705919971,
503,1,3,0,0.0,1.0,0.5440455632390481,
509,1,3,0,0.25,0.5,0.3890943179835391,
514,1,3,1,0.75,0.5,0.5231358074088536,
520,1,3,1,0.5,0.0,0.5348903540650601,
521,1,3,1,0.75,0.5,0.5357325068825947,
522,1,3,0,0.25,0.5,0.35401612523874704,
523,1,3,0,0.25,0.5,0.35700775398612317,
529,1,3,1,0.5,0.0,0.46183455423360237,
530,1,3,1,0.5,0.0,0.4737614273212414,
535,1,3,0,0.25,0.5,0.6172602576052642,
546,1,3,1,0.5,0.0,0.5084940969873064,
552,1,3,1,0.6666666666666666,0.3333333333333332,0.5146770615105873,
568,1,3,1,1.0,1.0,0.5902738393593571,
570,1,3,1,0.6666666666666666,0.3333333333333332,0.5974150892758647,
574,1,3,0,0.3333333333333333,0.3333333333333333,0.38775964778108596,
583,1,3,1,0.5,0.0,0.49838470139305124,
588,1,3,0,0.1666666666666666,0.6666666666666667,0.5556346767129839,
590,1,3,0,0.3333333333333333,0.3333333333333333,0.5027592405264125,
594,1,3,0,0.0,1.0,0.5548148463087649,
603,1,3,1,0.5,0.0,0.4301008132918535,
610,1,3,0,0.25,0.5,0.4627176899192174,
612,1,3,0,0.0,1.0,0.44568190752607817,
617,1,3,1,0.5,0.0,0.5229472350839997,
619,1,3,0,0.25,0.5,0.5073465834974729,
624,1,3,0,0.25,0.5,0.4442734529971064,
627,1,3,1,0.75,0.5,0.5206714389757814,
631,1,3,0,0.0,1.0,0.4321186999192573,
633,1,3,1,0.5,0.0,0.42729717039665205,
634,1,3,0,0.25,0.5,0.3225163906836107,
636,1,3,0,0.0,1.0,0.4206066074373822,
650,1,3,0,0.0,1.0,0.5477110555025171,
652,1,3,0,0.0,1.0,0.381346155459766,
654,1,3,0,0.1666666666666666,0.6666666666666667,0.510507724682949,
656,1,3,1,0.6666666666666666,0.3333333333333332,0.4588106439489293,
664,1,3,1,0.6666666666666666,0.3333333333333332,0.38570273307753444,
665,1,3,0,0.1666666666666666,0.6666666666666667,0.4987278181267836,
667,1,3,0,0.3333333333333333,0.3333333333333333,0.5585476784837013,
669,1,3,0,0.3333333333333333,0.3333333333333333,0.4793958354969862,
673,1,3,0,0.3333333333333333,0.3333333333333333,0.3804599031809299,
677,1,3,1,0.6666666666666666,0.3333333333333332,0.4901700788760589,
681,1,3,0,0.1666666666666666,0.6666666666666667,0.4975074197077757,
683,1,3,1,0.8333333333333334,0.6666666666666667,0.6642775594299175,
689,1,3,0,0.0,1.0,0.4905366271573483,
702,1,3,0,0.1666666666666666,0.6666666666666667,0.3931420157424388,
713,1,3,1,0.6,0.1999999999999999,0.5224380508137589,
714,1,3,0,0.3333333333333333,0.3333333333333333,0.44721011177503445,
720,1,3,0,0.0,1.0,0.520867929861982,
721,1,3,0,0.3333333333333333,0.3333333333333333,0.6006996564405002,
722,1,3,0,0.2,0.6,0.3461063123743887,
723,1,3,0,0.1666666666666666,0.6666666666666667,0.5577646964410654,
726,1,3,0,0.0,1.0,0.5084259900464321,
738,1,3,0,0.3333333333333333,0.3333333333333333,0.6056214018549424,
742,1,3,1,0.5,0.0,0.4857928237554652,
4,1,4,1,0.6,0.1999999999999999,0.491250611533362,
7,1,4,1,0.6,0.1999999999999999,0.5861545294796543,
15,1,4,0,0.4,0.1999999999999999,0.47178716142879007,
27,1,4,0,0.2,0.6,0.5017320973739251,
35,1,4,1,0.5,0.0,0.5119687428765518,
38,1,4,0,0.0,1.0,0.5917302915368774,
47,1,4,0,0.25,0.5,0.4570587109205746,
48,1,4,1,0.6,0.1999999999999999,0.49663739209310964,
53,1,4,0,0.1666666666666666,0.6666666666666667,0.3945947170655142,
55,1,4,0,0.0,1.0,0.4707862912439984,
58,1,4,0,0.25,0.5,0.43898095628913786,
59,1,4,0,0.25,0.5,0.3751213260372608,
61,1,4,0,0.2,0.6,0.3899146758300159,
73,1,4,0,0.0,1.0,0.37350259218475534,
74,1,4,0,0.0,1.0,0.519046817325749,
80,1,4,0,0.0,1.0,0.4600706510861574,
87,1,4,0,0.0,1.0,0.5059987416679083,
97,1,4,0,0.25,0.5,0.43987902798010947,
100,1,4,0,0.25,0.5,0.5579466956478026,
104,1,4,0,0.1111111111111111,0.7777777777777778,0.4524218490325498,
105,1,4,0,0.0,1.0,0.49775549254543894,
107,1,4,0,0.1111111111111111,0.7777777777777778,0.5489037007725288,
111,1,4,0,0.1111111111111111,0.7777777777777778,0.4521929478525142,
112,1,4,0,0.125,0.75,0.4448907518843431,
116,1,4,0,0.0,1.0,0.45844479072385413,
125,1,4,0,0.125,0.75,0.44010915922860483,
134,1,4,0,0.1111111111111111,0.7777777777777778,0.4715934332637558,
135,1,4,0,0.1666666666666666,0.6666666666666667,0.4905049827524738,
143,1,4,1,0.5555555555555556,0.1111111111111111,0.42564359243379546,
146,1,4,1,0.8888888888888888,0.7777777777777777,0.49511588266578266,
147,1,4,0,0.0,1.0,0.49429665765344544,
148,1,4,0,0.1111111111111111,0.7777777777777778,0.507129289161387,
162,1,4,0,0.2,0.6,0.4522112929414235,
164,1,4,0,0.0,1.0,0.38747507087325245,
165,1,4,0,0.0,1.0,0.6636801180503028,
167,1,4,0,0.0,1.0,0.5525241993438772,
169,1,4,0,0.0,1.0,0.5353185698277764,
172,1,4,0,0.0,1.0,0.5658100108937552,
174,1,4,1,0.5,0.0,0.4610933545458624,
178,1,4,0,0.0,1.0,0.5196883994847517,
183,1,4,0,0.0,1.0,0.41932212084256226,
185,1,4,0,0.25,0.5,0.4787605376531262,
189,1,4,1,0.5,0.0,0.5875329852410928,
190,1,4,0,0.25,0.5,0.4493403034683564,
214,1,4,0,0.2,0.6,0.4969207653176802,
224,1,4,0,0.4,0.1999999999999999,0.6319683191786036,
228,1,4,0,0.2,0.6,0.4674144651807517,
242,1,4,1,0.6,0.1999999999999999,0.4359142152064932,
244,1,4,1,0.6,0.1999999999999999,0.5446009364040741,
253,1,4,0,0.0,1.0,0.5089109697517246,
254,1,4,0,0.25,0.5,0.5099889348849386,
255,1,4,0,0.25,0.5,0.42360316032079864,
269,1,4,1,0.5,0.0,0.4562009168667783,
281,1,4,0,0.0,1.0,0.42232457441815063,
283,1,4,0,0.25,0.5,0.5367619984060177,
290,1,4,0,0.0,1.0,0.5453297081218154,
295,1,4,0,0.0,1.0,0.5195894452282253,
296,1,4,0,0.0,1.0,0.45483803513462917,
302,1,4,0,0.0,1.0,0.49146892015771776,
303,1,4,0,0.0,1.0,0.49662331541358423,
306,1,4,0,0.0,1.0,0.5330220056163797,
311,1,4,0,0.4,0.1999999999999999,0.49200873291044234,
337,1,4,0,0.0,1.0,0.5158545006157895,
340,1,4,1,0.6,0.1999999999999999,0.5424937053860859,
345,1,4,0,0.0,1.0,0.4157346030892002,
348,1,4,0,0.4,0.1999999999999999,0.49328078571922973,
359,1,4,0,0.25,0.5,0.5273631250901027,
361,1,4,0,0.0,1.0,0.5061805921089808,
364,1,4,1,0.5,0.0,0.5536509851531208,
367,1,4,0,0.25,0.5,0.5106336161873206,
371,1,4,0,0.25,0.5,0.5962817809896601,
372,1,4,0,0.25,0.5,0.5226651612686944,
377,1,4,0,0.25,0.5,0.4036525525501695,
379,1,4,1,0.75,0.5,0.5780776746767934,
381,1,4,1,0.75,0.5,0.529869286157173,
392,1,4,1,0.5,0.0,0.527134123265152,
400,1,4,1,0.5,0.0,0.5374536965123331,
410,1,4,1,0.6,0.1999999999999999,0.40297278063059155,
413,1,4,0,0.0,1.0,0.4812998136105907,
418,1,4,0,0.0,1.0,0.44705899801805654,
421,1,4,0,0.2,0.6,0.4327191100868668,
422,1,4,1,0.6,0.1999999999999999,0.43676056831255294,
424,1,4,1,0.6,0.1999999999999999,0.39347820573723036,
427,1,4,1,0.6,0.1999999999999999,0.49523211586382343,
430,1,4,1,0.6,0.1999999999999999,0.5829968742795968,
432,1,4,0,0.2,0.6,0.48559181982923677,
434,1,4,0,0.0,1.0,0.3868933221843943,
438,1,4,0,0.1666666666666666,0.6666666666666667,0.5133503419960357,
441,1,4,0,0.2,0.6,0.47753004739173344,
442,1,4,1,0.8,0.6000000000000001,0.5348093726508238,
446,1,4,0,0.2,0.6,0.5448991590420065,
448,1,4,0,0.0,1.0,0.35970723564379725,
452,1,4,0,0.25,0.5,0.45430304826980683,
453,1,4,0,0.25,0.5,0.41620233169696785,
456,1,4,1,0.5,0.0,0.47022715138137383,
458,1,4,0,0.0,1.0,0.3992558256312725,
459,1,4,0,0.25,0.5,0.4653693248887453,
461,1,4,1,0.5,0.0,0.5939299273053429,
463,1,4,0,0.25,0.5,0.3655705939821896,
473,1,4,0,0.25,0.5,0.5007704698939842,
491,1,4,1,0.5,0.0,0.5658369241268537,
492,1,4,0,0.3333333333333333,0.3333333333333333,0.3772731497673223,
504,1,4,1,0.75,0.5,0.6255324866142694,
508,1,4,1,0.75,0.5,0.471638111728921,
512,1,4,1,1.0,1.0,0.6017357727983812,
517,1,4,0,0.25,0.5,0.5109571910134258,
532,1,4,0,0.0,1.0,0.42899492440657216,
548,1,4,1,0.5,0.0,0.4738205600141937,
550,1,4,0,0.0,1.0,0.5344900531816574,
561,1,4,1,0.5,0.0,0.4431572546565959,
562,1,4,0,0.3333333333333333,0.3333333333333333,0.49250603794881803,
565,1,4,0,0.3333333333333333,0.3333333333333333,0.3996909899691482,
566,1,4,0,0.1666666666666666,0.6666666666666667,0.433234530461532,
569,1,4,0,0.1666666666666666,0.6666666666666667,0.4306595789754756,
572,1,4,1,0.8333333333333334,0.6666666666666667,0.5152057588570744,
578,1,4,1,0.5,0.0,0.4393574920841176,
586,1,4,1,0.6666666666666666,0.3333333333333332,0.5942406538348253,
596,1,4,1,0.5,0.0,0.5433357022431775,
599,1,4,0,0.0,1.0,0.34221658759017753,
601,1,4,0,0.0,1.0,0.39368206915709636,
605,1,4,1,0.5,0.0,0.42535380257246885,
606,1,4,0,0.25,0.5,0.3573846366154957,
608,1,4,0,0.0,1.0,0.46188338269103396,
609,1,4,0,0.25,0.5,0.5008357751754369,
614,1,4,1,0.75,0.5,0.5127781238640773,
625,1,4,0,0.0,1.0,0.48471399784459634,
640,1,4,1,0.75,0.5,0.6350998821099605,
643,1,4,1,0.5,0.0,0.44873012769057996,
644,1,4,0,0.25,0.5,0.5155337974304712,
662,1,4,0,0.0,1.0,0.47743477666327516,
671,1,4,0,0.3333333333333333,0.3333333333333333,0.4858192306572714,
675,1,4,0,0.3333333333333333,0.3333333333333333,0.40036019494102737,
676,1,4,0,0.1666666666666666,0.6666666666666667,0.4430169566398305,
682,1,4,0,0.1666666666666666,0.6666666666666667,0.45397468761549264,
685,1,4,0,0.0,1.0,0.27347882452175476,
694,1,4,0,0.3333333333333333,0.3333333333333333,0.4367780126989209,
700,1,4,1,0.5,0.0,0.49779753826092543,
701,1,4,0,0.1666666666666666,0.6666666666666667,0.5073890886012116,
705,1,4,1,0.5,0.0,0.3874313588188364,
709,1,4,0,0.3333333333333333,0.3333333333333333,0.5910497441294578,
724,1,4,0,0.2,0.6,0.3782744385364566,
730,1,4,0,0.3333333333333333,0.3333333333333333,0.4515996684159422,
733,1,4,0,0.1666666666666666,0.6666666666666667,0.4348858728877202,
736,1,4,0,0.0,1.0,0.45308506347346766,
737,1,4,0,0.1666666666666666,0.6666666666666667,0.4668112032093232,
740,1,4,0,0.1666666666666666,0.6666666666666667,0.480696185849238,
741,1,4,0,0.2,0.6,0.43120849906961206,
1,2,0,0,0.3333333333333333,0.3333333333333333,0.4792385501265651,
4,2,0,1,0.6,0.1999999999999999,0.5615337270987285,
6,2,0,0,0.2,0.6,0.423632120973691,
10,2,0,0,0.0,1.0,0.3434179942178148,
12,2,0,0,0.4,0.1999999999999999,0.539678988444664,
18,2,0,1,0.6,0.1999999999999999,0.5145238622383195,
25,2,0,0,0.2,0.6,0.43585984220245066,
33,2,0,0,0.4,0.1999999999999999,0.35317283687159934,
38,2,0,0,0.0,1.0,0.5967682148629732,
44,2,0,0,0.0,1.0,0.4783064008084249,
48,2,0,1,0.6,0.1999999999999999,0.4457716958379282,
57,2,0,1,1.0,1.0,0.42095445544039023,
60,2,0,0,0.0,1.0,0.5601775860140794,
62,2,0,0,0.25,0.5,0.4559071605090509,
70,2,0,0,0.0,1.0,0.5166310107297665,
73,2,0,0,0.0,1.0,0.3614594587264801,
74,2,0,0,0.0,1.0,0.5771367454978504,
80,2,0,0,0.0,1.0,0.392641984723216,
81,2,0,0,0.0,1.0,0.35949571058271546,
84,2,0,0,0.3333333333333333,0.3333333333333333,0.5769706209609364,
91,2,0,0,0.25,0.5,0.5923665296705972,
98,2,0,0,0.3333333333333333,0.3333333333333333,0.48843783243012373,
104,2,0,0,0.1111111111111111,0.7777777777777778,0.4373729750449841,
108,2,0,0,0.25,0.5,0.5470407808383451,
114,2,0,0,0.1111111111111111,0.7777777777777778,0.5604471007739416,
118,2,0,0,0.0,1.0,0.5135073427370263,
133,2,0,1,0.8888888888888888,0.7777777777777777,0.38969205872173573,
134,2,0,0,0.1111111111111111,0.7777777777777778,0.4715070384205218,
136,2,0,0,0.3333333333333333,0.3333333333333333,0.6509493698191708,
139,2,0,0,0.0,1.0,0.5197137716886044,
141,2,0,0,0.0,1.0,0.4224881361135166,
144,2,0,0,0.0,1.0,0.49502467393199484,
152,2,0,0,0.0,1.0,0.48682598179552194,
162,2,0,0,0.2,0.6,0.4140947650812691,
165,2,0,0,0.0,1.0,0.6493892407982926,
171,2,0,0,0.25,0.5,0.527211322498017,
173,2,0,0,0.25,0.5,0.4480937746313868,
182,2,0,0,0.0,1.0,0.5097406216612961,
185,2,0,0,0.25,0.5,0.5151007568384521,
188,2,0,0,0.0,1.0,0.5471518715180792,
191,2,0,0,0.0,1.0,0.5002665143147043,
203,2,0,0,0.2,0.6,0.34565801400874185,
222,2,0,0,0.2,0.6,0.4408386811167223,
244,2,0,1,0.6,0.1999999999999999,0.4550022996156919,
248,2,0,0,0.4,0.1999999999999999,0.6421600278771438,
250,2,0,0,0.4,0.1999999999999999,0.3319972380486442,
253,2,0,0,0.0,1.0,0.47067562987525813,
255,2,0,0,0.25,0.5,0.38896522874212247,
257,2,0,0,0.25,0.5,0.4810091708007135,
261,2,0,0,0.25,0.5,0.5182842860760857,
263,2,0,0,0.2,0.6,0.4018667484524593,
265,2,0,1,0.5,0.0,0.5563572350839452,
272,2,0,1,0.5,0.0,0.4432260798838226,
273,2,0,1,0.5,0.0,0.5079045725832841,
276,2,0,0,0.2,0.6,0.4769768928221011,
288,2,0,1,0.75,0.5,0.39767981962867993,
322,2,0,1,0.6,0.1999999999999999,0.6072362458788986,
324,2,0,0,0.2,0.6,0.5671478866411518,
326,2,0,0,0.0,1.0,0.40109361809571653,
327,2,0,0,0.0,1.0,0.5116447567177163,
328,2,0,1,0.6,0.1999999999999999,0.35496878895404305,
331,2,0,0,0.0,1.0,0.3344126541466006,
339,2,0,0,0.0,1.0,0.4823531436545684,
343,2,0,1,0.8,0.6000000000000001,0.5456153406670308,
345,2,0,0,0.0,1.0,0.373729710318538,
346,2,0,1,0.6,0.1999999999999999,0.6656752445690863,
352,2,0,0,0.25,0.5,0.48827230290733625,
353,2,0,0,0.0,1.0,0.6002864237187873,
357,2,0,1,0.5,0.0,0.3285704894737639,
363,2,0,0,0.0,1.0,0.6448977850020594,
367,2,0,0,0.25,0.5,0.41862518751160255,
371,2,0,0,0.25,0.5,0.6211101125982752,
373,2,0,0,0.0,1.0,0.5426604514617834,
375,2,0,1,0.5,0.0,0.4047280473491046,
387,2,0,0,0.0,1.0,0.5162688455585906,
392,2,0,1,0.5,0.0,0.505486342914057,
393,2,0,0,0.25,0.5,0.5712669006455889,
394,2,0,1,0.5,0.0,0.6584402235701265,
395,2,0,1,0.5,0.0,0.6764578722361869,
398,2,0,0,0.25,0.5,0.5334520172199848,
402,2,0,1,0.6,0.1999999999999999,0.4137362759379779,
412,2,0,1,1.0,1.0,0.4834342345438176,
414,2,0,1,0.6,0.1999999999999999,0.5656098629975406,
416,2,0,0,0.0,1.0,0.5093066622584853,
421,2,0,0,0.2,0.6,0.5321406196110336,
428,2,0,1,0.6,0.1999999999999999,0.3551462091161869,
432,2,0,0,0.2,0.6,0.42852068220930506,
435,2,0,0,0.4,0.1999999999999999,0.5435793438697885,
438,2,0,0,0.1666666666666666,0.6666666666666667,0.46241808736820855,
442,2,0,1,0.8,0.6000000000000001,0.5702227997423349,
444,2,0,0,0.2,0.6,0.5820536057873242,
460,2,0,0,0.0,1.0,0.5454328131774244,
465,2,0,1,0.5,0.0,0.4183432053210077,
470,2,0,0,0.0,1.0,0.5566599703580999,
471,2,0,0,0.0,1.0,0.6471565659309539,
474,2,0,0,0.0,1.0,0.3524623048168028,
475,2,0,0,0.25,0.5,0.5314864571084773,
476,2,0,0,0.0,1.0,0.5522640541798267,
485,2,0,1,0.5,0.0,0.4147782704585543,
489,2,0,0,0.0,1.0,0.24307109526431683,
493,2,0,0,0.0,1.0,0.40820996396371023,
498,2,0,0,0.0,1.0,0.45893338551342444,
505,2,0,1,0.5,0.0,0.49018738453149363,
506,2,0,1,0.75,0.5,0.636727807737418,
515,2,0,0,0.25,0.5,0.3528986503201954,
517,2,0,0,0.25,0.5,0.5526073899331189,
525,2,0,0,0.2,0.6,0.28937663505597755,
526,2,0,0,0.0,1.0,0.6178625708448344,
531,2,0,1,0.75,0.5,0.5101871755941195,
533,2,0,0,0.0,1.0,0.5496692790434894,
534,2,0,1,0.75,0.5,0.5677526329342126,
535,2,0,0,0.25,0.5,0.711205246346724,
545,2,0,0,0.25,0.5,0.46656921106558935,
547,2,0,1,0.5,0.0,0.5094074701629634,
548,2,0,1,0.5,0.0,0.4533874431682989,
549,2,0,0,0.0,1.0,0.3989720890161006,
552,2,0,1,0.6666666666666666,0.3333333333333332,0.5410785943703318,
563,2,0,0,0.0,1.0,0.4720603922243397,
571,2,0,1,0.5,0.0,0.5031984553431812,
573,2,0,0,0.3333333333333333,0.3333333333333333,0.5441726892973866,
577,2,0,0,0.1666666666666666,0.6666666666666667,0.4580943065990759,
581,2,0,0,0.3333333333333333,0.3333333333333333,0.43825750672421016,
583,2,0,1,0.5,0.0,0.5141678749871025,
584,2,0,1,0.6666666666666666,0.3333333333333332,0.607264989473669,
588,2,0,0,0.1666666666666666,0.6666666666666667,0.5778516488251833,
594,2,0,0,0.0,1.0,0.5648474645441952,
601,2,0,0,0.0,1.0,0.44549613731542703,
606,2,0,0,0.25,0.5,0.3533467375998474,
615,2,0,1,0.75,0.5,0.45005219217226716,
620,2,0,1,0.75,0.5,0.5494994288540407,
652,2,0,0,0.0,1.0,0.37254014033560495,
655,2,0,1,0.6666666666666666,0.3333333333333332,0.46049018134874753,
656,2,0,1,0.6666666666666666,0.3333333333333332,0.4741581173149426,
660,2,0,0,0.1666666666666666,0.6666666666666667,0.40495216923550403,
661,2,0,1,0.8333333333333334,0.6666666666666667,0.6037956440447088,
662,2,0,0,0.0,1.0,0.46551805645439626,
674,2,0,0,0.3333333333333333,0.3333333333333333,0.4505628603059326,
680,2,0,0,0.0,1.0,0.4526842335969121,
684,2,0,0,0.0,1.0,0.5357803602926497,
689,2,0,0,0.0,1.0,0.5030977777069034,
699,2,0,0,0.1666666666666666,0.6666666666666667,0.49210329601781877,
701,2,0,0,0.1666666666666666,0.6666666666666667,0.5097552921860352,
721,2,0,0,0.3333333333333333,0.3333333333333333,0.5637972643831701,
723,2,0,0,0.1666666666666666,0.6666666666666667,0.5199567779310903,
737,2,0,0,0.1666666666666666,0.6666666666666667,0.4550555243126007,
739,2,0,0,0.3333333333333333,0.3333333333333333,0.5602680394198755,
742,2,0,1,0.5,0.0,0.47993932226845315,
13,2,1,0,0.2,0.6,0.5004514579663981,
14,2,1,0,0.2,0.6,0.5506003752964379,
16,2,1,1,0.6,0.1999999999999999,0.4686371257684536,
20,2,1,0,0.25,0.5,0.3748050389108696,
29,2,1,0,0.2,0.6,0.5387312103599844,
34,2,1,0,0.1666666666666666,0.6666666666666667,0.5403008309948231,
35,2,1,1,0.5,0.0,0.5084728822253919,
46,2,1,0,0.4,0.1999999999999999,0.591671460981237,
67,2,1,0,0.0,1.0,0.3330021096233589,
82,2,1,0,0.25,0.5,0.4440100901021584,
83,2,1,0,0.25,0.5,0.5616408401064401,
85,2,1,0,0.25,0.5,0.511808370970001,
88,2,1,1,0.5,0.0,0.48113219406197183,
93,2,1,0,0.0,1.0,0.49491566449112295,
103,2,1,0,0.1111111111111111,0.7777777777777778,0.45472597439953755,
116,2,1,0,0.0,1.0,0.41008196194411295,
122,2,1,0,0.0,1.0,0.4388262073798739,
123,2,1,0,0.0,1.0,0.38742674991813875,
124,2,1,0,0.0,1.0,0.48975311885399003,
127,2,1,1,0.6666666666666666,0.3333333333333332,0.5378552153663039,
128,2,1,0,0.1111111111111111,0.7777777777777778,0.4569524391877101,
131,2,1,0,0.0,1.0,0.5580512918218183,
132,2,1,0,0.2222222222222222,0.5555555555555556,0.5158126815458167,
143,2,1,1,0.5555555555555556,0.1111111111111111,0.5022334968520022,
149,2,1,0,0.3333333333333333,0.3333333333333333,0.4228030526113481,
153,2,1,0,0.0,1.0,0.4293962995005872,
157,2,1,0,0.25,0.5,0.43900262727473843,
159,2,1,0,0.0,1.0,0.546627023676725,
176,2,1,0,0.0,1.0,0.31742043031197964,
181,2,1,1,0.5,0.0,0.4023938579468066,
184,2,1,0,0.0,1.0,0.3903539544131398,
190,2,1,0,0.25,0.5,0.40415931702405844,
196,2,1,1,0.5,0.0,0.4744295356814263,
198,2,1,0,0.0,1.0,0.42228848847170436,
199,2,1,0,0.25,0.5,0.40340837085150494,
207,2,1,0,0.2,0.6,0.48243790848354995,
208,2,1,0,0.0,1.0,0.490247172097962,
212,2,1,0,0.2,0.6,0.382167958346302,
216,2,1,0,0.0,1.0,0.4481594716487599,
224,2,1,0,0.4,0.1999999999999999,0.5662417929628658,
227,2,1,1,1.0,1.0,0.3987388830517208,
229,2,1,0,0.0,1.0,0.39728823897291565,
235,2,1,0,0.0,1.0,0.48366242297608825,
240,2,1,0,0.2,0.6,0.5145106487004585,
245,2,1,0,0.0,1.0,0.5363759843580838,
247,2,1,0,0.2,0.6,0.5775976468633743,
258,2,1,0,0.0,1.0,0.5129585716580767,
262,2,1,1,0.5,0.0,0.4182050141711574,
277,2,1,1,0.5,0.0,0.49035854953877184,
278,2,1,0,0.25,0.5,0.46889891528363764,
279,2,1,0,0.2,0.6,0.3249169451911204,
285,2,1,0,0.4,0.1999999999999999,0.4309858773918689,
287,2,1,0,0.25,0.5,0.470562574526253,
291,2,1,0,0.0,1.0,0.5055581990817315,
292,2,1,0,0.25,0.5,0.4467145348277594,
293,2,1,1,0.5,0.0,0.46836276364201956,
295,2,1,0,0.0,1.0,0.4892489468186306,
300,2,1,0,0.0,1.0,0.48397279897918244,
304,2,1,1,0.8,0.6000000000000001,0.37292618025699126,
307,2,1,0,0.4,0.1999999999999999,0.5015675796586156,
309,2,1,1,0.8,0.6000000000000001,0.6529375086493349,
318,2,1,0,0.4,0.1999999999999999,0.5010569316377639,
347,2,1,0,0.4,0.1999999999999999,0.4888807692669296,
349,2,1,0,0.0,1.0,0.5063253682471973,
351,2,1,0,0.0,1.0,0.45174370733793207,
358,2,1,0,0.25,0.5,0.5918135961635769,
359,2,1,0,0.25,0.5,0.5348809815427825,
360,2,1,0,0.25,0.5,0.6010152102651046,
372,2,1,0,0.25,0.5,0.5461566430338068,
374,2,1,1,0.5,0.0,0.5834215110998098,
381,2,1,1,0.75,0.5,0.5025038578923733,
382,2,1,1,0.5,0.0,0.48722251298569125,
383,2,1,0,0.0,1.0,0.4787576561244491,
384,2,1,0,0.25,0.5,0.5113677745568111,
389,2,1,0,0.25,0.5,0.6741450098778616,
399,2,1,0,0.25,0.5,0.4558884238827432,
401,2,1,0,0.2,0.6,0.5401946707310861,
405,2,1,0,0.0,1.0,0.5127386563005139,
420,2,1,0,0.0,1.0,0.5612165383538403,
427,2,1,1,0.6,0.1999999999999999,0.4874757225825598,
430,2,1,1,0.6,0.1999999999999999,0.6382902095632637,
431,2,1,0,0.4,0.1999999999999999,0.3601245334070495,
433,2,1,0,0.0,1.0,0.3793573131578095,
447,2,1,0,0.0,1.0,0.3355416345448564,
456,2,1,1,0.5,0.0,0.4742998854859636,
458,2,1,0,0.0,1.0,0.4848912463901621,
461,2,1,1,0.5,0.0,0.5448605470416656,
464,2,1,0,0.0,1.0,0.626693700422881,
477,2,1,0,0.0,1.0,0.4725720609725138,
488,2,1,1,0.5,0.0,0.48613882307529555,
492,2,1,0,0.3333333333333333,0.3333333333333333,0.3757201445436662,
503,2,1,0,0.0,1.0,0.5775209431341294,
508,2,1,1,0.75,0.5,0.4586918382392081,
509,2,1,0,0.25,0.5,0.42549789576440633,
510,2,1,1,0.5,0.0,0.5029361365300616,
520,2,1,1,0.5,0.0,0.47582649856871384,
521,2,1,1,0.75,0.5,0.4843642007857902,
524,2,1,0,0.0,1.0,0.5942799790735767,
528,2,1,0,0.0,1.0,0.5010394622681626,
538,2,1,0,0.0,1.0,0.4856832147315757,
539,2,1,0,0.25,0.5,0.4188772431689429,
541,2,1,1,0.5,0.0,0.5761757246556466,
542,2,1,0,0.25,0.5,0.41648556444612617,
543,2,1,1,0.5,0.0,0.5041164102639532,
550,2,1,0,0.0,1.0,0.3983943300182739,
568,2,1,1,1.0,1.0,0.5598316922575164,
569,2,1,0,0.1666666666666666,0.6666666666666667,0.48936828491473205,
575,2,1,1,0.5,0.0,0.5727993441479264,
579,2,1,0,0.3333333333333333,0.3333333333333333,0.36480220452035456,
580,2,1,0,0.3333333333333333,0.3333333333333333,0.35462618925289463,
582,2,1,1,0.5,0.0,0.45313058244946325,
586,2,1,1,0.6666666666666666,0.3333333333333332,0.5792753417976348,
590,2,1,0,0.3333333333333333,0.3333333333333333,0.456762809778386,
592,2,1,1,0.6,0.1999999999999999,0.6834160828493233,
593,2,1,1,0.5,0.0,0.4613101062255291,
595,2,1,1,0.8333333333333334,0.6666666666666667,0.5001191616954443,
600,2,1,0,0.1666666666666666,0.6666666666666667,0.4885784420624819,
602,2,1,0,0.25,0.5,0.4897599559447201,
603,2,1,1,0.5,0.0,0.4102527066372458,
604,2,1,1,0.75,0.5,0.39671667358662965,
605,2,1,1,0.5,0.0,0.43110039445969606,
610,2,1,0,0.25,0.5,0.4518568272234887,
612,2,1,0,0.0,1.0,0.39183105290589576,
617,2,1,1,0.5,0.0,0.4583469863100302,
619,2,1,0,0.25,0.5,0.5391162296389098,
625,2,1,0,0.0,1.0,0.44038657364686906,
638,2,1,0,0.25,0.5,0.4490686878588368,
659,2,1,1,0.6666666666666666,0.3333333333333332,0.4386027647346515,
663,2,1,0,0.3333333333333333,0.3333333333333333,0.5957612467816857,
665,2,1,0,0.1666666666666666,0.6666666666666667,0.516079611570263,
672,2,1,0,0.0,1.0,0.4671918425986974,
677,2,1,1,0.6666666666666666,0.3333333333333332,0.5687951696631006,
678,2,1,0,0.3333333333333333,0.3333333333333333,0.43046427810601534,
679,2,1,0,0.4,0.1999999999999999,0.4301433808300782,
688,2,1,0,0.1666666666666666,0.6666666666666667,0.42287400346907933,
690,2,1,0,0.0,1.0,0.500048008565265,
696,2,1,0,0.1666666666666666,0.6666666666666667,0.34965392304534637,
697,2,1,1,0.5,0.0,0.39212419559102896,
706,2,1,1,0.6666666666666666,0.3333333333333332,0.5600344950952238,
708,2,1,0,0.0,1.0,0.5691361194564675,
712,2,1,0,0.1666666666666666,0.6666666666666667,0.5562187997544548,
724,2,1,0,0.2,0.6,0.41009834195713746,
726,2,1,0,0.0,1.0,0.5746304653579493,
728,2,1,0,0.2,0.6,0.5458707894546637,
733,2,1,0,0.1666666666666666,0.6666666666666667,0.38047449057039784,
735,2,1,0,0.0,1.0,0.4607425290156043,
736,2,1,0,0.0,1.0,0.5418859901271443,
11,2,2,1,0.6,0.1999999999999999,0.47001212115954266,
15,2,2,0,0.4,0.1999999999999999,0.5393237246886655,
21,2,2,0,0.2,0.6,0.5597583365178027,
24,2,2,0,0.0,1.0,0.4958434313731483,
27,2,2,0,0.2,0.6,0.4503932254406171,
28,2,2,0,0.2,0.6,0.5236188076487704,
30,2,2,0,0.2,0.6,0.5738237638122012,
31,2,2,0,0.1666666666666666,0.6666666666666667,0.45480053186265584,
37,2,2,0,0.2,0.6,0.4716433202216481,
47,2,2,0,0.25,0.5,0.4618542131965073,
58,2,2,0,0.25,0.5,0.4927804318729776,
59,2,2,0,0.25,0.5,0.3572702877533508,
61,2,2,0,0.2,0.6,0.3321172592282159,
64,2,2,0,0.3333333333333333,0.3333333333333333,0.33887317105667025,
71,2,2,0,0.0,1.0,0.5115796944230352,
76,2,2,0,0.25,0.5,0.4973823136840729,
87,2,2,0,0.0,1.0,0.546694547847303,
94,2,2,0,0.25,0.5,0.46277386416819766,
95,2,2,0,0.25,0.5,0.44004022130245823,
97,2,2,0,0.25,0.5,0.3864417219471623,
101,2,2,0,0.3333333333333333,0.3333333333333333,0.3586985684929176,
105,2,2,0,0.0,1.0,0.48467299976805395,
111,2,2,0,0.1111111111111111,0.7777777777777778,0.4195907680625055,
113,2,2,0,0.1111111111111111,0.7777777777777778,0.5403397491843615,
120,2,2,0,0.0,1.0,0.5107229177692556,
129,2,2,0,0.2,0.6,0.5593744558097686,
142,2,2,0,0.0,1.0,0.5123686492674915,
148,2,2,0,0.1111111111111111,0.7777777777777778,0.4974923600811598,
150,2,2,0,0.0,1.0,0.5602139624705096,
151,2,2,0,0.0,1.0,0.5343017371667609,
156,2,2,0,0.25,0.5,0.5032884258655844,
158,2,2,0,0.0,1.0,0.3836257982096807,
163,2,2,0,0.25,0.5,0.49616763008751963,
167,2,2,0,0.0,1.0,0.5638127903343486,
168,2,2,0,0.25,0.5,0.4530650378623845,
177,2,2,0,0.0,1.0,0.4873256023280925,
179,2,2,0,0.25,0.5,0.6060077814049618,
187,2,2,0,0.0,1.0,0.3297270461792579,
189,2,2,1,0.5,0.0,0.54502657993591,
201,2,2,0,0.25,0.5,0.49802479175488157,
205,2,2,0,0.2,0.6,0.37892436617923675,
206,2,2,1,0.5,0.0,0.2923898930622466,
213,2,2,0,0.4,0.1999999999999999,0.49719295149246545,
214,2,2,0,0.2,0.6,0.49972213376699715,
220,2,2,0,0.4,0.1999999999999999,0.4349161079578834,
223,2,2,0,0.2,0.6,0.4647210013055566,
237,2,2,0,0.4,0.1999999999999999,0.5146243597317224,
238,2,2,0,0.25,0.5,0.4518268978150608,
241,2,2,1,0.6,0.1999999999999999,0.47777472518750347,
249,2,2,1,0.6,0.1999999999999999,0.4499522930255653,
252,2,2,0,0.0,1.0,0.3785157688762817,
259,2,2,0,0.0,1.0,0.41945671689584163,
264,2,2,0,0.25,0.5,0.42741835292118197,
268,2,2,1,0.5,0.0,0.41610239824293405,
269,2,2,1,0.5,0.0,0.4724429643534114,
270,2,2,0,0.0,1.0,0.3396593128618879,
271,2,2,0,0.0,1.0,0.48116966558768537,
275,2,2,1,0.5,0.0,0.5629860182589199,
280,2,2,0,0.25,0.5,0.5566041269576107,
281,2,2,0,0.0,1.0,0.4355035746157592,
283,2,2,0,0.25,0.5,0.5362681475593789,
284,2,2,1,0.5,0.0,0.4123710474273758,
286,2,2,0,0.2,0.6,0.324092610072404,
290,2,2,0,0.0,1.0,0.4765698982104499,
296,2,2,0,0.0,1.0,0.4424511076656492,
298,2,2,0,0.25,0.5,0.5873336107028101,
303,2,2,0,0.0,1.0,0.4954109653555287,
306,2,2,0,0.0,1.0,0.5301553835482311,
310,2,2,0,0.2,0.6,0.453956606228785,
312,2,2,0,0.0,1.0,0.524974002620116,
316,2,2,0,0.4,0.1999999999999999,0.5968007911980535,
333,2,2,0,0.0,1.0,0.3821072599256773,
335,2,2,1,0.5,0.0,0.4291004802055166,
338,2,2,0,0.4,0.1999999999999999,0.44264769049808017,
342,2,2,0,0.2,0.6,0.42867211111772,
354,2,2,0,0.25,0.5,0.4591761880799271,
355,2,2,0,0.25,0.5,0.5007598924775125,
361,2,2,0,0.0,1.0,0.5131583267838368,
364,2,2,1,0.5,0.0,0.5517070465599879,
376,2,2,1,0.5,0.0,0.3695872488620847,
378,2,2,1,0.5,0.0,0.47782068892402585,
379,2,2,1,0.75,0.5,0.5593830395237602,
388,2,2,1,0.5,0.0,0.5061745238543744,
390,2,2,1,0.75,0.5,0.44330466312238903,
406,2,2,1,0.6,0.1999999999999999,0.366657035940137,
409,2,2,0,0.4,0.1999999999999999,0.6445780872360019,
411,2,2,0,0.2,0.6,0.5654171930586087,
413,2,2,0,0.0,1.0,0.45689415785403686,
418,2,2,0,0.0,1.0,0.47074549394721044,
422,2,2,1,0.6,0.1999999999999999,0.4028091032690608,
424,2,2,1,0.6,0.1999999999999999,0.35585457704328594,
429,2,2,0,0.0,1.0,0.6118233165101972,
434,2,2,0,0.0,1.0,0.4208513251392898,
441,2,2,0,0.2,0.6,0.5593653639557079,
445,2,2,0,0.0,1.0,0.5332629546392114,
446,2,2,0,0.2,0.6,0.5288564967556844,
448,2,2,0,0.0,1.0,0.28463424678981,
452,2,2,0,0.25,0.5,0.5274555192064424,
462,2,2,1,0.5,0.0,0.5698345894177673,
463,2,2,0,0.25,0.5,0.2661039479432301,
467,2,2,1,1.0,1.0,0.6404979621162332,
480,2,2,1,0.5,0.0,0.5465705223852755,
496,2,2,1,0.75,0.5,0.6419831778824436,
499,2,2,0,0.0,1.0,0.5746173502849048,
512,2,2,1,1.0,1.0,0.684085260612093,
514,2,2,1,0.75,0.5,0.4941023335105579,
516,2,2,0,0.0,1.0,0.518000062591429,
518,2,2,0,0.25,0.5,0.46954988328773506,
519,2,2,0,0.0,1.0,0.4929729004152412,
530,2,2,1,0.5,0.0,0.3971848115183087,
546,2,2,1,0.5,0.0,0.48963916538855,
553,2,2,0,0.0,1.0,0.503261351446761,
554,2,2,1,0.5,0.0,0.5522800689014571,
555,2,2,0,0.3333333333333333,0.3333333333333333,0.5569799844779453,
559,2,2,1,0.6666666666666666,0.3333333333333332,0.5139761480904155,
566,2,2,0,0.1666666666666666,0.6666666666666667,0.442461309949175,
607,2,2,0,0.0,1.0,0.525015032335495,
609,2,2,0,0.25,0.5,0.41535664850600384,
613,2,2,0,0.0,1.0,0.5830516511323303,
618,2,2,0,0.0,1.0,0.3926862948628884,
622,2,2,1,0.75,0.5,0.455292147570477,
623,2,2,1,0.5,0.0,0.3645972445552379,
627,2,2,1,0.75,0.5,0.5427489550236012,
628,2,2,0,0.0,1.0,0.2812937233153211,
630,2,2,1,0.5,0.0,0.5582843661361105,
636,2,2,0,0.0,1.0,0.4433047743104586,
642,2,2,1,0.75,0.5,0.5362533815125443,
643,2,2,1,0.5,0.0,0.37862127021865266,
646,2,2,0,0.0,1.0,0.43056729599772925,
647,2,2,1,0.5,0.0,0.6166121416081727,
650,2,2,0,0.0,1.0,0.515644849207666,
657,2,2,1,0.5,0.0,0.48740069629031063,
658,2,2,0,0.1666666666666666,0.6666666666666667,0.5203727157006397,
667,2,2,0,0.3333333333333333,0.3333333333333333,0.5515094705317548,
668,2,2,0,0.1666666666666666,0.6666666666666667,0.6880492086817461,
671,2,2,0,0.3333333333333333,0.3333333333333333,0.41243882211034566,
681,2,2,0,0.1666666666666666,0.6666666666666667,0.4480089328550442,
686,2,2,0,0.0,1.0,0.4101935795077939,
692,2,2,0,0.0,1.0,0.39340065797938706,
695,2,2,0,0.3333333333333333,0.3333333333333333,0.4557933901350656,
700,2,2,1,0.5,0.0,0.43239535490450154,
702,2,2,0,0.1666666666666666,0.6666666666666667,0.343782616241825,
710,2,2,0,0.0,1.0,0.43767865754142055,
713,2,2,1,0.6,0.1999999999999999,0.496670008416708,
716,2,2,1,0.6666666666666666,0.3333333333333332,0.47715340902386055,
732,2,2,0,0.0,1.0,0.3978395215389825,
738,2,2,0,0.3333333333333333,0.3333333333333333,0.52960806240206,
2,2,3,0,0.4,0.1999999999999999,0.321797998359696,
7,2,3,1,0.6,0.1999999999999999,0.5912361533518556,
8,2,3,0,0.0,1.0,0.3238950902511097,
9,2,3,0,0.0,1.0,0.5275286933323888,
26,2,3,1,0.8,0.6000000000000001,0.4346247377809569,
32,2,3,0,0.2,0.6,0.5151634141440902,
39,2,3,0,0.0,1.0,0.5390399228370102,
40,2,3,0,0.2,0.6,0.4910110845624305,
42,2,3,0,0.0,1.0,0.4650943232504489,
45,2,3,0,0.0,1.0,0.43914579309361274,
52,2,3,0,0.25,0.5,0.4943035195407274,
53,2,3,0,0.1666666666666666,0.6666666666666667,0.34771058828131785,
55,2,3,0,0.0,1.0,0.47263377650871397,
56,2,3,0,0.25,0.5,0.45051395628784796,
63,2,3,0,0.0,1.0,0.553626776165043,
69,2,3,0,0.0,1.0,0.4484079837922743,
75,2,3,0,0.0,1.0,0.4259284960033552,
77,2,3,0,0.25,0.5,0.484464674576915,
78,2,3,0,0.0,1.0,0.45491878970939126,
79,2,3,0,0.25,0.5,0.5339185407053357,
90,2,3,1,0.5,0.0,0.4230803010727814,
92,2,3,0,0.0,1.0,0.6255807110047484,
96,2,3,0,0.0,1.0,0.49154897233610173,
99,2,3,0,0.0,1.0,0.3534517256283382,
100,2,3,0,0.25,0.5,0.6113696322095173,
109,2,3,0,0.1111111111111111,0.7777777777777778,0.47571976713923503,
119,2,3,0,0.1111111111111111,0.7777777777777778,0.4522483977995637,
121,2,3,0,0.1111111111111111,0.7777777777777778,0.4911662038698019,
130,2,3,0,0.1111111111111111,0.7777777777777778,0.440721525001357,
138,2,3,1,0.5555555555555556,0.1111111111111111,0.4809367892299594,
147,2,3,0,0.0,1.0,0.462587674888014,
160,2,3,0,0.1666666666666666,0.6666666666666667,0.5663041590848765,
164,2,3,0,0.0,1.0,0.3932574899915712,
166,2,3,0,0.25,0.5,0.4727366220621496,
172,2,3,0,0.0,1.0,0.5964400405887513,
180,2,3,0,0.0,1.0,0.5903366490163078,
183,2,3,0,0.0,1.0,0.33600248620732764,
194,2,3,0,0.0,1.0,0.5206127059284675,
195,2,3,0,0.0,1.0,0.5955048780491192,
202,2,3,1,0.6,0.1999999999999999,0.5315489178609072,
210,2,3,0,0.4,0.1999999999999999,0.6803020392405503,
211,2,3,1,0.6,0.1999999999999999,0.6214139659519727,
215,2,3,0,0.2,0.6,0.36895663833001635,
225,2,3,0,0.2,0.6,0.44057437322866777,
226,2,3,0,0.0,1.0,0.3605213497755062,
230,2,3,0,0.2,0.6,0.3771909131501752,
231,2,3,1,0.5,0.0,0.42628660012038033,
232,2,3,0,0.25,0.5,0.42200086839796,
246,2,3,0,0.4,0.1999999999999999,0.38113022507797706,
251,2,3,0,0.25,0.5,0.6008861909221591,
260,2,3,0,0.25,0.5,0.44074235358779057,
266,2,3,0,0.25,0.5,0.42946911307429,
267,2,3,0,0.0,1.0,0.3853145493001577,
274,2,3,1,0.5,0.0,0.6056369089220195,
282,2,3,0,0.25,0.5,0.411965921594645,
297,2,3,0,0.0,1.0,0.2641288706561872,
302,2,3,0,0.0,1.0,0.47855084498563916,
308,2,3,0,0.4,0.1999999999999999,0.5580711411285398,
311,2,3,0,0.4,0.1999999999999999,0.49113898106157095,
314,2,3,0,0.0,1.0,0.5801792414287364,
321,2,3,1,0.6,0.1999999999999999,0.5021271896236678,
325,2,3,0,0.0,1.0,0.4162162152177926,
329,2,3,0,0.0,1.0,0.44687880592100004,
332,2,3,0,0.0,1.0,0.4430332919157757,
334,2,3,0,0.4,0.1999999999999999,0.5244165462656114,
336,2,3,0,0.4,0.1999999999999999,0.5397494971516084,
337,2,3,0,0.0,1.0,0.5231587288221525,
340,2,3,1,0.6,0.1999999999999999,0.5768505058843536,
341,2,3,1,0.6,0.1999999999999999,0.5368992218302386,
344,2,3,0,0.2,0.6,0.3497116636842773,
348,2,3,0,0.4,0.1999999999999999,0.4743070676104738,
362,2,3,1,0.75,0.5,0.48396006197587704,
368,2,3,1,0.5,0.0,0.5695719065319673,
397,2,3,1,0.75,0.5,0.7426455676544929,
408,2,3,0,0.4,0.1999999999999999,0.6188398304446066,
410,2,3,1,0.6,0.1999999999999999,0.3656986328321171,
425,2,3,0,0.0,1.0,0.3967456843991458,
426,2,3,1,0.8,0.6000000000000001,0.6237946454524801,
436,2,3,0,0.4,0.1999999999999999,0.4558604637670457,
439,2,3,0,0.2,0.6,0.4526141769125362,
440,2,3,0,0.0,1.0,0.6133317356830168,
443,2,3,0,0.0,1.0,0.28838853137716436,
449,2,3,0,0.4,0.1999999999999999,0.4510828857780796,
450,2,3,0,0.2,0.6,0.3888322379721165,
451,2,3,0,0.25,0.5,0.3441522537736802,
453,2,3,0,0.25,0.5,0.3645648937742386,
454,2,3,0,0.0,1.0,0.4156673357735618,
455,2,3,0,0.0,1.0,0.4880188177704838,
459,2,3,0,0.25,0.5,0.5188788264010593,
466,2,3,1,0.5,0.0,0.5150168052145292,
468,2,3,0,0.25,0.5,0.4859386051314796,
469,2,3,1,0.75,0.5,0.4255869935619498,
478,2,3,0,0.0,1.0,0.38330195040475895,
479,2,3,0,0.0,1.0,0.4891148525928499,
481,2,3,0,0.0,1.0,0.6990893006964525,
482,2,3,0,0.0,1.0,0.3148410183665158,
483,2,3,0,0.25,0.5,0.4532741788299526,
486,2,3,0,0.25,0.5,0.6395356899395155,
487,2,3,0,0.2,0.6,0.41685026101841066,
490,2,3,0,0.25,0.5,0.3748528262658645,
497,2,3,0,0.0,1.0,0.38072961020918783,
504,2,3,1,0.75,0.5,0.628692723298919,
513,2,3,0,0.0,1.0,0.49691467293389435,
523,2,3,0,0.25,0.5,0.37107243976726206,
529,2,3,1,0.5,0.0,0.44855102250705037,
536,2,3,0,0.3333333333333333,0.3333333333333333,0.4300456256114078,
544,2,3,1,0.5,0.0,0.557444671476822,
551,2,3,1,0.6666666666666666,0.3333333333333332,0.46660463029282073,
557,2,3,0,0.3333333333333333,0.3333333333333333,0.39873984374061844,
558,2,3,1,0.5,0.0,0.47561907584285745,
560,2,3,0,0.1666666666666666,0.6666666666666667,0.4698504645001278,
561,2,3,1,0.5,0.0,0.390688759069029,
565,2,3,0,0.3333333333333333,0.3333333333333333,0.3300504113775623,
570,2,3,1,0.6666666666666666,0.3333333333333332,0.4691069179686213,
574,2,3,0,0.3333333333333333,0.3333333333333333,0.4201840536078255,
585,2,3,1,0.5,0.0,0.4761400555647125,
587,2,3,1,0.8333333333333334,0.6666666666666667,0.44386286705514133,
596,2,3,1,0.5,0.0,0.5250132345777951,
597,2,3,0,0.0,1.0,0.396503682926094,
598,2,3,0,0.3333333333333333,0.3333333333333333,0.36874756467256736,
611,2,3,1,0.75,0.5,0.3706858976686257,
621,2,3,1,0.5,0.0,0.4243867490561283,
629,2,3,1,0.5,0.0,0.5875840243133984,
637,2,3,1,0.5,0.0,0.3643980148899187,
644,2,3,0,0.25,0.5,0.5174946991915613,
648,2,3,1,0.5,0.0,0.5027203503331956,
653,2,3,1,0.5,0.0,0.2599120396331659,
654,2,3,0,0.1666666666666666,0.6666666666666667,0.4919924862387852,
670,2,3,1,0.5,0.0,0.5552556593619027,
682,2,3,0,0.1666666666666666,0.6666666666666667,0.4491721680605341,
683,2,3,1,0.8333333333333334,0.6666666666666667,0.5785917749977751,
685,2,3,0,0.0,1.0,0.24431785705838277,
687,2,3,0,0.3333333333333333,0.3333333333333333,0.3857810873352854,
691,2,3,0,0.1666666666666666,0.6666666666666667,0.5642151158254434,
693,2,3,1,0.5,0.0,0.561797600991323,
704,2,3,0,0.3333333333333333,0.3333333333333333,0.43452489179329457,
705,2,3,1,0.5,0.0,0.4264158998630956,
711,2,3,1,0.6,0.1999999999999999,0.5715375146709789,
717,2,3,1,0.5,0.0,0.5970677345708912,
719,2,3,0,0.1666666666666666,0.6666666666666667,0.6336296660365137,
722,2,3,0,0.2,0.6,0.42677185396548134,
725,2,3,0,0.0,1.0,0.4081461699190086,
727,2,3,0,0.4,0.1999999999999999,0.4884772424712138,
729,2,3,0,0.4,0.1999999999999999,0.4899260473546376,
730,2,3,0,0.3333333333333333,0.3333333333333333,0.48773882167060734,
734,2,3,0,0.0,1.0,0.4645206004911823,
740,2,3,0,0.1666666666666666,0.6666666666666667,0.4719292661658537,
3,2,4,0,0.0,1.0,0.5383092893865468,
5,2,4,0,0.2,0.6,0.5539113766726387,
17,2,4,0,0.4,0.1999999999999999,0.5314680026712153,
22,2,4,0,0.2,0.6,0.550719263061693,
36,2,4,0,0.2,0.6,0.39994999132282855,
41,2,4,0,0.2,0.6,0.3193478469192471,
43,2,4,0,0.2,0.6,0.4943226444864117,
49,2,4,0,0.3333333333333333,0.3333333333333333,0.5249826164615581,
50,2,4,1,0.8,0.6000000000000001,0.5273368683894084,
51,2,4,0,0.25,0.5,0.5520574049037568,
54,2,4,0,0.25,0.5,0.438056687624096,
65,2,4,0,0.25,0.5,0.4246739389833082,
66,2,4,0,0.0,1.0,0.47446666197463805,
68,2,4,0,0.0,1.0,0.46085317412646454,
72,2,4,0,0.25,0.5,0.42340110757349647,
86,2,4,0,0.0,1.0,0.4616225227819485,
89,2,4,0,0.25,0.5,0.4781628899289735,
102,2,4,0,0.0,1.0,0.47503537259965617,
106,2,4,1,1.0,1.0,0.48071970186185764,
107,2,4,0,0.1111111111111111,0.7777777777777778,0.5948857299906856,
110,2,4,0,0.0,1.0,0.6803117214427841,
112,2,4,0,0.125,0.75,0.4805745714102687,
115,2,4,0,0.0,1.0,0.44129054527650075,
117,2,4,0,0.25,0.5,0.45897379212337264,
125,2,4,0,0.125,0.75,0.48876808221925394,
126,2,4,0,0.2222222222222222,0.5555555555555556,0.5291564927427839,
135,2,4,0,0.1666666666666666,0.6666666666666667,0.4497516744927788,
137,2,4,1,0.6666666666666666,0.3333333333333332,0.35571153108443654,
140,2,4,0,0.2222222222222222,0.5555555555555556,0.5051842194435212,
145,2,4,0,0.4444444444444444,0.1111111111111111,0.3398846631751212,
146,2,4,1,0.8888888888888888,0.7777777777777777,0.49774028698736594,
154,2,4,0,0.25,0.5,0.43282101999827627,
155,2,4,0,0.25,0.5,0.5335758046951762,
161,2,4,0,0.0,1.0,0.4821618566243262,
169,2,4,0,0.0,1.0,0.5854131215026364,
170,2,4,0,0.1666666666666666,0.6666666666666667,0.4056147829516113,
174,2,4,1,0.5,0.0,0.3643937356748652,
175,2,4,0,0.0,1.0,0.4044113629972759,
178,2,4,0,0.0,1.0,0.4738583497874207,
186,2,4,0,0.0,1.0,0.4483554697753021,
192,2,4,0,0.0,1.0,0.4994041793416948,
193,2,4,0,0.25,0.5,0.41518849626061693,
197,2,4,0,0.0,1.0,0.47137339568166825,
200,2,4,0,0.2,0.6,0.38320805779965805,
204,2,4,0,0.4,0.1999999999999999,0.5874285031456896,
209,2,4,0,0.2,0.6,0.45086595630206705,
217,2,4,0,0.0,1.0,0.35760015765395,
219,2,4,0,0.0,1.0,0.4914272748225623,
221,2,4,1,0.8,0.6000000000000001,0.42794636204354286,
228,2,4,0,0.2,0.6,0.44061316714475796,
233,2,4,0,0.0,1.0,0.4349913305598441,
234,2,4,0,0.25,0.5,0.36247532553043527,
236,2,4,0,0.0,1.0,0.5224457756913969,
239,2,4,1,0.6,0.1999999999999999,0.5871637437081099,
242,2,4,1,0.6,0.1999999999999999,0.49089165649241057,
243,2,4,0,0.0,1.0,0.49153155821523475,
254,2,4,0,0.25,0.5,0.4369291682736854,
289,2,4,1,0.5,0.0,0.5199395774220661,
294,2,4,0,0.0,1.0,0.5089776913645158,
299,2,4,1,0.8,0.6000000000000001,0.32544943928207537,
313,2,4,0,0.0,1.0,0.5142560439600987,
315,2,4,1,0.8,0.6000000000000001,0.5593904720670484,
317,2,4,0,0.4,0.1999999999999999,0.44946841790563075,
319,2,4,0,0.2,0.6,0.5029604689545026,
320,2,4,0,0.0,1.0,0.5415626651677252,
323,2,4,0,0.0,1.0,0.445370750128497,
330,2,4,0,0.4,0.1999999999999999,0.5511544591504332,
350,2,4,0,0.0,1.0,0.47440981018571704,
356,2,4,0,0.25,0.5,0.4898267444536206,
365,2,4,0,0.25,0.5,0.6092622431097859,
366,2,4,0,0.0,1.0,0.43355243894945217,
369,2,4,0,0.0,1.0,0.5255806143932805,
370,2,4,0,0.0,1.0,0.4303219455130624,
377,2,4,0,0.25,0.5,0.35868725743762586,
380,2,4,1,0.75,0.5,0.6171745955512474,
385,2,4,1,0.5,0.0,0.5302451587832879,
386,2,4,0,0.25,0.5,0.42558167593995544,
391,2,4,0,0.0,1.0,0.3758871688981513,
396,2,4,1,0.75,0.5,0.5949582684363308,
400,2,4,1,0.5,0.0,0.44649232930411853,
403,2,4,0,0.0,1.0,0.4507240700860293,
404,2,4,1,0.6,0.1999999999999999,0.6592758417964905,
407,2,4,0,0.2,0.6,0.515982159709499,
415,2,4,0,0.0,1.0,0.4420463664673844,
417,2,4,0,0.2,0.6,0.4024054693380754,
419,2,4,0,0.4,0.1999999999999999,0.4441061199476815,
423,2,4,0,0.0,1.0,0.4707366650300995,
437,2,4,1,0.6,0.1999999999999999,0.492889666033291,
457,2,4,1,0.5,0.0,0.4951078732004873,
472,2,4,0,0.25,0.5,0.33538480547150107,
473,2,4,0,0.25,0.5,0.4358208871561302,
484,2,4,0,0.25,0.5,0.5530966066233687,
491,2,4,1,0.5,0.0,0.5215676507770617,
494,2,4,1,0.8,0.6000000000000001,0.6004514129042069,
495,2,4,0,0.0,1.0,0.5624543635210113,
500,2,4,0,0.25,0.5,0.6951715081916948,
501,2,4,0,0.25,0.5,0.5156321344332738,
502,2,4,1,0.75,0.5,0.48293759201833936,
507,2,4,1,1.0,1.0,0.3669111153423651,
511,2,4,1,0.5,0.0,0.4018828940740416,
522,2,4,0,0.25,0.5,0.28884818141056057,
527,2,4,0,0.25,0.5,0.45935179160483053,
532,2,4,0,0.0,1.0,0.4127843345885051,
537,2,4,0,0.25,0.5,0.5001556615567839,
540,2,4,0,0.25,0.5,0.5451555490725218,
556,2,4,0,0.1666666666666666,0.6666666666666667,0.4457930405427051,
562,2,4,0,0.3333333333333333,0.3333333333333333,0.42483924265949435,
564,2,4,1,0.5,0.0,0.521211700516157,
567,2,4,0,0.3333333333333333,0.3333333333333333,0.5736191912821333,
572,2,4,1,0.8333333333333334,0.6666666666666667,0.6145686991155241,
576,2,4,1,0.5,0.0,0.5502596661840524,
578,2,4,1,0.5,0.0,0.42015825176527233,
589,2,4,0,0.3333333333333333,0.3333333333333333,0.46118371868631125,
591,2,4,1,0.5,0.0,0.48981374295430047,
599,2,4,0,0.0,1.0,0.3927730796725311,
608,2,4,0,0.0,1.0,0.43687759299851675,
614,2,4,1,0.75,0.5,0.469442126424355,
616,2,4,1,0.75,0.5,0.45992280511344885,
624,2,4,0,0.25,0.5,0.37189003309862667,
626,2,4,1,0.5,0.0,0.4501898038057903,
631,2,4,0,0.0,1.0,0.40236766460964324,
632,2,4,1,0.5,0.0,0.5103663793778048,
633,2,4,1,0.5,0.0,0.43077359309507324,
634,2,4,0,0.25,0.5,0.320556848081029,
635,2,4,1,0.5,0.0,0.5600660250367152,
639,2,4,0,0.0,1.0,0.48793506314322554,
640,2,4,1,0.75,0.5,0.6717006618057915,
641,2,4,0,0.0,1.0,0.5317983216424114,
645,2,4,1,0.75,0.5,0.5666979481201524,
649,2,4,1,0.5,0.0,0.3724712654196656,
651,2,4,0,0.3333333333333333,0.3333333333333333,0.43375900995115635,
664,2,4,1,0.6666666666666666,0.3333333333333332,0.3909751217258706,
669,2,4,0,0.3333333333333333,0.3333333333333333,0.4835330985297189,
673,2,4,0,0.3333333333333333,0.3333333333333333,0.27471950101424086,
675,2,4,0,0.3333333333333333,0.3333333333333333,0.29299173109658977,
676,2,4,0,0.1666666666666666,0.6666666666666667,0.3906675436543744,
694,2,4,0,0.3333333333333333,0.3333333333333333,0.3943262595492133,
698,2,4,1,0.5,0.0,0.5210669228235185,
703,2,4,0,0.0,1.0,0.5834280267693472,
707,2,4,1,0.5,0.0,0.3271188703370448,
709,2,4,0,0.3333333333333333,0.3333333333333333,0.5726676656037835,
714,2,4,0,0.3333333333333333,0.3333333333333333,0.4478361518244871,
715,2,4,1,0.5,0.0,0.42650297308126794,
718,2,4,0,0.1666666666666666,0.6666666666666667,0.5074196877371858,
720,2,4,0,0.0,1.0,0.5609240085139375,
731,2,4,0,0.0,1.0,0.39910456157244434,
741,2,4,0,0.2,0.6,0.37800051185521943,
3,3,0,0,0.0,1.0,0.529495516982207,
5,3,0,0,0.2,0.6,0.5422467796370855,
7,3,0,1,0.6,0.1999999999999999,0.5531402123314391,
25,3,0,0,0.2,0.6,0.45118470219852747,
30,3,0,0,0.2,0.6,0.5018161628379832,
36,3,0,0,0.2,0.6,0.42408164080848293,
37,3,0,0,0.2,0.6,0.4388434766531697,
39,3,0,0,0.0,1.0,0.4977138852626153,
44,3,0,0,0.0,1.0,0.5424668853852562,
48,3,0,1,0.6,0.1999999999999999,0.5097901133803739,
50,3,0,1,0.8,0.6000000000000001,0.6085369176671322,
57,3,0,1,1.0,1.0,0.4401315027700231,
58,3,0,0,0.25,0.5,0.5095218821642831,
59,3,0,0,0.25,0.5,0.5006078288115495,
60,3,0,0,0.0,1.0,0.5576837801069812,
77,3,0,0,0.25,0.5,0.4623458133433358,
78,3,0,0,0.0,1.0,0.4578557935896393,
81,3,0,0,0.0,1.0,0.44179024328924743,
99,3,0,0,0.0,1.0,0.45235837093794773,
114,3,0,0,0.1111111111111111,0.7777777777777778,0.5401119828151659,
115,3,0,0,0.0,1.0,0.4390608240558105,
116,3,0,0,0.0,1.0,0.450332268406175,
125,3,0,0,0.125,0.75,0.4347954600537606,
126,3,0,0,0.2222222222222222,0.5555555555555556,0.5633522415897081,
127,3,0,1,0.6666666666666666,0.3333333333333332,0.6045139772340451,
130,3,0,0,0.1111111111111111,0.7777777777777778,0.4371515384837098,
144,3,0,0,0.0,1.0,0.47828396761436853,
145,3,0,0,0.4444444444444444,0.1111111111111111,0.4140729830031606,
147,3,0,0,0.0,1.0,0.47063274493998897,
149,3,0,0,0.3333333333333333,0.3333333333333333,0.3793606348194437,
154,3,0,0,0.25,0.5,0.501943435429026,
161,3,0,0,0.0,1.0,0.43469014368061365,
162,3,0,0,0.2,0.6,0.46589255460330203,
166,3,0,0,0.25,0.5,0.37837081994920585,
167,3,0,0,0.0,1.0,0.5753546889648975,
169,3,0,0,0.0,1.0,0.5656592176041098,
181,3,0,1,0.5,0.0,0.48603650828668404,
186,3,0,0,0.0,1.0,0.43886558042400736,
188,3,0,0,0.0,1.0,0.4375855204214869,
190,3,0,0,0.25,0.5,0.4771217751741714,
203,3,0,0,0.2,0.6,0.3417628975087137,
204,3,0,0,0.4,0.1999999999999999,0.5558746300355306,
205,3,0,0,0.2,0.6,0.41050777301003133,
209,3,0,0,0.2,0.6,0.44186403773349814,
210,3,0,0,0.4,0.1999999999999999,0.6409446782689061,
216,3,0,0,0.0,1.0,0.43416769229607866,
220,3,0,0,0.4,0.1999999999999999,0.460403266097888,
225,3,0,0,0.2,0.6,0.506191162362105,
235,3,0,0,0.0,1.0,0.5052768255226645,
247,3,0,0,0.2,0.6,0.6295594656343759,
253,3,0,0,0.0,1.0,0.4871248871732895,
267,3,0,0,0.0,1.0,0.5336793558807424,
269,3,0,1,0.5,0.0,0.4227390950335048,
271,3,0,0,0.0,1.0,0.4867377680188042,
273,3,0,1,0.5,0.0,0.5182945418141334,
283,3,0,0,0.25,0.5,0.5277208372938031,
284,3,0,1,0.5,0.0,0.4049907262737296,
285,3,0,0,0.4,0.1999999999999999,0.35765103764910827,
291,3,0,0,0.0,1.0,0.4911754493744071,
292,3,0,0,0.25,0.5,0.45722355840718953,
308,3,0,0,0.4,0.1999999999999999,0.5656851040419208,
309,3,0,1,0.8,0.6000000000000001,0.5272800939360855,
320,3,0,0,0.0,1.0,0.5022691271289816,
329,3,0,0,0.0,1.0,0.44512820046812895,
341,3,0,1,0.6,0.1999999999999999,0.5882629536148296,
346,3,0,1,0.6,0.1999999999999999,0.7374943520282536,
348,3,0,0,0.4,0.1999999999999999,0.4856902066912059,
349,3,0,0,0.0,1.0,0.4284487860348019,
351,3,0,0,0.0,1.0,0.45761172508339926,
354,3,0,0,0.25,0.5,0.5409514857166742,
370,3,0,0,0.0,1.0,0.4325102241979918,
373,3,0,0,0.0,1.0,0.543181826944917,
374,3,0,1,0.5,0.0,0.4463383474038807,
390,3,0,1,0.75,0.5,0.43787153077057983,
391,3,0,0,0.0,1.0,0.4083019078098715,
395,3,0,1,0.5,0.0,0.5298355864854691,
404,3,0,1,0.6,0.1999999999999999,0.7036334636772612,
405,3,0,0,0.0,1.0,0.4687159889154613,
411,3,0,0,0.2,0.6,0.6234958881753435,
412,3,0,1,1.0,1.0,0.534125772430271,
414,3,0,1,0.6,0.1999999999999999,0.5775396151685677,
415,3,0,0,0.0,1.0,0.6605909379004852,
419,3,0,0,0.4,0.1999999999999999,0.3826342261371324,
425,3,0,0,0.0,1.0,0.40521518319541056,
426,3,0,1,0.8,0.6000000000000001,0.5601415510383366,
435,3,0,0,0.4,0.1999999999999999,0.4744795753189156,
437,3,0,1,0.6,0.1999999999999999,0.4785154459555181,
443,3,0,0,0.0,1.0,0.32137909518868213,
453,3,0,0,0.25,0.5,0.45023336817826176,
461,3,0,1,0.5,0.0,0.5950884369328527,
464,3,0,0,0.0,1.0,0.6149887474140104,
467,3,0,1,1.0,1.0,0.6365608911343884,
472,3,0,0,0.25,0.5,0.3667685535390961,
484,3,0,0,0.25,0.5,0.5386069775718063,
488,3,0,1,0.5,0.0,0.5045664368930542,
489,3,0,0,0.0,1.0,0.40716632159382066,
493,3,0,0,0.0,1.0,0.4681053969769613,
498,3,0,0,0.0,1.0,0.3834935873338474,
500,3,0,0,0.25,0.5,0.6811297828111549,
511,3,0,1,0.5,0.0,0.3919403444280172,
522,3,0,0,0.25,0.5,0.3395649339949014,
523,3,0,0,0.25,0.5,0.43236976400973226,
531,3,0,1,0.75,0.5,0.4647459973744771,
534,3,0,1,0.75,0.5,0.4919699528821404,
544,3,0,1,0.5,0.0,0.5535880177747619,
546,3,0,1,0.5,0.0,0.48504991235694056,
554,3,0,1,0.5,0.0,0.4997266264599507,
560,3,0,0,0.1666666666666666,0.6666666666666667,0.5376779311759488,
567,3,0,0,0.3333333333333333,0.3333333333333333,0.5253377315438178,
577,3,0,0,0.1666666666666666,0.6666666666666667,0.4117917913937692,
580,3,0,0,0.3333333333333333,0.3333333333333333,0.33411041114837375,
591,3,0,1,0.5,0.0,0.5562252959952112,
596,3,0,1,0.5,0.0,0.5582313980187318,
601,3,0,0,0.0,1.0,0.4290913189363861,
604,3,0,1,0.75,0.5,0.39784822944911935,
613,3,0,0,0.0,1.0,0.64119595548333,
618,3,0,0,0.0,1.0,0.3716187732936297,
622,3,0,1,0.75,0.5,0.42738606667937135,
633,3,0,1,0.5,0.0,0.49683329463730586,
645,3,0,1,0.75,0.5,0.5815693029357126,
648,3,0,1,0.5,0.0,0.5041843303524348,
650,3,0,0,0.0,1.0,0.5162033118957444,
651,3,0,0,0.3333333333333333,0.3333333333333333,0.4523005161184841,
653,3,0,1,0.5,0.0,0.27534991206992393,
665,3,0,0,0.1666666666666666,0.6666666666666667,0.5582469861730848,
667,3,0,0,0.3333333333333333,0.3333333333333333,0.539979871181653,
668,3,0,0,0.1666666666666666,0.6666666666666667,0.5970092478881693,
673,3,0,0,0.3333333333333333,0.3333333333333333,0.3174686467553992,
674,3,0,0,0.3333333333333333,0.3333333333333333,0.4174119005076556,
681,3,0,0,0.1666666666666666,0.6666666666666667,0.4129630851666728,
683,3,0,1,0.8333333333333334,0.6666666666666667,0.6005920465181389,
685,3,0,0,0.0,1.0,0.257266901947835,
689,3,0,0,0.0,1.0,0.4480920464503362,
690,3,0,0,0.0,1.0,0.47988347052626873,
692,3,0,0,0.0,1.0,0.4679091391554864,
694,3,0,0,0.3333333333333333,0.3333333333333333,0.41466892484755447,
703,3,0,0,0.0,1.0,0.5297189119731377,
707,3,0,1,0.5,0.0,0.38332197044810795,
714,3,0,0,0.3333333333333333,0.3333333333333333,0.48535183854667274,
716,3,0,1,0.6666666666666666,0.3333333333333332,0.52776830259827,
717,3,0,1,0.5,0.0,0.5106458298090434,
723,3,0,0,0.1666666666666666,0.6666666666666667,0.6155504461625978,
725,3,0,0,0.0,1.0,0.43924315016607646,
730,3,0,0,0.3333333333333333,0.3333333333333333,0.487458673958256,
733,3,0,0,0.1666666666666666,0.6666666666666667,0.45871653582744465,
740,3,0,0,0.1666666666666666,0.6666666666666667,0.5317843525981436,
742,3,0,1,0.5,0.0,0.5309591532585884,
6,3,1,0,0.2,0.6,0.46011487064319656,
10,3,1,0,0.0,1.0,0.3003362070271822,
14,3,1,0,0.2,0.6,0.5336160552299651,
31,3,1,0,0.1666666666666666,0.6666666666666667,0.4651785720237447,
35,3,1,1,0.5,0.0,0.45023871226381584,
41,3,1,0,0.2,0.6,0.343206701943492,
42,3,1,0,0.0,1.0,0.495167423711283,
52,3,1,0,0.25,0.5,0.5047433694044551,
55,3,1,0,0.0,1.0,0.49149522122356554,
61,3,1,0,0.2,0.6,0.36906866549743933,
62,3,1,0,0.25,0.5,0.4574034384415542,
63,3,1,0,0.0,1.0,0.5595491605806471,
65,3,1,0,0.25,0.5,0.38472261778982886,
66,3,1,0,0.0,1.0,0.4562312178185408,
73,3,1,0,0.0,1.0,0.3865801131077792,
84,3,1,0,0.3333333333333333,0.3333333333333333,0.6726115760277942,
87,3,1,0,0.0,1.0,0.5391964412985972,
91,3,1,0,0.25,0.5,0.6021175145965217,
92,3,1,0,0.0,1.0,0.5993500844077312,
93,3,1,0,0.0,1.0,0.5477510938734144,
97,3,1,0,0.25,0.5,0.4436300593921192,
106,3,1,1,1.0,1.0,0.5535881866186562,
136,3,1,0,0.3333333333333333,0.3333333333333333,0.6383184024662868,
141,3,1,0,0.0,1.0,0.450493232153123,
151,3,1,0,0.0,1.0,0.5040977361415165,
153,3,1,0,0.0,1.0,0.46067379669980424,
157,3,1,0,0.25,0.5,0.29070239602223613,
160,3,1,0,0.1666666666666666,0.6666666666666667,0.5185485216255757,
174,3,1,1,0.5,0.0,0.4209774820393546,
180,3,1,0,0.0,1.0,0.516553633066102,
197,3,1,0,0.0,1.0,0.4145620897972372,
198,3,1,0,0.0,1.0,0.5226522982060351,
211,3,1,1,0.6,0.1999999999999999,0.5337625896496244,
215,3,1,0,0.2,0.6,0.38595918626951164,
217,3,1,0,0.0,1.0,0.3185809632290655,
223,3,1,0,0.2,0.6,0.4321511329646281,
231,3,1,1,0.5,0.0,0.49000040042682347,
233,3,1,0,0.0,1.0,0.4178215195676531,
237,3,1,0,0.4,0.1999999999999999,0.5293926806649063,
239,3,1,1,0.6,0.1999999999999999,0.555444202192098,
242,3,1,1,0.6,0.1999999999999999,0.4635447596054517,
243,3,1,0,0.0,1.0,0.3959179679534447,
244,3,1,1,0.6,0.1999999999999999,0.5440238386091879,
248,3,1,0,0.4,0.1999999999999999,0.6144274104854768,
249,3,1,1,0.6,0.1999999999999999,0.4386893718736534,
251,3,1,0,0.25,0.5,0.5742417704903521,
255,3,1,0,0.25,0.5,0.39005384679063776,
257,3,1,0,0.25,0.5,0.4299011262638446,
259,3,1,0,0.0,1.0,0.4083071817686771,
261,3,1,0,0.25,0.5,0.5237432101235746,
264,3,1,0,0.25,0.5,0.43099032953533734,
265,3,1,1,0.5,0.0,0.5310679554684098,
266,3,1,0,0.25,0.5,0.4049601822315846,
268,3,1,1,0.5,0.0,0.44286352235722803,
276,3,1,0,0.2,0.6,0.4371910067331256,
288,3,1,1,0.75,0.5,0.4250586684644102,
296,3,1,0,0.0,1.0,0.42929759082467633,
297,3,1,0,0.0,1.0,0.2988625715414146,
306,3,1,0,0.0,1.0,0.5350914683104455,
310,3,1,0,0.2,0.6,0.4409974391311561,
313,3,1,0,0.0,1.0,0.5543841997273085,
314,3,1,0,0.0,1.0,0.6042462696300479,
315,3,1,1,0.8,0.6000000000000001,0.5410863632494127,
317,3,1,0,0.4,0.1999999999999999,0.4864345890456724,
319,3,1,0,0.2,0.6,0.4950318065220065,
326,3,1,0,0.0,1.0,0.3785997191631114,
330,3,1,0,0.4,0.1999999999999999,0.5924009571498119,
337,3,1,0,0.0,1.0,0.5032693428383798,
350,3,1,0,0.0,1.0,0.45559138060241516,
355,3,1,0,0.25,0.5,0.38589456985924736,
358,3,1,0,0.25,0.5,0.5716840772343112,
364,3,1,1,0.5,0.0,0.5363853355111434,
366,3,1,0,0.0,1.0,0.4518466382471039,
376,3,1,1,0.5,0.0,0.4019149659130578,
378,3,1,1,0.5,0.0,0.4480051589593222,
383,3,1,0,0.0,1.0,0.5214346815793313,
388,3,1,1,0.5,0.0,0.47849063211702947,
393,3,1,0,0.25,0.5,0.5630759203049731,
394,3,1,1,0.5,0.0,0.6547747967720297,
402,3,1,1,0.6,0.1999999999999999,0.4281341311789122,
403,3,1,0,0.0,1.0,0.44312689517531756,
406,3,1,1,0.6,0.1999999999999999,0.45777660262989595,
408,3,1,0,0.4,0.1999999999999999,0.5525525066763577,
413,3,1,0,0.0,1.0,0.5389752490492836,
420,3,1,0,0.0,1.0,0.5784121832586273,
422,3,1,1,0.6,0.1999999999999999,0.37789301312634094,
430,3,1,1,0.6,0.1999999999999999,0.6424161264858366,
439,3,1,0,0.2,0.6,0.44980439808384787,
441,3,1,0,0.2,0.6,0.5314354317948295,
445,3,1,0,0.0,1.0,0.5864787048599309,
459,3,1,0,0.25,0.5,0.5383178165045259,
462,3,1,1,0.5,0.0,0.6027359775439117,
469,3,1,1,0.75,0.5,0.3820283348178188,
473,3,1,0,0.25,0.5,0.49978811862645217,
475,3,1,0,0.25,0.5,0.5419524759771583,
482,3,1,0,0.0,1.0,0.35006332744284646,
485,3,1,1,0.5,0.0,0.3957498779015384,
490,3,1,0,0.25,0.5,0.42270586043425973,
496,3,1,1,0.75,0.5,0.5412388965163608,
512,3,1,1,1.0,1.0,0.6424212357483272,
518,3,1,0,0.25,0.5,0.4248483917049719,
524,3,1,0,0.0,1.0,0.502355819101266,
525,3,1,0,0.2,0.6,0.3733629956219944,
532,3,1,0,0.0,1.0,0.4395748398791474,
535,3,1,0,0.25,0.5,0.5992346679933933,
543,3,1,1,0.5,0.0,0.47950087672091973,
545,3,1,0,0.25,0.5,0.4665926384422792,
548,3,1,1,0.5,0.0,0.563281411195211,
551,3,1,1,0.6666666666666666,0.3333333333333332,0.4558925237472956,
562,3,1,0,0.3333333333333333,0.3333333333333333,0.5071756529414544,
576,3,1,1,0.5,0.0,0.4375656273262951,
579,3,1,0,0.3333333333333333,0.3333333333333333,0.2974722283369325,
581,3,1,0,0.3333333333333333,0.3333333333333333,0.4575327341545995,
585,3,1,1,0.5,0.0,0.4215244537898827,
588,3,1,0,0.1666666666666666,0.6666666666666667,0.5408198752677043,
594,3,1,0,0.0,1.0,0.5154487350660084,
611,3,1,1,0.75,0.5,0.3484921490056606,
625,3,1,0,0.0,1.0,0.4679307275200355,
627,3,1,1,0.75,0.5,0.5511021493466102,
630,3,1,1,0.5,0.0,0.5012567074607346,
632,3,1,1,0.5,0.0,0.5007384372880062,
634,3,1,0,0.25,0.5,0.3535569034645378,
635,3,1,1,0.5,0.0,0.5425361884412941,
638,3,1,0,0.25,0.5,0.40421983238663683,
639,3,1,0,0.0,1.0,0.5380904962605715,
641,3,1,0,0.0,1.0,0.4641947486944288,
643,3,1,1,0.5,0.0,0.3803770354452947,
644,3,1,0,0.25,0.5,0.4663276833604506,
647,3,1,1,0.5,0.0,0.5912022192362313,
654,3,1,0,0.1666666666666666,0.6666666666666667,0.5265330816598092,
655,3,1,1,0.6666666666666666,0.3333333333333332,0.4247867649979705,
660,3,1,0,0.1666666666666666,0.6666666666666667,0.4260297538464547,
662,3,1,0,0.0,1.0,0.5334182838778181,
664,3,1,1,0.6666666666666666,0.3333333333333332,0.4216101237602329,
669,3,1,0,0.3333333333333333,0.3333333333333333,0.4463726003415377,
675,3,1,0,0.3333333333333333,0.3333333333333333,0.35045427739516133,
682,3,1,0,0.1666666666666666,0.6666666666666667,0.41307226123372665,
688,3,1,0,0.1666666666666666,0.6666666666666667,0.3820271402698773,
691,3,1,0,0.1666666666666666,0.6666666666666667,0.4851822067301269,
693,3,1,1,0.5,0.0,0.636138316354407,
710,3,1,0,0.0,1.0,0.4161018438185283,
720,3,1,0,0.0,1.0,0.5247675905782857,
721,3,1,0,0.3333333333333333,0.3333333333333333,0.6547288127318855,
732,3,1,0,0.0,1.0,0.43655844812164146,
734,3,1,0,0.0,1.0,0.46072098491804087,
735,3,1,0,0.0,1.0,0.5047254031657571,
738,3,1,0,0.3333333333333333,0.3333333333333333,0.5162965108652534,
1,3,2,0,0.3333333333333333,0.3333333333333333,0.4256964886005147,
2,3,2,0,0.4,0.1999999999999999,0.2557005494377258,
8,3,2,0,0.0,1.0,0.29253633895157516,
21,3,2,0,0.2,0.6,0.5749397917414952,
22,3,2,0,0.2,0.6,0.5849578674172099,
24,3,2,0,0.0,1.0,0.4159596599638623,
27,3,2,0,0.2,0.6,0.5157466282140666,
34,3,2,0,0.1666666666666666,0.6666666666666667,0.4128274535321775,
38,3,2,0,0.0,1.0,0.6145218859870554,
40,3,2,0,0.2,0.6,0.5012241466875693,
45,3,2,0,0.0,1.0,0.3735991384823565,
47,3,2,0,0.25,0.5,0.44935793742792574,
49,3,2,0,0.3333333333333333,0.3333333333333333,0.4779564155845144,
56,3,2,0,0.25,0.5,0.4396722831971275,
64,3,2,0,0.3333333333333333,0.3333333333333333,0.2973336855613646,
69,3,2,0,0.0,1.0,0.45727027068355247,
86,3,2,0,0.0,1.0,0.3834348532625219,
95,3,2,0,0.25,0.5,0.4317256277518318,
96,3,2,0,0.0,1.0,0.449953660893168,
100,3,2,0,0.25,0.5,0.591379556156507,
107,3,2,0,0.1111111111111111,0.7777777777777778,0.5057378023281205,
110,3,2,0,0.0,1.0,0.6452951092125576,
120,3,2,0,0.0,1.0,0.5008944666755157,
121,3,2,0,0.1111111111111111,0.7777777777777778,0.5238096483846932,
123,3,2,0,0.0,1.0,0.41703942696161056,
129,3,2,0,0.2,0.6,0.5073538699375517,
131,3,2,0,0.0,1.0,0.5756306848963298,
133,3,2,1,0.8888888888888888,0.7777777777777777,0.45151013560839126,
135,3,2,0,0.1666666666666666,0.6666666666666667,0.5458600390132067,
138,3,2,1,0.5555555555555556,0.1111111111111111,0.5300860852362139,
146,3,2,1,0.8888888888888888,0.7777777777777777,0.47242260995310875,
148,3,2,0,0.1111111111111111,0.7777777777777778,0.490784308124657,
150,3,2,0,0.0,1.0,0.5610610248182216,
155,3,2,0,0.25,0.5,0.5621264550890298,
156,3,2,0,0.25,0.5,0.478982405644665,
163,3,2,0,0.25,0.5,0.5508682089055795,
165,3,2,0,0.0,1.0,0.7127017320508547,
170,3,2,0,0.1666666666666666,0.6666666666666667,0.46211363246358267,
173,3,2,0,0.25,0.5,0.4697101664416327,
184,3,2,0,0.0,1.0,0.4190180201306727,
189,3,2,1,0.5,0.0,0.5668084609311285,
191,3,2,0,0.0,1.0,0.49730937628077526,
193,3,2,0,0.25,0.5,0.44354062571564645,
195,3,2,0,0.0,1.0,0.5478945723754505,
196,3,2,1,0.5,0.0,0.5163999709667944,
207,3,2,0,0.2,0.6,0.5235802642505674,
208,3,2,0,0.0,1.0,0.46842225700042234,
214,3,2,0,0.2,0.6,0.5132681252156884,
221,3,2,1,0.8,0.6000000000000001,0.47506914670265465,
227,3,2,1,1.0,1.0,0.3067539922895423,
230,3,2,0,0.2,0.6,0.3450920143188626,
234,3,2,0,0.25,0.5,0.3642181662681027,
262,3,2,1,0.5,0.0,0.47124425800576075,
270,3,2,0,0.0,1.0,0.38384292822259325,
278,3,2,0,0.25,0.5,0.43430985269469286,
280,3,2,0,0.25,0.5,0.528772885605816,
282,3,2,0,0.25,0.5,0.4417162869613268,
290,3,2,0,0.0,1.0,0.5195817878975436,
294,3,2,0,0.0,1.0,0.5539570661673276,
295,3,2,0,0.0,1.0,0.4560064410049839,
298,3,2,0,0.25,0.5,0.5699535050335842,
299,3,2,1,0.8,0.6000000000000001,0.35676133006048283,
300,3,2,0,0.0,1.0,0.5040097761408784,
304,3,2,1,0.8,0.6000000000000001,0.43742889806893187,
311,3,2,0,0.4,0.1999999999999999,0.47038627561833607,
312,3,2,0,0.0,1.0,0.4915532484356441,
322,3,2,1,0.6,0.1999999999999999,0.6266414669472913,
323,3,2,0,0.0,1.0,0.4050965346896389,
333,3,2,0,0.0,1.0,0.362072959031928,
334,3,2,0,0.4,0.1999999999999999,0.5546482131696853,
344,3,2,0,0.2,0.6,0.335707859286712,
357,3,2,1,0.5,0.0,0.24949634273082427,
367,3,2,0,0.25,0.5,0.48041268928992376,
371,3,2,0,0.25,0.5,0.5998190489727059,
382,3,2,1,0.5,0.0,0.3759252557884494,
396,3,2,1,0.75,0.5,0.5265178260423109,
398,3,2,0,0.25,0.5,0.45692044234097395,
417,3,2,0,0.2,0.6,0.37800847783144326,
421,3,2,0,0.2,0.6,0.46126273378136873,
427,3,2,1,0.6,0.1999999999999999,0.425530917085048,
429,3,2,0,0.0,1.0,0.5837674419805214,
433,3,2,0,0.0,1.0,0.361625061086708,
434,3,2,0,0.0,1.0,0.3836952765133441,
436,3,2,0,0.4,0.1999999999999999,0.4400642191490277,
438,3,2,0,0.1666666666666666,0.6666666666666667,0.4951549420840423,
442,3,2,1,0.8,0.6000000000000001,0.4717476280253803,
448,3,2,0,0.0,1.0,0.34804502116489067,
451,3,2,0,0.25,0.5,0.4078016792198392,
463,3,2,0,0.25,0.5,0.3447686686133399,
466,3,2,1,0.5,0.0,0.5233509489762398,
471,3,2,0,0.0,1.0,0.779949340348677,
474,3,2,0,0.0,1.0,0.36403380769077054,
477,3,2,0,0.0,1.0,0.4594389077723292,
481,3,2,0,0.0,1.0,0.7719918257115708,
492,3,2,0,0.3333333333333333,0.3333333333333333,0.3739824737429701,
494,3,2,1,0.8,0.6000000000000001,0.6282690269485143,
502,3,2,1,0.75,0.5,0.38561884346449077,
507,3,2,1,1.0,1.0,0.3995706841293797,
513,3,2,0,0.0,1.0,0.5055217184130085,
530,3,2,1,0.5,0.0,0.4518540024371608,
537,3,2,0,0.25,0.5,0.4885318436602095,
539,3,2,0,0.25,0.5,0.44315763574494293,
540,3,2,0,0.25,0.5,0.6046533019561453,
547,3,2,1,0.5,0.0,0.4383297436357621,
550,3,2,0,0.0,1.0,0.5157200501012292,
553,3,2,0,0.0,1.0,0.49097193569139985,
556,3,2,0,0.1666666666666666,0.6666666666666667,0.54225506817416,
561,3,2,1,0.5,0.0,0.4125327526422413,
564,3,2,1,0.5,0.0,0.5460287462726899,
569,3,2,0,0.1666666666666666,0.6666666666666667,0.3969569600157965,
582,3,2,1,0.5,0.0,0.45797375848870275,
586,3,2,1,0.6666666666666666,0.3333333333333332,0.5046530864397052,
592,3,2,1,0.6,0.1999999999999999,0.6903396234848644,
593,3,2,1,0.5,0.0,0.5495258089653695,
595,3,2,1,0.8333333333333334,0.6666666666666667,0.5728403174821703,
598,3,2,0,0.3333333333333333,0.3333333333333333,0.35824185434435196,
600,3,2,0,0.1666666666666666,0.6666666666666667,0.4306330253896469,
603,3,2,1,0.5,0.0,0.4241442376272929,
606,3,2,0,0.25,0.5,0.35626976347372763,
607,3,2,0,0.0,1.0,0.5962629793946922,
609,3,2,0,0.25,0.5,0.4829836140088024,
614,3,2,1,0.75,0.5,0.4363593264172743,
615,3,2,1,0.75,0.5,0.5523567509215361,
621,3,2,1,0.5,0.0,0.41910169041607964,
624,3,2,0,0.25,0.5,0.35799147252532043,
626,3,2,1,0.5,0.0,0.4321517104099103,
631,3,2,0,0.0,1.0,0.41790008125475175,
640,3,2,1,0.75,0.5,0.6913124622916463,
642,3,2,1,0.75,0.5,0.5027448046910036,
657,3,2,1,0.5,0.0,0.516297873156383,
658,3,2,0,0.1666666666666666,0.6666666666666667,0.49069872968743333,
663,3,2,0,0.3333333333333333,0.3333333333333333,0.6428838735676332,
672,3,2,0,0.0,1.0,0.4272492244806094,
679,3,2,0,0.4,0.1999999999999999,0.47277618609789795,
687,3,2,0,0.3333333333333333,0.3333333333333333,0.3583229176347476,
698,3,2,1,0.5,0.0,0.6071571856106617,
699,3,2,0,0.1666666666666666,0.6666666666666667,0.41843644106596567,
702,3,2,0,0.1666666666666666,0.6666666666666667,0.4236378905700705,
705,3,2,1,0.5,0.0,0.3656213478179207,
706,3,2,1,0.6666666666666666,0.3333333333333332,0.6408108888001113,
708,3,2,0,0.0,1.0,0.5730012036736911,
709,3,2,0,0.3333333333333333,0.3333333333333333,0.5514251433278432,
719,3,2,0,0.1666666666666666,0.6666666666666667,0.5929683910269037,
726,3,2,0,0.0,1.0,0.4675370182745321,
736,3,2,0,0.0,1.0,0.5361444542362376,
739,3,2,0,0.3333333333333333,0.3333333333333333,0.5903520524934316,
741,3,2,0,0.2,0.6,0.4224314822334718,
4,3,3,1,0.6,0.1999999999999999,0.5465402742670343,
11,3,3,1,0.6,0.1999999999999999,0.43757586088284506,
13,3,3,0,0.2,0.6,0.529961501212492,
15,3,3,0,0.4,0.1999999999999999,0.5340975089099913,
16,3,3,1,0.6,0.1999999999999999,0.40869236861900504,
18,3,3,1,0.6,0.1999999999999999,0.5204619080305212,
28,3,3,0,0.2,0.6,0.490489246319479,
29,3,3,0,0.2,0.6,0.5715328278381369,
54,3,3,0,0.25,0.5,0.38951777485073846,
67,3,3,0,0.0,1.0,0.3369010198411514,
71,3,3,0,0.0,1.0,0.5420902772011704,
72,3,3,0,0.25,0.5,0.4070954607546453,
74,3,3,0,0.0,1.0,0.5511347337497812,
75,3,3,0,0.0,1.0,0.43590699460402293,
79,3,3,0,0.25,0.5,0.5911049486446033,
80,3,3,0,0.0,1.0,0.4838732669209667,
82,3,3,0,0.25,0.5,0.3925819352702974,
83,3,3,0,0.25,0.5,0.5468699425229897,
85,3,3,0,0.25,0.5,0.6008030986154846,
89,3,3,0,0.25,0.5,0.4619740609483225,
90,3,3,1,0.5,0.0,0.4333907097605376,
94,3,3,0,0.25,0.5,0.394394600816441,
98,3,3,0,0.3333333333333333,0.3333333333333333,0.5223600293285587,
101,3,3,0,0.3333333333333333,0.3333333333333333,0.5207631877929195,
103,3,3,0,0.1111111111111111,0.7777777777777778,0.5105085106499013,
108,3,3,0,0.25,0.5,0.5059261036963545,
112,3,3,0,0.125,0.75,0.43464835056520135,
119,3,3,0,0.1111111111111111,0.7777777777777778,0.5275801354154925,
122,3,3,0,0.0,1.0,0.4433971221430988,
134,3,3,0,0.1111111111111111,0.7777777777777778,0.5047529722315176,
137,3,3,1,0.6666666666666666,0.3333333333333332,0.2949297150834185,
140,3,3,0,0.2222222222222222,0.5555555555555556,0.516009594693073,
152,3,3,0,0.0,1.0,0.4826082159838694,
159,3,3,0,0.0,1.0,0.4258563975828255,
164,3,3,0,0.0,1.0,0.42735841394338536,
177,3,3,0,0.0,1.0,0.43220108282318914,
182,3,3,0,0.0,1.0,0.48858298199690575,
183,3,3,0,0.0,1.0,0.3662321298738117,
192,3,3,0,0.0,1.0,0.4554671544461164,
199,3,3,0,0.25,0.5,0.4635083972370355,
201,3,3,0,0.25,0.5,0.41349317491945886,
213,3,3,0,0.4,0.1999999999999999,0.5166017810862057,
219,3,3,0,0.0,1.0,0.512388021547275,
226,3,3,0,0.0,1.0,0.3736696898344334,
228,3,3,0,0.2,0.6,0.5127680918489917,
238,3,3,0,0.25,0.5,0.4561280919446321,
241,3,3,1,0.6,0.1999999999999999,0.4411977956098352,
245,3,3,0,0.0,1.0,0.6597401428088465,
250,3,3,0,0.4,0.1999999999999999,0.3977881818476902,
252,3,3,0,0.0,1.0,0.40400105508603357,
258,3,3,0,0.0,1.0,0.4725746547601705,
263,3,3,0,0.2,0.6,0.4442987294610371,
272,3,3,1,0.5,0.0,0.5236893206675325,
275,3,3,1,0.5,0.0,0.5656585705346202,
277,3,3,1,0.5,0.0,0.4492042917310462,
279,3,3,0,0.2,0.6,0.29349959948612403,
302,3,3,0,0.0,1.0,0.5011171097876748,
307,3,3,0,0.4,0.1999999999999999,0.4892141156948508,
316,3,3,0,0.4,0.1999999999999999,0.5648864753707956,
318,3,3,0,0.4,0.1999999999999999,0.5262869435877348,
324,3,3,0,0.2,0.6,0.5590121192964383,
328,3,3,1,0.6,0.1999999999999999,0.4047416605494212,
331,3,3,0,0.0,1.0,0.37032712489682146,
332,3,3,0,0.0,1.0,0.452579524506528,
338,3,3,0,0.4,0.1999999999999999,0.42879951055384136,
339,3,3,0,0.0,1.0,0.4613411597005779,
345,3,3,0,0.0,1.0,0.38085586691355333,
347,3,3,0,0.4,0.1999999999999999,0.5078186134024554,
352,3,3,0,0.25,0.5,0.45507167480585115,
363,3,3,0,0.0,1.0,0.5876477439287786,
375,3,3,1,0.5,0.0,0.49038256987410506,
377,3,3,0,0.25,0.5,0.440004143877027,
379,3,3,1,0.75,0.5,0.6199318099263256,
380,3,3,1,0.75,0.5,0.6415629930972429,
381,3,3,1,0.75,0.5,0.4609869526806369,
384,3,3,0,0.25,0.5,0.5925721181731595,
386,3,3,0,0.25,0.5,0.4109263741140299,
387,3,3,0,0.0,1.0,0.4607700177276063,
389,3,3,0,0.25,0.5,0.6556795686689467,
392,3,3,1,0.5,0.0,0.4968922178141284,
407,3,3,0,0.2,0.6,0.5538356979826627,
409,3,3,0,0.4,0.1999999999999999,0.6590040702530903,
416,3,3,0,0.0,1.0,0.522769530918172,
423,3,3,0,0.0,1.0,0.5545695735292615,
424,3,3,1,0.6,0.1999999999999999,0.4154727256322702,
432,3,3,0,0.2,0.6,0.5318273529343048,
440,3,3,0,0.0,1.0,0.5870946197596231,
446,3,3,0,0.2,0.6,0.49903846073484076,
447,3,3,0,0.0,1.0,0.3582011787754502,
452,3,3,0,0.25,0.5,0.38785515275434224,
454,3,3,0,0.0,1.0,0.5125357047607862,
455,3,3,0,0.0,1.0,0.44469420727563175,
456,3,3,1,0.5,0.0,0.4693879166978663,
457,3,3,1,0.5,0.0,0.5074267337375153,
458,3,3,0,0.0,1.0,0.42472980421798545,
476,3,3,0,0.0,1.0,0.6060634236383201,
478,3,3,0,0.0,1.0,0.41563149843135816,
479,3,3,0,0.0,1.0,0.505890863880478,
480,3,3,1,0.5,0.0,0.5766220276097623,
483,3,3,0,0.25,0.5,0.4543977425169857,
487,3,3,0,0.2,0.6,0.3833519290491594,
491,3,3,1,0.5,0.0,0.530784964689516,
499,3,3,0,0.0,1.0,0.5145671587259079,
503,3,3,0,0.0,1.0,0.6085280762584284,
505,3,3,1,0.5,0.0,0.5103409702380856,
506,3,3,1,0.75,0.5,0.5756906665646575,
508,3,3,1,0.75,0.5,0.47926593944154383,
515,3,3,0,0.25,0.5,0.4643691826657397,
516,3,3,0,0.0,1.0,0.5280815215179907,
519,3,3,0,0.0,1.0,0.49359343613459017,
521,3,3,1,0.75,0.5,0.44593568486933477,
526,3,3,0,0.0,1.0,0.5267740651275636,
529,3,3,1,0.5,0.0,0.5132760851433369,
541,3,3,1,0.5,0.0,0.6010309862840864,
542,3,3,0,0.25,0.5,0.41157072797102956,
549,3,3,0,0.0,1.0,0.4347474069046239,
552,3,3,1,0.6666666666666666,0.3333333333333332,0.5004740339585184,
555,3,3,0,0.3333333333333333,0.3333333333333333,0.622837781809045,
558,3,3,1,0.5,0.0,0.4201851661696496,
568,3,3,1,1.0,1.0,0.6288431913846154,
570,3,3,1,0.6666666666666666,0.3333333333333332,0.5320412394636551,
573,3,3,0,0.3333333333333333,0.3333333333333333,0.49415740619759363,
575,3,3,1,0.5,0.0,0.6399281387166894,
578,3,3,1,0.5,0.0,0.41005099352127133,
583,3,3,1,0.5,0.0,0.5478405174635894,
589,3,3,0,0.3333333333333333,0.3333333333333333,0.5009584743383347,
590,3,3,0,0.3333333333333333,0.3333333333333333,0.5204276953576805,
597,3,3,0,0.0,1.0,0.4094672900613147,
610,3,3,0,0.25,0.5,0.4444955311462421,
617,3,3,1,0.5,0.0,0.53091425013694,
629,3,3,1,0.5,0.0,0.6819706236640601,
636,3,3,0,0.0,1.0,0.47135445686657496,
637,3,3,1,0.5,0.0,0.3962531772013316,
646,3,3,0,0.0,1.0,0.4425192052033619,
652,3,3,0,0.0,1.0,0.3837742602654223,
671,3,3,0,0.3333333333333333,0.3333333333333333,0.48666492595984,
677,3,3,1,0.6666666666666666,0.3333333333333332,0.5502646419362281,
678,3,3,0,0.3333333333333333,0.3333333333333333,0.38436483003422695,
680,3,3,0,0.0,1.0,0.431882293127409,
686,3,3,0,0.0,1.0,0.4487781580897655,
695,3,3,0,0.3333333333333333,0.3333333333333333,0.5510284715525279,
697,3,3,1,0.5,0.0,0.4524964407175144,
704,3,3,0,0.3333333333333333,0.3333333333333333,0.5478845090898812,
713,3,3,1,0.6,0.1999999999999999,0.5959625149745864,
722,3,3,0,0.2,0.6,0.3447641574216642,
729,3,3,0,0.4,0.1999999999999999,0.5188100958725721,
737,3,3,0,0.1666666666666666,0.6666666666666667,0.47955428062484284,
9,3,4,0,0.0,1.0,0.5150509216069488,
12,3,4,0,0.4,0.1999999999999999,0.4818067965176115,
17,3,4,0,0.4,0.1999999999999999,0.4800849865151618,
20,3,4,0,0.25,0.5,0.3775810293412356,
26,3,4,1,0.8,0.6000000000000001,0.45001067839682213,
32,3,4,0,0.2,0.6,0.5078626935034007,
33,3,4,0,0.4,0.1999999999999999,0.44992515445910874,
43,3,4,0,0.2,0.6,0.5455659353723861,
46,3,4,0,0.4,0.1999999999999999,0.5643548909384795,
51,3,4,0,0.25,0.5,0.5445997911315036,
53,3,4,0,0.1666666666666666,0.6666666666666667,0.33780225996966323,
68,3,4,0,0.0,1.0,0.43722269923120227,
70,3,4,0,0.0,1.0,0.509846272495175,
76,3,4,0,0.25,0.5,0.5097299023178875,
88,3,4,1,0.5,0.0,0.4685745681296059,
102,3,4,0,0.0,1.0,0.5724248738772792,
104,3,4,0,0.1111111111111111,0.7777777777777778,0.4323394735136059,
105,3,4,0,0.0,1.0,0.48450737590104176,
109,3,4,0,0.1111111111111111,0.7777777777777778,0.49283170773831647,
111,3,4,0,0.1111111111111111,0.7777777777777778,0.3813992199260568,
113,3,4,0,0.1111111111111111,0.7777777777777778,0.5411613491328375,
117,3,4,0,0.25,0.5,0.44862766261265596,
118,3,4,0,0.0,1.0,0.44522279033494605,
124,3,4,0,0.0,1.0,0.44148259847994964,
128,3,4,0,0.1111111111111111,0.7777777777777778,0.46743525971865085,
132,3,4,0,0.2222222222222222,0.5555555555555556,0.5307015911777757,
139,3,4,0,0.0,1.0,0.5286252791480305,
142,3,4,0,0.0,1.0,0.5127968805858709,
143,3,4,1,0.5555555555555556,0.1111111111111111,0.4627775604319292,
158,3,4,0,0.0,1.0,0.3984322473189823,
168,3,4,0,0.25,0.5,0.48701435155882145,
171,3,4,0,0.25,0.5,0.5642790780578049,
172,3,4,0,0.0,1.0,0.5478123262847405,
175,3,4,0,0.0,1.0,0.4241334290785345,
176,3,4,0,0.0,1.0,0.370121808937806,
178,3,4,0,0.0,1.0,0.4946248189375675,
179,3,4,0,0.25,0.5,0.5710177974231558,
185,3,4,0,0.25,0.5,0.5122850840630107,
187,3,4,0,0.0,1.0,0.3364262375221338,
194,3,4,0,0.0,1.0,0.5573945537443505,
200,3,4,0,0.2,0.6,0.3673394260159566,
202,3,4,1,0.6,0.1999999999999999,0.5216620499033655,
206,3,4,1,0.5,0.0,0.3334318583690825,
212,3,4,0,0.2,0.6,0.34145212271039554,
222,3,4,0,0.2,0.6,0.4556743130705222,
224,3,4,0,0.4,0.1999999999999999,0.5899220126167868,
229,3,4,0,0.0,1.0,0.3408593463665336,
232,3,4,0,0.25,0.5,0.41495469051492406,
236,3,4,0,0.0,1.0,0.43494609912442356,
240,3,4,0,0.2,0.6,0.523640897884524,
246,3,4,0,0.4,0.1999999999999999,0.3343569687117275,
254,3,4,0,0.25,0.5,0.5123802771640473,
260,3,4,0,0.25,0.5,0.42370615937233136,
274,3,4,1,0.5,0.0,0.5842718443644996,
281,3,4,0,0.0,1.0,0.4151509048584835,
286,3,4,0,0.2,0.6,0.3747684275677271,
287,3,4,0,0.25,0.5,0.4011655817010104,
289,3,4,1,0.5,0.0,0.5325910203552088,
293,3,4,1,0.5,0.0,0.5005482416021685,
303,3,4,0,0.0,1.0,0.4993766704375657,
321,3,4,1,0.6,0.1999999999999999,0.4878049742453803,
325,3,4,0,0.0,1.0,0.41949069487762336,
327,3,4,0,0.0,1.0,0.5181335649164294,
335,3,4,1,0.5,0.0,0.4660133932873093,
336,3,4,0,0.4,0.1999999999999999,0.5570034730941789,
340,3,4,1,0.6,0.1999999999999999,0.5561694247892737,
342,3,4,0,0.2,0.6,0.42168699062707915,
343,3,4,1,0.8,0.6000000000000001,0.5932149548452657,
353,3,4,0,0.0,1.0,0.5916960460225695,
356,3,4,0,0.25,0.5,0.44441895962792616,
359,3,4,0,0.25,0.5,0.5406788788134713,
360,3,4,0,0.25,0.5,0.6383909626417164,
361,3,4,0,0.0,1.0,0.5302449795068348,
362,3,4,1,0.75,0.5,0.5179822894249604,
365,3,4,0,0.25,0.5,0.5485529124430325,
368,3,4,1,0.5,0.0,0.5231284176992236,
369,3,4,0,0.0,1.0,0.5153897366794283,
372,3,4,0,0.25,0.5,0.5223848771476262,
385,3,4,1,0.5,0.0,0.42773968028343134,
397,3,4,1,0.75,0.5,0.7199144235354822,
399,3,4,0,0.25,0.5,0.4475624237917045,
400,3,4,1,0.5,0.0,0.5425960754062216,
401,3,4,0,0.2,0.6,0.5234985218557311,
410,3,4,1,0.6,0.1999999999999999,0.44668736021106814,
418,3,4,0,0.0,1.0,0.46006726774081563,
428,3,4,1,0.6,0.1999999999999999,0.40550537098440986,
431,3,4,0,0.4,0.1999999999999999,0.30769593232733927,
444,3,4,0,0.2,0.6,0.543216462911035,
449,3,4,0,0.4,0.1999999999999999,0.49867029038441,
450,3,4,0,0.2,0.6,0.4065051061608581,
460,3,4,0,0.0,1.0,0.44127507378066455,
465,3,4,1,0.5,0.0,0.5180191906988205,
468,3,4,0,0.25,0.5,0.539880626757084,
470,3,4,0,0.0,1.0,0.5040997352507333,
486,3,4,0,0.25,0.5,0.6560672855624382,
495,3,4,0,0.0,1.0,0.5214448145978556,
497,3,4,0,0.0,1.0,0.41204162550448153,
501,3,4,0,0.25,0.5,0.5024590843077057,
504,3,4,1,0.75,0.5,0.604228395501144,
509,3,4,0,0.25,0.5,0.42674971748252594,
510,3,4,1,0.5,0.0,0.5070433353139175,
514,3,4,1,0.75,0.5,0.4932794812002904,
517,3,4,0,0.25,0.5,0.5397467705282133,
520,3,4,1,0.5,0.0,0.5306186473136059,
527,3,4,0,0.25,0.5,0.5356729361697746,
528,3,4,0,0.0,1.0,0.4826437098046906,
533,3,4,0,0.0,1.0,0.5424479253450993,
536,3,4,0,0.3333333333333333,0.3333333333333333,0.4102295000066771,
538,3,4,0,0.0,1.0,0.470520175930749,
557,3,4,0,0.3333333333333333,0.3333333333333333,0.4535759497605456,
559,3,4,1,0.6666666666666666,0.3333333333333332,0.49653660912086905,
563,3,4,0,0.0,1.0,0.46399210403454605,
565,3,4,0,0.3333333333333333,0.3333333333333333,0.43659673710793867,
566,3,4,0,0.1666666666666666,0.6666666666666667,0.4674285288899545,
571,3,4,1,0.5,0.0,0.47167710518292183,
572,3,4,1,0.8333333333333334,0.6666666666666667,0.593999693087828,
574,3,4,0,0.3333333333333333,0.3333333333333333,0.4010828070271022,
584,3,4,1,0.6666666666666666,0.3333333333333332,0.5634538554080717,
587,3,4,1,0.8333333333333334,0.6666666666666667,0.45740861930591603,
599,3,4,0,0.0,1.0,0.27839653353458427,
602,3,4,0,0.25,0.5,0.5037725296966504,
605,3,4,1,0.5,0.0,0.47686062959062236,
608,3,4,0,0.0,1.0,0.4263739887700143,
612,3,4,0,0.0,1.0,0.40122878522630956,
616,3,4,1,0.75,0.5,0.3638413862525527,
619,3,4,0,0.25,0.5,0.4869343828169437,
620,3,4,1,0.75,0.5,0.5479558360632133,
623,3,4,1,0.5,0.0,0.4178667484631438,
628,3,4,0,0.0,1.0,0.34074629976070947,
649,3,4,1,0.5,0.0,0.3929296236129627,
656,3,4,1,0.6666666666666666,0.3333333333333332,0.4763614337169145,
659,3,4,1,0.6666666666666666,0.3333333333333332,0.4794022219411755,
661,3,4,1,0.8333333333333334,0.6666666666666667,0.6102090597635839,
670,3,4,1,0.5,0.0,0.5575932628702884,
676,3,4,0,0.1666666666666666,0.6666666666666667,0.4366561377308445,
684,3,4,0,0.0,1.0,0.5610641787337135,
696,3,4,0,0.1666666666666666,0.6666666666666667,0.387466880272273,
700,3,4,1,0.5,0.0,0.5089600000387826,
701,3,4,0,0.1666666666666666,0.6666666666666667,0.5391944442846954,
711,3,4,1,0.6,0.1999999999999999,0.5638069530430622,
712,3,4,0,0.1666666666666666,0.6666666666666667,0.6137402031999264,
715,3,4,1,0.5,0.0,0.48064463446234945,
718,3,4,0,0.1666666666666666,0.6666666666666667,0.49251013515080483,
724,3,4,0,0.2,0.6,0.36189893915079097,
727,3,4,0,0.4,0.1999999999999999,0.5048529739416665,
728,3,4,0,0.2,0.6,0.4522210138397235,
731,3,4,0,0.0,1.0,0.3904071528555447,
3,4,0,0,0.0,1.0,0.5059531105609423,
8,4,0,0,0.0,1.0,0.3146683354647517,
10,4,0,0,0.0,1.0,0.4220442781114217,
11,4,0,1,0.6,0.1999999999999999,0.42404224923082107,
13,4,0,0,0.2,0.6,0.494787972735414,
18,4,0,1,0.6,0.1999999999999999,0.6096972348053694,
24,4,0,0,0.0,1.0,0.4160811185892155,
25,4,0,0,0.2,0.6,0.4931901253419384,
29,4,0,0,0.2,0.6,0.5642443387392625,
30,4,0,0,0.2,0.6,0.5288663868687756,
31,4,0,0,0.1666666666666666,0.6666666666666667,0.5107024382885266,
34,4,0,0,0.1666666666666666,0.6666666666666667,0.6261109361353121,
36,4,0,0,0.2,0.6,0.3706780628695603,
44,4,0,0,0.0,1.0,0.49529070933769936,
46,4,0,0,0.4,0.1999999999999999,0.5875722384879403,
47,4,0,0,0.25,0.5,0.46488303338923237,
51,4,0,0,0.25,0.5,0.5334816926785407,
52,4,0,0,0.25,0.5,0.4242482056273702,
57,4,0,1,1.0,1.0,0.43611262321748057,
60,4,0,0,0.0,1.0,0.5380234483367803,
67,4,0,0,0.0,1.0,0.34557441876863904,
70,4,0,0,0.0,1.0,0.5450318459669516,
83,4,0,0,0.25,0.5,0.6254571153190301,
90,4,0,1,0.5,0.0,0.4320123200664155,
94,4,0,0,0.25,0.5,0.44712645433952314,
110,4,0,0,0.0,1.0,0.6962188620747432,
111,4,0,0,0.1111111111111111,0.7777777777777778,0.3546252247928047,
116,4,0,0,0.0,1.0,0.4109015712711814,
121,4,0,0,0.1111111111111111,0.7777777777777778,0.46736014843226936,
124,4,0,0,0.0,1.0,0.39164656622956645,
128,4,0,0,0.1111111111111111,0.7777777777777778,0.39660818216086513,
151,4,0,0,0.0,1.0,0.47602196130376917,
159,4,0,0,0.0,1.0,0.3946624186511253,
169,4,0,0,0.0,1.0,0.5307767601391395,
182,4,0,0,0.0,1.0,0.45819052489662326,
185,4,0,0,0.25,0.5,0.486125950815505,
189,4,0,1,0.5,0.0,0.6267242778517115,
190,4,0,0,0.25,0.5,0.4098438995594212,
191,4,0,0,0.0,1.0,0.5006282422600076,
192,4,0,0,0.0,1.0,0.4853092504704724,
198,4,0,0,0.0,1.0,0.5038862904673465,
200,4,0,0,0.2,0.6,0.41730368880868585,
205,4,0,0,0.2,0.6,0.38210096842651303,
213,4,0,0,0.4,0.1999999999999999,0.5683007621780161,
226,4,0,0,0.0,1.0,0.3503526355681265,
230,4,0,0,0.2,0.6,0.3096178707007159,
233,4,0,0,0.0,1.0,0.4799713417079148,
234,4,0,0,0.25,0.5,0.35118559328891624,
236,4,0,0,0.0,1.0,0.5524577859984445,
240,4,0,0,0.2,0.6,0.5389486066268592,
241,4,0,1,0.6,0.1999999999999999,0.4524591228915057,
242,4,0,1,0.6,0.1999999999999999,0.4537194036140245,
246,4,0,0,0.4,0.1999999999999999,0.47255819716550984,
248,4,0,0,0.4,0.1999999999999999,0.6839369999426808,
252,4,0,0,0.0,1.0,0.3549093697492819,
255,4,0,0,0.25,0.5,0.3999270917010686,
273,4,0,1,0.5,0.0,0.4832853462761684,
274,4,0,1,0.5,0.0,0.571231235914792,
278,4,0,0,0.25,0.5,0.4101552014572218,
288,4,0,1,0.75,0.5,0.3754931857696926,
311,4,0,0,0.4,0.1999999999999999,0.4572130921757894,
315,4,0,1,0.8,0.6000000000000001,0.648696897578124,
319,4,0,0,0.2,0.6,0.46837856696649455,
320,4,0,0,0.0,1.0,0.5434845955918564,
321,4,0,1,0.6,0.1999999999999999,0.5844162830468476,
323,4,0,0,0.0,1.0,0.38776415737640724,
326,4,0,0,0.0,1.0,0.390029160025572,
330,4,0,0,0.4,0.1999999999999999,0.5615621423450818,
339,4,0,0,0.0,1.0,0.5247969351992512,
346,4,0,1,0.6,0.1999999999999999,0.6827379037311366,
359,4,0,0,0.25,0.5,0.5471515932504729,
370,4,0,0,0.0,1.0,0.44602802028133914,
372,4,0,0,0.25,0.5,0.5128930747540759,
380,4,0,1,0.75,0.5,0.6701940008126352,
381,4,0,1,0.75,0.5,0.520739526415775,
384,4,0,0,0.25,0.5,0.569123070669362,
395,4,0,1,0.5,0.0,0.5821798115755694,
411,4,0,0,0.2,0.6,0.6751899189197363,
416,4,0,0,0.0,1.0,0.5517595529284326,
420,4,0,0,0.0,1.0,0.5352165068086867,
422,4,0,1,0.6,0.1999999999999999,0.405782679543068,
423,4,0,0,0.0,1.0,0.5682367793559158,
434,4,0,0,0.0,1.0,0.46002687290414834,
435,4,0,0,0.4,0.1999999999999999,0.6059028629505085,
438,4,0,0,0.1666666666666666,0.6666666666666667,0.46940255084335714,
443,4,0,0,0.0,1.0,0.3182924773436818,
452,4,0,0,0.25,0.5,0.47415777811576154,
455,4,0,0,0.0,1.0,0.4616375076673301,
456,4,0,1,0.5,0.0,0.48724672492105636,
468,4,0,0,0.25,0.5,0.48362762847943175,
476,4,0,0,0.0,1.0,0.6180057670794115,
480,4,0,1,0.5,0.0,0.5371508565017731,
485,4,0,1,0.5,0.0,0.4393560963934138,
489,4,0,0,0.0,1.0,0.33918033680694565,
492,4,0,0,0.3333333333333333,0.3333333333333333,0.4157124744171137,
505,4,0,1,0.5,0.0,0.47476130139718953,
506,4,0,1,0.75,0.5,0.583644389569681,
507,4,0,1,1.0,1.0,0.39161039837450085,
510,4,0,1,0.5,0.0,0.5127202280643567,
512,4,0,1,1.0,1.0,0.6389949847399683,
515,4,0,0,0.25,0.5,0.3904581201025254,
517,4,0,0,0.25,0.5,0.50666493288818,
522,4,0,0,0.25,0.5,0.33786537555498697,
523,4,0,0,0.25,0.5,0.4378676900249262,
534,4,0,1,0.75,0.5,0.5717330234489909,
536,4,0,0,0.3333333333333333,0.3333333333333333,0.4280933740566589,
542,4,0,0,0.25,0.5,0.3493537239491671,
543,4,0,1,0.5,0.0,0.5400867093613477,
553,4,0,0,0.0,1.0,0.5641025326350754,
555,4,0,0,0.3333333333333333,0.3333333333333333,0.5975222495135475,
566,4,0,0,0.1666666666666666,0.6666666666666667,0.4086706865930857,
570,4,0,1,0.6666666666666666,0.3333333333333332,0.5680466578809076,
572,4,0,1,0.8333333333333334,0.6666666666666667,0.5919514065661589,
578,4,0,1,0.5,0.0,0.4368126683531546,
579,4,0,0,0.3333333333333333,0.3333333333333333,0.342988266621199,
586,4,0,1,0.6666666666666666,0.3333333333333332,0.5537044996327125,
591,4,0,1,0.5,0.0,0.4322071054754532,
598,4,0,0,0.3333333333333333,0.3333333333333333,0.4108826429080245,
604,4,0,1,0.75,0.5,0.379333308657038,
613,4,0,0,0.0,1.0,0.5813059694121296,
618,4,0,0,0.0,1.0,0.4313640460980036,
623,4,0,1,0.5,0.0,0.34671970192293744,
625,4,0,0,0.0,1.0,0.4180284111546626,
635,4,0,1,0.5,0.0,0.5552409652668004,
637,4,0,1,0.5,0.0,0.34375694086253095,
639,4,0,0,0.0,1.0,0.4612617369236219,
640,4,0,1,0.75,0.5,0.6747750704341906,
641,4,0,0,0.0,1.0,0.5700217563893468,
648,4,0,1,0.5,0.0,0.4943780875175673,
661,4,0,1,0.8333333333333334,0.6666666666666667,0.6315848055322457,
662,4,0,0,0.0,1.0,0.512654768006949,
663,4,0,0,0.3333333333333333,0.3333333333333333,0.537767380984128,
667,4,0,0,0.3333333333333333,0.3333333333333333,0.5797303084690995,
673,4,0,0,0.3333333333333333,0.3333333333333333,0.3614511056179901,
679,4,0,0,0.4,0.1999999999999999,0.3882143989043978,
683,4,0,1,0.8333333333333334,0.6666666666666667,0.638050413962362,
685,4,0,0,0.0,1.0,0.2754668811119745,
686,4,0,0,0.0,1.0,0.4150993310948926,
689,4,0,0,0.0,1.0,0.49023132925664004,
699,4,0,0,0.1666666666666666,0.6666666666666667,0.42817818443914357,
702,4,0,0,0.1666666666666666,0.6666666666666667,0.3722845821741758,
703,4,0,0,0.0,1.0,0.5326250566687534,
705,4,0,1,0.5,0.0,0.4081423053252351,
727,4,0,0,0.4,0.1999999999999999,0.5263855789039916,
732,4,0,0,0.0,1.0,0.40400198711295154,
740,4,0,0,0.1666666666666666,0.6666666666666667,0.4191007676970788,
742,4,0,1,0.5,0.0,0.5653346260003211,
1,4,1,0,0.3333333333333333,0.3333333333333333,0.47523865544375665,
21,4,1,0,0.2,0.6,0.6102081781608009,
28,4,1,0,0.2,0.6,0.5175786148986475,
38,4,1,0,0.0,1.0,0.6190319590389499,
41,4,1,0,0.2,0.6,0.2490704918306224,
43,4,1,0,0.2,0.6,0.559750739150706,
45,4,1,0,0.0,1.0,0.4032270584423089,
54,4,1,0,0.25,0.5,0.4126957409386853,
59,4,1,0,0.25,0.5,0.36786912112218323,
61,4,1,0,0.2,0.6,0.3312572151865981,
65,4,1,0,0.25,0.5,0.3791869303530637,
66,4,1,0,0.0,1.0,0.4068085386614356,
72,4,1,0,0.25,0.5,0.35150883231358543,
81,4,1,0,0.0,1.0,0.38646188686667177,
87,4,1,0,0.0,1.0,0.5380318552347347,
91,4,1,0,0.25,0.5,0.5384836872334018,
93,4,1,0,0.0,1.0,0.5063885417352645,
95,4,1,0,0.25,0.5,0.40714893300308824,
102,4,1,0,0.0,1.0,0.5475069934507821,
107,4,1,0,0.1111111111111111,0.7777777777777778,0.5186692629651064,
118,4,1,0,0.0,1.0,0.4997827364248396,
127,4,1,1,0.6666666666666666,0.3333333333333332,0.6316163887494844,
129,4,1,0,0.2,0.6,0.5203669441208363,
131,4,1,0,0.0,1.0,0.539450994308594,
139,4,1,0,0.0,1.0,0.5040833651353867,
140,4,1,0,0.2222222222222222,0.5555555555555556,0.5143856501344415,
143,4,1,1,0.5555555555555556,0.1111111111111111,0.4551271309787879,
145,4,1,0,0.4444444444444444,0.1111111111111111,0.3795099421031177,
156,4,1,0,0.25,0.5,0.5019129850230268,
171,4,1,0,0.25,0.5,0.5478267579166678,
172,4,1,0,0.0,1.0,0.6169767106423787,
173,4,1,0,0.25,0.5,0.5247929363444446,
179,4,1,0,0.25,0.5,0.5815435991439799,
183,4,1,0,0.0,1.0,0.425069811744489,
187,4,1,0,0.0,1.0,0.34259891949288024,
188,4,1,0,0.0,1.0,0.5157476134875776,
194,4,1,0,0.0,1.0,0.4853541747144441,
195,4,1,0,0.0,1.0,0.5409153474229791,
203,4,1,0,0.2,0.6,0.39183171125149696,
204,4,1,0,0.4,0.1999999999999999,0.5288224968168176,
206,4,1,1,0.5,0.0,0.3494608171058089,
211,4,1,1,0.6,0.1999999999999999,0.5488317594761467,
214,4,1,0,0.2,0.6,0.5203601638416762,
215,4,1,0,0.2,0.6,0.37396935736594716,
217,4,1,0,0.0,1.0,0.3521014916944402,
219,4,1,0,0.0,1.0,0.42786999668985204,
220,4,1,0,0.4,0.1999999999999999,0.4314768409471673,
221,4,1,1,0.8,0.6000000000000001,0.473760319682333,
231,4,1,1,0.5,0.0,0.4673450892251915,
237,4,1,0,0.4,0.1999999999999999,0.5301733248533818,
244,4,1,1,0.6,0.1999999999999999,0.4969859684610384,
247,4,1,0,0.2,0.6,0.6442173461357052,
249,4,1,1,0.6,0.1999999999999999,0.39899715821469495,
259,4,1,0,0.0,1.0,0.40322137253943346,
272,4,1,1,0.5,0.0,0.3746736078659361,
277,4,1,1,0.5,0.0,0.48435828739081477,
295,4,1,0,0.0,1.0,0.4875737149073843,
310,4,1,0,0.2,0.6,0.4529787334152874,
313,4,1,0,0.0,1.0,0.5513927724586751,
322,4,1,1,0.6,0.1999999999999999,0.5238696600489932,
327,4,1,0,0.0,1.0,0.5799641519824111,
329,4,1,0,0.0,1.0,0.3684413579525054,
342,4,1,0,0.2,0.6,0.4462008832818576,
345,4,1,0,0.0,1.0,0.3764615923286224,
348,4,1,0,0.4,0.1999999999999999,0.4057019646675386,
349,4,1,0,0.0,1.0,0.39577029476228787,
351,4,1,0,0.0,1.0,0.521794177534309,
352,4,1,0,0.25,0.5,0.4076632765410161,
354,4,1,0,0.25,0.5,0.4466517918508065,
367,4,1,0,0.25,0.5,0.4427103824225057,
374,4,1,1,0.5,0.0,0.4823569748933496,
376,4,1,1,0.5,0.0,0.3840245691702079,
377,4,1,0,0.25,0.5,0.3604184045191708,
379,4,1,1,0.75,0.5,0.4836284456450481,
387,4,1,0,0.0,1.0,0.47410805474099393,
389,4,1,0,0.25,0.5,0.6837116014951075,
391,4,1,0,0.0,1.0,0.3839565135011219,
392,4,1,1,0.5,0.0,0.4224304959029581,
398,4,1,0,0.25,0.5,0.456258004335963,
402,4,1,1,0.6,0.1999999999999999,0.41003311288654104,
404,4,1,1,0.6,0.1999999999999999,0.6877642298487865,
405,4,1,0,0.0,1.0,0.5431967274536744,
406,4,1,1,0.6,0.1999999999999999,0.38129252885244636,
407,4,1,0,0.2,0.6,0.6568687433622377,
424,4,1,1,0.6,0.1999999999999999,0.3622156698353852,
426,4,1,1,0.8,0.6000000000000001,0.545539818661827,
436,4,1,0,0.4,0.1999999999999999,0.48727238591571487,
440,4,1,0,0.0,1.0,0.566762329422609,
441,4,1,0,0.2,0.6,0.5615535038211369,
449,4,1,0,0.4,0.1999999999999999,0.4106974972774376,
450,4,1,0,0.2,0.6,0.42009475912121375,
453,4,1,0,0.25,0.5,0.43913550319430245,
457,4,1,1,0.5,0.0,0.5865541829375822,
460,4,1,0,0.0,1.0,0.47785603459891945,
463,4,1,0,0.25,0.5,0.3387491601628281,
464,4,1,0,0.0,1.0,0.622170338247072,
465,4,1,1,0.5,0.0,0.509205945849979,
466,4,1,1,0.5,0.0,0.5293567261644483,
472,4,1,0,0.25,0.5,0.37805514505126414,
473,4,1,0,0.25,0.5,0.4960597062857816,
474,4,1,0,0.0,1.0,0.34590530283948245,
494,4,1,1,0.8,0.6000000000000001,0.6128815544204607,
519,4,1,0,0.0,1.0,0.46633784359049035,
520,4,1,1,0.5,0.0,0.5321269010739604,
528,4,1,0,0.0,1.0,0.47762259825314624,
533,4,1,0,0.0,1.0,0.5476159982918889,
535,4,1,0,0.25,0.5,0.6272228254808871,
537,4,1,0,0.25,0.5,0.4415990910377089,
539,4,1,0,0.25,0.5,0.49475380223356924,
540,4,1,0,0.25,0.5,0.6248707602785502,
547,4,1,1,0.5,0.0,0.4566499664437474,
548,4,1,1,0.5,0.0,0.5741238084254954,
558,4,1,1,0.5,0.0,0.40192791258220817,
560,4,1,0,0.1666666666666666,0.6666666666666667,0.42776654232012024,
568,4,1,1,1.0,1.0,0.6341098697351641,
571,4,1,1,0.5,0.0,0.5160942235014978,
577,4,1,0,0.1666666666666666,0.6666666666666667,0.4388641367144302,
592,4,1,1,0.6,0.1999999999999999,0.6447644885845945,
608,4,1,0,0.0,1.0,0.5066315091820658,
610,4,1,0,0.25,0.5,0.5007002482963825,
617,4,1,1,0.5,0.0,0.5212081608067209,
620,4,1,1,0.75,0.5,0.5088633316950767,
621,4,1,1,0.5,0.0,0.39050153548114197,
629,4,1,1,0.5,0.0,0.6870588482046531,
632,4,1,1,0.5,0.0,0.5061906483033769,
636,4,1,0,0.0,1.0,0.4306918012733463,
647,4,1,1,0.5,0.0,0.5663721396844896,
649,4,1,1,0.5,0.0,0.3246075834219838,
656,4,1,1,0.6666666666666666,0.3333333333333332,0.4474986083188345,
669,4,1,0,0.3333333333333333,0.3333333333333333,0.5066630290269512,
680,4,1,0,0.0,1.0,0.41846754037972766,
681,4,1,0,0.1666666666666666,0.6666666666666667,0.4243054813352959,
682,4,1,0,0.1666666666666666,0.6666666666666667,0.44559018048567367,
690,4,1,0,0.0,1.0,0.46780258553639764,
692,4,1,0,0.0,1.0,0.48458141198109606,
694,4,1,0,0.3333333333333333,0.3333333333333333,0.4139096695458664,
695,4,1,0,0.3333333333333333,0.3333333333333333,0.43496229808427855,
698,4,1,1,0.5,0.0,0.562271536043961,
701,4,1,0,0.1666666666666666,0.6666666666666667,0.4829459097584031,
715,4,1,1,0.5,0.0,0.41549177739990467,
716,4,1,1,0.6666666666666666,0.3333333333333332,0.5677470094139625,
718,4,1,0,0.1666666666666666,0.6666666666666667,0.5064777779326484,
721,4,1,0,0.3333333333333333,0.3333333333333333,0.612571209888308,
724,4,1,0,0.2,0.6,0.32720592313528407,
728,4,1,0,0.2,0.6,0.5002113030042231,
733,4,1,0,0.1666666666666666,0.6666666666666667,0.44094592206322814,
739,4,1,0,0.3333333333333333,0.3333333333333333,0.5634056287352397,
6,4,2,0,0.2,0.6,0.4454765038282333,
7,4,2,1,0.6,0.1999999999999999,0.6162173841865701,
26,4,2,1,0.8,0.6000000000000001,0.42460361198475194,
37,4,2,0,0.2,0.6,0.456998364757663,
39,4,2,0,0.0,1.0,0.5212474784715885,
42,4,2,0,0.0,1.0,0.3928730409143831,
48,4,2,1,0.6,0.1999999999999999,0.5013189770819443,
49,4,2,0,0.3333333333333333,0.3333333333333333,0.42900954666795943,
56,4,2,0,0.25,0.5,0.48020755949197413,
58,4,2,0,0.25,0.5,0.4826521699832601,
64,4,2,0,0.3333333333333333,0.3333333333333333,0.33599213451339,
71,4,2,0,0.0,1.0,0.5701367833300077,
76,4,2,0,0.25,0.5,0.4800344363484165,
78,4,2,0,0.0,1.0,0.4991362644881979,
82,4,2,0,0.25,0.5,0.4266354691004992,
88,4,2,1,0.5,0.0,0.41066730942919966,
92,4,2,0,0.0,1.0,0.6383116197283409,
96,4,2,0,0.0,1.0,0.5368565168136892,
100,4,2,0,0.25,0.5,0.6048580898563114,
101,4,2,0,0.3333333333333333,0.3333333333333333,0.46600517144868764,
103,4,2,0,0.1111111111111111,0.7777777777777778,0.5367079305339795,
105,4,2,0,0.0,1.0,0.49211145670857814,
108,4,2,0,0.25,0.5,0.4792389516008755,
109,4,2,0,0.1111111111111111,0.7777777777777778,0.4691435521086803,
112,4,2,0,0.125,0.75,0.41928161041044865,
115,4,2,0,0.0,1.0,0.5003779486474147,
125,4,2,0,0.125,0.75,0.45009474110102854,
136,4,2,0,0.3333333333333333,0.3333333333333333,0.6063726078720051,
137,4,2,1,0.6666666666666666,0.3333333333333332,0.3781481571249607,
138,4,2,1,0.5555555555555556,0.1111111111111111,0.4542698808463182,
158,4,2,0,0.0,1.0,0.42674487645528963,
160,4,2,0,0.1666666666666666,0.6666666666666667,0.5543057580155302,
162,4,2,0,0.2,0.6,0.4280159420861306,
165,4,2,0,0.0,1.0,0.6607166403603459,
167,4,2,0,0.0,1.0,0.5374584453584821,
170,4,2,0,0.1666666666666666,0.6666666666666667,0.41988512929751937,
201,4,2,0,0.25,0.5,0.44395058162845674,
209,4,2,0,0.2,0.6,0.3933889001348202,
212,4,2,0,0.2,0.6,0.38147375849966103,
216,4,2,0,0.0,1.0,0.468036286072845,
222,4,2,0,0.2,0.6,0.5038614955869825,
224,4,2,0,0.4,0.1999999999999999,0.5575586813525031,
228,4,2,0,0.2,0.6,0.5547320878513983,
238,4,2,0,0.25,0.5,0.4559654853374187,
243,4,2,0,0.0,1.0,0.3736716070971895,
245,4,2,0,0.0,1.0,0.4763598949108203,
250,4,2,0,0.4,0.1999999999999999,0.43811112874562946,
251,4,2,0,0.25,0.5,0.5144175530220757,
260,4,2,0,0.25,0.5,0.5022753572292366,
261,4,2,0,0.25,0.5,0.5072539584946769,
262,4,2,1,0.5,0.0,0.5028203291609864,
266,4,2,0,0.25,0.5,0.48334303025110625,
271,4,2,0,0.0,1.0,0.45048185214360037,
275,4,2,1,0.5,0.0,0.5388297848176484,
279,4,2,0,0.2,0.6,0.34674272586975197,
280,4,2,0,0.25,0.5,0.5839946643883611,
281,4,2,0,0.0,1.0,0.4734045775494472,
282,4,2,0,0.25,0.5,0.39752287008863646,
290,4,2,0,0.0,1.0,0.5120482432189196,
293,4,2,1,0.5,0.0,0.5364415906030836,
294,4,2,0,0.0,1.0,0.5551391740739979,
302,4,2,0,0.0,1.0,0.459062701096653,
303,4,2,0,0.0,1.0,0.5181175480038454,
304,4,2,1,0.8,0.6000000000000001,0.4888431140640991,
306,4,2,0,0.0,1.0,0.5298593852320599,
331,4,2,0,0.0,1.0,0.3956980797282491,
334,4,2,0,0.4,0.1999999999999999,0.4777759810630701,
337,4,2,0,0.0,1.0,0.5512789248069319,
338,4,2,0,0.4,0.1999999999999999,0.4441902909175112,
341,4,2,1,0.6,0.1999999999999999,0.5909485502945608,
350,4,2,0,0.0,1.0,0.43004667333851765,
353,4,2,0,0.0,1.0,0.5714147837621162,
362,4,2,1,0.75,0.5,0.5520497411291286,
364,4,2,1,0.5,0.0,0.5582656178863497,
371,4,2,0,0.25,0.5,0.631033128347078,
382,4,2,1,0.5,0.0,0.5114850476358479,
388,4,2,1,0.5,0.0,0.4938334594329511,
390,4,2,1,0.75,0.5,0.47058899171436636,
393,4,2,0,0.25,0.5,0.5309578129923782,
396,4,2,1,0.75,0.5,0.6100975224280684,
400,4,2,1,0.5,0.0,0.5369742492806591,
403,4,2,0,0.0,1.0,0.44905191573896186,
410,4,2,1,0.6,0.1999999999999999,0.4086867435102538,
415,4,2,0,0.0,1.0,0.4922020127103571,
417,4,2,0,0.2,0.6,0.4501519487856292,
419,4,2,0,0.4,0.1999999999999999,0.4049247735083318,
425,4,2,0,0.0,1.0,0.39243380524148247,
428,4,2,1,0.6,0.1999999999999999,0.41290082372140235,
439,4,2,0,0.2,0.6,0.40655943635926517,
447,4,2,0,0.0,1.0,0.3603520414538226,
448,4,2,0,0.0,1.0,0.3418505998326605,
458,4,2,0,0.0,1.0,0.41888993126424867,
459,4,2,0,0.25,0.5,0.5538110194382478,
470,4,2,0,0.0,1.0,0.563949098943916,
477,4,2,0,0.0,1.0,0.4757984133080394,
479,4,2,0,0.0,1.0,0.46536812670095284,
486,4,2,0,0.25,0.5,0.6720864060881312,
495,4,2,0,0.0,1.0,0.4839906282697315,
496,4,2,1,0.75,0.5,0.5985257749519586,
511,4,2,1,0.5,0.0,0.43400554411224296,
516,4,2,0,0.0,1.0,0.5420620007511144,
530,4,2,1,0.5,0.0,0.43547211205902914,
550,4,2,0,0.0,1.0,0.4512362285767862,
551,4,2,1,0.6666666666666666,0.3333333333333332,0.4846446877663504,
552,4,2,1,0.6666666666666666,0.3333333333333332,0.5635662701150551,
557,4,2,0,0.3333333333333333,0.3333333333333333,0.47300614751217707,
561,4,2,1,0.5,0.0,0.36321850149198265,
562,4,2,0,0.3333333333333333,0.3333333333333333,0.5070612705023099,
563,4,2,0,0.0,1.0,0.44356615626754736,
565,4,2,0,0.3333333333333333,0.3333333333333333,0.41580079181276086,
581,4,2,0,0.3333333333333333,0.3333333333333333,0.4476891717342789,
582,4,2,1,0.5,0.0,0.40310348058787887,
583,4,2,1,0.5,0.0,0.5276449208065259,
584,4,2,1,0.6666666666666666,0.3333333333333332,0.6020709505257849,
597,4,2,0,0.0,1.0,0.4164581244903284,
600,4,2,0,0.1666666666666666,0.6666666666666667,0.3780355164250102,
601,4,2,0,0.0,1.0,0.3993928979357323,
602,4,2,0,0.25,0.5,0.5070666808800183,
606,4,2,0,0.25,0.5,0.4005102845365096,
609,4,2,0,0.25,0.5,0.44270511054040584,
614,4,2,1,0.75,0.5,0.4668410999341479,
619,4,2,0,0.25,0.5,0.4427525878410611,
624,4,2,0,0.25,0.5,0.4456161080360401,
628,4,2,0,0.0,1.0,0.3729967316052242,
630,4,2,1,0.5,0.0,0.4736913123742261,
633,4,2,1,0.5,0.0,0.5296385364646885,
634,4,2,0,0.25,0.5,0.40976214908311115,
642,4,2,1,0.75,0.5,0.5123944720024977,
644,4,2,0,0.25,0.5,0.4738920656399179,
646,4,2,0,0.0,1.0,0.4350859242101824,
651,4,2,0,0.3333333333333333,0.3333333333333333,0.47050917734484754,
654,4,2,0,0.1666666666666666,0.6666666666666667,0.42039210372369495,
655,4,2,1,0.6666666666666666,0.3333333333333332,0.4391396809114093,
657,4,2,1,0.5,0.0,0.4505823420267003,
658,4,2,0,0.1666666666666666,0.6666666666666667,0.4930052286776161,
659,4,2,1,0.6666666666666666,0.3333333333333332,0.4492830432472844,
670,4,2,1,0.5,0.0,0.5241139018057157,
697,4,2,1,0.5,0.0,0.43933053675805456,
707,4,2,1,0.5,0.0,0.38062188296520627,
708,4,2,0,0.0,1.0,0.537511097808886,
712,4,2,0,0.1666666666666666,0.6666666666666667,0.5380109976662909,
713,4,2,1,0.6,0.1999999999999999,0.5270412064017855,
720,4,2,0,0.0,1.0,0.5890420959680234,
723,4,2,0,0.1666666666666666,0.6666666666666667,0.5929515959429685,
734,4,2,0,0.0,1.0,0.48614530359156605,
738,4,2,0,0.3333333333333333,0.3333333333333333,0.48565905426936773,
741,4,2,0,0.2,0.6,0.407499491215505,
4,4,3,1,0.6,0.1999999999999999,0.4850700084310958,
12,4,3,0,0.4,0.1999999999999999,0.537175806991502,
14,4,3,0,0.2,0.6,0.6329623977168133,
15,4,3,0,0.4,0.1999999999999999,0.503735465380795,
17,4,3,0,0.4,0.1999999999999999,0.5089801357861659,
22,4,3,0,0.2,0.6,0.6083546977175183,
27,4,3,0,0.2,0.6,0.440264288754797,
33,4,3,0,0.4,0.1999999999999999,0.3792638260253366,
35,4,3,1,0.5,0.0,0.5044779213953156,
50,4,3,1,0.8,0.6000000000000001,0.49910583499105804,
53,4,3,0,0.1666666666666666,0.6666666666666667,0.34770624547134965,
55,4,3,0,0.0,1.0,0.5212168033941604,
62,4,3,0,0.25,0.5,0.5037173891456006,
68,4,3,0,0.0,1.0,0.44763017761285817,
75,4,3,0,0.0,1.0,0.49726092162744884,
77,4,3,0,0.25,0.5,0.44102360435412324,
79,4,3,0,0.25,0.5,0.5150312464512136,
84,4,3,0,0.3333333333333333,0.3333333333333333,0.5776073929281631,
97,4,3,0,0.25,0.5,0.3823161693827817,
98,4,3,0,0.3333333333333333,0.3333333333333333,0.49398383213526875,
99,4,3,0,0.0,1.0,0.38176254092552614,
104,4,3,0,0.1111111111111111,0.7777777777777778,0.414946972526709,
106,4,3,1,1.0,1.0,0.43196834242848936,
114,4,3,0,0.1111111111111111,0.7777777777777778,0.6468549315511828,
119,4,3,0,0.1111111111111111,0.7777777777777778,0.4110287650292477,
120,4,3,0,0.0,1.0,0.5379823150819296,
122,4,3,0,0.0,1.0,0.4169382763553837,
126,4,3,0,0.2222222222222222,0.5555555555555556,0.5576519628422952,
132,4,3,0,0.2222222222222222,0.5555555555555556,0.5354002987592472,
134,4,3,0,0.1111111111111111,0.7777777777777778,0.49079987640355033,
135,4,3,0,0.1666666666666666,0.6666666666666667,0.42252223470715544,
147,4,3,0,0.0,1.0,0.519847569626719,
148,4,3,0,0.1111111111111111,0.7777777777777778,0.4731769409993456,
153,4,3,0,0.0,1.0,0.4336654769656704,
157,4,3,0,0.25,0.5,0.3239330099856479,
163,4,3,0,0.25,0.5,0.5501934991797772,
166,4,3,0,0.25,0.5,0.4359737775282095,
168,4,3,0,0.25,0.5,0.5257000523281321,
174,4,3,1,0.5,0.0,0.36593938178227403,
176,4,3,0,0.0,1.0,0.4142637703614792,
177,4,3,0,0.0,1.0,0.46512278758539993,
178,4,3,0,0.0,1.0,0.5297460720231288,
180,4,3,0,0.0,1.0,0.5715002351445837,
181,4,3,1,0.5,0.0,0.4632945619782646,
184,4,3,0,0.0,1.0,0.38110304763349023,
197,4,3,0,0.0,1.0,0.4458765698920222,
207,4,3,0,0.2,0.6,0.5601277564343129,
227,4,3,1,1.0,1.0,0.29914021658716317,
229,4,3,0,0.0,1.0,0.32567932483030404,
235,4,3,0,0.0,1.0,0.4547222798978298,
239,4,3,1,0.6,0.1999999999999999,0.577479492548254,
253,4,3,0,0.0,1.0,0.4891885005424043,
254,4,3,0,0.25,0.5,0.42951719086221174,
258,4,3,0,0.0,1.0,0.509737633352243,
267,4,3,0,0.0,1.0,0.5628592417928331,
269,4,3,1,0.5,0.0,0.451993300253642,
286,4,3,0,0.2,0.6,0.3563975673092453,
287,4,3,0,0.25,0.5,0.47947120970936963,
291,4,3,0,0.0,1.0,0.535883696992618,
296,4,3,0,0.0,1.0,0.44403750363473243,
299,4,3,1,0.8,0.6000000000000001,0.2998725944661278,
307,4,3,0,0.4,0.1999999999999999,0.5350278284857137,
314,4,3,0,0.0,1.0,0.6239420091037913,
316,4,3,0,0.4,0.1999999999999999,0.5687830539592158,
325,4,3,0,0.0,1.0,0.3843455176121019,
336,4,3,0,0.4,0.1999999999999999,0.5733819963198321,
343,4,3,1,0.8,0.6000000000000001,0.5652330265513541,
355,4,3,0,0.25,0.5,0.3930997516225459,
356,4,3,0,0.25,0.5,0.4720873595079542,
357,4,3,1,0.5,0.0,0.30504832489708816,
361,4,3,0,0.0,1.0,0.537911981070974,
363,4,3,0,0.0,1.0,0.7068834788835505,
366,4,3,0,0.0,1.0,0.3888119500972429,
368,4,3,1,0.5,0.0,0.5694150412463344,
375,4,3,1,0.5,0.0,0.4390209495816034,
386,4,3,0,0.25,0.5,0.5082654381080383,
394,4,3,1,0.5,0.0,0.6679934096070383,
408,4,3,0,0.4,0.1999999999999999,0.6228038683290906,
409,4,3,0,0.4,0.1999999999999999,0.7483613143902317,
412,4,3,1,1.0,1.0,0.5787078267002485,
414,4,3,1,0.6,0.1999999999999999,0.6133122449765958,
418,4,3,0,0.0,1.0,0.48848625676437063,
429,4,3,0,0.0,1.0,0.5711219815502452,
437,4,3,1,0.6,0.1999999999999999,0.5320182332133738,
442,4,3,1,0.8,0.6000000000000001,0.5132645499584535,
445,4,3,0,0.0,1.0,0.5435689470585636,
446,4,3,0,0.2,0.6,0.5664045233424984,
462,4,3,1,0.5,0.0,0.564155666865105,
471,4,3,0,0.0,1.0,0.8360498583903739,
478,4,3,0,0.0,1.0,0.3852803849072811,
481,4,3,0,0.0,1.0,0.8327158317310157,
482,4,3,0,0.0,1.0,0.3400219969320001,
483,4,3,0,0.25,0.5,0.3946410979238093,
484,4,3,0,0.25,0.5,0.5221870194115603,
488,4,3,1,0.5,0.0,0.4773044022122468,
490,4,3,0,0.25,0.5,0.46993093064183944,
493,4,3,0,0.0,1.0,0.4499062805838612,
497,4,3,0,0.0,1.0,0.31965773572102757,
498,4,3,0,0.0,1.0,0.4261831729565826,
500,4,3,0,0.25,0.5,0.6584352062676685,
501,4,3,0,0.25,0.5,0.5367309490304533,
504,4,3,1,0.75,0.5,0.6079724371857539,
509,4,3,0,0.25,0.5,0.3961830043981921,
518,4,3,0,0.25,0.5,0.4012961284589034,
521,4,3,1,0.75,0.5,0.5420608182605731,
526,4,3,0,0.0,1.0,0.5384817801606067,
527,4,3,0,0.25,0.5,0.510259204042983,
538,4,3,0,0.0,1.0,0.474344863918732,
541,4,3,1,0.5,0.0,0.5620453912157307,
544,4,3,1,0.5,0.0,0.618625177659635,
549,4,3,0,0.0,1.0,0.4860682573879241,
554,4,3,1,0.5,0.0,0.6134247782176949,
564,4,3,1,0.5,0.0,0.6255976052779748,
567,4,3,0,0.3333333333333333,0.3333333333333333,0.6457495282308905,
569,4,3,0,0.1666666666666666,0.6666666666666667,0.4092002348233249,
573,4,3,0,0.3333333333333333,0.3333333333333333,0.5149718128712885,
574,4,3,0,0.3333333333333333,0.3333333333333333,0.39376796441862383,
575,4,3,1,0.5,0.0,0.6093951016984966,
585,4,3,1,0.5,0.0,0.5163190355420306,
587,4,3,1,0.8333333333333334,0.6666666666666667,0.41401174145937353,
588,4,3,0,0.1666666666666666,0.6666666666666667,0.6160139869842769,
589,4,3,0,0.3333333333333333,0.3333333333333333,0.432854730136384,
594,4,3,0,0.0,1.0,0.6100750101527647,
596,4,3,1,0.5,0.0,0.6072932235584036,
605,4,3,1,0.5,0.0,0.46331298810100474,
615,4,3,1,0.75,0.5,0.5838085025330108,
622,4,3,1,0.75,0.5,0.4138644649248566,
626,4,3,1,0.5,0.0,0.42388292061863464,
638,4,3,0,0.25,0.5,0.44048655064693165,
643,4,3,1,0.5,0.0,0.46065625293412726,
652,4,3,0,0.0,1.0,0.4038377635641522,
653,4,3,1,0.5,0.0,0.24887296212353166,
664,4,3,1,0.6666666666666666,0.3333333333333332,0.398679578205676,
672,4,3,0,0.0,1.0,0.38566445554118167,
674,4,3,0,0.3333333333333333,0.3333333333333333,0.370279803774683,
675,4,3,0,0.3333333333333333,0.3333333333333333,0.3735119126102998,
676,4,3,0,0.1666666666666666,0.6666666666666667,0.4123082021656168,
693,4,3,1,0.5,0.0,0.58818682292332,
704,4,3,0,0.3333333333333333,0.3333333333333333,0.4145932833125324,
709,4,3,0,0.3333333333333333,0.3333333333333333,0.6288299286904417,
710,4,3,0,0.0,1.0,0.39055896759580233,
714,4,3,0,0.3333333333333333,0.3333333333333333,0.4527616144617118,
717,4,3,1,0.5,0.0,0.6068872079595558,
719,4,3,0,0.1666666666666666,0.6666666666666667,0.5822679548707212,
722,4,3,0,0.2,0.6,0.30023645427458323,
735,4,3,0,0.0,1.0,0.4786937693702009,
737,4,3,0,0.1666666666666666,0.6666666666666667,0.49928042452741794,
2,4,4,0,0.4,0.1999999999999999,0.31895464793015305,
5,4,4,0,0.2,0.6,0.559931201066431,
9,4,4,0,0.0,1.0,0.47880224831370155,
16,4,4,1,0.6,0.1999999999999999,0.37529289228079465,
20,4,4,0,0.25,0.5,0.36752091947061793,
32,4,4,0,0.2,0.6,0.46771855508276705,
40,4,4,0,0.2,0.6,0.4406104733391317,
63,4,4,0,0.0,1.0,0.5095411247517819,
69,4,4,0,0.0,1.0,0.46870116667422534,
73,4,4,0,0.0,1.0,0.3827134112360552,
74,4,4,0,0.0,1.0,0.5426132625843274,
80,4,4,0,0.0,1.0,0.3960049968984612,
85,4,4,0,0.25,0.5,0.5923745550829544,
86,4,4,0,0.0,1.0,0.41613214500523166,
89,4,4,0,0.25,0.5,0.5280841864006011,
113,4,4,0,0.1111111111111111,0.7777777777777778,0.5056896065316511,
117,4,4,0,0.25,0.5,0.4861261465112443,
123,4,4,0,0.0,1.0,0.3463075356374635,
130,4,4,0,0.1111111111111111,0.7777777777777778,0.41540332455381096,
133,4,4,1,0.8888888888888888,0.7777777777777777,0.4113846938369434,
141,4,4,0,0.0,1.0,0.5023174949210953,
142,4,4,0,0.0,1.0,0.4672145257291138,
144,4,4,0,0.0,1.0,0.43148102758507634,
146,4,4,1,0.8888888888888888,0.7777777777777777,0.43227167858206933,
149,4,4,0,0.3333333333333333,0.3333333333333333,0.39950925225718,
150,4,4,0,0.0,1.0,0.6075090113999235,
152,4,4,0,0.0,1.0,0.43970656933799723,
154,4,4,0,0.25,0.5,0.37842820789314063,
155,4,4,0,0.25,0.5,0.6582832235156131,
161,4,4,0,0.0,1.0,0.37621636221001664,
164,4,4,0,0.0,1.0,0.39913514012198525,
175,4,4,0,0.0,1.0,0.39578306488864623,
186,4,4,0,0.0,1.0,0.3725742288245191,
193,4,4,0,0.25,0.5,0.5245421718246743,
196,4,4,1,0.5,0.0,0.5051648409929248,
199,4,4,0,0.25,0.5,0.4770989408686821,
202,4,4,1,0.6,0.1999999999999999,0.47057889703881395,
208,4,4,0,0.0,1.0,0.4475007568478079,
210,4,4,0,0.4,0.1999999999999999,0.6714097772225908,
223,4,4,0,0.2,0.6,0.4070405284743517,
225,4,4,0,0.2,0.6,0.452193522351343,
232,4,4,0,0.25,0.5,0.4305372850387952,
257,4,4,0,0.25,0.5,0.48086214217185663,
263,4,4,0,0.2,0.6,0.3778409590758659,
264,4,4,0,0.25,0.5,0.3750679188849475,
265,4,4,1,0.5,0.0,0.4672560553649837,
268,4,4,1,0.5,0.0,0.3728289720357778,
270,4,4,0,0.0,1.0,0.368142805220468,
276,4,4,0,0.2,0.6,0.47940567303094117,
283,4,4,0,0.25,0.5,0.48956711931084523,
284,4,4,1,0.5,0.0,0.3639423619456601,
285,4,4,0,0.4,0.1999999999999999,0.3275450688709127,
289,4,4,1,0.5,0.0,0.46832575065374327,
292,4,4,0,0.25,0.5,0.512501140920417,
297,4,4,0,0.0,1.0,0.3822809965578499,
298,4,4,0,0.25,0.5,0.5418266699412986,
300,4,4,0,0.0,1.0,0.5194334283468995,
308,4,4,0,0.4,0.1999999999999999,0.6229452404321975,
309,4,4,1,0.8,0.6000000000000001,0.6154423628799455,
312,4,4,0,0.0,1.0,0.4879080022232728,
317,4,4,0,0.4,0.1999999999999999,0.4583162939665427,
318,4,4,0,0.4,0.1999999999999999,0.521263484725365,
324,4,4,0,0.2,0.6,0.6086953585827788,
328,4,4,1,0.6,0.1999999999999999,0.4161055737429029,
332,4,4,0,0.0,1.0,0.468449819238953,
333,4,4,0,0.0,1.0,0.440906500405027,
335,4,4,1,0.5,0.0,0.4786752294088621,
340,4,4,1,0.6,0.1999999999999999,0.4480943360104602,
344,4,4,0,0.2,0.6,0.36855159961987977,
347,4,4,0,0.4,0.1999999999999999,0.5159823728643993,
358,4,4,0,0.25,0.5,0.6460457945898352,
360,4,4,0,0.25,0.5,0.5846634190640732,
365,4,4,0,0.25,0.5,0.5582838749313479,
369,4,4,0,0.0,1.0,0.4693771253390133,
373,4,4,0,0.0,1.0,0.5765823723010246,
378,4,4,1,0.5,0.0,0.5655893181738956,
383,4,4,0,0.0,1.0,0.49679593390536997,
385,4,4,1,0.5,0.0,0.4878049962907667,
397,4,4,1,0.75,0.5,0.7444952407102271,
399,4,4,0,0.25,0.5,0.4847898279021988,
401,4,4,0,0.2,0.6,0.5470616066172864,
413,4,4,0,0.0,1.0,0.5123915561300898,
421,4,4,0,0.2,0.6,0.47502166882974106,
427,4,4,1,0.6,0.1999999999999999,0.47426703041523954,
430,4,4,1,0.6,0.1999999999999999,0.6489092552946724,
431,4,4,0,0.4,0.1999999999999999,0.32346867611516833,
432,4,4,0,0.2,0.6,0.46067285112695866,
433,4,4,0,0.0,1.0,0.3402705124221711,
444,4,4,0,0.2,0.6,0.6074197729626905,
451,4,4,0,0.25,0.5,0.3844951162610925,
454,4,4,0,0.0,1.0,0.47841034150822415,
461,4,4,1,0.5,0.0,0.5728866960006256,
467,4,4,1,1.0,1.0,0.6572551685439603,
469,4,4,1,0.75,0.5,0.426985104897177,
475,4,4,0,0.25,0.5,0.5778032542011364,
487,4,4,0,0.2,0.6,0.3526390037373453,
491,4,4,1,0.5,0.0,0.5729819980870772,
499,4,4,0,0.0,1.0,0.552793590068655,
502,4,4,1,0.75,0.5,0.43512068570613643,
503,4,4,0,0.0,1.0,0.5127539957311009,
508,4,4,1,0.75,0.5,0.45976984989838887,
513,4,4,0,0.0,1.0,0.5310779646763407,
514,4,4,1,0.75,0.5,0.5569978356327565,
524,4,4,0,0.0,1.0,0.626591253479985,
525,4,4,0,0.2,0.6,0.33421944737975207,
529,4,4,1,0.5,0.0,0.4664956060261246,
531,4,4,1,0.75,0.5,0.4651225739897817,
532,4,4,0,0.0,1.0,0.45264481445567817,
545,4,4,0,0.25,0.5,0.4506732020476333,
546,4,4,1,0.5,0.0,0.5947356386061511,
556,4,4,0,0.1666666666666666,0.6666666666666667,0.5125041549020909,
559,4,4,1,0.6666666666666666,0.3333333333333332,0.523657162529976,
576,4,4,1,0.5,0.0,0.5301341710859704,
580,4,4,0,0.3333333333333333,0.3333333333333333,0.39677702045529606,
590,4,4,0,0.3333333333333333,0.3333333333333333,0.47170361537412764,
593,4,4,1,0.5,0.0,0.45087861503805743,
595,4,4,1,0.8333333333333334,0.6666666666666667,0.49657553994219833,
599,4,4,0,0.0,1.0,0.3274496836550469,
603,4,4,1,0.5,0.0,0.41976783729448686,
607,4,4,0,0.0,1.0,0.4849343651200675,
611,4,4,1,0.75,0.5,0.4118885336936706,
612,4,4,0,0.0,1.0,0.3933519258163124,
616,4,4,1,0.75,0.5,0.38398274800721344,
627,4,4,1,0.75,0.5,0.5453814733167202,
631,4,4,0,0.0,1.0,0.3962178683683353,
645,4,4,1,0.75,0.5,0.5130853157694835,
650,4,4,0,0.0,1.0,0.5362087762555277,
660,4,4,0,0.1666666666666666,0.6666666666666667,0.4097594142919597,
665,4,4,0,0.1666666666666666,0.6666666666666667,0.4945080028125135,
668,4,4,0,0.1666666666666666,0.6666666666666667,0.6473022065771187,
671,4,4,0,0.3333333333333333,0.3333333333333333,0.4685878048389531,
677,4,4,1,0.6666666666666666,0.3333333333333332,0.5280402349844155,
678,4,4,0,0.3333333333333333,0.3333333333333333,0.35753565430641976,
684,4,4,0,0.0,1.0,0.580834618065029,
687,4,4,0,0.3333333333333333,0.3333333333333333,0.40403857227246287,
688,4,4,0,0.1666666666666666,0.6666666666666667,0.4269434062113784,
691,4,4,0,0.1666666666666666,0.6666666666666667,0.4948279169990354,
696,4,4,0,0.1666666666666666,0.6666666666666667,0.3891895982697512,
700,4,4,1,0.5,0.0,0.4451231942625553,
706,4,4,1,0.6666666666666666,0.3333333333333332,0.6008267415932498,
711,4,4,1,0.6,0.1999999999999999,0.5250892078674851,
725,4,4,0,0.0,1.0,0.4527957207669291,
726,4,4,0,0.0,1.0,0.47909134935084824,
729,4,4,0,0.4,0.1999999999999999,0.5277898765820586,
730,4,4,0,0.3333333333333333,0.3333333333333333,0.5027991333167472,
731,4,4,0,0.0,1.0,0.3959256999746771,
736,4,4,0,0.0,1.0,0.4620700056599636,
