patient_id,repeat,fold,y,y_soft,agreement,p,thr
5,0,0,0,0.2,0.6,0.5344329,
7,0,0,1,0.6,0.1999999999999999,0.61787164,
28,0,0,0,0.2,0.6,0.4557969,
29,0,0,0,0.2,0.6,0.6494814,
32,0,0,0,0.2,0.6,0.4621883,
40,0,0,0,0.2,0.6,0.36615542,
49,0,0,0,0.3333333333333333,0.3333333333333333,0.2774651,
50,0,0,1,0.8,0.6000000000000001,0.47617897,
51,0,0,0,0.25,0.5,0.4832831,
55,0,0,0,0.0,1.0,0.4488274,
59,0,0,0,0.25,0.5,0.3763681,
63,0,0,0,0.0,1.0,0.53910077,
64,0,0,0,0.3333333333333333,0.3333333333333333,0.21978983,
67,0,0,0,0.0,1.0,0.38624114,
73,0,0,0,0.0,1.0,0.3044784,
77,0,0,0,0.25,0.5,0.41364512,
82,0,0,0,0.25,0.5,0.5256736,
83,0,0,0,0.25,0.5,0.64427805,
88,0,0,1,0.5,0.0,0.3314405,
98,0,0,0,0.3333333333333333,0.3333333333333333,0.47719824,
107,0,0,0,0.1111111111111111,0.7777777777777778,0.5926304,
109,0,0,0,0.1111111111111111,0.7777777777777778,0.6159572,
110,0,0,0,0.0,1.0,0.49744058,
112,0,0,0,0.125,0.75,0.38209432,
113,0,0,0,0.1111111111111111,0.7777777777777778,0.5928137,
116,0,0,0,0.0,1.0,0.41637376,
122,0,0,0,0.0,1.0,0.40574557,
127,0,0,1,0.6666666666666666,0.3333333333333332,0.50181174,
134,0,0,0,0.1111111111111111,0.7777777777777778,0.3699019,
139,0,0,0,0.0,1.0,0.4286866,
151,0,0,0,0.0,1.0,0.48380488,
153,0,0,0,0.0,1.0,0.3264069,
160,0,0,0,0.1666666666666666,0.6666666666666667,0.46231097,
161,0,0,0,0.0,1.0,0.47204345,
174,0,0,1,0.5,0.0,0.45657045,
177,0,0,0,0.0,1.0,0.38317955,
183,0,0,0,0.0,1.0,0.28095305,
199,0,0,0,0.25,0.5,0.406366,
202,0,0,1,0.6,0.1999999999999999,0.38558933,
206,0,0,1,0.5,0.0,0.185085,
210,0,0,0,0.4,0.1999999999999999,0.71657753,
230,0,0,0,0.2,0.6,0.3643411,
231,0,0,1,0.5,0.0,0.5024689,
232,0,0,0,0.25,0.5,0.38937777,
233,0,0,0,0.0,1.0,0.2744081,
240,0,0,0,0.2,0.6,0.38238865,
241,0,0,1,0.6,0.1999999999999999,0.36167282,
248,0,0,0,0.4,0.1999999999999999,0.45677322,
253,0,0,0,0.0,1.0,0.5847414,
259,0,0,0,0.0,1.0,0.46034002,
274,0,0,1,0.5,0.0,0.6087915,
275,0,0,1,0.5,0.0,0.52428496,
282,0,0,0,0.25,0.5,0.32785928,
284,0,0,1,0.5,0.0,0.4238139,
285,0,0,0,0.4,0.1999999999999999,0.3485061,
287,0,0,0,0.25,0.5,0.555816,
294,0,0,0,0.0,1.0,0.4920593,
300,0,0,0,0.0,1.0,0.5017701,
307,0,0,0,0.4,0.1999999999999999,0.38982534,
309,0,0,1,0.8,0.6000000000000001,0.4685868,
310,0,0,0,0.2,0.6,0.49313182,
315,0,0,1,0.8,0.6000000000000001,0.45733297,
316,0,0,0,0.4,0.1999999999999999,0.3263476,
319,0,0,0,0.2,0.6,0.34057552,
322,0,0,1,0.6,0.1999999999999999,0.61182815,
329,0,0,0,0.0,1.0,0.47600627,
330,0,0,0,0.4,0.1999999999999999,0.39128262,
338,0,0,0,0.4,0.1999999999999999,0.56575197,
339,0,0,0,0.0,1.0,0.38554633,
342,0,0,0,0.2,0.6,0.40305483,
345,0,0,0,0.0,1.0,0.20674342,
371,0,0,0,0.25,0.5,0.64212507,
372,0,0,0,0.25,0.5,0.44133896,
374,0,0,1,0.5,0.0,0.38296968,
376,0,0,1,0.5,0.0,0.39203745,
384,0,0,0,0.25,0.5,0.4206777,
394,0,0,1,0.5,0.0,0.58803487,
407,0,0,0,0.2,0.6,0.503952,
413,0,0,0,0.0,1.0,0.46055132,
421,0,0,0,0.2,0.6,0.34987175,
436,0,0,0,0.4,0.1999999999999999,0.43936378,
438,0,0,0,0.1666666666666666,0.6666666666666667,0.5308722,
456,0,0,1,0.5,0.0,0.47961453,
457,0,0,1,0.5,0.0,0.5860872,
459,0,0,0,0.25,0.5,0.41388816,
463,0,0,0,0.25,0.5,0.44021052,
465,0,0,1,0.5,0.0,0.62511784,
468,0,0,0,0.25,0.5,0.6568799,
480,0,0,1,0.5,0.0,0.64814657,
487,0,0,0,0.2,0.6,0.23240611,
490,0,0,0,0.25,0.5,0.39945662,
491,0,0,1,0.5,0.0,0.60143757,
492,0,0,0,0.3333333333333333,0.3333333333333333,0.32353416,
495,0,0,0,0.0,1.0,0.6509613,
497,0,0,0,0.0,1.0,0.43192595,
499,0,0,0,0.0,1.0,0.3516339,
510,0,0,1,0.5,0.0,0.4955841,
513,0,0,0,0.0,1.0,0.53100705,
514,0,0,1,0.75,0.5,0.5593881,
518,0,0,0,0.25,0.5,0.6277347,
521,0,0,1,0.75,0.5,0.49105006,
528,0,0,0,0.0,1.0,0.4327789,
534,0,0,1,0.75,0.5,0.43992096,
539,0,0,0,0.25,0.5,0.51840055,
540,0,0,0,0.25,0.5,0.751217,
542,0,0,0,0.25,0.5,0.41592017,
549,0,0,0,0.0,1.0,0.35437685,
554,0,0,1,0.5,0.0,0.6945986,
557,0,0,0,0.3333333333333333,0.3333333333333333,0.45207387,
565,0,0,0,0.3333333333333333,0.3333333333333333,0.63184595,
566,0,0,0,0.1666666666666666,0.6666666666666667,0.5153129,
572,0,0,1,0.8333333333333334,0.6666666666666667,0.45568794,
573,0,0,0,0.3333333333333333,0.3333333333333333,0.6258985,
574,0,0,0,0.3333333333333333,0.3333333333333333,0.4454291,
577,0,0,0,0.1666666666666666,0.6666666666666667,0.53159845,
583,0,0,1,0.5,0.0,0.67882156,
586,0,0,1,0.6666666666666666,0.3333333333333332,0.46589932,
587,0,0,1,0.8333333333333334,0.6666666666666667,0.40619355,
588,0,0,0,0.1666666666666666,0.6666666666666667,0.529299,
590,0,0,0,0.3333333333333333,0.3333333333333333,0.6593193,
601,0,0,0,0.0,1.0,0.34133247,
603,0,0,1,0.5,0.0,0.36852407,
608,0,0,0,0.0,1.0,0.7443955,
618,0,0,0,0.0,1.0,0.67053795,
628,0,0,0,0.0,1.0,0.44165057,
633,0,0,1,0.5,0.0,0.52302444,
645,0,0,1,0.75,0.5,0.60185456,
648,0,0,1,0.5,0.0,0.5481333,
649,0,0,1,0.5,0.0,0.5211439,
650,0,0,0,0.0,1.0,0.28264156,
653,0,0,1,0.5,0.0,0.35926294,
657,0,0,1,0.5,0.0,0.24473892,
664,0,0,1,0.6666666666666666,0.3333333333333332,0.5116472,
670,0,0,1,0.5,0.0,0.4606682,
674,0,0,0,0.3333333333333333,0.3333333333333333,0.52362454,
689,0,0,0,0.0,1.0,0.23644975,
690,0,0,0,0.0,1.0,0.57127565,
694,0,0,0,0.3333333333333333,0.3333333333333333,0.28267705,
695,0,0,0,0.3333333333333333,0.3333333333333333,0.41269612,
699,0,0,0,0.1666666666666666,0.6666666666666667,0.6404925,
703,0,0,0,0.0,1.0,0.5477476,
712,0,0,0,0.1666666666666666,0.6666666666666667,0.5500233,
714,0,0,0,0.3333333333333333,0.3333333333333333,0.37555525,
715,0,0,1,0.5,0.0,0.3487982,
720,0,0,0,0.0,1.0,0.3999715,
735,0,0,0,0.0,1.0,0.2836766,
739,0,0,0,0.3333333333333333,0.3333333333333333,0.45436603,
2,0,1,0,0.4,0.1999999999999999,0.12100297,
4,0,1,1,0.6,0.1999999999999999,0.86628544,
6,0,1,0,0.2,0.6,0.70640206,
14,0,1,0,0.2,0.6,0.18038103,
16,0,1,1,0.6,0.1999999999999999,0.54831946,
26,0,1,1,0.8,0.6000000000000001,0.06874063,
30,0,1,0,0.2,0.6,0.23577055,
34,0,1,0,0.1666666666666666,0.6666666666666667,0.4777878,
38,0,1,0,0.0,1.0,0.7725265,
39,0,1,0,0.0,1.0,0.13926806,
56,0,1,0,0.25,0.5,0.15773731,
61,0,1,0,0.2,0.6,0.3721105,
65,0,1,0,0.25,0.5,0.11393991,
66,0,1,0,0.0,1.0,0.64756083,
68,0,1,0,0.0,1.0,0.11950535,
69,0,1,0,0.0,1.0,0.53758776,
74,0,1,0,0.0,1.0,0.44718483,
78,0,1,0,0.0,1.0,0.50770223,
85,0,1,0,0.25,0.5,0.59420365,
87,0,1,0,0.0,1.0,0.45192587,
93,0,1,0,0.0,1.0,0.33614573,
94,0,1,0,0.25,0.5,0.15309176,
95,0,1,0,0.25,0.5,0.19720265,
96,0,1,0,0.0,1.0,0.2251037,
120,0,1,0,0.0,1.0,0.10888657,
124,0,1,0,0.0,1.0,0.59852946,
131,0,1,0,0.0,1.0,0.38491184,
141,0,1,0,0.0,1.0,0.32296908,
142,0,1,0,0.0,1.0,0.56697845,
143,0,1,1,0.5555555555555556,0.1111111111111111,0.55274034,
146,0,1,1,0.8888888888888888,0.7777777777777777,0.1988184,
148,0,1,0,0.1111111111111111,0.7777777777777778,0.16728067,
149,0,1,0,0.3333333333333333,0.3333333333333333,0.3027991,
150,0,1,0,0.0,1.0,0.23182747,
152,0,1,0,0.0,1.0,0.03062931,
155,0,1,0,0.25,0.5,0.1049664,
156,0,1,0,0.25,0.5,0.3433264,
159,0,1,0,0.0,1.0,0.15111372,
163,0,1,0,0.25,0.5,0.30329183,
166,0,1,0,0.25,0.5,0.21133378,
168,0,1,0,0.25,0.5,0.32517964,
182,0,1,0,0.0,1.0,0.35468283,
187,0,1,0,0.0,1.0,0.69146943,
189,0,1,1,0.5,0.0,0.5107962,
190,0,1,0,0.25,0.5,0.15557641,
196,0,1,1,0.5,0.0,0.23763514,
200,0,1,0,0.2,0.6,0.15490696,
204,0,1,0,0.4,0.1999999999999999,0.2723239,
208,0,1,0,0.0,1.0,0.027937759,
209,0,1,0,0.2,0.6,0.1547347,
211,0,1,1,0.6,0.1999999999999999,0.74534774,
212,0,1,0,0.2,0.6,0.41899937,
215,0,1,0,0.2,0.6,0.18654251,
221,0,1,1,0.8,0.6000000000000001,0.041994132,
224,0,1,0,0.4,0.1999999999999999,0.19021419,
226,0,1,0,0.0,1.0,0.17279992,
243,0,1,0,0.0,1.0,0.026100036,
247,0,1,0,0.2,0.6,0.4895602,
249,0,1,1,0.6,0.1999999999999999,0.15823145,
250,0,1,0,0.4,0.1999999999999999,0.7447444,
267,0,1,0,0.0,1.0,0.04105898,
279,0,1,0,0.2,0.6,0.15817007,
281,0,1,0,0.0,1.0,0.19819668,
288,0,1,1,0.75,0.5,0.23146759,
291,0,1,0,0.0,1.0,0.23396966,
308,0,1,0,0.4,0.1999999999999999,0.13140063,
317,0,1,0,0.4,0.1999999999999999,0.08501649,
326,0,1,0,0.0,1.0,0.12943086,
328,0,1,1,0.6,0.1999999999999999,0.020937545,
331,0,1,0,0.0,1.0,0.14655474,
332,0,1,0,0.0,1.0,0.43250954,
333,0,1,0,0.0,1.0,0.165351,
335,0,1,1,0.5,0.0,0.04585357,
336,0,1,0,0.4,0.1999999999999999,0.26223123,
346,0,1,1,0.6,0.1999999999999999,0.18879202,
355,0,1,0,0.25,0.5,0.3698386,
359,0,1,0,0.25,0.5,0.8754992,
360,0,1,0,0.25,0.5,0.069024086,
381,0,1,1,0.75,0.5,0.6780915,
388,0,1,1,0.5,0.0,0.16754344,
397,0,1,1,0.75,0.5,0.5176644,
398,0,1,0,0.25,0.5,0.6401116,
405,0,1,0,0.0,1.0,0.17977473,
411,0,1,0,0.2,0.6,0.75615627,
414,0,1,1,0.6,0.1999999999999999,0.13637537,
416,0,1,0,0.0,1.0,0.44324347,
425,0,1,0,0.0,1.0,0.50214374,
435,0,1,0,0.4,0.1999999999999999,0.7448739,
437,0,1,1,0.6,0.1999999999999999,0.79952765,
441,0,1,0,0.2,0.6,0.21304068,
442,0,1,1,0.8,0.6000000000000001,0.79196554,
449,0,1,0,0.4,0.1999999999999999,0.36960047,
452,0,1,0,0.25,0.5,0.2573833,
469,0,1,1,0.75,0.5,0.20846097,
481,0,1,0,0.0,1.0,0.6147928,
482,0,1,0,0.0,1.0,0.064873755,
485,0,1,1,0.5,0.0,0.4564091,
486,0,1,0,0.25,0.5,0.87263906,
496,0,1,1,0.75,0.5,0.20831147,
498,0,1,0,0.0,1.0,0.13367416,
503,0,1,0,0.0,1.0,0.34532267,
509,0,1,0,0.25,0.5,0.11403444,
512,0,1,1,1.0,1.0,0.634097,
519,0,1,0,0.0,1.0,0.5795634,
523,0,1,0,0.25,0.5,0.87930524,
524,0,1,0,0.0,1.0,0.6018012,
527,0,1,0,0.25,0.5,0.40633208,
529,0,1,1,0.5,0.0,0.16672969,
530,0,1,1,0.5,0.0,0.22588712,
533,0,1,0,0.0,1.0,0.5027809,
535,0,1,0,0.25,0.5,0.73528963,
548,0,1,1,0.5,0.0,0.1283714,
561,0,1,1,0.5,0.0,0.26635826,
567,0,1,0,0.3333333333333333,0.3333333333333333,0.7475597,
575,0,1,1,0.5,0.0,0.7739841,
579,0,1,0,0.3333333333333333,0.3333333333333333,0.6467622,
589,0,1,0,0.3333333333333333,0.3333333333333333,0.30066025,
595,0,1,1,0.8333333333333334,0.6666666666666667,0.6134776,
604,0,1,1,0.75,0.5,0.7241589,
605,0,1,1,0.5,0.0,0.66514504,
609,0,1,0,0.25,0.5,0.41258085,
612,0,1,0,0.0,1.0,0.0562668,
615,0,1,1,0.75,0.5,0.48698866,
622,0,1,1,0.75,0.5,0.42499644,
623,0,1,1,0.5,0.0,0.49065036,
624,0,1,0,0.25,0.5,0.186035,
629,0,1,1,0.5,0.0,0.7319056,
630,0,1,1,0.5,0.0,0.6146631,
632,0,1,1,0.5,0.0,0.25162458,
634,0,1,0,0.25,0.5,0.3467421,
636,0,1,0,0.0,1.0,0.55864537,
638,0,1,0,0.25,0.5,0.529293,
642,0,1,1,0.75,0.5,0.93749607,
658,0,1,0,0.1666666666666666,0.6666666666666667,0.9022862,
660,0,1,0,0.1666666666666666,0.6666666666666667,0.48134565,
667,0,1,0,0.3333333333333333,0.3333333333333333,0.2605538,
676,0,1,0,0.1666666666666666,0.6666666666666667,0.30251202,
681,0,1,0,0.1666666666666666,0.6666666666666667,0.5220022,
683,0,1,1,0.8333333333333334,0.6666666666666667,0.52277756,
693,0,1,1,0.5,0.0,0.43834877,
707,0,1,1,0.5,0.0,0.023200851,
730,0,1,0,0.3333333333333333,0.3333333333333333,0.2449611,
731,0,1,0,0.0,1.0,0.22375335,
733,0,1,0,0.1666666666666666,0.6666666666666667,0.23247454,
737,0,1,0,0.1666666666666666,0.6666666666666667,0.17798415,
738,0,1,0,0.3333333333333333,0.3333333333333333,0.6473299,
741,0,1,0,0.2,0.6,0.83914506,
15,0,2,0,0.4,0.1999999999999999,0.7871297,
18,0,2,1,0.6,0.1999999999999999,0.0003763089,
21,0,2,0,0.2,0.6,0.010378789,
24,0,2,0,0.0,1.0,0.011811054,
25,0,2,0,0.2,0.6,0.26201555,
27,0,2,0,0.2,0.6,1.7127321e-06,
31,0,2,0,0.1666666666666666,0.6666666666666667,0.0065528206,
45,0,2,0,0.0,1.0,0.74881613,
47,0,2,0,0.25,0.5,0.109917134,
52,0,2,0,0.25,0.5,9.607003e-05,
53,0,2,0,0.1666666666666666,0.6666666666666667,0.008507416,
58,0,2,0,0.25,0.5,0.5767469,
72,0,2,0,0.25,0.5,0.04673864,
80,0,2,0,0.0,1.0,0.18621251,
81,0,2,0,0.0,1.0,0.103049405,
84,0,2,0,0.3333333333333333,0.3333333333333333,0.9694269,
91,0,2,0,0.25,0.5,5.8938194e-06,
92,0,2,0,0.0,1.0,0.033497375,
101,0,2,0,0.3333333333333333,0.3333333333333333,0.71584904,
102,0,2,0,0.0,1.0,5.735849e-10,
118,0,2,0,0.0,1.0,0.97846055,
121,0,2,0,0.1111111111111111,0.7777777777777778,0.00012482585,
125,0,2,0,0.125,0.75,0.048441686,
126,0,2,0,0.2222222222222222,0.5555555555555556,0.7775713,
128,0,2,0,0.1111111111111111,0.7777777777777778,0.06434743,
130,0,2,0,0.1111111111111111,0.7777777777777778,0.000456014,
140,0,2,0,0.2222222222222222,0.5555555555555556,0.6536253,
145,0,2,0,0.4444444444444444,0.1111111111111111,0.009112663,
154,0,2,0,0.25,0.5,0.011487211,
157,0,2,0,0.25,0.5,6.8679146e-05,
167,0,2,0,0.0,1.0,0.055283252,
172,0,2,0,0.0,1.0,1.4454116e-05,
173,0,2,0,0.25,0.5,0.00425282,
176,0,2,0,0.0,1.0,0.00045488655,
194,0,2,0,0.0,1.0,0.005579099,
197,0,2,0,0.0,1.0,0.0152425775,
201,0,2,0,0.25,0.5,2.4682548e-05,
217,0,2,0,0.0,1.0,0.44078934,
219,0,2,0,0.0,1.0,0.032864403,
229,0,2,0,0.0,1.0,0.010956792,
234,0,2,0,0.25,0.5,0.0076535963,
235,0,2,0,0.0,1.0,7.834361e-05,
237,0,2,0,0.4,0.1999999999999999,0.12035794,
239,0,2,1,0.6,0.1999999999999999,1.04724995e-05,
244,0,2,1,0.6,0.1999999999999999,0.99950963,
246,0,2,0,0.4,0.1999999999999999,0.87725306,
252,0,2,0,0.0,1.0,0.0021162897,
255,0,2,0,0.25,0.5,3.1274187e-06,
265,0,2,1,0.5,0.0,0.8135046,
266,0,2,0,0.25,0.5,0.008950539,
268,0,2,1,0.5,0.0,0.003363382,
270,0,2,0,0.0,1.0,0.37367135,
273,0,2,1,0.5,0.0,0.33574575,
277,0,2,1,0.5,0.0,0.99700606,
280,0,2,0,0.25,0.5,0.19772153,
286,0,2,0,0.2,0.6,0.13575514,
289,0,2,1,0.5,0.0,0.0047819456,
304,0,2,1,0.8,0.6000000000000001,0.9899577,
312,0,2,0,0.0,1.0,0.00011010542,
318,0,2,0,0.4,0.1999999999999999,0.0028327603,
321,0,2,1,0.6,0.1999999999999999,0.4481073,
323,0,2,0,0.0,1.0,0.010675411,
324,0,2,0,0.2,0.6,0.470663,
334,0,2,0,0.4,0.1999999999999999,0.60909986,
340,0,2,1,0.6,0.1999999999999999,8.095983e-05,
344,0,2,0,0.2,0.6,0.0012443515,
348,0,2,0,0.4,0.1999999999999999,0.9999631,
352,0,2,0,0.25,0.5,0.25660533,
353,0,2,0,0.0,1.0,0.996809,
354,0,2,0,0.25,0.5,0.44527543,
357,0,2,1,0.5,0.0,0.008492227,
358,0,2,0,0.25,0.5,0.2602496,
362,0,2,1,0.75,0.5,0.029144406,
364,0,2,1,0.5,0.0,0.003873535,
399,0,2,0,0.25,0.5,0.92486465,
404,0,2,1,0.6,0.1999999999999999,0.9332038,
408,0,2,0,0.4,0.1999999999999999,0.97552776,
409,0,2,0,0.4,0.1999999999999999,0.6951282,
412,0,2,1,1.0,1.0,0.98531866,
417,0,2,0,0.2,0.6,0.9997102,
420,0,2,0,0.0,1.0,9.729726e-06,
426,0,2,1,0.8,0.6000000000000001,0.13730666,
431,0,2,0,0.4,0.1999999999999999,0.001692816,
443,0,2,0,0.0,1.0,0.47929168,
446,0,2,0,0.2,0.6,0.93994814,
448,0,2,0,0.0,1.0,0.00049479195,
451,0,2,0,0.25,0.5,1.3472163e-06,
453,0,2,0,0.25,0.5,0.44625562,
458,0,2,0,0.0,1.0,0.9588068,
460,0,2,0,0.0,1.0,0.051477566,
461,0,2,1,0.5,0.0,0.038550463,
471,0,2,0,0.0,1.0,0.9999895,
477,0,2,0,0.0,1.0,0.177917,
479,0,2,0,0.0,1.0,0.00060085533,
488,0,2,1,0.5,0.0,0.42632225,
489,0,2,0,0.0,1.0,0.99046725,
504,0,2,1,0.75,0.5,0.032532893,
505,0,2,1,0.5,0.0,0.90514994,
506,0,2,1,0.75,0.5,0.21449564,
508,0,2,1,0.75,0.5,0.49487117,
511,0,2,1,0.5,0.0,0.9967362,
517,0,2,0,0.25,0.5,0.8852968,
520,0,2,1,0.5,0.0,0.003964978,
526,0,2,0,0.0,1.0,0.023697382,
541,0,2,1,0.5,0.0,0.0014514632,
544,0,2,1,0.5,0.0,0.9923104,
545,0,2,0,0.25,0.5,0.0036659066,
550,0,2,0,0.0,1.0,0.021548107,
552,0,2,1,0.6666666666666666,0.3333333333333332,0.06275443,
555,0,2,0,0.3333333333333333,0.3333333333333333,0.13460845,
556,0,2,0,0.1666666666666666,0.6666666666666667,0.9933001,
559,0,2,1,0.6666666666666666,0.3333333333333332,0.30540705,
563,0,2,0,0.0,1.0,0.96855575,
564,0,2,1,0.5,0.0,0.9950179,
571,0,2,1,0.5,0.0,0.15031017,
582,0,2,1,0.5,0.0,0.118231066,
602,0,2,0,0.25,0.5,0.95805895,
606,0,2,0,0.25,0.5,0.06697598,
607,0,2,0,0.0,1.0,0.0064686555,
614,0,2,1,0.75,0.5,0.8441055,
617,0,2,1,0.5,0.0,0.13685259,
620,0,2,1,0.75,0.5,0.048048392,
626,0,2,1,0.5,0.0,6.202532e-07,
641,0,2,0,0.0,1.0,0.061221696,
652,0,2,0,0.0,1.0,0.0018014736,
661,0,2,1,0.8333333333333334,0.6666666666666667,0.9999913,
669,0,2,0,0.3333333333333333,0.3333333333333333,0.03736777,
671,0,2,0,0.3333333333333333,0.3333333333333333,0.9998163,
673,0,2,0,0.3333333333333333,0.3333333333333333,3.4427267e-06,
675,0,2,0,0.3333333333333333,0.3333333333333333,0.8609729,
682,0,2,0,0.1666666666666666,0.6666666666666667,0.17107129,
685,0,2,0,0.0,1.0,5.6982393e-05,
686,0,2,0,0.0,1.0,0.90687335,
691,0,2,0,0.1666666666666666,0.6666666666666667,0.9999477,
692,0,2,0,0.0,1.0,0.00085219555,
698,0,2,1,0.5,0.0,0.9999907,
704,0,2,0,0.3333333333333333,0.3333333333333333,0.65610254,
705,0,2,1,0.5,0.0,0.00013828411,
709,0,2,0,0.3333333333333333,0.3333333333333333,0.36889443,
710,0,2,0,0.0,1.0,0.0010456545,
717,0,2,1,0.5,0.0,0.95998967,
721,0,2,0,0.3333333333333333,0.3333333333333333,0.086298816,
723,0,2,0,0.1666666666666666,0.6666666666666667,0.054970764,
727,0,2,0,0.4,0.1999999999999999,0.6938727,
728,0,2,0,0.2,0.6,0.0063671498,
729,0,2,0,0.4,0.1999999999999999,0.83478284,
736,0,2,0,0.0,1.0,0.008797042,
1,0,3,0,0.3333333333333333,0.3333333333333333,0.00047393056,
3,0,3,0,0.0,1.0,0.00034170353,
9,0,3,0,0.0,1.0,0.006524342,
12,0,3,0,0.4,0.1999999999999999,0.0027334183,
13,0,3,0,0.2,0.6,0.3068627,
17,0,3,0,0.4,0.1999999999999999,0.8323258,
35,0,3,1,0.5,0.0,0.00869421,
37,0,3,0,0.2,0.6,0.009288995,
42,0,3,0,0.0,1.0,0.96295494,
43,0,3,0,0.2,0.6,0.9997771,
48,0,3,1,0.6,0.1999999999999999,0.0005541591,
54,0,3,0,0.25,0.5,0.96713734,
76,0,3,0,0.25,0.5,0.00050870935,
79,0,3,0,0.25,0.5,0.028221017,
86,0,3,0,0.0,1.0,0.07510471,
90,0,3,1,0.5,0.0,0.011846401,
97,0,3,0,0.25,0.5,0.023651076,
100,0,3,0,0.25,0.5,0.51004386,
103,0,3,0,0.1111111111111111,0.7777777777777778,0.005139078,
108,0,3,0,0.25,0.5,0.67033666,
115,0,3,0,0.0,1.0,0.00038752065,
119,0,3,0,0.1111111111111111,0.7777777777777778,0.026769046,
123,0,3,0,0.0,1.0,0.0006831592,
129,0,3,0,0.2,0.6,0.41902053,
132,0,3,0,0.2222222222222222,0.5555555555555556,0.015850205,
133,0,3,1,0.8888888888888888,0.7777777777777777,0.00013670769,
138,0,3,1,0.5555555555555556,0.1111111111111111,0.029633677,
144,0,3,0,0.0,1.0,0.94318616,
158,0,3,0,0.0,1.0,0.0002791505,
179,0,3,0,0.25,0.5,0.14181216,
180,0,3,0,0.0,1.0,0.3081758,
184,0,3,0,0.0,1.0,0.017469525,
185,0,3,0,0.25,0.5,0.43575197,
188,0,3,0,0.0,1.0,1.07417e-05,
195,0,3,0,0.0,1.0,0.8058382,
198,0,3,0,0.0,1.0,0.93627244,
203,0,3,0,0.2,0.6,0.00017195873,
205,0,3,0,0.2,0.6,0.039377004,
213,0,3,0,0.4,0.1999999999999999,0.83504975,
216,0,3,0,0.0,1.0,0.9970863,
220,0,3,0,0.4,0.1999999999999999,0.023566796,
222,0,3,0,0.2,0.6,0.12593028,
225,0,3,0,0.2,0.6,0.00020110139,
228,0,3,0,0.2,0.6,0.060302317,
236,0,3,0,0.0,1.0,0.00036077632,
238,0,3,0,0.25,0.5,8.5757124e-10,
242,0,3,1,0.6,0.1999999999999999,0.0067321965,
251,0,3,0,0.25,0.5,0.9444986,
257,0,3,0,0.25,0.5,0.11797493,
258,0,3,0,0.0,1.0,0.7419523,
269,0,3,1,0.5,0.0,0.07042681,
272,0,3,1,0.5,0.0,0.3399399,
278,0,3,0,0.25,0.5,0.052895535,
283,0,3,0,0.25,0.5,0.019698864,
290,0,3,0,0.0,1.0,0.058115683,
293,0,3,1,0.5,0.0,0.0012090899,
296,0,3,0,0.0,1.0,0.014003648,
297,0,3,0,0.0,1.0,0.0038233036,
302,0,3,0,0.0,1.0,0.0011381406,
303,0,3,0,0.0,1.0,0.9552331,
306,0,3,0,0.0,1.0,0.48729128,
311,0,3,0,0.4,0.1999999999999999,0.05446983,
313,0,3,0,0.0,1.0,0.09705009,
320,0,3,0,0.0,1.0,0.5819794,
343,0,3,1,0.8,0.6000000000000001,0.93744045,
351,0,3,0,0.0,1.0,0.007622712,
356,0,3,0,0.25,0.5,0.0064708483,
361,0,3,0,0.0,1.0,0.0035212599,
366,0,3,0,0.0,1.0,0.15505224,
367,0,3,0,0.25,0.5,0.040483844,
369,0,3,0,0.0,1.0,0.053338468,
370,0,3,0,0.0,1.0,0.7068188,
373,0,3,0,0.0,1.0,0.30408305,
378,0,3,1,0.5,0.0,0.20002961,
380,0,3,1,0.75,0.5,0.5888935,
385,0,3,1,0.5,0.0,0.41724658,
387,0,3,0,0.0,1.0,0.00013382257,
389,0,3,0,0.25,0.5,0.754663,
392,0,3,1,0.5,0.0,0.9926951,
396,0,3,1,0.75,0.5,0.65750706,
400,0,3,1,0.5,0.0,0.37199703,
402,0,3,1,0.6,0.1999999999999999,0.026504632,
403,0,3,0,0.0,1.0,0.011331651,
406,0,3,1,0.6,0.1999999999999999,0.0006349909,
410,0,3,1,0.6,0.1999999999999999,0.034083344,
415,0,3,0,0.0,1.0,0.6518911,
422,0,3,1,0.6,0.1999999999999999,0.96204364,
423,0,3,0,0.0,1.0,0.7783141,
428,0,3,1,0.6,0.1999999999999999,0.71131754,
429,0,3,0,0.0,1.0,0.8515206,
433,0,3,0,0.0,1.0,0.04206042,
440,0,3,0,0.0,1.0,0.62297386,
444,0,3,0,0.2,0.6,0.06723498,
445,0,3,0,0.0,1.0,0.013552545,
447,0,3,0,0.0,1.0,0.56874734,
455,0,3,0,0.0,1.0,0.062805966,
470,0,3,0,0.0,1.0,0.7286827,
472,0,3,0,0.25,0.5,0.0010034613,
473,0,3,0,0.25,0.5,0.76584494,
474,0,3,0,0.0,1.0,0.8832058,
475,0,3,0,0.25,0.5,0.9988804,
478,0,3,0,0.0,1.0,0.021279544,
484,0,3,0,0.25,0.5,0.64631486,
493,0,3,0,0.0,1.0,0.9926199,
500,0,3,0,0.25,0.5,0.6360345,
501,0,3,0,0.25,0.5,0.004600736,
502,0,3,1,0.75,0.5,0.1495648,
516,0,3,0,0.0,1.0,0.01787956,
525,0,3,0,0.2,0.6,2.326852e-05,
531,0,3,1,0.75,0.5,0.97930855,
536,0,3,0,0.3333333333333333,0.3333333333333333,0.04139862,
538,0,3,0,0.0,1.0,0.10560241,
543,0,3,1,0.5,0.0,0.9712263,
547,0,3,1,0.5,0.0,0.3893869,
560,0,3,0,0.1666666666666666,0.6666666666666667,1.0148778e-05,
576,0,3,1,0.5,0.0,0.7885829,
581,0,3,0,0.3333333333333333,0.3333333333333333,0.77632654,
591,0,3,1,0.5,0.0,0.76012766,
592,0,3,1,0.6,0.1999999999999999,0.0019652115,
597,0,3,0,0.0,1.0,0.056877945,
598,0,3,0,0.3333333333333333,0.3333333333333333,0.99223244,
600,0,3,0,0.1666666666666666,0.6666666666666667,0.030221697,
611,0,3,1,0.75,0.5,0.0039290576,
627,0,3,1,0.75,0.5,0.0006463324,
631,0,3,0,0.0,1.0,0.8781928,
637,0,3,1,0.5,0.0,0.15398602,
639,0,3,0,0.0,1.0,3.956049e-06,
640,0,3,1,0.75,0.5,0.0043681837,
643,0,3,1,0.5,0.0,0.027573423,
647,0,3,1,0.5,0.0,0.9992646,
651,0,3,0,0.3333333333333333,0.3333333333333333,0.010948331,
654,0,3,0,0.1666666666666666,0.6666666666666667,0.69484663,
659,0,3,1,0.6666666666666666,0.3333333333333332,0.0098227775,
665,0,3,0,0.1666666666666666,0.6666666666666667,0.79361445,
672,0,3,0,0.0,1.0,0.8416581,
677,0,3,1,0.6666666666666666,0.3333333333333332,0.0017820492,
680,0,3,0,0.0,1.0,0.098449335,
687,0,3,0,0.3333333333333333,0.3333333333333333,0.8763099,
696,0,3,0,0.1666666666666666,0.6666666666666667,0.0048023965,
697,0,3,1,0.5,0.0,0.06796786,
711,0,3,1,0.6,0.1999999999999999,0.47114348,
713,0,3,1,0.6,0.1999999999999999,0.011865922,
718,0,3,0,0.1666666666666666,0.6666666666666667,0.00031749392,
719,0,3,0,0.1666666666666666,0.6666666666666667,0.0013874534,
725,0,3,0,0.0,1.0,0.21636368,
732,0,3,0,0.0,1.0,0.25955093,
742,0,3,1,0.5,0.0,0.8121709,
8,0,4,0,0.0,1.0,0.27161527,
10,0,4,0,0.0,1.0,0.30461872,
11,0,4,1,0.6,0.1999999999999999,0.33966845,
20,0,4,0,0.25,0.5,0.5098757,
22,0,4,0,0.2,0.6,0.5317087,
33,0,4,0,0.4,0.1999999999999999,0.36592987,
36,0,4,0,0.2,0.6,0.42547357,
41,0,4,0,0.2,0.6,0.46292898,
44,0,4,0,0.0,1.0,0.5228777,
46,0,4,0,0.4,0.1999999999999999,0.5833354,
57,0,4,1,1.0,1.0,0.52571714,
60,0,4,0,0.0,1.0,0.43518856,
62,0,4,0,0.25,0.5,0.4452725,
70,0,4,0,0.0,1.0,0.40949744,
71,0,4,0,0.0,1.0,0.5239568,
75,0,4,0,0.0,1.0,0.4325714,
89,0,4,0,0.25,0.5,0.584041,
99,0,4,0,0.0,1.0,0.33160233,
104,0,4,0,0.1111111111111111,0.7777777777777778,0.42654538,
105,0,4,0,0.0,1.0,0.5099132,
106,0,4,1,1.0,1.0,0.45553184,
111,0,4,0,0.1111111111111111,0.7777777777777778,0.50440514,
114,0,4,0,0.1111111111111111,0.7777777777777778,0.6324898,
117,0,4,0,0.25,0.5,0.3975221,
135,0,4,0,0.1666666666666666,0.6666666666666667,0.34441298,
136,0,4,0,0.3333333333333333,0.3333333333333333,0.55268246,
137,0,4,1,0.6666666666666666,0.3333333333333332,0.34615183,
147,0,4,0,0.0,1.0,0.61464494,
162,0,4,0,0.2,0.6,0.32132322,
164,0,4,0,0.0,1.0,0.3210338,
165,0,4,0,0.0,1.0,0.5282825,
169,0,4,0,0.0,1.0,0.42416418,
170,0,4,0,0.1666666666666666,0.6666666666666667,0.35378483,
171,0,4,0,0.25,0.5,0.5061444,
175,0,4,0,0.0,1.0,0.36664522,
178,0,4,0,0.0,1.0,0.55892646,
181,0,4,1,0.5,0.0,0.41457355,
186,0,4,0,0.0,1.0,0.48380446,
191,0,4,0,0.0,1.0,0.4253207,
192,0,4,0,0.0,1.0,0.41986334,
193,0,4,0,0.25,0.5,0.44707143,
207,0,4,0,0.2,0.6,0.3443267,
214,0,4,0,0.2,0.6,0.5863156,
223,0,4,0,0.2,0.6,0.35598958,
227,0,4,1,1.0,1.0,0.38786316,
245,0,4,0,0.0,1.0,0.3266471,
254,0,4,0,0.25,0.5,0.42062098,
260,0,4,0,0.25,0.5,0.4493708,
261,0,4,0,0.25,0.5,0.5603247,
262,0,4,1,0.5,0.0,0.59805846,
263,0,4,0,0.2,0.6,0.36402652,
264,0,4,0,0.25,0.5,0.4434638,
271,0,4,0,0.0,1.0,0.5404266,
276,0,4,0,0.2,0.6,0.50831425,
292,0,4,0,0.25,0.5,0.58679867,
295,0,4,0,0.0,1.0,0.34371704,
298,0,4,0,0.25,0.5,0.4906902,
299,0,4,1,0.8,0.6000000000000001,0.4806934,
314,0,4,0,0.0,1.0,0.5450298,
325,0,4,0,0.0,1.0,0.37683237,
327,0,4,0,0.0,1.0,0.560236,
337,0,4,0,0.0,1.0,0.36875033,
341,0,4,1,0.6,0.1999999999999999,0.57888687,
347,0,4,0,0.4,0.1999999999999999,0.6161633,
349,0,4,0,0.0,1.0,0.22005996,
350,0,4,0,0.0,1.0,0.36278418,
363,0,4,0,0.0,1.0,0.61962235,
365,0,4,0,0.25,0.5,0.5276309,
368,0,4,1,0.5,0.0,0.5879226,
375,0,4,1,0.5,0.0,0.58394265,
377,0,4,0,0.25,0.5,0.35915518,
379,0,4,1,0.75,0.5,0.4855158,
382,0,4,1,0.5,0.0,0.42780143,
383,0,4,0,0.0,1.0,0.33020452,
386,0,4,0,0.25,0.5,0.48335874,
390,0,4,1,0.75,0.5,0.52022815,
391,0,4,0,0.0,1.0,0.2667181,
393,0,4,0,0.25,0.5,0.63150835,
395,0,4,1,0.5,0.0,0.6254165,
401,0,4,0,0.2,0.6,0.43477815,
418,0,4,0,0.0,1.0,0.5007051,
419,0,4,0,0.4,0.1999999999999999,0.42437315,
424,0,4,1,0.6,0.1999999999999999,0.44029173,
427,0,4,1,0.6,0.1999999999999999,0.4091959,
430,0,4,1,0.6,0.1999999999999999,0.41233817,
432,0,4,0,0.2,0.6,0.4682561,
434,0,4,0,0.0,1.0,0.34266025,
439,0,4,0,0.2,0.6,0.45719516,
450,0,4,0,0.2,0.6,0.5124848,
454,0,4,0,0.0,1.0,0.6245962,
462,0,4,1,0.5,0.0,0.600994,
464,0,4,0,0.0,1.0,0.601792,
466,0,4,1,0.5,0.0,0.60640067,
467,0,4,1,1.0,1.0,0.65393746,
476,0,4,0,0.0,1.0,0.56291234,
483,0,4,0,0.25,0.5,0.49167752,
494,0,4,1,0.8,0.6000000000000001,0.5866188,
507,0,4,1,1.0,1.0,0.45579022,
515,0,4,0,0.25,0.5,0.33231527,
522,0,4,0,0.25,0.5,0.3148706,
532,0,4,0,0.0,1.0,0.29766238,
537,0,4,0,0.25,0.5,0.4247188,
546,0,4,1,0.5,0.0,0.46482104,
551,0,4,1,0.6666666666666666,0.3333333333333332,0.5713843,
553,0,4,0,0.0,1.0,0.5172743,
558,0,4,1,0.5,0.0,0.5755541,
562,0,4,0,0.3333333333333333,0.3333333333333333,0.6380949,
568,0,4,1,1.0,1.0,0.56060475,
569,0,4,0,0.1666666666666666,0.6666666666666667,0.54669785,
570,0,4,1,0.6666666666666666,0.3333333333333332,0.59168607,
578,0,4,1,0.5,0.0,0.48896223,
580,0,4,0,0.3333333333333333,0.3333333333333333,0.3964849,
584,0,4,1,0.6666666666666666,0.3333333333333332,0.50657105,
585,0,4,1,0.5,0.0,0.45744038,
593,0,4,1,0.5,0.0,0.57628506,
594,0,4,0,0.0,1.0,0.4279497,
596,0,4,1,0.5,0.0,0.6559865,
599,0,4,0,0.0,1.0,0.42818525,
610,0,4,0,0.25,0.5,0.6261269,
613,0,4,0,0.0,1.0,0.5230838,
616,0,4,1,0.75,0.5,0.42464113,
619,0,4,0,0.25,0.5,0.6385968,
621,0,4,1,0.5,0.0,0.57495224,
625,0,4,0,0.0,1.0,0.33094907,
635,0,4,1,0.5,0.0,0.4928392,
644,0,4,0,0.25,0.5,0.5179274,
646,0,4,0,0.0,1.0,0.23196205,
655,0,4,1,0.6666666666666666,0.3333333333333332,0.45490432,
656,0,4,1,0.6666666666666666,0.3333333333333332,0.51143754,
662,0,4,0,0.0,1.0,0.36023977,
663,0,4,0,0.3333333333333333,0.3333333333333333,0.60402346,
668,0,4,0,0.1666666666666666,0.6666666666666667,0.6343978,
678,0,4,0,0.3333333333333333,0.3333333333333333,0.246813,
679,0,4,0,0.4,0.1999999999999999,0.30214798,
684,0,4,0,0.0,1.0,0.5082042,
688,0,4,0,0.1666666666666666,0.6666666666666667,0.4533077,
700,0,4,1,0.5,0.0,0.45016587,
701,0,4,0,0.1666666666666666,0.6666666666666667,0.57930636,
702,0,4,0,0.1666666666666666,0.6666666666666667,0.5210949,
706,0,4,1,0.6666666666666666,0.3333333333333332,0.5514419,
708,0,4,0,0.0,1.0,0.5674777,
716,0,4,1,0.6666666666666666,0.3333333333333332,0.5277769,
722,0,4,0,0.2,0.6,0.3285718,
724,0,4,0,0.2,0.6,0.45243543,
726,0,4,0,0.0,1.0,0.6203129,
734,0,4,0,0.0,1.0,0.44917986,
740,0,4,0,0.1666666666666666,0.6666666666666667,0.32998395,
5,1,0,0,0.2,0.6,0.37080103,
10,1,0,0,0.0,1.0,0.0069386596,
12,1,0,0,0.4,0.1999999999999999,0.5002738,
16,1,0,1,0.6,0.1999999999999999,0.58321846,
17,1,0,0,0.4,0.1999999999999999,0.43018103,
25,1,0,0,0.2,0.6,0.43847674,
26,1,0,1,0.8,0.6000000000000001,0.1896004,
30,1,0,0,0.2,0.6,0.19676277,
36,1,0,0,0.2,0.6,0.22267285,
37,1,0,0,0.2,0.6,0.16767633,
46,1,0,0,0.4,0.1999999999999999,0.3840409,
56,1,0,0,0.25,0.5,0.07810505,
63,1,0,0,0.0,1.0,0.45834866,
66,1,0,0,0.0,1.0,0.51834786,
72,1,0,0,0.25,0.5,0.2928194,
81,1,0,0,0.0,1.0,0.4260049,
82,1,0,0,0.25,0.5,0.4528907,
91,1,0,0,0.25,0.5,0.22068748,
93,1,0,0,0.0,1.0,0.41283962,
101,1,0,0,0.3333333333333333,0.3333333333333333,0.3434901,
102,1,0,0,0.0,1.0,0.109095186,
114,1,0,0,0.1111111111111111,0.7777777777777778,0.74024737,
117,1,0,0,0.25,0.5,0.097905025,
118,1,0,0,0.0,1.0,0.8342778,
122,1,0,0,0.0,1.0,0.2968006,
128,1,0,0,0.1111111111111111,0.7777777777777778,0.21773833,
141,1,0,0,0.0,1.0,0.31290027,
142,1,0,0,0.0,1.0,0.6803781,
145,1,0,0,0.4444444444444444,0.1111111111111111,0.07023655,
149,1,0,0,0.3333333333333333,0.3333333333333333,0.08554132,
150,1,0,0,0.0,1.0,0.54202217,
159,1,0,0,0.0,1.0,0.08510192,
179,1,0,0,0.25,0.5,0.4775977,
180,1,0,0,0.0,1.0,0.31717598,
184,1,0,0,0.0,1.0,0.028959809,
187,1,0,0,0.0,1.0,0.7081559,
195,1,0,0,0.0,1.0,0.5602257,
213,1,0,0,0.4,0.1999999999999999,0.3741745,
216,1,0,0,0.0,1.0,0.60519105,
226,1,0,0,0.0,1.0,0.23463663,
227,1,0,1,1.0,1.0,0.17979842,
231,1,0,1,0.5,0.0,0.32108876,
232,1,0,0,0.25,0.5,0.32334054,
235,1,0,0,0.0,1.0,0.07342999,
239,1,0,1,0.6,0.1999999999999999,0.14286044,
243,1,0,0,0.0,1.0,0.055548735,
248,1,0,0,0.4,0.1999999999999999,0.29494655,
249,1,0,1,0.6,0.1999999999999999,0.3184211,
250,1,0,0,0.4,0.1999999999999999,0.8144225,
251,1,0,0,0.25,0.5,0.3597632,
257,1,0,0,0.25,0.5,0.40184638,
263,1,0,0,0.2,0.6,0.1295439,
272,1,0,1,0.5,0.0,0.30414245,
273,1,0,1,0.5,0.0,0.118834555,
278,1,0,0,0.25,0.5,0.2837215,
285,1,0,0,0.4,0.1999999999999999,0.047337174,
287,1,0,0,0.25,0.5,0.26210192,
288,1,0,1,0.75,0.5,0.37477618,
297,1,0,0,0.0,1.0,0.112357914,
299,1,0,1,0.8,0.6000000000000001,0.34773892,
314,1,0,0,0.0,1.0,0.26643896,
317,1,0,0,0.4,0.1999999999999999,0.04378897,
320,1,0,0,0.0,1.0,0.6559541,
333,1,0,0,0.0,1.0,0.23681898,
335,1,0,1,0.5,0.0,0.03172216,
339,1,0,0,0.0,1.0,0.674821,
341,1,0,1,0.6,0.1999999999999999,0.6299746,
343,1,0,1,0.8,0.6000000000000001,0.7080682,
347,1,0,0,0.4,0.1999999999999999,0.6478597,
350,1,0,0,0.0,1.0,0.20237431,
352,1,0,0,0.25,0.5,0.44588357,
357,1,0,1,0.5,0.0,0.77690625,
358,1,0,0,0.25,0.5,0.6908307,
369,1,0,0,0.0,1.0,0.4016344,
373,1,0,0,0.0,1.0,0.72300565,
380,1,0,1,0.75,0.5,0.6146523,
386,1,0,0,0.25,0.5,0.4222319,
388,1,0,1,0.5,0.0,0.17889012,
389,1,0,0,0.25,0.5,0.7966372,
390,1,0,1,0.75,0.5,0.5741141,
393,1,0,0,0.25,0.5,0.39344043,
396,1,0,1,0.75,0.5,0.80455214,
401,1,0,0,0.2,0.6,0.19066036,
402,1,0,1,0.6,0.1999999999999999,0.12430518,
406,1,0,1,0.6,0.1999999999999999,0.13303018,
420,1,0,0,0.0,1.0,0.08940139,
425,1,0,0,0.0,1.0,0.64541435,
428,1,0,1,0.6,0.1999999999999999,0.2599442,
433,1,0,0,0.0,1.0,0.36109492,
444,1,0,0,0.2,0.6,0.76622826,
450,1,0,0,0.2,0.6,0.4740769,
454,1,0,0,0.0,1.0,0.76546276,
455,1,0,0,0.0,1.0,0.14722055,
457,1,0,1,0.5,0.0,0.6700561,
462,1,0,1,0.5,0.0,0.719352,
475,1,0,0,0.25,0.5,0.4803463,
479,1,0,0,0.0,1.0,0.1745773,
482,1,0,0,0.0,1.0,0.052711487,
489,1,0,0,0.0,1.0,0.61004466,
507,1,0,1,1.0,1.0,0.34507304,
511,1,0,1,0.5,0.0,0.72457016,
515,1,0,0,0.25,0.5,0.32054743,
525,1,0,0,0.2,0.6,0.14216194,
531,1,0,1,0.75,0.5,0.7190733,
537,1,0,0,0.25,0.5,0.27098984,
538,1,0,0,0.0,1.0,0.55510837,
540,1,0,0,0.25,0.5,0.932392,
549,1,0,0,0.0,1.0,0.19876906,
551,1,0,1,0.6666666666666666,0.3333333333333332,0.62394404,
553,1,0,0,0.0,1.0,0.45668072,
559,1,0,1,0.6666666666666666,0.3333333333333332,0.41194126,
560,1,0,0,0.1666666666666666,0.6666666666666667,0.038915027,
563,1,0,0,0.0,1.0,0.6182739,
577,1,0,0,0.1666666666666666,0.6666666666666667,0.23381618,
579,1,0,0,0.3333333333333333,0.3333333333333333,0.8355061,
580,1,0,0,0.3333333333333333,0.3333333333333333,0.33823872,
584,1,0,1,0.6666666666666666,0.3333333333333332,0.38792792,
589,1,0,0,0.3333333333333333,0.3333333333333333,0.546056,
593,1,0,1,0.5,0.0,0.45790768,
602,1,0,0,0.25,0.5,0.69645226,
604,1,0,1,0.75,0.5,0.73811746,
607,1,0,0,0.0,1.0,0.10934124,
611,1,0,1,0.75,0.5,0.5539768,
616,1,0,1,0.75,0.5,0.42169788,
618,1,0,0,0.0,1.0,0.8365108,
626,1,0,1,0.5,0.0,0.100044504,
630,1,0,1,0.5,0.0,0.67012084,
632,1,0,1,0.5,0.0,0.1233435,
635,1,0,1,0.5,0.0,0.18045469,
639,1,0,0,0.0,1.0,0.11957535,
641,1,0,0,0.0,1.0,0.46844614,
646,1,0,0,0.0,1.0,0.018556276,
648,1,0,1,0.5,0.0,0.33765045,
660,1,0,0,0.1666666666666666,0.6666666666666667,0.5841441,
674,1,0,0,0.3333333333333333,0.3333333333333333,0.5271771,
684,1,0,0,0.0,1.0,0.614327,
696,1,0,0,0.1666666666666666,0.6666666666666667,0.38091847,
697,1,0,1,0.5,0.0,0.31552523,
698,1,0,1,0.5,0.0,0.78845286,
703,1,0,0,0.0,1.0,0.63882494,
707,1,0,1,0.5,0.0,0.09930071,
710,1,0,0,0.0,1.0,0.10826793,
716,1,0,1,0.6666666666666666,0.3333333333333332,0.60842013,
718,1,0,0,0.1666666666666666,0.6666666666666667,0.6963811,
728,1,0,0,0.2,0.6,0.14650448,
734,1,0,0,0.0,1.0,0.11732322,
735,1,0,0,0.0,1.0,0.07098951,
6,1,1,0,0.2,0.6,0.64273393,
8,1,1,0,0.0,1.0,0.12779342,
9,1,1,0,0.0,1.0,0.3257488,
13,1,1,0,0.2,0.6,0.65963,
14,1,1,0,0.2,0.6,0.3848997,
21,1,1,0,0.2,0.6,0.48303637,
22,1,1,0,0.2,0.6,0.46046034,
29,1,1,0,0.2,0.6,0.648115,
32,1,1,0,0.2,0.6,0.25741082,
33,1,1,0,0.4,0.1999999999999999,0.2811518,
34,1,1,0,0.1666666666666666,0.6666666666666667,0.3066077,
41,1,1,0,0.2,0.6,0.1104044,
49,1,1,0,0.3333333333333333,0.3333333333333333,0.063078895,
50,1,1,1,0.8,0.6000000000000001,0.44085926,
51,1,1,0,0.25,0.5,0.43075675,
70,1,1,0,0.0,1.0,0.58425105,
71,1,1,0,0.0,1.0,0.49983212,
79,1,1,0,0.25,0.5,0.2911771,
85,1,1,0,0.25,0.5,0.7147232,
86,1,1,0,0.0,1.0,0.3715557,
88,1,1,1,0.5,0.0,0.18486768,
89,1,1,0,0.25,0.5,0.48902193,
94,1,1,0,0.25,0.5,0.1802499,
95,1,1,0,0.25,0.5,0.40891117,
108,1,1,0,0.25,0.5,0.50893617,
109,1,1,0,0.1111111111111111,0.7777777777777778,0.62997323,
115,1,1,0,0.0,1.0,0.20100038,
127,1,1,1,0.6666666666666666,0.3333333333333332,0.27884048,
129,1,1,0,0.2,0.6,0.5205887,
138,1,1,1,0.5555555555555556,0.1111111111111111,0.30601203,
139,1,1,0,0.0,1.0,0.24985203,
140,1,1,0,0.2222222222222222,0.5555555555555556,0.42901045,
156,1,1,0,0.25,0.5,0.1868546,
160,1,1,0,0.1666666666666666,0.6666666666666667,0.655061,
161,1,1,0,0.0,1.0,0.3016094,
166,1,1,0,0.25,0.5,0.29250854,
175,1,1,0,0.0,1.0,0.44331896,
188,1,1,0,0.0,1.0,0.28336167,
193,1,1,0,0.25,0.5,0.6051579,
194,1,1,0,0.0,1.0,0.3778999,
196,1,1,1,0.5,0.0,0.24167815,
198,1,1,0,0.0,1.0,0.7073308,
200,1,1,0,0.2,0.6,0.09765426,
205,1,1,0,0.2,0.6,0.36605093,
209,1,1,0,0.2,0.6,0.23730353,
210,1,1,0,0.4,0.1999999999999999,0.78149617,
212,1,1,0,0.2,0.6,0.5674633,
222,1,1,0,0.2,0.6,0.4117025,
225,1,1,0,0.2,0.6,0.275568,
230,1,1,0,0.2,0.6,0.17439455,
234,1,1,0,0.25,0.5,0.14307725,
237,1,1,0,0.4,0.1999999999999999,0.33395296,
241,1,1,1,0.6,0.1999999999999999,0.5216299,
247,1,1,0,0.2,0.6,0.5224843,
262,1,1,1,0.5,0.0,0.6360275,
264,1,1,0,0.25,0.5,0.3964367,
267,1,1,0,0.0,1.0,0.017206278,
271,1,1,0,0.0,1.0,0.3277448,
275,1,1,1,0.5,0.0,0.20431152,
277,1,1,1,0.5,0.0,0.35945135,
280,1,1,0,0.25,0.5,0.46984273,
284,1,1,1,0.5,0.0,0.33181068,
292,1,1,0,0.25,0.5,0.64230525,
293,1,1,1,0.5,0.0,0.23636356,
304,1,1,1,0.8,0.6000000000000001,0.7973729,
312,1,1,0,0.0,1.0,0.26088655,
324,1,1,0,0.2,0.6,0.5126792,
332,1,1,0,0.0,1.0,0.19736665,
342,1,1,0,0.2,0.6,0.537529,
346,1,1,1,0.6,0.1999999999999999,0.46568155,
351,1,1,0,0.0,1.0,0.37799275,
353,1,1,0,0.0,1.0,0.75743246,
355,1,1,0,0.25,0.5,0.16293417,
356,1,1,0,0.25,0.5,0.102362655,
360,1,1,0,0.25,0.5,0.29931724,
375,1,1,1,0.5,0.0,0.22291112,
378,1,1,1,0.5,0.0,0.15091808,
385,1,1,1,0.5,0.0,0.538805,
387,1,1,0,0.0,1.0,0.11116696,
399,1,1,0,0.25,0.5,0.30955094,
405,1,1,0,0.0,1.0,0.35802418,
407,1,1,0,0.2,0.6,0.263314,
408,1,1,0,0.4,0.1999999999999999,0.6237085,
412,1,1,1,1.0,1.0,0.6136589,
414,1,1,1,0.6,0.1999999999999999,0.39986858,
423,1,1,0,0.0,1.0,0.52839565,
431,1,1,0,0.4,0.1999999999999999,0.08985962,
439,1,1,0,0.2,0.6,0.4877813,
445,1,1,0,0.0,1.0,0.15150423,
449,1,1,0,0.4,0.1999999999999999,0.18771492,
460,1,1,0,0.0,1.0,0.40158707,
468,1,1,0,0.25,0.5,0.467236,
470,1,1,0,0.0,1.0,0.5936664,
476,1,1,0,0.0,1.0,0.5770656,
477,1,1,0,0.0,1.0,0.36818048,
478,1,1,0,0.0,1.0,0.28698608,
480,1,1,1,0.5,0.0,0.75071543,
483,1,1,0,0.25,0.5,0.33725014,
485,1,1,1,0.5,0.0,0.5581968,
488,1,1,1,0.5,0.0,0.78229,
490,1,1,0,0.25,0.5,0.26819915,
493,1,1,0,0.0,1.0,0.5202769,
494,1,1,1,0.8,0.6000000000000001,0.42455822,
497,1,1,0,0.0,1.0,0.39300683,
505,1,1,1,0.5,0.0,0.7909263,
506,1,1,1,0.75,0.5,0.7034398,
510,1,1,1,0.5,0.0,0.542408,
513,1,1,0,0.0,1.0,0.24758434,
518,1,1,0,0.25,0.5,0.71756774,
519,1,1,0,0.0,1.0,0.6156335,
524,1,1,0,0.0,1.0,0.7732539,
527,1,1,0,0.25,0.5,0.58162564,
528,1,1,0,0.0,1.0,0.3631493,
533,1,1,0,0.0,1.0,0.42628115,
536,1,1,0,0.3333333333333333,0.3333333333333333,0.25651294,
541,1,1,1,0.5,0.0,0.26846033,
542,1,1,0,0.25,0.5,0.33089763,
544,1,1,1,0.5,0.0,0.8222036,
554,1,1,1,0.5,0.0,0.81838953,
556,1,1,0,0.1666666666666666,0.6666666666666667,0.39592624,
564,1,1,1,0.5,0.0,0.8936532,
576,1,1,1,0.5,0.0,0.6027798,
581,1,1,0,0.3333333333333333,0.3333333333333333,0.68435574,
585,1,1,1,0.5,0.0,0.31051642,
591,1,1,1,0.5,0.0,0.5009563,
592,1,1,1,0.6,0.1999999999999999,0.19266805,
598,1,1,0,0.3333333333333333,0.3333333333333333,0.89134055,
620,1,1,1,0.75,0.5,0.27392185,
622,1,1,1,0.75,0.5,0.5118592,
628,1,1,0,0.0,1.0,0.24799302,
637,1,1,1,0.5,0.0,0.14373296,
645,1,1,1,0.75,0.5,0.7649996,
647,1,1,1,0.5,0.0,0.89052355,
658,1,1,0,0.1666666666666666,0.6666666666666667,0.81288403,
659,1,1,1,0.6666666666666666,0.3333333333333332,0.24887487,
668,1,1,0,0.1666666666666666,0.6666666666666667,0.8312646,
670,1,1,1,0.5,0.0,0.26146093,
679,1,1,0,0.4,0.1999999999999999,0.07973178,
686,1,1,0,0.0,1.0,0.54032195,
692,1,1,0,0.0,1.0,0.24294832,
693,1,1,1,0.5,0.0,0.11889474,
695,1,1,0,0.3333333333333333,0.3333333333333333,0.08301483,
699,1,1,0,0.1666666666666666,0.6666666666666667,0.63438606,
704,1,1,0,0.3333333333333333,0.3333333333333333,0.7117723,
706,1,1,1,0.6666666666666666,0.3333333333333332,0.5738647,
712,1,1,0,0.1666666666666666,0.6666666666666667,0.40804628,
729,1,1,0,0.4,0.1999999999999999,0.43963295,
1,1,2,0,0.3333333333333333,0.3333333333333333,0.32246026,
3,1,2,0,0.0,1.0,0.4619708,
11,1,2,1,0.6,0.1999999999999999,0.31603897,
18,1,2,1,0.6,0.1999999999999999,0.42891377,
20,1,2,0,0.25,0.5,0.51865923,
28,1,2,0,0.2,0.6,0.63665926,
31,1,2,0,0.1666666666666666,0.6666666666666667,0.369731,
43,1,2,0,0.2,0.6,0.66027427,
44,1,2,0,0.0,1.0,0.5003869,
60,1,2,0,0.0,1.0,0.46990418,
64,1,2,0,0.3333333333333333,0.3333333333333333,0.14945373,
67,1,2,0,0.0,1.0,0.39991155,
75,1,2,0,0.0,1.0,0.4018048,
90,1,2,1,0.5,0.0,0.3725811,
96,1,2,0,0.0,1.0,0.551366,
98,1,2,0,0.3333333333333333,0.3333333333333333,0.4666763,
99,1,2,0,0.0,1.0,0.27250698,
106,1,2,1,1.0,1.0,0.4417075,
113,1,2,0,0.1111111111111111,0.7777777777777778,0.63119316,
120,1,2,0,0.0,1.0,0.39564782,
121,1,2,0,0.1111111111111111,0.7777777777777778,0.34073707,
123,1,2,0,0.0,1.0,0.34917006,
124,1,2,0,0.0,1.0,0.35155675,
130,1,2,0,0.1111111111111111,0.7777777777777778,0.4303991,
133,1,2,1,0.8888888888888888,0.7777777777777777,0.29954612,
144,1,2,0,0.0,1.0,0.5099008,
151,1,2,0,0.0,1.0,0.44451845,
154,1,2,0,0.25,0.5,0.39208084,
158,1,2,0,0.0,1.0,0.2171619,
163,1,2,0,0.25,0.5,0.48106802,
168,1,2,0,0.25,0.5,0.5324606,
170,1,2,0,0.1666666666666666,0.6666666666666667,0.31355458,
171,1,2,0,0.25,0.5,0.41712517,
173,1,2,0,0.25,0.5,0.36226982,
176,1,2,0,0.0,1.0,0.32364425,
181,1,2,1,0.5,0.0,0.36797523,
182,1,2,0,0.0,1.0,0.6567372,
191,1,2,0,0.0,1.0,0.4408759,
192,1,2,0,0.0,1.0,0.40980715,
197,1,2,0,0.0,1.0,0.6089276,
199,1,2,0,0.25,0.5,0.4782362,
201,1,2,0,0.25,0.5,0.43471187,
204,1,2,0,0.4,0.1999999999999999,0.37313747,
217,1,2,0,0.0,1.0,0.4418255,
223,1,2,0,0.2,0.6,0.3799084,
233,1,2,0,0.0,1.0,0.2435472,
236,1,2,0,0.0,1.0,0.27555656,
240,1,2,0,0.2,0.6,0.41151738,
245,1,2,0,0.0,1.0,0.32556763,
258,1,2,0,0.0,1.0,0.4837687,
259,1,2,0,0.0,1.0,0.41197872,
260,1,2,0,0.25,0.5,0.3608238,
270,1,2,0,0.0,1.0,0.5849807,
274,1,2,1,0.5,0.0,0.6007204,
276,1,2,0,0.2,0.6,0.4726144,
279,1,2,0,0.2,0.6,0.28093326,
291,1,2,0,0.0,1.0,0.5549022,
294,1,2,0,0.0,1.0,0.46241647,
309,1,2,1,0.8,0.6000000000000001,0.6575975,
313,1,2,0,0.0,1.0,0.4989186,
315,1,2,1,0.8,0.6000000000000001,0.41116327,
321,1,2,1,0.6,0.1999999999999999,0.430265,
325,1,2,0,0.0,1.0,0.38702393,
326,1,2,0,0.0,1.0,0.24590632,
327,1,2,0,0.0,1.0,0.6272229,
328,1,2,1,0.6,0.1999999999999999,0.25477448,
330,1,2,0,0.4,0.1999999999999999,0.60051405,
334,1,2,0,0.4,0.1999999999999999,0.5544996,
344,1,2,0,0.2,0.6,0.59241265,
349,1,2,0,0.0,1.0,0.19728996,
362,1,2,1,0.75,0.5,0.52950895,
363,1,2,0,0.0,1.0,0.6171412,
366,1,2,0,0.0,1.0,0.6253084,
368,1,2,1,0.5,0.0,0.58628035,
391,1,2,0,0.0,1.0,0.2292092,
397,1,2,1,0.75,0.5,0.50116646,
404,1,2,1,0.6,0.1999999999999999,0.7444538,
409,1,2,0,0.4,0.1999999999999999,0.6037681,
411,1,2,0,0.2,0.6,0.61364514,
415,1,2,0,0.0,1.0,0.48489335,
416,1,2,0,0.0,1.0,0.56457156,
429,1,2,0,0.0,1.0,0.6289634,
435,1,2,0,0.4,0.1999999999999999,0.60788524,
436,1,2,0,0.4,0.1999999999999999,0.43275923,
437,1,2,1,0.6,0.1999999999999999,0.5050897,
464,1,2,0,0.0,1.0,0.6118982,
469,1,2,1,0.75,0.5,0.36258596,
472,1,2,0,0.25,0.5,0.3437016,
474,1,2,0,0.0,1.0,0.32759988,
481,1,2,0,0.0,1.0,0.54020685,
484,1,2,0,0.25,0.5,0.42362696,
486,1,2,0,0.25,0.5,0.81302273,
487,1,2,0,0.2,0.6,0.15634349,
498,1,2,0,0.0,1.0,0.29215473,
500,1,2,0,0.25,0.5,0.47273597,
501,1,2,0,0.25,0.5,0.46950018,
502,1,2,1,0.75,0.5,0.48400277,
516,1,2,0,0.0,1.0,0.32650155,
526,1,2,0,0.0,1.0,0.49144143,
534,1,2,1,0.75,0.5,0.4634332,
539,1,2,0,0.25,0.5,0.4921311,
543,1,2,1,0.5,0.0,0.48356482,
545,1,2,0,0.25,0.5,0.36576286,
547,1,2,1,0.5,0.0,0.5494653,
555,1,2,0,0.3333333333333333,0.3333333333333333,0.62949777,
557,1,2,0,0.3333333333333333,0.3333333333333333,0.39289206,
558,1,2,1,0.5,0.0,0.6169174,
567,1,2,0,0.3333333333333333,0.3333333333333333,0.5659417,
571,1,2,1,0.5,0.0,0.30082023,
573,1,2,0,0.3333333333333333,0.3333333333333333,0.61380994,
575,1,2,1,0.5,0.0,0.6504989,
582,1,2,1,0.5,0.0,0.59812665,
587,1,2,1,0.8333333333333334,0.6666666666666667,0.43656236,
595,1,2,1,0.8333333333333334,0.6666666666666667,0.48235202,
597,1,2,0,0.0,1.0,0.27977064,
600,1,2,0,0.1666666666666666,0.6666666666666667,0.42657924,
613,1,2,0,0.0,1.0,0.60794467,
615,1,2,1,0.75,0.5,0.5534217,
621,1,2,1,0.5,0.0,0.5293808,
623,1,2,1,0.5,0.0,0.42537242,
629,1,2,1,0.5,0.0,0.74094534,
638,1,2,0,0.25,0.5,0.41571736,
642,1,2,1,0.75,0.5,0.59764576,
649,1,2,1,0.5,0.0,0.45714095,
651,1,2,0,0.3333333333333333,0.3333333333333333,0.353135,
653,1,2,1,0.5,0.0,0.24325849,
655,1,2,1,0.6666666666666666,0.3333333333333332,0.4404214,
657,1,2,1,0.5,0.0,0.4596258,
661,1,2,1,0.8333333333333334,0.6666666666666667,0.7438034,
663,1,2,0,0.3333333333333333,0.3333333333333333,0.67207587,
672,1,2,0,0.0,1.0,0.42247212,
678,1,2,0,0.3333333333333333,0.3333333333333333,0.14811414,
680,1,2,0,0.0,1.0,0.3014606,
687,1,2,0,0.3333333333333333,0.3333333333333333,0.39227775,
688,1,2,0,0.1666666666666666,0.6666666666666667,0.4016115,
690,1,2,0,0.0,1.0,0.68430364,
691,1,2,0,0.1666666666666666,0.6666666666666667,0.5287907,
708,1,2,0,0.0,1.0,0.5583829,
711,1,2,1,0.6,0.1999999999999999,0.56795734,
715,1,2,1,0.5,0.0,0.31613854,
717,1,2,1,0.5,0.0,0.50952286,
719,1,2,0,0.1666666666666666,0.6666666666666667,0.5464742,
725,1,2,0,0.0,1.0,0.4674234,
727,1,2,0,0.4,0.1999999999999999,0.7043519,
731,1,2,0,0.0,1.0,0.48566765,
732,1,2,0,0.0,1.0,0.42608368,
739,1,2,0,0.3333333333333333,0.3333333333333333,0.49785244,
2,1,3,0,0.4,0.1999999999999999,0.0014880109,
24,1,3,0,0.0,1.0,0.002127929,
39,1,3,0,0.0,1.0,0.0045155864,
40,1,3,0,0.2,0.6,0.28707603,
42,1,3,0,0.0,1.0,0.0036846686,
45,1,3,0,0.0,1.0,0.14602697,
52,1,3,0,0.25,0.5,0.00013968982,
54,1,3,0,0.25,0.5,0.7496643,
57,1,3,1,1.0,1.0,0.009292283,
62,1,3,0,0.25,0.5,0.21726808,
65,1,3,0,0.25,0.5,0.03489036,
68,1,3,0,0.0,1.0,4.557258e-05,
69,1,3,0,0.0,1.0,0.00036831122,
76,1,3,0,0.25,0.5,0.015271643,
77,1,3,0,0.25,0.5,0.066434585,
78,1,3,0,0.0,1.0,8.102867e-05,
83,1,3,0,0.25,0.5,0.7355169,
84,1,3,0,0.3333333333333333,0.3333333333333333,0.9197258,
92,1,3,0,0.0,1.0,0.113576695,
103,1,3,0,0.1111111111111111,0.7777777777777778,0.25849998,
110,1,3,0,0.0,1.0,0.029620318,
119,1,3,0,0.1111111111111111,0.7777777777777778,0.39253852,
126,1,3,0,0.2222222222222222,0.5555555555555556,0.42489955,
131,1,3,0,0.0,1.0,0.0058425153,
132,1,3,0,0.2222222222222222,0.5555555555555556,0.003499842,
136,1,3,0,0.3333333333333333,0.3333333333333333,0.90323627,
137,1,3,1,0.6666666666666666,0.3333333333333332,0.063277386,
152,1,3,0,0.0,1.0,2.2107903e-05,
153,1,3,0,0.0,1.0,0.0006713902,
155,1,3,0,0.25,0.5,0.0005616738,
157,1,3,0,0.25,0.5,6.179567e-06,
177,1,3,0,0.0,1.0,0.0027325386,
186,1,3,0,0.0,1.0,0.015710577,
202,1,3,1,0.6,0.1999999999999999,0.2631738,
203,1,3,0,0.2,0.6,0.00641149,
206,1,3,1,0.5,0.0,0.053028375,
207,1,3,0,0.2,0.6,0.29006004,
208,1,3,0,0.0,1.0,8.329607e-09,
211,1,3,1,0.6,0.1999999999999999,0.53942466,
215,1,3,0,0.2,0.6,0.1752374,
219,1,3,0,0.0,1.0,0.5599131,
220,1,3,0,0.4,0.1999999999999999,0.010455354,
221,1,3,1,0.8,0.6000000000000001,4.0561732e-05,
229,1,3,0,0.0,1.0,0.041448206,
238,1,3,0,0.25,0.5,2.0072799e-10,
246,1,3,0,0.4,0.1999999999999999,0.7948047,
252,1,3,0,0.0,1.0,0.0037781955,
261,1,3,0,0.25,0.5,2.695892e-05,
265,1,3,1,0.5,0.0,0.49014014,
266,1,3,0,0.25,0.5,0.06971112,
268,1,3,1,0.5,0.0,0.00013811036,
282,1,3,0,0.25,0.5,0.0030914317,
286,1,3,0,0.2,0.6,0.5708292,
289,1,3,1,0.5,0.0,0.007877183,
298,1,3,0,0.25,0.5,0.94135016,
300,1,3,0,0.0,1.0,0.0031145262,
307,1,3,0,0.4,0.1999999999999999,0.58799624,
308,1,3,0,0.4,0.1999999999999999,0.033069156,
310,1,3,0,0.2,0.6,0.7564263,
316,1,3,0,0.4,0.1999999999999999,0.8185568,
318,1,3,0,0.4,0.1999999999999999,0.00073612493,
319,1,3,0,0.2,0.6,0.0030916098,
322,1,3,1,0.6,0.1999999999999999,0.41452348,
323,1,3,0,0.0,1.0,0.00039010684,
329,1,3,0,0.0,1.0,0.23779944,
331,1,3,0,0.0,1.0,0.35725272,
336,1,3,0,0.4,0.1999999999999999,0.8177835,
338,1,3,0,0.4,0.1999999999999999,0.14710985,
354,1,3,0,0.25,0.5,0.63476646,
365,1,3,0,0.25,0.5,0.13384616,
370,1,3,0,0.0,1.0,0.015367075,
374,1,3,1,0.5,0.0,0.5283159,
376,1,3,1,0.5,0.0,0.93303365,
382,1,3,1,0.5,0.0,5.8803264e-05,
383,1,3,0,0.0,1.0,0.00025863055,
384,1,3,0,0.25,0.5,0.008425273,
394,1,3,1,0.5,0.0,0.6527291,
395,1,3,1,0.5,0.0,0.99574417,
398,1,3,0,0.25,0.5,0.94700986,
403,1,3,0,0.0,1.0,0.00035377333,
417,1,3,0,0.2,0.6,0.9588125,
419,1,3,0,0.4,0.1999999999999999,0.0025298311,
426,1,3,1,0.8,0.6000000000000001,0.0015531932,
440,1,3,0,0.0,1.0,0.96413887,
443,1,3,0,0.0,1.0,0.0032946235,
447,1,3,0,0.0,1.0,0.5044024,
451,1,3,0,0.25,0.5,1.2450978e-06,
465,1,3,1,0.5,0.0,0.9626725,
466,1,3,1,0.5,0.0,0.99355257,
467,1,3,1,1.0,1.0,0.74885976,
471,1,3,0,0.0,1.0,0.99997866,
495,1,3,0,0.0,1.0,0.92639625,
496,1,3,1,0.75,0.5,0.21590468,
499,1,3,0,0.0,1.0,0.001844197,
503,1,3,0,0.0,1.0,0.19614992,
509,1,3,0,0.25,0.5,0.048225217,
514,1,3,1,0.75,0.5,0.8463252,
520,1,3,1,0.5,0.0,0.00030392013,
521,1,3,1,0.75,0.5,0.30502903,
522,1,3,0,0.25,0.5,0.48843914,
523,1,3,0,0.25,0.5,0.9464793,
529,1,3,1,0.5,0.0,0.05012422,
530,1,3,1,0.5,0.0,0.075558245,
535,1,3,0,0.25,0.5,0.87065697,
546,1,3,1,0.5,0.0,0.01422275,
552,1,3,1,0.6666666666666666,0.3333333333333332,0.006488493,
568,1,3,1,1.0,1.0,0.96701986,
570,1,3,1,0.6666666666666666,0.3333333333333332,0.5538635,
574,1,3,0,0.3333333333333333,0.3333333333333333,0.008610673,
583,1,3,1,0.5,0.0,0.9488034,
588,1,3,0,0.1666666666666666,0.6666666666666667,0.41172194,
590,1,3,0,0.3333333333333333,0.3333333333333333,0.239254,
594,1,3,0,0.0,1.0,0.032814976,
603,1,3,1,0.5,0.0,0.9328606,
610,1,3,0,0.25,0.5,0.999482,
612,1,3,0,0.0,1.0,0.00034374697,
617,1,3,1,0.5,0.0,0.25009793,
619,1,3,0,0.25,0.5,0.14135744,
624,1,3,0,0.25,0.5,0.00015757092,
627,1,3,1,0.75,0.5,0.14346558,
631,1,3,0,0.0,1.0,0.6341159,
633,1,3,1,0.5,0.0,0.9896664,
634,1,3,0,0.25,0.5,0.31828076,
636,1,3,0,0.0,1.0,0.0010489735,
650,1,3,0,0.0,1.0,0.90346533,
652,1,3,0,0.0,1.0,5.723948e-06,
654,1,3,0,0.1666666666666666,0.6666666666666667,0.3312049,
656,1,3,1,0.6666666666666666,0.3333333333333332,0.3150779,
664,1,3,1,0.6666666666666666,0.3333333333333332,0.99695957,
665,1,3,0,0.1666666666666666,0.6666666666666667,0.44795686,
667,1,3,0,0.3333333333333333,0.3333333333333333,0.99223363,
669,1,3,0,0.3333333333333333,0.3333333333333333,0.682076,
673,1,3,0,0.3333333333333333,0.3333333333333333,0.00093934056,
677,1,3,1,0.6666666666666666,0.3333333333333332,0.008992074,
681,1,3,0,0.1666666666666666,0.6666666666666667,0.9988564,
683,1,3,1,0.8333333333333334,0.6666666666666667,0.0720321,
689,1,3,0,0.0,1.0,2.2084692e-05,
702,1,3,0,0.1666666666666666,0.6666666666666667,0.007585964,
713,1,3,1,0.6,0.1999999999999999,0.6624451,
714,1,3,0,0.3333333333333333,0.3333333333333333,0.014142693,
720,1,3,0,0.0,1.0,0.39934674,
721,1,3,0,0.3333333333333333,0.3333333333333333,0.9741781,
722,1,3,0,0.2,0.6,0.020761652,
723,1,3,0,0.1666666666666666,0.6666666666666667,0.51445156,
726,1,3,0,0.0,1.0,0.780771,
738,1,3,0,0.3333333333333333,0.3333333333333333,0.0027844915,
742,1,3,1,0.5,0.0,0.9721031,
4,1,4,1,0.6,0.1999999999999999,0.87420624,
7,1,4,1,0.6,0.1999999999999999,0.86265576,
15,1,4,0,0.4,0.1999999999999999,0.35198689,
27,1,4,0,0.2,0.6,0.12074678,
35,1,4,1,0.5,0.0,0.35654348,
38,1,4,0,0.0,1.0,0.7901714,
47,1,4,0,0.25,0.5,0.2350047,
48,1,4,1,0.6,0.1999999999999999,0.22248536,
53,1,4,0,0.1666666666666666,0.6666666666666667,0.36932814,
55,1,4,0,0.0,1.0,0.58131653,
58,1,4,0,0.25,0.5,0.50162697,
59,1,4,0,0.25,0.5,0.41449884,
61,1,4,0,0.2,0.6,0.37120634,
73,1,4,0,0.0,1.0,0.23816851,
74,1,4,0,0.0,1.0,0.34017524,
80,1,4,0,0.0,1.0,0.39736354,
87,1,4,0,0.0,1.0,0.44353423,
97,1,4,0,0.25,0.5,0.17150488,
100,1,4,0,0.25,0.5,0.6258379,
104,1,4,0,0.1111111111111111,0.7777777777777778,0.66399306,
105,1,4,0,0.0,1.0,0.40695202,
107,1,4,0,0.1111111111111111,0.7777777777777778,0.31514865,
111,1,4,0,0.1111111111111111,0.7777777777777778,0.8163403,
112,1,4,0,0.125,0.75,0.35233152,
116,1,4,0,0.0,1.0,0.2087346,
125,1,4,0,0.125,0.75,0.22079517,
134,1,4,0,0.1111111111111111,0.7777777777777778,0.49641147,
135,1,4,0,0.1666666666666666,0.6666666666666667,0.20152417,
143,1,4,1,0.5555555555555556,0.1111111111111111,0.6156579,
146,1,4,1,0.8888888888888888,0.7777777777777777,0.26418716,
147,1,4,0,0.0,1.0,0.42149913,
148,1,4,0,0.1111111111111111,0.7777777777777778,0.0744316,
162,1,4,0,0.2,0.6,0.1543831,
164,1,4,0,0.0,1.0,0.13540846,
165,1,4,0,0.0,1.0,0.48608357,
167,1,4,0,0.0,1.0,0.6103871,
169,1,4,0,0.0,1.0,0.2759174,
172,1,4,0,0.0,1.0,0.18581124,
174,1,4,1,0.5,0.0,0.45384365,
178,1,4,0,0.0,1.0,0.78666747,
183,1,4,0,0.0,1.0,0.094332665,
185,1,4,0,0.25,0.5,0.31173527,
189,1,4,1,0.5,0.0,0.36349267,
190,1,4,0,0.25,0.5,0.14982684,
214,1,4,0,0.2,0.6,0.3813252,
224,1,4,0,0.4,0.1999999999999999,0.24382429,
228,1,4,0,0.2,0.6,0.28568825,
242,1,4,1,0.6,0.1999999999999999,0.31771135,
244,1,4,1,0.6,0.1999999999999999,0.5106837,
253,1,4,0,0.0,1.0,0.2533723,
254,1,4,0,0.25,0.5,0.3675475,
255,1,4,0,0.25,0.5,0.16916841,
269,1,4,1,0.5,0.0,0.10491292,
281,1,4,0,0.0,1.0,0.28835207,
283,1,4,0,0.25,0.5,0.48110312,
290,1,4,0,0.0,1.0,0.28660607,
295,1,4,0,0.0,1.0,0.1336129,
296,1,4,0,0.0,1.0,0.29426104,
302,1,4,0,0.0,1.0,0.27199712,
303,1,4,0,0.0,1.0,0.48957276,
306,1,4,0,0.0,1.0,0.52429247,
311,1,4,0,0.4,0.1999999999999999,0.15430433,
337,1,4,0,0.0,1.0,0.20176078,
340,1,4,1,0.6,0.1999999999999999,0.10589567,
345,1,4,0,0.0,1.0,0.035322376,
348,1,4,0,0.4,0.1999999999999999,0.9826633,
359,1,4,0,0.25,0.5,0.8810128,
361,1,4,0,0.0,1.0,0.0945583,
364,1,4,1,0.5,0.0,0.4362927,
367,1,4,0,0.25,0.5,0.7998454,
371,1,4,0,0.25,0.5,0.49867815,
372,1,4,0,0.25,0.5,0.18957257,
377,1,4,0,0.25,0.5,0.3178981,
379,1,4,1,0.75,0.5,0.42304492,
381,1,4,1,0.75,0.5,0.6250259,
392,1,4,1,0.5,0.0,0.89527756,
400,1,4,1,0.5,0.0,0.53795075,
410,1,4,1,0.6,0.1999999999999999,0.49062645,
413,1,4,0,0.0,1.0,0.41631353,
418,1,4,0,0.0,1.0,0.37275413,
421,1,4,0,0.2,0.6,0.20691296,
422,1,4,1,0.6,0.1999999999999999,0.31268948,
424,1,4,1,0.6,0.1999999999999999,0.12621094,
427,1,4,1,0.6,0.1999999999999999,0.501505,
430,1,4,1,0.6,0.1999999999999999,0.30799496,
432,1,4,0,0.2,0.6,0.4757132,
434,1,4,0,0.0,1.0,0.54203415,
438,1,4,0,0.1666666666666666,0.6666666666666667,0.4878737,
441,1,4,0,0.2,0.6,0.33425167,
442,1,4,1,0.8,0.6000000000000001,0.32624298,
446,1,4,0,0.2,0.6,0.6004641,
448,1,4,0,0.0,1.0,0.25504038,
452,1,4,0,0.25,0.5,0.30540955,
453,1,4,0,0.25,0.5,0.5171606,
456,1,4,1,0.5,0.0,0.43289086,
458,1,4,0,0.0,1.0,0.39073515,
459,1,4,0,0.25,0.5,0.18499005,
461,1,4,1,0.5,0.0,0.46367985,
463,1,4,0,0.25,0.5,0.702451,
473,1,4,0,0.25,0.5,0.40343136,
491,1,4,1,0.5,0.0,0.8263963,
492,1,4,0,0.3333333333333333,0.3333333333333333,0.08698313,
504,1,4,1,0.75,0.5,0.26960537,
508,1,4,1,0.75,0.5,0.24763873,
512,1,4,1,1.0,1.0,0.83516836,
517,1,4,0,0.25,0.5,0.51172984,
532,1,4,0,0.0,1.0,0.11656915,
548,1,4,1,0.5,0.0,0.18616813,
550,1,4,0,0.0,1.0,0.41327566,
561,1,4,1,0.5,0.0,0.2404125,
562,1,4,0,0.3333333333333333,0.3333333333333333,0.61016273,
565,1,4,0,0.3333333333333333,0.3333333333333333,0.5130352,
566,1,4,0,0.1666666666666666,0.6666666666666667,0.54124117,
569,1,4,0,0.1666666666666666,0.6666666666666667,0.59245443,
572,1,4,1,0.8333333333333334,0.6666666666666667,0.07283196,
578,1,4,1,0.5,0.0,0.34715506,
586,1,4,1,0.6666666666666666,0.3333333333333332,0.24800709,
596,1,4,1,0.5,0.0,0.53846586,
599,1,4,0,0.0,1.0,0.46879354,
601,1,4,0,0.0,1.0,0.14827184,
605,1,4,1,0.5,0.0,0.837863,
606,1,4,0,0.25,0.5,0.33468854,
608,1,4,0,0.0,1.0,0.92626965,
609,1,4,0,0.25,0.5,0.518604,
614,1,4,1,0.75,0.5,0.5527895,
625,1,4,0,0.0,1.0,0.11702503,
640,1,4,1,0.75,0.5,0.4558928,
643,1,4,1,0.5,0.0,0.73531157,
644,1,4,0,0.25,0.5,0.50608313,
662,1,4,0,0.0,1.0,0.34362802,
671,1,4,0,0.3333333333333333,0.3333333333333333,0.792487,
675,1,4,0,0.3333333333333333,0.3333333333333333,0.1798126,
676,1,4,0,0.1666666666666666,0.6666666666666667,0.14462587,
682,1,4,0,0.1666666666666666,0.6666666666666667,0.4432578,
685,1,4,0,0.0,1.0,0.1647444,
694,1,4,0,0.3333333333333333,0.3333333333333333,0.33670992,
700,1,4,1,0.5,0.0,0.46173552,
701,1,4,0,0.1666666666666666,0.6666666666666667,0.6448835,
705,1,4,1,0.5,0.0,0.22570056,
709,1,4,0,0.3333333333333333,0.3333333333333333,0.30636442,
724,1,4,0,0.2,0.6,0.4032236,
730,1,4,0,0.3333333333333333,0.3333333333333333,0.13359767,
733,1,4,0,0.1666666666666666,0.6666666666666667,0.30857402,
736,1,4,0,0.0,1.0,0.41327995,
737,1,4,0,0.1666666666666666,0.6666666666666667,0.1891616,
740,1,4,0,0.1666666666666666,0.6666666666666667,0.23119208,
741,1,4,0,0.2,0.6,0.6644703,
1,2,0,0,0.3333333333333333,0.3333333333333333,0.006885865,
4,2,0,1,0.6,0.1999999999999999,0.19760692,
6,2,0,0,0.2,0.6,0.13857606,
10,2,0,0,0.0,1.0,6.905484e-08,
12,2,0,0,0.4,0.1999999999999999,0.0020776663,
18,2,0,1,0.6,0.1999999999999999,7.934341e-06,
25,2,0,0,0.2,0.6,0.1847058,
33,2,0,0,0.4,0.1999999999999999,0.005380023,
38,2,0,0,0.0,1.0,0.9997715,
44,2,0,0,0.0,1.0,0.016916022,
48,2,0,1,0.6,0.1999999999999999,0.015141629,
57,2,0,1,1.0,1.0,0.0015419379,
60,2,0,0,0.0,1.0,0.44654608,
62,2,0,0,0.25,0.5,0.062202435,
70,2,0,0,0.0,1.0,0.20561379,
73,2,0,0,0.0,1.0,0.0012916467,
74,2,0,0,0.0,1.0,0.26879513,
80,2,0,0,0.0,1.0,0.2770646,
81,2,0,0,0.0,1.0,0.16808334,
84,2,0,0,0.3333333333333333,0.3333333333333333,0.619221,
91,2,0,0,0.25,0.5,6.0161856e-05,
98,2,0,0,0.3333333333333333,0.3333333333333333,0.25060835,
104,2,0,0,0.1111111111111111,0.7777777777777778,0.9016865,
108,2,0,0,0.25,0.5,0.18550001,
114,2,0,0,0.1111111111111111,0.7777777777777778,0.39749083,
118,2,0,0,0.0,1.0,0.9950247,
133,2,0,1,0.8888888888888888,0.7777777777777777,0.006387757,
134,2,0,0,0.1111111111111111,0.7777777777777778,0.09564943,
136,2,0,0,0.3333333333333333,0.3333333333333333,0.13358863,
139,2,0,0,0.0,1.0,0.8168503,
141,2,0,0,0.0,1.0,0.23830879,
144,2,0,0,0.0,1.0,0.9224427,
152,2,0,0,0.0,1.0,0.0012774292,
162,2,0,0,0.2,0.6,0.0008346114,
165,2,0,0,0.0,1.0,0.0062233317,
171,2,0,0,0.25,0.5,0.018670158,
173,2,0,0,0.25,0.5,0.0045249416,
182,2,0,0,0.0,1.0,0.00070809276,
185,2,0,0,0.25,0.5,0.99684083,
188,2,0,0,0.0,1.0,0.0022782134,
191,2,0,0,0.0,1.0,0.011241885,
203,2,0,0,0.2,0.6,0.04662876,
222,2,0,0,0.2,0.6,0.0746242,
244,2,0,1,0.6,0.1999999999999999,0.9890304,
248,2,0,0,0.4,0.1999999999999999,0.00740703,
250,2,0,0,0.4,0.1999999999999999,0.9952308,
253,2,0,0,0.0,1.0,0.05080603,
255,2,0,0,0.25,0.5,0.00032283,
257,2,0,0,0.25,0.5,0.46373686,
261,2,0,0,0.25,0.5,0.0010016547,
263,2,0,0,0.2,0.6,0.00395252,
265,2,0,1,0.5,0.0,0.94991595,
272,2,0,1,0.5,0.0,0.31682563,
273,2,0,1,0.5,0.0,0.17073002,
276,2,0,0,0.2,0.6,0.69939077,
288,2,0,1,0.75,0.5,0.023597224,
322,2,0,1,0.6,0.1999999999999999,0.007027932,
324,2,0,0,0.2,0.6,0.39191914,
326,2,0,0,0.0,1.0,0.00096851523,
327,2,0,0,0.0,1.0,0.08209889,
328,2,0,1,0.6,0.1999999999999999,0.00050164724,
331,2,0,0,0.0,1.0,0.9744691,
339,2,0,0,0.0,1.0,0.9072139,
343,2,0,1,0.8,0.6000000000000001,0.8463851,
345,2,0,0,0.0,1.0,1.1563875e-06,
346,2,0,1,0.6,0.1999999999999999,0.23133451,
352,2,0,0,0.25,0.5,0.708617,
353,2,0,0,0.0,1.0,0.9948135,
357,2,0,1,0.5,0.0,0.25830716,
363,2,0,0,0.0,1.0,0.4063964,
367,2,0,0,0.25,0.5,0.93516654,
371,2,0,0,0.25,0.5,0.5740233,
373,2,0,0,0.0,1.0,0.99597013,
375,2,0,1,0.5,0.0,0.00070676097,
387,2,0,0,0.0,1.0,3.8666163e-05,
392,2,0,1,0.5,0.0,0.9999073,
393,2,0,0,0.25,0.5,0.02268257,
394,2,0,1,0.5,0.0,0.85114276,
395,2,0,1,0.5,0.0,0.9914801,
398,2,0,0,0.25,0.5,0.92065305,
402,2,0,1,0.6,0.1999999999999999,0.003644227,
412,2,0,1,1.0,1.0,0.4774872,
414,2,0,1,0.6,0.1999999999999999,0.1713485,
416,2,0,0,0.0,1.0,0.23808375,
421,2,0,0,0.2,0.6,0.015749747,
428,2,0,1,0.6,0.1999999999999999,0.0008765353,
432,2,0,0,0.2,0.6,0.8560183,
435,2,0,0,0.4,0.1999999999999999,0.999881,
438,2,0,0,0.1666666666666666,0.6666666666666667,0.5187868,
442,2,0,1,0.8,0.6000000000000001,0.9493123,
444,2,0,0,0.2,0.6,0.6549735,
460,2,0,0,0.0,1.0,0.7560724,
465,2,0,1,0.5,0.0,0.8693603,
470,2,0,0,0.0,1.0,0.9085175,
471,2,0,0,0.0,1.0,0.9998201,
474,2,0,0,0.0,1.0,0.0034098527,
475,2,0,0,0.25,0.5,0.8670491,
476,2,0,0,0.0,1.0,0.91922206,
485,2,0,1,0.5,0.0,0.018528178,
489,2,0,0,0.0,1.0,0.99828243,
493,2,0,0,0.0,1.0,0.92879915,
498,2,0,0,0.0,1.0,0.0005439718,
505,2,0,1,0.5,0.0,0.98860145,
506,2,0,1,0.75,0.5,0.9686706,
515,2,0,0,0.25,0.5,0.035955902,
517,2,0,0,0.25,0.5,0.8308919,
525,2,0,0,0.2,0.6,3.3389402e-05,
526,2,0,0,0.0,1.0,0.030278515,
531,2,0,1,0.75,0.5,0.95940554,
533,2,0,0,0.0,1.0,0.07983343,
534,2,0,1,0.75,0.5,0.006636679,
535,2,0,0,0.25,0.5,0.8411076,
545,2,0,0,0.25,0.5,0.559795,
547,2,0,1,0.5,0.0,0.016731877,
548,2,0,1,0.5,0.0,2.7567421e-05,
549,2,0,0,0.0,1.0,0.0032871848,
552,2,0,1,0.6666666666666666,0.3333333333333332,0.6925331,
563,2,0,0,0.0,1.0,0.86199623,
571,2,0,1,0.5,0.0,0.92775095,
573,2,0,0,0.3333333333333333,0.3333333333333333,0.8182676,
577,2,0,0,0.1666666666666666,0.6666666666666667,0.7192011,
581,2,0,0,0.3333333333333333,0.3333333333333333,0.5953349,
583,2,0,1,0.5,0.0,0.99560785,
584,2,0,1,0.6666666666666666,0.3333333333333332,0.7594099,
588,2,0,0,0.1666666666666666,0.6666666666666667,0.9647469,
594,2,0,0,0.0,1.0,0.12227324,
601,2,0,0,0.0,1.0,0.008289326,
606,2,0,0,0.25,0.5,0.004884607,
615,2,0,1,0.75,0.5,0.8547026,
620,2,0,1,0.75,0.5,0.19711918,
652,2,0,0,0.0,1.0,0.006390184,
655,2,0,1,0.6666666666666666,0.3333333333333332,0.029213902,
656,2,0,1,0.6666666666666666,0.3333333333333332,0.30693072,
660,2,0,0,0.1666666666666666,0.6666666666666667,0.05766694,
661,2,0,1,0.8333333333333334,0.6666666666666667,0.9997724,
662,2,0,0,0.0,1.0,0.047825698,
674,2,0,0,0.3333333333333333,0.3333333333333333,0.79379356,
680,2,0,0,0.0,1.0,0.0048109354,
684,2,0,0,0.0,1.0,0.042456403,
689,2,0,0,0.0,1.0,0.0004280872,
699,2,0,0,0.1666666666666666,0.6666666666666667,0.9357784,
701,2,0,0,0.1666666666666666,0.6666666666666667,0.9962485,
721,2,0,0,0.3333333333333333,0.3333333333333333,0.5178826,
723,2,0,0,0.1666666666666666,0.6666666666666667,0.6495434,
737,2,0,0,0.1666666666666666,0.6666666666666667,3.059674e-05,
739,2,0,0,0.3333333333333333,0.3333333333333333,0.8590905,
742,2,0,1,0.5,0.0,0.9654175,
13,2,1,0,0.2,0.6,0.49214542,
14,2,1,0,0.2,0.6,0.50961035,
16,2,1,1,0.6,0.1999999999999999,0.38037735,
20,2,1,0,0.25,0.5,0.45577896,
29,2,1,0,0.2,0.6,0.54713583,
34,2,1,0,0.1666666666666666,0.6666666666666667,0.51003504,
35,2,1,1,0.5,0.0,0.4840517,
46,2,1,0,0.4,0.1999999999999999,0.5409932,
67,2,1,0,0.0,1.0,0.43133003,
82,2,1,0,0.25,0.5,0.48947525,
83,2,1,0,0.25,0.5,0.58140445,
85,2,1,0,0.25,0.5,0.5552985,
88,2,1,1,0.5,0.0,0.38177538,
93,2,1,0,0.0,1.0,0.4638754,
103,2,1,0,0.1111111111111111,0.7777777777777778,0.47447103,
116,2,1,0,0.0,1.0,0.35229206,
122,2,1,0,0.0,1.0,0.42432612,
123,2,1,0,0.0,1.0,0.35228795,
124,2,1,0,0.0,1.0,0.45530146,
127,2,1,1,0.6666666666666666,0.3333333333333332,0.36868125,
128,2,1,0,0.1111111111111111,0.7777777777777778,0.33702236,
131,2,1,0,0.0,1.0,0.40646625,
132,2,1,0,0.2222222222222222,0.5555555555555556,0.42405367,
143,2,1,1,0.5555555555555556,0.1111111111111111,0.54225993,
149,2,1,0,0.3333333333333333,0.3333333333333333,0.38402402,
153,2,1,0,0.0,1.0,0.37503755,
157,2,1,0,0.25,0.5,0.37746802,
159,2,1,0,0.0,1.0,0.38352746,
176,2,1,0,0.0,1.0,0.317483,
181,2,1,1,0.5,0.0,0.32460794,
184,2,1,0,0.0,1.0,0.35125238,
190,2,1,0,0.25,0.5,0.30118218,
196,2,1,1,0.5,0.0,0.4485607,
198,2,1,0,0.0,1.0,0.49445224,
199,2,1,0,0.25,0.5,0.37750432,
207,2,1,0,0.2,0.6,0.30907702,
208,2,1,0,0.0,1.0,0.2339204,
212,2,1,0,0.2,0.6,0.4887772,
216,2,1,0,0.0,1.0,0.6291682,
224,2,1,0,0.4,0.1999999999999999,0.38829273,
227,2,1,1,1.0,1.0,0.46651876,
229,2,1,0,0.0,1.0,0.5231824,
235,2,1,0,0.0,1.0,0.46022332,
240,2,1,0,0.2,0.6,0.48522133,
245,2,1,0,0.0,1.0,0.31483766,
247,2,1,0,0.2,0.6,0.58758354,
258,2,1,0,0.0,1.0,0.48628712,
262,2,1,1,0.5,0.0,0.57803303,
277,2,1,1,0.5,0.0,0.53163755,
278,2,1,0,0.25,0.5,0.37889546,
279,2,1,0,0.2,0.6,0.28241777,
285,2,1,0,0.4,0.1999999999999999,0.3632828,
287,2,1,0,0.25,0.5,0.51927114,
291,2,1,0,0.0,1.0,0.52607423,
292,2,1,0,0.25,0.5,0.6425445,
293,2,1,1,0.5,0.0,0.40961498,
295,2,1,0,0.0,1.0,0.3366362,
300,2,1,0,0.0,1.0,0.5058412,
304,2,1,1,0.8,0.6000000000000001,0.5680615,
307,2,1,0,0.4,0.1999999999999999,0.44691342,
309,2,1,1,0.8,0.6000000000000001,0.6134486,
318,2,1,0,0.4,0.1999999999999999,0.41311294,
347,2,1,0,0.4,0.1999999999999999,0.66848284,
349,2,1,0,0.0,1.0,0.26425493,
351,2,1,0,0.0,1.0,0.53066254,
358,2,1,0,0.25,0.5,0.5079113,
359,2,1,0,0.25,0.5,0.6625888,
360,2,1,0,0.25,0.5,0.47847426,
372,2,1,0,0.25,0.5,0.5016073,
374,2,1,1,0.5,0.0,0.4446938,
381,2,1,1,0.75,0.5,0.43033415,
382,2,1,1,0.5,0.0,0.37894845,
383,2,1,0,0.0,1.0,0.31720972,
384,2,1,0,0.25,0.5,0.48549676,
389,2,1,0,0.25,0.5,0.47658876,
399,2,1,0,0.25,0.5,0.4043479,
401,2,1,0,0.2,0.6,0.4774825,
405,2,1,0,0.0,1.0,0.5667756,
420,2,1,0,0.0,1.0,0.33341867,
427,2,1,1,0.6,0.1999999999999999,0.5447843,
430,2,1,1,0.6,0.1999999999999999,0.42022407,
431,2,1,0,0.4,0.1999999999999999,0.29350019,
433,2,1,0,0.0,1.0,0.45096546,
447,2,1,0,0.0,1.0,0.46968532,
456,2,1,1,0.5,0.0,0.5596489,
458,2,1,0,0.0,1.0,0.5916339,
461,2,1,1,0.5,0.0,0.6210413,
464,2,1,0,0.0,1.0,0.575981,
477,2,1,0,0.0,1.0,0.428178,
488,2,1,1,0.5,0.0,0.55956435,
492,2,1,0,0.3333333333333333,0.3333333333333333,0.37634385,
503,2,1,0,0.0,1.0,0.49183053,
508,2,1,1,0.75,0.5,0.3677613,
509,2,1,0,0.25,0.5,0.37302983,
510,2,1,1,0.5,0.0,0.507442,
520,2,1,1,0.5,0.0,0.37316757,
521,2,1,1,0.75,0.5,0.42690566,
524,2,1,0,0.0,1.0,0.61940265,
528,2,1,0,0.0,1.0,0.49592552,
538,2,1,0,0.0,1.0,0.5788568,
539,2,1,0,0.25,0.5,0.49149197,
541,2,1,1,0.5,0.0,0.42568895,
542,2,1,0,0.25,0.5,0.42350677,
543,2,1,1,0.5,0.0,0.52541924,
550,2,1,0,0.0,1.0,0.5335295,
568,2,1,1,1.0,1.0,0.5829712,
569,2,1,0,0.1666666666666666,0.6666666666666667,0.6127788,
575,2,1,1,0.5,0.0,0.72761065,
579,2,1,0,0.3333333333333333,0.3333333333333333,0.5248612,
580,2,1,0,0.3333333333333333,0.3333333333333333,0.32772493,
582,2,1,1,0.5,0.0,0.5658995,
586,2,1,1,0.6666666666666666,0.3333333333333332,0.4231149,
590,2,1,0,0.3333333333333333,0.3333333333333333,0.6185028,
592,2,1,1,0.6,0.1999999999999999,0.50991625,
593,2,1,1,0.5,0.0,0.54312193,
595,2,1,1,0.8333333333333334,0.6666666666666667,0.4798446,
600,2,1,0,0.1666666666666666,0.6666666666666667,0.48502225,
602,2,1,0,0.25,0.5,0.53873813,
603,2,1,1,0.5,0.0,0.4643271,
604,2,1,1,0.75,0.5,0.6827996,
605,2,1,1,0.5,0.0,0.6050767,
610,2,1,0,0.25,0.5,0.67528343,
612,2,1,0,0.0,1.0,0.2547673,
617,2,1,1,0.5,0.0,0.5000819,
619,2,1,0,0.25,0.5,0.6592138,
625,2,1,0,0.0,1.0,0.34746018,
638,2,1,0,0.25,0.5,0.48113635,
659,2,1,1,0.6666666666666666,0.3333333333333332,0.47067443,
663,2,1,0,0.3333333333333333,0.3333333333333333,0.52982914,
665,2,1,0,0.1666666666666666,0.6666666666666667,0.49069303,
672,2,1,0,0.0,1.0,0.47136417,
677,2,1,1,0.6666666666666666,0.3333333333333332,0.33485866,
678,2,1,0,0.3333333333333333,0.3333333333333333,0.22445762,
679,2,1,0,0.4,0.1999999999999999,0.29760462,
688,2,1,0,0.1666666666666666,0.6666666666666667,0.41335392,
690,2,1,0,0.0,1.0,0.63690805,
696,2,1,0,0.1666666666666666,0.6666666666666667,0.53282577,
697,2,1,1,0.5,0.0,0.528693,
706,2,1,1,0.6666666666666666,0.3333333333333332,0.60157514,
708,2,1,0,0.0,1.0,0.5638032,
712,2,1,0,0.1666666666666666,0.6666666666666667,0.51328135,
724,2,1,0,0.2,0.6,0.49511987,
726,2,1,0,0.0,1.0,0.56620276,
728,2,1,0,0.2,0.6,0.38189316,
733,2,1,0,0.1666666666666666,0.6666666666666667,0.42724496,
735,2,1,0,0.0,1.0,0.2773255,
736,2,1,0,0.0,1.0,0.5590862,
11,2,2,1,0.6,0.1999999999999999,0.40206861,
15,2,2,0,0.4,0.1999999999999999,0.5160915,
21,2,2,0,0.2,0.6,0.44753677,
24,2,2,0,0.0,1.0,0.56676257,
27,2,2,0,0.2,0.6,0.51116043,
28,2,2,0,0.2,0.6,0.52536166,
30,2,2,0,0.2,0.6,0.5515888,
31,2,2,0,0.1666666666666666,0.6666666666666667,0.4488808,
37,2,2,0,0.2,0.6,0.3695807,
47,2,2,0,0.25,0.5,0.41300467,
58,2,2,0,0.25,0.5,0.4407044,
59,2,2,0,0.25,0.5,0.3407148,
61,2,2,0,0.2,0.6,0.36132008,
64,2,2,0,0.3333333333333333,0.3333333333333333,0.22946098,
71,2,2,0,0.0,1.0,0.5451776,
76,2,2,0,0.25,0.5,0.4856373,
87,2,2,0,0.0,1.0,0.638658,
94,2,2,0,0.25,0.5,0.42091948,
95,2,2,0,0.25,0.5,0.37470466,
97,2,2,0,0.25,0.5,0.3860227,
101,2,2,0,0.3333333333333333,0.3333333333333333,0.365952,
105,2,2,0,0.0,1.0,0.4279889,
111,2,2,0,0.1111111111111111,0.7777777777777778,0.54703075,
113,2,2,0,0.1111111111111111,0.7777777777777778,0.5657033,
120,2,2,0,0.0,1.0,0.336816,
129,2,2,0,0.2,0.6,0.5894697,
142,2,2,0,0.0,1.0,0.58064294,
148,2,2,0,0.1111111111111111,0.7777777777777778,0.34425583,
150,2,2,0,0.0,1.0,0.40252984,
151,2,2,0,0.0,1.0,0.42826042,
156,2,2,0,0.25,0.5,0.4978974,
158,2,2,0,0.0,1.0,0.20263109,
163,2,2,0,0.25,0.5,0.52212894,
167,2,2,0,0.0,1.0,0.39712167,
168,2,2,0,0.25,0.5,0.43307012,
177,2,2,0,0.0,1.0,0.32468373,
179,2,2,0,0.25,0.5,0.5242424,
187,2,2,0,0.0,1.0,0.4758537,
189,2,2,1,0.5,0.0,0.4032156,
201,2,2,0,0.25,0.5,0.24732198,
205,2,2,0,0.2,0.6,0.33179396,
206,2,2,1,0.5,0.0,0.20259443,
213,2,2,0,0.4,0.1999999999999999,0.43029377,
214,2,2,0,0.2,0.6,0.5490792,
220,2,2,0,0.4,0.1999999999999999,0.30089033,
223,2,2,0,0.2,0.6,0.37477165,
237,2,2,0,0.4,0.1999999999999999,0.38189936,
238,2,2,0,0.25,0.5,0.1554742,
241,2,2,1,0.6,0.1999999999999999,0.33229595,
249,2,2,1,0.6,0.1999999999999999,0.47642297,
252,2,2,0,0.0,1.0,0.56629235,
259,2,2,0,0.0,1.0,0.35568607,
264,2,2,0,0.25,0.5,0.3029074,
268,2,2,1,0.5,0.0,0.3820431,
269,2,2,1,0.5,0.0,0.33855474,
270,2,2,0,0.0,1.0,0.6742573,
271,2,2,0,0.0,1.0,0.5796344,
275,2,2,1,0.5,0.0,0.49663544,
280,2,2,0,0.25,0.5,0.50269616,
281,2,2,0,0.0,1.0,0.5675967,
283,2,2,0,0.25,0.5,0.52124876,
284,2,2,1,0.5,0.0,0.43013227,
286,2,2,0,0.2,0.6,0.51136273,
290,2,2,0,0.0,1.0,0.48517925,
296,2,2,0,0.0,1.0,0.37507176,
298,2,2,0,0.25,0.5,0.5301745,
303,2,2,0,0.0,1.0,0.42996013,
306,2,2,0,0.0,1.0,0.6519761,
310,2,2,0,0.2,0.6,0.59802735,
312,2,2,0,0.0,1.0,0.30989844,
316,2,2,0,0.4,0.1999999999999999,0.47747505,
333,2,2,0,0.0,1.0,0.34734684,
335,2,2,1,0.5,0.0,0.26203433,
338,2,2,0,0.4,0.1999999999999999,0.671767,
342,2,2,0,0.2,0.6,0.3575794,
354,2,2,0,0.25,0.5,0.5346214,
355,2,2,0,0.25,0.5,0.33987236,
361,2,2,0,0.0,1.0,0.3247705,
364,2,2,1,0.5,0.0,0.42327833,
376,2,2,1,0.5,0.0,0.40004128,
378,2,2,1,0.5,0.0,0.28708646,
379,2,2,1,0.75,0.5,0.4835953,
388,2,2,1,0.5,0.0,0.36412525,
390,2,2,1,0.75,0.5,0.49423635,
406,2,2,1,0.6,0.1999999999999999,0.3415668,
409,2,2,0,0.4,0.1999999999999999,0.55503297,
411,2,2,0,0.2,0.6,0.49996427,
413,2,2,0,0.0,1.0,0.474864,
418,2,2,0,0.0,1.0,0.5752504,
422,2,2,1,0.6,0.1999999999999999,0.4649491,
424,2,2,1,0.6,0.1999999999999999,0.39640057,
429,2,2,0,0.0,1.0,0.6896187,
434,2,2,0,0.0,1.0,0.39848506,
441,2,2,0,0.2,0.6,0.59202456,
445,2,2,0,0.0,1.0,0.4096759,
446,2,2,0,0.2,0.6,0.54680526,
448,2,2,0,0.0,1.0,0.32191193,
452,2,2,0,0.25,0.5,0.5422219,
462,2,2,1,0.5,0.0,0.61966425,
463,2,2,0,0.25,0.5,0.48320204,
467,2,2,1,1.0,1.0,0.7224743,
480,2,2,1,0.5,0.0,0.58150965,
496,2,2,1,0.75,0.5,0.42397088,
499,2,2,0,0.0,1.0,0.40301245,
512,2,2,1,1.0,1.0,0.65764666,
514,2,2,1,0.75,0.5,0.52655077,
516,2,2,0,0.0,1.0,0.3455475,
518,2,2,0,0.25,0.5,0.601529,
519,2,2,0,0.0,1.0,0.5634476,
530,2,2,1,0.5,0.0,0.41776723,
546,2,2,1,0.5,0.0,0.42014724,
553,2,2,0,0.0,1.0,0.5148924,
554,2,2,1,0.5,0.0,0.5608096,
555,2,2,0,0.3333333333333333,0.3333333333333333,0.6281942,
559,2,2,1,0.6666666666666666,0.3333333333333332,0.39346874,
566,2,2,0,0.1666666666666666,0.6666666666666667,0.48015755,
607,2,2,0,0.0,1.0,0.42713803,
609,2,2,0,0.25,0.5,0.49652597,
613,2,2,0,0.0,1.0,0.5275586,
618,2,2,0,0.0,1.0,0.60174835,
622,2,2,1,0.75,0.5,0.49528384,
623,2,2,1,0.5,0.0,0.41210032,
627,2,2,1,0.75,0.5,0.5592315,
628,2,2,0,0.0,1.0,0.37842113,
630,2,2,1,0.5,0.0,0.5754397,
636,2,2,0,0.0,1.0,0.4073704,
642,2,2,1,0.75,0.5,0.6004132,
643,2,2,1,0.5,0.0,0.4464782,
646,2,2,0,0.0,1.0,0.20432582,
647,2,2,1,0.5,0.0,0.6106064,
650,2,2,0,0.0,1.0,0.3223811,
657,2,2,1,0.5,0.0,0.33788043,
658,2,2,0,0.1666666666666666,0.6666666666666667,0.59069836,
667,2,2,0,0.3333333333333333,0.3333333333333333,0.49582797,
668,2,2,0,0.1666666666666666,0.6666666666666667,0.6850751,
671,2,2,0,0.3333333333333333,0.3333333333333333,0.459683,
681,2,2,0,0.1666666666666666,0.6666666666666667,0.46718585,
686,2,2,0,0.0,1.0,0.54378915,
692,2,2,0,0.0,1.0,0.391445,
695,2,2,0,0.3333333333333333,0.3333333333333333,0.3460402,
700,2,2,1,0.5,0.0,0.36568916,
702,2,2,0,0.1666666666666666,0.6666666666666667,0.522137,
710,2,2,0,0.0,1.0,0.23635173,
713,2,2,1,0.6,0.1999999999999999,0.5617921,
716,2,2,1,0.6666666666666666,0.3333333333333332,0.5155244,
732,2,2,0,0.0,1.0,0.39952004,
738,2,2,0,0.3333333333333333,0.3333333333333333,0.45210797,
2,2,3,0,0.4,0.1999999999999999,0.060812194,
7,2,3,1,0.6,0.1999999999999999,0.8279198,
8,2,3,0,0.0,1.0,0.002580075,
9,2,3,0,0.0,1.0,0.06729005,
26,2,3,1,0.8,0.6000000000000001,0.01787519,
32,2,3,0,0.2,0.6,0.16289045,
39,2,3,0,0.0,1.0,0.0027365913,
40,2,3,0,0.2,0.6,0.7729466,
42,2,3,0,0.0,1.0,0.0645106,
45,2,3,0,0.0,1.0,0.59375143,
52,2,3,0,0.25,0.5,0.39910766,
53,2,3,0,0.1666666666666666,0.6666666666666667,0.71693873,
55,2,3,0,0.0,1.0,0.77616197,
56,2,3,0,0.25,0.5,0.019450843,
63,2,3,0,0.0,1.0,0.23954369,
69,2,3,0,0.0,1.0,0.237058,
75,2,3,0,0.0,1.0,0.03712026,
77,2,3,0,0.25,0.5,0.04592868,
78,2,3,0,0.0,1.0,0.015575451,
79,2,3,0,0.25,0.5,0.34393856,
90,2,3,1,0.5,0.0,0.061913177,
92,2,3,0,0.0,1.0,0.18416801,
96,2,3,0,0.0,1.0,0.036386557,
99,2,3,0,0.0,1.0,0.004095842,
100,2,3,0,0.25,0.5,0.63630223,
109,2,3,0,0.1111111111111111,0.7777777777777778,0.61042726,
119,2,3,0,0.1111111111111111,0.7777777777777778,0.2024084,
121,2,3,0,0.1111111111111111,0.7777777777777778,0.13943897,
130,2,3,0,0.1111111111111111,0.7777777777777778,0.0067667468,
138,2,3,1,0.5555555555555556,0.1111111111111111,0.16360387,
147,2,3,0,0.0,1.0,0.2809146,
160,2,3,0,0.1666666666666666,0.6666666666666667,0.9412447,
164,2,3,0,0.0,1.0,0.0012588197,
166,2,3,0,0.25,0.5,0.20719156,
172,2,3,0,0.0,1.0,0.001919624,
180,2,3,0,0.0,1.0,0.33891106,
183,2,3,0,0.0,1.0,0.014351765,
194,2,3,0,0.0,1.0,0.5120648,
195,2,3,0,0.0,1.0,0.87253034,
202,2,3,1,0.6,0.1999999999999999,0.076164305,
210,2,3,0,0.4,0.1999999999999999,0.42416304,
211,2,3,1,0.6,0.1999999999999999,0.4395452,
215,2,3,0,0.2,0.6,0.4842963,
225,2,3,0,0.2,0.6,0.1070696,
226,2,3,0,0.0,1.0,0.0028516739,
230,2,3,0,0.2,0.6,0.0684021,
231,2,3,1,0.5,0.0,0.66505826,
232,2,3,0,0.25,0.5,0.62446123,
246,2,3,0,0.4,0.1999999999999999,0.5736637,
251,2,3,0,0.25,0.5,0.48333186,
260,2,3,0,0.25,0.5,0.099381536,
266,2,3,0,0.25,0.5,0.098455474,
267,2,3,0,0.0,1.0,0.0076184794,
274,2,3,1,0.5,0.0,0.13638926,
282,2,3,0,0.25,0.5,0.025857883,
297,2,3,0,0.0,1.0,0.03475216,
302,2,3,0,0.0,1.0,0.00805109,
308,2,3,0,0.4,0.1999999999999999,0.021312263,
311,2,3,0,0.4,0.1999999999999999,0.00096803287,
314,2,3,0,0.0,1.0,0.5272347,
321,2,3,1,0.6,0.1999999999999999,0.3546356,
325,2,3,0,0.0,1.0,0.03142458,
329,2,3,0,0.0,1.0,0.22074188,
332,2,3,0,0.0,1.0,0.5823139,
334,2,3,0,0.4,0.1999999999999999,0.5135813,
336,2,3,0,0.4,0.1999999999999999,0.27265584,
337,2,3,0,0.0,1.0,0.40095633,
340,2,3,1,0.6,0.1999999999999999,0.0063275793,
341,2,3,1,0.6,0.1999999999999999,0.8158097,
344,2,3,0,0.2,0.6,0.2676795,
348,2,3,0,0.4,0.1999999999999999,0.9793071,
362,2,3,1,0.75,0.5,0.72643995,
368,2,3,1,0.5,0.0,0.1730431,
397,2,3,1,0.75,0.5,0.5120983,
408,2,3,0,0.4,0.1999999999999999,0.5592877,
410,2,3,1,0.6,0.1999999999999999,0.020868275,
425,2,3,0,0.0,1.0,0.38815513,
426,2,3,1,0.8,0.6000000000000001,0.18497472,
436,2,3,0,0.4,0.1999999999999999,0.115320325,
439,2,3,0,0.2,0.6,0.20982555,
440,2,3,0,0.0,1.0,0.8993987,
443,2,3,0,0.0,1.0,0.00026442824,
449,2,3,0,0.4,0.1999999999999999,0.08588903,
450,2,3,0,0.2,0.6,0.2524282,
451,2,3,0,0.25,0.5,0.00079718896,
453,2,3,0,0.25,0.5,0.69272506,
454,2,3,0,0.0,1.0,0.9979819,
455,2,3,0,0.0,1.0,0.018389195,
459,2,3,0,0.25,0.5,0.19472799,
466,2,3,1,0.5,0.0,0.49285227,
468,2,3,0,0.25,0.5,0.047684167,
469,2,3,1,0.75,0.5,0.19167998,
478,2,3,0,0.0,1.0,0.3019642,
479,2,3,0,0.0,1.0,0.02079564,
481,2,3,0,0.0,1.0,0.12126162,
482,2,3,0,0.0,1.0,0.002630095,
483,2,3,0,0.25,0.5,0.0022869536,
486,2,3,0,0.25,0.5,0.86249703,
487,2,3,0,0.2,0.6,0.0020640735,
490,2,3,0,0.25,0.5,0.07090035,
497,2,3,0,0.0,1.0,0.7096462,
504,2,3,1,0.75,0.5,0.062301487,
513,2,3,0,0.0,1.0,0.037743933,
523,2,3,0,0.25,0.5,0.952948,
529,2,3,1,0.5,0.0,0.047361884,
536,2,3,0,0.3333333333333333,0.3333333333333333,0.17501159,
544,2,3,1,0.5,0.0,0.96800876,
551,2,3,1,0.6666666666666666,0.3333333333333332,0.39779598,
557,2,3,0,0.3333333333333333,0.3333333333333333,0.092023075,
558,2,3,1,0.5,0.0,0.91095287,
560,2,3,0,0.1666666666666666,0.6666666666666667,0.0008017827,
561,2,3,1,0.5,0.0,0.032608375,
565,2,3,0,0.3333333333333333,0.3333333333333333,0.45068556,
570,2,3,1,0.6666666666666666,0.3333333333333332,0.013616535,
574,2,3,0,0.3333333333333333,0.3333333333333333,0.032613,
585,2,3,1,0.5,0.0,0.069072016,
587,2,3,1,0.8333333333333334,0.6666666666666667,0.99940264,
596,2,3,1,0.5,0.0,0.8218736,
597,2,3,0,0.0,1.0,0.13713327,
598,2,3,0,0.3333333333333333,0.3333333333333333,0.99069667,
611,2,3,1,0.75,0.5,0.8516182,
621,2,3,1,0.5,0.0,0.9903606,
629,2,3,1,0.5,0.0,0.93378663,
637,2,3,1,0.5,0.0,0.025989095,
644,2,3,0,0.25,0.5,0.6184131,
648,2,3,1,0.5,0.0,0.2995296,
653,2,3,1,0.5,0.0,0.18209085,
654,2,3,0,0.1666666666666666,0.6666666666666667,0.77269435,
670,2,3,1,0.5,0.0,0.27417246,
682,2,3,0,0.1666666666666666,0.6666666666666667,0.93013334,
683,2,3,1,0.8333333333333334,0.6666666666666667,0.062286176,
685,2,3,0,0.0,1.0,0.132121,
687,2,3,0,0.3333333333333333,0.3333333333333333,0.58842176,
691,2,3,0,0.1666666666666666,0.6666666666666667,0.6694162,
693,2,3,1,0.5,0.0,0.20784056,
704,2,3,0,0.3333333333333333,0.3333333333333333,0.4219753,
705,2,3,1,0.5,0.0,0.06861262,
711,2,3,1,0.6,0.1999999999999999,0.26274806,
717,2,3,1,0.5,0.0,0.9380134,
719,2,3,0,0.1666666666666666,0.6666666666666667,0.05538116,
722,2,3,0,0.2,0.6,0.14482927,
725,2,3,0,0.0,1.0,0.08028425,
727,2,3,0,0.4,0.1999999999999999,0.6541531,
729,2,3,0,0.4,0.1999999999999999,0.38228306,
730,2,3,0,0.3333333333333333,0.3333333333333333,0.123143375,
734,2,3,0,0.0,1.0,0.3045009,
740,2,3,0,0.1666666666666666,0.6666666666666667,0.05711793,
3,2,4,0,0.0,1.0,0.043725267,
5,2,4,0,0.2,0.6,0.6082506,
17,2,4,0,0.4,0.1999999999999999,0.52311933,
22,2,4,0,0.2,0.6,0.3745336,
36,2,4,0,0.2,0.6,0.0074872,
41,2,4,0,0.2,0.6,0.00017215713,
43,2,4,0,0.2,0.6,0.99094117,
49,2,4,0,0.3333333333333333,0.3333333333333333,3.583356e-05,
50,2,4,1,0.8,0.6000000000000001,4.7216556e-05,
51,2,4,0,0.25,0.5,0.9812642,
54,2,4,0,0.25,0.5,0.4560789,
65,2,4,0,0.25,0.5,0.00571316,
66,2,4,0,0.0,1.0,0.17705777,
68,2,4,0,0.0,1.0,7.7840676e-05,
72,2,4,0,0.25,0.5,0.0020310371,
86,2,4,0,0.0,1.0,0.06727718,
89,2,4,0,0.25,0.5,0.45798278,
102,2,4,0,0.0,1.0,1.4944777e-07,
106,2,4,1,1.0,1.0,0.0047624893,
107,2,4,0,0.1111111111111111,0.7777777777777778,0.21131457,
110,2,4,0,0.0,1.0,1.4132561e-05,
112,2,4,0,0.125,0.75,0.9938633,
115,2,4,0,0.0,1.0,0.08080358,
117,2,4,0,0.25,0.5,0.0015549939,
125,2,4,0,0.125,0.75,0.23559624,
126,2,4,0,0.2222222222222222,0.5555555555555556,0.44969985,
135,2,4,0,0.1666666666666666,0.6666666666666667,4.512697e-06,
137,2,4,1,0.6666666666666666,0.3333333333333332,3.8270955e-05,
140,2,4,0,0.2222222222222222,0.5555555555555556,0.7338263,
145,2,4,0,0.4444444444444444,0.1111111111111111,0.00012437435,
146,2,4,1,0.8888888888888888,0.7777777777777777,0.013682683,
154,2,4,0,0.25,0.5,0.0014692249,
155,2,4,0,0.25,0.5,9.346703e-07,
161,2,4,0,0.0,1.0,0.0006298917,
169,2,4,0,0.0,1.0,0.012174264,
170,2,4,0,0.1666666666666666,0.6666666666666667,0.001634709,
174,2,4,1,0.5,0.0,0.8807009,
175,2,4,0,0.0,1.0,0.009198665,
178,2,4,0,0.0,1.0,0.9996258,
186,2,4,0,0.0,1.0,0.3118748,
192,2,4,0,0.0,1.0,0.026581656,
193,2,4,0,0.25,0.5,0.06699556,
197,2,4,0,0.0,1.0,0.4670984,
200,2,4,0,0.2,0.6,9.935488e-07,
204,2,4,0,0.4,0.1999999999999999,0.05653464,
209,2,4,0,0.2,0.6,0.0020358714,
217,2,4,0,0.0,1.0,0.86509913,
219,2,4,0,0.0,1.0,0.74963725,
221,2,4,1,0.8,0.6000000000000001,0.00091292895,
228,2,4,0,0.2,0.6,0.027695522,
233,2,4,0,0.0,1.0,0.0011251761,
234,2,4,0,0.25,0.5,0.0026030838,
236,2,4,0,0.0,1.0,0.000106811436,
239,2,4,1,0.6,0.1999999999999999,1.3598241e-06,
242,2,4,1,0.6,0.1999999999999999,0.48235583,
243,2,4,0,0.0,1.0,0.000738307,
254,2,4,0,0.25,0.5,0.0018522509,
289,2,4,1,0.5,0.0,0.0075039547,
294,2,4,0,0.0,1.0,0.004041639,
299,2,4,1,0.8,0.6000000000000001,0.9702627,
313,2,4,0,0.0,1.0,0.16133955,
315,2,4,1,0.8,0.6000000000000001,0.9989383,
317,2,4,0,0.4,0.1999999999999999,2.1027046e-05,
319,2,4,0,0.2,0.6,0.2607634,
320,2,4,0,0.0,1.0,0.37005645,
323,2,4,0,0.0,1.0,0.1835701,
330,2,4,0,0.4,0.1999999999999999,0.9193274,
350,2,4,0,0.0,1.0,0.001993251,
356,2,4,0,0.25,0.5,0.2225913,
365,2,4,0,0.25,0.5,0.7472904,
366,2,4,0,0.0,1.0,0.66567683,
369,2,4,0,0.0,1.0,1.5084921e-05,
370,2,4,0,0.0,1.0,0.015464022,
377,2,4,0,0.25,0.5,0.0027486943,
380,2,4,1,0.75,0.5,0.041280124,
385,2,4,1,0.5,0.0,0.681254,
386,2,4,0,0.25,0.5,0.12412905,
391,2,4,0,0.0,1.0,0.0019533518,
396,2,4,1,0.75,0.5,0.8080987,
400,2,4,1,0.5,0.0,0.017320031,
403,2,4,0,0.0,1.0,3.0114537e-05,
404,2,4,1,0.6,0.1999999999999999,0.14062765,
407,2,4,0,0.2,0.6,0.21325094,
415,2,4,0,0.0,1.0,0.14216739,
417,2,4,0,0.2,0.6,0.9153866,
419,2,4,0,0.4,0.1999999999999999,0.02533724,
423,2,4,0,0.0,1.0,0.857606,
437,2,4,1,0.6,0.1999999999999999,0.9951558,
457,2,4,1,0.5,0.0,0.77498496,
472,2,4,0,0.25,0.5,5.496461e-07,
473,2,4,0,0.25,0.5,0.010360671,
484,2,4,0,0.25,0.5,0.20453665,
491,2,4,1,0.5,0.0,0.97957116,
494,2,4,1,0.8,0.6000000000000001,0.0013050055,
495,2,4,0,0.0,1.0,0.99287057,
500,2,4,0,0.25,0.5,0.014181848,
501,2,4,0,0.25,0.5,0.005227168,
502,2,4,1,0.75,0.5,0.0040065423,
507,2,4,1,1.0,1.0,2.4866587e-05,
511,2,4,1,0.5,0.0,0.09064458,
522,2,4,0,0.25,0.5,0.0005310578,
527,2,4,0,0.25,0.5,0.0019470662,
532,2,4,0,0.0,1.0,2.741906e-07,
537,2,4,0,0.25,0.5,0.5217854,
540,2,4,0,0.25,0.5,0.99895424,
556,2,4,0,0.1666666666666666,0.6666666666666667,0.7294036,
562,2,4,0,0.3333333333333333,0.3333333333333333,0.73267174,
564,2,4,1,0.5,0.0,0.9272586,
567,2,4,0,0.3333333333333333,0.3333333333333333,0.063948005,
572,2,4,1,0.8333333333333334,0.6666666666666667,0.0021079255,
576,2,4,1,0.5,0.0,0.98885167,
578,2,4,1,0.5,0.0,0.034253728,
589,2,4,0,0.3333333333333333,0.3333333333333333,7.58493e-05,
591,2,4,1,0.5,0.0,0.69003296,
599,2,4,0,0.0,1.0,0.9524486,
608,2,4,0,0.0,1.0,0.9978361,
614,2,4,1,0.75,0.5,0.9998921,
616,2,4,1,0.75,0.5,0.0028789393,
624,2,4,0,0.25,0.5,0.012448799,
626,2,4,1,0.5,0.0,6.2662235e-05,
631,2,4,0,0.0,1.0,0.15117419,
632,2,4,1,0.5,0.0,0.027280966,
633,2,4,1,0.5,0.0,0.9996138,
634,2,4,0,0.25,0.5,0.08938864,
635,2,4,1,0.5,0.0,0.025272792,
639,2,4,0,0.0,1.0,0.0012703105,
640,2,4,1,0.75,0.5,0.25393122,
641,2,4,0,0.0,1.0,0.01515045,
645,2,4,1,0.75,0.5,0.99994665,
649,2,4,1,0.5,0.0,0.00045030675,
651,2,4,0,0.3333333333333333,0.3333333333333333,0.010103005,
664,2,4,1,0.6666666666666666,0.3333333333333332,0.99991465,
669,2,4,0,0.3333333333333333,0.3333333333333333,0.24203633,
673,2,4,0,0.3333333333333333,0.3333333333333333,4.80538e-06,
675,2,4,0,0.3333333333333333,0.3333333333333333,0.00092838844,
676,2,4,0,0.1666666666666666,0.6666666666666667,0.08547844,
694,2,4,0,0.3333333333333333,0.3333333333333333,0.034058616,
698,2,4,1,0.5,0.0,0.9967576,
703,2,4,0,0.0,1.0,0.026581457,
707,2,4,1,0.5,0.0,1.1893214e-05,
709,2,4,0,0.3333333333333333,0.3333333333333333,0.25285068,
714,2,4,0,0.3333333333333333,0.3333333333333333,0.35690176,
715,2,4,1,0.5,0.0,3.4661713e-05,
718,2,4,0,0.1666666666666666,0.6666666666666667,0.001237398,
720,2,4,0,0.0,1.0,0.37681124,
731,2,4,0,0.0,1.0,9.295287e-06,
741,2,4,0,0.2,0.6,0.9980434,
3,3,0,0,0.0,1.0,0.38459647,
5,3,0,0,0.2,0.6,0.39635247,
7,3,0,1,0.6,0.1999999999999999,0.5932427,
25,3,0,0,0.2,0.6,0.54473555,
30,3,0,0,0.2,0.6,0.43373942,
36,3,0,0,0.2,0.6,0.4702014,
37,3,0,0,0.2,0.6,0.3326584,
39,3,0,0,0.0,1.0,0.4108379,
44,3,0,0,0.0,1.0,0.5156095,
48,3,0,1,0.6,0.1999999999999999,0.36444736,
50,3,0,1,0.8,0.6000000000000001,0.48745263,
57,3,0,1,1.0,1.0,0.4415487,
58,3,0,0,0.25,0.5,0.48232242,
59,3,0,0,0.25,0.5,0.39770004,
60,3,0,0,0.0,1.0,0.49946105,
77,3,0,0,0.25,0.5,0.40914583,
78,3,0,0,0.0,1.0,0.40638787,
81,3,0,0,0.0,1.0,0.41803396,
99,3,0,0,0.0,1.0,0.4117834,
114,3,0,0,0.1111111111111111,0.7777777777777778,0.5132722,
115,3,0,0,0.0,1.0,0.32180965,
116,3,0,0,0.0,1.0,0.43634242,
125,3,0,0,0.125,0.75,0.4229008,
126,3,0,0,0.2222222222222222,0.5555555555555556,0.4799183,
127,3,0,1,0.6666666666666666,0.3333333333333332,0.4163399,
130,3,0,0,0.1111111111111111,0.7777777777777778,0.4101537,
144,3,0,0,0.0,1.0,0.5018501,
145,3,0,0,0.4444444444444444,0.1111111111111111,0.32705683,
147,3,0,0,0.0,1.0,0.5193105,
149,3,0,0,0.3333333333333333,0.3333333333333333,0.32592082,
154,3,0,0,0.25,0.5,0.4568018,
161,3,0,0,0.0,1.0,0.44113815,
162,3,0,0,0.2,0.6,0.4130439,
166,3,0,0,0.25,0.5,0.40545005,
167,3,0,0,0.0,1.0,0.46352687,
169,3,0,0,0.0,1.0,0.4304992,
181,3,0,1,0.5,0.0,0.41850358,
186,3,0,0,0.0,1.0,0.39552134,
188,3,0,0,0.0,1.0,0.3952075,
190,3,0,0,0.25,0.5,0.41834843,
203,3,0,0,0.2,0.6,0.34145656,
204,3,0,0,0.4,0.1999999999999999,0.4103967,
205,3,0,0,0.2,0.6,0.37427938,
209,3,0,0,0.2,0.6,0.4145345,
210,3,0,0,0.4,0.1999999999999999,0.73839927,
216,3,0,0,0.0,1.0,0.542734,
220,3,0,0,0.4,0.1999999999999999,0.3464921,
225,3,0,0,0.2,0.6,0.42984268,
235,3,0,0,0.0,1.0,0.45926374,
247,3,0,0,0.2,0.6,0.60367274,
253,3,0,0,0.0,1.0,0.50140643,
267,3,0,0,0.0,1.0,0.3045811,
269,3,0,1,0.5,0.0,0.3801856,
271,3,0,0,0.0,1.0,0.49291357,
273,3,0,1,0.5,0.0,0.44471622,
283,3,0,0,0.25,0.5,0.5141601,
284,3,0,1,0.5,0.0,0.523286,
285,3,0,0,0.4,0.1999999999999999,0.36824942,
291,3,0,0,0.0,1.0,0.5454583,
292,3,0,0,0.25,0.5,0.64068985,
308,3,0,0,0.4,0.1999999999999999,0.51122946,
309,3,0,1,0.8,0.6000000000000001,0.54033595,
320,3,0,0,0.0,1.0,0.48011205,
329,3,0,0,0.0,1.0,0.47348163,
341,3,0,1,0.6,0.1999999999999999,0.5445099,
346,3,0,1,0.6,0.1999999999999999,0.61007106,
348,3,0,0,0.4,0.1999999999999999,0.853752,
349,3,0,0,0.0,1.0,0.26309192,
351,3,0,0,0.0,1.0,0.46661228,
354,3,0,0,0.25,0.5,0.516207,
370,3,0,0,0.0,1.0,0.37988055,
373,3,0,0,0.0,1.0,0.5411817,
374,3,0,1,0.5,0.0,0.48566225,
390,3,0,1,0.75,0.5,0.4961857,
391,3,0,0,0.0,1.0,0.2996247,
395,3,0,1,0.5,0.0,0.61252916,
404,3,0,1,0.6,0.1999999999999999,0.7423845,
405,3,0,0,0.0,1.0,0.40790543,
411,3,0,0,0.2,0.6,0.56553704,
412,3,0,1,1.0,1.0,0.5673829,
414,3,0,1,0.6,0.1999999999999999,0.4308228,
415,3,0,0,0.0,1.0,0.49162513,
419,3,0,0,0.4,0.1999999999999999,0.3828357,
425,3,0,0,0.0,1.0,0.53960335,
426,3,0,1,0.8,0.6000000000000001,0.43379515,
435,3,0,0,0.4,0.1999999999999999,0.576759,
437,3,0,1,0.6,0.1999999999999999,0.47410613,
443,3,0,0,0.0,1.0,0.25962073,
453,3,0,0,0.25,0.5,0.5221673,
461,3,0,1,0.5,0.0,0.605662,
464,3,0,0,0.0,1.0,0.58993834,
467,3,0,1,1.0,1.0,0.71159124,
472,3,0,0,0.25,0.5,0.44869298,
484,3,0,0,0.25,0.5,0.44927573,
488,3,0,1,0.5,0.0,0.55434114,
489,3,0,0,0.0,1.0,0.52635837,
493,3,0,0,0.0,1.0,0.4728604,
498,3,0,0,0.0,1.0,0.34771824,
500,3,0,0,0.25,0.5,0.48556614,
511,3,0,1,0.5,0.0,0.48061532,
522,3,0,0,0.25,0.5,0.26348627,
523,3,0,0,0.25,0.5,0.62802833,
531,3,0,1,0.75,0.5,0.60438716,
534,3,0,1,0.75,0.5,0.41009438,
544,3,0,1,0.5,0.0,0.52581835,
546,3,0,1,0.5,0.0,0.39568737,
554,3,0,1,0.5,0.0,0.6353808,
560,3,0,0,0.1666666666666666,0.6666666666666667,0.28877723,
567,3,0,0,0.3333333333333333,0.3333333333333333,0.5556576,
577,3,0,0,0.1666666666666666,0.6666666666666667,0.46230078,
580,3,0,0,0.3333333333333333,0.3333333333333333,0.3556323,
591,3,0,1,0.5,0.0,0.5246595,
596,3,0,1,0.5,0.0,0.5584043,
601,3,0,0,0.0,1.0,0.3976422,
604,3,0,1,0.75,0.5,0.6326171,
613,3,0,0,0.0,1.0,0.541571,
618,3,0,0,0.0,1.0,0.61781955,
622,3,0,1,0.75,0.5,0.41180313,
633,3,0,1,0.5,0.0,0.4427188,
645,3,0,1,0.75,0.5,0.6179762,
648,3,0,1,0.5,0.0,0.5492071,
650,3,0,0,0.0,1.0,0.31315416,
651,3,0,0,0.3333333333333333,0.3333333333333333,0.37270707,
653,3,0,1,0.5,0.0,0.33844662,
665,3,0,0,0.1666666666666666,0.6666666666666667,0.46572608,
667,3,0,0,0.3333333333333333,0.3333333333333333,0.51595086,
668,3,0,0,0.1666666666666666,0.6666666666666667,0.6645452,
673,3,0,0,0.3333333333333333,0.3333333333333333,0.25745714,
674,3,0,0,0.3333333333333333,0.3333333333333333,0.5136565,
681,3,0,0,0.1666666666666666,0.6666666666666667,0.3974231,
683,3,0,1,0.8333333333333334,0.6666666666666667,0.46969128,
685,3,0,0,0.0,1.0,0.31009048,
689,3,0,0,0.0,1.0,0.27827477,
690,3,0,0,0.0,1.0,0.6012859,
692,3,0,0,0.0,1.0,0.30505866,
694,3,0,0,0.3333333333333333,0.3333333333333333,0.3310901,
703,3,0,0,0.0,1.0,0.51125556,
707,3,0,1,0.5,0.0,0.33085597,
714,3,0,0,0.3333333333333333,0.3333333333333333,0.40748274,
716,3,0,1,0.6666666666666666,0.3333333333333332,0.5650394,
717,3,0,1,0.5,0.0,0.49063122,
723,3,0,0,0.1666666666666666,0.6666666666666667,0.43057936,
725,3,0,0,0.0,1.0,0.50852764,
730,3,0,0,0.3333333333333333,0.3333333333333333,0.35759032,
733,3,0,0,0.1666666666666666,0.6666666666666667,0.4578417,
740,3,0,0,0.1666666666666666,0.6666666666666667,0.405351,
742,3,0,1,0.5,0.0,0.52261806,
6,3,1,0,0.2,0.6,0.0060565337,
10,3,1,0,0.0,1.0,4.6457836e-07,
14,3,1,0,0.2,0.6,0.0005065167,
31,3,1,0,0.1666666666666666,0.6666666666666667,0.7527286,
35,3,1,1,0.5,0.0,0.096283466,
41,3,1,0,0.2,0.6,0.00069669617,
42,3,1,0,0.0,1.0,0.5955728,
52,3,1,0,0.25,0.5,0.0014934312,
55,3,1,0,0.0,1.0,0.21273957,
61,3,1,0,0.2,0.6,8.5952e-06,
62,3,1,0,0.25,0.5,0.016696397,
63,3,1,0,0.0,1.0,0.26648372,
65,3,1,0,0.25,0.5,0.0033290691,
66,3,1,0,0.0,1.0,0.018540274,
73,3,1,0,0.0,1.0,0.0048700524,
84,3,1,0,0.3333333333333333,0.3333333333333333,0.08032027,
87,3,1,0,0.0,1.0,0.030354667,
91,3,1,0,0.25,0.5,0.0003901893,
92,3,1,0,0.0,1.0,0.079229966,
93,3,1,0,0.0,1.0,0.021459226,
97,3,1,0,0.25,0.5,0.0009116358,
106,3,1,1,1.0,1.0,0.047032177,
136,3,1,0,0.3333333333333333,0.3333333333333333,0.7366077,
141,3,1,0,0.0,1.0,0.0033375314,
151,3,1,0,0.0,1.0,0.00064382586,
153,3,1,0,0.0,1.0,0.035200067,
157,3,1,0,0.25,0.5,0.00028408057,
160,3,1,0,0.1666666666666666,0.6666666666666667,0.92330277,
174,3,1,1,0.5,0.0,0.6479273,
180,3,1,0,0.0,1.0,0.9676837,
197,3,1,0,0.0,1.0,0.83790857,
198,3,1,0,0.0,1.0,0.99681056,
211,3,1,1,0.6,0.1999999999999999,0.13783503,
215,3,1,0,0.2,0.6,0.0027852156,
217,3,1,0,0.0,1.0,0.09353022,
223,3,1,0,0.2,0.6,1.0877118e-07,
231,3,1,1,0.5,0.0,0.07749009,
233,3,1,0,0.0,1.0,0.026131868,
237,3,1,0,0.4,0.1999999999999999,0.33838654,
239,3,1,1,0.6,0.1999999999999999,0.0019069363,
242,3,1,1,0.6,0.1999999999999999,0.25535583,
243,3,1,0,0.0,1.0,1.9403217e-08,
244,3,1,1,0.6,0.1999999999999999,0.983759,
248,3,1,0,0.4,0.1999999999999999,0.01192529,
249,3,1,1,0.6,0.1999999999999999,0.0015376683,
251,3,1,0,0.25,0.5,0.83519375,
255,3,1,0,0.25,0.5,2.4868502e-06,
257,3,1,0,0.25,0.5,0.010189394,
259,3,1,0,0.0,1.0,0.010630322,
261,3,1,0,0.25,0.5,0.02145376,
264,3,1,0,0.25,0.5,0.55971146,
265,3,1,1,0.5,0.0,0.75450766,
266,3,1,0,0.25,0.5,0.08857913,
268,3,1,1,0.5,0.0,0.00021238679,
276,3,1,0,0.2,0.6,0.969784,
288,3,1,1,0.75,0.5,0.9841893,
296,3,1,0,0.0,1.0,0.04085453,
297,3,1,0,0.0,1.0,0.00035882712,
306,3,1,0,0.0,1.0,0.9991589,
310,3,1,0,0.2,0.6,0.9528942,
313,3,1,0,0.0,1.0,0.06656374,
314,3,1,0,0.0,1.0,0.603496,
315,3,1,1,0.8,0.6000000000000001,0.9992063,
317,3,1,0,0.4,0.1999999999999999,0.00056162785,
319,3,1,0,0.2,0.6,0.0042331703,
326,3,1,0,0.0,1.0,0.00027653243,
330,3,1,0,0.4,0.1999999999999999,0.6837515,
337,3,1,0,0.0,1.0,0.76505387,
350,3,1,0,0.0,1.0,0.0007144074,
355,3,1,0,0.25,0.5,0.044320095,
358,3,1,0,0.25,0.5,0.23868817,
364,3,1,1,0.5,0.0,0.0043156766,
366,3,1,0,0.0,1.0,0.31571215,
376,3,1,1,0.5,0.0,0.9943792,
378,3,1,1,0.5,0.0,0.0011001548,
383,3,1,0,0.0,1.0,0.00026518665,
388,3,1,1,0.5,0.0,0.0029538774,
393,3,1,0,0.25,0.5,0.0026206437,
394,3,1,1,0.5,0.0,0.9226843,
402,3,1,1,0.6,0.1999999999999999,0.0015423731,
403,3,1,0,0.0,1.0,0.0008415446,
406,3,1,1,0.6,0.1999999999999999,7.338899e-05,
408,3,1,0,0.4,0.1999999999999999,0.47511286,
413,3,1,0,0.0,1.0,0.34534764,
420,3,1,0,0.0,1.0,0.00039591448,
422,3,1,1,0.6,0.1999999999999999,0.6431001,
430,3,1,1,0.6,0.1999999999999999,0.07460683,
439,3,1,0,0.2,0.6,0.0021396698,
441,3,1,0,0.2,0.6,0.14338192,
445,3,1,0,0.0,1.0,0.00012567673,
459,3,1,0,0.25,0.5,0.049687114,
462,3,1,1,0.5,0.0,0.12970743,
469,3,1,1,0.75,0.5,0.003563847,
473,3,1,0,0.25,0.5,0.0009988162,
475,3,1,0,0.25,0.5,0.9868164,
482,3,1,0,0.0,1.0,0.00038229933,
485,3,1,1,0.5,0.0,0.0019649537,
490,3,1,0,0.25,0.5,0.03490437,
496,3,1,1,0.75,0.5,0.09172397,
512,3,1,1,1.0,1.0,0.9712535,
518,3,1,0,0.25,0.5,0.0012167795,
524,3,1,0,0.0,1.0,0.85142815,
525,3,1,0,0.2,0.6,2.6303429e-05,
532,3,1,0,0.0,1.0,7.758568e-06,
535,3,1,0,0.25,0.5,0.9745705,
543,3,1,1,0.5,0.0,0.43751466,
545,3,1,0,0.25,0.5,0.11492953,
548,3,1,1,0.5,0.0,0.009078257,
551,3,1,1,0.6666666666666666,0.3333333333333332,0.7491902,
562,3,1,0,0.3333333333333333,0.3333333333333333,0.6621352,
576,3,1,1,0.5,0.0,0.99228346,
579,3,1,0,0.3333333333333333,0.3333333333333333,0.9883622,
581,3,1,0,0.3333333333333333,0.3333333333333333,0.7562641,
585,3,1,1,0.5,0.0,0.0076052966,
588,3,1,0,0.1666666666666666,0.6666666666666667,0.9848052,
594,3,1,0,0.0,1.0,0.0100075165,
611,3,1,1,0.75,0.5,0.8146352,
625,3,1,0,0.0,1.0,0.0016496419,
627,3,1,1,0.75,0.5,0.20106389,
630,3,1,1,0.5,0.0,0.086021006,
632,3,1,1,0.5,0.0,0.025372054,
634,3,1,0,0.25,0.5,0.7106674,
635,3,1,1,0.5,0.0,0.31206918,
638,3,1,0,0.25,0.5,0.1221023,
639,3,1,0,0.0,1.0,4.22677e-05,
641,3,1,0,0.0,1.0,0.04492486,
643,3,1,1,0.5,0.0,0.39090502,
644,3,1,0,0.25,0.5,0.01898874,
647,3,1,1,0.5,0.0,0.99858963,
654,3,1,0,0.1666666666666666,0.6666666666666667,0.002603334,
655,3,1,1,0.6666666666666666,0.3333333333333332,0.008652759,
660,3,1,0,0.1666666666666666,0.6666666666666667,0.107301906,
662,3,1,0,0.0,1.0,0.35675338,
664,3,1,1,0.6666666666666666,0.3333333333333332,0.9901753,
669,3,1,0,0.3333333333333333,0.3333333333333333,0.34697288,
675,3,1,0,0.3333333333333333,0.3333333333333333,0.0005990191,
682,3,1,0,0.1666666666666666,0.6666666666666667,0.88158643,
688,3,1,0,0.1666666666666666,0.6666666666666667,0.013497254,
691,3,1,0,0.1666666666666666,0.6666666666666667,0.9964391,
693,3,1,1,0.5,0.0,0.012307522,
710,3,1,0,0.0,1.0,0.0045064106,
720,3,1,0,0.0,1.0,0.4483418,
721,3,1,0,0.3333333333333333,0.3333333333333333,0.97192144,
732,3,1,0,0.0,1.0,0.08192345,
734,3,1,0,0.0,1.0,0.0004721014,
735,3,1,0,0.0,1.0,0.00013704739,
738,3,1,0,0.3333333333333333,0.3333333333333333,0.0042782715,
1,3,2,0,0.3333333333333333,0.3333333333333333,0.34689444,
2,3,2,0,0.4,0.1999999999999999,0.2974651,
8,3,2,0,0.0,1.0,0.2782193,
21,3,2,0,0.2,0.6,0.40857297,
22,3,2,0,0.2,0.6,0.5171248,
24,3,2,0,0.0,1.0,0.5116532,
27,3,2,0,0.2,0.6,0.53517276,
34,3,2,0,0.1666666666666666,0.6666666666666667,0.34985396,
38,3,2,0,0.0,1.0,0.6051066,
40,3,2,0,0.2,0.6,0.53823316,
45,3,2,0,0.0,1.0,0.29436028,
47,3,2,0,0.25,0.5,0.43298143,
49,3,2,0,0.3333333333333333,0.3333333333333333,0.24984285,
56,3,2,0,0.25,0.5,0.32960057,
64,3,2,0,0.3333333333333333,0.3333333333333333,0.20693988,
69,3,2,0,0.0,1.0,0.55391955,
86,3,2,0,0.0,1.0,0.37082684,
95,3,2,0,0.25,0.5,0.3186284,
96,3,2,0,0.0,1.0,0.38595057,
100,3,2,0,0.25,0.5,0.48161203,
107,3,2,0,0.1111111111111111,0.7777777777777778,0.4972144,
110,3,2,0,0.0,1.0,0.3909874,
120,3,2,0,0.0,1.0,0.38787597,
121,3,2,0,0.1111111111111111,0.7777777777777778,0.38509285,
123,3,2,0,0.0,1.0,0.35276383,
129,3,2,0,0.2,0.6,0.61801845,
131,3,2,0,0.0,1.0,0.4883832,
133,3,2,1,0.8888888888888888,0.7777777777777777,0.31253314,
135,3,2,0,0.1666666666666666,0.6666666666666667,0.27008396,
138,3,2,1,0.5555555555555556,0.1111111111111111,0.39129037,
146,3,2,1,0.8888888888888888,0.7777777777777777,0.33927202,
148,3,2,0,0.1111111111111111,0.7777777777777778,0.3362952,
150,3,2,0,0.0,1.0,0.4226332,
155,3,2,0,0.25,0.5,0.41956556,
156,3,2,0,0.25,0.5,0.453556,
163,3,2,0,0.25,0.5,0.49963588,
165,3,2,0,0.0,1.0,0.53387284,
170,3,2,0,0.1666666666666666,0.6666666666666667,0.39158255,
173,3,2,0,0.25,0.5,0.43934456,
184,3,2,0,0.0,1.0,0.27894628,
189,3,2,1,0.5,0.0,0.47335577,
191,3,2,0,0.0,1.0,0.39240587,
193,3,2,0,0.25,0.5,0.4293572,
195,3,2,0,0.0,1.0,0.4968729,
196,3,2,1,0.5,0.0,0.42777917,
207,3,2,0,0.2,0.6,0.3173616,
208,3,2,0,0.0,1.0,0.26678196,
214,3,2,0,0.2,0.6,0.501987,
221,3,2,1,0.8,0.6000000000000001,0.33614665,
227,3,2,1,1.0,1.0,0.40912795,
230,3,2,0,0.2,0.6,0.35365424,
234,3,2,0,0.25,0.5,0.39717072,
262,3,2,1,0.5,0.0,0.5385587,
270,3,2,0,0.0,1.0,0.66180813,
278,3,2,0,0.25,0.5,0.3610773,
280,3,2,0,0.25,0.5,0.44465834,
282,3,2,0,0.25,0.5,0.42539948,
290,3,2,0,0.0,1.0,0.53012013,
294,3,2,0,0.0,1.0,0.3693121,
295,3,2,0,0.0,1.0,0.32487136,
298,3,2,0,0.25,0.5,0.49129027,
299,3,2,1,0.8,0.6000000000000001,0.4268238,
300,3,2,0,0.0,1.0,0.5315839,
304,3,2,1,0.8,0.6000000000000001,0.57965446,
311,3,2,0,0.4,0.1999999999999999,0.37430567,
312,3,2,0,0.0,1.0,0.34892803,
322,3,2,1,0.6,0.1999999999999999,0.6550805,
323,3,2,0,0.0,1.0,0.39148438,
333,3,2,0,0.0,1.0,0.3178025,
334,3,2,0,0.4,0.1999999999999999,0.5550902,
344,3,2,0,0.2,0.6,0.4617926,
357,3,2,1,0.5,0.0,0.42605197,
367,3,2,0,0.25,0.5,0.58451813,
371,3,2,0,0.25,0.5,0.53024524,
382,3,2,1,0.5,0.0,0.375437,
396,3,2,1,0.75,0.5,0.7012552,
398,3,2,0,0.25,0.5,0.54331744,
417,3,2,0,0.2,0.6,0.6638302,
421,3,2,0,0.2,0.6,0.29229283,
427,3,2,1,0.6,0.1999999999999999,0.4931549,
429,3,2,0,0.0,1.0,0.7031889,
433,3,2,0,0.0,1.0,0.44598565,
434,3,2,0,0.0,1.0,0.4337636,
436,3,2,0,0.4,0.1999999999999999,0.44414526,
438,3,2,0,0.1666666666666666,0.6666666666666667,0.49166042,
442,3,2,1,0.8,0.6000000000000001,0.5014593,
448,3,2,0,0.0,1.0,0.4078214,
451,3,2,0,0.25,0.5,0.4067629,
463,3,2,0,0.25,0.5,0.5936413,
466,3,2,1,0.5,0.0,0.5357326,
471,3,2,0,0.0,1.0,0.8036494,
474,3,2,0,0.0,1.0,0.33085078,
477,3,2,0,0.0,1.0,0.34258735,
481,3,2,0,0.0,1.0,0.51381505,
492,3,2,0,0.3333333333333333,0.3333333333333333,0.33614573,
494,3,2,1,0.8,0.6000000000000001,0.5613642,
502,3,2,1,0.75,0.5,0.41580844,
507,3,2,1,1.0,1.0,0.48812148,
513,3,2,0,0.0,1.0,0.48553598,
530,3,2,1,0.5,0.0,0.435008,
537,3,2,0,0.25,0.5,0.42703834,
539,3,2,0,0.25,0.5,0.49205524,
540,3,2,0,0.25,0.5,0.6913113,
547,3,2,1,0.5,0.0,0.5206159,
550,3,2,0,0.0,1.0,0.53516006,
553,3,2,0,0.0,1.0,0.500075,
556,3,2,0,0.1666666666666666,0.6666666666666667,0.41182894,
561,3,2,1,0.5,0.0,0.41298294,
564,3,2,1,0.5,0.0,0.4908144,
569,3,2,0,0.1666666666666666,0.6666666666666667,0.6079091,
582,3,2,1,0.5,0.0,0.53471994,
586,3,2,1,0.6666666666666666,0.3333333333333332,0.45821953,
592,3,2,1,0.6,0.1999999999999999,0.4231993,
593,3,2,1,0.5,0.0,0.49412793,
595,3,2,1,0.8333333333333334,0.6666666666666667,0.4952768,
598,3,2,0,0.3333333333333333,0.3333333333333333,0.7414471,
600,3,2,0,0.1666666666666666,0.6666666666666667,0.475075,
603,3,2,1,0.5,0.0,0.374282,
606,3,2,0,0.25,0.5,0.31338498,
607,3,2,0,0.0,1.0,0.47090453,
609,3,2,0,0.25,0.5,0.52411354,
614,3,2,1,0.75,0.5,0.5859237,
615,3,2,1,0.75,0.5,0.5429152,
621,3,2,1,0.5,0.0,0.5378773,
624,3,2,0,0.25,0.5,0.34164482,
626,3,2,1,0.5,0.0,0.3092205,
631,3,2,0,0.0,1.0,0.3921942,
640,3,2,1,0.75,0.5,0.6368623,
642,3,2,1,0.75,0.5,0.6197427,
657,3,2,1,0.5,0.0,0.44396466,
658,3,2,0,0.1666666666666666,0.6666666666666667,0.66062164,
663,3,2,0,0.3333333333333333,0.3333333333333333,0.5902021,
672,3,2,0,0.0,1.0,0.3721403,
679,3,2,0,0.4,0.1999999999999999,0.31815135,
687,3,2,0,0.3333333333333333,0.3333333333333333,0.41971114,
698,3,2,1,0.5,0.0,0.6517407,
699,3,2,0,0.1666666666666666,0.6666666666666667,0.6212028,
702,3,2,0,0.1666666666666666,0.6666666666666667,0.5416167,
705,3,2,1,0.5,0.0,0.4055553,
706,3,2,1,0.6666666666666666,0.3333333333333332,0.58683574,
708,3,2,0,0.0,1.0,0.53717005,
709,3,2,0,0.3333333333333333,0.3333333333333333,0.53898466,
719,3,2,0,0.1666666666666666,0.6666666666666667,0.5549015,
726,3,2,0,0.0,1.0,0.624353,
736,3,2,0,0.0,1.0,0.5652777,
739,3,2,0,0.3333333333333333,0.3333333333333333,0.52809966,
741,3,2,0,0.2,0.6,0.5827384,
4,3,3,1,0.6,0.1999999999999999,0.7987158,
11,3,3,1,0.6,0.1999999999999999,0.36290038,
13,3,3,0,0.2,0.6,0.5538265,
15,3,3,0,0.4,0.1999999999999999,0.65739024,
16,3,3,1,0.6,0.1999999999999999,0.33285403,
18,3,3,1,0.6,0.1999999999999999,0.112093,
28,3,3,0,0.2,0.6,0.37240833,
29,3,3,0,0.2,0.6,0.69579077,
54,3,3,0,0.25,0.5,0.57338023,
67,3,3,0,0.0,1.0,0.047004953,
71,3,3,0,0.0,1.0,0.29447582,
72,3,3,0,0.25,0.5,0.39523703,
74,3,3,0,0.0,1.0,0.36478618,
75,3,3,0,0.0,1.0,0.18780047,
79,3,3,0,0.25,0.5,0.4759509,
80,3,3,0,0.0,1.0,0.5841469,
82,3,3,0,0.25,0.5,0.48343718,
83,3,3,0,0.25,0.5,0.87243664,
85,3,3,0,0.25,0.5,0.7734437,
89,3,3,0,0.25,0.5,0.46317822,
90,3,3,1,0.5,0.0,0.25872368,
94,3,3,0,0.25,0.5,0.18492922,
98,3,3,0,0.3333333333333333,0.3333333333333333,0.48647463,
101,3,3,0,0.3333333333333333,0.3333333333333333,0.50731814,
103,3,3,0,0.1111111111111111,0.7777777777777778,0.524157,
108,3,3,0,0.25,0.5,0.68925655,
112,3,3,0,0.125,0.75,0.33860028,
119,3,3,0,0.1111111111111111,0.7777777777777778,0.54003525,
122,3,3,0,0.0,1.0,0.32847172,
134,3,3,0,0.1111111111111111,0.7777777777777778,0.44760078,
137,3,3,1,0.6666666666666666,0.3333333333333332,0.043733615,
140,3,3,0,0.2222222222222222,0.5555555555555556,0.49068606,
152,3,3,0,0.0,1.0,0.13905895,
159,3,3,0,0.0,1.0,0.2839141,
164,3,3,0,0.0,1.0,0.25976458,
177,3,3,0,0.0,1.0,0.18846893,
182,3,3,0,0.0,1.0,0.6203252,
183,3,3,0,0.0,1.0,0.07838439,
192,3,3,0,0.0,1.0,0.19830737,
199,3,3,0,0.25,0.5,0.14762215,
201,3,3,0,0.25,0.5,0.14725094,
213,3,3,0,0.4,0.1999999999999999,0.5860851,
219,3,3,0,0.0,1.0,0.3416925,
226,3,3,0,0.0,1.0,0.37302697,
228,3,3,0,0.2,0.6,0.34449673,
238,3,3,0,0.25,0.5,0.019666776,
241,3,3,1,0.6,0.1999999999999999,0.5051488,
245,3,3,0,0.0,1.0,0.34202483,
250,3,3,0,0.4,0.1999999999999999,0.77566266,
252,3,3,0,0.0,1.0,0.33615908,
258,3,3,0,0.0,1.0,0.5135765,
263,3,3,0,0.2,0.6,0.41349268,
272,3,3,1,0.5,0.0,0.7189284,
275,3,3,1,0.5,0.0,0.2779842,
277,3,3,1,0.5,0.0,0.31878102,
279,3,3,0,0.2,0.6,0.09328936,
302,3,3,0,0.0,1.0,0.13101594,
307,3,3,0,0.4,0.1999999999999999,0.2431069,
316,3,3,0,0.4,0.1999999999999999,0.5131146,
318,3,3,0,0.4,0.1999999999999999,0.2424479,
324,3,3,0,0.2,0.6,0.42534143,
328,3,3,1,0.6,0.1999999999999999,0.123605676,
331,3,3,0,0.0,1.0,0.31330025,
332,3,3,0,0.0,1.0,0.26501513,
338,3,3,0,0.4,0.1999999999999999,0.5081433,
339,3,3,0,0.0,1.0,0.44016397,
345,3,3,0,0.0,1.0,0.03585445,
347,3,3,0,0.4,0.1999999999999999,0.7598014,
352,3,3,0,0.25,0.5,0.38562632,
363,3,3,0,0.0,1.0,0.4695865,
375,3,3,1,0.5,0.0,0.27977479,
377,3,3,0,0.25,0.5,0.19433954,
379,3,3,1,0.75,0.5,0.5927924,
380,3,3,1,0.75,0.5,0.6187655,
381,3,3,1,0.75,0.5,0.612524,
384,3,3,0,0.25,0.5,0.12692373,
386,3,3,0,0.25,0.5,0.21426094,
387,3,3,0,0.0,1.0,0.07198333,
389,3,3,0,0.25,0.5,0.63063157,
392,3,3,1,0.5,0.0,0.85928357,
407,3,3,0,0.2,0.6,0.21054348,
409,3,3,0,0.4,0.1999999999999999,0.7644974,
416,3,3,0,0.0,1.0,0.42692,
423,3,3,0,0.0,1.0,0.65578365,
424,3,3,1,0.6,0.1999999999999999,0.17802608,
432,3,3,0,0.2,0.6,0.41224796,
440,3,3,0,0.0,1.0,0.8933228,
446,3,3,0,0.2,0.6,0.6380273,
447,3,3,0,0.0,1.0,0.57816714,
452,3,3,0,0.25,0.5,0.50050056,
454,3,3,0,0.0,1.0,0.92231953,
455,3,3,0,0.0,1.0,0.026465502,
456,3,3,1,0.5,0.0,0.5156331,
457,3,3,1,0.5,0.0,0.7736727,
458,3,3,0,0.0,1.0,0.5790727,
476,3,3,0,0.0,1.0,0.7553831,
478,3,3,0,0.0,1.0,0.16560623,
479,3,3,0,0.0,1.0,0.19616228,
480,3,3,1,0.5,0.0,0.62584853,
483,3,3,0,0.25,0.5,0.17012766,
487,3,3,0,0.2,0.6,0.08986047,
491,3,3,1,0.5,0.0,0.7246108,
499,3,3,0,0.0,1.0,0.12856779,
503,3,3,0,0.0,1.0,0.5649793,
505,3,3,1,0.5,0.0,0.6302427,
506,3,3,1,0.75,0.5,0.6690184,
508,3,3,1,0.75,0.5,0.2272056,
515,3,3,0,0.25,0.5,0.19300945,
516,3,3,0,0.0,1.0,0.2948794,
519,3,3,0,0.0,1.0,0.69683397,
521,3,3,1,0.75,0.5,0.36944237,
526,3,3,0,0.0,1.0,0.1875629,
529,3,3,1,0.5,0.0,0.43503273,
541,3,3,1,0.5,0.0,0.09868783,
542,3,3,0,0.25,0.5,0.38998345,
549,3,3,0,0.0,1.0,0.22687551,
552,3,3,1,0.6666666666666666,0.3333333333333332,0.28933045,
555,3,3,0,0.3333333333333333,0.3333333333333333,0.8944316,
558,3,3,1,0.5,0.0,0.3397115,
568,3,3,1,1.0,1.0,0.7884466,
570,3,3,1,0.6666666666666666,0.3333333333333332,0.34581587,
573,3,3,0,0.3333333333333333,0.3333333333333333,0.7786793,
575,3,3,1,0.5,0.0,0.8974607,
578,3,3,1,0.5,0.0,0.21979374,
583,3,3,1,0.5,0.0,0.79137015,
589,3,3,0,0.3333333333333333,0.3333333333333333,0.609041,
590,3,3,0,0.3333333333333333,0.3333333333333333,0.6840378,
597,3,3,0,0.0,1.0,0.32999521,
610,3,3,0,0.25,0.5,0.69061494,
617,3,3,1,0.5,0.0,0.5689969,
629,3,3,1,0.5,0.0,0.8324735,
636,3,3,0,0.0,1.0,0.3591952,
637,3,3,1,0.5,0.0,0.2753219,
646,3,3,0,0.0,1.0,0.051733445,
652,3,3,0,0.0,1.0,0.2068524,
671,3,3,0,0.3333333333333333,0.3333333333333333,0.7300465,
677,3,3,1,0.6666666666666666,0.3333333333333332,0.36828858,
678,3,3,0,0.3333333333333333,0.3333333333333333,0.053938698,
680,3,3,0,0.0,1.0,0.14712942,
686,3,3,0,0.0,1.0,0.42369658,
695,3,3,0,0.3333333333333333,0.3333333333333333,0.21030487,
697,3,3,1,0.5,0.0,0.2490533,
704,3,3,0,0.3333333333333333,0.3333333333333333,0.38205686,
713,3,3,1,0.6,0.1999999999999999,0.5626508,
722,3,3,0,0.2,0.6,0.182479,
729,3,3,0,0.4,0.1999999999999999,0.38743284,
737,3,3,0,0.1666666666666666,0.6666666666666667,0.13464774,
9,3,4,0,0.0,1.0,0.0014203285,
12,3,4,0,0.4,0.1999999999999999,0.08002265,
17,3,4,0,0.4,0.1999999999999999,0.2255233,
20,3,4,0,0.25,0.5,0.002099508,
26,3,4,1,0.8,0.6000000000000001,0.0039789486,
32,3,4,0,0.2,0.6,0.0058380384,
33,3,4,0,0.4,0.1999999999999999,0.116795205,
43,3,4,0,0.2,0.6,0.71250695,
46,3,4,0,0.4,0.1999999999999999,0.012981971,
51,3,4,0,0.25,0.5,0.7663845,
53,3,4,0,0.1666666666666666,0.6666666666666667,0.0057929466,
68,3,4,0,0.0,1.0,0.00022105244,
70,3,4,0,0.0,1.0,0.283885,
76,3,4,0,0.25,0.5,0.12331244,
88,3,4,1,0.5,0.0,0.0003437703,
102,3,4,0,0.0,1.0,8.368464e-06,
104,3,4,0,0.1111111111111111,0.7777777777777778,0.90127254,
105,3,4,0,0.0,1.0,0.42492256,
109,3,4,0,0.1111111111111111,0.7777777777777778,0.8171639,
111,3,4,0,0.1111111111111111,0.7777777777777778,0.2675494,
113,3,4,0,0.1111111111111111,0.7777777777777778,0.79129654,
117,3,4,0,0.25,0.5,0.046727743,
118,3,4,0,0.0,1.0,0.9993713,
124,3,4,0,0.0,1.0,0.53445804,
128,3,4,0,0.1111111111111111,0.7777777777777778,0.073813826,
132,3,4,0,0.2222222222222222,0.5555555555555556,0.0004326501,
139,3,4,0,0.0,1.0,0.013877518,
142,3,4,0,0.0,1.0,0.353204,
143,3,4,1,0.5555555555555556,0.1111111111111111,0.008622834,
158,3,4,0,0.0,1.0,2.8392096e-06,
168,3,4,0,0.25,0.5,0.00013087131,
171,3,4,0,0.25,0.5,0.0070079835,
172,3,4,0,0.0,1.0,0.00016643849,
175,3,4,0,0.0,1.0,0.12117768,
176,3,4,0,0.0,1.0,0.0012624324,
178,3,4,0,0.0,1.0,0.99717546,
179,3,4,0,0.25,0.5,0.40358478,
185,3,4,0,0.25,0.5,0.29804492,
187,3,4,0,0.0,1.0,0.10247891,
194,3,4,0,0.0,1.0,0.3427534,
200,3,4,0,0.2,0.6,1.1565161e-05,
202,3,4,1,0.6,0.1999999999999999,0.2373158,
206,3,4,1,0.5,0.0,0.000576829,
212,3,4,0,0.2,0.6,0.058261156,
222,3,4,0,0.2,0.6,0.015312983,
224,3,4,0,0.4,0.1999999999999999,0.22583637,
229,3,4,0,0.0,1.0,4.744675e-05,
232,3,4,0,0.25,0.5,0.027804349,
236,3,4,0,0.0,1.0,0.17124464,
240,3,4,0,0.2,0.6,0.002539472,
246,3,4,0,0.4,0.1999999999999999,0.16891737,
254,3,4,0,0.25,0.5,0.10284656,
260,3,4,0,0.25,0.5,0.001808502,
274,3,4,1,0.5,0.0,0.041227758,
281,3,4,0,0.0,1.0,0.00043107104,
286,3,4,0,0.2,0.6,0.8075752,
287,3,4,0,0.25,0.5,0.9436263,
289,3,4,1,0.5,0.0,0.006567578,
293,3,4,1,0.5,0.0,0.001041224,
303,3,4,0,0.0,1.0,0.803594,
321,3,4,1,0.6,0.1999999999999999,0.29252034,
325,3,4,0,0.0,1.0,0.07729319,
327,3,4,0,0.0,1.0,0.9610362,
335,3,4,1,0.5,0.0,3.3752283e-05,
336,3,4,0,0.4,0.1999999999999999,0.15175575,
340,3,4,1,0.6,0.1999999999999999,1.0189557e-06,
342,3,4,0,0.2,0.6,0.036731735,
343,3,4,1,0.8,0.6000000000000001,0.9953856,
353,3,4,0,0.0,1.0,0.97947407,
356,3,4,0,0.25,0.5,3.0550742e-05,
359,3,4,0,0.25,0.5,0.97087574,
360,3,4,0,0.25,0.5,4.172854e-05,
361,3,4,0,0.0,1.0,0.0009641082,
362,3,4,1,0.75,0.5,0.019968478,
365,3,4,0,0.25,0.5,0.3217598,
368,3,4,1,0.5,0.0,0.0046411003,
369,3,4,0,0.0,1.0,0.0020430163,
372,3,4,0,0.25,0.5,0.011569324,
385,3,4,1,0.5,0.0,0.87535477,
397,3,4,1,0.75,0.5,0.00023146701,
399,3,4,0,0.25,0.5,0.0008677904,
400,3,4,1,0.5,0.0,0.22226715,
401,3,4,0,0.2,0.6,0.00021850536,
410,3,4,1,0.6,0.1999999999999999,0.008096026,
418,3,4,0,0.0,1.0,0.33404896,
428,3,4,1,0.6,0.1999999999999999,0.92836094,
431,3,4,0,0.4,0.1999999999999999,2.7260225e-05,
444,3,4,0,0.2,0.6,0.11087967,
449,3,4,0,0.4,0.1999999999999999,0.0045853835,
450,3,4,0,0.2,0.6,0.05586828,
460,3,4,0,0.0,1.0,0.9069528,
465,3,4,1,0.5,0.0,0.9757042,
468,3,4,0,0.25,0.5,0.0013283587,
470,3,4,0,0.0,1.0,0.13387716,
486,3,4,0,0.25,0.5,0.9383894,
495,3,4,0,0.0,1.0,0.4413439,
497,3,4,0,0.0,1.0,0.56308377,
501,3,4,0,0.25,0.5,0.0025091118,
504,3,4,1,0.75,0.5,0.93550634,
509,3,4,0,0.25,0.5,0.0049473257,
510,3,4,1,0.5,0.0,0.8547791,
514,3,4,1,0.75,0.5,0.7074332,
517,3,4,0,0.25,0.5,0.8705345,
520,3,4,1,0.5,0.0,0.00019519043,
527,3,4,0,0.25,0.5,0.09746109,
528,3,4,0,0.0,1.0,0.0133151105,
533,3,4,0,0.0,1.0,0.123085216,
536,3,4,0,0.3333333333333333,0.3333333333333333,0.0048481245,
538,3,4,0,0.0,1.0,0.29166314,
557,3,4,0,0.3333333333333333,0.3333333333333333,0.0016875996,
559,3,4,1,0.6666666666666666,0.3333333333333332,0.119714044,
563,3,4,0,0.0,1.0,0.007025578,
565,3,4,0,0.3333333333333333,0.3333333333333333,0.29817224,
566,3,4,0,0.1666666666666666,0.6666666666666667,0.9661094,
571,3,4,1,0.5,0.0,0.9594285,
572,3,4,1,0.8333333333333334,0.6666666666666667,0.0023504947,
574,3,4,0,0.3333333333333333,0.3333333333333333,0.00614243,
584,3,4,1,0.6666666666666666,0.3333333333333332,0.8042115,
587,3,4,1,0.8333333333333334,0.6666666666666667,0.9998586,
599,3,4,0,0.0,1.0,0.3827387,
602,3,4,0,0.25,0.5,0.42735362,
605,3,4,1,0.5,0.0,0.9992378,
608,3,4,0,0.0,1.0,0.9943584,
612,3,4,0,0.0,1.0,0.0003857687,
616,3,4,1,0.75,0.5,0.068219066,
619,3,4,0,0.25,0.5,0.23506567,
620,3,4,1,0.75,0.5,0.67334986,
623,3,4,1,0.5,0.0,0.26801437,
628,3,4,0,0.0,1.0,0.23717146,
649,3,4,1,0.5,0.0,0.007185881,
656,3,4,1,0.6666666666666666,0.3333333333333332,0.020865627,
659,3,4,1,0.6666666666666666,0.3333333333333332,0.00025527237,
661,3,4,1,0.8333333333333334,0.6666666666666667,0.99008024,
670,3,4,1,0.5,0.0,0.98380595,
676,3,4,0,0.1666666666666666,0.6666666666666667,0.0003226762,
684,3,4,0,0.0,1.0,0.040823802,
696,3,4,0,0.1666666666666666,0.6666666666666667,0.024634376,
700,3,4,1,0.5,0.0,0.81631434,
701,3,4,0,0.1666666666666666,0.6666666666666667,0.3294471,
711,3,4,1,0.6,0.1999999999999999,0.92057145,
712,3,4,0,0.1666666666666666,0.6666666666666667,0.003705388,
715,3,4,1,0.5,0.0,2.32909e-06,
718,3,4,0,0.1666666666666666,0.6666666666666667,0.0011569179,
724,3,4,0,0.2,0.6,0.32950377,
727,3,4,0,0.4,0.1999999999999999,0.15479255,
728,3,4,0,0.2,0.6,0.00043897185,
731,3,4,0,0.0,1.0,0.03927836,
3,4,0,0,0.0,1.0,0.23948473,
8,4,0,0,0.0,1.0,0.10676775,
10,4,0,0,0.0,1.0,0.043613877,
11,4,0,1,0.6,0.1999999999999999,0.52083826,
13,4,0,0,0.2,0.6,0.27447167,
18,4,0,1,0.6,0.1999999999999999,0.16519272,
24,4,0,0,0.0,1.0,0.44897217,
25,4,0,0,0.2,0.6,0.4191643,
29,4,0,0,0.2,0.6,0.57787436,
30,4,0,0,0.2,0.6,0.18889654,
31,4,0,0,0.1666666666666666,0.6666666666666667,0.27964157,
34,4,0,0,0.1666666666666666,0.6666666666666667,0.42823875,
36,4,0,0,0.2,0.6,0.21206754,
44,4,0,0,0.0,1.0,0.50693107,
46,4,0,0,0.4,0.1999999999999999,0.64647925,
47,4,0,0,0.25,0.5,0.2083481,
51,4,0,0,0.25,0.5,0.29425293,
52,4,0,0,0.25,0.5,0.2419573,
57,4,0,1,1.0,1.0,0.28707018,
60,4,0,0,0.0,1.0,0.48933443,
67,4,0,0,0.0,1.0,0.04315328,
70,4,0,0,0.0,1.0,0.49374798,
83,4,0,0,0.25,0.5,0.80515695,
90,4,0,1,0.5,0.0,0.30891418,
94,4,0,0,0.25,0.5,0.22997752,
110,4,0,0,0.0,1.0,0.44245806,
111,4,0,0,0.1111111111111111,0.7777777777777778,0.69884455,
116,4,0,0,0.0,1.0,0.20652273,
121,4,0,0,0.1111111111111111,0.7777777777777778,0.14441133,
124,4,0,0,0.0,1.0,0.18669377,
128,4,0,0,0.1111111111111111,0.7777777777777778,0.34442455,
151,4,0,0,0.0,1.0,0.32471132,
159,4,0,0,0.0,1.0,0.19913432,
169,4,0,0,0.0,1.0,0.2516514,
182,4,0,0,0.0,1.0,0.33659092,
185,4,0,0,0.25,0.5,0.18114759,
189,4,0,1,0.5,0.0,0.4392118,
190,4,0,0,0.25,0.5,0.16951446,
191,4,0,0,0.0,1.0,0.5702565,
192,4,0,0,0.0,1.0,0.06892744,
198,4,0,0,0.0,1.0,0.46726924,
200,4,0,0,0.2,0.6,0.392003,
205,4,0,0,0.2,0.6,0.14937676,
213,4,0,0,0.4,0.1999999999999999,0.61924374,
226,4,0,0,0.0,1.0,0.18384737,
230,4,0,0,0.2,0.6,0.11652489,
233,4,0,0,0.0,1.0,0.12799184,
234,4,0,0,0.25,0.5,0.15404779,
236,4,0,0,0.0,1.0,0.3217394,
240,4,0,0,0.2,0.6,0.11723137,
241,4,0,1,0.6,0.1999999999999999,0.53928244,
242,4,0,1,0.6,0.1999999999999999,0.18039134,
246,4,0,0,0.4,0.1999999999999999,0.3397573,
248,4,0,0,0.4,0.1999999999999999,0.2729022,
252,4,0,0,0.0,1.0,0.25152254,
255,4,0,0,0.25,0.5,0.09866643,
273,4,0,1,0.5,0.0,0.30839863,
274,4,0,1,0.5,0.0,0.4557264,
278,4,0,0,0.25,0.5,0.2938316,
288,4,0,1,0.75,0.5,0.22817843,
311,4,0,0,0.4,0.1999999999999999,0.13896145,
315,4,0,1,0.8,0.6000000000000001,0.51781297,
319,4,0,0,0.2,0.6,0.22196501,
320,4,0,0,0.0,1.0,0.6069186,
321,4,0,1,0.6,0.1999999999999999,0.35350662,
323,4,0,0,0.0,1.0,0.21358898,
326,4,0,0,0.0,1.0,0.12372265,
330,4,0,0,0.4,0.1999999999999999,0.5139587,
339,4,0,0,0.0,1.0,0.3934364,
346,4,0,1,0.6,0.1999999999999999,0.40550035,
359,4,0,0,0.25,0.5,0.9394103,
370,4,0,0,0.0,1.0,0.4435066,
372,4,0,0,0.25,0.5,0.3802116,
380,4,0,1,0.75,0.5,0.72810054,
381,4,0,1,0.75,0.5,0.8749658,
384,4,0,0,0.25,0.5,0.20203516,
395,4,0,1,0.5,0.0,0.6608838,
411,4,0,0,0.2,0.6,0.71035063,
416,4,0,0,0.0,1.0,0.31515843,
420,4,0,0,0.0,1.0,0.07139151,
422,4,0,1,0.6,0.1999999999999999,0.20944047,
423,4,0,0,0.0,1.0,0.7261298,
434,4,0,0,0.0,1.0,0.5165125,
435,4,0,0,0.4,0.1999999999999999,0.8343752,
438,4,0,0,0.1666666666666666,0.6666666666666667,0.36593714,
443,4,0,0,0.0,1.0,0.04027226,
452,4,0,0,0.25,0.5,0.51596004,
455,4,0,0,0.0,1.0,0.05726285,
456,4,0,1,0.5,0.0,0.63481426,
468,4,0,0,0.25,0.5,0.52733105,
476,4,0,0,0.0,1.0,0.5020237,
480,4,0,1,0.5,0.0,0.672087,
485,4,0,1,0.5,0.0,0.50022906,
489,4,0,0,0.0,1.0,0.73072666,
492,4,0,0,0.3333333333333333,0.3333333333333333,0.19390714,
505,4,0,1,0.5,0.0,0.5862909,
506,4,0,1,0.75,0.5,0.71106696,
507,4,0,1,1.0,1.0,0.23227832,
510,4,0,1,0.5,0.0,0.38508633,
512,4,0,1,1.0,1.0,0.67041427,
515,4,0,0,0.25,0.5,0.2742327,
517,4,0,0,0.25,0.5,0.52751327,
522,4,0,0,0.25,0.5,0.047224224,
523,4,0,0,0.25,0.5,0.74886405,
534,4,0,1,0.75,0.5,0.1088471,
536,4,0,0,0.3333333333333333,0.3333333333333333,0.26877898,
542,4,0,0,0.25,0.5,0.16338593,
543,4,0,1,0.5,0.0,0.5977838,
553,4,0,0,0.0,1.0,0.50955,
555,4,0,0,0.3333333333333333,0.3333333333333333,0.81433344,
566,4,0,0,0.1666666666666666,0.6666666666666667,0.3288408,
570,4,0,1,0.6666666666666666,0.3333333333333332,0.32760143,
572,4,0,1,0.8333333333333334,0.6666666666666667,0.20955542,
578,4,0,1,0.5,0.0,0.40783477,
579,4,0,0,0.3333333333333333,0.3333333333333333,0.82465905,
586,4,0,1,0.6666666666666666,0.3333333333333332,0.4605576,
591,4,0,1,0.5,0.0,0.57849926,
598,4,0,0,0.3333333333333333,0.3333333333333333,0.8860128,
604,4,0,1,0.75,0.5,0.65377325,
613,4,0,0,0.0,1.0,0.67867327,
618,4,0,0,0.0,1.0,0.8869394,
623,4,0,1,0.5,0.0,0.49345386,
625,4,0,0,0.0,1.0,0.13446438,
635,4,0,1,0.5,0.0,0.39062566,
637,4,0,1,0.5,0.0,0.21471018,
639,4,0,0,0.0,1.0,0.06837745,
640,4,0,1,0.75,0.5,0.74702233,
641,4,0,0,0.0,1.0,0.36983684,
648,4,0,1,0.5,0.0,0.39070192,
661,4,0,1,0.8333333333333334,0.6666666666666667,0.9429195,
662,4,0,0,0.0,1.0,0.45879874,
663,4,0,0,0.3333333333333333,0.3333333333333333,0.43118754,
667,4,0,0,0.3333333333333333,0.3333333333333333,0.7940383,
673,4,0,0,0.3333333333333333,0.3333333333333333,0.110266194,
679,4,0,0,0.4,0.1999999999999999,0.08660807,
683,4,0,1,0.8333333333333334,0.6666666666666667,0.5172024,
685,4,0,0,0.0,1.0,0.04853038,
686,4,0,0,0.0,1.0,0.58695364,
689,4,0,0,0.0,1.0,0.0871527,
699,4,0,0,0.1666666666666666,0.6666666666666667,0.6312336,
702,4,0,0,0.1666666666666666,0.6666666666666667,0.42992908,
703,4,0,0,0.0,1.0,0.33713943,
705,4,0,1,0.5,0.0,0.115400665,
727,4,0,0,0.4,0.1999999999999999,0.6652472,
732,4,0,0,0.0,1.0,0.45740658,
740,4,0,0,0.1666666666666666,0.6666666666666667,0.14393502,
742,4,0,1,0.5,0.0,0.57357883,
1,4,1,0,0.3333333333333333,0.3333333333333333,8.247343e-05,
21,4,1,0,0.2,0.6,0.011863027,
28,4,1,0,0.2,0.6,0.50007164,
38,4,1,0,0.0,1.0,0.3905146,
41,4,1,0,0.2,0.6,0.0037622675,
43,4,1,0,0.2,0.6,0.78055596,
45,4,1,0,0.0,1.0,0.0028328071,
54,4,1,0,0.25,0.5,0.30516982,
59,4,1,0,0.25,0.5,0.552498,
61,4,1,0,0.2,0.6,0.26741987,
65,4,1,0,0.25,0.5,0.008510492,
66,4,1,0,0.0,1.0,0.77139914,
72,4,1,0,0.25,0.5,0.005911356,
81,4,1,0,0.0,1.0,0.16150786,
87,4,1,0,0.0,1.0,0.053790014,
91,4,1,0,0.25,0.5,4.6557223e-05,
93,4,1,0,0.0,1.0,0.71677226,
95,4,1,0,0.25,0.5,0.3532928,
102,4,1,0,0.0,1.0,0.0006087751,
107,4,1,0,0.1111111111111111,0.7777777777777778,0.04564579,
118,4,1,0,0.0,1.0,0.99780095,
127,4,1,1,0.6666666666666666,0.3333333333333332,0.9064472,
129,4,1,0,0.2,0.6,0.74810314,
131,4,1,0,0.0,1.0,0.06156742,
139,4,1,0,0.0,1.0,0.0014574607,
140,4,1,0,0.2222222222222222,0.5555555555555556,0.72810525,
143,4,1,1,0.5555555555555556,0.1111111111111111,0.8242468,
145,4,1,0,0.4444444444444444,0.1111111111111111,0.009306921,
156,4,1,0,0.25,0.5,0.20830718,
171,4,1,0,0.25,0.5,0.055061128,
172,4,1,0,0.0,1.0,0.007888366,
173,4,1,0,0.25,0.5,0.040601198,
179,4,1,0,0.25,0.5,0.9294858,
183,4,1,0,0.0,1.0,1.2052993e-08,
187,4,1,0,0.0,1.0,0.07724038,
188,4,1,0,0.0,1.0,1.0234044e-05,
194,4,1,0,0.0,1.0,0.46085533,
195,4,1,0,0.0,1.0,0.7695151,
203,4,1,0,0.2,0.6,0.23767368,
204,4,1,0,0.4,0.1999999999999999,0.0092019215,
206,4,1,1,0.5,0.0,0.0089096995,
211,4,1,1,0.6,0.1999999999999999,0.18803583,
214,4,1,0,0.2,0.6,8.804855e-05,
215,4,1,0,0.2,0.6,0.0012333902,
217,4,1,0,0.0,1.0,0.27716935,
219,4,1,0,0.0,1.0,0.30737388,
220,4,1,0,0.4,0.1999999999999999,0.022599282,
221,4,1,1,0.8,0.6000000000000001,0.00031959935,
231,4,1,1,0.5,0.0,0.13762788,
237,4,1,0,0.4,0.1999999999999999,0.012354703,
244,4,1,1,0.6,0.1999999999999999,0.057342157,
247,4,1,0,0.2,0.6,0.17327634,
249,4,1,1,0.6,0.1999999999999999,0.0026926175,
259,4,1,0,0.0,1.0,0.0003325356,
272,4,1,1,0.5,0.0,0.8464534,
277,4,1,1,0.5,0.0,0.8903494,
295,4,1,0,0.0,1.0,0.0042794337,
310,4,1,0,0.2,0.6,0.98832464,
313,4,1,0,0.0,1.0,0.012199938,
322,4,1,1,0.6,0.1999999999999999,0.5008039,
327,4,1,0,0.0,1.0,0.69224477,
329,4,1,0,0.0,1.0,0.18611804,
342,4,1,0,0.2,0.6,0.49643788,
345,4,1,0,0.0,1.0,4.655826e-06,
348,4,1,0,0.4,0.1999999999999999,0.999927,
349,4,1,0,0.0,1.0,4.756652e-06,
351,4,1,0,0.0,1.0,0.35976887,
352,4,1,0,0.25,0.5,0.54349065,
354,4,1,0,0.25,0.5,0.9116381,
367,4,1,0,0.25,0.5,0.88089913,
374,4,1,1,0.5,0.0,0.4280183,
376,4,1,1,0.5,0.0,0.93607974,
377,4,1,0,0.25,0.5,0.19720569,
379,4,1,1,0.75,0.5,0.0073063853,
387,4,1,0,0.0,1.0,0.0011871427,
389,4,1,0,0.25,0.5,0.6023241,
391,4,1,0,0.0,1.0,0.0030437375,
392,4,1,1,0.5,0.0,0.9999614,
398,4,1,0,0.25,0.5,0.75445044,
402,4,1,1,0.6,0.1999999999999999,0.002366039,
404,4,1,1,0.6,0.1999999999999999,0.8830032,
405,4,1,0,0.0,1.0,0.0339754,
406,4,1,1,0.6,0.1999999999999999,1.9590203e-05,
407,4,1,0,0.2,0.6,0.54696053,
424,4,1,1,0.6,0.1999999999999999,1.9364683e-05,
426,4,1,1,0.8,0.6000000000000001,0.04264693,
436,4,1,0,0.4,0.1999999999999999,0.0020794154,
440,4,1,0,0.0,1.0,0.99915427,
441,4,1,0,0.2,0.6,0.4648504,
449,4,1,0,0.4,0.1999999999999999,0.055618554,
450,4,1,0,0.2,0.6,0.0128839305,
453,4,1,0,0.25,0.5,0.0028304686,
457,4,1,1,0.5,0.0,0.67247534,
460,4,1,0,0.0,1.0,0.086336836,
463,4,1,0,0.25,0.5,0.17729442,
464,4,1,0,0.0,1.0,0.9339749,
465,4,1,1,0.5,0.0,0.87522805,
466,4,1,1,0.5,0.0,0.88775325,
472,4,1,0,0.25,0.5,0.0005172135,
473,4,1,0,0.25,0.5,0.009662652,
474,4,1,0,0.0,1.0,0.42874986,
494,4,1,1,0.8,0.6000000000000001,0.0021450766,
519,4,1,0,0.0,1.0,0.8189897,
520,4,1,1,0.5,0.0,2.2016779e-05,
528,4,1,0,0.0,1.0,0.006969817,
533,4,1,0,0.0,1.0,0.28305668,
535,4,1,0,0.25,0.5,0.9630947,
537,4,1,0,0.25,0.5,0.1046217,
539,4,1,0,0.25,0.5,0.44037542,
540,4,1,0,0.25,0.5,0.9999886,
547,4,1,1,0.5,0.0,0.025917796,
548,4,1,1,0.5,0.0,0.23941955,
558,4,1,1,0.5,0.0,0.94946235,
560,4,1,0,0.1666666666666666,0.6666666666666667,3.532101e-07,
568,4,1,1,1.0,1.0,0.3358633,
571,4,1,1,0.5,0.0,0.99680495,
577,4,1,0,0.1666666666666666,0.6666666666666667,0.7319483,
592,4,1,1,0.6,0.1999999999999999,0.011349977,
608,4,1,0,0.0,1.0,0.9981444,
610,4,1,0,0.25,0.5,0.78567743,
617,4,1,1,0.5,0.0,0.25339094,
620,4,1,1,0.75,0.5,0.99842215,
621,4,1,1,0.5,0.0,0.9240898,
629,4,1,1,0.5,0.0,0.9999852,
632,4,1,1,0.5,0.0,0.12001866,
636,4,1,0,0.0,1.0,0.0001978985,
647,4,1,1,0.5,0.0,0.94461817,
649,4,1,1,0.5,0.0,6.406218e-06,
656,4,1,1,0.6666666666666666,0.3333333333333332,0.00034803452,
669,4,1,0,0.3333333333333333,0.3333333333333333,0.026210489,
680,4,1,0,0.0,1.0,0.0023136735,
681,4,1,0,0.1666666666666666,0.6666666666666667,0.98283654,
682,4,1,0,0.1666666666666666,0.6666666666666667,0.33942878,
690,4,1,0,0.0,1.0,0.95679724,
692,4,1,0,0.0,1.0,0.0002215865,
694,4,1,0,0.3333333333333333,0.3333333333333333,0.02376937,
695,4,1,0,0.3333333333333333,0.3333333333333333,0.015182169,
698,4,1,1,0.5,0.0,0.9998424,
701,4,1,0,0.1666666666666666,0.6666666666666667,0.927444,
715,4,1,1,0.5,0.0,0.014613387,
716,4,1,1,0.6666666666666666,0.3333333333333332,0.015987324,
718,4,1,0,0.1666666666666666,0.6666666666666667,0.14298728,
721,4,1,0,0.3333333333333333,0.3333333333333333,0.623494,
724,4,1,0,0.2,0.6,0.044743083,
728,4,1,0,0.2,0.6,0.000630419,
733,4,1,0,0.1666666666666666,0.6666666666666667,0.094704725,
739,4,1,0,0.3333333333333333,0.3333333333333333,0.20198482,
6,4,2,0,0.2,0.6,0.86987185,
7,4,2,1,0.6,0.1999999999999999,0.8949237,
26,4,2,1,0.8,0.6000000000000001,0.002661957,
37,4,2,0,0.2,0.6,0.047914658,
39,4,2,0,0.0,1.0,0.010557311,
42,4,2,0,0.0,1.0,0.6442162,
48,4,2,1,0.6,0.1999999999999999,0.05282352,
49,4,2,0,0.3333333333333333,0.3333333333333333,0.00090618804,
56,4,2,0,0.25,0.5,0.026766412,
58,4,2,0,0.25,0.5,0.8392455,
64,4,2,0,0.3333333333333333,0.3333333333333333,0.007739367,
71,4,2,0,0.0,1.0,0.36416513,
76,4,2,0,0.25,0.5,0.1760065,
78,4,2,0,0.0,1.0,0.12019193,
82,4,2,0,0.25,0.5,0.18737388,
88,4,2,1,0.5,0.0,0.012531271,
92,4,2,0,0.0,1.0,0.75685143,
96,4,2,0,0.0,1.0,0.05757674,
100,4,2,0,0.25,0.5,0.869426,
101,4,2,0,0.3333333333333333,0.3333333333333333,0.28750342,
103,4,2,0,0.1111111111111111,0.7777777777777778,0.1059973,
105,4,2,0,0.0,1.0,0.36320886,
108,4,2,0,0.25,0.5,0.7150049,
109,4,2,0,0.1111111111111111,0.7777777777777778,0.9052781,
112,4,2,0,0.125,0.75,0.30211085,
115,4,2,0,0.0,1.0,0.3153664,
125,4,2,0,0.125,0.75,0.028199617,
136,4,2,0,0.3333333333333333,0.3333333333333333,0.7286142,
137,4,2,1,0.6666666666666666,0.3333333333333332,0.028649405,
138,4,2,1,0.5555555555555556,0.1111111111111111,0.08251483,
158,4,2,0,0.0,1.0,0.0003204064,
160,4,2,0,0.1666666666666666,0.6666666666666667,0.6531012,
162,4,2,0,0.2,0.6,0.012937196,
165,4,2,0,0.0,1.0,0.033124283,
167,4,2,0,0.0,1.0,0.09563972,
170,4,2,0,0.1666666666666666,0.6666666666666667,0.08576159,
201,4,2,0,0.25,0.5,0.004683391,
209,4,2,0,0.2,0.6,0.025861328,
212,4,2,0,0.2,0.6,0.18334055,
216,4,2,0,0.0,1.0,0.91318727,
222,4,2,0,0.2,0.6,0.16165416,
224,4,2,0,0.4,0.1999999999999999,0.20966679,
228,4,2,0,0.2,0.6,0.8265755,
238,4,2,0,0.25,0.5,5.503436e-05,
243,4,2,0,0.0,1.0,0.0006068824,
245,4,2,0,0.0,1.0,0.025275238,
250,4,2,0,0.4,0.1999999999999999,0.97784185,
251,4,2,0,0.25,0.5,0.53913367,
260,4,2,0,0.25,0.5,0.59592694,
261,4,2,0,0.25,0.5,0.08273324,
262,4,2,1,0.5,0.0,0.06186901,
266,4,2,0,0.25,0.5,0.36279282,
271,4,2,0,0.0,1.0,0.15593767,
275,4,2,1,0.5,0.0,0.13517143,
279,4,2,0,0.2,0.6,0.011320818,
280,4,2,0,0.25,0.5,0.1674808,
281,4,2,0,0.0,1.0,0.11512895,
282,4,2,0,0.25,0.5,0.004330064,
290,4,2,0,0.0,1.0,0.28736645,
293,4,2,1,0.5,0.0,0.03259056,
294,4,2,0,0.0,1.0,0.51975,
302,4,2,0,0.0,1.0,0.0020574457,
303,4,2,0,0.0,1.0,0.5528473,
304,4,2,1,0.8,0.6000000000000001,0.97182345,
306,4,2,0,0.0,1.0,0.87325394,
331,4,2,0,0.0,1.0,0.20841803,
334,4,2,0,0.4,0.1999999999999999,0.09109707,
337,4,2,0,0.0,1.0,0.6721523,
338,4,2,0,0.4,0.1999999999999999,0.2221941,
341,4,2,1,0.6,0.1999999999999999,0.47618598,
350,4,2,0,0.0,1.0,0.14891008,
353,4,2,0,0.0,1.0,0.36760092,
362,4,2,1,0.75,0.5,0.31828842,
364,4,2,1,0.5,0.0,0.40207344,
371,4,2,0,0.25,0.5,0.7318717,
382,4,2,1,0.5,0.0,0.016185565,
388,4,2,1,0.5,0.0,0.0036779742,
390,4,2,1,0.75,0.5,0.5444803,
393,4,2,0,0.25,0.5,0.25152975,
396,4,2,1,0.75,0.5,0.6507933,
400,4,2,1,0.5,0.0,0.45296133,
403,4,2,0,0.0,1.0,0.11104566,
410,4,2,1,0.6,0.1999999999999999,0.06425597,
415,4,2,0,0.0,1.0,0.6807981,
417,4,2,0,0.2,0.6,0.98194647,
419,4,2,0,0.4,0.1999999999999999,0.9670957,
425,4,2,0,0.0,1.0,0.7317628,
428,4,2,1,0.6,0.1999999999999999,0.12966049,
439,4,2,0,0.2,0.6,0.16712663,
447,4,2,0,0.0,1.0,0.25058925,
448,4,2,0,0.0,1.0,0.054071497,
458,4,2,0,0.0,1.0,0.99229133,
459,4,2,0,0.25,0.5,0.29460597,
470,4,2,0,0.0,1.0,0.7599235,
477,4,2,0,0.0,1.0,0.23138124,
479,4,2,0,0.0,1.0,0.013774075,
486,4,2,0,0.25,0.5,0.64778763,
495,4,2,0,0.0,1.0,0.69516873,
496,4,2,1,0.75,0.5,0.15148424,
511,4,2,1,0.5,0.0,0.594923,
516,4,2,0,0.0,1.0,0.08850833,
530,4,2,1,0.5,0.0,0.116134465,
550,4,2,0,0.0,1.0,0.44495016,
551,4,2,1,0.6666666666666666,0.3333333333333332,0.95152307,
552,4,2,1,0.6666666666666666,0.3333333333333332,0.13501416,
557,4,2,0,0.3333333333333333,0.3333333333333333,0.051617738,
561,4,2,1,0.5,0.0,0.015303822,
562,4,2,0,0.3333333333333333,0.3333333333333333,0.28161728,
563,4,2,0,0.0,1.0,0.83464146,
565,4,2,0,0.3333333333333333,0.3333333333333333,0.3439457,
581,4,2,0,0.3333333333333333,0.3333333333333333,0.14579344,
582,4,2,1,0.5,0.0,0.384341,
583,4,2,1,0.5,0.0,0.9411835,
584,4,2,1,0.6666666666666666,0.3333333333333332,0.41765106,
597,4,2,0,0.0,1.0,0.5375175,
600,4,2,0,0.1666666666666666,0.6666666666666667,0.3028797,
601,4,2,0,0.0,1.0,0.009899935,
602,4,2,0,0.25,0.5,0.4584623,
606,4,2,0,0.25,0.5,0.047298778,
609,4,2,0,0.25,0.5,0.19174609,
614,4,2,1,0.75,0.5,0.94062185,
619,4,2,0,0.25,0.5,0.76627254,
624,4,2,0,0.25,0.5,0.025385793,
628,4,2,0,0.0,1.0,0.007369487,
630,4,2,1,0.5,0.0,0.54263514,
633,4,2,1,0.5,0.0,0.98692775,
634,4,2,0,0.25,0.5,0.032798305,
642,4,2,1,0.75,0.5,0.98323536,
644,4,2,0,0.25,0.5,0.7165443,
646,4,2,0,0.0,1.0,0.0012854611,
651,4,2,0,0.3333333333333333,0.3333333333333333,0.17949983,
654,4,2,0,0.1666666666666666,0.6666666666666667,0.72048247,
655,4,2,1,0.6666666666666666,0.3333333333333332,0.894049,
657,4,2,1,0.5,0.0,0.07227674,
658,4,2,0,0.1666666666666666,0.6666666666666667,0.9534703,
659,4,2,1,0.6666666666666666,0.3333333333333332,0.010086812,
670,4,2,1,0.5,0.0,0.3303716,
697,4,2,1,0.5,0.0,0.0722016,
707,4,2,1,0.5,0.0,0.006773447,
708,4,2,0,0.0,1.0,0.94776607,
712,4,2,0,0.1666666666666666,0.6666666666666667,0.3573233,
713,4,2,1,0.6,0.1999999999999999,0.297884,
720,4,2,0,0.0,1.0,0.16127597,
723,4,2,0,0.1666666666666666,0.6666666666666667,0.15966612,
734,4,2,0,0.0,1.0,0.11419493,
738,4,2,0,0.3333333333333333,0.3333333333333333,0.11799878,
741,4,2,0,0.2,0.6,0.83438253,
4,4,3,1,0.6,0.1999999999999999,0.56696165,
12,4,3,0,0.4,0.1999999999999999,0.3778399,
14,4,3,0,0.2,0.6,0.57749546,
15,4,3,0,0.4,0.1999999999999999,0.50831604,
17,4,3,0,0.4,0.1999999999999999,0.5361166,
22,4,3,0,0.2,0.6,0.5716609,
27,4,3,0,0.2,0.6,0.40340602,
33,4,3,0,0.4,0.1999999999999999,0.39784604,
35,4,3,1,0.5,0.0,0.52188253,
50,4,3,1,0.8,0.6000000000000001,0.4300208,
53,4,3,0,0.1666666666666666,0.6666666666666667,0.3830396,
55,4,3,0,0.0,1.0,0.48130226,
62,4,3,0,0.25,0.5,0.4003097,
68,4,3,0,0.0,1.0,0.33895424,
75,4,3,0,0.0,1.0,0.4136343,
77,4,3,0,0.25,0.5,0.37379155,
79,4,3,0,0.25,0.5,0.3782204,
84,4,3,0,0.3333333333333333,0.3333333333333333,0.57742596,
97,4,3,0,0.25,0.5,0.41177773,
98,4,3,0,0.3333333333333333,0.3333333333333333,0.6228898,
99,4,3,0,0.0,1.0,0.40235916,
104,4,3,0,0.1111111111111111,0.7777777777777778,0.46197337,
106,4,3,1,1.0,1.0,0.4402927,
114,4,3,0,0.1111111111111111,0.7777777777777778,0.64108187,
119,4,3,0,0.1111111111111111,0.7777777777777778,0.576684,
120,4,3,0,0.0,1.0,0.41644597,
122,4,3,0,0.0,1.0,0.46574193,
126,4,3,0,0.2222222222222222,0.5555555555555556,0.5893837,
132,4,3,0,0.2222222222222222,0.5555555555555556,0.4611355,
134,4,3,0,0.1111111111111111,0.7777777777777778,0.39020917,
135,4,3,0,0.1666666666666666,0.6666666666666667,0.35613292,
147,4,3,0,0.0,1.0,0.61666656,
148,4,3,0,0.1111111111111111,0.7777777777777778,0.3200413,
153,4,3,0,0.0,1.0,0.29520088,
157,4,3,0,0.25,0.5,0.3225023,
163,4,3,0,0.25,0.5,0.553615,
166,4,3,0,0.25,0.5,0.49537137,
168,4,3,0,0.25,0.5,0.42014086,
174,4,3,1,0.5,0.0,0.34659398,
176,4,3,0,0.0,1.0,0.3903321,
177,4,3,0,0.0,1.0,0.40624762,
178,4,3,0,0.0,1.0,0.54548156,
180,4,3,0,0.0,1.0,0.58200276,
181,4,3,1,0.5,0.0,0.41766435,
184,4,3,0,0.0,1.0,0.32133472,
197,4,3,0,0.0,1.0,0.5361563,
207,4,3,0,0.2,0.6,0.3531872,
227,4,3,1,1.0,1.0,0.36506325,
229,4,3,0,0.0,1.0,0.50320894,
235,4,3,0,0.0,1.0,0.46601182,
239,4,3,1,0.6,0.1999999999999999,0.34581757,
253,4,3,0,0.0,1.0,0.5330323,
254,4,3,0,0.25,0.5,0.37696964,
258,4,3,0,0.0,1.0,0.49210685,
267,4,3,0,0.0,1.0,0.21403226,
269,4,3,1,0.5,0.0,0.37403086,
286,4,3,0,0.2,0.6,0.47513813,
287,4,3,0,0.25,0.5,0.54952157,
291,4,3,0,0.0,1.0,0.5891094,
296,4,3,0,0.0,1.0,0.45395258,
299,4,3,1,0.8,0.6000000000000001,0.44269043,
307,4,3,0,0.4,0.1999999999999999,0.42834917,
314,4,3,0,0.0,1.0,0.5159445,
316,4,3,0,0.4,0.1999999999999999,0.4613637,
325,4,3,0,0.0,1.0,0.45686787,
336,4,3,0,0.4,0.1999999999999999,0.52488697,
343,4,3,1,0.8,0.6000000000000001,0.5650009,
355,4,3,0,0.25,0.5,0.42698157,
356,4,3,0,0.25,0.5,0.44324625,
357,4,3,1,0.5,0.0,0.46259826,
361,4,3,0,0.0,1.0,0.33237678,
363,4,3,0,0.0,1.0,0.631721,
366,4,3,0,0.0,1.0,0.62784874,
368,4,3,1,0.5,0.0,0.558465,
375,4,3,1,0.5,0.0,0.5322191,
386,4,3,0,0.25,0.5,0.50169444,
394,4,3,1,0.5,0.0,0.6469115,
408,4,3,0,0.4,0.1999999999999999,0.52421415,
409,4,3,0,0.4,0.1999999999999999,0.5301959,
412,4,3,1,1.0,1.0,0.50169486,
414,4,3,1,0.6,0.1999999999999999,0.45332354,
418,4,3,0,0.0,1.0,0.47182906,
429,4,3,0,0.0,1.0,0.5972674,
437,4,3,1,0.6,0.1999999999999999,0.44427264,
442,4,3,1,0.8,0.6000000000000001,0.41282004,
445,4,3,0,0.0,1.0,0.36985365,
446,4,3,0,0.2,0.6,0.5804104,
462,4,3,1,0.5,0.0,0.6668957,
471,4,3,0,0.0,1.0,0.75668305,
478,4,3,0,0.0,1.0,0.2979977,
481,4,3,0,0.0,1.0,0.48934937,
482,4,3,0,0.0,1.0,0.27561444,
483,4,3,0,0.25,0.5,0.37181652,
484,4,3,0,0.25,0.5,0.4851464,
488,4,3,1,0.5,0.0,0.46599573,
490,4,3,0,0.25,0.5,0.32443342,
493,4,3,0,0.0,1.0,0.40131053,
497,4,3,0,0.0,1.0,0.43918455,
498,4,3,0,0.0,1.0,0.25430954,
500,4,3,0,0.25,0.5,0.46852964,
501,4,3,0,0.25,0.5,0.44636232,
504,4,3,1,0.75,0.5,0.5424748,
509,4,3,0,0.25,0.5,0.28544557,
518,4,3,0,0.25,0.5,0.54567736,
521,4,3,1,0.75,0.5,0.44695553,
526,4,3,0,0.0,1.0,0.41644463,
527,4,3,0,0.25,0.5,0.58498645,
538,4,3,0,0.0,1.0,0.5271306,
541,4,3,1,0.5,0.0,0.42056912,
544,4,3,1,0.5,0.0,0.58446664,
549,4,3,0,0.0,1.0,0.3582976,
554,4,3,1,0.5,0.0,0.6096151,
564,4,3,1,0.5,0.0,0.5675238,
567,4,3,0,0.3333333333333333,0.3333333333333333,0.57329124,
569,4,3,0,0.1666666666666666,0.6666666666666667,0.5316429,
573,4,3,0,0.3333333333333333,0.3333333333333333,0.6353646,
574,4,3,0,0.3333333333333333,0.3333333333333333,0.44137564,
575,4,3,1,0.5,0.0,0.6316684,
585,4,3,1,0.5,0.0,0.43740475,
587,4,3,1,0.8333333333333334,0.6666666666666667,0.37005904,
588,4,3,0,0.1666666666666666,0.6666666666666667,0.4652111,
589,4,3,0,0.3333333333333333,0.3333333333333333,0.4639502,
594,4,3,0,0.0,1.0,0.37111226,
596,4,3,1,0.5,0.0,0.6832823,
605,4,3,1,0.5,0.0,0.6064663,
615,4,3,1,0.75,0.5,0.5814586,
622,4,3,1,0.75,0.5,0.4561935,
626,4,3,1,0.5,0.0,0.3394009,
638,4,3,0,0.25,0.5,0.39483792,
643,4,3,1,0.5,0.0,0.5128909,
652,4,3,0,0.0,1.0,0.31968012,
653,4,3,1,0.5,0.0,0.28538275,
664,4,3,1,0.6666666666666666,0.3333333333333332,0.6136532,
672,4,3,0,0.0,1.0,0.39898765,
674,4,3,0,0.3333333333333333,0.3333333333333333,0.45121711,
675,4,3,0,0.3333333333333333,0.3333333333333333,0.40365428,
676,4,3,0,0.1666666666666666,0.6666666666666667,0.5100907,
693,4,3,1,0.5,0.0,0.41570306,
704,4,3,0,0.3333333333333333,0.3333333333333333,0.53287315,
709,4,3,0,0.3333333333333333,0.3333333333333333,0.5384011,
710,4,3,0,0.0,1.0,0.30311117,
714,4,3,0,0.3333333333333333,0.3333333333333333,0.45971206,
717,4,3,1,0.5,0.0,0.58051074,
719,4,3,0,0.1666666666666666,0.6666666666666667,0.53816754,
722,4,3,0,0.2,0.6,0.32799995,
735,4,3,0,0.0,1.0,0.24883145,
737,4,3,0,0.1666666666666666,0.6666666666666667,0.3756072,
2,4,4,0,0.4,0.1999999999999999,0.4100569,
5,4,4,0,0.2,0.6,0.42312804,
9,4,4,0,0.0,1.0,0.3740732,
16,4,4,1,0.6,0.1999999999999999,0.36828572,
20,4,4,0,0.25,0.5,0.37212428,
32,4,4,0,0.2,0.6,0.4099738,
40,4,4,0,0.2,0.6,0.42176807,
63,4,4,0,0.0,1.0,0.45602864,
69,4,4,0,0.0,1.0,0.45794803,
73,4,4,0,0.0,1.0,0.2748734,
74,4,4,0,0.0,1.0,0.5921448,
80,4,4,0,0.0,1.0,0.43046317,
85,4,4,0,0.25,0.5,0.5630411,
86,4,4,0,0.0,1.0,0.47224835,
89,4,4,0,0.25,0.5,0.6390093,
113,4,4,0,0.1111111111111111,0.7777777777777778,0.6059564,
117,4,4,0,0.25,0.5,0.4071179,
123,4,4,0,0.0,1.0,0.34250963,
130,4,4,0,0.1111111111111111,0.7777777777777778,0.43131566,
133,4,4,1,0.8888888888888888,0.7777777777777777,0.32315916,
141,4,4,0,0.0,1.0,0.5438196,
142,4,4,0,0.0,1.0,0.56091046,
144,4,4,0,0.0,1.0,0.48064092,
146,4,4,1,0.8888888888888888,0.7777777777777777,0.4750255,
149,4,4,0,0.3333333333333333,0.3333333333333333,0.2947989,
150,4,4,0,0.0,1.0,0.42971092,
152,4,4,0,0.0,1.0,0.3133946,
154,4,4,0,0.25,0.5,0.3646658,
155,4,4,0,0.25,0.5,0.5407256,
161,4,4,0,0.0,1.0,0.37947476,
164,4,4,0,0.0,1.0,0.24263056,
175,4,4,0,0.0,1.0,0.37523168,
186,4,4,0,0.0,1.0,0.3622105,
193,4,4,0,0.25,0.5,0.50565684,
196,4,4,1,0.5,0.0,0.4859714,
199,4,4,0,0.25,0.5,0.33327538,
202,4,4,1,0.6,0.1999999999999999,0.27891737,
208,4,4,0,0.0,1.0,0.16763742,
210,4,4,0,0.4,0.1999999999999999,0.8203944,
223,4,4,0,0.2,0.6,0.35552332,
225,4,4,0,0.2,0.6,0.27281478,
232,4,4,0,0.25,0.5,0.3874073,
257,4,4,0,0.25,0.5,0.39641055,
263,4,4,0,0.2,0.6,0.44414458,
264,4,4,0,0.25,0.5,0.36687872,
265,4,4,1,0.5,0.0,0.41971526,
268,4,4,1,0.5,0.0,0.27400523,
270,4,4,0,0.0,1.0,0.67296946,
276,4,4,0,0.2,0.6,0.51371425,
283,4,4,0,0.25,0.5,0.5874586,
284,4,4,1,0.5,0.0,0.36711907,
285,4,4,0,0.4,0.1999999999999999,0.31085795,
289,4,4,1,0.5,0.0,0.51569176,
292,4,4,0,0.25,0.5,0.68319714,
297,4,4,0,0.0,1.0,0.4154991,
298,4,4,0,0.25,0.5,0.5541034,
300,4,4,0,0.0,1.0,0.50165164,
308,4,4,0,0.4,0.1999999999999999,0.6380693,
309,4,4,1,0.8,0.6000000000000001,0.5990361,
312,4,4,0,0.0,1.0,0.33148456,
317,4,4,0,0.4,0.1999999999999999,0.35570475,
318,4,4,0,0.4,0.1999999999999999,0.44522232,
324,4,4,0,0.2,0.6,0.6359542,
328,4,4,1,0.6,0.1999999999999999,0.31888795,
332,4,4,0,0.0,1.0,0.483796,
333,4,4,0,0.0,1.0,0.44682047,
335,4,4,1,0.5,0.0,0.24782917,
340,4,4,1,0.6,0.1999999999999999,0.35193852,
344,4,4,0,0.2,0.6,0.46015453,
347,4,4,0,0.4,0.1999999999999999,0.7022247,
358,4,4,0,0.25,0.5,0.5935173,
360,4,4,0,0.25,0.5,0.46676558,
365,4,4,0,0.25,0.5,0.5461328,
369,4,4,0,0.0,1.0,0.311795,
373,4,4,0,0.0,1.0,0.5679493,
378,4,4,1,0.5,0.0,0.3183924,
383,4,4,0,0.0,1.0,0.27678162,
385,4,4,1,0.5,0.0,0.4917051,
397,4,4,1,0.75,0.5,0.52694064,
399,4,4,0,0.25,0.5,0.46076834,
401,4,4,0,0.2,0.6,0.43567425,
413,4,4,0,0.0,1.0,0.4596318,
421,4,4,0,0.2,0.6,0.29176027,
427,4,4,1,0.6,0.1999999999999999,0.48515868,
430,4,4,1,0.6,0.1999999999999999,0.42206845,
431,4,4,0,0.4,0.1999999999999999,0.40839463,
432,4,4,0,0.2,0.6,0.471712,
433,4,4,0,0.0,1.0,0.39496404,
444,4,4,0,0.2,0.6,0.5377133,
451,4,4,0,0.25,0.5,0.38989192,
454,4,4,0,0.0,1.0,0.5868404,
461,4,4,1,0.5,0.0,0.5805892,
467,4,4,1,1.0,1.0,0.6784059,
469,4,4,1,0.75,0.5,0.36022067,
475,4,4,0,0.25,0.5,0.5362156,
487,4,4,0,0.2,0.6,0.21919858,
491,4,4,1,0.5,0.0,0.706282,
499,4,4,0,0.0,1.0,0.4030545,
502,4,4,1,0.75,0.5,0.42066216,
503,4,4,0,0.0,1.0,0.37851492,
508,4,4,1,0.75,0.5,0.34128886,
513,4,4,0,0.0,1.0,0.46419585,
514,4,4,1,0.75,0.5,0.5405896,
524,4,4,0,0.0,1.0,0.65940654,
525,4,4,0,0.2,0.6,0.2415053,
529,4,4,1,0.5,0.0,0.35763538,
531,4,4,1,0.75,0.5,0.5913948,
532,4,4,0,0.0,1.0,0.2654007,
545,4,4,0,0.25,0.5,0.31921917,
546,4,4,1,0.5,0.0,0.4451995,
556,4,4,0,0.1666666666666666,0.6666666666666667,0.47905636,
559,4,4,1,0.6666666666666666,0.3333333333333332,0.3707701,
576,4,4,1,0.5,0.0,0.59238786,
580,4,4,0,0.3333333333333333,0.3333333333333333,0.21782033,
590,4,4,0,0.3333333333333333,0.3333333333333333,0.6198108,
593,4,4,1,0.5,0.0,0.4197185,
595,4,4,1,0.8333333333333334,0.6666666666666667,0.47016856,
599,4,4,0,0.0,1.0,0.35813558,
603,4,4,1,0.5,0.0,0.41107097,
607,4,4,0,0.0,1.0,0.33190882,
611,4,4,1,0.75,0.5,0.44441605,
612,4,4,0,0.0,1.0,0.21015711,
616,4,4,1,0.75,0.5,0.4538868,
627,4,4,1,0.75,0.5,0.5860108,
631,4,4,0,0.0,1.0,0.41950136,
645,4,4,1,0.75,0.5,0.61090684,
650,4,4,0,0.0,1.0,0.324235,
660,4,4,0,0.1666666666666666,0.6666666666666667,0.39562565,
665,4,4,0,0.1666666666666666,0.6666666666666667,0.46196288,
668,4,4,0,0.1666666666666666,0.6666666666666667,0.7033074,
671,4,4,0,0.3333333333333333,0.3333333333333333,0.6163831,
677,4,4,1,0.6666666666666666,0.3333333333333332,0.46165532,
678,4,4,0,0.3333333333333333,0.3333333333333333,0.25483558,
684,4,4,0,0.0,1.0,0.43903363,
687,4,4,0,0.3333333333333333,0.3333333333333333,0.35745743,
688,4,4,0,0.1666666666666666,0.6666666666666667,0.39780396,
691,4,4,0,0.1666666666666666,0.6666666666666667,0.6400825,
696,4,4,0,0.1666666666666666,0.6666666666666667,0.45478055,
700,4,4,1,0.5,0.0,0.49121857,
706,4,4,1,0.6666666666666666,0.3333333333333332,0.7115433,
711,4,4,1,0.6,0.1999999999999999,0.5568211,
725,4,4,0,0.0,1.0,0.56395745,
726,4,4,0,0.0,1.0,0.6421418,
729,4,4,0,0.4,0.1999999999999999,0.55844903,
730,4,4,0,0.3333333333333333,0.3333333333333333,0.3660522,
731,4,4,0,0.0,1.0,0.3451396,
736,4,4,0,0.0,1.0,0.5096597,
