patient_id,repeat,fold,y,y_soft,agreement,p,thr
5,0,0,0,0.2,0.6,0.6388737436080876,
7,0,0,1,0.6,0.1999999999999999,0.5490215459245651,
28,0,0,0,0.2,0.6,0.5009436629651516,
29,0,0,0,0.2,0.6,0.6243384244986631,
32,0,0,0,0.2,0.6,0.45507342883826585,
40,0,0,0,0.2,0.6,0.41164649837076706,
49,0,0,0,0.3333333333333333,0.3333333333333333,0.43645963621762784,
50,0,0,1,0.8,0.6000000000000001,0.5672592857758236,
51,0,0,0,0.25,0.5,0.48825407829141243,
55,0,0,0,0.0,1.0,0.43848975505021703,
59,0,0,0,0.25,0.5,0.3739019965057121,
63,0,0,0,0.0,1.0,0.514128335688404,
64,0,0,0,0.3333333333333333,0.3333333333333333,0.3011197501254047,
67,0,0,0,0.0,1.0,0.31320185301248293,
73,0,0,0,0.0,1.0,0.33438946720174473,
77,0,0,0,0.25,0.5,0.4424086482099586,
82,0,0,0,0.25,0.5,0.4832148017336605,
83,0,0,0,0.25,0.5,0.6387932018396267,
88,0,0,1,0.5,0.0,0.43111135592768723,
98,0,0,0,0.3333333333333333,0.3333333333333333,0.435489163880131,
107,0,0,0,0.1111111111111111,0.7777777777777778,0.5895017451451159,
109,0,0,0,0.1111111111111111,0.7777777777777778,0.45097754175706106,
110,0,0,0,0.0,1.0,0.7234259496877725,
112,0,0,0,0.125,0.75,0.36954581763999694,
113,0,0,0,0.1111111111111111,0.7777777777777778,0.47471464067710945,
116,0,0,0,0.0,1.0,0.44997155098909547,
122,0,0,0,0.0,1.0,0.45031728044745,
127,0,0,1,0.6666666666666666,0.3333333333333332,0.5953985930319285,
134,0,0,0,0.1111111111111111,0.7777777777777778,0.4648225258500678,
139,0,0,0,0.0,1.0,0.4685436350638708,
151,0,0,0,0.0,1.0,0.4885199630073395,
153,0,0,0,0.0,1.0,0.46686830466203233,
160,0,0,0,0.1666666666666666,0.6666666666666667,0.4579027985670959,
161,0,0,0,0.0,1.0,0.5341785846297264,
174,0,0,1,0.5,0.0,0.3981872187247041,
177,0,0,0,0.0,1.0,0.46955219329516795,
183,0,0,0,0.0,1.0,0.34721453521708356,
199,0,0,0,0.25,0.5,0.47772847110264305,
202,0,0,1,0.6,0.1999999999999999,0.4854146543649017,
206,0,0,1,0.5,0.0,0.3793971040443156,
210,0,0,0,0.4,0.1999999999999999,0.6713274022427407,
230,0,0,0,0.2,0.6,0.3566347574808034,
231,0,0,1,0.5,0.0,0.45533155566230094,
232,0,0,0,0.25,0.5,0.3737743387993848,
233,0,0,0,0.0,1.0,0.37811362084066047,
240,0,0,0,0.2,0.6,0.49705263993757465,
241,0,0,1,0.6,0.1999999999999999,0.38944858502999746,
248,0,0,0,0.4,0.1999999999999999,0.5494855958050302,
253,0,0,0,0.0,1.0,0.5615670351360003,
259,0,0,0,0.0,1.0,0.5038113277180801,
274,0,0,1,0.5,0.0,0.609396078323037,
275,0,0,1,0.5,0.0,0.6191670841010545,
282,0,0,0,0.25,0.5,0.3569368845084005,
284,0,0,1,0.5,0.0,0.40096366816431583,
285,0,0,0,0.4,0.1999999999999999,0.35812160949773875,
287,0,0,0,0.25,0.5,0.37976405732266677,
294,0,0,0,0.0,1.0,0.6234899607677409,
300,0,0,0,0.0,1.0,0.5939509784937576,
307,0,0,0,0.4,0.1999999999999999,0.46276121734117676,
309,0,0,1,0.8,0.6000000000000001,0.5733738363022889,
310,0,0,0,0.2,0.6,0.5202058025295826,
315,0,0,1,0.8,0.6000000000000001,0.5666800660786508,
316,0,0,0,0.4,0.1999999999999999,0.5726455718426371,
319,0,0,0,0.2,0.6,0.6073232491975145,
322,0,0,1,0.6,0.1999999999999999,0.535682253149433,
329,0,0,0,0.0,1.0,0.3679144430006991,
330,0,0,0,0.4,0.1999999999999999,0.5387678590478392,
338,0,0,0,0.4,0.1999999999999999,0.4123238368328172,
339,0,0,0,0.0,1.0,0.4778973871018344,
342,0,0,0,0.2,0.6,0.3763466685642235,
345,0,0,0,0.0,1.0,0.422891008158993,
371,0,0,0,0.25,0.5,0.6068635320562878,
372,0,0,0,0.25,0.5,0.42997899601823464,
374,0,0,1,0.5,0.0,0.41592360233523284,
376,0,0,1,0.5,0.0,0.3802857406839633,
384,0,0,0,0.25,0.5,0.49799038480050073,
394,0,0,1,0.5,0.0,0.6354947348033393,
407,0,0,0,0.2,0.6,0.6233276580654851,
413,0,0,0,0.0,1.0,0.5384350623090746,
421,0,0,0,0.2,0.6,0.38063322400702315,
436,0,0,0,0.4,0.1999999999999999,0.4857821330767639,
438,0,0,0,0.1666666666666666,0.6666666666666667,0.4221550411199092,
456,0,0,1,0.5,0.0,0.49551938994755795,
457,0,0,1,0.5,0.0,0.5684040999061722,
459,0,0,0,0.25,0.5,0.5919085976436134,
463,0,0,0,0.25,0.5,0.3357602767891795,
465,0,0,1,0.5,0.0,0.5082091279392345,
468,0,0,0,0.25,0.5,0.6281962081293675,
480,0,0,1,0.5,0.0,0.5966029383532682,
487,0,0,0,0.2,0.6,0.3986329685933636,
490,0,0,0,0.25,0.5,0.4185795299394588,
491,0,0,1,0.5,0.0,0.5843171638542736,
492,0,0,0,0.3333333333333333,0.3333333333333333,0.42763430338260106,
495,0,0,0,0.0,1.0,0.5570887092603578,
497,0,0,0,0.0,1.0,0.39283176329172725,
499,0,0,0,0.0,1.0,0.5023547149750061,
510,0,0,1,0.5,0.0,0.48458191573925846,
513,0,0,0,0.0,1.0,0.5889129351015653,
514,0,0,1,0.75,0.5,0.48686973193374883,
518,0,0,0,0.25,0.5,0.4392663963637615,
521,0,0,1,0.75,0.5,0.5390007260891645,
528,0,0,0,0.0,1.0,0.4555982882328361,
534,0,0,1,0.75,0.5,0.5914654745438671,
539,0,0,0,0.25,0.5,0.5290545863048117,
540,0,0,0,0.25,0.5,0.5977130448940191,
542,0,0,0,0.25,0.5,0.2822668497334962,
549,0,0,0,0.0,1.0,0.4317405046603796,
554,0,0,1,0.5,0.0,0.5596274197879154,
557,0,0,0,0.3333333333333333,0.3333333333333333,0.4114451510599846,
565,0,0,0,0.3333333333333333,0.3333333333333333,0.5038824989059236,
566,0,0,0,0.1666666666666666,0.6666666666666667,0.4031852513789774,
572,0,0,1,0.8333333333333334,0.6666666666666667,0.5099787244372824,
573,0,0,0,0.3333333333333333,0.3333333333333333,0.5417167593199524,
574,0,0,0,0.3333333333333333,0.3333333333333333,0.3755146271873787,
577,0,0,0,0.1666666666666666,0.6666666666666667,0.5390209107959765,
583,0,0,1,0.5,0.0,0.5750119455394801,
586,0,0,1,0.6666666666666666,0.3333333333333332,0.5179837643746315,
587,0,0,1,0.8333333333333334,0.6666666666666667,0.4154732868955573,
588,0,0,0,0.1666666666666666,0.6666666666666667,0.5493614699086944,
590,0,0,0,0.3333333333333333,0.3333333333333333,0.5188603037677435,
601,0,0,0,0.0,1.0,0.33136300121657236,
603,0,0,1,0.5,0.0,0.45738149030874725,
608,0,0,0,0.0,1.0,0.5901265546329881,
618,0,0,0,0.0,1.0,0.403837060524287,
628,0,0,0,0.0,1.0,0.28430713672138597,
633,0,0,1,0.5,0.0,0.46575194500629347,
645,0,0,1,0.75,0.5,0.44353977803180594,
648,0,0,1,0.5,0.0,0.4468443071419473,
649,0,0,1,0.5,0.0,0.3634271925487069,
650,0,0,0,0.0,1.0,0.496342567634805,
653,0,0,1,0.5,0.0,0.31386666857231504,
657,0,0,1,0.5,0.0,0.4104338422459355,
664,0,0,1,0.6666666666666666,0.3333333333333332,0.4261220376693527,
670,0,0,1,0.5,0.0,0.5409538967913364,
674,0,0,0,0.3333333333333333,0.3333333333333333,0.3923083321779154,
689,0,0,0,0.0,1.0,0.41099107980886784,
690,0,0,0,0.0,1.0,0.4805855053666127,
694,0,0,0,0.3333333333333333,0.3333333333333333,0.40581653594214306,
695,0,0,0,0.3333333333333333,0.3333333333333333,0.47760136234930683,
699,0,0,0,0.1666666666666666,0.6666666666666667,0.5315192054863254,
703,0,0,0,0.0,1.0,0.4369131026281041,
712,0,0,0,0.1666666666666666,0.6666666666666667,0.5885302761145534,
714,0,0,0,0.3333333333333333,0.3333333333333333,0.47479969358570273,
715,0,0,1,0.5,0.0,0.3791882543951156,
720,0,0,0,0.0,1.0,0.5594731234512247,
735,0,0,0,0.0,1.0,0.4546522965524826,
739,0,0,0,0.3333333333333333,0.3333333333333333,0.4789567448115496,
2,0,1,0,0.4,0.1999999999999999,0.25917322947514976,
4,0,1,1,0.6,0.1999999999999999,0.5208153396067343,
6,0,1,0,0.2,0.6,0.47144739740471164,
14,0,1,0,0.2,0.6,0.5448534143985435,
16,0,1,1,0.6,0.1999999999999999,0.3907158209602362,
26,0,1,1,0.8,0.6000000000000001,0.39387464095523356,
30,0,1,0,0.2,0.6,0.5480226371509854,
34,0,1,0,0.1666666666666666,0.6666666666666667,0.5685771334720648,
38,0,1,0,0.0,1.0,0.6042189062210525,
39,0,1,0,0.0,1.0,0.521388264310118,
56,0,1,0,0.25,0.5,0.4617208691450567,
61,0,1,0,0.2,0.6,0.3624409212963198,
65,0,1,0,0.25,0.5,0.40005522282192657,
66,0,1,0,0.0,1.0,0.4502244687142636,
68,0,1,0,0.0,1.0,0.4113587122130895,
69,0,1,0,0.0,1.0,0.4338381543924965,
74,0,1,0,0.0,1.0,0.6784765864247764,
78,0,1,0,0.0,1.0,0.5405078205262976,
85,0,1,0,0.25,0.5,0.6033899192764525,
87,0,1,0,0.0,1.0,0.49333713517405225,
93,0,1,0,0.0,1.0,0.510427319530829,
94,0,1,0,0.25,0.5,0.36628483067015943,
95,0,1,0,0.25,0.5,0.4163379379610292,
96,0,1,0,0.0,1.0,0.46731925537458774,
120,0,1,0,0.0,1.0,0.42482240482100586,
124,0,1,0,0.0,1.0,0.5491167711041389,
131,0,1,0,0.0,1.0,0.624914896339233,
141,0,1,0,0.0,1.0,0.4231915294672156,
142,0,1,0,0.0,1.0,0.44316627342780934,
143,0,1,1,0.5555555555555556,0.1111111111111111,0.5077534350898805,
146,0,1,1,0.8888888888888888,0.7777777777777777,0.5058657357656411,
148,0,1,0,0.1111111111111111,0.7777777777777778,0.5515624452927747,
149,0,1,0,0.3333333333333333,0.3333333333333333,0.33559283238759186,
150,0,1,0,0.0,1.0,0.6614364458022077,
152,0,1,0,0.0,1.0,0.43600265531586446,
155,0,1,0,0.25,0.5,0.5883996920634372,
156,0,1,0,0.25,0.5,0.44659132907973365,
159,0,1,0,0.0,1.0,0.41965791490337634,
163,0,1,0,0.25,0.5,0.5331766687426335,
166,0,1,0,0.25,0.5,0.4237502032478153,
168,0,1,0,0.25,0.5,0.5369917646650773,
182,0,1,0,0.0,1.0,0.5877911139665198,
187,0,1,0,0.0,1.0,0.43104981130841535,
189,0,1,1,0.5,0.0,0.6523055657936245,
190,0,1,0,0.25,0.5,0.4840536055664467,
196,0,1,1,0.5,0.0,0.4837438903679205,
200,0,1,0,0.2,0.6,0.3994044247213606,
204,0,1,0,0.4,0.1999999999999999,0.5646304155307951,
208,0,1,0,0.0,1.0,0.38815744648936373,
209,0,1,0,0.2,0.6,0.3483747409069472,
211,0,1,1,0.6,0.1999999999999999,0.6522621366862519,
212,0,1,0,0.2,0.6,0.36745498439618285,
215,0,1,0,0.2,0.6,0.3248983104073911,
221,0,1,1,0.8,0.6000000000000001,0.46934779630295587,
224,0,1,0,0.4,0.1999999999999999,0.5580721072322699,
226,0,1,0,0.0,1.0,0.4473622145505672,
243,0,1,0,0.0,1.0,0.4315545417648025,
247,0,1,0,0.2,0.6,0.54315183091113,
249,0,1,1,0.6,0.1999999999999999,0.4614232247357476,
250,0,1,0,0.4,0.1999999999999999,0.4043993992285558,
267,0,1,0,0.0,1.0,0.3908071180523364,
279,0,1,0,0.2,0.6,0.3236764420774514,
281,0,1,0,0.0,1.0,0.35747945244418944,
288,0,1,1,0.75,0.5,0.3854875160229958,
291,0,1,0,0.0,1.0,0.4348078691670457,
308,0,1,0,0.4,0.1999999999999999,0.6069607508433668,
317,0,1,0,0.4,0.1999999999999999,0.4819906932315195,
326,0,1,0,0.0,1.0,0.3664075553787328,
328,0,1,1,0.6,0.1999999999999999,0.3153015494694038,
331,0,1,0,0.0,1.0,0.43833376835941484,
332,0,1,0,0.0,1.0,0.458401026012082,
333,0,1,0,0.0,1.0,0.4214169203567695,
335,0,1,1,0.5,0.0,0.4960383459333306,
336,0,1,0,0.4,0.1999999999999999,0.5905864819629488,
346,0,1,1,0.6,0.1999999999999999,0.6586238738542611,
355,0,1,0,0.25,0.5,0.49829219381606166,
359,0,1,0,0.25,0.5,0.4740599688162439,
360,0,1,0,0.25,0.5,0.5533716842092267,
381,0,1,1,0.75,0.5,0.40805756639426755,
388,0,1,1,0.5,0.0,0.5109641463658133,
397,0,1,1,0.75,0.5,0.5861089060746709,
398,0,1,0,0.25,0.5,0.5292442092751899,
405,0,1,0,0.0,1.0,0.46399062755726017,
411,0,1,0,0.2,0.6,0.6453434739161962,
414,0,1,1,0.6,0.1999999999999999,0.5658733626124236,
416,0,1,0,0.0,1.0,0.47953531607741984,
425,0,1,0,0.0,1.0,0.3833573363474057,
435,0,1,0,0.4,0.1999999999999999,0.46789573634167786,
437,0,1,1,0.6,0.1999999999999999,0.5182846623870921,
441,0,1,0,0.2,0.6,0.4874639888103267,
442,0,1,1,0.8,0.6000000000000001,0.428627234903488,
449,0,1,0,0.4,0.1999999999999999,0.4117502918756434,
452,0,1,0,0.25,0.5,0.4071446569420544,
469,0,1,1,0.75,0.5,0.3282317423100963,
481,0,1,0,0.0,1.0,0.7680519055992685,
482,0,1,0,0.0,1.0,0.31903467770153127,
485,0,1,1,0.5,0.0,0.4926920050932635,
486,0,1,0,0.25,0.5,0.7961098550577348,
496,0,1,1,0.75,0.5,0.6458346826495032,
498,0,1,0,0.0,1.0,0.4777672378063289,
503,0,1,0,0.0,1.0,0.5113914492293505,
509,0,1,0,0.25,0.5,0.37773003561226276,
512,0,1,1,1.0,1.0,0.6357887567594628,
519,0,1,0,0.0,1.0,0.508492320222791,
523,0,1,0,0.25,0.5,0.5499709058926607,
524,0,1,0,0.0,1.0,0.5152317111312116,
527,0,1,0,0.25,0.5,0.5269539095257825,
529,0,1,1,0.5,0.0,0.3879004522633769,
530,0,1,1,0.5,0.0,0.5961122237819314,
533,0,1,0,0.0,1.0,0.5272257729232324,
535,0,1,0,0.25,0.5,0.6677359688273561,
548,0,1,1,0.5,0.0,0.4856262290140604,
561,0,1,1,0.5,0.0,0.4550461937298622,
567,0,1,0,0.3333333333333333,0.3333333333333333,0.5382910032832677,
575,0,1,1,0.5,0.0,0.4817676230619028,
579,0,1,0,0.3333333333333333,0.3333333333333333,0.2686600283754549,
589,0,1,0,0.3333333333333333,0.3333333333333333,0.3598907169785688,
595,0,1,1,0.8333333333333334,0.6666666666666667,0.5185942370323909,
604,0,1,1,0.75,0.5,0.39314122379970556,
605,0,1,1,0.5,0.0,0.46676928683807406,
609,0,1,0,0.25,0.5,0.4545646124279589,
612,0,1,0,0.0,1.0,0.3149184813672561,
615,0,1,1,0.75,0.5,0.5631476236903181,
622,0,1,1,0.75,0.5,0.4174873607708335,
623,0,1,1,0.5,0.0,0.4047776853428708,
624,0,1,0,0.25,0.5,0.4313818531487056,
629,0,1,1,0.5,0.0,0.5985826756729884,
630,0,1,1,0.5,0.0,0.5439840981614026,
632,0,1,1,0.5,0.0,0.45327491921964713,
634,0,1,0,0.25,0.5,0.40095355740179117,
636,0,1,0,0.0,1.0,0.44014714609369054,
638,0,1,0,0.25,0.5,0.4489390612021435,
642,0,1,1,0.75,0.5,0.49203309620147184,
658,0,1,0,0.1666666666666666,0.6666666666666667,0.38437241281450824,
660,0,1,0,0.1666666666666666,0.6666666666666667,0.4578431472072322,
667,0,1,0,0.3333333333333333,0.3333333333333333,0.5302627210856283,
676,0,1,0,0.1666666666666666,0.6666666666666667,0.4694758136303645,
681,0,1,0,0.1666666666666666,0.6666666666666667,0.5018789012913708,
683,0,1,1,0.8333333333333334,0.6666666666666667,0.515796328584902,
693,0,1,1,0.5,0.0,0.6304044812796945,
707,0,1,1,0.5,0.0,0.3435442826792503,
730,0,1,0,0.3333333333333333,0.3333333333333333,0.44327957789693806,
731,0,1,0,0.0,1.0,0.3914551110839118,
733,0,1,0,0.1666666666666666,0.6666666666666667,0.44918349623367715,
737,0,1,0,0.1666666666666666,0.6666666666666667,0.4290300147261632,
738,0,1,0,0.3333333333333333,0.3333333333333333,0.5807821415775529,
741,0,1,0,0.2,0.6,0.4441774902296459,
15,0,2,0,0.4,0.1999999999999999,0.4990895939780992,
18,0,2,1,0.6,0.1999999999999999,0.592298878221685,
21,0,2,0,0.2,0.6,0.5675507855926967,
24,0,2,0,0.0,1.0,0.4079404057819359,
25,0,2,0,0.2,0.6,0.5105773882149318,
27,0,2,0,0.2,0.6,0.4296375187276744,
31,0,2,0,0.1666666666666666,0.6666666666666667,0.4849212599237769,
45,0,2,0,0.0,1.0,0.36260102731526733,
47,0,2,0,0.25,0.5,0.4946215201765162,
52,0,2,0,0.25,0.5,0.4550249086768817,
53,0,2,0,0.1666666666666666,0.6666666666666667,0.36551091338144615,
58,0,2,0,0.25,0.5,0.520769540537862,
72,0,2,0,0.25,0.5,0.36770299873659873,
80,0,2,0,0.0,1.0,0.4499896932291271,
81,0,2,0,0.0,1.0,0.4273597181027579,
84,0,2,0,0.3333333333333333,0.3333333333333333,0.5468453127727382,
91,0,2,0,0.25,0.5,0.46889261068093296,
92,0,2,0,0.0,1.0,0.6176393021991653,
101,0,2,0,0.3333333333333333,0.3333333333333333,0.3790017725146638,
102,0,2,0,0.0,1.0,0.46376729930828875,
118,0,2,0,0.0,1.0,0.5740741674177883,
121,0,2,0,0.1111111111111111,0.7777777777777778,0.48973734088431276,
125,0,2,0,0.125,0.75,0.3942878079748612,
126,0,2,0,0.2222222222222222,0.5555555555555556,0.5023510834219704,
128,0,2,0,0.1111111111111111,0.7777777777777778,0.45572268566043206,
130,0,2,0,0.1111111111111111,0.7777777777777778,0.4537619418788943,
140,0,2,0,0.2222222222222222,0.5555555555555556,0.5303152265490524,
145,0,2,0,0.4444444444444444,0.1111111111111111,0.3658306187144717,
154,0,2,0,0.25,0.5,0.38589560558632274,
157,0,2,0,0.25,0.5,0.37657860509072316,
167,0,2,0,0.0,1.0,0.5074889740973868,
172,0,2,0,0.0,1.0,0.595468981050238,
173,0,2,0,0.25,0.5,0.5283856853748577,
176,0,2,0,0.0,1.0,0.35491052795882194,
194,0,2,0,0.0,1.0,0.4586343214588938,
197,0,2,0,0.0,1.0,0.5305728566733264,
201,0,2,0,0.25,0.5,0.4567240315474551,
217,0,2,0,0.0,1.0,0.4514459551913576,
219,0,2,0,0.0,1.0,0.4825474989758223,
229,0,2,0,0.0,1.0,0.28380368932869887,
234,0,2,0,0.25,0.5,0.4185842805971408,
235,0,2,0,0.0,1.0,0.43338328195241443,
237,0,2,0,0.4,0.1999999999999999,0.5095516549297778,
239,0,2,1,0.6,0.1999999999999999,0.554292563441461,
244,0,2,1,0.6,0.1999999999999999,0.5453105309130001,
246,0,2,0,0.4,0.1999999999999999,0.48380255817104995,
252,0,2,0,0.0,1.0,0.364525732058657,
255,0,2,0,0.25,0.5,0.35530855450357823,
265,0,2,1,0.5,0.0,0.48478703837172776,
266,0,2,0,0.25,0.5,0.3836386091153507,
268,0,2,1,0.5,0.0,0.43183672383440536,
270,0,2,0,0.0,1.0,0.3458133541877524,
273,0,2,1,0.5,0.0,0.4828011128904126,
277,0,2,1,0.5,0.0,0.4328671900273805,
280,0,2,0,0.25,0.5,0.5477279145504104,
286,0,2,0,0.2,0.6,0.33272155316794805,
289,0,2,1,0.5,0.0,0.4350354712488867,
304,0,2,1,0.8,0.6000000000000001,0.43101431050883376,
312,0,2,0,0.0,1.0,0.5037125373620072,
318,0,2,0,0.4,0.1999999999999999,0.5212606966470252,
321,0,2,1,0.6,0.1999999999999999,0.5639567526952923,
323,0,2,0,0.0,1.0,0.4104834134253373,
324,0,2,0,0.2,0.6,0.5602858392108314,
334,0,2,0,0.4,0.1999999999999999,0.4849887932103961,
340,0,2,1,0.6,0.1999999999999999,0.4923944131376691,
344,0,2,0,0.2,0.6,0.3550569207898492,
348,0,2,0,0.4,0.1999999999999999,0.49119997491447387,
352,0,2,0,0.25,0.5,0.476970824720855,
353,0,2,0,0.0,1.0,0.5572248478758017,
354,0,2,0,0.25,0.5,0.41109280026336836,
357,0,2,1,0.5,0.0,0.2835010439968244,
358,0,2,0,0.25,0.5,0.6639758450580461,
362,0,2,1,0.75,0.5,0.5924381472359659,
364,0,2,1,0.5,0.0,0.43708297614964187,
399,0,2,0,0.25,0.5,0.4382232800402648,
404,0,2,1,0.6,0.1999999999999999,0.7229520221400718,
408,0,2,0,0.4,0.1999999999999999,0.4906698639840241,
409,0,2,0,0.4,0.1999999999999999,0.7110644644690998,
412,0,2,1,1.0,1.0,0.5318625235870935,
417,0,2,0,0.2,0.6,0.4568319943676887,
420,0,2,0,0.0,1.0,0.5713681786975903,
426,0,2,1,0.8,0.6000000000000001,0.5730930301677143,
431,0,2,0,0.4,0.1999999999999999,0.30869834911796235,
443,0,2,0,0.0,1.0,0.31159181475474484,
446,0,2,0,0.2,0.6,0.5815489971643806,
448,0,2,0,0.0,1.0,0.296924130439736,
451,0,2,0,0.25,0.5,0.4474358857187114,
453,0,2,0,0.25,0.5,0.4123918023643237,
458,0,2,0,0.0,1.0,0.40008009425702895,
460,0,2,0,0.0,1.0,0.5261327444174396,
461,0,2,1,0.5,0.0,0.5489862393469324,
471,0,2,0,0.0,1.0,0.6505744635627975,
477,0,2,0,0.0,1.0,0.4277217312673236,
479,0,2,0,0.0,1.0,0.518858934197409,
488,0,2,1,0.5,0.0,0.4486994813882313,
489,0,2,0,0.0,1.0,0.5768655240614462,
504,0,2,1,0.75,0.5,0.5890843820575045,
505,0,2,1,0.5,0.0,0.5173689608902027,
506,0,2,1,0.75,0.5,0.5272326746421321,
508,0,2,1,0.75,0.5,0.48530140211415096,
511,0,2,1,0.5,0.0,0.38706717169672666,
517,0,2,0,0.25,0.5,0.6248340442796702,
520,0,2,1,0.5,0.0,0.4566521935813054,
526,0,2,0,0.0,1.0,0.6531954132193862,
541,0,2,1,0.5,0.0,0.6366082943245097,
544,0,2,1,0.5,0.0,0.5065355728712,
545,0,2,0,0.25,0.5,0.48409083942767894,
550,0,2,0,0.0,1.0,0.43512142566997963,
552,0,2,1,0.6666666666666666,0.3333333333333332,0.473821040814857,
555,0,2,0,0.3333333333333333,0.3333333333333333,0.4886268231695894,
556,0,2,0,0.1666666666666666,0.6666666666666667,0.43740646899075186,
559,0,2,1,0.6666666666666666,0.3333333333333332,0.31083086466985593,
563,0,2,0,0.0,1.0,0.5133463288405458,
564,0,2,1,0.5,0.0,0.644293438318355,
571,0,2,1,0.5,0.0,0.4453099597174422,
582,0,2,1,0.5,0.0,0.5131435893356813,
602,0,2,0,0.25,0.5,0.5470429213929101,
606,0,2,0,0.25,0.5,0.4160946710239488,
607,0,2,0,0.0,1.0,0.51888646897141,
614,0,2,1,0.75,0.5,0.49646554439579105,
617,0,2,1,0.5,0.0,0.537501241488107,
620,0,2,1,0.75,0.5,0.5239968975647382,
626,0,2,1,0.5,0.0,0.3878248453038877,
641,0,2,0,0.0,1.0,0.5126991357878667,
652,0,2,0,0.0,1.0,0.3761869237172507,
661,0,2,1,0.8333333333333334,0.6666666666666667,0.7174719999371317,
669,0,2,0,0.3333333333333333,0.3333333333333333,0.5176231023187624,
671,0,2,0,0.3333333333333333,0.3333333333333333,0.40191477802243664,
673,0,2,0,0.3333333333333333,0.3333333333333333,0.32217240266535674,
675,0,2,0,0.3333333333333333,0.3333333333333333,0.4037382649733017,
682,0,2,0,0.1666666666666666,0.6666666666666667,0.4754074164177743,
685,0,2,0,0.0,1.0,0.37095569149347385,
686,0,2,0,0.0,1.0,0.38711488963450247,
691,0,2,0,0.1666666666666666,0.6666666666666667,0.4998688269113821,
692,0,2,0,0.0,1.0,0.3806753182278573,
698,0,2,1,0.5,0.0,0.6037146958830848,
704,0,2,0,0.3333333333333333,0.3333333333333333,0.3534504993514579,
705,0,2,1,0.5,0.0,0.3688505094592997,
709,0,2,0,0.3333333333333333,0.3333333333333333,0.4822411099287528,
710,0,2,0,0.0,1.0,0.400984746848993,
717,0,2,1,0.5,0.0,0.5127844434873621,
721,0,2,0,0.3333333333333333,0.3333333333333333,0.580619723153853,
723,0,2,0,0.1666666666666666,0.6666666666666667,0.5315183972275435,
727,0,2,0,0.4,0.1999999999999999,0.48884625179050717,
728,0,2,0,0.2,0.6,0.41728064128574427,
729,0,2,0,0.4,0.1999999999999999,0.5379876281876352,
736,0,2,0,0.0,1.0,0.4760106792407546,
1,0,3,0,0.3333333333333333,0.3333333333333333,0.5453878397092968,
3,0,3,0,0.0,1.0,0.5299416803697699,
9,0,3,0,0.0,1.0,0.5435112563530912,
12,0,3,0,0.4,0.1999999999999999,0.4709631922831417,
13,0,3,0,0.2,0.6,0.49317637648195345,
17,0,3,0,0.4,0.1999999999999999,0.503117640843967,
35,0,3,1,0.5,0.0,0.4315032168455962,
37,0,3,0,0.2,0.6,0.4160989134828944,
42,0,3,0,0.0,1.0,0.611718252907054,
43,0,3,0,0.2,0.6,0.6537270844765743,
48,0,3,1,0.6,0.1999999999999999,0.41629557330590505,
54,0,3,0,0.25,0.5,0.47935612757896406,
76,0,3,0,0.25,0.5,0.43556457471171844,
79,0,3,0,0.25,0.5,0.5062982502877538,
86,0,3,0,0.0,1.0,0.4500120551653103,
90,0,3,1,0.5,0.0,0.37098303956516077,
97,0,3,0,0.25,0.5,0.4682495462084906,
100,0,3,0,0.25,0.5,0.6223102340328708,
103,0,3,0,0.1111111111111111,0.7777777777777778,0.41540005072249364,
108,0,3,0,0.25,0.5,0.5333679793129016,
115,0,3,0,0.0,1.0,0.471939874305065,
119,0,3,0,0.1111111111111111,0.7777777777777778,0.41033656467526386,
123,0,3,0,0.0,1.0,0.32634714628512496,
129,0,3,0,0.2,0.6,0.48509421574673395,
132,0,3,0,0.2222222222222222,0.5555555555555556,0.5398555251150117,
133,0,3,1,0.8888888888888888,0.7777777777777777,0.47128569971754375,
138,0,3,1,0.5555555555555556,0.1111111111111111,0.41071658473018824,
144,0,3,0,0.0,1.0,0.4431798242280366,
158,0,3,0,0.0,1.0,0.3715243871525526,
179,0,3,0,0.25,0.5,0.6843739950013974,
180,0,3,0,0.0,1.0,0.5307624917093272,
184,0,3,0,0.0,1.0,0.496429347041853,
185,0,3,0,0.25,0.5,0.49490676865492766,
188,0,3,0,0.0,1.0,0.5608568450793638,
195,0,3,0,0.0,1.0,0.5989240983746085,
198,0,3,0,0.0,1.0,0.541722054310803,
203,0,3,0,0.2,0.6,0.40135478831289484,
205,0,3,0,0.2,0.6,0.39507969796982856,
213,0,3,0,0.4,0.1999999999999999,0.450520015756799,
216,0,3,0,0.0,1.0,0.4170505650177071,
220,0,3,0,0.4,0.1999999999999999,0.4652088012729062,
222,0,3,0,0.2,0.6,0.3639376146771408,
225,0,3,0,0.2,0.6,0.4915746199824147,
228,0,3,0,0.2,0.6,0.480865437253464,
236,0,3,0,0.0,1.0,0.36338434991532,
238,0,3,0,0.25,0.5,0.46516278941573064,
242,0,3,1,0.6,0.1999999999999999,0.443564548233035,
251,0,3,0,0.25,0.5,0.6313911488617847,
257,0,3,0,0.25,0.5,0.4599304749382821,
258,0,3,0,0.0,1.0,0.4831125619246875,
269,0,3,1,0.5,0.0,0.47900730822235216,
272,0,3,1,0.5,0.0,0.5324340023489518,
278,0,3,0,0.25,0.5,0.41278781205405923,
283,0,3,0,0.25,0.5,0.5594076308828861,
290,0,3,0,0.0,1.0,0.4929976407033061,
293,0,3,1,0.5,0.0,0.42788304480651856,
296,0,3,0,0.0,1.0,0.4127492044813489,
297,0,3,0,0.0,1.0,0.3524756180724181,
302,0,3,0,0.0,1.0,0.5333113820390568,
303,0,3,0,0.0,1.0,0.48935053105174176,
306,0,3,0,0.0,1.0,0.5504783628114309,
311,0,3,0,0.4,0.1999999999999999,0.4346087394408095,
313,0,3,0,0.0,1.0,0.5431575174416491,
320,0,3,0,0.0,1.0,0.5758795842685955,
343,0,3,1,0.8,0.6000000000000001,0.6526646578161666,
351,0,3,0,0.0,1.0,0.4054953519171819,
356,0,3,0,0.25,0.5,0.38240289239197817,
361,0,3,0,0.0,1.0,0.4859006328078168,
366,0,3,0,0.0,1.0,0.4890974782090316,
367,0,3,0,0.25,0.5,0.4149661566254259,
369,0,3,0,0.0,1.0,0.48383371927798396,
370,0,3,0,0.0,1.0,0.42532754384423943,
373,0,3,0,0.0,1.0,0.5193535495043061,
378,0,3,1,0.5,0.0,0.47905223851097056,
380,0,3,1,0.75,0.5,0.5580420121047495,
385,0,3,1,0.5,0.0,0.3872896434215386,
387,0,3,0,0.0,1.0,0.5158651089147828,
389,0,3,0,0.25,0.5,0.59091374375968,
392,0,3,1,0.5,0.0,0.4381543560807582,
396,0,3,1,0.75,0.5,0.5965941530758918,
400,0,3,1,0.5,0.0,0.6147682376382825,
402,0,3,1,0.6,0.1999999999999999,0.37341293901243844,
403,0,3,0,0.0,1.0,0.4210209841419036,
406,0,3,1,0.6,0.1999999999999999,0.4287090458764371,
410,0,3,1,0.6,0.1999999999999999,0.46003533728364193,
415,0,3,0,0.0,1.0,0.6306831635080525,
422,0,3,1,0.6,0.1999999999999999,0.41835309892902217,
423,0,3,0,0.0,1.0,0.544132040673785,
428,0,3,1,0.6,0.1999999999999999,0.420283600450019,
429,0,3,0,0.0,1.0,0.40881801767844655,
433,0,3,0,0.0,1.0,0.3381826873104227,
440,0,3,0,0.0,1.0,0.643792902731661,
444,0,3,0,0.2,0.6,0.4997311215004254,
445,0,3,0,0.0,1.0,0.5070878226352126,
447,0,3,0,0.0,1.0,0.3536327861400331,
455,0,3,0,0.0,1.0,0.4480963923313024,
470,0,3,0,0.0,1.0,0.5260766327398045,
472,0,3,0,0.25,0.5,0.3026540604420319,
473,0,3,0,0.25,0.5,0.5591665431342815,
474,0,3,0,0.0,1.0,0.2931881735084513,
475,0,3,0,0.25,0.5,0.4681252075483431,
478,0,3,0,0.0,1.0,0.47904431873017816,
484,0,3,0,0.25,0.5,0.4601325733595958,
493,0,3,0,0.0,1.0,0.493447635396007,
500,0,3,0,0.25,0.5,0.6187792766886653,
501,0,3,0,0.25,0.5,0.534060039557803,
502,0,3,1,0.75,0.5,0.3386607495417887,
516,0,3,0,0.0,1.0,0.49838455020077105,
525,0,3,0,0.2,0.6,0.3274744435099643,
531,0,3,1,0.75,0.5,0.4822942805591386,
536,0,3,0,0.3333333333333333,0.3333333333333333,0.489887967974003,
538,0,3,0,0.0,1.0,0.5261825737571311,
543,0,3,1,0.5,0.0,0.5541352742784247,
547,0,3,1,0.5,0.0,0.4854828019536306,
560,0,3,0,0.1666666666666666,0.6666666666666667,0.612668750462553,
576,0,3,1,0.5,0.0,0.577710794879036,
581,0,3,0,0.3333333333333333,0.3333333333333333,0.5321382324098798,
591,0,3,1,0.5,0.0,0.4947430803258088,
592,0,3,1,0.6,0.1999999999999999,0.6032088899642493,
597,0,3,0,0.0,1.0,0.41633717308296536,
598,0,3,0,0.3333333333333333,0.3333333333333333,0.33097799061255373,
600,0,3,0,0.1666666666666666,0.6666666666666667,0.4105617002068406,
611,0,3,1,0.75,0.5,0.3915752274453348,
627,0,3,1,0.75,0.5,0.5483869528894083,
631,0,3,0,0.0,1.0,0.38485004862051697,
637,0,3,1,0.5,0.0,0.34769990858905986,
639,0,3,0,0.0,1.0,0.453877496292977,
640,0,3,1,0.75,0.5,0.6401078227384275,
643,0,3,1,0.5,0.0,0.34715062873407465,
647,0,3,1,0.5,0.0,0.5492558263733722,
651,0,3,0,0.3333333333333333,0.3333333333333333,0.48212712175692984,
654,0,3,0,0.1666666666666666,0.6666666666666667,0.578011419653813,
659,0,3,1,0.6666666666666666,0.3333333333333332,0.4709926349414183,
665,0,3,0,0.1666666666666666,0.6666666666666667,0.5647915579061568,
672,0,3,0,0.0,1.0,0.4627208098764063,
677,0,3,1,0.6666666666666666,0.3333333333333332,0.5268390142736782,
680,0,3,0,0.0,1.0,0.4902746485957673,
687,0,3,0,0.3333333333333333,0.3333333333333333,0.3265052622473209,
696,0,3,0,0.1666666666666666,0.6666666666666667,0.3518382025166571,
697,0,3,1,0.5,0.0,0.49473904245260547,
711,0,3,1,0.6,0.1999999999999999,0.5243969976661573,
713,0,3,1,0.6,0.1999999999999999,0.4593936480879105,
718,0,3,0,0.1666666666666666,0.6666666666666667,0.4580490780084451,
719,0,3,0,0.1666666666666666,0.6666666666666667,0.6728198935219445,
725,0,3,0,0.0,1.0,0.44948800771031405,
732,0,3,0,0.0,1.0,0.4401980829857537,
742,0,3,1,0.5,0.0,0.5396852482616117,
8,0,4,0,0.0,1.0,0.3444570827111262,
10,0,4,0,0.0,1.0,0.4287039188975094,
11,0,4,1,0.6,0.1999999999999999,0.4338860922080986,
20,0,4,0,0.25,0.5,0.48769424789677884,
22,0,4,0,0.2,0.6,0.5693104794235849,
33,0,4,0,0.4,0.1999999999999999,0.42666924398967454,
36,0,4,0,0.2,0.6,0.4164861147666159,
41,0,4,0,0.2,0.6,0.32678030994503937,
44,0,4,0,0.0,1.0,0.5401884389034131,
46,0,4,0,0.4,0.1999999999999999,0.6361410987380176,
57,0,4,1,1.0,1.0,0.47552073990881527,
60,0,4,0,0.0,1.0,0.58241714309682,
62,0,4,0,0.25,0.5,0.5035293960565183,
70,0,4,0,0.0,1.0,0.45667576413251243,
71,0,4,0,0.0,1.0,0.48701821389261035,
75,0,4,0,0.0,1.0,0.42857905156051584,
89,0,4,0,0.25,0.5,0.4819338911743086,
99,0,4,0,0.0,1.0,0.37378911075296134,
104,0,4,0,0.1111111111111111,0.7777777777777778,0.45020081750315444,
105,0,4,0,0.0,1.0,0.5414451259034027,
106,0,4,1,1.0,1.0,0.5371817462434487,
111,0,4,0,0.1111111111111111,0.7777777777777778,0.3710823824255183,
114,0,4,0,0.1111111111111111,0.7777777777777778,0.641827800867546,
117,0,4,0,0.25,0.5,0.4172054137151371,
135,0,4,0,0.1666666666666666,0.6666666666666667,0.47929612899485985,
136,0,4,0,0.3333333333333333,0.3333333333333333,0.6512421799643505,
137,0,4,1,0.6666666666666666,0.3333333333333332,0.4383777794627153,
147,0,4,0,0.0,1.0,0.5240384647054264,
162,0,4,0,0.2,0.6,0.43943197535124867,
164,0,4,0,0.0,1.0,0.4282479400379542,
165,0,4,0,0.0,1.0,0.6399862146959896,
169,0,4,0,0.0,1.0,0.5358359369724419,
170,0,4,0,0.1666666666666666,0.6666666666666667,0.4551209092378503,
171,0,4,0,0.25,0.5,0.5371817861496271,
175,0,4,0,0.0,1.0,0.3798982408175135,
178,0,4,0,0.0,1.0,0.511744206831847,
181,0,4,1,0.5,0.0,0.4263336093168787,
186,0,4,0,0.0,1.0,0.4216052871871975,
191,0,4,0,0.0,1.0,0.4777700414337583,
192,0,4,0,0.0,1.0,0.3337210712251498,
193,0,4,0,0.25,0.5,0.5261399127573674,
207,0,4,0,0.2,0.6,0.4976318735331189,
214,0,4,0,0.2,0.6,0.49734858513121405,
223,0,4,0,0.2,0.6,0.5455357826023409,
227,0,4,1,1.0,1.0,0.3558759124165264,
245,0,4,0,0.0,1.0,0.45692258004194075,
254,0,4,0,0.25,0.5,0.5130332173327867,
260,0,4,0,0.25,0.5,0.4446473883723957,
261,0,4,0,0.25,0.5,0.5587309946983583,
262,0,4,1,0.5,0.0,0.5176971758650688,
263,0,4,0,0.2,0.6,0.45463277033399635,
264,0,4,0,0.25,0.5,0.5207316777357889,
271,0,4,0,0.0,1.0,0.4949557009521439,
276,0,4,0,0.2,0.6,0.41617205795432904,
292,0,4,0,0.25,0.5,0.5687994057364504,
295,0,4,0,0.0,1.0,0.4551305037619405,
298,0,4,0,0.25,0.5,0.5653372918004183,
299,0,4,1,0.8,0.6000000000000001,0.40612543098171755,
314,0,4,0,0.0,1.0,0.6050078892157355,
325,0,4,0,0.0,1.0,0.383647283835299,
327,0,4,0,0.0,1.0,0.5899231781721349,
337,0,4,0,0.0,1.0,0.4869019326061613,
341,0,4,1,0.6,0.1999999999999999,0.6309590661501074,
347,0,4,0,0.4,0.1999999999999999,0.4614838858413288,
349,0,4,0,0.0,1.0,0.3960501777381781,
350,0,4,0,0.0,1.0,0.4669020643628866,
363,0,4,0,0.0,1.0,0.6702958062635942,
365,0,4,0,0.25,0.5,0.5789888285334251,
368,0,4,1,0.5,0.0,0.5830906353942873,
375,0,4,1,0.5,0.0,0.5346442387255227,
377,0,4,0,0.25,0.5,0.4748917647511343,
379,0,4,1,0.75,0.5,0.5126154728154326,
382,0,4,1,0.5,0.0,0.37301984369564545,
383,0,4,0,0.0,1.0,0.46752086516008173,
386,0,4,0,0.25,0.5,0.5162546035949549,
390,0,4,1,0.75,0.5,0.4906925582452155,
391,0,4,0,0.0,1.0,0.3583409091041793,
393,0,4,0,0.25,0.5,0.49735561180519783,
395,0,4,1,0.5,0.0,0.5517281512716452,
401,0,4,0,0.2,0.6,0.5339296351943426,
418,0,4,0,0.0,1.0,0.49542735373563096,
419,0,4,0,0.4,0.1999999999999999,0.4399683959310329,
424,0,4,1,0.6,0.1999999999999999,0.380251533020954,
427,0,4,1,0.6,0.1999999999999999,0.5113958202038239,
430,0,4,1,0.6,0.1999999999999999,0.6274705407775818,
432,0,4,0,0.2,0.6,0.4675399488934171,
434,0,4,0,0.0,1.0,0.30736386873526605,
439,0,4,0,0.2,0.6,0.40407420383377146,
450,0,4,0,0.2,0.6,0.3510807743653942,
454,0,4,0,0.0,1.0,0.4331412594553565,
462,0,4,1,0.5,0.0,0.6155732320905885,
464,0,4,0,0.0,1.0,0.5596195900707883,
466,0,4,1,0.5,0.0,0.5442345582040038,
467,0,4,1,1.0,1.0,0.528171525304183,
476,0,4,0,0.0,1.0,0.5695351298969651,
483,0,4,0,0.25,0.5,0.4770947314647862,
494,0,4,1,0.8,0.6000000000000001,0.5864064824263893,
507,0,4,1,1.0,1.0,0.4522091833693994,
515,0,4,0,0.25,0.5,0.45246292808931576,
522,0,4,0,0.25,0.5,0.2738548746168087,
532,0,4,0,0.0,1.0,0.3823956220269522,
537,0,4,0,0.25,0.5,0.39979575095374986,
546,0,4,1,0.5,0.0,0.5146483619193661,
551,0,4,1,0.6666666666666666,0.3333333333333332,0.533914663313467,
553,0,4,0,0.0,1.0,0.5491626935776752,
558,0,4,1,0.5,0.0,0.5537139340580978,
562,0,4,0,0.3333333333333333,0.3333333333333333,0.49379017646889123,
568,0,4,1,1.0,1.0,0.5974675178955877,
569,0,4,0,0.1666666666666666,0.6666666666666667,0.4823391061430635,
570,0,4,1,0.6666666666666666,0.3333333333333332,0.5050363278217511,
578,0,4,1,0.5,0.0,0.4518337048078561,
580,0,4,0,0.3333333333333333,0.3333333333333333,0.3998661368528158,
584,0,4,1,0.6666666666666666,0.3333333333333332,0.6559511851839108,
585,0,4,1,0.5,0.0,0.513193176325027,
593,0,4,1,0.5,0.0,0.5519941606310592,
594,0,4,0,0.0,1.0,0.5048092080015181,
596,0,4,1,0.5,0.0,0.5652015994348231,
599,0,4,0,0.0,1.0,0.2872007029030501,
610,0,4,0,0.25,0.5,0.5922780083347698,
613,0,4,0,0.0,1.0,0.706024398644824,
616,0,4,1,0.75,0.5,0.35106210447627123,
619,0,4,0,0.25,0.5,0.5593093174472439,
621,0,4,1,0.5,0.0,0.3920060545061449,
625,0,4,0,0.0,1.0,0.5312941851906756,
635,0,4,1,0.5,0.0,0.5470093220936271,
644,0,4,0,0.25,0.5,0.4703159705558024,
646,0,4,0,0.0,1.0,0.4167849945973213,
655,0,4,1,0.6666666666666666,0.3333333333333332,0.35530302263277297,
656,0,4,1,0.6666666666666666,0.3333333333333332,0.602075329144277,
662,0,4,0,0.0,1.0,0.4443358810893787,
663,0,4,0,0.3333333333333333,0.3333333333333333,0.5616040398724761,
668,0,4,0,0.1666666666666666,0.6666666666666667,0.6758987424306784,
678,0,4,0,0.3333333333333333,0.3333333333333333,0.3841123027523451,
679,0,4,0,0.4,0.1999999999999999,0.4345097564665422,
684,0,4,0,0.0,1.0,0.46277739029797915,
688,0,4,0,0.1666666666666666,0.6666666666666667,0.3454773560686081,
700,0,4,1,0.5,0.0,0.5082410858611659,
701,0,4,0,0.1666666666666666,0.6666666666666667,0.4926818257318596,
702,0,4,0,0.1666666666666666,0.6666666666666667,0.4517949629585569,
706,0,4,1,0.6666666666666666,0.3333333333333332,0.676357136446911,
708,0,4,0,0.0,1.0,0.5679175274374202,
716,0,4,1,0.6666666666666666,0.3333333333333332,0.5839375907876725,
722,0,4,0,0.2,0.6,0.37576709432920996,
724,0,4,0,0.2,0.6,0.34644768584742575,
726,0,4,0,0.0,1.0,0.44564396395515266,
734,0,4,0,0.0,1.0,0.4955007565790567,
740,0,4,0,0.1666666666666666,0.6666666666666667,0.4402450453515243,
5,1,0,0,0.2,0.6,0.5819952650309961,
10,1,0,0,0.0,1.0,0.4067991985564008,
12,1,0,0,0.4,0.1999999999999999,0.5245594071714329,
16,1,0,1,0.6,0.1999999999999999,0.4132380135976774,
17,1,0,0,0.4,0.1999999999999999,0.5310597612360743,
25,1,0,0,0.2,0.6,0.5046268867162006,
26,1,0,1,0.8,0.6000000000000001,0.4803858687304482,
30,1,0,0,0.2,0.6,0.5378651193569045,
36,1,0,0,0.2,0.6,0.38530344663856747,
37,1,0,0,0.2,0.6,0.3710564954952296,
46,1,0,0,0.4,0.1999999999999999,0.731468144894892,
56,1,0,0,0.25,0.5,0.326768733872675,
63,1,0,0,0.0,1.0,0.4253751552031523,
66,1,0,0,0.0,1.0,0.4691902441818422,
72,1,0,0,0.25,0.5,0.3721368243326934,
81,1,0,0,0.0,1.0,0.3846488768347771,
82,1,0,0,0.25,0.5,0.4589051148909268,
91,1,0,0,0.25,0.5,0.43338232378294966,
93,1,0,0,0.0,1.0,0.4802133403643247,
101,1,0,0,0.3333333333333333,0.3333333333333333,0.39495288440472986,
102,1,0,0,0.0,1.0,0.44361834588212745,
114,1,0,0,0.1111111111111111,0.7777777777777778,0.5601518322319972,
117,1,0,0,0.25,0.5,0.454918764417012,
118,1,0,0,0.0,1.0,0.5570073535412503,
122,1,0,0,0.0,1.0,0.47669917442362597,
128,1,0,0,0.1111111111111111,0.7777777777777778,0.39583981835546317,
141,1,0,0,0.0,1.0,0.3852138886427011,
142,1,0,0,0.0,1.0,0.4917904027162713,
145,1,0,0,0.4444444444444444,0.1111111111111111,0.3719588051595608,
149,1,0,0,0.3333333333333333,0.3333333333333333,0.3345980123604172,
150,1,0,0,0.0,1.0,0.5988704153528255,
159,1,0,0,0.0,1.0,0.4417744512914559,
179,1,0,0,0.25,0.5,0.6385979772662382,
180,1,0,0,0.0,1.0,0.41585525927999406,
184,1,0,0,0.0,1.0,0.37247365458099635,
187,1,0,0,0.0,1.0,0.3385789758727614,
195,1,0,0,0.0,1.0,0.5877574877168523,
213,1,0,0,0.4,0.1999999999999999,0.4944523714814524,
216,1,0,0,0.0,1.0,0.42114495225096915,
226,1,0,0,0.0,1.0,0.3745928423224464,
227,1,0,1,1.0,1.0,0.33424242956791195,
231,1,0,1,0.5,0.0,0.4435409064326013,
232,1,0,0,0.25,0.5,0.3477379504835353,
235,1,0,0,0.0,1.0,0.43750850659173424,
239,1,0,1,0.6,0.1999999999999999,0.5451410191435634,
243,1,0,0,0.0,1.0,0.32639550590886357,
248,1,0,0,0.4,0.1999999999999999,0.6288272328619348,
249,1,0,1,0.6,0.1999999999999999,0.4654382172630135,
250,1,0,0,0.4,0.1999999999999999,0.42753859336668143,
251,1,0,0,0.25,0.5,0.6496793303720408,
257,1,0,0,0.25,0.5,0.3367301717808724,
263,1,0,0,0.2,0.6,0.44390551652061166,
272,1,0,1,0.5,0.0,0.4506984800526862,
273,1,0,1,0.5,0.0,0.45053232632058926,
278,1,0,0,0.25,0.5,0.4072267038468903,
285,1,0,0,0.4,0.1999999999999999,0.35598278908861547,
287,1,0,0,0.25,0.5,0.385695853398695,
288,1,0,1,0.75,0.5,0.4043591801293537,
297,1,0,0,0.0,1.0,0.296772859403119,
299,1,0,1,0.8,0.6000000000000001,0.34467815781040484,
314,1,0,0,0.0,1.0,0.6278854338316099,
317,1,0,0,0.4,0.1999999999999999,0.4847257157886003,
320,1,0,0,0.0,1.0,0.5840193160017277,
333,1,0,0,0.0,1.0,0.4065640901471147,
335,1,0,1,0.5,0.0,0.48110863610159216,
339,1,0,0,0.0,1.0,0.6110177914870593,
341,1,0,1,0.6,0.1999999999999999,0.7047859377200203,
343,1,0,1,0.8,0.6000000000000001,0.6018703414238615,
347,1,0,0,0.4,0.1999999999999999,0.5182597001608261,
350,1,0,0,0.0,1.0,0.4304009797923898,
352,1,0,0,0.25,0.5,0.46671362933709926,
357,1,0,1,0.5,0.0,0.21350276598985038,
358,1,0,0,0.25,0.5,0.6451517323442695,
369,1,0,0,0.0,1.0,0.46645294719704544,
373,1,0,0,0.0,1.0,0.49499852260236815,
380,1,0,1,0.75,0.5,0.6364236913206415,
386,1,0,0,0.25,0.5,0.5042894984576746,
388,1,0,1,0.5,0.0,0.38829809893197975,
389,1,0,0,0.25,0.5,0.6081807939744563,
390,1,0,1,0.75,0.5,0.3940514673811618,
393,1,0,0,0.25,0.5,0.48934316303075953,
396,1,0,1,0.75,0.5,0.6005612943022871,
401,1,0,0,0.2,0.6,0.5250656239734883,
402,1,0,1,0.6,0.1999999999999999,0.3363691931002687,
406,1,0,1,0.6,0.1999999999999999,0.3757613270397832,
420,1,0,0,0.0,1.0,0.6116788177229058,
425,1,0,0,0.0,1.0,0.3302386159218601,
428,1,0,1,0.6,0.1999999999999999,0.35999203304313376,
433,1,0,0,0.0,1.0,0.29727088165377313,
444,1,0,0,0.2,0.6,0.6317731043692016,
450,1,0,0,0.2,0.6,0.33901135537311033,
454,1,0,0,0.0,1.0,0.3666654402413644,
455,1,0,0,0.0,1.0,0.3929516474019369,
457,1,0,1,0.5,0.0,0.4411075960921972,
462,1,0,1,0.5,0.0,0.6280036704210872,
475,1,0,0,0.25,0.5,0.4193923372575788,
479,1,0,0,0.0,1.0,0.5210848748174071,
482,1,0,0,0.0,1.0,0.3124379713770794,
489,1,0,0,0.0,1.0,0.5184416002076215,
507,1,0,1,1.0,1.0,0.3916275806570182,
511,1,0,1,0.5,0.0,0.3843341151762969,
515,1,0,0,0.25,0.5,0.4361057532873961,
525,1,0,0,0.2,0.6,0.28805489064876943,
531,1,0,1,0.75,0.5,0.4182687026442514,
537,1,0,0,0.25,0.5,0.4028318814612434,
538,1,0,0,0.0,1.0,0.5905713349689702,
540,1,0,0,0.25,0.5,0.6309457263559604,
549,1,0,0,0.0,1.0,0.3803796259336548,
551,1,0,1,0.6666666666666666,0.3333333333333332,0.5132752385617817,
553,1,0,0,0.0,1.0,0.5839838106765174,
559,1,0,1,0.6666666666666666,0.3333333333333332,0.3559281708261667,
560,1,0,0,0.1666666666666666,0.6666666666666667,0.49047181062750445,
563,1,0,0,0.0,1.0,0.4665320567947068,
577,1,0,0,0.1666666666666666,0.6666666666666667,0.4333192803402015,
579,1,0,0,0.3333333333333333,0.3333333333333333,0.2870821047246945,
580,1,0,0,0.3333333333333333,0.3333333333333333,0.4055186448958685,
584,1,0,1,0.6666666666666666,0.3333333333333332,0.6021525273511432,
589,1,0,0,0.3333333333333333,0.3333333333333333,0.5007415324686584,
593,1,0,1,0.5,0.0,0.5388478011960183,
602,1,0,0,0.25,0.5,0.5511609668936305,
604,1,0,1,0.75,0.5,0.42801131273802584,
607,1,0,0,0.0,1.0,0.5140306682929767,
611,1,0,1,0.75,0.5,0.36895596443059864,
616,1,0,1,0.75,0.5,0.3667459038833147,
618,1,0,0,0.0,1.0,0.3469775385385264,
626,1,0,1,0.5,0.0,0.3961169258685056,
630,1,0,1,0.5,0.0,0.5377805706714351,
632,1,0,1,0.5,0.0,0.470445681217072,
635,1,0,1,0.5,0.0,0.5150606437390159,
639,1,0,0,0.0,1.0,0.49538660155865116,
641,1,0,0,0.0,1.0,0.495746371518168,
646,1,0,0,0.0,1.0,0.3785669599096336,
648,1,0,1,0.5,0.0,0.4532502581313632,
660,1,0,0,0.1666666666666666,0.6666666666666667,0.4085925172542061,
674,1,0,0,0.3333333333333333,0.3333333333333333,0.3787203096483125,
684,1,0,0,0.0,1.0,0.4527095874777529,
696,1,0,0,0.1666666666666666,0.6666666666666667,0.31769860224846147,
697,1,0,1,0.5,0.0,0.44716626658923353,
698,1,0,1,0.5,0.0,0.6287047639053833,
703,1,0,0,0.0,1.0,0.4523867811917295,
707,1,0,1,0.5,0.0,0.3515560267034964,
710,1,0,0,0.0,1.0,0.3462676344548141,
716,1,0,1,0.6666666666666666,0.3333333333333332,0.5353208353317673,
718,1,0,0,0.1666666666666666,0.6666666666666667,0.4827808360724849,
728,1,0,0,0.2,0.6,0.42592361277779567,
734,1,0,0,0.0,1.0,0.461929354761919,
735,1,0,0,0.0,1.0,0.4395251309192063,
6,1,1,0,0.2,0.6,0.39829946066588207,
8,1,1,0,0.0,1.0,0.36927053638433305,
9,1,1,0,0.0,1.0,0.5415481499782611,
13,1,1,0,0.2,0.6,0.5446306980440134,
14,1,1,0,0.2,0.6,0.4771222793572573,
21,1,1,0,0.2,0.6,0.540007727129336,
22,1,1,0,0.2,0.6,0.5211973100472749,
29,1,1,0,0.2,0.6,0.5250468517908216,
32,1,1,0,0.2,0.6,0.4710623941505899,
33,1,1,0,0.4,0.1999999999999999,0.4544304531791204,
34,1,1,0,0.1666666666666666,0.6666666666666667,0.4994080107123811,
41,1,1,0,0.2,0.6,0.34110196068042287,
49,1,1,0,0.3333333333333333,0.3333333333333333,0.46658390595678617,
50,1,1,1,0.8,0.6000000000000001,0.5705827377437359,
51,1,1,0,0.25,0.5,0.49121456012573916,
70,1,1,0,0.0,1.0,0.5246042086964247,
71,1,1,0,0.0,1.0,0.5348977936924078,
79,1,1,0,0.25,0.5,0.5467440067574134,
85,1,1,0,0.25,0.5,0.5833998028093841,
86,1,1,0,0.0,1.0,0.5107246100613665,
88,1,1,1,0.5,0.0,0.46786352348424465,
89,1,1,0,0.25,0.5,0.5181745967806326,
94,1,1,0,0.25,0.5,0.42302928648769,
95,1,1,0,0.25,0.5,0.45917680205700473,
108,1,1,0,0.25,0.5,0.48101800922109106,
109,1,1,0,0.1111111111111111,0.7777777777777778,0.498394979784759,
115,1,1,0,0.0,1.0,0.44728491889850713,
127,1,1,1,0.6666666666666666,0.3333333333333332,0.560918670495417,
129,1,1,0,0.2,0.6,0.4253464555360551,
138,1,1,1,0.5555555555555556,0.1111111111111111,0.42379535539411795,
139,1,1,0,0.0,1.0,0.4516960607327434,
140,1,1,0,0.2222222222222222,0.5555555555555556,0.5154365095837192,
156,1,1,0,0.25,0.5,0.48220735412865195,
160,1,1,0,0.1666666666666666,0.6666666666666667,0.5382860723759396,
161,1,1,0,0.0,1.0,0.5030755650393405,
166,1,1,0,0.25,0.5,0.48427187136036576,
175,1,1,0,0.0,1.0,0.44076280881109386,
188,1,1,0,0.0,1.0,0.6438716657092522,
193,1,1,0,0.25,0.5,0.49967964858938435,
194,1,1,0,0.0,1.0,0.46289213400869744,
196,1,1,1,0.5,0.0,0.5132602403892175,
198,1,1,0,0.0,1.0,0.5579263533729162,
200,1,1,0,0.2,0.6,0.3639637453991262,
205,1,1,0,0.2,0.6,0.4071970506541833,
209,1,1,0,0.2,0.6,0.36244174808377316,
210,1,1,0,0.4,0.1999999999999999,0.6506953415605745,
212,1,1,0,0.2,0.6,0.35938777385353327,
222,1,1,0,0.2,0.6,0.45904089568279194,
225,1,1,0,0.2,0.6,0.449600697339137,
230,1,1,0,0.2,0.6,0.40043267728713255,
234,1,1,0,0.25,0.5,0.4094988726491081,
237,1,1,0,0.4,0.1999999999999999,0.5322368568899865,
241,1,1,1,0.6,0.1999999999999999,0.42491223537599443,
247,1,1,0,0.2,0.6,0.5859082255372761,
262,1,1,1,0.5,0.0,0.4908151216549281,
264,1,1,0,0.25,0.5,0.4605323831615185,
267,1,1,0,0.0,1.0,0.4115723633865528,
271,1,1,0,0.0,1.0,0.48714768239423767,
275,1,1,1,0.5,0.0,0.5268829778170228,
277,1,1,1,0.5,0.0,0.48471907745380305,
280,1,1,0,0.25,0.5,0.5105255347787705,
284,1,1,1,0.5,0.0,0.3834479784475936,
292,1,1,0,0.25,0.5,0.45326338553027556,
293,1,1,1,0.5,0.0,0.4704448402236012,
304,1,1,1,0.8,0.6000000000000001,0.42878111590969525,
312,1,1,0,0.0,1.0,0.48772956543748636,
324,1,1,0,0.2,0.6,0.6224455453670642,
332,1,1,0,0.0,1.0,0.42977574024288195,
342,1,1,0,0.2,0.6,0.40265641622302006,
346,1,1,1,0.6,0.1999999999999999,0.7225527195796044,
351,1,1,0,0.0,1.0,0.49095481679344266,
353,1,1,0,0.0,1.0,0.5699953463526526,
355,1,1,0,0.25,0.5,0.5091239620957029,
356,1,1,0,0.25,0.5,0.4041728958332883,
360,1,1,0,0.25,0.5,0.5508540115514116,
375,1,1,1,0.5,0.0,0.5682371573976346,
378,1,1,1,0.5,0.0,0.5002433875061163,
385,1,1,1,0.5,0.0,0.43982537361113616,
387,1,1,0,0.0,1.0,0.46191943991370266,
399,1,1,0,0.25,0.5,0.4718227407003795,
405,1,1,0,0.0,1.0,0.5096198452401605,
407,1,1,0,0.2,0.6,0.5637571535960044,
408,1,1,0,0.4,0.1999999999999999,0.5333357935504343,
412,1,1,1,1.0,1.0,0.4838009559544714,
414,1,1,1,0.6,0.1999999999999999,0.5600105812081999,
423,1,1,0,0.0,1.0,0.5265983959603171,
431,1,1,0,0.4,0.1999999999999999,0.3354484189835757,
439,1,1,0,0.2,0.6,0.41234096789226815,
445,1,1,0,0.0,1.0,0.5236005807382618,
449,1,1,0,0.4,0.1999999999999999,0.3457159608198711,
460,1,1,0,0.0,1.0,0.5102307388498648,
468,1,1,0,0.25,0.5,0.5512957207706946,
470,1,1,0,0.0,1.0,0.5155721885272514,
476,1,1,0,0.0,1.0,0.540896848940672,
477,1,1,0,0.0,1.0,0.45423337737353736,
478,1,1,0,0.0,1.0,0.4373045389190116,
480,1,1,1,0.5,0.0,0.5983597505650706,
483,1,1,0,0.25,0.5,0.40706226285218655,
485,1,1,1,0.5,0.0,0.4476536870718218,
488,1,1,1,0.5,0.0,0.4827794912346104,
490,1,1,0,0.25,0.5,0.42771471352176815,
493,1,1,0,0.0,1.0,0.45423830168472273,
494,1,1,1,0.8,0.6000000000000001,0.5930841145682318,
497,1,1,0,0.0,1.0,0.45410669507862533,
505,1,1,1,0.5,0.0,0.5855546391432384,
506,1,1,1,0.75,0.5,0.4995801843898756,
510,1,1,1,0.5,0.0,0.47790149113115477,
513,1,1,0,0.0,1.0,0.47975341389904175,
518,1,1,0,0.25,0.5,0.425927526901662,
519,1,1,0,0.0,1.0,0.4904528429589091,
524,1,1,0,0.0,1.0,0.5999718467051861,
527,1,1,0,0.25,0.5,0.4849457390677093,
528,1,1,0,0.0,1.0,0.4899983017260825,
533,1,1,0,0.0,1.0,0.5356040570832225,
536,1,1,0,0.3333333333333333,0.3333333333333333,0.4271903063053593,
541,1,1,1,0.5,0.0,0.6207270605735667,
542,1,1,0,0.25,0.5,0.3666249176318839,
544,1,1,1,0.5,0.0,0.49297279141208594,
554,1,1,1,0.5,0.0,0.5143536002851373,
556,1,1,0,0.1666666666666666,0.6666666666666667,0.44818683988980085,
564,1,1,1,0.5,0.0,0.6883505997782606,
576,1,1,1,0.5,0.0,0.5227998597742829,
581,1,1,0,0.3333333333333333,0.3333333333333333,0.45408378265118443,
585,1,1,1,0.5,0.0,0.4366220519963505,
591,1,1,1,0.5,0.0,0.4945460470684726,
592,1,1,1,0.6,0.1999999999999999,0.5632993153105309,
598,1,1,0,0.3333333333333333,0.3333333333333333,0.31698098323734936,
620,1,1,1,0.75,0.5,0.4755428355452356,
622,1,1,1,0.75,0.5,0.4116360400030258,
628,1,1,0,0.0,1.0,0.3033110351413717,
637,1,1,1,0.5,0.0,0.3177255993766219,
645,1,1,1,0.75,0.5,0.44094420306934556,
647,1,1,1,0.5,0.0,0.5311751964056108,
658,1,1,0,0.1666666666666666,0.6666666666666667,0.4613388346863365,
659,1,1,1,0.6666666666666666,0.3333333333333332,0.42735027243890433,
668,1,1,0,0.1666666666666666,0.6666666666666667,0.5985403158663334,
670,1,1,1,0.5,0.0,0.5004840463773138,
679,1,1,0,0.4,0.1999999999999999,0.3934603348048398,
686,1,1,0,0.0,1.0,0.4280326107944214,
692,1,1,0,0.0,1.0,0.4765353040020558,
693,1,1,1,0.5,0.0,0.7168602718360224,
695,1,1,0,0.3333333333333333,0.3333333333333333,0.5050125583543038,
699,1,1,0,0.1666666666666666,0.6666666666666667,0.4835999971318115,
704,1,1,0,0.3333333333333333,0.3333333333333333,0.40514435156648154,
706,1,1,1,0.6666666666666666,0.3333333333333332,0.6115420974955104,
712,1,1,0,0.1666666666666666,0.6666666666666667,0.5893877938443624,
729,1,1,0,0.4,0.1999999999999999,0.6027535101407338,
1,1,2,0,0.3333333333333333,0.3333333333333333,0.44414631204169586,
3,1,2,0,0.0,1.0,0.6044585245548879,
11,1,2,1,0.6,0.1999999999999999,0.37330346562760064,
18,1,2,1,0.6,0.1999999999999999,0.46415224973329705,
20,1,2,0,0.25,0.5,0.4112438957135328,
28,1,2,0,0.2,0.6,0.5710138854861568,
31,1,2,0,0.1666666666666666,0.6666666666666667,0.42602631283955716,
43,1,2,0,0.2,0.6,0.6227761736472002,
44,1,2,0,0.0,1.0,0.4507448944715288,
60,1,2,0,0.0,1.0,0.5028692938839314,
64,1,2,0,0.3333333333333333,0.3333333333333333,0.25807844573428385,
67,1,2,0,0.0,1.0,0.3264878970681093,
75,1,2,0,0.0,1.0,0.3805686605357206,
90,1,2,1,0.5,0.0,0.36797199329232405,
96,1,2,0,0.0,1.0,0.48342850352182065,
98,1,2,0,0.3333333333333333,0.3333333333333333,0.5296069561141096,
99,1,2,0,0.0,1.0,0.3568724677307539,
106,1,2,1,1.0,1.0,0.47929418299938586,
113,1,2,0,0.1111111111111111,0.7777777777777778,0.5315437428074989,
120,1,2,0,0.0,1.0,0.49009620536837945,
121,1,2,0,0.1111111111111111,0.7777777777777778,0.45969796827886095,
123,1,2,0,0.0,1.0,0.31788325928039834,
124,1,2,0,0.0,1.0,0.4990578071971679,
130,1,2,0,0.1111111111111111,0.7777777777777778,0.3901688074231635,
133,1,2,1,0.8888888888888888,0.7777777777777777,0.4710143583804014,
144,1,2,0,0.0,1.0,0.4720340671174549,
151,1,2,0,0.0,1.0,0.4714367867582913,
154,1,2,0,0.25,0.5,0.4773327037251007,
158,1,2,0,0.0,1.0,0.31607357699241534,
163,1,2,0,0.25,0.5,0.49335498850646475,
168,1,2,0,0.25,0.5,0.6123087369435606,
170,1,2,0,0.1666666666666666,0.6666666666666667,0.49393560536691716,
171,1,2,0,0.25,0.5,0.3857008141166577,
173,1,2,0,0.25,0.5,0.45406981073393016,
176,1,2,0,0.0,1.0,0.40796538656851733,
181,1,2,1,0.5,0.0,0.4292989972754705,
182,1,2,0,0.0,1.0,0.5417229551180487,
191,1,2,0,0.0,1.0,0.4959905270586551,
192,1,2,0,0.0,1.0,0.4198655792092907,
197,1,2,0,0.0,1.0,0.6529895117990248,
199,1,2,0,0.25,0.5,0.4110129451179659,
201,1,2,0,0.25,0.5,0.4334660023319745,
204,1,2,0,0.4,0.1999999999999999,0.575933976367393,
217,1,2,0,0.0,1.0,0.49961532289977706,
223,1,2,0,0.2,0.6,0.5257022218654333,
233,1,2,0,0.0,1.0,0.4216819281582578,
236,1,2,0,0.0,1.0,0.41972067818356434,
240,1,2,0,0.2,0.6,0.5114736254703327,
245,1,2,0,0.0,1.0,0.4995425653192588,
258,1,2,0,0.0,1.0,0.5335185150275383,
259,1,2,0,0.0,1.0,0.5907633011306124,
260,1,2,0,0.25,0.5,0.4396713070126408,
270,1,2,0,0.0,1.0,0.356247959952947,
274,1,2,1,0.5,0.0,0.6341170212839737,
276,1,2,0,0.2,0.6,0.4095991676292411,
279,1,2,0,0.2,0.6,0.28104580505447896,
291,1,2,0,0.0,1.0,0.5105552775858608,
294,1,2,0,0.0,1.0,0.6176809505459566,
309,1,2,1,0.8,0.6000000000000001,0.6952059334627199,
313,1,2,0,0.0,1.0,0.4656981528302193,
315,1,2,1,0.8,0.6000000000000001,0.48439006825773645,
321,1,2,1,0.6,0.1999999999999999,0.5094189359807828,
325,1,2,0,0.0,1.0,0.4333220986076399,
326,1,2,0,0.0,1.0,0.30719272044872387,
327,1,2,0,0.0,1.0,0.5455326373966897,
328,1,2,1,0.6,0.1999999999999999,0.32410735789651485,
330,1,2,0,0.4,0.1999999999999999,0.5739684523664138,
334,1,2,0,0.4,0.1999999999999999,0.4777111730793068,
344,1,2,0,0.2,0.6,0.42312534302837784,
349,1,2,0,0.0,1.0,0.4124028179156456,
362,1,2,1,0.75,0.5,0.5563114374008378,
363,1,2,0,0.0,1.0,0.7184004464557476,
366,1,2,0,0.0,1.0,0.4591904622973528,
368,1,2,1,0.5,0.0,0.5890848850939008,
391,1,2,0,0.0,1.0,0.3715573768754837,
397,1,2,1,0.75,0.5,0.6455481026187117,
404,1,2,1,0.6,0.1999999999999999,0.7029894408086585,
409,1,2,0,0.4,0.1999999999999999,0.6796580032681931,
411,1,2,0,0.2,0.6,0.6927754730417459,
415,1,2,0,0.0,1.0,0.5931786565232431,
416,1,2,0,0.0,1.0,0.5025085366178428,
429,1,2,0,0.0,1.0,0.4538308947829127,
435,1,2,0,0.4,0.1999999999999999,0.38227689697555645,
436,1,2,0,0.4,0.1999999999999999,0.5147463700904055,
437,1,2,1,0.6,0.1999999999999999,0.39170458507557254,
464,1,2,0,0.0,1.0,0.5427594328523169,
469,1,2,1,0.75,0.5,0.2538085515526866,
472,1,2,0,0.25,0.5,0.3212229716754468,
474,1,2,0,0.0,1.0,0.3077128345580876,
481,1,2,0,0.0,1.0,0.8082031544557382,
484,1,2,0,0.25,0.5,0.5247213909215336,
486,1,2,0,0.25,0.5,0.7889262161058198,
487,1,2,0,0.2,0.6,0.34508749158332175,
498,1,2,0,0.0,1.0,0.4650416800055264,
500,1,2,0,0.25,0.5,0.6721666712517134,
501,1,2,0,0.25,0.5,0.5368379304035027,
502,1,2,1,0.75,0.5,0.5192519277118665,
516,1,2,0,0.0,1.0,0.4452824507237959,
526,1,2,0,0.0,1.0,0.6983628683884255,
534,1,2,1,0.75,0.5,0.5515871847435032,
539,1,2,0,0.25,0.5,0.5418009318077148,
543,1,2,1,0.5,0.0,0.5347595692001638,
545,1,2,0,0.25,0.5,0.4709352164281334,
547,1,2,1,0.5,0.0,0.42497551425178626,
555,1,2,0,0.3333333333333333,0.3333333333333333,0.5799504915301754,
557,1,2,0,0.3333333333333333,0.3333333333333333,0.33891532066356156,
558,1,2,1,0.5,0.0,0.5681112849335664,
567,1,2,0,0.3333333333333333,0.3333333333333333,0.5906264531493471,
571,1,2,1,0.5,0.0,0.46228985288578894,
573,1,2,0,0.3333333333333333,0.3333333333333333,0.5684613071812086,
575,1,2,1,0.5,0.0,0.4933639231662699,
582,1,2,1,0.5,0.0,0.6852802066812514,
587,1,2,1,0.8333333333333334,0.6666666666666667,0.3551772400676302,
595,1,2,1,0.8333333333333334,0.6666666666666667,0.5776631495762528,
597,1,2,0,0.0,1.0,0.37017222225506097,
600,1,2,0,0.1666666666666666,0.6666666666666667,0.33633878348420654,
613,1,2,0,0.0,1.0,0.6401946632872331,
615,1,2,1,0.75,0.5,0.5697462622278594,
621,1,2,1,0.5,0.0,0.3929976617391182,
623,1,2,1,0.5,0.0,0.37944775220374977,
629,1,2,1,0.5,0.0,0.5801058180615077,
638,1,2,0,0.25,0.5,0.45227251407835667,
642,1,2,1,0.75,0.5,0.5171899684483232,
649,1,2,1,0.5,0.0,0.359451149860882,
651,1,2,0,0.3333333333333333,0.3333333333333333,0.5342222472348421,
653,1,2,1,0.5,0.0,0.2133695362500027,
655,1,2,1,0.6666666666666666,0.3333333333333332,0.3348165446972383,
657,1,2,1,0.5,0.0,0.5184681981220718,
661,1,2,1,0.8333333333333334,0.6666666666666667,0.6983662153113932,
663,1,2,0,0.3333333333333333,0.3333333333333333,0.6526771585620703,
672,1,2,0,0.0,1.0,0.375338254393379,
678,1,2,0,0.3333333333333333,0.3333333333333333,0.23960405800986445,
680,1,2,0,0.0,1.0,0.39598313028752696,
687,1,2,0,0.3333333333333333,0.3333333333333333,0.29788791147141774,
688,1,2,0,0.1666666666666666,0.6666666666666667,0.3941017547503424,
690,1,2,0,0.0,1.0,0.5065624559207322,
691,1,2,0,0.1666666666666666,0.6666666666666667,0.4070959845878621,
708,1,2,0,0.0,1.0,0.4500931636814369,
711,1,2,1,0.6,0.1999999999999999,0.4708202737978866,
715,1,2,1,0.5,0.0,0.40516346685036686,
717,1,2,1,0.5,0.0,0.5545203647693306,
719,1,2,0,0.1666666666666666,0.6666666666666667,0.6379939274004361,
725,1,2,0,0.0,1.0,0.43796529060310396,
727,1,2,0,0.4,0.1999999999999999,0.5344435826010256,
731,1,2,0,0.0,1.0,0.3719234176519758,
732,1,2,0,0.0,1.0,0.37887347440271746,
739,1,2,0,0.3333333333333333,0.3333333333333333,0.4910596886048224,
2,1,3,0,0.4,0.1999999999999999,0.2759686293038428,
24,1,3,0,0.0,1.0,0.4565138719418759,
39,1,3,0,0.0,1.0,0.592642086884899,
40,1,3,0,0.2,0.6,0.41195245930091956,
42,1,3,0,0.0,1.0,0.5140915196380679,
45,1,3,0,0.0,1.0,0.31918147370270133,
52,1,3,0,0.25,0.5,0.4108938985299426,
54,1,3,0,0.25,0.5,0.4201106599146734,
57,1,3,1,1.0,1.0,0.4102362529676936,
62,1,3,0,0.25,0.5,0.43200671301964944,
65,1,3,0,0.25,0.5,0.4194199937320193,
68,1,3,0,0.0,1.0,0.4489952099743032,
69,1,3,0,0.0,1.0,0.4389667718520355,
76,1,3,0,0.25,0.5,0.43456109310837165,
77,1,3,0,0.25,0.5,0.36454485662098357,
78,1,3,0,0.0,1.0,0.45551539522556667,
83,1,3,0,0.25,0.5,0.590577048120742,
84,1,3,0,0.3333333333333333,0.3333333333333333,0.5967433013337036,
92,1,3,0,0.0,1.0,0.5412006461097258,
103,1,3,0,0.1111111111111111,0.7777777777777778,0.5083977447930583,
110,1,3,0,0.0,1.0,0.6940072633666892,
119,1,3,0,0.1111111111111111,0.7777777777777778,0.532507838191695,
126,1,3,0,0.2222222222222222,0.5555555555555556,0.5511893539864284,
131,1,3,0,0.0,1.0,0.5316547133560391,
132,1,3,0,0.2222222222222222,0.5555555555555556,0.5334088171248461,
136,1,3,0,0.3333333333333333,0.3333333333333333,0.6630556575544369,
137,1,3,1,0.6666666666666666,0.3333333333333332,0.3707893823013763,
152,1,3,0,0.0,1.0,0.44488562898708883,
153,1,3,0,0.0,1.0,0.4794648953031941,
155,1,3,0,0.25,0.5,0.6852761464173943,
157,1,3,0,0.25,0.5,0.40298667876994043,
177,1,3,0,0.0,1.0,0.5474313663420962,
186,1,3,0,0.0,1.0,0.3372623657659056,
202,1,3,1,0.6,0.1999999999999999,0.4696425757071383,
203,1,3,0,0.2,0.6,0.3051843260786551,
206,1,3,1,0.5,0.0,0.38309888933471054,
207,1,3,0,0.2,0.6,0.47689511508014376,
208,1,3,0,0.0,1.0,0.41279255066362347,
211,1,3,1,0.6,0.1999999999999999,0.6792503171606792,
215,1,3,0,0.2,0.6,0.30288894286931967,
219,1,3,0,0.0,1.0,0.4805305810319661,
220,1,3,0,0.4,0.1999999999999999,0.43962435681128853,
221,1,3,1,0.8,0.6000000000000001,0.48282009211358035,
229,1,3,0,0.0,1.0,0.2547568393238216,
238,1,3,0,0.25,0.5,0.4378904611832765,
246,1,3,0,0.4,0.1999999999999999,0.42751520545332605,
252,1,3,0,0.0,1.0,0.36034959535273103,
261,1,3,0,0.25,0.5,0.5105919800699856,
265,1,3,1,0.5,0.0,0.4465478164948044,
266,1,3,0,0.25,0.5,0.3222450737048135,
268,1,3,1,0.5,0.0,0.3726615869853864,
282,1,3,0,0.25,0.5,0.32425234264933245,
286,1,3,0,0.2,0.6,0.2821252604160166,
289,1,3,1,0.5,0.0,0.379991008023959,
298,1,3,0,0.25,0.5,0.5971950037658618,
300,1,3,0,0.0,1.0,0.4715209077803547,
307,1,3,0,0.4,0.1999999999999999,0.5686684954378658,
308,1,3,0,0.4,0.1999999999999999,0.6401307263272411,
310,1,3,0,0.2,0.6,0.5329138641424566,
316,1,3,0,0.4,0.1999999999999999,0.6492182610956829,
318,1,3,0,0.4,0.1999999999999999,0.5768251271535996,
319,1,3,0,0.2,0.6,0.5890011281329226,
322,1,3,1,0.6,0.1999999999999999,0.6202338963698618,
323,1,3,0,0.0,1.0,0.4275770764605238,
329,1,3,0,0.0,1.0,0.4162864699623924,
331,1,3,0,0.0,1.0,0.45049286651899356,
336,1,3,0,0.4,0.1999999999999999,0.4924764447060547,
338,1,3,0,0.4,0.1999999999999999,0.39341435215796017,
354,1,3,0,0.25,0.5,0.41536884161760074,
365,1,3,0,0.25,0.5,0.5774600215243038,
370,1,3,0,0.0,1.0,0.3887708596279577,
374,1,3,1,0.5,0.0,0.465945787114335,
376,1,3,1,0.5,0.0,0.32400528238176274,
382,1,3,1,0.5,0.0,0.42085112880253067,
383,1,3,0,0.0,1.0,0.5312225167685343,
384,1,3,0,0.25,0.5,0.4675773117595676,
394,1,3,1,0.5,0.0,0.6123729453885215,
395,1,3,1,0.5,0.0,0.4959679593253079,
398,1,3,0,0.25,0.5,0.47426748789648576,
403,1,3,0,0.0,1.0,0.448483350749012,
417,1,3,0,0.2,0.6,0.43258030849835005,
419,1,3,0,0.4,0.1999999999999999,0.33569860141708496,
426,1,3,1,0.8,0.6000000000000001,0.5221208387330669,
440,1,3,0,0.0,1.0,0.5981397578865615,
443,1,3,0,0.0,1.0,0.28485393116808144,
447,1,3,0,0.0,1.0,0.42368689133169446,
451,1,3,0,0.25,0.5,0.3366931283743103,
465,1,3,1,0.5,0.0,0.5353022565083653,
466,1,3,1,0.5,0.0,0.5225078464899294,
467,1,3,1,1.0,1.0,0.5780900109817699,
471,1,3,0,0.0,1.0,0.7390948599415355,
495,1,3,0,0.0,1.0,0.49796122264369647,
496,1,3,1,0.75,0.5,0.6158885146876407,
499,1,3,0,0.0,1.0,0.547506814181381,
503,1,3,0,0.0,1.0,0.480428939093526,
509,1,3,0,0.25,0.5,0.3788601888684534,
514,1,3,1,0.75,0.5,0.5806740726668209,
520,1,3,1,0.5,0.0,0.4872337676656497,
521,1,3,1,0.75,0.5,0.6110334584818174,
522,1,3,0,0.25,0.5,0.35786238989322905,
523,1,3,0,0.25,0.5,0.45759355520087136,
529,1,3,1,0.5,0.0,0.4107813423968878,
530,1,3,1,0.5,0.0,0.5048363701910256,
535,1,3,0,0.25,0.5,0.6319419737864174,
546,1,3,1,0.5,0.0,0.5086164039768192,
552,1,3,1,0.6666666666666666,0.3333333333333332,0.5078940017804247,
568,1,3,1,1.0,1.0,0.6104549969263712,
570,1,3,1,0.6666666666666666,0.3333333333333332,0.5935633860402985,
574,1,3,0,0.3333333333333333,0.3333333333333333,0.3851065121283418,
583,1,3,1,0.5,0.0,0.5480693555861373,
588,1,3,0,0.1666666666666666,0.6666666666666667,0.5753473179477387,
590,1,3,0,0.3333333333333333,0.3333333333333333,0.4928507917154118,
594,1,3,0,0.0,1.0,0.5170231395082874,
603,1,3,1,0.5,0.0,0.4313073480595014,
610,1,3,0,0.25,0.5,0.6015582905677421,
612,1,3,0,0.0,1.0,0.39866983109792953,
617,1,3,1,0.5,0.0,0.5247954596163726,
619,1,3,0,0.25,0.5,0.5639864693525529,
624,1,3,0,0.25,0.5,0.46398460209964604,
627,1,3,1,0.75,0.5,0.533706534580507,
631,1,3,0,0.0,1.0,0.41904705829243016,
633,1,3,1,0.5,0.0,0.385762788426002,
634,1,3,0,0.25,0.5,0.44404708698835405,
636,1,3,0,0.0,1.0,0.4513833869668869,
650,1,3,0,0.0,1.0,0.5521341199927374,
652,1,3,0,0.0,1.0,0.35345860155055886,
654,1,3,0,0.1666666666666666,0.6666666666666667,0.5569104142941961,
656,1,3,1,0.6666666666666666,0.3333333333333332,0.5264043879969258,
664,1,3,1,0.6666666666666666,0.3333333333333332,0.42079792105892644,
665,1,3,0,0.1666666666666666,0.6666666666666667,0.4993441961078925,
667,1,3,0,0.3333333333333333,0.3333333333333333,0.5865034721378585,
669,1,3,0,0.3333333333333333,0.3333333333333333,0.46348308576877095,
673,1,3,0,0.3333333333333333,0.3333333333333333,0.406792011439049,
677,1,3,1,0.6666666666666666,0.3333333333333332,0.5136534385030107,
681,1,3,0,0.1666666666666666,0.6666666666666667,0.5606849083868064,
683,1,3,1,0.8333333333333334,0.6666666666666667,0.632835446867442,
689,1,3,0,0.0,1.0,0.497443468003389,
702,1,3,0,0.1666666666666666,0.6666666666666667,0.463040937676247,
713,1,3,1,0.6,0.1999999999999999,0.4841158421966788,
714,1,3,0,0.3333333333333333,0.3333333333333333,0.4112691709935875,
720,1,3,0,0.0,1.0,0.48251003040528095,
721,1,3,0,0.3333333333333333,0.3333333333333333,0.6487857970431516,
722,1,3,0,0.2,0.6,0.35578824606560455,
723,1,3,0,0.1666666666666666,0.6666666666666667,0.534102511055419,
726,1,3,0,0.0,1.0,0.371905238164303,
738,1,3,0,0.3333333333333333,0.3333333333333333,0.6390261125914045,
742,1,3,1,0.5,0.0,0.5190625965371024,
4,1,4,1,0.6,0.1999999999999999,0.45747229717922455,
7,1,4,1,0.6,0.1999999999999999,0.5771742669297447,
15,1,4,0,0.4,0.1999999999999999,0.4657184969097462,
27,1,4,0,0.2,0.6,0.426919776589988,
35,1,4,1,0.5,0.0,0.46101236738429274,
38,1,4,0,0.0,1.0,0.5506404859590771,
47,1,4,0,0.25,0.5,0.47907139013570943,
48,1,4,1,0.6,0.1999999999999999,0.48430726743249797,
53,1,4,0,0.1666666666666666,0.6666666666666667,0.389526556286515,
55,1,4,0,0.0,1.0,0.4659216719269952,
58,1,4,0,0.25,0.5,0.5046585720302512,
59,1,4,0,0.25,0.5,0.3974585456513502,
61,1,4,0,0.2,0.6,0.36562035711483604,
73,1,4,0,0.0,1.0,0.387663416568796,
74,1,4,0,0.0,1.0,0.6051849177230165,
80,1,4,0,0.0,1.0,0.43871023802662656,
87,1,4,0,0.0,1.0,0.49887539399884095,
97,1,4,0,0.25,0.5,0.4366212116848155,
100,1,4,0,0.25,0.5,0.5590021056505007,
104,1,4,0,0.1111111111111111,0.7777777777777778,0.45852465700180695,
105,1,4,0,0.0,1.0,0.49173809988413747,
107,1,4,0,0.1111111111111111,0.7777777777777778,0.5730362970597831,
111,1,4,0,0.1111111111111111,0.7777777777777778,0.4518114509151283,
112,1,4,0,0.125,0.75,0.37448609760604157,
116,1,4,0,0.0,1.0,0.46036364056445345,
125,1,4,0,0.125,0.75,0.4166775264906506,
134,1,4,0,0.1111111111111111,0.7777777777777778,0.4312109195823514,
135,1,4,0,0.1666666666666666,0.6666666666666667,0.391662228322145,
143,1,4,1,0.5555555555555556,0.1111111111111111,0.45380542405148916,
146,1,4,1,0.8888888888888888,0.7777777777777777,0.5056797530216202,
147,1,4,0,0.0,1.0,0.47768763291148625,
148,1,4,0,0.1111111111111111,0.7777777777777778,0.5107817326627065,
162,1,4,0,0.2,0.6,0.45668706532349407,
164,1,4,0,0.0,1.0,0.3925005265234861,
165,1,4,0,0.0,1.0,0.58687245766093,
167,1,4,0,0.0,1.0,0.49106688223122896,
169,1,4,0,0.0,1.0,0.4993669875560446,
172,1,4,0,0.0,1.0,0.5737139140912054,
174,1,4,1,0.5,0.0,0.4701744616595093,
178,1,4,0,0.0,1.0,0.5384340958365562,
183,1,4,0,0.0,1.0,0.3720687848850682,
185,1,4,0,0.25,0.5,0.44854171264948495,
189,1,4,1,0.5,0.0,0.6282014759385603,
190,1,4,0,0.25,0.5,0.4916735335475492,
214,1,4,0,0.2,0.6,0.4997397290108071,
224,1,4,0,0.4,0.1999999999999999,0.6144342166968517,
228,1,4,0,0.2,0.6,0.47489418592350136,
242,1,4,1,0.6,0.1999999999999999,0.48909026697551705,
244,1,4,1,0.6,0.1999999999999999,0.5534983290441271,
253,1,4,0,0.0,1.0,0.5211029002395153,
254,1,4,0,0.25,0.5,0.5174520127084284,
255,1,4,0,0.25,0.5,0.4254252947906255,
269,1,4,1,0.5,0.0,0.47516130362369546,
281,1,4,0,0.0,1.0,0.4036290306793047,
283,1,4,0,0.25,0.5,0.5443958506024267,
290,1,4,0,0.0,1.0,0.5167289220214237,
295,1,4,0,0.0,1.0,0.4878218281600466,
296,1,4,0,0.0,1.0,0.42166550661498087,
302,1,4,0,0.0,1.0,0.4949697640380001,
303,1,4,0,0.0,1.0,0.4657685442924854,
306,1,4,0,0.0,1.0,0.526824273863721,
311,1,4,0,0.4,0.1999999999999999,0.47153465178197573,
337,1,4,0,0.0,1.0,0.49912034332249566,
340,1,4,1,0.6,0.1999999999999999,0.5574036437591274,
345,1,4,0,0.0,1.0,0.3950985809701677,
348,1,4,0,0.4,0.1999999999999999,0.5207959508492794,
359,1,4,0,0.25,0.5,0.5011651373122397,
361,1,4,0,0.0,1.0,0.44317118246850595,
364,1,4,1,0.5,0.0,0.5230001411396843,
367,1,4,0,0.25,0.5,0.5048634694952262,
371,1,4,0,0.25,0.5,0.5730332260766663,
372,1,4,0,0.25,0.5,0.49674878763346975,
377,1,4,0,0.25,0.5,0.43288349630482426,
379,1,4,1,0.75,0.5,0.5096821186342315,
381,1,4,1,0.75,0.5,0.5372515487916927,
392,1,4,1,0.5,0.0,0.4990264222285434,
400,1,4,1,0.5,0.0,0.5535963780112557,
410,1,4,1,0.6,0.1999999999999999,0.41273670005491847,
413,1,4,0,0.0,1.0,0.4906380275843389,
418,1,4,0,0.0,1.0,0.45960579553287373,
421,1,4,0,0.2,0.6,0.4023912674524799,
422,1,4,1,0.6,0.1999999999999999,0.407396494806877,
424,1,4,1,0.6,0.1999999999999999,0.3910437957743713,
427,1,4,1,0.6,0.1999999999999999,0.4747761318176057,
430,1,4,1,0.6,0.1999999999999999,0.5364100018498275,
432,1,4,0,0.2,0.6,0.4818441756598979,
434,1,4,0,0.0,1.0,0.3412384416792086,
438,1,4,0,0.1666666666666666,0.6666666666666667,0.544803311927796,
441,1,4,0,0.2,0.6,0.45035281279200123,
442,1,4,1,0.8,0.6000000000000001,0.4983522876015623,
446,1,4,0,0.2,0.6,0.5815863527544869,
448,1,4,0,0.0,1.0,0.3644200842487555,
452,1,4,0,0.25,0.5,0.42049254783047496,
453,1,4,0,0.25,0.5,0.43714174883615525,
456,1,4,1,0.5,0.0,0.4593500786497633,
458,1,4,0,0.0,1.0,0.3735448597048937,
459,1,4,0,0.25,0.5,0.5644511158940483,
461,1,4,1,0.5,0.0,0.6074350112890897,
463,1,4,0,0.25,0.5,0.390111013786021,
473,1,4,0,0.25,0.5,0.5446237707402339,
491,1,4,1,0.5,0.0,0.599210773574913,
492,1,4,0,0.3333333333333333,0.3333333333333333,0.4194232381702637,
504,1,4,1,0.75,0.5,0.6136058981697925,
508,1,4,1,0.75,0.5,0.42461958962745766,
512,1,4,1,1.0,1.0,0.6542144048050296,
517,1,4,0,0.25,0.5,0.45573032828184085,
532,1,4,0,0.0,1.0,0.3734694563808863,
548,1,4,1,0.5,0.0,0.49083618381839644,
550,1,4,0,0.0,1.0,0.48386244352681906,
561,1,4,1,0.5,0.0,0.46566288553138213,
562,1,4,0,0.3333333333333333,0.3333333333333333,0.45686985163099514,
565,1,4,0,0.3333333333333333,0.3333333333333333,0.5167525771738315,
566,1,4,0,0.1666666666666666,0.6666666666666667,0.3612414463218868,
569,1,4,0,0.1666666666666666,0.6666666666666667,0.4525958358525678,
572,1,4,1,0.8333333333333334,0.6666666666666667,0.4840497976909324,
578,1,4,1,0.5,0.0,0.4368906900084141,
586,1,4,1,0.6666666666666666,0.3333333333333332,0.5070968626027381,
596,1,4,1,0.5,0.0,0.5550666476717886,
599,1,4,0,0.0,1.0,0.3173007258403988,
601,1,4,0,0.0,1.0,0.36065562913998206,
605,1,4,1,0.5,0.0,0.4552122621532613,
606,1,4,0,0.25,0.5,0.3758391964068899,
608,1,4,0,0.0,1.0,0.5609185142577349,
609,1,4,0,0.25,0.5,0.5113971574598046,
614,1,4,1,0.75,0.5,0.5463772908642859,
625,1,4,0,0.0,1.0,0.5194909001063959,
640,1,4,1,0.75,0.5,0.6217659403834774,
643,1,4,1,0.5,0.0,0.47496754151782244,
644,1,4,0,0.25,0.5,0.4902855408610115,
662,1,4,0,0.0,1.0,0.4546302305167761,
671,1,4,0,0.3333333333333333,0.3333333333333333,0.5097786642470148,
675,1,4,0,0.3333333333333333,0.3333333333333333,0.38179224479438306,
676,1,4,0,0.1666666666666666,0.6666666666666667,0.46259314094654125,
682,1,4,0,0.1666666666666666,0.6666666666666667,0.4701414528653073,
685,1,4,0,0.0,1.0,0.31562793506700626,
694,1,4,0,0.3333333333333333,0.3333333333333333,0.41342009260832424,
700,1,4,1,0.5,0.0,0.5016072752052214,
701,1,4,0,0.1666666666666666,0.6666666666666667,0.5078954742245352,
705,1,4,1,0.5,0.0,0.3891246473867999,
709,1,4,0,0.3333333333333333,0.3333333333333333,0.5757569860224689,
724,1,4,0,0.2,0.6,0.3956614940376972,
730,1,4,0,0.3333333333333333,0.3333333333333333,0.4854039448681219,
733,1,4,0,0.1666666666666666,0.6666666666666667,0.4103812531203443,
736,1,4,0,0.0,1.0,0.39969474670712435,
737,1,4,0,0.1666666666666666,0.6666666666666667,0.46763480783573663,
740,1,4,0,0.1666666666666666,0.6666666666666667,0.49449929946070914,
741,1,4,0,0.2,0.6,0.4797927864737007,
1,2,0,0,0.3333333333333333,0.3333333333333333,0.4813321124159022,
4,2,0,1,0.6,0.1999999999999999,0.4766436679187587,
6,2,0,0,0.2,0.6,0.3937398925766913,
10,2,0,0,0.0,1.0,0.38874595640303067,
12,2,0,0,0.4,0.1999999999999999,0.532218315540142,
18,2,0,1,0.6,0.1999999999999999,0.5002937256066639,
25,2,0,0,0.2,0.6,0.41128871697377345,
33,2,0,0,0.4,0.1999999999999999,0.3745961915913838,
38,2,0,0,0.0,1.0,0.5687342977035579,
44,2,0,0,0.0,1.0,0.45450097715343857,
48,2,0,1,0.6,0.1999999999999999,0.4319753560276894,
57,2,0,1,1.0,1.0,0.41912279966584026,
60,2,0,0,0.0,1.0,0.5435364616897705,
62,2,0,0,0.25,0.5,0.4344540506115092,
70,2,0,0,0.0,1.0,0.4855718636675105,
73,2,0,0,0.0,1.0,0.31703146955235906,
74,2,0,0,0.0,1.0,0.6315227797797678,
80,2,0,0,0.0,1.0,0.40687292530950675,
81,2,0,0,0.0,1.0,0.3933820727872254,
84,2,0,0,0.3333333333333333,0.3333333333333333,0.5553409704196203,
91,2,0,0,0.25,0.5,0.5505460681124594,
98,2,0,0,0.3333333333333333,0.3333333333333333,0.47671865142615677,
104,2,0,0,0.1111111111111111,0.7777777777777778,0.4482410556766391,
108,2,0,0,0.25,0.5,0.5536579456474797,
114,2,0,0,0.1111111111111111,0.7777777777777778,0.5982725162454323,
118,2,0,0,0.0,1.0,0.5195477724384963,
133,2,0,1,0.8888888888888888,0.7777777777777777,0.4401950047994808,
134,2,0,0,0.1111111111111111,0.7777777777777778,0.4355874601768509,
136,2,0,0,0.3333333333333333,0.3333333333333333,0.6196378998889507,
139,2,0,0,0.0,1.0,0.4657798592982288,
141,2,0,0,0.0,1.0,0.38940314410824906,
144,2,0,0,0.0,1.0,0.494675796271838,
152,2,0,0,0.0,1.0,0.4557458948925282,
162,2,0,0,0.2,0.6,0.3901162455214206,
165,2,0,0,0.0,1.0,0.5609249472509337,
171,2,0,0,0.25,0.5,0.4780393101375727,
173,2,0,0,0.25,0.5,0.4486282934124375,
182,2,0,0,0.0,1.0,0.5458760970226681,
185,2,0,0,0.25,0.5,0.46893968338322717,
188,2,0,0,0.0,1.0,0.6281860926806455,
191,2,0,0,0.0,1.0,0.5116607838105162,
203,2,0,0,0.2,0.6,0.3459864354405193,
222,2,0,0,0.2,0.6,0.43179671444164236,
244,2,0,1,0.6,0.1999999999999999,0.49661352830088784,
248,2,0,0,0.4,0.1999999999999999,0.5979406150860238,
250,2,0,0,0.4,0.1999999999999999,0.40364554313503687,
253,2,0,0,0.0,1.0,0.47383581734021696,
255,2,0,0,0.25,0.5,0.399145024213778,
257,2,0,0,0.25,0.5,0.4115890777438075,
261,2,0,0,0.25,0.5,0.5549292884691986,
263,2,0,0,0.2,0.6,0.4610182067185938,
265,2,0,1,0.5,0.0,0.5129589145748381,
272,2,0,1,0.5,0.0,0.4262128528351907,
273,2,0,1,0.5,0.0,0.4971946233924253,
276,2,0,0,0.2,0.6,0.427528627892915,
288,2,0,1,0.75,0.5,0.40515291015934557,
322,2,0,1,0.6,0.1999999999999999,0.5874877799961171,
324,2,0,0,0.2,0.6,0.5587920072978346,
326,2,0,0,0.0,1.0,0.39736073351252726,
327,2,0,0,0.0,1.0,0.4923276247374701,
328,2,0,1,0.6,0.1999999999999999,0.36231901195203525,
331,2,0,0,0.0,1.0,0.4270387714588403,
339,2,0,0,0.0,1.0,0.5207938533331199,
343,2,0,1,0.8,0.6000000000000001,0.575439167108788,
345,2,0,0,0.0,1.0,0.3627775350758366,
346,2,0,1,0.6,0.1999999999999999,0.6752079879346555,
352,2,0,0,0.25,0.5,0.47539778839914404,
353,2,0,0,0.0,1.0,0.6341875245114239,
357,2,0,1,0.5,0.0,0.35709403190638067,
363,2,0,0,0.0,1.0,0.6687322547525412,
367,2,0,0,0.25,0.5,0.41982177704443047,
371,2,0,0,0.25,0.5,0.581225956947446,
373,2,0,0,0.0,1.0,0.4917181571748669,
375,2,0,1,0.5,0.0,0.38576258913182504,
387,2,0,0,0.0,1.0,0.4905310420767205,
392,2,0,1,0.5,0.0,0.49643858250918377,
393,2,0,0,0.25,0.5,0.5385890827961601,
394,2,0,1,0.5,0.0,0.6580442260633563,
395,2,0,1,0.5,0.0,0.6147250822839232,
398,2,0,0,0.25,0.5,0.553827411112908,
402,2,0,1,0.6,0.1999999999999999,0.3654548856444506,
412,2,0,1,1.0,1.0,0.496516943628554,
414,2,0,1,0.6,0.1999999999999999,0.5184330970585627,
416,2,0,0,0.0,1.0,0.501931576289171,
421,2,0,0,0.2,0.6,0.441567208520957,
428,2,0,1,0.6,0.1999999999999999,0.39201726447720386,
432,2,0,0,0.2,0.6,0.4452815894063371,
435,2,0,0,0.4,0.1999999999999999,0.4950962392367293,
438,2,0,0,0.1666666666666666,0.6666666666666667,0.511875338154342,
442,2,0,1,0.8,0.6000000000000001,0.552873151673128,
444,2,0,0,0.2,0.6,0.5741779094108053,
460,2,0,0,0.0,1.0,0.5025050295064293,
465,2,0,1,0.5,0.0,0.4526531094424706,
470,2,0,0,0.0,1.0,0.5333964055719171,
471,2,0,0,0.0,1.0,0.6148348041114069,
474,2,0,0,0.0,1.0,0.3570427642493181,
475,2,0,0,0.25,0.5,0.4882113369969724,
476,2,0,0,0.0,1.0,0.522282102091149,
485,2,0,1,0.5,0.0,0.4386288503189222,
489,2,0,0,0.0,1.0,0.351728829712365,
493,2,0,0,0.0,1.0,0.42222643614347255,
498,2,0,0,0.0,1.0,0.49349141746725755,
505,2,0,1,0.5,0.0,0.5421281525522883,
506,2,0,1,0.75,0.5,0.6142100684334485,
515,2,0,0,0.25,0.5,0.34849201667931773,
517,2,0,0,0.25,0.5,0.5333511737096035,
525,2,0,0,0.2,0.6,0.26068167923179053,
526,2,0,0,0.0,1.0,0.6309962964088836,
531,2,0,1,0.75,0.5,0.4764389501735655,
533,2,0,0,0.0,1.0,0.501800565005894,
534,2,0,1,0.75,0.5,0.5654552993281835,
535,2,0,0,0.25,0.5,0.7224669870226367,
545,2,0,0,0.25,0.5,0.4884826321301135,
547,2,0,1,0.5,0.0,0.49430025140186684,
548,2,0,1,0.5,0.0,0.4086091206863614,
549,2,0,0,0.0,1.0,0.41934833333086047,
552,2,0,1,0.6666666666666666,0.3333333333333332,0.5158278969671274,
563,2,0,0,0.0,1.0,0.5060863599539558,
571,2,0,1,0.5,0.0,0.4778839855433758,
573,2,0,0,0.3333333333333333,0.3333333333333333,0.5682208391041595,
577,2,0,0,0.1666666666666666,0.6666666666666667,0.5395491077007222,
581,2,0,0,0.3333333333333333,0.3333333333333333,0.4429772020962851,
583,2,0,1,0.5,0.0,0.5577281994221821,
584,2,0,1,0.6666666666666666,0.3333333333333332,0.640792373200368,
588,2,0,0,0.1666666666666666,0.6666666666666667,0.5402270034881005,
594,2,0,0,0.0,1.0,0.5631148038087936,
601,2,0,0,0.0,1.0,0.42699798591628957,
606,2,0,0,0.25,0.5,0.36439112050868294,
615,2,0,1,0.75,0.5,0.5114383151163724,
620,2,0,1,0.75,0.5,0.5113567836948231,
652,2,0,0,0.0,1.0,0.3411589619649781,
655,2,0,1,0.6666666666666666,0.3333333333333332,0.39026943108660317,
656,2,0,1,0.6666666666666666,0.3333333333333332,0.5634486491853872,
660,2,0,0,0.1666666666666666,0.6666666666666667,0.43300976831998966,
661,2,0,1,0.8333333333333334,0.6666666666666667,0.641420450476083,
662,2,0,0,0.0,1.0,0.4683874643623007,
674,2,0,0,0.3333333333333333,0.3333333333333333,0.46381174005889214,
680,2,0,0,0.0,1.0,0.4684636347629504,
684,2,0,0,0.0,1.0,0.4564155313663738,
689,2,0,0,0.0,1.0,0.5050918129671064,
699,2,0,0,0.1666666666666666,0.6666666666666667,0.45308870519614697,
701,2,0,0,0.1666666666666666,0.6666666666666667,0.5077016272473164,
721,2,0,0,0.3333333333333333,0.3333333333333333,0.6337955449387992,
723,2,0,0,0.1666666666666666,0.6666666666666667,0.543401524013255,
737,2,0,0,0.1666666666666666,0.6666666666666667,0.4403082381403979,
739,2,0,0,0.3333333333333333,0.3333333333333333,0.5316606948593864,
742,2,0,1,0.5,0.0,0.5352367288141895,
13,2,1,0,0.2,0.6,0.4579431084415824,
14,2,1,0,0.2,0.6,0.533378594420986,
16,2,1,1,0.6,0.1999999999999999,0.404361064228597,
20,2,1,0,0.25,0.5,0.4453906643280089,
29,2,1,0,0.2,0.6,0.5306242503164624,
34,2,1,0,0.1666666666666666,0.6666666666666667,0.5028352982255475,
35,2,1,1,0.5,0.0,0.4336762014648852,
46,2,1,0,0.4,0.1999999999999999,0.7029975093138111,
67,2,1,0,0.0,1.0,0.3187938073627259,
82,2,1,0,0.25,0.5,0.4550597477080197,
83,2,1,0,0.25,0.5,0.5928515222590243,
85,2,1,0,0.25,0.5,0.5573645895813675,
88,2,1,1,0.5,0.0,0.46626340822985646,
93,2,1,0,0.0,1.0,0.4784711082651183,
103,2,1,0,0.1111111111111111,0.7777777777777778,0.4313306917227744,
116,2,1,0,0.0,1.0,0.4276664779193265,
122,2,1,0,0.0,1.0,0.46442294814307833,
123,2,1,0,0.0,1.0,0.395599641130276,
124,2,1,0,0.0,1.0,0.5380415816537025,
127,2,1,1,0.6666666666666666,0.3333333333333332,0.5803425437471657,
128,2,1,0,0.1111111111111111,0.7777777777777778,0.4346106580255246,
131,2,1,0,0.0,1.0,0.5715964917354024,
132,2,1,0,0.2222222222222222,0.5555555555555556,0.5532964046290723,
143,2,1,1,0.5555555555555556,0.1111111111111111,0.5281484144823122,
149,2,1,0,0.3333333333333333,0.3333333333333333,0.3715125203782802,
153,2,1,0,0.0,1.0,0.43093333851125015,
157,2,1,0,0.25,0.5,0.4265243932710013,
159,2,1,0,0.0,1.0,0.5133000321970437,
176,2,1,0,0.0,1.0,0.3528425666028543,
181,2,1,1,0.5,0.0,0.41390715013963436,
184,2,1,0,0.0,1.0,0.4160596824888003,
190,2,1,0,0.25,0.5,0.4239730806895229,
196,2,1,1,0.5,0.0,0.46122157232645433,
198,2,1,0,0.0,1.0,0.4655928239793257,
199,2,1,0,0.25,0.5,0.37611526644277504,
207,2,1,0,0.2,0.6,0.42904125657481856,
208,2,1,0,0.0,1.0,0.4658726383999933,
212,2,1,0,0.2,0.6,0.3796620143361029,
216,2,1,0,0.0,1.0,0.4637495840866477,
224,2,1,0,0.4,0.1999999999999999,0.5082651043674615,
227,2,1,1,1.0,1.0,0.39672748856385026,
229,2,1,0,0.0,1.0,0.3079834339039941,
235,2,1,0,0.0,1.0,0.5119968260502737,
240,2,1,0,0.2,0.6,0.5176739331048565,
245,2,1,0,0.0,1.0,0.47436820708662697,
247,2,1,0,0.2,0.6,0.5562720069700359,
258,2,1,0,0.0,1.0,0.4982390197049196,
262,2,1,1,0.5,0.0,0.4631099448104268,
277,2,1,1,0.5,0.0,0.4899263132377616,
278,2,1,0,0.25,0.5,0.437892048276405,
279,2,1,0,0.2,0.6,0.3130090025863004,
285,2,1,0,0.4,0.1999999999999999,0.38343576829181103,
287,2,1,0,0.25,0.5,0.45514176637583925,
291,2,1,0,0.0,1.0,0.48701924390729256,
292,2,1,0,0.25,0.5,0.5123050456728506,
293,2,1,1,0.5,0.0,0.4046829095377936,
295,2,1,0,0.0,1.0,0.47280685903757624,
300,2,1,0,0.0,1.0,0.48640996080502885,
304,2,1,1,0.8,0.6000000000000001,0.3923378829655578,
307,2,1,0,0.4,0.1999999999999999,0.4881180174809794,
309,2,1,1,0.8,0.6000000000000001,0.7240019180228907,
318,2,1,0,0.4,0.1999999999999999,0.5239938318992827,
347,2,1,0,0.4,0.1999999999999999,0.467997758686442,
349,2,1,0,0.0,1.0,0.44897099605220264,
351,2,1,0,0.0,1.0,0.45883634788252503,
358,2,1,0,0.25,0.5,0.6529468249167498,
359,2,1,0,0.25,0.5,0.4787935403895602,
360,2,1,0,0.25,0.5,0.5623124331447933,
372,2,1,0,0.25,0.5,0.5453487584229041,
374,2,1,1,0.5,0.0,0.5682278409029817,
381,2,1,1,0.75,0.5,0.5188911742816853,
382,2,1,1,0.5,0.0,0.4306337414638785,
383,2,1,0,0.0,1.0,0.4562165493694559,
384,2,1,0,0.25,0.5,0.5067230384204355,
389,2,1,0,0.25,0.5,0.6773811632684126,
399,2,1,0,0.25,0.5,0.48101333778180033,
401,2,1,0,0.2,0.6,0.5770525448993675,
405,2,1,0,0.0,1.0,0.4573470883679238,
420,2,1,0,0.0,1.0,0.5740748023397282,
427,2,1,1,0.6,0.1999999999999999,0.5079165865694639,
430,2,1,1,0.6,0.1999999999999999,0.6036037606007085,
431,2,1,0,0.4,0.1999999999999999,0.2980131930467398,
433,2,1,0,0.0,1.0,0.332828488788515,
447,2,1,0,0.0,1.0,0.3411262571992407,
456,2,1,1,0.5,0.0,0.47905509154892945,
458,2,1,0,0.0,1.0,0.4649093865599684,
461,2,1,1,0.5,0.0,0.5467115176812665,
464,2,1,0,0.0,1.0,0.5817839587296953,
477,2,1,0,0.0,1.0,0.44900538259946876,
488,2,1,1,0.5,0.0,0.4182744577788328,
492,2,1,0,0.3333333333333333,0.3333333333333333,0.3729388593631309,
503,2,1,0,0.0,1.0,0.49291188703796,
508,2,1,1,0.75,0.5,0.40779749063734594,
509,2,1,0,0.25,0.5,0.4567245273446172,
510,2,1,1,0.5,0.0,0.43912219477106873,
520,2,1,1,0.5,0.0,0.44367636406716465,
521,2,1,1,0.75,0.5,0.5688642356177194,
524,2,1,0,0.0,1.0,0.5946497304674888,
528,2,1,0,0.0,1.0,0.49099914773067266,
538,2,1,0,0.0,1.0,0.5636148024973515,
539,2,1,0,0.25,0.5,0.4672025607121746,
541,2,1,1,0.5,0.0,0.5912562307710407,
542,2,1,0,0.25,0.5,0.372374427225559,
543,2,1,1,0.5,0.0,0.5002696150032518,
550,2,1,0,0.0,1.0,0.37591134849816293,
568,2,1,1,1.0,1.0,0.5561468718300715,
569,2,1,0,0.1666666666666666,0.6666666666666667,0.5082059561484085,
575,2,1,1,0.5,0.0,0.5038686508192711,
579,2,1,0,0.3333333333333333,0.3333333333333333,0.34043835397593014,
580,2,1,0,0.3333333333333333,0.3333333333333333,0.34271728298541276,
582,2,1,1,0.5,0.0,0.47845373508410716,
586,2,1,1,0.6666666666666666,0.3333333333333332,0.5020081930027873,
590,2,1,0,0.3333333333333333,0.3333333333333333,0.44009278445394007,
592,2,1,1,0.6,0.1999999999999999,0.6420248071613825,
593,2,1,1,0.5,0.0,0.5103052044254798,
595,2,1,1,0.8333333333333334,0.6666666666666667,0.4825178362514301,
600,2,1,0,0.1666666666666666,0.6666666666666667,0.4342578697466643,
602,2,1,0,0.25,0.5,0.4712238341589299,
603,2,1,1,0.5,0.0,0.45814668182850826,
604,2,1,1,0.75,0.5,0.39592977548744723,
605,2,1,1,0.5,0.0,0.4326087583997513,
610,2,1,0,0.25,0.5,0.5563734742713846,
612,2,1,0,0.0,1.0,0.34955938261035685,
617,2,1,1,0.5,0.0,0.4389285408925776,
619,2,1,0,0.25,0.5,0.5451225598910072,
625,2,1,0,0.0,1.0,0.4537976618955387,
638,2,1,0,0.25,0.5,0.4482954977822547,
659,2,1,1,0.6666666666666666,0.3333333333333332,0.41791732853126695,
663,2,1,0,0.3333333333333333,0.3333333333333333,0.6199909226027269,
665,2,1,0,0.1666666666666666,0.6666666666666667,0.5242819738605786,
672,2,1,0,0.0,1.0,0.4170491898133457,
677,2,1,1,0.6666666666666666,0.3333333333333332,0.559360006016419,
678,2,1,0,0.3333333333333333,0.3333333333333333,0.3576540842346092,
679,2,1,0,0.4,0.1999999999999999,0.4284906085444379,
688,2,1,0,0.1666666666666666,0.6666666666666667,0.37870296098217504,
690,2,1,0,0.0,1.0,0.4880444538215361,
696,2,1,0,0.1666666666666666,0.6666666666666667,0.3266300016939019,
697,2,1,1,0.5,0.0,0.45636365437904725,
706,2,1,1,0.6666666666666666,0.3333333333333332,0.6287658358579687,
708,2,1,0,0.0,1.0,0.5590780513656375,
712,2,1,0,0.1666666666666666,0.6666666666666667,0.5793949131255562,
724,2,1,0,0.2,0.6,0.45523083265929465,
726,2,1,0,0.0,1.0,0.48807296019755564,
728,2,1,0,0.2,0.6,0.4799438956582467,
733,2,1,0,0.1666666666666666,0.6666666666666667,0.35491860091970884,
735,2,1,0,0.0,1.0,0.4372722696019703,
736,2,1,0,0.0,1.0,0.48889313819072505,
11,2,2,1,0.6,0.1999999999999999,0.4528243984343665,
15,2,2,0,0.4,0.1999999999999999,0.5182892254096312,
21,2,2,0,0.2,0.6,0.5329890791430125,
24,2,2,0,0.0,1.0,0.5261860580076123,
27,2,2,0,0.2,0.6,0.43244496185385267,
28,2,2,0,0.2,0.6,0.5162833865495016,
30,2,2,0,0.2,0.6,0.577299959136944,
31,2,2,0,0.1666666666666666,0.6666666666666667,0.4648346058152124,
37,2,2,0,0.2,0.6,0.4444557117176079,
47,2,2,0,0.25,0.5,0.4379236415133435,
58,2,2,0,0.25,0.5,0.5155196999743556,
59,2,2,0,0.25,0.5,0.3662206239405979,
61,2,2,0,0.2,0.6,0.29650712199349405,
64,2,2,0,0.3333333333333333,0.3333333333333333,0.3289956329230689,
71,2,2,0,0.0,1.0,0.49847290765653796,
76,2,2,0,0.25,0.5,0.4787038017487484,
87,2,2,0,0.0,1.0,0.5572871443210723,
94,2,2,0,0.25,0.5,0.4370307033814011,
95,2,2,0,0.25,0.5,0.4102082133666022,
97,2,2,0,0.25,0.5,0.3958863550418922,
101,2,2,0,0.3333333333333333,0.3333333333333333,0.3229483352283483,
105,2,2,0,0.0,1.0,0.5133248674642417,
111,2,2,0,0.1111111111111111,0.7777777777777778,0.4652530960382427,
113,2,2,0,0.1111111111111111,0.7777777777777778,0.5729723862992732,
120,2,2,0,0.0,1.0,0.460571476027823,
129,2,2,0,0.2,0.6,0.4637119906321516,
142,2,2,0,0.0,1.0,0.5065942990808927,
148,2,2,0,0.1111111111111111,0.7777777777777778,0.52430214243796,
150,2,2,0,0.0,1.0,0.5640936837141203,
151,2,2,0,0.0,1.0,0.530438944583723,
156,2,2,0,0.25,0.5,0.5177097492573294,
158,2,2,0,0.0,1.0,0.3544201472559815,
163,2,2,0,0.25,0.5,0.5039638337191652,
167,2,2,0,0.0,1.0,0.5073863542127082,
168,2,2,0,0.25,0.5,0.4941626846397785,
177,2,2,0,0.0,1.0,0.5247495275637293,
179,2,2,0,0.25,0.5,0.6654454345341592,
187,2,2,0,0.0,1.0,0.36187273032939166,
189,2,2,1,0.5,0.0,0.6128155738437719,
201,2,2,0,0.25,0.5,0.48155455767424443,
205,2,2,0,0.2,0.6,0.3717954895576165,
206,2,2,1,0.5,0.0,0.3337220301260289,
213,2,2,0,0.4,0.1999999999999999,0.4867440795523761,
214,2,2,0,0.2,0.6,0.481331983200854,
220,2,2,0,0.4,0.1999999999999999,0.47180737124616406,
223,2,2,0,0.2,0.6,0.4493809848404572,
237,2,2,0,0.4,0.1999999999999999,0.5535144300252186,
238,2,2,0,0.25,0.5,0.4558267817867175,
241,2,2,1,0.6,0.1999999999999999,0.45033110731260795,
249,2,2,1,0.6,0.1999999999999999,0.4810407272725142,
252,2,2,0,0.0,1.0,0.3450928800479433,
259,2,2,0,0.0,1.0,0.44329571292421166,
264,2,2,0,0.25,0.5,0.44818770922215334,
268,2,2,1,0.5,0.0,0.4113921481810946,
269,2,2,1,0.5,0.0,0.5426081283504223,
270,2,2,0,0.0,1.0,0.39388533667005476,
271,2,2,0,0.0,1.0,0.516010922366532,
275,2,2,1,0.5,0.0,0.5936036911958416,
280,2,2,0,0.25,0.5,0.5857246630518884,
281,2,2,0,0.0,1.0,0.3891635466592623,
283,2,2,0,0.25,0.5,0.5664453193753132,
284,2,2,1,0.5,0.0,0.42738449217360475,
286,2,2,0,0.2,0.6,0.31143866198315734,
290,2,2,0,0.0,1.0,0.4676961029813036,
296,2,2,0,0.0,1.0,0.4225388876716886,
298,2,2,0,0.25,0.5,0.6066589741145199,
303,2,2,0,0.0,1.0,0.4754071592745215,
306,2,2,0,0.0,1.0,0.5087177129983813,
310,2,2,0,0.2,0.6,0.5014434988976897,
312,2,2,0,0.0,1.0,0.5205981691343116,
316,2,2,0,0.4,0.1999999999999999,0.5821448474122866,
333,2,2,0,0.0,1.0,0.4142521462430727,
335,2,2,1,0.5,0.0,0.472312476659536,
338,2,2,0,0.4,0.1999999999999999,0.5048219342998115,
342,2,2,0,0.2,0.6,0.3781212516830864,
354,2,2,0,0.25,0.5,0.4820554946288069,
355,2,2,0,0.25,0.5,0.48180615421670436,
361,2,2,0,0.0,1.0,0.46617155598875243,
364,2,2,1,0.5,0.0,0.5114117868085843,
376,2,2,1,0.5,0.0,0.34184784906684673,
378,2,2,1,0.5,0.0,0.5075601495667587,
379,2,2,1,0.75,0.5,0.5471218384738814,
388,2,2,1,0.5,0.0,0.46011520829437086,
390,2,2,1,0.75,0.5,0.40152680676351915,
406,2,2,1,0.6,0.1999999999999999,0.37892875345162513,
409,2,2,0,0.4,0.1999999999999999,0.5850960872341004,
411,2,2,0,0.2,0.6,0.5595205077481757,
413,2,2,0,0.0,1.0,0.44758818924121624,
418,2,2,0,0.0,1.0,0.4699284673762021,
422,2,2,1,0.6,0.1999999999999999,0.4219951952123068,
424,2,2,1,0.6,0.1999999999999999,0.3542180049793092,
429,2,2,0,0.0,1.0,0.5379383930305288,
434,2,2,0,0.0,1.0,0.35545342954088494,
441,2,2,0,0.2,0.6,0.5630955673883253,
445,2,2,0,0.0,1.0,0.4685879030664446,
446,2,2,0,0.2,0.6,0.5630459404800776,
448,2,2,0,0.0,1.0,0.2760710153084561,
452,2,2,0,0.25,0.5,0.43190731088149303,
462,2,2,1,0.5,0.0,0.5723628305289981,
463,2,2,0,0.25,0.5,0.29838892198188827,
467,2,2,1,1.0,1.0,0.580962226886662,
480,2,2,1,0.5,0.0,0.5970646842811937,
496,2,2,1,0.75,0.5,0.6404195660402145,
499,2,2,0,0.0,1.0,0.4799030558901612,
512,2,2,1,1.0,1.0,0.7189359691268076,
514,2,2,1,0.75,0.5,0.5768965057860899,
516,2,2,0,0.0,1.0,0.5029819205994374,
518,2,2,0,0.25,0.5,0.38144266456992804,
519,2,2,0,0.0,1.0,0.45305926117872725,
530,2,2,1,0.5,0.0,0.4290003341286208,
546,2,2,1,0.5,0.0,0.5007464184780179,
553,2,2,0,0.0,1.0,0.5256895955431939,
554,2,2,1,0.5,0.0,0.5095561018124992,
555,2,2,0,0.3333333333333333,0.3333333333333333,0.574578988929122,
559,2,2,1,0.6666666666666666,0.3333333333333332,0.39907849750236923,
566,2,2,0,0.1666666666666666,0.6666666666666667,0.4274922231521905,
607,2,2,0,0.0,1.0,0.5207362339004985,
609,2,2,0,0.25,0.5,0.4411299635707554,
613,2,2,0,0.0,1.0,0.6060418635640248,
618,2,2,0,0.0,1.0,0.3495019065093983,
622,2,2,1,0.75,0.5,0.41301245778010537,
623,2,2,1,0.5,0.0,0.3539958297517223,
627,2,2,1,0.75,0.5,0.5451372883335632,
628,2,2,0,0.0,1.0,0.30913767974077194,
630,2,2,1,0.5,0.0,0.5265816695762873,
636,2,2,0,0.0,1.0,0.4463566856051737,
642,2,2,1,0.75,0.5,0.5571672011885901,
643,2,2,1,0.5,0.0,0.4114692212278004,
646,2,2,0,0.0,1.0,0.3908117952037293,
647,2,2,1,0.5,0.0,0.6298263721226369,
650,2,2,0,0.0,1.0,0.5185421650484996,
657,2,2,1,0.5,0.0,0.4398760841130231,
658,2,2,0,0.1666666666666666,0.6666666666666667,0.4577240285217007,
667,2,2,0,0.3333333333333333,0.3333333333333333,0.5290353530193757,
668,2,2,0,0.1666666666666666,0.6666666666666667,0.6984190457576824,
671,2,2,0,0.3333333333333333,0.3333333333333333,0.4367649378976658,
681,2,2,0,0.1666666666666666,0.6666666666666667,0.4604040173363454,
686,2,2,0,0.0,1.0,0.3751042386381028,
692,2,2,0,0.0,1.0,0.37887118860914326,
695,2,2,0,0.3333333333333333,0.3333333333333333,0.4232845435014192,
700,2,2,1,0.5,0.0,0.453412125853518,
702,2,2,0,0.1666666666666666,0.6666666666666667,0.36388145407867256,
710,2,2,0,0.0,1.0,0.41729340316676,
713,2,2,1,0.6,0.1999999999999999,0.47557222527096576,
716,2,2,1,0.6666666666666666,0.3333333333333332,0.5112619079501671,
732,2,2,0,0.0,1.0,0.3762843349173943,
738,2,2,0,0.3333333333333333,0.3333333333333333,0.5164176413872203,
2,2,3,0,0.4,0.1999999999999999,0.2562373528171684,
7,2,3,1,0.6,0.1999999999999999,0.5891280098023227,
8,2,3,0,0.0,1.0,0.38741306819166943,
9,2,3,0,0.0,1.0,0.5553750798263559,
26,2,3,1,0.8,0.6000000000000001,0.38673840030603385,
32,2,3,0,0.2,0.6,0.4329193286786531,
39,2,3,0,0.0,1.0,0.5435509745499836,
40,2,3,0,0.2,0.6,0.45823388572494006,
42,2,3,0,0.0,1.0,0.46956429427410895,
45,2,3,0,0.0,1.0,0.3268089128878207,
52,2,3,0,0.25,0.5,0.48640130776953083,
53,2,3,0,0.1666666666666666,0.6666666666666667,0.303996655025954,
55,2,3,0,0.0,1.0,0.5757793726342668,
56,2,3,0,0.25,0.5,0.36637554425774266,
63,2,3,0,0.0,1.0,0.4859380888631386,
69,2,3,0,0.0,1.0,0.4014136189493849,
75,2,3,0,0.0,1.0,0.4310204251753418,
77,2,3,0,0.25,0.5,0.4372971590473495,
78,2,3,0,0.0,1.0,0.48350082825814145,
79,2,3,0,0.25,0.5,0.552747686552721,
90,2,3,1,0.5,0.0,0.41014123105371686,
92,2,3,0,0.0,1.0,0.6452550318589162,
96,2,3,0,0.0,1.0,0.49745153697919253,
99,2,3,0,0.0,1.0,0.3626937132808229,
100,2,3,0,0.25,0.5,0.6107077552401254,
109,2,3,0,0.1111111111111111,0.7777777777777778,0.42634465525691934,
119,2,3,0,0.1111111111111111,0.7777777777777778,0.43584329327549826,
121,2,3,0,0.1111111111111111,0.7777777777777778,0.4840230394641747,
130,2,3,0,0.1111111111111111,0.7777777777777778,0.4749638978614267,
138,2,3,1,0.5555555555555556,0.1111111111111111,0.41111200878165904,
147,2,3,0,0.0,1.0,0.47636825353417167,
160,2,3,0,0.1666666666666666,0.6666666666666667,0.5427852146584295,
164,2,3,0,0.0,1.0,0.4560602607766481,
166,2,3,0,0.25,0.5,0.492421390289402,
172,2,3,0,0.0,1.0,0.5822021408942615,
180,2,3,0,0.0,1.0,0.5145615726163345,
183,2,3,0,0.0,1.0,0.3130918416638524,
194,2,3,0,0.0,1.0,0.46676316404066087,
195,2,3,0,0.0,1.0,0.6053645057444296,
202,2,3,1,0.6,0.1999999999999999,0.51687723342575,
210,2,3,0,0.4,0.1999999999999999,0.684580200449209,
211,2,3,1,0.6,0.1999999999999999,0.6264254479574594,
215,2,3,0,0.2,0.6,0.3732180822624329,
225,2,3,0,0.2,0.6,0.4889282696897178,
226,2,3,0,0.0,1.0,0.4089627455209756,
230,2,3,0,0.2,0.6,0.3514417078348472,
231,2,3,1,0.5,0.0,0.39765346023206943,
232,2,3,0,0.25,0.5,0.3774990791703374,
246,2,3,0,0.4,0.1999999999999999,0.3854058437405993,
251,2,3,0,0.25,0.5,0.5820468362335325,
260,2,3,0,0.25,0.5,0.45948721194627085,
266,2,3,0,0.25,0.5,0.39562915828504364,
267,2,3,0,0.0,1.0,0.347533527212992,
274,2,3,1,0.5,0.0,0.6469350912680641,
282,2,3,0,0.25,0.5,0.37446404055296556,
297,2,3,0,0.0,1.0,0.32971453327441,
302,2,3,0,0.0,1.0,0.5062421007934648,
308,2,3,0,0.4,0.1999999999999999,0.636854598008941,
311,2,3,0,0.4,0.1999999999999999,0.4309427382757737,
314,2,3,0,0.0,1.0,0.6014023560179382,
321,2,3,1,0.6,0.1999999999999999,0.4894458181872915,
325,2,3,0,0.0,1.0,0.39409204630709926,
329,2,3,0,0.0,1.0,0.40787813911750126,
332,2,3,0,0.0,1.0,0.47196994503664647,
334,2,3,0,0.4,0.1999999999999999,0.49230534507183843,
336,2,3,0,0.4,0.1999999999999999,0.5181693626004165,
337,2,3,0,0.0,1.0,0.5608066963900179,
340,2,3,1,0.6,0.1999999999999999,0.5650807176139365,
341,2,3,1,0.6,0.1999999999999999,0.5922640719946335,
344,2,3,0,0.2,0.6,0.3393477348238825,
348,2,3,0,0.4,0.1999999999999999,0.5361682443224549,
362,2,3,1,0.75,0.5,0.5436542475894635,
368,2,3,1,0.5,0.0,0.6058349883422686,
397,2,3,1,0.75,0.5,0.6433910417866475,
408,2,3,0,0.4,0.1999999999999999,0.6090629837116094,
410,2,3,1,0.6,0.1999999999999999,0.48229622497345526,
425,2,3,0,0.0,1.0,0.39406066785132143,
426,2,3,1,0.8,0.6000000000000001,0.6170029010207974,
436,2,3,0,0.4,0.1999999999999999,0.48490659516497325,
439,2,3,0,0.2,0.6,0.4580377822434454,
440,2,3,0,0.0,1.0,0.6592890215957856,
443,2,3,0,0.0,1.0,0.27002080969054754,
449,2,3,0,0.4,0.1999999999999999,0.44715146522990507,
450,2,3,0,0.2,0.6,0.34106361739214974,
451,2,3,0,0.25,0.5,0.3517989858453636,
453,2,3,0,0.25,0.5,0.422489949260063,
454,2,3,0,0.0,1.0,0.37843787974182264,
455,2,3,0,0.0,1.0,0.44773705164042954,
459,2,3,0,0.25,0.5,0.6022454924858509,
466,2,3,1,0.5,0.0,0.5146580655643578,
468,2,3,0,0.25,0.5,0.5907715015280898,
469,2,3,1,0.75,0.5,0.3523452343623853,
478,2,3,0,0.0,1.0,0.41570430901612554,
479,2,3,0,0.0,1.0,0.4949070668774932,
481,2,3,0,0.0,1.0,0.7478897932193189,
482,2,3,0,0.0,1.0,0.37227748372335756,
483,2,3,0,0.25,0.5,0.4541364355128036,
486,2,3,0,0.25,0.5,0.7466489897227455,
487,2,3,0,0.2,0.6,0.4527529015630307,
490,2,3,0,0.25,0.5,0.37742852468374005,
497,2,3,0,0.0,1.0,0.4037073862106742,
504,2,3,1,0.75,0.5,0.632566210285459,
513,2,3,0,0.0,1.0,0.5215214594168511,
523,2,3,0,0.25,0.5,0.4229189758229408,
529,2,3,1,0.5,0.0,0.3948202539207729,
536,2,3,0,0.3333333333333333,0.3333333333333333,0.4673222971025489,
544,2,3,1,0.5,0.0,0.5420952630301209,
551,2,3,1,0.6666666666666666,0.3333333333333332,0.4680275696218936,
557,2,3,0,0.3333333333333333,0.3333333333333333,0.3615918070695727,
558,2,3,1,0.5,0.0,0.5477056055066939,
560,2,3,0,0.1666666666666666,0.6666666666666667,0.47799956517207753,
561,2,3,1,0.5,0.0,0.3727396492922429,
565,2,3,0,0.3333333333333333,0.3333333333333333,0.41726167334230796,
570,2,3,1,0.6666666666666666,0.3333333333333332,0.5020226241097436,
574,2,3,0,0.3333333333333333,0.3333333333333333,0.35922096013377847,
585,2,3,1,0.5,0.0,0.49278403202769105,
587,2,3,1,0.8333333333333334,0.6666666666666667,0.34646135781472875,
596,2,3,1,0.5,0.0,0.5500748536930506,
597,2,3,0,0.0,1.0,0.39538439224138244,
598,2,3,0,0.3333333333333333,0.3333333333333333,0.35304239198803644,
611,2,3,1,0.75,0.5,0.4419759444358766,
621,2,3,1,0.5,0.0,0.40904233627900766,
629,2,3,1,0.5,0.0,0.539443600747763,
637,2,3,1,0.5,0.0,0.38200209992654954,
644,2,3,0,0.25,0.5,0.4786961877419796,
648,2,3,1,0.5,0.0,0.46127196100195567,
653,2,3,1,0.5,0.0,0.24695892037303402,
654,2,3,0,0.1666666666666666,0.6666666666666667,0.5438971783882491,
670,2,3,1,0.5,0.0,0.5444654131542674,
682,2,3,0,0.1666666666666666,0.6666666666666667,0.42116957685401113,
683,2,3,1,0.8333333333333334,0.6666666666666667,0.5164001303089023,
685,2,3,0,0.0,1.0,0.2589302629153202,
687,2,3,0,0.3333333333333333,0.3333333333333333,0.33649193373112696,
691,2,3,0,0.1666666666666666,0.6666666666666667,0.5621637326119132,
693,2,3,1,0.5,0.0,0.6588396820670144,
704,2,3,0,0.3333333333333333,0.3333333333333333,0.38768612738042574,
705,2,3,1,0.5,0.0,0.4284344794229218,
711,2,3,1,0.6,0.1999999999999999,0.5559300810265431,
717,2,3,1,0.5,0.0,0.6007189572215957,
719,2,3,0,0.1666666666666666,0.6666666666666667,0.6523366831684037,
722,2,3,0,0.2,0.6,0.4291647182443749,
725,2,3,0,0.0,1.0,0.4309164911415523,
727,2,3,0,0.4,0.1999999999999999,0.5273329244217704,
729,2,3,0,0.4,0.1999999999999999,0.5463896732594865,
730,2,3,0,0.3333333333333333,0.3333333333333333,0.4483432822880639,
734,2,3,0,0.0,1.0,0.514328254482866,
740,2,3,0,0.1666666666666666,0.6666666666666667,0.47422364309056014,
3,2,4,0,0.0,1.0,0.5654299314776843,
5,2,4,0,0.2,0.6,0.5962570565014028,
17,2,4,0,0.4,0.1999999999999999,0.5260024648430777,
22,2,4,0,0.2,0.6,0.5719358007779991,
36,2,4,0,0.2,0.6,0.397660364923421,
41,2,4,0,0.2,0.6,0.3160322951744057,
43,2,4,0,0.2,0.6,0.5696272196953333,
49,2,4,0,0.3333333333333333,0.3333333333333333,0.4865764549158624,
50,2,4,1,0.8,0.6000000000000001,0.5525046451029112,
51,2,4,0,0.25,0.5,0.5199321926889124,
54,2,4,0,0.25,0.5,0.40977470766886226,
65,2,4,0,0.25,0.5,0.4302114735693039,
66,2,4,0,0.0,1.0,0.49216201990538133,
68,2,4,0,0.0,1.0,0.46584393322883333,
72,2,4,0,0.25,0.5,0.36914717424811805,
86,2,4,0,0.0,1.0,0.4486427069534351,
89,2,4,0,0.25,0.5,0.45348537708918224,
102,2,4,0,0.0,1.0,0.4961785209678333,
106,2,4,1,1.0,1.0,0.4724780154121661,
107,2,4,0,0.1111111111111111,0.7777777777777778,0.6031499445640047,
110,2,4,0,0.0,1.0,0.680937288543888,
112,2,4,0,0.125,0.75,0.430648289085316,
115,2,4,0,0.0,1.0,0.4324932166253246,
117,2,4,0,0.25,0.5,0.4575084538436348,
125,2,4,0,0.125,0.75,0.409386479421604,
126,2,4,0,0.2222222222222222,0.5555555555555556,0.5150645576283879,
135,2,4,0,0.1666666666666666,0.6666666666666667,0.381398220518011,
137,2,4,1,0.6666666666666666,0.3333333333333332,0.38365280153277365,
140,2,4,0,0.2222222222222222,0.5555555555555556,0.4746761352417128,
145,2,4,0,0.4444444444444444,0.1111111111111111,0.2994491686776833,
146,2,4,1,0.8888888888888888,0.7777777777777777,0.48726701378317117,
154,2,4,0,0.25,0.5,0.4528372938895834,
155,2,4,0,0.25,0.5,0.5541591543287558,
161,2,4,0,0.0,1.0,0.5215384938459808,
169,2,4,0,0.0,1.0,0.5754999009026769,
170,2,4,0,0.1666666666666666,0.6666666666666667,0.42847487301445625,
174,2,4,1,0.5,0.0,0.37303594937107387,
175,2,4,0,0.0,1.0,0.37592196258060595,
178,2,4,0,0.0,1.0,0.4803707572786475,
186,2,4,0,0.0,1.0,0.4140300820748828,
192,2,4,0,0.0,1.0,0.4307698853487616,
193,2,4,0,0.25,0.5,0.4954999148014063,
197,2,4,0,0.0,1.0,0.5516369587135558,
200,2,4,0,0.2,0.6,0.4250665563773426,
204,2,4,0,0.4,0.1999999999999999,0.6003988804782833,
209,2,4,0,0.2,0.6,0.42503357654275375,
217,2,4,0,0.0,1.0,0.4209608277653119,
219,2,4,0,0.0,1.0,0.48342722169167784,
221,2,4,1,0.8,0.6000000000000001,0.4679304758602611,
228,2,4,0,0.2,0.6,0.4708999187816107,
233,2,4,0,0.0,1.0,0.4039364181120009,
234,2,4,0,0.25,0.5,0.42956717446181353,
236,2,4,0,0.0,1.0,0.470359509657609,
239,2,4,1,0.6,0.1999999999999999,0.6004285975187481,
242,2,4,1,0.6,0.1999999999999999,0.4825698648217908,
243,2,4,0,0.0,1.0,0.5175458420885397,
254,2,4,0,0.25,0.5,0.47966369447315416,
289,2,4,1,0.5,0.0,0.468445665655071,
294,2,4,0,0.0,1.0,0.576889842835746,
299,2,4,1,0.8,0.6000000000000001,0.377308469717487,
313,2,4,0,0.0,1.0,0.4854996406481487,
315,2,4,1,0.8,0.6000000000000001,0.5433678121210785,
317,2,4,0,0.4,0.1999999999999999,0.49742633514750845,
319,2,4,0,0.2,0.6,0.5845769067926359,
320,2,4,0,0.0,1.0,0.525474767612568,
323,2,4,0,0.0,1.0,0.40864547149035785,
330,2,4,0,0.4,0.1999999999999999,0.5373763021935516,
350,2,4,0,0.0,1.0,0.4743970637724129,
356,2,4,0,0.25,0.5,0.4684778082871184,
365,2,4,0,0.25,0.5,0.5918830956887934,
366,2,4,0,0.0,1.0,0.46124315210460926,
369,2,4,0,0.0,1.0,0.5107157413940584,
370,2,4,0,0.0,1.0,0.41249643135287933,
377,2,4,0,0.25,0.5,0.36014344642414164,
380,2,4,1,0.75,0.5,0.7076733206604362,
385,2,4,1,0.5,0.0,0.5113694717945871,
386,2,4,0,0.25,0.5,0.49512065613945955,
391,2,4,0,0.0,1.0,0.3777104764523589,
396,2,4,1,0.75,0.5,0.6442809076636697,
400,2,4,1,0.5,0.0,0.5488944195831134,
403,2,4,0,0.0,1.0,0.43620235295030907,
404,2,4,1,0.6,0.1999999999999999,0.6780574550074271,
407,2,4,0,0.2,0.6,0.5814422178578587,
415,2,4,0,0.0,1.0,0.5116203769726757,
417,2,4,0,0.2,0.6,0.39663386691696734,
419,2,4,0,0.4,0.1999999999999999,0.38773581537643353,
423,2,4,0,0.0,1.0,0.4932822872451089,
437,2,4,1,0.6,0.1999999999999999,0.4608672490195483,
457,2,4,1,0.5,0.0,0.4805479301455561,
472,2,4,0,0.25,0.5,0.3137056195066845,
473,2,4,0,0.25,0.5,0.5518468279871842,
484,2,4,0,0.25,0.5,0.4903016789844107,
491,2,4,1,0.5,0.0,0.5388164971985505,
494,2,4,1,0.8,0.6000000000000001,0.583261712172408,
495,2,4,0,0.0,1.0,0.580261212628143,
500,2,4,0,0.25,0.5,0.6307609054909271,
501,2,4,0,0.25,0.5,0.536185499850774,
502,2,4,1,0.75,0.5,0.44551338666160545,
507,2,4,1,1.0,1.0,0.37606664044110716,
511,2,4,1,0.5,0.0,0.3736142983420451,
522,2,4,0,0.25,0.5,0.27802007389203975,
527,2,4,0,0.25,0.5,0.44673666541461854,
532,2,4,0,0.0,1.0,0.39093593468177046,
537,2,4,0,0.25,0.5,0.4063738026255759,
540,2,4,0,0.25,0.5,0.5829865162282464,
556,2,4,0,0.1666666666666666,0.6666666666666667,0.34344343667911326,
562,2,4,0,0.3333333333333333,0.3333333333333333,0.4269351895918302,
564,2,4,1,0.5,0.0,0.5510309821918018,
567,2,4,0,0.3333333333333333,0.3333333333333333,0.5578454143956961,
572,2,4,1,0.8333333333333334,0.6666666666666667,0.5303584860098602,
576,2,4,1,0.5,0.0,0.5549903939629264,
578,2,4,1,0.5,0.0,0.4265973794199768,
589,2,4,0,0.3333333333333333,0.3333333333333333,0.40360817907453517,
591,2,4,1,0.5,0.0,0.49175917296037824,
599,2,4,0,0.0,1.0,0.35031812027823506,
608,2,4,0,0.0,1.0,0.4804073955424979,
614,2,4,1,0.75,0.5,0.4532700659113711,
616,2,4,1,0.75,0.5,0.44611183774906027,
624,2,4,0,0.25,0.5,0.33765247943137244,
626,2,4,1,0.5,0.0,0.3976085269520307,
631,2,4,0,0.0,1.0,0.3222118112081731,
632,2,4,1,0.5,0.0,0.4998242592417381,
633,2,4,1,0.5,0.0,0.4178035339088741,
634,2,4,0,0.25,0.5,0.41571939980637806,
635,2,4,1,0.5,0.0,0.5363772606160957,
639,2,4,0,0.0,1.0,0.4847637049676732,
640,2,4,1,0.75,0.5,0.6785352088401437,
641,2,4,0,0.0,1.0,0.5026596961045793,
645,2,4,1,0.75,0.5,0.5358747013781971,
649,2,4,1,0.5,0.0,0.3796726783469904,
651,2,4,0,0.3333333333333333,0.3333333333333333,0.4752388098441891,
664,2,4,1,0.6666666666666666,0.3333333333333332,0.4349927213886893,
669,2,4,0,0.3333333333333333,0.3333333333333333,0.48685921750315636,
673,2,4,0,0.3333333333333333,0.3333333333333333,0.3046877290863308,
675,2,4,0,0.3333333333333333,0.3333333333333333,0.3299169375391564,
676,2,4,0,0.1666666666666666,0.6666666666666667,0.45151894439567763,
694,2,4,0,0.3333333333333333,0.3333333333333333,0.36851061686483133,
698,2,4,1,0.5,0.0,0.5710457194634506,
703,2,4,0,0.0,1.0,0.5042134033317343,
707,2,4,1,0.5,0.0,0.34811847329093704,
709,2,4,0,0.3333333333333333,0.3333333333333333,0.5294880443694674,
714,2,4,0,0.3333333333333333,0.3333333333333333,0.45722960631269316,
715,2,4,1,0.5,0.0,0.39186589041187714,
718,2,4,0,0.1666666666666666,0.6666666666666667,0.49527206403110435,
720,2,4,0,0.0,1.0,0.5730450979520505,
731,2,4,0,0.0,1.0,0.3979100678998433,
741,2,4,0,0.2,0.6,0.40431562151805556,
3,3,0,0,0.0,1.0,0.49945119220083134,
5,3,0,0,0.2,0.6,0.6075686675336972,
7,3,0,1,0.6,0.1999999999999999,0.5259803990934214,
25,3,0,0,0.2,0.6,0.4943751445501618,
30,3,0,0,0.2,0.6,0.503493795009476,
36,3,0,0,0.2,0.6,0.44421760477263544,
37,3,0,0,0.2,0.6,0.40807124422176855,
39,3,0,0,0.0,1.0,0.5025095193830101,
44,3,0,0,0.0,1.0,0.5171454251815856,
48,3,0,1,0.6,0.1999999999999999,0.5110748840798258,
50,3,0,1,0.8,0.6000000000000001,0.5844528480121141,
57,3,0,1,1.0,1.0,0.4546224293002259,
58,3,0,0,0.25,0.5,0.5146872154446975,
59,3,0,0,0.25,0.5,0.5369625640390008,
60,3,0,0,0.0,1.0,0.5327374241834961,
77,3,0,0,0.25,0.5,0.4433896159935742,
78,3,0,0,0.0,1.0,0.4741268362115837,
81,3,0,0,0.0,1.0,0.4620649788919466,
99,3,0,0,0.0,1.0,0.4322162758931485,
114,3,0,0,0.1111111111111111,0.7777777777777778,0.5885891905360247,
115,3,0,0,0.0,1.0,0.4100928953389603,
116,3,0,0,0.0,1.0,0.44953749029680334,
125,3,0,0,0.125,0.75,0.4003475891600058,
126,3,0,0,0.2222222222222222,0.5555555555555556,0.5370829560504311,
127,3,0,1,0.6666666666666666,0.3333333333333332,0.5959650076420345,
130,3,0,0,0.1111111111111111,0.7777777777777778,0.4158628789762595,
144,3,0,0,0.0,1.0,0.5091755700404486,
145,3,0,0,0.4444444444444444,0.1111111111111111,0.3820094225017673,
147,3,0,0,0.0,1.0,0.5018938851088818,
149,3,0,0,0.3333333333333333,0.3333333333333333,0.33953732300760386,
154,3,0,0,0.25,0.5,0.49007295358517156,
161,3,0,0,0.0,1.0,0.5422437759949009,
162,3,0,0,0.2,0.6,0.4720986301648637,
166,3,0,0,0.25,0.5,0.3869994364438323,
167,3,0,0,0.0,1.0,0.5063790511610344,
169,3,0,0,0.0,1.0,0.5444184146793987,
181,3,0,1,0.5,0.0,0.4544317443137925,
186,3,0,0,0.0,1.0,0.42811846244666707,
188,3,0,0,0.0,1.0,0.5812632549978705,
190,3,0,0,0.25,0.5,0.4864458260271713,
203,3,0,0,0.2,0.6,0.35385188479125845,
204,3,0,0,0.4,0.1999999999999999,0.5470693027429536,
205,3,0,0,0.2,0.6,0.40898422487935837,
209,3,0,0,0.2,0.6,0.3907661956611994,
210,3,0,0,0.4,0.1999999999999999,0.6581156819197422,
216,3,0,0,0.0,1.0,0.48020918177574,
220,3,0,0,0.4,0.1999999999999999,0.42549649575791326,
225,3,0,0,0.2,0.6,0.5416404127123844,
235,3,0,0,0.0,1.0,0.5163229566249624,
247,3,0,0,0.2,0.6,0.618548586529315,
253,3,0,0,0.0,1.0,0.49103326600969555,
267,3,0,0,0.0,1.0,0.5085391595515065,
269,3,0,1,0.5,0.0,0.448295316526911,
271,3,0,0,0.0,1.0,0.5258119151277345,
273,3,0,1,0.5,0.0,0.4691703616839097,
283,3,0,0,0.25,0.5,0.5511748268888318,
284,3,0,1,0.5,0.0,0.3873013795271911,
285,3,0,0,0.4,0.1999999999999999,0.34877239489232004,
291,3,0,0,0.0,1.0,0.4673037712220688,
292,3,0,0,0.25,0.5,0.5412231192084582,
308,3,0,0,0.4,0.1999999999999999,0.6150357624409954,
309,3,0,1,0.8,0.6000000000000001,0.6089093599460225,
320,3,0,0,0.0,1.0,0.4985251142633725,
329,3,0,0,0.0,1.0,0.46830915381482896,
341,3,0,1,0.6,0.1999999999999999,0.568897958007523,
346,3,0,1,0.6,0.1999999999999999,0.7470248016949512,
348,3,0,0,0.4,0.1999999999999999,0.5314474336771937,
349,3,0,0,0.0,1.0,0.3928312133956401,
351,3,0,0,0.0,1.0,0.42198687322503947,
354,3,0,0,0.25,0.5,0.48775630567931316,
370,3,0,0,0.0,1.0,0.38692857230063216,
373,3,0,0,0.0,1.0,0.5464550726649529,
374,3,0,1,0.5,0.0,0.46385476008341214,
390,3,0,1,0.75,0.5,0.46461713773592966,
391,3,0,0,0.0,1.0,0.38676999518840793,
395,3,0,1,0.5,0.0,0.5225754568485825,
404,3,0,1,0.6,0.1999999999999999,0.7138719859138862,
405,3,0,0,0.0,1.0,0.5067782287012248,
411,3,0,0,0.2,0.6,0.5872393093981215,
412,3,0,1,1.0,1.0,0.4570159439645104,
414,3,0,1,0.6,0.1999999999999999,0.5393273484367511,
415,3,0,0,0.0,1.0,0.6862976975443985,
419,3,0,0,0.4,0.1999999999999999,0.33509154378795464,
425,3,0,0,0.0,1.0,0.38122265368795805,
426,3,0,1,0.8,0.6000000000000001,0.5284517108459745,
435,3,0,0,0.4,0.1999999999999999,0.4083016616624996,
437,3,0,1,0.6,0.1999999999999999,0.4312256325918726,
443,3,0,0,0.0,1.0,0.25951791136127395,
453,3,0,0,0.25,0.5,0.49028081412089164,
461,3,0,1,0.5,0.0,0.5755512858658732,
464,3,0,0,0.0,1.0,0.5986451665487019,
467,3,0,1,1.0,1.0,0.5385077565598089,
472,3,0,0,0.25,0.5,0.36456619508810206,
484,3,0,0,0.25,0.5,0.4758830453190211,
488,3,0,1,0.5,0.0,0.4612994215001938,
489,3,0,0,0.0,1.0,0.502209320271983,
493,3,0,0,0.0,1.0,0.48186673564223753,
498,3,0,0,0.0,1.0,0.4502045303487407,
500,3,0,0,0.25,0.5,0.6289009433911248,
511,3,0,1,0.5,0.0,0.3310874421565769,
522,3,0,0,0.25,0.5,0.3199604289088581,
523,3,0,0,0.25,0.5,0.4969432993043976,
531,3,0,1,0.75,0.5,0.4772376631490667,
534,3,0,1,0.75,0.5,0.5252547437313145,
544,3,0,1,0.5,0.0,0.5291095565624366,
546,3,0,1,0.5,0.0,0.4538652832189508,
554,3,0,1,0.5,0.0,0.4897781020746667,
560,3,0,0,0.1666666666666666,0.6666666666666667,0.5791281581640493,
567,3,0,0,0.3333333333333333,0.3333333333333333,0.5595066276978813,
577,3,0,0,0.1666666666666666,0.6666666666666667,0.4788350509692644,
580,3,0,0,0.3333333333333333,0.3333333333333333,0.33670095875417644,
591,3,0,1,0.5,0.0,0.48666606014556346,
596,3,0,1,0.5,0.0,0.565381751113774,
601,3,0,0,0.0,1.0,0.5132164197264881,
604,3,0,1,0.75,0.5,0.36624790853461214,
613,3,0,0,0.0,1.0,0.6458700143085387,
618,3,0,0,0.0,1.0,0.3351791387377878,
622,3,0,1,0.75,0.5,0.3971454521932856,
633,3,0,1,0.5,0.0,0.4841725988535028,
645,3,0,1,0.75,0.5,0.5347072852968426,
648,3,0,1,0.5,0.0,0.4787037731155218,
650,3,0,0,0.0,1.0,0.49136325640265505,
651,3,0,0,0.3333333333333333,0.3333333333333333,0.4700119839366367,
653,3,0,1,0.5,0.0,0.29481722647394404,
665,3,0,0,0.1666666666666666,0.6666666666666667,0.5812172363331991,
667,3,0,0,0.3333333333333333,0.3333333333333333,0.508840747015597,
668,3,0,0,0.1666666666666666,0.6666666666666667,0.5841436158684432,
673,3,0,0,0.3333333333333333,0.3333333333333333,0.35471814714277217,
674,3,0,0,0.3333333333333333,0.3333333333333333,0.4581637757169139,
681,3,0,0,0.1666666666666666,0.6666666666666667,0.41265888119688915,
683,3,0,1,0.8333333333333334,0.6666666666666667,0.5548943457247597,
685,3,0,0,0.0,1.0,0.33907473643805586,
689,3,0,0,0.0,1.0,0.4589225382579012,
690,3,0,0,0.0,1.0,0.4542960142637374,
692,3,0,0,0.0,1.0,0.4479101903863757,
694,3,0,0,0.3333333333333333,0.3333333333333333,0.3824464931442122,
703,3,0,0,0.0,1.0,0.5496729533272129,
707,3,0,1,0.5,0.0,0.4071708503091891,
714,3,0,0,0.3333333333333333,0.3333333333333333,0.5008999958101903,
716,3,0,1,0.6666666666666666,0.3333333333333332,0.5430647320322324,
717,3,0,1,0.5,0.0,0.5316779611205362,
723,3,0,0,0.1666666666666666,0.6666666666666667,0.5585950392132693,
725,3,0,0,0.0,1.0,0.4550195824465063,
730,3,0,0,0.3333333333333333,0.3333333333333333,0.49059437476296563,
733,3,0,0,0.1666666666666666,0.6666666666666667,0.4132704006556115,
740,3,0,0,0.1666666666666666,0.6666666666666667,0.494026625880566,
742,3,0,1,0.5,0.0,0.5746680195620324,
6,3,1,0,0.2,0.6,0.39840786992965477,
10,3,1,0,0.0,1.0,0.3334940160689816,
14,3,1,0,0.2,0.6,0.526150894913634,
31,3,1,0,0.1666666666666666,0.6666666666666667,0.49883952447243607,
35,3,1,1,0.5,0.0,0.4261395955958034,
41,3,1,0,0.2,0.6,0.34430195193480795,
42,3,1,0,0.0,1.0,0.5234187038876497,
52,3,1,0,0.25,0.5,0.5277271221460469,
55,3,1,0,0.0,1.0,0.5440480489555435,
61,3,1,0,0.2,0.6,0.3316128557265673,
62,3,1,0,0.25,0.5,0.43984239668509406,
63,3,1,0,0.0,1.0,0.5152721404766216,
65,3,1,0,0.25,0.5,0.41007939859375164,
66,3,1,0,0.0,1.0,0.4461220516293448,
73,3,1,0,0.0,1.0,0.37759430271827865,
84,3,1,0,0.3333333333333333,0.3333333333333333,0.6351676868432155,
87,3,1,0,0.0,1.0,0.5211295645012495,
91,3,1,0,0.25,0.5,0.5899792110384483,
92,3,1,0,0.0,1.0,0.5900868185555883,
93,3,1,0,0.0,1.0,0.4885255951195643,
97,3,1,0,0.25,0.5,0.44334500757780626,
106,3,1,1,1.0,1.0,0.5717271233550723,
136,3,1,0,0.3333333333333333,0.3333333333333333,0.6437710462633475,
141,3,1,0,0.0,1.0,0.41543751352889263,
151,3,1,0,0.0,1.0,0.5123723112701491,
153,3,1,0,0.0,1.0,0.461564993193452,
157,3,1,0,0.25,0.5,0.3245621711434983,
160,3,1,0,0.1666666666666666,0.6666666666666667,0.5302703429667626,
174,3,1,1,0.5,0.0,0.4203209978836195,
180,3,1,0,0.0,1.0,0.4822735224318908,
197,3,1,0,0.0,1.0,0.5550662993744446,
198,3,1,0,0.0,1.0,0.5041038240597713,
211,3,1,1,0.6,0.1999999999999999,0.4933178370800719,
215,3,1,0,0.2,0.6,0.36820532471184614,
217,3,1,0,0.0,1.0,0.36092061306458345,
223,3,1,0,0.2,0.6,0.45788900211813666,
231,3,1,1,0.5,0.0,0.46894588945982607,
233,3,1,0,0.0,1.0,0.39775195905482563,
237,3,1,0,0.4,0.1999999999999999,0.5710818242575197,
239,3,1,1,0.6,0.1999999999999999,0.5377924862450804,
242,3,1,1,0.6,0.1999999999999999,0.5031434770821955,
243,3,1,0,0.0,1.0,0.42540287656987774,
244,3,1,1,0.6,0.1999999999999999,0.5496456526652679,
248,3,1,0,0.4,0.1999999999999999,0.6056556995710065,
249,3,1,1,0.6,0.1999999999999999,0.47670663159449445,
251,3,1,0,0.25,0.5,0.618757935344015,
255,3,1,0,0.25,0.5,0.41101705333297744,
257,3,1,0,0.25,0.5,0.37543783068096126,
259,3,1,0,0.0,1.0,0.4577684980498947,
261,3,1,0,0.25,0.5,0.5462757216173668,
264,3,1,0,0.25,0.5,0.4921628033744364,
265,3,1,1,0.5,0.0,0.48240146708589937,
266,3,1,0,0.25,0.5,0.335749761406987,
268,3,1,1,0.5,0.0,0.4096030348081023,
276,3,1,0,0.2,0.6,0.37819195728794003,
288,3,1,1,0.75,0.5,0.4164353124006412,
296,3,1,0,0.0,1.0,0.4284861588295859,
297,3,1,0,0.0,1.0,0.3207187668081396,
306,3,1,0,0.0,1.0,0.5403835625023554,
310,3,1,0,0.2,0.6,0.4477739094824613,
313,3,1,0,0.0,1.0,0.5462937294930325,
314,3,1,0,0.0,1.0,0.6114373376857302,
315,3,1,1,0.8,0.6000000000000001,0.5279262277606636,
317,3,1,0,0.4,0.1999999999999999,0.4977495065217931,
319,3,1,0,0.2,0.6,0.5908350128255925,
326,3,1,0,0.0,1.0,0.38339027196172204,
330,3,1,0,0.4,0.1999999999999999,0.558076071989976,
337,3,1,0,0.0,1.0,0.5010189376381184,
350,3,1,0,0.0,1.0,0.4436053657296264,
355,3,1,0,0.25,0.5,0.35863954981681484,
358,3,1,0,0.25,0.5,0.59941766234284,
364,3,1,1,0.5,0.0,0.49101025487070993,
366,3,1,0,0.0,1.0,0.4305175511899729,
376,3,1,1,0.5,0.0,0.36376008311213537,
378,3,1,1,0.5,0.0,0.4243561522258527,
383,3,1,0,0.0,1.0,0.5052935915971049,
388,3,1,1,0.5,0.0,0.4757251821788808,
393,3,1,0,0.25,0.5,0.5060578664945546,
394,3,1,1,0.5,0.0,0.6479766702357473,
402,3,1,1,0.6,0.1999999999999999,0.38598703986711924,
403,3,1,0,0.0,1.0,0.43589640655182627,
406,3,1,1,0.6,0.1999999999999999,0.4562773588102268,
408,3,1,0,0.4,0.1999999999999999,0.5474705139282109,
413,3,1,0,0.0,1.0,0.5054113038203452,
420,3,1,0,0.0,1.0,0.5837686157156742,
422,3,1,1,0.6,0.1999999999999999,0.31832891383798206,
430,3,1,1,0.6,0.1999999999999999,0.5849631970793393,
439,3,1,0,0.2,0.6,0.434409040195627,
441,3,1,0,0.2,0.6,0.5202807398136385,
445,3,1,0,0.0,1.0,0.5420772990052283,
459,3,1,0,0.25,0.5,0.6003491444223571,
462,3,1,1,0.5,0.0,0.550176438019227,
469,3,1,1,0.75,0.5,0.3138731106944765,
473,3,1,0,0.25,0.5,0.5506099885711541,
475,3,1,0,0.25,0.5,0.4838050975547667,
482,3,1,0,0.0,1.0,0.3619222405901532,
485,3,1,1,0.5,0.0,0.4523785878378037,
490,3,1,0,0.25,0.5,0.42374389814721014,
496,3,1,1,0.75,0.5,0.5803965670932651,
512,3,1,1,1.0,1.0,0.6161133584680913,
518,3,1,0,0.25,0.5,0.3514292548559406,
524,3,1,0,0.0,1.0,0.5062655647051857,
525,3,1,0,0.2,0.6,0.32287367449098003,
532,3,1,0,0.0,1.0,0.3988127089248594,
535,3,1,0,0.25,0.5,0.684288079845131,
543,3,1,1,0.5,0.0,0.4736722411657518,
545,3,1,0,0.25,0.5,0.4595593951561142,
548,3,1,1,0.5,0.0,0.4887649099020036,
551,3,1,1,0.6666666666666666,0.3333333333333332,0.4807637047972001,
562,3,1,0,0.3333333333333333,0.3333333333333333,0.48348754277013894,
576,3,1,1,0.5,0.0,0.5288223613081429,
579,3,1,0,0.3333333333333333,0.3333333333333333,0.25140329758951213,
581,3,1,0,0.3333333333333333,0.3333333333333333,0.472903156571689,
585,3,1,1,0.5,0.0,0.44367380349303004,
588,3,1,0,0.1666666666666666,0.6666666666666667,0.5864040181000836,
594,3,1,0,0.0,1.0,0.4997359213639813,
611,3,1,1,0.75,0.5,0.29005264239651735,
625,3,1,0,0.0,1.0,0.49316682919869276,
627,3,1,1,0.75,0.5,0.5666793625459843,
630,3,1,1,0.5,0.0,0.48725678132360606,
632,3,1,1,0.5,0.0,0.5429909145931877,
634,3,1,0,0.25,0.5,0.4226474921983969,
635,3,1,1,0.5,0.0,0.5447762021960373,
638,3,1,0,0.25,0.5,0.4169203703297939,
639,3,1,0,0.0,1.0,0.49700923350579657,
641,3,1,0,0.0,1.0,0.48672903422765357,
643,3,1,1,0.5,0.0,0.39056633418783127,
644,3,1,0,0.25,0.5,0.4349334264594791,
647,3,1,1,0.5,0.0,0.5879351955367924,
654,3,1,0,0.1666666666666666,0.6666666666666667,0.559949131357292,
655,3,1,1,0.6666666666666666,0.3333333333333332,0.2981913346128976,
660,3,1,0,0.1666666666666666,0.6666666666666667,0.4798713215524154,
662,3,1,0,0.0,1.0,0.5024378952695016,
664,3,1,1,0.6666666666666666,0.3333333333333332,0.4243788381940041,
669,3,1,0,0.3333333333333333,0.3333333333333333,0.43444470643163213,
675,3,1,0,0.3333333333333333,0.3333333333333333,0.34548209330973156,
682,3,1,0,0.1666666666666666,0.6666666666666667,0.42386805855587467,
688,3,1,0,0.1666666666666666,0.6666666666666667,0.3576849900137395,
691,3,1,0,0.1666666666666666,0.6666666666666667,0.5122016391404673,
693,3,1,1,0.5,0.0,0.6652286775731894,
710,3,1,0,0.0,1.0,0.35821685177778184,
720,3,1,0,0.0,1.0,0.5230256194856762,
721,3,1,0,0.3333333333333333,0.3333333333333333,0.7051265910635033,
732,3,1,0,0.0,1.0,0.4047798645584644,
734,3,1,0,0.0,1.0,0.4755416474811647,
735,3,1,0,0.0,1.0,0.47971646856832245,
738,3,1,0,0.3333333333333333,0.3333333333333333,0.5869393124188624,
1,3,2,0,0.3333333333333333,0.3333333333333333,0.4885155358660079,
2,3,2,0,0.4,0.1999999999999999,0.21313195300936405,
8,3,2,0,0.0,1.0,0.32049359108886466,
21,3,2,0,0.2,0.6,0.5897364868956125,
22,3,2,0,0.2,0.6,0.6240959116286215,
24,3,2,0,0.0,1.0,0.44104531324804813,
27,3,2,0,0.2,0.6,0.43454658720187583,
34,3,2,0,0.1666666666666666,0.6666666666666667,0.4082538750739124,
38,3,2,0,0.0,1.0,0.609651499191757,
40,3,2,0,0.2,0.6,0.48284830716624294,
45,3,2,0,0.0,1.0,0.29163214400475695,
47,3,2,0,0.25,0.5,0.4543831356504232,
49,3,2,0,0.3333333333333333,0.3333333333333333,0.4511565029155721,
56,3,2,0,0.25,0.5,0.3697458316739469,
64,3,2,0,0.3333333333333333,0.3333333333333333,0.30996037809335863,
69,3,2,0,0.0,1.0,0.44049603139927684,
86,3,2,0,0.0,1.0,0.3734389279599503,
95,3,2,0,0.25,0.5,0.44598123738363493,
96,3,2,0,0.0,1.0,0.41433732142694846,
100,3,2,0,0.25,0.5,0.5782844527303066,
107,3,2,0,0.1111111111111111,0.7777777777777778,0.5485269041264127,
110,3,2,0,0.0,1.0,0.677731881317039,
120,3,2,0,0.0,1.0,0.4690505272761421,
121,3,2,0,0.1111111111111111,0.7777777777777778,0.5161693780351644,
123,3,2,0,0.0,1.0,0.40316495002499064,
129,3,2,0,0.2,0.6,0.47372958854346786,
131,3,2,0,0.0,1.0,0.6144895230103604,
133,3,2,1,0.8888888888888888,0.7777777777777777,0.47207606544691655,
135,3,2,0,0.1666666666666666,0.6666666666666667,0.5207550410364741,
138,3,2,1,0.5555555555555556,0.1111111111111111,0.49032424647963063,
146,3,2,1,0.8888888888888888,0.7777777777777777,0.4863099562345885,
148,3,2,0,0.1111111111111111,0.7777777777777778,0.4923969060714813,
150,3,2,0,0.0,1.0,0.6132313111878438,
155,3,2,0,0.25,0.5,0.628254842617116,
156,3,2,0,0.25,0.5,0.4743055217618951,
163,3,2,0,0.25,0.5,0.5445937807848193,
165,3,2,0,0.0,1.0,0.645294913648782,
170,3,2,0,0.1666666666666666,0.6666666666666667,0.4991834808879191,
173,3,2,0,0.25,0.5,0.46536082734271034,
184,3,2,0,0.0,1.0,0.42799063917399544,
189,3,2,1,0.5,0.0,0.6037383490126655,
191,3,2,0,0.0,1.0,0.4599269258243698,
193,3,2,0,0.25,0.5,0.47023355442293036,
195,3,2,0,0.0,1.0,0.5743485427912136,
196,3,2,1,0.5,0.0,0.5100940292848595,
207,3,2,0,0.2,0.6,0.501102407096561,
208,3,2,0,0.0,1.0,0.4336767023146157,
214,3,2,0,0.2,0.6,0.5062373584153408,
221,3,2,1,0.8,0.6000000000000001,0.4938571289169682,
227,3,2,1,1.0,1.0,0.348634560550071,
230,3,2,0,0.2,0.6,0.31847117720298,
234,3,2,0,0.25,0.5,0.4303149103215478,
262,3,2,1,0.5,0.0,0.5303888183587939,
270,3,2,0,0.0,1.0,0.42004689944466483,
278,3,2,0,0.25,0.5,0.4214707701900495,
280,3,2,0,0.25,0.5,0.5895930427796787,
282,3,2,0,0.25,0.5,0.46414876552257034,
290,3,2,0,0.0,1.0,0.4864919013854362,
294,3,2,0,0.0,1.0,0.5896782274723411,
295,3,2,0,0.0,1.0,0.4157627247179863,
298,3,2,0,0.25,0.5,0.5698020825966059,
299,3,2,1,0.8,0.6000000000000001,0.37351627709145874,
300,3,2,0,0.0,1.0,0.5142898399349156,
304,3,2,1,0.8,0.6000000000000001,0.4167848212260714,
311,3,2,0,0.4,0.1999999999999999,0.4218234135396232,
312,3,2,0,0.0,1.0,0.4450818368566847,
322,3,2,1,0.6,0.1999999999999999,0.6497978761087404,
323,3,2,0,0.0,1.0,0.443794735797888,
333,3,2,0,0.0,1.0,0.3877753416280103,
334,3,2,0,0.4,0.1999999999999999,0.49847537639203593,
344,3,2,0,0.2,0.6,0.3100261057778484,
357,3,2,1,0.5,0.0,0.251906080060191,
367,3,2,0,0.25,0.5,0.505132804548973,
371,3,2,0,0.25,0.5,0.5939115991023889,
382,3,2,1,0.5,0.0,0.3283214557440906,
396,3,2,1,0.75,0.5,0.5644851283711947,
398,3,2,0,0.25,0.5,0.48023446152194416,
417,3,2,0,0.2,0.6,0.3723085954066363,
421,3,2,0,0.2,0.6,0.38491016731496097,
427,3,2,1,0.6,0.1999999999999999,0.45996255630469485,
429,3,2,0,0.0,1.0,0.5049859954185681,
433,3,2,0,0.0,1.0,0.32507778093397743,
434,3,2,0,0.0,1.0,0.3198553984361321,
436,3,2,0,0.4,0.1999999999999999,0.40789778423132284,
438,3,2,0,0.1666666666666666,0.6666666666666667,0.5048112264453053,
442,3,2,1,0.8,0.6000000000000001,0.423784311704994,
448,3,2,0,0.0,1.0,0.3058783774369864,
451,3,2,0,0.25,0.5,0.4007907982381381,
463,3,2,0,0.25,0.5,0.37837067445994166,
466,3,2,1,0.5,0.0,0.5351301606442934,
471,3,2,0,0.0,1.0,0.7483269745748389,
474,3,2,0,0.0,1.0,0.4010871692493885,
477,3,2,0,0.0,1.0,0.40299404802626526,
481,3,2,0,0.0,1.0,0.7988531989043317,
492,3,2,0,0.3333333333333333,0.3333333333333333,0.3896931568297397,
494,3,2,1,0.8,0.6000000000000001,0.5950836360682665,
502,3,2,1,0.75,0.5,0.4018935463216092,
507,3,2,1,1.0,1.0,0.3827676211635649,
513,3,2,0,0.0,1.0,0.5388924239539812,
530,3,2,1,0.5,0.0,0.49811263564710306,
537,3,2,0,0.25,0.5,0.39735307316259316,
539,3,2,0,0.25,0.5,0.4797359826079918,
540,3,2,0,0.25,0.5,0.6244575933430654,
547,3,2,1,0.5,0.0,0.38784417229066037,
550,3,2,0,0.0,1.0,0.451146149533045,
553,3,2,0,0.0,1.0,0.5052502345512098,
556,3,2,0,0.1666666666666666,0.6666666666666667,0.4405880169140467,
561,3,2,1,0.5,0.0,0.4318856382555236,
564,3,2,1,0.5,0.0,0.604066888331434,
569,3,2,0,0.1666666666666666,0.6666666666666667,0.44046198871568165,
582,3,2,1,0.5,0.0,0.5647229101536737,
586,3,2,1,0.6666666666666666,0.3333333333333332,0.4949570095364641,
592,3,2,1,0.6,0.1999999999999999,0.6635818740855246,
593,3,2,1,0.5,0.0,0.5919358141243971,
595,3,2,1,0.8333333333333334,0.6666666666666667,0.5610359631565598,
598,3,2,0,0.3333333333333333,0.3333333333333333,0.3653579596157269,
600,3,2,0,0.1666666666666666,0.6666666666666667,0.3926021234681032,
603,3,2,1,0.5,0.0,0.45479928970775163,
606,3,2,0,0.25,0.5,0.33467153714103737,
607,3,2,0,0.0,1.0,0.5981394268546731,
609,3,2,0,0.25,0.5,0.4520900258581223,
614,3,2,1,0.75,0.5,0.48241556304691746,
615,3,2,1,0.75,0.5,0.5883441145077237,
621,3,2,1,0.5,0.0,0.4366035370458974,
624,3,2,0,0.25,0.5,0.3975467909670902,
626,3,2,1,0.5,0.0,0.38523604638196596,
631,3,2,0,0.0,1.0,0.41307267297620054,
640,3,2,1,0.75,0.5,0.7057018499732047,
642,3,2,1,0.75,0.5,0.5146228415282814,
657,3,2,1,0.5,0.0,0.5207145367848252,
658,3,2,0,0.1666666666666666,0.6666666666666667,0.41971788689965156,
663,3,2,0,0.3333333333333333,0.3333333333333333,0.6186814444471873,
672,3,2,0,0.0,1.0,0.41250595285950564,
679,3,2,0,0.4,0.1999999999999999,0.4641956243101221,
687,3,2,0,0.3333333333333333,0.3333333333333333,0.36050103517849647,
698,3,2,1,0.5,0.0,0.6030096986016396,
699,3,2,0,0.1666666666666666,0.6666666666666667,0.44661915730513846,
702,3,2,0,0.1666666666666666,0.6666666666666667,0.4571430655602555,
705,3,2,1,0.5,0.0,0.37626353739353646,
706,3,2,1,0.6666666666666666,0.3333333333333332,0.7054089926434747,
708,3,2,0,0.0,1.0,0.46476191481941154,
709,3,2,0,0.3333333333333333,0.3333333333333333,0.5230674055882824,
719,3,2,0,0.1666666666666666,0.6666666666666667,0.6397393176823649,
726,3,2,0,0.0,1.0,0.3516576947416996,
736,3,2,0,0.0,1.0,0.49918991922354716,
739,3,2,0,0.3333333333333333,0.3333333333333333,0.5522645022140971,
741,3,2,0,0.2,0.6,0.4800679955881113,
4,3,3,1,0.6,0.1999999999999999,0.4751653360555026,
11,3,3,1,0.6,0.1999999999999999,0.39439472185792446,
13,3,3,0,0.2,0.6,0.486378471202522,
15,3,3,0,0.4,0.1999999999999999,0.49840911765926443,
16,3,3,1,0.6,0.1999999999999999,0.3447704885338474,
18,3,3,1,0.6,0.1999999999999999,0.5182789489288673,
28,3,3,0,0.2,0.6,0.5134353437234703,
29,3,3,0,0.2,0.6,0.5914536373782417,
54,3,3,0,0.25,0.5,0.4151315502975144,
67,3,3,0,0.0,1.0,0.3299174919113382,
71,3,3,0,0.0,1.0,0.47409453089003717,
72,3,3,0,0.25,0.5,0.3725339461011516,
74,3,3,0,0.0,1.0,0.632462830063748,
75,3,3,0,0.0,1.0,0.43438206460023865,
79,3,3,0,0.25,0.5,0.5659633216152524,
80,3,3,0,0.0,1.0,0.4888221612360115,
82,3,3,0,0.25,0.5,0.4282468010218814,
83,3,3,0,0.25,0.5,0.6568983992730764,
85,3,3,0,0.25,0.5,0.6181552228987307,
89,3,3,0,0.25,0.5,0.44725588142871864,
90,3,3,1,0.5,0.0,0.4069017469583813,
94,3,3,0,0.25,0.5,0.3967000738634602,
98,3,3,0,0.3333333333333333,0.3333333333333333,0.4771449195402821,
101,3,3,0,0.3333333333333333,0.3333333333333333,0.4512228397140484,
103,3,3,0,0.1111111111111111,0.7777777777777778,0.5170938677287948,
108,3,3,0,0.25,0.5,0.5141428103463035,
112,3,3,0,0.125,0.75,0.38437926284593427,
119,3,3,0,0.1111111111111111,0.7777777777777778,0.49866132639434146,
122,3,3,0,0.0,1.0,0.46978450277002576,
134,3,3,0,0.1111111111111111,0.7777777777777778,0.4729254987062048,
137,3,3,1,0.6666666666666666,0.3333333333333332,0.34884467957748533,
140,3,3,0,0.2222222222222222,0.5555555555555556,0.5458147130441797,
152,3,3,0,0.0,1.0,0.46768899397409336,
159,3,3,0,0.0,1.0,0.4529072108475266,
164,3,3,0,0.0,1.0,0.4082350266295507,
177,3,3,0,0.0,1.0,0.46531321713463203,
182,3,3,0,0.0,1.0,0.48709482106833407,
183,3,3,0,0.0,1.0,0.33817483567998846,
192,3,3,0,0.0,1.0,0.40573321241785487,
199,3,3,0,0.25,0.5,0.47139149809047937,
201,3,3,0,0.25,0.5,0.4442058475557389,
213,3,3,0,0.4,0.1999999999999999,0.48289208703952,
219,3,3,0,0.0,1.0,0.4865243889378672,
226,3,3,0,0.0,1.0,0.40591519885792887,
228,3,3,0,0.2,0.6,0.5341986830711054,
238,3,3,0,0.25,0.5,0.4557884657468508,
241,3,3,1,0.6,0.1999999999999999,0.4143727373329882,
245,3,3,0,0.0,1.0,0.5993409195893894,
250,3,3,0,0.4,0.1999999999999999,0.48877534666518757,
252,3,3,0,0.0,1.0,0.37926022551043914,
258,3,3,0,0.0,1.0,0.46008280185285455,
263,3,3,0,0.2,0.6,0.47631960406967894,
272,3,3,1,0.5,0.0,0.5120907820083588,
275,3,3,1,0.5,0.0,0.5715861651560055,
277,3,3,1,0.5,0.0,0.5402568563038227,
279,3,3,0,0.2,0.6,0.27896218383625737,
302,3,3,0,0.0,1.0,0.5125749433548912,
307,3,3,0,0.4,0.1999999999999999,0.48486374883619976,
316,3,3,0,0.4,0.1999999999999999,0.5646235797239637,
318,3,3,0,0.4,0.1999999999999999,0.5632771419370206,
324,3,3,0,0.2,0.6,0.5801522332430582,
328,3,3,1,0.6,0.1999999999999999,0.40886314869997475,
331,3,3,0,0.0,1.0,0.40934086229677175,
332,3,3,0,0.0,1.0,0.4672062459072224,
338,3,3,0,0.4,0.1999999999999999,0.451034274042729,
339,3,3,0,0.0,1.0,0.5166209605515988,
345,3,3,0,0.0,1.0,0.4064463236351812,
347,3,3,0,0.4,0.1999999999999999,0.48586520359927865,
352,3,3,0,0.25,0.5,0.4750880491586631,
363,3,3,0,0.0,1.0,0.6174281520641924,
375,3,3,1,0.5,0.0,0.4790416243890784,
377,3,3,0,0.25,0.5,0.46472317148942055,
379,3,3,1,0.75,0.5,0.5967400325849965,
380,3,3,1,0.75,0.5,0.6661365843697742,
381,3,3,1,0.75,0.5,0.44611488719755404,
384,3,3,0,0.25,0.5,0.54781188555105,
386,3,3,0,0.25,0.5,0.49353078973883363,
387,3,3,0,0.0,1.0,0.4988064746485258,
389,3,3,0,0.25,0.5,0.6031691673053272,
392,3,3,1,0.5,0.0,0.4854604453624467,
407,3,3,0,0.2,0.6,0.6277967428949458,
409,3,3,0,0.4,0.1999999999999999,0.6262327511980692,
416,3,3,0,0.0,1.0,0.48050064356154615,
423,3,3,0,0.0,1.0,0.5164783977951495,
424,3,3,1,0.6,0.1999999999999999,0.3973695780744766,
432,3,3,0,0.2,0.6,0.5119365778965057,
440,3,3,0,0.0,1.0,0.6846720589114521,
446,3,3,0,0.2,0.6,0.553518474406332,
447,3,3,0,0.0,1.0,0.3623673820061105,
452,3,3,0,0.25,0.5,0.37856395035199897,
454,3,3,0,0.0,1.0,0.4613528156330681,
455,3,3,0,0.0,1.0,0.4249884662250778,
456,3,3,1,0.5,0.0,0.4398027794394562,
457,3,3,1,0.5,0.0,0.49719575856262355,
458,3,3,0,0.0,1.0,0.3794941149942411,
476,3,3,0,0.0,1.0,0.5929816466730035,
478,3,3,0,0.0,1.0,0.4502203036627822,
479,3,3,0,0.0,1.0,0.548692562101726,
480,3,3,1,0.5,0.0,0.6105441457490923,
483,3,3,0,0.25,0.5,0.4664911666112412,
487,3,3,0,0.2,0.6,0.3807813233496893,
491,3,3,1,0.5,0.0,0.5527753981331487,
499,3,3,0,0.0,1.0,0.4338648946238392,
503,3,3,0,0.0,1.0,0.5440094807905236,
505,3,3,1,0.5,0.0,0.5770489571600894,
506,3,3,1,0.75,0.5,0.5799248698938386,
508,3,3,1,0.75,0.5,0.44728949757880576,
515,3,3,0,0.25,0.5,0.45509362170215173,
516,3,3,0,0.0,1.0,0.5294603945261435,
519,3,3,0,0.0,1.0,0.4899967644285563,
521,3,3,1,0.75,0.5,0.47301069343453683,
526,3,3,0,0.0,1.0,0.5586666296483483,
529,3,3,1,0.5,0.0,0.44598012003627935,
541,3,3,1,0.5,0.0,0.627267701015352,
542,3,3,0,0.25,0.5,0.371699145803176,
549,3,3,0,0.0,1.0,0.4529653758018574,
552,3,3,1,0.6666666666666666,0.3333333333333332,0.4607572308749578,
555,3,3,0,0.3333333333333333,0.3333333333333333,0.6291589925107332,
558,3,3,1,0.5,0.0,0.524140221980395,
568,3,3,1,1.0,1.0,0.609077343400828,
570,3,3,1,0.6666666666666666,0.3333333333333332,0.4990179035162601,
573,3,3,0,0.3333333333333333,0.3333333333333333,0.5732172888604801,
575,3,3,1,0.5,0.0,0.5709848129707559,
578,3,3,1,0.5,0.0,0.43005896726618786,
583,3,3,1,0.5,0.0,0.5609144837652618,
589,3,3,0,0.3333333333333333,0.3333333333333333,0.46496265378419366,
590,3,3,0,0.3333333333333333,0.3333333333333333,0.4776878742180969,
597,3,3,0,0.0,1.0,0.3412671648693293,
610,3,3,0,0.25,0.5,0.5636611237481632,
617,3,3,1,0.5,0.0,0.4918470569212462,
629,3,3,1,0.5,0.0,0.6175112782712878,
636,3,3,0,0.0,1.0,0.4560686964845301,
637,3,3,1,0.5,0.0,0.35565556597816217,
646,3,3,0,0.0,1.0,0.38836572008428644,
652,3,3,0,0.0,1.0,0.3490891626677819,
671,3,3,0,0.3333333333333333,0.3333333333333333,0.49667084267316053,
677,3,3,1,0.6666666666666666,0.3333333333333332,0.5695343820800469,
678,3,3,0,0.3333333333333333,0.3333333333333333,0.2828259180033554,
680,3,3,0,0.0,1.0,0.4522964675966896,
686,3,3,0,0.0,1.0,0.43802920160687026,
695,3,3,0,0.3333333333333333,0.3333333333333333,0.48398461664094716,
697,3,3,1,0.5,0.0,0.49990220158516063,
704,3,3,0,0.3333333333333333,0.3333333333333333,0.4968343717674468,
713,3,3,1,0.6,0.1999999999999999,0.5505628453074338,
722,3,3,0,0.2,0.6,0.32687746710757154,
729,3,3,0,0.4,0.1999999999999999,0.5585320115827308,
737,3,3,0,0.1666666666666666,0.6666666666666667,0.4024474073422892,
9,3,4,0,0.0,1.0,0.5503535502982226,
12,3,4,0,0.4,0.1999999999999999,0.4603013796272605,
17,3,4,0,0.4,0.1999999999999999,0.478435910101473,
20,3,4,0,0.25,0.5,0.4306368912019571,
26,3,4,1,0.8,0.6000000000000001,0.36391801258480455,
32,3,4,0,0.2,0.6,0.4520208698853439,
33,3,4,0,0.4,0.1999999999999999,0.4341301854324608,
43,3,4,0,0.2,0.6,0.542828564275109,
46,3,4,0,0.4,0.1999999999999999,0.6620877089870414,
51,3,4,0,0.25,0.5,0.48398992963769827,
53,3,4,0,0.1666666666666666,0.6666666666666667,0.3178255707874118,
68,3,4,0,0.0,1.0,0.41614970214694785,
70,3,4,0,0.0,1.0,0.4832581435850781,
76,3,4,0,0.25,0.5,0.4770457396585261,
88,3,4,1,0.5,0.0,0.4355289801512513,
102,3,4,0,0.0,1.0,0.4974190744785435,
104,3,4,0,0.1111111111111111,0.7777777777777778,0.4413090990234837,
105,3,4,0,0.0,1.0,0.5575517955008458,
109,3,4,0,0.1111111111111111,0.7777777777777778,0.4682127033067632,
111,3,4,0,0.1111111111111111,0.7777777777777778,0.4128838642896492,
113,3,4,0,0.1111111111111111,0.7777777777777778,0.5532750241511377,
117,3,4,0,0.25,0.5,0.49199074602138065,
118,3,4,0,0.0,1.0,0.49900618215939435,
124,3,4,0,0.0,1.0,0.49034780134514133,
128,3,4,0,0.1111111111111111,0.7777777777777778,0.4540421359351252,
132,3,4,0,0.2222222222222222,0.5555555555555556,0.5580525410493425,
139,3,4,0,0.0,1.0,0.5019676972195756,
142,3,4,0,0.0,1.0,0.5015612095430106,
143,3,4,1,0.5555555555555556,0.1111111111111111,0.5113587242197771,
158,3,4,0,0.0,1.0,0.3538318762754461,
168,3,4,0,0.25,0.5,0.54482590492121,
171,3,4,0,0.25,0.5,0.5212783387557763,
172,3,4,0,0.0,1.0,0.5408123438772374,
175,3,4,0,0.0,1.0,0.4304560619417396,
176,3,4,0,0.0,1.0,0.39836989947167767,
178,3,4,0,0.0,1.0,0.5098794296766288,
179,3,4,0,0.25,0.5,0.6076947941894224,
185,3,4,0,0.25,0.5,0.46592917728535166,
187,3,4,0,0.0,1.0,0.4003800023411629,
194,3,4,0,0.0,1.0,0.5467812950247767,
200,3,4,0,0.2,0.6,0.3986334464382603,
202,3,4,1,0.6,0.1999999999999999,0.488892733402825,
206,3,4,1,0.5,0.0,0.42833044695017886,
212,3,4,0,0.2,0.6,0.3322463633400894,
222,3,4,0,0.2,0.6,0.43374028446205826,
224,3,4,0,0.4,0.1999999999999999,0.5425201113727586,
229,3,4,0,0.0,1.0,0.3266430474627161,
232,3,4,0,0.25,0.5,0.39618597724484117,
236,3,4,0,0.0,1.0,0.40493491184324926,
240,3,4,0,0.2,0.6,0.5452454711398982,
246,3,4,0,0.4,0.1999999999999999,0.3963269402987377,
254,3,4,0,0.25,0.5,0.5302005608727121,
260,3,4,0,0.25,0.5,0.41046617502012805,
274,3,4,1,0.5,0.0,0.5959160011836143,
281,3,4,0,0.0,1.0,0.3873654018779048,
286,3,4,0,0.2,0.6,0.35914730077716517,
287,3,4,0,0.25,0.5,0.3801713418014714,
289,3,4,1,0.5,0.0,0.46942916278420266,
293,3,4,1,0.5,0.0,0.48247804102310343,
303,3,4,0,0.0,1.0,0.45787775304400846,
321,3,4,1,0.6,0.1999999999999999,0.5056348934718244,
325,3,4,0,0.0,1.0,0.44005851959777786,
327,3,4,0,0.0,1.0,0.49877682611322577,
335,3,4,1,0.5,0.0,0.48978082629574776,
336,3,4,0,0.4,0.1999999999999999,0.5330601737751737,
340,3,4,1,0.6,0.1999999999999999,0.5572006906057485,
342,3,4,0,0.2,0.6,0.4098699892489356,
343,3,4,1,0.8,0.6000000000000001,0.6166196850226009,
353,3,4,0,0.0,1.0,0.6060042789867196,
356,3,4,0,0.25,0.5,0.4259606201270253,
359,3,4,0,0.25,0.5,0.4856370488418982,
360,3,4,0,0.25,0.5,0.620456032527446,
361,3,4,0,0.0,1.0,0.47283902691355983,
362,3,4,1,0.75,0.5,0.5607030475166233,
365,3,4,0,0.25,0.5,0.53687948699828,
368,3,4,1,0.5,0.0,0.5275634737116819,
369,3,4,0,0.0,1.0,0.5137383558963575,
372,3,4,0,0.25,0.5,0.47776841367900935,
385,3,4,1,0.5,0.0,0.4455539638373411,
397,3,4,1,0.75,0.5,0.6272644199838477,
399,3,4,0,0.25,0.5,0.46784067808199503,
400,3,4,1,0.5,0.0,0.5732299948951021,
401,3,4,0,0.2,0.6,0.5407870534841308,
410,3,4,1,0.6,0.1999999999999999,0.4281836131934803,
418,3,4,0,0.0,1.0,0.4430598131337204,
428,3,4,1,0.6,0.1999999999999999,0.4266179847949447,
431,3,4,0,0.4,0.1999999999999999,0.2806178071045283,
444,3,4,0,0.2,0.6,0.5409309979606824,
449,3,4,0,0.4,0.1999999999999999,0.39557049326854365,
450,3,4,0,0.2,0.6,0.36032138683328163,
460,3,4,0,0.0,1.0,0.4488964404906757,
465,3,4,1,0.5,0.0,0.5267065627674805,
468,3,4,0,0.25,0.5,0.6366783826358036,
470,3,4,0,0.0,1.0,0.44301179079472003,
486,3,4,0,0.25,0.5,0.7603238463341625,
495,3,4,0,0.0,1.0,0.5587056427131221,
497,3,4,0,0.0,1.0,0.4326967102638239,
501,3,4,0,0.25,0.5,0.5026773346154041,
504,3,4,1,0.75,0.5,0.6262066562654155,
509,3,4,0,0.25,0.5,0.40805672249406094,
510,3,4,1,0.5,0.0,0.49473486777016246,
514,3,4,1,0.75,0.5,0.5090005223800427,
517,3,4,0,0.25,0.5,0.5095390984606811,
520,3,4,1,0.5,0.0,0.465889174878767,
527,3,4,0,0.25,0.5,0.5322328892393726,
528,3,4,0,0.0,1.0,0.4760326828265325,
533,3,4,0,0.0,1.0,0.536867042727383,
536,3,4,0,0.3333333333333333,0.3333333333333333,0.4199814054734951,
538,3,4,0,0.0,1.0,0.5424512010294728,
557,3,4,0,0.3333333333333333,0.3333333333333333,0.4746435010174601,
559,3,4,1,0.6666666666666666,0.3333333333333332,0.38954676305774305,
563,3,4,0,0.0,1.0,0.48391170170766395,
565,3,4,0,0.3333333333333333,0.3333333333333333,0.4820003924683151,
566,3,4,0,0.1666666666666666,0.6666666666666667,0.37354390225723544,
571,3,4,1,0.5,0.0,0.40563530752083343,
572,3,4,1,0.8333333333333334,0.6666666666666667,0.5189234199646802,
574,3,4,0,0.3333333333333333,0.3333333333333333,0.38627413641272035,
584,3,4,1,0.6666666666666666,0.3333333333333332,0.6323608813508418,
587,3,4,1,0.8333333333333334,0.6666666666666667,0.39911599352784655,
599,3,4,0,0.0,1.0,0.24787891559127959,
602,3,4,0,0.25,0.5,0.5108599661236712,
605,3,4,1,0.5,0.0,0.46021179704510023,
608,3,4,0,0.0,1.0,0.4723481954779428,
612,3,4,0,0.0,1.0,0.3390909553868843,
616,3,4,1,0.75,0.5,0.40974537713395187,
619,3,4,0,0.25,0.5,0.4927845514330978,
620,3,4,1,0.75,0.5,0.5377437381404373,
623,3,4,1,0.5,0.0,0.4218108900340581,
628,3,4,0,0.0,1.0,0.34928469401674644,
649,3,4,1,0.5,0.0,0.3772116411554599,
656,3,4,1,0.6666666666666666,0.3333333333333332,0.5445193536110527,
659,3,4,1,0.6666666666666666,0.3333333333333332,0.46574100406417906,
661,3,4,1,0.8333333333333334,0.6666666666666667,0.6476645258407383,
670,3,4,1,0.5,0.0,0.534765571387448,
676,3,4,0,0.1666666666666666,0.6666666666666667,0.46976157864784296,
684,3,4,0,0.0,1.0,0.4730227672021884,
696,3,4,0,0.1666666666666666,0.6666666666666667,0.3679045059675728,
700,3,4,1,0.5,0.0,0.5711373669974954,
701,3,4,0,0.1666666666666666,0.6666666666666667,0.5135928406220223,
711,3,4,1,0.6,0.1999999999999999,0.5431905573266187,
712,3,4,0,0.1666666666666666,0.6666666666666667,0.584735999976068,
715,3,4,1,0.5,0.0,0.45772392022332653,
718,3,4,0,0.1666666666666666,0.6666666666666667,0.5178080221668963,
724,3,4,0,0.2,0.6,0.3716105298022415,
727,3,4,0,0.4,0.1999999999999999,0.5511271429722255,
728,3,4,0,0.2,0.6,0.4193005021953952,
731,3,4,0,0.0,1.0,0.379935030487931,
3,4,0,0,0.0,1.0,0.4830403872966236,
8,4,0,0,0.0,1.0,0.33992920600873766,
10,4,0,0,0.0,1.0,0.4583025495879887,
11,4,0,1,0.6,0.1999999999999999,0.3726913364258607,
13,4,0,0,0.2,0.6,0.4292921262088362,
18,4,0,1,0.6,0.1999999999999999,0.5834984160644248,
24,4,0,0,0.0,1.0,0.41186584760610767,
25,4,0,0,0.2,0.6,0.47840859231093347,
29,4,0,0,0.2,0.6,0.5467410593095781,
30,4,0,0,0.2,0.6,0.4708903722542156,
31,4,0,0,0.1666666666666666,0.6666666666666667,0.48778547726727306,
34,4,0,0,0.1666666666666666,0.6666666666666667,0.6053152881290458,
36,4,0,0,0.2,0.6,0.3702710460827804,
44,4,0,0,0.0,1.0,0.49211035213323173,
46,4,0,0,0.4,0.1999999999999999,0.6902304442975347,
47,4,0,0,0.25,0.5,0.4637147771223453,
51,4,0,0,0.25,0.5,0.49232954563436,
52,4,0,0,0.25,0.5,0.4308717787059332,
57,4,0,1,1.0,1.0,0.4556953332146,
60,4,0,0,0.0,1.0,0.5381911481894672,
67,4,0,0,0.0,1.0,0.3557415895860123,
70,4,0,0,0.0,1.0,0.5745129523655612,
83,4,0,0,0.25,0.5,0.6514165506814087,
90,4,0,1,0.5,0.0,0.4018068934515789,
94,4,0,0,0.25,0.5,0.4363685077558347,
110,4,0,0,0.0,1.0,0.6426265087709804,
111,4,0,0,0.1111111111111111,0.7777777777777778,0.37758908544104,
116,4,0,0,0.0,1.0,0.4294640666534576,
121,4,0,0,0.1111111111111111,0.7777777777777778,0.43455727413895173,
124,4,0,0,0.0,1.0,0.4497435429704901,
128,4,0,0,0.1111111111111111,0.7777777777777778,0.35861344182956423,
151,4,0,0,0.0,1.0,0.4485099900129737,
159,4,0,0,0.0,1.0,0.4085908063107801,
169,4,0,0,0.0,1.0,0.5444587278595512,
182,4,0,0,0.0,1.0,0.4735828006983748,
185,4,0,0,0.25,0.5,0.39149526218029423,
189,4,0,1,0.5,0.0,0.6383508614165725,
190,4,0,0,0.25,0.5,0.46035842718953723,
191,4,0,0,0.0,1.0,0.4772260758693895,
192,4,0,0,0.0,1.0,0.3921257276217386,
198,4,0,0,0.0,1.0,0.526979976257731,
200,4,0,0,0.2,0.6,0.436725118425722,
205,4,0,0,0.2,0.6,0.36705679969032656,
213,4,0,0,0.4,0.1999999999999999,0.49072885391693705,
226,4,0,0,0.0,1.0,0.3876677798171789,
230,4,0,0,0.2,0.6,0.30616878170807205,
233,4,0,0,0.0,1.0,0.48268375810224207,
234,4,0,0,0.25,0.5,0.34906644532860887,
236,4,0,0,0.0,1.0,0.46551858000239255,
240,4,0,0,0.2,0.6,0.5317341487247429,
241,4,0,1,0.6,0.1999999999999999,0.44238048415714715,
242,4,0,1,0.6,0.1999999999999999,0.5092235031164751,
246,4,0,0,0.4,0.1999999999999999,0.4866496412420148,
248,4,0,0,0.4,0.1999999999999999,0.649335307788623,
252,4,0,0,0.0,1.0,0.35725012806451384,
255,4,0,0,0.25,0.5,0.40973429155533453,
273,4,0,1,0.5,0.0,0.4842790919552877,
274,4,0,1,0.5,0.0,0.5780720923752164,
278,4,0,0,0.25,0.5,0.391440989889639,
288,4,0,1,0.75,0.5,0.39786556828303227,
311,4,0,0,0.4,0.1999999999999999,0.42680978882833764,
315,4,0,1,0.8,0.6000000000000001,0.604787218541254,
319,4,0,0,0.2,0.6,0.5532919094825594,
320,4,0,0,0.0,1.0,0.5684212200921125,
321,4,0,1,0.6,0.1999999999999999,0.5665207051543575,
323,4,0,0,0.0,1.0,0.45379276116072403,
326,4,0,0,0.0,1.0,0.3867171993729146,
330,4,0,0,0.4,0.1999999999999999,0.5444142211276115,
339,4,0,0,0.0,1.0,0.5543661040101211,
346,4,0,1,0.6,0.1999999999999999,0.6832896876214196,
359,4,0,0,0.25,0.5,0.48998723083043827,
370,4,0,0,0.0,1.0,0.39029820423318673,
372,4,0,0,0.25,0.5,0.5015312476589734,
380,4,0,1,0.75,0.5,0.6898705331545116,
381,4,0,1,0.75,0.5,0.5044925169084968,
384,4,0,0,0.25,0.5,0.5569692528850315,
395,4,0,1,0.5,0.0,0.5242290328651938,
411,4,0,0,0.2,0.6,0.6898355963551146,
416,4,0,0,0.0,1.0,0.5142936784555355,
420,4,0,0,0.0,1.0,0.5451327762682467,
422,4,0,1,0.6,0.1999999999999999,0.35553415466271066,
423,4,0,0,0.0,1.0,0.5836131004592886,
434,4,0,0,0.0,1.0,0.37703345897162255,
435,4,0,0,0.4,0.1999999999999999,0.4918070365066841,
438,4,0,0,0.1666666666666666,0.6666666666666667,0.466839256168038,
443,4,0,0,0.0,1.0,0.26503786831945775,
452,4,0,0,0.25,0.5,0.47758663555404873,
455,4,0,0,0.0,1.0,0.4564041972234961,
456,4,0,1,0.5,0.0,0.5144878494192786,
468,4,0,0,0.25,0.5,0.6224203001501314,
476,4,0,0,0.0,1.0,0.5750970955242622,
480,4,0,1,0.5,0.0,0.5730632647849436,
485,4,0,1,0.5,0.0,0.43906825372345026,
489,4,0,0,0.0,1.0,0.4699895821351369,
492,4,0,0,0.3333333333333333,0.3333333333333333,0.4379936088612525,
505,4,0,1,0.5,0.0,0.5179829106495524,
506,4,0,1,0.75,0.5,0.5674803215660211,
507,4,0,1,1.0,1.0,0.3587596524382004,
510,4,0,1,0.5,0.0,0.43778147413102636,
512,4,0,1,1.0,1.0,0.6215636859032776,
515,4,0,0,0.25,0.5,0.390992482543725,
517,4,0,0,0.25,0.5,0.5107528613433348,
522,4,0,0,0.25,0.5,0.2774295625312833,
523,4,0,0,0.25,0.5,0.5364665572375094,
534,4,0,1,0.75,0.5,0.537978791234724,
536,4,0,0,0.3333333333333333,0.3333333333333333,0.42985037188804487,
542,4,0,0,0.25,0.5,0.31161455662008974,
543,4,0,1,0.5,0.0,0.4861667360005868,
553,4,0,0,0.0,1.0,0.6011832000993769,
555,4,0,0,0.3333333333333333,0.3333333333333333,0.5998512218541914,
566,4,0,0,0.1666666666666666,0.6666666666666667,0.3595610447665972,
570,4,0,1,0.6666666666666666,0.3333333333333332,0.5846324722237569,
572,4,0,1,0.8333333333333334,0.6666666666666667,0.5350153391533999,
578,4,0,1,0.5,0.0,0.4453418864169891,
579,4,0,0,0.3333333333333333,0.3333333333333333,0.283784504314619,
586,4,0,1,0.6666666666666666,0.3333333333333332,0.4983712557821313,
591,4,0,1,0.5,0.0,0.46183818556671585,
598,4,0,0,0.3333333333333333,0.3333333333333333,0.4482784103163622,
604,4,0,1,0.75,0.5,0.41736188611543157,
613,4,0,0,0.0,1.0,0.6212839883017885,
618,4,0,0,0.0,1.0,0.4250587154019374,
623,4,0,1,0.5,0.0,0.34949531107828335,
625,4,0,0,0.0,1.0,0.4307772433752107,
635,4,0,1,0.5,0.0,0.4802617972959018,
637,4,0,1,0.5,0.0,0.36114346314842777,
639,4,0,0,0.0,1.0,0.44718332169594344,
640,4,0,1,0.75,0.5,0.6517383828251112,
641,4,0,0,0.0,1.0,0.5622509974461481,
648,4,0,1,0.5,0.0,0.4738867364524442,
661,4,0,1,0.8333333333333334,0.6666666666666667,0.6582038353752746,
662,4,0,0,0.0,1.0,0.4501571759747482,
663,4,0,0,0.3333333333333333,0.3333333333333333,0.5255802814608777,
667,4,0,0,0.3333333333333333,0.3333333333333333,0.6325860829253116,
673,4,0,0,0.3333333333333333,0.3333333333333333,0.3443192764811862,
679,4,0,0,0.4,0.1999999999999999,0.3950553721373009,
683,4,0,1,0.8333333333333334,0.6666666666666667,0.5126292754793316,
685,4,0,0,0.0,1.0,0.3292073480084393,
686,4,0,0,0.0,1.0,0.4044287033398772,
689,4,0,0,0.0,1.0,0.4643531365719038,
699,4,0,0,0.1666666666666666,0.6666666666666667,0.4450250337152786,
702,4,0,0,0.1666666666666666,0.6666666666666667,0.4661612607133813,
703,4,0,0,0.0,1.0,0.46094659585142456,
705,4,0,1,0.5,0.0,0.4128755567286143,
727,4,0,0,0.4,0.1999999999999999,0.567122009734294,
732,4,0,0,0.0,1.0,0.37671709599846215,
740,4,0,0,0.1666666666666666,0.6666666666666667,0.43576018271212796,
742,4,0,1,0.5,0.0,0.5762335392200082,
1,4,1,0,0.3333333333333333,0.3333333333333333,0.471287018463221,
21,4,1,0,0.2,0.6,0.6019497501797149,
28,4,1,0,0.2,0.6,0.5496778282874806,
38,4,1,0,0.0,1.0,0.5790686821356253,
41,4,1,0,0.2,0.6,0.2478609987156303,
43,4,1,0,0.2,0.6,0.5829433822535244,
45,4,1,0,0.0,1.0,0.3601711858087,
54,4,1,0,0.25,0.5,0.41339659654831973,
59,4,1,0,0.25,0.5,0.39693664146167595,
61,4,1,0,0.2,0.6,0.33458037898918314,
65,4,1,0,0.25,0.5,0.3901862547524303,
66,4,1,0,0.0,1.0,0.49289615064496084,
72,4,1,0,0.25,0.5,0.3390122638848144,
81,4,1,0,0.0,1.0,0.4085415933908345,
87,4,1,0,0.0,1.0,0.5621435204727574,
91,4,1,0,0.25,0.5,0.4736075674915915,
93,4,1,0,0.0,1.0,0.4791989092511069,
95,4,1,0,0.25,0.5,0.413616317227705,
102,4,1,0,0.0,1.0,0.468197318485132,
107,4,1,0,0.1111111111111111,0.7777777777777778,0.5420535144163112,
118,4,1,0,0.0,1.0,0.5457978035377113,
127,4,1,1,0.6666666666666666,0.3333333333333332,0.6155718216568444,
129,4,1,0,0.2,0.6,0.4568198926815793,
131,4,1,0,0.0,1.0,0.5467430411185149,
139,4,1,0,0.0,1.0,0.466485039118383,
140,4,1,0,0.2222222222222222,0.5555555555555556,0.5105425252273231,
143,4,1,1,0.5555555555555556,0.1111111111111111,0.49639748727876754,
145,4,1,0,0.4444444444444444,0.1111111111111111,0.32311564167343837,
156,4,1,0,0.25,0.5,0.47797104536074553,
171,4,1,0,0.25,0.5,0.5374418752601702,
172,4,1,0,0.0,1.0,0.6107868467187473,
173,4,1,0,0.25,0.5,0.520944793464845,
179,4,1,0,0.25,0.5,0.6387588888831816,
183,4,1,0,0.0,1.0,0.40218079138087354,
187,4,1,0,0.0,1.0,0.39696213952233395,
188,4,1,0,0.0,1.0,0.5313255500146061,
194,4,1,0,0.0,1.0,0.505985797350942,
195,4,1,0,0.0,1.0,0.5518024407808616,
203,4,1,0,0.2,0.6,0.42607234380080006,
204,4,1,0,0.4,0.1999999999999999,0.5167239969272557,
206,4,1,1,0.5,0.0,0.4103826543148149,
211,4,1,1,0.6,0.1999999999999999,0.5443104918505908,
214,4,1,0,0.2,0.6,0.49303772691473374,
215,4,1,0,0.2,0.6,0.3637721002911919,
217,4,1,0,0.0,1.0,0.3936532130092094,
219,4,1,0,0.0,1.0,0.41969843224895076,
220,4,1,0,0.4,0.1999999999999999,0.41867555245603527,
221,4,1,1,0.8,0.6000000000000001,0.5341252777777529,
231,4,1,1,0.5,0.0,0.4279295400457751,
237,4,1,0,0.4,0.1999999999999999,0.5389701171316768,
244,4,1,1,0.6,0.1999999999999999,0.4996983230734081,
247,4,1,0,0.2,0.6,0.5937177988229527,
249,4,1,1,0.6,0.1999999999999999,0.401537089815892,
259,4,1,0,0.0,1.0,0.45715302222945065,
272,4,1,1,0.5,0.0,0.4163826332943313,
277,4,1,1,0.5,0.0,0.48834552031194317,
295,4,1,0,0.0,1.0,0.45400185057316267,
310,4,1,0,0.2,0.6,0.46839293425305184,
313,4,1,0,0.0,1.0,0.54471848290084,
322,4,1,1,0.6,0.1999999999999999,0.495521737502842,
327,4,1,0,0.0,1.0,0.5655055240380026,
329,4,1,0,0.0,1.0,0.3785064015367027,
342,4,1,0,0.2,0.6,0.41894686073342297,
345,4,1,0,0.0,1.0,0.39935732815508707,
348,4,1,0,0.4,0.1999999999999999,0.4768249710059077,
349,4,1,0,0.0,1.0,0.38544089169397944,
351,4,1,0,0.0,1.0,0.5228999961175971,
352,4,1,0,0.25,0.5,0.3892039335213966,
354,4,1,0,0.25,0.5,0.4789764944619336,
367,4,1,0,0.25,0.5,0.42549927381984937,
374,4,1,1,0.5,0.0,0.4570612392218517,
376,4,1,1,0.5,0.0,0.39137201805420263,
377,4,1,0,0.25,0.5,0.3538524245976961,
379,4,1,1,0.75,0.5,0.5089910459697757,
387,4,1,0,0.0,1.0,0.49580229116300556,
389,4,1,0,0.25,0.5,0.6582116820523229,
391,4,1,0,0.0,1.0,0.363293933566175,
392,4,1,1,0.5,0.0,0.41172763058559847,
398,4,1,0,0.25,0.5,0.4778280371923317,
402,4,1,1,0.6,0.1999999999999999,0.36186618763593226,
404,4,1,1,0.6,0.1999999999999999,0.7017054927885409,
405,4,1,0,0.0,1.0,0.5495948971738958,
406,4,1,1,0.6,0.1999999999999999,0.3880754480460604,
407,4,1,0,0.2,0.6,0.6999933559545313,
424,4,1,1,0.6,0.1999999999999999,0.37162659087765304,
426,4,1,1,0.8,0.6000000000000001,0.5512598709102488,
436,4,1,0,0.4,0.1999999999999999,0.499794101246428,
440,4,1,0,0.0,1.0,0.6187213065335937,
441,4,1,0,0.2,0.6,0.5204621080450788,
449,4,1,0,0.4,0.1999999999999999,0.36280865242897564,
450,4,1,0,0.2,0.6,0.4133746045400611,
453,4,1,0,0.25,0.5,0.4228179219787661,
457,4,1,1,0.5,0.0,0.5481057993335068,
460,4,1,0,0.0,1.0,0.4652770482792772,
463,4,1,0,0.25,0.5,0.3735083557784853,
464,4,1,0,0.0,1.0,0.5608978987426154,
465,4,1,1,0.5,0.0,0.5382048611515688,
466,4,1,1,0.5,0.0,0.5739350901729914,
472,4,1,0,0.25,0.5,0.38006329269751427,
473,4,1,0,0.25,0.5,0.6004968696505881,
474,4,1,0,0.0,1.0,0.33354089391773145,
494,4,1,1,0.8,0.6000000000000001,0.5688267830139269,
519,4,1,0,0.0,1.0,0.4495468757042317,
520,4,1,1,0.5,0.0,0.49284477490581613,
528,4,1,0,0.0,1.0,0.45710915936598084,
533,4,1,0,0.0,1.0,0.49119898006115825,
535,4,1,0,0.25,0.5,0.6586588325844205,
537,4,1,0,0.25,0.5,0.3780272634649116,
539,4,1,0,0.25,0.5,0.4941877114325513,
540,4,1,0,0.25,0.5,0.6412739164628496,
547,4,1,1,0.5,0.0,0.3966656613167985,
548,4,1,1,0.5,0.0,0.5377996670945238,
558,4,1,1,0.5,0.0,0.46536164438367794,
560,4,1,0,0.1666666666666666,0.6666666666666667,0.4564733373448744,
568,4,1,1,1.0,1.0,0.6053480807477118,
571,4,1,1,0.5,0.0,0.45169350050579604,
577,4,1,0,0.1666666666666666,0.6666666666666667,0.5316891569806906,
592,4,1,1,0.6,0.1999999999999999,0.5800635654615394,
608,4,1,0,0.0,1.0,0.5588822209442725,
610,4,1,0,0.25,0.5,0.5983091360492143,
617,4,1,1,0.5,0.0,0.5402915961922459,
620,4,1,1,0.75,0.5,0.49555549940615173,
621,4,1,1,0.5,0.0,0.3670187651749259,
629,4,1,1,0.5,0.0,0.6916724991466057,
632,4,1,1,0.5,0.0,0.46997422677152,
636,4,1,0,0.0,1.0,0.41947504497710414,
647,4,1,1,0.5,0.0,0.5607028262469798,
649,4,1,1,0.5,0.0,0.3256104263650641,
656,4,1,1,0.6666666666666666,0.3333333333333332,0.5059965149951412,
669,4,1,0,0.3333333333333333,0.3333333333333333,0.4698892093552728,
680,4,1,0,0.0,1.0,0.43944120550475163,
681,4,1,0,0.1666666666666666,0.6666666666666667,0.4475860306695166,
682,4,1,0,0.1666666666666666,0.6666666666666667,0.4383352046854437,
690,4,1,0,0.0,1.0,0.4803689895481566,
692,4,1,0,0.0,1.0,0.4899927070868124,
694,4,1,0,0.3333333333333333,0.3333333333333333,0.3782447009991199,
695,4,1,0,0.3333333333333333,0.3333333333333333,0.41599059886358164,
698,4,1,1,0.5,0.0,0.5494900867900151,
701,4,1,0,0.1666666666666666,0.6666666666666667,0.4745473306586573,
715,4,1,1,0.5,0.0,0.37133501183925355,
716,4,1,1,0.6666666666666666,0.3333333333333332,0.5895848483422369,
718,4,1,0,0.1666666666666666,0.6666666666666667,0.5342547843344538,
721,4,1,0,0.3333333333333333,0.3333333333333333,0.6772395648125645,
724,4,1,0,0.2,0.6,0.3377268396003607,
728,4,1,0,0.2,0.6,0.4453604851848666,
733,4,1,0,0.1666666666666666,0.6666666666666667,0.39378127345783476,
739,4,1,0,0.3333333333333333,0.3333333333333333,0.53152551546804,
6,4,2,0,0.2,0.6,0.44672269318344515,
7,4,2,1,0.6,0.1999999999999999,0.5890794105045207,
26,4,2,1,0.8,0.6000000000000001,0.38573593773449116,
37,4,2,0,0.2,0.6,0.42023276181264213,
39,4,2,0,0.0,1.0,0.5052471961437741,
42,4,2,0,0.0,1.0,0.4104348893885218,
48,4,2,1,0.6,0.1999999999999999,0.4959311260201406,
49,4,2,0,0.3333333333333333,0.3333333333333333,0.41664749219497477,
56,4,2,0,0.25,0.5,0.40972192765400484,
58,4,2,0,0.25,0.5,0.4659239421540089,
64,4,2,0,0.3333333333333333,0.3333333333333333,0.3380169436998416,
71,4,2,0,0.0,1.0,0.5370567693575682,
76,4,2,0,0.25,0.5,0.4623769835519329,
78,4,2,0,0.0,1.0,0.5205478265699326,
82,4,2,0,0.25,0.5,0.43427584295111477,
88,4,2,1,0.5,0.0,0.4121808482947035,
92,4,2,0,0.0,1.0,0.6074943151382652,
96,4,2,0,0.0,1.0,0.5261943304339098,
100,4,2,0,0.25,0.5,0.610775104720795,
101,4,2,0,0.3333333333333333,0.3333333333333333,0.41318406525543355,
103,4,2,0,0.1111111111111111,0.7777777777777778,0.5465213162170927,
105,4,2,0,0.0,1.0,0.5117019204938478,
108,4,2,0,0.25,0.5,0.4806579937526044,
109,4,2,0,0.1111111111111111,0.7777777777777778,0.45500109825183443,
112,4,2,0,0.125,0.75,0.37588305306771685,
115,4,2,0,0.0,1.0,0.47729599663047395,
125,4,2,0,0.125,0.75,0.39502183480995806,
136,4,2,0,0.3333333333333333,0.3333333333333333,0.5937250285995415,
137,4,2,1,0.6666666666666666,0.3333333333333332,0.39025247645897865,
138,4,2,1,0.5555555555555556,0.1111111111111111,0.4156347589688213,
158,4,2,0,0.0,1.0,0.3862164365574685,
160,4,2,0,0.1666666666666666,0.6666666666666667,0.5307077882818765,
162,4,2,0,0.2,0.6,0.4265348687271693,
165,4,2,0,0.0,1.0,0.6392917527769331,
167,4,2,0,0.0,1.0,0.4923145886988587,
170,4,2,0,0.1666666666666666,0.6666666666666667,0.43253204688341984,
201,4,2,0,0.25,0.5,0.47013677574720075,
209,4,2,0,0.2,0.6,0.3769746036419911,
212,4,2,0,0.2,0.6,0.36643179134635095,
216,4,2,0,0.0,1.0,0.4696050061950231,
222,4,2,0,0.2,0.6,0.4681881972720796,
224,4,2,0,0.4,0.1999999999999999,0.5164972762772626,
228,4,2,0,0.2,0.6,0.5400703668998907,
238,4,2,0,0.25,0.5,0.4559999259593812,
243,4,2,0,0.0,1.0,0.4004537223737856,
245,4,2,0,0.0,1.0,0.4282986912721426,
250,4,2,0,0.4,0.1999999999999999,0.4646535631877154,
251,4,2,0,0.25,0.5,0.517379321259647,
260,4,2,0,0.25,0.5,0.4792568069644003,
261,4,2,0,0.25,0.5,0.531848457063697,
262,4,2,1,0.5,0.0,0.5452402132382861,
266,4,2,0,0.25,0.5,0.43313775381958075,
271,4,2,0,0.0,1.0,0.5126378226512682,
275,4,2,1,0.5,0.0,0.5704057633867472,
279,4,2,0,0.2,0.6,0.32541922354772795,
280,4,2,0,0.25,0.5,0.618514803571421,
281,4,2,0,0.0,1.0,0.45457315170948537,
282,4,2,0,0.25,0.5,0.3708002652674553,
290,4,2,0,0.0,1.0,0.5026223135531629,
293,4,2,1,0.5,0.0,0.5136437626318642,
294,4,2,0,0.0,1.0,0.6112528257212014,
302,4,2,0,0.0,1.0,0.48500439336262435,
303,4,2,0,0.0,1.0,0.4555849114079733,
304,4,2,1,0.8,0.6000000000000001,0.45212967211994365,
306,4,2,0,0.0,1.0,0.510524841561521,
331,4,2,0,0.0,1.0,0.39079808539798344,
334,4,2,0,0.4,0.1999999999999999,0.4472488472923372,
337,4,2,0,0.0,1.0,0.5223933630138693,
338,4,2,0,0.4,0.1999999999999999,0.4733689256235173,
341,4,2,1,0.6,0.1999999999999999,0.6258799235544339,
350,4,2,0,0.0,1.0,0.42948257091874686,
353,4,2,0,0.0,1.0,0.610333702086202,
362,4,2,1,0.75,0.5,0.5923988249445108,
364,4,2,1,0.5,0.0,0.5298985712630131,
371,4,2,0,0.25,0.5,0.6080742989705863,
382,4,2,1,0.5,0.0,0.49032915397943344,
388,4,2,1,0.5,0.0,0.48372366502194497,
390,4,2,1,0.75,0.5,0.46718550511705725,
393,4,2,0,0.25,0.5,0.4947100132018221,
396,4,2,1,0.75,0.5,0.6366444392705295,
400,4,2,1,0.5,0.0,0.5662281070843355,
403,4,2,0,0.0,1.0,0.4319037834395021,
410,4,2,1,0.6,0.1999999999999999,0.4242906505166431,
415,4,2,0,0.0,1.0,0.5426392286933674,
417,4,2,0,0.2,0.6,0.4271674237092207,
419,4,2,0,0.4,0.1999999999999999,0.3529462397836753,
425,4,2,0,0.0,1.0,0.4092115092214952,
428,4,2,1,0.6,0.1999999999999999,0.4170822411391003,
439,4,2,0,0.2,0.6,0.4104831860853314,
447,4,2,0,0.0,1.0,0.39815842584893524,
448,4,2,0,0.0,1.0,0.334875422840742,
458,4,2,0,0.0,1.0,0.42337038706805746,
459,4,2,0,0.25,0.5,0.5858076465408596,
470,4,2,0,0.0,1.0,0.51692453839448,
477,4,2,0,0.0,1.0,0.45002617141864054,
479,4,2,0,0.0,1.0,0.4712405331164578,
486,4,2,0,0.25,0.5,0.7645134583630612,
495,4,2,0,0.0,1.0,0.49363057393848764,
496,4,2,1,0.75,0.5,0.6239176045444408,
511,4,2,1,0.5,0.0,0.4052371385379433,
516,4,2,0,0.0,1.0,0.5666225103482088,
530,4,2,1,0.5,0.0,0.4980757651697063,
550,4,2,0,0.0,1.0,0.40919809016375513,
551,4,2,1,0.6666666666666666,0.3333333333333332,0.48264718825319197,
552,4,2,1,0.6666666666666666,0.3333333333333332,0.5360113011117419,
557,4,2,0,0.3333333333333333,0.3333333333333333,0.49584004881809984,
561,4,2,1,0.5,0.0,0.40567263777562235,
562,4,2,0,0.3333333333333333,0.3333333333333333,0.503565833049096,
563,4,2,0,0.0,1.0,0.49454268285899383,
565,4,2,0,0.3333333333333333,0.3333333333333333,0.4563334667991493,
581,4,2,0,0.3333333333333333,0.3333333333333333,0.4154138662677938,
582,4,2,1,0.5,0.0,0.4573856001972184,
583,4,2,1,0.5,0.0,0.5596857114275302,
584,4,2,1,0.6666666666666666,0.3333333333333332,0.6175347541900187,
597,4,2,0,0.0,1.0,0.3892009148413216,
600,4,2,0,0.1666666666666666,0.6666666666666667,0.34546969643548564,
601,4,2,0,0.0,1.0,0.4212781366827052,
602,4,2,0,0.25,0.5,0.4979652811090381,
606,4,2,0,0.25,0.5,0.39941191708526635,
609,4,2,0,0.25,0.5,0.46872165205881167,
614,4,2,1,0.75,0.5,0.4859267593860095,
619,4,2,0,0.25,0.5,0.4766229469750254,
624,4,2,0,0.25,0.5,0.44630238267031097,
628,4,2,0,0.0,1.0,0.36008604735944566,
630,4,2,1,0.5,0.0,0.45991557274612965,
633,4,2,1,0.5,0.0,0.4961154563334603,
634,4,2,0,0.25,0.5,0.4903259531379552,
642,4,2,1,0.75,0.5,0.5624730859400254,
644,4,2,0,0.25,0.5,0.4603111339810606,
646,4,2,0,0.0,1.0,0.40867589017804873,
651,4,2,0,0.3333333333333333,0.3333333333333333,0.4576095315521837,
654,4,2,0,0.1666666666666666,0.6666666666666667,0.44939586478568805,
655,4,2,1,0.6666666666666666,0.3333333333333332,0.37389544817717085,
657,4,2,1,0.5,0.0,0.44367788798529306,
658,4,2,0,0.1666666666666666,0.6666666666666667,0.4397899160899976,
659,4,2,1,0.6666666666666666,0.3333333333333332,0.4326974085436431,
670,4,2,1,0.5,0.0,0.4976297267949879,
697,4,2,1,0.5,0.0,0.49626639830108055,
707,4,2,1,0.5,0.0,0.3821587082767435,
708,4,2,0,0.0,1.0,0.45637781290715773,
712,4,2,0,0.1666666666666666,0.6666666666666667,0.517853908634986,
713,4,2,1,0.6,0.1999999999999999,0.518513094136906,
720,4,2,0,0.0,1.0,0.5634391345040914,
723,4,2,0,0.1666666666666666,0.6666666666666667,0.550647229136068,
734,4,2,0,0.0,1.0,0.5087192076729745,
738,4,2,0,0.3333333333333333,0.3333333333333333,0.4816414306336108,
741,4,2,0,0.2,0.6,0.42194589798608517,
4,4,3,1,0.6,0.1999999999999999,0.4163512801743309,
12,4,3,0,0.4,0.1999999999999999,0.5351271412665454,
14,4,3,0,0.2,0.6,0.6173256387045666,
15,4,3,0,0.4,0.1999999999999999,0.4792598797851133,
17,4,3,0,0.4,0.1999999999999999,0.5167736033746744,
22,4,3,0,0.2,0.6,0.6000196718735495,
27,4,3,0,0.2,0.6,0.3870230192709707,
33,4,3,0,0.4,0.1999999999999999,0.38237025476601644,
35,4,3,1,0.5,0.0,0.45338995834580076,
50,4,3,1,0.8,0.6000000000000001,0.5069883069213623,
53,4,3,0,0.1666666666666666,0.6666666666666667,0.30989010082809876,
55,4,3,0,0.0,1.0,0.5133879937907571,
62,4,3,0,0.25,0.5,0.48307415521680563,
68,4,3,0,0.0,1.0,0.4453535894299976,
75,4,3,0,0.0,1.0,0.4619961613586657,
77,4,3,0,0.25,0.5,0.4260864196176687,
79,4,3,0,0.25,0.5,0.471194998432523,
84,4,3,0,0.3333333333333333,0.3333333333333333,0.519660440262788,
97,4,3,0,0.25,0.5,0.40487064683084906,
98,4,3,0,0.3333333333333333,0.3333333333333333,0.5098924578518255,
99,4,3,0,0.0,1.0,0.36027825875666214,
104,4,3,0,0.1111111111111111,0.7777777777777778,0.46555533326640824,
106,4,3,1,1.0,1.0,0.48999817444076715,
114,4,3,0,0.1111111111111111,0.7777777777777778,0.6773433843601717,
119,4,3,0,0.1111111111111111,0.7777777777777778,0.32958461107281456,
120,4,3,0,0.0,1.0,0.5270927442372659,
122,4,3,0,0.0,1.0,0.4336110698657629,
126,4,3,0,0.2222222222222222,0.5555555555555556,0.49898712525947786,
132,4,3,0,0.2222222222222222,0.5555555555555556,0.5660087292198938,
134,4,3,0,0.1111111111111111,0.7777777777777778,0.4753150603666404,
135,4,3,0,0.1666666666666666,0.6666666666666667,0.3929506281454017,
147,4,3,0,0.0,1.0,0.513228170056214,
148,4,3,0,0.1111111111111111,0.7777777777777778,0.4446620075658454,
153,4,3,0,0.0,1.0,0.4452695212178881,
157,4,3,0,0.25,0.5,0.32406316530006674,
163,4,3,0,0.25,0.5,0.5375375968953516,
166,4,3,0,0.25,0.5,0.4423487828288467,
168,4,3,0,0.25,0.5,0.5970638839772482,
174,4,3,1,0.5,0.0,0.42836699305076026,
176,4,3,0,0.0,1.0,0.4280742373383527,
177,4,3,0,0.0,1.0,0.4534820224231319,
178,4,3,0,0.0,1.0,0.5271293055615014,
180,4,3,0,0.0,1.0,0.5188676203125813,
181,4,3,1,0.5,0.0,0.4620272224477265,
184,4,3,0,0.0,1.0,0.408107129683274,
197,4,3,0,0.0,1.0,0.5609547966214814,
207,4,3,0,0.2,0.6,0.5828287863427658,
227,4,3,1,1.0,1.0,0.2906359276745778,
229,4,3,0,0.0,1.0,0.30465124473013067,
235,4,3,0,0.0,1.0,0.46781275173980763,
239,4,3,1,0.6,0.1999999999999999,0.5488138184671956,
253,4,3,0,0.0,1.0,0.5085590406916555,
254,4,3,0,0.25,0.5,0.42508466167655357,
258,4,3,0,0.0,1.0,0.49503609596357995,
267,4,3,0,0.0,1.0,0.5028185254071309,
269,4,3,1,0.5,0.0,0.47218551158697475,
286,4,3,0,0.2,0.6,0.3200264466336147,
287,4,3,0,0.25,0.5,0.46499557026501265,
291,4,3,0,0.0,1.0,0.5386879024781206,
296,4,3,0,0.0,1.0,0.4392206265841628,
299,4,3,1,0.8,0.6000000000000001,0.3371122918299946,
307,4,3,0,0.4,0.1999999999999999,0.5300154487088087,
314,4,3,0,0.0,1.0,0.6472750262532513,
316,4,3,0,0.4,0.1999999999999999,0.5283155668950419,
325,4,3,0,0.0,1.0,0.3869014068320249,
336,4,3,0,0.4,0.1999999999999999,0.5873623871564593,
343,4,3,1,0.8,0.6000000000000001,0.6264637732006523,
355,4,3,0,0.25,0.5,0.43837910482158504,
356,4,3,0,0.25,0.5,0.4196037418411164,
357,4,3,1,0.5,0.0,0.3354573661271606,
361,4,3,0,0.0,1.0,0.4650682652735555,
363,4,3,0,0.0,1.0,0.7290611221443746,
366,4,3,0,0.0,1.0,0.42877224357866683,
368,4,3,1,0.5,0.0,0.5788455818218083,
375,4,3,1,0.5,0.0,0.48175536817628956,
386,4,3,0,0.25,0.5,0.5828207912320267,
394,4,3,1,0.5,0.0,0.6943955738786018,
408,4,3,0,0.4,0.1999999999999999,0.6209852228855459,
409,4,3,0,0.4,0.1999999999999999,0.7082359658091782,
412,4,3,1,1.0,1.0,0.5034278522064354,
414,4,3,1,0.6,0.1999999999999999,0.5280991885939537,
418,4,3,0,0.0,1.0,0.44891598023158474,
429,4,3,0,0.0,1.0,0.4986115385641863,
437,4,3,1,0.6,0.1999999999999999,0.4882716815904644,
442,4,3,1,0.8,0.6000000000000001,0.4742483470253214,
445,4,3,0,0.0,1.0,0.460031104897325,
446,4,3,0,0.2,0.6,0.6135112221813512,
462,4,3,1,0.5,0.0,0.5967567555065911,
471,4,3,0,0.0,1.0,0.7888451932880316,
478,4,3,0,0.0,1.0,0.4156595524354508,
481,4,3,0,0.0,1.0,0.828511917890207,
482,4,3,0,0.0,1.0,0.36373024112316804,
483,4,3,0,0.25,0.5,0.4053319909650106,
484,4,3,0,0.25,0.5,0.4685041368044228,
488,4,3,1,0.5,0.0,0.35515384593415944,
490,4,3,0,0.25,0.5,0.4613311583751166,
493,4,3,0,0.0,1.0,0.4432328768277175,
497,4,3,0,0.0,1.0,0.352069967070206,
498,4,3,0,0.0,1.0,0.45899734689443394,
500,4,3,0,0.25,0.5,0.602651528923929,
501,4,3,0,0.25,0.5,0.5937724934183368,
504,4,3,1,0.75,0.5,0.6158896035683269,
509,4,3,0,0.25,0.5,0.3796061480813134,
518,4,3,0,0.25,0.5,0.32087483293461017,
521,4,3,1,0.75,0.5,0.6042479589661044,
526,4,3,0,0.0,1.0,0.5585109185612023,
527,4,3,0,0.25,0.5,0.49219196723785064,
538,4,3,0,0.0,1.0,0.5753638859115364,
541,4,3,1,0.5,0.0,0.6641441092435907,
544,4,3,1,0.5,0.0,0.5826604893058309,
549,4,3,0,0.0,1.0,0.4580384637882219,
554,4,3,1,0.5,0.0,0.5102792593788117,
564,4,3,1,0.5,0.0,0.6588477436637998,
567,4,3,0,0.3333333333333333,0.3333333333333333,0.6515463510128954,
569,4,3,0,0.1666666666666666,0.6666666666666667,0.4367649036085195,
573,4,3,0,0.3333333333333333,0.3333333333333333,0.5662857170524735,
574,4,3,0,0.3333333333333333,0.3333333333333333,0.3397193741908743,
575,4,3,1,0.5,0.0,0.4745404367610738,
585,4,3,1,0.5,0.0,0.4975007030306531,
587,4,3,1,0.8333333333333334,0.6666666666666667,0.33579895617651845,
588,4,3,0,0.1666666666666666,0.6666666666666667,0.5804094822914119,
589,4,3,0,0.3333333333333333,0.3333333333333333,0.41595201395907855,
594,4,3,0,0.0,1.0,0.6226122281148729,
596,4,3,1,0.5,0.0,0.57951911908361,
605,4,3,1,0.5,0.0,0.44729227669449684,
615,4,3,1,0.75,0.5,0.6227714819220094,
622,4,3,1,0.75,0.5,0.40993522799978166,
626,4,3,1,0.5,0.0,0.3681358112581209,
638,4,3,0,0.25,0.5,0.47703300467434595,
643,4,3,1,0.5,0.0,0.49790060502689476,
652,4,3,0,0.0,1.0,0.34497004732838477,
653,4,3,1,0.5,0.0,0.2089847056403666,
664,4,3,1,0.6666666666666666,0.3333333333333332,0.4139338851540446,
672,4,3,0,0.0,1.0,0.3494008831276568,
674,4,3,0,0.3333333333333333,0.3333333333333333,0.4255900887076777,
675,4,3,0,0.3333333333333333,0.3333333333333333,0.3719264957551302,
676,4,3,0,0.1666666666666666,0.6666666666666667,0.4560925266704907,
693,4,3,1,0.5,0.0,0.6752593817467691,
704,4,3,0,0.3333333333333333,0.3333333333333333,0.41228942323782736,
709,4,3,0,0.3333333333333333,0.3333333333333333,0.6166728165723829,
710,4,3,0,0.0,1.0,0.34644550071312497,
714,4,3,0,0.3333333333333333,0.3333333333333333,0.4850925603163508,
717,4,3,1,0.5,0.0,0.5929953907880581,
719,4,3,0,0.1666666666666666,0.6666666666666667,0.5806362274217138,
722,4,3,0,0.2,0.6,0.3158342290338455,
735,4,3,0,0.0,1.0,0.4693709366524401,
737,4,3,0,0.1666666666666666,0.6666666666666667,0.5173000737943125,
2,4,4,0,0.4,0.1999999999999999,0.24204698979204894,
5,4,4,0,0.2,0.6,0.6075011927217127,
9,4,4,0,0.0,1.0,0.4901991540356563,
16,4,4,1,0.6,0.1999999999999999,0.34110589978446193,
20,4,4,0,0.25,0.5,0.3821960617680564,
32,4,4,0,0.2,0.6,0.38290201458538453,
40,4,4,0,0.2,0.6,0.4240177021934474,
63,4,4,0,0.0,1.0,0.4238709335593018,
69,4,4,0,0.0,1.0,0.4192881486915777,
73,4,4,0,0.0,1.0,0.3495360257641742,
74,4,4,0,0.0,1.0,0.6576626723578637,
80,4,4,0,0.0,1.0,0.3818630976373758,
85,4,4,0,0.25,0.5,0.5907398595213958,
86,4,4,0,0.0,1.0,0.40368964324024204,
89,4,4,0,0.25,0.5,0.5004245331060208,
113,4,4,0,0.1111111111111111,0.7777777777777778,0.5338738650866697,
117,4,4,0,0.25,0.5,0.49723471198560576,
123,4,4,0,0.0,1.0,0.34411036529316263,
130,4,4,0,0.1111111111111111,0.7777777777777778,0.38841241892308553,
133,4,4,1,0.8888888888888888,0.7777777777777777,0.4534418521031406,
141,4,4,0,0.0,1.0,0.46818457488379117,
142,4,4,0,0.0,1.0,0.47184257891761605,
144,4,4,0,0.0,1.0,0.4791731336582948,
146,4,4,1,0.8888888888888888,0.7777777777777777,0.4541659500461511,
149,4,4,0,0.3333333333333333,0.3333333333333333,0.3634869273946352,
150,4,4,0,0.0,1.0,0.6049806369905186,
152,4,4,0,0.0,1.0,0.4051676009173111,
154,4,4,0,0.25,0.5,0.38720570747068106,
155,4,4,0,0.25,0.5,0.7149636371450157,
161,4,4,0,0.0,1.0,0.49761689994004704,
164,4,4,0,0.0,1.0,0.44210897396851034,
175,4,4,0,0.0,1.0,0.3607315210387214,
186,4,4,0,0.0,1.0,0.3432071990449652,
193,4,4,0,0.25,0.5,0.5315820015568826,
196,4,4,1,0.5,0.0,0.4888271586221986,
199,4,4,0,0.25,0.5,0.46005462059746416,
202,4,4,1,0.6,0.1999999999999999,0.436623149661337,
208,4,4,0,0.0,1.0,0.40318236324023576,
210,4,4,0,0.4,0.1999999999999999,0.7158681926116266,
223,4,4,0,0.2,0.6,0.4055493452200487,
225,4,4,0,0.2,0.6,0.47677729682145187,
232,4,4,0,0.25,0.5,0.3712290677394169,
257,4,4,0,0.25,0.5,0.44455257380676777,
263,4,4,0,0.2,0.6,0.40880974056055863,
264,4,4,0,0.25,0.5,0.4514507428009049,
265,4,4,1,0.5,0.0,0.4181674649445757,
268,4,4,1,0.5,0.0,0.33265505635641734,
270,4,4,0,0.0,1.0,0.39810195916286584,
276,4,4,0,0.2,0.6,0.476396987962158,
283,4,4,0,0.25,0.5,0.5262409782041587,
284,4,4,1,0.5,0.0,0.3565922906393679,
285,4,4,0,0.4,0.1999999999999999,0.3566713675421117,
289,4,4,1,0.5,0.0,0.4436054237174961,
292,4,4,0,0.25,0.5,0.5731085638173985,
297,4,4,0,0.0,1.0,0.37594579597363886,
298,4,4,0,0.25,0.5,0.5824693083886426,
300,4,4,0,0.0,1.0,0.571977352701188,
308,4,4,0,0.4,0.1999999999999999,0.5805202803073504,
309,4,4,1,0.8,0.6000000000000001,0.7326463590590127,
312,4,4,0,0.0,1.0,0.47864238898174916,
317,4,4,0,0.4,0.1999999999999999,0.49669646643708115,
318,4,4,0,0.4,0.1999999999999999,0.567090603542652,
324,4,4,0,0.2,0.6,0.6422044790523358,
328,4,4,1,0.6,0.1999999999999999,0.4120929180073063,
332,4,4,0,0.0,1.0,0.467933908469091,
333,4,4,0,0.0,1.0,0.4473323851232115,
335,4,4,1,0.5,0.0,0.5147753437636491,
340,4,4,1,0.6,0.1999999999999999,0.4648356475901926,
344,4,4,0,0.2,0.6,0.2730316861208434,
347,4,4,0,0.4,0.1999999999999999,0.4818176261937387,
358,4,4,0,0.25,0.5,0.6719203108089927,
360,4,4,0,0.25,0.5,0.6049765321383783,
365,4,4,0,0.25,0.5,0.6064133275497114,
369,4,4,0,0.0,1.0,0.4735279720998311,
373,4,4,0,0.0,1.0,0.5494325439005423,
378,4,4,1,0.5,0.0,0.5895255037799951,
383,4,4,0,0.0,1.0,0.5036584826073129,
385,4,4,1,0.5,0.0,0.41763629541502656,
397,4,4,1,0.75,0.5,0.7305165253138663,
399,4,4,0,0.25,0.5,0.4803636404606032,
401,4,4,0,0.2,0.6,0.5794000949426886,
413,4,4,0,0.0,1.0,0.47882509884466856,
421,4,4,0,0.2,0.6,0.3832553861222683,
427,4,4,1,0.6,0.1999999999999999,0.503732619993953,
430,4,4,1,0.6,0.1999999999999999,0.6665064712360804,
431,4,4,0,0.4,0.1999999999999999,0.24290492804248864,
432,4,4,0,0.2,0.6,0.4599925777416072,
433,4,4,0,0.0,1.0,0.27609118115191345,
444,4,4,0,0.2,0.6,0.5397454200502626,
451,4,4,0,0.25,0.5,0.3593693896372222,
454,4,4,0,0.0,1.0,0.4024821250983148,
461,4,4,1,0.5,0.0,0.6091501200030613,
467,4,4,1,1.0,1.0,0.49959712725835415,
469,4,4,1,0.75,0.5,0.35434705132547184,
475,4,4,0,0.25,0.5,0.5432737368483505,
487,4,4,0,0.2,0.6,0.35267025990422696,
491,4,4,1,0.5,0.0,0.5919393032784281,
499,4,4,0,0.0,1.0,0.5164213297669848,
502,4,4,1,0.75,0.5,0.4477035741248986,
503,4,4,0,0.0,1.0,0.44734075323549055,
508,4,4,1,0.75,0.5,0.4456015442563599,
513,4,4,0,0.0,1.0,0.5548980236762868,
514,4,4,1,0.75,0.5,0.5219604083736012,
524,4,4,0,0.0,1.0,0.56287805446308,
525,4,4,0,0.2,0.6,0.28575669322797337,
529,4,4,1,0.5,0.0,0.39550134144927396,
531,4,4,1,0.75,0.5,0.4601086684168001,
532,4,4,0,0.0,1.0,0.400565980190464,
545,4,4,0,0.25,0.5,0.43590318718102694,
546,4,4,1,0.5,0.0,0.5354930543552017,
556,4,4,0,0.1666666666666666,0.6666666666666667,0.39597979024522856,
559,4,4,1,0.6666666666666666,0.3333333333333332,0.40420202528406224,
576,4,4,1,0.5,0.0,0.604836148632849,
580,4,4,0,0.3333333333333333,0.3333333333333333,0.35718818727378476,
590,4,4,0,0.3333333333333333,0.3333333333333333,0.48538964536633966,
593,4,4,1,0.5,0.0,0.5068978215948959,
595,4,4,1,0.8333333333333334,0.6666666666666667,0.5016654299022905,
599,4,4,0,0.0,1.0,0.2685476304691981,
603,4,4,1,0.5,0.0,0.44078862223191295,
607,4,4,0,0.0,1.0,0.4751007843748689,
611,4,4,1,0.75,0.5,0.42294510007857367,
612,4,4,0,0.0,1.0,0.35440139730556275,
616,4,4,1,0.75,0.5,0.36116218595697147,
627,4,4,1,0.75,0.5,0.5787589841005243,
631,4,4,0,0.0,1.0,0.3761874652721414,
645,4,4,1,0.75,0.5,0.5286187138494493,
650,4,4,0,0.0,1.0,0.5345104318147471,
660,4,4,0,0.1666666666666666,0.6666666666666667,0.43458452093464073,
665,4,4,0,0.1666666666666666,0.6666666666666667,0.4837428872973707,
668,4,4,0,0.1666666666666666,0.6666666666666667,0.6746416932183629,
671,4,4,0,0.3333333333333333,0.3333333333333333,0.4911202243417637,
677,4,4,1,0.6666666666666666,0.3333333333333332,0.4920144835758775,
678,4,4,0,0.3333333333333333,0.3333333333333333,0.29621857656457146,
684,4,4,0,0.0,1.0,0.4888714554918803,
687,4,4,0,0.3333333333333333,0.3333333333333333,0.36972531369805683,
688,4,4,0,0.1666666666666666,0.6666666666666667,0.33784309773026805,
691,4,4,0,0.1666666666666666,0.6666666666666667,0.5167061827944361,
696,4,4,0,0.1666666666666666,0.6666666666666667,0.39107472800936655,
700,4,4,1,0.5,0.0,0.49385019870829605,
706,4,4,1,0.6666666666666666,0.3333333333333332,0.6520471880039631,
711,4,4,1,0.6,0.1999999999999999,0.5007395457360173,
725,4,4,0,0.0,1.0,0.49096799541535485,
726,4,4,0,0.0,1.0,0.42641454779568394,
729,4,4,0,0.4,0.1999999999999999,0.583436036725985,
730,4,4,0,0.3333333333333333,0.3333333333333333,0.4910635897867603,
731,4,4,0,0.0,1.0,0.3735713763208206,
736,4,4,0,0.0,1.0,0.4280137009827059,
