patient_id,repeat,fold,y,y_soft,agreement,p,thr
5,0,0,0,0.2,0.6,0.16666666666666666,0.16666666666666666
18,0,0,1,0.6,0.1999999999999999,0.3333333333333333,0.16666666666666666
26,0,0,1,0.8,0.6000000000000001,0.5,0.16666666666666666
28,0,0,0,0.2,0.6,0.16666666666666666,0.16666666666666666
29,0,0,0,0.2,0.6,0.3333333333333333,0.16666666666666666
32,0,0,0,0.2,0.6,0.5,0.16666666666666666
40,0,0,0,0.2,0.6,0.5,0.16666666666666666
49,0,0,0,0.3333333333333333,0.3333333333333333,0.3333333333333333,0.16666666666666666
51,0,0,0,0.25,0.5,0.3333333333333333,0.16666666666666666
55,0,0,0,0.0,1.0,0.3333333333333333,0.16666666666666666
59,0,0,0,0.25,0.5,0.5,0.16666666666666666
63,0,0,0,0.0,1.0,0.16666666666666666,0.16666666666666666
64,0,0,0,0.3333333333333333,0.3333333333333333,0.3333333333333333,0.16666666666666666
67,0,0,0,0.0,1.0,0.5,0.16666666666666666
73,0,0,0,0.0,1.0,0.6666666666666666,0.16666666666666666
77,0,0,0,0.25,0.5,0.16666666666666666,0.16666666666666666
82,0,0,0,0.25,0.5,0.16666666666666666,0.16666666666666666
83,0,0,0,0.25,0.5,0.3333333333333333,0.16666666666666666
98,0,0,0,0.3333333333333333,0.3333333333333333,0.3333333333333333,0.16666666666666666
107,0,0,0,0.1111111111111111,0.7777777777777778,0.5,0.16666666666666666
109,0,0,0,0.1111111111111111,0.7777777777777778,0.3333333333333333,0.16666666666666666
112,0,0,0,0.125,0.75,0.16666666666666666,0.16666666666666666
113,0,0,0,0.1111111111111111,0.7777777777777778,0.5,0.16666666666666666
116,0,0,0,0.0,1.0,0.3333333333333333,0.16666666666666666
122,0,0,0,0.0,1.0,0.3333333333333333,0.16666666666666666
134,0,0,0,0.1111111111111111,0.7777777777777778,0.3333333333333333,0.16666666666666666
137,0,0,1,0.6666666666666666,0.3333333333333332,0.3333333333333333,0.16666666666666666
138,0,0,1,0.5555555555555556,0.1111111111111111,0.16666666666666666,0.16666666666666666
139,0,0,0,0.0,1.0,0.0,0.16666666666666666
147,0,0,0,0.0,1.0,0.5,0.16666666666666666
151,0,0,0,0.0,1.0,0.0,0.16666666666666666
153,0,0,0,0.0,1.0,0.6666666666666666,0.16666666666666666
160,0,0,0,0.1666666666666666,0.6666666666666667,0.3333333333333333,0.16666666666666666
161,0,0,0,0.0,1.0,0.3333333333333333,0.16666666666666666
177,0,0,0,0.0,1.0,0.16666666666666666,0.16666666666666666
183,0,0,0,0.0,1.0,0.3333333333333333,0.16666666666666666
199,0,0,0,0.25,0.5,0.3333333333333333,0.16666666666666666
210,0,0,0,0.4,0.1999999999999999,0.3333333333333333,0.16666666666666666
211,0,0,1,0.6,0.1999999999999999,0.3333333333333333,0.16666666666666666
213,0,0,0,0.4,0.1999999999999999,0.16666666666666666,0.16666666666666666
230,0,0,0,0.2,0.6,0.5,0.16666666666666666
232,0,0,0,0.25,0.5,0.3333333333333333,0.16666666666666666
233,0,0,0,0.0,1.0,0.5,0.16666666666666666
240,0,0,0,0.2,0.6,0.5,0.16666666666666666
244,0,0,1,0.6,0.1999999999999999,0.3333333333333333,0.16666666666666666
248,0,0,0,0.4,0.1999999999999999,0.5,0.16666666666666666
253,0,0,0,0.0,1.0,0.5,0.16666666666666666
259,0,0,0,0.0,1.0,0.3333333333333333,0.16666666666666666
282,0,0,0,0.25,0.5,0.3333333333333333,0.16666666666666666
285,0,0,0,0.4,0.1999999999999999,0.5,0.16666666666666666
287,0,0,0,0.25,0.5,0.3333333333333333,0.16666666666666666
294,0,0,0,0.0,1.0,0.3333333333333333,0.16666666666666666
300,0,0,0,0.0,1.0,0.3333333333333333,0.16666666666666666
307,0,0,0,0.4,0.1999999999999999,0.0,0.16666666666666666
310,0,0,0,0.2,0.6,0.5,0.16666666666666666
315,0,0,1,0.8,0.6000000000000001,0.3333333333333333,0.16666666666666666
316,0,0,0,0.4,0.1999999999999999,0.5,0.16666666666666666
319,0,0,0,0.2,0.6,0.5,0.16666666666666666
329,0,0,0,0.0,1.0,0.5,0.16666666666666666
330,0,0,0,0.4,0.1999999999999999,0.3333333333333333,0.16666666666666666
338,0,0,0,0.4,0.1999999999999999,0.5,0.16666666666666666
339,0,0,0,0.0,1.0,0.16666666666666666,0.16666666666666666
342,0,0,0,0.2,0.6,0.16666666666666666,0.16666666666666666
345,0,0,0,0.0,1.0,0.5,0.16666666666666666
358,0,0,0,0.25,0.5,0.3333333333333333,0.16666666666666666
362,0,0,1,0.75,0.5,0.6666666666666666,0.16666666666666666
372,0,0,0,0.25,0.5,0.16666666666666666,0.16666666666666666
377,0,0,0,0.25,0.5,0.16666666666666666,0.16666666666666666
379,0,0,1,0.75,0.5,0.16666666666666666,0.16666666666666666
386,0,0,0,0.25,0.5,0.3333333333333333,0.16666666666666666
404,0,0,1,0.6,0.1999999999999999,0.3333333333333333,0.16666666666666666
409,0,0,0,0.4,0.1999999999999999,0.16666666666666666,0.16666666666666666
411,0,0,0,0.2,0.6,0.16666666666666666,0.16666666666666666
412,0,0,1,1.0,1.0,0.0,0.16666666666666666
414,0,0,1,0.6,0.1999999999999999,0.16666666666666666,0.16666666666666666
418,0,0,0,0.0,1.0,0.5,0.16666666666666666
426,0,0,1,0.8,0.6000000000000001,0.5,0.16666666666666666
428,0,0,1,0.6,0.1999999999999999,0.3333333333333333,0.16666666666666666
433,0,0,0,0.0,1.0,0.3333333333333333,0.16666666666666666
438,0,0,0,0.1666666666666666,0.6666666666666667,0.3333333333333333,0.16666666666666666
443,0,0,0,0.0,1.0,0.6666666666666666,0.16666666666666666
444,0,0,0,0.2,0.6,0.6666666666666666,0.16666666666666666
445,0,0,0,0.0,1.0,0.3333333333333333,0.16666666666666666
452,0,0,0,0.25,0.5,0.5,0.16666666666666666
463,0,0,0,0.25,0.5,0.16666666666666666,0.16666666666666666
467,0,0,1,1.0,1.0,0.16666666666666666,0.16666666666666666
469,0,0,1,0.75,0.5,0.0,0.16666666666666666
475,0,0,0,0.25,0.5,0.3333333333333333,0.16666666666666666
476,0,0,0,0.0,1.0,0.3333333333333333,0.16666666666666666
486,0,0,0,0.25,0.5,0.5,0.16666666666666666
487,0,0,0,0.2,0.6,0.3333333333333333,0.16666666666666666
490,0,0,0,0.25,0.5,0.5,0.16666666666666666
492,0,0,0,0.3333333333333333,0.3333333333333333,0.16666666666666666,0.16666666666666666
493,0,0,0,0.0,1.0,0.16666666666666666,0.16666666666666666
497,0,0,0,0.0,1.0,0.6666666666666666,0.16666666666666666
518,0,0,0,0.25,0.5,0.6666666666666666,0.16666666666666666
527,0,0,0,0.25,0.5,0.3333333333333333,0.16666666666666666
528,0,0,0,0.0,1.0,0.5,0.16666666666666666
536,0,0,0,0.3333333333333333,0.3333333333333333,0.3333333333333333,0.16666666666666666
545,0,0,0,0.25,0.5,0.3333333333333333,0.16666666666666666
549,0,0,0,0.0,1.0,0.5,0.16666666666666666
563,0,0,0,0.0,1.0,0.16666666666666666,0.16666666666666666
565,0,0,0,0.3333333333333333,0.3333333333333333,0.3333333333333333,0.16666666666666666
569,0,0,0,0.1666666666666666,0.6666666666666667,0.16666666666666666,0.16666666666666666
581,0,0,0,0.3333333333333333,0.3333333333333333,0.3333333333333333,0.16666666666666666
584,0,0,1,0.6666666666666666,0.3333333333333332,0.5,0.16666666666666666
592,0,0,1,0.6,0.1999999999999999,0.16666666666666666,0.16666666666666666
601,0,0,0,0.0,1.0,0.5,0.16666666666666666
610,0,0,0,0.25,0.5,0.3333333333333333,0.16666666666666666
619,0,0,0,0.25,0.5,0.0,0.16666666666666666
645,0,0,1,0.75,0.5,0.3333333333333333,0.16666666666666666
654,0,0,0,0.1666666666666666,0.6666666666666667,0.3333333333333333,0.16666666666666666
656,0,0,1,0.6666666666666666,0.3333333333333332,0.5,0.16666666666666666
659,0,0,1,0.6666666666666666,0.3333333333333332,0.3333333333333333,0.16666666666666666
672,0,0,0,0.0,1.0,0.16666666666666666,0.16666666666666666
682,0,0,0,0.1666666666666666,0.6666666666666667,0.16666666666666666,0.16666666666666666
689,0,0,0,0.0,1.0,0.5,0.16666666666666666
690,0,0,0,0.0,1.0,0.16666666666666666,0.16666666666666666
695,0,0,0,0.3333333333333333,0.3333333333333333,0.0,0.16666666666666666
699,0,0,0,0.1666666666666666,0.6666666666666667,0.16666666666666666,0.16666666666666666
701,0,0,0,0.1666666666666666,0.6666666666666667,0.0,0.16666666666666666
702,0,0,0,0.1666666666666666,0.6666666666666667,0.0,0.16666666666666666
706,0,0,1,0.6666666666666666,0.3333333333333332,0.3333333333333333,0.16666666666666666
712,0,0,0,0.1666666666666666,0.6666666666666667,0.3333333333333333,0.16666666666666666
714,0,0,0,0.3333333333333333,0.3333333333333333,0.3333333333333333,0.16666666666666666
720,0,0,0,0.0,1.0,0.5,0.16666666666666666
735,0,0,0,0.0,1.0,0.3333333333333333,0.16666666666666666
2,0,1,0,0.4,0.1999999999999999,0.3333333333333333,0.16666666666666666
6,0,1,0,0.2,0.6,0.3333333333333333,0.16666666666666666
14,0,1,0,0.2,0.6,0.16666666666666666,0.16666666666666666
30,0,1,0,0.2,0.6,0.3333333333333333,0.16666666666666666
34,0,1,0,0.1666666666666666,0.6666666666666667,0.3333333333333333,0.16666666666666666
38,0,1,0,0.0,1.0,0.3333333333333333,0.16666666666666666
39,0,1,0,0.0,1.0,0.3333333333333333,0.16666666666666666
56,0,1,0,0.25,0.5,0.16666666666666666,0.16666666666666666
61,0,1,0,0.2,0.6,0.5,0.16666666666666666
65,0,1,0,0.25,0.5,0.5,0.16666666666666666
66,0,1,0,0.0,1.0,0.5,0.16666666666666666
68,0,1,0,0.0,1.0,0.5,0.16666666666666666
69,0,1,0,0.0,1.0,0.3333333333333333,0.16666666666666666
74,0,1,0,0.0,1.0,0.3333333333333333,0.16666666666666666
78,0,1,0,0.0,1.0,0.16666666666666666,0.16666666666666666
85,0,1,0,0.25,0.5,0.3333333333333333,0.16666666666666666
87,0,1,0,0.0,1.0,0.16666666666666666,0.16666666666666666
93,0,1,0,0.0,1.0,0.16666666666666666,0.16666666666666666
94,0,1,0,0.25,0.5,0.5,0.16666666666666666
95,0,1,0,0.25,0.5,0.6666666666666666,0.16666666666666666
96,0,1,0,0.0,1.0,0.6666666666666666,0.16666666666666666
106,0,1,1,1.0,1.0,0.16666666666666666,0.16666666666666666
120,0,1,0,0.0,1.0,0.16666666666666666,0.16666666666666666
124,0,1,0,0.0,1.0,0.0,0.16666666666666666
127,0,1,1,0.6666666666666666,0.3333333333333332,0.16666666666666666,0.16666666666666666
131,0,1,0,0.0,1.0,0.5,0.16666666666666666
141,0,1,0,0.0,1.0,0.16666666666666666,0.16666666666666666
142,0,1,0,0.0,1.0,0.3333333333333333,0.16666666666666666
143,0,1,1,0.5555555555555556,0.1111111111111111,0.5,0.16666666666666666
148,0,1,0,0.1111111111111111,0.7777777777777778,0.3333333333333333,0.16666666666666666
149,0,1,0,0.3333333333333333,0.3333333333333333,0.3333333333333333,0.16666666666666666
150,0,1,0,0.0,1.0,0.3333333333333333,0.16666666666666666
152,0,1,0,0.0,1.0,0.5,0.16666666666666666
155,0,1,0,0.25,0.5,0.3333333333333333,0.16666666666666666
156,0,1,0,0.25,0.5,0.3333333333333333,0.16666666666666666
159,0,1,0,0.0,1.0,0.5,0.16666666666666666
163,0,1,0,0.25,0.5,0.0,0.16666666666666666
166,0,1,0,0.25,0.5,0.3333333333333333,0.16666666666666666
168,0,1,0,0.25,0.5,0.3333333333333333,0.16666666666666666
182,0,1,0,0.0,1.0,0.3333333333333333,0.16666666666666666
187,0,1,0,0.0,1.0,0.16666666666666666,0.16666666666666666
190,0,1,0,0.25,0.5,0.5,0.16666666666666666
200,0,1,0,0.2,0.6,0.16666666666666666,0.16666666666666666
202,0,1,1,0.6,0.1999999999999999,0.3333333333333333,0.16666666666666666
204,0,1,0,0.4,0.1999999999999999,0.3333333333333333,0.16666666666666666
208,0,1,0,0.0,1.0,0.3333333333333333,0.16666666666666666
209,0,1,0,0.2,0.6,0.16666666666666666,0.16666666666666666
212,0,1,0,0.2,0.6,0.3333333333333333,0.16666666666666666
215,0,1,0,0.2,0.6,0.16666666666666666,0.16666666666666666
221,0,1,1,0.8,0.6000000000000001,0.16666666666666666,0.16666666666666666
224,0,1,0,0.4,0.1999999999999999,0.3333333333333333,0.16666666666666666
226,0,1,0,0.0,1.0,0.16666666666666666,0.16666666666666666
242,0,1,1,0.6,0.1999999999999999,0.3333333333333333,0.16666666666666666
243,0,1,0,0.0,1.0,0.3333333333333333,0.16666666666666666
247,0,1,0,0.2,0.6,0.5,0.16666666666666666
250,0,1,0,0.4,0.1999999999999999,0.5,0.16666666666666666
260,0,1,0,0.25,0.5,0.3333333333333333,0.16666666666666666
267,0,1,0,0.0,1.0,0.3333333333333333,0.16666666666666666
279,0,1,0,0.2,0.6,0.3333333333333333,0.16666666666666666
281,0,1,0,0.0,1.0,0.16666666666666666,0.16666666666666666
304,0,1,1,0.8,0.6000000000000001,0.3333333333333333,0.16666666666666666
308,0,1,0,0.4,0.1999999999999999,0.3333333333333333,0.16666666666666666
309,0,1,1,0.8,0.6000000000000001,0.3333333333333333,0.16666666666666666
317,0,1,0,0.4,0.1999999999999999,0.3333333333333333,0.16666666666666666
326,0,1,0,0.0,1.0,0.5,0.16666666666666666
328,0,1,1,0.6,0.1999999999999999,0.3333333333333333,0.16666666666666666
331,0,1,0,0.0,1.0,0.5,0.16666666666666666
333,0,1,0,0.0,1.0,0.16666666666666666,0.16666666666666666
336,0,1,0,0.4,0.1999999999999999,0.3333333333333333,0.16666666666666666
340,0,1,1,0.6,0.1999999999999999,0.5,0.16666666666666666
360,0,1,0,0.25,0.5,0.5,0.16666666666666666
366,0,1,0,0.0,1.0,0.16666666666666666,0.16666666666666666
367,0,1,0,0.25,0.5,0.6666666666666666,0.16666666666666666
371,0,1,0,0.25,0.5,0.16666666666666666,0.16666666666666666
393,0,1,0,0.25,0.5,0.6666666666666666,0.16666666666666666
396,0,1,1,0.75,0.5,0.5,0.16666666666666666
397,0,1,1,0.75,0.5,0.16666666666666666,0.16666666666666666
399,0,1,0,0.25,0.5,0.5,0.16666666666666666
401,0,1,0,0.2,0.6,0.5,0.16666666666666666
408,0,1,0,0.4,0.1999999999999999,0.3333333333333333,0.16666666666666666
415,0,1,0,0.0,1.0,0.16666666666666666,0.16666666666666666
422,0,1,1,0.6,0.1999999999999999,0.16666666666666666,0.16666666666666666
423,0,1,0,0.0,1.0,0.16666666666666666,0.16666666666666666
434,0,1,0,0.0,1.0,0.5,0.16666666666666666
436,0,1,0,0.4,0.1999999999999999,0.5,0.16666666666666666
440,0,1,0,0.0,1.0,0.6666666666666666,0.16666666666666666
458,0,1,0,0.0,1.0,0.3333333333333333,0.16666666666666666
464,0,1,0,0.0,1.0,0.3333333333333333,0.16666666666666666
474,0,1,0,0.0,1.0,0.3333333333333333,0.16666666666666666
482,0,1,0,0.0,1.0,0.3333333333333333,0.16666666666666666
494,0,1,1,0.8,0.6000000000000001,0.16666666666666666,0.16666666666666666
496,0,1,1,0.75,0.5,0.3333333333333333,0.16666666666666666
498,0,1,0,0.0,1.0,0.16666666666666666,0.16666666666666666
500,0,1,0,0.25,0.5,0.5,0.16666666666666666
503,0,1,0,0.0,1.0,0.6666666666666666,0.16666666666666666
508,0,1,1,0.75,0.5,0.3333333333333333,0.16666666666666666
509,0,1,0,0.25,0.5,0.5,0.16666666666666666
514,0,1,1,0.75,0.5,0.3333333333333333,0.16666666666666666
516,0,1,0,0.0,1.0,0.5,0.16666666666666666
521,0,1,1,0.75,0.5,0.3333333333333333,0.16666666666666666
524,0,1,0,0.0,1.0,0.5,0.16666666666666666
533,0,1,0,0.0,1.0,0.3333333333333333,0.16666666666666666
539,0,1,0,0.25,0.5,0.3333333333333333,0.16666666666666666
550,0,1,0,0.0,1.0,0.3333333333333333,0.16666666666666666
551,0,1,1,0.6666666666666666,0.3333333333333332,0.5,0.16666666666666666
573,0,1,0,0.3333333333333333,0.3333333333333333,0.16666666666666666,0.16666666666666666
577,0,1,0,0.1666666666666666,0.6666666666666667,0.16666666666666666,0.16666666666666666
580,0,1,0,0.3333333333333333,0.3333333333333333,0.16666666666666666,0.16666666666666666
587,0,1,1,0.8333333333333334,0.6666666666666667,0.16666666666666666,0.16666666666666666
600,0,1,0,0.1666666666666666,0.6666666666666667,0.16666666666666666,0.16666666666666666
604,0,1,1,0.75,0.5,0.16666666666666666,0.16666666666666666
606,0,1,0,0.25,0.5,0.16666666666666666,0.16666666666666666
612,0,1,0,0.0,1.0,0.3333333333333333,0.16666666666666666
625,0,1,0,0.0,1.0,0.3333333333333333,0.16666666666666666
639,0,1,0,0.0,1.0,0.3333333333333333,0.16666666666666666
661,0,1,1,0.8333333333333334,0.6666666666666667,0.16666666666666666,0.16666666666666666
663,0,1,0,0.3333333333333333,0.3333333333333333,0.3333333333333333,0.16666666666666666
667,0,1,0,0.3333333333333333,0.3333333333333333,0.3333333333333333,0.16666666666666666
674,0,1,0,0.3333333333333333,0.3333333333333333,0.5,0.16666666666666666
675,0,1,0,0.3333333333333333,0.3333333333333333,0.5,0.16666666666666666
685,0,1,0,0.0,1.0,0.3333333333333333,0.16666666666666666
730,0,1,0,0.3333333333333333,0.3333333333333333,0.5,0.16666666666666666
731,0,1,0,0.0,1.0,0.5,0.16666666666666666
733,0,1,0,0.1666666666666666,0.6666666666666667,0.3333333333333333,0.16666666666666666
737,0,1,0,0.1666666666666666,0.6666666666666667,0.3333333333333333,0.16666666666666666
738,0,1,0,0.3333333333333333,0.3333333333333333,0.16666666666666666,0.16666666666666666
741,0,1,0,0.2,0.6,0.16666666666666666,0.16666666666666666
11,0,2,1,0.6,0.1999999999999999,0.5,0.16666666666666666
15,0,2,0,0.4,0.1999999999999999,0.3333333333333333,0.16666666666666666
21,0,2,0,0.2,0.6,0.16666666666666666,0.16666666666666666
24,0,2,0,0.0,1.0,0.3333333333333333,0.16666666666666666
25,0,2,0,0.2,0.6,0.3333333333333333,0.16666666666666666
27,0,2,0,0.2,0.6,0.5,0.16666666666666666
31,0,2,0,0.1666666666666666,0.6666666666666667,0.3333333333333333,0.16666666666666666
45,0,2,0,0.0,1.0,0.5,0.16666666666666666
47,0,2,0,0.25,0.5,0.3333333333333333,0.16666666666666666
48,0,2,1,0.6,0.1999999999999999,0.6666666666666666,0.16666666666666666
50,0,2,1,0.8,0.6000000000000001,0.16666666666666666,0.16666666666666666
52,0,2,0,0.25,0.5,0.5,0.16666666666666666
53,0,2,0,0.1666666666666666,0.6666666666666667,0.6666666666666666,0.16666666666666666
58,0,2,0,0.25,0.5,0.3333333333333333,0.16666666666666666
72,0,2,0,0.25,0.5,0.5,0.16666666666666666
80,0,2,0,0.0,1.0,0.5,0.16666666666666666
81,0,2,0,0.0,1.0,0.3333333333333333,0.16666666666666666
84,0,2,0,0.3333333333333333,0.3333333333333333,0.5,0.16666666666666666
91,0,2,0,0.25,0.5,0.3333333333333333,0.16666666666666666
92,0,2,0,0.0,1.0,0.3333333333333333,0.16666666666666666
101,0,2,0,0.3333333333333333,0.3333333333333333,0.3333333333333333,0.16666666666666666
102,0,2,0,0.0,1.0,0.6666666666666666,0.16666666666666666
110,0,2,0,0.0,1.0,0.5,0.16666666666666666
118,0,2,0,0.0,1.0,0.16666666666666666,0.16666666666666666
121,0,2,0,0.1111111111111111,0.7777777777777778,0.6666666666666666,0.16666666666666666
125,0,2,0,0.125,0.75,0.3333333333333333,0.16666666666666666
126,0,2,0,0.2222222222222222,0.5555555555555556,0.16666666666666666,0.16666666666666666
128,0,2,0,0.1111111111111111,0.7777777777777778,0.5,0.16666666666666666
130,0,2,0,0.1111111111111111,0.7777777777777778,0.3333333333333333,0.16666666666666666
133,0,2,1,0.8888888888888888,0.7777777777777777,0.0,0.16666666666666666
140,0,2,0,0.2222222222222222,0.5555555555555556,0.16666666666666666,0.16666666666666666
145,0,2,0,0.4444444444444444,0.1111111111111111,0.16666666666666666,0.16666666666666666
154,0,2,0,0.25,0.5,0.6666666666666666,0.16666666666666666
157,0,2,0,0.25,0.5,0.16666666666666666,0.16666666666666666
158,0,2,0,0.0,1.0,0.3333333333333333,0.16666666666666666
167,0,2,0,0.0,1.0,0.5,0.16666666666666666
172,0,2,0,0.0,1.0,0.3333333333333333,0.16666666666666666
173,0,2,0,0.25,0.5,0.3333333333333333,0.16666666666666666
176,0,2,0,0.0,1.0,0.16666666666666666,0.16666666666666666
194,0,2,0,0.0,1.0,0.5,0.16666666666666666
197,0,2,0,0.0,1.0,0.0,0.16666666666666666
201,0,2,0,0.25,0.5,0.16666666666666666,0.16666666666666666
217,0,2,0,0.0,1.0,0.6666666666666666,0.16666666666666666
219,0,2,0,0.0,1.0,0.3333333333333333,0.16666666666666666
229,0,2,0,0.0,1.0,0.3333333333333333,0.16666666666666666
234,0,2,0,0.25,0.5,0.16666666666666666,0.16666666666666666
235,0,2,0,0.0,1.0,0.5,0.16666666666666666
237,0,2,0,0.4,0.1999999999999999,0.5,0.16666666666666666
239,0,2,1,0.6,0.1999999999999999,0.5,0.16666666666666666
246,0,2,0,0.4,0.1999999999999999,0.5,0.16666666666666666
252,0,2,0,0.0,1.0,0.3333333333333333,0.16666666666666666
255,0,2,0,0.25,0.5,0.16666666666666666,0.16666666666666666
270,0,2,0,0.0,1.0,0.3333333333333333,0.16666666666666666
280,0,2,0,0.25,0.5,0.16666666666666666,0.16666666666666666
286,0,2,0,0.2,0.6,0.3333333333333333,0.16666666666666666
299,0,2,1,0.8,0.6000000000000001,0.5,0.16666666666666666
312,0,2,0,0.0,1.0,0.5,0.16666666666666666
318,0,2,0,0.4,0.1999999999999999,0.3333333333333333,0.16666666666666666
321,0,2,1,0.6,0.1999999999999999,0.16666666666666666,0.16666666666666666
324,0,2,0,0.2,0.6,0.16666666666666666,0.16666666666666666
334,0,2,0,0.4,0.1999999999999999,0.3333333333333333,0.16666666666666666
343,0,2,1,0.8,0.6000000000000001,0.5,0.16666666666666666
344,0,2,0,0.2,0.6,0.3333333333333333,0.16666666666666666
346,0,2,1,0.6,0.1999999999999999,0.5,0.16666666666666666
353,0,2,0,0.0,1.0,0.16666666666666666,0.16666666666666666
354,0,2,0,0.25,0.5,0.16666666666666666,0.16666666666666666
365,0,2,0,0.25,0.5,0.5,0.16666666666666666
384,0,2,0,0.25,0.5,0.3333333333333333,0.16666666666666666
406,0,2,1,0.6,0.1999999999999999,0.16666666666666666,0.16666666666666666
407,0,2,0,0.2,0.6,0.0,0.16666666666666666
420,0,2,0,0.0,1.0,0.3333333333333333,0.16666666666666666
424,0,2,1,0.6,0.1999999999999999,0.3333333333333333,0.16666666666666666
425,0,2,0,0.0,1.0,0.3333333333333333,0.16666666666666666
427,0,2,1,0.6,0.1999999999999999,0.16666666666666666,0.16666666666666666
430,0,2,1,0.6,0.1999999999999999,0.0,0.16666666666666666
431,0,2,0,0.4,0.1999999999999999,0.3333333333333333,0.16666666666666666
441,0,2,0,0.2,0.6,0.5,0.16666666666666666
447,0,2,0,0.0,1.0,0.16666666666666666,0.16666666666666666
450,0,2,0,0.2,0.6,0.5,0.16666666666666666
459,0,2,0,0.25,0.5,0.3333333333333333,0.16666666666666666
472,0,2,0,0.25,0.5,0.5,0.16666666666666666
473,0,2,0,0.25,0.5,0.5,0.16666666666666666
477,0,2,0,0.0,1.0,0.3333333333333333,0.16666666666666666
483,0,2,0,0.25,0.5,0.3333333333333333,0.16666666666666666
489,0,2,0,0.0,1.0,0.3333333333333333,0.16666666666666666
495,0,2,0,0.0,1.0,0.5,0.16666666666666666
504,0,2,1,0.75,0.5,0.6666666666666666,0.16666666666666666
507,0,2,1,1.0,1.0,0.3333333333333333,0.16666666666666666
517,0,2,0,0.25,0.5,0.5,0.16666666666666666
519,0,2,0,0.0,1.0,0.3333333333333333,0.16666666666666666
526,0,2,0,0.0,1.0,0.3333333333333333,0.16666666666666666
534,0,2,1,0.75,0.5,0.5,0.16666666666666666
535,0,2,0,0.25,0.5,0.5,0.16666666666666666
537,0,2,0,0.25,0.5,0.3333333333333333,0.16666666666666666
556,0,2,0,0.1666666666666666,0.6666666666666667,0.16666666666666666,0.16666666666666666
586,0,2,1,0.6666666666666666,0.3333333333333332,0.16666666666666666,0.16666666666666666
589,0,2,0,0.3333333333333333,0.3333333333333333,0.0,0.16666666666666666
594,0,2,0,0.0,1.0,0.3333333333333333,0.16666666666666666
608,0,2,0,0.0,1.0,0.0,0.16666666666666666
616,0,2,1,0.75,0.5,0.3333333333333333,0.16666666666666666
622,0,2,1,0.75,0.5,0.3333333333333333,0.16666666666666666
624,0,2,0,0.25,0.5,0.16666666666666666,0.16666666666666666
627,0,2,1,0.75,0.5,0.3333333333333333,0.16666666666666666
634,0,2,0,0.25,0.5,0.0,0.16666666666666666
651,0,2,0,0.3333333333333333,0.3333333333333333,0.3333333333333333,0.16666666666666666
652,0,2,0,0.0,1.0,0.3333333333333333,0.16666666666666666
658,0,2,0,0.1666666666666666,0.6666666666666667,0.3333333333333333,0.16666666666666666
660,0,2,0,0.1666666666666666,0.6666666666666667,0.5,0.16666666666666666
668,0,2,0,0.1666666666666666,0.6666666666666667,0.5,0.16666666666666666
673,0,2,0,0.3333333333333333,0.3333333333333333,0.3333333333333333,0.16666666666666666
676,0,2,0,0.1666666666666666,0.6666666666666667,0.3333333333333333,0.16666666666666666
677,0,2,1,0.6666666666666666,0.3333333333333332,0.3333333333333333,0.16666666666666666
678,0,2,0,0.3333333333333333,0.3333333333333333,0.5,0.16666666666666666
681,0,2,0,0.1666666666666666,0.6666666666666667,0.0,0.16666666666666666
691,0,2,0,0.1666666666666666,0.6666666666666667,0.0,0.16666666666666666
692,0,2,0,0.0,1.0,0.16666666666666666,0.16666666666666666
696,0,2,0,0.1666666666666666,0.6666666666666667,0.0,0.16666666666666666
703,0,2,0,0.0,1.0,0.5,0.16666666666666666
704,0,2,0,0.3333333333333333,0.3333333333333333,0.3333333333333333,0.16666666666666666
709,0,2,0,0.3333333333333333,0.3333333333333333,0.0,0.16666666666666666
710,0,2,0,0.0,1.0,0.16666666666666666,0.16666666666666666
721,0,2,0,0.3333333333333333,0.3333333333333333,0.3333333333333333,0.16666666666666666
723,0,2,0,0.1666666666666666,0.6666666666666667,0.3333333333333333,0.16666666666666666
727,0,2,0,0.4,0.1999999999999999,0.5,0.16666666666666666
728,0,2,0,0.2,0.6,0.5,0.16666666666666666
729,0,2,0,0.4,0.1999999999999999,0.3333333333333333,0.16666666666666666
736,0,2,0,0.0,1.0,0.3333333333333333,0.16666666666666666
1,0,3,0,0.3333333333333333,0.3333333333333333,0.16666666666666666,0.16666666666666666
3,0,3,0,0.0,1.0,0.3333333333333333,0.16666666666666666
7,0,3,1,0.6,0.1999999999999999,0.3333333333333333,0.16666666666666666
8,0,3,0,0.0,1.0,0.5,0.16666666666666666
9,0,3,0,0.0,1.0,0.5,0.16666666666666666
12,0,3,0,0.4,0.1999999999999999,0.5,0.16666666666666666
13,0,3,0,0.2,0.6,0.3333333333333333,0.16666666666666666
17,0,3,0,0.4,0.1999999999999999,0.16666666666666666,0.16666666666666666
37,0,3,0,0.2,0.6,0.3333333333333333,0.16666666666666666
42,0,3,0,0.0,1.0,0.3333333333333333,0.16666666666666666
43,0,3,0,0.2,0.6,0.3333333333333333,0.16666666666666666
54,0,3,0,0.25,0.5,0.5,0.16666666666666666
76,0,3,0,0.25,0.5,0.0,0.16666666666666666
79,0,3,0,0.25,0.5,0.16666666666666666,0.16666666666666666
86,0,3,0,0.0,1.0,0.5,0.16666666666666666
97,0,3,0,0.25,0.5,0.3333333333333333,0.16666666666666666
100,0,3,0,0.25,0.5,0.3333333333333333,0.16666666666666666
103,0,3,0,0.1111111111111111,0.7777777777777778,0.5,0.16666666666666666
108,0,3,0,0.25,0.5,0.3333333333333333,0.16666666666666666
115,0,3,0,0.0,1.0,0.5,0.16666666666666666
119,0,3,0,0.1111111111111111,0.7777777777777778,0.5,0.16666666666666666
123,0,3,0,0.0,1.0,0.5,0.16666666666666666
129,0,3,0,0.2,0.6,0.16666666666666666,0.16666666666666666
132,0,3,0,0.2222222222222222,0.5555555555555556,0.3333333333333333,0.16666666666666666
144,0,3,0,0.0,1.0,0.6666666666666666,0.16666666666666666
146,0,3,1,0.8888888888888888,0.7777777777777777,0.16666666666666666,0.16666666666666666
179,0,3,0,0.25,0.5,0.16666666666666666,0.16666666666666666
180,0,3,0,0.0,1.0,0.16666666666666666,0.16666666666666666
184,0,3,0,0.0,1.0,0.6666666666666666,0.16666666666666666
185,0,3,0,0.25,0.5,0.6666666666666666,0.16666666666666666
188,0,3,0,0.0,1.0,0.3333333333333333,0.16666666666666666
195,0,3,0,0.0,1.0,0.3333333333333333,0.16666666666666666
198,0,3,0,0.0,1.0,0.16666666666666666,0.16666666666666666
203,0,3,0,0.2,0.6,0.5,0.16666666666666666
205,0,3,0,0.2,0.6,0.16666666666666666,0.16666666666666666
216,0,3,0,0.0,1.0,0.5,0.16666666666666666
220,0,3,0,0.4,0.1999999999999999,0.3333333333333333,0.16666666666666666
222,0,3,0,0.2,0.6,0.3333333333333333,0.16666666666666666
225,0,3,0,0.2,0.6,0.0,0.16666666666666666
228,0,3,0,0.2,0.6,0.3333333333333333,0.16666666666666666
236,0,3,0,0.0,1.0,0.16666666666666666,0.16666666666666666
238,0,3,0,0.25,0.5,0.16666666666666666,0.16666666666666666
241,0,3,1,0.6,0.1999999999999999,0.16666666666666666,0.16666666666666666
249,0,3,1,0.6,0.1999999999999999,0.16666666666666666,0.16666666666666666
251,0,3,0,0.25,0.5,0.16666666666666666,0.16666666666666666
258,0,3,0,0.0,1.0,0.3333333333333333,0.16666666666666666
271,0,3,0,0.0,1.0,0.16666666666666666,0.16666666666666666
278,0,3,0,0.25,0.5,0.3333333333333333,0.16666666666666666
283,0,3,0,0.25,0.5,0.3333333333333333,0.16666666666666666
290,0,3,0,0.0,1.0,0.16666666666666666,0.16666666666666666
296,0,3,0,0.0,1.0,0.3333333333333333,0.16666666666666666
302,0,3,0,0.0,1.0,0.3333333333333333,0.16666666666666666
303,0,3,0,0.0,1.0,0.3333333333333333,0.16666666666666666
306,0,3,0,0.0,1.0,0.16666666666666666,0.16666666666666666
311,0,3,0,0.4,0.1999999999999999,0.0,0.16666666666666666
313,0,3,0,0.0,1.0,0.5,0.16666666666666666
320,0,3,0,0.0,1.0,0.3333333333333333,0.16666666666666666
322,0,3,1,0.6,0.1999999999999999,0.16666666666666666,0.16666666666666666
347,0,3,0,0.4,0.1999999999999999,0.3333333333333333,0.16666666666666666
348,0,3,0,0.4,0.1999999999999999,0.3333333333333333,0.16666666666666666
351,0,3,0,0.0,1.0,0.3333333333333333,0.16666666666666666
352,0,3,0,0.25,0.5,0.16666666666666666,0.16666666666666666
356,0,3,0,0.25,0.5,0.3333333333333333,0.16666666666666666
359,0,3,0,0.25,0.5,0.6666666666666666,0.16666666666666666
361,0,3,0,0.0,1.0,0.3333333333333333,0.16666666666666666
369,0,3,0,0.0,1.0,0.5,0.16666666666666666
370,0,3,0,0.0,1.0,0.3333333333333333,0.16666666666666666
373,0,3,0,0.0,1.0,0.3333333333333333,0.16666666666666666
380,0,3,1,0.75,0.5,0.3333333333333333,0.16666666666666666
387,0,3,0,0.0,1.0,0.5,0.16666666666666666
402,0,3,1,0.6,0.1999999999999999,0.3333333333333333,0.16666666666666666
403,0,3,0,0.0,1.0,0.3333333333333333,0.16666666666666666
405,0,3,0,0.0,1.0,0.3333333333333333,0.16666666666666666
416,0,3,0,0.0,1.0,0.16666666666666666,0.16666666666666666
419,0,3,0,0.4,0.1999999999999999,0.16666666666666666,0.16666666666666666
421,0,3,0,0.2,0.6,0.16666666666666666,0.16666666666666666
432,0,3,0,0.2,0.6,0.5,0.16666666666666666
439,0,3,0,0.2,0.6,0.5,0.16666666666666666
442,0,3,1,0.8,0.6000000000000001,0.5,0.16666666666666666
455,0,3,0,0.0,1.0,0.3333333333333333,0.16666666666666666
468,0,3,0,0.25,0.5,0.16666666666666666,0.16666666666666666
471,0,3,0,0.0,1.0,0.16666666666666666,0.16666666666666666
478,0,3,0,0.0,1.0,0.5,0.16666666666666666
481,0,3,0,0.0,1.0,0.5,0.16666666666666666
501,0,3,0,0.25,0.5,0.5,0.16666666666666666
515,0,3,0,0.25,0.5,0.6666666666666666,0.16666666666666666
525,0,3,0,0.2,0.6,0.16666666666666666,0.16666666666666666
531,0,3,1,0.75,0.5,0.5,0.16666666666666666
540,0,3,0,0.25,0.5,0.16666666666666666,0.16666666666666666
542,0,3,0,0.25,0.5,0.5,0.16666666666666666
552,0,3,1,0.6666666666666666,0.3333333333333332,0.5,0.16666666666666666
555,0,3,0,0.3333333333333333,0.3333333333333333,0.3333333333333333,0.16666666666666666
557,0,3,0,0.3333333333333333,0.3333333333333333,0.5,0.16666666666666666
559,0,3,1,0.6666666666666666,0.3333333333333332,0.5,0.16666666666666666
566,0,3,0,0.1666666666666666,0.6666666666666667,0.3333333333333333,0.16666666666666666
567,0,3,0,0.3333333333333333,0.3333333333333333,0.3333333333333333,0.16666666666666666
568,0,3,1,1.0,1.0,0.3333333333333333,0.16666666666666666
579,0,3,0,0.3333333333333333,0.3333333333333333,0.16666666666666666,0.16666666666666666
588,0,3,0,0.1666666666666666,0.6666666666666667,0.16666666666666666,0.16666666666666666
590,0,3,0,0.3333333333333333,0.3333333333333333,0.16666666666666666,0.16666666666666666
595,0,3,1,0.8333333333333334,0.6666666666666667,0.16666666666666666,0.16666666666666666
597,0,3,0,0.0,1.0,0.5,0.16666666666666666
598,0,3,0,0.3333333333333333,0.3333333333333333,0.16666666666666666,0.16666666666666666
599,0,3,0,0.0,1.0,0.16666666666666666,0.16666666666666666
602,0,3,0,0.25,0.5,0.0,0.16666666666666666
614,0,3,1,0.75,0.5,0.3333333333333333,0.16666666666666666
615,0,3,1,0.75,0.5,0.3333333333333333,0.16666666666666666
618,0,3,0,0.0,1.0,0.0,0.16666666666666666
620,0,3,1,0.75,0.5,0.16666666666666666,0.16666666666666666
628,0,3,0,0.0,1.0,0.16666666666666666,0.16666666666666666
636,0,3,0,0.0,1.0,0.16666666666666666,0.16666666666666666
638,0,3,0,0.25,0.5,0.16666666666666666,0.16666666666666666
640,0,3,1,0.75,0.5,0.3333333333333333,0.16666666666666666
641,0,3,0,0.0,1.0,0.3333333333333333,0.16666666666666666
644,0,3,0,0.25,0.5,0.5,0.16666666666666666
665,0,3,0,0.1666666666666666,0.6666666666666667,0.3333333333333333,0.16666666666666666
680,0,3,0,0.0,1.0,0.3333333333333333,0.16666666666666666
683,0,3,1,0.8333333333333334,0.6666666666666667,0.0,0.16666666666666666
684,0,3,0,0.0,1.0,0.16666666666666666,0.16666666666666666
686,0,3,0,0.0,1.0,0.0,0.16666666666666666
694,0,3,0,0.3333333333333333,0.3333333333333333,0.3333333333333333,0.16666666666666666
711,0,3,1,0.6,0.1999999999999999,0.16666666666666666,0.16666666666666666
713,0,3,1,0.6,0.1999999999999999,0.16666666666666666,0.16666666666666666
718,0,3,0,0.1666666666666666,0.6666666666666667,0.16666666666666666,0.16666666666666666
719,0,3,0,0.1666666666666666,0.6666666666666667,0.5,0.16666666666666666
725,0,3,0,0.0,1.0,0.3333333333333333,0.16666666666666666
732,0,3,0,0.0,1.0,0.5,0.16666666666666666
4,0,4,1,0.6,0.1999999999999999,0.5,0.0
10,0,4,0,0.0,1.0,0.3333333333333333,0.0
16,0,4,1,0.6,0.1999999999999999,0.16666666666666666,0.0
20,0,4,0,0.25,0.5,0.5,0.0
22,0,4,0,0.2,0.6,0.5,0.0
33,0,4,0,0.4,0.1999999999999999,0.16666666666666666,0.0
36,0,4,0,0.2,0.6,0.5,0.0
41,0,4,0,0.2,0.6,0.16666666666666666,0.0
44,0,4,0,0.0,1.0,0.3333333333333333,0.0
46,0,4,0,0.4,0.1999999999999999,0.5,0.0
57,0,4,1,1.0,1.0,0.3333333333333333,0.0
60,0,4,0,0.0,1.0,0.3333333333333333,0.0
62,0,4,0,0.25,0.5,0.3333333333333333,0.0
70,0,4,0,0.0,1.0,0.3333333333333333,0.0
71,0,4,0,0.0,1.0,0.3333333333333333,0.0
75,0,4,0,0.0,1.0,0.0,0.0
89,0,4,0,0.25,0.5,0.6666666666666666,0.0
99,0,4,0,0.0,1.0,0.5,0.0
104,0,4,0,0.1111111111111111,0.7777777777777778,0.6666666666666666,0.0
105,0,4,0,0.0,1.0,0.16666666666666666,0.0
111,0,4,0,0.1111111111111111,0.7777777777777778,0.3333333333333333,0.0
114,0,4,0,0.1111111111111111,0.7777777777777778,0.6666666666666666,0.0
117,0,4,0,0.25,0.5,0.5,0.0
135,0,4,0,0.1666666666666666,0.6666666666666667,0.3333333333333333,0.0
136,0,4,0,0.3333333333333333,0.3333333333333333,0.5,0.0
162,0,4,0,0.2,0.6,0.5,0.0
164,0,4,0,0.0,1.0,0.0,0.0
165,0,4,0,0.0,1.0,0.3333333333333333,0.0
169,0,4,0,0.0,1.0,0.5,0.0
170,0,4,0,0.1666666666666666,0.6666666666666667,0.5,0.0
171,0,4,0,0.25,0.5,0.16666666666666666,0.0
175,0,4,0,0.0,1.0,0.3333333333333333,0.0
178,0,4,0,0.0,1.0,0.16666666666666666,0.0
186,0,4,0,0.0,1.0,0.3333333333333333,0.0
191,0,4,0,0.0,1.0,0.5,0.0
192,0,4,0,0.0,1.0,0.3333333333333333,0.0
193,0,4,0,0.25,0.5,0.3333333333333333,0.0
207,0,4,0,0.2,0.6,0.3333333333333333,0.0
214,0,4,0,0.2,0.6,0.3333333333333333,0.0
223,0,4,0,0.2,0.6,0.3333333333333333,0.0
227,0,4,1,1.0,1.0,0.3333333333333333,0.0
245,0,4,0,0.0,1.0,0.3333333333333333,0.0
254,0,4,0,0.25,0.5,0.5,0.0
257,0,4,0,0.25,0.5,0.3333333333333333,0.0
261,0,4,0,0.25,0.5,0.16666666666666666,0.0
263,0,4,0,0.2,0.6,0.3333333333333333,0.0
264,0,4,0,0.25,0.5,0.16666666666666666,0.0
266,0,4,0,0.25,0.5,0.5,0.0
276,0,4,0,0.2,0.6,0.5,0.0
288,0,4,1,0.75,0.5,0.3333333333333333,0.0
291,0,4,0,0.0,1.0,0.3333333333333333,0.0
292,0,4,0,0.25,0.5,0.3333333333333333,0.0
295,0,4,0,0.0,1.0,0.3333333333333333,0.0
297,0,4,0,0.0,1.0,0.5,0.0
298,0,4,0,0.25,0.5,0.3333333333333333,0.0
314,0,4,0,0.0,1.0,0.3333333333333333,0.0
323,0,4,0,0.0,1.0,0.5,0.0
325,0,4,0,0.0,1.0,0.5,0.0
327,0,4,0,0.0,1.0,0.0,0.0
332,0,4,0,0.0,1.0,0.16666666666666666,0.0
337,0,4,0,0.0,1.0,0.3333333333333333,0.0
341,0,4,1,0.6,0.1999999999999999,0.16666666666666666,0.0
349,0,4,0,0.0,1.0,0.5,0.0
350,0,4,0,0.0,1.0,0.16666666666666666,0.0
355,0,4,0,0.25,0.5,0.3333333333333333,0.0
363,0,4,0,0.0,1.0,0.3333333333333333,0.0
381,0,4,1,0.75,0.5,0.3333333333333333,0.0
383,0,4,0,0.0,1.0,0.3333333333333333,0.0
389,0,4,0,0.25,0.5,0.3333333333333333,0.0
390,0,4,1,0.75,0.5,0.3333333333333333,0.0
391,0,4,0,0.0,1.0,0.5,0.0
398,0,4,0,0.25,0.5,0.3333333333333333,0.0
410,0,4,1,0.6,0.1999999999999999,0.3333333333333333,0.0
413,0,4,0,0.0,1.0,0.3333333333333333,0.0
417,0,4,0,0.2,0.6,0.16666666666666666,0.0
429,0,4,0,0.0,1.0,0.3333333333333333,0.0
435,0,4,0,0.4,0.1999999999999999,0.5,0.0
437,0,4,1,0.6,0.1999999999999999,0.3333333333333333,0.0
446,0,4,0,0.2,0.6,0.3333333333333333,0.0
448,0,4,0,0.0,1.0,0.5,0.0
449,0,4,0,0.4,0.1999999999999999,0.3333333333333333,0.0
451,0,4,0,0.25,0.5,0.16666666666666666,0.0
453,0,4,0,0.25,0.5,0.5,0.0
454,0,4,0,0.0,1.0,0.3333333333333333,0.0
460,0,4,0,0.0,1.0,0.5,0.0
470,0,4,0,0.0,1.0,0.16666666666666666,0.0
479,0,4,0,0.0,1.0,0.3333333333333333,0.0
484,0,4,0,0.25,0.5,0.16666666666666666,0.0
499,0,4,0,0.0,1.0,0.5,0.0
502,0,4,1,0.75,0.5,0.5,0.0
506,0,4,1,0.75,0.5,0.5,0.0
512,0,4,1,1.0,1.0,0.5,0.0
513,0,4,0,0.0,1.0,0.3333333333333333,0.0
522,0,4,0,0.25,0.5,0.16666666666666666,0.0
523,0,4,0,0.25,0.5,0.5,0.0
532,0,4,0,0.0,1.0,0.16666666666666666,0.0
538,0,4,0,0.0,1.0,0.3333333333333333,0.0
553,0,4,0,0.0,1.0,0.16666666666666666,0.0
560,0,4,0,0.1666666666666666,0.6666666666666667,0.5,0.0
562,0,4,0,0.3333333333333333,0.3333333333333333,0.5,0.0
570,0,4,1,0.6666666666666666,0.3333333333333332,0.16666666666666666,0.0
572,0,4,1,0.8333333333333334,0.6666666666666667,0.3333333333333333,0.0
574,0,4,0,0.3333333333333333,0.3333333333333333,0.3333333333333333,0.0
607,0,4,0,0.0,1.0,0.0,0.0
609,0,4,0,0.25,0.5,0.0,0.0
611,0,4,1,0.75,0.5,0.16666666666666666,0.0
613,0,4,0,0.0,1.0,0.3333333333333333,0.0
631,0,4,0,0.0,1.0,0.16666666666666666,0.0
642,0,4,1,0.75,0.5,0.5,0.0
646,0,4,0,0.0,1.0,0.3333333333333333,0.0
650,0,4,0,0.0,1.0,0.3333333333333333,0.0
655,0,4,1,0.6666666666666666,0.3333333333333332,0.3333333333333333,0.0
662,0,4,0,0.0,1.0,0.16666666666666666,0.0
664,0,4,1,0.6666666666666666,0.3333333333333332,0.3333333333333333,0.0
669,0,4,0,0.3333333333333333,0.3333333333333333,0.3333333333333333,0.0
671,0,4,0,0.3333333333333333,0.3333333333333333,0.5,0.0
679,0,4,0,0.4,0.1999999999999999,0.5,0.0
687,0,4,0,0.3333333333333333,0.3333333333333333,0.3333333333333333,0.0
688,0,4,0,0.1666666666666666,0.6666666666666667,0.0,0.0
708,0,4,0,0.0,1.0,0.16666666666666666,0.0
716,0,4,1,0.6666666666666666,0.3333333333333332,0.16666666666666666,0.0
722,0,4,0,0.2,0.6,0.3333333333333333,0.0
724,0,4,0,0.2,0.6,0.3333333333333333,0.0
726,0,4,0,0.0,1.0,0.16666666666666666,0.0
734,0,4,0,0.0,1.0,0.3333333333333333,0.0
739,0,4,0,0.3333333333333333,0.3333333333333333,0.5,0.0
740,0,4,0,0.1666666666666666,0.6666666666666667,0.16666666666666666,0.0
5,1,0,0,0.2,0.6,0.16666666666666666,0.16666666666666666
8,1,0,0,0.0,1.0,0.5,0.16666666666666666
10,1,0,0,0.0,1.0,0.3333333333333333,0.16666666666666666
12,1,0,0,0.4,0.1999999999999999,0.5,0.16666666666666666
17,1,0,0,0.4,0.1999999999999999,0.16666666666666666,0.16666666666666666
25,1,0,0,0.2,0.6,0.3333333333333333,0.16666666666666666
30,1,0,0,0.2,0.6,0.3333333333333333,0.16666666666666666
36,1,0,0,0.2,0.6,0.5,0.16666666666666666
46,1,0,0,0.4,0.1999999999999999,0.5,0.16666666666666666
56,1,0,0,0.25,0.5,0.16666666666666666,0.16666666666666666
63,1,0,0,0.0,1.0,0.16666666666666666,0.16666666666666666
66,1,0,0,0.0,1.0,0.5,0.16666666666666666
72,1,0,0,0.25,0.5,0.5,0.16666666666666666
81,1,0,0,0.0,1.0,0.3333333333333333,0.16666666666666666
82,1,0,0,0.25,0.5,0.16666666666666666,0.16666666666666666
91,1,0,0,0.25,0.5,0.3333333333333333,0.16666666666666666
93,1,0,0,0.0,1.0,0.16666666666666666,0.16666666666666666
99,1,0,0,0.0,1.0,0.5,0.16666666666666666
101,1,0,0,0.3333333333333333,0.3333333333333333,0.3333333333333333,0.16666666666666666
102,1,0,0,0.0,1.0,0.6666666666666666,0.16666666666666666
106,1,0,1,1.0,1.0,0.16666666666666666,0.16666666666666666
114,1,0,0,0.1111111111111111,0.7777777777777778,0.6666666666666666,0.16666666666666666
117,1,0,0,0.25,0.5,0.5,0.16666666666666666
118,1,0,0,0.0,1.0,0.16666666666666666,0.16666666666666666
122,1,0,0,0.0,1.0,0.3333333333333333,0.16666666666666666
128,1,0,0,0.1111111111111111,0.7777777777777778,0.5,0.16666666666666666
141,1,0,0,0.0,1.0,0.16666666666666666,0.16666666666666666
142,1,0,0,0.0,1.0,0.3333333333333333,0.16666666666666666
143,1,0,1,0.5555555555555556,0.1111111111111111,0.5,0.16666666666666666
145,1,0,0,0.4444444444444444,0.1111111111111111,0.16666666666666666,0.16666666666666666
149,1,0,0,0.3333333333333333,0.3333333333333333,0.3333333333333333,0.16666666666666666
150,1,0,0,0.0,1.0,0.3333333333333333,0.16666666666666666
159,1,0,0,0.0,1.0,0.5,0.16666666666666666
177,1,0,0,0.0,1.0,0.16666666666666666,0.16666666666666666
179,1,0,0,0.25,0.5,0.16666666666666666,0.16666666666666666
180,1,0,0,0.0,1.0,0.16666666666666666,0.16666666666666666
184,1,0,0,0.0,1.0,0.6666666666666666,0.16666666666666666
187,1,0,0,0.0,1.0,0.16666666666666666,0.16666666666666666
195,1,0,0,0.0,1.0,0.3333333333333333,0.16666666666666666
211,1,0,1,0.6,0.1999999999999999,0.3333333333333333,0.16666666666666666
216,1,0,0,0.0,1.0,0.5,0.16666666666666666
221,1,0,1,0.8,0.6000000000000001,0.16666666666666666,0.16666666666666666
226,1,0,0,0.0,1.0,0.16666666666666666,0.16666666666666666
232,1,0,0,0.25,0.5,0.3333333333333333,0.16666666666666666
235,1,0,0,0.0,1.0,0.5,0.16666666666666666
243,1,0,0,0.0,1.0,0.3333333333333333,0.16666666666666666
248,1,0,0,0.4,0.1999999999999999,0.5,0.16666666666666666
250,1,0,0,0.4,0.1999999999999999,0.5,0.16666666666666666
251,1,0,0,0.25,0.5,0.16666666666666666,0.16666666666666666
257,1,0,0,0.25,0.5,0.3333333333333333,0.16666666666666666
263,1,0,0,0.2,0.6,0.3333333333333333,0.16666666666666666
278,1,0,0,0.25,0.5,0.3333333333333333,0.16666666666666666
285,1,0,0,0.4,0.1999999999999999,0.5,0.16666666666666666
287,1,0,0,0.25,0.5,0.3333333333333333,0.16666666666666666
299,1,0,1,0.8,0.6000000000000001,0.5,0.16666666666666666
314,1,0,0,0.0,1.0,0.3333333333333333,0.16666666666666666
320,1,0,0,0.0,1.0,0.3333333333333333,0.16666666666666666
330,1,0,0,0.4,0.1999999999999999,0.3333333333333333,0.16666666666666666
333,1,0,0,0.0,1.0,0.16666666666666666,0.16666666666666666
334,1,0,0,0.4,0.1999999999999999,0.3333333333333333,0.16666666666666666
336,1,0,0,0.4,0.1999999999999999,0.3333333333333333,0.16666666666666666
339,1,0,0,0.0,1.0,0.16666666666666666,0.16666666666666666
341,1,0,1,0.6,0.1999999999999999,0.16666666666666666,0.16666666666666666
347,1,0,0,0.4,0.1999999999999999,0.3333333333333333,0.16666666666666666
350,1,0,0,0.0,1.0,0.16666666666666666,0.16666666666666666
359,1,0,0,0.25,0.5,0.6666666666666666,0.16666666666666666
362,1,0,1,0.75,0.5,0.6666666666666666,0.16666666666666666
369,1,0,0,0.0,1.0,0.5,0.16666666666666666
373,1,0,0,0.0,1.0,0.3333333333333333,0.16666666666666666
406,1,0,1,0.6,0.1999999999999999,0.16666666666666666,0.16666666666666666
419,1,0,0,0.4,0.1999999999999999,0.16666666666666666,0.16666666666666666
420,1,0,0,0.0,1.0,0.3333333333333333,0.16666666666666666
422,1,0,1,0.6,0.1999999999999999,0.16666666666666666,0.16666666666666666
423,1,0,0,0.0,1.0,0.16666666666666666,0.16666666666666666
425,1,0,0,0.0,1.0,0.3333333333333333,0.16666666666666666
427,1,0,1,0.6,0.1999999999999999,0.16666666666666666,0.16666666666666666
431,1,0,0,0.4,0.1999999999999999,0.3333333333333333,0.16666666666666666
432,1,0,0,0.2,0.6,0.5,0.16666666666666666
436,1,0,0,0.4,0.1999999999999999,0.5,0.16666666666666666
440,1,0,0,0.0,1.0,0.6666666666666666,0.16666666666666666
443,1,0,0,0.0,1.0,0.6666666666666666,0.16666666666666666
446,1,0,0,0.2,0.6,0.3333333333333333,0.16666666666666666
455,1,0,0,0.0,1.0,0.3333333333333333,0.16666666666666666
459,1,0,0,0.25,0.5,0.3333333333333333,0.16666666666666666
460,1,0,0,0.0,1.0,0.5,0.16666666666666666
467,1,0,1,1.0,1.0,0.16666666666666666,0.16666666666666666
469,1,0,1,0.75,0.5,0.0,0.16666666666666666
470,1,0,0,0.0,1.0,0.16666666666666666,0.16666666666666666
479,1,0,0,0.0,1.0,0.3333333333333333,0.16666666666666666
482,1,0,0,0.0,1.0,0.3333333333333333,0.16666666666666666
483,1,0,0,0.25,0.5,0.3333333333333333,0.16666666666666666
486,1,0,0,0.25,0.5,0.5,0.16666666666666666
495,1,0,0,0.0,1.0,0.5,0.16666666666666666
496,1,0,1,0.75,0.5,0.3333333333333333,0.16666666666666666
500,1,0,0,0.25,0.5,0.5,0.16666666666666666
503,1,0,0,0.0,1.0,0.6666666666666666,0.16666666666666666
525,1,0,0,0.2,0.6,0.16666666666666666,0.16666666666666666
526,1,0,0,0.0,1.0,0.3333333333333333,0.16666666666666666
531,1,0,1,0.75,0.5,0.5,0.16666666666666666
535,1,0,0,0.25,0.5,0.5,0.16666666666666666
549,1,0,0,0.0,1.0,0.5,0.16666666666666666
553,1,0,0,0.0,1.0,0.16666666666666666,0.16666666666666666
563,1,0,0,0.0,1.0,0.16666666666666666,0.16666666666666666
565,1,0,0,0.3333333333333333,0.3333333333333333,0.3333333333333333,0.16666666666666666
566,1,0,0,0.1666666666666666,0.6666666666666667,0.3333333333333333,0.16666666666666666
569,1,0,0,0.1666666666666666,0.6666666666666667,0.16666666666666666,0.16666666666666666
573,1,0,0,0.3333333333333333,0.3333333333333333,0.16666666666666666,0.16666666666666666
592,1,0,1,0.6,0.1999999999999999,0.16666666666666666,0.16666666666666666
598,1,0,0,0.3333333333333333,0.3333333333333333,0.16666666666666666,0.16666666666666666
614,1,0,1,0.75,0.5,0.3333333333333333,0.16666666666666666
640,1,0,1,0.75,0.5,0.3333333333333333,0.16666666666666666
642,1,0,1,0.75,0.5,0.5,0.16666666666666666
644,1,0,0,0.25,0.5,0.5,0.16666666666666666
646,1,0,0,0.0,1.0,0.3333333333333333,0.16666666666666666
654,1,0,0,0.1666666666666666,0.6666666666666667,0.3333333333333333,0.16666666666666666
661,1,0,1,0.8333333333333334,0.6666666666666667,0.16666666666666666,0.16666666666666666
663,1,0,0,0.3333333333333333,0.3333333333333333,0.3333333333333333,0.16666666666666666
669,1,0,0,0.3333333333333333,0.3333333333333333,0.3333333333333333,0.16666666666666666
685,1,0,0,0.0,1.0,0.3333333333333333,0.16666666666666666
706,1,0,1,0.6666666666666666,0.3333333333333332,0.3333333333333333,0.16666666666666666
710,1,0,0,0.0,1.0,0.16666666666666666,0.16666666666666666
711,1,0,1,0.6,0.1999999999999999,0.16666666666666666,0.16666666666666666
716,1,0,1,0.6666666666666666,0.3333333333333332,0.16666666666666666,0.16666666666666666
718,1,0,0,0.1666666666666666,0.6666666666666667,0.16666666666666666,0.16666666666666666
728,1,0,0,0.2,0.6,0.5,0.16666666666666666
734,1,0,0,0.0,1.0,0.3333333333333333,0.16666666666666666
735,1,0,0,0.0,1.0,0.3333333333333333,0.16666666666666666
6,1,1,0,0.2,0.6,0.3333333333333333,0.16666666666666666
7,1,1,1,0.6,0.1999999999999999,0.3333333333333333,0.16666666666666666
9,1,1,0,0.0,1.0,0.5,0.16666666666666666
13,1,1,0,0.2,0.6,0.3333333333333333,0.16666666666666666
14,1,1,0,0.2,0.6,0.16666666666666666,0.16666666666666666
16,1,1,1,0.6,0.1999999999999999,0.16666666666666666,0.16666666666666666
21,1,1,0,0.2,0.6,0.16666666666666666,0.16666666666666666
22,1,1,0,0.2,0.6,0.5,0.16666666666666666
29,1,1,0,0.2,0.6,0.3333333333333333,0.16666666666666666
32,1,1,0,0.2,0.6,0.5,0.16666666666666666
33,1,1,0,0.4,0.1999999999999999,0.16666666666666666,0.16666666666666666
34,1,1,0,0.1666666666666666,0.6666666666666667,0.3333333333333333,0.16666666666666666
41,1,1,0,0.2,0.6,0.16666666666666666,0.16666666666666666
49,1,1,0,0.3333333333333333,0.3333333333333333,0.3333333333333333,0.16666666666666666
50,1,1,1,0.8,0.6000000000000001,0.16666666666666666,0.16666666666666666
51,1,1,0,0.25,0.5,0.3333333333333333,0.16666666666666666
70,1,1,0,0.0,1.0,0.3333333333333333,0.16666666666666666
71,1,1,0,0.0,1.0,0.3333333333333333,0.16666666666666666
79,1,1,0,0.25,0.5,0.16666666666666666,0.16666666666666666
85,1,1,0,0.25,0.5,0.3333333333333333,0.16666666666666666
86,1,1,0,0.0,1.0,0.5,0.16666666666666666
89,1,1,0,0.25,0.5,0.6666666666666666,0.16666666666666666
94,1,1,0,0.25,0.5,0.5,0.16666666666666666
95,1,1,0,0.25,0.5,0.6666666666666666,0.16666666666666666
108,1,1,0,0.25,0.5,0.3333333333333333,0.16666666666666666
109,1,1,0,0.1111111111111111,0.7777777777777778,0.3333333333333333,0.16666666666666666
115,1,1,0,0.0,1.0,0.5,0.16666666666666666
127,1,1,1,0.6666666666666666,0.3333333333333332,0.16666666666666666,0.16666666666666666
129,1,1,0,0.2,0.6,0.16666666666666666,0.16666666666666666
139,1,1,0,0.0,1.0,0.0,0.16666666666666666
140,1,1,0,0.2222222222222222,0.5555555555555556,0.16666666666666666,0.16666666666666666
147,1,1,0,0.0,1.0,0.5,0.16666666666666666
156,1,1,0,0.25,0.5,0.3333333333333333,0.16666666666666666
158,1,1,0,0.0,1.0,0.3333333333333333,0.16666666666666666
160,1,1,0,0.1666666666666666,0.6666666666666667,0.3333333333333333,0.16666666666666666
161,1,1,0,0.0,1.0,0.3333333333333333,0.16666666666666666
166,1,1,0,0.25,0.5,0.3333333333333333,0.16666666666666666
175,1,1,0,0.0,1.0,0.3333333333333333,0.16666666666666666
188,1,1,0,0.0,1.0,0.3333333333333333,0.16666666666666666
193,1,1,0,0.25,0.5,0.3333333333333333,0.16666666666666666
194,1,1,0,0.0,1.0,0.5,0.16666666666666666
198,1,1,0,0.0,1.0,0.16666666666666666,0.16666666666666666
200,1,1,0,0.2,0.6,0.16666666666666666,0.16666666666666666
205,1,1,0,0.2,0.6,0.16666666666666666,0.16666666666666666
209,1,1,0,0.2,0.6,0.16666666666666666,0.16666666666666666
210,1,1,0,0.4,0.1999999999999999,0.3333333333333333,0.16666666666666666
212,1,1,0,0.2,0.6,0.3333333333333333,0.16666666666666666
222,1,1,0,0.2,0.6,0.3333333333333333,0.16666666666666666
225,1,1,0,0.2,0.6,0.0,0.16666666666666666
230,1,1,0,0.2,0.6,0.5,0.16666666666666666
234,1,1,0,0.25,0.5,0.16666666666666666,0.16666666666666666
237,1,1,0,0.4,0.1999999999999999,0.5,0.16666666666666666
242,1,1,1,0.6,0.1999999999999999,0.3333333333333333,0.16666666666666666
244,1,1,1,0.6,0.1999999999999999,0.3333333333333333,0.16666666666666666
247,1,1,0,0.2,0.6,0.5,0.16666666666666666
264,1,1,0,0.25,0.5,0.16666666666666666,0.16666666666666666
267,1,1,0,0.0,1.0,0.3333333333333333,0.16666666666666666
280,1,1,0,0.25,0.5,0.16666666666666666,0.16666666666666666
292,1,1,0,0.25,0.5,0.3333333333333333,0.16666666666666666
297,1,1,0,0.0,1.0,0.5,0.16666666666666666
304,1,1,1,0.8,0.6000000000000001,0.3333333333333333,0.16666666666666666
312,1,1,0,0.0,1.0,0.5,0.16666666666666666
315,1,1,1,0.8,0.6000000000000001,0.3333333333333333,0.16666666666666666
317,1,1,0,0.4,0.1999999999999999,0.3333333333333333,0.16666666666666666
323,1,1,0,0.0,1.0,0.5,0.16666666666666666
324,1,1,0,0.2,0.6,0.16666666666666666,0.16666666666666666
342,1,1,0,0.2,0.6,0.16666666666666666,0.16666666666666666
343,1,1,1,0.8,0.6000000000000001,0.5,0.16666666666666666
355,1,1,0,0.25,0.5,0.3333333333333333,0.16666666666666666
365,1,1,0,0.25,0.5,0.5,0.16666666666666666
379,1,1,1,0.75,0.5,0.16666666666666666,0.16666666666666666
384,1,1,0,0.25,0.5,0.3333333333333333,0.16666666666666666
387,1,1,0,0.0,1.0,0.5,0.16666666666666666
398,1,1,0,0.25,0.5,0.3333333333333333,0.16666666666666666
408,1,1,0,0.4,0.1999999999999999,0.3333333333333333,0.16666666666666666
410,1,1,1,0.6,0.1999999999999999,0.3333333333333333,0.16666666666666666
411,1,1,0,0.2,0.6,0.16666666666666666,0.16666666666666666
412,1,1,1,1.0,1.0,0.0,0.16666666666666666
414,1,1,1,0.6,0.1999999999999999,0.16666666666666666,0.16666666666666666
416,1,1,0,0.0,1.0,0.16666666666666666,0.16666666666666666
417,1,1,0,0.2,0.6,0.16666666666666666,0.16666666666666666
421,1,1,0,0.2,0.6,0.16666666666666666,0.16666666666666666
424,1,1,1,0.6,0.1999999999999999,0.3333333333333333,0.16666666666666666
429,1,1,0,0.0,1.0,0.3333333333333333,0.16666666666666666
433,1,1,0,0.0,1.0,0.3333333333333333,0.16666666666666666
437,1,1,1,0.6,0.1999999999999999,0.3333333333333333,0.16666666666666666
447,1,1,0,0.0,1.0,0.16666666666666666,0.16666666666666666
464,1,1,0,0.0,1.0,0.3333333333333333,0.16666666666666666
476,1,1,0,0.0,1.0,0.3333333333333333,0.16666666666666666
477,1,1,0,0.0,1.0,0.3333333333333333,0.16666666666666666
478,1,1,0,0.0,1.0,0.5,0.16666666666666666
494,1,1,1,0.8,0.6000000000000001,0.16666666666666666,0.16666666666666666
497,1,1,0,0.0,1.0,0.6666666666666666,0.16666666666666666
499,1,1,0,0.0,1.0,0.5,0.16666666666666666
501,1,1,0,0.25,0.5,0.5,0.16666666666666666
515,1,1,0,0.25,0.5,0.6666666666666666,0.16666666666666666
518,1,1,0,0.25,0.5,0.6666666666666666,0.16666666666666666
528,1,1,0,0.0,1.0,0.5,0.16666666666666666
533,1,1,0,0.0,1.0,0.3333333333333333,0.16666666666666666
538,1,1,0,0.0,1.0,0.3333333333333333,0.16666666666666666
557,1,1,0,0.3333333333333333,0.3333333333333333,0.5,0.16666666666666666
562,1,1,0,0.3333333333333333,0.3333333333333333,0.5,0.16666666666666666
572,1,1,1,0.8333333333333334,0.6666666666666667,0.3333333333333333,0.16666666666666666
581,1,1,0,0.3333333333333333,0.3333333333333333,0.3333333333333333,0.16666666666666666
586,1,1,1,0.6666666666666666,0.3333333333333332,0.16666666666666666,0.16666666666666666
587,1,1,1,0.8333333333333334,0.6666666666666667,0.16666666666666666,0.16666666666666666
594,1,1,0,0.0,1.0,0.3333333333333333,0.16666666666666666
595,1,1,1,0.8333333333333334,0.6666666666666667,0.16666666666666666,0.16666666666666666
600,1,1,0,0.1666666666666666,0.6666666666666667,0.16666666666666666,0.16666666666666666
609,1,1,0,0.25,0.5,0.0,0.16666666666666666
613,1,1,0,0.0,1.0,0.3333333333333333,0.16666666666666666
615,1,1,1,0.75,0.5,0.3333333333333333,0.16666666666666666
616,1,1,1,0.75,0.5,0.3333333333333333,0.16666666666666666
619,1,1,0,0.25,0.5,0.0,0.16666666666666666
651,1,1,0,0.3333333333333333,0.3333333333333333,0.3333333333333333,0.16666666666666666
660,1,1,0,0.1666666666666666,0.6666666666666667,0.5,0.16666666666666666
678,1,1,0,0.3333333333333333,0.3333333333333333,0.5,0.16666666666666666
679,1,1,0,0.4,0.1999999999999999,0.5,0.16666666666666666
681,1,1,0,0.1666666666666666,0.6666666666666667,0.0,0.16666666666666666
682,1,1,0,0.1666666666666666,0.6666666666666667,0.16666666666666666,0.16666666666666666
684,1,1,0,0.0,1.0,0.16666666666666666,0.16666666666666666
687,1,1,0,0.3333333333333333,0.3333333333333333,0.3333333333333333,0.16666666666666666
692,1,1,0,0.0,1.0,0.16666666666666666,0.16666666666666666
703,1,1,0,0.0,1.0,0.5,0.16666666666666666
704,1,1,0,0.3333333333333333,0.3333333333333333,0.3333333333333333,0.16666666666666666
712,1,1,0,0.1666666666666666,0.6666666666666667,0.3333333333333333,0.16666666666666666
729,1,1,0,0.4,0.1999999999999999,0.3333333333333333,0.16666666666666666
1,1,2,0,0.3333333333333333,0.3333333333333333,0.16666666666666666,0.0
3,1,2,0,0.0,1.0,0.3333333333333333,0.0
4,1,2,1,0.6,0.1999999999999999,0.5,0.0
20,1,2,0,0.25,0.5,0.5,0.0
28,1,2,0,0.2,0.6,0.16666666666666666,0.0
31,1,2,0,0.1666666666666666,0.6666666666666667,0.3333333333333333,0.0
43,1,2,0,0.2,0.6,0.3333333333333333,0.0
44,1,2,0,0.0,1.0,0.3333333333333333,0.0
60,1,2,0,0.0,1.0,0.3333333333333333,0.0
64,1,2,0,0.3333333333333333,0.3333333333333333,0.3333333333333333,0.0
67,1,2,0,0.0,1.0,0.5,0.0
75,1,2,0,0.0,1.0,0.0,0.0
96,1,2,0,0.0,1.0,0.6666666666666666,0.0
98,1,2,0,0.3333333333333333,0.3333333333333333,0.3333333333333333,0.0
110,1,2,0,0.0,1.0,0.5,0.0
113,1,2,0,0.1111111111111111,0.7777777777777778,0.5,0.0
120,1,2,0,0.0,1.0,0.16666666666666666,0.0
121,1,2,0,0.1111111111111111,0.7777777777777778,0.6666666666666666,0.0
123,1,2,0,0.0,1.0,0.5,0.0
124,1,2,0,0.0,1.0,0.0,0.0
130,1,2,0,0.1111111111111111,0.7777777777777778,0.3333333333333333,0.0
137,1,2,1,0.6666666666666666,0.3333333333333332,0.3333333333333333,0.0
144,1,2,0,0.0,1.0,0.6666666666666666,0.0
146,1,2,1,0.8888888888888888,0.7777777777777777,0.16666666666666666,0.0
151,1,2,0,0.0,1.0,0.0,0.0
154,1,2,0,0.25,0.5,0.6666666666666666,0.0
163,1,2,0,0.25,0.5,0.0,0.0
168,1,2,0,0.25,0.5,0.3333333333333333,0.0
170,1,2,0,0.1666666666666666,0.6666666666666667,0.5,0.0
171,1,2,0,0.25,0.5,0.16666666666666666,0.0
176,1,2,0,0.0,1.0,0.16666666666666666,0.0
182,1,2,0,0.0,1.0,0.3333333333333333,0.0
191,1,2,0,0.0,1.0,0.5,0.0
192,1,2,0,0.0,1.0,0.3333333333333333,0.0
197,1,2,0,0.0,1.0,0.0,0.0
199,1,2,0,0.25,0.5,0.3333333333333333,0.0
201,1,2,0,0.25,0.5,0.16666666666666666,0.0
202,1,2,1,0.6,0.1999999999999999,0.3333333333333333,0.0
204,1,2,0,0.4,0.1999999999999999,0.3333333333333333,0.0
213,1,2,0,0.4,0.1999999999999999,0.16666666666666666,0.0
217,1,2,0,0.0,1.0,0.6666666666666666,0.0
223,1,2,0,0.2,0.6,0.3333333333333333,0.0
227,1,2,1,1.0,1.0,0.3333333333333333,0.0
233,1,2,0,0.0,1.0,0.5,0.0
236,1,2,0,0.0,1.0,0.16666666666666666,0.0
239,1,2,1,0.6,0.1999999999999999,0.5,0.0
240,1,2,0,0.2,0.6,0.5,0.0
241,1,2,1,0.6,0.1999999999999999,0.16666666666666666,0.0
245,1,2,0,0.0,1.0,0.3333333333333333,0.0
258,1,2,0,0.0,1.0,0.3333333333333333,0.0
259,1,2,0,0.0,1.0,0.3333333333333333,0.0
266,1,2,0,0.25,0.5,0.5,0.0
270,1,2,0,0.0,1.0,0.3333333333333333,0.0
271,1,2,0,0.0,1.0,0.16666666666666666,0.0
276,1,2,0,0.2,0.6,0.5,0.0
279,1,2,0,0.2,0.6,0.3333333333333333,0.0
294,1,2,0,0.0,1.0,0.3333333333333333,0.0
313,1,2,0,0.0,1.0,0.5,0.0
325,1,2,0,0.0,1.0,0.5,0.0
326,1,2,0,0.0,1.0,0.5,0.0
327,1,2,0,0.0,1.0,0.0,0.0
328,1,2,1,0.6,0.1999999999999999,0.3333333333333333,0.0
344,1,2,0,0.2,0.6,0.3333333333333333,0.0
346,1,2,1,0.6,0.1999999999999999,0.5,0.0
349,1,2,0,0.0,1.0,0.5,0.0
358,1,2,0,0.25,0.5,0.3333333333333333,0.0
360,1,2,0,0.25,0.5,0.5,0.0
363,1,2,0,0.0,1.0,0.3333333333333333,0.0
372,1,2,0,0.25,0.5,0.16666666666666666,0.0
377,1,2,0,0.25,0.5,0.16666666666666666,0.0
391,1,2,0,0.0,1.0,0.5,0.0
405,1,2,0,0.0,1.0,0.3333333333333333,0.0
409,1,2,0,0.4,0.1999999999999999,0.16666666666666666,0.0
413,1,2,0,0.0,1.0,0.3333333333333333,0.0
434,1,2,0,0.0,1.0,0.5,0.0
442,1,2,1,0.8,0.6000000000000001,0.5,0.0
444,1,2,0,0.2,0.6,0.6666666666666666,0.0
449,1,2,0,0.4,0.1999999999999999,0.3333333333333333,0.0
450,1,2,0,0.2,0.6,0.5,0.0
452,1,2,0,0.25,0.5,0.5,0.0
471,1,2,0,0.0,1.0,0.16666666666666666,0.0
473,1,2,0,0.25,0.5,0.5,0.0
474,1,2,0,0.0,1.0,0.3333333333333333,0.0
487,1,2,0,0.2,0.6,0.3333333333333333,0.0
493,1,2,0,0.0,1.0,0.16666666666666666,0.0
498,1,2,0,0.0,1.0,0.16666666666666666,0.0
508,1,2,1,0.75,0.5,0.3333333333333333,0.0
512,1,2,1,1.0,1.0,0.5,0.0
514,1,2,1,0.75,0.5,0.3333333333333333,0.0
516,1,2,0,0.0,1.0,0.5,0.0
519,1,2,0,0.0,1.0,0.3333333333333333,0.0
536,1,2,0,0.3333333333333333,0.3333333333333333,0.3333333333333333,0.0
551,1,2,1,0.6666666666666666,0.3333333333333332,0.5,0.0
579,1,2,0,0.3333333333333333,0.3333333333333333,0.16666666666666666,0.0
584,1,2,1,0.6666666666666666,0.3333333333333332,0.5,0.0
589,1,2,0,0.3333333333333333,0.3333333333333333,0.0,0.0
597,1,2,0,0.0,1.0,0.5,0.0
599,1,2,0,0.0,1.0,0.16666666666666666,0.0
607,1,2,0,0.0,1.0,0.0,0.0
608,1,2,0,0.0,1.0,0.0,0.0
610,1,2,0,0.25,0.5,0.3333333333333333,0.0
611,1,2,1,0.75,0.5,0.16666666666666666,0.0
618,1,2,0,0.0,1.0,0.0,0.0
620,1,2,1,0.75,0.5,0.16666666666666666,0.0
624,1,2,0,0.25,0.5,0.16666666666666666,0.0
625,1,2,0,0.0,1.0,0.3333333333333333,0.0
627,1,2,1,0.75,0.5,0.3333333333333333,0.0
628,1,2,0,0.0,1.0,0.16666666666666666,0.0
634,1,2,0,0.25,0.5,0.0,0.0
638,1,2,0,0.25,0.5,0.16666666666666666,0.0
650,1,2,0,0.0,1.0,0.3333333333333333,0.0
655,1,2,1,0.6666666666666666,0.3333333333333332,0.3333333333333333,0.0
656,1,2,1,0.6666666666666666,0.3333333333333332,0.5,0.0
665,1,2,0,0.1666666666666666,0.6666666666666667,0.3333333333333333,0.0
674,1,2,0,0.3333333333333333,0.3333333333333333,0.5,0.0
680,1,2,0,0.0,1.0,0.3333333333333333,0.0
683,1,2,1,0.8333333333333334,0.6666666666666667,0.0,0.0
690,1,2,0,0.0,1.0,0.16666666666666666,0.0
694,1,2,0,0.3333333333333333,0.3333333333333333,0.3333333333333333,0.0
699,1,2,0,0.1666666666666666,0.6666666666666667,0.16666666666666666,0.0
701,1,2,0,0.1666666666666666,0.6666666666666667,0.0,0.0
708,1,2,0,0.0,1.0,0.16666666666666666,0.0
719,1,2,0,0.1666666666666666,0.6666666666666667,0.5,0.0
725,1,2,0,0.0,1.0,0.3333333333333333,0.0
727,1,2,0,0.4,0.1999999999999999,0.5,0.0
731,1,2,0,0.0,1.0,0.5,0.0
732,1,2,0,0.0,1.0,0.5,0.0
2,1,3,0,0.4,0.1999999999999999,0.3333333333333333,0.16666666666666666
11,1,3,1,0.6,0.1999999999999999,0.5,0.16666666666666666
24,1,3,0,0.0,1.0,0.3333333333333333,0.16666666666666666
39,1,3,0,0.0,1.0,0.3333333333333333,0.16666666666666666
40,1,3,0,0.2,0.6,0.5,0.16666666666666666
42,1,3,0,0.0,1.0,0.3333333333333333,0.16666666666666666
45,1,3,0,0.0,1.0,0.5,0.16666666666666666
48,1,3,1,0.6,0.1999999999999999,0.6666666666666666,0.16666666666666666
52,1,3,0,0.25,0.5,0.5,0.16666666666666666
54,1,3,0,0.25,0.5,0.5,0.16666666666666666
62,1,3,0,0.25,0.5,0.3333333333333333,0.16666666666666666
65,1,3,0,0.25,0.5,0.5,0.16666666666666666
68,1,3,0,0.0,1.0,0.5,0.16666666666666666
69,1,3,0,0.0,1.0,0.3333333333333333,0.16666666666666666
76,1,3,0,0.25,0.5,0.0,0.16666666666666666
77,1,3,0,0.25,0.5,0.16666666666666666,0.16666666666666666
78,1,3,0,0.0,1.0,0.16666666666666666,0.16666666666666666
83,1,3,0,0.25,0.5,0.3333333333333333,0.16666666666666666
84,1,3,0,0.3333333333333333,0.3333333333333333,0.5,0.16666666666666666
92,1,3,0,0.0,1.0,0.3333333333333333,0.16666666666666666
103,1,3,0,0.1111111111111111,0.7777777777777778,0.5,0.16666666666666666
119,1,3,0,0.1111111111111111,0.7777777777777778,0.5,0.16666666666666666
126,1,3,0,0.2222222222222222,0.5555555555555556,0.16666666666666666,0.16666666666666666
131,1,3,0,0.0,1.0,0.5,0.16666666666666666
132,1,3,0,0.2222222222222222,0.5555555555555556,0.3333333333333333,0.16666666666666666
136,1,3,0,0.3333333333333333,0.3333333333333333,0.5,0.16666666666666666
152,1,3,0,0.0,1.0,0.5,0.16666666666666666
153,1,3,0,0.0,1.0,0.6666666666666666,0.16666666666666666
155,1,3,0,0.25,0.5,0.3333333333333333,0.16666666666666666
157,1,3,0,0.25,0.5,0.16666666666666666,0.16666666666666666
173,1,3,0,0.25,0.5,0.3333333333333333,0.16666666666666666
186,1,3,0,0.0,1.0,0.3333333333333333,0.16666666666666666
203,1,3,0,0.2,0.6,0.5,0.16666666666666666
207,1,3,0,0.2,0.6,0.3333333333333333,0.16666666666666666
208,1,3,0,0.0,1.0,0.3333333333333333,0.16666666666666666
215,1,3,0,0.2,0.6,0.16666666666666666,0.16666666666666666
219,1,3,0,0.0,1.0,0.3333333333333333,0.16666666666666666
220,1,3,0,0.4,0.1999999999999999,0.3333333333333333,0.16666666666666666
229,1,3,0,0.0,1.0,0.3333333333333333,0.16666666666666666
238,1,3,0,0.25,0.5,0.16666666666666666,0.16666666666666666
246,1,3,0,0.4,0.1999999999999999,0.5,0.16666666666666666
249,1,3,1,0.6,0.1999999999999999,0.16666666666666666,0.16666666666666666
252,1,3,0,0.0,1.0,0.3333333333333333,0.16666666666666666
260,1,3,0,0.25,0.5,0.3333333333333333,0.16666666666666666
261,1,3,0,0.25,0.5,0.16666666666666666,0.16666666666666666
282,1,3,0,0.25,0.5,0.3333333333333333,0.16666666666666666
286,1,3,0,0.2,0.6,0.3333333333333333,0.16666666666666666
291,1,3,0,0.0,1.0,0.3333333333333333,0.16666666666666666
298,1,3,0,0.25,0.5,0.3333333333333333,0.16666666666666666
300,1,3,0,0.0,1.0,0.3333333333333333,0.16666666666666666
307,1,3,0,0.4,0.1999999999999999,0.0,0.16666666666666666
308,1,3,0,0.4,0.1999999999999999,0.3333333333333333,0.16666666666666666
310,1,3,0,0.2,0.6,0.5,0.16666666666666666
316,1,3,0,0.4,0.1999999999999999,0.5,0.16666666666666666
318,1,3,0,0.4,0.1999999999999999,0.3333333333333333,0.16666666666666666
319,1,3,0,0.2,0.6,0.5,0.16666666666666666
321,1,3,1,0.6,0.1999999999999999,0.16666666666666666,0.16666666666666666
322,1,3,1,0.6,0.1999999999999999,0.16666666666666666,0.16666666666666666
329,1,3,0,0.0,1.0,0.5,0.16666666666666666
331,1,3,0,0.0,1.0,0.5,0.16666666666666666
338,1,3,0,0.4,0.1999999999999999,0.5,0.16666666666666666
353,1,3,0,0.0,1.0,0.16666666666666666,0.16666666666666666
354,1,3,0,0.25,0.5,0.16666666666666666,0.16666666666666666
370,1,3,0,0.0,1.0,0.3333333333333333,0.16666666666666666
371,1,3,0,0.25,0.5,0.16666666666666666,0.16666666666666666
380,1,3,1,0.75,0.5,0.3333333333333333,0.16666666666666666
381,1,3,1,0.75,0.5,0.3333333333333333,0.16666666666666666
383,1,3,0,0.0,1.0,0.3333333333333333,0.16666666666666666
386,1,3,0,0.25,0.5,0.3333333333333333,0.16666666666666666
393,1,3,0,0.25,0.5,0.6666666666666666,0.16666666666666666
397,1,3,1,0.75,0.5,0.16666666666666666,0.16666666666666666
399,1,3,0,0.25,0.5,0.5,0.16666666666666666
401,1,3,0,0.2,0.6,0.5,0.16666666666666666
403,1,3,0,0.0,1.0,0.3333333333333333,0.16666666666666666
404,1,3,1,0.6,0.1999999999999999,0.3333333333333333,0.16666666666666666
407,1,3,0,0.2,0.6,0.0,0.16666666666666666
426,1,3,1,0.8,0.6000000000000001,0.5,0.16666666666666666
430,1,3,1,0.6,0.1999999999999999,0.0,0.16666666666666666
441,1,3,0,0.2,0.6,0.5,0.16666666666666666
448,1,3,0,0.0,1.0,0.5,0.16666666666666666
453,1,3,0,0.25,0.5,0.5,0.16666666666666666
454,1,3,0,0.0,1.0,0.3333333333333333,0.16666666666666666
472,1,3,0,0.25,0.5,0.5,0.16666666666666666
484,1,3,0,0.25,0.5,0.16666666666666666,0.16666666666666666
489,1,3,0,0.0,1.0,0.3333333333333333,0.16666666666666666
506,1,3,1,0.75,0.5,0.5,0.16666666666666666
507,1,3,1,1.0,1.0,0.3333333333333333,0.16666666666666666
517,1,3,0,0.25,0.5,0.5,0.16666666666666666
521,1,3,1,0.75,0.5,0.3333333333333333,0.16666666666666666
523,1,3,0,0.25,0.5,0.5,0.16666666666666666
527,1,3,0,0.25,0.5,0.3333333333333333,0.16666666666666666
539,1,3,0,0.25,0.5,0.3333333333333333,0.16666666666666666
540,1,3,0,0.25,0.5,0.16666666666666666,0.16666666666666666
550,1,3,0,0.0,1.0,0.3333333333333333,0.16666666666666666
555,1,3,0,0.3333333333333333,0.3333333333333333,0.3333333333333333,0.16666666666666666
568,1,3,1,1.0,1.0,0.3333333333333333,0.16666666666666666
577,1,3,0,0.1666666666666666,0.6666666666666667,0.16666666666666666,0.16666666666666666
580,1,3,0,0.3333333333333333,0.3333333333333333,0.16666666666666666,0.16666666666666666
588,1,3,0,0.1666666666666666,0.6666666666666667,0.16666666666666666,0.16666666666666666
604,1,3,1,0.75,0.5,0.16666666666666666,0.16666666666666666
612,1,3,0,0.0,1.0,0.3333333333333333,0.16666666666666666
636,1,3,0,0.0,1.0,0.16666666666666666,0.16666666666666666
641,1,3,0,0.0,1.0,0.3333333333333333,0.16666666666666666
652,1,3,0,0.0,1.0,0.3333333333333333,0.16666666666666666
658,1,3,0,0.1666666666666666,0.6666666666666667,0.3333333333333333,0.16666666666666666
659,1,3,1,0.6666666666666666,0.3333333333333332,0.3333333333333333,0.16666666666666666
664,1,3,1,0.6666666666666666,0.3333333333333332,0.3333333333333333,0.16666666666666666
667,1,3,0,0.3333333333333333,0.3333333333333333,0.3333333333333333,0.16666666666666666
668,1,3,0,0.1666666666666666,0.6666666666666667,0.5,0.16666666666666666
671,1,3,0,0.3333333333333333,0.3333333333333333,0.5,0.16666666666666666
673,1,3,0,0.3333333333333333,0.3333333333333333,0.3333333333333333,0.16666666666666666
675,1,3,0,0.3333333333333333,0.3333333333333333,0.5,0.16666666666666666
676,1,3,0,0.1666666666666666,0.6666666666666667,0.3333333333333333,0.16666666666666666
677,1,3,1,0.6666666666666666,0.3333333333333332,0.3333333333333333,0.16666666666666666
686,1,3,0,0.0,1.0,0.0,0.16666666666666666
689,1,3,0,0.0,1.0,0.5,0.16666666666666666
696,1,3,0,0.1666666666666666,0.6666666666666667,0.0,0.16666666666666666
702,1,3,0,0.1666666666666666,0.6666666666666667,0.0,0.16666666666666666
713,1,3,1,0.6,0.1999999999999999,0.16666666666666666,0.16666666666666666
714,1,3,0,0.3333333333333333,0.3333333333333333,0.3333333333333333,0.16666666666666666
720,1,3,0,0.0,1.0,0.5,0.16666666666666666
721,1,3,0,0.3333333333333333,0.3333333333333333,0.3333333333333333,0.16666666666666666
722,1,3,0,0.2,0.6,0.3333333333333333,0.16666666666666666
723,1,3,0,0.1666666666666666,0.6666666666666667,0.3333333333333333,0.16666666666666666
726,1,3,0,0.0,1.0,0.16666666666666666,0.16666666666666666
738,1,3,0,0.3333333333333333,0.3333333333333333,0.16666666666666666,0.16666666666666666
739,1,3,0,0.3333333333333333,0.3333333333333333,0.5,0.16666666666666666
15,1,4,0,0.4,0.1999999999999999,0.3333333333333333,0.16666666666666666
18,1,4,1,0.6,0.1999999999999999,0.3333333333333333,0.16666666666666666
26,1,4,1,0.8,0.6000000000000001,0.5,0.16666666666666666
27,1,4,0,0.2,0.6,0.5,0.16666666666666666
37,1,4,0,0.2,0.6,0.3333333333333333,0.16666666666666666
38,1,4,0,0.0,1.0,0.3333333333333333,0.16666666666666666
47,1,4,0,0.25,0.5,0.3333333333333333,0.16666666666666666
53,1,4,0,0.1666666666666666,0.6666666666666667,0.6666666666666666,0.16666666666666666
55,1,4,0,0.0,1.0,0.3333333333333333,0.16666666666666666
57,1,4,1,1.0,1.0,0.3333333333333333,0.16666666666666666
58,1,4,0,0.25,0.5,0.3333333333333333,0.16666666666666666
59,1,4,0,0.25,0.5,0.5,0.16666666666666666
61,1,4,0,0.2,0.6,0.5,0.16666666666666666
73,1,4,0,0.0,1.0,0.6666666666666666,0.16666666666666666
74,1,4,0,0.0,1.0,0.3333333333333333,0.16666666666666666
80,1,4,0,0.0,1.0,0.5,0.16666666666666666
87,1,4,0,0.0,1.0,0.16666666666666666,0.16666666666666666
97,1,4,0,0.25,0.5,0.3333333333333333,0.16666666666666666
100,1,4,0,0.25,0.5,0.3333333333333333,0.16666666666666666
104,1,4,0,0.1111111111111111,0.7777777777777778,0.6666666666666666,0.16666666666666666
105,1,4,0,0.0,1.0,0.16666666666666666,0.16666666666666666
107,1,4,0,0.1111111111111111,0.7777777777777778,0.5,0.16666666666666666
111,1,4,0,0.1111111111111111,0.7777777777777778,0.3333333333333333,0.16666666666666666
112,1,4,0,0.125,0.75,0.16666666666666666,0.16666666666666666
116,1,4,0,0.0,1.0,0.3333333333333333,0.16666666666666666
125,1,4,0,0.125,0.75,0.3333333333333333,0.16666666666666666
133,1,4,1,0.8888888888888888,0.7777777777777777,0.0,0.16666666666666666
134,1,4,0,0.1111111111111111,0.7777777777777778,0.3333333333333333,0.16666666666666666
135,1,4,0,0.1666666666666666,0.6666666666666667,0.3333333333333333,0.16666666666666666
138,1,4,1,0.5555555555555556,0.1111111111111111,0.16666666666666666,0.16666666666666666
148,1,4,0,0.1111111111111111,0.7777777777777778,0.3333333333333333,0.16666666666666666
162,1,4,0,0.2,0.6,0.5,0.16666666666666666
164,1,4,0,0.0,1.0,0.0,0.16666666666666666
165,1,4,0,0.0,1.0,0.3333333333333333,0.16666666666666666
167,1,4,0,0.0,1.0,0.5,0.16666666666666666
169,1,4,0,0.0,1.0,0.5,0.16666666666666666
172,1,4,0,0.0,1.0,0.3333333333333333,0.16666666666666666
178,1,4,0,0.0,1.0,0.16666666666666666,0.16666666666666666
183,1,4,0,0.0,1.0,0.3333333333333333,0.16666666666666666
185,1,4,0,0.25,0.5,0.6666666666666666,0.16666666666666666
190,1,4,0,0.25,0.5,0.5,0.16666666666666666
214,1,4,0,0.2,0.6,0.3333333333333333,0.16666666666666666
224,1,4,0,0.4,0.1999999999999999,0.3333333333333333,0.16666666666666666
228,1,4,0,0.2,0.6,0.3333333333333333,0.16666666666666666
253,1,4,0,0.0,1.0,0.5,0.16666666666666666
254,1,4,0,0.25,0.5,0.5,0.16666666666666666
255,1,4,0,0.25,0.5,0.16666666666666666,0.16666666666666666
281,1,4,0,0.0,1.0,0.16666666666666666,0.16666666666666666
283,1,4,0,0.25,0.5,0.3333333333333333,0.16666666666666666
288,1,4,1,0.75,0.5,0.3333333333333333,0.16666666666666666
290,1,4,0,0.0,1.0,0.16666666666666666,0.16666666666666666
295,1,4,0,0.0,1.0,0.3333333333333333,0.16666666666666666
296,1,4,0,0.0,1.0,0.3333333333333333,0.16666666666666666
302,1,4,0,0.0,1.0,0.3333333333333333,0.16666666666666666
303,1,4,0,0.0,1.0,0.3333333333333333,0.16666666666666666
306,1,4,0,0.0,1.0,0.16666666666666666,0.16666666666666666
309,1,4,1,0.8,0.6000000000000001,0.3333333333333333,0.16666666666666666
311,1,4,0,0.4,0.1999999999999999,0.0,0.16666666666666666
332,1,4,0,0.0,1.0,0.16666666666666666,0.16666666666666666
337,1,4,0,0.0,1.0,0.3333333333333333,0.16666666666666666
340,1,4,1,0.6,0.1999999999999999,0.5,0.16666666666666666
345,1,4,0,0.0,1.0,0.5,0.16666666666666666
348,1,4,0,0.4,0.1999999999999999,0.3333333333333333,0.16666666666666666
351,1,4,0,0.0,1.0,0.3333333333333333,0.16666666666666666
352,1,4,0,0.25,0.5,0.16666666666666666,0.16666666666666666
356,1,4,0,0.25,0.5,0.3333333333333333,0.16666666666666666
361,1,4,0,0.0,1.0,0.3333333333333333,0.16666666666666666
366,1,4,0,0.0,1.0,0.16666666666666666,0.16666666666666666
367,1,4,0,0.25,0.5,0.6666666666666666,0.16666666666666666
389,1,4,0,0.25,0.5,0.3333333333333333,0.16666666666666666
390,1,4,1,0.75,0.5,0.3333333333333333,0.16666666666666666
396,1,4,1,0.75,0.5,0.5,0.16666666666666666
402,1,4,1,0.6,0.1999999999999999,0.3333333333333333,0.16666666666666666
415,1,4,0,0.0,1.0,0.16666666666666666,0.16666666666666666
418,1,4,0,0.0,1.0,0.5,0.16666666666666666
428,1,4,1,0.6,0.1999999999999999,0.3333333333333333,0.16666666666666666
435,1,4,0,0.4,0.1999999999999999,0.5,0.16666666666666666
438,1,4,0,0.1666666666666666,0.6666666666666667,0.3333333333333333,0.16666666666666666
439,1,4,0,0.2,0.6,0.5,0.16666666666666666
445,1,4,0,0.0,1.0,0.3333333333333333,0.16666666666666666
451,1,4,0,0.25,0.5,0.16666666666666666,0.16666666666666666
458,1,4,0,0.0,1.0,0.3333333333333333,0.16666666666666666
463,1,4,0,0.25,0.5,0.16666666666666666,0.16666666666666666
468,1,4,0,0.25,0.5,0.16666666666666666,0.16666666666666666
475,1,4,0,0.25,0.5,0.3333333333333333,0.16666666666666666
481,1,4,0,0.0,1.0,0.5,0.16666666666666666
490,1,4,0,0.25,0.5,0.5,0.16666666666666666
492,1,4,0,0.3333333333333333,0.3333333333333333,0.16666666666666666,0.16666666666666666
502,1,4,1,0.75,0.5,0.5,0.16666666666666666
504,1,4,1,0.75,0.5,0.6666666666666666,0.16666666666666666
509,1,4,0,0.25,0.5,0.5,0.16666666666666666
513,1,4,0,0.0,1.0,0.3333333333333333,0.16666666666666666
522,1,4,0,0.25,0.5,0.16666666666666666,0.16666666666666666
524,1,4,0,0.0,1.0,0.5,0.16666666666666666
532,1,4,0,0.0,1.0,0.16666666666666666,0.16666666666666666
534,1,4,1,0.75,0.5,0.5,0.16666666666666666
537,1,4,0,0.25,0.5,0.3333333333333333,0.16666666666666666
542,1,4,0,0.25,0.5,0.5,0.16666666666666666
545,1,4,0,0.25,0.5,0.3333333333333333,0.16666666666666666
552,1,4,1,0.6666666666666666,0.3333333333333332,0.5,0.16666666666666666
556,1,4,0,0.1666666666666666,0.6666666666666667,0.16666666666666666,0.16666666666666666
559,1,4,1,0.6666666666666666,0.3333333333333332,0.5,0.16666666666666666
560,1,4,0,0.1666666666666666,0.6666666666666667,0.5,0.16666666666666666
567,1,4,0,0.3333333333333333,0.3333333333333333,0.3333333333333333,0.16666666666666666
570,1,4,1,0.6666666666666666,0.3333333333333332,0.16666666666666666,0.16666666666666666
574,1,4,0,0.3333333333333333,0.3333333333333333,0.3333333333333333,0.16666666666666666
590,1,4,0,0.3333333333333333,0.3333333333333333,0.16666666666666666,0.16666666666666666
601,1,4,0,0.0,1.0,0.5,0.16666666666666666
602,1,4,0,0.25,0.5,0.0,0.16666666666666666
606,1,4,0,0.25,0.5,0.16666666666666666,0.16666666666666666
622,1,4,1,0.75,0.5,0.3333333333333333,0.16666666666666666
631,1,4,0,0.0,1.0,0.16666666666666666,0.16666666666666666
639,1,4,0,0.0,1.0,0.3333333333333333,0.16666666666666666
645,1,4,1,0.75,0.5,0.3333333333333333,0.16666666666666666
662,1,4,0,0.0,1.0,0.16666666666666666,0.16666666666666666
672,1,4,0,0.0,1.0,0.16666666666666666,0.16666666666666666
688,1,4,0,0.1666666666666666,0.6666666666666667,0.0,0.16666666666666666
691,1,4,0,0.1666666666666666,0.6666666666666667,0.0,0.16666666666666666
695,1,4,0,0.3333333333333333,0.3333333333333333,0.0,0.16666666666666666
709,1,4,0,0.3333333333333333,0.3333333333333333,0.0,0.16666666666666666
724,1,4,0,0.2,0.6,0.3333333333333333,0.16666666666666666
730,1,4,0,0.3333333333333333,0.3333333333333333,0.5,0.16666666666666666
733,1,4,0,0.1666666666666666,0.6666666666666667,0.3333333333333333,0.16666666666666666
736,1,4,0,0.0,1.0,0.3333333333333333,0.16666666666666666
737,1,4,0,0.1666666666666666,0.6666666666666667,0.3333333333333333,0.16666666666666666
740,1,4,0,0.1666666666666666,0.6666666666666667,0.16666666666666666,0.16666666666666666
741,1,4,0,0.2,0.6,0.16666666666666666,0.16666666666666666
1,2,0,0,0.3333333333333333,0.3333333333333333,0.16666666666666666,0.16666666666666666
4,2,0,1,0.6,0.1999999999999999,0.5,0.16666666666666666
6,2,0,0,0.2,0.6,0.3333333333333333,0.16666666666666666
8,2,0,0,0.0,1.0,0.5,0.16666666666666666
10,2,0,0,0.0,1.0,0.3333333333333333,0.16666666666666666
12,2,0,0,0.4,0.1999999999999999,0.5,0.16666666666666666
16,2,0,1,0.6,0.1999999999999999,0.16666666666666666,0.16666666666666666
25,2,0,0,0.2,0.6,0.3333333333333333,0.16666666666666666
33,2,0,0,0.4,0.1999999999999999,0.16666666666666666,0.16666666666666666
38,2,0,0,0.0,1.0,0.3333333333333333,0.16666666666666666
44,2,0,0,0.0,1.0,0.3333333333333333,0.16666666666666666
60,2,0,0,0.0,1.0,0.3333333333333333,0.16666666666666666
62,2,0,0,0.25,0.5,0.3333333333333333,0.16666666666666666
70,2,0,0,0.0,1.0,0.3333333333333333,0.16666666666666666
73,2,0,0,0.0,1.0,0.6666666666666666,0.16666666666666666
74,2,0,0,0.0,1.0,0.3333333333333333,0.16666666666666666
80,2,0,0,0.0,1.0,0.5,0.16666666666666666
81,2,0,0,0.0,1.0,0.3333333333333333,0.16666666666666666
84,2,0,0,0.3333333333333333,0.3333333333333333,0.5,0.16666666666666666
91,2,0,0,0.25,0.5,0.3333333333333333,0.16666666666666666
98,2,0,0,0.3333333333333333,0.3333333333333333,0.3333333333333333,0.16666666666666666
99,2,0,0,0.0,1.0,0.5,0.16666666666666666
104,2,0,0,0.1111111111111111,0.7777777777777778,0.6666666666666666,0.16666666666666666
108,2,0,0,0.25,0.5,0.3333333333333333,0.16666666666666666
114,2,0,0,0.1111111111111111,0.7777777777777778,0.6666666666666666,0.16666666666666666
118,2,0,0,0.0,1.0,0.16666666666666666,0.16666666666666666
133,2,0,1,0.8888888888888888,0.7777777777777777,0.0,0.16666666666666666
134,2,0,0,0.1111111111111111,0.7777777777777778,0.3333333333333333,0.16666666666666666
136,2,0,0,0.3333333333333333,0.3333333333333333,0.5,0.16666666666666666
139,2,0,0,0.0,1.0,0.0,0.16666666666666666
141,2,0,0,0.0,1.0,0.16666666666666666,0.16666666666666666
144,2,0,0,0.0,1.0,0.6666666666666666,0.16666666666666666
147,2,0,0,0.0,1.0,0.5,0.16666666666666666
152,2,0,0,0.0,1.0,0.5,0.16666666666666666
158,2,0,0,0.0,1.0,0.3333333333333333,0.16666666666666666
162,2,0,0,0.2,0.6,0.5,0.16666666666666666
165,2,0,0,0.0,1.0,0.3333333333333333,0.16666666666666666
171,2,0,0,0.25,0.5,0.16666666666666666,0.16666666666666666
182,2,0,0,0.0,1.0,0.3333333333333333,0.16666666666666666
185,2,0,0,0.25,0.5,0.6666666666666666,0.16666666666666666
188,2,0,0,0.0,1.0,0.3333333333333333,0.16666666666666666
191,2,0,0,0.0,1.0,0.5,0.16666666666666666
202,2,0,1,0.6,0.1999999999999999,0.3333333333333333,0.16666666666666666
203,2,0,0,0.2,0.6,0.5,0.16666666666666666
213,2,0,0,0.4,0.1999999999999999,0.16666666666666666,0.16666666666666666
222,2,0,0,0.2,0.6,0.3333333333333333,0.16666666666666666
244,2,0,1,0.6,0.1999999999999999,0.3333333333333333,0.16666666666666666
248,2,0,0,0.4,0.1999999999999999,0.5,0.16666666666666666
250,2,0,0,0.4,0.1999999999999999,0.5,0.16666666666666666
253,2,0,0,0.0,1.0,0.5,0.16666666666666666
255,2,0,0,0.25,0.5,0.16666666666666666,0.16666666666666666
257,2,0,0,0.25,0.5,0.3333333333333333,0.16666666666666666
261,2,0,0,0.25,0.5,0.16666666666666666,0.16666666666666666
263,2,0,0,0.2,0.6,0.3333333333333333,0.16666666666666666
276,2,0,0,0.2,0.6,0.5,0.16666666666666666
288,2,0,1,0.75,0.5,0.3333333333333333,0.16666666666666666
297,2,0,0,0.0,1.0,0.5,0.16666666666666666
324,2,0,0,0.2,0.6,0.16666666666666666,0.16666666666666666
326,2,0,0,0.0,1.0,0.5,0.16666666666666666
327,2,0,0,0.0,1.0,0.0,0.16666666666666666
339,2,0,0,0.0,1.0,0.16666666666666666,0.16666666666666666
341,2,0,1,0.6,0.1999999999999999,0.16666666666666666,0.16666666666666666
345,2,0,0,0.0,1.0,0.5,0.16666666666666666
355,2,0,0,0.25,0.5,0.3333333333333333,0.16666666666666666
362,2,0,1,0.75,0.5,0.6666666666666666,0.16666666666666666
363,2,0,0,0.0,1.0,0.3333333333333333,0.16666666666666666
373,2,0,0,0.0,1.0,0.3333333333333333,0.16666666666666666
379,2,0,1,0.75,0.5,0.16666666666666666,0.16666666666666666
387,2,0,0,0.0,1.0,0.5,0.16666666666666666
393,2,0,0,0.25,0.5,0.6666666666666666,0.16666666666666666
396,2,0,1,0.75,0.5,0.5,0.16666666666666666
402,2,0,1,0.6,0.1999999999999999,0.3333333333333333,0.16666666666666666
404,2,0,1,0.6,0.1999999999999999,0.3333333333333333,0.16666666666666666
405,2,0,0,0.0,1.0,0.3333333333333333,0.16666666666666666
408,2,0,0,0.4,0.1999999999999999,0.3333333333333333,0.16666666666666666
409,2,0,0,0.4,0.1999999999999999,0.16666666666666666,0.16666666666666666
412,2,0,1,1.0,1.0,0.0,0.16666666666666666
414,2,0,1,0.6,0.1999999999999999,0.16666666666666666,0.16666666666666666
417,2,0,0,0.2,0.6,0.16666666666666666,0.16666666666666666
418,2,0,0,0.0,1.0,0.5,0.16666666666666666
424,2,0,1,0.6,0.1999999999999999,0.3333333333333333,0.16666666666666666
425,2,0,0,0.0,1.0,0.3333333333333333,0.16666666666666666
426,2,0,1,0.8,0.6000000000000001,0.5,0.16666666666666666
438,2,0,0,0.1666666666666666,0.6666666666666667,0.3333333333333333,0.16666666666666666
444,2,0,0,0.2,0.6,0.6666666666666666,0.16666666666666666
459,2,0,0,0.25,0.5,0.3333333333333333,0.16666666666666666
470,2,0,0,0.0,1.0,0.16666666666666666,0.16666666666666666
483,2,0,0,0.25,0.5,0.3333333333333333,0.16666666666666666
498,2,0,0,0.0,1.0,0.16666666666666666,0.16666666666666666
503,2,0,0,0.0,1.0,0.6666666666666666,0.16666666666666666
504,2,0,1,0.75,0.5,0.6666666666666666,0.16666666666666666
509,2,0,0,0.25,0.5,0.5,0.16666666666666666
515,2,0,0,0.25,0.5,0.6666666666666666,0.16666666666666666
517,2,0,0,0.25,0.5,0.5,0.16666666666666666
525,2,0,0,0.2,0.6,0.16666666666666666,0.16666666666666666
533,2,0,0,0.0,1.0,0.3333333333333333,0.16666666666666666
539,2,0,0,0.25,0.5,0.3333333333333333,0.16666666666666666
542,2,0,0,0.25,0.5,0.5,0.16666666666666666
549,2,0,0,0.0,1.0,0.5,0.16666666666666666
557,2,0,0,0.3333333333333333,0.3333333333333333,0.5,0.16666666666666666
566,2,0,0,0.1666666666666666,0.6666666666666667,0.3333333333333333,0.16666666666666666
567,2,0,0,0.3333333333333333,0.3333333333333333,0.3333333333333333,0.16666666666666666
574,2,0,0,0.3333333333333333,0.3333333333333333,0.3333333333333333,0.16666666666666666
590,2,0,0,0.3333333333333333,0.3333333333333333,0.16666666666666666,0.16666666666666666
601,2,0,0,0.0,1.0,0.5,0.16666666666666666
602,2,0,0,0.25,0.5,0.0,0.16666666666666666
609,2,0,0,0.25,0.5,0.0,0.16666666666666666
611,2,0,1,0.75,0.5,0.16666666666666666,0.16666666666666666
615,2,0,1,0.75,0.5,0.3333333333333333,0.16666666666666666
618,2,0,0,0.0,1.0,0.0,0.16666666666666666
639,2,0,0,0.0,1.0,0.3333333333333333,0.16666666666666666
640,2,0,1,0.75,0.5,0.3333333333333333,0.16666666666666666
645,2,0,1,0.75,0.5,0.3333333333333333,0.16666666666666666
651,2,0,0,0.3333333333333333,0.3333333333333333,0.3333333333333333,0.16666666666666666
652,2,0,0,0.0,1.0,0.3333333333333333,0.16666666666666666
660,2,0,0,0.1666666666666666,0.6666666666666667,0.5,0.16666666666666666
662,2,0,0,0.0,1.0,0.16666666666666666,0.16666666666666666
663,2,0,0,0.3333333333333333,0.3333333333333333,0.3333333333333333,0.16666666666666666
680,2,0,0,0.0,1.0,0.3333333333333333,0.16666666666666666
681,2,0,0,0.1666666666666666,0.6666666666666667,0.0,0.16666666666666666
682,2,0,0,0.1666666666666666,0.6666666666666667,0.16666666666666666,0.16666666666666666
684,2,0,0,0.0,1.0,0.16666666666666666,0.16666666666666666
689,2,0,0,0.0,1.0,0.5,0.16666666666666666
716,2,0,1,0.6666666666666666,0.3333333333333332,0.16666666666666666,0.16666666666666666
721,2,0,0,0.3333333333333333,0.3333333333333333,0.3333333333333333,0.16666666666666666
723,2,0,0,0.1666666666666666,0.6666666666666667,0.3333333333333333,0.16666666666666666
737,2,0,0,0.1666666666666666,0.6666666666666667,0.3333333333333333,0.16666666666666666
7,2,1,1,0.6,0.1999999999999999,0.3333333333333333,0.16666666666666666
11,2,1,1,0.6,0.1999999999999999,0.5,0.16666666666666666
13,2,1,0,0.2,0.6,0.3333333333333333,0.16666666666666666
14,2,1,0,0.2,0.6,0.16666666666666666,0.16666666666666666
20,2,1,0,0.25,0.5,0.5,0.16666666666666666
29,2,1,0,0.2,0.6,0.3333333333333333,0.16666666666666666
34,2,1,0,0.1666666666666666,0.6666666666666667,0.3333333333333333,0.16666666666666666
46,2,1,0,0.4,0.1999999999999999,0.5,0.16666666666666666
67,2,1,0,0.0,1.0,0.5,0.16666666666666666
82,2,1,0,0.25,0.5,0.16666666666666666,0.16666666666666666
83,2,1,0,0.25,0.5,0.3333333333333333,0.16666666666666666
85,2,1,0,0.25,0.5,0.3333333333333333,0.16666666666666666
93,2,1,0,0.0,1.0,0.16666666666666666,0.16666666666666666
103,2,1,0,0.1111111111111111,0.7777777777777778,0.5,0.16666666666666666
116,2,1,0,0.0,1.0,0.3333333333333333,0.16666666666666666
122,2,1,0,0.0,1.0,0.3333333333333333,0.16666666666666666
123,2,1,0,0.0,1.0,0.5,0.16666666666666666
124,2,1,0,0.0,1.0,0.0,0.16666666666666666
127,2,1,1,0.6666666666666666,0.3333333333333332,0.16666666666666666,0.16666666666666666
128,2,1,0,0.1111111111111111,0.7777777777777778,0.5,0.16666666666666666
131,2,1,0,0.0,1.0,0.5,0.16666666666666666
132,2,1,0,0.2222222222222222,0.5555555555555556,0.3333333333333333,0.16666666666666666
149,2,1,0,0.3333333333333333,0.3333333333333333,0.3333333333333333,0.16666666666666666
153,2,1,0,0.0,1.0,0.6666666666666666,0.16666666666666666
157,2,1,0,0.25,0.5,0.16666666666666666,0.16666666666666666
159,2,1,0,0.0,1.0,0.5,0.16666666666666666
176,2,1,0,0.0,1.0,0.16666666666666666,0.16666666666666666
177,2,1,0,0.0,1.0,0.16666666666666666,0.16666666666666666
184,2,1,0,0.0,1.0,0.6666666666666666,0.16666666666666666
190,2,1,0,0.25,0.5,0.5,0.16666666666666666
198,2,1,0,0.0,1.0,0.16666666666666666,0.16666666666666666
199,2,1,0,0.25,0.5,0.3333333333333333,0.16666666666666666
207,2,1,0,0.2,0.6,0.3333333333333333,0.16666666666666666
208,2,1,0,0.0,1.0,0.3333333333333333,0.16666666666666666
212,2,1,0,0.2,0.6,0.3333333333333333,0.16666666666666666
216,2,1,0,0.0,1.0,0.5,0.16666666666666666
221,2,1,1,0.8,0.6000000000000001,0.16666666666666666,0.16666666666666666
224,2,1,0,0.4,0.1999999999999999,0.3333333333333333,0.16666666666666666
229,2,1,0,0.0,1.0,0.3333333333333333,0.16666666666666666
235,2,1,0,0.0,1.0,0.5,0.16666666666666666
240,2,1,0,0.2,0.6,0.5,0.16666666666666666
245,2,1,0,0.0,1.0,0.3333333333333333,0.16666666666666666
247,2,1,0,0.2,0.6,0.5,0.16666666666666666
249,2,1,1,0.6,0.1999999999999999,0.16666666666666666,0.16666666666666666
258,2,1,0,0.0,1.0,0.3333333333333333,0.16666666666666666
260,2,1,0,0.25,0.5,0.3333333333333333,0.16666666666666666
278,2,1,0,0.25,0.5,0.3333333333333333,0.16666666666666666
279,2,1,0,0.2,0.6,0.3333333333333333,0.16666666666666666
285,2,1,0,0.4,0.1999999999999999,0.5,0.16666666666666666
287,2,1,0,0.25,0.5,0.3333333333333333,0.16666666666666666
291,2,1,0,0.0,1.0,0.3333333333333333,0.16666666666666666
292,2,1,0,0.25,0.5,0.3333333333333333,0.16666666666666666
295,2,1,0,0.0,1.0,0.3333333333333333,0.16666666666666666
300,2,1,0,0.0,1.0,0.3333333333333333,0.16666666666666666
307,2,1,0,0.4,0.1999999999999999,0.0,0.16666666666666666
315,2,1,1,0.8,0.6000000000000001,0.3333333333333333,0.16666666666666666
317,2,1,0,0.4,0.1999999999999999,0.3333333333333333,0.16666666666666666
318,2,1,0,0.4,0.1999999999999999,0.3333333333333333,0.16666666666666666
321,2,1,1,0.6,0.1999999999999999,0.16666666666666666,0.16666666666666666
343,2,1,1,0.8,0.6000000000000001,0.5,0.16666666666666666
349,2,1,0,0.0,1.0,0.5,0.16666666666666666
351,2,1,0,0.0,1.0,0.3333333333333333,0.16666666666666666
358,2,1,0,0.25,0.5,0.3333333333333333,0.16666666666666666
365,2,1,0,0.25,0.5,0.5,0.16666666666666666
383,2,1,0,0.0,1.0,0.3333333333333333,0.16666666666666666
386,2,1,0,0.25,0.5,0.3333333333333333,0.16666666666666666
413,2,1,0,0.0,1.0,0.3333333333333333,0.16666666666666666
420,2,1,0,0.0,1.0,0.3333333333333333,0.16666666666666666
427,2,1,1,0.6,0.1999999999999999,0.16666666666666666,0.16666666666666666
433,2,1,0,0.0,1.0,0.3333333333333333,0.16666666666666666
443,2,1,0,0.0,1.0,0.6666666666666666,0.16666666666666666
447,2,1,0,0.0,1.0,0.16666666666666666,0.16666666666666666
453,2,1,0,0.25,0.5,0.5,0.16666666666666666
454,2,1,0,0.0,1.0,0.3333333333333333,0.16666666666666666
460,2,1,0,0.0,1.0,0.5,0.16666666666666666
463,2,1,0,0.25,0.5,0.16666666666666666,0.16666666666666666
464,2,1,0,0.0,1.0,0.3333333333333333,0.16666666666666666
469,2,1,1,0.75,0.5,0.0,0.16666666666666666
471,2,1,0,0.0,1.0,0.16666666666666666,0.16666666666666666
474,2,1,0,0.0,1.0,0.3333333333333333,0.16666666666666666
475,2,1,0,0.25,0.5,0.3333333333333333,0.16666666666666666
477,2,1,0,0.0,1.0,0.3333333333333333,0.16666666666666666
492,2,1,0,0.3333333333333333,0.3333333333333333,0.16666666666666666,0.16666666666666666
494,2,1,1,0.8,0.6000000000000001,0.16666666666666666,0.16666666666666666
496,2,1,1,0.75,0.5,0.3333333333333333,0.16666666666666666
499,2,1,0,0.0,1.0,0.5,0.16666666666666666
502,2,1,1,0.75,0.5,0.5,0.16666666666666666
516,2,1,0,0.0,1.0,0.5,0.16666666666666666
521,2,1,1,0.75,0.5,0.3333333333333333,0.16666666666666666
522,2,1,0,0.25,0.5,0.16666666666666666,0.16666666666666666
528,2,1,0,0.0,1.0,0.5,0.16666666666666666
534,2,1,1,0.75,0.5,0.5,0.16666666666666666
540,2,1,0,0.25,0.5,0.16666666666666666,0.16666666666666666
545,2,1,0,0.25,0.5,0.3333333333333333,0.16666666666666666
556,2,1,0,0.1666666666666666,0.6666666666666667,0.16666666666666666,0.16666666666666666
562,2,1,0,0.3333333333333333,0.3333333333333333,0.5,0.16666666666666666
565,2,1,0,0.3333333333333333,0.3333333333333333,0.3333333333333333,0.16666666666666666
587,2,1,1,0.8333333333333334,0.6666666666666667,0.16666666666666666,0.16666666666666666
599,2,1,0,0.0,1.0,0.16666666666666666,0.16666666666666666
606,2,1,0,0.25,0.5,0.16666666666666666,0.16666666666666666
607,2,1,0,0.0,1.0,0.0,0.16666666666666666
612,2,1,0,0.0,1.0,0.3333333333333333,0.16666666666666666
619,2,1,0,0.25,0.5,0.0,0.16666666666666666
620,2,1,1,0.75,0.5,0.16666666666666666,0.16666666666666666
622,2,1,1,0.75,0.5,0.3333333333333333,0.16666666666666666
627,2,1,1,0.75,0.5,0.3333333333333333,0.16666666666666666
638,2,1,0,0.25,0.5,0.16666666666666666,0.16666666666666666
655,2,1,1,0.6666666666666666,0.3333333333333332,0.3333333333333333,0.16666666666666666
656,2,1,1,0.6666666666666666,0.3333333333333332,0.5,0.16666666666666666
667,2,1,0,0.3333333333333333,0.3333333333333333,0.3333333333333333,0.16666666666666666
672,2,1,0,0.0,1.0,0.16666666666666666,0.16666666666666666
675,2,1,0,0.3333333333333333,0.3333333333333333,0.5,0.16666666666666666
676,2,1,0,0.1666666666666666,0.6666666666666667,0.3333333333333333,0.16666666666666666
679,2,1,0,0.4,0.1999999999999999,0.5,0.16666666666666666
687,2,1,0,0.3333333333333333,0.3333333333333333,0.3333333333333333,0.16666666666666666
690,2,1,0,0.0,1.0,0.16666666666666666,0.16666666666666666
691,2,1,0,0.1666666666666666,0.6666666666666667,0.0,0.16666666666666666
708,2,1,0,0.0,1.0,0.16666666666666666,0.16666666666666666
712,2,1,0,0.1666666666666666,0.6666666666666667,0.3333333333333333,0.16666666666666666
713,2,1,1,0.6,0.1999999999999999,0.16666666666666666,0.16666666666666666
724,2,1,0,0.2,0.6,0.3333333333333333,0.16666666666666666
726,2,1,0,0.0,1.0,0.16666666666666666,0.16666666666666666
728,2,1,0,0.2,0.6,0.5,0.16666666666666666
733,2,1,0,0.1666666666666666,0.6666666666666667,0.3333333333333333,0.16666666666666666
735,2,1,0,0.0,1.0,0.3333333333333333,0.16666666666666666
736,2,1,0,0.0,1.0,0.3333333333333333,0.16666666666666666
739,2,1,0,0.3333333333333333,0.3333333333333333,0.5,0.16666666666666666
15,2,2,0,0.4,0.1999999999999999,0.3333333333333333,0.16666666666666666
21,2,2,0,0.2,0.6,0.16666666666666666,0.16666666666666666
24,2,2,0,0.0,1.0,0.3333333333333333,0.16666666666666666
27,2,2,0,0.2,0.6,0.5,0.16666666666666666
28,2,2,0,0.2,0.6,0.16666666666666666,0.16666666666666666
30,2,2,0,0.2,0.6,0.3333333333333333,0.16666666666666666
31,2,2,0,0.1666666666666666,0.6666666666666667,0.3333333333333333,0.16666666666666666
37,2,2,0,0.2,0.6,0.3333333333333333,0.16666666666666666
47,2,2,0,0.25,0.5,0.3333333333333333,0.16666666666666666
48,2,2,1,0.6,0.1999999999999999,0.6666666666666666,0.16666666666666666
50,2,2,1,0.8,0.6000000000000001,0.16666666666666666,0.16666666666666666
58,2,2,0,0.25,0.5,0.3333333333333333,0.16666666666666666
59,2,2,0,0.25,0.5,0.5,0.16666666666666666
61,2,2,0,0.2,0.6,0.5,0.16666666666666666
64,2,2,0,0.3333333333333333,0.3333333333333333,0.3333333333333333,0.16666666666666666
71,2,2,0,0.0,1.0,0.3333333333333333,0.16666666666666666
76,2,2,0,0.25,0.5,0.0,0.16666666666666666
87,2,2,0,0.0,1.0,0.16666666666666666,0.16666666666666666
94,2,2,0,0.25,0.5,0.5,0.16666666666666666
95,2,2,0,0.25,0.5,0.6666666666666666,0.16666666666666666
97,2,2,0,0.25,0.5,0.3333333333333333,0.16666666666666666
101,2,2,0,0.3333333333333333,0.3333333333333333,0.3333333333333333,0.16666666666666666
105,2,2,0,0.0,1.0,0.16666666666666666,0.16666666666666666
110,2,2,0,0.0,1.0,0.5,0.16666666666666666
111,2,2,0,0.1111111111111111,0.7777777777777778,0.3333333333333333,0.16666666666666666
113,2,2,0,0.1111111111111111,0.7777777777777778,0.5,0.16666666666666666
120,2,2,0,0.0,1.0,0.16666666666666666,0.16666666666666666
129,2,2,0,0.2,0.6,0.16666666666666666,0.16666666666666666
138,2,2,1,0.5555555555555556,0.1111111111111111,0.16666666666666666,0.16666666666666666
142,2,2,0,0.0,1.0,0.3333333333333333,0.16666666666666666
150,2,2,0,0.0,1.0,0.3333333333333333,0.16666666666666666
151,2,2,0,0.0,1.0,0.0,0.16666666666666666
156,2,2,0,0.25,0.5,0.3333333333333333,0.16666666666666666
163,2,2,0,0.25,0.5,0.0,0.16666666666666666
167,2,2,0,0.0,1.0,0.5,0.16666666666666666
168,2,2,0,0.25,0.5,0.3333333333333333,0.16666666666666666
173,2,2,0,0.25,0.5,0.3333333333333333,0.16666666666666666
179,2,2,0,0.25,0.5,0.16666666666666666,0.16666666666666666
187,2,2,0,0.0,1.0,0.16666666666666666,0.16666666666666666
201,2,2,0,0.25,0.5,0.16666666666666666,0.16666666666666666
205,2,2,0,0.2,0.6,0.16666666666666666,0.16666666666666666
214,2,2,0,0.2,0.6,0.3333333333333333,0.16666666666666666
220,2,2,0,0.4,0.1999999999999999,0.3333333333333333,0.16666666666666666
223,2,2,0,0.2,0.6,0.3333333333333333,0.16666666666666666
237,2,2,0,0.4,0.1999999999999999,0.5,0.16666666666666666
238,2,2,0,0.25,0.5,0.16666666666666666,0.16666666666666666
241,2,2,1,0.6,0.1999999999999999,0.16666666666666666,0.16666666666666666
252,2,2,0,0.0,1.0,0.3333333333333333,0.16666666666666666
259,2,2,0,0.0,1.0,0.3333333333333333,0.16666666666666666
264,2,2,0,0.25,0.5,0.16666666666666666,0.16666666666666666
270,2,2,0,0.0,1.0,0.3333333333333333,0.16666666666666666
271,2,2,0,0.0,1.0,0.16666666666666666,0.16666666666666666
280,2,2,0,0.25,0.5,0.16666666666666666,0.16666666666666666
281,2,2,0,0.0,1.0,0.16666666666666666,0.16666666666666666
283,2,2,0,0.25,0.5,0.3333333333333333,0.16666666666666666
286,2,2,0,0.2,0.6,0.3333333333333333,0.16666666666666666
290,2,2,0,0.0,1.0,0.16666666666666666,0.16666666666666666
296,2,2,0,0.0,1.0,0.3333333333333333,0.16666666666666666
298,2,2,0,0.25,0.5,0.3333333333333333,0.16666666666666666
299,2,2,1,0.8,0.6000000000000001,0.5,0.16666666666666666
303,2,2,0,0.0,1.0,0.3333333333333333,0.16666666666666666
306,2,2,0,0.0,1.0,0.16666666666666666,0.16666666666666666
309,2,2,1,0.8,0.6000000000000001,0.3333333333333333,0.16666666666666666
310,2,2,0,0.2,0.6,0.5,0.16666666666666666
312,2,2,0,0.0,1.0,0.5,0.16666666666666666
322,2,2,1,0.6,0.1999999999999999,0.16666666666666666,0.16666666666666666
323,2,2,0,0.0,1.0,0.5,0.16666666666666666
330,2,2,0,0.4,0.1999999999999999,0.3333333333333333,0.16666666666666666
333,2,2,0,0.0,1.0,0.16666666666666666,0.16666666666666666
338,2,2,0,0.4,0.1999999999999999,0.5,0.16666666666666666
340,2,2,1,0.6,0.1999999999999999,0.5,0.16666666666666666
342,2,2,0,0.2,0.6,0.16666666666666666,0.16666666666666666
354,2,2,0,0.25,0.5,0.16666666666666666,0.16666666666666666
361,2,2,0,0.0,1.0,0.3333333333333333,0.16666666666666666
367,2,2,0,0.25,0.5,0.6666666666666666,0.16666666666666666
389,2,2,0,0.25,0.5,0.3333333333333333,0.16666666666666666
390,2,2,1,0.75,0.5,0.3333333333333333,0.16666666666666666
397,2,2,1,0.75,0.5,0.16666666666666666,0.16666666666666666
401,2,2,0,0.2,0.6,0.5,0.16666666666666666
406,2,2,1,0.6,0.1999999999999999,0.16666666666666666,0.16666666666666666
411,2,2,0,0.2,0.6,0.16666666666666666,0.16666666666666666
419,2,2,0,0.4,0.1999999999999999,0.16666666666666666,0.16666666666666666
421,2,2,0,0.2,0.6,0.16666666666666666,0.16666666666666666
422,2,2,1,0.6,0.1999999999999999,0.16666666666666666,0.16666666666666666
429,2,2,0,0.0,1.0,0.3333333333333333,0.16666666666666666
434,2,2,0,0.0,1.0,0.5,0.16666666666666666
442,2,2,1,0.8,0.6000000000000001,0.5,0.16666666666666666
446,2,2,0,0.2,0.6,0.3333333333333333,0.16666666666666666
451,2,2,0,0.25,0.5,0.16666666666666666,0.16666666666666666
458,2,2,0,0.0,1.0,0.3333333333333333,0.16666666666666666
467,2,2,1,1.0,1.0,0.16666666666666666,0.16666666666666666
481,2,2,0,0.0,1.0,0.5,0.16666666666666666
493,2,2,0,0.0,1.0,0.16666666666666666,0.16666666666666666
500,2,2,0,0.25,0.5,0.5,0.16666666666666666
518,2,2,0,0.25,0.5,0.6666666666666666,0.16666666666666666
524,2,2,0,0.0,1.0,0.5,0.16666666666666666
526,2,2,0,0.0,1.0,0.3333333333333333,0.16666666666666666
552,2,2,1,0.6666666666666666,0.3333333333333332,0.5,0.16666666666666666
553,2,2,0,0.0,1.0,0.16666666666666666,0.16666666666666666
555,2,2,0,0.3333333333333333,0.3333333333333333,0.3333333333333333,0.16666666666666666
579,2,2,0,0.3333333333333333,0.3333333333333333,0.16666666666666666,0.16666666666666666
586,2,2,1,0.6666666666666666,0.3333333333333332,0.16666666666666666,0.16666666666666666
588,2,2,0,0.1666666666666666,0.6666666666666667,0.16666666666666666,0.16666666666666666
595,2,2,1,0.8333333333333334,0.6666666666666667,0.16666666666666666,0.16666666666666666
598,2,2,0,0.3333333333333333,0.3333333333333333,0.16666666666666666,0.16666666666666666
600,2,2,0,0.1666666666666666,0.6666666666666667,0.16666666666666666,0.16666666666666666
610,2,2,0,0.25,0.5,0.3333333333333333,0.16666666666666666
614,2,2,1,0.75,0.5,0.3333333333333333,0.16666666666666666
631,2,2,0,0.0,1.0,0.16666666666666666,0.16666666666666666
636,2,2,0,0.0,1.0,0.16666666666666666,0.16666666666666666
641,2,2,0,0.0,1.0,0.3333333333333333,0.16666666666666666
644,2,2,0,0.25,0.5,0.5,0.16666666666666666
646,2,2,0,0.0,1.0,0.3333333333333333,0.16666666666666666
654,2,2,0,0.1666666666666666,0.6666666666666667,0.3333333333333333,0.16666666666666666
661,2,2,1,0.8333333333333334,0.6666666666666667,0.16666666666666666,0.16666666666666666
683,2,2,1,0.8333333333333334,0.6666666666666667,0.0,0.16666666666666666
685,2,2,0,0.0,1.0,0.3333333333333333,0.16666666666666666
692,2,2,0,0.0,1.0,0.16666666666666666,0.16666666666666666
694,2,2,0,0.3333333333333333,0.3333333333333333,0.3333333333333333,0.16666666666666666
699,2,2,0,0.1666666666666666,0.6666666666666667,0.16666666666666666,0.16666666666666666
701,2,2,0,0.1666666666666666,0.6666666666666667,0.0,0.16666666666666666
702,2,2,0,0.1666666666666666,0.6666666666666667,0.0,0.16666666666666666
703,2,2,0,0.0,1.0,0.5,0.16666666666666666
706,2,2,1,0.6666666666666666,0.3333333333333332,0.3333333333333333,0.16666666666666666
710,2,2,0,0.0,1.0,0.16666666666666666,0.16666666666666666
732,2,2,0,0.0,1.0,0.5,0.16666666666666666
738,2,2,0,0.3333333333333333,0.3333333333333333,0.16666666666666666,0.16666666666666666
2,2,3,0,0.4,0.1999999999999999,0.3333333333333333,0.0
9,2,3,0,0.0,1.0,0.5,0.0
26,2,3,1,0.8,0.6000000000000001,0.5,0.0
32,2,3,0,0.2,0.6,0.5,0.0
39,2,3,0,0.0,1.0,0.3333333333333333,0.0
40,2,3,0,0.2,0.6,0.5,0.0
42,2,3,0,0.0,1.0,0.3333333333333333,0.0
45,2,3,0,0.0,1.0,0.5,0.0
52,2,3,0,0.25,0.5,0.5,0.0
53,2,3,0,0.1666666666666666,0.6666666666666667,0.6666666666666666,0.0
55,2,3,0,0.0,1.0,0.3333333333333333,0.0
56,2,3,0,0.25,0.5,0.16666666666666666,0.0
57,2,3,1,1.0,1.0,0.3333333333333333,0.0
63,2,3,0,0.0,1.0,0.16666666666666666,0.0
69,2,3,0,0.0,1.0,0.3333333333333333,0.0
75,2,3,0,0.0,1.0,0.0,0.0
77,2,3,0,0.25,0.5,0.16666666666666666,0.0
78,2,3,0,0.0,1.0,0.16666666666666666,0.0
79,2,3,0,0.25,0.5,0.16666666666666666,0.0
92,2,3,0,0.0,1.0,0.3333333333333333,0.0
96,2,3,0,0.0,1.0,0.6666666666666666,0.0
100,2,3,0,0.25,0.5,0.3333333333333333,0.0
106,2,3,1,1.0,1.0,0.16666666666666666,0.0
109,2,3,0,0.1111111111111111,0.7777777777777778,0.3333333333333333,0.0
119,2,3,0,0.1111111111111111,0.7777777777777778,0.5,0.0
121,2,3,0,0.1111111111111111,0.7777777777777778,0.6666666666666666,0.0
130,2,3,0,0.1111111111111111,0.7777777777777778,0.3333333333333333,0.0
137,2,3,1,0.6666666666666666,0.3333333333333332,0.3333333333333333,0.0
143,2,3,1,0.5555555555555556,0.1111111111111111,0.5,0.0
146,2,3,1,0.8888888888888888,0.7777777777777777,0.16666666666666666,0.0
148,2,3,0,0.1111111111111111,0.7777777777777778,0.3333333333333333,0.0
160,2,3,0,0.1666666666666666,0.6666666666666667,0.3333333333333333,0.0
164,2,3,0,0.0,1.0,0.0,0.0
166,2,3,0,0.25,0.5,0.3333333333333333,0.0
172,2,3,0,0.0,1.0,0.3333333333333333,0.0
180,2,3,0,0.0,1.0,0.16666666666666666,0.0
183,2,3,0,0.0,1.0,0.3333333333333333,0.0
194,2,3,0,0.0,1.0,0.5,0.0
195,2,3,0,0.0,1.0,0.3333333333333333,0.0
210,2,3,0,0.4,0.1999999999999999,0.3333333333333333,0.0
215,2,3,0,0.2,0.6,0.16666666666666666,0.0
225,2,3,0,0.2,0.6,0.0,0.0
226,2,3,0,0.0,1.0,0.16666666666666666,0.0
230,2,3,0,0.2,0.6,0.5,0.0
232,2,3,0,0.25,0.5,0.3333333333333333,0.0
246,2,3,0,0.4,0.1999999999999999,0.5,0.0
251,2,3,0,0.25,0.5,0.16666666666666666,0.0
267,2,3,0,0.0,1.0,0.3333333333333333,0.0
282,2,3,0,0.25,0.5,0.3333333333333333,0.0
302,2,3,0,0.0,1.0,0.3333333333333333,0.0
308,2,3,0,0.4,0.1999999999999999,0.3333333333333333,0.0
311,2,3,0,0.4,0.1999999999999999,0.0,0.0
314,2,3,0,0.0,1.0,0.3333333333333333,0.0
316,2,3,0,0.4,0.1999999999999999,0.5,0.0
325,2,3,0,0.0,1.0,0.5,0.0
329,2,3,0,0.0,1.0,0.5,0.0
336,2,3,0,0.4,0.1999999999999999,0.3333333333333333,0.0
337,2,3,0,0.0,1.0,0.3333333333333333,0.0
344,2,3,0,0.2,0.6,0.3333333333333333,0.0
352,2,3,0,0.25,0.5,0.16666666666666666,0.0
353,2,3,0,0.0,1.0,0.16666666666666666,0.0
356,2,3,0,0.25,0.5,0.3333333333333333,0.0
359,2,3,0,0.25,0.5,0.6666666666666666,0.0
372,2,3,0,0.25,0.5,0.16666666666666666,0.0
377,2,3,0,0.25,0.5,0.16666666666666666,0.0
380,2,3,1,0.75,0.5,0.3333333333333333,0.0
384,2,3,0,0.25,0.5,0.3333333333333333,0.0
398,2,3,0,0.25,0.5,0.3333333333333333,0.0
415,2,3,0,0.0,1.0,0.16666666666666666,0.0
416,2,3,0,0.0,1.0,0.16666666666666666,0.0
428,2,3,1,0.6,0.1999999999999999,0.3333333333333333,0.0
435,2,3,0,0.4,0.1999999999999999,0.5,0.0
436,2,3,0,0.4,0.1999999999999999,0.5,0.0
439,2,3,0,0.2,0.6,0.5,0.0
440,2,3,0,0.0,1.0,0.6666666666666666,0.0
450,2,3,0,0.2,0.6,0.5,0.0
455,2,3,0,0.0,1.0,0.3333333333333333,0.0
468,2,3,0,0.25,0.5,0.16666666666666666,0.0
472,2,3,0,0.25,0.5,0.5,0.0
476,2,3,0,0.0,1.0,0.3333333333333333,0.0
478,2,3,0,0.0,1.0,0.5,0.0
479,2,3,0,0.0,1.0,0.3333333333333333,0.0
482,2,3,0,0.0,1.0,0.3333333333333333,0.0
487,2,3,0,0.2,0.6,0.3333333333333333,0.0
490,2,3,0,0.25,0.5,0.5,0.0
495,2,3,0,0.0,1.0,0.5,0.0
497,2,3,0,0.0,1.0,0.6666666666666666,0.0
501,2,3,0,0.25,0.5,0.5,0.0
508,2,3,1,0.75,0.5,0.3333333333333333,0.0
514,2,3,1,0.75,0.5,0.3333333333333333,0.0
531,2,3,1,0.75,0.5,0.5,0.0
537,2,3,0,0.25,0.5,0.3333333333333333,0.0
559,2,3,1,0.6666666666666666,0.3333333333333332,0.5,0.0
563,2,3,0,0.0,1.0,0.16666666666666666,0.0
570,2,3,1,0.6666666666666666,0.3333333333333332,0.16666666666666666,0.0
577,2,3,0,0.1666666666666666,0.6666666666666667,0.16666666666666666,0.0
581,2,3,0,0.3333333333333333,0.3333333333333333,0.3333333333333333,0.0
584,2,3,1,0.6666666666666666,0.3333333333333332,0.5,0.0
589,2,3,0,0.3333333333333333,0.3333333333333333,0.0,0.0
592,2,3,1,0.6,0.1999999999999999,0.16666666666666666,0.0
594,2,3,0,0.0,1.0,0.3333333333333333,0.0
597,2,3,0,0.0,1.0,0.5,0.0
604,2,3,1,0.75,0.5,0.16666666666666666,0.0
608,2,3,0,0.0,1.0,0.0,0.0
624,2,3,0,0.25,0.5,0.16666666666666666,0.0
634,2,3,0,0.25,0.5,0.0,0.0
642,2,3,1,0.75,0.5,0.5,0.0
650,2,3,0,0.0,1.0,0.3333333333333333,0.0
659,2,3,1,0.6666666666666666,0.3333333333333332,0.3333333333333333,0.0
668,2,3,0,0.1666666666666666,0.6666666666666667,0.5,0.0
669,2,3,0,0.3333333333333333,0.3333333333333333,0.3333333333333333,0.0
671,2,3,0,0.3333333333333333,0.3333333333333333,0.5,0.0
674,2,3,0,0.3333333333333333,0.3333333333333333,0.5,0.0
677,2,3,1,0.6666666666666666,0.3333333333333332,0.3333333333333333,0.0
686,2,3,0,0.0,1.0,0.0,0.0
688,2,3,0,0.1666666666666666,0.6666666666666667,0.0,0.0
695,2,3,0,0.3333333333333333,0.3333333333333333,0.0,0.0
704,2,3,0,0.3333333333333333,0.3333333333333333,0.3333333333333333,0.0
711,2,3,1,0.6,0.1999999999999999,0.16666666666666666,0.0
719,2,3,0,0.1666666666666666,0.6666666666666667,0.5,0.0
722,2,3,0,0.2,0.6,0.3333333333333333,0.0
725,2,3,0,0.0,1.0,0.3333333333333333,0.0
727,2,3,0,0.4,0.1999999999999999,0.5,0.0
729,2,3,0,0.4,0.1999999999999999,0.3333333333333333,0.0
730,2,3,0,0.3333333333333333,0.3333333333333333,0.5,0.0
734,2,3,0,0.0,1.0,0.3333333333333333,0.0
740,2,3,0,0.1666666666666666,0.6666666666666667,0.16666666666666666,0.0
3,2,4,0,0.0,1.0,0.3333333333333333,0.16666666666666666
5,2,4,0,0.2,0.6,0.16666666666666666,0.16666666666666666
17,2,4,0,0.4,0.1999999999999999,0.16666666666666666,0.16666666666666666
18,2,4,1,0.6,0.1999999999999999,0.3333333333333333,0.16666666666666666
22,2,4,0,0.2,0.6,0.5,0.16666666666666666
36,2,4,0,0.2,0.6,0.5,0.16666666666666666
41,2,4,0,0.2,0.6,0.16666666666666666,0.16666666666666666
43,2,4,0,0.2,0.6,0.3333333333333333,0.16666666666666666
49,2,4,0,0.3333333333333333,0.3333333333333333,0.3333333333333333,0.16666666666666666
51,2,4,0,0.25,0.5,0.3333333333333333,0.16666666666666666
54,2,4,0,0.25,0.5,0.5,0.16666666666666666
65,2,4,0,0.25,0.5,0.5,0.16666666666666666
66,2,4,0,0.0,1.0,0.5,0.16666666666666666
68,2,4,0,0.0,1.0,0.5,0.16666666666666666
72,2,4,0,0.25,0.5,0.5,0.16666666666666666
86,2,4,0,0.0,1.0,0.5,0.16666666666666666
89,2,4,0,0.25,0.5,0.6666666666666666,0.16666666666666666
102,2,4,0,0.0,1.0,0.6666666666666666,0.16666666666666666
107,2,4,0,0.1111111111111111,0.7777777777777778,0.5,0.16666666666666666
112,2,4,0,0.125,0.75,0.16666666666666666,0.16666666666666666
115,2,4,0,0.0,1.0,0.5,0.16666666666666666
117,2,4,0,0.25,0.5,0.5,0.16666666666666666
125,2,4,0,0.125,0.75,0.3333333333333333,0.16666666666666666
126,2,4,0,0.2222222222222222,0.5555555555555556,0.16666666666666666,0.16666666666666666
135,2,4,0,0.1666666666666666,0.6666666666666667,0.3333333333333333,0.16666666666666666
140,2,4,0,0.2222222222222222,0.5555555555555556,0.16666666666666666,0.16666666666666666
145,2,4,0,0.4444444444444444,0.1111111111111111,0.16666666666666666,0.16666666666666666
154,2,4,0,0.25,0.5,0.6666666666666666,0.16666666666666666
155,2,4,0,0.25,0.5,0.3333333333333333,0.16666666666666666
161,2,4,0,0.0,1.0,0.3333333333333333,0.16666666666666666
169,2,4,0,0.0,1.0,0.5,0.16666666666666666
170,2,4,0,0.1666666666666666,0.6666666666666667,0.5,0.16666666666666666
175,2,4,0,0.0,1.0,0.3333333333333333,0.16666666666666666
178,2,4,0,0.0,1.0,0.16666666666666666,0.16666666666666666
186,2,4,0,0.0,1.0,0.3333333333333333,0.16666666666666666
192,2,4,0,0.0,1.0,0.3333333333333333,0.16666666666666666
193,2,4,0,0.25,0.5,0.3333333333333333,0.16666666666666666
197,2,4,0,0.0,1.0,0.0,0.16666666666666666
200,2,4,0,0.2,0.6,0.16666666666666666,0.16666666666666666
204,2,4,0,0.4,0.1999999999999999,0.3333333333333333,0.16666666666666666
209,2,4,0,0.2,0.6,0.16666666666666666,0.16666666666666666
211,2,4,1,0.6,0.1999999999999999,0.3333333333333333,0.16666666666666666
217,2,4,0,0.0,1.0,0.6666666666666666,0.16666666666666666
219,2,4,0,0.0,1.0,0.3333333333333333,0.16666666666666666
227,2,4,1,1.0,1.0,0.3333333333333333,0.16666666666666666
228,2,4,0,0.2,0.6,0.3333333333333333,0.16666666666666666
233,2,4,0,0.0,1.0,0.5,0.16666666666666666
234,2,4,0,0.25,0.5,0.16666666666666666,0.16666666666666666
236,2,4,0,0.0,1.0,0.16666666666666666,0.16666666666666666
239,2,4,1,0.6,0.1999999999999999,0.5,0.16666666666666666
242,2,4,1,0.6,0.1999999999999999,0.3333333333333333,0.16666666666666666
243,2,4,0,0.0,1.0,0.3333333333333333,0.16666666666666666
254,2,4,0,0.25,0.5,0.5,0.16666666666666666
266,2,4,0,0.25,0.5,0.5,0.16666666666666666
294,2,4,0,0.0,1.0,0.3333333333333333,0.16666666666666666
304,2,4,1,0.8,0.6000000000000001,0.3333333333333333,0.16666666666666666
313,2,4,0,0.0,1.0,0.5,0.16666666666666666
319,2,4,0,0.2,0.6,0.5,0.16666666666666666
320,2,4,0,0.0,1.0,0.3333333333333333,0.16666666666666666
328,2,4,1,0.6,0.1999999999999999,0.3333333333333333,0.16666666666666666
331,2,4,0,0.0,1.0,0.5,0.16666666666666666
332,2,4,0,0.0,1.0,0.16666666666666666,0.16666666666666666
334,2,4,0,0.4,0.1999999999999999,0.3333333333333333,0.16666666666666666
346,2,4,1,0.6,0.1999999999999999,0.5,0.16666666666666666
347,2,4,0,0.4,0.1999999999999999,0.3333333333333333,0.16666666666666666
348,2,4,0,0.4,0.1999999999999999,0.3333333333333333,0.16666666666666666
350,2,4,0,0.0,1.0,0.16666666666666666,0.16666666666666666
360,2,4,0,0.25,0.5,0.5,0.16666666666666666
366,2,4,0,0.0,1.0,0.16666666666666666,0.16666666666666666
369,2,4,0,0.0,1.0,0.5,0.16666666666666666
370,2,4,0,0.0,1.0,0.3333333333333333,0.16666666666666666
371,2,4,0,0.25,0.5,0.16666666666666666,0.16666666666666666
381,2,4,1,0.75,0.5,0.3333333333333333,0.16666666666666666
391,2,4,0,0.0,1.0,0.5,0.16666666666666666
399,2,4,0,0.25,0.5,0.5,0.16666666666666666
403,2,4,0,0.0,1.0,0.3333333333333333,0.16666666666666666
407,2,4,0,0.2,0.6,0.0,0.16666666666666666
410,2,4,1,0.6,0.1999999999999999,0.3333333333333333,0.16666666666666666
423,2,4,0,0.0,1.0,0.16666666666666666,0.16666666666666666
430,2,4,1,0.6,0.1999999999999999,0.0,0.16666666666666666
431,2,4,0,0.4,0.1999999999999999,0.3333333333333333,0.16666666666666666
432,2,4,0,0.2,0.6,0.5,0.16666666666666666
437,2,4,1,0.6,0.1999999999999999,0.3333333333333333,0.16666666666666666
441,2,4,0,0.2,0.6,0.5,0.16666666666666666
445,2,4,0,0.0,1.0,0.3333333333333333,0.16666666666666666
448,2,4,0,0.0,1.0,0.5,0.16666666666666666
449,2,4,0,0.4,0.1999999999999999,0.3333333333333333,0.16666666666666666
452,2,4,0,0.25,0.5,0.5,0.16666666666666666
473,2,4,0,0.25,0.5,0.5,0.16666666666666666
484,2,4,0,0.25,0.5,0.16666666666666666,0.16666666666666666
486,2,4,0,0.25,0.5,0.5,0.16666666666666666
489,2,4,0,0.0,1.0,0.3333333333333333,0.16666666666666666
506,2,4,1,0.75,0.5,0.5,0.16666666666666666
507,2,4,1,1.0,1.0,0.3333333333333333,0.16666666666666666
512,2,4,1,1.0,1.0,0.5,0.16666666666666666
513,2,4,0,0.0,1.0,0.3333333333333333,0.16666666666666666
519,2,4,0,0.0,1.0,0.3333333333333333,0.16666666666666666
523,2,4,0,0.25,0.5,0.5,0.16666666666666666
527,2,4,0,0.25,0.5,0.3333333333333333,0.16666666666666666
532,2,4,0,0.0,1.0,0.16666666666666666,0.16666666666666666
535,2,4,0,0.25,0.5,0.5,0.16666666666666666
536,2,4,0,0.3333333333333333,0.3333333333333333,0.3333333333333333,0.16666666666666666
538,2,4,0,0.0,1.0,0.3333333333333333,0.16666666666666666
550,2,4,0,0.0,1.0,0.3333333333333333,0.16666666666666666
551,2,4,1,0.6666666666666666,0.3333333333333332,0.5,0.16666666666666666
560,2,4,0,0.1666666666666666,0.6666666666666667,0.5,0.16666666666666666
568,2,4,1,1.0,1.0,0.3333333333333333,0.16666666666666666
569,2,4,0,0.1666666666666666,0.6666666666666667,0.16666666666666666,0.16666666666666666
572,2,4,1,0.8333333333333334,0.6666666666666667,0.3333333333333333,0.16666666666666666
573,2,4,0,0.3333333333333333,0.3333333333333333,0.16666666666666666,0.16666666666666666
580,2,4,0,0.3333333333333333,0.3333333333333333,0.16666666666666666,0.16666666666666666
613,2,4,0,0.0,1.0,0.3333333333333333,0.16666666666666666
616,2,4,1,0.75,0.5,0.3333333333333333,0.16666666666666666
625,2,4,0,0.0,1.0,0.3333333333333333,0.16666666666666666
628,2,4,0,0.0,1.0,0.16666666666666666,0.16666666666666666
658,2,4,0,0.1666666666666666,0.6666666666666667,0.3333333333333333,0.16666666666666666
664,2,4,1,0.6666666666666666,0.3333333333333332,0.3333333333333333,0.16666666666666666
665,2,4,0,0.1666666666666666,0.6666666666666667,0.3333333333333333,0.16666666666666666
673,2,4,0,0.3333333333333333,0.3333333333333333,0.3333333333333333,0.16666666666666666
678,2,4,0,0.3333333333333333,0.3333333333333333,0.5,0.16666666666666666
696,2,4,0,0.1666666666666666,0.6666666666666667,0.0,0.16666666666666666
709,2,4,0,0.3333333333333333,0.3333333333333333,0.0,0.16666666666666666
714,2,4,0,0.3333333333333333,0.3333333333333333,0.3333333333333333,0.16666666666666666
718,2,4,0,0.1666666666666666,0.6666666666666667,0.16666666666666666,0.16666666666666666
720,2,4,0,0.0,1.0,0.5,0.16666666666666666
731,2,4,0,0.0,1.0,0.5,0.16666666666666666
741,2,4,0,0.2,0.6,0.16666666666666666,0.16666666666666666
3,3,0,0,0.0,1.0,0.3333333333333333,0.16666666666666666
5,3,0,0,0.2,0.6,0.16666666666666666,0.16666666666666666
8,3,0,0,0.0,1.0,0.5,0.16666666666666666
25,3,0,0,0.2,0.6,0.3333333333333333,0.16666666666666666
30,3,0,0,0.2,0.6,0.3333333333333333,0.16666666666666666
36,3,0,0,0.2,0.6,0.5,0.16666666666666666
37,3,0,0,0.2,0.6,0.3333333333333333,0.16666666666666666
39,3,0,0,0.0,1.0,0.3333333333333333,0.16666666666666666
44,3,0,0,0.0,1.0,0.3333333333333333,0.16666666666666666
48,3,0,1,0.6,0.1999999999999999,0.6666666666666666,0.16666666666666666
58,3,0,0,0.25,0.5,0.3333333333333333,0.16666666666666666
59,3,0,0,0.25,0.5,0.5,0.16666666666666666
60,3,0,0,0.0,1.0,0.3333333333333333,0.16666666666666666
77,3,0,0,0.25,0.5,0.16666666666666666,0.16666666666666666
78,3,0,0,0.0,1.0,0.16666666666666666,0.16666666666666666
81,3,0,0,0.0,1.0,0.3333333333333333,0.16666666666666666
106,3,0,1,1.0,1.0,0.16666666666666666,0.16666666666666666
114,3,0,0,0.1111111111111111,0.7777777777777778,0.6666666666666666,0.16666666666666666
115,3,0,0,0.0,1.0,0.5,0.16666666666666666
116,3,0,0,0.0,1.0,0.3333333333333333,0.16666666666666666
125,3,0,0,0.125,0.75,0.3333333333333333,0.16666666666666666
126,3,0,0,0.2222222222222222,0.5555555555555556,0.16666666666666666,0.16666666666666666
127,3,0,1,0.6666666666666666,0.3333333333333332,0.16666666666666666,0.16666666666666666
130,3,0,0,0.1111111111111111,0.7777777777777778,0.3333333333333333,0.16666666666666666
144,3,0,0,0.0,1.0,0.6666666666666666,0.16666666666666666
145,3,0,0,0.4444444444444444,0.1111111111111111,0.16666666666666666,0.16666666666666666
146,3,0,1,0.8888888888888888,0.7777777777777777,0.16666666666666666,0.16666666666666666
149,3,0,0,0.3333333333333333,0.3333333333333333,0.3333333333333333,0.16666666666666666
154,3,0,0,0.25,0.5,0.6666666666666666,0.16666666666666666
161,3,0,0,0.0,1.0,0.3333333333333333,0.16666666666666666
162,3,0,0,0.2,0.6,0.5,0.16666666666666666
166,3,0,0,0.25,0.5,0.3333333333333333,0.16666666666666666
167,3,0,0,0.0,1.0,0.5,0.16666666666666666
169,3,0,0,0.0,1.0,0.5,0.16666666666666666
186,3,0,0,0.0,1.0,0.3333333333333333,0.16666666666666666
188,3,0,0,0.0,1.0,0.3333333333333333,0.16666666666666666
190,3,0,0,0.25,0.5,0.5,0.16666666666666666
203,3,0,0,0.2,0.6,0.5,0.16666666666666666
204,3,0,0,0.4,0.1999999999999999,0.3333333333333333,0.16666666666666666
205,3,0,0,0.2,0.6,0.16666666666666666,0.16666666666666666
209,3,0,0,0.2,0.6,0.16666666666666666,0.16666666666666666
210,3,0,0,0.4,0.1999999999999999,0.3333333333333333,0.16666666666666666
216,3,0,0,0.0,1.0,0.5,0.16666666666666666
220,3,0,0,0.4,0.1999999999999999,0.3333333333333333,0.16666666666666666
221,3,0,1,0.8,0.6000000000000001,0.16666666666666666,0.16666666666666666
225,3,0,0,0.2,0.6,0.0,0.16666666666666666
235,3,0,0,0.0,1.0,0.5,0.16666666666666666
247,3,0,0,0.2,0.6,0.5,0.16666666666666666
253,3,0,0,0.0,1.0,0.5,0.16666666666666666
267,3,0,0,0.0,1.0,0.3333333333333333,0.16666666666666666
283,3,0,0,0.25,0.5,0.3333333333333333,0.16666666666666666
285,3,0,0,0.4,0.1999999999999999,0.5,0.16666666666666666
292,3,0,0,0.25,0.5,0.3333333333333333,0.16666666666666666
299,3,0,1,0.8,0.6000000000000001,0.5,0.16666666666666666
304,3,0,1,0.8,0.6000000000000001,0.3333333333333333,0.16666666666666666
308,3,0,0,0.4,0.1999999999999999,0.3333333333333333,0.16666666666666666
320,3,0,0,0.0,1.0,0.3333333333333333,0.16666666666666666
321,3,0,1,0.6,0.1999999999999999,0.16666666666666666,0.16666666666666666
323,3,0,0,0.0,1.0,0.5,0.16666666666666666
329,3,0,0,0.0,1.0,0.5,0.16666666666666666
332,3,0,0,0.0,1.0,0.16666666666666666,0.16666666666666666
349,3,0,0,0.0,1.0,0.5,0.16666666666666666
352,3,0,0,0.25,0.5,0.16666666666666666,0.16666666666666666
353,3,0,0,0.0,1.0,0.16666666666666666,0.16666666666666666
356,3,0,0,0.25,0.5,0.3333333333333333,0.16666666666666666
362,3,0,1,0.75,0.5,0.6666666666666666,0.16666666666666666
370,3,0,0,0.0,1.0,0.3333333333333333,0.16666666666666666
373,3,0,0,0.0,1.0,0.3333333333333333,0.16666666666666666
377,3,0,0,0.25,0.5,0.16666666666666666,0.16666666666666666
389,3,0,0,0.25,0.5,0.3333333333333333,0.16666666666666666
390,3,0,1,0.75,0.5,0.3333333333333333,0.16666666666666666
391,3,0,0,0.0,1.0,0.5,0.16666666666666666
397,3,0,1,0.75,0.5,0.16666666666666666,0.16666666666666666
405,3,0,0,0.0,1.0,0.3333333333333333,0.16666666666666666
408,3,0,0,0.4,0.1999999999999999,0.3333333333333333,0.16666666666666666
416,3,0,0,0.0,1.0,0.16666666666666666,0.16666666666666666
418,3,0,0,0.0,1.0,0.5,0.16666666666666666
422,3,0,1,0.6,0.1999999999999999,0.16666666666666666,0.16666666666666666
425,3,0,0,0.0,1.0,0.3333333333333333,0.16666666666666666
429,3,0,0,0.0,1.0,0.3333333333333333,0.16666666666666666
430,3,0,1,0.6,0.1999999999999999,0.0,0.16666666666666666
432,3,0,0,0.2,0.6,0.5,0.16666666666666666
435,3,0,0,0.4,0.1999999999999999,0.5,0.16666666666666666
441,3,0,0,0.2,0.6,0.5,0.16666666666666666
443,3,0,0,0.0,1.0,0.6666666666666666,0.16666666666666666
458,3,0,0,0.0,1.0,0.3333333333333333,0.16666666666666666
460,3,0,0,0.0,1.0,0.5,0.16666666666666666
471,3,0,0,0.0,1.0,0.16666666666666666,0.16666666666666666
484,3,0,0,0.25,0.5,0.16666666666666666,0.16666666666666666
498,3,0,0,0.0,1.0,0.16666666666666666,0.16666666666666666
501,3,0,0,0.25,0.5,0.5,0.16666666666666666
507,3,0,1,1.0,1.0,0.3333333333333333,0.16666666666666666
514,3,0,1,0.75,0.5,0.3333333333333333,0.16666666666666666
519,3,0,0,0.0,1.0,0.3333333333333333,0.16666666666666666
536,3,0,0,0.3333333333333333,0.3333333333333333,0.3333333333333333,0.16666666666666666
539,3,0,0,0.25,0.5,0.3333333333333333,0.16666666666666666
560,3,0,0,0.1666666666666666,0.6666666666666667,0.5,0.16666666666666666
566,3,0,0,0.1666666666666666,0.6666666666666667,0.3333333333333333,0.16666666666666666
570,3,0,1,0.6666666666666666,0.3333333333333332,0.16666666666666666,0.16666666666666666
572,3,0,1,0.8333333333333334,0.6666666666666667,0.3333333333333333,0.16666666666666666
589,3,0,0,0.3333333333333333,0.3333333333333333,0.0,0.16666666666666666
601,3,0,0,0.0,1.0,0.5,0.16666666666666666
602,3,0,0,0.25,0.5,0.0,0.16666666666666666
616,3,0,1,0.75,0.5,0.3333333333333333,0.16666666666666666
619,3,0,0,0.25,0.5,0.0,0.16666666666666666
624,3,0,0,0.25,0.5,0.16666666666666666,0.16666666666666666
625,3,0,0,0.0,1.0,0.3333333333333333,0.16666666666666666
628,3,0,0,0.0,1.0,0.16666666666666666,0.16666666666666666
639,3,0,0,0.0,1.0,0.3333333333333333,0.16666666666666666
640,3,0,1,0.75,0.5,0.3333333333333333,0.16666666666666666
650,3,0,0,0.0,1.0,0.3333333333333333,0.16666666666666666
651,3,0,0,0.3333333333333333,0.3333333333333333,0.3333333333333333,0.16666666666666666
655,3,0,1,0.6666666666666666,0.3333333333333332,0.3333333333333333,0.16666666666666666
673,3,0,0,0.3333333333333333,0.3333333333333333,0.3333333333333333,0.16666666666666666
682,3,0,0,0.1666666666666666,0.6666666666666667,0.16666666666666666,0.16666666666666666
686,3,0,0,0.0,1.0,0.0,0.16666666666666666
689,3,0,0,0.0,1.0,0.5,0.16666666666666666
690,3,0,0,0.0,1.0,0.16666666666666666,0.16666666666666666
692,3,0,0,0.0,1.0,0.16666666666666666,0.16666666666666666
713,3,0,1,0.6,0.1999999999999999,0.16666666666666666,0.16666666666666666
714,3,0,0,0.3333333333333333,0.3333333333333333,0.3333333333333333,0.16666666666666666
716,3,0,1,0.6666666666666666,0.3333333333333332,0.16666666666666666,0.16666666666666666
723,3,0,0,0.1666666666666666,0.6666666666666667,0.3333333333333333,0.16666666666666666
725,3,0,0,0.0,1.0,0.3333333333333333,0.16666666666666666
730,3,0,0,0.3333333333333333,0.3333333333333333,0.5,0.16666666666666666
733,3,0,0,0.1666666666666666,0.6666666666666667,0.3333333333333333,0.16666666666666666
740,3,0,0,0.1666666666666666,0.6666666666666667,0.16666666666666666,0.16666666666666666
6,3,1,0,0.2,0.6,0.3333333333333333,0.16666666666666666
7,3,1,1,0.6,0.1999999999999999,0.3333333333333333,0.16666666666666666
10,3,1,0,0.0,1.0,0.3333333333333333,0.16666666666666666
14,3,1,0,0.2,0.6,0.16666666666666666,0.16666666666666666
31,3,1,0,0.1666666666666666,0.6666666666666667,0.3333333333333333,0.16666666666666666
41,3,1,0,0.2,0.6,0.16666666666666666,0.16666666666666666
42,3,1,0,0.0,1.0,0.3333333333333333,0.16666666666666666
52,3,1,0,0.25,0.5,0.5,0.16666666666666666
55,3,1,0,0.0,1.0,0.3333333333333333,0.16666666666666666
57,3,1,1,1.0,1.0,0.3333333333333333,0.16666666666666666
61,3,1,0,0.2,0.6,0.5,0.16666666666666666
62,3,1,0,0.25,0.5,0.3333333333333333,0.16666666666666666
63,3,1,0,0.0,1.0,0.16666666666666666,0.16666666666666666
65,3,1,0,0.25,0.5,0.5,0.16666666666666666
66,3,1,0,0.0,1.0,0.5,0.16666666666666666
73,3,1,0,0.0,1.0,0.6666666666666666,0.16666666666666666
84,3,1,0,0.3333333333333333,0.3333333333333333,0.5,0.16666666666666666
87,3,1,0,0.0,1.0,0.16666666666666666,0.16666666666666666
91,3,1,0,0.25,0.5,0.3333333333333333,0.16666666666666666
92,3,1,0,0.0,1.0,0.3333333333333333,0.16666666666666666
93,3,1,0,0.0,1.0,0.16666666666666666,0.16666666666666666
97,3,1,0,0.25,0.5,0.3333333333333333,0.16666666666666666
110,3,1,0,0.0,1.0,0.5,0.16666666666666666
133,3,1,1,0.8888888888888888,0.7777777777777777,0.0,0.16666666666666666
136,3,1,0,0.3333333333333333,0.3333333333333333,0.5,0.16666666666666666
137,3,1,1,0.6666666666666666,0.3333333333333332,0.3333333333333333,0.16666666666666666
138,3,1,1,0.5555555555555556,0.1111111111111111,0.16666666666666666,0.16666666666666666
141,3,1,0,0.0,1.0,0.16666666666666666,0.16666666666666666
147,3,1,0,0.0,1.0,0.5,0.16666666666666666
151,3,1,0,0.0,1.0,0.0,0.16666666666666666
153,3,1,0,0.0,1.0,0.6666666666666666,0.16666666666666666
157,3,1,0,0.25,0.5,0.16666666666666666,0.16666666666666666
160,3,1,0,0.1666666666666666,0.6666666666666667,0.3333333333333333,0.16666666666666666
180,3,1,0,0.0,1.0,0.16666666666666666,0.16666666666666666
197,3,1,0,0.0,1.0,0.0,0.16666666666666666
198,3,1,0,0.0,1.0,0.16666666666666666,0.16666666666666666
215,3,1,0,0.2,0.6,0.16666666666666666,0.16666666666666666
217,3,1,0,0.0,1.0,0.6666666666666666,0.16666666666666666
223,3,1,0,0.2,0.6,0.3333333333333333,0.16666666666666666
233,3,1,0,0.0,1.0,0.5,0.16666666666666666
237,3,1,0,0.4,0.1999999999999999,0.5,0.16666666666666666
243,3,1,0,0.0,1.0,0.3333333333333333,0.16666666666666666
248,3,1,0,0.4,0.1999999999999999,0.5,0.16666666666666666
251,3,1,0,0.25,0.5,0.16666666666666666,0.16666666666666666
255,3,1,0,0.25,0.5,0.16666666666666666,0.16666666666666666
259,3,1,0,0.0,1.0,0.3333333333333333,0.16666666666666666
261,3,1,0,0.25,0.5,0.16666666666666666,0.16666666666666666
264,3,1,0,0.25,0.5,0.16666666666666666,0.16666666666666666
276,3,1,0,0.2,0.6,0.5,0.16666666666666666
296,3,1,0,0.0,1.0,0.3333333333333333,0.16666666666666666
297,3,1,0,0.0,1.0,0.5,0.16666666666666666
306,3,1,0,0.0,1.0,0.16666666666666666,0.16666666666666666
310,3,1,0,0.2,0.6,0.5,0.16666666666666666
313,3,1,0,0.0,1.0,0.5,0.16666666666666666
314,3,1,0,0.0,1.0,0.3333333333333333,0.16666666666666666
317,3,1,0,0.4,0.1999999999999999,0.3333333333333333,0.16666666666666666
319,3,1,0,0.2,0.6,0.5,0.16666666666666666
326,3,1,0,0.0,1.0,0.5,0.16666666666666666
328,3,1,1,0.6,0.1999999999999999,0.3333333333333333,0.16666666666666666
330,3,1,0,0.4,0.1999999999999999,0.3333333333333333,0.16666666666666666
334,3,1,0,0.4,0.1999999999999999,0.3333333333333333,0.16666666666666666
337,3,1,0,0.0,1.0,0.3333333333333333,0.16666666666666666
341,3,1,1,0.6,0.1999999999999999,0.16666666666666666,0.16666666666666666
350,3,1,0,0.0,1.0,0.16666666666666666,0.16666666666666666
355,3,1,0,0.25,0.5,0.3333333333333333,0.16666666666666666
372,3,1,0,0.25,0.5,0.16666666666666666,0.16666666666666666
379,3,1,1,0.75,0.5,0.16666666666666666,0.16666666666666666
381,3,1,1,0.75,0.5,0.3333333333333333,0.16666666666666666
383,3,1,0,0.0,1.0,0.3333333333333333,0.16666666666666666
398,3,1,0,0.25,0.5,0.3333333333333333,0.16666666666666666
403,3,1,0,0.0,1.0,0.3333333333333333,0.16666666666666666
411,3,1,0,0.2,0.6,0.16666666666666666,0.16666666666666666
412,3,1,1,1.0,1.0,0.0,0.16666666666666666
420,3,1,0,0.0,1.0,0.3333333333333333,0.16666666666666666
446,3,1,0,0.2,0.6,0.3333333333333333,0.16666666666666666
450,3,1,0,0.2,0.6,0.5,0.16666666666666666
453,3,1,0,0.25,0.5,0.5,0.16666666666666666
467,3,1,1,1.0,1.0,0.16666666666666666,0.16666666666666666
475,3,1,0,0.25,0.5,0.3333333333333333,0.16666666666666666
476,3,1,0,0.0,1.0,0.3333333333333333,0.16666666666666666
482,3,1,0,0.0,1.0,0.3333333333333333,0.16666666666666666
483,3,1,0,0.25,0.5,0.3333333333333333,0.16666666666666666
486,3,1,0,0.25,0.5,0.5,0.16666666666666666
502,3,1,1,0.75,0.5,0.5,0.16666666666666666
504,3,1,1,0.75,0.5,0.6666666666666666,0.16666666666666666
512,3,1,1,1.0,1.0,0.5,0.16666666666666666
522,3,1,0,0.25,0.5,0.16666666666666666,0.16666666666666666
525,3,1,0,0.2,0.6,0.16666666666666666,0.16666666666666666
532,3,1,0,0.0,1.0,0.16666666666666666,0.16666666666666666
535,3,1,0,0.25,0.5,0.5,0.16666666666666666
538,3,1,0,0.0,1.0,0.3333333333333333,0.16666666666666666
542,3,1,0,0.25,0.5,0.5,0.16666666666666666
555,3,1,0,0.3333333333333333,0.3333333333333333,0.3333333333333333,0.16666666666666666
557,3,1,0,0.3333333333333333,0.3333333333333333,0.5,0.16666666666666666
559,3,1,1,0.6666666666666666,0.3333333333333332,0.5,0.16666666666666666
563,3,1,0,0.0,1.0,0.16666666666666666,0.16666666666666666
569,3,1,0,0.1666666666666666,0.6666666666666667,0.16666666666666666,0.16666666666666666
580,3,1,0,0.3333333333333333,0.3333333333333333,0.16666666666666666,0.16666666666666666
586,3,1,1,0.6666666666666666,0.3333333333333332,0.16666666666666666,0.16666666666666666
587,3,1,1,0.8333333333333334,0.6666666666666667,0.16666666666666666,0.16666666666666666
598,3,1,0,0.3333333333333333,0.3333333333333333,0.16666666666666666,0.16666666666666666
599,3,1,0,0.0,1.0,0.16666666666666666,0.16666666666666666
600,3,1,0,0.1666666666666666,0.6666666666666667,0.16666666666666666,0.16666666666666666
604,3,1,1,0.75,0.5,0.16666666666666666,0.16666666666666666
606,3,1,0,0.25,0.5,0.16666666666666666,0.16666666666666666
611,3,1,1,0.75,0.5,0.16666666666666666,0.16666666666666666
618,3,1,0,0.0,1.0,0.0,0.16666666666666666
638,3,1,0,0.25,0.5,0.16666666666666666,0.16666666666666666
654,3,1,0,0.1666666666666666,0.6666666666666667,0.3333333333333333,0.16666666666666666
656,3,1,1,0.6666666666666666,0.3333333333333332,0.5,0.16666666666666666
659,3,1,1,0.6666666666666666,0.3333333333333332,0.3333333333333333,0.16666666666666666
660,3,1,0,0.1666666666666666,0.6666666666666667,0.5,0.16666666666666666
662,3,1,0,0.0,1.0,0.16666666666666666,0.16666666666666666
663,3,1,0,0.3333333333333333,0.3333333333333333,0.3333333333333333,0.16666666666666666
672,3,1,0,0.0,1.0,0.16666666666666666,0.16666666666666666
674,3,1,0,0.3333333333333333,0.3333333333333333,0.5,0.16666666666666666
681,3,1,0,0.1666666666666666,0.6666666666666667,0.0,0.16666666666666666
691,3,1,0,0.1666666666666666,0.6666666666666667,0.0,0.16666666666666666
701,3,1,0,0.1666666666666666,0.6666666666666667,0.0,0.16666666666666666
710,3,1,0,0.0,1.0,0.16666666666666666,0.16666666666666666
711,3,1,1,0.6,0.1999999999999999,0.16666666666666666,0.16666666666666666
720,3,1,0,0.0,1.0,0.5,0.16666666666666666
721,3,1,0,0.3333333333333333,0.3333333333333333,0.3333333333333333,0.16666666666666666
732,3,1,0,0.0,1.0,0.5,0.16666666666666666
734,3,1,0,0.0,1.0,0.3333333333333333,0.16666666666666666
735,3,1,0,0.0,1.0,0.3333333333333333,0.16666666666666666
738,3,1,0,0.3333333333333333,0.3333333333333333,0.16666666666666666,0.16666666666666666
1,3,2,0,0.3333333333333333,0.3333333333333333,0.16666666666666666,0.16666666666666666
2,3,2,0,0.4,0.1999999999999999,0.3333333333333333,0.16666666666666666
4,3,2,1,0.6,0.1999999999999999,0.5,0.16666666666666666
16,3,2,1,0.6,0.1999999999999999,0.16666666666666666,0.16666666666666666
21,3,2,0,0.2,0.6,0.16666666666666666,0.16666666666666666
22,3,2,0,0.2,0.6,0.5,0.16666666666666666
24,3,2,0,0.0,1.0,0.3333333333333333,0.16666666666666666
27,3,2,0,0.2,0.6,0.5,0.16666666666666666
34,3,2,0,0.1666666666666666,0.6666666666666667,0.3333333333333333,0.16666666666666666
38,3,2,0,0.0,1.0,0.3333333333333333,0.16666666666666666
40,3,2,0,0.2,0.6,0.5,0.16666666666666666
45,3,2,0,0.0,1.0,0.5,0.16666666666666666
47,3,2,0,0.25,0.5,0.3333333333333333,0.16666666666666666
49,3,2,0,0.3333333333333333,0.3333333333333333,0.3333333333333333,0.16666666666666666
50,3,2,1,0.8,0.6000000000000001,0.16666666666666666,0.16666666666666666
56,3,2,0,0.25,0.5,0.16666666666666666,0.16666666666666666
64,3,2,0,0.3333333333333333,0.3333333333333333,0.3333333333333333,0.16666666666666666
69,3,2,0,0.0,1.0,0.3333333333333333,0.16666666666666666
86,3,2,0,0.0,1.0,0.5,0.16666666666666666
95,3,2,0,0.25,0.5,0.6666666666666666,0.16666666666666666
96,3,2,0,0.0,1.0,0.6666666666666666,0.16666666666666666
100,3,2,0,0.25,0.5,0.3333333333333333,0.16666666666666666
107,3,2,0,0.1111111111111111,0.7777777777777778,0.5,0.16666666666666666
120,3,2,0,0.0,1.0,0.16666666666666666,0.16666666666666666
121,3,2,0,0.1111111111111111,0.7777777777777778,0.6666666666666666,0.16666666666666666
123,3,2,0,0.0,1.0,0.5,0.16666666666666666
129,3,2,0,0.2,0.6,0.16666666666666666,0.16666666666666666
131,3,2,0,0.0,1.0,0.5,0.16666666666666666
135,3,2,0,0.1666666666666666,0.6666666666666667,0.3333333333333333,0.16666666666666666
143,3,2,1,0.5555555555555556,0.1111111111111111,0.5,0.16666666666666666
150,3,2,0,0.0,1.0,0.3333333333333333,0.16666666666666666
155,3,2,0,0.25,0.5,0.3333333333333333,0.16666666666666666
156,3,2,0,0.25,0.5,0.3333333333333333,0.16666666666666666
163,3,2,0,0.25,0.5,0.0,0.16666666666666666
165,3,2,0,0.0,1.0,0.3333333333333333,0.16666666666666666
170,3,2,0,0.1666666666666666,0.6666666666666667,0.5,0.16666666666666666
184,3,2,0,0.0,1.0,0.6666666666666666,0.16666666666666666
191,3,2,0,0.0,1.0,0.5,0.16666666666666666
193,3,2,0,0.25,0.5,0.3333333333333333,0.16666666666666666
195,3,2,0,0.0,1.0,0.3333333333333333,0.16666666666666666
202,3,2,1,0.6,0.1999999999999999,0.3333333333333333,0.16666666666666666
207,3,2,0,0.2,0.6,0.3333333333333333,0.16666666666666666
208,3,2,0,0.0,1.0,0.3333333333333333,0.16666666666666666
214,3,2,0,0.2,0.6,0.3333333333333333,0.16666666666666666
227,3,2,1,1.0,1.0,0.3333333333333333,0.16666666666666666
230,3,2,0,0.2,0.6,0.5,0.16666666666666666
234,3,2,0,0.25,0.5,0.16666666666666666,0.16666666666666666
241,3,2,1,0.6,0.1999999999999999,0.16666666666666666,0.16666666666666666
270,3,2,0,0.0,1.0,0.3333333333333333,0.16666666666666666
271,3,2,0,0.0,1.0,0.16666666666666666,0.16666666666666666
278,3,2,0,0.25,0.5,0.3333333333333333,0.16666666666666666
280,3,2,0,0.25,0.5,0.16666666666666666,0.16666666666666666
282,3,2,0,0.25,0.5,0.3333333333333333,0.16666666666666666
290,3,2,0,0.0,1.0,0.16666666666666666,0.16666666666666666
291,3,2,0,0.0,1.0,0.3333333333333333,0.16666666666666666
294,3,2,0,0.0,1.0,0.3333333333333333,0.16666666666666666
295,3,2,0,0.0,1.0,0.3333333333333333,0.16666666666666666
298,3,2,0,0.25,0.5,0.3333333333333333,0.16666666666666666
300,3,2,0,0.0,1.0,0.3333333333333333,0.16666666666666666
311,3,2,0,0.4,0.1999999999999999,0.0,0.16666666666666666
312,3,2,0,0.0,1.0,0.5,0.16666666666666666
315,3,2,1,0.8,0.6000000000000001,0.3333333333333333,0.16666666666666666
316,3,2,0,0.4,0.1999999999999999,0.5,0.16666666666666666
333,3,2,0,0.0,1.0,0.16666666666666666,0.16666666666666666
343,3,2,1,0.8,0.6000000000000001,0.5,0.16666666666666666
344,3,2,0,0.2,0.6,0.3333333333333333,0.16666666666666666
347,3,2,0,0.4,0.1999999999999999,0.3333333333333333,0.16666666666666666
359,3,2,0,0.25,0.5,0.6666666666666666,0.16666666666666666
366,3,2,0,0.0,1.0,0.16666666666666666,0.16666666666666666
371,3,2,0,0.25,0.5,0.16666666666666666,0.16666666666666666
399,3,2,0,0.25,0.5,0.5,0.16666666666666666
402,3,2,1,0.6,0.1999999999999999,0.3333333333333333,0.16666666666666666
406,3,2,1,0.6,0.1999999999999999,0.16666666666666666,0.16666666666666666
409,3,2,0,0.4,0.1999999999999999,0.16666666666666666,0.16666666666666666
410,3,2,1,0.6,0.1999999999999999,0.3333333333333333,0.16666666666666666
414,3,2,1,0.6,0.1999999999999999,0.16666666666666666,0.16666666666666666
415,3,2,0,0.0,1.0,0.16666666666666666,0.16666666666666666
426,3,2,1,0.8,0.6000000000000001,0.5,0.16666666666666666
431,3,2,0,0.4,0.1999999999999999,0.3333333333333333,0.16666666666666666
433,3,2,0,0.0,1.0,0.3333333333333333,0.16666666666666666
438,3,2,0,0.1666666666666666,0.6666666666666667,0.3333333333333333,0.16666666666666666
440,3,2,0,0.0,1.0,0.6666666666666666,0.16666666666666666
444,3,2,0,0.2,0.6,0.6666666666666666,0.16666666666666666
447,3,2,0,0.0,1.0,0.16666666666666666,0.16666666666666666
464,3,2,0,0.0,1.0,0.3333333333333333,0.16666666666666666
469,3,2,1,0.75,0.5,0.0,0.16666666666666666
477,3,2,0,0.0,1.0,0.3333333333333333,0.16666666666666666
479,3,2,0,0.0,1.0,0.3333333333333333,0.16666666666666666
481,3,2,0,0.0,1.0,0.5,0.16666666666666666
490,3,2,0,0.25,0.5,0.5,0.16666666666666666
492,3,2,0,0.3333333333333333,0.3333333333333333,0.16666666666666666,0.16666666666666666
495,3,2,0,0.0,1.0,0.5,0.16666666666666666
513,3,2,0,0.0,1.0,0.3333333333333333,0.16666666666666666
518,3,2,0,0.25,0.5,0.6666666666666666,0.16666666666666666
527,3,2,0,0.25,0.5,0.3333333333333333,0.16666666666666666
540,3,2,0,0.25,0.5,0.16666666666666666,0.16666666666666666
545,3,2,0,0.25,0.5,0.3333333333333333,0.16666666666666666
550,3,2,0,0.0,1.0,0.3333333333333333,0.16666666666666666
551,3,2,1,0.6666666666666666,0.3333333333333332,0.5,0.16666666666666666
552,3,2,1,0.6666666666666666,0.3333333333333332,0.5,0.16666666666666666
553,3,2,0,0.0,1.0,0.16666666666666666,0.16666666666666666
556,3,2,0,0.1666666666666666,0.6666666666666667,0.16666666666666666,0.16666666666666666
562,3,2,0,0.3333333333333333,0.3333333333333333,0.5,0.16666666666666666
567,3,2,0,0.3333333333333333,0.3333333333333333,0.3333333333333333,0.16666666666666666
590,3,2,0,0.3333333333333333,0.3333333333333333,0.16666666666666666,0.16666666666666666
609,3,2,0,0.25,0.5,0.0,0.16666666666666666
645,3,2,1,0.75,0.5,0.3333333333333333,0.16666666666666666
658,3,2,0,0.1666666666666666,0.6666666666666667,0.3333333333333333,0.16666666666666666
664,3,2,1,0.6666666666666666,0.3333333333333332,0.3333333333333333,0.16666666666666666
668,3,2,0,0.1666666666666666,0.6666666666666667,0.5,0.16666666666666666
669,3,2,0,0.3333333333333333,0.3333333333333333,0.3333333333333333,0.16666666666666666
671,3,2,0,0.3333333333333333,0.3333333333333333,0.5,0.16666666666666666
675,3,2,0,0.3333333333333333,0.3333333333333333,0.5,0.16666666666666666
676,3,2,0,0.1666666666666666,0.6666666666666667,0.3333333333333333,0.16666666666666666
677,3,2,1,0.6666666666666666,0.3333333333333332,0.3333333333333333,0.16666666666666666
679,3,2,0,0.4,0.1999999999999999,0.5,0.16666666666666666
683,3,2,1,0.8333333333333334,0.6666666666666667,0.0,0.16666666666666666
684,3,2,0,0.0,1.0,0.16666666666666666,0.16666666666666666
695,3,2,0,0.3333333333333333,0.3333333333333333,0.0,0.16666666666666666
703,3,2,0,0.0,1.0,0.5,0.16666666666666666
708,3,2,0,0.0,1.0,0.16666666666666666,0.16666666666666666
709,3,2,0,0.3333333333333333,0.3333333333333333,0.0,0.16666666666666666
719,3,2,0,0.1666666666666666,0.6666666666666667,0.5,0.16666666666666666
726,3,2,0,0.0,1.0,0.16666666666666666,0.16666666666666666
736,3,2,0,0.0,1.0,0.3333333333333333,0.16666666666666666
739,3,2,0,0.3333333333333333,0.3333333333333333,0.5,0.16666666666666666
741,3,2,0,0.2,0.6,0.16666666666666666,0.16666666666666666
11,3,3,1,0.6,0.1999999999999999,0.5,0.16666666666666666
13,3,3,0,0.2,0.6,0.3333333333333333,0.16666666666666666
15,3,3,0,0.4,0.1999999999999999,0.3333333333333333,0.16666666666666666
26,3,3,1,0.8,0.6000000000000001,0.5,0.16666666666666666
28,3,3,0,0.2,0.6,0.16666666666666666,0.16666666666666666
29,3,3,0,0.2,0.6,0.3333333333333333,0.16666666666666666
54,3,3,0,0.25,0.5,0.5,0.16666666666666666
67,3,3,0,0.0,1.0,0.5,0.16666666666666666
71,3,3,0,0.0,1.0,0.3333333333333333,0.16666666666666666
72,3,3,0,0.25,0.5,0.5,0.16666666666666666
74,3,3,0,0.0,1.0,0.3333333333333333,0.16666666666666666
75,3,3,0,0.0,1.0,0.0,0.16666666666666666
79,3,3,0,0.25,0.5,0.16666666666666666,0.16666666666666666
80,3,3,0,0.0,1.0,0.5,0.16666666666666666
82,3,3,0,0.25,0.5,0.16666666666666666,0.16666666666666666
83,3,3,0,0.25,0.5,0.3333333333333333,0.16666666666666666
85,3,3,0,0.25,0.5,0.3333333333333333,0.16666666666666666
89,3,3,0,0.25,0.5,0.6666666666666666,0.16666666666666666
94,3,3,0,0.25,0.5,0.5,0.16666666666666666
98,3,3,0,0.3333333333333333,0.3333333333333333,0.3333333333333333,0.16666666666666666
99,3,3,0,0.0,1.0,0.5,0.16666666666666666
101,3,3,0,0.3333333333333333,0.3333333333333333,0.3333333333333333,0.16666666666666666
103,3,3,0,0.1111111111111111,0.7777777777777778,0.5,0.16666666666666666
108,3,3,0,0.25,0.5,0.3333333333333333,0.16666666666666666
112,3,3,0,0.125,0.75,0.16666666666666666,0.16666666666666666
119,3,3,0,0.1111111111111111,0.7777777777777778,0.5,0.16666666666666666
122,3,3,0,0.0,1.0,0.3333333333333333,0.16666666666666666
134,3,3,0,0.1111111111111111,0.7777777777777778,0.3333333333333333,0.16666666666666666
140,3,3,0,0.2222222222222222,0.5555555555555556,0.16666666666666666,0.16666666666666666
152,3,3,0,0.0,1.0,0.5,0.16666666666666666
159,3,3,0,0.0,1.0,0.5,0.16666666666666666
164,3,3,0,0.0,1.0,0.0,0.16666666666666666
182,3,3,0,0.0,1.0,0.3333333333333333,0.16666666666666666
183,3,3,0,0.0,1.0,0.3333333333333333,0.16666666666666666
192,3,3,0,0.0,1.0,0.3333333333333333,0.16666666666666666
199,3,3,0,0.25,0.5,0.3333333333333333,0.16666666666666666
201,3,3,0,0.25,0.5,0.16666666666666666,0.16666666666666666
213,3,3,0,0.4,0.1999999999999999,0.16666666666666666,0.16666666666666666
219,3,3,0,0.0,1.0,0.3333333333333333,0.16666666666666666
226,3,3,0,0.0,1.0,0.16666666666666666,0.16666666666666666
228,3,3,0,0.2,0.6,0.3333333333333333,0.16666666666666666
238,3,3,0,0.25,0.5,0.16666666666666666,0.16666666666666666
239,3,3,1,0.6,0.1999999999999999,0.5,0.16666666666666666
244,3,3,1,0.6,0.1999999999999999,0.3333333333333333,0.16666666666666666
245,3,3,0,0.0,1.0,0.3333333333333333,0.16666666666666666
250,3,3,0,0.4,0.1999999999999999,0.5,0.16666666666666666
252,3,3,0,0.0,1.0,0.3333333333333333,0.16666666666666666
257,3,3,0,0.25,0.5,0.3333333333333333,0.16666666666666666
258,3,3,0,0.0,1.0,0.3333333333333333,0.16666666666666666
263,3,3,0,0.2,0.6,0.3333333333333333,0.16666666666666666
266,3,3,0,0.25,0.5,0.5,0.16666666666666666
279,3,3,0,0.2,0.6,0.3333333333333333,0.16666666666666666
288,3,3,1,0.75,0.5,0.3333333333333333,0.16666666666666666
302,3,3,0,0.0,1.0,0.3333333333333333,0.16666666666666666
307,3,3,0,0.4,0.1999999999999999,0.0,0.16666666666666666
309,3,3,1,0.8,0.6000000000000001,0.3333333333333333,0.16666666666666666
318,3,3,0,0.4,0.1999999999999999,0.3333333333333333,0.16666666666666666
324,3,3,0,0.2,0.6,0.16666666666666666,0.16666666666666666
336,3,3,0,0.4,0.1999999999999999,0.3333333333333333,0.16666666666666666
338,3,3,0,0.4,0.1999999999999999,0.5,0.16666666666666666
339,3,3,0,0.0,1.0,0.16666666666666666,0.16666666666666666
345,3,3,0,0.0,1.0,0.5,0.16666666666666666
351,3,3,0,0.0,1.0,0.3333333333333333,0.16666666666666666
358,3,3,0,0.25,0.5,0.3333333333333333,0.16666666666666666
363,3,3,0,0.0,1.0,0.3333333333333333,0.16666666666666666
365,3,3,0,0.25,0.5,0.5,0.16666666666666666
367,3,3,0,0.25,0.5,0.6666666666666666,0.16666666666666666
380,3,3,1,0.75,0.5,0.3333333333333333,0.16666666666666666
384,3,3,0,0.25,0.5,0.3333333333333333,0.16666666666666666
386,3,3,0,0.25,0.5,0.3333333333333333,0.16666666666666666
387,3,3,0,0.0,1.0,0.5,0.16666666666666666
404,3,3,1,0.6,0.1999999999999999,0.3333333333333333,0.16666666666666666
417,3,3,0,0.2,0.6,0.16666666666666666,0.16666666666666666
419,3,3,0,0.4,0.1999999999999999,0.16666666666666666,0.16666666666666666
421,3,3,0,0.2,0.6,0.16666666666666666,0.16666666666666666
434,3,3,0,0.0,1.0,0.5,0.16666666666666666
439,3,3,0,0.2,0.6,0.5,0.16666666666666666
442,3,3,1,0.8,0.6000000000000001,0.5,0.16666666666666666
445,3,3,0,0.0,1.0,0.3333333333333333,0.16666666666666666
448,3,3,0,0.0,1.0,0.5,0.16666666666666666
454,3,3,0,0.0,1.0,0.3333333333333333,0.16666666666666666
455,3,3,0,0.0,1.0,0.3333333333333333,0.16666666666666666
459,3,3,0,0.25,0.5,0.3333333333333333,0.16666666666666666
472,3,3,0,0.25,0.5,0.5,0.16666666666666666
478,3,3,0,0.0,1.0,0.5,0.16666666666666666
487,3,3,0,0.2,0.6,0.3333333333333333,0.16666666666666666
489,3,3,0,0.0,1.0,0.3333333333333333,0.16666666666666666
493,3,3,0,0.0,1.0,0.16666666666666666,0.16666666666666666
499,3,3,0,0.0,1.0,0.5,0.16666666666666666
500,3,3,0,0.25,0.5,0.5,0.16666666666666666
503,3,3,0,0.0,1.0,0.6666666666666666,0.16666666666666666
508,3,3,1,0.75,0.5,0.3333333333333333,0.16666666666666666
517,3,3,0,0.25,0.5,0.5,0.16666666666666666
521,3,3,1,0.75,0.5,0.3333333333333333,0.16666666666666666
524,3,3,0,0.0,1.0,0.5,0.16666666666666666
526,3,3,0,0.0,1.0,0.3333333333333333,0.16666666666666666
534,3,3,1,0.75,0.5,0.5,0.16666666666666666
537,3,3,0,0.25,0.5,0.3333333333333333,0.16666666666666666
549,3,3,0,0.0,1.0,0.5,0.16666666666666666
565,3,3,0,0.3333333333333333,0.3333333333333333,0.3333333333333333,0.16666666666666666
568,3,3,1,1.0,1.0,0.3333333333333333,0.16666666666666666
573,3,3,0,0.3333333333333333,0.3333333333333333,0.16666666666666666,0.16666666666666666
574,3,3,0,0.3333333333333333,0.3333333333333333,0.3333333333333333,0.16666666666666666
577,3,3,0,0.1666666666666666,0.6666666666666667,0.16666666666666666,0.16666666666666666
581,3,3,0,0.3333333333333333,0.3333333333333333,0.3333333333333333,0.16666666666666666
584,3,3,1,0.6666666666666666,0.3333333333333332,0.5,0.16666666666666666
588,3,3,0,0.1666666666666666,0.6666666666666667,0.16666666666666666,0.16666666666666666
595,3,3,1,0.8333333333333334,0.6666666666666667,0.16666666666666666,0.16666666666666666
597,3,3,0,0.0,1.0,0.5,0.16666666666666666
610,3,3,0,0.25,0.5,0.3333333333333333,0.16666666666666666
614,3,3,1,0.75,0.5,0.3333333333333333,0.16666666666666666
615,3,3,1,0.75,0.5,0.3333333333333333,0.16666666666666666
622,3,3,1,0.75,0.5,0.3333333333333333,0.16666666666666666
636,3,3,0,0.0,1.0,0.16666666666666666,0.16666666666666666
641,3,3,0,0.0,1.0,0.3333333333333333,0.16666666666666666
642,3,3,1,0.75,0.5,0.5,0.16666666666666666
646,3,3,0,0.0,1.0,0.3333333333333333,0.16666666666666666
652,3,3,0,0.0,1.0,0.3333333333333333,0.16666666666666666
665,3,3,0,0.1666666666666666,0.6666666666666667,0.3333333333333333,0.16666666666666666
680,3,3,0,0.0,1.0,0.3333333333333333,0.16666666666666666
687,3,3,0,0.3333333333333333,0.3333333333333333,0.3333333333333333,0.16666666666666666
699,3,3,0,0.1666666666666666,0.6666666666666667,0.16666666666666666,0.16666666666666666
704,3,3,0,0.3333333333333333,0.3333333333333333,0.3333333333333333,0.16666666666666666
706,3,3,1,0.6666666666666666,0.3333333333333332,0.3333333333333333,0.16666666666666666
722,3,3,0,0.2,0.6,0.3333333333333333,0.16666666666666666
729,3,3,0,0.4,0.1999999999999999,0.3333333333333333,0.16666666666666666
737,3,3,0,0.1666666666666666,0.6666666666666667,0.3333333333333333,0.16666666666666666
9,3,4,0,0.0,1.0,0.5,0.0
12,3,4,0,0.4,0.1999999999999999,0.5,0.0
17,3,4,0,0.4,0.1999999999999999,0.16666666666666666,0.0
18,3,4,1,0.6,0.1999999999999999,0.3333333333333333,0.0
20,3,4,0,0.25,0.5,0.5,0.0
32,3,4,0,0.2,0.6,0.5,0.0
33,3,4,0,0.4,0.1999999999999999,0.16666666666666666,0.0
43,3,4,0,0.2,0.6,0.3333333333333333,0.0
46,3,4,0,0.4,0.1999999999999999,0.5,0.0
51,3,4,0,0.25,0.5,0.3333333333333333,0.0
53,3,4,0,0.1666666666666666,0.6666666666666667,0.6666666666666666,0.0
68,3,4,0,0.0,1.0,0.5,0.0
70,3,4,0,0.0,1.0,0.3333333333333333,0.0
76,3,4,0,0.25,0.5,0.0,0.0
102,3,4,0,0.0,1.0,0.6666666666666666,0.0
104,3,4,0,0.1111111111111111,0.7777777777777778,0.6666666666666666,0.0
105,3,4,0,0.0,1.0,0.16666666666666666,0.0
109,3,4,0,0.1111111111111111,0.7777777777777778,0.3333333333333333,0.0
111,3,4,0,0.1111111111111111,0.7777777777777778,0.3333333333333333,0.0
113,3,4,0,0.1111111111111111,0.7777777777777778,0.5,0.0
117,3,4,0,0.25,0.5,0.5,0.0
118,3,4,0,0.0,1.0,0.16666666666666666,0.0
124,3,4,0,0.0,1.0,0.0,0.0
128,3,4,0,0.1111111111111111,0.7777777777777778,0.5,0.0
132,3,4,0,0.2222222222222222,0.5555555555555556,0.3333333333333333,0.0
139,3,4,0,0.0,1.0,0.0,0.0
142,3,4,0,0.0,1.0,0.3333333333333333,0.0
148,3,4,0,0.1111111111111111,0.7777777777777778,0.3333333333333333,0.0
158,3,4,0,0.0,1.0,0.3333333333333333,0.0
168,3,4,0,0.25,0.5,0.3333333333333333,0.0
171,3,4,0,0.25,0.5,0.16666666666666666,0.0
172,3,4,0,0.0,1.0,0.3333333333333333,0.0
173,3,4,0,0.25,0.5,0.3333333333333333,0.0
175,3,4,0,0.0,1.0,0.3333333333333333,0.0
176,3,4,0,0.0,1.0,0.16666666666666666,0.0
177,3,4,0,0.0,1.0,0.16666666666666666,0.0
178,3,4,0,0.0,1.0,0.16666666666666666,0.0
179,3,4,0,0.25,0.5,0.16666666666666666,0.0
185,3,4,0,0.25,0.5,0.6666666666666666,0.0
187,3,4,0,0.0,1.0,0.16666666666666666,0.0
194,3,4,0,0.0,1.0,0.5,0.0
200,3,4,0,0.2,0.6,0.16666666666666666,0.0
211,3,4,1,0.6,0.1999999999999999,0.3333333333333333,0.0
212,3,4,0,0.2,0.6,0.3333333333333333,0.0
222,3,4,0,0.2,0.6,0.3333333333333333,0.0
224,3,4,0,0.4,0.1999999999999999,0.3333333333333333,0.0
229,3,4,0,0.0,1.0,0.3333333333333333,0.0
232,3,4,0,0.25,0.5,0.3333333333333333,0.0
236,3,4,0,0.0,1.0,0.16666666666666666,0.0
240,3,4,0,0.2,0.6,0.5,0.0
242,3,4,1,0.6,0.1999999999999999,0.3333333333333333,0.0
246,3,4,0,0.4,0.1999999999999999,0.5,0.0
249,3,4,1,0.6,0.1999999999999999,0.16666666666666666,0.0
254,3,4,0,0.25,0.5,0.5,0.0
260,3,4,0,0.25,0.5,0.3333333333333333,0.0
281,3,4,0,0.0,1.0,0.16666666666666666,0.0
286,3,4,0,0.2,0.6,0.3333333333333333,0.0
287,3,4,0,0.25,0.5,0.3333333333333333,0.0
303,3,4,0,0.0,1.0,0.3333333333333333,0.0
322,3,4,1,0.6,0.1999999999999999,0.16666666666666666,0.0
325,3,4,0,0.0,1.0,0.5,0.0
327,3,4,0,0.0,1.0,0.0,0.0
331,3,4,0,0.0,1.0,0.5,0.0
340,3,4,1,0.6,0.1999999999999999,0.5,0.0
342,3,4,0,0.2,0.6,0.16666666666666666,0.0
346,3,4,1,0.6,0.1999999999999999,0.5,0.0
348,3,4,0,0.4,0.1999999999999999,0.3333333333333333,0.0
354,3,4,0,0.25,0.5,0.16666666666666666,0.0
360,3,4,0,0.25,0.5,0.5,0.0
361,3,4,0,0.0,1.0,0.3333333333333333,0.0
369,3,4,0,0.0,1.0,0.5,0.0
393,3,4,0,0.25,0.5,0.6666666666666666,0.0
396,3,4,1,0.75,0.5,0.5,0.0
401,3,4,0,0.2,0.6,0.5,0.0
407,3,4,0,0.2,0.6,0.0,0.0
413,3,4,0,0.0,1.0,0.3333333333333333,0.0
423,3,4,0,0.0,1.0,0.16666666666666666,0.0
424,3,4,1,0.6,0.1999999999999999,0.3333333333333333,0.0
427,3,4,1,0.6,0.1999999999999999,0.16666666666666666,0.0
428,3,4,1,0.6,0.1999999999999999,0.3333333333333333,0.0
436,3,4,0,0.4,0.1999999999999999,0.5,0.0
437,3,4,1,0.6,0.1999999999999999,0.3333333333333333,0.0
449,3,4,0,0.4,0.1999999999999999,0.3333333333333333,0.0
451,3,4,0,0.25,0.5,0.16666666666666666,0.0
452,3,4,0,0.25,0.5,0.5,0.0
463,3,4,0,0.25,0.5,0.16666666666666666,0.0
468,3,4,0,0.25,0.5,0.16666666666666666,0.0
470,3,4,0,0.0,1.0,0.16666666666666666,0.0
473,3,4,0,0.25,0.5,0.5,0.0
474,3,4,0,0.0,1.0,0.3333333333333333,0.0
494,3,4,1,0.8,0.6000000000000001,0.16666666666666666,0.0
496,3,4,1,0.75,0.5,0.3333333333333333,0.0
497,3,4,0,0.0,1.0,0.6666666666666666,0.0
506,3,4,1,0.75,0.5,0.5,0.0
509,3,4,0,0.25,0.5,0.5,0.0
515,3,4,0,0.25,0.5,0.6666666666666666,0.0
516,3,4,0,0.0,1.0,0.5,0.0
523,3,4,0,0.25,0.5,0.5,0.0
528,3,4,0,0.0,1.0,0.5,0.0
531,3,4,1,0.75,0.5,0.5,0.0
533,3,4,0,0.0,1.0,0.3333333333333333,0.0
579,3,4,0,0.3333333333333333,0.3333333333333333,0.16666666666666666,0.0
592,3,4,1,0.6,0.1999999999999999,0.16666666666666666,0.0
594,3,4,0,0.0,1.0,0.3333333333333333,0.0
607,3,4,0,0.0,1.0,0.0,0.0
608,3,4,0,0.0,1.0,0.0,0.0
612,3,4,0,0.0,1.0,0.3333333333333333,0.0
613,3,4,0,0.0,1.0,0.3333333333333333,0.0
620,3,4,1,0.75,0.5,0.16666666666666666,0.0
627,3,4,1,0.75,0.5,0.3333333333333333,0.0
631,3,4,0,0.0,1.0,0.16666666666666666,0.0
634,3,4,0,0.25,0.5,0.0,0.0
644,3,4,0,0.25,0.5,0.5,0.0
661,3,4,1,0.8333333333333334,0.6666666666666667,0.16666666666666666,0.0
667,3,4,0,0.3333333333333333,0.3333333333333333,0.3333333333333333,0.0
678,3,4,0,0.3333333333333333,0.3333333333333333,0.5,0.0
685,3,4,0,0.0,1.0,0.3333333333333333,0.0
688,3,4,0,0.1666666666666666,0.6666666666666667,0.0,0.0
694,3,4,0,0.3333333333333333,0.3333333333333333,0.3333333333333333,0.0
696,3,4,0,0.1666666666666666,0.6666666666666667,0.0,0.0
702,3,4,0,0.1666666666666666,0.6666666666666667,0.0,0.0
712,3,4,0,0.1666666666666666,0.6666666666666667,0.3333333333333333,0.0
718,3,4,0,0.1666666666666666,0.6666666666666667,0.16666666666666666,0.0
724,3,4,0,0.2,0.6,0.3333333333333333,0.0
727,3,4,0,0.4,0.1999999999999999,0.5,0.0
728,3,4,0,0.2,0.6,0.5,0.0
731,3,4,0,0.0,1.0,0.5,0.0
3,4,0,0,0.0,1.0,0.3333333333333333,0.0
10,4,0,0,0.0,1.0,0.3333333333333333,0.0
11,4,0,1,0.6,0.1999999999999999,0.5,0.0
13,4,0,0,0.2,0.6,0.3333333333333333,0.0
24,4,0,0,0.0,1.0,0.3333333333333333,0.0
25,4,0,0,0.2,0.6,0.3333333333333333,0.0
26,4,0,1,0.8,0.6000000000000001,0.5,0.0
29,4,0,0,0.2,0.6,0.3333333333333333,0.0
30,4,0,0,0.2,0.6,0.3333333333333333,0.0
31,4,0,0,0.1666666666666666,0.6666666666666667,0.3333333333333333,0.0
34,4,0,0,0.1666666666666666,0.6666666666666667,0.3333333333333333,0.0
36,4,0,0,0.2,0.6,0.5,0.0
37,4,0,0,0.2,0.6,0.3333333333333333,0.0
44,4,0,0,0.0,1.0,0.3333333333333333,0.0
46,4,0,0,0.4,0.1999999999999999,0.5,0.0
47,4,0,0,0.25,0.5,0.3333333333333333,0.0
51,4,0,0,0.25,0.5,0.3333333333333333,0.0
52,4,0,0,0.25,0.5,0.5,0.0
60,4,0,0,0.0,1.0,0.3333333333333333,0.0
67,4,0,0,0.0,1.0,0.5,0.0
70,4,0,0,0.0,1.0,0.3333333333333333,0.0
83,4,0,0,0.25,0.5,0.3333333333333333,0.0
94,4,0,0,0.25,0.5,0.5,0.0
106,4,0,1,1.0,1.0,0.16666666666666666,0.0
111,4,0,0,0.1111111111111111,0.7777777777777778,0.3333333333333333,0.0
116,4,0,0,0.0,1.0,0.3333333333333333,0.0
121,4,0,0,0.1111111111111111,0.7777777777777778,0.6666666666666666,0.0
124,4,0,0,0.0,1.0,0.0,0.0
128,4,0,0,0.1111111111111111,0.7777777777777778,0.5,0.0
148,4,0,0,0.1111111111111111,0.7777777777777778,0.3333333333333333,0.0
151,4,0,0,0.0,1.0,0.0,0.0
159,4,0,0,0.0,1.0,0.5,0.0
169,4,0,0,0.0,1.0,0.5,0.0
182,4,0,0,0.0,1.0,0.3333333333333333,0.0
185,4,0,0,0.25,0.5,0.6666666666666666,0.0
190,4,0,0,0.25,0.5,0.5,0.0
191,4,0,0,0.0,1.0,0.5,0.0
192,4,0,0,0.0,1.0,0.3333333333333333,0.0
198,4,0,0,0.0,1.0,0.16666666666666666,0.0
200,4,0,0,0.2,0.6,0.16666666666666666,0.0
205,4,0,0,0.2,0.6,0.16666666666666666,0.0
226,4,0,0,0.0,1.0,0.16666666666666666,0.0
227,4,0,1,1.0,1.0,0.3333333333333333,0.0
230,4,0,0,0.2,0.6,0.5,0.0
233,4,0,0,0.0,1.0,0.5,0.0
234,4,0,0,0.25,0.5,0.16666666666666666,0.0
236,4,0,0,0.0,1.0,0.16666666666666666,0.0
239,4,0,1,0.6,0.1999999999999999,0.5,0.0
240,4,0,0,0.2,0.6,0.5,0.0
246,4,0,0,0.4,0.1999999999999999,0.5,0.0
248,4,0,0,0.4,0.1999999999999999,0.5,0.0
252,4,0,0,0.0,1.0,0.3333333333333333,0.0
255,4,0,0,0.25,0.5,0.16666666666666666,0.0
278,4,0,0,0.25,0.5,0.3333333333333333,0.0
297,4,0,0,0.0,1.0,0.5,0.0
304,4,0,1,0.8,0.6000000000000001,0.3333333333333333,0.0
311,4,0,0,0.4,0.1999999999999999,0.0,0.0
316,4,0,0,0.4,0.1999999999999999,0.5,0.0
319,4,0,0,0.2,0.6,0.5,0.0
320,4,0,0,0.0,1.0,0.3333333333333333,0.0
326,4,0,0,0.0,1.0,0.5,0.0
332,4,0,0,0.0,1.0,0.16666666666666666,0.0
339,4,0,0,0.0,1.0,0.16666666666666666,0.0
341,4,0,1,0.6,0.1999999999999999,0.16666666666666666,0.0
346,4,0,1,0.6,0.1999999999999999,0.5,0.0
348,4,0,0,0.4,0.1999999999999999,0.3333333333333333,0.0
353,4,0,0,0.0,1.0,0.16666666666666666,0.0
370,4,0,0,0.0,1.0,0.3333333333333333,0.0
381,4,0,1,0.75,0.5,0.3333333333333333,0.0
389,4,0,0,0.25,0.5,0.3333333333333333,0.0
393,4,0,0,0.25,0.5,0.6666666666666666,0.0
399,4,0,0,0.25,0.5,0.5,0.0
409,4,0,0,0.4,0.1999999999999999,0.16666666666666666,0.0
410,4,0,1,0.6,0.1999999999999999,0.3333333333333333,0.0
416,4,0,0,0.0,1.0,0.16666666666666666,0.0
420,4,0,0,0.0,1.0,0.3333333333333333,0.0
435,4,0,0,0.4,0.1999999999999999,0.5,0.0
438,4,0,0,0.1666666666666666,0.6666666666666667,0.3333333333333333,0.0
439,4,0,0,0.2,0.6,0.5,0.0
440,4,0,0,0.0,1.0,0.6666666666666666,0.0
450,4,0,0,0.2,0.6,0.5,0.0
452,4,0,0,0.25,0.5,0.5,0.0
455,4,0,0,0.0,1.0,0.3333333333333333,0.0
459,4,0,0,0.25,0.5,0.3333333333333333,0.0
483,4,0,0,0.25,0.5,0.3333333333333333,0.0
492,4,0,0,0.3333333333333333,0.3333333333333333,0.16666666666666666,0.0
494,4,0,1,0.8,0.6000000000000001,0.16666666666666666,0.0
496,4,0,1,0.75,0.5,0.3333333333333333,0.0
499,4,0,0,0.0,1.0,0.5,0.0
504,4,0,1,0.75,0.5,0.6666666666666666,0.0
506,4,0,1,0.75,0.5,0.5,0.0
515,4,0,0,0.25,0.5,0.6666666666666666,0.0
526,4,0,0,0.0,1.0,0.3333333333333333,0.0
534,4,0,1,0.75,0.5,0.5,0.0
537,4,0,0,0.25,0.5,0.3333333333333333,0.0
550,4,0,0,0.0,1.0,0.3333333333333333,0.0
553,4,0,0,0.0,1.0,0.16666666666666666,0.0
556,4,0,0,0.1666666666666666,0.6666666666666667,0.16666666666666666,0.0
565,4,0,0,0.3333333333333333,0.3333333333333333,0.3333333333333333,0.0
567,4,0,0,0.3333333333333333,0.3333333333333333,0.3333333333333333,0.0
570,4,0,1,0.6666666666666666,0.3333333333333332,0.16666666666666666,0.0
580,4,0,0,0.3333333333333333,0.3333333333333333,0.16666666666666666,0.0
586,4,0,1,0.6666666666666666,0.3333333333333332,0.16666666666666666,0.0
608,4,0,0,0.0,1.0,0.0,0.0
609,4,0,0,0.25,0.5,0.0,0.0
618,4,0,0,0.0,1.0,0.0,0.0
619,4,0,0,0.25,0.5,0.0,0.0
627,4,0,1,0.75,0.5,0.3333333333333333,0.0
642,4,0,1,0.75,0.5,0.5,0.0
645,4,0,1,0.75,0.5,0.3333333333333333,0.0
650,4,0,0,0.0,1.0,0.3333333333333333,0.0
656,4,0,1,0.6666666666666666,0.3333333333333332,0.5,0.0
662,4,0,0,0.0,1.0,0.16666666666666666,0.0
665,4,0,0,0.1666666666666666,0.6666666666666667,0.3333333333333333,0.0
673,4,0,0,0.3333333333333333,0.3333333333333333,0.3333333333333333,0.0
675,4,0,0,0.3333333333333333,0.3333333333333333,0.5,0.0
679,4,0,0,0.4,0.1999999999999999,0.5,0.0
689,4,0,0,0.0,1.0,0.5,0.0
691,4,0,0,0.1666666666666666,0.6666666666666667,0.0,0.0
695,4,0,0,0.3333333333333333,0.3333333333333333,0.0,0.0
699,4,0,0,0.1666666666666666,0.6666666666666667,0.16666666666666666,0.0
701,4,0,0,0.1666666666666666,0.6666666666666667,0.0,0.0
716,4,0,1,0.6666666666666666,0.3333333333333332,0.16666666666666666,0.0
727,4,0,0,0.4,0.1999999999999999,0.5,0.0
732,4,0,0,0.0,1.0,0.5,0.0
739,4,0,0,0.3333333333333333,0.3333333333333333,0.5,0.0
740,4,0,0,0.1666666666666666,0.6666666666666667,0.16666666666666666,0.0
1,4,1,0,0.3333333333333333,0.3333333333333333,0.16666666666666666,0.16666666666666666
21,4,1,0,0.2,0.6,0.16666666666666666,0.16666666666666666
28,4,1,0,0.2,0.6,0.16666666666666666,0.16666666666666666
38,4,1,0,0.0,1.0,0.3333333333333333,0.16666666666666666
41,4,1,0,0.2,0.6,0.16666666666666666,0.16666666666666666
43,4,1,0,0.2,0.6,0.3333333333333333,0.16666666666666666
45,4,1,0,0.0,1.0,0.5,0.16666666666666666
54,4,1,0,0.25,0.5,0.5,0.16666666666666666
57,4,1,1,1.0,1.0,0.3333333333333333,0.16666666666666666
59,4,1,0,0.25,0.5,0.5,0.16666666666666666
61,4,1,0,0.2,0.6,0.5,0.16666666666666666
65,4,1,0,0.25,0.5,0.5,0.16666666666666666
66,4,1,0,0.0,1.0,0.5,0.16666666666666666
72,4,1,0,0.25,0.5,0.5,0.16666666666666666
81,4,1,0,0.0,1.0,0.3333333333333333,0.16666666666666666
87,4,1,0,0.0,1.0,0.16666666666666666,0.16666666666666666
91,4,1,0,0.25,0.5,0.3333333333333333,0.16666666666666666
93,4,1,0,0.0,1.0,0.16666666666666666,0.16666666666666666
95,4,1,0,0.25,0.5,0.6666666666666666,0.16666666666666666
102,4,1,0,0.0,1.0,0.6666666666666666,0.16666666666666666
107,4,1,0,0.1111111111111111,0.7777777777777778,0.5,0.16666666666666666
110,4,1,0,0.0,1.0,0.5,0.16666666666666666
118,4,1,0,0.0,1.0,0.16666666666666666,0.16666666666666666
127,4,1,1,0.6666666666666666,0.3333333333333332,0.16666666666666666,0.16666666666666666
129,4,1,0,0.2,0.6,0.16666666666666666,0.16666666666666666
131,4,1,0,0.0,1.0,0.5,0.16666666666666666
133,4,1,1,0.8888888888888888,0.7777777777777777,0.0,0.16666666666666666
139,4,1,0,0.0,1.0,0.0,0.16666666666666666
140,4,1,0,0.2222222222222222,0.5555555555555556,0.16666666666666666,0.16666666666666666
143,4,1,1,0.5555555555555556,0.1111111111111111,0.5,0.16666666666666666
145,4,1,0,0.4444444444444444,0.1111111111111111,0.16666666666666666,0.16666666666666666
147,4,1,0,0.0,1.0,0.5,0.16666666666666666
156,4,1,0,0.25,0.5,0.3333333333333333,0.16666666666666666
158,4,1,0,0.0,1.0,0.3333333333333333,0.16666666666666666
171,4,1,0,0.25,0.5,0.16666666666666666,0.16666666666666666
172,4,1,0,0.0,1.0,0.3333333333333333,0.16666666666666666
177,4,1,0,0.0,1.0,0.16666666666666666,0.16666666666666666
179,4,1,0,0.25,0.5,0.16666666666666666,0.16666666666666666
183,4,1,0,0.0,1.0,0.3333333333333333,0.16666666666666666
187,4,1,0,0.0,1.0,0.16666666666666666,0.16666666666666666
188,4,1,0,0.0,1.0,0.3333333333333333,0.16666666666666666
194,4,1,0,0.0,1.0,0.5,0.16666666666666666
195,4,1,0,0.0,1.0,0.3333333333333333,0.16666666666666666
203,4,1,0,0.2,0.6,0.5,0.16666666666666666
204,4,1,0,0.4,0.1999999999999999,0.3333333333333333,0.16666666666666666
214,4,1,0,0.2,0.6,0.3333333333333333,0.16666666666666666
215,4,1,0,0.2,0.6,0.16666666666666666,0.16666666666666666
217,4,1,0,0.0,1.0,0.6666666666666666,0.16666666666666666
219,4,1,0,0.0,1.0,0.3333333333333333,0.16666666666666666
220,4,1,0,0.4,0.1999999999999999,0.3333333333333333,0.16666666666666666
237,4,1,0,0.4,0.1999999999999999,0.5,0.16666666666666666
247,4,1,0,0.2,0.6,0.5,0.16666666666666666
259,4,1,0,0.0,1.0,0.3333333333333333,0.16666666666666666
295,4,1,0,0.0,1.0,0.3333333333333333,0.16666666666666666
299,4,1,1,0.8,0.6000000000000001,0.5,0.16666666666666666
310,4,1,0,0.2,0.6,0.5,0.16666666666666666
313,4,1,0,0.0,1.0,0.5,0.16666666666666666
317,4,1,0,0.4,0.1999999999999999,0.3333333333333333,0.16666666666666666
327,4,1,0,0.0,1.0,0.0,0.16666666666666666
329,4,1,0,0.0,1.0,0.5,0.16666666666666666
336,4,1,0,0.4,0.1999999999999999,0.3333333333333333,0.16666666666666666
340,4,1,1,0.6,0.1999999999999999,0.5,0.16666666666666666
342,4,1,0,0.2,0.6,0.16666666666666666,0.16666666666666666
343,4,1,1,0.8,0.6000000000000001,0.5,0.16666666666666666
345,4,1,0,0.0,1.0,0.5,0.16666666666666666
349,4,1,0,0.0,1.0,0.5,0.16666666666666666
351,4,1,0,0.0,1.0,0.3333333333333333,0.16666666666666666
367,4,1,0,0.25,0.5,0.6666666666666666,0.16666666666666666
377,4,1,0,0.25,0.5,0.16666666666666666,0.16666666666666666
379,4,1,1,0.75,0.5,0.16666666666666666,0.16666666666666666
387,4,1,0,0.0,1.0,0.5,0.16666666666666666
390,4,1,1,0.75,0.5,0.3333333333333333,0.16666666666666666
391,4,1,0,0.0,1.0,0.5,0.16666666666666666
397,4,1,1,0.75,0.5,0.16666666666666666,0.16666666666666666
408,4,1,0,0.4,0.1999999999999999,0.3333333333333333,0.16666666666666666
413,4,1,0,0.0,1.0,0.3333333333333333,0.16666666666666666
423,4,1,0,0.0,1.0,0.16666666666666666,0.16666666666666666
425,4,1,0,0.0,1.0,0.3333333333333333,0.16666666666666666
432,4,1,0,0.2,0.6,0.5,0.16666666666666666
437,4,1,1,0.6,0.1999999999999999,0.3333333333333333,0.16666666666666666
443,4,1,0,0.0,1.0,0.6666666666666666,0.16666666666666666
451,4,1,0,0.25,0.5,0.16666666666666666,0.16666666666666666
454,4,1,0,0.0,1.0,0.3333333333333333,0.16666666666666666
464,4,1,0,0.0,1.0,0.3333333333333333,0.16666666666666666
468,4,1,0,0.25,0.5,0.16666666666666666,0.16666666666666666
469,4,1,1,0.75,0.5,0.0,0.16666666666666666
476,4,1,0,0.0,1.0,0.3333333333333333,0.16666666666666666
490,4,1,0,0.25,0.5,0.5,0.16666666666666666
493,4,1,0,0.0,1.0,0.16666666666666666,0.16666666666666666
501,4,1,0,0.25,0.5,0.5,0.16666666666666666
503,4,1,0,0.0,1.0,0.6666666666666666,0.16666666666666666
507,4,1,1,1.0,1.0,0.3333333333333333,0.16666666666666666
528,4,1,0,0.0,1.0,0.5,0.16666666666666666
533,4,1,0,0.0,1.0,0.3333333333333333,0.16666666666666666
542,4,1,0,0.25,0.5,0.5,0.16666666666666666
545,4,1,0,0.25,0.5,0.3333333333333333,0.16666666666666666
557,4,1,0,0.3333333333333333,0.3333333333333333,0.5,0.16666666666666666
559,4,1,1,0.6666666666666666,0.3333333333333332,0.5,0.16666666666666666
572,4,1,1,0.8333333333333334,0.6666666666666667,0.3333333333333333,0.16666666666666666
573,4,1,0,0.3333333333333333,0.3333333333333333,0.16666666666666666,0.16666666666666666
584,4,1,1,0.6666666666666666,0.3333333333333332,0.5,0.16666666666666666
592,4,1,1,0.6,0.1999999999999999,0.16666666666666666,0.16666666666666666
594,4,1,0,0.0,1.0,0.3333333333333333,0.16666666666666666
610,4,1,0,0.25,0.5,0.3333333333333333,0.16666666666666666
611,4,1,1,0.75,0.5,0.16666666666666666,0.16666666666666666
620,4,1,1,0.75,0.5,0.16666666666666666,0.16666666666666666
634,4,1,0,0.25,0.5,0.0,0.16666666666666666
651,4,1,0,0.3333333333333333,0.3333333333333333,0.3333333333333333,0.16666666666666666
654,4,1,0,0.1666666666666666,0.6666666666666667,0.3333333333333333,0.16666666666666666
655,4,1,1,0.6666666666666666,0.3333333333333332,0.3333333333333333,0.16666666666666666
658,4,1,0,0.1666666666666666,0.6666666666666667,0.3333333333333333,0.16666666666666666
667,4,1,0,0.3333333333333333,0.3333333333333333,0.3333333333333333,0.16666666666666666
669,4,1,0,0.3333333333333333,0.3333333333333333,0.3333333333333333,0.16666666666666666
671,4,1,0,0.3333333333333333,0.3333333333333333,0.5,0.16666666666666666
680,4,1,0,0.0,1.0,0.3333333333333333,0.16666666666666666
684,4,1,0,0.0,1.0,0.16666666666666666,0.16666666666666666
685,4,1,0,0.0,1.0,0.3333333333333333,0.16666666666666666
688,4,1,0,0.1666666666666666,0.6666666666666667,0.0,0.16666666666666666
690,4,1,0,0.0,1.0,0.16666666666666666,0.16666666666666666
692,4,1,0,0.0,1.0,0.16666666666666666,0.16666666666666666
711,4,1,1,0.6,0.1999999999999999,0.16666666666666666,0.16666666666666666
713,4,1,1,0.6,0.1999999999999999,0.16666666666666666,0.16666666666666666
718,4,1,0,0.1666666666666666,0.6666666666666667,0.16666666666666666,0.16666666666666666
721,4,1,0,0.3333333333333333,0.3333333333333333,0.3333333333333333,0.16666666666666666
724,4,1,0,0.2,0.6,0.3333333333333333,0.16666666666666666
728,4,1,0,0.2,0.6,0.5,0.16666666666666666
733,4,1,0,0.1666666666666666,0.6666666666666667,0.3333333333333333,0.16666666666666666
6,4,2,0,0.2,0.6,0.3333333333333333,0.16666666666666666
7,4,2,1,0.6,0.1999999999999999,0.3333333333333333,0.16666666666666666
16,4,2,1,0.6,0.1999999999999999,0.16666666666666666,0.16666666666666666
39,4,2,0,0.0,1.0,0.3333333333333333,0.16666666666666666
42,4,2,0,0.0,1.0,0.3333333333333333,0.16666666666666666
48,4,2,1,0.6,0.1999999999999999,0.6666666666666666,0.16666666666666666
49,4,2,0,0.3333333333333333,0.3333333333333333,0.3333333333333333,0.16666666666666666
50,4,2,1,0.8,0.6000000000000001,0.16666666666666666,0.16666666666666666
56,4,2,0,0.25,0.5,0.16666666666666666,0.16666666666666666
58,4,2,0,0.25,0.5,0.3333333333333333,0.16666666666666666
64,4,2,0,0.3333333333333333,0.3333333333333333,0.3333333333333333,0.16666666666666666
71,4,2,0,0.0,1.0,0.3333333333333333,0.16666666666666666
76,4,2,0,0.25,0.5,0.0,0.16666666666666666
78,4,2,0,0.0,1.0,0.16666666666666666,0.16666666666666666
82,4,2,0,0.25,0.5,0.16666666666666666,0.16666666666666666
92,4,2,0,0.0,1.0,0.3333333333333333,0.16666666666666666
96,4,2,0,0.0,1.0,0.6666666666666666,0.16666666666666666
100,4,2,0,0.25,0.5,0.3333333333333333,0.16666666666666666
101,4,2,0,0.3333333333333333,0.3333333333333333,0.3333333333333333,0.16666666666666666
103,4,2,0,0.1111111111111111,0.7777777777777778,0.5,0.16666666666666666
105,4,2,0,0.0,1.0,0.16666666666666666,0.16666666666666666
108,4,2,0,0.25,0.5,0.3333333333333333,0.16666666666666666
109,4,2,0,0.1111111111111111,0.7777777777777778,0.3333333333333333,0.16666666666666666
112,4,2,0,0.125,0.75,0.16666666666666666,0.16666666666666666
115,4,2,0,0.0,1.0,0.5,0.16666666666666666
125,4,2,0,0.125,0.75,0.3333333333333333,0.16666666666666666
136,4,2,0,0.3333333333333333,0.3333333333333333,0.5,0.16666666666666666
160,4,2,0,0.1666666666666666,0.6666666666666667,0.3333333333333333,0.16666666666666666
162,4,2,0,0.2,0.6,0.5,0.16666666666666666
165,4,2,0,0.0,1.0,0.3333333333333333,0.16666666666666666
167,4,2,0,0.0,1.0,0.5,0.16666666666666666
170,4,2,0,0.1666666666666666,0.6666666666666667,0.5,0.16666666666666666
173,4,2,0,0.25,0.5,0.3333333333333333,0.16666666666666666
201,4,2,0,0.25,0.5,0.16666666666666666,0.16666666666666666
209,4,2,0,0.2,0.6,0.16666666666666666,0.16666666666666666
212,4,2,0,0.2,0.6,0.3333333333333333,0.16666666666666666
216,4,2,0,0.0,1.0,0.5,0.16666666666666666
222,4,2,0,0.2,0.6,0.3333333333333333,0.16666666666666666
224,4,2,0,0.4,0.1999999999999999,0.3333333333333333,0.16666666666666666
228,4,2,0,0.2,0.6,0.3333333333333333,0.16666666666666666
238,4,2,0,0.25,0.5,0.16666666666666666,0.16666666666666666
241,4,2,1,0.6,0.1999999999999999,0.16666666666666666,0.16666666666666666
243,4,2,0,0.0,1.0,0.3333333333333333,0.16666666666666666
245,4,2,0,0.0,1.0,0.3333333333333333,0.16666666666666666
250,4,2,0,0.4,0.1999999999999999,0.5,0.16666666666666666
251,4,2,0,0.25,0.5,0.16666666666666666,0.16666666666666666
257,4,2,0,0.25,0.5,0.3333333333333333,0.16666666666666666
261,4,2,0,0.25,0.5,0.16666666666666666,0.16666666666666666
266,4,2,0,0.25,0.5,0.5,0.16666666666666666
279,4,2,0,0.2,0.6,0.3333333333333333,0.16666666666666666
280,4,2,0,0.25,0.5,0.16666666666666666,0.16666666666666666
281,4,2,0,0.0,1.0,0.16666666666666666,0.16666666666666666
282,4,2,0,0.25,0.5,0.3333333333333333,0.16666666666666666
290,4,2,0,0.0,1.0,0.16666666666666666,0.16666666666666666
294,4,2,0,0.0,1.0,0.3333333333333333,0.16666666666666666
302,4,2,0,0.0,1.0,0.3333333333333333,0.16666666666666666
303,4,2,0,0.0,1.0,0.3333333333333333,0.16666666666666666
306,4,2,0,0.0,1.0,0.16666666666666666,0.16666666666666666
315,4,2,1,0.8,0.6000000000000001,0.3333333333333333,0.16666666666666666
328,4,2,1,0.6,0.1999999999999999,0.3333333333333333,0.16666666666666666
330,4,2,0,0.4,0.1999999999999999,0.3333333333333333,0.16666666666666666
334,4,2,0,0.4,0.1999999999999999,0.3333333333333333,0.16666666666666666
337,4,2,0,0.0,1.0,0.3333333333333333,0.16666666666666666
338,4,2,0,0.4,0.1999999999999999,0.5,0.16666666666666666
350,4,2,0,0.0,1.0,0.16666666666666666,0.16666666666666666
352,4,2,0,0.25,0.5,0.16666666666666666,0.16666666666666666
358,4,2,0,0.25,0.5,0.3333333333333333,0.16666666666666666
365,4,2,0,0.25,0.5,0.5,0.16666666666666666
380,4,2,1,0.75,0.5,0.3333333333333333,0.16666666666666666
398,4,2,0,0.25,0.5,0.3333333333333333,0.16666666666666666
403,4,2,0,0.0,1.0,0.3333333333333333,0.16666666666666666
404,4,2,1,0.6,0.1999999999999999,0.3333333333333333,0.16666666666666666
406,4,2,1,0.6,0.1999999999999999,0.16666666666666666,0.16666666666666666
411,4,2,0,0.2,0.6,0.16666666666666666,0.16666666666666666
417,4,2,0,0.2,0.6,0.16666666666666666,0.16666666666666666
419,4,2,0,0.4,0.1999999999999999,0.16666666666666666,0.16666666666666666
422,4,2,1,0.6,0.1999999999999999,0.16666666666666666,0.16666666666666666
427,4,2,1,0.6,0.1999999999999999,0.16666666666666666,0.16666666666666666
428,4,2,1,0.6,0.1999999999999999,0.3333333333333333,0.16666666666666666
434,4,2,0,0.0,1.0,0.5,0.16666666666666666
444,4,2,0,0.2,0.6,0.6666666666666666,0.16666666666666666
446,4,2,0,0.2,0.6,0.3333333333333333,0.16666666666666666
448,4,2,0,0.0,1.0,0.5,0.16666666666666666
460,4,2,0,0.0,1.0,0.5,0.16666666666666666
470,4,2,0,0.0,1.0,0.16666666666666666,0.16666666666666666
471,4,2,0,0.0,1.0,0.16666666666666666,0.16666666666666666
473,4,2,0,0.25,0.5,0.5,0.16666666666666666
475,4,2,0,0.25,0.5,0.3333333333333333,0.16666666666666666
477,4,2,0,0.0,1.0,0.3333333333333333,0.16666666666666666
484,4,2,0,0.25,0.5,0.16666666666666666,0.16666666666666666
489,4,2,0,0.0,1.0,0.3333333333333333,0.16666666666666666
517,4,2,0,0.25,0.5,0.5,0.16666666666666666
527,4,2,0,0.25,0.5,0.3333333333333333,0.16666666666666666
536,4,2,0,0.3333333333333333,0.3333333333333333,0.3333333333333333,0.16666666666666666
538,4,2,0,0.0,1.0,0.3333333333333333,0.16666666666666666
555,4,2,0,0.3333333333333333,0.3333333333333333,0.3333333333333333,0.16666666666666666
560,4,2,0,0.1666666666666666,0.6666666666666667,0.5,0.16666666666666666
566,4,2,0,0.1666666666666666,0.6666666666666667,0.3333333333333333,0.16666666666666666
568,4,2,1,1.0,1.0,0.3333333333333333,0.16666666666666666
581,4,2,0,0.3333333333333333,0.3333333333333333,0.3333333333333333,0.16666666666666666
590,4,2,0,0.3333333333333333,0.3333333333333333,0.16666666666666666,0.16666666666666666
595,4,2,1,0.8333333333333334,0.6666666666666667,0.16666666666666666,0.16666666666666666
597,4,2,0,0.0,1.0,0.5,0.16666666666666666
599,4,2,0,0.0,1.0,0.16666666666666666,0.16666666666666666
600,4,2,0,0.1666666666666666,0.6666666666666667,0.16666666666666666,0.16666666666666666
601,4,2,0,0.0,1.0,0.5,0.16666666666666666
613,4,2,0,0.0,1.0,0.3333333333333333,0.16666666666666666
614,4,2,1,0.75,0.5,0.3333333333333333,0.16666666666666666
622,4,2,1,0.75,0.5,0.3333333333333333,0.16666666666666666
624,4,2,0,0.25,0.5,0.16666666666666666,0.16666666666666666
625,4,2,0,0.0,1.0,0.3333333333333333,0.16666666666666666
641,4,2,0,0.0,1.0,0.3333333333333333,0.16666666666666666
646,4,2,0,0.0,1.0,0.3333333333333333,0.16666666666666666
659,4,2,1,0.6666666666666666,0.3333333333333332,0.3333333333333333,0.16666666666666666
664,4,2,1,0.6666666666666666,0.3333333333333332,0.3333333333333333,0.16666666666666666
676,4,2,0,0.1666666666666666,0.6666666666666667,0.3333333333333333,0.16666666666666666
677,4,2,1,0.6666666666666666,0.3333333333333332,0.3333333333333333,0.16666666666666666
696,4,2,0,0.1666666666666666,0.6666666666666667,0.0,0.16666666666666666
702,4,2,0,0.1666666666666666,0.6666666666666667,0.0,0.16666666666666666
706,4,2,1,0.6666666666666666,0.3333333333333332,0.3333333333333333,0.16666666666666666
708,4,2,0,0.0,1.0,0.16666666666666666,0.16666666666666666
712,4,2,0,0.1666666666666666,0.6666666666666667,0.3333333333333333,0.16666666666666666
720,4,2,0,0.0,1.0,0.5,0.16666666666666666
723,4,2,0,0.1666666666666666,0.6666666666666667,0.3333333333333333,0.16666666666666666
734,4,2,0,0.0,1.0,0.3333333333333333,0.16666666666666666
738,4,2,0,0.3333333333333333,0.3333333333333333,0.16666666666666666,0.16666666666666666
741,4,2,0,0.2,0.6,0.16666666666666666,0.16666666666666666
8,4,3,0,0.0,1.0,0.5,0.16666666666666666
12,4,3,0,0.4,0.1999999999999999,0.5,0.16666666666666666
14,4,3,0,0.2,0.6,0.16666666666666666,0.16666666666666666
15,4,3,0,0.4,0.1999999999999999,0.3333333333333333,0.16666666666666666
17,4,3,0,0.4,0.1999999999999999,0.16666666666666666,0.16666666666666666
18,4,3,1,0.6,0.1999999999999999,0.3333333333333333,0.16666666666666666
22,4,3,0,0.2,0.6,0.5,0.16666666666666666
27,4,3,0,0.2,0.6,0.5,0.16666666666666666
33,4,3,0,0.4,0.1999999999999999,0.16666666666666666,0.16666666666666666
53,4,3,0,0.1666666666666666,0.6666666666666667,0.6666666666666666,0.16666666666666666
55,4,3,0,0.0,1.0,0.3333333333333333,0.16666666666666666
62,4,3,0,0.25,0.5,0.3333333333333333,0.16666666666666666
68,4,3,0,0.0,1.0,0.5,0.16666666666666666
75,4,3,0,0.0,1.0,0.0,0.16666666666666666
77,4,3,0,0.25,0.5,0.16666666666666666,0.16666666666666666
79,4,3,0,0.25,0.5,0.16666666666666666,0.16666666666666666
84,4,3,0,0.3333333333333333,0.3333333333333333,0.5,0.16666666666666666
97,4,3,0,0.25,0.5,0.3333333333333333,0.16666666666666666
98,4,3,0,0.3333333333333333,0.3333333333333333,0.3333333333333333,0.16666666666666666
104,4,3,0,0.1111111111111111,0.7777777777777778,0.6666666666666666,0.16666666666666666
114,4,3,0,0.1111111111111111,0.7777777777777778,0.6666666666666666,0.16666666666666666
119,4,3,0,0.1111111111111111,0.7777777777777778,0.5,0.16666666666666666
120,4,3,0,0.0,1.0,0.16666666666666666,0.16666666666666666
122,4,3,0,0.0,1.0,0.3333333333333333,0.16666666666666666
126,4,3,0,0.2222222222222222,0.5555555555555556,0.16666666666666666,0.16666666666666666
132,4,3,0,0.2222222222222222,0.5555555555555556,0.3333333333333333,0.16666666666666666
134,4,3,0,0.1111111111111111,0.7777777777777778,0.3333333333333333,0.16666666666666666
135,4,3,0,0.1666666666666666,0.6666666666666667,0.3333333333333333,0.16666666666666666
137,4,3,1,0.6666666666666666,0.3333333333333332,0.3333333333333333,0.16666666666666666
146,4,3,1,0.8888888888888888,0.7777777777777777,0.16666666666666666,0.16666666666666666
153,4,3,0,0.0,1.0,0.6666666666666666,0.16666666666666666
157,4,3,0,0.25,0.5,0.16666666666666666,0.16666666666666666
163,4,3,0,0.25,0.5,0.0,0.16666666666666666
166,4,3,0,0.25,0.5,0.3333333333333333,0.16666666666666666
168,4,3,0,0.25,0.5,0.3333333333333333,0.16666666666666666
176,4,3,0,0.0,1.0,0.16666666666666666,0.16666666666666666
178,4,3,0,0.0,1.0,0.16666666666666666,0.16666666666666666
180,4,3,0,0.0,1.0,0.16666666666666666,0.16666666666666666
184,4,3,0,0.0,1.0,0.6666666666666666,0.16666666666666666
197,4,3,0,0.0,1.0,0.0,0.16666666666666666
207,4,3,0,0.2,0.6,0.3333333333333333,0.16666666666666666
211,4,3,1,0.6,0.1999999999999999,0.3333333333333333,0.16666666666666666
213,4,3,0,0.4,0.1999999999999999,0.16666666666666666,0.16666666666666666
229,4,3,0,0.0,1.0,0.3333333333333333,0.16666666666666666
235,4,3,0,0.0,1.0,0.5,0.16666666666666666
242,4,3,1,0.6,0.1999999999999999,0.3333333333333333,0.16666666666666666
244,4,3,1,0.6,0.1999999999999999,0.3333333333333333,0.16666666666666666
249,4,3,1,0.6,0.1999999999999999,0.16666666666666666,0.16666666666666666
253,4,3,0,0.0,1.0,0.5,0.16666666666666666
254,4,3,0,0.25,0.5,0.5,0.16666666666666666
258,4,3,0,0.0,1.0,0.3333333333333333,0.16666666666666666
267,4,3,0,0.0,1.0,0.3333333333333333,0.16666666666666666
286,4,3,0,0.2,0.6,0.3333333333333333,0.16666666666666666
287,4,3,0,0.25,0.5,0.3333333333333333,0.16666666666666666
296,4,3,0,0.0,1.0,0.3333333333333333,0.16666666666666666
307,4,3,0,0.4,0.1999999999999999,0.0,0.16666666666666666
314,4,3,0,0.0,1.0,0.3333333333333333,0.16666666666666666
325,4,3,0,0.0,1.0,0.5,0.16666666666666666
331,4,3,0,0.0,1.0,0.5,0.16666666666666666
347,4,3,0,0.4,0.1999999999999999,0.3333333333333333,0.16666666666666666
355,4,3,0,0.25,0.5,0.3333333333333333,0.16666666666666666
356,4,3,0,0.25,0.5,0.3333333333333333,0.16666666666666666
361,4,3,0,0.0,1.0,0.3333333333333333,0.16666666666666666
362,4,3,1,0.75,0.5,0.6666666666666666,0.16666666666666666
363,4,3,0,0.0,1.0,0.3333333333333333,0.16666666666666666
366,4,3,0,0.0,1.0,0.16666666666666666,0.16666666666666666
371,4,3,0,0.25,0.5,0.16666666666666666,0.16666666666666666
372,4,3,0,0.25,0.5,0.16666666666666666,0.16666666666666666
386,4,3,0,0.25,0.5,0.3333333333333333,0.16666666666666666
396,4,3,1,0.75,0.5,0.5,0.16666666666666666
401,4,3,0,0.2,0.6,0.5,0.16666666666666666
402,4,3,1,0.6,0.1999999999999999,0.3333333333333333,0.16666666666666666
412,4,3,1,1.0,1.0,0.0,0.16666666666666666
414,4,3,1,0.6,0.1999999999999999,0.16666666666666666,0.16666666666666666
418,4,3,0,0.0,1.0,0.5,0.16666666666666666
426,4,3,1,0.8,0.6000000000000001,0.5,0.16666666666666666
429,4,3,0,0.0,1.0,0.3333333333333333,0.16666666666666666
430,4,3,1,0.6,0.1999999999999999,0.0,0.16666666666666666
433,4,3,0,0.0,1.0,0.3333333333333333,0.16666666666666666
442,4,3,1,0.8,0.6000000000000001,0.5,0.16666666666666666
458,4,3,0,0.0,1.0,0.3333333333333333,0.16666666666666666
463,4,3,0,0.25,0.5,0.16666666666666666,0.16666666666666666
478,4,3,0,0.0,1.0,0.5,0.16666666666666666
482,4,3,0,0.0,1.0,0.3333333333333333,0.16666666666666666
495,4,3,0,0.0,1.0,0.5,0.16666666666666666
497,4,3,0,0.0,1.0,0.6666666666666666,0.16666666666666666
498,4,3,0,0.0,1.0,0.16666666666666666,0.16666666666666666
500,4,3,0,0.25,0.5,0.5,0.16666666666666666
502,4,3,1,0.75,0.5,0.5,0.16666666666666666
509,4,3,0,0.25,0.5,0.5,0.16666666666666666
518,4,3,0,0.25,0.5,0.6666666666666666,0.16666666666666666
522,4,3,0,0.25,0.5,0.16666666666666666,0.16666666666666666
523,4,3,0,0.25,0.5,0.5,0.16666666666666666
524,4,3,0,0.0,1.0,0.5,0.16666666666666666
535,4,3,0,0.25,0.5,0.5,0.16666666666666666
549,4,3,0,0.0,1.0,0.5,0.16666666666666666
569,4,3,0,0.1666666666666666,0.6666666666666667,0.16666666666666666,0.16666666666666666
574,4,3,0,0.3333333333333333,0.3333333333333333,0.3333333333333333,0.16666666666666666
577,4,3,0,0.1666666666666666,0.6666666666666667,0.16666666666666666,0.16666666666666666
579,4,3,0,0.3333333333333333,0.3333333333333333,0.16666666666666666,0.16666666666666666
587,4,3,1,0.8333333333333334,0.6666666666666667,0.16666666666666666,0.16666666666666666
602,4,3,0,0.25,0.5,0.0,0.16666666666666666
615,4,3,1,0.75,0.5,0.3333333333333333,0.16666666666666666
616,4,3,1,0.75,0.5,0.3333333333333333,0.16666666666666666
628,4,3,0,0.0,1.0,0.16666666666666666,0.16666666666666666
631,4,3,0,0.0,1.0,0.16666666666666666,0.16666666666666666
636,4,3,0,0.0,1.0,0.16666666666666666,0.16666666666666666
638,4,3,0,0.25,0.5,0.16666666666666666,0.16666666666666666
639,4,3,0,0.0,1.0,0.3333333333333333,0.16666666666666666
640,4,3,1,0.75,0.5,0.3333333333333333,0.16666666666666666
644,4,3,0,0.25,0.5,0.5,0.16666666666666666
652,4,3,0,0.0,1.0,0.3333333333333333,0.16666666666666666
668,4,3,0,0.1666666666666666,0.6666666666666667,0.5,0.16666666666666666
672,4,3,0,0.0,1.0,0.16666666666666666,0.16666666666666666
681,4,3,0,0.1666666666666666,0.6666666666666667,0.0,0.16666666666666666
682,4,3,0,0.1666666666666666,0.6666666666666667,0.16666666666666666,0.16666666666666666
687,4,3,0,0.3333333333333333,0.3333333333333333,0.3333333333333333,0.16666666666666666
694,4,3,0,0.3333333333333333,0.3333333333333333,0.3333333333333333,0.16666666666666666
703,4,3,0,0.0,1.0,0.5,0.16666666666666666
704,4,3,0,0.3333333333333333,0.3333333333333333,0.3333333333333333,0.16666666666666666
709,4,3,0,0.3333333333333333,0.3333333333333333,0.0,0.16666666666666666
710,4,3,0,0.0,1.0,0.16666666666666666,0.16666666666666666
714,4,3,0,0.3333333333333333,0.3333333333333333,0.3333333333333333,0.16666666666666666
719,4,3,0,0.1666666666666666,0.6666666666666667,0.5,0.16666666666666666
722,4,3,0,0.2,0.6,0.3333333333333333,0.16666666666666666
735,4,3,0,0.0,1.0,0.3333333333333333,0.16666666666666666
737,4,3,0,0.1666666666666666,0.6666666666666667,0.3333333333333333,0.16666666666666666
2,4,4,0,0.4,0.1999999999999999,0.3333333333333333,0.16666666666666666
4,4,4,1,0.6,0.1999999999999999,0.5,0.16666666666666666
5,4,4,0,0.2,0.6,0.16666666666666666,0.16666666666666666
9,4,4,0,0.0,1.0,0.5,0.16666666666666666
20,4,4,0,0.25,0.5,0.5,0.16666666666666666
32,4,4,0,0.2,0.6,0.5,0.16666666666666666
40,4,4,0,0.2,0.6,0.5,0.16666666666666666
63,4,4,0,0.0,1.0,0.16666666666666666,0.16666666666666666
69,4,4,0,0.0,1.0,0.3333333333333333,0.16666666666666666
73,4,4,0,0.0,1.0,0.6666666666666666,0.16666666666666666
74,4,4,0,0.0,1.0,0.3333333333333333,0.16666666666666666
80,4,4,0,0.0,1.0,0.5,0.16666666666666666
85,4,4,0,0.25,0.5,0.3333333333333333,0.16666666666666666
86,4,4,0,0.0,1.0,0.5,0.16666666666666666
89,4,4,0,0.25,0.5,0.6666666666666666,0.16666666666666666
99,4,4,0,0.0,1.0,0.5,0.16666666666666666
113,4,4,0,0.1111111111111111,0.7777777777777778,0.5,0.16666666666666666
117,4,4,0,0.25,0.5,0.5,0.16666666666666666
123,4,4,0,0.0,1.0,0.5,0.16666666666666666
130,4,4,0,0.1111111111111111,0.7777777777777778,0.3333333333333333,0.16666666666666666
138,4,4,1,0.5555555555555556,0.1111111111111111,0.16666666666666666,0.16666666666666666
141,4,4,0,0.0,1.0,0.16666666666666666,0.16666666666666666
142,4,4,0,0.0,1.0,0.3333333333333333,0.16666666666666666
144,4,4,0,0.0,1.0,0.6666666666666666,0.16666666666666666
149,4,4,0,0.3333333333333333,0.3333333333333333,0.3333333333333333,0.16666666666666666
150,4,4,0,0.0,1.0,0.3333333333333333,0.16666666666666666
152,4,4,0,0.0,1.0,0.5,0.16666666666666666
154,4,4,0,0.25,0.5,0.6666666666666666,0.16666666666666666
155,4,4,0,0.25,0.5,0.3333333333333333,0.16666666666666666
161,4,4,0,0.0,1.0,0.3333333333333333,0.16666666666666666
164,4,4,0,0.0,1.0,0.0,0.16666666666666666
175,4,4,0,0.0,1.0,0.3333333333333333,0.16666666666666666
186,4,4,0,0.0,1.0,0.3333333333333333,0.16666666666666666
193,4,4,0,0.25,0.5,0.3333333333333333,0.16666666666666666
199,4,4,0,0.25,0.5,0.3333333333333333,0.16666666666666666
202,4,4,1,0.6,0.1999999999999999,0.3333333333333333,0.16666666666666666
208,4,4,0,0.0,1.0,0.3333333333333333,0.16666666666666666
210,4,4,0,0.4,0.1999999999999999,0.3333333333333333,0.16666666666666666
221,4,4,1,0.8,0.6000000000000001,0.16666666666666666,0.16666666666666666
223,4,4,0,0.2,0.6,0.3333333333333333,0.16666666666666666
225,4,4,0,0.2,0.6,0.0,0.16666666666666666
232,4,4,0,0.25,0.5,0.3333333333333333,0.16666666666666666
260,4,4,0,0.25,0.5,0.3333333333333333,0.16666666666666666
263,4,4,0,0.2,0.6,0.3333333333333333,0.16666666666666666
264,4,4,0,0.25,0.5,0.16666666666666666,0.16666666666666666
270,4,4,0,0.0,1.0,0.3333333333333333,0.16666666666666666
271,4,4,0,0.0,1.0,0.16666666666666666,0.16666666666666666
276,4,4,0,0.2,0.6,0.5,0.16666666666666666
283,4,4,0,0.25,0.5,0.3333333333333333,0.16666666666666666
285,4,4,0,0.4,0.1999999999999999,0.5,0.16666666666666666
288,4,4,1,0.75,0.5,0.3333333333333333,0.16666666666666666
291,4,4,0,0.0,1.0,0.3333333333333333,0.16666666666666666
292,4,4,0,0.25,0.5,0.3333333333333333,0.16666666666666666
298,4,4,0,0.25,0.5,0.3333333333333333,0.16666666666666666
300,4,4,0,0.0,1.0,0.3333333333333333,0.16666666666666666
308,4,4,0,0.4,0.1999999999999999,0.3333333333333333,0.16666666666666666
309,4,4,1,0.8,0.6000000000000001,0.3333333333333333,0.16666666666666666
312,4,4,0,0.0,1.0,0.5,0.16666666666666666
318,4,4,0,0.4,0.1999999999999999,0.3333333333333333,0.16666666666666666
321,4,4,1,0.6,0.1999999999999999,0.16666666666666666,0.16666666666666666
322,4,4,1,0.6,0.1999999999999999,0.16666666666666666,0.16666666666666666
323,4,4,0,0.0,1.0,0.5,0.16666666666666666
324,4,4,0,0.2,0.6,0.16666666666666666,0.16666666666666666
333,4,4,0,0.0,1.0,0.16666666666666666,0.16666666666666666
344,4,4,0,0.2,0.6,0.3333333333333333,0.16666666666666666
354,4,4,0,0.25,0.5,0.16666666666666666,0.16666666666666666
359,4,4,0,0.25,0.5,0.6666666666666666,0.16666666666666666
360,4,4,0,0.25,0.5,0.5,0.16666666666666666
369,4,4,0,0.0,1.0,0.5,0.16666666666666666
373,4,4,0,0.0,1.0,0.3333333333333333,0.16666666666666666
383,4,4,0,0.0,1.0,0.3333333333333333,0.16666666666666666
384,4,4,0,0.25,0.5,0.3333333333333333,0.16666666666666666
405,4,4,0,0.0,1.0,0.3333333333333333,0.16666666666666666
407,4,4,0,0.2,0.6,0.0,0.16666666666666666
415,4,4,0,0.0,1.0,0.16666666666666666,0.16666666666666666
421,4,4,0,0.2,0.6,0.16666666666666666,0.16666666666666666
424,4,4,1,0.6,0.1999999999999999,0.3333333333333333,0.16666666666666666
431,4,4,0,0.4,0.1999999999999999,0.3333333333333333,0.16666666666666666
436,4,4,0,0.4,0.1999999999999999,0.5,0.16666666666666666
441,4,4,0,0.2,0.6,0.5,0.16666666666666666
445,4,4,0,0.0,1.0,0.3333333333333333,0.16666666666666666
447,4,4,0,0.0,1.0,0.16666666666666666,0.16666666666666666
449,4,4,0,0.4,0.1999999999999999,0.3333333333333333,0.16666666666666666
453,4,4,0,0.25,0.5,0.5,0.16666666666666666
467,4,4,1,1.0,1.0,0.16666666666666666,0.16666666666666666
472,4,4,0,0.25,0.5,0.5,0.16666666666666666
474,4,4,0,0.0,1.0,0.3333333333333333,0.16666666666666666
479,4,4,0,0.0,1.0,0.3333333333333333,0.16666666666666666
481,4,4,0,0.0,1.0,0.5,0.16666666666666666
486,4,4,0,0.25,0.5,0.5,0.16666666666666666
487,4,4,0,0.2,0.6,0.3333333333333333,0.16666666666666666
508,4,4,1,0.75,0.5,0.3333333333333333,0.16666666666666666
512,4,4,1,1.0,1.0,0.5,0.16666666666666666
513,4,4,0,0.0,1.0,0.3333333333333333,0.16666666666666666
514,4,4,1,0.75,0.5,0.3333333333333333,0.16666666666666666
516,4,4,0,0.0,1.0,0.5,0.16666666666666666
519,4,4,0,0.0,1.0,0.3333333333333333,0.16666666666666666
521,4,4,1,0.75,0.5,0.3333333333333333,0.16666666666666666
525,4,4,0,0.2,0.6,0.16666666666666666,0.16666666666666666
531,4,4,1,0.75,0.5,0.5,0.16666666666666666
532,4,4,0,0.0,1.0,0.16666666666666666,0.16666666666666666
539,4,4,0,0.25,0.5,0.3333333333333333,0.16666666666666666
540,4,4,0,0.25,0.5,0.16666666666666666,0.16666666666666666
551,4,4,1,0.6666666666666666,0.3333333333333332,0.5,0.16666666666666666
552,4,4,1,0.6666666666666666,0.3333333333333332,0.5,0.16666666666666666
562,4,4,0,0.3333333333333333,0.3333333333333333,0.5,0.16666666666666666
563,4,4,0,0.0,1.0,0.16666666666666666,0.16666666666666666
588,4,4,0,0.1666666666666666,0.6666666666666667,0.16666666666666666,0.16666666666666666
589,4,4,0,0.3333333333333333,0.3333333333333333,0.0,0.16666666666666666
598,4,4,0,0.3333333333333333,0.3333333333333333,0.16666666666666666,0.16666666666666666
604,4,4,1,0.75,0.5,0.16666666666666666,0.16666666666666666
606,4,4,0,0.25,0.5,0.16666666666666666,0.16666666666666666
607,4,4,0,0.0,1.0,0.0,0.16666666666666666
612,4,4,0,0.0,1.0,0.3333333333333333,0.16666666666666666
660,4,4,0,0.1666666666666666,0.6666666666666667,0.5,0.16666666666666666
661,4,4,1,0.8333333333333334,0.6666666666666667,0.16666666666666666,0.16666666666666666
663,4,4,0,0.3333333333333333,0.3333333333333333,0.3333333333333333,0.16666666666666666
674,4,4,0,0.3333333333333333,0.3333333333333333,0.5,0.16666666666666666
678,4,4,0,0.3333333333333333,0.3333333333333333,0.5,0.16666666666666666
683,4,4,1,0.8333333333333334,0.6666666666666667,0.0,0.16666666666666666
686,4,4,0,0.0,1.0,0.0,0.16666666666666666
725,4,4,0,0.0,1.0,0.3333333333333333,0.16666666666666666
726,4,4,0,0.0,1.0,0.16666666666666666,0.16666666666666666
729,4,4,0,0.4,0.1999999999999999,0.3333333333333333,0.16666666666666666
730,4,4,0,0.3333333333333333,0.3333333333333333,0.5,0.16666666666666666
731,4,4,0,0.0,1.0,0.5,0.16666666666666666
736,4,4,0,0.0,1.0,0.3333333333333333,0.16666666666666666
