patient_id,repeat,fold,y,y_soft,agreement,p,thr
5,0,0,0,0.2,0.6,0.4907005223674664,0.4710108505764021
18,0,0,1,0.6,0.1999999999999999,0.6284140535210059,0.4710108505764021
26,0,0,1,0.8,0.6000000000000001,0.4685411820832695,0.4710108505764021
28,0,0,0,0.2,0.6,0.34593695507168565,0.4710108505764021
29,0,0,0,0.2,0.6,0.42035255953931805,0.4710108505764021
32,0,0,0,0.2,0.6,0.3456133857355569,0.4710108505764021
40,0,0,0,0.2,0.6,0.3300469395241502,0.4710108505764021
49,0,0,0,0.3333333333333333,0.3333333333333333,0.36969662841303635,0.4710108505764021
51,0,0,0,0.25,0.5,0.3496342871587872,0.4710108505764021
55,0,0,0,0.0,1.0,0.35055692409448513,0.4710108505764021
59,0,0,0,0.25,0.5,0.4182383165563595,0.4710108505764021
63,0,0,0,0.0,1.0,0.3611446054457128,0.4710108505764021
64,0,0,0,0.3333333333333333,0.3333333333333333,0.38410290674008407,0.4710108505764021
67,0,0,0,0.0,1.0,0.3164747099151278,0.4710108505764021
73,0,0,0,0.0,1.0,0.3782797986180385,0.4710108505764021
77,0,0,0,0.25,0.5,0.38535671343658207,0.4710108505764021
82,0,0,0,0.25,0.5,0.3311480633631302,0.4710108505764021
83,0,0,0,0.25,0.5,0.5800527348842122,0.4710108505764021
98,0,0,0,0.3333333333333333,0.3333333333333333,0.3173358067033898,0.4710108505764021
107,0,0,0,0.1111111111111111,0.7777777777777778,0.607789048478439,0.4710108505764021
109,0,0,0,0.1111111111111111,0.7777777777777778,0.4954891533694386,0.4710108505764021
112,0,0,0,0.125,0.75,0.3468827325672566,0.4710108505764021
113,0,0,0,0.1111111111111111,0.7777777777777778,0.4195733394235838,0.4710108505764021
116,0,0,0,0.0,1.0,0.3256518509661293,0.4710108505764021
122,0,0,0,0.0,1.0,0.40534071883664186,0.4710108505764021
134,0,0,0,0.1111111111111111,0.7777777777777778,0.479309741925696,0.4710108505764021
137,0,0,1,0.6666666666666666,0.3333333333333332,0.2173171105618132,0.4710108505764021
138,0,0,1,0.5555555555555556,0.1111111111111111,0.4842026845834646,0.4710108505764021
139,0,0,0,0.0,1.0,0.5035944598687194,0.4710108505764021
147,0,0,0,0.0,1.0,0.5131915346719778,0.4710108505764021
151,0,0,0,0.0,1.0,0.3573035000146173,0.4710108505764021
153,0,0,0,0.0,1.0,0.23151040084867291,0.4710108505764021
160,0,0,0,0.1666666666666666,0.6666666666666667,0.2626900321882335,0.4710108505764021
161,0,0,0,0.0,1.0,0.40521691327145204,0.4710108505764021
177,0,0,0,0.0,1.0,0.5309623589624665,0.4710108505764021
183,0,0,0,0.0,1.0,0.5665160465262736,0.4710108505764021
199,0,0,0,0.25,0.5,0.3473884454273766,0.4710108505764021
210,0,0,0,0.4,0.1999999999999999,0.34051768646772185,0.4710108505764021
211,0,0,1,0.6,0.1999999999999999,0.665822264920868,0.4710108505764021
213,0,0,0,0.4,0.1999999999999999,0.2602506420730367,0.4710108505764021
230,0,0,0,0.2,0.6,0.5454197152074314,0.4710108505764021
232,0,0,0,0.25,0.5,0.3692504457133282,0.4710108505764021
233,0,0,0,0.0,1.0,0.4471535655337923,0.4710108505764021
240,0,0,0,0.2,0.6,0.36071162067530294,0.4710108505764021
244,0,0,1,0.6,0.1999999999999999,0.507423398402771,0.4710108505764021
248,0,0,0,0.4,0.1999999999999999,0.5012754880169867,0.4710108505764021
253,0,0,0,0.0,1.0,0.39873075896152615,0.4710108505764021
259,0,0,0,0.0,1.0,0.2659188196770503,0.4710108505764021
282,0,0,0,0.25,0.5,0.4094857437778907,0.4710108505764021
285,0,0,0,0.4,0.1999999999999999,0.44958954404642437,0.4710108505764021
287,0,0,0,0.25,0.5,0.45791892650011984,0.4710108505764021
294,0,0,0,0.0,1.0,0.46588715896575517,0.4710108505764021
300,0,0,0,0.0,1.0,0.536663832182269,0.4710108505764021
307,0,0,0,0.4,0.1999999999999999,0.4607582948443701,0.4710108505764021
310,0,0,0,0.2,0.6,0.5294881320757733,0.4710108505764021
315,0,0,1,0.8,0.6000000000000001,0.32140481168914403,0.4710108505764021
316,0,0,0,0.4,0.1999999999999999,0.26705410086159304,0.4710108505764021
319,0,0,0,0.2,0.6,0.587713237845251,0.4710108505764021
329,0,0,0,0.0,1.0,0.3978464179248494,0.4710108505764021
330,0,0,0,0.4,0.1999999999999999,0.4309829975224837,0.4710108505764021
338,0,0,0,0.4,0.1999999999999999,0.4214254126536956,0.4710108505764021
339,0,0,0,0.0,1.0,0.41727405780426263,0.4710108505764021
342,0,0,0,0.2,0.6,0.3841193596278477,0.4710108505764021
345,0,0,0,0.0,1.0,0.4655232029339528,0.4710108505764021
358,0,0,0,0.25,0.5,0.6319904739896867,0.4710108505764021
362,0,0,1,0.75,0.5,0.5858529435444426,0.4710108505764021
372,0,0,0,0.25,0.5,0.46592459676004816,0.4710108505764021
377,0,0,0,0.25,0.5,0.5177732791456935,0.4710108505764021
379,0,0,1,0.75,0.5,0.7010959478150447,0.4710108505764021
386,0,0,0,0.25,0.5,0.5646184134226413,0.4710108505764021
404,0,0,1,0.6,0.1999999999999999,0.7810923246453145,0.4710108505764021
409,0,0,0,0.4,0.1999999999999999,0.6530866291425561,0.4710108505764021
411,0,0,0,0.2,0.6,0.6080266167181159,0.4710108505764021
412,0,0,1,1.0,1.0,0.6189049217218663,0.4710108505764021
414,0,0,1,0.6,0.1999999999999999,0.7147085740621429,0.4710108505764021
418,0,0,0,0.0,1.0,0.6125665285276208,0.4710108505764021
426,0,0,1,0.8,0.6000000000000001,0.5823285902871597,0.4710108505764021
428,0,0,1,0.6,0.1999999999999999,0.5090157624174618,0.4710108505764021
433,0,0,0,0.0,1.0,0.43915451613752393,0.4710108505764021
438,0,0,0,0.1666666666666666,0.6666666666666667,0.4249490374644994,0.4710108505764021
443,0,0,0,0.0,1.0,0.48724202741487393,0.4710108505764021
444,0,0,0,0.2,0.6,0.6901637934178706,0.4710108505764021
445,0,0,0,0.0,1.0,0.5007050732786451,0.4710108505764021
452,0,0,0,0.25,0.5,0.4373421595335362,0.4710108505764021
463,0,0,0,0.25,0.5,0.331194849241487,0.4710108505764021
467,0,0,1,1.0,1.0,0.5567570153604186,0.4710108505764021
469,0,0,1,0.75,0.5,0.40516638120003146,0.4710108505764021
475,0,0,0,0.25,0.5,0.39345125769548306,0.4710108505764021
476,0,0,0,0.0,1.0,0.522972096136991,0.4710108505764021
486,0,0,0,0.25,0.5,0.5329072969555033,0.4710108505764021
487,0,0,0,0.2,0.6,0.3880220109039214,0.4710108505764021
490,0,0,0,0.25,0.5,0.5033972866129042,0.4710108505764021
492,0,0,0,0.3333333333333333,0.3333333333333333,0.5335258898990234,0.4710108505764021
493,0,0,0,0.0,1.0,0.4956490173490731,0.4710108505764021
497,0,0,0,0.0,1.0,0.3526444195417558,0.4710108505764021
518,0,0,0,0.25,0.5,0.6178326602613285,0.4710108505764021
527,0,0,0,0.25,0.5,0.5023048754373108,0.4710108505764021
528,0,0,0,0.0,1.0,0.43184816743961496,0.4710108505764021
536,0,0,0,0.3333333333333333,0.3333333333333333,0.6021395202579514,0.4710108505764021
545,0,0,0,0.25,0.5,0.5337629402022608,0.4710108505764021
549,0,0,0,0.0,1.0,0.445883692362416,0.4710108505764021
563,0,0,0,0.0,1.0,0.4823945998127126,0.4710108505764021
565,0,0,0,0.3333333333333333,0.3333333333333333,0.4130645349098727,0.4710108505764021
569,0,0,0,0.1666666666666666,0.6666666666666667,0.43875109067669193,0.4710108505764021
581,0,0,0,0.3333333333333333,0.3333333333333333,0.5083443976736389,0.4710108505764021
584,0,0,1,0.6666666666666666,0.3333333333333332,0.7515413032804775,0.4710108505764021
592,0,0,1,0.6,0.1999999999999999,0.8041071153996103,0.4710108505764021
601,0,0,0,0.0,1.0,0.4004426232213499,0.4710108505764021
610,0,0,0,0.25,0.5,0.601330579063965,0.4710108505764021
619,0,0,0,0.25,0.5,0.6029232531919262,0.4710108505764021
645,0,0,1,0.75,0.5,0.6393323344554604,0.4710108505764021
654,0,0,0,0.1666666666666666,0.6666666666666667,0.4969081871795302,0.4710108505764021
656,0,0,1,0.6666666666666666,0.3333333333333332,0.5615724829494337,0.4710108505764021
659,0,0,1,0.6666666666666666,0.3333333333333332,0.5311604862813,0.4710108505764021
672,0,0,0,0.0,1.0,0.46117313141857774,0.4710108505764021
682,0,0,0,0.1666666666666666,0.6666666666666667,0.5883375849572658,0.4710108505764021
689,0,0,0,0.0,1.0,0.44130218497721907,0.4710108505764021
690,0,0,0,0.0,1.0,0.41216289903772974,0.4710108505764021
695,0,0,0,0.3333333333333333,0.3333333333333333,0.5642006519062106,0.4710108505764021
699,0,0,0,0.1666666666666666,0.6666666666666667,0.538882629455845,0.4710108505764021
701,0,0,0,0.1666666666666666,0.6666666666666667,0.6371909647271479,0.4710108505764021
702,0,0,0,0.1666666666666666,0.6666666666666667,0.6761095482893656,0.4710108505764021
706,0,0,1,0.6666666666666666,0.3333333333333332,0.6051319718692223,0.4710108505764021
712,0,0,0,0.1666666666666666,0.6666666666666667,0.5153463937328189,0.4710108505764021
714,0,0,0,0.3333333333333333,0.3333333333333333,0.2731918919290305,0.4710108505764021
720,0,0,0,0.0,1.0,0.39957973295619026,0.4710108505764021
735,0,0,0,0.0,1.0,0.444738387918163,0.4710108505764021
2,0,1,0,0.4,0.1999999999999999,0.2820201692796545,0.4896463263646864
6,0,1,0,0.2,0.6,0.30766434450176905,0.4896463263646864
14,0,1,0,0.2,0.6,0.36409050274849025,0.4896463263646864
30,0,1,0,0.2,0.6,0.3754678677841515,0.4896463263646864
34,0,1,0,0.1666666666666666,0.6666666666666667,0.4915708401446406,0.4896463263646864
38,0,1,0,0.0,1.0,0.4303046562197561,0.4896463263646864
39,0,1,0,0.0,1.0,0.33803089517037427,0.4896463263646864
56,0,1,0,0.25,0.5,0.4471026017526596,0.4896463263646864
61,0,1,0,0.2,0.6,0.22251212419348318,0.4896463263646864
65,0,1,0,0.25,0.5,0.2608577029236569,0.4896463263646864
66,0,1,0,0.0,1.0,0.35061633836047146,0.4896463263646864
68,0,1,0,0.0,1.0,0.3210038981378603,0.4896463263646864
69,0,1,0,0.0,1.0,0.32712946127861897,0.4896463263646864
74,0,1,0,0.0,1.0,0.5098682369712179,0.4896463263646864
78,0,1,0,0.0,1.0,0.30782049942970363,0.4896463263646864
85,0,1,0,0.25,0.5,0.46943797198045256,0.4896463263646864
87,0,1,0,0.0,1.0,0.37194608793721995,0.4896463263646864
93,0,1,0,0.0,1.0,0.44252817522896915,0.4896463263646864
94,0,1,0,0.25,0.5,0.4174158455751888,0.4896463263646864
95,0,1,0,0.25,0.5,0.32343168021243535,0.4896463263646864
96,0,1,0,0.0,1.0,0.4403916172843168,0.4896463263646864
106,0,1,1,1.0,1.0,0.46474294630623525,0.4896463263646864
120,0,1,0,0.0,1.0,0.4715104681471723,0.4896463263646864
124,0,1,0,0.0,1.0,0.4772176037484188,0.4896463263646864
127,0,1,1,0.6666666666666666,0.3333333333333332,0.4995292626681708,0.4896463263646864
131,0,1,0,0.0,1.0,0.43963957392519615,0.4896463263646864
141,0,1,0,0.0,1.0,0.4801776978263113,0.4896463263646864
142,0,1,0,0.0,1.0,0.4419503136964814,0.4896463263646864
143,0,1,1,0.5555555555555556,0.1111111111111111,0.38017257335521226,0.4896463263646864
148,0,1,0,0.1111111111111111,0.7777777777777778,0.3481064842913263,0.4896463263646864
149,0,1,0,0.3333333333333333,0.3333333333333333,0.31625135633878,0.4896463263646864
150,0,1,0,0.0,1.0,0.3593065020958982,0.4896463263646864
152,0,1,0,0.0,1.0,0.3350517789863009,0.4896463263646864
155,0,1,0,0.25,0.5,0.4336740513264009,0.4896463263646864
156,0,1,0,0.25,0.5,0.2993218432268344,0.4896463263646864
159,0,1,0,0.0,1.0,0.3679390959426173,0.4896463263646864
163,0,1,0,0.25,0.5,0.38339916253917716,0.4896463263646864
166,0,1,0,0.25,0.5,0.33858222808005445,0.4896463263646864
168,0,1,0,0.25,0.5,0.5333292613049962,0.4896463263646864
182,0,1,0,0.0,1.0,0.49953621848519536,0.4896463263646864
187,0,1,0,0.0,1.0,0.3969744278355757,0.4896463263646864
190,0,1,0,0.25,0.5,0.36482570558716876,0.4896463263646864
200,0,1,0,0.2,0.6,0.48551142240333856,0.4896463263646864
202,0,1,1,0.6,0.1999999999999999,0.49423370453536714,0.4896463263646864
204,0,1,0,0.4,0.1999999999999999,0.44540586202040666,0.4896463263646864
208,0,1,0,0.0,1.0,0.4325027155149531,0.4896463263646864
209,0,1,0,0.2,0.6,0.46004315522716266,0.4896463263646864
212,0,1,0,0.2,0.6,0.3181636245161574,0.4896463263646864
215,0,1,0,0.2,0.6,0.41772764585046346,0.4896463263646864
221,0,1,1,0.8,0.6000000000000001,0.354400110015215,0.4896463263646864
224,0,1,0,0.4,0.1999999999999999,0.444065920358479,0.4896463263646864
226,0,1,0,0.0,1.0,0.44747697441646084,0.4896463263646864
242,0,1,1,0.6,0.1999999999999999,0.39280157709091235,0.4896463263646864
243,0,1,0,0.0,1.0,0.3728592027851612,0.4896463263646864
247,0,1,0,0.2,0.6,0.4721157516771779,0.4896463263646864
250,0,1,0,0.4,0.1999999999999999,0.4080655578139245,0.4896463263646864
260,0,1,0,0.25,0.5,0.33493681892557287,0.4896463263646864
267,0,1,0,0.0,1.0,0.39288061589259515,0.4896463263646864
279,0,1,0,0.2,0.6,0.3596666780328046,0.4896463263646864
281,0,1,0,0.0,1.0,0.3823042337912955,0.4896463263646864
304,0,1,1,0.8,0.6000000000000001,0.43398098886649394,0.4896463263646864
308,0,1,0,0.4,0.1999999999999999,0.47898770444280114,0.4896463263646864
309,0,1,1,0.8,0.6000000000000001,0.5588506610081059,0.4896463263646864
317,0,1,0,0.4,0.1999999999999999,0.36473615922616565,0.4896463263646864
326,0,1,0,0.0,1.0,0.48696777759810683,0.4896463263646864
328,0,1,1,0.6,0.1999999999999999,0.40482567226103644,0.4896463263646864
331,0,1,0,0.0,1.0,0.4367176261113859,0.4896463263646864
333,0,1,0,0.0,1.0,0.37217045609966093,0.4896463263646864
336,0,1,0,0.4,0.1999999999999999,0.427752954370348,0.4896463263646864
340,0,1,1,0.6,0.1999999999999999,0.45746640117515036,0.4896463263646864
360,0,1,0,0.25,0.5,0.4071098344281374,0.4896463263646864
366,0,1,0,0.0,1.0,0.4689488245510136,0.4896463263646864
367,0,1,0,0.25,0.5,0.38820540185883434,0.4896463263646864
371,0,1,0,0.25,0.5,0.4320709746234218,0.4896463263646864
393,0,1,0,0.25,0.5,0.4245447727563476,0.4896463263646864
396,0,1,1,0.75,0.5,0.5418099078908545,0.4896463263646864
397,0,1,1,0.75,0.5,0.5676809673440426,0.4896463263646864
399,0,1,0,0.25,0.5,0.3941483445097588,0.4896463263646864
401,0,1,0,0.2,0.6,0.5078553060439749,0.4896463263646864
408,0,1,0,0.4,0.1999999999999999,0.5919750618517294,0.4896463263646864
415,0,1,0,0.0,1.0,0.6219339085584736,0.4896463263646864
422,0,1,1,0.6,0.1999999999999999,0.4825993819015582,0.4896463263646864
423,0,1,0,0.0,1.0,0.5351741126255076,0.4896463263646864
434,0,1,0,0.0,1.0,0.5697351654731473,0.4896463263646864
436,0,1,0,0.4,0.1999999999999999,0.5166436369757945,0.4896463263646864
440,0,1,0,0.0,1.0,0.6348374521256298,0.4896463263646864
458,0,1,0,0.0,1.0,0.43653808040216774,0.4896463263646864
464,0,1,0,0.0,1.0,0.46521495374918953,0.4896463263646864
474,0,1,0,0.0,1.0,0.38466452466864176,0.4896463263646864
482,0,1,0,0.0,1.0,0.3453046935597665,0.4896463263646864
494,0,1,1,0.8,0.6000000000000001,0.44503070298858527,0.4896463263646864
496,0,1,1,0.75,0.5,0.5526440163893842,0.4896463263646864
498,0,1,0,0.0,1.0,0.40616593116584376,0.4896463263646864
500,0,1,0,0.25,0.5,0.5479818798913424,0.4896463263646864
503,0,1,0,0.0,1.0,0.5402131423880386,0.4896463263646864
508,0,1,1,0.75,0.5,0.5649638714197052,0.4896463263646864
509,0,1,0,0.25,0.5,0.5477208353943539,0.4896463263646864
514,0,1,1,0.75,0.5,0.6180262153222311,0.4896463263646864
516,0,1,0,0.0,1.0,0.567366468025786,0.4896463263646864
521,0,1,1,0.75,0.5,0.476410912175223,0.4896463263646864
524,0,1,0,0.0,1.0,0.4583816440679917,0.4896463263646864
533,0,1,0,0.0,1.0,0.39479480975303166,0.4896463263646864
539,0,1,0,0.25,0.5,0.45400547804895414,0.4896463263646864
550,0,1,0,0.0,1.0,0.5015756377142376,0.4896463263646864
551,0,1,1,0.6666666666666666,0.3333333333333332,0.4817789314411489,0.4896463263646864
573,0,1,0,0.3333333333333333,0.3333333333333333,0.4776819205748847,0.4896463263646864
577,0,1,0,0.1666666666666666,0.6666666666666667,0.5427748187275308,0.4896463263646864
580,0,1,0,0.3333333333333333,0.3333333333333333,0.45099402213902784,0.4896463263646864
587,0,1,1,0.8333333333333334,0.6666666666666667,0.6339082781699619,0.4896463263646864
600,0,1,0,0.1666666666666666,0.6666666666666667,0.6136261260181299,0.4896463263646864
604,0,1,1,0.75,0.5,0.5252335877026169,0.4896463263646864
606,0,1,0,0.25,0.5,0.49783929302654084,0.4896463263646864
612,0,1,0,0.0,1.0,0.3693410214311664,0.4896463263646864
625,0,1,0,0.0,1.0,0.5055038247325782,0.4896463263646864
639,0,1,0,0.0,1.0,0.5252439695349895,0.4896463263646864
661,0,1,1,0.8333333333333334,0.6666666666666667,0.5907581092341403,0.4896463263646864
663,0,1,0,0.3333333333333333,0.3333333333333333,0.5523173553214764,0.4896463263646864
667,0,1,0,0.3333333333333333,0.3333333333333333,0.6138247325878723,0.4896463263646864
674,0,1,0,0.3333333333333333,0.3333333333333333,0.41487797768725787,0.4896463263646864
675,0,1,0,0.3333333333333333,0.3333333333333333,0.4040921054663428,0.4896463263646864
685,0,1,0,0.0,1.0,0.5638341257701187,0.4896463263646864
730,0,1,0,0.3333333333333333,0.3333333333333333,0.4604788624004918,0.4896463263646864
731,0,1,0,0.0,1.0,0.43715075327482766,0.4896463263646864
733,0,1,0,0.1666666666666666,0.6666666666666667,0.4884399720166215,0.4896463263646864
737,0,1,0,0.1666666666666666,0.6666666666666667,0.3221934465230194,0.4896463263646864
738,0,1,0,0.3333333333333333,0.3333333333333333,0.460487452781554,0.4896463263646864
741,0,1,0,0.2,0.6,0.46527856842482773,0.4896463263646864
11,0,2,1,0.6,0.1999999999999999,0.29363831365103416,0.4630147481337857
15,0,2,0,0.4,0.1999999999999999,0.3899879991804373,0.4630147481337857
21,0,2,0,0.2,0.6,0.46130851991411415,0.4630147481337857
24,0,2,0,0.0,1.0,0.376498322017563,0.4630147481337857
25,0,2,0,0.2,0.6,0.41577201036200373,0.4630147481337857
27,0,2,0,0.2,0.6,0.35686248028273276,0.4630147481337857
31,0,2,0,0.1666666666666666,0.6666666666666667,0.38032206026941784,0.4630147481337857
45,0,2,0,0.0,1.0,0.42976041610928306,0.4630147481337857
47,0,2,0,0.25,0.5,0.4658310606168106,0.4630147481337857
48,0,2,1,0.6,0.1999999999999999,0.3911028201160739,0.4630147481337857
50,0,2,1,0.8,0.6000000000000001,0.4006442049048986,0.4630147481337857
52,0,2,0,0.25,0.5,0.2796953146314931,0.4630147481337857
53,0,2,0,0.1666666666666666,0.6666666666666667,0.38353354295716435,0.4630147481337857
58,0,2,0,0.25,0.5,0.45230171902538385,0.4630147481337857
72,0,2,0,0.25,0.5,0.2420623724107331,0.4630147481337857
80,0,2,0,0.0,1.0,0.4011341679678463,0.4630147481337857
81,0,2,0,0.0,1.0,0.3101107307078667,0.4630147481337857
84,0,2,0,0.3333333333333333,0.3333333333333333,0.4399279054357985,0.4630147481337857
91,0,2,0,0.25,0.5,0.4502448374650454,0.4630147481337857
92,0,2,0,0.0,1.0,0.3554465048032456,0.4630147481337857
101,0,2,0,0.3333333333333333,0.3333333333333333,0.27401842134042775,0.4630147481337857
102,0,2,0,0.0,1.0,0.39729421524708275,0.4630147481337857
110,0,2,0,0.0,1.0,0.46814788962044795,0.4630147481337857
118,0,2,0,0.0,1.0,0.39960438913050544,0.4630147481337857
121,0,2,0,0.1111111111111111,0.7777777777777778,0.41803427879355465,0.4630147481337857
125,0,2,0,0.125,0.75,0.4158128659846717,0.4630147481337857
126,0,2,0,0.2222222222222222,0.5555555555555556,0.4146889420735498,0.4630147481337857
128,0,2,0,0.1111111111111111,0.7777777777777778,0.2459723535561776,0.4630147481337857
130,0,2,0,0.1111111111111111,0.7777777777777778,0.35819029397669944,0.4630147481337857
133,0,2,1,0.8888888888888888,0.7777777777777777,0.3665084940813148,0.4630147481337857
140,0,2,0,0.2222222222222222,0.5555555555555556,0.5715877433841607,0.4630147481337857
145,0,2,0,0.4444444444444444,0.1111111111111111,0.4415820027351006,0.4630147481337857
154,0,2,0,0.25,0.5,0.261948920141779,0.4630147481337857
157,0,2,0,0.25,0.5,0.3708121184569284,0.4630147481337857
158,0,2,0,0.0,1.0,0.29385318997900206,0.4630147481337857
167,0,2,0,0.0,1.0,0.46623674963209677,0.4630147481337857
172,0,2,0,0.0,1.0,0.439031092700845,0.4630147481337857
173,0,2,0,0.25,0.5,0.40713053001920174,0.4630147481337857
176,0,2,0,0.0,1.0,0.43642227719853094,0.4630147481337857
194,0,2,0,0.0,1.0,0.3392775831104469,0.4630147481337857
197,0,2,0,0.0,1.0,0.4194353978806242,0.4630147481337857
201,0,2,0,0.25,0.5,0.46321691178688074,0.4630147481337857
217,0,2,0,0.0,1.0,0.3431406365315971,0.4630147481337857
219,0,2,0,0.0,1.0,0.4833064600142315,0.4630147481337857
229,0,2,0,0.0,1.0,0.41772193147359754,0.4630147481337857
234,0,2,0,0.25,0.5,0.5518577522832058,0.4630147481337857
235,0,2,0,0.0,1.0,0.44955440596501833,0.4630147481337857
237,0,2,0,0.4,0.1999999999999999,0.4699334381038319,0.4630147481337857
239,0,2,1,0.6,0.1999999999999999,0.34324327343535044,0.4630147481337857
246,0,2,0,0.4,0.1999999999999999,0.5169262542224881,0.4630147481337857
252,0,2,0,0.0,1.0,0.3803189063618678,0.4630147481337857
255,0,2,0,0.25,0.5,0.2990925667892612,0.4630147481337857
270,0,2,0,0.0,1.0,0.5212488141019398,0.4630147481337857
280,0,2,0,0.25,0.5,0.5188681957605761,0.4630147481337857
286,0,2,0,0.2,0.6,0.351733845687791,0.4630147481337857
299,0,2,1,0.8,0.6000000000000001,0.32210577326581935,0.4630147481337857
312,0,2,0,0.0,1.0,0.4019275965593697,0.4630147481337857
318,0,2,0,0.4,0.1999999999999999,0.5342400262810658,0.4630147481337857
321,0,2,1,0.6,0.1999999999999999,0.6139624146443257,0.4630147481337857
324,0,2,0,0.2,0.6,0.38346077309023313,0.4630147481337857
334,0,2,0,0.4,0.1999999999999999,0.47253677510308956,0.4630147481337857
343,0,2,1,0.8,0.6000000000000001,0.5591571237252948,0.4630147481337857
344,0,2,0,0.2,0.6,0.40683199848465373,0.4630147481337857
346,0,2,1,0.6,0.1999999999999999,0.5725061952628856,0.4630147481337857
353,0,2,0,0.0,1.0,0.5286511497552535,0.4630147481337857
354,0,2,0,0.25,0.5,0.38633023237433983,0.4630147481337857
365,0,2,0,0.25,0.5,0.4535354622410541,0.4630147481337857
384,0,2,0,0.25,0.5,0.4498576608410297,0.4630147481337857
406,0,2,1,0.6,0.1999999999999999,0.4546184166650317,0.4630147481337857
407,0,2,0,0.2,0.6,0.6021441835454263,0.4630147481337857
420,0,2,0,0.0,1.0,0.4839348628253317,0.4630147481337857
424,0,2,1,0.6,0.1999999999999999,0.42405905703671587,0.4630147481337857
425,0,2,0,0.0,1.0,0.39883772833303766,0.4630147481337857
427,0,2,1,0.6,0.1999999999999999,0.6214568897387769,0.4630147481337857
430,0,2,1,0.6,0.1999999999999999,0.6558945921501167,0.4630147481337857
431,0,2,0,0.4,0.1999999999999999,0.5624815708740658,0.4630147481337857
441,0,2,0,0.2,0.6,0.6732406033692908,0.4630147481337857
447,0,2,0,0.0,1.0,0.3765197601143546,0.4630147481337857
450,0,2,0,0.2,0.6,0.3726461156679629,0.4630147481337857
459,0,2,0,0.25,0.5,0.51811873031944,0.4630147481337857
472,0,2,0,0.25,0.5,0.3614338768157741,0.4630147481337857
473,0,2,0,0.25,0.5,0.4344865628480404,0.4630147481337857
477,0,2,0,0.0,1.0,0.43281031558882715,0.4630147481337857
483,0,2,0,0.25,0.5,0.504151887990641,0.4630147481337857
489,0,2,0,0.0,1.0,0.5907863920314831,0.4630147481337857
495,0,2,0,0.0,1.0,0.5711782127408418,0.4630147481337857
504,0,2,1,0.75,0.5,0.5774076552587237,0.4630147481337857
507,0,2,1,1.0,1.0,0.5042359356282146,0.4630147481337857
517,0,2,0,0.25,0.5,0.5912600263408399,0.4630147481337857
519,0,2,0,0.0,1.0,0.4422764399849645,0.4630147481337857
526,0,2,0,0.0,1.0,0.537322284069605,0.4630147481337857
534,0,2,1,0.75,0.5,0.5259573853452792,0.4630147481337857
535,0,2,0,0.25,0.5,0.6015139499499969,0.4630147481337857
537,0,2,0,0.25,0.5,0.5706195442812569,0.4630147481337857
556,0,2,0,0.1666666666666666,0.6666666666666667,0.4416636129572733,0.4630147481337857
586,0,2,1,0.6666666666666666,0.3333333333333332,0.5938236321763536,0.4630147481337857
589,0,2,0,0.3333333333333333,0.3333333333333333,0.6019653348157163,0.4630147481337857
594,0,2,0,0.0,1.0,0.44076753350541364,0.4630147481337857
608,0,2,0,0.0,1.0,0.6129842752935944,0.4630147481337857
616,0,2,1,0.75,0.5,0.5285187811735115,0.4630147481337857
622,0,2,1,0.75,0.5,0.47111048313518783,0.4630147481337857
624,0,2,0,0.25,0.5,0.5514510495000087,0.4630147481337857
627,0,2,1,0.75,0.5,0.5611128814553679,0.4630147481337857
634,0,2,0,0.25,0.5,0.568539964884642,0.4630147481337857
651,0,2,0,0.3333333333333333,0.3333333333333333,0.5095133123471356,0.4630147481337857
652,0,2,0,0.0,1.0,0.3502164558303151,0.4630147481337857
658,0,2,0,0.1666666666666666,0.6666666666666667,0.477078720108147,0.4630147481337857
660,0,2,0,0.1666666666666666,0.6666666666666667,0.4665668291682399,0.4630147481337857
668,0,2,0,0.1666666666666666,0.6666666666666667,0.6347393934319105,0.4630147481337857
673,0,2,0,0.3333333333333333,0.3333333333333333,0.3744101122961696,0.4630147481337857
676,0,2,0,0.1666666666666666,0.6666666666666667,0.5304140640421375,0.4630147481337857
677,0,2,1,0.6666666666666666,0.3333333333333332,0.5713076910842865,0.4630147481337857
678,0,2,0,0.3333333333333333,0.3333333333333333,0.4568916132027205,0.4630147481337857
681,0,2,0,0.1666666666666666,0.6666666666666667,0.6525310553256692,0.4630147481337857
691,0,2,0,0.1666666666666666,0.6666666666666667,0.5726172036647716,0.4630147481337857
692,0,2,0,0.0,1.0,0.5037753471368658,0.4630147481337857
696,0,2,0,0.1666666666666666,0.6666666666666667,0.5487588661648123,0.4630147481337857
703,0,2,0,0.0,1.0,0.45342529397454023,0.4630147481337857
704,0,2,0,0.3333333333333333,0.3333333333333333,0.40687322977940876,0.4630147481337857
709,0,2,0,0.3333333333333333,0.3333333333333333,0.4968603549048766,0.4630147481337857
710,0,2,0,0.0,1.0,0.44514288692746923,0.4630147481337857
721,0,2,0,0.3333333333333333,0.3333333333333333,0.432924739868423,0.4630147481337857
723,0,2,0,0.1666666666666666,0.6666666666666667,0.42603678359917574,0.4630147481337857
727,0,2,0,0.4,0.1999999999999999,0.5139857231155109,0.4630147481337857
728,0,2,0,0.2,0.6,0.42451557783143307,0.4630147481337857
729,0,2,0,0.4,0.1999999999999999,0.534412415237173,0.4630147481337857
736,0,2,0,0.0,1.0,0.43009555498470364,0.4630147481337857
1,0,3,0,0.3333333333333333,0.3333333333333333,0.4080310341916564,0.4983094781444703
3,0,3,0,0.0,1.0,0.3565703973780707,0.4983094781444703
7,0,3,1,0.6,0.1999999999999999,0.40559161995719273,0.4983094781444703
8,0,3,0,0.0,1.0,0.43401419003575015,0.4983094781444703
9,0,3,0,0.0,1.0,0.34004084332673556,0.4983094781444703
12,0,3,0,0.4,0.1999999999999999,0.3585409605855477,0.4983094781444703
13,0,3,0,0.2,0.6,0.3133245930307763,0.4983094781444703
17,0,3,0,0.4,0.1999999999999999,0.6515379796500291,0.4983094781444703
37,0,3,0,0.2,0.6,0.4118312739725432,0.4983094781444703
42,0,3,0,0.0,1.0,0.36285903292846405,0.4983094781444703
43,0,3,0,0.2,0.6,0.3630425147732858,0.4983094781444703
54,0,3,0,0.25,0.5,0.3223679122340632,0.4983094781444703
76,0,3,0,0.25,0.5,0.4113461678201916,0.4983094781444703
79,0,3,0,0.25,0.5,0.3603973579751647,0.4983094781444703
86,0,3,0,0.0,1.0,0.34313027759499437,0.4983094781444703
97,0,3,0,0.25,0.5,0.3685930522725456,0.4983094781444703
100,0,3,0,0.25,0.5,0.4861476749566936,0.4983094781444703
103,0,3,0,0.1111111111111111,0.7777777777777778,0.3018373393926667,0.4983094781444703
108,0,3,0,0.25,0.5,0.43116296225693834,0.4983094781444703
115,0,3,0,0.0,1.0,0.33930178382281406,0.4983094781444703
119,0,3,0,0.1111111111111111,0.7777777777777778,0.3184521541922507,0.4983094781444703
123,0,3,0,0.0,1.0,0.46638109877144895,0.4983094781444703
129,0,3,0,0.2,0.6,0.4890318631837339,0.4983094781444703
132,0,3,0,0.2222222222222222,0.5555555555555556,0.4257127844529356,0.4983094781444703
144,0,3,0,0.0,1.0,0.4388829956024624,0.4983094781444703
146,0,3,1,0.8888888888888888,0.7777777777777777,0.5275813548775069,0.4983094781444703
179,0,3,0,0.25,0.5,0.5274728927990271,0.4983094781444703
180,0,3,0,0.0,1.0,0.42284476733389526,0.4983094781444703
184,0,3,0,0.0,1.0,0.32926978169276666,0.4983094781444703
185,0,3,0,0.25,0.5,0.3934015280544352,0.4983094781444703
188,0,3,0,0.0,1.0,0.44789224441833386,0.4983094781444703
195,0,3,0,0.0,1.0,0.49973959910813487,0.4983094781444703
198,0,3,0,0.0,1.0,0.38822359780755833,0.4983094781444703
203,0,3,0,0.2,0.6,0.39867735907220625,0.4983094781444703
205,0,3,0,0.2,0.6,0.39002661914878056,0.4983094781444703
216,0,3,0,0.0,1.0,0.36894220008202405,0.4983094781444703
220,0,3,0,0.4,0.1999999999999999,0.4210861696765906,0.4983094781444703
222,0,3,0,0.2,0.6,0.5925271367657015,0.4983094781444703
225,0,3,0,0.2,0.6,0.5094825441416049,0.4983094781444703
228,0,3,0,0.2,0.6,0.41761808177588183,0.4983094781444703
236,0,3,0,0.0,1.0,0.4688722566971118,0.4983094781444703
238,0,3,0,0.25,0.5,0.3756031668526022,0.4983094781444703
241,0,3,1,0.6,0.1999999999999999,0.4492103817420181,0.4983094781444703
249,0,3,1,0.6,0.1999999999999999,0.4150661838820949,0.4983094781444703
251,0,3,0,0.25,0.5,0.4744134120671064,0.4983094781444703
258,0,3,0,0.0,1.0,0.2551792094964839,0.4983094781444703
271,0,3,0,0.0,1.0,0.42386016168793533,0.4983094781444703
278,0,3,0,0.25,0.5,0.42439924360618825,0.4983094781444703
283,0,3,0,0.25,0.5,0.44275595899155495,0.4983094781444703
290,0,3,0,0.0,1.0,0.3787817380968408,0.4983094781444703
296,0,3,0,0.0,1.0,0.3210813086372611,0.4983094781444703
302,0,3,0,0.0,1.0,0.4351295579500406,0.4983094781444703
303,0,3,0,0.0,1.0,0.4371334097009987,0.4983094781444703
306,0,3,0,0.0,1.0,0.4846041285123868,0.4983094781444703
311,0,3,0,0.4,0.1999999999999999,0.4263884400446124,0.4983094781444703
313,0,3,0,0.0,1.0,0.3729482726388075,0.4983094781444703
320,0,3,0,0.0,1.0,0.43350483022177555,0.4983094781444703
322,0,3,1,0.6,0.1999999999999999,0.6030401115751285,0.4983094781444703
347,0,3,0,0.4,0.1999999999999999,0.4541336549615123,0.4983094781444703
348,0,3,0,0.4,0.1999999999999999,0.5547908917396095,0.4983094781444703
351,0,3,0,0.0,1.0,0.5015215994297152,0.4983094781444703
352,0,3,0,0.25,0.5,0.4690012735624746,0.4983094781444703
356,0,3,0,0.25,0.5,0.43220494311801705,0.4983094781444703
359,0,3,0,0.25,0.5,0.36839938487982626,0.4983094781444703
361,0,3,0,0.0,1.0,0.43944817673405423,0.4983094781444703
369,0,3,0,0.0,1.0,0.4244307153708676,0.4983094781444703
370,0,3,0,0.0,1.0,0.40797223447211073,0.4983094781444703
373,0,3,0,0.0,1.0,0.44509530040991707,0.4983094781444703
380,0,3,1,0.75,0.5,0.7098159848752721,0.4983094781444703
387,0,3,0,0.0,1.0,0.5254644461377487,0.4983094781444703
402,0,3,1,0.6,0.1999999999999999,0.44916937620045105,0.4983094781444703
403,0,3,0,0.0,1.0,0.4328471707695599,0.4983094781444703
405,0,3,0,0.0,1.0,0.4930277671146668,0.4983094781444703
416,0,3,0,0.0,1.0,0.5160182078028541,0.4983094781444703
419,0,3,0,0.4,0.1999999999999999,0.5685479384197778,0.4983094781444703
421,0,3,0,0.2,0.6,0.46871190526533557,0.4983094781444703
432,0,3,0,0.2,0.6,0.4784986836014472,0.4983094781444703
439,0,3,0,0.2,0.6,0.45856451446183133,0.4983094781444703
442,0,3,1,0.8,0.6000000000000001,0.5991408892600272,0.4983094781444703
455,0,3,0,0.0,1.0,0.4674671534407363,0.4983094781444703
468,0,3,0,0.25,0.5,0.5495552464554656,0.4983094781444703
471,0,3,0,0.0,1.0,0.7026704125535109,0.4983094781444703
478,0,3,0,0.0,1.0,0.4185681329302885,0.4983094781444703
481,0,3,0,0.0,1.0,0.64814680716939,0.4983094781444703
501,0,3,0,0.25,0.5,0.5516349262551228,0.4983094781444703
515,0,3,0,0.25,0.5,0.60398586921715,0.4983094781444703
525,0,3,0,0.2,0.6,0.43494467066703957,0.4983094781444703
531,0,3,1,0.75,0.5,0.46486979504915554,0.4983094781444703
540,0,3,0,0.25,0.5,0.6048387699025742,0.4983094781444703
542,0,3,0,0.25,0.5,0.4134501442047288,0.4983094781444703
552,0,3,1,0.6666666666666666,0.3333333333333332,0.53187020415169,0.4983094781444703
555,0,3,0,0.3333333333333333,0.3333333333333333,0.5396624357002072,0.4983094781444703
557,0,3,0,0.3333333333333333,0.3333333333333333,0.39864999118128275,0.4983094781444703
559,0,3,1,0.6666666666666666,0.3333333333333332,0.40499269685515826,0.4983094781444703
566,0,3,0,0.1666666666666666,0.6666666666666667,0.35817429998466166,0.4983094781444703
567,0,3,0,0.3333333333333333,0.3333333333333333,0.4895761112087332,0.4983094781444703
568,0,3,1,1.0,1.0,0.49876993945075426,0.4983094781444703
579,0,3,0,0.3333333333333333,0.3333333333333333,0.4751963004988243,0.4983094781444703
588,0,3,0,0.1666666666666666,0.6666666666666667,0.742258376032376,0.4983094781444703
590,0,3,0,0.3333333333333333,0.3333333333333333,0.6514125639570288,0.4983094781444703
595,0,3,1,0.8333333333333334,0.6666666666666667,0.5697682055592297,0.4983094781444703
597,0,3,0,0.0,1.0,0.3760369707519612,0.4983094781444703
598,0,3,0,0.3333333333333333,0.3333333333333333,0.5584146488476252,0.4983094781444703
599,0,3,0,0.0,1.0,0.525924936557843,0.4983094781444703
602,0,3,0,0.25,0.5,0.6244169155517614,0.4983094781444703
614,0,3,1,0.75,0.5,0.548712772265979,0.4983094781444703
615,0,3,1,0.75,0.5,0.6134580596803164,0.4983094781444703
618,0,3,0,0.0,1.0,0.5035437717924985,0.4983094781444703
620,0,3,1,0.75,0.5,0.6222216596680623,0.4983094781444703
628,0,3,0,0.0,1.0,0.44338141041359114,0.4983094781444703
636,0,3,0,0.0,1.0,0.5138303483246336,0.4983094781444703
638,0,3,0,0.25,0.5,0.552450598335599,0.4983094781444703
640,0,3,1,0.75,0.5,0.6404067051230038,0.4983094781444703
641,0,3,0,0.0,1.0,0.5133567983523986,0.4983094781444703
644,0,3,0,0.25,0.5,0.4210305922108623,0.4983094781444703
665,0,3,0,0.1666666666666666,0.6666666666666667,0.513164592320888,0.4983094781444703
680,0,3,0,0.0,1.0,0.4538710346652537,0.4983094781444703
683,0,3,1,0.8333333333333334,0.6666666666666667,0.6616203479897655,0.4983094781444703
684,0,3,0,0.0,1.0,0.6343599328708278,0.4983094781444703
686,0,3,0,0.0,1.0,0.5837514557231428,0.4983094781444703
694,0,3,0,0.3333333333333333,0.3333333333333333,0.5155074740144612,0.4983094781444703
711,0,3,1,0.6,0.1999999999999999,0.5029892231569677,0.4983094781444703
713,0,3,1,0.6,0.1999999999999999,0.35828724755467223,0.4983094781444703
718,0,3,0,0.1666666666666666,0.6666666666666667,0.4329156729558963,0.4983094781444703
719,0,3,0,0.1666666666666666,0.6666666666666667,0.45271540517762154,0.4983094781444703
725,0,3,0,0.0,1.0,0.4436708324122871,0.4983094781444703
732,0,3,0,0.0,1.0,0.35265935483606453,0.4983094781444703
4,0,4,1,0.6,0.1999999999999999,0.5459908294105995,0.46672076803506407
10,0,4,0,0.0,1.0,0.3024715894529142,0.46672076803506407
16,0,4,1,0.6,0.1999999999999999,0.5784762485527108,0.46672076803506407
20,0,4,0,0.25,0.5,0.32409732926491197,0.46672076803506407
22,0,4,0,0.2,0.6,0.3112650827612841,0.46672076803506407
33,0,4,0,0.4,0.1999999999999999,0.37132971876183085,0.46672076803506407
36,0,4,0,0.2,0.6,0.25272320418526667,0.46672076803506407
41,0,4,0,0.2,0.6,0.30481276796101026,0.46672076803506407
44,0,4,0,0.0,1.0,0.4611795226822925,0.46672076803506407
46,0,4,0,0.4,0.1999999999999999,0.5254982415919923,0.46672076803506407
57,0,4,1,1.0,1.0,0.2851398123343031,0.46672076803506407
60,0,4,0,0.0,1.0,0.40402883176477083,0.46672076803506407
62,0,4,0,0.25,0.5,0.26816950041148124,0.46672076803506407
70,0,4,0,0.0,1.0,0.36963865636948445,0.46672076803506407
71,0,4,0,0.0,1.0,0.3888526914379933,0.46672076803506407
75,0,4,0,0.0,1.0,0.3415411204006527,0.46672076803506407
89,0,4,0,0.25,0.5,0.40885896455115056,0.46672076803506407
99,0,4,0,0.0,1.0,0.38967675262811596,0.46672076803506407
104,0,4,0,0.1111111111111111,0.7777777777777778,0.31270942662296336,0.46672076803506407
105,0,4,0,0.0,1.0,0.4935338694743517,0.46672076803506407
111,0,4,0,0.1111111111111111,0.7777777777777778,0.37369322716316566,0.46672076803506407
114,0,4,0,0.1111111111111111,0.7777777777777778,0.32574558891535194,0.46672076803506407
117,0,4,0,0.25,0.5,0.2947847046017686,0.46672076803506407
135,0,4,0,0.1666666666666666,0.6666666666666667,0.45479457733398715,0.46672076803506407
136,0,4,0,0.3333333333333333,0.3333333333333333,0.40376010706131715,0.46672076803506407
162,0,4,0,0.2,0.6,0.34048492601962554,0.46672076803506407
164,0,4,0,0.0,1.0,0.2838904268493802,0.46672076803506407
165,0,4,0,0.0,1.0,0.4322746743047472,0.46672076803506407
169,0,4,0,0.0,1.0,0.31959588531196026,0.46672076803506407
170,0,4,0,0.1666666666666666,0.6666666666666667,0.4306808069288478,0.46672076803506407
171,0,4,0,0.25,0.5,0.547438635211903,0.46672076803506407
175,0,4,0,0.0,1.0,0.21549406001583982,0.46672076803506407
178,0,4,0,0.0,1.0,0.38258558273741317,0.46672076803506407
186,0,4,0,0.0,1.0,0.2917632047304602,0.46672076803506407
191,0,4,0,0.0,1.0,0.3224737682265142,0.46672076803506407
192,0,4,0,0.0,1.0,0.4108889233324755,0.46672076803506407
193,0,4,0,0.25,0.5,0.4107487185808404,0.46672076803506407
207,0,4,0,0.2,0.6,0.3914592496968943,0.46672076803506407
214,0,4,0,0.2,0.6,0.212803166297357,0.46672076803506407
223,0,4,0,0.2,0.6,0.35139268109390476,0.46672076803506407
227,0,4,1,1.0,1.0,0.46098570245995646,0.46672076803506407
245,0,4,0,0.0,1.0,0.34692416583062924,0.46672076803506407
254,0,4,0,0.25,0.5,0.3266461051067566,0.46672076803506407
257,0,4,0,0.25,0.5,0.18974257945616413,0.46672076803506407
261,0,4,0,0.25,0.5,0.391353959568251,0.46672076803506407
263,0,4,0,0.2,0.6,0.30047158927788986,0.46672076803506407
264,0,4,0,0.25,0.5,0.3589904776018897,0.46672076803506407
266,0,4,0,0.25,0.5,0.34961254986230467,0.46672076803506407
276,0,4,0,0.2,0.6,0.42106507895532924,0.46672076803506407
288,0,4,1,0.75,0.5,0.1460327507329073,0.46672076803506407
291,0,4,0,0.0,1.0,0.41083432098706457,0.46672076803506407
292,0,4,0,0.25,0.5,0.5284165345018617,0.46672076803506407
295,0,4,0,0.0,1.0,0.3673601974814668,0.46672076803506407
297,0,4,0,0.0,1.0,0.3225553548638266,0.46672076803506407
298,0,4,0,0.25,0.5,0.44947590265360426,0.46672076803506407
314,0,4,0,0.0,1.0,0.47770290937702375,0.46672076803506407
323,0,4,0,0.0,1.0,0.34737709626044977,0.46672076803506407
325,0,4,0,0.0,1.0,0.38631764736987384,0.46672076803506407
327,0,4,0,0.0,1.0,0.47882189885571086,0.46672076803506407
332,0,4,0,0.0,1.0,0.4118840559363123,0.46672076803506407
337,0,4,0,0.0,1.0,0.4465583525490455,0.46672076803506407
341,0,4,1,0.6,0.1999999999999999,0.47870095288119313,0.46672076803506407
349,0,4,0,0.0,1.0,0.4304194327984984,0.46672076803506407
350,0,4,0,0.0,1.0,0.45158153168150245,0.46672076803506407
355,0,4,0,0.25,0.5,0.4342984390739511,0.46672076803506407
363,0,4,0,0.0,1.0,0.543913017232001,0.46672076803506407
381,0,4,1,0.75,0.5,0.4789848888230776,0.46672076803506407
383,0,4,0,0.0,1.0,0.4413335748510965,0.46672076803506407
389,0,4,0,0.25,0.5,0.4821872702749871,0.46672076803506407
390,0,4,1,0.75,0.5,0.5044684146878822,0.46672076803506407
391,0,4,0,0.0,1.0,0.39440111716644666,0.46672076803506407
398,0,4,0,0.25,0.5,0.51661623951534,0.46672076803506407
410,0,4,1,0.6,0.1999999999999999,0.6178815163057934,0.46672076803506407
413,0,4,0,0.0,1.0,0.6081366716614375,0.46672076803506407
417,0,4,0,0.2,0.6,0.4613008056812814,0.46672076803506407
429,0,4,0,0.0,1.0,0.5279594610196285,0.46672076803506407
435,0,4,0,0.4,0.1999999999999999,0.5806112722517114,0.46672076803506407
437,0,4,1,0.6,0.1999999999999999,0.5260446089680813,0.46672076803506407
446,0,4,0,0.2,0.6,0.6068440377976632,0.46672076803506407
448,0,4,0,0.0,1.0,0.15758805536852524,0.46672076803506407
449,0,4,0,0.4,0.1999999999999999,0.2166890249746036,0.46672076803506407
451,0,4,0,0.25,0.5,0.28575591350416746,0.46672076803506407
453,0,4,0,0.25,0.5,0.3542657279378678,0.46672076803506407
454,0,4,0,0.0,1.0,0.2902805755679682,0.46672076803506407
460,0,4,0,0.0,1.0,0.4591535676853453,0.46672076803506407
470,0,4,0,0.0,1.0,0.5074393618662341,0.46672076803506407
479,0,4,0,0.0,1.0,0.6200951592289539,0.46672076803506407
484,0,4,0,0.25,0.5,0.33487531536031273,0.46672076803506407
499,0,4,0,0.0,1.0,0.4371104626641056,0.46672076803506407
502,0,4,1,0.75,0.5,0.5412232776072856,0.46672076803506407
506,0,4,1,0.75,0.5,0.5920676318609148,0.46672076803506407
512,0,4,1,1.0,1.0,0.7280855999030585,0.46672076803506407
513,0,4,0,0.0,1.0,0.6193942276598493,0.46672076803506407
522,0,4,0,0.25,0.5,0.4611809214495998,0.46672076803506407
523,0,4,0,0.25,0.5,0.5163682676993805,0.46672076803506407
532,0,4,0,0.0,1.0,0.4087737234864357,0.46672076803506407
538,0,4,0,0.0,1.0,0.5852321621445866,0.46672076803506407
553,0,4,0,0.0,1.0,0.4410332772162248,0.46672076803506407
560,0,4,0,0.1666666666666666,0.6666666666666667,0.516753286187811,0.46672076803506407
562,0,4,0,0.3333333333333333,0.3333333333333333,0.5378068078738316,0.46672076803506407
570,0,4,1,0.6666666666666666,0.3333333333333332,0.621152192011166,0.46672076803506407
572,0,4,1,0.8333333333333334,0.6666666666666667,0.5876633457385763,0.46672076803506407
574,0,4,0,0.3333333333333333,0.3333333333333333,0.42014824672059753,0.46672076803506407
607,0,4,0,0.0,1.0,0.5620578200468771,0.46672076803506407
609,0,4,0,0.25,0.5,0.5049905847739666,0.46672076803506407
611,0,4,1,0.75,0.5,0.5308077300246132,0.46672076803506407
613,0,4,0,0.0,1.0,0.6777581564386264,0.46672076803506407
631,0,4,0,0.0,1.0,0.5232840256987936,0.46672076803506407
642,0,4,1,0.75,0.5,0.5015488149462162,0.46672076803506407
646,0,4,0,0.0,1.0,0.4197968721159352,0.46672076803506407
650,0,4,0,0.0,1.0,0.29303722381606845,0.46672076803506407
655,0,4,1,0.6666666666666666,0.3333333333333332,0.47483189376852925,0.46672076803506407
662,0,4,0,0.0,1.0,0.4946707112083384,0.46672076803506407
664,0,4,1,0.6666666666666666,0.3333333333333332,0.5227637804585701,0.46672076803506407
669,0,4,0,0.3333333333333333,0.3333333333333333,0.5847057970215332,0.46672076803506407
671,0,4,0,0.3333333333333333,0.3333333333333333,0.4785429990230524,0.46672076803506407
679,0,4,0,0.4,0.1999999999999999,0.4864686866606941,0.46672076803506407
687,0,4,0,0.3333333333333333,0.3333333333333333,0.5709486991314581,0.46672076803506407
688,0,4,0,0.1666666666666666,0.6666666666666667,0.4713570107963263,0.46672076803506407
708,0,4,0,0.0,1.0,0.470950398612973,0.46672076803506407
716,0,4,1,0.6666666666666666,0.3333333333333332,0.48859308358379794,0.46672076803506407
722,0,4,0,0.2,0.6,0.3747887864673176,0.46672076803506407
724,0,4,0,0.2,0.6,0.2703578081409192,0.46672076803506407
726,0,4,0,0.0,1.0,0.3172614705923452,0.46672076803506407
734,0,4,0,0.0,1.0,0.42779003117057157,0.46672076803506407
739,0,4,0,0.3333333333333333,0.3333333333333333,0.6154183849857087,0.46672076803506407
740,0,4,0,0.1666666666666666,0.6666666666666667,0.5495004470331126,0.46672076803506407
5,1,0,0,0.2,0.6,0.4990973437799286,0.4466193258623997
8,1,0,0,0.0,1.0,0.42811845989488306,0.4466193258623997
10,1,0,0,0.0,1.0,0.33149501448956914,0.4466193258623997
12,1,0,0,0.4,0.1999999999999999,0.29330561833844776,0.4466193258623997
17,1,0,0,0.4,0.1999999999999999,0.6591217525952938,0.4466193258623997
25,1,0,0,0.2,0.6,0.3976239951251266,0.4466193258623997
30,1,0,0,0.2,0.6,0.4226707462090327,0.4466193258623997
36,1,0,0,0.2,0.6,0.23321823524773652,0.4466193258623997
46,1,0,0,0.4,0.1999999999999999,0.538600692500317,0.4466193258623997
56,1,0,0,0.25,0.5,0.4340307543608655,0.4466193258623997
63,1,0,0,0.0,1.0,0.362501023320144,0.4466193258623997
66,1,0,0,0.0,1.0,0.2869521672613709,0.4466193258623997
72,1,0,0,0.25,0.5,0.26786662511547277,0.4466193258623997
81,1,0,0,0.0,1.0,0.3884799280385313,0.4466193258623997
82,1,0,0,0.25,0.5,0.3668818868724646,0.4466193258623997
91,1,0,0,0.25,0.5,0.4108827085250715,0.4466193258623997
93,1,0,0,0.0,1.0,0.4095481628858743,0.4466193258623997
99,1,0,0,0.0,1.0,0.4396337051859648,0.4466193258623997
101,1,0,0,0.3333333333333333,0.3333333333333333,0.20944486928816253,0.4466193258623997
102,1,0,0,0.0,1.0,0.2847375491803519,0.4466193258623997
106,1,0,1,1.0,1.0,0.5146741954938839,0.4466193258623997
114,1,0,0,0.1111111111111111,0.7777777777777778,0.29670047094952157,0.4466193258623997
117,1,0,0,0.25,0.5,0.2977215853036056,0.4466193258623997
118,1,0,0,0.0,1.0,0.3071269417274404,0.4466193258623997
122,1,0,0,0.0,1.0,0.47426135777544054,0.4466193258623997
128,1,0,0,0.1111111111111111,0.7777777777777778,0.26090117929364004,0.4466193258623997
141,1,0,0,0.0,1.0,0.5018409452434736,0.4466193258623997
142,1,0,0,0.0,1.0,0.44307295038750516,0.4466193258623997
143,1,0,1,0.5555555555555556,0.1111111111111111,0.4186167563858432,0.4466193258623997
145,1,0,0,0.4444444444444444,0.1111111111111111,0.48537277301555215,0.4466193258623997
149,1,0,0,0.3333333333333333,0.3333333333333333,0.22544088254041678,0.4466193258623997
150,1,0,0,0.0,1.0,0.25346942882947693,0.4466193258623997
159,1,0,0,0.0,1.0,0.37713581734257595,0.4466193258623997
177,1,0,0,0.0,1.0,0.5136052188775506,0.4466193258623997
179,1,0,0,0.25,0.5,0.49911935170853017,0.4466193258623997
180,1,0,0,0.0,1.0,0.43071127161526307,0.4466193258623997
184,1,0,0,0.0,1.0,0.344999431546565,0.4466193258623997
187,1,0,0,0.0,1.0,0.40978519060050955,0.4466193258623997
195,1,0,0,0.0,1.0,0.522065215433571,0.4466193258623997
211,1,0,1,0.6,0.1999999999999999,0.6942427501902186,0.4466193258623997
216,1,0,0,0.0,1.0,0.4073098760451005,0.4466193258623997
221,1,0,1,0.8,0.6000000000000001,0.355318262030019,0.4466193258623997
226,1,0,0,0.0,1.0,0.5049883116133804,0.4466193258623997
232,1,0,0,0.25,0.5,0.3670470817215887,0.4466193258623997
235,1,0,0,0.0,1.0,0.5039671306379819,0.4466193258623997
243,1,0,0,0.0,1.0,0.42928600661164507,0.4466193258623997
248,1,0,0,0.4,0.1999999999999999,0.5406404995888625,0.4466193258623997
250,1,0,0,0.4,0.1999999999999999,0.4062071754341531,0.4466193258623997
251,1,0,0,0.25,0.5,0.4655608328915296,0.4466193258623997
257,1,0,0,0.25,0.5,0.17811234343951116,0.4466193258623997
263,1,0,0,0.2,0.6,0.3456022212152181,0.4466193258623997
278,1,0,0,0.25,0.5,0.4370673474497181,0.4466193258623997
285,1,0,0,0.4,0.1999999999999999,0.44496176451332203,0.4466193258623997
287,1,0,0,0.25,0.5,0.3812978828116123,0.4466193258623997
299,1,0,1,0.8,0.6000000000000001,0.3578927014327082,0.4466193258623997
314,1,0,0,0.0,1.0,0.46175314879461493,0.4466193258623997
320,1,0,0,0.0,1.0,0.4233584483741979,0.4466193258623997
330,1,0,0,0.4,0.1999999999999999,0.47665808897116213,0.4466193258623997
333,1,0,0,0.0,1.0,0.363344149106736,0.4466193258623997
334,1,0,0,0.4,0.1999999999999999,0.47682527088464055,0.4466193258623997
336,1,0,0,0.4,0.1999999999999999,0.4285679473321591,0.4466193258623997
339,1,0,0,0.0,1.0,0.4060538275182198,0.4466193258623997
341,1,0,1,0.6,0.1999999999999999,0.5399637075967934,0.4466193258623997
347,1,0,0,0.4,0.1999999999999999,0.4020782492452784,0.4466193258623997
350,1,0,0,0.0,1.0,0.4597511774429234,0.4466193258623997
359,1,0,0,0.25,0.5,0.29296693251968237,0.4466193258623997
362,1,0,1,0.75,0.5,0.5875726603928118,0.4466193258623997
369,1,0,0,0.0,1.0,0.4458270216632079,0.4466193258623997
373,1,0,0,0.0,1.0,0.44425193069231567,0.4466193258623997
406,1,0,1,0.6,0.1999999999999999,0.48498079084576146,0.4466193258623997
419,1,0,0,0.4,0.1999999999999999,0.4278205646870406,0.4466193258623997
420,1,0,0,0.0,1.0,0.4757268322597549,0.4466193258623997
422,1,0,1,0.6,0.1999999999999999,0.4136073269572546,0.4466193258623997
423,1,0,0,0.0,1.0,0.4712199997423765,0.4466193258623997
425,1,0,0,0.0,1.0,0.38037871092159325,0.4466193258623997
427,1,0,1,0.6,0.1999999999999999,0.6241219855346007,0.4466193258623997
431,1,0,0,0.4,0.1999999999999999,0.6499752463590633,0.4466193258623997
432,1,0,0,0.2,0.6,0.4617926100015469,0.4466193258623997
436,1,0,0,0.4,0.1999999999999999,0.6201330830502014,0.4466193258623997
440,1,0,0,0.0,1.0,0.6884298045749824,0.4466193258623997
443,1,0,0,0.0,1.0,0.5297639541895331,0.4466193258623997
446,1,0,0,0.2,0.6,0.6120663964902335,0.4466193258623997
455,1,0,0,0.0,1.0,0.45794104257086155,0.4466193258623997
459,1,0,0,0.25,0.5,0.533468423504623,0.4466193258623997
460,1,0,0,0.0,1.0,0.4383619677348243,0.4466193258623997
467,1,0,1,1.0,1.0,0.5645946426481078,0.4466193258623997
469,1,0,1,0.75,0.5,0.41134451728105337,0.4466193258623997
470,1,0,0,0.0,1.0,0.5376193352294563,0.4466193258623997
479,1,0,0,0.0,1.0,0.6258813797856857,0.4466193258623997
482,1,0,0,0.0,1.0,0.36669986343427863,0.4466193258623997
483,1,0,0,0.25,0.5,0.46291379309356845,0.4466193258623997
486,1,0,0,0.25,0.5,0.48258904890861787,0.4466193258623997
495,1,0,0,0.0,1.0,0.5692232967471832,0.4466193258623997
496,1,0,1,0.75,0.5,0.5583072668026597,0.4466193258623997
500,1,0,0,0.25,0.5,0.6017090573094585,0.4466193258623997
503,1,0,0,0.0,1.0,0.6103283429341901,0.4466193258623997
525,1,0,0,0.2,0.6,0.4036573654540928,0.4466193258623997
526,1,0,0,0.0,1.0,0.5337827043894612,0.4466193258623997
531,1,0,1,0.75,0.5,0.4798032510495708,0.4466193258623997
535,1,0,0,0.25,0.5,0.6342441923260109,0.4466193258623997
549,1,0,0,0.0,1.0,0.45707724573034236,0.4466193258623997
553,1,0,0,0.0,1.0,0.4109793017887764,0.4466193258623997
563,1,0,0,0.0,1.0,0.4420130401756422,0.4466193258623997
565,1,0,0,0.3333333333333333,0.3333333333333333,0.37296087814240786,0.4466193258623997
566,1,0,0,0.1666666666666666,0.6666666666666667,0.34433491652199927,0.4466193258623997
569,1,0,0,0.1666666666666666,0.6666666666666667,0.36027981611333176,0.4466193258623997
573,1,0,0,0.3333333333333333,0.3333333333333333,0.4985247124598008,0.4466193258623997
592,1,0,1,0.6,0.1999999999999999,0.7398210447182922,0.4466193258623997
598,1,0,0,0.3333333333333333,0.3333333333333333,0.5846360729259807,0.4466193258623997
614,1,0,1,0.75,0.5,0.5467221965681194,0.4466193258623997
640,1,0,1,0.75,0.5,0.6707168616799917,0.4466193258623997
642,1,0,1,0.75,0.5,0.45076277853556546,0.4466193258623997
644,1,0,0,0.25,0.5,0.41281031165685744,0.4466193258623997
646,1,0,0,0.0,1.0,0.4003199693878915,0.4466193258623997
654,1,0,0,0.1666666666666666,0.6666666666666667,0.44869587900906505,0.4466193258623997
661,1,0,1,0.8333333333333334,0.6666666666666667,0.5762988323068419,0.4466193258623997
663,1,0,0,0.3333333333333333,0.3333333333333333,0.5658507498830028,0.4466193258623997
669,1,0,0,0.3333333333333333,0.3333333333333333,0.5812818557419421,0.4466193258623997
685,1,0,0,0.0,1.0,0.5940422480738136,0.4466193258623997
706,1,0,1,0.6666666666666666,0.3333333333333332,0.5815822596021845,0.4466193258623997
710,1,0,0,0.0,1.0,0.4280431931276988,0.4466193258623997
711,1,0,1,0.6,0.1999999999999999,0.5278831212772908,0.4466193258623997
716,1,0,1,0.6666666666666666,0.3333333333333332,0.4851396481216595,0.4466193258623997
718,1,0,0,0.1666666666666666,0.6666666666666667,0.4119355183569891,0.4466193258623997
728,1,0,0,0.2,0.6,0.47853532099571455,0.4466193258623997
734,1,0,0,0.0,1.0,0.4155111112770472,0.4466193258623997
735,1,0,0,0.0,1.0,0.4474818655428324,0.4466193258623997
6,1,1,0,0.2,0.6,0.30151415683485205,0.49609441298698215
7,1,1,1,0.6,0.1999999999999999,0.4208861751563183,0.49609441298698215
9,1,1,0,0.0,1.0,0.35858334531328534,0.49609441298698215
13,1,1,0,0.2,0.6,0.35976186026669715,0.49609441298698215
14,1,1,0,0.2,0.6,0.4000810408404012,0.49609441298698215
16,1,1,1,0.6,0.1999999999999999,0.5067979375381266,0.49609441298698215
21,1,1,0,0.2,0.6,0.42343616526488337,0.49609441298698215
22,1,1,0,0.2,0.6,0.4241279724195614,0.49609441298698215
29,1,1,0,0.2,0.6,0.43311133443012506,0.49609441298698215
32,1,1,0,0.2,0.6,0.3453113401493686,0.49609441298698215
33,1,1,0,0.4,0.1999999999999999,0.3840596488378094,0.49609441298698215
34,1,1,0,0.1666666666666666,0.6666666666666667,0.4794084729613689,0.49609441298698215
41,1,1,0,0.2,0.6,0.30904803305443407,0.49609441298698215
49,1,1,0,0.3333333333333333,0.3333333333333333,0.4538837014261081,0.49609441298698215
50,1,1,1,0.8,0.6000000000000001,0.4272251867715815,0.49609441298698215
51,1,1,0,0.25,0.5,0.3706967382488391,0.49609441298698215
70,1,1,0,0.0,1.0,0.44921516940041395,0.49609441298698215
71,1,1,0,0.0,1.0,0.3823145177637771,0.49609441298698215
79,1,1,0,0.25,0.5,0.3231503087807855,0.49609441298698215
85,1,1,0,0.25,0.5,0.48066687967285593,0.49609441298698215
86,1,1,0,0.0,1.0,0.37722673747567176,0.49609441298698215
89,1,1,0,0.25,0.5,0.4561419627257976,0.49609441298698215
94,1,1,0,0.25,0.5,0.41779871839901733,0.49609441298698215
95,1,1,0,0.25,0.5,0.3238676752928248,0.49609441298698215
108,1,1,0,0.25,0.5,0.45154611388823124,0.49609441298698215
109,1,1,0,0.1111111111111111,0.7777777777777778,0.4574711093309466,0.49609441298698215
115,1,1,0,0.0,1.0,0.32425109373187966,0.49609441298698215
127,1,1,1,0.6666666666666666,0.3333333333333332,0.4646951968639031,0.49609441298698215
129,1,1,0,0.2,0.6,0.4720834899770312,0.49609441298698215
139,1,1,0,0.0,1.0,0.46767162484052494,0.49609441298698215
140,1,1,0,0.2222222222222222,0.5555555555555556,0.5255314375571098,0.49609441298698215
147,1,1,0,0.0,1.0,0.48359223306506294,0.49609441298698215
156,1,1,0,0.25,0.5,0.2945846943307367,0.49609441298698215
158,1,1,0,0.0,1.0,0.35686895260276263,0.49609441298698215
160,1,1,0,0.1666666666666666,0.6666666666666667,0.40451965976921367,0.49609441298698215
161,1,1,0,0.0,1.0,0.42951972756047735,0.49609441298698215
166,1,1,0,0.25,0.5,0.36089675751877537,0.49609441298698215
175,1,1,0,0.0,1.0,0.34828040801524573,0.49609441298698215
188,1,1,0,0.0,1.0,0.4339119546214579,0.49609441298698215
193,1,1,0,0.25,0.5,0.42538560734065495,0.49609441298698215
194,1,1,0,0.0,1.0,0.39702593270375397,0.49609441298698215
198,1,1,0,0.0,1.0,0.3890057047537452,0.49609441298698215
200,1,1,0,0.2,0.6,0.4587099196651172,0.49609441298698215
205,1,1,0,0.2,0.6,0.37348462582937136,0.49609441298698215
209,1,1,0,0.2,0.6,0.40844161823550734,0.49609441298698215
210,1,1,0,0.4,0.1999999999999999,0.4902420994846901,0.49609441298698215
212,1,1,0,0.2,0.6,0.3599604039792566,0.49609441298698215
222,1,1,0,0.2,0.6,0.5504413172947422,0.49609441298698215
225,1,1,0,0.2,0.6,0.4556649187239569,0.49609441298698215
230,1,1,0,0.2,0.6,0.45983631247190804,0.49609441298698215
234,1,1,0,0.25,0.5,0.5320336980796776,0.49609441298698215
237,1,1,0,0.4,0.1999999999999999,0.4577499392568648,0.49609441298698215
242,1,1,1,0.6,0.1999999999999999,0.4321737654915118,0.49609441298698215
244,1,1,1,0.6,0.1999999999999999,0.523024218264333,0.49609441298698215
247,1,1,0,0.2,0.6,0.5049100346908814,0.49609441298698215
264,1,1,0,0.25,0.5,0.39021553664349373,0.49609441298698215
267,1,1,0,0.0,1.0,0.4094623463492235,0.49609441298698215
280,1,1,0,0.25,0.5,0.4482624443756106,0.49609441298698215
292,1,1,0,0.25,0.5,0.5590889908135845,0.49609441298698215
297,1,1,0,0.0,1.0,0.37574310771893404,0.49609441298698215
304,1,1,1,0.8,0.6000000000000001,0.453861086174422,0.49609441298698215
312,1,1,0,0.0,1.0,0.4671069549668858,0.49609441298698215
315,1,1,1,0.8,0.6000000000000001,0.5422156750145719,0.49609441298698215
317,1,1,0,0.4,0.1999999999999999,0.37155673903348374,0.49609441298698215
323,1,1,0,0.0,1.0,0.40111248796358434,0.49609441298698215
324,1,1,0,0.2,0.6,0.4251953728105085,0.49609441298698215
342,1,1,0,0.2,0.6,0.3563199698164847,0.49609441298698215
343,1,1,1,0.8,0.6000000000000001,0.5456691925974576,0.49609441298698215
355,1,1,0,0.25,0.5,0.4621030717206359,0.49609441298698215
365,1,1,0,0.25,0.5,0.46586850459022333,0.49609441298698215
379,1,1,1,0.75,0.5,0.5939449801230194,0.49609441298698215
384,1,1,0,0.25,0.5,0.4879671486496783,0.49609441298698215
387,1,1,0,0.0,1.0,0.49717899164346313,0.49609441298698215
398,1,1,0,0.25,0.5,0.5328804371399875,0.49609441298698215
408,1,1,0,0.4,0.1999999999999999,0.5437633881425755,0.49609441298698215
410,1,1,1,0.6,0.1999999999999999,0.5888582954263585,0.49609441298698215
411,1,1,0,0.2,0.6,0.5969579082596788,0.49609441298698215
412,1,1,1,1.0,1.0,0.6211091584434533,0.49609441298698215
414,1,1,1,0.6,0.1999999999999999,0.7107487609676946,0.49609441298698215
416,1,1,0,0.0,1.0,0.5138360736818519,0.49609441298698215
417,1,1,0,0.2,0.6,0.5167421277717035,0.49609441298698215
421,1,1,0,0.2,0.6,0.4711486051041422,0.49609441298698215
424,1,1,1,0.6,0.1999999999999999,0.44639901174722085,0.49609441298698215
429,1,1,0,0.0,1.0,0.5272305822383845,0.49609441298698215
433,1,1,0,0.0,1.0,0.42713653826964604,0.49609441298698215
437,1,1,1,0.6,0.1999999999999999,0.5645872112000729,0.49609441298698215
447,1,1,0,0.0,1.0,0.3773345740571274,0.49609441298698215
464,1,1,0,0.0,1.0,0.48200856358814126,0.49609441298698215
476,1,1,0,0.0,1.0,0.5562758590243373,0.49609441298698215
477,1,1,0,0.0,1.0,0.4482005254258744,0.49609441298698215
478,1,1,0,0.0,1.0,0.4200516361439838,0.49609441298698215
494,1,1,1,0.8,0.6000000000000001,0.49107426689049294,0.49609441298698215
497,1,1,0,0.0,1.0,0.36779541656304093,0.49609441298698215
499,1,1,0,0.0,1.0,0.4762941197002636,0.49609441298698215
501,1,1,0,0.25,0.5,0.5393048595585797,0.49609441298698215
515,1,1,0,0.25,0.5,0.6185688993276095,0.49609441298698215
518,1,1,0,0.25,0.5,0.6032310261311145,0.49609441298698215
528,1,1,0,0.0,1.0,0.43473262248813827,0.49609441298698215
533,1,1,0,0.0,1.0,0.39789869301990266,0.49609441298698215
538,1,1,0,0.0,1.0,0.6118001532278611,0.49609441298698215
557,1,1,0,0.3333333333333333,0.3333333333333333,0.4890094089095893,0.49609441298698215
562,1,1,0,0.3333333333333333,0.3333333333333333,0.571598332191035,0.49609441298698215
572,1,1,1,0.8333333333333334,0.6666666666666667,0.6467166017461967,0.49609441298698215
581,1,1,0,0.3333333333333333,0.3333333333333333,0.4809975815524703,0.49609441298698215
586,1,1,1,0.6666666666666666,0.3333333333333332,0.6305825169478997,0.49609441298698215
587,1,1,1,0.8333333333333334,0.6666666666666667,0.6174996700584465,0.49609441298698215
594,1,1,0,0.0,1.0,0.5114566463150967,0.49609441298698215
595,1,1,1,0.8333333333333334,0.6666666666666667,0.5763287034501234,0.49609441298698215
600,1,1,0,0.1666666666666666,0.6666666666666667,0.5897619897286979,0.49609441298698215
609,1,1,0,0.25,0.5,0.503607778058041,0.49609441298698215
613,1,1,0,0.0,1.0,0.6625537004337441,0.49609441298698215
615,1,1,1,0.75,0.5,0.6291744634904892,0.49609441298698215
616,1,1,1,0.75,0.5,0.48808699835500374,0.49609441298698215
619,1,1,0,0.25,0.5,0.6038221361617189,0.49609441298698215
651,1,1,0,0.3333333333333333,0.3333333333333333,0.5234829937467389,0.49609441298698215
660,1,1,0,0.1666666666666666,0.6666666666666667,0.5372737109543779,0.49609441298698215
678,1,1,0,0.3333333333333333,0.3333333333333333,0.5098800846518925,0.49609441298698215
679,1,1,0,0.4,0.1999999999999999,0.4763112431603642,0.49609441298698215
681,1,1,0,0.1666666666666666,0.6666666666666667,0.6038516099749576,0.49609441298698215
682,1,1,0,0.1666666666666666,0.6666666666666667,0.5851651628804169,0.49609441298698215
684,1,1,0,0.0,1.0,0.6662472091810856,0.49609441298698215
687,1,1,0,0.3333333333333333,0.3333333333333333,0.5727108155048142,0.49609441298698215
692,1,1,0,0.0,1.0,0.4635225666504733,0.49609441298698215
703,1,1,0,0.0,1.0,0.5110166258048536,0.49609441298698215
704,1,1,0,0.3333333333333333,0.3333333333333333,0.3954578257558186,0.49609441298698215
712,1,1,0,0.1666666666666666,0.6666666666666667,0.44263187750465305,0.49609441298698215
729,1,1,0,0.4,0.1999999999999999,0.5104279529640596,0.49609441298698215
1,1,2,0,0.3333333333333333,0.3333333333333333,0.4079067279639798,0.468850415356407
3,1,2,0,0.0,1.0,0.3644119071524554,0.468850415356407
4,1,2,1,0.6,0.1999999999999999,0.48844369511062524,0.468850415356407
20,1,2,0,0.25,0.5,0.3268489584781342,0.468850415356407
28,1,2,0,0.2,0.6,0.3971399996255439,0.468850415356407
31,1,2,0,0.1666666666666666,0.6666666666666667,0.384731922011479,0.468850415356407
43,1,2,0,0.2,0.6,0.37599657579778556,0.468850415356407
44,1,2,0,0.0,1.0,0.4447892851681909,0.468850415356407
60,1,2,0,0.0,1.0,0.39650208594363223,0.468850415356407
64,1,2,0,0.3333333333333333,0.3333333333333333,0.38540606864108107,0.468850415356407
67,1,2,0,0.0,1.0,0.32327546295702536,0.468850415356407
75,1,2,0,0.0,1.0,0.4570885239499074,0.468850415356407
96,1,2,0,0.0,1.0,0.383684601431858,0.468850415356407
98,1,2,0,0.3333333333333333,0.3333333333333333,0.3513791146336508,0.468850415356407
110,1,2,0,0.0,1.0,0.48320577290015737,0.468850415356407
113,1,2,0,0.1111111111111111,0.7777777777777778,0.40293697208770307,0.468850415356407
120,1,2,0,0.0,1.0,0.48245824996626685,0.468850415356407
121,1,2,0,0.1111111111111111,0.7777777777777778,0.42431142697062285,0.468850415356407
123,1,2,0,0.0,1.0,0.4144820412717062,0.468850415356407
124,1,2,0,0.0,1.0,0.5005028355332477,0.468850415356407
130,1,2,0,0.1111111111111111,0.7777777777777778,0.36772827121979806,0.468850415356407
137,1,2,1,0.6666666666666666,0.3333333333333332,0.2814833006310311,0.468850415356407
144,1,2,0,0.0,1.0,0.4300120682158503,0.468850415356407
146,1,2,1,0.8888888888888888,0.7777777777777777,0.5076943306496134,0.468850415356407
151,1,2,0,0.0,1.0,0.4617139852711992,0.468850415356407
154,1,2,0,0.25,0.5,0.24373975637523132,0.468850415356407
163,1,2,0,0.25,0.5,0.44694930649878917,0.468850415356407
168,1,2,0,0.25,0.5,0.4805106549474656,0.468850415356407
170,1,2,0,0.1666666666666666,0.6666666666666667,0.4444112775097587,0.468850415356407
171,1,2,0,0.25,0.5,0.5137957903354624,0.468850415356407
176,1,2,0,0.0,1.0,0.4276678735839108,0.468850415356407
182,1,2,0,0.0,1.0,0.4571816029983999,0.468850415356407
191,1,2,0,0.0,1.0,0.34531350856478016,0.468850415356407
192,1,2,0,0.0,1.0,0.3382194529849696,0.468850415356407
197,1,2,0,0.0,1.0,0.4445287064925855,0.468850415356407
199,1,2,0,0.25,0.5,0.37040188287716236,0.468850415356407
201,1,2,0,0.25,0.5,0.4709462859848086,0.468850415356407
202,1,2,1,0.6,0.1999999999999999,0.4890659156058434,0.468850415356407
204,1,2,0,0.4,0.1999999999999999,0.486716136256123,0.468850415356407
213,1,2,0,0.4,0.1999999999999999,0.3513749907617821,0.468850415356407
217,1,2,0,0.0,1.0,0.2735833977697101,0.468850415356407
223,1,2,0,0.2,0.6,0.3739921896759032,0.468850415356407
227,1,2,1,1.0,1.0,0.45044436498598345,0.468850415356407
233,1,2,0,0.0,1.0,0.38843459200567715,0.468850415356407
236,1,2,0,0.0,1.0,0.5249756873665757,0.468850415356407
239,1,2,1,0.6,0.1999999999999999,0.3477611615827435,0.468850415356407
240,1,2,0,0.2,0.6,0.3132311713547695,0.468850415356407
241,1,2,1,0.6,0.1999999999999999,0.4564298765040992,0.468850415356407
245,1,2,0,0.0,1.0,0.39304855906422476,0.468850415356407
258,1,2,0,0.0,1.0,0.2923984288857932,0.468850415356407
259,1,2,0,0.0,1.0,0.3261847646615736,0.468850415356407
266,1,2,0,0.25,0.5,0.3835942210530044,0.468850415356407
270,1,2,0,0.0,1.0,0.4751663073628402,0.468850415356407
271,1,2,0,0.0,1.0,0.4149048017542743,0.468850415356407
276,1,2,0,0.2,0.6,0.4022296471472988,0.468850415356407
279,1,2,0,0.2,0.6,0.35274908025398793,0.468850415356407
294,1,2,0,0.0,1.0,0.46820735377151,0.468850415356407
313,1,2,0,0.0,1.0,0.3940621636099848,0.468850415356407
325,1,2,0,0.0,1.0,0.37582700974086797,0.468850415356407
326,1,2,0,0.0,1.0,0.4552465581522727,0.468850415356407
327,1,2,0,0.0,1.0,0.5320018771636404,0.468850415356407
328,1,2,1,0.6,0.1999999999999999,0.4507354775547501,0.468850415356407
344,1,2,0,0.2,0.6,0.394973312797691,0.468850415356407
346,1,2,1,0.6,0.1999999999999999,0.6081645921238096,0.468850415356407
349,1,2,0,0.0,1.0,0.4143005104726569,0.468850415356407
358,1,2,0,0.25,0.5,0.6089196363226848,0.468850415356407
360,1,2,0,0.25,0.5,0.4085084783070174,0.468850415356407
363,1,2,0,0.0,1.0,0.5308829174870301,0.468850415356407
372,1,2,0,0.25,0.5,0.5059934093670357,0.468850415356407
377,1,2,0,0.25,0.5,0.48746393286524736,0.468850415356407
391,1,2,0,0.0,1.0,0.38669550904079203,0.468850415356407
405,1,2,0,0.0,1.0,0.5254486501587257,0.468850415356407
409,1,2,0,0.4,0.1999999999999999,0.7017938987671176,0.468850415356407
413,1,2,0,0.0,1.0,0.6393059877651392,0.468850415356407
434,1,2,0,0.0,1.0,0.499974422218275,0.468850415356407
442,1,2,1,0.8,0.6000000000000001,0.5646806834559412,0.468850415356407
444,1,2,0,0.2,0.6,0.6241504527418702,0.468850415356407
449,1,2,0,0.4,0.1999999999999999,0.330074345350139,0.468850415356407
450,1,2,0,0.2,0.6,0.32486083393791165,0.468850415356407
452,1,2,0,0.25,0.5,0.541710409007657,0.468850415356407
471,1,2,0,0.0,1.0,0.6791915799591042,0.468850415356407
473,1,2,0,0.25,0.5,0.4880182703613244,0.468850415356407
474,1,2,0,0.0,1.0,0.37863804485974306,0.468850415356407
487,1,2,0,0.2,0.6,0.3878441106600973,0.468850415356407
493,1,2,0,0.0,1.0,0.4615235241112442,0.468850415356407
498,1,2,0,0.0,1.0,0.4808728756908898,0.468850415356407
508,1,2,1,0.75,0.5,0.5439762683885805,0.468850415356407
512,1,2,1,1.0,1.0,0.675448829769941,0.468850415356407
514,1,2,1,0.75,0.5,0.6249380043471757,0.468850415356407
516,1,2,0,0.0,1.0,0.5348300398464675,0.468850415356407
519,1,2,0,0.0,1.0,0.4204097883918819,0.468850415356407
536,1,2,0,0.3333333333333333,0.3333333333333333,0.5439950793299971,0.468850415356407
551,1,2,1,0.6666666666666666,0.3333333333333332,0.5166560417186774,0.468850415356407
579,1,2,0,0.3333333333333333,0.3333333333333333,0.4501290794506207,0.468850415356407
584,1,2,1,0.6666666666666666,0.3333333333333332,0.6927971922011468,0.468850415356407
589,1,2,0,0.3333333333333333,0.3333333333333333,0.575597883216074,0.468850415356407
597,1,2,0,0.0,1.0,0.37181865425422933,0.468850415356407
599,1,2,0,0.0,1.0,0.522084993548074,0.468850415356407
607,1,2,0,0.0,1.0,0.6061785983826685,0.468850415356407
608,1,2,0,0.0,1.0,0.6325473992512854,0.468850415356407
610,1,2,0,0.25,0.5,0.5516098664453578,0.468850415356407
611,1,2,1,0.75,0.5,0.5642451025854645,0.468850415356407
618,1,2,0,0.0,1.0,0.5105386787681359,0.468850415356407
620,1,2,1,0.75,0.5,0.6469199418782927,0.468850415356407
624,1,2,0,0.25,0.5,0.5184376343372992,0.468850415356407
625,1,2,0,0.0,1.0,0.5209589961149961,0.468850415356407
627,1,2,1,0.75,0.5,0.6214841368773252,0.468850415356407
628,1,2,0,0.0,1.0,0.4849969858080411,0.468850415356407
634,1,2,0,0.25,0.5,0.5750156365736352,0.468850415356407
638,1,2,0,0.25,0.5,0.5746655448782165,0.468850415356407
650,1,2,0,0.0,1.0,0.38561479843480834,0.468850415356407
655,1,2,1,0.6666666666666666,0.3333333333333332,0.4330529397077651,0.468850415356407
656,1,2,1,0.6666666666666666,0.3333333333333332,0.5352096405848998,0.468850415356407
665,1,2,0,0.1666666666666666,0.6666666666666667,0.496280180148828,0.468850415356407
674,1,2,0,0.3333333333333333,0.3333333333333333,0.39844885506115885,0.468850415356407
680,1,2,0,0.0,1.0,0.43030524956691485,0.468850415356407
683,1,2,1,0.8333333333333334,0.6666666666666667,0.6743787351008586,0.468850415356407
690,1,2,0,0.0,1.0,0.40486776875075936,0.468850415356407
694,1,2,0,0.3333333333333333,0.3333333333333333,0.5349161294725617,0.468850415356407
699,1,2,0,0.1666666666666666,0.6666666666666667,0.555349833227279,0.468850415356407
701,1,2,0,0.1666666666666666,0.6666666666666667,0.6332048314248271,0.468850415356407
708,1,2,0,0.0,1.0,0.49038095636615253,0.468850415356407
719,1,2,0,0.1666666666666666,0.6666666666666667,0.41694655277105025,0.468850415356407
725,1,2,0,0.0,1.0,0.4649746085836133,0.468850415356407
727,1,2,0,0.4,0.1999999999999999,0.5460587871499785,0.468850415356407
731,1,2,0,0.0,1.0,0.4371914315449161,0.468850415356407
732,1,2,0,0.0,1.0,0.35910490640445475,0.468850415356407
2,1,3,0,0.4,0.1999999999999999,0.2449132825682128,0.4942711457363533
11,1,3,1,0.6,0.1999999999999999,0.32575090819301156,0.4942711457363533
24,1,3,0,0.0,1.0,0.3292814250238514,0.4942711457363533
39,1,3,0,0.0,1.0,0.29566948332196785,0.4942711457363533
40,1,3,0,0.2,0.6,0.3127917025336815,0.4942711457363533
42,1,3,0,0.0,1.0,0.3362665177066614,0.4942711457363533
45,1,3,0,0.0,1.0,0.44258036999795536,0.4942711457363533
48,1,3,1,0.6,0.1999999999999999,0.3687461601133665,0.4942711457363533
52,1,3,0,0.25,0.5,0.3190785095196216,0.4942711457363533
54,1,3,0,0.25,0.5,0.304620721865852,0.4942711457363533
62,1,3,0,0.25,0.5,0.23936620127067074,0.4942711457363533
65,1,3,0,0.25,0.5,0.19698269309086133,0.4942711457363533
68,1,3,0,0.0,1.0,0.37888533918663925,0.4942711457363533
69,1,3,0,0.0,1.0,0.3029420784999553,0.4942711457363533
76,1,3,0,0.25,0.5,0.392403979753863,0.4942711457363533
77,1,3,0,0.25,0.5,0.33203209695599223,0.4942711457363533
78,1,3,0,0.0,1.0,0.2924272166127185,0.4942711457363533
83,1,3,0,0.25,0.5,0.5554507273623351,0.4942711457363533
84,1,3,0,0.3333333333333333,0.3333333333333333,0.4238159695386058,0.4942711457363533
92,1,3,0,0.0,1.0,0.3532772520460008,0.4942711457363533
103,1,3,0,0.1111111111111111,0.7777777777777778,0.2684476375259994,0.4942711457363533
119,1,3,0,0.1111111111111111,0.7777777777777778,0.27209123067867436,0.4942711457363533
126,1,3,0,0.2222222222222222,0.5555555555555556,0.4961443596731558,0.4942711457363533
131,1,3,0,0.0,1.0,0.35177235747820723,0.4942711457363533
132,1,3,0,0.2222222222222222,0.5555555555555556,0.40428254321367035,0.4942711457363533
136,1,3,0,0.3333333333333333,0.3333333333333333,0.3758227906404205,0.4942711457363533
152,1,3,0,0.0,1.0,0.28748108671289485,0.4942711457363533
153,1,3,0,0.0,1.0,0.2422237470068513,0.4942711457363533
155,1,3,0,0.25,0.5,0.4185200144590141,0.4942711457363533
157,1,3,0,0.25,0.5,0.3607943522836943,0.4942711457363533
173,1,3,0,0.25,0.5,0.29768674405002243,0.4942711457363533
186,1,3,0,0.0,1.0,0.3282323160744903,0.4942711457363533
203,1,3,0,0.2,0.6,0.3941558167222679,0.4942711457363533
207,1,3,0,0.2,0.6,0.4621194751388573,0.4942711457363533
208,1,3,0,0.0,1.0,0.3831107188862314,0.4942711457363533
215,1,3,0,0.2,0.6,0.44573824567047393,0.4942711457363533
219,1,3,0,0.0,1.0,0.43178980583931453,0.4942711457363533
220,1,3,0,0.4,0.1999999999999999,0.4303437449809413,0.4942711457363533
229,1,3,0,0.0,1.0,0.39358676700273043,0.4942711457363533
238,1,3,0,0.25,0.5,0.4305514183850527,0.4942711457363533
246,1,3,0,0.4,0.1999999999999999,0.5175026051258274,0.4942711457363533
249,1,3,1,0.6,0.1999999999999999,0.43468328810789125,0.4942711457363533
252,1,3,0,0.0,1.0,0.4041829041870506,0.4942711457363533
260,1,3,0,0.25,0.5,0.2716195919274875,0.4942711457363533
261,1,3,0,0.25,0.5,0.5017329529411969,0.4942711457363533
282,1,3,0,0.25,0.5,0.40403385708364514,0.4942711457363533
286,1,3,0,0.2,0.6,0.36141213327024657,0.4942711457363533
291,1,3,0,0.0,1.0,0.4308842864409125,0.4942711457363533
298,1,3,0,0.25,0.5,0.5007082313843232,0.4942711457363533
300,1,3,0,0.0,1.0,0.5004447042311615,0.4942711457363533
307,1,3,0,0.4,0.1999999999999999,0.4798781260272176,0.4942711457363533
308,1,3,0,0.4,0.1999999999999999,0.4517503655708013,0.4942711457363533
310,1,3,0,0.2,0.6,0.44948981245875536,0.4942711457363533
316,1,3,0,0.4,0.1999999999999999,0.5093138691244976,0.4942711457363533
318,1,3,0,0.4,0.1999999999999999,0.5637147733146467,0.4942711457363533
319,1,3,0,0.2,0.6,0.554559785972103,0.4942711457363533
321,1,3,1,0.6,0.1999999999999999,0.6848954246946959,0.4942711457363533
322,1,3,1,0.6,0.1999999999999999,0.6624608194066519,0.4942711457363533
329,1,3,0,0.0,1.0,0.40179129553473913,0.4942711457363533
331,1,3,0,0.0,1.0,0.3315322668260353,0.4942711457363533
338,1,3,0,0.4,0.1999999999999999,0.39971073127958867,0.4942711457363533
353,1,3,0,0.0,1.0,0.5718636441858544,0.4942711457363533
354,1,3,0,0.25,0.5,0.4094177236969673,0.4942711457363533
370,1,3,0,0.0,1.0,0.4321383823927929,0.4942711457363533
371,1,3,0,0.25,0.5,0.4171405616625864,0.4942711457363533
380,1,3,1,0.75,0.5,0.6932187875975296,0.4942711457363533
381,1,3,1,0.75,0.5,0.48265003671049966,0.4942711457363533
383,1,3,0,0.0,1.0,0.4390774691601915,0.4942711457363533
386,1,3,0,0.25,0.5,0.48904020157021755,0.4942711457363533
393,1,3,0,0.25,0.5,0.38786588315106996,0.4942711457363533
397,1,3,1,0.75,0.5,0.6139513442443694,0.4942711457363533
399,1,3,0,0.25,0.5,0.41033147489080846,0.4942711457363533
401,1,3,0,0.2,0.6,0.5268059680022488,0.4942711457363533
403,1,3,0,0.0,1.0,0.4261182841903791,0.4942711457363533
404,1,3,1,0.6,0.1999999999999999,0.709812971833826,0.4942711457363533
407,1,3,0,0.2,0.6,0.5683273224592816,0.4942711457363533
426,1,3,1,0.8,0.6000000000000001,0.49631684315455066,0.4942711457363533
430,1,3,1,0.6,0.1999999999999999,0.565244992086584,0.4942711457363533
441,1,3,0,0.2,0.6,0.6729440359713605,0.4942711457363533
448,1,3,0,0.0,1.0,0.19424814023787912,0.4942711457363533
453,1,3,0,0.25,0.5,0.41951897986532116,0.4942711457363533
454,1,3,0,0.0,1.0,0.357130326406089,0.4942711457363533
472,1,3,0,0.25,0.5,0.33236405109069256,0.4942711457363533
484,1,3,0,0.25,0.5,0.33847399990466426,0.4942711457363533
489,1,3,0,0.0,1.0,0.5516971841617602,0.4942711457363533
506,1,3,1,0.75,0.5,0.6356847939983543,0.4942711457363533
507,1,3,1,1.0,1.0,0.550970257055408,0.4942711457363533
517,1,3,0,0.25,0.5,0.5553327318979756,0.4942711457363533
521,1,3,1,0.75,0.5,0.39124565103066755,0.4942711457363533
523,1,3,0,0.25,0.5,0.43434474547910984,0.4942711457363533
527,1,3,0,0.25,0.5,0.43210747327757043,0.4942711457363533
539,1,3,0,0.25,0.5,0.47776537098234584,0.4942711457363533
540,1,3,0,0.25,0.5,0.6227705872954998,0.4942711457363533
550,1,3,0,0.0,1.0,0.5271404254547603,0.4942711457363533
555,1,3,0,0.3333333333333333,0.3333333333333333,0.5245222187161703,0.4942711457363533
568,1,3,1,1.0,1.0,0.4837229487830168,0.4942711457363533
577,1,3,0,0.1666666666666666,0.6666666666666667,0.6358922670818556,0.4942711457363533
580,1,3,0,0.3333333333333333,0.3333333333333333,0.3993320130816422,0.4942711457363533
588,1,3,0,0.1666666666666666,0.6666666666666667,0.7908674459952938,0.4942711457363533
604,1,3,1,0.75,0.5,0.5584235217160155,0.4942711457363533
612,1,3,0,0.0,1.0,0.40494659786426257,0.4942711457363533
636,1,3,0,0.0,1.0,0.5189462903545414,0.4942711457363533
641,1,3,0,0.0,1.0,0.5325389452602604,0.4942711457363533
652,1,3,0,0.0,1.0,0.3738069813634942,0.4942711457363533
658,1,3,0,0.1666666666666666,0.6666666666666667,0.434142064487826,0.4942711457363533
659,1,3,1,0.6666666666666666,0.3333333333333332,0.49285522377334834,0.4942711457363533
664,1,3,1,0.6666666666666666,0.3333333333333332,0.5792957364518618,0.4942711457363533
667,1,3,0,0.3333333333333333,0.3333333333333333,0.6038353895033592,0.4942711457363533
668,1,3,0,0.1666666666666666,0.6666666666666667,0.676641728857707,0.4942711457363533
671,1,3,0,0.3333333333333333,0.3333333333333333,0.39452339101848205,0.4942711457363533
673,1,3,0,0.3333333333333333,0.3333333333333333,0.36074293047441663,0.4942711457363533
675,1,3,0,0.3333333333333333,0.3333333333333333,0.28992859477835786,0.4942711457363533
676,1,3,0,0.1666666666666666,0.6666666666666667,0.42044646710008327,0.4942711457363533
677,1,3,1,0.6666666666666666,0.3333333333333332,0.4539440953715395,0.4942711457363533
686,1,3,0,0.0,1.0,0.5784052851141703,0.4942711457363533
689,1,3,0,0.0,1.0,0.4412950899345597,0.4942711457363533
696,1,3,0,0.1666666666666666,0.6666666666666667,0.5811674464859573,0.4942711457363533
702,1,3,0,0.1666666666666666,0.6666666666666667,0.6684846075714839,0.4942711457363533
713,1,3,1,0.6,0.1999999999999999,0.31123796892861494,0.4942711457363533
714,1,3,0,0.3333333333333333,0.3333333333333333,0.36980998127615705,0.4942711457363533
720,1,3,0,0.0,1.0,0.32143478938707803,0.4942711457363533
721,1,3,0,0.3333333333333333,0.3333333333333333,0.3212053068746451,0.4942711457363533
722,1,3,0,0.2,0.6,0.3262151341113773,0.4942711457363533
723,1,3,0,0.1666666666666666,0.6666666666666667,0.425445342776339,0.4942711457363533
726,1,3,0,0.0,1.0,0.3864656699091751,0.4942711457363533
738,1,3,0,0.3333333333333333,0.3333333333333333,0.40711583310765387,0.4942711457363533
739,1,3,0,0.3333333333333333,0.3333333333333333,0.625905763866214,0.4942711457363533
15,1,4,0,0.4,0.1999999999999999,0.34465643882570385,0.45922662857886365
18,1,4,1,0.6,0.1999999999999999,0.5902844840866679,0.45922662857886365
26,1,4,1,0.8,0.6000000000000001,0.4374063856013579,0.45922662857886365
27,1,4,0,0.2,0.6,0.40203177797011075,0.45922662857886365
37,1,4,0,0.2,0.6,0.38660804925800896,0.45922662857886365
38,1,4,0,0.0,1.0,0.44736281492172664,0.45922662857886365
47,1,4,0,0.25,0.5,0.44832237721354035,0.45922662857886365
53,1,4,0,0.1666666666666666,0.6666666666666667,0.3906567753894312,0.45922662857886365
55,1,4,0,0.0,1.0,0.3436954215949673,0.45922662857886365
57,1,4,1,1.0,1.0,0.379295023081904,0.45922662857886365
58,1,4,0,0.25,0.5,0.39872951340080603,0.45922662857886365
59,1,4,0,0.25,0.5,0.3389008340323698,0.45922662857886365
61,1,4,0,0.2,0.6,0.21754144086495913,0.45922662857886365
73,1,4,0,0.0,1.0,0.2624303512188916,0.45922662857886365
74,1,4,0,0.0,1.0,0.523454241244929,0.45922662857886365
80,1,4,0,0.0,1.0,0.3621332348430664,0.45922662857886365
87,1,4,0,0.0,1.0,0.4215360319453108,0.45922662857886365
97,1,4,0,0.25,0.5,0.39856258120439514,0.45922662857886365
100,1,4,0,0.25,0.5,0.48312270201529206,0.45922662857886365
104,1,4,0,0.1111111111111111,0.7777777777777778,0.3763608513517963,0.45922662857886365
105,1,4,0,0.0,1.0,0.4602884611747213,0.45922662857886365
107,1,4,0,0.1111111111111111,0.7777777777777778,0.5164868791612365,0.45922662857886365
111,1,4,0,0.1111111111111111,0.7777777777777778,0.37868556534105624,0.45922662857886365
112,1,4,0,0.125,0.75,0.38774321441724874,0.45922662857886365
116,1,4,0,0.0,1.0,0.3310574568616771,0.45922662857886365
125,1,4,0,0.125,0.75,0.3230848252163804,0.45922662857886365
133,1,4,1,0.8888888888888888,0.7777777777777777,0.39672892176378155,0.45922662857886365
134,1,4,0,0.1111111111111111,0.7777777777777778,0.41097003065583493,0.45922662857886365
135,1,4,0,0.1666666666666666,0.6666666666666667,0.41915331779525017,0.45922662857886365
138,1,4,1,0.5555555555555556,0.1111111111111111,0.4769602497741111,0.45922662857886365
148,1,4,0,0.1111111111111111,0.7777777777777778,0.37348931515876116,0.45922662857886365
162,1,4,0,0.2,0.6,0.37411201709140385,0.45922662857886365
164,1,4,0,0.0,1.0,0.3770764150915721,0.45922662857886365
165,1,4,0,0.0,1.0,0.4965147753342635,0.45922662857886365
167,1,4,0,0.0,1.0,0.4478727383942305,0.45922662857886365
169,1,4,0,0.0,1.0,0.33306750660952156,0.45922662857886365
172,1,4,0,0.0,1.0,0.39078249920393937,0.45922662857886365
178,1,4,0,0.0,1.0,0.4024287390109797,0.45922662857886365
183,1,4,0,0.0,1.0,0.5238514719815598,0.45922662857886365
185,1,4,0,0.25,0.5,0.3370190316428555,0.45922662857886365
190,1,4,0,0.25,0.5,0.34242056173777347,0.45922662857886365
214,1,4,0,0.2,0.6,0.2975840443502994,0.45922662857886365
224,1,4,0,0.4,0.1999999999999999,0.42694750094763323,0.45922662857886365
228,1,4,0,0.2,0.6,0.43201155990721707,0.45922662857886365
253,1,4,0,0.0,1.0,0.33109129983420693,0.45922662857886365
254,1,4,0,0.25,0.5,0.43022824338973337,0.45922662857886365
255,1,4,0,0.25,0.5,0.24017439365900378,0.45922662857886365
281,1,4,0,0.0,1.0,0.38059717514101365,0.45922662857886365
283,1,4,0,0.25,0.5,0.4006269207834996,0.45922662857886365
288,1,4,1,0.75,0.5,0.2112749104197709,0.45922662857886365
290,1,4,0,0.0,1.0,0.3683452100297959,0.45922662857886365
295,1,4,0,0.0,1.0,0.3348532057178706,0.45922662857886365
296,1,4,0,0.0,1.0,0.2930296750371524,0.45922662857886365
302,1,4,0,0.0,1.0,0.40756715616292355,0.45922662857886365
303,1,4,0,0.0,1.0,0.3849294043499581,0.45922662857886365
306,1,4,0,0.0,1.0,0.44866886374021636,0.45922662857886365
309,1,4,1,0.8,0.6000000000000001,0.5541434801449829,0.45922662857886365
311,1,4,0,0.4,0.1999999999999999,0.41982709342842595,0.45922662857886365
332,1,4,0,0.0,1.0,0.4412961968969112,0.45922662857886365
337,1,4,0,0.0,1.0,0.39954583718219494,0.45922662857886365
340,1,4,1,0.6,0.1999999999999999,0.39106401930020895,0.45922662857886365
345,1,4,0,0.0,1.0,0.38289208668582303,0.45922662857886365
348,1,4,0,0.4,0.1999999999999999,0.5587268559172357,0.45922662857886365
351,1,4,0,0.0,1.0,0.5179192811377769,0.45922662857886365
352,1,4,0,0.25,0.5,0.43956915584356737,0.45922662857886365
356,1,4,0,0.25,0.5,0.4568377722127467,0.45922662857886365
361,1,4,0,0.0,1.0,0.3790967879027523,0.45922662857886365
366,1,4,0,0.0,1.0,0.418568290832993,0.45922662857886365
367,1,4,0,0.25,0.5,0.32113780630189065,0.45922662857886365
389,1,4,0,0.25,0.5,0.5529462757022109,0.45922662857886365
390,1,4,1,0.75,0.5,0.5163382233108131,0.45922662857886365
396,1,4,1,0.75,0.5,0.5599379283986954,0.45922662857886365
402,1,4,1,0.6,0.1999999999999999,0.4397855359050016,0.45922662857886365
415,1,4,0,0.0,1.0,0.7126180356612455,0.45922662857886365
418,1,4,0,0.0,1.0,0.5420510794904747,0.45922662857886365
428,1,4,1,0.6,0.1999999999999999,0.5302277226011656,0.45922662857886365
435,1,4,0,0.4,0.1999999999999999,0.5751785863970057,0.45922662857886365
438,1,4,0,0.1666666666666666,0.6666666666666667,0.4267558510774284,0.45922662857886365
439,1,4,0,0.2,0.6,0.4426996546569108,0.45922662857886365
445,1,4,0,0.0,1.0,0.5227750863797959,0.45922662857886365
451,1,4,0,0.25,0.5,0.3976908215604601,0.45922662857886365
458,1,4,0,0.0,1.0,0.40926204746841377,0.45922662857886365
463,1,4,0,0.25,0.5,0.355253840741764,0.45922662857886365
468,1,4,0,0.25,0.5,0.5193517301232045,0.45922662857886365
475,1,4,0,0.25,0.5,0.4195644751971859,0.45922662857886365
481,1,4,0,0.0,1.0,0.6113336643261708,0.45922662857886365
490,1,4,0,0.25,0.5,0.40537421961012865,0.45922662857886365
492,1,4,0,0.3333333333333333,0.3333333333333333,0.5135441551792415,0.45922662857886365
502,1,4,1,0.75,0.5,0.5160398093364675,0.45922662857886365
504,1,4,1,0.75,0.5,0.5650900922342816,0.45922662857886365
509,1,4,0,0.25,0.5,0.4628326040201908,0.45922662857886365
513,1,4,0,0.0,1.0,0.6086887554539326,0.45922662857886365
522,1,4,0,0.25,0.5,0.49621601480627636,0.45922662857886365
524,1,4,0,0.0,1.0,0.46144304647602186,0.45922662857886365
532,1,4,0,0.0,1.0,0.39301154731717625,0.45922662857886365
534,1,4,1,0.75,0.5,0.5034743187428249,0.45922662857886365
537,1,4,0,0.25,0.5,0.5242906980327686,0.45922662857886365
542,1,4,0,0.25,0.5,0.3977628036974659,0.45922662857886365
545,1,4,0,0.25,0.5,0.4583840875389879,0.45922662857886365
552,1,4,1,0.6666666666666666,0.3333333333333332,0.5057452367033536,0.45922662857886365
556,1,4,0,0.1666666666666666,0.6666666666666667,0.46446264851886376,0.45922662857886365
559,1,4,1,0.6666666666666666,0.3333333333333332,0.4088395765379256,0.45922662857886365
560,1,4,0,0.1666666666666666,0.6666666666666667,0.5170975312231769,0.45922662857886365
567,1,4,0,0.3333333333333333,0.3333333333333333,0.47237520247965714,0.45922662857886365
570,1,4,1,0.6666666666666666,0.3333333333333332,0.5809269405539529,0.45922662857886365
574,1,4,0,0.3333333333333333,0.3333333333333333,0.34381576486960835,0.45922662857886365
590,1,4,0,0.3333333333333333,0.3333333333333333,0.6415771780032034,0.45922662857886365
601,1,4,0,0.0,1.0,0.3537496292182879,0.45922662857886365
602,1,4,0,0.25,0.5,0.5893975290434131,0.45922662857886365
606,1,4,0,0.25,0.5,0.4967772978842608,0.45922662857886365
622,1,4,1,0.75,0.5,0.4736670505841436,0.45922662857886365
631,1,4,0,0.0,1.0,0.5342606175244204,0.45922662857886365
639,1,4,0,0.0,1.0,0.576217078025945,0.45922662857886365
645,1,4,1,0.75,0.5,0.6036802137544615,0.45922662857886365
662,1,4,0,0.0,1.0,0.48215519566158416,0.45922662857886365
672,1,4,0,0.0,1.0,0.5315914784048603,0.45922662857886365
688,1,4,0,0.1666666666666666,0.6666666666666667,0.5014154448333444,0.45922662857886365
691,1,4,0,0.1666666666666666,0.6666666666666667,0.5955346457905097,0.45922662857886365
695,1,4,0,0.3333333333333333,0.3333333333333333,0.5602858297771736,0.45922662857886365
709,1,4,0,0.3333333333333333,0.3333333333333333,0.5100214042082485,0.45922662857886365
724,1,4,0,0.2,0.6,0.36518574994057906,0.45922662857886365
730,1,4,0,0.3333333333333333,0.3333333333333333,0.43031844352350623,0.45922662857886365
733,1,4,0,0.1666666666666666,0.6666666666666667,0.48449405300736664,0.45922662857886365
736,1,4,0,0.0,1.0,0.4045275933925221,0.45922662857886365
737,1,4,0,0.1666666666666666,0.6666666666666667,0.3589230841681088,0.45922662857886365
740,1,4,0,0.1666666666666666,0.6666666666666667,0.5301197773217675,0.45922662857886365
741,1,4,0,0.2,0.6,0.47343204688478707,0.45922662857886365
1,2,0,0,0.3333333333333333,0.3333333333333333,0.4245483293936816,0.49979888733657507
4,2,0,1,0.6,0.1999999999999999,0.5009271212489994,0.49979888733657507
6,2,0,0,0.2,0.6,0.30950017568576027,0.49979888733657507
8,2,0,0,0.0,1.0,0.4254810677733205,0.49979888733657507
10,2,0,0,0.0,1.0,0.34118102911937115,0.49979888733657507
12,2,0,0,0.4,0.1999999999999999,0.37632611279696543,0.49979888733657507
16,2,0,1,0.6,0.1999999999999999,0.46579186163632713,0.49979888733657507
25,2,0,0,0.2,0.6,0.40770812931219125,0.49979888733657507
33,2,0,0,0.4,0.1999999999999999,0.3961051322312007,0.49979888733657507
38,2,0,0,0.0,1.0,0.46459631916987587,0.49979888733657507
44,2,0,0,0.0,1.0,0.4582470207943251,0.49979888733657507
60,2,0,0,0.0,1.0,0.4035068502642489,0.49979888733657507
62,2,0,0,0.25,0.5,0.2828828861031245,0.49979888733657507
70,2,0,0,0.0,1.0,0.38866633777221,0.49979888733657507
73,2,0,0,0.0,1.0,0.32915586460793983,0.49979888733657507
74,2,0,0,0.0,1.0,0.5425698628902638,0.49979888733657507
80,2,0,0,0.0,1.0,0.38549627998891356,0.49979888733657507
81,2,0,0,0.0,1.0,0.3683363497553149,0.49979888733657507
84,2,0,0,0.3333333333333333,0.3333333333333333,0.4492854765805565,0.49979888733657507
91,2,0,0,0.25,0.5,0.48518774758886923,0.49979888733657507
98,2,0,0,0.3333333333333333,0.3333333333333333,0.3401679416003229,0.49979888733657507
99,2,0,0,0.0,1.0,0.3644956372162993,0.49979888733657507
104,2,0,0,0.1111111111111111,0.7777777777777778,0.4039019236271897,0.49979888733657507
108,2,0,0,0.25,0.5,0.49476277494904053,0.49979888733657507
114,2,0,0,0.1111111111111111,0.7777777777777778,0.36272246697041644,0.49979888733657507
118,2,0,0,0.0,1.0,0.35680903143958514,0.49979888733657507
133,2,0,1,0.8888888888888888,0.7777777777777777,0.36389901880055087,0.49979888733657507
134,2,0,0,0.1111111111111111,0.7777777777777778,0.4495267485222151,0.49979888733657507
136,2,0,0,0.3333333333333333,0.3333333333333333,0.4338236524508352,0.49979888733657507
139,2,0,0,0.0,1.0,0.4581051521297061,0.49979888733657507
141,2,0,0,0.0,1.0,0.480137123558838,0.49979888733657507
144,2,0,0,0.0,1.0,0.44542224115218726,0.49979888733657507
147,2,0,0,0.0,1.0,0.45104894707717463,0.49979888733657507
152,2,0,0,0.0,1.0,0.3324793099754986,0.49979888733657507
158,2,0,0,0.0,1.0,0.3655298074460238,0.49979888733657507
162,2,0,0,0.2,0.6,0.4050960016395742,0.49979888733657507
165,2,0,0,0.0,1.0,0.4871322989600727,0.49979888733657507
171,2,0,0,0.25,0.5,0.5418013642609427,0.49979888733657507
182,2,0,0,0.0,1.0,0.4575306240040325,0.49979888733657507
185,2,0,0,0.25,0.5,0.3597583568051335,0.49979888733657507
188,2,0,0,0.0,1.0,0.4475173731397629,0.49979888733657507
191,2,0,0,0.0,1.0,0.3745912511151684,0.49979888733657507
202,2,0,1,0.6,0.1999999999999999,0.4735159579748926,0.49979888733657507
203,2,0,0,0.2,0.6,0.3832236571443216,0.49979888733657507
213,2,0,0,0.4,0.1999999999999999,0.3629262611864409,0.49979888733657507
222,2,0,0,0.2,0.6,0.5568831511822927,0.49979888733657507
244,2,0,1,0.6,0.1999999999999999,0.5263525370650208,0.49979888733657507
248,2,0,0,0.4,0.1999999999999999,0.5018887415586493,0.49979888733657507
250,2,0,0,0.4,0.1999999999999999,0.40553664561831526,0.49979888733657507
253,2,0,0,0.0,1.0,0.36684376760383797,0.49979888733657507
255,2,0,0,0.25,0.5,0.21392176220953701,0.49979888733657507
257,2,0,0,0.25,0.5,0.2784287386598199,0.49979888733657507
261,2,0,0,0.25,0.5,0.46642189735075124,0.49979888733657507
263,2,0,0,0.2,0.6,0.3411056261583708,0.49979888733657507
276,2,0,0,0.2,0.6,0.4518762904929267,0.49979888733657507
288,2,0,1,0.75,0.5,0.22045248521981536,0.49979888733657507
297,2,0,0,0.0,1.0,0.37737845836742134,0.49979888733657507
324,2,0,0,0.2,0.6,0.46501659387101413,0.49979888733657507
326,2,0,0,0.0,1.0,0.4716036851212611,0.49979888733657507
327,2,0,0,0.0,1.0,0.48145480233265536,0.49979888733657507
339,2,0,0,0.0,1.0,0.4165656836790581,0.49979888733657507
341,2,0,1,0.6,0.1999999999999999,0.5178983628664328,0.49979888733657507
345,2,0,0,0.0,1.0,0.4518375187530065,0.49979888733657507
355,2,0,0,0.25,0.5,0.47676855616047165,0.49979888733657507
362,2,0,1,0.75,0.5,0.5675654645164152,0.49979888733657507
363,2,0,0,0.0,1.0,0.5099471740720292,0.49979888733657507
373,2,0,0,0.0,1.0,0.426981054197307,0.49979888733657507
379,2,0,1,0.75,0.5,0.5497087242305395,0.49979888733657507
387,2,0,0,0.0,1.0,0.5218849739953821,0.49979888733657507
393,2,0,0,0.25,0.5,0.42573492348303515,0.49979888733657507
396,2,0,1,0.75,0.5,0.5508748384713557,0.49979888733657507
402,2,0,1,0.6,0.1999999999999999,0.418852316226882,0.49979888733657507
404,2,0,1,0.6,0.1999999999999999,0.6874288066674412,0.49979888733657507
405,2,0,0,0.0,1.0,0.5399731453912218,0.49979888733657507
408,2,0,0,0.4,0.1999999999999999,0.5945389322224301,0.49979888733657507
409,2,0,0,0.4,0.1999999999999999,0.676797524351123,0.49979888733657507
412,2,0,1,1.0,1.0,0.6519154372319559,0.49979888733657507
414,2,0,1,0.6,0.1999999999999999,0.731329273265702,0.49979888733657507
417,2,0,0,0.2,0.6,0.49748521053888073,0.49979888733657507
418,2,0,0,0.0,1.0,0.563335912826697,0.49979888733657507
424,2,0,1,0.6,0.1999999999999999,0.39869108688059,0.49979888733657507
425,2,0,0,0.0,1.0,0.4282878864373215,0.49979888733657507
426,2,0,1,0.8,0.6000000000000001,0.5830015787151478,0.49979888733657507
438,2,0,0,0.1666666666666666,0.6666666666666667,0.4468753349301854,0.49979888733657507
444,2,0,0,0.2,0.6,0.6403023721402201,0.49979888733657507
459,2,0,0,0.25,0.5,0.5748031667882738,0.49979888733657507
470,2,0,0,0.0,1.0,0.5579688620286654,0.49979888733657507
483,2,0,0,0.25,0.5,0.5282218133120493,0.49979888733657507
498,2,0,0,0.0,1.0,0.4354002590947853,0.49979888733657507
503,2,0,0,0.0,1.0,0.5382769490864276,0.49979888733657507
504,2,0,1,0.75,0.5,0.6322118567194581,0.49979888733657507
509,2,0,0,0.25,0.5,0.5334378407963793,0.49979888733657507
515,2,0,0,0.25,0.5,0.6004360412514618,0.49979888733657507
517,2,0,0,0.25,0.5,0.5776494196125652,0.49979888733657507
525,2,0,0,0.2,0.6,0.39107922601367545,0.49979888733657507
533,2,0,0,0.0,1.0,0.3897228197913729,0.49979888733657507
539,2,0,0,0.25,0.5,0.4650949749521561,0.49979888733657507
542,2,0,0,0.25,0.5,0.4522375033573132,0.49979888733657507
549,2,0,0,0.0,1.0,0.4530139527246302,0.49979888733657507
557,2,0,0,0.3333333333333333,0.3333333333333333,0.414497767407606,0.49979888733657507
566,2,0,0,0.1666666666666666,0.6666666666666667,0.40181104039014753,0.49979888733657507
567,2,0,0,0.3333333333333333,0.3333333333333333,0.48012158960777673,0.49979888733657507
574,2,0,0,0.3333333333333333,0.3333333333333333,0.3829319039661586,0.49979888733657507
590,2,0,0,0.3333333333333333,0.3333333333333333,0.6423118363935783,0.49979888733657507
601,2,0,0,0.0,1.0,0.387736925641415,0.49979888733657507
602,2,0,0,0.25,0.5,0.5962413281681486,0.49979888733657507
609,2,0,0,0.25,0.5,0.524246366015095,0.49979888733657507
611,2,0,1,0.75,0.5,0.5708761716224571,0.49979888733657507
615,2,0,1,0.75,0.5,0.6442126716956991,0.49979888733657507
618,2,0,0,0.0,1.0,0.4954474272105127,0.49979888733657507
639,2,0,0,0.0,1.0,0.5764780212653666,0.49979888733657507
640,2,0,1,0.75,0.5,0.6178611332363333,0.49979888733657507
645,2,0,1,0.75,0.5,0.6490166060613206,0.49979888733657507
651,2,0,0,0.3333333333333333,0.3333333333333333,0.4989781834491221,0.49979888733657507
652,2,0,0,0.0,1.0,0.32878959399724106,0.49979888733657507
660,2,0,0,0.1666666666666666,0.6666666666666667,0.5717278507861964,0.49979888733657507
662,2,0,0,0.0,1.0,0.4861307373288777,0.49979888733657507
663,2,0,0,0.3333333333333333,0.3333333333333333,0.5614287761239429,0.49979888733657507
680,2,0,0,0.0,1.0,0.4601002425706648,0.49979888733657507
681,2,0,0,0.1666666666666666,0.6666666666666667,0.6314878611352606,0.49979888733657507
682,2,0,0,0.1666666666666666,0.6666666666666667,0.5935878368857415,0.49979888733657507
684,2,0,0,0.0,1.0,0.6356601096432413,0.49979888733657507
689,2,0,0,0.0,1.0,0.4595201104297185,0.49979888733657507
716,2,0,1,0.6666666666666666,0.3333333333333332,0.46841403645642316,0.49979888733657507
721,2,0,0,0.3333333333333333,0.3333333333333333,0.4558759697147451,0.49979888733657507
723,2,0,0,0.1666666666666666,0.6666666666666667,0.4180640932312255,0.49979888733657507
737,2,0,0,0.1666666666666666,0.6666666666666667,0.32773868293466973,0.49979888733657507
7,2,1,1,0.6,0.1999999999999999,0.36258197399169123,0.49352806142633954
11,2,1,1,0.6,0.1999999999999999,0.2904883595635857,0.49352806142633954
13,2,1,0,0.2,0.6,0.357540434466699,0.49352806142633954
14,2,1,0,0.2,0.6,0.33507645854588175,0.49352806142633954
20,2,1,0,0.25,0.5,0.27032749961058194,0.49352806142633954
29,2,1,0,0.2,0.6,0.3830422127649448,0.49352806142633954
34,2,1,0,0.1666666666666666,0.6666666666666667,0.4281854436520668,0.49352806142633954
46,2,1,0,0.4,0.1999999999999999,0.499230110915049,0.49352806142633954
67,2,1,0,0.0,1.0,0.2564906213322782,0.49352806142633954
82,2,1,0,0.25,0.5,0.305926270576674,0.49352806142633954
83,2,1,0,0.25,0.5,0.5233044106737432,0.49352806142633954
85,2,1,0,0.25,0.5,0.5081159882494868,0.49352806142633954
93,2,1,0,0.0,1.0,0.3921849195559688,0.49352806142633954
103,2,1,0,0.1111111111111111,0.7777777777777778,0.2872699906158592,0.49352806142633954
116,2,1,0,0.0,1.0,0.3556431643912463,0.49352806142633954
122,2,1,0,0.0,1.0,0.42647377433994066,0.49352806142633954
123,2,1,0,0.0,1.0,0.47135956055608447,0.49352806142633954
124,2,1,0,0.0,1.0,0.43689950884612283,0.49352806142633954
127,2,1,1,0.6666666666666666,0.3333333333333332,0.4430742351531305,0.49352806142633954
128,2,1,0,0.1111111111111111,0.7777777777777778,0.2070200607602769,0.49352806142633954
131,2,1,0,0.0,1.0,0.4029856375124674,0.49352806142633954
132,2,1,0,0.2222222222222222,0.5555555555555556,0.33599486477487495,0.49352806142633954
149,2,1,0,0.3333333333333333,0.3333333333333333,0.3244501803252215,0.49352806142633954
153,2,1,0,0.0,1.0,0.22924092569470728,0.49352806142633954
157,2,1,0,0.25,0.5,0.35236308518419324,0.49352806142633954
159,2,1,0,0.0,1.0,0.3442878486288151,0.49352806142633954
176,2,1,0,0.0,1.0,0.43429324808356146,0.49352806142633954
177,2,1,0,0.0,1.0,0.5137563307595461,0.49352806142633954
184,2,1,0,0.0,1.0,0.40079118792670604,0.49352806142633954
190,2,1,0,0.25,0.5,0.49144003555149884,0.49352806142633954
198,2,1,0,0.0,1.0,0.36298640981893615,0.49352806142633954
199,2,1,0,0.25,0.5,0.3192741511344589,0.49352806142633954
207,2,1,0,0.2,0.6,0.3366292168798719,0.49352806142633954
208,2,1,0,0.0,1.0,0.28023299358480913,0.49352806142633954
212,2,1,0,0.2,0.6,0.31934734076318416,0.49352806142633954
216,2,1,0,0.0,1.0,0.39754922817299304,0.49352806142633954
221,2,1,1,0.8,0.6000000000000001,0.36790176451591083,0.49352806142633954
224,2,1,0,0.4,0.1999999999999999,0.36825693667296044,0.49352806142633954
229,2,1,0,0.0,1.0,0.4333497122125547,0.49352806142633954
235,2,1,0,0.0,1.0,0.5063979531173033,0.49352806142633954
240,2,1,0,0.2,0.6,0.3168275305575735,0.49352806142633954
245,2,1,0,0.0,1.0,0.34353218821328013,0.49352806142633954
247,2,1,0,0.2,0.6,0.5075742643627228,0.49352806142633954
249,2,1,1,0.6,0.1999999999999999,0.404191976831249,0.49352806142633954
258,2,1,0,0.0,1.0,0.23522178010206646,0.49352806142633954
260,2,1,0,0.25,0.5,0.306330436140057,0.49352806142633954
278,2,1,0,0.25,0.5,0.4499386188841078,0.49352806142633954
279,2,1,0,0.2,0.6,0.3532762012296027,0.49352806142633954
285,2,1,0,0.4,0.1999999999999999,0.44703795800113943,0.49352806142633954
287,2,1,0,0.25,0.5,0.3659493918194847,0.49352806142633954
291,2,1,0,0.0,1.0,0.3921684228865385,0.49352806142633954
292,2,1,0,0.25,0.5,0.5697617205221835,0.49352806142633954
295,2,1,0,0.0,1.0,0.3469316033862518,0.49352806142633954
300,2,1,0,0.0,1.0,0.5113396464131759,0.49352806142633954
307,2,1,0,0.4,0.1999999999999999,0.40127582733230294,0.49352806142633954
315,2,1,1,0.8,0.6000000000000001,0.43281796250631555,0.49352806142633954
317,2,1,0,0.4,0.1999999999999999,0.28868625602693737,0.49352806142633954
318,2,1,0,0.4,0.1999999999999999,0.5321798630962173,0.49352806142633954
321,2,1,1,0.6,0.1999999999999999,0.649583373858929,0.49352806142633954
343,2,1,1,0.8,0.6000000000000001,0.4409767936995759,0.49352806142633954
349,2,1,0,0.0,1.0,0.4167666172467377,0.49352806142633954
351,2,1,0,0.0,1.0,0.5010289868203956,0.49352806142633954
358,2,1,0,0.25,0.5,0.6725260279612505,0.49352806142633954
365,2,1,0,0.25,0.5,0.39535167091289947,0.49352806142633954
383,2,1,0,0.0,1.0,0.42183574856101225,0.49352806142633954
386,2,1,0,0.25,0.5,0.5595557837460555,0.49352806142633954
413,2,1,0,0.0,1.0,0.6189440172023449,0.49352806142633954
420,2,1,0,0.0,1.0,0.44492566042636605,0.49352806142633954
427,2,1,1,0.6,0.1999999999999999,0.6385931683674115,0.49352806142633954
433,2,1,0,0.0,1.0,0.4315403070903461,0.49352806142633954
443,2,1,0,0.0,1.0,0.5183428739687901,0.49352806142633954
447,2,1,0,0.0,1.0,0.23867451079611562,0.49352806142633954
453,2,1,0,0.25,0.5,0.34807290651504574,0.49352806142633954
454,2,1,0,0.0,1.0,0.3476613185742314,0.49352806142633954
460,2,1,0,0.0,1.0,0.3930948007869602,0.49352806142633954
463,2,1,0,0.25,0.5,0.3136876206795663,0.49352806142633954
464,2,1,0,0.0,1.0,0.43363818360295037,0.49352806142633954
469,2,1,1,0.75,0.5,0.3758677887457824,0.49352806142633954
471,2,1,0,0.0,1.0,0.6109976934640483,0.49352806142633954
474,2,1,0,0.0,1.0,0.3183254836607514,0.49352806142633954
475,2,1,0,0.25,0.5,0.3475630591802954,0.49352806142633954
477,2,1,0,0.0,1.0,0.4421661175443125,0.49352806142633954
492,2,1,0,0.3333333333333333,0.3333333333333333,0.5671555393516523,0.49352806142633954
494,2,1,1,0.8,0.6000000000000001,0.44709965513480754,0.49352806142633954
496,2,1,1,0.75,0.5,0.5885364733169238,0.49352806142633954
499,2,1,0,0.0,1.0,0.4408859009352162,0.49352806142633954
502,2,1,1,0.75,0.5,0.5982036069467764,0.49352806142633954
516,2,1,0,0.0,1.0,0.5606459434353168,0.49352806142633954
521,2,1,1,0.75,0.5,0.40919463305836623,0.49352806142633954
522,2,1,0,0.25,0.5,0.42540138587591037,0.49352806142633954
528,2,1,0,0.0,1.0,0.40521413313849114,0.49352806142633954
534,2,1,1,0.75,0.5,0.5643406174051345,0.49352806142633954
540,2,1,0,0.25,0.5,0.5571598988385652,0.49352806142633954
545,2,1,0,0.25,0.5,0.4921043354147994,0.49352806142633954
556,2,1,0,0.1666666666666666,0.6666666666666667,0.28378958998279175,0.49352806142633954
562,2,1,0,0.3333333333333333,0.3333333333333333,0.5435178823643393,0.49352806142633954
565,2,1,0,0.3333333333333333,0.3333333333333333,0.3647751940580819,0.49352806142633954
587,2,1,1,0.8333333333333334,0.6666666666666667,0.6795651660297086,0.49352806142633954
599,2,1,0,0.0,1.0,0.6006029772827688,0.49352806142633954
606,2,1,0,0.25,0.5,0.5515107549360636,0.49352806142633954
607,2,1,0,0.0,1.0,0.5677933818108079,0.49352806142633954
612,2,1,0,0.0,1.0,0.36583232701598356,0.49352806142633954
619,2,1,0,0.25,0.5,0.6183214958276975,0.49352806142633954
620,2,1,1,0.75,0.5,0.6018559274981033,0.49352806142633954
622,2,1,1,0.75,0.5,0.509165486551344,0.49352806142633954
627,2,1,1,0.75,0.5,0.6057548813039635,0.49352806142633954
638,2,1,0,0.25,0.5,0.5485283265775382,0.49352806142633954
655,2,1,1,0.6666666666666666,0.3333333333333332,0.3841139425218365,0.49352806142633954
656,2,1,1,0.6666666666666666,0.3333333333333332,0.5273787769305296,0.49352806142633954
667,2,1,0,0.3333333333333333,0.3333333333333333,0.6239558434338779,0.49352806142633954
672,2,1,0,0.0,1.0,0.4592118295286115,0.49352806142633954
675,2,1,0,0.3333333333333333,0.3333333333333333,0.3876186297492634,0.49352806142633954
676,2,1,0,0.1666666666666666,0.6666666666666667,0.4913353489739805,0.49352806142633954
679,2,1,0,0.4,0.1999999999999999,0.4548311554144158,0.49352806142633954
687,2,1,0,0.3333333333333333,0.3333333333333333,0.5919172128351038,0.49352806142633954
690,2,1,0,0.0,1.0,0.38371886783527676,0.49352806142633954
691,2,1,0,0.1666666666666666,0.6666666666666667,0.5756386546153383,0.49352806142633954
708,2,1,0,0.0,1.0,0.3555792784664329,0.49352806142633954
712,2,1,0,0.1666666666666666,0.6666666666666667,0.5922838236491539,0.49352806142633954
713,2,1,1,0.6,0.1999999999999999,0.3779759621780522,0.49352806142633954
724,2,1,0,0.2,0.6,0.2556016283535182,0.49352806142633954
726,2,1,0,0.0,1.0,0.3866112670926376,0.49352806142633954
728,2,1,0,0.2,0.6,0.4232103002124204,0.49352806142633954
733,2,1,0,0.1666666666666666,0.6666666666666667,0.46814052593114686,0.49352806142633954
735,2,1,0,0.0,1.0,0.4173628864840514,0.49352806142633954
736,2,1,0,0.0,1.0,0.4175283698715881,0.49352806142633954
739,2,1,0,0.3333333333333333,0.3333333333333333,0.5823412353287105,0.49352806142633954
15,2,2,0,0.4,0.1999999999999999,0.3541059141921177,0.4797197144197124
21,2,2,0,0.2,0.6,0.42527366817594064,0.4797197144197124
24,2,2,0,0.0,1.0,0.35775702645046115,0.4797197144197124
27,2,2,0,0.2,0.6,0.38305091835772953,0.4797197144197124
28,2,2,0,0.2,0.6,0.38902445256689433,0.4797197144197124
30,2,2,0,0.2,0.6,0.40155196387249736,0.4797197144197124
31,2,2,0,0.1666666666666666,0.6666666666666667,0.37741702020740264,0.4797197144197124
37,2,2,0,0.2,0.6,0.3946926631018277,0.4797197144197124
47,2,2,0,0.25,0.5,0.4624827560975209,0.4797197144197124
48,2,2,1,0.6,0.1999999999999999,0.4374823425607064,0.4797197144197124
50,2,2,1,0.8,0.6000000000000001,0.4611564794201688,0.4797197144197124
58,2,2,0,0.25,0.5,0.4875355860750433,0.4797197144197124
59,2,2,0,0.25,0.5,0.41725428318115576,0.4797197144197124
61,2,2,0,0.2,0.6,0.21684902862879263,0.4797197144197124
64,2,2,0,0.3333333333333333,0.3333333333333333,0.4008990269170747,0.4797197144197124
71,2,2,0,0.0,1.0,0.41570796589234027,0.4797197144197124
76,2,2,0,0.25,0.5,0.38571941347406724,0.4797197144197124
87,2,2,0,0.0,1.0,0.41922871365127645,0.4797197144197124
94,2,2,0,0.25,0.5,0.4148326265075924,0.4797197144197124
95,2,2,0,0.25,0.5,0.3223344376452806,0.4797197144197124
97,2,2,0,0.25,0.5,0.42089809919869786,0.4797197144197124
101,2,2,0,0.3333333333333333,0.3333333333333333,0.27641631645488235,0.4797197144197124
105,2,2,0,0.0,1.0,0.42889646337592635,0.4797197144197124
110,2,2,0,0.0,1.0,0.45082828633740746,0.4797197144197124
111,2,2,0,0.1111111111111111,0.7777777777777778,0.33684601761780486,0.4797197144197124
113,2,2,0,0.1111111111111111,0.7777777777777778,0.4000126427097349,0.4797197144197124
120,2,2,0,0.0,1.0,0.4273569299416248,0.4797197144197124
129,2,2,0,0.2,0.6,0.47038078255623894,0.4797197144197124
138,2,2,1,0.5555555555555556,0.1111111111111111,0.4685519607557687,0.4797197144197124
142,2,2,0,0.0,1.0,0.4240407804644729,0.4797197144197124
150,2,2,0,0.0,1.0,0.3093905953902483,0.4797197144197124
151,2,2,0,0.0,1.0,0.41978413394689545,0.4797197144197124
156,2,2,0,0.25,0.5,0.31868257315413406,0.4797197144197124
163,2,2,0,0.25,0.5,0.41301861508581916,0.4797197144197124
167,2,2,0,0.0,1.0,0.4650389550813315,0.4797197144197124
168,2,2,0,0.25,0.5,0.42926500697802544,0.4797197144197124
173,2,2,0,0.25,0.5,0.3889123344214337,0.4797197144197124
179,2,2,0,0.25,0.5,0.5313658634636923,0.4797197144197124
187,2,2,0,0.0,1.0,0.41145188177619985,0.4797197144197124
201,2,2,0,0.25,0.5,0.43778447320292896,0.4797197144197124
205,2,2,0,0.2,0.6,0.3805105286682658,0.4797197144197124
214,2,2,0,0.2,0.6,0.2862597238239188,0.4797197144197124
220,2,2,0,0.4,0.1999999999999999,0.41756057404157987,0.4797197144197124
223,2,2,0,0.2,0.6,0.365950491445784,0.4797197144197124
237,2,2,0,0.4,0.1999999999999999,0.42129371438760177,0.4797197144197124
238,2,2,0,0.25,0.5,0.3721518938281347,0.4797197144197124
241,2,2,1,0.6,0.1999999999999999,0.39949894716942796,0.4797197144197124
252,2,2,0,0.0,1.0,0.3987370218309991,0.4797197144197124
259,2,2,0,0.0,1.0,0.30672405963352634,0.4797197144197124
264,2,2,0,0.25,0.5,0.38333974903852486,0.4797197144197124
270,2,2,0,0.0,1.0,0.5034861843245958,0.4797197144197124
271,2,2,0,0.0,1.0,0.46332113110133666,0.4797197144197124
280,2,2,0,0.25,0.5,0.4923660222845827,0.4797197144197124
281,2,2,0,0.0,1.0,0.40840452524907905,0.4797197144197124
283,2,2,0,0.25,0.5,0.40255395054668563,0.4797197144197124
286,2,2,0,0.2,0.6,0.3513785791441365,0.4797197144197124
290,2,2,0,0.0,1.0,0.3853734196586548,0.4797197144197124
296,2,2,0,0.0,1.0,0.30608489098797087,0.4797197144197124
298,2,2,0,0.25,0.5,0.47224368435418707,0.4797197144197124
299,2,2,1,0.8,0.6000000000000001,0.33855453568904337,0.4797197144197124
303,2,2,0,0.0,1.0,0.4143610604056468,0.4797197144197124
306,2,2,0,0.0,1.0,0.46898723511737844,0.4797197144197124
309,2,2,1,0.8,0.6000000000000001,0.5279334553216746,0.4797197144197124
310,2,2,0,0.2,0.6,0.5036334941271768,0.4797197144197124
312,2,2,0,0.0,1.0,0.4294686183864601,0.4797197144197124
322,2,2,1,0.6,0.1999999999999999,0.5886326470243162,0.4797197144197124
323,2,2,0,0.0,1.0,0.3506239900328488,0.4797197144197124
330,2,2,0,0.4,0.1999999999999999,0.4061058983362382,0.4797197144197124
333,2,2,0,0.0,1.0,0.421726745575343,0.4797197144197124
338,2,2,0,0.4,0.1999999999999999,0.4107932235940958,0.4797197144197124
340,2,2,1,0.6,0.1999999999999999,0.41772315917173564,0.4797197144197124
342,2,2,0,0.2,0.6,0.37254973220983445,0.4797197144197124
354,2,2,0,0.25,0.5,0.4197193997168619,0.4797197144197124
361,2,2,0,0.0,1.0,0.41112034351767557,0.4797197144197124
367,2,2,0,0.25,0.5,0.3702659891791969,0.4797197144197124
389,2,2,0,0.25,0.5,0.5307001806398879,0.4797197144197124
390,2,2,1,0.75,0.5,0.5032196759705185,0.4797197144197124
397,2,2,1,0.75,0.5,0.590101079779527,0.4797197144197124
401,2,2,0,0.2,0.6,0.5596144727751262,0.4797197144197124
406,2,2,1,0.6,0.1999999999999999,0.4872374573055537,0.4797197144197124
411,2,2,0,0.2,0.6,0.5588721923712816,0.4797197144197124
419,2,2,0,0.4,0.1999999999999999,0.5681267827234409,0.4797197144197124
421,2,2,0,0.2,0.6,0.4887202781456772,0.4797197144197124
422,2,2,1,0.6,0.1999999999999999,0.5119950428312605,0.4797197144197124
429,2,2,0,0.0,1.0,0.521953956471382,0.4797197144197124
434,2,2,0,0.0,1.0,0.5765120639433079,0.4797197144197124
442,2,2,1,0.8,0.6000000000000001,0.5855606850400603,0.4797197144197124
446,2,2,0,0.2,0.6,0.5888063928495344,0.4797197144197124
451,2,2,0,0.25,0.5,0.38685349190498197,0.4797197144197124
458,2,2,0,0.0,1.0,0.4504257947720371,0.4797197144197124
467,2,2,1,1.0,1.0,0.5553299256220741,0.4797197144197124
481,2,2,0,0.0,1.0,0.6415791675979622,0.4797197144197124
493,2,2,0,0.0,1.0,0.4814140764459914,0.4797197144197124
500,2,2,0,0.25,0.5,0.5868354702719825,0.4797197144197124
518,2,2,0,0.25,0.5,0.5593960145677597,0.4797197144197124
524,2,2,0,0.0,1.0,0.46211359285100173,0.4797197144197124
526,2,2,0,0.0,1.0,0.5807915451260781,0.4797197144197124
552,2,2,1,0.6666666666666666,0.3333333333333332,0.5195273417382446,0.4797197144197124
553,2,2,0,0.0,1.0,0.4745972575939236,0.4797197144197124
555,2,2,0,0.3333333333333333,0.3333333333333333,0.5282922924988136,0.4797197144197124
579,2,2,0,0.3333333333333333,0.3333333333333333,0.47001442619631506,0.4797197144197124
586,2,2,1,0.6666666666666666,0.3333333333333332,0.5811597921612514,0.4797197144197124
588,2,2,0,0.1666666666666666,0.6666666666666667,0.7190874509811123,0.4797197144197124
595,2,2,1,0.8333333333333334,0.6666666666666667,0.5385324843289443,0.4797197144197124
598,2,2,0,0.3333333333333333,0.3333333333333333,0.559953236941226,0.4797197144197124
600,2,2,0,0.1666666666666666,0.6666666666666667,0.6471502858563496,0.4797197144197124
610,2,2,0,0.25,0.5,0.5116005858794532,0.4797197144197124
614,2,2,1,0.75,0.5,0.5243644491980299,0.4797197144197124
631,2,2,0,0.0,1.0,0.5405422883611474,0.4797197144197124
636,2,2,0,0.0,1.0,0.5080262492073182,0.4797197144197124
641,2,2,0,0.0,1.0,0.5217471950440273,0.4797197144197124
644,2,2,0,0.25,0.5,0.3912246914430896,0.4797197144197124
646,2,2,0,0.0,1.0,0.4052771362775709,0.4797197144197124
654,2,2,0,0.1666666666666666,0.6666666666666667,0.456208693949495,0.4797197144197124
661,2,2,1,0.8333333333333334,0.6666666666666667,0.6462987837193139,0.4797197144197124
683,2,2,1,0.8333333333333334,0.6666666666666667,0.6634991920542608,0.4797197144197124
685,2,2,0,0.0,1.0,0.528706800568124,0.4797197144197124
692,2,2,0,0.0,1.0,0.4937898225627058,0.4797197144197124
694,2,2,0,0.3333333333333333,0.3333333333333333,0.461735245215913,0.4797197144197124
699,2,2,0,0.1666666666666666,0.6666666666666667,0.5121519235714679,0.4797197144197124
701,2,2,0,0.1666666666666666,0.6666666666666667,0.6241862737486413,0.4797197144197124
702,2,2,0,0.1666666666666666,0.6666666666666667,0.7046397045642805,0.4797197144197124
703,2,2,0,0.0,1.0,0.493090889651278,0.4797197144197124
706,2,2,1,0.6666666666666666,0.3333333333333332,0.547078767443097,0.4797197144197124
710,2,2,0,0.0,1.0,0.4740727636315758,0.4797197144197124
732,2,2,0,0.0,1.0,0.3606034732204767,0.4797197144197124
738,2,2,0,0.3333333333333333,0.3333333333333333,0.53217352981255,0.4797197144197124
2,2,3,0,0.4,0.1999999999999999,0.23055389214039948,0.4778042247232275
9,2,3,0,0.0,1.0,0.25127176462441436,0.4778042247232275
26,2,3,1,0.8,0.6000000000000001,0.5144263614317904,0.4778042247232275
32,2,3,0,0.2,0.6,0.27474976775578114,0.4778042247232275
39,2,3,0,0.0,1.0,0.32383711922364494,0.4778042247232275
40,2,3,0,0.2,0.6,0.3261415705553299,0.4778042247232275
42,2,3,0,0.0,1.0,0.3837627044175388,0.4778042247232275
45,2,3,0,0.0,1.0,0.46142782707866015,0.4778042247232275
52,2,3,0,0.25,0.5,0.35421749666581076,0.4778042247232275
53,2,3,0,0.1666666666666666,0.6666666666666667,0.34114581708771435,0.4778042247232275
55,2,3,0,0.0,1.0,0.3294553105035883,0.4778042247232275
56,2,3,0,0.25,0.5,0.4793708235922359,0.4778042247232275
57,2,3,1,1.0,1.0,0.2663194845656832,0.4778042247232275
63,2,3,0,0.0,1.0,0.383696588504234,0.4778042247232275
69,2,3,0,0.0,1.0,0.3177884893198434,0.4778042247232275
75,2,3,0,0.0,1.0,0.4300174522382896,0.4778042247232275
77,2,3,0,0.25,0.5,0.3510064452129669,0.4778042247232275
78,2,3,0,0.0,1.0,0.29942285247629047,0.4778042247232275
79,2,3,0,0.25,0.5,0.3044004554081605,0.4778042247232275
92,2,3,0,0.0,1.0,0.3523848428768136,0.4778042247232275
96,2,3,0,0.0,1.0,0.4135788752127087,0.4778042247232275
100,2,3,0,0.25,0.5,0.5057849108766284,0.4778042247232275
106,2,3,1,1.0,1.0,0.6022519559464261,0.4778042247232275
109,2,3,0,0.1111111111111111,0.7777777777777778,0.5054209505172951,0.4778042247232275
119,2,3,0,0.1111111111111111,0.7777777777777778,0.3027323333678512,0.4778042247232275
121,2,3,0,0.1111111111111111,0.7777777777777778,0.426905448119715,0.4778042247232275
130,2,3,0,0.1111111111111111,0.7777777777777778,0.27998728242727267,0.4778042247232275
137,2,3,1,0.6666666666666666,0.3333333333333332,0.2194471934634033,0.4778042247232275
143,2,3,1,0.5555555555555556,0.1111111111111111,0.3637150799556063,0.4778042247232275
146,2,3,1,0.8888888888888888,0.7777777777777777,0.5333704502557313,0.4778042247232275
148,2,3,0,0.1111111111111111,0.7777777777777778,0.27668132393605943,0.4778042247232275
160,2,3,0,0.1666666666666666,0.6666666666666667,0.27698441293280845,0.4778042247232275
164,2,3,0,0.0,1.0,0.30704146269826993,0.4778042247232275
166,2,3,0,0.25,0.5,0.2957967922793455,0.4778042247232275
172,2,3,0,0.0,1.0,0.2971160192140835,0.4778042247232275
180,2,3,0,0.0,1.0,0.46387884891074677,0.4778042247232275
183,2,3,0,0.0,1.0,0.48736015558393814,0.4778042247232275
194,2,3,0,0.0,1.0,0.2581094818981843,0.4778042247232275
195,2,3,0,0.0,1.0,0.38311466538201555,0.4778042247232275
210,2,3,0,0.4,0.1999999999999999,0.45641700217887227,0.4778042247232275
215,2,3,0,0.2,0.6,0.4224603912712208,0.4778042247232275
225,2,3,0,0.2,0.6,0.5109731398403868,0.4778042247232275
226,2,3,0,0.0,1.0,0.4884517613905356,0.4778042247232275
230,2,3,0,0.2,0.6,0.5362130873467551,0.4778042247232275
232,2,3,0,0.25,0.5,0.3793020937839609,0.4778042247232275
246,2,3,0,0.4,0.1999999999999999,0.5180131323614945,0.4778042247232275
251,2,3,0,0.25,0.5,0.4491502345420041,0.4778042247232275
267,2,3,0,0.0,1.0,0.3563906008348241,0.4778042247232275
282,2,3,0,0.25,0.5,0.3987067450587834,0.4778042247232275
302,2,3,0,0.0,1.0,0.47740245564389255,0.4778042247232275
308,2,3,0,0.4,0.1999999999999999,0.506359867898705,0.4778042247232275
311,2,3,0,0.4,0.1999999999999999,0.5080995234690904,0.4778042247232275
314,2,3,0,0.0,1.0,0.46413091725836186,0.4778042247232275
316,2,3,0,0.4,0.1999999999999999,0.4385075847552451,0.4778042247232275
325,2,3,0,0.0,1.0,0.3943579765859839,0.4778042247232275
329,2,3,0,0.0,1.0,0.3859465025767723,0.4778042247232275
336,2,3,0,0.4,0.1999999999999999,0.43983482260221096,0.4778042247232275
337,2,3,0,0.0,1.0,0.4309333118871921,0.4778042247232275
344,2,3,0,0.2,0.6,0.39434049110396063,0.4778042247232275
352,2,3,0,0.25,0.5,0.42001677647962415,0.4778042247232275
353,2,3,0,0.0,1.0,0.5697209483396223,0.4778042247232275
356,2,3,0,0.25,0.5,0.4641773483525967,0.4778042247232275
359,2,3,0,0.25,0.5,0.26800119752561113,0.4778042247232275
372,2,3,0,0.25,0.5,0.5072973897277187,0.4778042247232275
377,2,3,0,0.25,0.5,0.4927102378018303,0.4778042247232275
380,2,3,1,0.75,0.5,0.7421822956041555,0.4778042247232275
384,2,3,0,0.25,0.5,0.33764400601017475,0.4778042247232275
398,2,3,0,0.25,0.5,0.5348444293663152,0.4778042247232275
415,2,3,0,0.0,1.0,0.6606570385450683,0.4778042247232275
416,2,3,0,0.0,1.0,0.5094339053142716,0.4778042247232275
428,2,3,1,0.6,0.1999999999999999,0.4744077516374251,0.4778042247232275
435,2,3,0,0.4,0.1999999999999999,0.5933730146302028,0.4778042247232275
436,2,3,0,0.4,0.1999999999999999,0.5727653390865131,0.4778042247232275
439,2,3,0,0.2,0.6,0.5166158346657911,0.4778042247232275
440,2,3,0,0.0,1.0,0.6634126041346364,0.4778042247232275
450,2,3,0,0.2,0.6,0.2467316328925091,0.4778042247232275
455,2,3,0,0.0,1.0,0.46651486644742823,0.4778042247232275
468,2,3,0,0.25,0.5,0.5550653171363804,0.4778042247232275
472,2,3,0,0.25,0.5,0.3325611318253259,0.4778042247232275
476,2,3,0,0.0,1.0,0.4898362491514664,0.4778042247232275
478,2,3,0,0.0,1.0,0.4032007253349499,0.4778042247232275
479,2,3,0,0.0,1.0,0.600258607830483,0.4778042247232275
482,2,3,0,0.0,1.0,0.3629314393473664,0.4778042247232275
487,2,3,0,0.2,0.6,0.4080464729992184,0.4778042247232275
490,2,3,0,0.25,0.5,0.4679211380768136,0.4778042247232275
495,2,3,0,0.0,1.0,0.5280515363442726,0.4778042247232275
497,2,3,0,0.0,1.0,0.3473629800636023,0.4778042247232275
501,2,3,0,0.25,0.5,0.5283348794603379,0.4778042247232275
508,2,3,1,0.75,0.5,0.5704312729908767,0.4778042247232275
514,2,3,1,0.75,0.5,0.6555986420133558,0.4778042247232275
531,2,3,1,0.75,0.5,0.46073592937376023,0.4778042247232275
537,2,3,0,0.25,0.5,0.5790349836947493,0.4778042247232275
559,2,3,1,0.6666666666666666,0.3333333333333332,0.4058480971357711,0.4778042247232275
563,2,3,0,0.0,1.0,0.4835554750920079,0.4778042247232275
570,2,3,1,0.6666666666666666,0.3333333333333332,0.6391561993326149,0.4778042247232275
577,2,3,0,0.1666666666666666,0.6666666666666667,0.6169731085041175,0.4778042247232275
581,2,3,0,0.3333333333333333,0.3333333333333333,0.4611665337748986,0.4778042247232275
584,2,3,1,0.6666666666666666,0.3333333333333332,0.70331528268695,0.4778042247232275
589,2,3,0,0.3333333333333333,0.3333333333333333,0.6050385082505587,0.4778042247232275
592,2,3,1,0.6,0.1999999999999999,0.7912537419959356,0.4778042247232275
594,2,3,0,0.0,1.0,0.4723363964019299,0.4778042247232275
597,2,3,0,0.0,1.0,0.3747032439025739,0.4778042247232275
604,2,3,1,0.75,0.5,0.531278643830996,0.4778042247232275
608,2,3,0,0.0,1.0,0.6307388514676493,0.4778042247232275
624,2,3,0,0.25,0.5,0.5604238241948052,0.4778042247232275
634,2,3,0,0.25,0.5,0.6080868958659664,0.4778042247232275
642,2,3,1,0.75,0.5,0.469597997236512,0.4778042247232275
650,2,3,0,0.0,1.0,0.2931330420297359,0.4778042247232275
659,2,3,1,0.6666666666666666,0.3333333333333332,0.5301216843195209,0.4778042247232275
668,2,3,0,0.1666666666666666,0.6666666666666667,0.6902658624985479,0.4778042247232275
669,2,3,0,0.3333333333333333,0.3333333333333333,0.5304945449789016,0.4778042247232275
671,2,3,0,0.3333333333333333,0.3333333333333333,0.472234698210124,0.4778042247232275
674,2,3,0,0.3333333333333333,0.3333333333333333,0.37841118980431354,0.4778042247232275
677,2,3,1,0.6666666666666666,0.3333333333333332,0.5079069587215372,0.4778042247232275
686,2,3,0,0.0,1.0,0.6083572663709802,0.4778042247232275
688,2,3,0,0.1666666666666666,0.6666666666666667,0.5229594457099637,0.4778042247232275
695,2,3,0,0.3333333333333333,0.3333333333333333,0.5523453542472381,0.4778042247232275
704,2,3,0,0.3333333333333333,0.3333333333333333,0.3708795423380551,0.4778042247232275
711,2,3,1,0.6,0.1999999999999999,0.5349008287181463,0.4778042247232275
719,2,3,0,0.1666666666666666,0.6666666666666667,0.5054335437843327,0.4778042247232275
722,2,3,0,0.2,0.6,0.33532871334937936,0.4778042247232275
725,2,3,0,0.0,1.0,0.4331049742728377,0.4778042247232275
727,2,3,0,0.4,0.1999999999999999,0.5634564010243412,0.4778042247232275
729,2,3,0,0.4,0.1999999999999999,0.5855317241119476,0.4778042247232275
730,2,3,0,0.3333333333333333,0.3333333333333333,0.46845655859184804,0.4778042247232275
734,2,3,0,0.0,1.0,0.41349192919056854,0.4778042247232275
740,2,3,0,0.1666666666666666,0.6666666666666667,0.5714594676394248,0.4778042247232275
3,2,4,0,0.0,1.0,0.3722136141204695,0.4666475093975353
5,2,4,0,0.2,0.6,0.558646431435809,0.4666475093975353
17,2,4,0,0.4,0.1999999999999999,0.6037218776756219,0.4666475093975353
18,2,4,1,0.6,0.1999999999999999,0.61234951030053,0.4666475093975353
22,2,4,0,0.2,0.6,0.39011585640750746,0.4666475093975353
36,2,4,0,0.2,0.6,0.3003448876267937,0.4666475093975353
41,2,4,0,0.2,0.6,0.33362594292451975,0.4666475093975353
43,2,4,0,0.2,0.6,0.35618889587632996,0.4666475093975353
49,2,4,0,0.3333333333333333,0.3333333333333333,0.42730978360673827,0.4666475093975353
51,2,4,0,0.25,0.5,0.37426022738745923,0.4666475093975353
54,2,4,0,0.25,0.5,0.33152944808174467,0.4666475093975353
65,2,4,0,0.25,0.5,0.30654553032005877,0.4666475093975353
66,2,4,0,0.0,1.0,0.3935662141284891,0.4666475093975353
68,2,4,0,0.0,1.0,0.363328004475275,0.4666475093975353
72,2,4,0,0.25,0.5,0.28868161825314076,0.4666475093975353
86,2,4,0,0.0,1.0,0.34058737320126775,0.4666475093975353
89,2,4,0,0.25,0.5,0.43398786190707445,0.4666475093975353
102,2,4,0,0.0,1.0,0.352468254633294,0.4666475093975353
107,2,4,0,0.1111111111111111,0.7777777777777778,0.5028940279729,0.4666475093975353
112,2,4,0,0.125,0.75,0.3856548269213032,0.4666475093975353
115,2,4,0,0.0,1.0,0.3388823728571584,0.4666475093975353
117,2,4,0,0.25,0.5,0.3439262724761669,0.4666475093975353
125,2,4,0,0.125,0.75,0.38565663657496124,0.4666475093975353
126,2,4,0,0.2222222222222222,0.5555555555555556,0.45541950310964807,0.4666475093975353
135,2,4,0,0.1666666666666666,0.6666666666666667,0.43066498794486957,0.4666475093975353
140,2,4,0,0.2222222222222222,0.5555555555555556,0.5065287674171068,0.4666475093975353
145,2,4,0,0.4444444444444444,0.1111111111111111,0.44799600439779336,0.4666475093975353
154,2,4,0,0.25,0.5,0.2710321729910886,0.4666475093975353
155,2,4,0,0.25,0.5,0.4818788399187708,0.4666475093975353
161,2,4,0,0.0,1.0,0.4072515901872993,0.4666475093975353
169,2,4,0,0.0,1.0,0.34562606535151985,0.4666475093975353
170,2,4,0,0.1666666666666666,0.6666666666666667,0.4270524047893042,0.4666475093975353
175,2,4,0,0.0,1.0,0.3482531834676087,0.4666475093975353
178,2,4,0,0.0,1.0,0.41622724139486167,0.4666475093975353
186,2,4,0,0.0,1.0,0.3523918250300965,0.4666475093975353
192,2,4,0,0.0,1.0,0.32284014340166356,0.4666475093975353
193,2,4,0,0.25,0.5,0.4288114233709224,0.4666475093975353
197,2,4,0,0.0,1.0,0.4578734176322837,0.4666475093975353
200,2,4,0,0.2,0.6,0.45291199306973823,0.4666475093975353
204,2,4,0,0.4,0.1999999999999999,0.5036248031381076,0.4666475093975353
209,2,4,0,0.2,0.6,0.40918564276473685,0.4666475093975353
211,2,4,1,0.6,0.1999999999999999,0.650898804922685,0.4666475093975353
217,2,4,0,0.0,1.0,0.29633692339522844,0.4666475093975353
219,2,4,0,0.0,1.0,0.46700357278843074,0.4666475093975353
227,2,4,1,1.0,1.0,0.44576776014227193,0.4666475093975353
228,2,4,0,0.2,0.6,0.4906783803708655,0.4666475093975353
233,2,4,0,0.0,1.0,0.3928288425798369,0.4666475093975353
234,2,4,0,0.25,0.5,0.4982924535670967,0.4666475093975353
236,2,4,0,0.0,1.0,0.47577322680017303,0.4666475093975353
239,2,4,1,0.6,0.1999999999999999,0.399677235597557,0.4666475093975353
242,2,4,1,0.6,0.1999999999999999,0.4472206590406415,0.4666475093975353
243,2,4,0,0.0,1.0,0.36643782878738457,0.4666475093975353
254,2,4,0,0.25,0.5,0.4337999409361028,0.4666475093975353
266,2,4,0,0.25,0.5,0.39098603276483257,0.4666475093975353
294,2,4,0,0.0,1.0,0.4635659238910973,0.4666475093975353
304,2,4,1,0.8,0.6000000000000001,0.45546527425575256,0.4666475093975353
313,2,4,0,0.0,1.0,0.3949591930920454,0.4666475093975353
319,2,4,0,0.2,0.6,0.5239848465478893,0.4666475093975353
320,2,4,0,0.0,1.0,0.4357771962896391,0.4666475093975353
328,2,4,1,0.6,0.1999999999999999,0.4550604385303983,0.4666475093975353
331,2,4,0,0.0,1.0,0.368689720843855,0.4666475093975353
332,2,4,0,0.0,1.0,0.4199899376311429,0.4666475093975353
334,2,4,0,0.4,0.1999999999999999,0.4808779539542321,0.4666475093975353
346,2,4,1,0.6,0.1999999999999999,0.6225551325610408,0.4666475093975353
347,2,4,0,0.4,0.1999999999999999,0.4478361636506445,0.4666475093975353
348,2,4,0,0.4,0.1999999999999999,0.5862977450815768,0.4666475093975353
350,2,4,0,0.0,1.0,0.45631773494873223,0.4666475093975353
360,2,4,0,0.25,0.5,0.4352407989747967,0.4666475093975353
366,2,4,0,0.0,1.0,0.3832796498615328,0.4666475093975353
369,2,4,0,0.0,1.0,0.43591984465128764,0.4666475093975353
370,2,4,0,0.0,1.0,0.4210207398895681,0.4666475093975353
371,2,4,0,0.25,0.5,0.44382848317215584,0.4666475093975353
381,2,4,1,0.75,0.5,0.4502151008658858,0.4666475093975353
391,2,4,0,0.0,1.0,0.40288771714056276,0.4666475093975353
399,2,4,0,0.25,0.5,0.42060512374296743,0.4666475093975353
403,2,4,0,0.0,1.0,0.44458336102549667,0.4666475093975353
407,2,4,0,0.2,0.6,0.6014919447533047,0.4666475093975353
410,2,4,1,0.6,0.1999999999999999,0.604420590234366,0.4666475093975353
423,2,4,0,0.0,1.0,0.595010260417709,0.4666475093975353
430,2,4,1,0.6,0.1999999999999999,0.6107767432714861,0.4666475093975353
431,2,4,0,0.4,0.1999999999999999,0.5602672153842441,0.4666475093975353
432,2,4,0,0.2,0.6,0.4567282736253872,0.4666475093975353
437,2,4,1,0.6,0.1999999999999999,0.5406260682144178,0.4666475093975353
441,2,4,0,0.2,0.6,0.6550685775148274,0.4666475093975353
445,2,4,0,0.0,1.0,0.5115345248302529,0.4666475093975353
448,2,4,0,0.0,1.0,0.29012960728469406,0.4666475093975353
449,2,4,0,0.4,0.1999999999999999,0.3667522915063305,0.4666475093975353
452,2,4,0,0.25,0.5,0.5754804079409258,0.4666475093975353
473,2,4,0,0.25,0.5,0.4635174010523232,0.4666475093975353
484,2,4,0,0.25,0.5,0.38177783389627895,0.4666475093975353
486,2,4,0,0.25,0.5,0.537530267175953,0.4666475093975353
489,2,4,0,0.0,1.0,0.5715367092189583,0.4666475093975353
506,2,4,1,0.75,0.5,0.61241052030896,0.4666475093975353
507,2,4,1,1.0,1.0,0.49385716219813375,0.4666475093975353
512,2,4,1,1.0,1.0,0.6737203383963208,0.4666475093975353
513,2,4,0,0.0,1.0,0.6251783765113443,0.4666475093975353
519,2,4,0,0.0,1.0,0.4728806115110779,0.4666475093975353
523,2,4,0,0.25,0.5,0.53528668951546,0.4666475093975353
527,2,4,0,0.25,0.5,0.4649173651851308,0.4666475093975353
532,2,4,0,0.0,1.0,0.43710659703450966,0.4666475093975353
535,2,4,0,0.25,0.5,0.6144561190395913,0.4666475093975353
536,2,4,0,0.3333333333333333,0.3333333333333333,0.5413989508047129,0.4666475093975353
538,2,4,0,0.0,1.0,0.5955908993459286,0.4666475093975353
550,2,4,0,0.0,1.0,0.5415003150313435,0.4666475093975353
551,2,4,1,0.6666666666666666,0.3333333333333332,0.515489508654181,0.4666475093975353
560,2,4,0,0.1666666666666666,0.6666666666666667,0.5081202500874358,0.4666475093975353
568,2,4,1,1.0,1.0,0.4920126897071012,0.4666475093975353
569,2,4,0,0.1666666666666666,0.6666666666666667,0.46182271494608884,0.4666475093975353
572,2,4,1,0.8333333333333334,0.6666666666666667,0.5909378803492364,0.4666475093975353
573,2,4,0,0.3333333333333333,0.3333333333333333,0.5139270875045976,0.4666475093975353
580,2,4,0,0.3333333333333333,0.3333333333333333,0.4249635726450941,0.4666475093975353
613,2,4,0,0.0,1.0,0.6808185777929963,0.4666475093975353
616,2,4,1,0.75,0.5,0.5281138231800728,0.4666475093975353
625,2,4,0,0.0,1.0,0.4887044642777962,0.4666475093975353
628,2,4,0,0.0,1.0,0.4586541581225765,0.4666475093975353
658,2,4,0,0.1666666666666666,0.6666666666666667,0.4777353589754817,0.4666475093975353
664,2,4,1,0.6666666666666666,0.3333333333333332,0.5390251646565869,0.4666475093975353
665,2,4,0,0.1666666666666666,0.6666666666666667,0.49133234377636154,0.4666475093975353
673,2,4,0,0.3333333333333333,0.3333333333333333,0.41262077572532785,0.4666475093975353
678,2,4,0,0.3333333333333333,0.3333333333333333,0.4445263515211907,0.4666475093975353
696,2,4,0,0.1666666666666666,0.6666666666666667,0.5569245140874763,0.4666475093975353
709,2,4,0,0.3333333333333333,0.3333333333333333,0.494700661339117,0.4666475093975353
714,2,4,0,0.3333333333333333,0.3333333333333333,0.39750601901922,0.4666475093975353
718,2,4,0,0.1666666666666666,0.6666666666666667,0.46599980513566125,0.4666475093975353
720,2,4,0,0.0,1.0,0.3848227027394534,0.4666475093975353
731,2,4,0,0.0,1.0,0.4279876722984975,0.4666475093975353
741,2,4,0,0.2,0.6,0.4551109358587355,0.4666475093975353
3,3,0,0,0.0,1.0,0.3551462901922298,0.48730605747922673
5,3,0,0,0.2,0.6,0.47009084608017226,0.48730605747922673
8,3,0,0,0.0,1.0,0.41927208245244124,0.48730605747922673
25,3,0,0,0.2,0.6,0.38302167307269785,0.48730605747922673
30,3,0,0,0.2,0.6,0.3641268838148596,0.48730605747922673
36,3,0,0,0.2,0.6,0.27974208499565184,0.48730605747922673
37,3,0,0,0.2,0.6,0.36840589470101864,0.48730605747922673
39,3,0,0,0.0,1.0,0.2957208792275795,0.48730605747922673
44,3,0,0,0.0,1.0,0.45048228586627165,0.48730605747922673
48,3,0,1,0.6,0.1999999999999999,0.3909435170081669,0.48730605747922673
58,3,0,0,0.25,0.5,0.42551934702696775,0.48730605747922673
59,3,0,0,0.25,0.5,0.34857386057902606,0.48730605747922673
60,3,0,0,0.0,1.0,0.36833648365768606,0.48730605747922673
77,3,0,0,0.25,0.5,0.3625161869390598,0.48730605747922673
78,3,0,0,0.0,1.0,0.29058620149132697,0.48730605747922673
81,3,0,0,0.0,1.0,0.37618781306896587,0.48730605747922673
106,3,0,1,1.0,1.0,0.4887368327285484,0.48730605747922673
114,3,0,0,0.1111111111111111,0.7777777777777778,0.38564026754474556,0.48730605747922673
115,3,0,0,0.0,1.0,0.3341861775026813,0.48730605747922673
116,3,0,0,0.0,1.0,0.3604760144482956,0.48730605747922673
125,3,0,0,0.125,0.75,0.362305510845359,0.48730605747922673
126,3,0,0,0.2222222222222222,0.5555555555555556,0.4343843984598978,0.48730605747922673
127,3,0,1,0.6666666666666666,0.3333333333333332,0.46710438911234775,0.48730605747922673
130,3,0,0,0.1111111111111111,0.7777777777777778,0.3429348993152524,0.48730605747922673
144,3,0,0,0.0,1.0,0.4065485821841089,0.48730605747922673
145,3,0,0,0.4444444444444444,0.1111111111111111,0.4310927402216472,0.48730605747922673
146,3,0,1,0.8888888888888888,0.7777777777777777,0.466500186689225,0.48730605747922673
149,3,0,0,0.3333333333333333,0.3333333333333333,0.35135458865694497,0.48730605747922673
154,3,0,0,0.25,0.5,0.28928167257743814,0.48730605747922673
161,3,0,0,0.0,1.0,0.36395389474160017,0.48730605747922673
162,3,0,0,0.2,0.6,0.4084697605843459,0.48730605747922673
166,3,0,0,0.25,0.5,0.34129014789116313,0.48730605747922673
167,3,0,0,0.0,1.0,0.5426470539513473,0.48730605747922673
169,3,0,0,0.0,1.0,0.3729279699481105,0.48730605747922673
186,3,0,0,0.0,1.0,0.3583220524565417,0.48730605747922673
188,3,0,0,0.0,1.0,0.4211335982568054,0.48730605747922673
190,3,0,0,0.25,0.5,0.38016994403968574,0.48730605747922673
203,3,0,0,0.2,0.6,0.3450365711069017,0.48730605747922673
204,3,0,0,0.4,0.1999999999999999,0.4840967749523062,0.48730605747922673
205,3,0,0,0.2,0.6,0.3981574305245422,0.48730605747922673
209,3,0,0,0.2,0.6,0.3844547724172055,0.48730605747922673
210,3,0,0,0.4,0.1999999999999999,0.5072106245583785,0.48730605747922673
216,3,0,0,0.0,1.0,0.39830509945604275,0.48730605747922673
220,3,0,0,0.4,0.1999999999999999,0.4014230869744133,0.48730605747922673
221,3,0,1,0.8,0.6000000000000001,0.395683771254992,0.48730605747922673
225,3,0,0,0.2,0.6,0.4439040568364355,0.48730605747922673
235,3,0,0,0.0,1.0,0.452536941068687,0.48730605747922673
247,3,0,0,0.2,0.6,0.4890576945212738,0.48730605747922673
253,3,0,0,0.0,1.0,0.3697307408193995,0.48730605747922673
267,3,0,0,0.0,1.0,0.3959956856561606,0.48730605747922673
283,3,0,0,0.25,0.5,0.41513515531848966,0.48730605747922673
285,3,0,0,0.4,0.1999999999999999,0.4223834292400956,0.48730605747922673
292,3,0,0,0.25,0.5,0.5426929971658134,0.48730605747922673
299,3,0,1,0.8,0.6000000000000001,0.37740455190207234,0.48730605747922673
304,3,0,1,0.8,0.6000000000000001,0.433297946853107,0.48730605747922673
308,3,0,0,0.4,0.1999999999999999,0.5143414708527054,0.48730605747922673
320,3,0,0,0.0,1.0,0.4114001479967315,0.48730605747922673
321,3,0,1,0.6,0.1999999999999999,0.6028932243152658,0.48730605747922673
323,3,0,0,0.0,1.0,0.41400077412374053,0.48730605747922673
329,3,0,0,0.0,1.0,0.4060605014211678,0.48730605747922673
332,3,0,0,0.0,1.0,0.40374746669889927,0.48730605747922673
349,3,0,0,0.0,1.0,0.41147390728117705,0.48730605747922673
352,3,0,0,0.25,0.5,0.49264515511543333,0.48730605747922673
353,3,0,0,0.0,1.0,0.4960662434074945,0.48730605747922673
356,3,0,0,0.25,0.5,0.46173273805767834,0.48730605747922673
362,3,0,1,0.75,0.5,0.5389198517277309,0.48730605747922673
370,3,0,0,0.0,1.0,0.4333616382438248,0.48730605747922673
373,3,0,0,0.0,1.0,0.4633597211348843,0.48730605747922673
377,3,0,0,0.25,0.5,0.5306167075891803,0.48730605747922673
389,3,0,0,0.25,0.5,0.5208409757083805,0.48730605747922673
390,3,0,1,0.75,0.5,0.5372455010507504,0.48730605747922673
391,3,0,0,0.0,1.0,0.3828282814083894,0.48730605747922673
397,3,0,1,0.75,0.5,0.6022556698764763,0.48730605747922673
405,3,0,0,0.0,1.0,0.5364333668735806,0.48730605747922673
408,3,0,0,0.4,0.1999999999999999,0.5688742367628059,0.48730605747922673
416,3,0,0,0.0,1.0,0.4809600507198712,0.48730605747922673
418,3,0,0,0.0,1.0,0.6119354732715356,0.48730605747922673
422,3,0,1,0.6,0.1999999999999999,0.5231475223043855,0.48730605747922673
425,3,0,0,0.0,1.0,0.4240752554705481,0.48730605747922673
429,3,0,0,0.0,1.0,0.5498547093523625,0.48730605747922673
430,3,0,1,0.6,0.1999999999999999,0.6366648030041983,0.48730605747922673
432,3,0,0,0.2,0.6,0.5301244964243997,0.48730605747922673
435,3,0,0,0.4,0.1999999999999999,0.575171624339095,0.48730605747922673
441,3,0,0,0.2,0.6,0.6926663537679301,0.48730605747922673
443,3,0,0,0.0,1.0,0.5044337583624365,0.48730605747922673
458,3,0,0,0.0,1.0,0.42082309295489906,0.48730605747922673
460,3,0,0,0.0,1.0,0.45503087538532627,0.48730605747922673
471,3,0,0,0.0,1.0,0.6408807372332304,0.48730605747922673
484,3,0,0,0.25,0.5,0.3338768431495884,0.48730605747922673
498,3,0,0,0.0,1.0,0.42704939810671333,0.48730605747922673
501,3,0,0,0.25,0.5,0.5268152672326778,0.48730605747922673
507,3,0,1,1.0,1.0,0.5383539901365528,0.48730605747922673
514,3,0,1,0.75,0.5,0.5954799187592215,0.48730605747922673
519,3,0,0,0.0,1.0,0.4440730007099469,0.48730605747922673
536,3,0,0,0.3333333333333333,0.3333333333333333,0.582914478312192,0.48730605747922673
539,3,0,0,0.25,0.5,0.4650492986040547,0.48730605747922673
560,3,0,0,0.1666666666666666,0.6666666666666667,0.5561013144492698,0.48730605747922673
566,3,0,0,0.1666666666666666,0.6666666666666667,0.36879662516181133,0.48730605747922673
570,3,0,1,0.6666666666666666,0.3333333333333332,0.561445485981523,0.48730605747922673
572,3,0,1,0.8333333333333334,0.6666666666666667,0.6359241694092242,0.48730605747922673
589,3,0,0,0.3333333333333333,0.3333333333333333,0.5620069106335885,0.48730605747922673
601,3,0,0,0.0,1.0,0.3779754703632098,0.48730605747922673
602,3,0,0,0.25,0.5,0.5676413950690459,0.48730605747922673
616,3,0,1,0.75,0.5,0.5122017186702458,0.48730605747922673
619,3,0,0,0.25,0.5,0.5876724097674811,0.48730605747922673
624,3,0,0,0.25,0.5,0.545038032569112,0.48730605747922673
625,3,0,0,0.0,1.0,0.5255468351277471,0.48730605747922673
628,3,0,0,0.0,1.0,0.46814954003278314,0.48730605747922673
639,3,0,0,0.0,1.0,0.5775361422809289,0.48730605747922673
640,3,0,1,0.75,0.5,0.6255426249287731,0.48730605747922673
650,3,0,0,0.0,1.0,0.4055180803530774,0.48730605747922673
651,3,0,0,0.3333333333333333,0.3333333333333333,0.517163513853829,0.48730605747922673
655,3,0,1,0.6666666666666666,0.3333333333333332,0.42819300257719733,0.48730605747922673
673,3,0,0,0.3333333333333333,0.3333333333333333,0.3981304089811122,0.48730605747922673
682,3,0,0,0.1666666666666666,0.6666666666666667,0.6029110811351488,0.48730605747922673
686,3,0,0,0.0,1.0,0.5667565582314975,0.48730605747922673
689,3,0,0,0.0,1.0,0.4191310030710864,0.48730605747922673
690,3,0,0,0.0,1.0,0.39260618373593403,0.48730605747922673
692,3,0,0,0.0,1.0,0.41949242347158355,0.48730605747922673
713,3,0,1,0.6,0.1999999999999999,0.3515543242657527,0.48730605747922673
714,3,0,0,0.3333333333333333,0.3333333333333333,0.3708926137130778,0.48730605747922673
716,3,0,1,0.6666666666666666,0.3333333333333332,0.4216341735954049,0.48730605747922673
723,3,0,0,0.1666666666666666,0.6666666666666667,0.4417820327531859,0.48730605747922673
725,3,0,0,0.0,1.0,0.43150317147558426,0.48730605747922673
730,3,0,0,0.3333333333333333,0.3333333333333333,0.4599932547408182,0.48730605747922673
733,3,0,0,0.1666666666666666,0.6666666666666667,0.44257093472069753,0.48730605747922673
740,3,0,0,0.1666666666666666,0.6666666666666667,0.49555298534496883,0.48730605747922673
6,3,1,0,0.2,0.6,0.27443680390593717,0.4712107805069276
7,3,1,1,0.6,0.1999999999999999,0.4161213847721241,0.4712107805069276
10,3,1,0,0.0,1.0,0.2963541620696437,0.4712107805069276
14,3,1,0,0.2,0.6,0.40704534421643923,0.4712107805069276
31,3,1,0,0.1666666666666666,0.6666666666666667,0.4226952174275221,0.4712107805069276
41,3,1,0,0.2,0.6,0.2978485721804644,0.4712107805069276
42,3,1,0,0.0,1.0,0.3764984024622077,0.4712107805069276
52,3,1,0,0.25,0.5,0.31200551185961123,0.4712107805069276
55,3,1,0,0.0,1.0,0.35161704048392484,0.4712107805069276
57,3,1,1,1.0,1.0,0.3421815142139767,0.4712107805069276
61,3,1,0,0.2,0.6,0.2190355515457599,0.4712107805069276
62,3,1,0,0.25,0.5,0.27167091101053603,0.4712107805069276
63,3,1,0,0.0,1.0,0.37074754064882154,0.4712107805069276
65,3,1,0,0.25,0.5,0.29226251427242594,0.4712107805069276
66,3,1,0,0.0,1.0,0.37508166840348567,0.4712107805069276
73,3,1,0,0.0,1.0,0.29733859690095926,0.4712107805069276
84,3,1,0,0.3333333333333333,0.3333333333333333,0.4552140713583881,0.4712107805069276
87,3,1,0,0.0,1.0,0.38438852104906035,0.4712107805069276
91,3,1,0,0.25,0.5,0.5059662789040551,0.4712107805069276
92,3,1,0,0.0,1.0,0.3692614157215284,0.4712107805069276
93,3,1,0,0.0,1.0,0.3655577530948947,0.4712107805069276
97,3,1,0,0.25,0.5,0.3102636034857875,0.4712107805069276
110,3,1,0,0.0,1.0,0.4930171844443567,0.4712107805069276
133,3,1,1,0.8888888888888888,0.7777777777777777,0.35273702915915767,0.4712107805069276
136,3,1,0,0.3333333333333333,0.3333333333333333,0.4331172335424867,0.4712107805069276
137,3,1,1,0.6666666666666666,0.3333333333333332,0.2647491206301317,0.4712107805069276
138,3,1,1,0.5555555555555556,0.1111111111111111,0.45360217576699674,0.4712107805069276
141,3,1,0,0.0,1.0,0.4683939665792073,0.4712107805069276
147,3,1,0,0.0,1.0,0.4606584136678489,0.4712107805069276
151,3,1,0,0.0,1.0,0.3990816755651395,0.4712107805069276
153,3,1,0,0.0,1.0,0.28931917949802355,0.4712107805069276
157,3,1,0,0.25,0.5,0.3580520099009743,0.4712107805069276
160,3,1,0,0.1666666666666666,0.6666666666666667,0.38823762070447076,0.4712107805069276
180,3,1,0,0.0,1.0,0.4359057145351013,0.4712107805069276
197,3,1,0,0.0,1.0,0.46477510663840127,0.4712107805069276
198,3,1,0,0.0,1.0,0.424466804776372,0.4712107805069276
215,3,1,0,0.2,0.6,0.3831107287898665,0.4712107805069276
217,3,1,0,0.0,1.0,0.2849527893540247,0.4712107805069276
223,3,1,0,0.2,0.6,0.3373674361406803,0.4712107805069276
233,3,1,0,0.0,1.0,0.3886407118426648,0.4712107805069276
237,3,1,0,0.4,0.1999999999999999,0.42152628113312207,0.4712107805069276
243,3,1,0,0.0,1.0,0.42562075984531417,0.4712107805069276
248,3,1,0,0.4,0.1999999999999999,0.4845376311023989,0.4712107805069276
251,3,1,0,0.25,0.5,0.4721222515299297,0.4712107805069276
255,3,1,0,0.25,0.5,0.22637020815142028,0.4712107805069276
259,3,1,0,0.0,1.0,0.3182598157228474,0.4712107805069276
261,3,1,0,0.25,0.5,0.47568792630029477,0.4712107805069276
264,3,1,0,0.25,0.5,0.3754303158252379,0.4712107805069276
276,3,1,0,0.2,0.6,0.4238014544658024,0.4712107805069276
296,3,1,0,0.0,1.0,0.30298188785854363,0.4712107805069276
297,3,1,0,0.0,1.0,0.37398560755121624,0.4712107805069276
306,3,1,0,0.0,1.0,0.45201022610697517,0.4712107805069276
310,3,1,0,0.2,0.6,0.44009779505331303,0.4712107805069276
313,3,1,0,0.0,1.0,0.3787952954183476,0.4712107805069276
314,3,1,0,0.0,1.0,0.47190762527761326,0.4712107805069276
317,3,1,0,0.4,0.1999999999999999,0.3655916095287215,0.4712107805069276
319,3,1,0,0.2,0.6,0.5477428544352059,0.4712107805069276
326,3,1,0,0.0,1.0,0.45709976973793065,0.4712107805069276
328,3,1,1,0.6,0.1999999999999999,0.42398336460159614,0.4712107805069276
330,3,1,0,0.4,0.1999999999999999,0.43850286341578215,0.4712107805069276
334,3,1,0,0.4,0.1999999999999999,0.46637688405013755,0.4712107805069276
337,3,1,0,0.0,1.0,0.4271277291226868,0.4712107805069276
341,3,1,1,0.6,0.1999999999999999,0.5271573279322783,0.4712107805069276
350,3,1,0,0.0,1.0,0.44479428758992295,0.4712107805069276
355,3,1,0,0.25,0.5,0.4357649231370675,0.4712107805069276
372,3,1,0,0.25,0.5,0.48135404471940296,0.4712107805069276
379,3,1,1,0.75,0.5,0.5368784737697876,0.4712107805069276
381,3,1,1,0.75,0.5,0.43284097772668556,0.4712107805069276
383,3,1,0,0.0,1.0,0.4647239782187698,0.4712107805069276
398,3,1,0,0.25,0.5,0.5709182633834645,0.4712107805069276
403,3,1,0,0.0,1.0,0.4231605416889254,0.4712107805069276
411,3,1,0,0.2,0.6,0.6140882231671629,0.4712107805069276
412,3,1,1,1.0,1.0,0.6400618497504239,0.4712107805069276
420,3,1,0,0.0,1.0,0.4764514426297748,0.4712107805069276
446,3,1,0,0.2,0.6,0.5994708107267819,0.4712107805069276
450,3,1,0,0.2,0.6,0.35284566614212753,0.4712107805069276
453,3,1,0,0.25,0.5,0.387149454457411,0.4712107805069276
467,3,1,1,1.0,1.0,0.5338053167371763,0.4712107805069276
475,3,1,0,0.25,0.5,0.4332886658596725,0.4712107805069276
476,3,1,0,0.0,1.0,0.5072814505041985,0.4712107805069276
482,3,1,0,0.0,1.0,0.3633606828051554,0.4712107805069276
483,3,1,0,0.25,0.5,0.4956029394365896,0.4712107805069276
486,3,1,0,0.25,0.5,0.5657420985199662,0.4712107805069276
502,3,1,1,0.75,0.5,0.5844581913462994,0.4712107805069276
504,3,1,1,0.75,0.5,0.6161977977309954,0.4712107805069276
512,3,1,1,1.0,1.0,0.6677480843843063,0.4712107805069276
522,3,1,0,0.25,0.5,0.4272338389109497,0.4712107805069276
525,3,1,0,0.2,0.6,0.39703624477757554,0.4712107805069276
532,3,1,0,0.0,1.0,0.4181625191893952,0.4712107805069276
535,3,1,0,0.25,0.5,0.6488925115390649,0.4712107805069276
538,3,1,0,0.0,1.0,0.6178540683585154,0.4712107805069276
542,3,1,0,0.25,0.5,0.40979847450530676,0.4712107805069276
555,3,1,0,0.3333333333333333,0.3333333333333333,0.5456555881093593,0.4712107805069276
557,3,1,0,0.3333333333333333,0.3333333333333333,0.45184925613289,0.4712107805069276
559,3,1,1,0.6666666666666666,0.3333333333333332,0.429719684799755,0.4712107805069276
563,3,1,0,0.0,1.0,0.4862476169312657,0.4712107805069276
569,3,1,0,0.1666666666666666,0.6666666666666667,0.4314231739335852,0.4712107805069276
580,3,1,0,0.3333333333333333,0.3333333333333333,0.3808046286398511,0.4712107805069276
586,3,1,1,0.6666666666666666,0.3333333333333332,0.5656628734090274,0.4712107805069276
587,3,1,1,0.8333333333333334,0.6666666666666667,0.5605832317453114,0.4712107805069276
598,3,1,0,0.3333333333333333,0.3333333333333333,0.5144436171221397,0.4712107805069276
599,3,1,0,0.0,1.0,0.49332512298517905,0.4712107805069276
600,3,1,0,0.1666666666666666,0.6666666666666667,0.581446289326331,0.4712107805069276
604,3,1,1,0.75,0.5,0.4959692584308162,0.4712107805069276
606,3,1,0,0.25,0.5,0.5154994543137668,0.4712107805069276
611,3,1,1,0.75,0.5,0.5306242818652451,0.4712107805069276
618,3,1,0,0.0,1.0,0.4809144953708337,0.4712107805069276
638,3,1,0,0.25,0.5,0.5630048828979533,0.4712107805069276
654,3,1,0,0.1666666666666666,0.6666666666666667,0.4734396497837463,0.4712107805069276
656,3,1,1,0.6666666666666666,0.3333333333333332,0.5776562842933557,0.4712107805069276
659,3,1,1,0.6666666666666666,0.3333333333333332,0.5474847356676014,0.4712107805069276
660,3,1,0,0.1666666666666666,0.6666666666666667,0.5237010151946531,0.4712107805069276
662,3,1,0,0.0,1.0,0.5158009522928308,0.4712107805069276
663,3,1,0,0.3333333333333333,0.3333333333333333,0.5852086099022826,0.4712107805069276
672,3,1,0,0.0,1.0,0.4782157339885294,0.4712107805069276
674,3,1,0,0.3333333333333333,0.3333333333333333,0.43465686129214914,0.4712107805069276
681,3,1,0,0.1666666666666666,0.6666666666666667,0.6162238661427522,0.4712107805069276
691,3,1,0,0.1666666666666666,0.6666666666666667,0.5905802622817276,0.4712107805069276
701,3,1,0,0.1666666666666666,0.6666666666666667,0.603476533048122,0.4712107805069276
710,3,1,0,0.0,1.0,0.4676382136223545,0.4712107805069276
711,3,1,1,0.6,0.1999999999999999,0.48578283107223186,0.4712107805069276
720,3,1,0,0.0,1.0,0.4099899326629235,0.4712107805069276
721,3,1,0,0.3333333333333333,0.3333333333333333,0.4891409388785232,0.4712107805069276
732,3,1,0,0.0,1.0,0.39033808839732675,0.4712107805069276
734,3,1,0,0.0,1.0,0.4198608311365563,0.4712107805069276
735,3,1,0,0.0,1.0,0.46311960243687217,0.4712107805069276
738,3,1,0,0.3333333333333333,0.3333333333333333,0.4930189983973413,0.4712107805069276
1,3,2,0,0.3333333333333333,0.3333333333333333,0.41049663439527206,0.5475129341475115
2,3,2,0,0.4,0.1999999999999999,0.28511898047969503,0.5475129341475115
4,3,2,1,0.6,0.1999999999999999,0.5791684531756994,0.5475129341475115
16,3,2,1,0.6,0.1999999999999999,0.6229271319064451,0.5475129341475115
21,3,2,0,0.2,0.6,0.2570210088550257,0.5475129341475115
22,3,2,0,0.2,0.6,0.2425805986442242,0.5475129341475115
24,3,2,0,0.0,1.0,0.2043626859838377,0.5475129341475115
27,3,2,0,0.2,0.6,0.36631178600433695,0.5475129341475115
34,3,2,0,0.1666666666666666,0.6666666666666667,0.41735950261491683,0.5475129341475115
38,3,2,0,0.0,1.0,0.4324613884223405,0.5475129341475115
40,3,2,0,0.2,0.6,0.305055203692214,0.5475129341475115
45,3,2,0,0.0,1.0,0.4583744041368027,0.5475129341475115
47,3,2,0,0.25,0.5,0.5342990286160592,0.5475129341475115
49,3,2,0,0.3333333333333333,0.3333333333333333,0.20595311723443582,0.5475129341475115
50,3,2,1,0.8,0.6000000000000001,0.3538627076937775,0.5475129341475115
56,3,2,0,0.25,0.5,0.4140064767586966,0.5475129341475115
64,3,2,0,0.3333333333333333,0.3333333333333333,0.3425481519537454,0.5475129341475115
69,3,2,0,0.0,1.0,0.33254414776882035,0.5475129341475115
86,3,2,0,0.0,1.0,0.3733073858641782,0.5475129341475115
95,3,2,0,0.25,0.5,0.15239032566392605,0.5475129341475115
96,3,2,0,0.0,1.0,0.5430206737425238,0.5475129341475115
100,3,2,0,0.25,0.5,0.4857193406241195,0.5475129341475115
107,3,2,0,0.1111111111111111,0.7777777777777778,0.5980157005503375,0.5475129341475115
120,3,2,0,0.0,1.0,0.410931654431678,0.5475129341475115
121,3,2,0,0.1111111111111111,0.7777777777777778,0.45997611720262527,0.5475129341475115
123,3,2,0,0.0,1.0,0.47092549024183944,0.5475129341475115
129,3,2,0,0.2,0.6,0.4893496757269968,0.5475129341475115
131,3,2,0,0.0,1.0,0.2512745847396423,0.5475129341475115
135,3,2,0,0.1666666666666666,0.6666666666666667,0.43800023458593595,0.5475129341475115
143,3,2,1,0.5555555555555556,0.1111111111111111,0.42731953368991327,0.5475129341475115
150,3,2,0,0.0,1.0,0.27001574063362754,0.5475129341475115
155,3,2,0,0.25,0.5,0.28269505555190777,0.5475129341475115
156,3,2,0,0.25,0.5,0.19331937285276288,0.5475129341475115
163,3,2,0,0.25,0.5,0.3783048029691525,0.5475129341475115
165,3,2,0,0.0,1.0,0.4314441921327976,0.5475129341475115
170,3,2,0,0.1666666666666666,0.6666666666666667,0.46074049670043465,0.5475129341475115
184,3,2,0,0.0,1.0,0.3332045004224514,0.5475129341475115
191,3,2,0,0.0,1.0,0.4419017592031743,0.5475129341475115
193,3,2,0,0.25,0.5,0.44096832870115155,0.5475129341475115
195,3,2,0,0.0,1.0,0.4841738538335991,0.5475129341475115
202,3,2,1,0.6,0.1999999999999999,0.4675981707670311,0.5475129341475115
207,3,2,0,0.2,0.6,0.22454500425679116,0.5475129341475115
208,3,2,0,0.0,1.0,0.16404424721935126,0.5475129341475115
214,3,2,0,0.2,0.6,0.210526209591672,0.5475129341475115
227,3,2,1,1.0,1.0,0.432213405636718,0.5475129341475115
230,3,2,0,0.2,0.6,0.5534524599894197,0.5475129341475115
234,3,2,0,0.25,0.5,0.5775065936441621,0.5475129341475115
241,3,2,1,0.6,0.1999999999999999,0.5097056897601866,0.5475129341475115
270,3,2,0,0.0,1.0,0.6110858900124085,0.5475129341475115
271,3,2,0,0.0,1.0,0.44240554975677837,0.5475129341475115
278,3,2,0,0.25,0.5,0.43907423318153455,0.5475129341475115
280,3,2,0,0.25,0.5,0.45577261217496795,0.5475129341475115
282,3,2,0,0.25,0.5,0.4291332882621827,0.5475129341475115
290,3,2,0,0.0,1.0,0.40911631372453533,0.5475129341475115
291,3,2,0,0.0,1.0,0.40567918463883046,0.5475129341475115
294,3,2,0,0.0,1.0,0.4570211168355453,0.5475129341475115
295,3,2,0,0.0,1.0,0.3689559788617342,0.5475129341475115
298,3,2,0,0.25,0.5,0.4372058679744395,0.5475129341475115
300,3,2,0,0.0,1.0,0.4997332484635561,0.5475129341475115
311,3,2,0,0.4,0.1999999999999999,0.4183671000980274,0.5475129341475115
312,3,2,0,0.0,1.0,0.4382641652010988,0.5475129341475115
315,3,2,1,0.8,0.6000000000000001,0.36160535769398217,0.5475129341475115
316,3,2,0,0.4,0.1999999999999999,0.27978586323960264,0.5475129341475115
333,3,2,0,0.0,1.0,0.4143084057522195,0.5475129341475115
343,3,2,1,0.8,0.6000000000000001,0.34659543943838966,0.5475129341475115
344,3,2,0,0.2,0.6,0.4303935822216129,0.5475129341475115
347,3,2,0,0.4,0.1999999999999999,0.4425797135013384,0.5475129341475115
359,3,2,0,0.25,0.5,0.23171819788674872,0.5475129341475115
366,3,2,0,0.0,1.0,0.43806061307716515,0.5475129341475115
371,3,2,0,0.25,0.5,0.5250492186897802,0.5475129341475115
399,3,2,0,0.25,0.5,0.4136204498843048,0.5475129341475115
402,3,2,1,0.6,0.1999999999999999,0.2452977543459408,0.5475129341475115
406,3,2,1,0.6,0.1999999999999999,0.4708200642287954,0.5475129341475115
409,3,2,0,0.4,0.1999999999999999,0.6567646256948735,0.5475129341475115
410,3,2,1,0.6,0.1999999999999999,0.5967008668176123,0.5475129341475115
414,3,2,1,0.6,0.1999999999999999,0.743296646320583,0.5475129341475115
415,3,2,0,0.0,1.0,0.6799986319759821,0.5475129341475115
426,3,2,1,0.8,0.6000000000000001,0.5257136137465445,0.5475129341475115
431,3,2,0,0.4,0.1999999999999999,0.6325079884153709,0.5475129341475115
433,3,2,0,0.0,1.0,0.3945706598092134,0.5475129341475115
438,3,2,0,0.1666666666666666,0.6666666666666667,0.4234509997818662,0.5475129341475115
440,3,2,0,0.0,1.0,0.6479341879371854,0.5475129341475115
444,3,2,0,0.2,0.6,0.6455932180113058,0.5475129341475115
447,3,2,0,0.0,1.0,0.19454405369734545,0.5475129341475115
464,3,2,0,0.0,1.0,0.4930966619411131,0.5475129341475115
469,3,2,1,0.75,0.5,0.4082755346214252,0.5475129341475115
477,3,2,0,0.0,1.0,0.416953915024656,0.5475129341475115
479,3,2,0,0.0,1.0,0.6024881131217552,0.5475129341475115
481,3,2,0,0.0,1.0,0.6558078416966509,0.5475129341475115
490,3,2,0,0.25,0.5,0.42153871576606794,0.5475129341475115
492,3,2,0,0.3333333333333333,0.3333333333333333,0.522925289516737,0.5475129341475115
495,3,2,0,0.0,1.0,0.5747072079967733,0.5475129341475115
513,3,2,0,0.0,1.0,0.6548490270302723,0.5475129341475115
518,3,2,0,0.25,0.5,0.6122533491082485,0.5475129341475115
527,3,2,0,0.25,0.5,0.4755093560277711,0.5475129341475115
540,3,2,0,0.25,0.5,0.6060903414296843,0.5475129341475115
545,3,2,0,0.25,0.5,0.43348203678064345,0.5475129341475115
550,3,2,0,0.0,1.0,0.537954800635165,0.5475129341475115
551,3,2,1,0.6666666666666666,0.3333333333333332,0.5182656880870028,0.5475129341475115
552,3,2,1,0.6666666666666666,0.3333333333333332,0.5616188319292788,0.5475129341475115
553,3,2,0,0.0,1.0,0.432397116605029,0.5475129341475115
556,3,2,0,0.1666666666666666,0.6666666666666667,0.2399214656612067,0.5475129341475115
562,3,2,0,0.3333333333333333,0.3333333333333333,0.5487791412895332,0.5475129341475115
567,3,2,0,0.3333333333333333,0.3333333333333333,0.5181956091095321,0.5475129341475115
590,3,2,0,0.3333333333333333,0.3333333333333333,0.7098352147040015,0.5475129341475115
609,3,2,0,0.25,0.5,0.5398959030531911,0.5475129341475115
645,3,2,1,0.75,0.5,0.6556125483089585,0.5475129341475115
658,3,2,0,0.1666666666666666,0.6666666666666667,0.45972535731205955,0.5475129341475115
664,3,2,1,0.6666666666666666,0.3333333333333332,0.5284264616764947,0.5475129341475115
668,3,2,0,0.1666666666666666,0.6666666666666667,0.6729194846168836,0.5475129341475115
669,3,2,0,0.3333333333333333,0.3333333333333333,0.5520376661099693,0.5475129341475115
671,3,2,0,0.3333333333333333,0.3333333333333333,0.4371196139944586,0.5475129341475115
675,3,2,0,0.3333333333333333,0.3333333333333333,0.338052070281112,0.5475129341475115
676,3,2,0,0.1666666666666666,0.6666666666666667,0.4610381754965728,0.5475129341475115
677,3,2,1,0.6666666666666666,0.3333333333333332,0.5131870348818555,0.5475129341475115
679,3,2,0,0.4,0.1999999999999999,0.47716844898905947,0.5475129341475115
683,3,2,1,0.8333333333333334,0.6666666666666667,0.6931161032938359,0.5475129341475115
684,3,2,0,0.0,1.0,0.6584370918299873,0.5475129341475115
695,3,2,0,0.3333333333333333,0.3333333333333333,0.5230728732370732,0.5475129341475115
703,3,2,0,0.0,1.0,0.47190911692938436,0.5475129341475115
708,3,2,0,0.0,1.0,0.19699566564732338,0.5475129341475115
709,3,2,0,0.3333333333333333,0.3333333333333333,0.4544648914810691,0.5475129341475115
719,3,2,0,0.1666666666666666,0.6666666666666667,0.47799883949306715,0.5475129341475115
726,3,2,0,0.0,1.0,0.37036711981101345,0.5475129341475115
736,3,2,0,0.0,1.0,0.417925911589233,0.5475129341475115
739,3,2,0,0.3333333333333333,0.3333333333333333,0.593914634549198,0.5475129341475115
741,3,2,0,0.2,0.6,0.4100990532515264,0.5475129341475115
11,3,3,1,0.6,0.1999999999999999,0.32028254425884595,0.4900257348439804
13,3,3,0,0.2,0.6,0.32147337819714084,0.4900257348439804
15,3,3,0,0.4,0.1999999999999999,0.33806805973685894,0.4900257348439804
26,3,3,1,0.8,0.6000000000000001,0.43452455165325343,0.4900257348439804
28,3,3,0,0.2,0.6,0.4034441021596444,0.4900257348439804
29,3,3,0,0.2,0.6,0.4413977532347002,0.4900257348439804
54,3,3,0,0.25,0.5,0.30136652728059043,0.4900257348439804
67,3,3,0,0.0,1.0,0.32131076851887913,0.4900257348439804
71,3,3,0,0.0,1.0,0.40375438450178414,0.4900257348439804
72,3,3,0,0.25,0.5,0.2746407638161572,0.4900257348439804
74,3,3,0,0.0,1.0,0.513161752508343,0.4900257348439804
75,3,3,0,0.0,1.0,0.4384407845607612,0.4900257348439804
79,3,3,0,0.25,0.5,0.3664773012929955,0.4900257348439804
80,3,3,0,0.0,1.0,0.42705639293781894,0.4900257348439804
82,3,3,0,0.25,0.5,0.4058438428622088,0.4900257348439804
83,3,3,0,0.25,0.5,0.5433387165815917,0.4900257348439804
85,3,3,0,0.25,0.5,0.4843190453538498,0.4900257348439804
89,3,3,0,0.25,0.5,0.43150101815820174,0.4900257348439804
94,3,3,0,0.25,0.5,0.38460737417566576,0.4900257348439804
98,3,3,0,0.3333333333333333,0.3333333333333333,0.3504091020798987,0.4900257348439804
99,3,3,0,0.0,1.0,0.3637954184054407,0.4900257348439804
101,3,3,0,0.3333333333333333,0.3333333333333333,0.29468382237601964,0.4900257348439804
103,3,3,0,0.1111111111111111,0.7777777777777778,0.2883367289879425,0.4900257348439804
108,3,3,0,0.25,0.5,0.4408672569663476,0.4900257348439804
112,3,3,0,0.125,0.75,0.41927117033502476,0.4900257348439804
119,3,3,0,0.1111111111111111,0.7777777777777778,0.33399726598351964,0.4900257348439804
122,3,3,0,0.0,1.0,0.44356605756993045,0.4900257348439804
134,3,3,0,0.1111111111111111,0.7777777777777778,0.4339922207160543,0.4900257348439804
140,3,3,0,0.2222222222222222,0.5555555555555556,0.5365425982867158,0.4900257348439804
152,3,3,0,0.0,1.0,0.3208344248344316,0.4900257348439804
159,3,3,0,0.0,1.0,0.3755063631377771,0.4900257348439804
164,3,3,0,0.0,1.0,0.3589247898259389,0.4900257348439804
182,3,3,0,0.0,1.0,0.444554370671052,0.4900257348439804
183,3,3,0,0.0,1.0,0.5134143755530902,0.4900257348439804
192,3,3,0,0.0,1.0,0.3628437233341837,0.4900257348439804
199,3,3,0,0.25,0.5,0.33409632287480334,0.4900257348439804
201,3,3,0,0.25,0.5,0.45862836554485076,0.4900257348439804
213,3,3,0,0.4,0.1999999999999999,0.3855554501738536,0.4900257348439804
219,3,3,0,0.0,1.0,0.5021448003118048,0.4900257348439804
226,3,3,0,0.0,1.0,0.47762224764388406,0.4900257348439804
228,3,3,0,0.2,0.6,0.46152887708690504,0.4900257348439804
238,3,3,0,0.25,0.5,0.38032380532226984,0.4900257348439804
239,3,3,1,0.6,0.1999999999999999,0.3365011850132189,0.4900257348439804
244,3,3,1,0.6,0.1999999999999999,0.541315707238512,0.4900257348439804
245,3,3,0,0.0,1.0,0.43090800502730014,0.4900257348439804
250,3,3,0,0.4,0.1999999999999999,0.40607431839029995,0.4900257348439804
252,3,3,0,0.0,1.0,0.40017217241223063,0.4900257348439804
257,3,3,0,0.25,0.5,0.24787222274921453,0.4900257348439804
258,3,3,0,0.0,1.0,0.2627491922613223,0.4900257348439804
263,3,3,0,0.2,0.6,0.3791905574713431,0.4900257348439804
266,3,3,0,0.25,0.5,0.3847201846090229,0.4900257348439804
279,3,3,0,0.2,0.6,0.37697928523103097,0.4900257348439804
288,3,3,1,0.75,0.5,0.245726807694851,0.4900257348439804
302,3,3,0,0.0,1.0,0.4408734911991513,0.4900257348439804
307,3,3,0,0.4,0.1999999999999999,0.4128220499450052,0.4900257348439804
309,3,3,1,0.8,0.6000000000000001,0.5281169635933326,0.4900257348439804
318,3,3,0,0.4,0.1999999999999999,0.536815778258068,0.4900257348439804
324,3,3,0,0.2,0.6,0.4182964301334099,0.4900257348439804
336,3,3,0,0.4,0.1999999999999999,0.4772601971792526,0.4900257348439804
338,3,3,0,0.4,0.1999999999999999,0.41353536432205795,0.4900257348439804
339,3,3,0,0.0,1.0,0.42857782645355336,0.4900257348439804
345,3,3,0,0.0,1.0,0.4146427882093301,0.4900257348439804
351,3,3,0,0.0,1.0,0.5041002243369379,0.4900257348439804
358,3,3,0,0.25,0.5,0.6240537195520234,0.4900257348439804
363,3,3,0,0.0,1.0,0.48714540792388406,0.4900257348439804
365,3,3,0,0.25,0.5,0.39735212917542195,0.4900257348439804
367,3,3,0,0.25,0.5,0.34814829950043247,0.4900257348439804
380,3,3,1,0.75,0.5,0.7293972306593575,0.4900257348439804
384,3,3,0,0.25,0.5,0.456652671660712,0.4900257348439804
386,3,3,0,0.25,0.5,0.4551604578153298,0.4900257348439804
387,3,3,0,0.0,1.0,0.47921426502994513,0.4900257348439804
404,3,3,1,0.6,0.1999999999999999,0.7176946059809326,0.4900257348439804
417,3,3,0,0.2,0.6,0.53069849395773,0.4900257348439804
419,3,3,0,0.4,0.1999999999999999,0.5606400742018014,0.4900257348439804
421,3,3,0,0.2,0.6,0.4769017439059122,0.4900257348439804
434,3,3,0,0.0,1.0,0.576901815725954,0.4900257348439804
439,3,3,0,0.2,0.6,0.41872093377125263,0.4900257348439804
442,3,3,1,0.8,0.6000000000000001,0.5772808522519002,0.4900257348439804
445,3,3,0,0.0,1.0,0.4839525511106446,0.4900257348439804
448,3,3,0,0.0,1.0,0.2538830947605943,0.4900257348439804
454,3,3,0,0.0,1.0,0.3927947954482467,0.4900257348439804
455,3,3,0,0.0,1.0,0.4577776934273632,0.4900257348439804
459,3,3,0,0.25,0.5,0.4914066983924287,0.4900257348439804
472,3,3,0,0.25,0.5,0.389403886379068,0.4900257348439804
478,3,3,0,0.0,1.0,0.4090122914200954,0.4900257348439804
487,3,3,0,0.2,0.6,0.4019040165362818,0.4900257348439804
489,3,3,0,0.0,1.0,0.580263141151184,0.4900257348439804
493,3,3,0,0.0,1.0,0.5006701001502796,0.4900257348439804
499,3,3,0,0.0,1.0,0.47098667996476107,0.4900257348439804
500,3,3,0,0.25,0.5,0.5963496757166531,0.4900257348439804
503,3,3,0,0.0,1.0,0.51518558160659,0.4900257348439804
508,3,3,1,0.75,0.5,0.543361480407583,0.4900257348439804
517,3,3,0,0.25,0.5,0.5851091039793637,0.4900257348439804
521,3,3,1,0.75,0.5,0.47501818328354545,0.4900257348439804
524,3,3,0,0.0,1.0,0.47955970899480505,0.4900257348439804
526,3,3,0,0.0,1.0,0.5265458147649918,0.4900257348439804
534,3,3,1,0.75,0.5,0.5234859914474267,0.4900257348439804
537,3,3,0,0.25,0.5,0.596923044780939,0.4900257348439804
549,3,3,0,0.0,1.0,0.423392071407356,0.4900257348439804
565,3,3,0,0.3333333333333333,0.3333333333333333,0.4091191355675444,0.4900257348439804
568,3,3,1,1.0,1.0,0.5112923623725829,0.4900257348439804
573,3,3,0,0.3333333333333333,0.3333333333333333,0.5257713189495106,0.4900257348439804
574,3,3,0,0.3333333333333333,0.3333333333333333,0.4070999186979553,0.4900257348439804
577,3,3,0,0.1666666666666666,0.6666666666666667,0.5817753525228173,0.4900257348439804
581,3,3,0,0.3333333333333333,0.3333333333333333,0.42230807731785114,0.4900257348439804
584,3,3,1,0.6666666666666666,0.3333333333333332,0.6712949353189924,0.4900257348439804
588,3,3,0,0.1666666666666666,0.6666666666666667,0.7509052304480075,0.4900257348439804
595,3,3,1,0.8333333333333334,0.6666666666666667,0.5436212589144869,0.4900257348439804
597,3,3,0,0.0,1.0,0.3563735481684184,0.4900257348439804
610,3,3,0,0.25,0.5,0.4941186688273422,0.4900257348439804
614,3,3,1,0.75,0.5,0.5178817684157331,0.4900257348439804
615,3,3,1,0.75,0.5,0.5648916935609551,0.4900257348439804
622,3,3,1,0.75,0.5,0.4874498031846089,0.4900257348439804
636,3,3,0,0.0,1.0,0.4967990737718371,0.4900257348439804
641,3,3,0,0.0,1.0,0.49214227047513537,0.4900257348439804
642,3,3,1,0.75,0.5,0.49822689013513644,0.4900257348439804
646,3,3,0,0.0,1.0,0.4077187068518727,0.4900257348439804
652,3,3,0,0.0,1.0,0.36688509230006205,0.4900257348439804
665,3,3,0,0.1666666666666666,0.6666666666666667,0.494552150259534,0.4900257348439804
680,3,3,0,0.0,1.0,0.42584352317008245,0.4900257348439804
687,3,3,0,0.3333333333333333,0.3333333333333333,0.5865847772270756,0.4900257348439804
699,3,3,0,0.1666666666666666,0.6666666666666667,0.5361610226571807,0.4900257348439804
704,3,3,0,0.3333333333333333,0.3333333333333333,0.39816401766752685,0.4900257348439804
706,3,3,1,0.6666666666666666,0.3333333333333332,0.5656992192394238,0.4900257348439804
722,3,3,0,0.2,0.6,0.3612210349249032,0.4900257348439804
729,3,3,0,0.4,0.1999999999999999,0.5143374178413819,0.4900257348439804
737,3,3,0,0.1666666666666666,0.6666666666666667,0.3606917305307592,0.4900257348439804
9,3,4,0,0.0,1.0,0.3492733174092247,0.5054621304789348
12,3,4,0,0.4,0.1999999999999999,0.35840656019240846,0.5054621304789348
17,3,4,0,0.4,0.1999999999999999,0.6262456924564848,0.5054621304789348
18,3,4,1,0.6,0.1999999999999999,0.6171222769991731,0.5054621304789348
20,3,4,0,0.25,0.5,0.3049831042906802,0.5054621304789348
32,3,4,0,0.2,0.6,0.335140181657421,0.5054621304789348
33,3,4,0,0.4,0.1999999999999999,0.4263502308875257,0.5054621304789348
43,3,4,0,0.2,0.6,0.35029993667080755,0.5054621304789348
46,3,4,0,0.4,0.1999999999999999,0.534368588083892,0.5054621304789348
51,3,4,0,0.25,0.5,0.3623355526412936,0.5054621304789348
53,3,4,0,0.1666666666666666,0.6666666666666667,0.3876705539592464,0.5054621304789348
68,3,4,0,0.0,1.0,0.35635282101399046,0.5054621304789348
70,3,4,0,0.0,1.0,0.43679007414586496,0.5054621304789348
76,3,4,0,0.25,0.5,0.4174761292347172,0.5054621304789348
102,3,4,0,0.0,1.0,0.371775393218144,0.5054621304789348
104,3,4,0,0.1111111111111111,0.7777777777777778,0.428405738974168,0.5054621304789348
105,3,4,0,0.0,1.0,0.40585820317360544,0.5054621304789348
109,3,4,0,0.1111111111111111,0.7777777777777778,0.4821105986416786,0.5054621304789348
111,3,4,0,0.1111111111111111,0.7777777777777778,0.3397593542417996,0.5054621304789348
113,3,4,0,0.1111111111111111,0.7777777777777778,0.417784300264531,0.5054621304789348
117,3,4,0,0.25,0.5,0.3930662793826135,0.5054621304789348
118,3,4,0,0.0,1.0,0.37660012462580494,0.5054621304789348
124,3,4,0,0.0,1.0,0.49521006573816656,0.5054621304789348
128,3,4,0,0.1111111111111111,0.7777777777777778,0.31984226437590857,0.5054621304789348
132,3,4,0,0.2222222222222222,0.5555555555555556,0.46593800926907336,0.5054621304789348
139,3,4,0,0.0,1.0,0.49890551340694117,0.5054621304789348
142,3,4,0,0.0,1.0,0.442622345508029,0.5054621304789348
148,3,4,0,0.1111111111111111,0.7777777777777778,0.3894595543134376,0.5054621304789348
158,3,4,0,0.0,1.0,0.3401355971823605,0.5054621304789348
168,3,4,0,0.25,0.5,0.4694698510603909,0.5054621304789348
171,3,4,0,0.25,0.5,0.5483746725687166,0.5054621304789348
172,3,4,0,0.0,1.0,0.4431594534246999,0.5054621304789348
173,3,4,0,0.25,0.5,0.4405885626536473,0.5054621304789348
175,3,4,0,0.0,1.0,0.411378287572173,0.5054621304789348
176,3,4,0,0.0,1.0,0.45065839256844764,0.5054621304789348
177,3,4,0,0.0,1.0,0.5601275901730571,0.5054621304789348
178,3,4,0,0.0,1.0,0.4130091876903676,0.5054621304789348
179,3,4,0,0.25,0.5,0.5512628555362294,0.5054621304789348
185,3,4,0,0.25,0.5,0.43694762433267353,0.5054621304789348
187,3,4,0,0.0,1.0,0.38949316197958134,0.5054621304789348
194,3,4,0,0.0,1.0,0.37674929857523987,0.5054621304789348
200,3,4,0,0.2,0.6,0.4643764404357713,0.5054621304789348
211,3,4,1,0.6,0.1999999999999999,0.6380032272775835,0.5054621304789348
212,3,4,0,0.2,0.6,0.3260406653325013,0.5054621304789348
222,3,4,0,0.2,0.6,0.5811985202289163,0.5054621304789348
224,3,4,0,0.4,0.1999999999999999,0.45293417791926033,0.5054621304789348
229,3,4,0,0.0,1.0,0.463869399383608,0.5054621304789348
232,3,4,0,0.25,0.5,0.3913884754903778,0.5054621304789348
236,3,4,0,0.0,1.0,0.49543604330911395,0.5054621304789348
240,3,4,0,0.2,0.6,0.3792737614254861,0.5054621304789348
242,3,4,1,0.6,0.1999999999999999,0.4200332269998104,0.5054621304789348
246,3,4,0,0.4,0.1999999999999999,0.5274741932852156,0.5054621304789348
249,3,4,1,0.6,0.1999999999999999,0.40907272039692427,0.5054621304789348
254,3,4,0,0.25,0.5,0.45504952976703084,0.5054621304789348
260,3,4,0,0.25,0.5,0.38257691496999824,0.5054621304789348
281,3,4,0,0.0,1.0,0.40020048089123006,0.5054621304789348
286,3,4,0,0.2,0.6,0.3458140986257247,0.5054621304789348
287,3,4,0,0.25,0.5,0.39535192575035005,0.5054621304789348
303,3,4,0,0.0,1.0,0.4341799886030651,0.5054621304789348
322,3,4,1,0.6,0.1999999999999999,0.6310890385472855,0.5054621304789348
325,3,4,0,0.0,1.0,0.4067145662886774,0.5054621304789348
327,3,4,0,0.0,1.0,0.4831902255867026,0.5054621304789348
331,3,4,0,0.0,1.0,0.4867470012989247,0.5054621304789348
340,3,4,1,0.6,0.1999999999999999,0.4165868865916264,0.5054621304789348
342,3,4,0,0.2,0.6,0.3814111613451493,0.5054621304789348
346,3,4,1,0.6,0.1999999999999999,0.5772090050169825,0.5054621304789348
348,3,4,0,0.4,0.1999999999999999,0.5460513466511502,0.5054621304789348
354,3,4,0,0.25,0.5,0.4480194833507316,0.5054621304789348
360,3,4,0,0.25,0.5,0.3838159304942417,0.5054621304789348
361,3,4,0,0.0,1.0,0.419216556173987,0.5054621304789348
369,3,4,0,0.0,1.0,0.42745401484328666,0.5054621304789348
393,3,4,0,0.25,0.5,0.39842738382025333,0.5054621304789348
396,3,4,1,0.75,0.5,0.5434212689042646,0.5054621304789348
401,3,4,0,0.2,0.6,0.537295434113407,0.5054621304789348
407,3,4,0,0.2,0.6,0.6240583541728013,0.5054621304789348
413,3,4,0,0.0,1.0,0.6076080843455347,0.5054621304789348
423,3,4,0,0.0,1.0,0.5540170992037194,0.5054621304789348
424,3,4,1,0.6,0.1999999999999999,0.3849297101869552,0.5054621304789348
427,3,4,1,0.6,0.1999999999999999,0.611433165638934,0.5054621304789348
428,3,4,1,0.6,0.1999999999999999,0.48487779763655176,0.5054621304789348
436,3,4,0,0.4,0.1999999999999999,0.49307207591040514,0.5054621304789348
437,3,4,1,0.6,0.1999999999999999,0.5206680568909603,0.5054621304789348
449,3,4,0,0.4,0.1999999999999999,0.32384694091736466,0.5054621304789348
451,3,4,0,0.25,0.5,0.38059628008833046,0.5054621304789348
452,3,4,0,0.25,0.5,0.60084460274867,0.5054621304789348
463,3,4,0,0.25,0.5,0.3446197688319813,0.5054621304789348
468,3,4,0,0.25,0.5,0.5668514836119669,0.5054621304789348
470,3,4,0,0.0,1.0,0.5506736842726856,0.5054621304789348
473,3,4,0,0.25,0.5,0.4748525169324499,0.5054621304789348
474,3,4,0,0.0,1.0,0.37323074002406664,0.5054621304789348
494,3,4,1,0.8,0.6000000000000001,0.4823559967900347,0.5054621304789348
496,3,4,1,0.75,0.5,0.5836341918701171,0.5054621304789348
497,3,4,0,0.0,1.0,0.3518980557862422,0.5054621304789348
506,3,4,1,0.75,0.5,0.5982421776032643,0.5054621304789348
509,3,4,0,0.25,0.5,0.5542644079741463,0.5054621304789348
515,3,4,0,0.25,0.5,0.5644747977661282,0.5054621304789348
516,3,4,0,0.0,1.0,0.5554574217010677,0.5054621304789348
523,3,4,0,0.25,0.5,0.5532167701759263,0.5054621304789348
528,3,4,0,0.0,1.0,0.42865618343018314,0.5054621304789348
531,3,4,1,0.75,0.5,0.4594676543051427,0.5054621304789348
533,3,4,0,0.0,1.0,0.4020264582383528,0.5054621304789348
579,3,4,0,0.3333333333333333,0.3333333333333333,0.5047159860527708,0.5054621304789348
592,3,4,1,0.6,0.1999999999999999,0.7160719426364826,0.5054621304789348
594,3,4,0,0.0,1.0,0.5045614167338829,0.5054621304789348
607,3,4,0,0.0,1.0,0.5235979970390454,0.5054621304789348
608,3,4,0,0.0,1.0,0.590544523464232,0.5054621304789348
612,3,4,0,0.0,1.0,0.4097386005398952,0.5054621304789348
613,3,4,0,0.0,1.0,0.6609482312033026,0.5054621304789348
620,3,4,1,0.75,0.5,0.6013328182776236,0.5054621304789348
627,3,4,1,0.75,0.5,0.6174034745304504,0.5054621304789348
631,3,4,0,0.0,1.0,0.5331815090184231,0.5054621304789348
634,3,4,0,0.25,0.5,0.6005509074454649,0.5054621304789348
644,3,4,0,0.25,0.5,0.403690040128426,0.5054621304789348
661,3,4,1,0.8333333333333334,0.6666666666666667,0.5989195270674467,0.5054621304789348
667,3,4,0,0.3333333333333333,0.3333333333333333,0.6442774743077861,0.5054621304789348
678,3,4,0,0.3333333333333333,0.3333333333333333,0.4421667576797915,0.5054621304789348
685,3,4,0,0.0,1.0,0.5455244898976234,0.5054621304789348
688,3,4,0,0.1666666666666666,0.6666666666666667,0.5134922678775575,0.5054621304789348
694,3,4,0,0.3333333333333333,0.3333333333333333,0.5213840276183036,0.5054621304789348
696,3,4,0,0.1666666666666666,0.6666666666666667,0.5844722703952994,0.5054621304789348
702,3,4,0,0.1666666666666666,0.6666666666666667,0.6984951919422553,0.5054621304789348
712,3,4,0,0.1666666666666666,0.6666666666666667,0.43961952688029476,0.5054621304789348
718,3,4,0,0.1666666666666666,0.6666666666666667,0.47351526840218067,0.5054621304789348
724,3,4,0,0.2,0.6,0.44594905823722875,0.5054621304789348
727,3,4,0,0.4,0.1999999999999999,0.5640328789210403,0.5054621304789348
728,3,4,0,0.2,0.6,0.4261598333877895,0.5054621304789348
731,3,4,0,0.0,1.0,0.42179678348437855,0.5054621304789348
3,4,0,0,0.0,1.0,0.33895904984058345,0.4903347877716035
10,4,0,0,0.0,1.0,0.3032947949730158,0.4903347877716035
11,4,0,1,0.6,0.1999999999999999,0.2926281527527189,0.4903347877716035
13,4,0,0,0.2,0.6,0.358802851283358,0.4903347877716035
24,4,0,0,0.0,1.0,0.3539048810736959,0.4903347877716035
25,4,0,0,0.2,0.6,0.3831680008303546,0.4903347877716035
26,4,0,1,0.8,0.6000000000000001,0.45013784451136774,0.4903347877716035
29,4,0,0,0.2,0.6,0.4765988905400866,0.4903347877716035
30,4,0,0,0.2,0.6,0.3652957539696874,0.4903347877716035
31,4,0,0,0.1666666666666666,0.6666666666666667,0.41384707796539266,0.4903347877716035
34,4,0,0,0.1666666666666666,0.6666666666666667,0.4747603890029436,0.4903347877716035
36,4,0,0,0.2,0.6,0.30470599036139656,0.4903347877716035
37,4,0,0,0.2,0.6,0.3814955805571907,0.4903347877716035
44,4,0,0,0.0,1.0,0.4549900868770328,0.4903347877716035
46,4,0,0,0.4,0.1999999999999999,0.5428340753084872,0.4903347877716035
47,4,0,0,0.25,0.5,0.46193377869859403,0.4903347877716035
51,4,0,0,0.25,0.5,0.32558875006067756,0.4903347877716035
52,4,0,0,0.25,0.5,0.3095180630545862,0.4903347877716035
60,4,0,0,0.0,1.0,0.39187914129801005,0.4903347877716035
67,4,0,0,0.0,1.0,0.29675042861567663,0.4903347877716035
70,4,0,0,0.0,1.0,0.44693886084006557,0.4903347877716035
83,4,0,0,0.25,0.5,0.5466581783047756,0.4903347877716035
94,4,0,0,0.25,0.5,0.41496056141392673,0.4903347877716035
106,4,0,1,1.0,1.0,0.48486308450819043,0.4903347877716035
111,4,0,0,0.1111111111111111,0.7777777777777778,0.2960866120364103,0.4903347877716035
116,4,0,0,0.0,1.0,0.37219222654141165,0.4903347877716035
121,4,0,0,0.1111111111111111,0.7777777777777778,0.47939269356746694,0.4903347877716035
124,4,0,0,0.0,1.0,0.5105616375573174,0.4903347877716035
128,4,0,0,0.1111111111111111,0.7777777777777778,0.29161061897137763,0.4903347877716035
148,4,0,0,0.1111111111111111,0.7777777777777778,0.3637266179921051,0.4903347877716035
151,4,0,0,0.0,1.0,0.4697115365828569,0.4903347877716035
159,4,0,0,0.0,1.0,0.358598784841157,0.4903347877716035
169,4,0,0,0.0,1.0,0.3344339363708261,0.4903347877716035
182,4,0,0,0.0,1.0,0.4669212055566493,0.4903347877716035
185,4,0,0,0.25,0.5,0.400770867347334,0.4903347877716035
190,4,0,0,0.25,0.5,0.38509664075447714,0.4903347877716035
191,4,0,0,0.0,1.0,0.44793486628234813,0.4903347877716035
192,4,0,0,0.0,1.0,0.3526997409744663,0.4903347877716035
198,4,0,0,0.0,1.0,0.39527431567139604,0.4903347877716035
200,4,0,0,0.2,0.6,0.45514604372531176,0.4903347877716035
205,4,0,0,0.2,0.6,0.4104470877426401,0.4903347877716035
226,4,0,0,0.0,1.0,0.4866829286935679,0.4903347877716035
227,4,0,1,1.0,1.0,0.40021567252364665,0.4903347877716035
230,4,0,0,0.2,0.6,0.4907020514438339,0.4903347877716035
233,4,0,0,0.0,1.0,0.4137134088302995,0.4903347877716035
234,4,0,0,0.25,0.5,0.5470728972599366,0.4903347877716035
236,4,0,0,0.0,1.0,0.5311350321436435,0.4903347877716035
239,4,0,1,0.6,0.1999999999999999,0.38174257791876265,0.4903347877716035
240,4,0,0,0.2,0.6,0.3455283989661674,0.4903347877716035
246,4,0,0,0.4,0.1999999999999999,0.525694042226655,0.4903347877716035
248,4,0,0,0.4,0.1999999999999999,0.4541580384647045,0.4903347877716035
252,4,0,0,0.0,1.0,0.37512589844177674,0.4903347877716035
255,4,0,0,0.25,0.5,0.28692661523234503,0.4903347877716035
278,4,0,0,0.25,0.5,0.46141186414626906,0.4903347877716035
297,4,0,0,0.0,1.0,0.3474274998267346,0.4903347877716035
304,4,0,1,0.8,0.6000000000000001,0.4170217626848649,0.4903347877716035
311,4,0,0,0.4,0.1999999999999999,0.41297553176676866,0.4903347877716035
316,4,0,0,0.4,0.1999999999999999,0.4805591960700977,0.4903347877716035
319,4,0,0,0.2,0.6,0.5317860444682949,0.4903347877716035
320,4,0,0,0.0,1.0,0.40609797567535166,0.4903347877716035
326,4,0,0,0.0,1.0,0.48574286752281054,0.4903347877716035
332,4,0,0,0.0,1.0,0.42905649180064376,0.4903347877716035
339,4,0,0,0.0,1.0,0.40373813761685307,0.4903347877716035
341,4,0,1,0.6,0.1999999999999999,0.5180954557606512,0.4903347877716035
346,4,0,1,0.6,0.1999999999999999,0.5602776835469778,0.4903347877716035
348,4,0,0,0.4,0.1999999999999999,0.5501782177438714,0.4903347877716035
353,4,0,0,0.0,1.0,0.5247471039677161,0.4903347877716035
370,4,0,0,0.0,1.0,0.3936206379310624,0.4903347877716035
381,4,0,1,0.75,0.5,0.4600649221845117,0.4903347877716035
389,4,0,0,0.25,0.5,0.5199358825217064,0.4903347877716035
393,4,0,0,0.25,0.5,0.42345785517260337,0.4903347877716035
399,4,0,0,0.25,0.5,0.3957534798843505,0.4903347877716035
409,4,0,0,0.4,0.1999999999999999,0.6608287135660389,0.4903347877716035
410,4,0,1,0.6,0.1999999999999999,0.578881707303509,0.4903347877716035
416,4,0,0,0.0,1.0,0.48248931988953836,0.4903347877716035
420,4,0,0,0.0,1.0,0.4822575420869581,0.4903347877716035
435,4,0,0,0.4,0.1999999999999999,0.5711570433824129,0.4903347877716035
438,4,0,0,0.1666666666666666,0.6666666666666667,0.39478898237965165,0.4903347877716035
439,4,0,0,0.2,0.6,0.4815331196487855,0.4903347877716035
440,4,0,0,0.0,1.0,0.6237032142079613,0.4903347877716035
450,4,0,0,0.2,0.6,0.36869413876242096,0.4903347877716035
452,4,0,0,0.25,0.5,0.5445892023775295,0.4903347877716035
455,4,0,0,0.0,1.0,0.44736673723976783,0.4903347877716035
459,4,0,0,0.25,0.5,0.5069589027121211,0.4903347877716035
483,4,0,0,0.25,0.5,0.5141861303304651,0.4903347877716035
492,4,0,0,0.3333333333333333,0.3333333333333333,0.5294218473599035,0.4903347877716035
494,4,0,1,0.8,0.6000000000000001,0.4814762069790125,0.4903347877716035
496,4,0,1,0.75,0.5,0.5605673933305395,0.4903347877716035
499,4,0,0,0.0,1.0,0.47517331655094175,0.4903347877716035
504,4,0,1,0.75,0.5,0.5561277287727682,0.4903347877716035
506,4,0,1,0.75,0.5,0.6058810075278281,0.4903347877716035
515,4,0,0,0.25,0.5,0.5669774023233971,0.4903347877716035
526,4,0,0,0.0,1.0,0.5164730154241859,0.4903347877716035
534,4,0,1,0.75,0.5,0.5309487215519421,0.4903347877716035
537,4,0,0,0.25,0.5,0.5697328923543361,0.4903347877716035
550,4,0,0,0.0,1.0,0.5221835283183128,0.4903347877716035
553,4,0,0,0.0,1.0,0.42705943781023575,0.4903347877716035
556,4,0,0,0.1666666666666666,0.6666666666666667,0.42923470549301324,0.4903347877716035
565,4,0,0,0.3333333333333333,0.3333333333333333,0.40158651980783866,0.4903347877716035
567,4,0,0,0.3333333333333333,0.3333333333333333,0.49586335381755203,0.4903347877716035
570,4,0,1,0.6666666666666666,0.3333333333333332,0.5916179976153693,0.4903347877716035
580,4,0,0,0.3333333333333333,0.3333333333333333,0.45230205701721604,0.4903347877716035
586,4,0,1,0.6666666666666666,0.3333333333333332,0.5829982033968892,0.4903347877716035
608,4,0,0,0.0,1.0,0.5991680856872943,0.4903347877716035
609,4,0,0,0.25,0.5,0.5254819994589258,0.4903347877716035
618,4,0,0,0.0,1.0,0.516052243599086,0.4903347877716035
619,4,0,0,0.25,0.5,0.6498612843268803,0.4903347877716035
627,4,0,1,0.75,0.5,0.5790443134389405,0.4903347877716035
642,4,0,1,0.75,0.5,0.5267491949542997,0.4903347877716035
645,4,0,1,0.75,0.5,0.6302149914166639,0.4903347877716035
650,4,0,0,0.0,1.0,0.38630177572315083,0.4903347877716035
656,4,0,1,0.6666666666666666,0.3333333333333332,0.550958853434565,0.4903347877716035
662,4,0,0,0.0,1.0,0.4571206842019965,0.4903347877716035
665,4,0,0,0.1666666666666666,0.6666666666666667,0.4854697971928713,0.4903347877716035
673,4,0,0,0.3333333333333333,0.3333333333333333,0.4061654050924839,0.4903347877716035
675,4,0,0,0.3333333333333333,0.3333333333333333,0.40180998098101206,0.4903347877716035
679,4,0,0,0.4,0.1999999999999999,0.4339954642653797,0.4903347877716035
689,4,0,0,0.0,1.0,0.40670027455173285,0.4903347877716035
691,4,0,0,0.1666666666666666,0.6666666666666667,0.609775413857697,0.4903347877716035
695,4,0,0,0.3333333333333333,0.3333333333333333,0.581683565961121,0.4903347877716035
699,4,0,0,0.1666666666666666,0.6666666666666667,0.5247243246161799,0.4903347877716035
701,4,0,0,0.1666666666666666,0.6666666666666667,0.6243585325123524,0.4903347877716035
716,4,0,1,0.6666666666666666,0.3333333333333332,0.508641111689436,0.4903347877716035
727,4,0,0,0.4,0.1999999999999999,0.5427789658085891,0.4903347877716035
732,4,0,0,0.0,1.0,0.34538083654645424,0.4903347877716035
739,4,0,0,0.3333333333333333,0.3333333333333333,0.49609393273074026,0.4903347877716035
740,4,0,0,0.1666666666666666,0.6666666666666667,0.503954011930388,0.4903347877716035
1,4,1,0,0.3333333333333333,0.3333333333333333,0.45572513668165104,0.46426494338878116
21,4,1,0,0.2,0.6,0.4194672931833522,0.46426494338878116
28,4,1,0,0.2,0.6,0.38976875614552564,0.46426494338878116
38,4,1,0,0.0,1.0,0.47810718052254053,0.46426494338878116
41,4,1,0,0.2,0.6,0.30299198376891523,0.46426494338878116
43,4,1,0,0.2,0.6,0.3654195220745666,0.46426494338878116
45,4,1,0,0.0,1.0,0.41747826288865636,0.46426494338878116
54,4,1,0,0.25,0.5,0.3291387787718315,0.46426494338878116
57,4,1,1,1.0,1.0,0.3652728364694055,0.46426494338878116
59,4,1,0,0.25,0.5,0.35607451276144964,0.46426494338878116
61,4,1,0,0.2,0.6,0.22570945198224526,0.46426494338878116
65,4,1,0,0.25,0.5,0.28190940965438127,0.46426494338878116
66,4,1,0,0.0,1.0,0.3602956255587664,0.46426494338878116
72,4,1,0,0.25,0.5,0.28111907165391453,0.46426494338878116
81,4,1,0,0.0,1.0,0.33507377310474085,0.46426494338878116
87,4,1,0,0.0,1.0,0.4098966800129795,0.46426494338878116
91,4,1,0,0.25,0.5,0.4748184618091592,0.46426494338878116
93,4,1,0,0.0,1.0,0.3582346787091689,0.46426494338878116
95,4,1,0,0.25,0.5,0.3099723162512368,0.46426494338878116
102,4,1,0,0.0,1.0,0.37489422233910413,0.46426494338878116
107,4,1,0,0.1111111111111111,0.7777777777777778,0.5037477801198287,0.46426494338878116
110,4,1,0,0.0,1.0,0.49518079227656503,0.46426494338878116
118,4,1,0,0.0,1.0,0.3901534574723903,0.46426494338878116
127,4,1,1,0.6666666666666666,0.3333333333333332,0.48820167835269945,0.46426494338878116
129,4,1,0,0.2,0.6,0.48038941004897223,0.46426494338878116
131,4,1,0,0.0,1.0,0.4521454660209734,0.46426494338878116
133,4,1,1,0.8888888888888888,0.7777777777777777,0.3260885792255206,0.46426494338878116
139,4,1,0,0.0,1.0,0.4735874811412247,0.46426494338878116
140,4,1,0,0.2222222222222222,0.5555555555555556,0.5243811621539787,0.46426494338878116
143,4,1,1,0.5555555555555556,0.1111111111111111,0.406804528837452,0.46426494338878116
145,4,1,0,0.4444444444444444,0.1111111111111111,0.4085071726456647,0.46426494338878116
147,4,1,0,0.0,1.0,0.45565430961157116,0.46426494338878116
156,4,1,0,0.25,0.5,0.30040313470200947,0.46426494338878116
158,4,1,0,0.0,1.0,0.334932339869914,0.46426494338878116
171,4,1,0,0.25,0.5,0.47966455680468983,0.46426494338878116
172,4,1,0,0.0,1.0,0.3400389224341622,0.46426494338878116
177,4,1,0,0.0,1.0,0.49856770258009736,0.46426494338878116
179,4,1,0,0.25,0.5,0.5130273022832178,0.46426494338878116
183,4,1,0,0.0,1.0,0.4299316145083538,0.46426494338878116
187,4,1,0,0.0,1.0,0.4251712012622934,0.46426494338878116
188,4,1,0,0.0,1.0,0.42089099471084734,0.46426494338878116
194,4,1,0,0.0,1.0,0.36029128323288184,0.46426494338878116
195,4,1,0,0.0,1.0,0.4908405812357642,0.46426494338878116
203,4,1,0,0.2,0.6,0.36413745685818655,0.46426494338878116
204,4,1,0,0.4,0.1999999999999999,0.47729445924356295,0.46426494338878116
214,4,1,0,0.2,0.6,0.337046239901271,0.46426494338878116
215,4,1,0,0.2,0.6,0.3866586278002927,0.46426494338878116
217,4,1,0,0.0,1.0,0.30203769806582603,0.46426494338878116
219,4,1,0,0.0,1.0,0.486469885640809,0.46426494338878116
220,4,1,0,0.4,0.1999999999999999,0.4046538375887152,0.46426494338878116
237,4,1,0,0.4,0.1999999999999999,0.4554715449090971,0.46426494338878116
247,4,1,0,0.2,0.6,0.4869569058167575,0.46426494338878116
259,4,1,0,0.0,1.0,0.29891599163257854,0.46426494338878116
295,4,1,0,0.0,1.0,0.34726479415108835,0.46426494338878116
299,4,1,1,0.8,0.6000000000000001,0.332399117344778,0.46426494338878116
310,4,1,0,0.2,0.6,0.44210238174811073,0.46426494338878116
313,4,1,0,0.0,1.0,0.37958832295139894,0.46426494338878116
317,4,1,0,0.4,0.1999999999999999,0.4144950747315621,0.46426494338878116
327,4,1,0,0.0,1.0,0.49360086849231233,0.46426494338878116
329,4,1,0,0.0,1.0,0.35035049395885703,0.46426494338878116
336,4,1,0,0.4,0.1999999999999999,0.4691347553476789,0.46426494338878116
340,4,1,1,0.6,0.1999999999999999,0.4696035515513338,0.46426494338878116
342,4,1,0,0.2,0.6,0.3540122596852844,0.46426494338878116
343,4,1,1,0.8,0.6000000000000001,0.5956745326639006,0.46426494338878116
345,4,1,0,0.0,1.0,0.4515697382689039,0.46426494338878116
349,4,1,0,0.0,1.0,0.4153744899035017,0.46426494338878116
351,4,1,0,0.0,1.0,0.5013479388330568,0.46426494338878116
367,4,1,0,0.25,0.5,0.3501242877340268,0.46426494338878116
377,4,1,0,0.25,0.5,0.4585808659718987,0.46426494338878116
379,4,1,1,0.75,0.5,0.5744896337553073,0.46426494338878116
387,4,1,0,0.0,1.0,0.5018627738674668,0.46426494338878116
390,4,1,1,0.75,0.5,0.5443621754850363,0.46426494338878116
391,4,1,0,0.0,1.0,0.3877833033673627,0.46426494338878116
397,4,1,1,0.75,0.5,0.5662012763130455,0.46426494338878116
408,4,1,0,0.4,0.1999999999999999,0.5857728726668651,0.46426494338878116
413,4,1,0,0.0,1.0,0.5982870817498642,0.46426494338878116
423,4,1,0,0.0,1.0,0.5828671519349208,0.46426494338878116
425,4,1,0,0.0,1.0,0.4249140943995423,0.46426494338878116
432,4,1,0,0.2,0.6,0.48757659581850643,0.46426494338878116
437,4,1,1,0.6,0.1999999999999999,0.5517787334445359,0.46426494338878116
443,4,1,0,0.0,1.0,0.49065088080809494,0.46426494338878116
451,4,1,0,0.25,0.5,0.3969916304532422,0.46426494338878116
454,4,1,0,0.0,1.0,0.3848333009234153,0.46426494338878116
464,4,1,0,0.0,1.0,0.456685838025091,0.46426494338878116
468,4,1,0,0.25,0.5,0.5106124469290064,0.46426494338878116
469,4,1,1,0.75,0.5,0.3899223153799382,0.46426494338878116
476,4,1,0,0.0,1.0,0.5102264865574152,0.46426494338878116
490,4,1,0,0.25,0.5,0.4545233149508894,0.46426494338878116
493,4,1,0,0.0,1.0,0.449920399045037,0.46426494338878116
501,4,1,0,0.25,0.5,0.5498272462663881,0.46426494338878116
503,4,1,0,0.0,1.0,0.5477525818329825,0.46426494338878116
507,4,1,1,1.0,1.0,0.4701159018367811,0.46426494338878116
528,4,1,0,0.0,1.0,0.44213651071713994,0.46426494338878116
533,4,1,0,0.0,1.0,0.39333648375087904,0.46426494338878116
542,4,1,0,0.25,0.5,0.3695190417247199,0.46426494338878116
545,4,1,0,0.25,0.5,0.43189707568145425,0.46426494338878116
557,4,1,0,0.3333333333333333,0.3333333333333333,0.3893358746986043,0.46426494338878116
559,4,1,1,0.6666666666666666,0.3333333333333332,0.4135664434780515,0.46426494338878116
572,4,1,1,0.8333333333333334,0.6666666666666667,0.6033530637331206,0.46426494338878116
573,4,1,0,0.3333333333333333,0.3333333333333333,0.5026000382702601,0.46426494338878116
584,4,1,1,0.6666666666666666,0.3333333333333332,0.6724825754863736,0.46426494338878116
592,4,1,1,0.6,0.1999999999999999,0.7125236786303405,0.46426494338878116
594,4,1,0,0.0,1.0,0.45189351198788275,0.46426494338878116
610,4,1,0,0.25,0.5,0.5117628756255013,0.46426494338878116
611,4,1,1,0.75,0.5,0.5047964436800195,0.46426494338878116
620,4,1,1,0.75,0.5,0.5862199816321814,0.46426494338878116
634,4,1,0,0.25,0.5,0.5413921919347952,0.46426494338878116
651,4,1,0,0.3333333333333333,0.3333333333333333,0.5021574240152171,0.46426494338878116
654,4,1,0,0.1666666666666666,0.6666666666666667,0.5059453836515158,0.46426494338878116
655,4,1,1,0.6666666666666666,0.3333333333333332,0.45819476135089515,0.46426494338878116
658,4,1,0,0.1666666666666666,0.6666666666666667,0.4862714094312784,0.46426494338878116
667,4,1,0,0.3333333333333333,0.3333333333333333,0.6052659564355192,0.46426494338878116
669,4,1,0,0.3333333333333333,0.3333333333333333,0.5676239721349257,0.46426494338878116
671,4,1,0,0.3333333333333333,0.3333333333333333,0.5228475311634987,0.46426494338878116
680,4,1,0,0.0,1.0,0.4326068817921048,0.46426494338878116
684,4,1,0,0.0,1.0,0.6212327351680954,0.46426494338878116
685,4,1,0,0.0,1.0,0.5076083145225277,0.46426494338878116
688,4,1,0,0.1666666666666666,0.6666666666666667,0.4556233183476026,0.46426494338878116
690,4,1,0,0.0,1.0,0.4070221190804889,0.46426494338878116
692,4,1,0,0.0,1.0,0.43727797799843476,0.46426494338878116
711,4,1,1,0.6,0.1999999999999999,0.4820417129677583,0.46426494338878116
713,4,1,1,0.6,0.1999999999999999,0.3378512275759789,0.46426494338878116
718,4,1,0,0.1666666666666666,0.6666666666666667,0.4153713361337087,0.46426494338878116
721,4,1,0,0.3333333333333333,0.3333333333333333,0.44885934195670435,0.46426494338878116
724,4,1,0,0.2,0.6,0.35253427552690914,0.46426494338878116
728,4,1,0,0.2,0.6,0.4482994734627224,0.46426494338878116
733,4,1,0,0.1666666666666666,0.6666666666666667,0.4533841520362979,0.46426494338878116
6,4,2,0,0.2,0.6,0.30405814885679083,0.47418764555061743
7,4,2,1,0.6,0.1999999999999999,0.40875706680683704,0.47418764555061743
16,4,2,1,0.6,0.1999999999999999,0.486640294445181,0.47418764555061743
39,4,2,0,0.0,1.0,0.3294072825280286,0.47418764555061743
42,4,2,0,0.0,1.0,0.37796503121926817,0.47418764555061743
48,4,2,1,0.6,0.1999999999999999,0.39447738574616525,0.47418764555061743
49,4,2,0,0.3333333333333333,0.3333333333333333,0.4385979026133652,0.47418764555061743
50,4,2,1,0.8,0.6000000000000001,0.4809983270834117,0.47418764555061743
56,4,2,0,0.25,0.5,0.4295907292313819,0.47418764555061743
58,4,2,0,0.25,0.5,0.4538348179816375,0.47418764555061743
64,4,2,0,0.3333333333333333,0.3333333333333333,0.33909519962147866,0.47418764555061743
71,4,2,0,0.0,1.0,0.4003040529862681,0.47418764555061743
76,4,2,0,0.25,0.5,0.37445292502518013,0.47418764555061743
78,4,2,0,0.0,1.0,0.32891938755725725,0.47418764555061743
82,4,2,0,0.25,0.5,0.3825141854069124,0.47418764555061743
92,4,2,0,0.0,1.0,0.35797276195550615,0.47418764555061743
96,4,2,0,0.0,1.0,0.3850614346854885,0.47418764555061743
100,4,2,0,0.25,0.5,0.45617130336062994,0.47418764555061743
101,4,2,0,0.3333333333333333,0.3333333333333333,0.31377278261675035,0.47418764555061743
103,4,2,0,0.1111111111111111,0.7777777777777778,0.31084057946298,0.47418764555061743
105,4,2,0,0.0,1.0,0.4385633884244051,0.47418764555061743
108,4,2,0,0.25,0.5,0.42783965863480267,0.47418764555061743
109,4,2,0,0.1111111111111111,0.7777777777777778,0.4445194260280604,0.47418764555061743
112,4,2,0,0.125,0.75,0.378084678178205,0.47418764555061743
115,4,2,0,0.0,1.0,0.33672257664181277,0.47418764555061743
125,4,2,0,0.125,0.75,0.3675902885718641,0.47418764555061743
136,4,2,0,0.3333333333333333,0.3333333333333333,0.3986943972549507,0.47418764555061743
160,4,2,0,0.1666666666666666,0.6666666666666667,0.3624946496255652,0.47418764555061743
162,4,2,0,0.2,0.6,0.3760300537616311,0.47418764555061743
165,4,2,0,0.0,1.0,0.405590430844344,0.47418764555061743
167,4,2,0,0.0,1.0,0.4692474514124709,0.47418764555061743
170,4,2,0,0.1666666666666666,0.6666666666666667,0.4792021857829675,0.47418764555061743
173,4,2,0,0.25,0.5,0.34689947352464123,0.47418764555061743
201,4,2,0,0.25,0.5,0.4509492101005486,0.47418764555061743
209,4,2,0,0.2,0.6,0.43174283944634884,0.47418764555061743
212,4,2,0,0.2,0.6,0.33270064696853163,0.47418764555061743
216,4,2,0,0.0,1.0,0.3923563542975662,0.47418764555061743
222,4,2,0,0.2,0.6,0.5868652321201002,0.47418764555061743
224,4,2,0,0.4,0.1999999999999999,0.4198839978987514,0.47418764555061743
228,4,2,0,0.2,0.6,0.44325976522144994,0.47418764555061743
238,4,2,0,0.25,0.5,0.39444161379433623,0.47418764555061743
241,4,2,1,0.6,0.1999999999999999,0.4400438595210952,0.47418764555061743
243,4,2,0,0.0,1.0,0.41405162501252224,0.47418764555061743
245,4,2,0,0.0,1.0,0.384650484811553,0.47418764555061743
250,4,2,0,0.4,0.1999999999999999,0.43320060659599835,0.47418764555061743
251,4,2,0,0.25,0.5,0.4881574415735265,0.47418764555061743
257,4,2,0,0.25,0.5,0.31094907358450363,0.47418764555061743
261,4,2,0,0.25,0.5,0.4909339966636637,0.47418764555061743
266,4,2,0,0.25,0.5,0.3504015252763908,0.47418764555061743
279,4,2,0,0.2,0.6,0.3799455080027081,0.47418764555061743
280,4,2,0,0.25,0.5,0.4844881203600984,0.47418764555061743
281,4,2,0,0.0,1.0,0.3875707605269862,0.47418764555061743
282,4,2,0,0.25,0.5,0.40472559322520985,0.47418764555061743
290,4,2,0,0.0,1.0,0.40639403203791263,0.47418764555061743
294,4,2,0,0.0,1.0,0.4682587389785848,0.47418764555061743
302,4,2,0,0.0,1.0,0.41957436698236816,0.47418764555061743
303,4,2,0,0.0,1.0,0.38481632129180543,0.47418764555061743
306,4,2,0,0.0,1.0,0.4928573205923103,0.47418764555061743
315,4,2,1,0.8,0.6000000000000001,0.5324678484519978,0.47418764555061743
328,4,2,1,0.6,0.1999999999999999,0.3643069008948962,0.47418764555061743
330,4,2,0,0.4,0.1999999999999999,0.4302726464360882,0.47418764555061743
334,4,2,0,0.4,0.1999999999999999,0.44077978051443234,0.47418764555061743
337,4,2,0,0.0,1.0,0.40215894086962606,0.47418764555061743
338,4,2,0,0.4,0.1999999999999999,0.41106667127744756,0.47418764555061743
350,4,2,0,0.0,1.0,0.43724231487703913,0.47418764555061743
352,4,2,0,0.25,0.5,0.4344218541925283,0.47418764555061743
358,4,2,0,0.25,0.5,0.5977961660440423,0.47418764555061743
365,4,2,0,0.25,0.5,0.43976031206816807,0.47418764555061743
380,4,2,1,0.75,0.5,0.6683459842541404,0.47418764555061743
398,4,2,0,0.25,0.5,0.5715342924049757,0.47418764555061743
403,4,2,0,0.0,1.0,0.4273745445233115,0.47418764555061743
404,4,2,1,0.6,0.1999999999999999,0.6652876074726668,0.47418764555061743
406,4,2,1,0.6,0.1999999999999999,0.4660019064381781,0.47418764555061743
411,4,2,0,0.2,0.6,0.6057203061083667,0.47418764555061743
417,4,2,0,0.2,0.6,0.5414460989332781,0.47418764555061743
419,4,2,0,0.4,0.1999999999999999,0.5884628927720723,0.47418764555061743
422,4,2,1,0.6,0.1999999999999999,0.4904731548165511,0.47418764555061743
427,4,2,1,0.6,0.1999999999999999,0.6007522708679616,0.47418764555061743
428,4,2,1,0.6,0.1999999999999999,0.4622493539555523,0.47418764555061743
434,4,2,0,0.0,1.0,0.5635873715264652,0.47418764555061743
444,4,2,0,0.2,0.6,0.648778098485361,0.47418764555061743
446,4,2,0,0.2,0.6,0.5919277280275668,0.47418764555061743
448,4,2,0,0.0,1.0,0.27305800425049814,0.47418764555061743
460,4,2,0,0.0,1.0,0.43645762930405085,0.47418764555061743
470,4,2,0,0.0,1.0,0.578327231490275,0.47418764555061743
471,4,2,0,0.0,1.0,0.6830604455608531,0.47418764555061743
473,4,2,0,0.25,0.5,0.5165029765380391,0.47418764555061743
475,4,2,0,0.25,0.5,0.4502660179096778,0.47418764555061743
477,4,2,0,0.0,1.0,0.46374948666231913,0.47418764555061743
484,4,2,0,0.25,0.5,0.4052276049704816,0.47418764555061743
489,4,2,0,0.0,1.0,0.5944916668155458,0.47418764555061743
517,4,2,0,0.25,0.5,0.588199382590541,0.47418764555061743
527,4,2,0,0.25,0.5,0.4754894699672594,0.47418764555061743
536,4,2,0,0.3333333333333333,0.3333333333333333,0.611227225985165,0.47418764555061743
538,4,2,0,0.0,1.0,0.6222390228441108,0.47418764555061743
555,4,2,0,0.3333333333333333,0.3333333333333333,0.5596238221300444,0.47418764555061743
560,4,2,0,0.1666666666666666,0.6666666666666667,0.5478341476512267,0.47418764555061743
566,4,2,0,0.1666666666666666,0.6666666666666667,0.39943162252917547,0.47418764555061743
568,4,2,1,1.0,1.0,0.532627209435633,0.47418764555061743
581,4,2,0,0.3333333333333333,0.3333333333333333,0.4574017661105236,0.47418764555061743
590,4,2,0,0.3333333333333333,0.3333333333333333,0.6741721695394534,0.47418764555061743
595,4,2,1,0.8333333333333334,0.6666666666666667,0.5786439625615398,0.47418764555061743
597,4,2,0,0.0,1.0,0.348958882988858,0.47418764555061743
599,4,2,0,0.0,1.0,0.5435126723728525,0.47418764555061743
600,4,2,0,0.1666666666666666,0.6666666666666667,0.620591259006742,0.47418764555061743
601,4,2,0,0.0,1.0,0.3863444376268049,0.47418764555061743
613,4,2,0,0.0,1.0,0.6918630072029219,0.47418764555061743
614,4,2,1,0.75,0.5,0.5464374113968455,0.47418764555061743
622,4,2,1,0.75,0.5,0.48596057074595533,0.47418764555061743
624,4,2,0,0.25,0.5,0.5561848712518094,0.47418764555061743
625,4,2,0,0.0,1.0,0.47027313017133343,0.47418764555061743
641,4,2,0,0.0,1.0,0.5298914013672273,0.47418764555061743
646,4,2,0,0.0,1.0,0.39525541080015725,0.47418764555061743
659,4,2,1,0.6666666666666666,0.3333333333333332,0.5453517787743237,0.47418764555061743
664,4,2,1,0.6666666666666666,0.3333333333333332,0.5315084735558259,0.47418764555061743
676,4,2,0,0.1666666666666666,0.6666666666666667,0.48670496172742717,0.47418764555061743
677,4,2,1,0.6666666666666666,0.3333333333333332,0.5249449616063273,0.47418764555061743
696,4,2,0,0.1666666666666666,0.6666666666666667,0.558643707917611,0.47418764555061743
702,4,2,0,0.1666666666666666,0.6666666666666667,0.6798270926260872,0.47418764555061743
706,4,2,1,0.6666666666666666,0.3333333333333332,0.531613741999053,0.47418764555061743
708,4,2,0,0.0,1.0,0.4443461164304313,0.47418764555061743
712,4,2,0,0.1666666666666666,0.6666666666666667,0.4365371255527283,0.47418764555061743
720,4,2,0,0.0,1.0,0.3534349163565959,0.47418764555061743
723,4,2,0,0.1666666666666666,0.6666666666666667,0.435967439210443,0.47418764555061743
734,4,2,0,0.0,1.0,0.413368240459641,0.47418764555061743
738,4,2,0,0.3333333333333333,0.3333333333333333,0.5105010037017244,0.47418764555061743
741,4,2,0,0.2,0.6,0.45021943817075644,0.47418764555061743
8,4,3,0,0.0,1.0,0.4270351096294429,0.4864899202958715
12,4,3,0,0.4,0.1999999999999999,0.3708843095546944,0.4864899202958715
14,4,3,0,0.2,0.6,0.41003717157236097,0.4864899202958715
15,4,3,0,0.4,0.1999999999999999,0.3721553165601609,0.4864899202958715
17,4,3,0,0.4,0.1999999999999999,0.570219999360233,0.4864899202958715
18,4,3,1,0.6,0.1999999999999999,0.591805164701714,0.4864899202958715
22,4,3,0,0.2,0.6,0.4482549616635172,0.4864899202958715
27,4,3,0,0.2,0.6,0.3568380122199629,0.4864899202958715
33,4,3,0,0.4,0.1999999999999999,0.44449385463093327,0.4864899202958715
53,4,3,0,0.1666666666666666,0.6666666666666667,0.39710837071549787,0.4864899202958715
55,4,3,0,0.0,1.0,0.35806392095289685,0.4864899202958715
62,4,3,0,0.25,0.5,0.3176950866466931,0.4864899202958715
68,4,3,0,0.0,1.0,0.3273142040748315,0.4864899202958715
75,4,3,0,0.0,1.0,0.4484849825712226,0.4864899202958715
77,4,3,0,0.25,0.5,0.3997909751173162,0.4864899202958715
79,4,3,0,0.25,0.5,0.4319074460613216,0.4864899202958715
84,4,3,0,0.3333333333333333,0.3333333333333333,0.4822891074033696,0.4864899202958715
97,4,3,0,0.25,0.5,0.3847902052696631,0.4864899202958715
98,4,3,0,0.3333333333333333,0.3333333333333333,0.35364108416492923,0.4864899202958715
104,4,3,0,0.1111111111111111,0.7777777777777778,0.395473123301163,0.4864899202958715
114,4,3,0,0.1111111111111111,0.7777777777777778,0.37767359002487605,0.4864899202958715
119,4,3,0,0.1111111111111111,0.7777777777777778,0.3110773001156262,0.4864899202958715
120,4,3,0,0.0,1.0,0.48930941224704555,0.4864899202958715
122,4,3,0,0.0,1.0,0.3969307442766529,0.4864899202958715
126,4,3,0,0.2222222222222222,0.5555555555555556,0.47533305411967647,0.4864899202958715
132,4,3,0,0.2222222222222222,0.5555555555555556,0.4737828583291462,0.4864899202958715
134,4,3,0,0.1111111111111111,0.7777777777777778,0.44308192421493586,0.4864899202958715
135,4,3,0,0.1666666666666666,0.6666666666666667,0.38015306930952664,0.4864899202958715
137,4,3,1,0.6666666666666666,0.3333333333333332,0.25905786125147456,0.4864899202958715
146,4,3,1,0.8888888888888888,0.7777777777777777,0.44762945844176255,0.4864899202958715
153,4,3,0,0.0,1.0,0.2926013506498863,0.4864899202958715
157,4,3,0,0.25,0.5,0.39524652563207496,0.4864899202958715
163,4,3,0,0.25,0.5,0.45021012057567855,0.4864899202958715
166,4,3,0,0.25,0.5,0.37508482860721337,0.4864899202958715
168,4,3,0,0.25,0.5,0.4524047350158463,0.4864899202958715
176,4,3,0,0.0,1.0,0.4464874823107069,0.4864899202958715
178,4,3,0,0.0,1.0,0.38517569355354736,0.4864899202958715
180,4,3,0,0.0,1.0,0.4465539016823405,0.4864899202958715
184,4,3,0,0.0,1.0,0.3009288987957096,0.4864899202958715
197,4,3,0,0.0,1.0,0.41898172320962657,0.4864899202958715
207,4,3,0,0.2,0.6,0.4678556665143238,0.4864899202958715
211,4,3,1,0.6,0.1999999999999999,0.6414128579658249,0.4864899202958715
213,4,3,0,0.4,0.1999999999999999,0.35941902183748226,0.4864899202958715
229,4,3,0,0.0,1.0,0.3650581382560557,0.4864899202958715
235,4,3,0,0.0,1.0,0.42614942353226015,0.4864899202958715
242,4,3,1,0.6,0.1999999999999999,0.41180832812132034,0.4864899202958715
244,4,3,1,0.6,0.1999999999999999,0.4726020649050825,0.4864899202958715
249,4,3,1,0.6,0.1999999999999999,0.39509135672628326,0.4864899202958715
253,4,3,0,0.0,1.0,0.3830047165315106,0.4864899202958715
254,4,3,0,0.25,0.5,0.4316354125094327,0.4864899202958715
258,4,3,0,0.0,1.0,0.29414674945876423,0.4864899202958715
267,4,3,0,0.0,1.0,0.4019007130353244,0.4864899202958715
286,4,3,0,0.2,0.6,0.3352929981677495,0.4864899202958715
287,4,3,0,0.25,0.5,0.4134992208693605,0.4864899202958715
296,4,3,0,0.0,1.0,0.36414610262889946,0.4864899202958715
307,4,3,0,0.4,0.1999999999999999,0.4546257490824472,0.4864899202958715
314,4,3,0,0.0,1.0,0.4471525650367099,0.4864899202958715
325,4,3,0,0.0,1.0,0.3856852826621806,0.4864899202958715
331,4,3,0,0.0,1.0,0.37319811993528546,0.4864899202958715
347,4,3,0,0.4,0.1999999999999999,0.43980674214518495,0.4864899202958715
355,4,3,0,0.25,0.5,0.49591159720980466,0.4864899202958715
356,4,3,0,0.25,0.5,0.4759391034348265,0.4864899202958715
361,4,3,0,0.0,1.0,0.4258637561058378,0.4864899202958715
362,4,3,1,0.75,0.5,0.5015650102045639,0.4864899202958715
363,4,3,0,0.0,1.0,0.5139311716641367,0.4864899202958715
366,4,3,0,0.0,1.0,0.4579664403869699,0.4864899202958715
371,4,3,0,0.25,0.5,0.461393677963365,0.4864899202958715
372,4,3,0,0.25,0.5,0.5173941587355706,0.4864899202958715
386,4,3,0,0.25,0.5,0.48056818069506185,0.4864899202958715
396,4,3,1,0.75,0.5,0.5365396448651649,0.4864899202958715
401,4,3,0,0.2,0.6,0.5287264565554136,0.4864899202958715
402,4,3,1,0.6,0.1999999999999999,0.4215269138223625,0.4864899202958715
412,4,3,1,1.0,1.0,0.608983805446011,0.4864899202958715
414,4,3,1,0.6,0.1999999999999999,0.7204702874662923,0.4864899202958715
418,4,3,0,0.0,1.0,0.557024811336185,0.4864899202958715
426,4,3,1,0.8,0.6000000000000001,0.5588042915336794,0.4864899202958715
429,4,3,0,0.0,1.0,0.49281472414819283,0.4864899202958715
430,4,3,1,0.6,0.1999999999999999,0.594054157235118,0.4864899202958715
433,4,3,0,0.0,1.0,0.3938798128250802,0.4864899202958715
442,4,3,1,0.8,0.6000000000000001,0.5719223807014925,0.4864899202958715
458,4,3,0,0.0,1.0,0.42202543267468484,0.4864899202958715
463,4,3,0,0.25,0.5,0.3641221361936513,0.4864899202958715
478,4,3,0,0.0,1.0,0.42874705848820627,0.4864899202958715
482,4,3,0,0.0,1.0,0.36326036861985506,0.4864899202958715
495,4,3,0,0.0,1.0,0.5913718474010842,0.4864899202958715
497,4,3,0,0.0,1.0,0.31013843001549457,0.4864899202958715
498,4,3,0,0.0,1.0,0.4533732219549268,0.4864899202958715
500,4,3,0,0.25,0.5,0.5454600600276848,0.4864899202958715
502,4,3,1,0.75,0.5,0.49037747787797537,0.4864899202958715
509,4,3,0,0.25,0.5,0.5098737669321991,0.4864899202958715
518,4,3,0,0.25,0.5,0.5448229521629891,0.4864899202958715
522,4,3,0,0.25,0.5,0.4792533011643328,0.4864899202958715
523,4,3,0,0.25,0.5,0.5094521959233065,0.4864899202958715
524,4,3,0,0.0,1.0,0.5038295485843054,0.4864899202958715
535,4,3,0,0.25,0.5,0.6359852457466987,0.4864899202958715
549,4,3,0,0.0,1.0,0.4544430150044608,0.4864899202958715
569,4,3,0,0.1666666666666666,0.6666666666666667,0.44231958015976713,0.4864899202958715
574,4,3,0,0.3333333333333333,0.3333333333333333,0.39230399712431885,0.4864899202958715
577,4,3,0,0.1666666666666666,0.6666666666666667,0.5723467471852506,0.4864899202958715
579,4,3,0,0.3333333333333333,0.3333333333333333,0.5491301075732787,0.4864899202958715
587,4,3,1,0.8333333333333334,0.6666666666666667,0.6266685671640575,0.4864899202958715
602,4,3,0,0.25,0.5,0.593682413529388,0.4864899202958715
615,4,3,1,0.75,0.5,0.6451241475053007,0.4864899202958715
616,4,3,1,0.75,0.5,0.4843649837762626,0.4864899202958715
628,4,3,0,0.0,1.0,0.47757303029213977,0.4864899202958715
631,4,3,0,0.0,1.0,0.5787505135415241,0.4864899202958715
636,4,3,0,0.0,1.0,0.5666738224330687,0.4864899202958715
638,4,3,0,0.25,0.5,0.5892732845374418,0.4864899202958715
639,4,3,0,0.0,1.0,0.5762803019314996,0.4864899202958715
640,4,3,1,0.75,0.5,0.6078106481604263,0.4864899202958715
644,4,3,0,0.25,0.5,0.4556997629209325,0.4864899202958715
652,4,3,0,0.0,1.0,0.34150862208455385,0.4864899202958715
668,4,3,0,0.1666666666666666,0.6666666666666667,0.6395055523314159,0.4864899202958715
672,4,3,0,0.0,1.0,0.49202441061278285,0.4864899202958715
681,4,3,0,0.1666666666666666,0.6666666666666667,0.6384209096881543,0.4864899202958715
682,4,3,0,0.1666666666666666,0.6666666666666667,0.6033723080852089,0.4864899202958715
687,4,3,0,0.3333333333333333,0.3333333333333333,0.5575514858938115,0.4864899202958715
694,4,3,0,0.3333333333333333,0.3333333333333333,0.5268124496866663,0.4864899202958715
703,4,3,0,0.0,1.0,0.5337378273664595,0.4864899202958715
704,4,3,0,0.3333333333333333,0.3333333333333333,0.3981817679704524,0.4864899202958715
709,4,3,0,0.3333333333333333,0.3333333333333333,0.5220739973958963,0.4864899202958715
710,4,3,0,0.0,1.0,0.41617416448600575,0.4864899202958715
714,4,3,0,0.3333333333333333,0.3333333333333333,0.3489963683178592,0.4864899202958715
719,4,3,0,0.1666666666666666,0.6666666666666667,0.4413965587797176,0.4864899202958715
722,4,3,0,0.2,0.6,0.39144874821629067,0.4864899202958715
735,4,3,0,0.0,1.0,0.4325569080440961,0.4864899202958715
737,4,3,0,0.1666666666666666,0.6666666666666667,0.3790790393917982,0.4864899202958715
2,4,4,0,0.4,0.1999999999999999,0.23212643335299607,0.5336358945048684
4,4,4,1,0.6,0.1999999999999999,0.48365483957277194,0.5336358945048684
5,4,4,0,0.2,0.6,0.533068936425457,0.5336358945048684
9,4,4,0,0.0,1.0,0.18917791262299694,0.5336358945048684
20,4,4,0,0.25,0.5,0.27715891551831395,0.5336358945048684
32,4,4,0,0.2,0.6,0.2758634475097735,0.5336358945048684
40,4,4,0,0.2,0.6,0.30091678715226583,0.5336358945048684
63,4,4,0,0.0,1.0,0.3348361665232661,0.5336358945048684
69,4,4,0,0.0,1.0,0.2896738356020677,0.5336358945048684
73,4,4,0,0.0,1.0,0.2732906791821648,0.5336358945048684
74,4,4,0,0.0,1.0,0.5240917402302787,0.5336358945048684
80,4,4,0,0.0,1.0,0.5012050975345251,0.5336358945048684
85,4,4,0,0.25,0.5,0.5245391459037898,0.5336358945048684
86,4,4,0,0.0,1.0,0.410702848651015,0.5336358945048684
89,4,4,0,0.25,0.5,0.49870110693707387,0.5336358945048684
99,4,4,0,0.0,1.0,0.4876976528170036,0.5336358945048684
113,4,4,0,0.1111111111111111,0.7777777777777778,0.35297176847029066,0.5336358945048684
117,4,4,0,0.25,0.5,0.2394072196582178,0.5336358945048684
123,4,4,0,0.0,1.0,0.5512866092966782,0.5336358945048684
130,4,4,0,0.1111111111111111,0.7777777777777778,0.16531880114210504,0.5336358945048684
138,4,4,1,0.5555555555555556,0.1111111111111111,0.4844727272553645,0.5336358945048684
141,4,4,0,0.0,1.0,0.5135473854306785,0.5336358945048684
142,4,4,0,0.0,1.0,0.4947774285286147,0.5336358945048684
144,4,4,0,0.0,1.0,0.5586125468099492,0.5336358945048684
149,4,4,0,0.3333333333333333,0.3333333333333333,0.26680508623134747,0.5336358945048684
150,4,4,0,0.0,1.0,0.25250371588309334,0.5336358945048684
152,4,4,0,0.0,1.0,0.165478393146298,0.5336358945048684
154,4,4,0,0.25,0.5,0.1434922159054774,0.5336358945048684
155,4,4,0,0.25,0.5,0.4336787001334087,0.5336358945048684
161,4,4,0,0.0,1.0,0.3489702978299792,0.5336358945048684
164,4,4,0,0.0,1.0,0.2804063186655319,0.5336358945048684
175,4,4,0,0.0,1.0,0.23519551022256155,0.5336358945048684
186,4,4,0,0.0,1.0,0.31110510994476015,0.5336358945048684
193,4,4,0,0.25,0.5,0.4022863967233383,0.5336358945048684
199,4,4,0,0.25,0.5,0.22082735744220133,0.5336358945048684
202,4,4,1,0.6,0.1999999999999999,0.4796401325518468,0.5336358945048684
208,4,4,0,0.0,1.0,0.2421815113475555,0.5336358945048684
210,4,4,0,0.4,0.1999999999999999,0.4210938627846908,0.5336358945048684
221,4,4,1,0.8,0.6000000000000001,0.2936788258308861,0.5336358945048684
223,4,4,0,0.2,0.6,0.30648417146220663,0.5336358945048684
225,4,4,0,0.2,0.6,0.5249626681359831,0.5336358945048684
232,4,4,0,0.25,0.5,0.36187736010827043,0.5336358945048684
260,4,4,0,0.25,0.5,0.2359726474728535,0.5336358945048684
263,4,4,0,0.2,0.6,0.2593497342200696,0.5336358945048684
264,4,4,0,0.25,0.5,0.30492942514397636,0.5336358945048684
270,4,4,0,0.0,1.0,0.616845519394001,0.5336358945048684
271,4,4,0,0.0,1.0,0.4215187957536674,0.5336358945048684
276,4,4,0,0.2,0.6,0.435744341979015,0.5336358945048684
283,4,4,0,0.25,0.5,0.36774058828487266,0.5336358945048684
285,4,4,0,0.4,0.1999999999999999,0.486070793611466,0.5336358945048684
288,4,4,1,0.75,0.5,0.11778035010519311,0.5336358945048684
291,4,4,0,0.0,1.0,0.36182251397365195,0.5336358945048684
292,4,4,0,0.25,0.5,0.542408106541481,0.5336358945048684
298,4,4,0,0.25,0.5,0.4776075929607023,0.5336358945048684
300,4,4,0,0.0,1.0,0.5030281173724436,0.5336358945048684
308,4,4,0,0.4,0.1999999999999999,0.435680427686827,0.5336358945048684
309,4,4,1,0.8,0.6000000000000001,0.5335977942569207,0.5336358945048684
312,4,4,0,0.0,1.0,0.45324300401776985,0.5336358945048684
318,4,4,0,0.4,0.1999999999999999,0.5937037531637315,0.5336358945048684
321,4,4,1,0.6,0.1999999999999999,0.6868642632704993,0.5336358945048684
322,4,4,1,0.6,0.1999999999999999,0.7120483646714633,0.5336358945048684
323,4,4,0,0.0,1.0,0.30466232671818616,0.5336358945048684
324,4,4,0,0.2,0.6,0.36727343382554406,0.5336358945048684
333,4,4,0,0.0,1.0,0.41406692216732,0.5336358945048684
344,4,4,0,0.2,0.6,0.39554040689145864,0.5336358945048684
354,4,4,0,0.25,0.5,0.36771493872861016,0.5336358945048684
359,4,4,0,0.25,0.5,0.22865693997604197,0.5336358945048684
360,4,4,0,0.25,0.5,0.29030964278836685,0.5336358945048684
369,4,4,0,0.0,1.0,0.44614514234146757,0.5336358945048684
373,4,4,0,0.0,1.0,0.41568826771107503,0.5336358945048684
383,4,4,0,0.0,1.0,0.42160107594614044,0.5336358945048684
384,4,4,0,0.25,0.5,0.36451735089103754,0.5336358945048684
405,4,4,0,0.0,1.0,0.5508396939770417,0.5336358945048684
407,4,4,0,0.2,0.6,0.6116314658431756,0.5336358945048684
415,4,4,0,0.0,1.0,0.6422300694350269,0.5336358945048684
421,4,4,0,0.2,0.6,0.3967317595476552,0.5336358945048684
424,4,4,1,0.6,0.1999999999999999,0.3773258822999924,0.5336358945048684
431,4,4,0,0.4,0.1999999999999999,0.7021520947932698,0.5336358945048684
436,4,4,0,0.4,0.1999999999999999,0.5840317202125294,0.5336358945048684
441,4,4,0,0.2,0.6,0.7381592218037816,0.5336358945048684
445,4,4,0,0.0,1.0,0.4601420435514723,0.5336358945048684
447,4,4,0,0.0,1.0,0.18925902266614883,0.5336358945048684
449,4,4,0,0.4,0.1999999999999999,0.16202607823025988,0.5336358945048684
453,4,4,0,0.25,0.5,0.2692353732532848,0.5336358945048684
467,4,4,1,1.0,1.0,0.543581298943341,0.5336358945048684
472,4,4,0,0.25,0.5,0.37773854982712896,0.5336358945048684
474,4,4,0,0.0,1.0,0.3785496136859734,0.5336358945048684
479,4,4,0,0.0,1.0,0.6378931276497719,0.5336358945048684
481,4,4,0,0.0,1.0,0.6638644056853648,0.5336358945048684
486,4,4,0,0.25,0.5,0.4828432779146156,0.5336358945048684
487,4,4,0,0.2,0.6,0.3893461268938665,0.5336358945048684
508,4,4,1,0.75,0.5,0.5432262329172057,0.5336358945048684
512,4,4,1,1.0,1.0,0.8285047700207852,0.5336358945048684
513,4,4,0,0.0,1.0,0.6621588765705942,0.5336358945048684
514,4,4,1,0.75,0.5,0.669887109383323,0.5336358945048684
516,4,4,0,0.0,1.0,0.5729181926690204,0.5336358945048684
519,4,4,0,0.0,1.0,0.37547639385769094,0.5336358945048684
521,4,4,1,0.75,0.5,0.42457067931367837,0.5336358945048684
525,4,4,0,0.2,0.6,0.38884122530530696,0.5336358945048684
531,4,4,1,0.75,0.5,0.40773297351400795,0.5336358945048684
532,4,4,0,0.0,1.0,0.3930219584037272,0.5336358945048684
539,4,4,0,0.25,0.5,0.4517216149494124,0.5336358945048684
540,4,4,0,0.25,0.5,0.5622221068532348,0.5336358945048684
551,4,4,1,0.6666666666666666,0.3333333333333332,0.46434104577016,0.5336358945048684
552,4,4,1,0.6666666666666666,0.3333333333333332,0.5341150471289164,0.5336358945048684
562,4,4,0,0.3333333333333333,0.3333333333333333,0.5085301520293708,0.5336358945048684
563,4,4,0,0.0,1.0,0.41148817414231786,0.5336358945048684
588,4,4,0,0.1666666666666666,0.6666666666666667,0.8085326508499506,0.5336358945048684
589,4,4,0,0.3333333333333333,0.3333333333333333,0.619251395396905,0.5336358945048684
598,4,4,0,0.3333333333333333,0.3333333333333333,0.552348508949631,0.5336358945048684
604,4,4,1,0.75,0.5,0.4629544747218138,0.5336358945048684
606,4,4,0,0.25,0.5,0.5021177077856218,0.5336358945048684
607,4,4,0,0.0,1.0,0.5290883128777734,0.5336358945048684
612,4,4,0,0.0,1.0,0.38886757594232574,0.5336358945048684
660,4,4,0,0.1666666666666666,0.6666666666666667,0.5254529489773502,0.5336358945048684
661,4,4,1,0.8333333333333334,0.6666666666666667,0.5404796738233147,0.5336358945048684
663,4,4,0,0.3333333333333333,0.3333333333333333,0.5476909185032302,0.5336358945048684
674,4,4,0,0.3333333333333333,0.3333333333333333,0.3578481631769116,0.5336358945048684
678,4,4,0,0.3333333333333333,0.3333333333333333,0.48037940522234474,0.5336358945048684
683,4,4,1,0.8333333333333334,0.6666666666666667,0.6567276761733063,0.5336358945048684
686,4,4,0,0.0,1.0,0.551733330792342,0.5336358945048684
725,4,4,0,0.0,1.0,0.4158972731533711,0.5336358945048684
726,4,4,0,0.0,1.0,0.29326991200281327,0.5336358945048684
729,4,4,0,0.4,0.1999999999999999,0.6105999768975812,0.5336358945048684
730,4,4,0,0.3333333333333333,0.3333333333333333,0.47852399895267034,0.5336358945048684
731,4,4,0,0.0,1.0,0.4718237831781964,0.5336358945048684
736,4,4,0,0.0,1.0,0.42322889287743576,0.5336358945048684
