patient_id,repeat,fold,y,y_soft,agreement,p,thr,w_sym,w_img
5,0,0,0,0.2,0.6,0.3802005784870162,0.4862887948411554,0.1515311074816046,0.8621866451486013
18,0,0,1,0.6,0.1999999999999999,0.5636877407402312,0.4862887948411554,0.1515311074816046,0.8621866451486013
26,0,0,1,0.8,0.6000000000000001,0.3489760052976676,0.4862887948411554,0.1515311074816046,0.8621866451486013
28,0,0,0,0.2,0.6,0.47110854131439217,0.4862887948411554,0.1515311074816046,0.8621866451486013
29,0,0,0,0.2,0.6,0.5972776053636356,0.4862887948411554,0.1515311074816046,0.8621866451486013
32,0,0,0,0.2,0.6,0.346341992364318,0.4862887948411554,0.1515311074816046,0.8621866451486013
40,0,0,0,0.2,0.6,0.3380946138090349,0.4862887948411554,0.1515311074816046,0.8621866451486013
49,0,0,0,0.3333333333333333,0.3333333333333333,0.33544992394798745,0.4862887948411554,0.1515311074816046,0.8621866451486013
51,0,0,0,0.25,0.5,0.4060909517007281,0.4862887948411554,0.1515311074816046,0.8621866451486013
55,0,0,0,0.0,1.0,0.33150931700674885,0.4862887948411554,0.1515311074816046,0.8621866451486013
59,0,0,0,0.25,0.5,0.2538006400562356,0.4862887948411554,0.1515311074816046,0.8621866451486013
63,0,0,0,0.0,1.0,0.43685905662578023,0.4862887948411554,0.1515311074816046,0.8621866451486013
64,0,0,0,0.3333333333333333,0.3333333333333333,0.2386286267989209,0.4862887948411554,0.1515311074816046,0.8621866451486013
67,0,0,0,0.0,1.0,0.338814268518832,0.4862887948411554,0.1515311074816046,0.8621866451486013
73,0,0,0,0.0,1.0,0.27773014119607226,0.4862887948411554,0.1515311074816046,0.8621866451486013
77,0,0,0,0.25,0.5,0.3797449739770035,0.4862887948411554,0.1515311074816046,0.8621866451486013
82,0,0,0,0.25,0.5,0.5061113881923485,0.4862887948411554,0.1515311074816046,0.8621866451486013
83,0,0,0,0.25,0.5,0.6070089856621247,0.4862887948411554,0.1515311074816046,0.8621866451486013
98,0,0,0,0.3333333333333333,0.3333333333333333,0.515020440198004,0.4862887948411554,0.1515311074816046,0.8621866451486013
107,0,0,0,0.1111111111111111,0.7777777777777778,0.6889435048523983,0.4862887948411554,0.1515311074816046,0.8621866451486013
109,0,0,0,0.1111111111111111,0.7777777777777778,0.5788334874991203,0.4862887948411554,0.1515311074816046,0.8621866451486013
112,0,0,0,0.125,0.75,0.40113657458784535,0.4862887948411554,0.1515311074816046,0.8621866451486013
113,0,0,0,0.1111111111111111,0.7777777777777778,0.6081720900835578,0.4862887948411554,0.1515311074816046,0.8621866451486013
116,0,0,0,0.0,1.0,0.33959639486596743,0.4862887948411554,0.1515311074816046,0.8621866451486013
122,0,0,0,0.0,1.0,0.2713516368670627,0.4862887948411554,0.1515311074816046,0.8621866451486013
134,0,0,0,0.1111111111111111,0.7777777777777778,0.42897506994937123,0.4862887948411554,0.1515311074816046,0.8621866451486013
137,0,0,1,0.6666666666666666,0.3333333333333332,0.30060583061169593,0.4862887948411554,0.1515311074816046,0.8621866451486013
138,0,0,1,0.5555555555555556,0.1111111111111111,0.47030548202272054,0.4862887948411554,0.1515311074816046,0.8621866451486013
139,0,0,0,0.0,1.0,0.5100551167257531,0.4862887948411554,0.1515311074816046,0.8621866451486013
147,0,0,0,0.0,1.0,0.5091633166416886,0.4862887948411554,0.1515311074816046,0.8621866451486013
151,0,0,0,0.0,1.0,0.4820381780175292,0.4862887948411554,0.1515311074816046,0.8621866451486013
153,0,0,0,0.0,1.0,0.344086044663776,0.4862887948411554,0.1515311074816046,0.8621866451486013
160,0,0,0,0.1666666666666666,0.6666666666666667,0.408100395879641,0.4862887948411554,0.1515311074816046,0.8621866451486013
161,0,0,0,0.0,1.0,0.29284652319965443,0.4862887948411554,0.1515311074816046,0.8621866451486013
177,0,0,0,0.0,1.0,0.47671186109166996,0.4862887948411554,0.1515311074816046,0.8621866451486013
183,0,0,0,0.0,1.0,0.4429059028073682,0.4862887948411554,0.1515311074816046,0.8621866451486013
199,0,0,0,0.25,0.5,0.3323964586658037,0.4862887948411554,0.1515311074816046,0.8621866451486013
210,0,0,0,0.4,0.1999999999999999,0.684153789351283,0.4862887948411554,0.1515311074816046,0.8621866451486013
211,0,0,1,0.6,0.1999999999999999,0.5435982337976998,0.4862887948411554,0.1515311074816046,0.8621866451486013
213,0,0,0,0.4,0.1999999999999999,0.3064301441780234,0.4862887948411554,0.1515311074816046,0.8621866451486013
230,0,0,0,0.2,0.6,0.4034752859752482,0.4862887948411554,0.1515311074816046,0.8621866451486013
232,0,0,0,0.25,0.5,0.4489728066135179,0.4862887948411554,0.1515311074816046,0.8621866451486013
233,0,0,0,0.0,1.0,0.37070163188786726,0.4862887948411554,0.1515311074816046,0.8621866451486013
240,0,0,0,0.2,0.6,0.42863080335378845,0.4862887948411554,0.1515311074816046,0.8621866451486013
244,0,0,1,0.6,0.1999999999999999,0.595331610372944,0.4862887948411554,0.1515311074816046,0.8621866451486013
248,0,0,0,0.4,0.1999999999999999,0.4560790326561258,0.4862887948411554,0.1515311074816046,0.8621866451486013
253,0,0,0,0.0,1.0,0.5764102833198819,0.4862887948411554,0.1515311074816046,0.8621866451486013
259,0,0,0,0.0,1.0,0.36074989683114744,0.4862887948411554,0.1515311074816046,0.8621866451486013
282,0,0,0,0.25,0.5,0.5153022544402525,0.4862887948411554,0.1515311074816046,0.8621866451486013
285,0,0,0,0.4,0.1999999999999999,0.35582809196956233,0.4862887948411554,0.1515311074816046,0.8621866451486013
287,0,0,0,0.25,0.5,0.5878638261367085,0.4862887948411554,0.1515311074816046,0.8621866451486013
294,0,0,0,0.0,1.0,0.4752535349706405,0.4862887948411554,0.1515311074816046,0.8621866451486013
300,0,0,0,0.0,1.0,0.5737827240494185,0.4862887948411554,0.1515311074816046,0.8621866451486013
307,0,0,0,0.4,0.1999999999999999,0.3810742554820204,0.4862887948411554,0.1515311074816046,0.8621866451486013
310,0,0,0,0.2,0.6,0.5139233711761523,0.4862887948411554,0.1515311074816046,0.8621866451486013
315,0,0,1,0.8,0.6000000000000001,0.5095661567635706,0.4862887948411554,0.1515311074816046,0.8621866451486013
316,0,0,0,0.4,0.1999999999999999,0.40989113620754225,0.4862887948411554,0.1515311074816046,0.8621866451486013
319,0,0,0,0.2,0.6,0.4356204927118705,0.4862887948411554,0.1515311074816046,0.8621866451486013
329,0,0,0,0.0,1.0,0.4152996461153636,0.4862887948411554,0.1515311074816046,0.8621866451486013
330,0,0,0,0.4,0.1999999999999999,0.549696968692162,0.4862887948411554,0.1515311074816046,0.8621866451486013
338,0,0,0,0.4,0.1999999999999999,0.5371661031289963,0.4862887948411554,0.1515311074816046,0.8621866451486013
339,0,0,0,0.0,1.0,0.4599919775529511,0.4862887948411554,0.1515311074816046,0.8621866451486013
342,0,0,0,0.2,0.6,0.3542095079557892,0.4862887948411554,0.1515311074816046,0.8621866451486013
345,0,0,0,0.0,1.0,0.37250522337790937,0.4862887948411554,0.1515311074816046,0.8621866451486013
358,0,0,0,0.25,0.5,0.5547960043996245,0.4862887948411554,0.1515311074816046,0.8621866451486013
362,0,0,1,0.75,0.5,0.3641229460641903,0.4862887948411554,0.1515311074816046,0.8621866451486013
372,0,0,0,0.25,0.5,0.4868491604330601,0.4862887948411554,0.1515311074816046,0.8621866451486013
377,0,0,0,0.25,0.5,0.38602700582087557,0.4862887948411554,0.1515311074816046,0.8621866451486013
379,0,0,1,0.75,0.5,0.5843288537085376,0.4862887948411554,0.1515311074816046,0.8621866451486013
386,0,0,0,0.25,0.5,0.49638356620740703,0.4862887948411554,0.1515311074816046,0.8621866451486013
404,0,0,1,0.6,0.1999999999999999,0.789338027677654,0.4862887948411554,0.1515311074816046,0.8621866451486013
409,0,0,0,0.4,0.1999999999999999,0.7089607394435296,0.4862887948411554,0.1515311074816046,0.8621866451486013
411,0,0,0,0.2,0.6,0.7021291636639767,0.4862887948411554,0.1515311074816046,0.8621866451486013
412,0,0,1,1.0,1.0,0.6206098957237302,0.4862887948411554,0.1515311074816046,0.8621866451486013
414,0,0,1,0.6,0.1999999999999999,0.7519957133202145,0.4862887948411554,0.1515311074816046,0.8621866451486013
418,0,0,0,0.0,1.0,0.6573654479049807,0.4862887948411554,0.1515311074816046,0.8621866451486013
426,0,0,1,0.8,0.6000000000000001,0.6393180850457596,0.4862887948411554,0.1515311074816046,0.8621866451486013
428,0,0,1,0.6,0.1999999999999999,0.5596952770684895,0.4862887948411554,0.1515311074816046,0.8621866451486013
433,0,0,0,0.0,1.0,0.6688811537084286,0.4862887948411554,0.1515311074816046,0.8621866451486013
438,0,0,0,0.1666666666666666,0.6666666666666667,0.6104331175337462,0.4862887948411554,0.1515311074816046,0.8621866451486013
443,0,0,0,0.0,1.0,0.3322810196177414,0.4862887948411554,0.1515311074816046,0.8621866451486013
444,0,0,0,0.2,0.6,0.6719845286639793,0.4862887948411554,0.1515311074816046,0.8621866451486013
445,0,0,0,0.0,1.0,0.5590775178106208,0.4862887948411554,0.1515311074816046,0.8621866451486013
452,0,0,0,0.25,0.5,0.5765537949259827,0.4862887948411554,0.1515311074816046,0.8621866451486013
463,0,0,0,0.25,0.5,0.4643209687890306,0.4862887948411554,0.1515311074816046,0.8621866451486013
467,0,0,1,1.0,1.0,0.7434544100857999,0.4862887948411554,0.1515311074816046,0.8621866451486013
469,0,0,1,0.75,0.5,0.49534676309143505,0.4862887948411554,0.1515311074816046,0.8621866451486013
475,0,0,0,0.25,0.5,0.5087606349990192,0.4862887948411554,0.1515311074816046,0.8621866451486013
476,0,0,0,0.0,1.0,0.646546360933545,0.4862887948411554,0.1515311074816046,0.8621866451486013
486,0,0,0,0.25,0.5,0.8040452074111005,0.4862887948411554,0.1515311074816046,0.8621866451486013
487,0,0,0,0.2,0.6,0.20625242296805368,0.4862887948411554,0.1515311074816046,0.8621866451486013
490,0,0,0,0.25,0.5,0.482451567835173,0.4862887948411554,0.1515311074816046,0.8621866451486013
492,0,0,0,0.3333333333333333,0.3333333333333333,0.4068170388159849,0.4862887948411554,0.1515311074816046,0.8621866451486013
493,0,0,0,0.0,1.0,0.576940684275846,0.4862887948411554,0.1515311074816046,0.8621866451486013
497,0,0,0,0.0,1.0,0.31252449743066507,0.4862887948411554,0.1515311074816046,0.8621866451486013
518,0,0,0,0.25,0.5,0.806482797000717,0.4862887948411554,0.1515311074816046,0.8621866451486013
527,0,0,0,0.25,0.5,0.6536928811254652,0.4862887948411554,0.1515311074816046,0.8621866451486013
528,0,0,0,0.0,1.0,0.47553617285360517,0.4862887948411554,0.1515311074816046,0.8621866451486013
536,0,0,0,0.3333333333333333,0.3333333333333333,0.6279187991332736,0.4862887948411554,0.1515311074816046,0.8621866451486013
545,0,0,0,0.25,0.5,0.503189177721008,0.4862887948411554,0.1515311074816046,0.8621866451486013
549,0,0,0,0.0,1.0,0.3656090022357338,0.4862887948411554,0.1515311074816046,0.8621866451486013
563,0,0,0,0.0,1.0,0.5808188855976024,0.4862887948411554,0.1515311074816046,0.8621866451486013
565,0,0,0,0.3333333333333333,0.3333333333333333,0.6323788048010052,0.4862887948411554,0.1515311074816046,0.8621866451486013
569,0,0,0,0.1666666666666666,0.6666666666666667,0.7199754914179913,0.4862887948411554,0.1515311074816046,0.8621866451486013
581,0,0,0,0.3333333333333333,0.3333333333333333,0.598208502855912,0.4862887948411554,0.1515311074816046,0.8621866451486013
584,0,0,1,0.6666666666666666,0.3333333333333332,0.7895621465524632,0.4862887948411554,0.1515311074816046,0.8621866451486013
592,0,0,1,0.6,0.1999999999999999,0.6566658204259472,0.4862887948411554,0.1515311074816046,0.8621866451486013
601,0,0,0,0.0,1.0,0.2369192375532162,0.4862887948411554,0.1515311074816046,0.8621866451486013
610,0,0,0,0.25,0.5,0.6383747712259293,0.4862887948411554,0.1515311074816046,0.8621866451486013
619,0,0,0,0.25,0.5,0.7030600718200419,0.4862887948411554,0.1515311074816046,0.8621866451486013
645,0,0,1,0.75,0.5,0.7420038537329192,0.4862887948411554,0.1515311074816046,0.8621866451486013
654,0,0,0,0.1666666666666666,0.6666666666666667,0.5077417166347442,0.4862887948411554,0.1515311074816046,0.8621866451486013
656,0,0,1,0.6666666666666666,0.3333333333333332,0.6132260790778526,0.4862887948411554,0.1515311074816046,0.8621866451486013
659,0,0,1,0.6666666666666666,0.3333333333333332,0.6581424401849865,0.4862887948411554,0.1515311074816046,0.8621866451486013
672,0,0,0,0.0,1.0,0.3366477710647711,0.4862887948411554,0.1515311074816046,0.8621866451486013
682,0,0,0,0.1666666666666666,0.6666666666666667,0.5788571618092514,0.4862887948411554,0.1515311074816046,0.8621866451486013
689,0,0,0,0.0,1.0,0.3424384358751906,0.4862887948411554,0.1515311074816046,0.8621866451486013
690,0,0,0,0.0,1.0,0.5827241336028257,0.4862887948411554,0.1515311074816046,0.8621866451486013
695,0,0,0,0.3333333333333333,0.3333333333333333,0.5400050815654828,0.4862887948411554,0.1515311074816046,0.8621866451486013
699,0,0,0,0.1666666666666666,0.6666666666666667,0.5406118530838462,0.4862887948411554,0.1515311074816046,0.8621866451486013
701,0,0,0,0.1666666666666666,0.6666666666666667,0.7235430618772583,0.4862887948411554,0.1515311074816046,0.8621866451486013
702,0,0,0,0.1666666666666666,0.6666666666666667,0.5966276828184597,0.4862887948411554,0.1515311074816046,0.8621866451486013
706,0,0,1,0.6666666666666666,0.3333333333333332,0.633019114835823,0.4862887948411554,0.1515311074816046,0.8621866451486013
712,0,0,0,0.1666666666666666,0.6666666666666667,0.5980636626004877,0.4862887948411554,0.1515311074816046,0.8621866451486013
714,0,0,0,0.3333333333333333,0.3333333333333333,0.3739878745611595,0.4862887948411554,0.1515311074816046,0.8621866451486013
720,0,0,0,0.0,1.0,0.4293943658258133,0.4862887948411554,0.1515311074816046,0.8621866451486013
735,0,0,0,0.0,1.0,0.30374877897518493,0.4862887948411554,0.1515311074816046,0.8621866451486013
2,0,1,0,0.4,0.1999999999999999,0.35315513298262213,0.49191585779143726,0.515604710250332,0.9272461868974478
6,0,1,0,0.2,0.6,0.3077300659943931,0.49191585779143726,0.515604710250332,0.9272461868974478
14,0,1,0,0.2,0.6,0.4505565609009235,0.49191585779143726,0.515604710250332,0.9272461868974478
30,0,1,0,0.2,0.6,0.4007663684250086,0.49191585779143726,0.515604710250332,0.9272461868974478
34,0,1,0,0.1666666666666666,0.6666666666666667,0.49218769037034127,0.49191585779143726,0.515604710250332,0.9272461868974478
38,0,1,0,0.0,1.0,0.5844475261847338,0.49191585779143726,0.515604710250332,0.9272461868974478
39,0,1,0,0.0,1.0,0.31915944967362164,0.49191585779143726,0.515604710250332,0.9272461868974478
56,0,1,0,0.25,0.5,0.27740166971918895,0.49191585779143726,0.515604710250332,0.9272461868974478
61,0,1,0,0.2,0.6,0.2607172305993449,0.49191585779143726,0.515604710250332,0.9272461868974478
65,0,1,0,0.25,0.5,0.21006086584758346,0.49191585779143726,0.515604710250332,0.9272461868974478
66,0,1,0,0.0,1.0,0.35964993538916284,0.49191585779143726,0.515604710250332,0.9272461868974478
68,0,1,0,0.0,1.0,0.36909211990551904,0.49191585779143726,0.515604710250332,0.9272461868974478
69,0,1,0,0.0,1.0,0.31395133257052577,0.49191585779143726,0.515604710250332,0.9272461868974478
74,0,1,0,0.0,1.0,0.5530979161058586,0.49191585779143726,0.515604710250332,0.9272461868974478
78,0,1,0,0.0,1.0,0.19982023891701894,0.49191585779143726,0.515604710250332,0.9272461868974478
85,0,1,0,0.25,0.5,0.533252735383832,0.49191585779143726,0.515604710250332,0.9272461868974478
87,0,1,0,0.0,1.0,0.40562919056498986,0.49191585779143726,0.515604710250332,0.9272461868974478
93,0,1,0,0.0,1.0,0.3371870342978777,0.49191585779143726,0.515604710250332,0.9272461868974478
94,0,1,0,0.25,0.5,0.5274278308833613,0.49191585779143726,0.515604710250332,0.9272461868974478
95,0,1,0,0.25,0.5,0.30446797128967573,0.49191585779143726,0.515604710250332,0.9272461868974478
96,0,1,0,0.0,1.0,0.48960485488820527,0.49191585779143726,0.515604710250332,0.9272461868974478
106,0,1,1,1.0,1.0,0.4927052831052442,0.49191585779143726,0.515604710250332,0.9272461868974478
120,0,1,0,0.0,1.0,0.4904724810756182,0.49191585779143726,0.515604710250332,0.9272461868974478
124,0,1,0,0.0,1.0,0.468218495810475,0.49191585779143726,0.515604710250332,0.9272461868974478
127,0,1,1,0.6666666666666666,0.3333333333333332,0.5956048731134715,0.49191585779143726,0.515604710250332,0.9272461868974478
131,0,1,0,0.0,1.0,0.3813038719996409,0.49191585779143726,0.515604710250332,0.9272461868974478
141,0,1,0,0.0,1.0,0.6000743033441355,0.49191585779143726,0.515604710250332,0.9272461868974478
142,0,1,0,0.0,1.0,0.47141335241648036,0.49191585779143726,0.515604710250332,0.9272461868974478
143,0,1,1,0.5555555555555556,0.1111111111111111,0.42840116913642495,0.49191585779143726,0.515604710250332,0.9272461868974478
148,0,1,0,0.1111111111111111,0.7777777777777778,0.19973654665564464,0.49191585779143726,0.515604710250332,0.9272461868974478
149,0,1,0,0.3333333333333333,0.3333333333333333,0.23712301338060326,0.49191585779143726,0.515604710250332,0.9272461868974478
150,0,1,0,0.0,1.0,0.30619004152649965,0.49191585779143726,0.515604710250332,0.9272461868974478
152,0,1,0,0.0,1.0,0.20956544844334024,0.49191585779143726,0.515604710250332,0.9272461868974478
155,0,1,0,0.25,0.5,0.3690263851977706,0.49191585779143726,0.515604710250332,0.9272461868974478
156,0,1,0,0.25,0.5,0.37915159083762756,0.49191585779143726,0.515604710250332,0.9272461868974478
159,0,1,0,0.0,1.0,0.2541315456225713,0.49191585779143726,0.515604710250332,0.9272461868974478
163,0,1,0,0.25,0.5,0.4015425913160724,0.49191585779143726,0.515604710250332,0.9272461868974478
166,0,1,0,0.25,0.5,0.3505393085821121,0.49191585779143726,0.515604710250332,0.9272461868974478
168,0,1,0,0.25,0.5,0.4059332619766809,0.49191585779143726,0.515604710250332,0.9272461868974478
182,0,1,0,0.0,1.0,0.6096279724980037,0.49191585779143726,0.515604710250332,0.9272461868974478
187,0,1,0,0.0,1.0,0.42624406185165475,0.49191585779143726,0.515604710250332,0.9272461868974478
190,0,1,0,0.25,0.5,0.2431801722405742,0.49191585779143726,0.515604710250332,0.9272461868974478
200,0,1,0,0.2,0.6,0.4317267324209065,0.49191585779143726,0.515604710250332,0.9272461868974478
202,0,1,1,0.6,0.1999999999999999,0.43134691216885707,0.49191585779143726,0.515604710250332,0.9272461868974478
204,0,1,0,0.4,0.1999999999999999,0.3219590566737908,0.49191585779143726,0.515604710250332,0.9272461868974478
208,0,1,0,0.0,1.0,0.22697879773352855,0.49191585779143726,0.515604710250332,0.9272461868974478
209,0,1,0,0.2,0.6,0.3876180532202807,0.49191585779143726,0.515604710250332,0.9272461868974478
212,0,1,0,0.2,0.6,0.2864887791729111,0.49191585779143726,0.515604710250332,0.9272461868974478
215,0,1,0,0.2,0.6,0.28845709421683124,0.49191585779143726,0.515604710250332,0.9272461868974478
221,0,1,1,0.8,0.6000000000000001,0.3119071116005324,0.49191585779143726,0.515604710250332,0.9272461868974478
224,0,1,0,0.4,0.1999999999999999,0.5768786266929495,0.49191585779143726,0.515604710250332,0.9272461868974478
226,0,1,0,0.0,1.0,0.5032305630297721,0.49191585779143726,0.515604710250332,0.9272461868974478
242,0,1,1,0.6,0.1999999999999999,0.43316293996436744,0.49191585779143726,0.515604710250332,0.9272461868974478
243,0,1,0,0.0,1.0,0.2429890529560607,0.49191585779143726,0.515604710250332,0.9272461868974478
247,0,1,0,0.2,0.6,0.5427984704596905,0.49191585779143726,0.515604710250332,0.9272461868974478
250,0,1,0,0.4,0.1999999999999999,0.664407075987307,0.49191585779143726,0.515604710250332,0.9272461868974478
260,0,1,0,0.25,0.5,0.28633521228196285,0.49191585779143726,0.515604710250332,0.9272461868974478
267,0,1,0,0.0,1.0,0.19857221983087522,0.49191585779143726,0.515604710250332,0.9272461868974478
279,0,1,0,0.2,0.6,0.3535079004491675,0.49191585779143726,0.515604710250332,0.9272461868974478
281,0,1,0,0.0,1.0,0.39928554182942466,0.49191585779143726,0.515604710250332,0.9272461868974478
304,0,1,1,0.8,0.6000000000000001,0.5182581209520497,0.49191585779143726,0.515604710250332,0.9272461868974478
308,0,1,0,0.4,0.1999999999999999,0.5396091194253589,0.49191585779143726,0.515604710250332,0.9272461868974478
309,0,1,1,0.8,0.6000000000000001,0.5259402081280198,0.49191585779143726,0.515604710250332,0.9272461868974478
317,0,1,0,0.4,0.1999999999999999,0.33683263469615904,0.49191585779143726,0.515604710250332,0.9272461868974478
326,0,1,0,0.0,1.0,0.5060359386406366,0.49191585779143726,0.515604710250332,0.9272461868974478
328,0,1,1,0.6,0.1999999999999999,0.27785157423652074,0.49191585779143726,0.515604710250332,0.9272461868974478
331,0,1,0,0.0,1.0,0.45457899889300846,0.49191585779143726,0.515604710250332,0.9272461868974478
333,0,1,0,0.0,1.0,0.37934621259554413,0.49191585779143726,0.515604710250332,0.9272461868974478
336,0,1,0,0.4,0.1999999999999999,0.3851592563661896,0.49191585779143726,0.515604710250332,0.9272461868974478
340,0,1,1,0.6,0.1999999999999999,0.36729880736994674,0.49191585779143726,0.515604710250332,0.9272461868974478
360,0,1,0,0.25,0.5,0.29602195296736844,0.49191585779143726,0.515604710250332,0.9272461868974478
366,0,1,0,0.0,1.0,0.47948049567668144,0.49191585779143726,0.515604710250332,0.9272461868974478
367,0,1,0,0.25,0.5,0.599213798483443,0.49191585779143726,0.515604710250332,0.9272461868974478
371,0,1,0,0.25,0.5,0.5496332798928868,0.49191585779143726,0.515604710250332,0.9272461868974478
393,0,1,0,0.25,0.5,0.5185013967359686,0.49191585779143726,0.515604710250332,0.9272461868974478
396,0,1,1,0.75,0.5,0.7248124244346389,0.49191585779143726,0.515604710250332,0.9272461868974478
397,0,1,1,0.75,0.5,0.4943124892113943,0.49191585779143726,0.515604710250332,0.9272461868974478
399,0,1,0,0.25,0.5,0.3984719509120441,0.49191585779143726,0.515604710250332,0.9272461868974478
401,0,1,0,0.2,0.6,0.4675927384946675,0.49191585779143726,0.515604710250332,0.9272461868974478
408,0,1,0,0.4,0.1999999999999999,0.6767126631509534,0.49191585779143726,0.515604710250332,0.9272461868974478
415,0,1,0,0.0,1.0,0.5544800886549287,0.49191585779143726,0.515604710250332,0.9272461868974478
422,0,1,1,0.6,0.1999999999999999,0.5182186269618633,0.49191585779143726,0.515604710250332,0.9272461868974478
423,0,1,0,0.0,1.0,0.7754104139285884,0.49191585779143726,0.515604710250332,0.9272461868974478
434,0,1,0,0.0,1.0,0.754736186466642,0.49191585779143726,0.515604710250332,0.9272461868974478
436,0,1,0,0.4,0.1999999999999999,0.4414457036829564,0.49191585779143726,0.515604710250332,0.9272461868974478
440,0,1,0,0.0,1.0,0.7719101820508507,0.49191585779143726,0.515604710250332,0.9272461868974478
458,0,1,0,0.0,1.0,0.6101377583134397,0.49191585779143726,0.515604710250332,0.9272461868974478
464,0,1,0,0.0,1.0,0.6580834303279455,0.49191585779143726,0.515604710250332,0.9272461868974478
474,0,1,0,0.0,1.0,0.4895232375688035,0.49191585779143726,0.515604710250332,0.9272461868974478
482,0,1,0,0.0,1.0,0.21058471839106185,0.49191585779143726,0.515604710250332,0.9272461868974478
494,0,1,1,0.8,0.6000000000000001,0.509882461155418,0.49191585779143726,0.515604710250332,0.9272461868974478
496,0,1,1,0.75,0.5,0.58745194323846,0.49191585779143726,0.515604710250332,0.9272461868974478
498,0,1,0,0.0,1.0,0.29294529440718536,0.49191585779143726,0.515604710250332,0.9272461868974478
500,0,1,0,0.25,0.5,0.60689305486375,0.49191585779143726,0.515604710250332,0.9272461868974478
503,0,1,0,0.0,1.0,0.5197977595119115,0.49191585779143726,0.515604710250332,0.9272461868974478
508,0,1,1,0.75,0.5,0.6020122986946028,0.49191585779143726,0.515604710250332,0.9272461868974478
509,0,1,0,0.25,0.5,0.5504473118956897,0.49191585779143726,0.515604710250332,0.9272461868974478
514,0,1,1,0.75,0.5,0.7115770884889079,0.49191585779143726,0.515604710250332,0.9272461868974478
516,0,1,0,0.0,1.0,0.4905403698129816,0.49191585779143726,0.515604710250332,0.9272461868974478
521,0,1,1,0.75,0.5,0.48482368984066293,0.49191585779143726,0.515604710250332,0.9272461868974478
524,0,1,0,0.0,1.0,0.603811379330701,0.49191585779143726,0.515604710250332,0.9272461868974478
533,0,1,0,0.0,1.0,0.3203129656052281,0.49191585779143726,0.515604710250332,0.9272461868974478
539,0,1,0,0.25,0.5,0.5916130687210646,0.49191585779143726,0.515604710250332,0.9272461868974478
550,0,1,0,0.0,1.0,0.5876523906937267,0.49191585779143726,0.515604710250332,0.9272461868974478
551,0,1,1,0.6666666666666666,0.3333333333333332,0.8047073476669911,0.49191585779143726,0.515604710250332,0.9272461868974478
573,0,1,0,0.3333333333333333,0.3333333333333333,0.5828828856136736,0.49191585779143726,0.515604710250332,0.9272461868974478
577,0,1,0,0.1666666666666666,0.6666666666666667,0.6074694829178932,0.49191585779143726,0.515604710250332,0.9272461868974478
580,0,1,0,0.3333333333333333,0.3333333333333333,0.3178953960710494,0.49191585779143726,0.515604710250332,0.9272461868974478
587,0,1,1,0.8333333333333334,0.6666666666666667,0.6209558680079912,0.49191585779143726,0.515604710250332,0.9272461868974478
600,0,1,0,0.1666666666666666,0.6666666666666667,0.8269622108522952,0.49191585779143726,0.515604710250332,0.9272461868974478
604,0,1,1,0.75,0.5,0.805086461633595,0.49191585779143726,0.515604710250332,0.9272461868974478
606,0,1,0,0.25,0.5,0.571614827734453,0.49191585779143726,0.515604710250332,0.9272461868974478
612,0,1,0,0.0,1.0,0.21221506498242051,0.49191585779143726,0.515604710250332,0.9272461868974478
625,0,1,0,0.0,1.0,0.4810592216715101,0.49191585779143726,0.515604710250332,0.9272461868974478
639,0,1,0,0.0,1.0,0.3749123496762206,0.49191585779143726,0.515604710250332,0.9272461868974478
661,0,1,1,0.8333333333333334,0.6666666666666667,0.7221450183509555,0.49191585779143726,0.515604710250332,0.9272461868974478
663,0,1,0,0.3333333333333333,0.3333333333333333,0.6981494939659149,0.49191585779143726,0.515604710250332,0.9272461868974478
667,0,1,0,0.3333333333333333,0.3333333333333333,0.5180206008269164,0.49191585779143726,0.515604710250332,0.9272461868974478
674,0,1,0,0.3333333333333333,0.3333333333333333,0.6078021728357136,0.49191585779143726,0.515604710250332,0.9272461868974478
675,0,1,0,0.3333333333333333,0.3333333333333333,0.5662091269488171,0.49191585779143726,0.515604710250332,0.9272461868974478
685,0,1,0,0.0,1.0,0.4221058992878463,0.49191585779143726,0.515604710250332,0.9272461868974478
730,0,1,0,0.3333333333333333,0.3333333333333333,0.39575991069306077,0.49191585779143726,0.515604710250332,0.9272461868974478
731,0,1,0,0.0,1.0,0.436565061801359,0.49191585779143726,0.515604710250332,0.9272461868974478
733,0,1,0,0.1666666666666666,0.6666666666666667,0.5127994329027603,0.49191585779143726,0.515604710250332,0.9272461868974478
737,0,1,0,0.1666666666666666,0.6666666666666667,0.2735699215712793,0.49191585779143726,0.515604710250332,0.9272461868974478
738,0,1,0,0.3333333333333333,0.3333333333333333,0.49218877632383423,0.49191585779143726,0.515604710250332,0.9272461868974478
741,0,1,0,0.2,0.6,0.6449516151394272,0.49191585779143726,0.515604710250332,0.9272461868974478
11,0,2,1,0.6,0.1999999999999999,0.28185929753013184,0.5204014381700237,0.7446182066694903,0.8785497547233191
15,0,2,0,0.4,0.1999999999999999,0.39871128924698,0.5204014381700237,0.7446182066694903,0.8785497547233191
21,0,2,0,0.2,0.6,0.458210354583259,0.5204014381700237,0.7446182066694903,0.8785497547233191
24,0,2,0,0.0,1.0,0.45160506480870527,0.5204014381700237,0.7446182066694903,0.8785497547233191
25,0,2,0,0.2,0.6,0.36641230365869165,0.5204014381700237,0.7446182066694903,0.8785497547233191
27,0,2,0,0.2,0.6,0.25015920038222594,0.5204014381700237,0.7446182066694903,0.8785497547233191
31,0,2,0,0.1666666666666666,0.6666666666666667,0.34602491757486004,0.5204014381700237,0.7446182066694903,0.8785497547233191
45,0,2,0,0.0,1.0,0.3699194217337147,0.5204014381700237,0.7446182066694903,0.8785497547233191
47,0,2,0,0.25,0.5,0.4761625661346571,0.5204014381700237,0.7446182066694903,0.8785497547233191
48,0,2,1,0.6,0.1999999999999999,0.2688192452995082,0.5204014381700237,0.7446182066694903,0.8785497547233191
50,0,2,1,0.8,0.6000000000000001,0.2780833817551756,0.5204014381700237,0.7446182066694903,0.8785497547233191
52,0,2,0,0.25,0.5,0.26340682287499056,0.5204014381700237,0.7446182066694903,0.8785497547233191
53,0,2,0,0.1666666666666666,0.6666666666666667,0.2932706487075653,0.5204014381700237,0.7446182066694903,0.8785497547233191
58,0,2,0,0.25,0.5,0.45112475976944677,0.5204014381700237,0.7446182066694903,0.8785497547233191
72,0,2,0,0.25,0.5,0.22639885382454464,0.5204014381700237,0.7446182066694903,0.8785497547233191
80,0,2,0,0.0,1.0,0.3937779923758621,0.5204014381700237,0.7446182066694903,0.8785497547233191
81,0,2,0,0.0,1.0,0.21872157978529533,0.5204014381700237,0.7446182066694903,0.8785497547233191
84,0,2,0,0.3333333333333333,0.3333333333333333,0.5004081019780842,0.5204014381700237,0.7446182066694903,0.8785497547233191
91,0,2,0,0.25,0.5,0.35398994138116635,0.5204014381700237,0.7446182066694903,0.8785497547233191
92,0,2,0,0.0,1.0,0.2896516032146059,0.5204014381700237,0.7446182066694903,0.8785497547233191
101,0,2,0,0.3333333333333333,0.3333333333333333,0.24384220723549238,0.5204014381700237,0.7446182066694903,0.8785497547233191
102,0,2,0,0.0,1.0,0.217722234573389,0.5204014381700237,0.7446182066694903,0.8785497547233191
110,0,2,0,0.0,1.0,0.2435721857901086,0.5204014381700237,0.7446182066694903,0.8785497547233191
118,0,2,0,0.0,1.0,0.4680624768632283,0.5204014381700237,0.7446182066694903,0.8785497547233191
121,0,2,0,0.1111111111111111,0.7777777777777778,0.3765659353420945,0.5204014381700237,0.7446182066694903,0.8785497547233191
125,0,2,0,0.125,0.75,0.49199674598864124,0.5204014381700237,0.7446182066694903,0.8785497547233191
126,0,2,0,0.2222222222222222,0.5555555555555556,0.5274946874986987,0.5204014381700237,0.7446182066694903,0.8785497547233191
128,0,2,0,0.1111111111111111,0.7777777777777778,0.17364554321070777,0.5204014381700237,0.7446182066694903,0.8785497547233191
130,0,2,0,0.1111111111111111,0.7777777777777778,0.35848719118741196,0.5204014381700237,0.7446182066694903,0.8785497547233191
133,0,2,1,0.8888888888888888,0.7777777777777777,0.372679322974528,0.5204014381700237,0.7446182066694903,0.8785497547233191
140,0,2,0,0.2222222222222222,0.5555555555555556,0.6134749408133722,0.5204014381700237,0.7446182066694903,0.8785497547233191
145,0,2,0,0.4444444444444444,0.1111111111111111,0.3665544216176509,0.5204014381700237,0.7446182066694903,0.8785497547233191
154,0,2,0,0.25,0.5,0.17635805903005533,0.5204014381700237,0.7446182066694903,0.8785497547233191
157,0,2,0,0.25,0.5,0.2901273484465173,0.5204014381700237,0.7446182066694903,0.8785497547233191
158,0,2,0,0.0,1.0,0.22963317606933173,0.5204014381700237,0.7446182066694903,0.8785497547233191
167,0,2,0,0.0,1.0,0.44177991024851926,0.5204014381700237,0.7446182066694903,0.8785497547233191
172,0,2,0,0.0,1.0,0.20718178345305455,0.5204014381700237,0.7446182066694903,0.8785497547233191
173,0,2,0,0.25,0.5,0.44784924779705826,0.5204014381700237,0.7446182066694903,0.8785497547233191
176,0,2,0,0.0,1.0,0.4113340668481067,0.5204014381700237,0.7446182066694903,0.8785497547233191
194,0,2,0,0.0,1.0,0.3661986654811596,0.5204014381700237,0.7446182066694903,0.8785497547233191
197,0,2,0,0.0,1.0,0.4026042738896234,0.5204014381700237,0.7446182066694903,0.8785497547233191
201,0,2,0,0.25,0.5,0.42641873824899673,0.5204014381700237,0.7446182066694903,0.8785497547233191
217,0,2,0,0.0,1.0,0.287922082393963,0.5204014381700237,0.7446182066694903,0.8785497547233191
219,0,2,0,0.0,1.0,0.3527654374176045,0.5204014381700237,0.7446182066694903,0.8785497547233191
229,0,2,0,0.0,1.0,0.5836488667345597,0.5204014381700237,0.7446182066694903,0.8785497547233191
234,0,2,0,0.25,0.5,0.5229727159562823,0.5204014381700237,0.7446182066694903,0.8785497547233191
235,0,2,0,0.0,1.0,0.4626380146920425,0.5204014381700237,0.7446182066694903,0.8785497547233191
237,0,2,0,0.4,0.1999999999999999,0.4115034874756223,0.5204014381700237,0.7446182066694903,0.8785497547233191
239,0,2,1,0.6,0.1999999999999999,0.17891998540434167,0.5204014381700237,0.7446182066694903,0.8785497547233191
246,0,2,0,0.4,0.1999999999999999,0.6498875218814362,0.5204014381700237,0.7446182066694903,0.8785497547233191
252,0,2,0,0.0,1.0,0.4919400701976247,0.5204014381700237,0.7446182066694903,0.8785497547233191
255,0,2,0,0.25,0.5,0.1813378174891962,0.5204014381700237,0.7446182066694903,0.8785497547233191
270,0,2,0,0.0,1.0,0.6854638157333791,0.5204014381700237,0.7446182066694903,0.8785497547233191
280,0,2,0,0.25,0.5,0.5360133227775836,0.5204014381700237,0.7446182066694903,0.8785497547233191
286,0,2,0,0.2,0.6,0.5163960550312675,0.5204014381700237,0.7446182066694903,0.8785497547233191
299,0,2,1,0.8,0.6000000000000001,0.3290120913966807,0.5204014381700237,0.7446182066694903,0.8785497547233191
312,0,2,0,0.0,1.0,0.3297226833459061,0.5204014381700237,0.7446182066694903,0.8785497547233191
318,0,2,0,0.4,0.1999999999999999,0.4529980249735901,0.5204014381700237,0.7446182066694903,0.8785497547233191
321,0,2,1,0.6,0.1999999999999999,0.7053205266301192,0.5204014381700237,0.7446182066694903,0.8785497547233191
324,0,2,0,0.2,0.6,0.4790300735365099,0.5204014381700237,0.7446182066694903,0.8785497547233191
334,0,2,0,0.4,0.1999999999999999,0.5682797121074423,0.5204014381700237,0.7446182066694903,0.8785497547233191
343,0,2,1,0.8,0.6000000000000001,0.6654421140560163,0.5204014381700237,0.7446182066694903,0.8785497547233191
344,0,2,0,0.2,0.6,0.5204143953892142,0.5204014381700237,0.7446182066694903,0.8785497547233191
346,0,2,1,0.6,0.1999999999999999,0.5651315455685144,0.5204014381700237,0.7446182066694903,0.8785497547233191
353,0,2,0,0.0,1.0,0.5406902458404946,0.5204014381700237,0.7446182066694903,0.8785497547233191
354,0,2,0,0.25,0.5,0.4544614037541362,0.5204014381700237,0.7446182066694903,0.8785497547233191
365,0,2,0,0.25,0.5,0.46903197881913583,0.5204014381700237,0.7446182066694903,0.8785497547233191
384,0,2,0,0.25,0.5,0.37982485337709115,0.5204014381700237,0.7446182066694903,0.8785497547233191
406,0,2,1,0.6,0.1999999999999999,0.5197182117154753,0.5204014381700237,0.7446182066694903,0.8785497547233191
407,0,2,0,0.2,0.6,0.7456646477358652,0.5204014381700237,0.7446182066694903,0.8785497547233191
420,0,2,0,0.0,1.0,0.3473408398260264,0.5204014381700237,0.7446182066694903,0.8785497547233191
424,0,2,1,0.6,0.1999999999999999,0.6355485278456153,0.5204014381700237,0.7446182066694903,0.8785497547233191
425,0,2,0,0.0,1.0,0.477339604685436,0.5204014381700237,0.7446182066694903,0.8785497547233191
427,0,2,1,0.6,0.1999999999999999,0.7161019188681192,0.5204014381700237,0.7446182066694903,0.8785497547233191
430,0,2,1,0.6,0.1999999999999999,0.7411743481706667,0.5204014381700237,0.7446182066694903,0.8785497547233191
431,0,2,0,0.4,0.1999999999999999,0.5707104626711715,0.5204014381700237,0.7446182066694903,0.8785497547233191
441,0,2,0,0.2,0.6,0.7994232868566072,0.5204014381700237,0.7446182066694903,0.8785497547233191
447,0,2,0,0.0,1.0,0.3737845971844056,0.5204014381700237,0.7446182066694903,0.8785497547233191
450,0,2,0,0.2,0.6,0.4602052296891919,0.5204014381700237,0.7446182066694903,0.8785497547233191
459,0,2,0,0.25,0.5,0.42754732220634556,0.5204014381700237,0.7446182066694903,0.8785497547233191
472,0,2,0,0.25,0.5,0.35554319641336984,0.5204014381700237,0.7446182066694903,0.8785497547233191
473,0,2,0,0.25,0.5,0.37474885078881326,0.5204014381700237,0.7446182066694903,0.8785497547233191
477,0,2,0,0.0,1.0,0.4099966041466563,0.5204014381700237,0.7446182066694903,0.8785497547233191
483,0,2,0,0.25,0.5,0.33995022329608593,0.5204014381700237,0.7446182066694903,0.8785497547233191
489,0,2,0,0.0,1.0,0.6162275245371293,0.5204014381700237,0.7446182066694903,0.8785497547233191
495,0,2,0,0.0,1.0,0.7403654726891187,0.5204014381700237,0.7446182066694903,0.8785497547233191
504,0,2,1,0.75,0.5,0.7308298428733423,0.5204014381700237,0.7446182066694903,0.8785497547233191
507,0,2,1,1.0,1.0,0.5547713673354937,0.5204014381700237,0.7446182066694903,0.8785497547233191
517,0,2,0,0.25,0.5,0.6027227715030941,0.5204014381700237,0.7446182066694903,0.8785497547233191
519,0,2,0,0.0,1.0,0.5676327486632047,0.5204014381700237,0.7446182066694903,0.8785497547233191
526,0,2,0,0.0,1.0,0.4686086816063416,0.5204014381700237,0.7446182066694903,0.8785497547233191
534,0,2,1,0.75,0.5,0.4667189826713519,0.5204014381700237,0.7446182066694903,0.8785497547233191
535,0,2,0,0.25,0.5,0.6208785774632856,0.5204014381700237,0.7446182066694903,0.8785497547233191
537,0,2,0,0.25,0.5,0.6390386700514524,0.5204014381700237,0.7446182066694903,0.8785497547233191
556,0,2,0,0.1666666666666666,0.6666666666666667,0.3362673962491984,0.5204014381700237,0.7446182066694903,0.8785497547233191
586,0,2,1,0.6666666666666666,0.3333333333333332,0.7274208778998968,0.5204014381700237,0.7446182066694903,0.8785497547233191
589,0,2,0,0.3333333333333333,0.3333333333333333,0.6497504038235609,0.5204014381700237,0.7446182066694903,0.8785497547233191
594,0,2,0,0.0,1.0,0.42628601956652395,0.5204014381700237,0.7446182066694903,0.8785497547233191
608,0,2,0,0.0,1.0,0.8273768080435929,0.5204014381700237,0.7446182066694903,0.8785497547233191
616,0,2,1,0.75,0.5,0.6626338345733789,0.5204014381700237,0.7446182066694903,0.8785497547233191
622,0,2,1,0.75,0.5,0.5862699382924376,0.5204014381700237,0.7446182066694903,0.8785497547233191
624,0,2,0,0.25,0.5,0.5071689601658482,0.5204014381700237,0.7446182066694903,0.8785497547233191
627,0,2,1,0.75,0.5,0.7918921833589462,0.5204014381700237,0.7446182066694903,0.8785497547233191
634,0,2,0,0.25,0.5,0.6631047997124137,0.5204014381700237,0.7446182066694903,0.8785497547233191
651,0,2,0,0.3333333333333333,0.3333333333333333,0.40955536816116717,0.5204014381700237,0.7446182066694903,0.8785497547233191
652,0,2,0,0.0,1.0,0.2613982981569104,0.5204014381700237,0.7446182066694903,0.8785497547233191
658,0,2,0,0.1666666666666666,0.6666666666666667,0.71971099811896,0.5204014381700237,0.7446182066694903,0.8785497547233191
660,0,2,0,0.1666666666666666,0.6666666666666667,0.545127863383202,0.5204014381700237,0.7446182066694903,0.8785497547233191
668,0,2,0,0.1666666666666666,0.6666666666666667,0.73783778695386,0.5204014381700237,0.7446182066694903,0.8785497547233191
673,0,2,0,0.3333333333333333,0.3333333333333333,0.3549262114054534,0.5204014381700237,0.7446182066694903,0.8785497547233191
676,0,2,0,0.1666666666666666,0.6666666666666667,0.5315519342079068,0.5204014381700237,0.7446182066694903,0.8785497547233191
677,0,2,1,0.6666666666666666,0.3333333333333332,0.5871663911089744,0.5204014381700237,0.7446182066694903,0.8785497547233191
678,0,2,0,0.3333333333333333,0.3333333333333333,0.3309123933767925,0.5204014381700237,0.7446182066694903,0.8785497547233191
681,0,2,0,0.1666666666666666,0.6666666666666667,0.7965556798395826,0.5204014381700237,0.7446182066694903,0.8785497547233191
691,0,2,0,0.1666666666666666,0.6666666666666667,0.7726858405834042,0.5204014381700237,0.7446182066694903,0.8785497547233191
692,0,2,0,0.0,1.0,0.4322356989087861,0.5204014381700237,0.7446182066694903,0.8785497547233191
696,0,2,0,0.1666666666666666,0.6666666666666667,0.8333530907028087,0.5204014381700237,0.7446182066694903,0.8785497547233191
703,0,2,0,0.0,1.0,0.5901138725268062,0.5204014381700237,0.7446182066694903,0.8785497547233191
704,0,2,0,0.3333333333333333,0.3333333333333333,0.5378424417794542,0.5204014381700237,0.7446182066694903,0.8785497547233191
709,0,2,0,0.3333333333333333,0.3333333333333333,0.5301172740416349,0.5204014381700237,0.7446182066694903,0.8785497547233191
710,0,2,0,0.0,1.0,0.3563112109672664,0.5204014381700237,0.7446182066694903,0.8785497547233191
721,0,2,0,0.3333333333333333,0.3333333333333333,0.5061978830776506,0.5204014381700237,0.7446182066694903,0.8785497547233191
723,0,2,0,0.1666666666666666,0.6666666666666667,0.45315387751713876,0.5204014381700237,0.7446182066694903,0.8785497547233191
727,0,2,0,0.4,0.1999999999999999,0.6824340742432032,0.5204014381700237,0.7446182066694903,0.8785497547233191
728,0,2,0,0.2,0.6,0.4211248177641901,0.5204014381700237,0.7446182066694903,0.8785497547233191
729,0,2,0,0.4,0.1999999999999999,0.6543368914689779,0.5204014381700237,0.7446182066694903,0.8785497547233191
736,0,2,0,0.0,1.0,0.5270719704635248,0.5204014381700237,0.7446182066694903,0.8785497547233191
1,0,3,0,0.3333333333333333,0.3333333333333333,0.3147837858512702,0.5459881801444932,0.7411830962730422,0.8435759795019788
3,0,3,0,0.0,1.0,0.35243619716085456,0.5459881801444932,0.7411830962730422,0.8435759795019788
7,0,3,1,0.6,0.1999999999999999,0.6357785208368515,0.5459881801444932,0.7411830962730422,0.8435759795019788
8,0,3,0,0.0,1.0,0.4040503950135607,0.5459881801444932,0.7411830962730422,0.8435759795019788
9,0,3,0,0.0,1.0,0.32262534741467613,0.5459881801444932,0.7411830962730422,0.8435759795019788
12,0,3,0,0.4,0.1999999999999999,0.281340650735207,0.5459881801444932,0.7411830962730422,0.8435759795019788
13,0,3,0,0.2,0.6,0.2973326552624167,0.5459881801444932,0.7411830962730422,0.8435759795019788
17,0,3,0,0.4,0.1999999999999999,0.784677757345593,0.5459881801444932,0.7411830962730422,0.8435759795019788
37,0,3,0,0.2,0.6,0.3788011060662882,0.5459881801444932,0.7411830962730422,0.8435759795019788
42,0,3,0,0.0,1.0,0.35825706649281464,0.5459881801444932,0.7411830962730422,0.8435759795019788
43,0,3,0,0.2,0.6,0.5469042061952482,0.5459881801444932,0.7411830962730422,0.8435759795019788
54,0,3,0,0.25,0.5,0.240974370422701,0.5459881801444932,0.7411830962730422,0.8435759795019788
76,0,3,0,0.25,0.5,0.5000279560517238,0.5459881801444932,0.7411830962730422,0.8435759795019788
79,0,3,0,0.25,0.5,0.29830095396345324,0.5459881801444932,0.7411830962730422,0.8435759795019788
86,0,3,0,0.0,1.0,0.2892462036690371,0.5459881801444932,0.7411830962730422,0.8435759795019788
97,0,3,0,0.25,0.5,0.287793705621873,0.5459881801444932,0.7411830962730422,0.8435759795019788
100,0,3,0,0.25,0.5,0.5419069481570409,0.5459881801444932,0.7411830962730422,0.8435759795019788
103,0,3,0,0.1111111111111111,0.7777777777777778,0.3391008844477212,0.5459881801444932,0.7411830962730422,0.8435759795019788
108,0,3,0,0.25,0.5,0.5024649374599182,0.5459881801444932,0.7411830962730422,0.8435759795019788
115,0,3,0,0.0,1.0,0.27643546541967895,0.5459881801444932,0.7411830962730422,0.8435759795019788
119,0,3,0,0.1111111111111111,0.7777777777777778,0.4215499553924125,0.5459881801444932,0.7411830962730422,0.8435759795019788
123,0,3,0,0.0,1.0,0.49353041049395435,0.5459881801444932,0.7411830962730422,0.8435759795019788
129,0,3,0,0.2,0.6,0.4774047243586544,0.5459881801444932,0.7411830962730422,0.8435759795019788
132,0,3,0,0.2222222222222222,0.5555555555555556,0.3134095912345486,0.5459881801444932,0.7411830962730422,0.8435759795019788
144,0,3,0,0.0,1.0,0.4364981558068076,0.5459881801444932,0.7411830962730422,0.8435759795019788
146,0,3,1,0.8888888888888888,0.7777777777777777,0.5333136772748565,0.5459881801444932,0.7411830962730422,0.8435759795019788
179,0,3,0,0.25,0.5,0.524752017350432,0.5459881801444932,0.7411830962730422,0.8435759795019788
180,0,3,0,0.0,1.0,0.5363995265787506,0.5459881801444932,0.7411830962730422,0.8435759795019788
184,0,3,0,0.0,1.0,0.30860435776322986,0.5459881801444932,0.7411830962730422,0.8435759795019788
185,0,3,0,0.25,0.5,0.5311152430847863,0.5459881801444932,0.7411830962730422,0.8435759795019788
188,0,3,0,0.0,1.0,0.3272663558920851,0.5459881801444932,0.7411830962730422,0.8435759795019788
195,0,3,0,0.0,1.0,0.5796604517648316,0.5459881801444932,0.7411830962730422,0.8435759795019788
198,0,3,0,0.0,1.0,0.46856073759911065,0.5459881801444932,0.7411830962730422,0.8435759795019788
203,0,3,0,0.2,0.6,0.25857671501649,0.5459881801444932,0.7411830962730422,0.8435759795019788
205,0,3,0,0.2,0.6,0.3337919062593555,0.5459881801444932,0.7411830962730422,0.8435759795019788
216,0,3,0,0.0,1.0,0.443906263110437,0.5459881801444932,0.7411830962730422,0.8435759795019788
220,0,3,0,0.4,0.1999999999999999,0.32428471589363855,0.5459881801444932,0.7411830962730422,0.8435759795019788
222,0,3,0,0.2,0.6,0.5553697209845303,0.5459881801444932,0.7411830962730422,0.8435759795019788
225,0,3,0,0.2,0.6,0.5209589434539647,0.5459881801444932,0.7411830962730422,0.8435759795019788
228,0,3,0,0.2,0.6,0.44579501160162766,0.5459881801444932,0.7411830962730422,0.8435759795019788
236,0,3,0,0.0,1.0,0.5382147585055445,0.5459881801444932,0.7411830962730422,0.8435759795019788
238,0,3,0,0.25,0.5,0.22174155846229998,0.5459881801444932,0.7411830962730422,0.8435759795019788
241,0,3,1,0.6,0.1999999999999999,0.4672525114525906,0.5459881801444932,0.7411830962730422,0.8435759795019788
249,0,3,1,0.6,0.1999999999999999,0.45086970194249015,0.5459881801444932,0.7411830962730422,0.8435759795019788
251,0,3,0,0.25,0.5,0.3238127223275532,0.5459881801444932,0.7411830962730422,0.8435759795019788
258,0,3,0,0.0,1.0,0.15536889769330048,0.5459881801444932,0.7411830962730422,0.8435759795019788
271,0,3,0,0.0,1.0,0.5053071008141744,0.5459881801444932,0.7411830962730422,0.8435759795019788
278,0,3,0,0.25,0.5,0.40130329625467154,0.5459881801444932,0.7411830962730422,0.8435759795019788
283,0,3,0,0.25,0.5,0.5071033105821658,0.5459881801444932,0.7411830962730422,0.8435759795019788
290,0,3,0,0.0,1.0,0.43217653856191923,0.5459881801444932,0.7411830962730422,0.8435759795019788
296,0,3,0,0.0,1.0,0.3004616162825305,0.5459881801444932,0.7411830962730422,0.8435759795019788
302,0,3,0,0.0,1.0,0.30128554522581147,0.5459881801444932,0.7411830962730422,0.8435759795019788
303,0,3,0,0.0,1.0,0.42041061119441303,0.5459881801444932,0.7411830962730422,0.8435759795019788
306,0,3,0,0.0,1.0,0.4531779248109002,0.5459881801444932,0.7411830962730422,0.8435759795019788
311,0,3,0,0.4,0.1999999999999999,0.29166661545349687,0.5459881801444932,0.7411830962730422,0.8435759795019788
313,0,3,0,0.0,1.0,0.3026144061229433,0.5459881801444932,0.7411830962730422,0.8435759795019788
320,0,3,0,0.0,1.0,0.5309414515166833,0.5459881801444932,0.7411830962730422,0.8435759795019788
322,0,3,1,0.6,0.1999999999999999,0.7161446927364135,0.5459881801444932,0.7411830962730422,0.8435759795019788
347,0,3,0,0.4,0.1999999999999999,0.5419303866464824,0.5459881801444932,0.7411830962730422,0.8435759795019788
348,0,3,0,0.4,0.1999999999999999,0.7501652859120951,0.5459881801444932,0.7411830962730422,0.8435759795019788
351,0,3,0,0.0,1.0,0.46544161050496957,0.5459881801444932,0.7411830962730422,0.8435759795019788
352,0,3,0,0.25,0.5,0.49616023362437817,0.5459881801444932,0.7411830962730422,0.8435759795019788
356,0,3,0,0.25,0.5,0.2732708500233999,0.5459881801444932,0.7411830962730422,0.8435759795019788
359,0,3,0,0.25,0.5,0.4886510140060187,0.5459881801444932,0.7411830962730422,0.8435759795019788
361,0,3,0,0.0,1.0,0.377745164775876,0.5459881801444932,0.7411830962730422,0.8435759795019788
369,0,3,0,0.0,1.0,0.34919992288375074,0.5459881801444932,0.7411830962730422,0.8435759795019788
370,0,3,0,0.0,1.0,0.34677583769406206,0.5459881801444932,0.7411830962730422,0.8435759795019788
373,0,3,0,0.0,1.0,0.5180352967069177,0.5459881801444932,0.7411830962730422,0.8435759795019788
380,0,3,1,0.75,0.5,0.7414627777662512,0.5459881801444932,0.7411830962730422,0.8435759795019788
387,0,3,0,0.0,1.0,0.42580832365815247,0.5459881801444932,0.7411830962730422,0.8435759795019788
402,0,3,1,0.6,0.1999999999999999,0.45476131260855174,0.5459881801444932,0.7411830962730422,0.8435759795019788
403,0,3,0,0.0,1.0,0.3340341440058435,0.5459881801444932,0.7411830962730422,0.8435759795019788
405,0,3,0,0.0,1.0,0.5014866352131643,0.5459881801444932,0.7411830962730422,0.8435759795019788
416,0,3,0,0.0,1.0,0.6121505416561481,0.5459881801444932,0.7411830962730422,0.8435759795019788
419,0,3,0,0.4,0.1999999999999999,0.6777624436955838,0.5459881801444932,0.7411830962730422,0.8435759795019788
421,0,3,0,0.2,0.6,0.4241195156025475,0.5459881801444932,0.7411830962730422,0.8435759795019788
432,0,3,0,0.2,0.6,0.44926661236249543,0.5459881801444932,0.7411830962730422,0.8435759795019788
439,0,3,0,0.2,0.6,0.5710175641898164,0.5459881801444932,0.7411830962730422,0.8435759795019788
442,0,3,1,0.8,0.6000000000000001,0.6261680722408389,0.5459881801444932,0.7411830962730422,0.8435759795019788
455,0,3,0,0.0,1.0,0.4341024844452287,0.5459881801444932,0.7411830962730422,0.8435759795019788
468,0,3,0,0.25,0.5,0.7146181773204675,0.5459881801444932,0.7411830962730422,0.8435759795019788
471,0,3,0,0.0,1.0,0.8797781493446677,0.5459881801444932,0.7411830962730422,0.8435759795019788
478,0,3,0,0.0,1.0,0.36274203290818063,0.5459881801444932,0.7411830962730422,0.8435759795019788
481,0,3,0,0.0,1.0,0.6287795450810232,0.5459881801444932,0.7411830962730422,0.8435759795019788
501,0,3,0,0.25,0.5,0.5360854845565215,0.5459881801444932,0.7411830962730422,0.8435759795019788
515,0,3,0,0.25,0.5,0.6559433353711944,0.5459881801444932,0.7411830962730422,0.8435759795019788
525,0,3,0,0.2,0.6,0.23635573924364936,0.5459881801444932,0.7411830962730422,0.8435759795019788
531,0,3,1,0.75,0.5,0.5081906877427863,0.5459881801444932,0.7411830962730422,0.8435759795019788
540,0,3,0,0.25,0.5,0.7170270949277127,0.5459881801444932,0.7411830962730422,0.8435759795019788
542,0,3,0,0.25,0.5,0.30318506249300425,0.5459881801444932,0.7411830962730422,0.8435759795019788
552,0,3,1,0.6666666666666666,0.3333333333333332,0.6009543486886749,0.5459881801444932,0.7411830962730422,0.8435759795019788
555,0,3,0,0.3333333333333333,0.3333333333333333,0.676703438722778,0.5459881801444932,0.7411830962730422,0.8435759795019788
557,0,3,0,0.3333333333333333,0.3333333333333333,0.35630887181192117,0.5459881801444932,0.7411830962730422,0.8435759795019788
559,0,3,1,0.6666666666666666,0.3333333333333332,0.4215035595308918,0.5459881801444932,0.7411830962730422,0.8435759795019788
566,0,3,0,0.1666666666666666,0.6666666666666667,0.45282177077576424,0.5459881801444932,0.7411830962730422,0.8435759795019788
567,0,3,0,0.3333333333333333,0.3333333333333333,0.5757358811557048,0.5459881801444932,0.7411830962730422,0.8435759795019788
568,0,3,1,1.0,1.0,0.44504267079558485,0.5459881801444932,0.7411830962730422,0.8435759795019788
579,0,3,0,0.3333333333333333,0.3333333333333333,0.632676858108442,0.5459881801444932,0.7411830962730422,0.8435759795019788
588,0,3,0,0.1666666666666666,0.6666666666666667,0.787624074085235,0.5459881801444932,0.7411830962730422,0.8435759795019788
590,0,3,0,0.3333333333333333,0.3333333333333333,0.8191787891382561,0.5459881801444932,0.7411830962730422,0.8435759795019788
595,0,3,1,0.8333333333333334,0.6666666666666667,0.5584467238341447,0.5459881801444932,0.7411830962730422,0.8435759795019788
597,0,3,0,0.0,1.0,0.3179636917560342,0.5459881801444932,0.7411830962730422,0.8435759795019788
598,0,3,0,0.3333333333333333,0.3333333333333333,0.7984489114992224,0.5459881801444932,0.7411830962730422,0.8435759795019788
599,0,3,0,0.0,1.0,0.575456623177654,0.5459881801444932,0.7411830962730422,0.8435759795019788
602,0,3,0,0.25,0.5,0.7534419156898673,0.5459881801444932,0.7411830962730422,0.8435759795019788
614,0,3,1,0.75,0.5,0.7148075021517867,0.5459881801444932,0.7411830962730422,0.8435759795019788
615,0,3,1,0.75,0.5,0.692934713652037,0.5459881801444932,0.7411830962730422,0.8435759795019788
618,0,3,0,0.0,1.0,0.7532868063617563,0.5459881801444932,0.7411830962730422,0.8435759795019788
620,0,3,1,0.75,0.5,0.689393225966172,0.5459881801444932,0.7411830962730422,0.8435759795019788
628,0,3,0,0.0,1.0,0.4942300975367663,0.5459881801444932,0.7411830962730422,0.8435759795019788
636,0,3,0,0.0,1.0,0.5556057260059641,0.5459881801444932,0.7411830962730422,0.8435759795019788
638,0,3,0,0.25,0.5,0.5786084467908105,0.5459881801444932,0.7411830962730422,0.8435759795019788
640,0,3,1,0.75,0.5,0.7221237594028675,0.5459881801444932,0.7411830962730422,0.8435759795019788
641,0,3,0,0.0,1.0,0.579799023286081,0.5459881801444932,0.7411830962730422,0.8435759795019788
644,0,3,0,0.25,0.5,0.588550997655121,0.5459881801444932,0.7411830962730422,0.8435759795019788
665,0,3,0,0.1666666666666666,0.6666666666666667,0.5374378618294254,0.5459881801444932,0.7411830962730422,0.8435759795019788
680,0,3,0,0.0,1.0,0.38904826743284066,0.5459881801444932,0.7411830962730422,0.8435759795019788
683,0,3,1,0.8333333333333334,0.6666666666666667,0.7976172643006121,0.5459881801444932,0.7411830962730422,0.8435759795019788
684,0,3,0,0.0,1.0,0.6751357822930873,0.5459881801444932,0.7411830962730422,0.8435759795019788
686,0,3,0,0.0,1.0,0.7277956485553171,0.5459881801444932,0.7411830962730422,0.8435759795019788
694,0,3,0,0.3333333333333333,0.3333333333333333,0.5508409138011192,0.5459881801444932,0.7411830962730422,0.8435759795019788
711,0,3,1,0.6,0.1999999999999999,0.6556996463068144,0.5459881801444932,0.7411830962730422,0.8435759795019788
713,0,3,1,0.6,0.1999999999999999,0.3619750557483318,0.5459881801444932,0.7411830962730422,0.8435759795019788
718,0,3,0,0.1666666666666666,0.6666666666666667,0.5995973455615616,0.5459881801444932,0.7411830962730422,0.8435759795019788
719,0,3,0,0.1666666666666666,0.6666666666666667,0.4954199932638247,0.5459881801444932,0.7411830962730422,0.8435759795019788
725,0,3,0,0.0,1.0,0.5722932265311221,0.5459881801444932,0.7411830962730422,0.8435759795019788
732,0,3,0,0.0,1.0,0.4291500364333066,0.5459881801444932,0.7411830962730422,0.8435759795019788
4,0,4,1,0.6,0.1999999999999999,0.649112076982274,0.4934900365105672,0.3844826619631578,0.7780987962193987
10,0,4,0,0.0,1.0,0.23670148714823327,0.4934900365105672,0.3844826619631578,0.7780987962193987
16,0,4,1,0.6,0.1999999999999999,0.5917454949041763,0.4934900365105672,0.3844826619631578,0.7780987962193987
20,0,4,0,0.25,0.5,0.32268883023799344,0.4934900365105672,0.3844826619631578,0.7780987962193987
22,0,4,0,0.2,0.6,0.3367609617895345,0.4934900365105672,0.3844826619631578,0.7780987962193987
33,0,4,0,0.4,0.1999999999999999,0.40011546785631447,0.4934900365105672,0.3844826619631578,0.7780987962193987
36,0,4,0,0.2,0.6,0.31534741367863844,0.4934900365105672,0.3844826619631578,0.7780987962193987
41,0,4,0,0.2,0.6,0.3513602940267513,0.4934900365105672,0.3844826619631578,0.7780987962193987
44,0,4,0,0.0,1.0,0.5274177124065924,0.4934900365105672,0.3844826619631578,0.7780987962193987
46,0,4,0,0.4,0.1999999999999999,0.6158947563233564,0.4934900365105672,0.3844826619631578,0.7780987962193987
57,0,4,1,1.0,1.0,0.37127165262421563,0.4934900365105672,0.3844826619631578,0.7780987962193987
60,0,4,0,0.0,1.0,0.49615791508649665,0.4934900365105672,0.3844826619631578,0.7780987962193987
62,0,4,0,0.25,0.5,0.22012098504765906,0.4934900365105672,0.3844826619631578,0.7780987962193987
70,0,4,0,0.0,1.0,0.4170070908672473,0.4934900365105672,0.3844826619631578,0.7780987962193987
71,0,4,0,0.0,1.0,0.35295735233321535,0.4934900365105672,0.3844826619631578,0.7780987962193987
75,0,4,0,0.0,1.0,0.4144133684374762,0.4934900365105672,0.3844826619631578,0.7780987962193987
89,0,4,0,0.25,0.5,0.45609005174037603,0.4934900365105672,0.3844826619631578,0.7780987962193987
99,0,4,0,0.0,1.0,0.3937965205174639,0.4934900365105672,0.3844826619631578,0.7780987962193987
104,0,4,0,0.1111111111111111,0.7777777777777778,0.39378130223974955,0.4934900365105672,0.3844826619631578,0.7780987962193987
105,0,4,0,0.0,1.0,0.3415253588409327,0.4934900365105672,0.3844826619631578,0.7780987962193987
111,0,4,0,0.1111111111111111,0.7777777777777778,0.44300748874246393,0.4934900365105672,0.3844826619631578,0.7780987962193987
114,0,4,0,0.1111111111111111,0.7777777777777778,0.5010375507941824,0.4934900365105672,0.3844826619631578,0.7780987962193987
117,0,4,0,0.25,0.5,0.31012026316736824,0.4934900365105672,0.3844826619631578,0.7780987962193987
135,0,4,0,0.1666666666666666,0.6666666666666667,0.2958778819379438,0.4934900365105672,0.3844826619631578,0.7780987962193987
136,0,4,0,0.3333333333333333,0.3333333333333333,0.4195917101662134,0.4934900365105672,0.3844826619631578,0.7780987962193987
162,0,4,0,0.2,0.6,0.201951334282855,0.4934900365105672,0.3844826619631578,0.7780987962193987
164,0,4,0,0.0,1.0,0.17080852575957342,0.4934900365105672,0.3844826619631578,0.7780987962193987
165,0,4,0,0.0,1.0,0.47445082901876634,0.4934900365105672,0.3844826619631578,0.7780987962193987
169,0,4,0,0.0,1.0,0.355445335310245,0.4934900365105672,0.3844826619631578,0.7780987962193987
170,0,4,0,0.1666666666666666,0.6666666666666667,0.34502399828869773,0.4934900365105672,0.3844826619631578,0.7780987962193987
171,0,4,0,0.25,0.5,0.5390045439235053,0.4934900365105672,0.3844826619631578,0.7780987962193987
175,0,4,0,0.0,1.0,0.21888792478312397,0.4934900365105672,0.3844826619631578,0.7780987962193987
178,0,4,0,0.0,1.0,0.4963570180301241,0.4934900365105672,0.3844826619631578,0.7780987962193987
186,0,4,0,0.0,1.0,0.3999034247841215,0.4934900365105672,0.3844826619631578,0.7780987962193987
191,0,4,0,0.0,1.0,0.3629797225616722,0.4934900365105672,0.3844826619631578,0.7780987962193987
192,0,4,0,0.0,1.0,0.5697186179832084,0.4934900365105672,0.3844826619631578,0.7780987962193987
193,0,4,0,0.25,0.5,0.4307109474330547,0.4934900365105672,0.3844826619631578,0.7780987962193987
207,0,4,0,0.2,0.6,0.37726417321707545,0.4934900365105672,0.3844826619631578,0.7780987962193987
214,0,4,0,0.2,0.6,0.3030598185804052,0.4934900365105672,0.3844826619631578,0.7780987962193987
223,0,4,0,0.2,0.6,0.33543924764926425,0.4934900365105672,0.3844826619631578,0.7780987962193987
227,0,4,1,1.0,1.0,0.4523229761016636,0.4934900365105672,0.3844826619631578,0.7780987962193987
245,0,4,0,0.0,1.0,0.2682294819561669,0.4934900365105672,0.3844826619631578,0.7780987962193987
254,0,4,0,0.25,0.5,0.21357904094799332,0.4934900365105672,0.3844826619631578,0.7780987962193987
257,0,4,0,0.25,0.5,0.2003349919964792,0.4934900365105672,0.3844826619631578,0.7780987962193987
261,0,4,0,0.25,0.5,0.3496224880905702,0.4934900365105672,0.3844826619631578,0.7780987962193987
263,0,4,0,0.2,0.6,0.26024443434217087,0.4934900365105672,0.3844826619631578,0.7780987962193987
264,0,4,0,0.25,0.5,0.3019255985408808,0.4934900365105672,0.3844826619631578,0.7780987962193987
266,0,4,0,0.25,0.5,0.46450324688764555,0.4934900365105672,0.3844826619631578,0.7780987962193987
276,0,4,0,0.2,0.6,0.46479526574752705,0.4934900365105672,0.3844826619631578,0.7780987962193987
288,0,4,1,0.75,0.5,0.19858484018042735,0.4934900365105672,0.3844826619631578,0.7780987962193987
291,0,4,0,0.0,1.0,0.5460370988704814,0.4934900365105672,0.3844826619631578,0.7780987962193987
292,0,4,0,0.25,0.5,0.5997009382686539,0.4934900365105672,0.3844826619631578,0.7780987962193987
295,0,4,0,0.0,1.0,0.3093087235894114,0.4934900365105672,0.3844826619631578,0.7780987962193987
297,0,4,0,0.0,1.0,0.302988068416176,0.4934900365105672,0.3844826619631578,0.7780987962193987
298,0,4,0,0.25,0.5,0.5077803347087703,0.4934900365105672,0.3844826619631578,0.7780987962193987
314,0,4,0,0.0,1.0,0.4631607249437101,0.4934900365105672,0.3844826619631578,0.7780987962193987
323,0,4,0,0.0,1.0,0.4938485200060883,0.4934900365105672,0.3844826619631578,0.7780987962193987
325,0,4,0,0.0,1.0,0.522855907407425,0.4934900365105672,0.3844826619631578,0.7780987962193987
327,0,4,0,0.0,1.0,0.5637741640269276,0.4934900365105672,0.3844826619631578,0.7780987962193987
332,0,4,0,0.0,1.0,0.40011656787689776,0.4934900365105672,0.3844826619631578,0.7780987962193987
337,0,4,0,0.0,1.0,0.31813515710712137,0.4934900365105672,0.3844826619631578,0.7780987962193987
341,0,4,1,0.6,0.1999999999999999,0.5681102186243357,0.4934900365105672,0.3844826619631578,0.7780987962193987
349,0,4,0,0.0,1.0,0.30110335894503126,0.4934900365105672,0.3844826619631578,0.7780987962193987
350,0,4,0,0.0,1.0,0.35858814880081685,0.4934900365105672,0.3844826619631578,0.7780987962193987
355,0,4,0,0.25,0.5,0.3849758461450843,0.4934900365105672,0.3844826619631578,0.7780987962193987
363,0,4,0,0.0,1.0,0.5382752963223816,0.4934900365105672,0.3844826619631578,0.7780987962193987
381,0,4,1,0.75,0.5,0.5351141555234584,0.4934900365105672,0.3844826619631578,0.7780987962193987
383,0,4,0,0.0,1.0,0.3471794310029266,0.4934900365105672,0.3844826619631578,0.7780987962193987
389,0,4,0,0.25,0.5,0.3870959060336943,0.4934900365105672,0.3844826619631578,0.7780987962193987
390,0,4,1,0.75,0.5,0.39594596222835693,0.4934900365105672,0.3844826619631578,0.7780987962193987
391,0,4,0,0.0,1.0,0.31980821675374377,0.4934900365105672,0.3844826619631578,0.7780987962193987
398,0,4,0,0.25,0.5,0.6375394955523213,0.4934900365105672,0.3844826619631578,0.7780987962193987
410,0,4,1,0.6,0.1999999999999999,0.627003034352488,0.4934900365105672,0.3844826619631578,0.7780987962193987
413,0,4,0,0.0,1.0,0.6468490360262267,0.4934900365105672,0.3844826619631578,0.7780987962193987
417,0,4,0,0.2,0.6,0.6573817359709657,0.4934900365105672,0.3844826619631578,0.7780987962193987
429,0,4,0,0.0,1.0,0.7583020156967758,0.4934900365105672,0.3844826619631578,0.7780987962193987
435,0,4,0,0.4,0.1999999999999999,0.7421632780071802,0.4934900365105672,0.3844826619631578,0.7780987962193987
437,0,4,1,0.6,0.1999999999999999,0.6802477513703297,0.4934900365105672,0.3844826619631578,0.7780987962193987
446,0,4,0,0.2,0.6,0.6499859847441087,0.4934900365105672,0.3844826619631578,0.7780987962193987
448,0,4,0,0.0,1.0,0.16968293337658166,0.4934900365105672,0.3844826619631578,0.7780987962193987
449,0,4,0,0.4,0.1999999999999999,0.2508550665818535,0.4934900365105672,0.3844826619631578,0.7780987962193987
451,0,4,0,0.25,0.5,0.30431562338501966,0.4934900365105672,0.3844826619631578,0.7780987962193987
453,0,4,0,0.25,0.5,0.46243159017253277,0.4934900365105672,0.3844826619631578,0.7780987962193987
454,0,4,0,0.0,1.0,0.5172112824123694,0.4934900365105672,0.3844826619631578,0.7780987962193987
460,0,4,0,0.0,1.0,0.5132697452140016,0.4934900365105672,0.3844826619631578,0.7780987962193987
470,0,4,0,0.0,1.0,0.4792148595346587,0.4934900365105672,0.3844826619631578,0.7780987962193987
479,0,4,0,0.0,1.0,0.5182735229814645,0.4934900365105672,0.3844826619631578,0.7780987962193987
484,0,4,0,0.25,0.5,0.32437525998690664,0.4934900365105672,0.3844826619631578,0.7780987962193987
499,0,4,0,0.0,1.0,0.535955555819159,0.4934900365105672,0.3844826619631578,0.7780987962193987
502,0,4,1,0.75,0.5,0.5784160326432485,0.4934900365105672,0.3844826619631578,0.7780987962193987
506,0,4,1,0.75,0.5,0.609666930664779,0.4934900365105672,0.3844826619631578,0.7780987962193987
512,0,4,1,1.0,1.0,0.7017525540485018,0.4934900365105672,0.3844826619631578,0.7780987962193987
513,0,4,0,0.0,1.0,0.6324143055420582,0.4934900365105672,0.3844826619631578,0.7780987962193987
522,0,4,0,0.25,0.5,0.4193528447012343,0.4934900365105672,0.3844826619631578,0.7780987962193987
523,0,4,0,0.25,0.5,0.5457804031827124,0.4934900365105672,0.3844826619631578,0.7780987962193987
532,0,4,0,0.0,1.0,0.3916692283840875,0.4934900365105672,0.3844826619631578,0.7780987962193987
538,0,4,0,0.0,1.0,0.6448027381838582,0.4934900365105672,0.3844826619631578,0.7780987962193987
553,0,4,0,0.0,1.0,0.5052617793951826,0.4934900365105672,0.3844826619631578,0.7780987962193987
560,0,4,0,0.1666666666666666,0.6666666666666667,0.39140127666884755,0.4934900365105672,0.3844826619631578,0.7780987962193987
562,0,4,0,0.3333333333333333,0.3333333333333333,0.7236796232829515,0.4934900365105672,0.3844826619631578,0.7780987962193987
570,0,4,1,0.6666666666666666,0.3333333333333332,0.6378912106546093,0.4934900365105672,0.3844826619631578,0.7780987962193987
572,0,4,1,0.8333333333333334,0.6666666666666667,0.576852622589423,0.4934900365105672,0.3844826619631578,0.7780987962193987
574,0,4,0,0.3333333333333333,0.3333333333333333,0.48700570640682256,0.4934900365105672,0.3844826619631578,0.7780987962193987
607,0,4,0,0.0,1.0,0.5572581542014425,0.4934900365105672,0.3844826619631578,0.7780987962193987
609,0,4,0,0.25,0.5,0.5573621336265889,0.4934900365105672,0.3844826619631578,0.7780987962193987
611,0,4,1,0.75,0.5,0.5323801272825194,0.4934900365105672,0.3844826619631578,0.7780987962193987
613,0,4,0,0.0,1.0,0.739560534351413,0.4934900365105672,0.3844826619631578,0.7780987962193987
631,0,4,0,0.0,1.0,0.5454474096869615,0.4934900365105672,0.3844826619631578,0.7780987962193987
642,0,4,1,0.75,0.5,0.7113622647010147,0.4934900365105672,0.3844826619631578,0.7780987962193987
646,0,4,0,0.0,1.0,0.2830516412414069,0.4934900365105672,0.3844826619631578,0.7780987962193987
650,0,4,0,0.0,1.0,0.17881879831919553,0.4934900365105672,0.3844826619631578,0.7780987962193987
655,0,4,1,0.6666666666666666,0.3333333333333332,0.5795694107818201,0.4934900365105672,0.3844826619631578,0.7780987962193987
662,0,4,0,0.0,1.0,0.3907557293044871,0.4934900365105672,0.3844826619631578,0.7780987962193987
664,0,4,1,0.6666666666666666,0.3333333333333332,0.5881984883863723,0.4934900365105672,0.3844826619631578,0.7780987962193987
669,0,4,0,0.3333333333333333,0.3333333333333333,0.6373646849314805,0.4934900365105672,0.3844826619631578,0.7780987962193987
671,0,4,0,0.3333333333333333,0.3333333333333333,0.610950826136061,0.4934900365105672,0.3844826619631578,0.7780987962193987
679,0,4,0,0.4,0.1999999999999999,0.4054726274779044,0.4934900365105672,0.3844826619631578,0.7780987962193987
687,0,4,0,0.3333333333333333,0.3333333333333333,0.5345011363800102,0.4934900365105672,0.3844826619631578,0.7780987962193987
688,0,4,0,0.1666666666666666,0.6666666666666667,0.6171067412537359,0.4934900365105672,0.3844826619631578,0.7780987962193987
708,0,4,0,0.0,1.0,0.5078070732716002,0.4934900365105672,0.3844826619631578,0.7780987962193987
716,0,4,1,0.6666666666666666,0.3333333333333332,0.567542994062028,0.4934900365105672,0.3844826619631578,0.7780987962193987
722,0,4,0,0.2,0.6,0.3602203059922162,0.4934900365105672,0.3844826619631578,0.7780987962193987
724,0,4,0,0.2,0.6,0.3790988707992367,0.4934900365105672,0.3844826619631578,0.7780987962193987
726,0,4,0,0.0,1.0,0.46464232949983036,0.4934900365105672,0.3844826619631578,0.7780987962193987
734,0,4,0,0.0,1.0,0.40205196861574694,0.4934900365105672,0.3844826619631578,0.7780987962193987
739,0,4,0,0.3333333333333333,0.3333333333333333,0.5226212124435301,0.4934900365105672,0.3844826619631578,0.7780987962193987
740,0,4,0,0.1666666666666666,0.6666666666666667,0.469393138950003,0.4934900365105672,0.3844826619631578,0.7780987962193987
5,1,0,0,0.2,0.6,0.3644249361806616,0.4917887506669681,0.3047935203770316,1.1338835124384057
8,1,0,0,0.0,1.0,0.3416678610838334,0.4917887506669681,0.3047935203770316,1.1338835124384057
10,1,0,0,0.0,1.0,0.25015113072202105,0.4917887506669681,0.3047935203770316,1.1338835124384057
12,1,0,0,0.4,0.1999999999999999,0.3132349932517768,0.4917887506669681,0.3047935203770316,1.1338835124384057
17,1,0,0,0.4,0.1999999999999999,0.6677516656668203,0.4917887506669681,0.3047935203770316,1.1338835124384057
25,1,0,0,0.2,0.6,0.3697562077056151,0.4917887506669681,0.3047935203770316,1.1338835124384057
30,1,0,0,0.2,0.6,0.43372687563753354,0.4917887506669681,0.3047935203770316,1.1338835124384057
36,1,0,0,0.2,0.6,0.22483219904887225,0.4917887506669681,0.3047935203770316,1.1338835124384057
46,1,0,0,0.4,0.1999999999999999,0.6356688160246897,0.4917887506669681,0.3047935203770316,1.1338835124384057
56,1,0,0,0.25,0.5,0.16418832472541597,0.4917887506669681,0.3047935203770316,1.1338835124384057
63,1,0,0,0.0,1.0,0.30763203619927554,0.4917887506669681,0.3047935203770316,1.1338835124384057
66,1,0,0,0.0,1.0,0.26537045407743615,0.4917887506669681,0.3047935203770316,1.1338835124384057
72,1,0,0,0.25,0.5,0.2698537800504605,0.4917887506669681,0.3047935203770316,1.1338835124384057
81,1,0,0,0.0,1.0,0.2871466397363147,0.4917887506669681,0.3047935203770316,1.1338835124384057
82,1,0,0,0.25,0.5,0.4814572992451265,0.4917887506669681,0.3047935203770316,1.1338835124384057
91,1,0,0,0.25,0.5,0.31389614216504774,0.4917887506669681,0.3047935203770316,1.1338835124384057
93,1,0,0,0.0,1.0,0.29898572256587047,0.4917887506669681,0.3047935203770316,1.1338835124384057
99,1,0,0,0.0,1.0,0.3193685321792173,0.4917887506669681,0.3047935203770316,1.1338835124384057
101,1,0,0,0.3333333333333333,0.3333333333333333,0.15342069733243544,0.4917887506669681,0.3047935203770316,1.1338835124384057
102,1,0,0,0.0,1.0,0.11853362449819693,0.4917887506669681,0.3047935203770316,1.1338835124384057
106,1,0,1,1.0,1.0,0.5027829405564895,0.4917887506669681,0.3047935203770316,1.1338835124384057
114,1,0,0,0.1111111111111111,0.7777777777777778,0.46833911506914455,0.4917887506669681,0.3047935203770316,1.1338835124384057
117,1,0,0,0.25,0.5,0.26408363963054593,0.4917887506669681,0.3047935203770316,1.1338835124384057
118,1,0,0,0.0,1.0,0.554418982499863,0.4917887506669681,0.3047935203770316,1.1338835124384057
122,1,0,0,0.0,1.0,0.30400213672389126,0.4917887506669681,0.3047935203770316,1.1338835124384057
128,1,0,0,0.1111111111111111,0.7777777777777778,0.19867145091027075,0.4917887506669681,0.3047935203770316,1.1338835124384057
141,1,0,0,0.0,1.0,0.5126709827150853,0.4917887506669681,0.3047935203770316,1.1338835124384057
142,1,0,0,0.0,1.0,0.4942736522498317,0.4917887506669681,0.3047935203770316,1.1338835124384057
143,1,0,1,0.5555555555555556,0.1111111111111111,0.5089548474451281,0.4917887506669681,0.3047935203770316,1.1338835124384057
145,1,0,0,0.4444444444444444,0.1111111111111111,0.3110199010886048,0.4917887506669681,0.3047935203770316,1.1338835124384057
149,1,0,0,0.3333333333333333,0.3333333333333333,0.16161573713401706,0.4917887506669681,0.3047935203770316,1.1338835124384057
150,1,0,0,0.0,1.0,0.20733335660364383,0.4917887506669681,0.3047935203770316,1.1338835124384057
159,1,0,0,0.0,1.0,0.27547946887336383,0.4917887506669681,0.3047935203770316,1.1338835124384057
177,1,0,0,0.0,1.0,0.5009533980815324,0.4917887506669681,0.3047935203770316,1.1338835124384057
179,1,0,0,0.25,0.5,0.45382411371763287,0.4917887506669681,0.3047935203770316,1.1338835124384057
180,1,0,0,0.0,1.0,0.46799899050046573,0.4917887506669681,0.3047935203770316,1.1338835124384057
184,1,0,0,0.0,1.0,0.3026814775663065,0.4917887506669681,0.3047935203770316,1.1338835124384057
187,1,0,0,0.0,1.0,0.3966966325493824,0.4917887506669681,0.3047935203770316,1.1338835124384057
195,1,0,0,0.0,1.0,0.48535650235378025,0.4917887506669681,0.3047935203770316,1.1338835124384057
211,1,0,1,0.6,0.1999999999999999,0.524289379041393,0.4917887506669681,0.3047935203770316,1.1338835124384057
216,1,0,0,0.0,1.0,0.5119740751702823,0.4917887506669681,0.3047935203770316,1.1338835124384057
221,1,0,1,0.8,0.6000000000000001,0.2989259054865448,0.4917887506669681,0.3047935203770316,1.1338835124384057
226,1,0,0,0.0,1.0,0.5550920196984622,0.4917887506669681,0.3047935203770316,1.1338835124384057
232,1,0,0,0.25,0.5,0.4065332795799942,0.4917887506669681,0.3047935203770316,1.1338835124384057
235,1,0,0,0.0,1.0,0.3656929543694028,0.4917887506669681,0.3047935203770316,1.1338835124384057
243,1,0,0,0.0,1.0,0.25690664382657863,0.4917887506669681,0.3047935203770316,1.1338835124384057
248,1,0,0,0.4,0.1999999999999999,0.5566588651871234,0.4917887506669681,0.3047935203770316,1.1338835124384057
250,1,0,0,0.4,0.1999999999999999,0.7074752996667572,0.4917887506669681,0.3047935203770316,1.1338835124384057
251,1,0,0,0.25,0.5,0.3698421245562597,0.4917887506669681,0.3047935203770316,1.1338835124384057
257,1,0,0,0.25,0.5,0.1498139830957474,0.4917887506669681,0.3047935203770316,1.1338835124384057
263,1,0,0,0.2,0.6,0.2362305540472626,0.4917887506669681,0.3047935203770316,1.1338835124384057
278,1,0,0,0.25,0.5,0.3216875120783073,0.4917887506669681,0.3047935203770316,1.1338835124384057
285,1,0,0,0.4,0.1999999999999999,0.3304549932418826,0.4917887506669681,0.3047935203770316,1.1338835124384057
287,1,0,0,0.25,0.5,0.5806658242405923,0.4917887506669681,0.3047935203770316,1.1338835124384057
299,1,0,1,0.8,0.6000000000000001,0.30678847201614706,0.4917887506669681,0.3047935203770316,1.1338835124384057
314,1,0,0,0.0,1.0,0.32704475635253694,0.4917887506669681,0.3047935203770316,1.1338835124384057
320,1,0,0,0.0,1.0,0.5100990224632648,0.4917887506669681,0.3047935203770316,1.1338835124384057
330,1,0,0,0.4,0.1999999999999999,0.5005138746688337,0.4917887506669681,0.3047935203770316,1.1338835124384057
333,1,0,0,0.0,1.0,0.2828987175029614,0.4917887506669681,0.3047935203770316,1.1338835124384057
334,1,0,0,0.4,0.1999999999999999,0.5924456039901618,0.4917887506669681,0.3047935203770316,1.1338835124384057
336,1,0,0,0.4,0.1999999999999999,0.47576596769455387,0.4917887506669681,0.3047935203770316,1.1338835124384057
339,1,0,0,0.0,1.0,0.4015862195452006,0.4917887506669681,0.3047935203770316,1.1338835124384057
341,1,0,1,0.6,0.1999999999999999,0.5990876356643614,0.4917887506669681,0.3047935203770316,1.1338835124384057
347,1,0,0,0.4,0.1999999999999999,0.5617955755602535,0.4917887506669681,0.3047935203770316,1.1338835124384057
350,1,0,0,0.0,1.0,0.31364400941003245,0.4917887506669681,0.3047935203770316,1.1338835124384057
359,1,0,0,0.25,0.5,0.4926553664207193,0.4917887506669681,0.3047935203770316,1.1338835124384057
362,1,0,1,0.75,0.5,0.23874513069564307,0.4917887506669681,0.3047935203770316,1.1338835124384057
369,1,0,0,0.0,1.0,0.3066926437911756,0.4917887506669681,0.3047935203770316,1.1338835124384057
373,1,0,0,0.0,1.0,0.5466042706255478,0.4917887506669681,0.3047935203770316,1.1338835124384057
406,1,0,1,0.6,0.1999999999999999,0.546886718771697,0.4917887506669681,0.3047935203770316,1.1338835124384057
419,1,0,0,0.4,0.1999999999999999,0.5995853833024163,0.4917887506669681,0.3047935203770316,1.1338835124384057
420,1,0,0,0.0,1.0,0.2725074113703107,0.4917887506669681,0.3047935203770316,1.1338835124384057
422,1,0,1,0.6,0.1999999999999999,0.440217610252174,0.4917887506669681,0.3047935203770316,1.1338835124384057
423,1,0,0,0.0,1.0,0.7375706811313072,0.4917887506669681,0.3047935203770316,1.1338835124384057
425,1,0,0,0.0,1.0,0.42255266792995416,0.4917887506669681,0.3047935203770316,1.1338835124384057
427,1,0,1,0.6,0.1999999999999999,0.6435334972629937,0.4917887506669681,0.3047935203770316,1.1338835124384057
431,1,0,0,0.4,0.1999999999999999,0.6209238661616889,0.4917887506669681,0.3047935203770316,1.1338835124384057
432,1,0,0,0.2,0.6,0.5845952714517132,0.4917887506669681,0.3047935203770316,1.1338835124384057
436,1,0,0,0.4,0.1999999999999999,0.5294215262259352,0.4917887506669681,0.3047935203770316,1.1338835124384057
440,1,0,0,0.0,1.0,0.8497779755281905,0.4917887506669681,0.3047935203770316,1.1338835124384057
443,1,0,0,0.0,1.0,0.32155264185545296,0.4917887506669681,0.3047935203770316,1.1338835124384057
446,1,0,0,0.2,0.6,0.7457082161984138,0.4917887506669681,0.3047935203770316,1.1338835124384057
455,1,0,0,0.0,1.0,0.28094458759441804,0.4917887506669681,0.3047935203770316,1.1338835124384057
459,1,0,0,0.25,0.5,0.5254003631983791,0.4917887506669681,0.3047935203770316,1.1338835124384057
460,1,0,0,0.0,1.0,0.4714714680038139,0.4917887506669681,0.3047935203770316,1.1338835124384057
467,1,0,1,1.0,1.0,0.702452209982355,0.4917887506669681,0.3047935203770316,1.1338835124384057
469,1,0,1,0.75,0.5,0.452802898692614,0.4917887506669681,0.3047935203770316,1.1338835124384057
470,1,0,0,0.0,1.0,0.5215261603601404,0.4917887506669681,0.3047935203770316,1.1338835124384057
479,1,0,0,0.0,1.0,0.4956263454687962,0.4917887506669681,0.3047935203770316,1.1338835124384057
482,1,0,0,0.0,1.0,0.24140490567551579,0.4917887506669681,0.3047935203770316,1.1338835124384057
483,1,0,0,0.25,0.5,0.4413330545529885,0.4917887506669681,0.3047935203770316,1.1338835124384057
486,1,0,0,0.25,0.5,0.704106384115804,0.4917887506669681,0.3047935203770316,1.1338835124384057
495,1,0,0,0.0,1.0,0.7425425970066125,0.4917887506669681,0.3047935203770316,1.1338835124384057
496,1,0,1,0.75,0.5,0.5544448725898242,0.4917887506669681,0.3047935203770316,1.1338835124384057
500,1,0,0,0.25,0.5,0.7122574890737158,0.4917887506669681,0.3047935203770316,1.1338835124384057
503,1,0,0,0.0,1.0,0.604293724282147,0.4917887506669681,0.3047935203770316,1.1338835124384057
525,1,0,0,0.2,0.6,0.12574387351258862,0.4917887506669681,0.3047935203770316,1.1338835124384057
526,1,0,0,0.0,1.0,0.7124478768777007,0.4917887506669681,0.3047935203770316,1.1338835124384057
531,1,0,1,0.75,0.5,0.6245648816234827,0.4917887506669681,0.3047935203770316,1.1338835124384057
535,1,0,0,0.25,0.5,0.6968343759728536,0.4917887506669681,0.3047935203770316,1.1338835124384057
549,1,0,0,0.0,1.0,0.3863059985931393,0.4917887506669681,0.3047935203770316,1.1338835124384057
553,1,0,0,0.0,1.0,0.4761147512848113,0.4917887506669681,0.3047935203770316,1.1338835124384057
563,1,0,0,0.0,1.0,0.5218892772322913,0.4917887506669681,0.3047935203770316,1.1338835124384057
565,1,0,0,0.3333333333333333,0.3333333333333333,0.557307670845305,0.4917887506669681,0.3047935203770316,1.1338835124384057
566,1,0,0,0.1666666666666666,0.6666666666666667,0.5078963001276405,0.4917887506669681,0.3047935203770316,1.1338835124384057
569,1,0,0,0.1666666666666666,0.6666666666666667,0.6579532441691903,0.4917887506669681,0.3047935203770316,1.1338835124384057
573,1,0,0,0.3333333333333333,0.3333333333333333,0.6578037359390743,0.4917887506669681,0.3047935203770316,1.1338835124384057
592,1,0,1,0.6,0.1999999999999999,0.6168916343456649,0.4917887506669681,0.3047935203770316,1.1338835124384057
598,1,0,0,0.3333333333333333,0.3333333333333333,0.8547234409807029,0.4917887506669681,0.3047935203770316,1.1338835124384057
614,1,0,1,0.75,0.5,0.7593166286055884,0.4917887506669681,0.3047935203770316,1.1338835124384057
640,1,0,1,0.75,0.5,0.7057678921916608,0.4917887506669681,0.3047935203770316,1.1338835124384057
642,1,0,1,0.75,0.5,0.7465846408250076,0.4917887506669681,0.3047935203770316,1.1338835124384057
644,1,0,0,0.25,0.5,0.5768908549219854,0.4917887506669681,0.3047935203770316,1.1338835124384057
646,1,0,0,0.0,1.0,0.16693074561300683,0.4917887506669681,0.3047935203770316,1.1338835124384057
654,1,0,0,0.1666666666666666,0.6666666666666667,0.5485603820368788,0.4917887506669681,0.3047935203770316,1.1338835124384057
661,1,0,1,0.8333333333333334,0.6666666666666667,0.7606589015899688,0.4917887506669681,0.3047935203770316,1.1338835124384057
663,1,0,0,0.3333333333333333,0.3333333333333333,0.6889136480274972,0.4917887506669681,0.3047935203770316,1.1338835124384057
669,1,0,0,0.3333333333333333,0.3333333333333333,0.6961910057600418,0.4917887506669681,0.3047935203770316,1.1338835124384057
685,1,0,0,0.0,1.0,0.3158269057160773,0.4917887506669681,0.3047935203770316,1.1338835124384057
706,1,0,1,0.6666666666666666,0.3333333333333332,0.6352269022176482,0.4917887506669681,0.3047935203770316,1.1338835124384057
710,1,0,0,0.0,1.0,0.2656418441013731,0.4917887506669681,0.3047935203770316,1.1338835124384057
711,1,0,1,0.6,0.1999999999999999,0.5706547672607098,0.4917887506669681,0.3047935203770316,1.1338835124384057
716,1,0,1,0.6666666666666666,0.3333333333333332,0.4403080163819527,0.4917887506669681,0.3047935203770316,1.1338835124384057
718,1,0,0,0.1666666666666666,0.6666666666666667,0.5965945822147141,0.4917887506669681,0.3047935203770316,1.1338835124384057
728,1,0,0,0.2,0.6,0.45233084489986625,0.4917887506669681,0.3047935203770316,1.1338835124384057
734,1,0,0,0.0,1.0,0.31569432161736577,0.4917887506669681,0.3047935203770316,1.1338835124384057
735,1,0,0,0.0,1.0,0.2401902639004061,0.4917887506669681,0.3047935203770316,1.1338835124384057
6,1,1,0,0.2,0.6,0.40896012905668516,0.5578165931508028,0.24619111077853395,0.6722198636393841
7,1,1,1,0.6,0.1999999999999999,0.5919111467143003,0.5578165931508028,0.24619111077853395,0.6722198636393841
9,1,1,0,0.0,1.0,0.41860035923757577,0.5578165931508028,0.24619111077853395,0.6722198636393841
13,1,1,0,0.2,0.6,0.39608890125738483,0.5578165931508028,0.24619111077853395,0.6722198636393841
14,1,1,0,0.2,0.6,0.535542831687384,0.5578165931508028,0.24619111077853395,0.6722198636393841
16,1,1,1,0.6,0.1999999999999999,0.46861420683180777,0.5578165931508028,0.24619111077853395,0.6722198636393841
21,1,1,0,0.2,0.6,0.43919182736674256,0.5578165931508028,0.24619111077853395,0.6722198636393841
22,1,1,0,0.2,0.6,0.4360921618006068,0.5578165931508028,0.24619111077853395,0.6722198636393841
29,1,1,0,0.2,0.6,0.5592411160693612,0.5578165931508028,0.24619111077853395,0.6722198636393841
32,1,1,0,0.2,0.6,0.35389972416742516,0.5578165931508028,0.24619111077853395,0.6722198636393841
33,1,1,0,0.4,0.1999999999999999,0.4268288631097301,0.5578165931508028,0.24619111077853395,0.6722198636393841
34,1,1,0,0.1666666666666666,0.6666666666666667,0.4645322251528824,0.5578165931508028,0.24619111077853395,0.6722198636393841
41,1,1,0,0.2,0.6,0.36269138139996654,0.5578165931508028,0.24619111077853395,0.6722198636393841
49,1,1,0,0.3333333333333333,0.3333333333333333,0.43035403218428564,0.5578165931508028,0.24619111077853395,0.6722198636393841
50,1,1,1,0.8,0.6000000000000001,0.487849236094159,0.5578165931508028,0.24619111077853395,0.6722198636393841
51,1,1,0,0.25,0.5,0.4023205309371083,0.5578165931508028,0.24619111077853395,0.6722198636393841
70,1,1,0,0.0,1.0,0.5071510079511066,0.5578165931508028,0.24619111077853395,0.6722198636393841
71,1,1,0,0.0,1.0,0.35469754346232973,0.5578165931508028,0.24619111077853395,0.6722198636393841
79,1,1,0,0.25,0.5,0.3471177208873369,0.5578165931508028,0.24619111077853395,0.6722198636393841
85,1,1,0,0.25,0.5,0.5355644331847873,0.5578165931508028,0.24619111077853395,0.6722198636393841
86,1,1,0,0.0,1.0,0.4034989952417432,0.5578165931508028,0.24619111077853395,0.6722198636393841
89,1,1,0,0.25,0.5,0.5030740744199232,0.5578165931508028,0.24619111077853395,0.6722198636393841
94,1,1,0,0.25,0.5,0.49600287683379835,0.5578165931508028,0.24619111077853395,0.6722198636393841
95,1,1,0,0.25,0.5,0.3458849253780351,0.5578165931508028,0.24619111077853395,0.6722198636393841
108,1,1,0,0.25,0.5,0.5246813713895406,0.5578165931508028,0.24619111077853395,0.6722198636393841
109,1,1,0,0.1111111111111111,0.7777777777777778,0.5358828957665006,0.5578165931508028,0.24619111077853395,0.6722198636393841
115,1,1,0,0.0,1.0,0.372852835582695,0.5578165931508028,0.24619111077853395,0.6722198636393841
127,1,1,1,0.6666666666666666,0.3333333333333332,0.49365821553683376,0.5578165931508028,0.24619111077853395,0.6722198636393841
129,1,1,0,0.2,0.6,0.4655296597462045,0.5578165931508028,0.24619111077853395,0.6722198636393841
139,1,1,0,0.0,1.0,0.5376384181408587,0.5578165931508028,0.24619111077853395,0.6722198636393841
140,1,1,0,0.2222222222222222,0.5555555555555556,0.4946474979153197,0.5578165931508028,0.24619111077853395,0.6722198636393841
147,1,1,0,0.0,1.0,0.4881665358856362,0.5578165931508028,0.24619111077853395,0.6722198636393841
156,1,1,0,0.25,0.5,0.4466452288566977,0.5578165931508028,0.24619111077853395,0.6722198636393841
158,1,1,0,0.0,1.0,0.33266473227570736,0.5578165931508028,0.24619111077853395,0.6722198636393841
160,1,1,0,0.1666666666666666,0.6666666666666667,0.4664568153794421,0.5578165931508028,0.24619111077853395,0.6722198636393841
161,1,1,0,0.0,1.0,0.3726505245658438,0.5578165931508028,0.24619111077853395,0.6722198636393841
166,1,1,0,0.25,0.5,0.4652941936019945,0.5578165931508028,0.24619111077853395,0.6722198636393841
175,1,1,0,0.0,1.0,0.34709817854075536,0.5578165931508028,0.24619111077853395,0.6722198636393841
188,1,1,0,0.0,1.0,0.41317832788445447,0.5578165931508028,0.24619111077853395,0.6722198636393841
193,1,1,0,0.25,0.5,0.3925119206686639,0.5578165931508028,0.24619111077853395,0.6722198636393841
194,1,1,0,0.0,1.0,0.5259382824685961,0.5578165931508028,0.24619111077853395,0.6722198636393841
198,1,1,0,0.0,1.0,0.49724900952748224,0.5578165931508028,0.24619111077853395,0.6722198636393841
200,1,1,0,0.2,0.6,0.3633113201138313,0.5578165931508028,0.24619111077853395,0.6722198636393841
205,1,1,0,0.2,0.6,0.29888844022742106,0.5578165931508028,0.24619111077853395,0.6722198636393841
209,1,1,0,0.2,0.6,0.41526300376181724,0.5578165931508028,0.24619111077853395,0.6722198636393841
210,1,1,0,0.4,0.1999999999999999,0.6855680568902599,0.5578165931508028,0.24619111077853395,0.6722198636393841
212,1,1,0,0.2,0.6,0.3533395653102701,0.5578165931508028,0.24619111077853395,0.6722198636393841
222,1,1,0,0.2,0.6,0.4260641262293021,0.5578165931508028,0.24619111077853395,0.6722198636393841
225,1,1,0,0.2,0.6,0.39215654307836445,0.5578165931508028,0.24619111077853395,0.6722198636393841
230,1,1,0,0.2,0.6,0.39454916857868405,0.5578165931508028,0.24619111077853395,0.6722198636393841
234,1,1,0,0.25,0.5,0.46481313859305184,0.5578165931508028,0.24619111077853395,0.6722198636393841
237,1,1,0,0.4,0.1999999999999999,0.4438029554752021,0.5578165931508028,0.24619111077853395,0.6722198636393841
242,1,1,1,0.6,0.1999999999999999,0.41236631587807043,0.5578165931508028,0.24619111077853395,0.6722198636393841
244,1,1,1,0.6,0.1999999999999999,0.5947265991487435,0.5578165931508028,0.24619111077853395,0.6722198636393841
247,1,1,0,0.2,0.6,0.5164089141726387,0.5578165931508028,0.24619111077853395,0.6722198636393841
264,1,1,0,0.25,0.5,0.38312720795860955,0.5578165931508028,0.24619111077853395,0.6722198636393841
267,1,1,0,0.0,1.0,0.24547562182661098,0.5578165931508028,0.24619111077853395,0.6722198636393841
280,1,1,0,0.25,0.5,0.4281791623001166,0.5578165931508028,0.24619111077853395,0.6722198636393841
292,1,1,0,0.25,0.5,0.6585063912984597,0.5578165931508028,0.24619111077853395,0.6722198636393841
297,1,1,0,0.0,1.0,0.331441437954035,0.5578165931508028,0.24619111077853395,0.6722198636393841
304,1,1,1,0.8,0.6000000000000001,0.5597652675729319,0.5578165931508028,0.24619111077853395,0.6722198636393841
312,1,1,0,0.0,1.0,0.429861648129833,0.5578165931508028,0.24619111077853395,0.6722198636393841
315,1,1,1,0.8,0.6000000000000001,0.5102058729037944,0.5578165931508028,0.24619111077853395,0.6722198636393841
317,1,1,0,0.4,0.1999999999999999,0.3223013421069134,0.5578165931508028,0.24619111077853395,0.6722198636393841
323,1,1,0,0.0,1.0,0.5515820871116217,0.5578165931508028,0.24619111077853395,0.6722198636393841
324,1,1,0,0.2,0.6,0.5589778185675682,0.5578165931508028,0.24619111077853395,0.6722198636393841
342,1,1,0,0.2,0.6,0.36646008403577185,0.5578165931508028,0.24619111077853395,0.6722198636393841
343,1,1,1,0.8,0.6000000000000001,0.6499214199656964,0.5578165931508028,0.24619111077853395,0.6722198636393841
355,1,1,0,0.25,0.5,0.4073375032810616,0.5578165931508028,0.24619111077853395,0.6722198636393841
365,1,1,0,0.25,0.5,0.5507355143746592,0.5578165931508028,0.24619111077853395,0.6722198636393841
379,1,1,1,0.75,0.5,0.5490609437785827,0.5578165931508028,0.24619111077853395,0.6722198636393841
384,1,1,0,0.25,0.5,0.48868282370915844,0.5578165931508028,0.24619111077853395,0.6722198636393841
387,1,1,0,0.0,1.0,0.4535106516619368,0.5578165931508028,0.24619111077853395,0.6722198636393841
398,1,1,0,0.25,0.5,0.6211962524594772,0.5578165931508028,0.24619111077853395,0.6722198636393841
408,1,1,0,0.4,0.1999999999999999,0.5440464143536464,0.5578165931508028,0.24619111077853395,0.6722198636393841
410,1,1,1,0.6,0.1999999999999999,0.5613084788922863,0.5578165931508028,0.24619111077853395,0.6722198636393841
411,1,1,0,0.2,0.6,0.6533718575424827,0.5578165931508028,0.24619111077853395,0.6722198636393841
412,1,1,1,1.0,1.0,0.5843596656675598,0.5578165931508028,0.24619111077853395,0.6722198636393841
414,1,1,1,0.6,0.1999999999999999,0.673952195497412,0.5578165931508028,0.24619111077853395,0.6722198636393841
416,1,1,0,0.0,1.0,0.5518309195393828,0.5578165931508028,0.24619111077853395,0.6722198636393841
417,1,1,0,0.2,0.6,0.6639087621062628,0.5578165931508028,0.24619111077853395,0.6722198636393841
421,1,1,0,0.2,0.6,0.4253385546778336,0.5578165931508028,0.24619111077853395,0.6722198636393841
424,1,1,1,0.6,0.1999999999999999,0.5941187248516616,0.5578165931508028,0.24619111077853395,0.6722198636393841
429,1,1,0,0.0,1.0,0.6658694482556454,0.5578165931508028,0.24619111077853395,0.6722198636393841
433,1,1,0,0.0,1.0,0.5398329742197304,0.5578165931508028,0.24619111077853395,0.6722198636393841
437,1,1,1,0.6,0.1999999999999999,0.62929267044327,0.5578165931508028,0.24619111077853395,0.6722198636393841
447,1,1,0,0.0,1.0,0.4028438047836008,0.5578165931508028,0.24619111077853395,0.6722198636393841
464,1,1,0,0.0,1.0,0.6738833452293381,0.5578165931508028,0.24619111077853395,0.6722198636393841
476,1,1,0,0.0,1.0,0.6875604511195337,0.5578165931508028,0.24619111077853395,0.6722198636393841
477,1,1,0,0.0,1.0,0.4278025365502416,0.5578165931508028,0.24619111077853395,0.6722198636393841
478,1,1,0,0.0,1.0,0.4517308483331411,0.5578165931508028,0.24619111077853395,0.6722198636393841
494,1,1,1,0.8,0.6000000000000001,0.542918941800707,0.5578165931508028,0.24619111077853395,0.6722198636393841
497,1,1,0,0.0,1.0,0.38365862499333586,0.5578165931508028,0.24619111077853395,0.6722198636393841
499,1,1,0,0.0,1.0,0.5303106257344107,0.5578165931508028,0.24619111077853395,0.6722198636393841
501,1,1,0,0.25,0.5,0.48492178923178425,0.5578165931508028,0.24619111077853395,0.6722198636393841
515,1,1,0,0.25,0.5,0.6123263159364497,0.5578165931508028,0.24619111077853395,0.6722198636393841
518,1,1,0,0.25,0.5,0.7262236951316765,0.5578165931508028,0.24619111077853395,0.6722198636393841
528,1,1,0,0.0,1.0,0.47545523491963865,0.5578165931508028,0.24619111077853395,0.6722198636393841
533,1,1,0,0.0,1.0,0.4406955110150343,0.5578165931508028,0.24619111077853395,0.6722198636393841
538,1,1,0,0.0,1.0,0.620606400305564,0.5578165931508028,0.24619111077853395,0.6722198636393841
557,1,1,0,0.3333333333333333,0.3333333333333333,0.4854339333448196,0.5578165931508028,0.24619111077853395,0.6722198636393841
562,1,1,0,0.3333333333333333,0.3333333333333333,0.6930563825116425,0.5578165931508028,0.24619111077853395,0.6722198636393841
572,1,1,1,0.8333333333333334,0.6666666666666667,0.6182619539960332,0.5578165931508028,0.24619111077853395,0.6722198636393841
581,1,1,0,0.3333333333333333,0.3333333333333333,0.5445249421368157,0.5578165931508028,0.24619111077853395,0.6722198636393841
586,1,1,1,0.6666666666666666,0.3333333333333332,0.5886264408685475,0.5578165931508028,0.24619111077853395,0.6722198636393841
587,1,1,1,0.8333333333333334,0.6666666666666667,0.5766341516575076,0.5578165931508028,0.24619111077853395,0.6722198636393841
594,1,1,0,0.0,1.0,0.456482609472852,0.5578165931508028,0.24619111077853395,0.6722198636393841
595,1,1,1,0.8333333333333334,0.6666666666666667,0.5344308842507798,0.5578165931508028,0.24619111077853395,0.6722198636393841
600,1,1,0,0.1666666666666666,0.6666666666666667,0.6990470641126315,0.5578165931508028,0.24619111077853395,0.6722198636393841
609,1,1,0,0.25,0.5,0.4935136057597329,0.5578165931508028,0.24619111077853395,0.6722198636393841
613,1,1,0,0.0,1.0,0.7389629433853392,0.5578165931508028,0.24619111077853395,0.6722198636393841
615,1,1,1,0.75,0.5,0.6472971571942006,0.5578165931508028,0.24619111077853395,0.6722198636393841
616,1,1,1,0.75,0.5,0.6243733882826958,0.5578165931508028,0.24619111077853395,0.6722198636393841
619,1,1,0,0.25,0.5,0.6826210223839675,0.5578165931508028,0.24619111077853395,0.6722198636393841
651,1,1,0,0.3333333333333333,0.3333333333333333,0.4429512044791007,0.5578165931508028,0.24619111077853395,0.6722198636393841
660,1,1,0,0.1666666666666666,0.6666666666666667,0.5512635304430722,0.5578165931508028,0.24619111077853395,0.6722198636393841
678,1,1,0,0.3333333333333333,0.3333333333333333,0.4204800906924995,0.5578165931508028,0.24619111077853395,0.6722198636393841
679,1,1,0,0.4,0.1999999999999999,0.39977478420816615,0.5578165931508028,0.24619111077853395,0.6722198636393841
681,1,1,0,0.1666666666666666,0.6666666666666667,0.6267626597880986,0.5578165931508028,0.24619111077853395,0.6722198636393841
682,1,1,0,0.1666666666666666,0.6666666666666667,0.5850655906278319,0.5578165931508028,0.24619111077853395,0.6722198636393841
684,1,1,0,0.0,1.0,0.628581429777849,0.5578165931508028,0.24619111077853395,0.6722198636393841
687,1,1,0,0.3333333333333333,0.3333333333333333,0.530412707881271,0.5578165931508028,0.24619111077853395,0.6722198636393841
692,1,1,0,0.0,1.0,0.4183195665910657,0.5578165931508028,0.24619111077853395,0.6722198636393841
703,1,1,0,0.0,1.0,0.6873931414811385,0.5578165931508028,0.24619111077853395,0.6722198636393841
704,1,1,0,0.3333333333333333,0.3333333333333333,0.5305329809343866,0.5578165931508028,0.24619111077853395,0.6722198636393841
712,1,1,0,0.1666666666666666,0.6666666666666667,0.4932451869839064,0.5578165931508028,0.24619111077853395,0.6722198636393841
729,1,1,0,0.4,0.1999999999999999,0.5236683661830271,0.5578165931508028,0.24619111077853395,0.6722198636393841
1,1,2,0,0.3333333333333333,0.3333333333333333,0.3117059305750228,0.47579979026186026,0.08350371269919041,1.2197401613554615
3,1,2,0,0.0,1.0,0.42670967095883044,0.47579979026186026,0.08350371269919041,1.2197401613554615
4,1,2,1,0.6,0.1999999999999999,0.6143307264717102,0.47579979026186026,0.08350371269919041,1.2197401613554615
20,1,2,0,0.25,0.5,0.24180707061465684,0.47579979026186026,0.08350371269919041,1.2197401613554615
28,1,2,0,0.2,0.6,0.5099887680281274,0.47579979026186026,0.08350371269919041,1.2197401613554615
31,1,2,0,0.1666666666666666,0.6666666666666667,0.283981207163349,0.47579979026186026,0.08350371269919041,1.2197401613554615
43,1,2,0,0.2,0.6,0.699826621431294,0.47579979026186026,0.08350371269919041,1.2197401613554615
44,1,2,0,0.0,1.0,0.4793343440974004,0.47579979026186026,0.08350371269919041,1.2197401613554615
60,1,2,0,0.0,1.0,0.5501083177756763,0.47579979026186026,0.08350371269919041,1.2197401613554615
64,1,2,0,0.3333333333333333,0.3333333333333333,0.12717664469665746,0.47579979026186026,0.08350371269919041,1.2197401613554615
67,1,2,0,0.0,1.0,0.22588621782471405,0.47579979026186026,0.08350371269919041,1.2197401613554615
75,1,2,0,0.0,1.0,0.4692735708631731,0.47579979026186026,0.08350371269919041,1.2197401613554615
96,1,2,0,0.0,1.0,0.443739178236867,0.47579979026186026,0.08350371269919041,1.2197401613554615
98,1,2,0,0.3333333333333333,0.3333333333333333,0.49487143394482613,0.47579979026186026,0.08350371269919041,1.2197401613554615
110,1,2,0,0.0,1.0,0.42341941149286044,0.47579979026186026,0.08350371269919041,1.2197401613554615
113,1,2,0,0.1111111111111111,0.7777777777777778,0.664956627985985,0.47579979026186026,0.08350371269919041,1.2197401613554615
120,1,2,0,0.0,1.0,0.3359229828064464,0.47579979026186026,0.08350371269919041,1.2197401613554615
121,1,2,0,0.1111111111111111,0.7777777777777778,0.41510542024237435,0.47579979026186026,0.08350371269919041,1.2197401613554615
123,1,2,0,0.0,1.0,0.3922543550254517,0.47579979026186026,0.08350371269919041,1.2197401613554615
124,1,2,0,0.0,1.0,0.3130327487942671,0.47579979026186026,0.08350371269919041,1.2197401613554615
130,1,2,0,0.1111111111111111,0.7777777777777778,0.29097022318371024,0.47579979026186026,0.08350371269919041,1.2197401613554615
137,1,2,1,0.6666666666666666,0.3333333333333332,0.2766295919421465,0.47579979026186026,0.08350371269919041,1.2197401613554615
144,1,2,0,0.0,1.0,0.3594803389661792,0.47579979026186026,0.08350371269919041,1.2197401613554615
146,1,2,1,0.8888888888888888,0.7777777777777777,0.3560203441189043,0.47579979026186026,0.08350371269919041,1.2197401613554615
151,1,2,0,0.0,1.0,0.5263329814550219,0.47579979026186026,0.08350371269919041,1.2197401613554615
154,1,2,0,0.25,0.5,0.15844483359098677,0.47579979026186026,0.08350371269919041,1.2197401613554615
163,1,2,0,0.25,0.5,0.5876811788477844,0.47579979026186026,0.08350371269919041,1.2197401613554615
168,1,2,0,0.25,0.5,0.39440347176059815,0.47579979026186026,0.08350371269919041,1.2197401613554615
170,1,2,0,0.1666666666666666,0.6666666666666667,0.20612151925385389,0.47579979026186026,0.08350371269919041,1.2197401613554615
171,1,2,0,0.25,0.5,0.48134030883679174,0.47579979026186026,0.08350371269919041,1.2197401613554615
176,1,2,0,0.0,1.0,0.2661839245260173,0.47579979026186026,0.08350371269919041,1.2197401613554615
182,1,2,0,0.0,1.0,0.5368163101886843,0.47579979026186026,0.08350371269919041,1.2197401613554615
191,1,2,0,0.0,1.0,0.34131992062979327,0.47579979026186026,0.08350371269919041,1.2197401613554615
192,1,2,0,0.0,1.0,0.480531787990197,0.47579979026186026,0.08350371269919041,1.2197401613554615
197,1,2,0,0.0,1.0,0.34941654952075185,0.47579979026186026,0.08350371269919041,1.2197401613554615
199,1,2,0,0.25,0.5,0.24920019263044293,0.47579979026186026,0.08350371269919041,1.2197401613554615
201,1,2,0,0.25,0.5,0.24939467896284478,0.47579979026186026,0.08350371269919041,1.2197401613554615
202,1,2,1,0.6,0.1999999999999999,0.315298332502306,0.47579979026186026,0.08350371269919041,1.2197401613554615
204,1,2,0,0.4,0.1999999999999999,0.3084831878972756,0.47579979026186026,0.08350371269919041,1.2197401613554615
213,1,2,0,0.4,0.1999999999999999,0.33634683417923217,0.47579979026186026,0.08350371269919041,1.2197401613554615
217,1,2,0,0.0,1.0,0.19050871106309988,0.47579979026186026,0.08350371269919041,1.2197401613554615
223,1,2,0,0.2,0.6,0.3151608697473125,0.47579979026186026,0.08350371269919041,1.2197401613554615
227,1,2,1,1.0,1.0,0.3371218757749003,0.47579979026186026,0.08350371269919041,1.2197401613554615
233,1,2,0,0.0,1.0,0.22574882170794877,0.47579979026186026,0.08350371269919041,1.2197401613554615
236,1,2,0,0.0,1.0,0.35030389594817485,0.47579979026186026,0.08350371269919041,1.2197401613554615
239,1,2,1,0.6,0.1999999999999999,0.22552840667185411,0.47579979026186026,0.08350371269919041,1.2197401613554615
240,1,2,0,0.2,0.6,0.34107768372417624,0.47579979026186026,0.08350371269919041,1.2197401613554615
241,1,2,1,0.6,0.1999999999999999,0.2942074959354155,0.47579979026186026,0.08350371269919041,1.2197401613554615
245,1,2,0,0.0,1.0,0.20072897279323765,0.47579979026186026,0.08350371269919041,1.2197401613554615
258,1,2,0,0.0,1.0,0.282134908635738,0.47579979026186026,0.08350371269919041,1.2197401613554615
259,1,2,0,0.0,1.0,0.3079822135118015,0.47579979026186026,0.08350371269919041,1.2197401613554615
266,1,2,0,0.25,0.5,0.43642976832363517,0.47579979026186026,0.08350371269919041,1.2197401613554615
270,1,2,0,0.0,1.0,0.556195569656429,0.47579979026186026,0.08350371269919041,1.2197401613554615
271,1,2,0,0.0,1.0,0.5420602458616174,0.47579979026186026,0.08350371269919041,1.2197401613554615
276,1,2,0,0.2,0.6,0.3432330552310836,0.47579979026186026,0.08350371269919041,1.2197401613554615
279,1,2,0,0.2,0.6,0.19068300483854736,0.47579979026186026,0.08350371269919041,1.2197401613554615
294,1,2,0,0.0,1.0,0.41118054768082707,0.47579979026186026,0.08350371269919041,1.2197401613554615
313,1,2,0,0.0,1.0,0.3007020525318178,0.47579979026186026,0.08350371269919041,1.2197401613554615
325,1,2,0,0.0,1.0,0.4503426043759476,0.47579979026186026,0.08350371269919041,1.2197401613554615
326,1,2,0,0.0,1.0,0.4677820076974384,0.47579979026186026,0.08350371269919041,1.2197401613554615
327,1,2,0,0.0,1.0,0.5937005067960685,0.47579979026186026,0.08350371269919041,1.2197401613554615
328,1,2,1,0.6,0.1999999999999999,0.24713512596959014,0.47579979026186026,0.08350371269919041,1.2197401613554615
344,1,2,0,0.2,0.6,0.34743823798637397,0.47579979026186026,0.08350371269919041,1.2197401613554615
346,1,2,1,0.6,0.1999999999999999,0.6890548228087995,0.47579979026186026,0.08350371269919041,1.2197401613554615
349,1,2,0,0.0,1.0,0.15800805856657707,0.47579979026186026,0.08350371269919041,1.2197401613554615
358,1,2,0,0.25,0.5,0.5192662365083169,0.47579979026186026,0.08350371269919041,1.2197401613554615
360,1,2,0,0.25,0.5,0.44290200947167596,0.47579979026186026,0.08350371269919041,1.2197401613554615
363,1,2,0,0.0,1.0,0.5721697738701335,0.47579979026186026,0.08350371269919041,1.2197401613554615
372,1,2,0,0.25,0.5,0.4485101396174894,0.47579979026186026,0.08350371269919041,1.2197401613554615
377,1,2,0,0.25,0.5,0.2585740822864566,0.47579979026186026,0.08350371269919041,1.2197401613554615
391,1,2,0,0.0,1.0,0.2041011623245399,0.47579979026186026,0.08350371269919041,1.2197401613554615
405,1,2,0,0.0,1.0,0.5101632898723617,0.47579979026186026,0.08350371269919041,1.2197401613554615
409,1,2,0,0.4,0.1999999999999999,0.8138883623244055,0.47579979026186026,0.08350371269919041,1.2197401613554615
413,1,2,0,0.0,1.0,0.6053956870858765,0.47579979026186026,0.08350371269919041,1.2197401613554615
434,1,2,0,0.0,1.0,0.6323882424958733,0.47579979026186026,0.08350371269919041,1.2197401613554615
442,1,2,1,0.8,0.6000000000000001,0.5388590813116838,0.47579979026186026,0.08350371269919041,1.2197401613554615
444,1,2,0,0.2,0.6,0.7055119715816892,0.47579979026186026,0.08350371269919041,1.2197401613554615
449,1,2,0,0.4,0.1999999999999999,0.44220811070860594,0.47579979026186026,0.08350371269919041,1.2197401613554615
450,1,2,0,0.2,0.6,0.5549582948469197,0.47579979026186026,0.08350371269919041,1.2197401613554615
452,1,2,0,0.25,0.5,0.6656915583547534,0.47579979026186026,0.08350371269919041,1.2197401613554615
471,1,2,0,0.0,1.0,0.9141039886208636,0.47579979026186026,0.08350371269919041,1.2197401613554615
473,1,2,0,0.25,0.5,0.5718559364516378,0.47579979026186026,0.08350371269919041,1.2197401613554615
474,1,2,0,0.0,1.0,0.4406041985007238,0.47579979026186026,0.08350371269919041,1.2197401613554615
487,1,2,0,0.2,0.6,0.08061111450495358,0.47579979026186026,0.08350371269919041,1.2197401613554615
493,1,2,0,0.0,1.0,0.440677774819113,0.47579979026186026,0.08350371269919041,1.2197401613554615
498,1,2,0,0.0,1.0,0.2535288723539286,0.47579979026186026,0.08350371269919041,1.2197401613554615
508,1,2,1,0.75,0.5,0.48229250357254505,0.47579979026186026,0.08350371269919041,1.2197401613554615
512,1,2,1,1.0,1.0,0.7898638650769677,0.47579979026186026,0.08350371269919041,1.2197401613554615
514,1,2,1,0.75,0.5,0.6515313640409832,0.47579979026186026,0.08350371269919041,1.2197401613554615
516,1,2,0,0.0,1.0,0.3859761755402128,0.47579979026186026,0.08350371269919041,1.2197401613554615
519,1,2,0,0.0,1.0,0.5805114971730745,0.47579979026186026,0.08350371269919041,1.2197401613554615
536,1,2,0,0.3333333333333333,0.3333333333333333,0.576116031109232,0.47579979026186026,0.08350371269919041,1.2197401613554615
551,1,2,1,0.6666666666666666,0.3333333333333332,0.9020958048534641,0.47579979026186026,0.08350371269919041,1.2197401613554615
579,1,2,0,0.3333333333333333,0.3333333333333333,0.5915591364387031,0.47579979026186026,0.08350371269919041,1.2197401613554615
584,1,2,1,0.6666666666666666,0.3333333333333332,0.8016078586660446,0.47579979026186026,0.08350371269919041,1.2197401613554615
589,1,2,0,0.3333333333333333,0.3333333333333333,0.47882056176990284,0.47579979026186026,0.08350371269919041,1.2197401613554615
597,1,2,0,0.0,1.0,0.17558749006167523,0.47579979026186026,0.08350371269919041,1.2197401613554615
599,1,2,0,0.0,1.0,0.3619809886587991,0.47579979026186026,0.08350371269919041,1.2197401613554615
607,1,2,0,0.0,1.0,0.5318138266864509,0.47579979026186026,0.08350371269919041,1.2197401613554615
608,1,2,0,0.0,1.0,0.7889414606884614,0.47579979026186026,0.08350371269919041,1.2197401613554615
610,1,2,0,0.25,0.5,0.7426003677720496,0.47579979026186026,0.08350371269919041,1.2197401613554615
611,1,2,1,0.75,0.5,0.4613892979833822,0.47579979026186026,0.08350371269919041,1.2197401613554615
618,1,2,0,0.0,1.0,0.7728186160305575,0.47579979026186026,0.08350371269919041,1.2197401613554615
620,1,2,1,0.75,0.5,0.6539594217262036,0.47579979026186026,0.08350371269919041,1.2197401613554615
624,1,2,0,0.25,0.5,0.4781579162853015,0.47579979026186026,0.08350371269919041,1.2197401613554615
625,1,2,0,0.0,1.0,0.4306449463526181,0.47579979026186026,0.08350371269919041,1.2197401613554615
627,1,2,1,0.75,0.5,0.7920696296999817,0.47579979026186026,0.08350371269919041,1.2197401613554615
628,1,2,0,0.0,1.0,0.39367455204633445,0.47579979026186026,0.08350371269919041,1.2197401613554615
634,1,2,0,0.25,0.5,0.47470161723831056,0.47579979026186026,0.08350371269919041,1.2197401613554615
638,1,2,0,0.25,0.5,0.5021511283604054,0.47579979026186026,0.08350371269919041,1.2197401613554615
650,1,2,0,0.0,1.0,0.18467629098486615,0.47579979026186026,0.08350371269919041,1.2197401613554615
655,1,2,1,0.6666666666666666,0.3333333333333332,0.6023895945294387,0.47579979026186026,0.08350371269919041,1.2197401613554615
656,1,2,1,0.6666666666666666,0.3333333333333332,0.6025953736192435,0.47579979026186026,0.08350371269919041,1.2197401613554615
665,1,2,0,0.1666666666666666,0.6666666666666667,0.47501281677461876,0.47579979026186026,0.08350371269919041,1.2197401613554615
674,1,2,0,0.3333333333333333,0.3333333333333333,0.4798386882883491,0.47579979026186026,0.08350371269919041,1.2197401613554615
680,1,2,0,0.0,1.0,0.22814692308787782,0.47579979026186026,0.08350371269919041,1.2197401613554615
683,1,2,1,0.8333333333333334,0.6666666666666667,0.8331952780924748,0.47579979026186026,0.08350371269919041,1.2197401613554615
690,1,2,0,0.0,1.0,0.4334654875732377,0.47579979026186026,0.08350371269919041,1.2197401613554615
694,1,2,0,0.3333333333333333,0.3333333333333333,0.3583376998796637,0.47579979026186026,0.08350371269919041,1.2197401613554615
699,1,2,0,0.1666666666666666,0.6666666666666667,0.6610318638067187,0.47579979026186026,0.08350371269919041,1.2197401613554615
701,1,2,0,0.1666666666666666,0.6666666666666667,0.6903807137852619,0.47579979026186026,0.08350371269919041,1.2197401613554615
708,1,2,0,0.0,1.0,0.4377171883955254,0.47579979026186026,0.08350371269919041,1.2197401613554615
719,1,2,0,0.1666666666666666,0.6666666666666667,0.5374159033020165,0.47579979026186026,0.08350371269919041,1.2197401613554615
725,1,2,0,0.0,1.0,0.6534072901275406,0.47579979026186026,0.08350371269919041,1.2197401613554615
727,1,2,0,0.4,0.1999999999999999,0.7518890533769508,0.47579979026186026,0.08350371269919041,1.2197401613554615
731,1,2,0,0.0,1.0,0.3464299822208512,0.47579979026186026,0.08350371269919041,1.2197401613554615
732,1,2,0,0.0,1.0,0.30487984107670735,0.47579979026186026,0.08350371269919041,1.2197401613554615
2,1,3,0,0.4,0.1999999999999999,0.32515608927677725,0.5015686307039622,0.42991181971501313,0.6524299307526373
11,1,3,1,0.6,0.1999999999999999,0.39915966829049543,0.5015686307039622,0.42991181971501313,0.6524299307526373
24,1,3,0,0.0,1.0,0.3648472966042793,0.5015686307039622,0.42991181971501313,0.6524299307526373
39,1,3,0,0.0,1.0,0.3261825911926388,0.5015686307039622,0.42991181971501313,0.6524299307526373
40,1,3,0,0.2,0.6,0.34243933543597294,0.5015686307039622,0.42991181971501313,0.6524299307526373
42,1,3,0,0.0,1.0,0.3556432605042689,0.5015686307039622,0.42991181971501313,0.6524299307526373
45,1,3,0,0.0,1.0,0.37340008662546426,0.5015686307039622,0.42991181971501313,0.6524299307526373
48,1,3,1,0.6,0.1999999999999999,0.3160328938543094,0.5015686307039622,0.42991181971501313,0.6524299307526373
52,1,3,0,0.25,0.5,0.39089256226855273,0.5015686307039622,0.42991181971501313,0.6524299307526373
54,1,3,0,0.25,0.5,0.32061727945274404,0.5015686307039622,0.42991181971501313,0.6524299307526373
62,1,3,0,0.25,0.5,0.24755854194576832,0.5015686307039622,0.42991181971501313,0.6524299307526373
65,1,3,0,0.25,0.5,0.206160096886064,0.5015686307039622,0.42991181971501313,0.6524299307526373
68,1,3,0,0.0,1.0,0.41158882796529456,0.5015686307039622,0.42991181971501313,0.6524299307526373
69,1,3,0,0.0,1.0,0.39275375979260196,0.5015686307039622,0.42991181971501313,0.6524299307526373
76,1,3,0,0.25,0.5,0.5057159811766867,0.5015686307039622,0.42991181971501313,0.6524299307526373
77,1,3,0,0.25,0.5,0.45193645066072563,0.5015686307039622,0.42991181971501313,0.6524299307526373
78,1,3,0,0.0,1.0,0.2587602622348851,0.5015686307039622,0.42991181971501313,0.6524299307526373
83,1,3,0,0.25,0.5,0.631820670058359,0.5015686307039622,0.42991181971501313,0.6524299307526373
84,1,3,0,0.3333333333333333,0.3333333333333333,0.4713334448800769,0.5015686307039622,0.42991181971501313,0.6524299307526373
92,1,3,0,0.0,1.0,0.3666098110395801,0.5015686307039622,0.42991181971501313,0.6524299307526373
103,1,3,0,0.1111111111111111,0.7777777777777778,0.39541124982344267,0.5015686307039622,0.42991181971501313,0.6524299307526373
119,1,3,0,0.1111111111111111,0.7777777777777778,0.46130913998942774,0.5015686307039622,0.42991181971501313,0.6524299307526373
126,1,3,0,0.2222222222222222,0.5555555555555556,0.6017339600575775,0.5015686307039622,0.42991181971501313,0.6524299307526373
131,1,3,0,0.0,1.0,0.3783930984512627,0.5015686307039622,0.42991181971501313,0.6524299307526373
132,1,3,0,0.2222222222222222,0.5555555555555556,0.3932032331425998,0.5015686307039622,0.42991181971501313,0.6524299307526373
136,1,3,0,0.3333333333333333,0.3333333333333333,0.4685935994606722,0.5015686307039622,0.42991181971501313,0.6524299307526373
152,1,3,0,0.0,1.0,0.23915497001871444,0.5015686307039622,0.42991181971501313,0.6524299307526373
153,1,3,0,0.0,1.0,0.23931715523223906,0.5015686307039622,0.42991181971501313,0.6524299307526373
155,1,3,0,0.25,0.5,0.3827400823823705,0.5015686307039622,0.42991181971501313,0.6524299307526373
157,1,3,0,0.25,0.5,0.35010171024496073,0.5015686307039622,0.42991181971501313,0.6524299307526373
173,1,3,0,0.25,0.5,0.3592969955343032,0.5015686307039622,0.42991181971501313,0.6524299307526373
186,1,3,0,0.0,1.0,0.45984123814279176,0.5015686307039622,0.42991181971501313,0.6524299307526373
203,1,3,0,0.2,0.6,0.33667964341945544,0.5015686307039622,0.42991181971501313,0.6524299307526373
207,1,3,0,0.2,0.6,0.4522803732409886,0.5015686307039622,0.42991181971501313,0.6524299307526373
208,1,3,0,0.0,1.0,0.2574448469664341,0.5015686307039622,0.42991181971501313,0.6524299307526373
215,1,3,0,0.2,0.6,0.43015670217956653,0.5015686307039622,0.42991181971501313,0.6524299307526373
219,1,3,0,0.0,1.0,0.3614648714656212,0.5015686307039622,0.42991181971501313,0.6524299307526373
220,1,3,0,0.4,0.1999999999999999,0.42553166247966634,0.5015686307039622,0.42991181971501313,0.6524299307526373
229,1,3,0,0.0,1.0,0.4902781893748988,0.5015686307039622,0.42991181971501313,0.6524299307526373
238,1,3,0,0.25,0.5,0.32038012965270346,0.5015686307039622,0.42991181971501313,0.6524299307526373
246,1,3,0,0.4,0.1999999999999999,0.6026781964880116,0.5015686307039622,0.42991181971501313,0.6524299307526373
249,1,3,1,0.6,0.1999999999999999,0.5038917060334975,0.5015686307039622,0.42991181971501313,0.6524299307526373
252,1,3,0,0.0,1.0,0.4863282606421392,0.5015686307039622,0.42991181971501313,0.6524299307526373
260,1,3,0,0.25,0.5,0.35828377303800374,0.5015686307039622,0.42991181971501313,0.6524299307526373
261,1,3,0,0.25,0.5,0.44134395294944456,0.5015686307039622,0.42991181971501313,0.6524299307526373
282,1,3,0,0.25,0.5,0.4762358332326039,0.5015686307039622,0.42991181971501313,0.6524299307526373
286,1,3,0,0.2,0.6,0.539766225651437,0.5015686307039622,0.42991181971501313,0.6524299307526373
291,1,3,0,0.0,1.0,0.563443370032853,0.5015686307039622,0.42991181971501313,0.6524299307526373
298,1,3,0,0.25,0.5,0.5812264279485393,0.5015686307039622,0.42991181971501313,0.6524299307526373
300,1,3,0,0.0,1.0,0.578638608584556,0.5015686307039622,0.42991181971501313,0.6524299307526373
307,1,3,0,0.4,0.1999999999999999,0.4779303095780276,0.5015686307039622,0.42991181971501313,0.6524299307526373
308,1,3,0,0.4,0.1999999999999999,0.43679468695119655,0.5015686307039622,0.42991181971501313,0.6524299307526373
310,1,3,0,0.2,0.6,0.46535226426350823,0.5015686307039622,0.42991181971501313,0.6524299307526373
316,1,3,0,0.4,0.1999999999999999,0.5223579954146778,0.5015686307039622,0.42991181971501313,0.6524299307526373
318,1,3,0,0.4,0.1999999999999999,0.46873288486530806,0.5015686307039622,0.42991181971501313,0.6524299307526373
319,1,3,0,0.2,0.6,0.4702157926196712,0.5015686307039622,0.42991181971501313,0.6524299307526373
321,1,3,1,0.6,0.1999999999999999,0.7197408334296848,0.5015686307039622,0.42991181971501313,0.6524299307526373
322,1,3,1,0.6,0.1999999999999999,0.7383014044241035,0.5015686307039622,0.42991181971501313,0.6524299307526373
329,1,3,0,0.0,1.0,0.5074050528237962,0.5015686307039622,0.42991181971501313,0.6524299307526373
331,1,3,0,0.0,1.0,0.37633997703653205,0.5015686307039622,0.42991181971501313,0.6524299307526373
338,1,3,0,0.4,0.1999999999999999,0.541081737038139,0.5015686307039622,0.42991181971501313,0.6524299307526373
353,1,3,0,0.0,1.0,0.5883560834401812,0.5015686307039622,0.42991181971501313,0.6524299307526373
354,1,3,0,0.25,0.5,0.5407895936858118,0.5015686307039622,0.42991181971501313,0.6524299307526373
370,1,3,0,0.0,1.0,0.3996215624909003,0.5015686307039622,0.42991181971501313,0.6524299307526373
371,1,3,0,0.25,0.5,0.5021561328318174,0.5015686307039622,0.42991181971501313,0.6524299307526373
380,1,3,1,0.75,0.5,0.704311131833356,0.5015686307039622,0.42991181971501313,0.6524299307526373
381,1,3,1,0.75,0.5,0.5611871097236356,0.5015686307039622,0.42991181971501313,0.6524299307526373
383,1,3,0,0.0,1.0,0.3983085310742383,0.5015686307039622,0.42991181971501313,0.6524299307526373
386,1,3,0,0.25,0.5,0.40616525140757537,0.5015686307039622,0.42991181971501313,0.6524299307526373
393,1,3,0,0.25,0.5,0.4955203095128152,0.5015686307039622,0.42991181971501313,0.6524299307526373
397,1,3,1,0.75,0.5,0.5937324532471232,0.5015686307039622,0.42991181971501313,0.6524299307526373
399,1,3,0,0.25,0.5,0.389030412875681,0.5015686307039622,0.42991181971501313,0.6524299307526373
401,1,3,0,0.2,0.6,0.5124777650804693,0.5015686307039622,0.42991181971501313,0.6524299307526373
403,1,3,0,0.0,1.0,0.35018157277945205,0.5015686307039622,0.42991181971501313,0.6524299307526373
404,1,3,1,0.6,0.1999999999999999,0.7433270450953392,0.5015686307039622,0.42991181971501313,0.6524299307526373
407,1,3,0,0.2,0.6,0.6176793399097643,0.5015686307039622,0.42991181971501313,0.6524299307526373
426,1,3,1,0.8,0.6000000000000001,0.5124762143761834,0.5015686307039622,0.42991181971501313,0.6524299307526373
430,1,3,1,0.6,0.1999999999999999,0.6029343984353416,0.5015686307039622,0.42991181971501313,0.6524299307526373
441,1,3,0,0.2,0.6,0.717267702193899,0.5015686307039622,0.42991181971501313,0.6524299307526373
448,1,3,0,0.0,1.0,0.2376043860155658,0.5015686307039622,0.42991181971501313,0.6524299307526373
453,1,3,0,0.25,0.5,0.5839702083081623,0.5015686307039622,0.42991181971501313,0.6524299307526373
454,1,3,0,0.0,1.0,0.5366041745689942,0.5015686307039622,0.42991181971501313,0.6524299307526373
472,1,3,0,0.25,0.5,0.4323653254886603,0.5015686307039622,0.42991181971501313,0.6524299307526373
484,1,3,0,0.25,0.5,0.3720922458017989,0.5015686307039622,0.42991181971501313,0.6524299307526373
489,1,3,0,0.0,1.0,0.6038848538312089,0.5015686307039622,0.42991181971501313,0.6524299307526373
506,1,3,1,0.75,0.5,0.6776349398396017,0.5015686307039622,0.42991181971501313,0.6524299307526373
507,1,3,1,1.0,1.0,0.5468267788458719,0.5015686307039622,0.42991181971501313,0.6524299307526373
517,1,3,0,0.25,0.5,0.5833482829398727,0.5015686307039622,0.42991181971501313,0.6524299307526373
521,1,3,1,0.75,0.5,0.40124502392192973,0.5015686307039622,0.42991181971501313,0.6524299307526373
523,1,3,0,0.25,0.5,0.5364933515355516,0.5015686307039622,0.42991181971501313,0.6524299307526373
527,1,3,0,0.25,0.5,0.5079243146598226,0.5015686307039622,0.42991181971501313,0.6524299307526373
539,1,3,0,0.25,0.5,0.605535568008237,0.5015686307039622,0.42991181971501313,0.6524299307526373
540,1,3,0,0.25,0.5,0.6451800192814908,0.5015686307039622,0.42991181971501313,0.6524299307526373
550,1,3,0,0.0,1.0,0.5652706503760765,0.5015686307039622,0.42991181971501313,0.6524299307526373
555,1,3,0,0.3333333333333333,0.3333333333333333,0.6418566109525637,0.5015686307039622,0.42991181971501313,0.6524299307526373
568,1,3,1,1.0,1.0,0.49977698767859424,0.5015686307039622,0.42991181971501313,0.6524299307526373
577,1,3,0,0.1666666666666666,0.6666666666666667,0.6236849992954425,0.5015686307039622,0.42991181971501313,0.6524299307526373
580,1,3,0,0.3333333333333333,0.3333333333333333,0.40815371991709876,0.5015686307039622,0.42991181971501313,0.6524299307526373
588,1,3,0,0.1666666666666666,0.6666666666666667,0.8004031628933073,0.5015686307039622,0.42991181971501313,0.6524299307526373
604,1,3,1,0.75,0.5,0.7354192326603217,0.5015686307039622,0.42991181971501313,0.6524299307526373
612,1,3,0,0.0,1.0,0.3280758557001243,0.5015686307039622,0.42991181971501313,0.6524299307526373
636,1,3,0,0.0,1.0,0.6106611952091292,0.5015686307039622,0.42991181971501313,0.6524299307526373
641,1,3,0,0.0,1.0,0.6477138233199078,0.5015686307039622,0.42991181971501313,0.6524299307526373
652,1,3,0,0.0,1.0,0.30162838016025284,0.5015686307039622,0.42991181971501313,0.6524299307526373
658,1,3,0,0.1666666666666666,0.6666666666666667,0.6348998896206317,0.5015686307039622,0.42991181971501313,0.6524299307526373
659,1,3,1,0.6666666666666666,0.3333333333333332,0.5857166564401581,0.5015686307039622,0.42991181971501313,0.6524299307526373
664,1,3,1,0.6666666666666666,0.3333333333333332,0.6765097413852045,0.5015686307039622,0.42991181971501313,0.6524299307526373
667,1,3,0,0.3333333333333333,0.3333333333333333,0.5011604691301635,0.5015686307039622,0.42991181971501313,0.6524299307526373
668,1,3,0,0.1666666666666666,0.6666666666666667,0.7421458484631543,0.5015686307039622,0.42991181971501313,0.6524299307526373
671,1,3,0,0.3333333333333333,0.3333333333333333,0.5316466985993181,0.5015686307039622,0.42991181971501313,0.6524299307526373
673,1,3,0,0.3333333333333333,0.3333333333333333,0.3468753121295712,0.5015686307039622,0.42991181971501313,0.6524299307526373
675,1,3,0,0.3333333333333333,0.3333333333333333,0.48628437906256,0.5015686307039622,0.42991181971501313,0.6524299307526373
676,1,3,0,0.1666666666666666,0.6666666666666667,0.4107271814908709,0.5015686307039622,0.42991181971501313,0.6524299307526373
677,1,3,1,0.6666666666666666,0.3333333333333332,0.4708702504619026,0.5015686307039622,0.42991181971501313,0.6524299307526373
686,1,3,0,0.0,1.0,0.6676565038571449,0.5015686307039622,0.42991181971501313,0.6524299307526373
689,1,3,0,0.0,1.0,0.3424263796218058,0.5015686307039622,0.42991181971501313,0.6524299307526373
696,1,3,0,0.1666666666666666,0.6666666666666667,0.7526428079519133,0.5015686307039622,0.42991181971501313,0.6524299307526373
702,1,3,0,0.1666666666666666,0.6666666666666667,0.631686829562421,0.5015686307039622,0.42991181971501313,0.6524299307526373
713,1,3,1,0.6,0.1999999999999999,0.4888389600659504,0.5015686307039622,0.42991181971501313,0.6524299307526373
714,1,3,0,0.3333333333333333,0.3333333333333333,0.4436631082167794,0.5015686307039622,0.42991181971501313,0.6524299307526373
720,1,3,0,0.0,1.0,0.3145012309183431,0.5015686307039622,0.42991181971501313,0.6524299307526373
721,1,3,0,0.3333333333333333,0.3333333333333333,0.4574194709145469,0.5015686307039622,0.42991181971501313,0.6524299307526373
722,1,3,0,0.2,0.6,0.40270244131271776,0.5015686307039622,0.42991181971501313,0.6524299307526373
723,1,3,0,0.1666666666666666,0.6666666666666667,0.44114189765295597,0.5015686307039622,0.42991181971501313,0.6524299307526373
726,1,3,0,0.0,1.0,0.4813283448202889,0.5015686307039622,0.42991181971501313,0.6524299307526373
738,1,3,0,0.3333333333333333,0.3333333333333333,0.40971615128185374,0.5015686307039622,0.42991181971501313,0.6524299307526373
739,1,3,0,0.3333333333333333,0.3333333333333333,0.6281323753456884,0.5015686307039622,0.42991181971501313,0.6524299307526373
15,1,4,0,0.4,0.1999999999999999,0.23247449442456813,0.49269985682475753,1.22150488773602,0.6715627755230021
18,1,4,1,0.6,0.1999999999999999,0.6776303181404262,0.49269985682475753,1.22150488773602,0.6715627755230021
26,1,4,1,0.8,0.6000000000000001,0.4975355825556786,0.49269985682475753,1.22150488773602,0.6715627755230021
27,1,4,0,0.2,0.6,0.30801537101794246,0.49269985682475753,1.22150488773602,0.6715627755230021
37,1,4,0,0.2,0.6,0.32551772443815347,0.49269985682475753,1.22150488773602,0.6715627755230021
38,1,4,0,0.0,1.0,0.5256214063198853,0.49269985682475753,1.22150488773602,0.6715627755230021
47,1,4,0,0.25,0.5,0.4661922780888032,0.49269985682475753,1.22150488773602,0.6715627755230021
53,1,4,0,0.1666666666666666,0.6666666666666667,0.2533019441159571,0.49269985682475753,1.22150488773602,0.6715627755230021
55,1,4,0,0.0,1.0,0.23608141527731097,0.49269985682475753,1.22150488773602,0.6715627755230021
57,1,4,1,1.0,1.0,0.43228480401508385,0.49269985682475753,1.22150488773602,0.6715627755230021
58,1,4,0,0.25,0.5,0.33442166837553344,0.49269985682475753,1.22150488773602,0.6715627755230021
59,1,4,0,0.25,0.5,0.20235340144044517,0.49269985682475753,1.22150488773602,0.6715627755230021
61,1,4,0,0.2,0.6,0.10958836744478109,0.49269985682475753,1.22150488773602,0.6715627755230021
73,1,4,0,0.0,1.0,0.1317389283567232,0.49269985682475753,1.22150488773602,0.6715627755230021
74,1,4,0,0.0,1.0,0.48250668702061356,0.49269985682475753,1.22150488773602,0.6715627755230021
80,1,4,0,0.0,1.0,0.375041080358831,0.49269985682475753,1.22150488773602,0.6715627755230021
87,1,4,0,0.0,1.0,0.5143366642735248,0.49269985682475753,1.22150488773602,0.6715627755230021
97,1,4,0,0.25,0.5,0.3212960630287985,0.49269985682475753,1.22150488773602,0.6715627755230021
100,1,4,0,0.25,0.5,0.6101013028913169,0.49269985682475753,1.22150488773602,0.6715627755230021
104,1,4,0,0.1111111111111111,0.7777777777777778,0.4187547411576038,0.49269985682475753,1.22150488773602,0.6715627755230021
105,1,4,0,0.0,1.0,0.5029732824124937,0.49269985682475753,1.22150488773602,0.6715627755230021
107,1,4,0,0.1111111111111111,0.7777777777777778,0.6373616242074817,0.49269985682475753,1.22150488773602,0.6715627755230021
111,1,4,0,0.1111111111111111,0.7777777777777778,0.41699118828375487,0.49269985682475753,1.22150488773602,0.6715627755230021
112,1,4,0,0.125,0.75,0.5183785688973284,0.49269985682475753,1.22150488773602,0.6715627755230021
116,1,4,0,0.0,1.0,0.303869514894874,0.49269985682475753,1.22150488773602,0.6715627755230021
125,1,4,0,0.125,0.75,0.29773734558954273,0.49269985682475753,1.22150488773602,0.6715627755230021
133,1,4,1,0.8888888888888888,0.7777777777777777,0.4473398086883789,0.49269985682475753,1.22150488773602,0.6715627755230021
134,1,4,0,0.1111111111111111,0.7777777777777778,0.48476580075432907,0.49269985682475753,1.22150488773602,0.6715627755230021
135,1,4,0,0.1666666666666666,0.6666666666666667,0.3009698024250958,0.49269985682475753,1.22150488773602,0.6715627755230021
138,1,4,1,0.5555555555555556,0.1111111111111111,0.6417174982709191,0.49269985682475753,1.22150488773602,0.6715627755230021
148,1,4,0,0.1111111111111111,0.7777777777777778,0.19492516649108008,0.49269985682475753,1.22150488773602,0.6715627755230021
162,1,4,0,0.2,0.6,0.2292238435726349,0.49269985682475753,1.22150488773602,0.6715627755230021
164,1,4,0,0.0,1.0,0.21406530068564758,0.49269985682475753,1.22150488773602,0.6715627755230021
165,1,4,0,0.0,1.0,0.37672787454066436,0.49269985682475753,1.22150488773602,0.6715627755230021
167,1,4,0,0.0,1.0,0.4643970718066031,0.49269985682475753,1.22150488773602,0.6715627755230021
169,1,4,0,0.0,1.0,0.2353194500529079,0.49269985682475753,1.22150488773602,0.6715627755230021
172,1,4,0,0.0,1.0,0.15969578372709833,0.49269985682475753,1.22150488773602,0.6715627755230021
178,1,4,0,0.0,1.0,0.6108165297968897,0.49269985682475753,1.22150488773602,0.6715627755230021
183,1,4,0,0.0,1.0,0.5382404792512483,0.49269985682475753,1.22150488773602,0.6715627755230021
185,1,4,0,0.25,0.5,0.2549445803715146,0.49269985682475753,1.22150488773602,0.6715627755230021
190,1,4,0,0.25,0.5,0.2323381800180858,0.49269985682475753,1.22150488773602,0.6715627755230021
214,1,4,0,0.2,0.6,0.30904238126711225,0.49269985682475753,1.22150488773602,0.6715627755230021
224,1,4,0,0.4,0.1999999999999999,0.3577795851010223,0.49269985682475753,1.22150488773602,0.6715627755230021
228,1,4,0,0.2,0.6,0.45982322645598844,0.49269985682475753,1.22150488773602,0.6715627755230021
253,1,4,0,0.0,1.0,0.30923081050197376,0.49269985682475753,1.22150488773602,0.6715627755230021
254,1,4,0,0.25,0.5,0.12336137065616871,0.49269985682475753,1.22150488773602,0.6715627755230021
255,1,4,0,0.25,0.5,0.09930762109856459,0.49269985682475753,1.22150488773602,0.6715627755230021
281,1,4,0,0.0,1.0,0.48574947584698247,0.49269985682475753,1.22150488773602,0.6715627755230021
283,1,4,0,0.25,0.5,0.4775574138705101,0.49269985682475753,1.22150488773602,0.6715627755230021
288,1,4,1,0.75,0.5,0.12821380720345518,0.49269985682475753,1.22150488773602,0.6715627755230021
290,1,4,0,0.0,1.0,0.41699169531595653,0.49269985682475753,1.22150488773602,0.6715627755230021
295,1,4,0,0.0,1.0,0.2904529434777275,0.49269985682475753,1.22150488773602,0.6715627755230021
296,1,4,0,0.0,1.0,0.20037411485063433,0.49269985682475753,1.22150488773602,0.6715627755230021
302,1,4,0,0.0,1.0,0.3404394880033317,0.49269985682475753,1.22150488773602,0.6715627755230021
303,1,4,0,0.0,1.0,0.37434853813587327,0.49269985682475753,1.22150488773602,0.6715627755230021
306,1,4,0,0.0,1.0,0.5084570313761235,0.49269985682475753,1.22150488773602,0.6715627755230021
309,1,4,1,0.8,0.6000000000000001,0.587734009531233,0.49269985682475753,1.22150488773602,0.6715627755230021
311,1,4,0,0.4,0.1999999999999999,0.32505663280168906,0.49269985682475753,1.22150488773602,0.6715627755230021
332,1,4,0,0.0,1.0,0.5454425500732977,0.49269985682475753,1.22150488773602,0.6715627755230021
337,1,4,0,0.0,1.0,0.36831417274869627,0.49269985682475753,1.22150488773602,0.6715627755230021
340,1,4,1,0.6,0.1999999999999999,0.2431937464121485,0.49269985682475753,1.22150488773602,0.6715627755230021
345,1,4,0,0.0,1.0,0.28816020358040784,0.49269985682475753,1.22150488773602,0.6715627755230021
348,1,4,0,0.4,0.1999999999999999,0.7264073978762244,0.49269985682475753,1.22150488773602,0.6715627755230021
351,1,4,0,0.0,1.0,0.5044445329522954,0.49269985682475753,1.22150488773602,0.6715627755230021
352,1,4,0,0.25,0.5,0.5121651267329697,0.49269985682475753,1.22150488773602,0.6715627755230021
356,1,4,0,0.25,0.5,0.3379770937763174,0.49269985682475753,1.22150488773602,0.6715627755230021
361,1,4,0,0.0,1.0,0.2811810967922532,0.49269985682475753,1.22150488773602,0.6715627755230021
366,1,4,0,0.0,1.0,0.4445635895613198,0.49269985682475753,1.22150488773602,0.6715627755230021
367,1,4,0,0.25,0.5,0.34153282492757947,0.49269985682475753,1.22150488773602,0.6715627755230021
389,1,4,0,0.25,0.5,0.41942006700300527,0.49269985682475753,1.22150488773602,0.6715627755230021
390,1,4,1,0.75,0.5,0.41833883779984166,0.49269985682475753,1.22150488773602,0.6715627755230021
396,1,4,1,0.75,0.5,0.8085711620299566,0.49269985682475753,1.22150488773602,0.6715627755230021
402,1,4,1,0.6,0.1999999999999999,0.4400953580648366,0.49269985682475753,1.22150488773602,0.6715627755230021
415,1,4,0,0.0,1.0,0.744570529167099,0.49269985682475753,1.22150488773602,0.6715627755230021
418,1,4,0,0.0,1.0,0.5465684203406388,0.49269985682475753,1.22150488773602,0.6715627755230021
428,1,4,1,0.6,0.1999999999999999,0.6116951609449257,0.49269985682475753,1.22150488773602,0.6715627755230021
435,1,4,0,0.4,0.1999999999999999,0.7832134308652468,0.49269985682475753,1.22150488773602,0.6715627755230021
438,1,4,0,0.1666666666666666,0.6666666666666667,0.5897304334074933,0.49269985682475753,1.22150488773602,0.6715627755230021
439,1,4,0,0.2,0.6,0.6063989204105553,0.49269985682475753,1.22150488773602,0.6715627755230021
445,1,4,0,0.0,1.0,0.408920526509963,0.49269985682475753,1.22150488773602,0.6715627755230021
451,1,4,0,0.25,0.5,0.324913069782318,0.49269985682475753,1.22150488773602,0.6715627755230021
458,1,4,0,0.0,1.0,0.46691706973601477,0.49269985682475753,1.22150488773602,0.6715627755230021
463,1,4,0,0.25,0.5,0.32836803707477125,0.49269985682475753,1.22150488773602,0.6715627755230021
468,1,4,0,0.25,0.5,0.647332951609666,0.49269985682475753,1.22150488773602,0.6715627755230021
475,1,4,0,0.25,0.5,0.38951695341781944,0.49269985682475753,1.22150488773602,0.6715627755230021
481,1,4,0,0.0,1.0,0.5073333369741877,0.49269985682475753,1.22150488773602,0.6715627755230021
490,1,4,0,0.25,0.5,0.3476782459764398,0.49269985682475753,1.22150488773602,0.6715627755230021
492,1,4,0,0.3333333333333333,0.3333333333333333,0.6011778518745141,0.49269985682475753,1.22150488773602,0.6715627755230021
502,1,4,1,0.75,0.5,0.4957477804552133,0.49269985682475753,1.22150488773602,0.6715627755230021
504,1,4,1,0.75,0.5,0.5158302876587841,0.49269985682475753,1.22150488773602,0.6715627755230021
509,1,4,0,0.25,0.5,0.47745261781278486,0.49269985682475753,1.22150488773602,0.6715627755230021
513,1,4,0,0.0,1.0,0.6599818488358308,0.49269985682475753,1.22150488773602,0.6715627755230021
522,1,4,0,0.25,0.5,0.469374885780804,0.49269985682475753,1.22150488773602,0.6715627755230021
524,1,4,0,0.0,1.0,0.5091736327684695,0.49269985682475753,1.22150488773602,0.6715627755230021
532,1,4,0,0.0,1.0,0.36971418494138,0.49269985682475753,1.22150488773602,0.6715627755230021
534,1,4,1,0.75,0.5,0.3514692671411216,0.49269985682475753,1.22150488773602,0.6715627755230021
537,1,4,0,0.25,0.5,0.6416224520503773,0.49269985682475753,1.22150488773602,0.6715627755230021
542,1,4,0,0.25,0.5,0.3120553034444477,0.49269985682475753,1.22150488773602,0.6715627755230021
545,1,4,0,0.25,0.5,0.3443918893283606,0.49269985682475753,1.22150488773602,0.6715627755230021
552,1,4,1,0.6666666666666666,0.3333333333333332,0.5101422568621121,0.49269985682475753,1.22150488773602,0.6715627755230021
556,1,4,0,0.1666666666666666,0.6666666666666667,0.33602027026369413,0.49269985682475753,1.22150488773602,0.6715627755230021
559,1,4,1,0.6666666666666666,0.3333333333333332,0.4063841590268434,0.49269985682475753,1.22150488773602,0.6715627755230021
560,1,4,0,0.1666666666666666,0.6666666666666667,0.3678596178852336,0.49269985682475753,1.22150488773602,0.6715627755230021
567,1,4,0,0.3333333333333333,0.3333333333333333,0.516239632981494,0.49269985682475753,1.22150488773602,0.6715627755230021
570,1,4,1,0.6666666666666666,0.3333333333333332,0.6321569645394532,0.49269985682475753,1.22150488773602,0.6715627755230021
574,1,4,0,0.3333333333333333,0.3333333333333333,0.32913257729442,0.49269985682475753,1.22150488773602,0.6715627755230021
590,1,4,0,0.3333333333333333,0.3333333333333333,0.8322252752868591,0.49269985682475753,1.22150488773602,0.6715627755230021
601,1,4,0,0.0,1.0,0.2491280768191773,0.49269985682475753,1.22150488773602,0.6715627755230021
602,1,4,0,0.25,0.5,0.7091837334882235,0.49269985682475753,1.22150488773602,0.6715627755230021
606,1,4,0,0.25,0.5,0.5456320361914749,0.49269985682475753,1.22150488773602,0.6715627755230021
622,1,4,1,0.75,0.5,0.559726579763102,0.49269985682475753,1.22150488773602,0.6715627755230021
631,1,4,0,0.0,1.0,0.6164575721600776,0.49269985682475753,1.22150488773602,0.6715627755230021
639,1,4,0,0.0,1.0,0.5095710059512052,0.49269985682475753,1.22150488773602,0.6715627755230021
645,1,4,1,0.75,0.5,0.6453678718912189,0.49269985682475753,1.22150488773602,0.6715627755230021
662,1,4,0,0.0,1.0,0.34076276200389344,0.49269985682475753,1.22150488773602,0.6715627755230021
672,1,4,0,0.0,1.0,0.5097828885114205,0.49269985682475753,1.22150488773602,0.6715627755230021
688,1,4,0,0.1666666666666666,0.6666666666666667,0.7592467601461045,0.49269985682475753,1.22150488773602,0.6715627755230021
691,1,4,0,0.1666666666666666,0.6666666666666667,0.7390114516685133,0.49269985682475753,1.22150488773602,0.6715627755230021
695,1,4,0,0.3333333333333333,0.3333333333333333,0.7792052284926264,0.49269985682475753,1.22150488773602,0.6715627755230021
709,1,4,0,0.3333333333333333,0.3333333333333333,0.6438878051064922,0.49269985682475753,1.22150488773602,0.6715627755230021
724,1,4,0,0.2,0.6,0.43789548777697834,0.49269985682475753,1.22150488773602,0.6715627755230021
730,1,4,0,0.3333333333333333,0.3333333333333333,0.4326752267483369,0.49269985682475753,1.22150488773602,0.6715627755230021
733,1,4,0,0.1666666666666666,0.6666666666666667,0.5639646744627123,0.49269985682475753,1.22150488773602,0.6715627755230021
736,1,4,0,0.0,1.0,0.39638404985928927,0.49269985682475753,1.22150488773602,0.6715627755230021
737,1,4,0,0.1666666666666666,0.6666666666666667,0.39044746454687074,0.49269985682475753,1.22150488773602,0.6715627755230021
740,1,4,0,0.1666666666666666,0.6666666666666667,0.5426114945342709,0.49269985682475753,1.22150488773602,0.6715627755230021
741,1,4,0,0.2,0.6,0.7368125045250332,0.49269985682475753,1.22150488773602,0.6715627755230021
1,2,0,0,0.3333333333333333,0.3333333333333333,0.43786355313558983,0.529280292015687,0.5556681977660983,0.4732179872952846
4,2,0,1,0.6,0.1999999999999999,0.6105820487251417,0.529280292015687,0.5556681977660983,0.4732179872952846
6,2,0,0,0.2,0.6,0.4005294269519059,0.529280292015687,0.5556681977660983,0.4732179872952846
8,2,0,0,0.0,1.0,0.48759245991879285,0.529280292015687,0.5556681977660983,0.4732179872952846
10,2,0,0,0.0,1.0,0.3559061651962506,0.529280292015687,0.5556681977660983,0.4732179872952846
12,2,0,0,0.4,0.1999999999999999,0.39269426393549944,0.529280292015687,0.5556681977660983,0.4732179872952846
16,2,0,1,0.6,0.1999999999999999,0.5672656016204808,0.529280292015687,0.5556681977660983,0.4732179872952846
25,2,0,0,0.2,0.6,0.3993590891623085,0.529280292015687,0.5556681977660983,0.4732179872952846
33,2,0,0,0.4,0.1999999999999999,0.4275866090803264,0.529280292015687,0.5556681977660983,0.4732179872952846
38,2,0,0,0.0,1.0,0.562660507823479,0.529280292015687,0.5556681977660983,0.4732179872952846
44,2,0,0,0.0,1.0,0.539283641603565,0.529280292015687,0.5556681977660983,0.4732179872952846
60,2,0,0,0.0,1.0,0.47244824905330624,0.529280292015687,0.5556681977660983,0.4732179872952846
62,2,0,0,0.25,0.5,0.28775147573351423,0.529280292015687,0.5556681977660983,0.4732179872952846
70,2,0,0,0.0,1.0,0.41421991277413983,0.529280292015687,0.5556681977660983,0.4732179872952846
73,2,0,0,0.0,1.0,0.34853269415098165,0.529280292015687,0.5556681977660983,0.4732179872952846
74,2,0,0,0.0,1.0,0.5763307182788882,0.529280292015687,0.5556681977660983,0.4732179872952846
80,2,0,0,0.0,1.0,0.4431540803448801,0.529280292015687,0.5556681977660983,0.4732179872952846
81,2,0,0,0.0,1.0,0.39964961891548234,0.529280292015687,0.5556681977660983,0.4732179872952846
84,2,0,0,0.3333333333333333,0.3333333333333333,0.43334193355882256,0.529280292015687,0.5556681977660983,0.4732179872952846
91,2,0,0,0.25,0.5,0.4312545500025384,0.529280292015687,0.5556681977660983,0.4732179872952846
98,2,0,0,0.3333333333333333,0.3333333333333333,0.45792101394797463,0.529280292015687,0.5556681977660983,0.4732179872952846
99,2,0,0,0.0,1.0,0.4021498108095413,0.529280292015687,0.5556681977660983,0.4732179872952846
104,2,0,0,0.1111111111111111,0.7777777777777778,0.4895749605280589,0.529280292015687,0.5556681977660983,0.4732179872952846
108,2,0,0,0.25,0.5,0.6243723711529476,0.529280292015687,0.5556681977660983,0.4732179872952846
114,2,0,0,0.1111111111111111,0.7777777777777778,0.48969710058105853,0.529280292015687,0.5556681977660983,0.4732179872952846
118,2,0,0,0.0,1.0,0.48382874363297845,0.529280292015687,0.5556681977660983,0.4732179872952846
133,2,0,1,0.8888888888888888,0.7777777777777777,0.4486522227713961,0.529280292015687,0.5556681977660983,0.4732179872952846
134,2,0,0,0.1111111111111111,0.7777777777777778,0.5095125406254873,0.529280292015687,0.5556681977660983,0.4732179872952846
136,2,0,0,0.3333333333333333,0.3333333333333333,0.46017708236735805,0.529280292015687,0.5556681977660983,0.4732179872952846
139,2,0,0,0.0,1.0,0.5831993982024548,0.529280292015687,0.5556681977660983,0.4732179872952846
141,2,0,0,0.0,1.0,0.5733626141089735,0.529280292015687,0.5556681977660983,0.4732179872952846
144,2,0,0,0.0,1.0,0.5312262807421992,0.529280292015687,0.5556681977660983,0.4732179872952846
147,2,0,0,0.0,1.0,0.5341817700203465,0.529280292015687,0.5556681977660983,0.4732179872952846
152,2,0,0,0.0,1.0,0.3105396061377448,0.529280292015687,0.5556681977660983,0.4732179872952846
158,2,0,0,0.0,1.0,0.3649907512499875,0.529280292015687,0.5556681977660983,0.4732179872952846
162,2,0,0,0.2,0.6,0.31997357141836047,0.529280292015687,0.5556681977660983,0.4732179872952846
165,2,0,0,0.0,1.0,0.4587077705321534,0.529280292015687,0.5556681977660983,0.4732179872952846
171,2,0,0,0.25,0.5,0.5839987332422266,0.529280292015687,0.5556681977660983,0.4732179872952846
182,2,0,0,0.0,1.0,0.6116343587940594,0.529280292015687,0.5556681977660983,0.4732179872952846
185,2,0,0,0.25,0.5,0.4146340959024157,0.529280292015687,0.5556681977660983,0.4732179872952846
188,2,0,0,0.0,1.0,0.4126675764059521,0.529280292015687,0.5556681977660983,0.4732179872952846
191,2,0,0,0.0,1.0,0.41273859197657214,0.529280292015687,0.5556681977660983,0.4732179872952846
202,2,0,1,0.6,0.1999999999999999,0.4634047132146002,0.529280292015687,0.5556681977660983,0.4732179872952846
203,2,0,0,0.2,0.6,0.34094654917824435,0.529280292015687,0.5556681977660983,0.4732179872952846
213,2,0,0,0.4,0.1999999999999999,0.3685896769724911,0.529280292015687,0.5556681977660983,0.4732179872952846
222,2,0,0,0.2,0.6,0.5010686436646186,0.529280292015687,0.5556681977660983,0.4732179872952846
244,2,0,1,0.6,0.1999999999999999,0.6037400705606947,0.529280292015687,0.5556681977660983,0.4732179872952846
248,2,0,0,0.4,0.1999999999999999,0.5211710713470279,0.529280292015687,0.5556681977660983,0.4732179872952846
250,2,0,0,0.4,0.1999999999999999,0.5311092873314655,0.529280292015687,0.5556681977660983,0.4732179872952846
253,2,0,0,0.0,1.0,0.47266743415791274,0.529280292015687,0.5556681977660983,0.4732179872952846
255,2,0,0,0.25,0.5,0.21563484152095805,0.529280292015687,0.5556681977660983,0.4732179872952846
257,2,0,0,0.25,0.5,0.2886373200553876,0.529280292015687,0.5556681977660983,0.4732179872952846
261,2,0,0,0.25,0.5,0.43736659289650937,0.529280292015687,0.5556681977660983,0.4732179872952846
263,2,0,0,0.2,0.6,0.3613214816307592,0.529280292015687,0.5556681977660983,0.4732179872952846
276,2,0,0,0.2,0.6,0.5282890664600753,0.529280292015687,0.5556681977660983,0.4732179872952846
288,2,0,1,0.75,0.5,0.2934681451064406,0.529280292015687,0.5556681977660983,0.4732179872952846
297,2,0,0,0.0,1.0,0.3620044211668856,0.529280292015687,0.5556681977660983,0.4732179872952846
324,2,0,0,0.2,0.6,0.524168684105953,0.529280292015687,0.5556681977660983,0.4732179872952846
326,2,0,0,0.0,1.0,0.5177580981269791,0.529280292015687,0.5556681977660983,0.4732179872952846
327,2,0,0,0.0,1.0,0.48128172970699673,0.529280292015687,0.5556681977660983,0.4732179872952846
339,2,0,0,0.0,1.0,0.4953294299899699,0.529280292015687,0.5556681977660983,0.4732179872952846
341,2,0,1,0.6,0.1999999999999999,0.4991313578995179,0.529280292015687,0.5556681977660983,0.4732179872952846
345,2,0,0,0.0,1.0,0.4291764860830732,0.529280292015687,0.5556681977660983,0.4732179872952846
355,2,0,0,0.25,0.5,0.472825730825009,0.529280292015687,0.5556681977660983,0.4732179872952846
362,2,0,1,0.75,0.5,0.466940515262929,0.529280292015687,0.5556681977660983,0.4732179872952846
363,2,0,0,0.0,1.0,0.5059690118538904,0.529280292015687,0.5556681977660983,0.4732179872952846
373,2,0,0,0.0,1.0,0.5178724667973652,0.529280292015687,0.5556681977660983,0.4732179872952846
379,2,0,1,0.75,0.5,0.5593596892556486,0.529280292015687,0.5556681977660983,0.4732179872952846
387,2,0,0,0.0,1.0,0.5003573660077183,0.529280292015687,0.5556681977660983,0.4732179872952846
393,2,0,0,0.25,0.5,0.49896472996951124,0.529280292015687,0.5556681977660983,0.4732179872952846
396,2,0,1,0.75,0.5,0.6656935402588621,0.529280292015687,0.5556681977660983,0.4732179872952846
402,2,0,1,0.6,0.1999999999999999,0.43993495630409807,0.529280292015687,0.5556681977660983,0.4732179872952846
404,2,0,1,0.6,0.1999999999999999,0.6621956431559727,0.529280292015687,0.5556681977660983,0.4732179872952846
405,2,0,0,0.0,1.0,0.5689827105482627,0.529280292015687,0.5556681977660983,0.4732179872952846
408,2,0,0,0.4,0.1999999999999999,0.5692836078740316,0.529280292015687,0.5556681977660983,0.4732179872952846
409,2,0,0,0.4,0.1999999999999999,0.6865660145512889,0.529280292015687,0.5556681977660983,0.4732179872952846
412,2,0,1,1.0,1.0,0.6120862305195655,0.529280292015687,0.5556681977660983,0.4732179872952846
414,2,0,1,0.6,0.1999999999999999,0.6900155621757637,0.529280292015687,0.5556681977660983,0.4732179872952846
417,2,0,0,0.2,0.6,0.6157803051772041,0.529280292015687,0.5556681977660983,0.4732179872952846
418,2,0,0,0.0,1.0,0.581114738853784,0.529280292015687,0.5556681977660983,0.4732179872952846
424,2,0,1,0.6,0.1999999999999999,0.5481932236593356,0.529280292015687,0.5556681977660983,0.4732179872952846
425,2,0,0,0.0,1.0,0.5113936405487798,0.529280292015687,0.5556681977660983,0.4732179872952846
426,2,0,1,0.8,0.6000000000000001,0.557269940956072,0.529280292015687,0.5556681977660983,0.4732179872952846
438,2,0,0,0.1666666666666666,0.6666666666666667,0.5790159915825088,0.529280292015687,0.5556681977660983,0.4732179872952846
444,2,0,0,0.2,0.6,0.6742675591242897,0.529280292015687,0.5556681977660983,0.4732179872952846
459,2,0,0,0.25,0.5,0.4788099548321585,0.529280292015687,0.5556681977660983,0.4732179872952846
470,2,0,0,0.0,1.0,0.5402837706358558,0.529280292015687,0.5556681977660983,0.4732179872952846
483,2,0,0,0.25,0.5,0.4554114672451393,0.529280292015687,0.5556681977660983,0.4732179872952846
498,2,0,0,0.0,1.0,0.41724453672291834,0.529280292015687,0.5556681977660983,0.4732179872952846
503,2,0,0,0.0,1.0,0.5199354864849203,0.529280292015687,0.5556681977660983,0.4732179872952846
504,2,0,1,0.75,0.5,0.6472801163137836,0.529280292015687,0.5556681977660983,0.4732179872952846
509,2,0,0,0.25,0.5,0.5819450997041734,0.529280292015687,0.5556681977660983,0.4732179872952846
515,2,0,0,0.25,0.5,0.6302662666526541,0.529280292015687,0.5556681977660983,0.4732179872952846
517,2,0,0,0.25,0.5,0.5445992249819266,0.529280292015687,0.5556681977660983,0.4732179872952846
525,2,0,0,0.2,0.6,0.3340835858882592,0.529280292015687,0.5556681977660983,0.4732179872952846
533,2,0,0,0.0,1.0,0.41957286518805126,0.529280292015687,0.5556681977660983,0.4732179872952846
539,2,0,0,0.25,0.5,0.5346874550500135,0.529280292015687,0.5556681977660983,0.4732179872952846
542,2,0,0,0.25,0.5,0.4701195118179161,0.529280292015687,0.5556681977660983,0.4732179872952846
549,2,0,0,0.0,1.0,0.45496801115813296,0.529280292015687,0.5556681977660983,0.4732179872952846
557,2,0,0,0.3333333333333333,0.3333333333333333,0.3865950109090364,0.529280292015687,0.5556681977660983,0.4732179872952846
566,2,0,0,0.1666666666666666,0.6666666666666667,0.47667136945881766,0.529280292015687,0.5556681977660983,0.4732179872952846
567,2,0,0,0.3333333333333333,0.3333333333333333,0.49521586022094627,0.529280292015687,0.5556681977660983,0.4732179872952846
574,2,0,0,0.3333333333333333,0.3333333333333333,0.4845227986962805,0.529280292015687,0.5556681977660983,0.4732179872952846
590,2,0,0,0.3333333333333333,0.3333333333333333,0.6866437324354049,0.529280292015687,0.5556681977660983,0.4732179872952846
601,2,0,0,0.0,1.0,0.34424113767539105,0.529280292015687,0.5556681977660983,0.4732179872952846
602,2,0,0,0.25,0.5,0.6463411961129826,0.529280292015687,0.5556681977660983,0.4732179872952846
609,2,0,0,0.25,0.5,0.5730137890153931,0.529280292015687,0.5556681977660983,0.4732179872952846
611,2,0,1,0.75,0.5,0.5521098653253038,0.529280292015687,0.5556681977660983,0.4732179872952846
615,2,0,1,0.75,0.5,0.6412649070128283,0.529280292015687,0.5556681977660983,0.4732179872952846
618,2,0,0,0.0,1.0,0.6315444653287164,0.529280292015687,0.5556681977660983,0.4732179872952846
639,2,0,0,0.0,1.0,0.5049440320815752,0.529280292015687,0.5556681977660983,0.4732179872952846
640,2,0,1,0.75,0.5,0.5785790208585401,0.529280292015687,0.5556681977660983,0.4732179872952846
645,2,0,1,0.75,0.5,0.6530973572015314,0.529280292015687,0.5556681977660983,0.4732179872952846
651,2,0,0,0.3333333333333333,0.3333333333333333,0.4711939453552526,0.529280292015687,0.5556681977660983,0.4732179872952846
652,2,0,0,0.0,1.0,0.26523836355483094,0.529280292015687,0.5556681977660983,0.4732179872952846
660,2,0,0,0.1666666666666666,0.6666666666666667,0.5485418741042546,0.529280292015687,0.5556681977660983,0.4732179872952846
662,2,0,0,0.0,1.0,0.42400953444700884,0.529280292015687,0.5556681977660983,0.4732179872952846
663,2,0,0,0.3333333333333333,0.3333333333333333,0.6019308841628231,0.529280292015687,0.5556681977660983,0.4732179872952846
680,2,0,0,0.0,1.0,0.40756061336628546,0.529280292015687,0.5556681977660983,0.4732179872952846
681,2,0,0,0.1666666666666666,0.6666666666666667,0.6924490282411208,0.529280292015687,0.5556681977660983,0.4732179872952846
682,2,0,0,0.1666666666666666,0.6666666666666667,0.6166601648268621,0.529280292015687,0.5556681977660983,0.4732179872952846
684,2,0,0,0.0,1.0,0.6711934828107039,0.529280292015687,0.5556681977660983,0.4732179872952846
689,2,0,0,0.0,1.0,0.41388269483052426,0.529280292015687,0.5556681977660983,0.4732179872952846
716,2,0,1,0.6666666666666666,0.3333333333333332,0.5614493336209978,0.529280292015687,0.5556681977660983,0.4732179872952846
721,2,0,0,0.3333333333333333,0.3333333333333333,0.5307203457809525,0.529280292015687,0.5556681977660983,0.4732179872952846
723,2,0,0,0.1666666666666666,0.6666666666666667,0.4420681781673025,0.529280292015687,0.5556681977660983,0.4732179872952846
737,2,0,0,0.1666666666666666,0.6666666666666667,0.36124593535206073,0.529280292015687,0.5556681977660983,0.4732179872952846
7,2,1,1,0.6,0.1999999999999999,0.5323229996032912,0.5502089138856833,0.6941218892230585,0.7902170470278679
11,2,1,1,0.6,0.1999999999999999,0.2802587844636725,0.5502089138856833,0.6941218892230585,0.7902170470278679
13,2,1,0,0.2,0.6,0.36890340208718786,0.5502089138856833,0.6941218892230585,0.7902170470278679
14,2,1,0,0.2,0.6,0.3998172643783206,0.5502089138856833,0.6941218892230585,0.7902170470278679
20,2,1,0,0.25,0.5,0.23307122300977412,0.5502089138856833,0.6941218892230585,0.7902170470278679
29,2,1,0,0.2,0.6,0.4112029666815167,0.5502089138856833,0.6941218892230585,0.7902170470278679
34,2,1,0,0.1666666666666666,0.6666666666666667,0.34359146466170115,0.5502089138856833,0.6941218892230585,0.7902170470278679
46,2,1,0,0.4,0.1999999999999999,0.544465355192967,0.5502089138856833,0.6941218892230585,0.7902170470278679
67,2,1,0,0.0,1.0,0.23796794670357613,0.5502089138856833,0.6941218892230585,0.7902170470278679
82,2,1,0,0.25,0.5,0.33612878742467095,0.5502089138856833,0.6941218892230585,0.7902170470278679
83,2,1,0,0.25,0.5,0.5646766053944828,0.5502089138856833,0.6941218892230585,0.7902170470278679
85,2,1,0,0.25,0.5,0.5383678243401857,0.5502089138856833,0.6941218892230585,0.7902170470278679
93,2,1,0,0.0,1.0,0.3935272981360039,0.5502089138856833,0.6941218892230585,0.7902170470278679
103,2,1,0,0.1111111111111111,0.7777777777777778,0.34307762214471094,0.5502089138856833,0.6941218892230585,0.7902170470278679
116,2,1,0,0.0,1.0,0.3519065071220052,0.5502089138856833,0.6941218892230585,0.7902170470278679
122,2,1,0,0.0,1.0,0.34003207779944405,0.5502089138856833,0.6941218892230585,0.7902170470278679
123,2,1,0,0.0,1.0,0.5011459325282359,0.5502089138856833,0.6941218892230585,0.7902170470278679
124,2,1,0,0.0,1.0,0.4590482548099193,0.5502089138856833,0.6941218892230585,0.7902170470278679
127,2,1,1,0.6666666666666666,0.3333333333333332,0.4921341375073986,0.5502089138856833,0.6941218892230585,0.7902170470278679
128,2,1,0,0.1111111111111111,0.7777777777777778,0.14036270990898222,0.5502089138856833,0.6941218892230585,0.7902170470278679
131,2,1,0,0.0,1.0,0.3970659872974656,0.5502089138856833,0.6941218892230585,0.7902170470278679
132,2,1,0,0.2222222222222222,0.5555555555555556,0.24692208838907376,0.5502089138856833,0.6941218892230585,0.7902170470278679
149,2,1,0,0.3333333333333333,0.3333333333333333,0.25212255615300544,0.5502089138856833,0.6941218892230585,0.7902170470278679
153,2,1,0,0.0,1.0,0.09748017700916524,0.5502089138856833,0.6941218892230585,0.7902170470278679
157,2,1,0,0.25,0.5,0.3105233502416919,0.5502089138856833,0.6941218892230585,0.7902170470278679
159,2,1,0,0.0,1.0,0.2595990236745638,0.5502089138856833,0.6941218892230585,0.7902170470278679
176,2,1,0,0.0,1.0,0.39914791590593707,0.5502089138856833,0.6941218892230585,0.7902170470278679
177,2,1,0,0.0,1.0,0.5029951085284193,0.5502089138856833,0.6941218892230585,0.7902170470278679
184,2,1,0,0.0,1.0,0.4229865361092394,0.5502089138856833,0.6941218892230585,0.7902170470278679
190,2,1,0,0.25,0.5,0.44315133769554466,0.5502089138856833,0.6941218892230585,0.7902170470278679
198,2,1,0,0.0,1.0,0.44829613834057414,0.5502089138856833,0.6941218892230585,0.7902170470278679
199,2,1,0,0.25,0.5,0.2776637877012085,0.5502089138856833,0.6941218892230585,0.7902170470278679
207,2,1,0,0.2,0.6,0.2577456105766669,0.5502089138856833,0.6941218892230585,0.7902170470278679
208,2,1,0,0.0,1.0,0.15842472825745843,0.5502089138856833,0.6941218892230585,0.7902170470278679
212,2,1,0,0.2,0.6,0.32251077653100185,0.5502089138856833,0.6941218892230585,0.7902170470278679
216,2,1,0,0.0,1.0,0.5353675282038047,0.5502089138856833,0.6941218892230585,0.7902170470278679
221,2,1,1,0.8,0.6000000000000001,0.2803627093458542,0.5502089138856833,0.6941218892230585,0.7902170470278679
224,2,1,0,0.4,0.1999999999999999,0.3909676103886355,0.5502089138856833,0.6941218892230585,0.7902170470278679
229,2,1,0,0.0,1.0,0.6252031663388123,0.5502089138856833,0.6941218892230585,0.7902170470278679
235,2,1,0,0.0,1.0,0.5345975597125379,0.5502089138856833,0.6941218892230585,0.7902170470278679
240,2,1,0,0.2,0.6,0.3451779748007822,0.5502089138856833,0.6941218892230585,0.7902170470278679
245,2,1,0,0.0,1.0,0.15771568015488743,0.5502089138856833,0.6941218892230585,0.7902170470278679
247,2,1,0,0.2,0.6,0.5848486204640496,0.5502089138856833,0.6941218892230585,0.7902170470278679
249,2,1,1,0.6,0.1999999999999999,0.48168292717508154,0.5502089138856833,0.6941218892230585,0.7902170470278679
258,2,1,0,0.0,1.0,0.1672459897329433,0.5502089138856833,0.6941218892230585,0.7902170470278679
260,2,1,0,0.25,0.5,0.3311412261565713,0.5502089138856833,0.6941218892230585,0.7902170470278679
278,2,1,0,0.25,0.5,0.4307148193390309,0.5502089138856833,0.6941218892230585,0.7902170470278679
279,2,1,0,0.2,0.6,0.30395376859660866,0.5502089138856833,0.6941218892230585,0.7902170470278679
285,2,1,0,0.4,0.1999999999999999,0.4604826287217521,0.5502089138856833,0.6941218892230585,0.7902170470278679
287,2,1,0,0.25,0.5,0.44127494595357747,0.5502089138856833,0.6941218892230585,0.7902170470278679
291,2,1,0,0.0,1.0,0.38586513085954405,0.5502089138856833,0.6941218892230585,0.7902170470278679
292,2,1,0,0.25,0.5,0.6509118260209242,0.5502089138856833,0.6941218892230585,0.7902170470278679
295,2,1,0,0.0,1.0,0.3035752216218487,0.5502089138856833,0.6941218892230585,0.7902170470278679
300,2,1,0,0.0,1.0,0.5122981303535459,0.5502089138856833,0.6941218892230585,0.7902170470278679
307,2,1,0,0.4,0.1999999999999999,0.3902454336182538,0.5502089138856833,0.6941218892230585,0.7902170470278679
315,2,1,1,0.8,0.6000000000000001,0.40295445514388256,0.5502089138856833,0.6941218892230585,0.7902170470278679
317,2,1,0,0.4,0.1999999999999999,0.23501185859241883,0.5502089138856833,0.6941218892230585,0.7902170470278679
318,2,1,0,0.4,0.1999999999999999,0.45636885810595157,0.5502089138856833,0.6941218892230585,0.7902170470278679
321,2,1,1,0.6,0.1999999999999999,0.7276486593875703,0.5502089138856833,0.6941218892230585,0.7902170470278679
343,2,1,1,0.8,0.6000000000000001,0.561748575777241,0.5502089138856833,0.6941218892230585,0.7902170470278679
349,2,1,0,0.0,1.0,0.31927312007898817,0.5502089138856833,0.6941218892230585,0.7902170470278679
351,2,1,0,0.0,1.0,0.5259696179167901,0.5502089138856833,0.6941218892230585,0.7902170470278679
358,2,1,0,0.25,0.5,0.7094197092310788,0.5502089138856833,0.6941218892230585,0.7902170470278679
365,2,1,0,0.25,0.5,0.3622446324940749,0.5502089138856833,0.6941218892230585,0.7902170470278679
383,2,1,0,0.0,1.0,0.30382838068780016,0.5502089138856833,0.6941218892230585,0.7902170470278679
386,2,1,0,0.25,0.5,0.4843028208553576,0.5502089138856833,0.6941218892230585,0.7902170470278679
413,2,1,0,0.0,1.0,0.6168463688209969,0.5502089138856833,0.6941218892230585,0.7902170470278679
420,2,1,0,0.0,1.0,0.32761808434840345,0.5502089138856833,0.6941218892230585,0.7902170470278679
427,2,1,1,0.6,0.1999999999999999,0.7286516662429771,0.5502089138856833,0.6941218892230585,0.7902170470278679
433,2,1,0,0.0,1.0,0.6214283166392294,0.5502089138856833,0.6941218892230585,0.7902170470278679
443,2,1,0,0.0,1.0,0.49733494716354937,0.5502089138856833,0.6941218892230585,0.7902170470278679
447,2,1,0,0.0,1.0,0.15096497499111391,0.5502089138856833,0.6941218892230585,0.7902170470278679
453,2,1,0,0.25,0.5,0.43920341575312427,0.5502089138856833,0.6941218892230585,0.7902170470278679
454,2,1,0,0.0,1.0,0.49745069087341964,0.5502089138856833,0.6941218892230585,0.7902170470278679
460,2,1,0,0.0,1.0,0.3556827521602311,0.5502089138856833,0.6941218892230585,0.7902170470278679
463,2,1,0,0.25,0.5,0.30789476698257723,0.5502089138856833,0.6941218892230585,0.7902170470278679
464,2,1,0,0.0,1.0,0.54575095439734,0.5502089138856833,0.6941218892230585,0.7902170470278679
469,2,1,1,0.75,0.5,0.3540463515248208,0.5502089138856833,0.6941218892230585,0.7902170470278679
471,2,1,0,0.0,1.0,0.7102223573207092,0.5502089138856833,0.6941218892230585,0.7902170470278679
474,2,1,0,0.0,1.0,0.32637371230343176,0.5502089138856833,0.6941218892230585,0.7902170470278679
475,2,1,0,0.25,0.5,0.373759329486594,0.5502089138856833,0.6941218892230585,0.7902170470278679
477,2,1,0,0.0,1.0,0.3808812128843569,0.5502089138856833,0.6941218892230585,0.7902170470278679
492,2,1,0,0.3333333333333333,0.3333333333333333,0.6155093625585405,0.5502089138856833,0.6941218892230585,0.7902170470278679
494,2,1,1,0.8,0.6000000000000001,0.445142924513358,0.5502089138856833,0.6941218892230585,0.7902170470278679
496,2,1,1,0.75,0.5,0.5639370004299913,0.5502089138856833,0.6941218892230585,0.7902170470278679
499,2,1,0,0.0,1.0,0.4698485364556494,0.5502089138856833,0.6941218892230585,0.7902170470278679
502,2,1,1,0.75,0.5,0.5580601738107989,0.5502089138856833,0.6941218892230585,0.7902170470278679
516,2,1,0,0.0,1.0,0.5338470577725267,0.5502089138856833,0.6941218892230585,0.7902170470278679
521,2,1,1,0.75,0.5,0.3526886954696738,0.5502089138856833,0.6941218892230585,0.7902170470278679
522,2,1,0,0.25,0.5,0.3478971406499484,0.5502089138856833,0.6941218892230585,0.7902170470278679
528,2,1,0,0.0,1.0,0.45465676177149905,0.5502089138856833,0.6941218892230585,0.7902170470278679
534,2,1,1,0.75,0.5,0.5461163778295537,0.5502089138856833,0.6941218892230585,0.7902170470278679
540,2,1,0,0.25,0.5,0.6379186565708311,0.5502089138856833,0.6941218892230585,0.7902170470278679
545,2,1,0,0.25,0.5,0.41179927828318386,0.5502089138856833,0.6941218892230585,0.7902170470278679
556,2,1,0,0.1666666666666666,0.6666666666666667,0.16602687515228406,0.5502089138856833,0.6941218892230585,0.7902170470278679
562,2,1,0,0.3333333333333333,0.3333333333333333,0.7475435867592887,0.5502089138856833,0.6941218892230585,0.7902170470278679
565,2,1,0,0.3333333333333333,0.3333333333333333,0.47372552212590824,0.5502089138856833,0.6941218892230585,0.7902170470278679
587,2,1,1,0.8333333333333334,0.6666666666666667,0.7008346056770318,0.5502089138856833,0.6941218892230585,0.7902170470278679
599,2,1,0,0.0,1.0,0.5945471344629318,0.5502089138856833,0.6941218892230585,0.7902170470278679
606,2,1,0,0.25,0.5,0.58046642783058,0.5502089138856833,0.6941218892230585,0.7902170470278679
607,2,1,0,0.0,1.0,0.5361246433496702,0.5502089138856833,0.6941218892230585,0.7902170470278679
612,2,1,0,0.0,1.0,0.2585398563599154,0.5502089138856833,0.6941218892230585,0.7902170470278679
619,2,1,0,0.25,0.5,0.7176289381955464,0.5502089138856833,0.6941218892230585,0.7902170470278679
620,2,1,1,0.75,0.5,0.6288134930851595,0.5502089138856833,0.6941218892230585,0.7902170470278679
622,2,1,1,0.75,0.5,0.5437346323984614,0.5502089138856833,0.6941218892230585,0.7902170470278679
627,2,1,1,0.75,0.5,0.7911675582061221,0.5502089138856833,0.6941218892230585,0.7902170470278679
638,2,1,0,0.25,0.5,0.5839298695817479,0.5502089138856833,0.6941218892230585,0.7902170470278679
655,2,1,1,0.6666666666666666,0.3333333333333332,0.5194439602567039,0.5502089138856833,0.6941218892230585,0.7902170470278679
656,2,1,1,0.6666666666666666,0.3333333333333332,0.5307354583170056,0.5502089138856833,0.6941218892230585,0.7902170470278679
667,2,1,0,0.3333333333333333,0.3333333333333333,0.6195346351783954,0.5502089138856833,0.6941218892230585,0.7902170470278679
672,2,1,0,0.0,1.0,0.3691768903714537,0.5502089138856833,0.6941218892230585,0.7902170470278679
675,2,1,0,0.3333333333333333,0.3333333333333333,0.44624920586800193,0.5502089138856833,0.6941218892230585,0.7902170470278679
676,2,1,0,0.1666666666666666,0.6666666666666667,0.4525731250246718,0.5502089138856833,0.6941218892230585,0.7902170470278679
679,2,1,0,0.4,0.1999999999999999,0.3710517568095771,0.5502089138856833,0.6941218892230585,0.7902170470278679
687,2,1,0,0.3333333333333333,0.3333333333333333,0.6560198500250689,0.5502089138856833,0.6941218892230585,0.7902170470278679
690,2,1,0,0.0,1.0,0.5298472856854478,0.5502089138856833,0.6941218892230585,0.7902170470278679
691,2,1,0,0.1666666666666666,0.6666666666666667,0.6859501830399811,0.5502089138856833,0.6941218892230585,0.7902170470278679
708,2,1,0,0.0,1.0,0.4586774646871008,0.5502089138856833,0.6941218892230585,0.7902170470278679
712,2,1,0,0.1666666666666666,0.6666666666666667,0.7353334197565369,0.5502089138856833,0.6941218892230585,0.7902170470278679
713,2,1,1,0.6,0.1999999999999999,0.4905983067485908,0.5502089138856833,0.6941218892230585,0.7902170470278679
724,2,1,0,0.2,0.6,0.28207684008946793,0.5502089138856833,0.6941218892230585,0.7902170470278679
726,2,1,0,0.0,1.0,0.48290063247700415,0.5502089138856833,0.6941218892230585,0.7902170470278679
728,2,1,0,0.2,0.6,0.4519010977447536,0.5502089138856833,0.6941218892230585,0.7902170470278679
733,2,1,0,0.1666666666666666,0.6666666666666667,0.5080646838168748,0.5502089138856833,0.6941218892230585,0.7902170470278679
735,2,1,0,0.0,1.0,0.28690827367310373,0.5502089138856833,0.6941218892230585,0.7902170470278679
736,2,1,0,0.0,1.0,0.5039937422145951,0.5502089138856833,0.6941218892230585,0.7902170470278679
739,2,1,0,0.3333333333333333,0.3333333333333333,0.5781199430788758,0.5502089138856833,0.6941218892230585,0.7902170470278679
15,2,2,0,0.4,0.1999999999999999,0.3773974907000035,0.507468997290844,0.7231374018594546,0.9752982084787559
21,2,2,0,0.2,0.6,0.39674455703060224,0.507468997290844,0.7231374018594546,0.9752982084787559
24,2,2,0,0.0,1.0,0.41642738114002215,0.507468997290844,0.7231374018594546,0.9752982084787559
27,2,2,0,0.2,0.6,0.35037325958862725,0.507468997290844,0.7231374018594546,0.9752982084787559
28,2,2,0,0.2,0.6,0.33359796751146653,0.507468997290844,0.7231374018594546,0.9752982084787559
30,2,2,0,0.2,0.6,0.33093395446522655,0.507468997290844,0.7231374018594546,0.9752982084787559
31,2,2,0,0.1666666666666666,0.6666666666666667,0.35170962374007925,0.507468997290844,0.7231374018594546,0.9752982084787559
37,2,2,0,0.2,0.6,0.31031422477375115,0.507468997290844,0.7231374018594546,0.9752982084787559
47,2,2,0,0.25,0.5,0.412595889042691,0.507468997290844,0.7231374018594546,0.9752982084787559
48,2,2,1,0.6,0.1999999999999999,0.33003723859547573,0.507468997290844,0.7231374018594546,0.9752982084787559
50,2,2,1,0.8,0.6000000000000001,0.4073734163767648,0.507468997290844,0.7231374018594546,0.9752982084787559
58,2,2,0,0.25,0.5,0.354288318310644,0.507468997290844,0.7231374018594546,0.9752982084787559
59,2,2,0,0.25,0.5,0.25289391687578344,0.507468997290844,0.7231374018594546,0.9752982084787559
61,2,2,0,0.2,0.6,0.1809071461196683,0.507468997290844,0.7231374018594546,0.9752982084787559
64,2,2,0,0.3333333333333333,0.3333333333333333,0.23585156126513374,0.507468997290844,0.7231374018594546,0.9752982084787559
71,2,2,0,0.0,1.0,0.30692597610234257,0.507468997290844,0.7231374018594546,0.9752982084787559
76,2,2,0,0.25,0.5,0.4277267794234185,0.507468997290844,0.7231374018594546,0.9752982084787559
87,2,2,0,0.0,1.0,0.46810144527676656,0.507468997290844,0.7231374018594546,0.9752982084787559
94,2,2,0,0.25,0.5,0.538983373619153,0.507468997290844,0.7231374018594546,0.9752982084787559
95,2,2,0,0.25,0.5,0.2842904741658606,0.507468997290844,0.7231374018594546,0.9752982084787559
97,2,2,0,0.25,0.5,0.29589512678804913,0.507468997290844,0.7231374018594546,0.9752982084787559
101,2,2,0,0.3333333333333333,0.3333333333333333,0.17802441827196577,0.507468997290844,0.7231374018594546,0.9752982084787559
105,2,2,0,0.0,1.0,0.27222075392972167,0.507468997290844,0.7231374018594546,0.9752982084787559
110,2,2,0,0.0,1.0,0.2669723150811948,0.507468997290844,0.7231374018594546,0.9752982084787559
111,2,2,0,0.1111111111111111,0.7777777777777778,0.37608653706238704,0.507468997290844,0.7231374018594546,0.9752982084787559
113,2,2,0,0.1111111111111111,0.7777777777777778,0.5833442557666751,0.507468997290844,0.7231374018594546,0.9752982084787559
120,2,2,0,0.0,1.0,0.38852280740066386,0.507468997290844,0.7231374018594546,0.9752982084787559
129,2,2,0,0.2,0.6,0.4559867755476363,0.507468997290844,0.7231374018594546,0.9752982084787559
138,2,2,1,0.5555555555555556,0.1111111111111111,0.5236471272620888,0.507468997290844,0.7231374018594546,0.9752982084787559
142,2,2,0,0.0,1.0,0.527138946483971,0.507468997290844,0.7231374018594546,0.9752982084787559
150,2,2,0,0.0,1.0,0.280152538677496,0.507468997290844,0.7231374018594546,0.9752982084787559
151,2,2,0,0.0,1.0,0.47361613851807466,0.507468997290844,0.7231374018594546,0.9752982084787559
156,2,2,0,0.25,0.5,0.3812037851082758,0.507468997290844,0.7231374018594546,0.9752982084787559
163,2,2,0,0.25,0.5,0.4347725987411834,0.507468997290844,0.7231374018594546,0.9752982084787559
167,2,2,0,0.0,1.0,0.3960816251371231,0.507468997290844,0.7231374018594546,0.9752982084787559
168,2,2,0,0.25,0.5,0.30811597242237954,0.507468997290844,0.7231374018594546,0.9752982084787559
173,2,2,0,0.25,0.5,0.4520103786847844,0.507468997290844,0.7231374018594546,0.9752982084787559
179,2,2,0,0.25,0.5,0.5095359824445082,0.507468997290844,0.7231374018594546,0.9752982084787559
187,2,2,0,0.0,1.0,0.3826468212019559,0.507468997290844,0.7231374018594546,0.9752982084787559
201,2,2,0,0.25,0.5,0.4853463248112684,0.507468997290844,0.7231374018594546,0.9752982084787559
205,2,2,0,0.2,0.6,0.256090639638168,0.507468997290844,0.7231374018594546,0.9752982084787559
214,2,2,0,0.2,0.6,0.25698087945805914,0.507468997290844,0.7231374018594546,0.9752982084787559
220,2,2,0,0.4,0.1999999999999999,0.30419210725043144,0.507468997290844,0.7231374018594546,0.9752982084787559
223,2,2,0,0.2,0.6,0.2848669823028755,0.507468997290844,0.7231374018594546,0.9752982084787559
237,2,2,0,0.4,0.1999999999999999,0.3307386631603208,0.507468997290844,0.7231374018594546,0.9752982084787559
238,2,2,0,0.25,0.5,0.16321240005274662,0.507468997290844,0.7231374018594546,0.9752982084787559
241,2,2,1,0.6,0.1999999999999999,0.38045490688664907,0.507468997290844,0.7231374018594546,0.9752982084787559
252,2,2,0,0.0,1.0,0.4652469363843201,0.507468997290844,0.7231374018594546,0.9752982084787559
259,2,2,0,0.0,1.0,0.29066399458248426,0.507468997290844,0.7231374018594546,0.9752982084787559
264,2,2,0,0.25,0.5,0.2676631646809157,0.507468997290844,0.7231374018594546,0.9752982084787559
270,2,2,0,0.0,1.0,0.6782761548458798,0.507468997290844,0.7231374018594546,0.9752982084787559
271,2,2,0,0.0,1.0,0.5422721419896837,0.507468997290844,0.7231374018594546,0.9752982084787559
280,2,2,0,0.25,0.5,0.510386087140757,0.507468997290844,0.7231374018594546,0.9752982084787559
281,2,2,0,0.0,1.0,0.4353883822737411,0.507468997290844,0.7231374018594546,0.9752982084787559
283,2,2,0,0.25,0.5,0.4427163589853769,0.507468997290844,0.7231374018594546,0.9752982084787559
286,2,2,0,0.2,0.6,0.4942463088882805,0.507468997290844,0.7231374018594546,0.9752982084787559
290,2,2,0,0.0,1.0,0.3679889050640674,0.507468997290844,0.7231374018594546,0.9752982084787559
296,2,2,0,0.0,1.0,0.22922883821493883,0.507468997290844,0.7231374018594546,0.9752982084787559
298,2,2,0,0.25,0.5,0.5507471821092091,0.507468997290844,0.7231374018594546,0.9752982084787559
299,2,2,1,0.8,0.6000000000000001,0.3652117738108185,0.507468997290844,0.7231374018594546,0.9752982084787559
303,2,2,0,0.0,1.0,0.36280416687486694,0.507468997290844,0.7231374018594546,0.9752982084787559
306,2,2,0,0.0,1.0,0.567834853382082,0.507468997290844,0.7231374018594546,0.9752982084787559
309,2,2,1,0.8,0.6000000000000001,0.49931406752263185,0.507468997290844,0.7231374018594546,0.9752982084787559
310,2,2,0,0.2,0.6,0.45725943560661636,0.507468997290844,0.7231374018594546,0.9752982084787559
312,2,2,0,0.0,1.0,0.39394338260565454,0.507468997290844,0.7231374018594546,0.9752982084787559
322,2,2,1,0.6,0.1999999999999999,0.6066141468102827,0.507468997290844,0.7231374018594546,0.9752982084787559
323,2,2,0,0.0,1.0,0.5606932699442518,0.507468997290844,0.7231374018594546,0.9752982084787559
330,2,2,0,0.4,0.1999999999999999,0.45518856223081927,0.507468997290844,0.7231374018594546,0.9752982084787559
333,2,2,0,0.0,1.0,0.3814110913759241,0.507468997290844,0.7231374018594546,0.9752982084787559
338,2,2,0,0.4,0.1999999999999999,0.5854539364286615,0.507468997290844,0.7231374018594546,0.9752982084787559
340,2,2,1,0.6,0.1999999999999999,0.33017455625556513,0.507468997290844,0.7231374018594546,0.9752982084787559
342,2,2,0,0.2,0.6,0.3437987334698996,0.507468997290844,0.7231374018594546,0.9752982084787559
354,2,2,0,0.25,0.5,0.570666434703754,0.507468997290844,0.7231374018594546,0.9752982084787559
361,2,2,0,0.0,1.0,0.30513614070665557,0.507468997290844,0.7231374018594546,0.9752982084787559
367,2,2,0,0.25,0.5,0.46223202396576585,0.507468997290844,0.7231374018594546,0.9752982084787559
389,2,2,0,0.25,0.5,0.34021691332904175,0.507468997290844,0.7231374018594546,0.9752982084787559
390,2,2,1,0.75,0.5,0.3209114815601236,0.507468997290844,0.7231374018594546,0.9752982084787559
397,2,2,1,0.75,0.5,0.5609709650058066,0.507468997290844,0.7231374018594546,0.9752982084787559
401,2,2,0,0.2,0.6,0.5869491436209977,0.507468997290844,0.7231374018594546,0.9752982084787559
406,2,2,1,0.6,0.1999999999999999,0.5717441261008761,0.507468997290844,0.7231374018594546,0.9752982084787559
411,2,2,0,0.2,0.6,0.6538476685601442,0.507468997290844,0.7231374018594546,0.9752982084787559
419,2,2,0,0.4,0.1999999999999999,0.626433484077303,0.507468997290844,0.7231374018594546,0.9752982084787559
421,2,2,0,0.2,0.6,0.3575530566368314,0.507468997290844,0.7231374018594546,0.9752982084787559
422,2,2,1,0.6,0.1999999999999999,0.4789392657498996,0.507468997290844,0.7231374018594546,0.9752982084787559
429,2,2,0,0.0,1.0,0.7905432701631154,0.507468997290844,0.7231374018594546,0.9752982084787559
434,2,2,0,0.0,1.0,0.7245107251189987,0.507468997290844,0.7231374018594546,0.9752982084787559
442,2,2,1,0.8,0.6000000000000001,0.6461392749146275,0.507468997290844,0.7231374018594546,0.9752982084787559
446,2,2,0,0.2,0.6,0.7250033586647197,0.507468997290844,0.7231374018594546,0.9752982084787559
451,2,2,0,0.25,0.5,0.305757638122031,0.507468997290844,0.7231374018594546,0.9752982084787559
458,2,2,0,0.0,1.0,0.6400853908274184,0.507468997290844,0.7231374018594546,0.9752982084787559
467,2,2,1,1.0,1.0,0.749008035064657,0.507468997290844,0.7231374018594546,0.9752982084787559
481,2,2,0,0.0,1.0,0.5705937117455634,0.507468997290844,0.7231374018594546,0.9752982084787559
493,2,2,0,0.0,1.0,0.5860212915503075,0.507468997290844,0.7231374018594546,0.9752982084787559
500,2,2,0,0.25,0.5,0.7189599894876142,0.507468997290844,0.7231374018594546,0.9752982084787559
518,2,2,0,0.25,0.5,0.8363141567797872,0.507468997290844,0.7231374018594546,0.9752982084787559
524,2,2,0,0.0,1.0,0.5281910419532049,0.507468997290844,0.7231374018594546,0.9752982084787559
526,2,2,0,0.0,1.0,0.5902217564590195,0.507468997290844,0.7231374018594546,0.9752982084787559
552,2,2,1,0.6666666666666666,0.3333333333333332,0.6060467191264218,0.507468997290844,0.7231374018594546,0.9752982084787559
553,2,2,0,0.0,1.0,0.5156643894018282,0.507468997290844,0.7231374018594546,0.9752982084787559
555,2,2,0,0.3333333333333333,0.3333333333333333,0.6034571520047349,0.507468997290844,0.7231374018594546,0.9752982084787559
579,2,2,0,0.3333333333333333,0.3333333333333333,0.6368466229013626,0.507468997290844,0.7231374018594546,0.9752982084787559
586,2,2,1,0.6666666666666666,0.3333333333333332,0.6289140645840523,0.507468997290844,0.7231374018594546,0.9752982084787559
588,2,2,0,0.1666666666666666,0.6666666666666667,0.835714892798638,0.507468997290844,0.7231374018594546,0.9752982084787559
595,2,2,1,0.8333333333333334,0.6666666666666667,0.5435215030884392,0.507468997290844,0.7231374018594546,0.9752982084787559
598,2,2,0,0.3333333333333333,0.3333333333333333,0.8740483503416183,0.507468997290844,0.7231374018594546,0.9752982084787559
600,2,2,0,0.1666666666666666,0.6666666666666667,0.8276256865202436,0.507468997290844,0.7231374018594546,0.9752982084787559
610,2,2,0,0.25,0.5,0.6464066626849977,0.507468997290844,0.7231374018594546,0.9752982084787559
614,2,2,1,0.75,0.5,0.7545536117754272,0.507468997290844,0.7231374018594546,0.9752982084787559
631,2,2,0,0.0,1.0,0.5492244193072967,0.507468997290844,0.7231374018594546,0.9752982084787559
636,2,2,0,0.0,1.0,0.6207386036669432,0.507468997290844,0.7231374018594546,0.9752982084787559
641,2,2,0,0.0,1.0,0.6625825491895989,0.507468997290844,0.7231374018594546,0.9752982084787559
644,2,2,0,0.25,0.5,0.47660109053660943,0.507468997290844,0.7231374018594546,0.9752982084787559
646,2,2,0,0.0,1.0,0.17864998361848491,0.507468997290844,0.7231374018594546,0.9752982084787559
654,2,2,0,0.1666666666666666,0.6666666666666667,0.44641364483801627,0.507468997290844,0.7231374018594546,0.9752982084787559
661,2,2,1,0.8333333333333334,0.6666666666666667,0.7410841462759182,0.507468997290844,0.7231374018594546,0.9752982084787559
683,2,2,1,0.8333333333333334,0.6666666666666667,0.8560481372753498,0.507468997290844,0.7231374018594546,0.9752982084787559
685,2,2,0,0.0,1.0,0.3781169947627651,0.507468997290844,0.7231374018594546,0.9752982084787559
692,2,2,0,0.0,1.0,0.37655846183144814,0.507468997290844,0.7231374018594546,0.9752982084787559
694,2,2,0,0.3333333333333333,0.3333333333333333,0.44194619480753683,0.507468997290844,0.7231374018594546,0.9752982084787559
699,2,2,0,0.1666666666666666,0.6666666666666667,0.5778481294802907,0.507468997290844,0.7231374018594546,0.9752982084787559
701,2,2,0,0.1666666666666666,0.6666666666666667,0.815062269413637,0.507468997290844,0.7231374018594546,0.9752982084787559
702,2,2,0,0.1666666666666666,0.6666666666666667,0.7341694773181003,0.507468997290844,0.7231374018594546,0.9752982084787559
703,2,2,0,0.0,1.0,0.6426100873004142,0.507468997290844,0.7231374018594546,0.9752982084787559
706,2,2,1,0.6666666666666666,0.3333333333333332,0.7263787624229282,0.507468997290844,0.7231374018594546,0.9752982084787559
710,2,2,0,0.0,1.0,0.32328960747374236,0.507468997290844,0.7231374018594546,0.9752982084787559
732,2,2,0,0.0,1.0,0.37714937486567734,0.507468997290844,0.7231374018594546,0.9752982084787559
738,2,2,0,0.3333333333333333,0.3333333333333333,0.49648668982939537,0.507468997290844,0.7231374018594546,0.9752982084787559
2,2,3,0,0.4,0.1999999999999999,0.3447734456538756,0.416251983189281,0.31147527095299665,0.8954978517554455
9,2,3,0,0.0,1.0,0.3236115870698637,0.416251983189281,0.31147527095299665,0.8954978517554455
26,2,3,1,0.8,0.6000000000000001,0.4232831532480155,0.416251983189281,0.31147527095299665,0.8954978517554455
32,2,3,0,0.2,0.6,0.2739122600323092,0.416251983189281,0.31147527095299665,0.8954978517554455
39,2,3,0,0.0,1.0,0.2805703167418532,0.416251983189281,0.31147527095299665,0.8954978517554455
40,2,3,0,0.2,0.6,0.32165667182098856,0.416251983189281,0.31147527095299665,0.8954978517554455
42,2,3,0,0.0,1.0,0.49447738105270855,0.416251983189281,0.31147527095299665,0.8954978517554455
45,2,3,0,0.0,1.0,0.46482512497034295,0.416251983189281,0.31147527095299665,0.8954978517554455
52,2,3,0,0.25,0.5,0.380359428823283,0.416251983189281,0.31147527095299665,0.8954978517554455
53,2,3,0,0.1666666666666666,0.6666666666666667,0.3294943424491113,0.416251983189281,0.31147527095299665,0.8954978517554455
55,2,3,0,0.0,1.0,0.2992490567194253,0.416251983189281,0.31147527095299665,0.8954978517554455
56,2,3,0,0.25,0.5,0.22889594712595515,0.416251983189281,0.31147527095299665,0.8954978517554455
57,2,3,1,1.0,1.0,0.4307655247155923,0.416251983189281,0.31147527095299665,0.8954978517554455
63,2,3,0,0.0,1.0,0.4566832776630021,0.416251983189281,0.31147527095299665,0.8954978517554455
69,2,3,0,0.0,1.0,0.3539110292188716,0.416251983189281,0.31147527095299665,0.8954978517554455
75,2,3,0,0.0,1.0,0.47280692448764816,0.416251983189281,0.31147527095299665,0.8954978517554455
77,2,3,0,0.25,0.5,0.3949364055610194,0.416251983189281,0.31147527095299665,0.8954978517554455
78,2,3,0,0.0,1.0,0.21935506058646215,0.416251983189281,0.31147527095299665,0.8954978517554455
79,2,3,0,0.25,0.5,0.3081886652418927,0.416251983189281,0.31147527095299665,0.8954978517554455
92,2,3,0,0.0,1.0,0.3359995467093321,0.416251983189281,0.31147527095299665,0.8954978517554455
96,2,3,0,0.0,1.0,0.5117994643472106,0.416251983189281,0.31147527095299665,0.8954978517554455
100,2,3,0,0.25,0.5,0.5410677519181878,0.416251983189281,0.31147527095299665,0.8954978517554455
106,2,3,1,1.0,1.0,0.5880003036620318,0.416251983189281,0.31147527095299665,0.8954978517554455
109,2,3,0,0.1111111111111111,0.7777777777777778,0.6833510786097945,0.416251983189281,0.31147527095299665,0.8954978517554455
119,2,3,0,0.1111111111111111,0.7777777777777778,0.3957302498930171,0.416251983189281,0.31147527095299665,0.8954978517554455
121,2,3,0,0.1111111111111111,0.7777777777777778,0.3662389770518659,0.416251983189281,0.31147527095299665,0.8954978517554455
130,2,3,0,0.1111111111111111,0.7777777777777778,0.3618159513079157,0.416251983189281,0.31147527095299665,0.8954978517554455
137,2,3,1,0.6666666666666666,0.3333333333333332,0.28725088038548896,0.416251983189281,0.31147527095299665,0.8954978517554455
143,2,3,1,0.5555555555555556,0.1111111111111111,0.44071914711863136,0.416251983189281,0.31147527095299665,0.8954978517554455
146,2,3,1,0.8888888888888888,0.7777777777777777,0.4282456455565549,0.416251983189281,0.31147527095299665,0.8954978517554455
148,2,3,0,0.1111111111111111,0.7777777777777778,0.14216274086261182,0.416251983189281,0.31147527095299665,0.8954978517554455
160,2,3,0,0.1666666666666666,0.6666666666666667,0.4201507752742172,0.416251983189281,0.31147527095299665,0.8954978517554455
164,2,3,0,0.0,1.0,0.16628224378494394,0.416251983189281,0.31147527095299665,0.8954978517554455
166,2,3,0,0.25,0.5,0.42621732299404674,0.416251983189281,0.31147527095299665,0.8954978517554455
172,2,3,0,0.0,1.0,0.13998009888634755,0.416251983189281,0.31147527095299665,0.8954978517554455
180,2,3,0,0.0,1.0,0.6516168191461238,0.416251983189281,0.31147527095299665,0.8954978517554455
183,2,3,0,0.0,1.0,0.47591543927402713,0.416251983189281,0.31147527095299665,0.8954978517554455
194,2,3,0,0.0,1.0,0.4186636472804751,0.416251983189281,0.31147527095299665,0.8954978517554455
195,2,3,0,0.0,1.0,0.5330879284267164,0.416251983189281,0.31147527095299665,0.8954978517554455
210,2,3,0,0.4,0.1999999999999999,0.7211472952267494,0.416251983189281,0.31147527095299665,0.8954978517554455
215,2,3,0,0.2,0.6,0.3602579742663743,0.416251983189281,0.31147527095299665,0.8954978517554455
225,2,3,0,0.2,0.6,0.47519360413204664,0.416251983189281,0.31147527095299665,0.8954978517554455
226,2,3,0,0.0,1.0,0.5305170719017157,0.416251983189281,0.31147527095299665,0.8954978517554455
230,2,3,0,0.2,0.6,0.4950501198481266,0.416251983189281,0.31147527095299665,0.8954978517554455
232,2,3,0,0.25,0.5,0.35884593438437734,0.416251983189281,0.31147527095299665,0.8954978517554455
246,2,3,0,0.4,0.1999999999999999,0.5838666679518366,0.416251983189281,0.31147527095299665,0.8954978517554455
251,2,3,0,0.25,0.5,0.30069734419144073,0.416251983189281,0.31147527095299665,0.8954978517554455
267,2,3,0,0.0,1.0,0.20697798565085657,0.416251983189281,0.31147527095299665,0.8954978517554455
282,2,3,0,0.25,0.5,0.578709594105418,0.416251983189281,0.31147527095299665,0.8954978517554455
302,2,3,0,0.0,1.0,0.30002047121260783,0.416251983189281,0.31147527095299665,0.8954978517554455
308,2,3,0,0.4,0.1999999999999999,0.4762117310891241,0.416251983189281,0.31147527095299665,0.8954978517554455
311,2,3,0,0.4,0.1999999999999999,0.2706184327267192,0.416251983189281,0.31147527095299665,0.8954978517554455
314,2,3,0,0.0,1.0,0.4499796240495422,0.416251983189281,0.31147527095299665,0.8954978517554455
316,2,3,0,0.4,0.1999999999999999,0.5227328983628914,0.416251983189281,0.31147527095299665,0.8954978517554455
325,2,3,0,0.0,1.0,0.5334942976727809,0.416251983189281,0.31147527095299665,0.8954978517554455
329,2,3,0,0.0,1.0,0.4481040351681477,0.416251983189281,0.31147527095299665,0.8954978517554455
336,2,3,0,0.4,0.1999999999999999,0.5284691238264196,0.416251983189281,0.31147527095299665,0.8954978517554455
337,2,3,0,0.0,1.0,0.33054229335908863,0.416251983189281,0.31147527095299665,0.8954978517554455
344,2,3,0,0.2,0.6,0.5316436319316252,0.416251983189281,0.31147527095299665,0.8954978517554455
352,2,3,0,0.25,0.5,0.5071769516207175,0.416251983189281,0.31147527095299665,0.8954978517554455
353,2,3,0,0.0,1.0,0.663698479047653,0.416251983189281,0.31147527095299665,0.8954978517554455
356,2,3,0,0.25,0.5,0.35786416935733006,0.416251983189281,0.31147527095299665,0.8954978517554455
359,2,3,0,0.25,0.5,0.4028632389961475,0.416251983189281,0.31147527095299665,0.8954978517554455
372,2,3,0,0.25,0.5,0.4557517937625487,0.416251983189281,0.31147527095299665,0.8954978517554455
377,2,3,0,0.25,0.5,0.35655934371098946,0.416251983189281,0.31147527095299665,0.8954978517554455
380,2,3,1,0.75,0.5,0.7724674197579652,0.416251983189281,0.31147527095299665,0.8954978517554455
384,2,3,0,0.25,0.5,0.347539672686387,0.416251983189281,0.31147527095299665,0.8954978517554455
398,2,3,0,0.25,0.5,0.6800711079253374,0.416251983189281,0.31147527095299665,0.8954978517554455
415,2,3,0,0.0,1.0,0.6587286839132339,0.416251983189281,0.31147527095299665,0.8954978517554455
416,2,3,0,0.0,1.0,0.6449946390898358,0.416251983189281,0.31147527095299665,0.8954978517554455
428,2,3,1,0.6,0.1999999999999999,0.5687903230057332,0.416251983189281,0.31147527095299665,0.8954978517554455
435,2,3,0,0.4,0.1999999999999999,0.805567390799355,0.416251983189281,0.31147527095299665,0.8954978517554455
436,2,3,0,0.4,0.1999999999999999,0.5237992473152615,0.416251983189281,0.31147527095299665,0.8954978517554455
439,2,3,0,0.2,0.6,0.6565292289553066,0.416251983189281,0.31147527095299665,0.8954978517554455
440,2,3,0,0.0,1.0,0.7407709547945899,0.416251983189281,0.31147527095299665,0.8954978517554455
450,2,3,0,0.2,0.6,0.45883689619998186,0.416251983189281,0.31147527095299665,0.8954978517554455
455,2,3,0,0.0,1.0,0.371922114783416,0.416251983189281,0.31147527095299665,0.8954978517554455
468,2,3,0,0.25,0.5,0.7268267884562605,0.416251983189281,0.31147527095299665,0.8954978517554455
472,2,3,0,0.25,0.5,0.4619577301952631,0.416251983189281,0.31147527095299665,0.8954978517554455
476,2,3,0,0.0,1.0,0.6881039066529621,0.416251983189281,0.31147527095299665,0.8954978517554455
478,2,3,0,0.0,1.0,0.33910444184247324,0.416251983189281,0.31147527095299665,0.8954978517554455
479,2,3,0,0.0,1.0,0.44303040915788466,0.416251983189281,0.31147527095299665,0.8954978517554455
482,2,3,0,0.0,1.0,0.23761835898730269,0.416251983189281,0.31147527095299665,0.8954978517554455
487,2,3,0,0.2,0.6,0.1458248158483923,0.416251983189281,0.31147527095299665,0.8954978517554455
490,2,3,0,0.25,0.5,0.4059735683512964,0.416251983189281,0.31147527095299665,0.8954978517554455
495,2,3,0,0.0,1.0,0.6813141055038306,0.416251983189281,0.31147527095299665,0.8954978517554455
497,2,3,0,0.0,1.0,0.32832973729612264,0.416251983189281,0.31147527095299665,0.8954978517554455
501,2,3,0,0.25,0.5,0.5450525820578362,0.416251983189281,0.31147527095299665,0.8954978517554455
508,2,3,1,0.75,0.5,0.5288883815959288,0.416251983189281,0.31147527095299665,0.8954978517554455
514,2,3,1,0.75,0.5,0.6279220447771827,0.416251983189281,0.31147527095299665,0.8954978517554455
531,2,3,1,0.75,0.5,0.5323415634142664,0.416251983189281,0.31147527095299665,0.8954978517554455
537,2,3,0,0.25,0.5,0.7079403374660945,0.416251983189281,0.31147527095299665,0.8954978517554455
559,2,3,1,0.6666666666666666,0.3333333333333332,0.4892785472863099,0.416251983189281,0.31147527095299665,0.8954978517554455
563,2,3,0,0.0,1.0,0.5681759649768242,0.416251983189281,0.31147527095299665,0.8954978517554455
570,2,3,1,0.6666666666666666,0.3333333333333332,0.6885715735675599,0.416251983189281,0.31147527095299665,0.8954978517554455
577,2,3,0,0.1666666666666666,0.6666666666666667,0.7221004332687818,0.416251983189281,0.31147527095299665,0.8954978517554455
581,2,3,0,0.3333333333333333,0.3333333333333333,0.6020650364524379,0.416251983189281,0.31147527095299665,0.8954978517554455
584,2,3,1,0.6666666666666666,0.3333333333333332,0.7894548983521391,0.416251983189281,0.31147527095299665,0.8954978517554455
589,2,3,0,0.3333333333333333,0.3333333333333333,0.5590718469720509,0.416251983189281,0.31147527095299665,0.8954978517554455
592,2,3,1,0.6,0.1999999999999999,0.6486028259172725,0.416251983189281,0.31147527095299665,0.8954978517554455
594,2,3,0,0.0,1.0,0.39996980308354285,0.416251983189281,0.31147527095299665,0.8954978517554455
597,2,3,0,0.0,1.0,0.3265889797191137,0.416251983189281,0.31147527095299665,0.8954978517554455
604,2,3,1,0.75,0.5,0.8054095525958014,0.416251983189281,0.31147527095299665,0.8954978517554455
608,2,3,0,0.0,1.0,0.8004786807914634,0.416251983189281,0.31147527095299665,0.8954978517554455
624,2,3,0,0.25,0.5,0.5743638425143035,0.416251983189281,0.31147527095299665,0.8954978517554455
634,2,3,0,0.25,0.5,0.549815331343165,0.416251983189281,0.31147527095299665,0.8954978517554455
642,2,3,1,0.75,0.5,0.7234658957378775,0.416251983189281,0.31147527095299665,0.8954978517554455
650,2,3,0,0.0,1.0,0.2214256838648382,0.416251983189281,0.31147527095299665,0.8954978517554455
659,2,3,1,0.6666666666666666,0.3333333333333332,0.6389952845392889,0.416251983189281,0.31147527095299665,0.8954978517554455
668,2,3,0,0.1666666666666666,0.6666666666666667,0.7806790272869726,0.416251983189281,0.31147527095299665,0.8954978517554455
669,2,3,0,0.3333333333333333,0.3333333333333333,0.6878072744822468,0.416251983189281,0.31147527095299665,0.8954978517554455
671,2,3,0,0.3333333333333333,0.3333333333333333,0.611650718809504,0.416251983189281,0.31147527095299665,0.8954978517554455
674,2,3,0,0.3333333333333333,0.3333333333333333,0.497948886557933,0.416251983189281,0.31147527095299665,0.8954978517554455
677,2,3,1,0.6666666666666666,0.3333333333333332,0.46476284454824923,0.416251983189281,0.31147527095299665,0.8954978517554455
686,2,3,0,0.0,1.0,0.6323176562222518,0.416251983189281,0.31147527095299665,0.8954978517554455
688,2,3,0,0.1666666666666666,0.6666666666666667,0.6852965687144644,0.416251983189281,0.31147527095299665,0.8954978517554455
695,2,3,0,0.3333333333333333,0.3333333333333333,0.6939446088385871,0.416251983189281,0.31147527095299665,0.8954978517554455
704,2,3,0,0.3333333333333333,0.3333333333333333,0.5676495696168325,0.416251983189281,0.31147527095299665,0.8954978517554455
711,2,3,1,0.6,0.1999999999999999,0.6667215613206734,0.416251983189281,0.31147527095299665,0.8954978517554455
719,2,3,0,0.1666666666666666,0.6666666666666667,0.5570661061043405,0.416251983189281,0.31147527095299665,0.8954978517554455
722,2,3,0,0.2,0.6,0.431906092966363,0.416251983189281,0.31147527095299665,0.8954978517554455
725,2,3,0,0.0,1.0,0.6291775986386736,0.416251983189281,0.31147527095299665,0.8954978517554455
727,2,3,0,0.4,0.1999999999999999,0.6915242819813406,0.416251983189281,0.31147527095299665,0.8954978517554455
729,2,3,0,0.4,0.1999999999999999,0.6473303327630988,0.416251983189281,0.31147527095299665,0.8954978517554455
730,2,3,0,0.3333333333333333,0.3333333333333333,0.3823023665817081,0.416251983189281,0.31147527095299665,0.8954978517554455
734,2,3,0,0.0,1.0,0.351921441001578,0.416251983189281,0.31147527095299665,0.8954978517554455
740,2,3,0,0.1666666666666666,0.6666666666666667,0.4201344662248432,0.416251983189281,0.31147527095299665,0.8954978517554455
3,2,4,0,0.0,1.0,0.37507258794110104,0.45948994065039694,0.4123765525851046,0.90459272722133
5,2,4,0,0.2,0.6,0.44373731095639296,0.45948994065039694,0.4123765525851046,0.90459272722133
17,2,4,0,0.4,0.1999999999999999,0.6814983976793519,0.45948994065039694,0.4123765525851046,0.90459272722133
18,2,4,1,0.6,0.1999999999999999,0.6092666033799471,0.45948994065039694,0.4123765525851046,0.90459272722133
22,2,4,0,0.2,0.6,0.40337512291358163,0.45948994065039694,0.4123765525851046,0.90459272722133
36,2,4,0,0.2,0.6,0.30423218521830137,0.45948994065039694,0.4123765525851046,0.90459272722133
41,2,4,0,0.2,0.6,0.27627367993101093,0.45948994065039694,0.4123765525851046,0.90459272722133
43,2,4,0,0.2,0.6,0.5404685489002689,0.45948994065039694,0.4123765525851046,0.90459272722133
49,2,4,0,0.3333333333333333,0.3333333333333333,0.26586562493061305,0.45948994065039694,0.4123765525851046,0.90459272722133
51,2,4,0,0.25,0.5,0.41329778975267345,0.45948994065039694,0.4123765525851046,0.90459272722133
54,2,4,0,0.25,0.5,0.26331563102925065,0.45948994065039694,0.4123765525851046,0.90459272722133
65,2,4,0,0.25,0.5,0.2679419419653005,0.45948994065039694,0.4123765525851046,0.90459272722133
66,2,4,0,0.0,1.0,0.4070622961711866,0.45948994065039694,0.4123765525851046,0.90459272722133
68,2,4,0,0.0,1.0,0.3799726659874,0.45948994065039694,0.4123765525851046,0.90459272722133
72,2,4,0,0.25,0.5,0.31738854520031523,0.45948994065039694,0.4123765525851046,0.90459272722133
86,2,4,0,0.0,1.0,0.3162817314527964,0.45948994065039694,0.4123765525851046,0.90459272722133
89,2,4,0,0.25,0.5,0.46819018359061415,0.45948994065039694,0.4123765525851046,0.90459272722133
102,2,4,0,0.0,1.0,0.22853322328514272,0.45948994065039694,0.4123765525851046,0.90459272722133
107,2,4,0,0.1111111111111111,0.7777777777777778,0.6396961122352081,0.45948994065039694,0.4123765525851046,0.90459272722133
112,2,4,0,0.125,0.75,0.3565342754721331,0.45948994065039694,0.4123765525851046,0.90459272722133
115,2,4,0,0.0,1.0,0.34955497165738025,0.45948994065039694,0.4123765525851046,0.90459272722133
117,2,4,0,0.25,0.5,0.260167993195699,0.45948994065039694,0.4123765525851046,0.90459272722133
125,2,4,0,0.125,0.75,0.37776985036594823,0.45948994065039694,0.4123765525851046,0.90459272722133
126,2,4,0,0.2222222222222222,0.5555555555555556,0.5768930018247695,0.45948994065039694,0.4123765525851046,0.90459272722133
135,2,4,0,0.1666666666666666,0.6666666666666667,0.3231785131636936,0.45948994065039694,0.4123765525851046,0.90459272722133
140,2,4,0,0.2222222222222222,0.5555555555555556,0.5214579602475828,0.45948994065039694,0.4123765525851046,0.90459272722133
145,2,4,0,0.4444444444444444,0.1111111111111111,0.3360388475653868,0.45948994065039694,0.4123765525851046,0.90459272722133
154,2,4,0,0.25,0.5,0.2116487606563946,0.45948994065039694,0.4123765525851046,0.90459272722133
155,2,4,0,0.25,0.5,0.4239697071523316,0.45948994065039694,0.4123765525851046,0.90459272722133
161,2,4,0,0.0,1.0,0.3135991913080565,0.45948994065039694,0.4123765525851046,0.90459272722133
169,2,4,0,0.0,1.0,0.4088071136441363,0.45948994065039694,0.4123765525851046,0.90459272722133
170,2,4,0,0.1666666666666666,0.6666666666666667,0.2995438956018,0.45948994065039694,0.4123765525851046,0.90459272722133
175,2,4,0,0.0,1.0,0.28761261319231024,0.45948994065039694,0.4123765525851046,0.90459272722133
178,2,4,0,0.0,1.0,0.5152335529304444,0.45948994065039694,0.4123765525851046,0.90459272722133
186,2,4,0,0.0,1.0,0.47206443165548684,0.45948994065039694,0.4123765525851046,0.90459272722133
192,2,4,0,0.0,1.0,0.44837650006906654,0.45948994065039694,0.4123765525851046,0.90459272722133
193,2,4,0,0.25,0.5,0.325602039653161,0.45948994065039694,0.4123765525851046,0.90459272722133
197,2,4,0,0.0,1.0,0.4129283860547952,0.45948994065039694,0.4123765525851046,0.90459272722133
200,2,4,0,0.2,0.6,0.2839577104015877,0.45948994065039694,0.4123765525851046,0.90459272722133
204,2,4,0,0.4,0.1999999999999999,0.4015684146380959,0.45948994065039694,0.4123765525851046,0.90459272722133
209,2,4,0,0.2,0.6,0.38840803660212386,0.45948994065039694,0.4123765525851046,0.90459272722133
211,2,4,1,0.6,0.1999999999999999,0.6071509848821479,0.45948994065039694,0.4123765525851046,0.90459272722133
217,2,4,0,0.0,1.0,0.29960629000222905,0.45948994065039694,0.4123765525851046,0.90459272722133
219,2,4,0,0.0,1.0,0.29637748189215357,0.45948994065039694,0.4123765525851046,0.90459272722133
227,2,4,1,1.0,1.0,0.4412072806255305,0.45948994065039694,0.4123765525851046,0.90459272722133
228,2,4,0,0.2,0.6,0.4877802641228514,0.45948994065039694,0.4123765525851046,0.90459272722133
233,2,4,0,0.0,1.0,0.2876381855649513,0.45948994065039694,0.4123765525851046,0.90459272722133
234,2,4,0,0.25,0.5,0.4055379309757869,0.45948994065039694,0.4123765525851046,0.90459272722133
236,2,4,0,0.0,1.0,0.4751762655692479,0.45948994065039694,0.4123765525851046,0.90459272722133
239,2,4,1,0.6,0.1999999999999999,0.27868566504753556,0.45948994065039694,0.4123765525851046,0.90459272722133
242,2,4,1,0.6,0.1999999999999999,0.40354794787974874,0.45948994065039694,0.4123765525851046,0.90459272722133
243,2,4,0,0.0,1.0,0.2126207609629826,0.45948994065039694,0.4123765525851046,0.90459272722133
254,2,4,0,0.25,0.5,0.2680710413689268,0.45948994065039694,0.4123765525851046,0.90459272722133
266,2,4,0,0.25,0.5,0.4929485096943547,0.45948994065039694,0.4123765525851046,0.90459272722133
294,2,4,0,0.0,1.0,0.4682374557615781,0.45948994065039694,0.4123765525851046,0.90459272722133
304,2,4,1,0.8,0.6000000000000001,0.6145787819651528,0.45948994065039694,0.4123765525851046,0.90459272722133
313,2,4,0,0.0,1.0,0.36131815322926675,0.45948994065039694,0.4123765525851046,0.90459272722133
319,2,4,0,0.2,0.6,0.4054274482317853,0.45948994065039694,0.4123765525851046,0.90459272722133
320,2,4,0,0.0,1.0,0.5275240977571342,0.45948994065039694,0.4123765525851046,0.90459272722133
328,2,4,1,0.6,0.1999999999999999,0.2969461409607259,0.45948994065039694,0.4123765525851046,0.90459272722133
331,2,4,0,0.0,1.0,0.27592223680443173,0.45948994065039694,0.4123765525851046,0.90459272722133
332,2,4,0,0.0,1.0,0.38206201166964887,0.45948994065039694,0.4123765525851046,0.90459272722133
334,2,4,0,0.4,0.1999999999999999,0.5459768124367862,0.45948994065039694,0.4123765525851046,0.90459272722133
346,2,4,1,0.6,0.1999999999999999,0.6736321176316966,0.45948994065039694,0.4123765525851046,0.90459272722133
347,2,4,0,0.4,0.1999999999999999,0.5763868046277886,0.45948994065039694,0.4123765525851046,0.90459272722133
348,2,4,0,0.4,0.1999999999999999,0.8177314416745789,0.45948994065039694,0.4123765525851046,0.90459272722133
350,2,4,0,0.0,1.0,0.3269170309297489,0.45948994065039694,0.4123765525851046,0.90459272722133
360,2,4,0,0.25,0.5,0.30701084572653053,0.45948994065039694,0.4123765525851046,0.90459272722133
366,2,4,0,0.0,1.0,0.3419062557097792,0.45948994065039694,0.4123765525851046,0.90459272722133
369,2,4,0,0.0,1.0,0.33419598662314,0.45948994065039694,0.4123765525851046,0.90459272722133
370,2,4,0,0.0,1.0,0.3625095427507654,0.45948994065039694,0.4123765525851046,0.90459272722133
371,2,4,0,0.25,0.5,0.5856735611914785,0.45948994065039694,0.4123765525851046,0.90459272722133
381,2,4,1,0.75,0.5,0.4639458178192062,0.45948994065039694,0.4123765525851046,0.90459272722133
391,2,4,0,0.0,1.0,0.2858390809151393,0.45948994065039694,0.4123765525851046,0.90459272722133
399,2,4,0,0.25,0.5,0.3663520878082075,0.45948994065039694,0.4123765525851046,0.90459272722133
403,2,4,0,0.0,1.0,0.2952054733629743,0.45948994065039694,0.4123765525851046,0.90459272722133
407,2,4,0,0.2,0.6,0.6767626934859831,0.45948994065039694,0.4123765525851046,0.90459272722133
410,2,4,1,0.6,0.1999999999999999,0.7067838675174639,0.45948994065039694,0.4123765525851046,0.90459272722133
423,2,4,0,0.0,1.0,0.757959572422295,0.45948994065039694,0.4123765525851046,0.90459272722133
430,2,4,1,0.6,0.1999999999999999,0.7223739307857344,0.45948994065039694,0.4123765525851046,0.90459272722133
431,2,4,0,0.4,0.1999999999999999,0.562028154285598,0.45948994065039694,0.4123765525851046,0.90459272722133
432,2,4,0,0.2,0.6,0.37276702116352284,0.45948994065039694,0.4123765525851046,0.90459272722133
437,2,4,1,0.6,0.1999999999999999,0.6593749507524674,0.45948994065039694,0.4123765525851046,0.90459272722133
441,2,4,0,0.2,0.6,0.6724801544705373,0.45948994065039694,0.4123765525851046,0.90459272722133
445,2,4,0,0.0,1.0,0.5086753763186884,0.45948994065039694,0.4123765525851046,0.90459272722133
448,2,4,0,0.0,1.0,0.274641809576755,0.45948994065039694,0.4123765525851046,0.90459272722133
449,2,4,0,0.4,0.1999999999999999,0.3955673185413669,0.45948994065039694,0.4123765525851046,0.90459272722133
452,2,4,0,0.25,0.5,0.6588037012914967,0.45948994065039694,0.4123765525851046,0.90459272722133
473,2,4,0,0.25,0.5,0.4861091605233875,0.45948994065039694,0.4123765525851046,0.90459272722133
484,2,4,0,0.25,0.5,0.3932252952003201,0.45948994065039694,0.4123765525851046,0.90459272722133
486,2,4,0,0.25,0.5,0.8046626818288629,0.45948994065039694,0.4123765525851046,0.90459272722133
489,2,4,0,0.0,1.0,0.7038358494142253,0.45948994065039694,0.4123765525851046,0.90459272722133
506,2,4,1,0.75,0.5,0.6832832859367723,0.45948994065039694,0.4123765525851046,0.90459272722133
507,2,4,1,1.0,1.0,0.5057388439768403,0.45948994065039694,0.4123765525851046,0.90459272722133
512,2,4,1,1.0,1.0,0.7105767942781882,0.45948994065039694,0.4123765525851046,0.90459272722133
513,2,4,0,0.0,1.0,0.6750269689523305,0.45948994065039694,0.4123765525851046,0.90459272722133
519,2,4,0,0.0,1.0,0.5833648602531852,0.45948994065039694,0.4123765525851046,0.90459272722133
523,2,4,0,0.25,0.5,0.607992806191844,0.45948994065039694,0.4123765525851046,0.90459272722133
527,2,4,0,0.25,0.5,0.5592791700763659,0.45948994065039694,0.4123765525851046,0.90459272722133
532,2,4,0,0.0,1.0,0.3647480739179261,0.45948994065039694,0.4123765525851046,0.90459272722133
535,2,4,0,0.25,0.5,0.675367406319074,0.45948994065039694,0.4123765525851046,0.90459272722133
536,2,4,0,0.3333333333333333,0.3333333333333333,0.6467297272934167,0.45948994065039694,0.4123765525851046,0.90459272722133
538,2,4,0,0.0,1.0,0.6364812636439127,0.45948994065039694,0.4123765525851046,0.90459272722133
550,2,4,0,0.0,1.0,0.6084675775432343,0.45948994065039694,0.4123765525851046,0.90459272722133
551,2,4,1,0.6666666666666666,0.3333333333333332,0.8075423588430466,0.45948994065039694,0.4123765525851046,0.90459272722133
560,2,4,0,0.1666666666666666,0.6666666666666667,0.36868488937637145,0.45948994065039694,0.4123765525851046,0.90459272722133
568,2,4,1,1.0,1.0,0.5391951390679204,0.45948994065039694,0.4123765525851046,0.90459272722133
569,2,4,0,0.1666666666666666,0.6666666666666667,0.6800361780949654,0.45948994065039694,0.4123765525851046,0.90459272722133
572,2,4,1,0.8333333333333334,0.6666666666666667,0.5773457973242744,0.45948994065039694,0.4123765525851046,0.90459272722133
573,2,4,0,0.3333333333333333,0.3333333333333333,0.6168787000537995,0.45948994065039694,0.4123765525851046,0.90459272722133
580,2,4,0,0.3333333333333333,0.3333333333333333,0.3232328775362353,0.45948994065039694,0.4123765525851046,0.90459272722133
613,2,4,0,0.0,1.0,0.7459722958742391,0.45948994065039694,0.4123765525851046,0.90459272722133
616,2,4,1,0.75,0.5,0.6091842668450607,0.45948994065039694,0.4123765525851046,0.90459272722133
625,2,4,0,0.0,1.0,0.4241135000322552,0.45948994065039694,0.4123765525851046,0.90459272722133
628,2,4,0,0.0,1.0,0.4294551274886371,0.45948994065039694,0.4123765525851046,0.90459272722133
658,2,4,0,0.1666666666666666,0.6666666666666667,0.7516495137095943,0.45948994065039694,0.4123765525851046,0.90459272722133
664,2,4,1,0.6666666666666666,0.3333333333333332,0.7034192383219482,0.45948994065039694,0.4123765525851046,0.90459272722133
665,2,4,0,0.1666666666666666,0.6666666666666667,0.45911400821570114,0.45948994065039694,0.4123765525851046,0.90459272722133
673,2,4,0,0.3333333333333333,0.3333333333333333,0.42707055355293566,0.45948994065039694,0.4123765525851046,0.90459272722133
678,2,4,0,0.3333333333333333,0.3333333333333333,0.3098352904646988,0.45948994065039694,0.4123765525851046,0.90459272722133
696,2,4,0,0.1666666666666666,0.6666666666666667,0.7822745392516225,0.45948994065039694,0.4123765525851046,0.90459272722133
709,2,4,0,0.3333333333333333,0.3333333333333333,0.4303204306677393,0.45948994065039694,0.4123765525851046,0.90459272722133
714,2,4,0,0.3333333333333333,0.3333333333333333,0.4214872289624377,0.45948994065039694,0.4123765525851046,0.90459272722133
718,2,4,0,0.1666666666666666,0.6666666666666667,0.6031234233755447,0.45948994065039694,0.4123765525851046,0.90459272722133
720,2,4,0,0.0,1.0,0.34895624947506537,0.45948994065039694,0.4123765525851046,0.90459272722133
731,2,4,0,0.0,1.0,0.38173777480042687,0.45948994065039694,0.4123765525851046,0.90459272722133
741,2,4,0,0.2,0.6,0.5367589798054341,0.45948994065039694,0.4123765525851046,0.90459272722133
3,3,0,0,0.0,1.0,0.4421691377093926,0.6056173251142811,0.3333873180072779,0.5427181131235033
5,3,0,0,0.2,0.6,0.387815692290528,0.6056173251142811,0.3333873180072779,0.5427181131235033
8,3,0,0,0.0,1.0,0.29529349743759215,0.6056173251142811,0.3333873180072779,0.5427181131235033
25,3,0,0,0.2,0.6,0.4503976123425543,0.6056173251142811,0.3333873180072779,0.5427181131235033
30,3,0,0,0.2,0.6,0.3994001678743426,0.6056173251142811,0.3333873180072779,0.5427181131235033
36,3,0,0,0.2,0.6,0.4156292469970851,0.6056173251142811,0.3333873180072779,0.5427181131235033
37,3,0,0,0.2,0.6,0.4468870789243526,0.6056173251142811,0.3333873180072779,0.5427181131235033
39,3,0,0,0.0,1.0,0.286181945234367,0.6056173251142811,0.3333873180072779,0.5427181131235033
44,3,0,0,0.0,1.0,0.5099937804230064,0.6056173251142811,0.3333873180072779,0.5427181131235033
48,3,0,1,0.6,0.1999999999999999,0.3275313719372994,0.6056173251142811,0.3333873180072779,0.5427181131235033
58,3,0,0,0.25,0.5,0.273528112417099,0.6056173251142811,0.3333873180072779,0.5427181131235033
59,3,0,0,0.25,0.5,0.10731979844743883,0.6056173251142811,0.3333873180072779,0.5427181131235033
60,3,0,0,0.0,1.0,0.5049964234082839,0.6056173251142811,0.3333873180072779,0.5427181131235033
77,3,0,0,0.25,0.5,0.36488303580244974,0.6056173251142811,0.3333873180072779,0.5427181131235033
78,3,0,0,0.0,1.0,0.13138141592050226,0.6056173251142811,0.3333873180072779,0.5427181131235033
81,3,0,0,0.0,1.0,0.4883366112612366,0.6056173251142811,0.3333873180072779,0.5427181131235033
106,3,0,1,1.0,1.0,0.4440788286458831,0.6056173251142811,0.3333873180072779,0.5427181131235033
114,3,0,0,0.1111111111111111,0.7777777777777778,0.6384200932129486,0.6056173251142811,0.3333873180072779,0.5427181131235033
115,3,0,0,0.0,1.0,0.30302723665872267,0.6056173251142811,0.3333873180072779,0.5427181131235033
116,3,0,0,0.0,1.0,0.3938828524924584,0.6056173251142811,0.3333873180072779,0.5427181131235033
125,3,0,0,0.125,0.75,0.6120594853891633,0.6056173251142811,0.3333873180072779,0.5427181131235033
126,3,0,0,0.2222222222222222,0.5555555555555556,0.6120343248806274,0.6056173251142811,0.3333873180072779,0.5427181131235033
127,3,0,1,0.6666666666666666,0.3333333333333332,0.5819407316118973,0.6056173251142811,0.3333873180072779,0.5427181131235033
130,3,0,0,0.1111111111111111,0.7777777777777778,0.4370987434289848,0.6056173251142811,0.3333873180072779,0.5427181131235033
144,3,0,0,0.0,1.0,0.3130417245880768,0.6056173251142811,0.3333873180072779,0.5427181131235033
145,3,0,0,0.4444444444444444,0.1111111111111111,0.2631812630260347,0.6056173251142811,0.3333873180072779,0.5427181131235033
146,3,0,1,0.8888888888888888,0.7777777777777777,0.2870690944728273,0.6056173251142811,0.3333873180072779,0.5427181131235033
149,3,0,0,0.3333333333333333,0.3333333333333333,0.2748092116342311,0.6056173251142811,0.3333873180072779,0.5427181131235033
154,3,0,0,0.25,0.5,0.18728245171998809,0.6056173251142811,0.3333873180072779,0.5427181131235033
161,3,0,0,0.0,1.0,0.1301056665440821,0.6056173251142811,0.3333873180072779,0.5427181131235033
162,3,0,0,0.2,0.6,0.22464691663110464,0.6056173251142811,0.3333873180072779,0.5427181131235033
166,3,0,0,0.25,0.5,0.33075856573706564,0.6056173251142811,0.3333873180072779,0.5427181131235033
167,3,0,0,0.0,1.0,0.5387430920611552,0.6056173251142811,0.3333873180072779,0.5427181131235033
169,3,0,0,0.0,1.0,0.4737244726780079,0.6056173251142811,0.3333873180072779,0.5427181131235033
186,3,0,0,0.0,1.0,0.4312786865871297,0.6056173251142811,0.3333873180072779,0.5427181131235033
188,3,0,0,0.0,1.0,0.12590238692854316,0.6056173251142811,0.3333873180072779,0.5427181131235033
190,3,0,0,0.25,0.5,0.2602766645469613,0.6056173251142811,0.3333873180072779,0.5427181131235033
203,3,0,0,0.2,0.6,0.22100102154964907,0.6056173251142811,0.3333873180072779,0.5427181131235033
204,3,0,0,0.4,0.1999999999999999,0.37897503104407665,0.6056173251142811,0.3333873180072779,0.5427181131235033
205,3,0,0,0.2,0.6,0.29866551233464517,0.6056173251142811,0.3333873180072779,0.5427181131235033
209,3,0,0,0.2,0.6,0.2126285698518854,0.6056173251142811,0.3333873180072779,0.5427181131235033
210,3,0,0,0.4,0.1999999999999999,0.7753096993745492,0.6056173251142811,0.3333873180072779,0.5427181131235033
216,3,0,0,0.0,1.0,0.6373435732909747,0.6056173251142811,0.3333873180072779,0.5427181131235033
220,3,0,0,0.4,0.1999999999999999,0.27773579357724293,0.6056173251142811,0.3333873180072779,0.5427181131235033
221,3,0,1,0.8,0.6000000000000001,0.35070925681171583,0.6056173251142811,0.3333873180072779,0.5427181131235033
225,3,0,0,0.2,0.6,0.39565248754321597,0.6056173251142811,0.3333873180072779,0.5427181131235033
235,3,0,0,0.0,1.0,0.44717830057053676,0.6056173251142811,0.3333873180072779,0.5427181131235033
247,3,0,0,0.2,0.6,0.35288282815039584,0.6056173251142811,0.3333873180072779,0.5427181131235033
253,3,0,0,0.0,1.0,0.5520624190693945,0.6056173251142811,0.3333873180072779,0.5427181131235033
267,3,0,0,0.0,1.0,0.07405763511058225,0.6056173251142811,0.3333873180072779,0.5427181131235033
283,3,0,0,0.25,0.5,0.42367355627463343,0.6056173251142811,0.3333873180072779,0.5427181131235033
285,3,0,0,0.4,0.1999999999999999,0.4006002081286998,0.6056173251142811,0.3333873180072779,0.5427181131235033
292,3,0,0,0.25,0.5,0.5746221322478923,0.6056173251142811,0.3333873180072779,0.5427181131235033
299,3,0,1,0.8,0.6000000000000001,0.4173841678830502,0.6056173251142811,0.3333873180072779,0.5427181131235033
304,3,0,1,0.8,0.6000000000000001,0.7209771118837766,0.6056173251142811,0.3333873180072779,0.5427181131235033
308,3,0,0,0.4,0.1999999999999999,0.40583211160385807,0.6056173251142811,0.3333873180072779,0.5427181131235033
320,3,0,0,0.0,1.0,0.41864454648288557,0.6056173251142811,0.3333873180072779,0.5427181131235033
321,3,0,1,0.6,0.1999999999999999,0.7168774218890195,0.6056173251142811,0.3333873180072779,0.5427181131235033
323,3,0,0,0.0,1.0,0.5171648293063357,0.6056173251142811,0.3333873180072779,0.5427181131235033
329,3,0,0,0.0,1.0,0.4907765603803821,0.6056173251142811,0.3333873180072779,0.5427181131235033
332,3,0,0,0.0,1.0,0.5033520623843326,0.6056173251142811,0.3333873180072779,0.5427181131235033
349,3,0,0,0.0,1.0,0.17854507016404877,0.6056173251142811,0.3333873180072779,0.5427181131235033
352,3,0,0,0.25,0.5,0.5683949979990569,0.6056173251142811,0.3333873180072779,0.5427181131235033
353,3,0,0,0.0,1.0,0.6346803318796052,0.6056173251142811,0.3333873180072779,0.5427181131235033
356,3,0,0,0.25,0.5,0.17214935616275248,0.6056173251142811,0.3333873180072779,0.5427181131235033
362,3,0,1,0.75,0.5,0.1588945621263613,0.6056173251142811,0.3333873180072779,0.5427181131235033
370,3,0,0,0.0,1.0,0.4598622921431768,0.6056173251142811,0.3333873180072779,0.5427181131235033
373,3,0,0,0.0,1.0,0.6348455474051596,0.6056173251142811,0.3333873180072779,0.5427181131235033
377,3,0,0,0.25,0.5,0.26703199792333815,0.6056173251142811,0.3333873180072779,0.5427181131235033
389,3,0,0,0.25,0.5,0.1355156067815539,0.6056173251142811,0.3333873180072779,0.5427181131235033
390,3,0,1,0.75,0.5,0.1624183004094561,0.6056173251142811,0.3333873180072779,0.5427181131235033
391,3,0,0,0.0,1.0,0.22974912420454985,0.6056173251142811,0.3333873180072779,0.5427181131235033
397,3,0,1,0.75,0.5,0.4344489252972302,0.6056173251142811,0.3333873180072779,0.5427181131235033
405,3,0,0,0.0,1.0,0.41606499066840635,0.6056173251142811,0.3333873180072779,0.5427181131235033
408,3,0,0,0.4,0.1999999999999999,0.3185647197657034,0.6056173251142811,0.3333873180072779,0.5427181131235033
416,3,0,0,0.0,1.0,0.5575157209175187,0.6056173251142811,0.3333873180072779,0.5427181131235033
418,3,0,0,0.0,1.0,0.5169700711606054,0.6056173251142811,0.3333873180072779,0.5427181131235033
422,3,0,1,0.6,0.1999999999999999,0.5063971360139852,0.6056173251142811,0.3333873180072779,0.5427181131235033
425,3,0,0,0.0,1.0,0.42413472019857185,0.6056173251142811,0.3333873180072779,0.5427181131235033
429,3,0,0,0.0,1.0,0.7455323280977176,0.6056173251142811,0.3333873180072779,0.5427181131235033
430,3,0,1,0.6,0.1999999999999999,0.7040878556358641,0.6056173251142811,0.3333873180072779,0.5427181131235033
432,3,0,0,0.2,0.6,0.5515349230504426,0.6056173251142811,0.3333873180072779,0.5427181131235033
435,3,0,0,0.4,0.1999999999999999,0.8047279858181066,0.6056173251142811,0.3333873180072779,0.5427181131235033
441,3,0,0,0.2,0.6,0.6394188999997793,0.6056173251142811,0.3333873180072779,0.5427181131235033
443,3,0,0,0.0,1.0,0.442646823213554,0.6056173251142811,0.3333873180072779,0.5427181131235033
458,3,0,0,0.0,1.0,0.5688599233810022,0.6056173251142811,0.3333873180072779,0.5427181131235033
460,3,0,0,0.0,1.0,0.4777003074184581,0.6056173251142811,0.3333873180072779,0.5427181131235033
471,3,0,0,0.0,1.0,0.7547329858525472,0.6056173251142811,0.3333873180072779,0.5427181131235033
484,3,0,0,0.25,0.5,0.24563848243448644,0.6056173251142811,0.3333873180072779,0.5427181131235033
498,3,0,0,0.0,1.0,0.25088015010402376,0.6056173251142811,0.3333873180072779,0.5427181131235033
501,3,0,0,0.25,0.5,0.5382944022601039,0.6056173251142811,0.3333873180072779,0.5427181131235033
507,3,0,1,1.0,1.0,0.23968162187650222,0.6056173251142811,0.3333873180072779,0.5427181131235033
514,3,0,1,0.75,0.5,0.5399366410235383,0.6056173251142811,0.3333873180072779,0.5427181131235033
519,3,0,0,0.0,1.0,0.6234092587225658,0.6056173251142811,0.3333873180072779,0.5427181131235033
536,3,0,0,0.3333333333333333,0.3333333333333333,0.6897288122554921,0.6056173251142811,0.3333873180072779,0.5427181131235033
539,3,0,0,0.25,0.5,0.5731384188547137,0.6056173251142811,0.3333873180072779,0.5427181131235033
560,3,0,0,0.1666666666666666,0.6666666666666667,0.18109969027324357,0.6056173251142811,0.3333873180072779,0.5427181131235033
566,3,0,0,0.1666666666666666,0.6666666666666667,0.5004438426745492,0.6056173251142811,0.3333873180072779,0.5427181131235033
570,3,0,1,0.6666666666666666,0.3333333333333332,0.4406212753278808,0.6056173251142811,0.3333873180072779,0.5427181131235033
572,3,0,1,0.8333333333333334,0.6666666666666667,0.47751449165718474,0.6056173251142811,0.3333873180072779,0.5427181131235033
589,3,0,0,0.3333333333333333,0.3333333333333333,0.5136022234209182,0.6056173251142811,0.3333873180072779,0.5427181131235033
601,3,0,0,0.0,1.0,0.3136484913376092,0.6056173251142811,0.3333873180072779,0.5427181131235033
602,3,0,0,0.25,0.5,0.7464520651772202,0.6056173251142811,0.3333873180072779,0.5427181131235033
616,3,0,1,0.75,0.5,0.7509617204295891,0.6056173251142811,0.3333873180072779,0.5427181131235033
619,3,0,0,0.25,0.5,0.5808079714940069,0.6056173251142811,0.3333873180072779,0.5427181131235033
624,3,0,0,0.25,0.5,0.44469409432269247,0.6056173251142811,0.3333873180072779,0.5427181131235033
625,3,0,0,0.0,1.0,0.4427552418426045,0.6056173251142811,0.3333873180072779,0.5427181131235033
628,3,0,0,0.0,1.0,0.271977598459033,0.6056173251142811,0.3333873180072779,0.5427181131235033
639,3,0,0,0.0,1.0,0.14953644005029415,0.6056173251142811,0.3333873180072779,0.5427181131235033
640,3,0,1,0.75,0.5,0.5649473350047355,0.6056173251142811,0.3333873180072779,0.5427181131235033
650,3,0,0,0.0,1.0,0.16110272285072474,0.6056173251142811,0.3333873180072779,0.5427181131235033
651,3,0,0,0.3333333333333333,0.3333333333333333,0.4158981274092416,0.6056173251142811,0.3333873180072779,0.5427181131235033
655,3,0,1,0.6666666666666666,0.3333333333333332,0.5411443625144294,0.6056173251142811,0.3333873180072779,0.5427181131235033
673,3,0,0,0.3333333333333333,0.3333333333333333,0.30420577523972403,0.6056173251142811,0.3333873180072779,0.5427181131235033
682,3,0,0,0.1666666666666666,0.6666666666666667,0.5454056561464192,0.6056173251142811,0.3333873180072779,0.5427181131235033
686,3,0,0,0.0,1.0,0.6107347284909234,0.6056173251142811,0.3333873180072779,0.5427181131235033
689,3,0,0,0.0,1.0,0.16954658232501976,0.6056173251142811,0.3333873180072779,0.5427181131235033
690,3,0,0,0.0,1.0,0.5445804112164012,0.6056173251142811,0.3333873180072779,0.5427181131235033
692,3,0,0,0.0,1.0,0.48692371940390095,0.6056173251142811,0.3333873180072779,0.5427181131235033
713,3,0,1,0.6,0.1999999999999999,0.39538007023494964,0.6056173251142811,0.3333873180072779,0.5427181131235033
714,3,0,0,0.3333333333333333,0.3333333333333333,0.39652889957872406,0.6056173251142811,0.3333873180072779,0.5427181131235033
716,3,0,1,0.6666666666666666,0.3333333333333332,0.20971587655927137,0.6056173251142811,0.3333873180072779,0.5427181131235033
723,3,0,0,0.1666666666666666,0.6666666666666667,0.6143309100578742,0.6056173251142811,0.3333873180072779,0.5427181131235033
725,3,0,0,0.0,1.0,0.5949449546551363,0.6056173251142811,0.3333873180072779,0.5427181131235033
730,3,0,0,0.3333333333333333,0.3333333333333333,0.2755757146024135,0.6056173251142811,0.3333873180072779,0.5427181131235033
733,3,0,0,0.1666666666666666,0.6666666666666667,0.4559909836658751,0.6056173251142811,0.3333873180072779,0.5427181131235033
740,3,0,0,0.1666666666666666,0.6666666666666667,0.31542816192575884,0.6056173251142811,0.3333873180072779,0.5427181131235033
6,3,1,0,0.2,0.6,0.2863295981212254,0.47405311369740655,0.8943658319815835,0.7974589206637603
7,3,1,1,0.6,0.1999999999999999,0.5529769981976619,0.47405311369740655,0.8943658319815835,0.7974589206637603
10,3,1,0,0.0,1.0,0.20224014950716532,0.47405311369740655,0.8943658319815835,0.7974589206637603
14,3,1,0,0.2,0.6,0.5188448436421568,0.47405311369740655,0.8943658319815835,0.7974589206637603
31,3,1,0,0.1666666666666666,0.6666666666666667,0.37836270736777267,0.47405311369740655,0.8943658319815835,0.7974589206637603
41,3,1,0,0.2,0.6,0.26264600378879915,0.47405311369740655,0.8943658319815835,0.7974589206637603
42,3,1,0,0.0,1.0,0.38290939085754644,0.47405311369740655,0.8943658319815835,0.7974589206637603
52,3,1,0,0.25,0.5,0.28673953972212457,0.47405311369740655,0.8943658319815835,0.7974589206637603
55,3,1,0,0.0,1.0,0.2885929555414686,0.47405311369740655,0.8943658319815835,0.7974589206637603
57,3,1,1,1.0,1.0,0.41156201988947233,0.47405311369740655,0.8943658319815835,0.7974589206637603
61,3,1,0,0.2,0.6,0.187340176945542,0.47405311369740655,0.8943658319815835,0.7974589206637603
62,3,1,0,0.25,0.5,0.1694921779530921,0.47405311369740655,0.8943658319815835,0.7974589206637603
63,3,1,0,0.0,1.0,0.28965321453214365,0.47405311369740655,0.8943658319815835,0.7974589206637603
65,3,1,0,0.25,0.5,0.18069574116910772,0.47405311369740655,0.8943658319815835,0.7974589206637603
66,3,1,0,0.0,1.0,0.274146800525408,0.47405311369740655,0.8943658319815835,0.7974589206637603
73,3,1,0,0.0,1.0,0.19617950898365297,0.47405311369740655,0.8943658319815835,0.7974589206637603
84,3,1,0,0.3333333333333333,0.3333333333333333,0.45773006477597844,0.47405311369740655,0.8943658319815835,0.7974589206637603
87,3,1,0,0.0,1.0,0.4623321453402056,0.47405311369740655,0.8943658319815835,0.7974589206637603
91,3,1,0,0.25,0.5,0.3517552113994894,0.47405311369740655,0.8943658319815835,0.7974589206637603
92,3,1,0,0.0,1.0,0.33143727138050694,0.47405311369740655,0.8943658319815835,0.7974589206637603
93,3,1,0,0.0,1.0,0.28482247021856844,0.47405311369740655,0.8943658319815835,0.7974589206637603
97,3,1,0,0.25,0.5,0.20042164063644632,0.47405311369740655,0.8943658319815835,0.7974589206637603
110,3,1,0,0.0,1.0,0.22845312603276935,0.47405311369740655,0.8943658319815835,0.7974589206637603
133,3,1,1,0.8888888888888888,0.7777777777777777,0.33597581433418966,0.47405311369740655,0.8943658319815835,0.7974589206637603
136,3,1,0,0.3333333333333333,0.3333333333333333,0.4063389069597645,0.47405311369740655,0.8943658319815835,0.7974589206637603
137,3,1,1,0.6666666666666666,0.3333333333333332,0.16356813700862932,0.47405311369740655,0.8943658319815835,0.7974589206637603
138,3,1,1,0.5555555555555556,0.1111111111111111,0.5222482919319167,0.47405311369740655,0.8943658319815835,0.7974589206637603
141,3,1,0,0.0,1.0,0.5524345226784642,0.47405311369740655,0.8943658319815835,0.7974589206637603
147,3,1,0,0.0,1.0,0.56905656568045,0.47405311369740655,0.8943658319815835,0.7974589206637603
151,3,1,0,0.0,1.0,0.4050867445997929,0.47405311369740655,0.8943658319815835,0.7974589206637603
153,3,1,0,0.0,1.0,0.1895243958117336,0.47405311369740655,0.8943658319815835,0.7974589206637603
157,3,1,0,0.25,0.5,0.34696465710412083,0.47405311369740655,0.8943658319815835,0.7974589206637603
160,3,1,0,0.1666666666666666,0.6666666666666667,0.38325479862732315,0.47405311369740655,0.8943658319815835,0.7974589206637603
180,3,1,0,0.0,1.0,0.6120909840638229,0.47405311369740655,0.8943658319815835,0.7974589206637603
197,3,1,0,0.0,1.0,0.4675862825241766,0.47405311369740655,0.8943658319815835,0.7974589206637603
198,3,1,0,0.0,1.0,0.5318889561833416,0.47405311369740655,0.8943658319815835,0.7974589206637603
215,3,1,0,0.2,0.6,0.3735665148071622,0.47405311369740655,0.8943658319815835,0.7974589206637603
217,3,1,0,0.0,1.0,0.2064147109824047,0.47405311369740655,0.8943658319815835,0.7974589206637603
223,3,1,0,0.2,0.6,0.29773004500237127,0.47405311369740655,0.8943658319815835,0.7974589206637603
233,3,1,0,0.0,1.0,0.2888350879278598,0.47405311369740655,0.8943658319815835,0.7974589206637603
237,3,1,0,0.4,0.1999999999999999,0.29594853789839193,0.47405311369740655,0.8943658319815835,0.7974589206637603
243,3,1,0,0.0,1.0,0.30621829419510316,0.47405311369740655,0.8943658319815835,0.7974589206637603
248,3,1,0,0.4,0.1999999999999999,0.4666055024042546,0.47405311369740655,0.8943658319815835,0.7974589206637603
251,3,1,0,0.25,0.5,0.3154303115956379,0.47405311369740655,0.8943658319815835,0.7974589206637603
255,3,1,0,0.25,0.5,0.12084095467905348,0.47405311369740655,0.8943658319815835,0.7974589206637603
259,3,1,0,0.0,1.0,0.18130784148620563,0.47405311369740655,0.8943658319815835,0.7974589206637603
261,3,1,0,0.25,0.5,0.41200786479636303,0.47405311369740655,0.8943658319815835,0.7974589206637603
264,3,1,0,0.25,0.5,0.27650029728830194,0.47405311369740655,0.8943658319815835,0.7974589206637603
276,3,1,0,0.2,0.6,0.48825327624774423,0.47405311369740655,0.8943658319815835,0.7974589206637603
296,3,1,0,0.0,1.0,0.26031900249530915,0.47405311369740655,0.8943658319815835,0.7974589206637603
297,3,1,0,0.0,1.0,0.30840150267404604,0.47405311369740655,0.8943658319815835,0.7974589206637603
306,3,1,0,0.0,1.0,0.494613911117387,0.47405311369740655,0.8943658319815835,0.7974589206637603
310,3,1,0,0.2,0.6,0.4176780593547454,0.47405311369740655,0.8943658319815835,0.7974589206637603
313,3,1,0,0.0,1.0,0.3976005907384812,0.47405311369740655,0.8943658319815835,0.7974589206637603
314,3,1,0,0.0,1.0,0.4750869375439512,0.47405311369740655,0.8943658319815835,0.7974589206637603
317,3,1,0,0.4,0.1999999999999999,0.3271137569001034,0.47405311369740655,0.8943658319815835,0.7974589206637603
319,3,1,0,0.2,0.6,0.4108107500510043,0.47405311369740655,0.8943658319815835,0.7974589206637603
326,3,1,0,0.0,1.0,0.4612385094749165,0.47405311369740655,0.8943658319815835,0.7974589206637603
328,3,1,1,0.6,0.1999999999999999,0.2324894307949916,0.47405311369740655,0.8943658319815835,0.7974589206637603
330,3,1,0,0.4,0.1999999999999999,0.5571102148702473,0.47405311369740655,0.8943658319815835,0.7974589206637603
334,3,1,0,0.4,0.1999999999999999,0.5289080608022309,0.47405311369740655,0.8943658319815835,0.7974589206637603
337,3,1,0,0.0,1.0,0.2893739438377408,0.47405311369740655,0.8943658319815835,0.7974589206637603
341,3,1,1,0.6,0.1999999999999999,0.49505870015368053,0.47405311369740655,0.8943658319815835,0.7974589206637603
350,3,1,0,0.0,1.0,0.32025854981288737,0.47405311369740655,0.8943658319815835,0.7974589206637603
355,3,1,0,0.25,0.5,0.3598278718276658,0.47405311369740655,0.8943658319815835,0.7974589206637603
372,3,1,0,0.25,0.5,0.39320981737135896,0.47405311369740655,0.8943658319815835,0.7974589206637603
379,3,1,1,0.75,0.5,0.5578352937104725,0.47405311369740655,0.8943658319815835,0.7974589206637603
381,3,1,1,0.75,0.5,0.48020423398271483,0.47405311369740655,0.8943658319815835,0.7974589206637603
383,3,1,0,0.0,1.0,0.33973609527998255,0.47405311369740655,0.8943658319815835,0.7974589206637603
398,3,1,0,0.25,0.5,0.5910649913089668,0.47405311369740655,0.8943658319815835,0.7974589206637603
403,3,1,0,0.0,1.0,0.32905790288074716,0.47405311369740655,0.8943658319815835,0.7974589206637603
411,3,1,0,0.2,0.6,0.7002631864507932,0.47405311369740655,0.8943658319815835,0.7974589206637603
412,3,1,1,1.0,1.0,0.6078781803290457,0.47405311369740655,0.8943658319815835,0.7974589206637603
420,3,1,0,0.0,1.0,0.31925764936641277,0.47405311369740655,0.8943658319815835,0.7974589206637603
446,3,1,0,0.2,0.6,0.7115386338803934,0.47405311369740655,0.8943658319815835,0.7974589206637603
450,3,1,0,0.2,0.6,0.3999190465746292,0.47405311369740655,0.8943658319815835,0.7974589206637603
453,3,1,0,0.25,0.5,0.46577543260799603,0.47405311369740655,0.8943658319815835,0.7974589206637603
467,3,1,1,1.0,1.0,0.7338721262545536,0.47405311369740655,0.8943658319815835,0.7974589206637603
475,3,1,0,0.25,0.5,0.4677337053708109,0.47405311369740655,0.8943658319815835,0.7974589206637603
476,3,1,0,0.0,1.0,0.6689450616235161,0.47405311369740655,0.8943658319815835,0.7974589206637603
482,3,1,0,0.0,1.0,0.2570732789284574,0.47405311369740655,0.8943658319815835,0.7974589206637603
483,3,1,0,0.25,0.5,0.3811169778124741,0.47405311369740655,0.8943658319815835,0.7974589206637603
486,3,1,0,0.25,0.5,0.678087792787527,0.47405311369740655,0.8943658319815835,0.7974589206637603
502,3,1,1,0.75,0.5,0.5815236339402433,0.47405311369740655,0.8943658319815835,0.7974589206637603
504,3,1,1,0.75,0.5,0.7101193398536549,0.47405311369740655,0.8943658319815835,0.7974589206637603
512,3,1,1,1.0,1.0,0.6561746231722271,0.47405311369740655,0.8943658319815835,0.7974589206637603
522,3,1,0,0.25,0.5,0.4066654187853299,0.47405311369740655,0.8943658319815835,0.7974589206637603
525,3,1,0,0.2,0.6,0.2215390272566154,0.47405311369740655,0.8943658319815835,0.7974589206637603
532,3,1,0,0.0,1.0,0.3836452354512944,0.47405311369740655,0.8943658319815835,0.7974589206637603
535,3,1,0,0.25,0.5,0.6807797016076974,0.47405311369740655,0.8943658319815835,0.7974589206637603
538,3,1,0,0.0,1.0,0.6980825459123108,0.47405311369740655,0.8943658319815835,0.7974589206637603
542,3,1,0,0.25,0.5,0.3367243353164368,0.47405311369740655,0.8943658319815835,0.7974589206637603
555,3,1,0,0.3333333333333333,0.3333333333333333,0.6341902548089071,0.47405311369740655,0.8943658319815835,0.7974589206637603
557,3,1,0,0.3333333333333333,0.3333333333333333,0.35039605808494745,0.47405311369740655,0.8943658319815835,0.7974589206637603
559,3,1,1,0.6666666666666666,0.3333333333333332,0.4731503277500018,0.47405311369740655,0.8943658319815835,0.7974589206637603
563,3,1,0,0.0,1.0,0.4542899897625905,0.47405311369740655,0.8943658319815835,0.7974589206637603
569,3,1,0,0.1666666666666666,0.6666666666666667,0.5657593759600691,0.47405311369740655,0.8943658319815835,0.7974589206637603
580,3,1,0,0.3333333333333333,0.3333333333333333,0.24297695824722126,0.47405311369740655,0.8943658319815835,0.7974589206637603
586,3,1,1,0.6666666666666666,0.3333333333333332,0.5957431059568848,0.47405311369740655,0.8943658319815835,0.7974589206637603
587,3,1,1,0.8333333333333334,0.6666666666666667,0.6476746849843295,0.47405311369740655,0.8943658319815835,0.7974589206637603
598,3,1,0,0.3333333333333333,0.3333333333333333,0.7866391932075811,0.47405311369740655,0.8943658319815835,0.7974589206637603
599,3,1,0,0.0,1.0,0.49321373105257554,0.47405311369740655,0.8943658319815835,0.7974589206637603
600,3,1,0,0.1666666666666666,0.6666666666666667,0.7955299651722058,0.47405311369740655,0.8943658319815835,0.7974589206637603
604,3,1,1,0.75,0.5,0.7870340046440555,0.47405311369740655,0.8943658319815835,0.7974589206637603
606,3,1,0,0.25,0.5,0.545106813229642,0.47405311369740655,0.8943658319815835,0.7974589206637603
611,3,1,1,0.75,0.5,0.5740825688635579,0.47405311369740655,0.8943658319815835,0.7974589206637603
618,3,1,0,0.0,1.0,0.7096223108114482,0.47405311369740655,0.8943658319815835,0.7974589206637603
638,3,1,0,0.25,0.5,0.6460429466138663,0.47405311369740655,0.8943658319815835,0.7974589206637603
654,3,1,0,0.1666666666666666,0.6666666666666667,0.42348591494995635,0.47405311369740655,0.8943658319815835,0.7974589206637603
656,3,1,1,0.6666666666666666,0.3333333333333332,0.5578720332391591,0.47405311369740655,0.8943658319815835,0.7974589206637603
659,3,1,1,0.6666666666666666,0.3333333333333332,0.6090314054407986,0.47405311369740655,0.8943658319815835,0.7974589206637603
660,3,1,0,0.1666666666666666,0.6666666666666667,0.5292313561652172,0.47405311369740655,0.8943658319815835,0.7974589206637603
662,3,1,0,0.0,1.0,0.33181922302573974,0.47405311369740655,0.8943658319815835,0.7974589206637603
663,3,1,0,0.3333333333333333,0.3333333333333333,0.7036165992342045,0.47405311369740655,0.8943658319815835,0.7974589206637603
672,3,1,0,0.0,1.0,0.38793583557743383,0.47405311369740655,0.8943658319815835,0.7974589206637603
674,3,1,0,0.3333333333333333,0.3333333333333333,0.6058930312253908,0.47405311369740655,0.8943658319815835,0.7974589206637603
681,3,1,0,0.1666666666666666,0.6666666666666667,0.7775531427863271,0.47405311369740655,0.8943658319815835,0.7974589206637603
691,3,1,0,0.1666666666666666,0.6666666666666667,0.6955773633528584,0.47405311369740655,0.8943658319815835,0.7974589206637603
701,3,1,0,0.1666666666666666,0.6666666666666667,0.817990737148992,0.47405311369740655,0.8943658319815835,0.7974589206637603
710,3,1,0,0.0,1.0,0.3670606907443693,0.47405311369740655,0.8943658319815835,0.7974589206637603
711,3,1,1,0.6,0.1999999999999999,0.6603070365885643,0.47405311369740655,0.8943658319815835,0.7974589206637603
720,3,1,0,0.0,1.0,0.35477496937400066,0.47405311369740655,0.8943658319815835,0.7974589206637603
721,3,1,0,0.3333333333333333,0.3333333333333333,0.5446828674426303,0.47405311369740655,0.8943658319815835,0.7974589206637603
732,3,1,0,0.0,1.0,0.43518341709051334,0.47405311369740655,0.8943658319815835,0.7974589206637603
734,3,1,0,0.0,1.0,0.4142396312121065,0.47405311369740655,0.8943658319815835,0.7974589206637603
735,3,1,0,0.0,1.0,0.3138750580007289,0.47405311369740655,0.8943658319815835,0.7974589206637603
738,3,1,0,0.3333333333333333,0.3333333333333333,0.45215899011832683,0.47405311369740655,0.8943658319815835,0.7974589206637603
1,3,2,0,0.3333333333333333,0.3333333333333333,0.34910175277389194,0.5073164773500468,0.32548423468714344,0.792861458665827
2,3,2,0,0.4,0.1999999999999999,0.46092041497486536,0.5073164773500468,0.32548423468714344,0.792861458665827
4,3,2,1,0.6,0.1999999999999999,0.6357622857912194,0.5073164773500468,0.32548423468714344,0.792861458665827
16,3,2,1,0.6,0.1999999999999999,0.5913364449866533,0.5073164773500468,0.32548423468714344,0.792861458665827
21,3,2,0,0.2,0.6,0.21244078130675662,0.5073164773500468,0.32548423468714344,0.792861458665827
22,3,2,0,0.2,0.6,0.1624547800811952,0.5073164773500468,0.32548423468714344,0.792861458665827
24,3,2,0,0.0,1.0,0.2874137291670874,0.5073164773500468,0.32548423468714344,0.792861458665827
27,3,2,0,0.2,0.6,0.39668940582567563,0.5073164773500468,0.32548423468714344,0.792861458665827
34,3,2,0,0.1666666666666666,0.6666666666666667,0.4000726141996768,0.5073164773500468,0.32548423468714344,0.792861458665827
38,3,2,0,0.0,1.0,0.5529698597875522,0.5073164773500468,0.32548423468714344,0.792861458665827
40,3,2,0,0.2,0.6,0.22619073711936652,0.5073164773500468,0.32548423468714344,0.792861458665827
45,3,2,0,0.0,1.0,0.4878735858833485,0.5073164773500468,0.32548423468714344,0.792861458665827
47,3,2,0,0.25,0.5,0.48000057026095316,0.5073164773500468,0.32548423468714344,0.792861458665827
49,3,2,0,0.3333333333333333,0.3333333333333333,0.1718472063231608,0.5073164773500468,0.32548423468714344,0.792861458665827
50,3,2,1,0.8,0.6000000000000001,0.376255453557219,0.5073164773500468,0.32548423468714344,0.792861458665827
56,3,2,0,0.25,0.5,0.2536032013892896,0.5073164773500468,0.32548423468714344,0.792861458665827
64,3,2,0,0.3333333333333333,0.3333333333333333,0.21309376961748297,0.5073164773500468,0.32548423468714344,0.792861458665827
69,3,2,0,0.0,1.0,0.3950195269275356,0.5073164773500468,0.32548423468714344,0.792861458665827
86,3,2,0,0.0,1.0,0.368316317813789,0.5073164773500468,0.32548423468714344,0.792861458665827
95,3,2,0,0.25,0.5,0.15296705794146204,0.5073164773500468,0.32548423468714344,0.792861458665827
96,3,2,0,0.0,1.0,0.5312904260086558,0.5073164773500468,0.32548423468714344,0.792861458665827
100,3,2,0,0.25,0.5,0.5223000725291802,0.5073164773500468,0.32548423468714344,0.792861458665827
107,3,2,0,0.1111111111111111,0.7777777777777778,0.7028025462523397,0.5073164773500468,0.32548423468714344,0.792861458665827
120,3,2,0,0.0,1.0,0.4070987731828314,0.5073164773500468,0.32548423468714344,0.792861458665827
121,3,2,0,0.1111111111111111,0.7777777777777778,0.4609613776225902,0.5073164773500468,0.32548423468714344,0.792861458665827
123,3,2,0,0.0,1.0,0.488813781367844,0.5073164773500468,0.32548423468714344,0.792861458665827
129,3,2,0,0.2,0.6,0.42590345176496364,0.5073164773500468,0.32548423468714344,0.792861458665827
131,3,2,0,0.0,1.0,0.30335272779210615,0.5073164773500468,0.32548423468714344,0.792861458665827
135,3,2,0,0.1666666666666666,0.6666666666666667,0.25698370476059035,0.5073164773500468,0.32548423468714344,0.792861458665827
143,3,2,1,0.5555555555555556,0.1111111111111111,0.5652536646906356,0.5073164773500468,0.32548423468714344,0.792861458665827
150,3,2,0,0.0,1.0,0.34919275874968725,0.5073164773500468,0.32548423468714344,0.792861458665827
155,3,2,0,0.25,0.5,0.28363461582188154,0.5073164773500468,0.32548423468714344,0.792861458665827
156,3,2,0,0.25,0.5,0.11704867608980689,0.5073164773500468,0.32548423468714344,0.792861458665827
163,3,2,0,0.25,0.5,0.5146420899750604,0.5073164773500468,0.32548423468714344,0.792861458665827
165,3,2,0,0.0,1.0,0.4446672164590892,0.5073164773500468,0.32548423468714344,0.792861458665827
170,3,2,0,0.1666666666666666,0.6666666666666667,0.33844184804191685,0.5073164773500468,0.32548423468714344,0.792861458665827
184,3,2,0,0.0,1.0,0.2679782920627944,0.5073164773500468,0.32548423468714344,0.792861458665827
191,3,2,0,0.0,1.0,0.4825372732607191,0.5073164773500468,0.32548423468714344,0.792861458665827
193,3,2,0,0.25,0.5,0.492631663727509,0.5073164773500468,0.32548423468714344,0.792861458665827
195,3,2,0,0.0,1.0,0.5970919349421169,0.5073164773500468,0.32548423468714344,0.792861458665827
202,3,2,1,0.6,0.1999999999999999,0.350430246301241,0.5073164773500468,0.32548423468714344,0.792861458665827
207,3,2,0,0.2,0.6,0.17279880799810898,0.5073164773500468,0.32548423468714344,0.792861458665827
208,3,2,0,0.0,1.0,0.07113000720180936,0.5073164773500468,0.32548423468714344,0.792861458665827
214,3,2,0,0.2,0.6,0.32458878249915496,0.5073164773500468,0.32548423468714344,0.792861458665827
227,3,2,1,1.0,1.0,0.35811129160096267,0.5073164773500468,0.32548423468714344,0.792861458665827
230,3,2,0,0.2,0.6,0.4774988252707533,0.5073164773500468,0.32548423468714344,0.792861458665827
234,3,2,0,0.25,0.5,0.5061083546247739,0.5073164773500468,0.32548423468714344,0.792861458665827
241,3,2,1,0.6,0.1999999999999999,0.4273894259401901,0.5073164773500468,0.32548423468714344,0.792861458665827
270,3,2,0,0.0,1.0,0.6755094002889297,0.5073164773500468,0.32548423468714344,0.792861458665827
271,3,2,0,0.0,1.0,0.5790294533108195,0.5073164773500468,0.32548423468714344,0.792861458665827
278,3,2,0,0.25,0.5,0.38565108800165465,0.5073164773500468,0.32548423468714344,0.792861458665827
280,3,2,0,0.25,0.5,0.41294469537251993,0.5073164773500468,0.32548423468714344,0.792861458665827
282,3,2,0,0.25,0.5,0.44019711680876444,0.5073164773500468,0.32548423468714344,0.792861458665827
290,3,2,0,0.0,1.0,0.512078960942516,0.5073164773500468,0.32548423468714344,0.792861458665827
291,3,2,0,0.0,1.0,0.5129009175194879,0.5073164773500468,0.32548423468714344,0.792861458665827
294,3,2,0,0.0,1.0,0.4711377865958797,0.5073164773500468,0.32548423468714344,0.792861458665827
295,3,2,0,0.0,1.0,0.3103280897826869,0.5073164773500468,0.32548423468714344,0.792861458665827
298,3,2,0,0.25,0.5,0.5163687526431857,0.5073164773500468,0.32548423468714344,0.792861458665827
300,3,2,0,0.0,1.0,0.4716772001959927,0.5073164773500468,0.32548423468714344,0.792861458665827
311,3,2,0,0.4,0.1999999999999999,0.19448591710778945,0.5073164773500468,0.32548423468714344,0.792861458665827
312,3,2,0,0.0,1.0,0.3378411143484448,0.5073164773500468,0.32548423468714344,0.792861458665827
315,3,2,1,0.8,0.6000000000000001,0.3533598344128762,0.5073164773500468,0.32548423468714344,0.792861458665827
316,3,2,0,0.4,0.1999999999999999,0.25046006318490976,0.5073164773500468,0.32548423468714344,0.792861458665827
333,3,2,0,0.0,1.0,0.4088847153012387,0.5073164773500468,0.32548423468714344,0.792861458665827
343,3,2,1,0.8,0.6000000000000001,0.39003091135025475,0.5073164773500468,0.32548423468714344,0.792861458665827
344,3,2,0,0.2,0.6,0.49619398229265577,0.5073164773500468,0.32548423468714344,0.792861458665827
347,3,2,0,0.4,0.1999999999999999,0.583269810946241,0.5073164773500468,0.32548423468714344,0.792861458665827
359,3,2,0,0.25,0.5,0.32220500512867806,0.5073164773500468,0.32548423468714344,0.792861458665827
366,3,2,0,0.0,1.0,0.44350924511430306,0.5073164773500468,0.32548423468714344,0.792861458665827
371,3,2,0,0.25,0.5,0.6707186524273543,0.5073164773500468,0.32548423468714344,0.792861458665827
399,3,2,0,0.25,0.5,0.35834740118702535,0.5073164773500468,0.32548423468714344,0.792861458665827
402,3,2,1,0.6,0.1999999999999999,0.29613954639707735,0.5073164773500468,0.32548423468714344,0.792861458665827
406,3,2,1,0.6,0.1999999999999999,0.4620902447137346,0.5073164773500468,0.32548423468714344,0.792861458665827
409,3,2,0,0.4,0.1999999999999999,0.7925310481153179,0.5073164773500468,0.32548423468714344,0.792861458665827
410,3,2,1,0.6,0.1999999999999999,0.5829318980364071,0.5073164773500468,0.32548423468714344,0.792861458665827
414,3,2,1,0.6,0.1999999999999999,0.7620768520854029,0.5073164773500468,0.32548423468714344,0.792861458665827
415,3,2,0,0.0,1.0,0.6363771847322738,0.5073164773500468,0.32548423468714344,0.792861458665827
426,3,2,1,0.8,0.6000000000000001,0.6163607254345117,0.5073164773500468,0.32548423468714344,0.792861458665827
431,3,2,0,0.4,0.1999999999999999,0.5704241608119293,0.5073164773500468,0.32548423468714344,0.792861458665827
433,3,2,0,0.0,1.0,0.553924445344925,0.5073164773500468,0.32548423468714344,0.792861458665827
438,3,2,0,0.1666666666666666,0.6666666666666667,0.5672645150719736,0.5073164773500468,0.32548423468714344,0.792861458665827
440,3,2,0,0.0,1.0,0.7549324125621693,0.5073164773500468,0.32548423468714344,0.792861458665827
444,3,2,0,0.2,0.6,0.7218436371453322,0.5073164773500468,0.32548423468714344,0.792861458665827
447,3,2,0,0.0,1.0,0.14118335725069053,0.5073164773500468,0.32548423468714344,0.792861458665827
464,3,2,0,0.0,1.0,0.6638390525115879,0.5073164773500468,0.32548423468714344,0.792861458665827
469,3,2,1,0.75,0.5,0.32996148854636415,0.5073164773500468,0.32548423468714344,0.792861458665827
477,3,2,0,0.0,1.0,0.30139423393529124,0.5073164773500468,0.32548423468714344,0.792861458665827
479,3,2,0,0.0,1.0,0.5449778835892986,0.5073164773500468,0.32548423468714344,0.792861458665827
481,3,2,0,0.0,1.0,0.5815465700021792,0.5073164773500468,0.32548423468714344,0.792861458665827
490,3,2,0,0.25,0.5,0.43805526480664037,0.5073164773500468,0.32548423468714344,0.792861458665827
492,3,2,0,0.3333333333333333,0.3333333333333333,0.4914171429038786,0.5073164773500468,0.32548423468714344,0.792861458665827
495,3,2,0,0.0,1.0,0.6862565936278763,0.5073164773500468,0.32548423468714344,0.792861458665827
513,3,2,0,0.0,1.0,0.5964206388714397,0.5073164773500468,0.32548423468714344,0.792861458665827
518,3,2,0,0.25,0.5,0.7759119277753672,0.5073164773500468,0.32548423468714344,0.792861458665827
527,3,2,0,0.25,0.5,0.626927257908106,0.5073164773500468,0.32548423468714344,0.792861458665827
540,3,2,0,0.25,0.5,0.7408781639760498,0.5073164773500468,0.32548423468714344,0.792861458665827
545,3,2,0,0.25,0.5,0.31019845115389105,0.5073164773500468,0.32548423468714344,0.792861458665827
550,3,2,0,0.0,1.0,0.5442303276905767,0.5073164773500468,0.32548423468714344,0.792861458665827
551,3,2,1,0.6666666666666666,0.3333333333333332,0.7463729748186294,0.5073164773500468,0.32548423468714344,0.792861458665827
552,3,2,1,0.6666666666666666,0.3333333333333332,0.507664880951621,0.5073164773500468,0.32548423468714344,0.792861458665827
553,3,2,0,0.0,1.0,0.4713879969571301,0.5073164773500468,0.32548423468714344,0.792861458665827
556,3,2,0,0.1666666666666666,0.6666666666666667,0.21057411101436105,0.5073164773500468,0.32548423468714344,0.792861458665827
562,3,2,0,0.3333333333333333,0.3333333333333333,0.7668353141689672,0.5073164773500468,0.32548423468714344,0.792861458665827
567,3,2,0,0.3333333333333333,0.3333333333333333,0.6106594297094333,0.5073164773500468,0.32548423468714344,0.792861458665827
590,3,2,0,0.3333333333333333,0.3333333333333333,0.8084324583530914,0.5073164773500468,0.32548423468714344,0.792861458665827
609,3,2,0,0.25,0.5,0.5044647954211842,0.5073164773500468,0.32548423468714344,0.792861458665827
645,3,2,1,0.75,0.5,0.6833785945239206,0.5073164773500468,0.32548423468714344,0.792861458665827
658,3,2,0,0.1666666666666666,0.6666666666666667,0.6575843994387067,0.5073164773500468,0.32548423468714344,0.792861458665827
664,3,2,1,0.6666666666666666,0.3333333333333332,0.632512819966504,0.5073164773500468,0.32548423468714344,0.792861458665827
668,3,2,0,0.1666666666666666,0.6666666666666667,0.7968172719368849,0.5073164773500468,0.32548423468714344,0.792861458665827
669,3,2,0,0.3333333333333333,0.3333333333333333,0.5971760345408393,0.5073164773500468,0.32548423468714344,0.792861458665827
671,3,2,0,0.3333333333333333,0.3333333333333333,0.5658545848016565,0.5073164773500468,0.32548423468714344,0.792861458665827
675,3,2,0,0.3333333333333333,0.3333333333333333,0.48106272404048106,0.5073164773500468,0.32548423468714344,0.792861458665827
676,3,2,0,0.1666666666666666,0.6666666666666667,0.4975366025074755,0.5073164773500468,0.32548423468714344,0.792861458665827
677,3,2,1,0.6666666666666666,0.3333333333333332,0.4659344305058411,0.5073164773500468,0.32548423468714344,0.792861458665827
679,3,2,0,0.4,0.1999999999999999,0.4232108212359397,0.5073164773500468,0.32548423468714344,0.792861458665827
683,3,2,1,0.8333333333333334,0.6666666666666667,0.7354449198492161,0.5073164773500468,0.32548423468714344,0.792861458665827
684,3,2,0,0.0,1.0,0.7494921087849574,0.5073164773500468,0.32548423468714344,0.792861458665827
695,3,2,0,0.3333333333333333,0.3333333333333333,0.5616086809522166,0.5073164773500468,0.32548423468714344,0.792861458665827
703,3,2,0,0.0,1.0,0.714956856030495,0.5073164773500468,0.32548423468714344,0.792861458665827
708,3,2,0,0.0,1.0,0.32694980206344093,0.5073164773500468,0.32548423468714344,0.792861458665827
709,3,2,0,0.3333333333333333,0.3333333333333333,0.40091663818157874,0.5073164773500468,0.32548423468714344,0.792861458665827
719,3,2,0,0.1666666666666666,0.6666666666666667,0.5400721415007954,0.5073164773500468,0.32548423468714344,0.792861458665827
726,3,2,0,0.0,1.0,0.5820375463628581,0.5073164773500468,0.32548423468714344,0.792861458665827
736,3,2,0,0.0,1.0,0.4446286019777937,0.5073164773500468,0.32548423468714344,0.792861458665827
739,3,2,0,0.3333333333333333,0.3333333333333333,0.4846863563446801,0.5073164773500468,0.32548423468714344,0.792861458665827
741,3,2,0,0.2,0.6,0.5402445503290996,0.5073164773500468,0.32548423468714344,0.792861458665827
11,3,3,1,0.6,0.1999999999999999,0.35533146276809185,0.545919750175176,0.6350121854270394,0.755185540121742
13,3,3,0,0.2,0.6,0.34899161771009873,0.545919750175176,0.6350121854270394,0.755185540121742
15,3,3,0,0.4,0.1999999999999999,0.3197866315234178,0.545919750175176,0.6350121854270394,0.755185540121742
26,3,3,1,0.8,0.6000000000000001,0.4478379989544953,0.545919750175176,0.6350121854270394,0.755185540121742
28,3,3,0,0.2,0.6,0.4350532000781386,0.545919750175176,0.6350121854270394,0.755185540121742
29,3,3,0,0.2,0.6,0.5332796936632326,0.545919750175176,0.6350121854270394,0.755185540121742
54,3,3,0,0.25,0.5,0.281200594130578,0.545919750175176,0.6350121854270394,0.755185540121742
67,3,3,0,0.0,1.0,0.23832725065368043,0.545919750175176,0.6350121854270394,0.755185540121742
71,3,3,0,0.0,1.0,0.37611482738461977,0.545919750175176,0.6350121854270394,0.755185540121742
72,3,3,0,0.25,0.5,0.28419374292820354,0.545919750175176,0.6350121854270394,0.755185540121742
74,3,3,0,0.0,1.0,0.5161749726313859,0.545919750175176,0.6350121854270394,0.755185540121742
75,3,3,0,0.0,1.0,0.47057923762842596,0.545919750175176,0.6350121854270394,0.755185540121742
79,3,3,0,0.25,0.5,0.32893431024923325,0.545919750175176,0.6350121854270394,0.755185540121742
80,3,3,0,0.0,1.0,0.4876782978338951,0.545919750175176,0.6350121854270394,0.755185540121742
82,3,3,0,0.25,0.5,0.4642476833447182,0.545919750175176,0.6350121854270394,0.755185540121742
83,3,3,0,0.25,0.5,0.5981285407229202,0.545919750175176,0.6350121854270394,0.755185540121742
85,3,3,0,0.25,0.5,0.5692683001783205,0.545919750175176,0.6350121854270394,0.755185540121742
89,3,3,0,0.25,0.5,0.5140582817847019,0.545919750175176,0.6350121854270394,0.755185540121742
94,3,3,0,0.25,0.5,0.4775306549082548,0.545919750175176,0.6350121854270394,0.755185540121742
98,3,3,0,0.3333333333333333,0.3333333333333333,0.4855741792814915,0.545919750175176,0.6350121854270394,0.755185540121742
99,3,3,0,0.0,1.0,0.35929610644113186,0.545919750175176,0.6350121854270394,0.755185540121742
101,3,3,0,0.3333333333333333,0.3333333333333333,0.28000417491377594,0.545919750175176,0.6350121854270394,0.755185540121742
103,3,3,0,0.1111111111111111,0.7777777777777778,0.3885896159480204,0.545919750175176,0.6350121854270394,0.755185540121742
108,3,3,0,0.25,0.5,0.5623930478706467,0.545919750175176,0.6350121854270394,0.755185540121742
112,3,3,0,0.125,0.75,0.43839525071991076,0.545919750175176,0.6350121854270394,0.755185540121742
119,3,3,0,0.1111111111111111,0.7777777777777778,0.433350555856497,0.545919750175176,0.6350121854270394,0.755185540121742
122,3,3,0,0.0,1.0,0.346138126111521,0.545919750175176,0.6350121854270394,0.755185540121742
134,3,3,0,0.1111111111111111,0.7777777777777778,0.48641626510937397,0.545919750175176,0.6350121854270394,0.755185540121742
140,3,3,0,0.2222222222222222,0.5555555555555556,0.5660323345081609,0.545919750175176,0.6350121854270394,0.755185540121742
152,3,3,0,0.0,1.0,0.19945377691043661,0.545919750175176,0.6350121854270394,0.755185540121742
159,3,3,0,0.0,1.0,0.24704365118955712,0.545919750175176,0.6350121854270394,0.755185540121742
164,3,3,0,0.0,1.0,0.2429399427648732,0.545919750175176,0.6350121854270394,0.755185540121742
182,3,3,0,0.0,1.0,0.578573459373717,0.545919750175176,0.6350121854270394,0.755185540121742
183,3,3,0,0.0,1.0,0.4630245324187698,0.545919750175176,0.6350121854270394,0.755185540121742
192,3,3,0,0.0,1.0,0.49459594056244816,0.545919750175176,0.6350121854270394,0.755185540121742
199,3,3,0,0.25,0.5,0.32691866075614345,0.545919750175176,0.6350121854270394,0.755185540121742
201,3,3,0,0.25,0.5,0.4645414919967317,0.545919750175176,0.6350121854270394,0.755185540121742
213,3,3,0,0.4,0.1999999999999999,0.34460037389783216,0.545919750175176,0.6350121854270394,0.755185540121742
219,3,3,0,0.0,1.0,0.4098488304165582,0.545919750175176,0.6350121854270394,0.755185540121742
226,3,3,0,0.0,1.0,0.5595604891724638,0.545919750175176,0.6350121854270394,0.755185540121742
228,3,3,0,0.2,0.6,0.5015126588300773,0.545919750175176,0.6350121854270394,0.755185540121742
238,3,3,0,0.25,0.5,0.25268507957293773,0.545919750175176,0.6350121854270394,0.755185540121742
239,3,3,1,0.6,0.1999999999999999,0.23226357386650914,0.545919750175176,0.6350121854270394,0.755185540121742
244,3,3,1,0.6,0.1999999999999999,0.6949342145522853,0.545919750175176,0.6350121854270394,0.755185540121742
245,3,3,0,0.0,1.0,0.24495339665044416,0.545919750175176,0.6350121854270394,0.755185540121742
250,3,3,0,0.4,0.1999999999999999,0.59410200064047,0.545919750175176,0.6350121854270394,0.755185540121742
252,3,3,0,0.0,1.0,0.46226189363181647,0.545919750175176,0.6350121854270394,0.755185540121742
257,3,3,0,0.25,0.5,0.21283334021760492,0.545919750175176,0.6350121854270394,0.755185540121742
258,3,3,0,0.0,1.0,0.25086712064890043,0.545919750175176,0.6350121854270394,0.755185540121742
263,3,3,0,0.2,0.6,0.3244797809304847,0.545919750175176,0.6350121854270394,0.755185540121742
266,3,3,0,0.25,0.5,0.45158424153625065,0.545919750175176,0.6350121854270394,0.755185540121742
279,3,3,0,0.2,0.6,0.3529842806078494,0.545919750175176,0.6350121854270394,0.755185540121742
288,3,3,1,0.75,0.5,0.32155452593297595,0.545919750175176,0.6350121854270394,0.755185540121742
302,3,3,0,0.0,1.0,0.34758543671732933,0.545919750175176,0.6350121854270394,0.755185540121742
307,3,3,0,0.4,0.1999999999999999,0.36390119424237355,0.545919750175176,0.6350121854270394,0.755185540121742
309,3,3,1,0.8,0.6000000000000001,0.4929254574549624,0.545919750175176,0.6350121854270394,0.755185540121742
318,3,3,0,0.4,0.1999999999999999,0.4345305681241675,0.545919750175176,0.6350121854270394,0.755185540121742
324,3,3,0,0.2,0.6,0.5495224931711591,0.545919750175176,0.6350121854270394,0.755185540121742
336,3,3,0,0.4,0.1999999999999999,0.47824380695175667,0.545919750175176,0.6350121854270394,0.755185540121742
338,3,3,0,0.4,0.1999999999999999,0.5758976869321428,0.545919750175176,0.6350121854270394,0.755185540121742
339,3,3,0,0.0,1.0,0.5213912734517264,0.545919750175176,0.6350121854270394,0.755185540121742
345,3,3,0,0.0,1.0,0.33875242780408904,0.545919750175176,0.6350121854270394,0.755185540121742
351,3,3,0,0.0,1.0,0.4863426621596128,0.545919750175176,0.6350121854270394,0.755185540121742
358,3,3,0,0.25,0.5,0.5373382472817729,0.545919750175176,0.6350121854270394,0.755185540121742
363,3,3,0,0.0,1.0,0.5415510858972807,0.545919750175176,0.6350121854270394,0.755185540121742
365,3,3,0,0.25,0.5,0.3923684662509368,0.545919750175176,0.6350121854270394,0.755185540121742
367,3,3,0,0.25,0.5,0.4644798415625913,0.545919750175176,0.6350121854270394,0.755185540121742
380,3,3,1,0.75,0.5,0.7096057697659536,0.545919750175176,0.6350121854270394,0.755185540121742
384,3,3,0,0.25,0.5,0.37836950570482036,0.545919750175176,0.6350121854270394,0.755185540121742
386,3,3,0,0.25,0.5,0.3498964247412686,0.545919750175176,0.6350121854270394,0.755185540121742
387,3,3,0,0.0,1.0,0.42348939031105204,0.545919750175176,0.6350121854270394,0.755185540121742
404,3,3,1,0.6,0.1999999999999999,0.785387474135412,0.545919750175176,0.6350121854270394,0.755185540121742
417,3,3,0,0.2,0.6,0.7128310068253604,0.545919750175176,0.6350121854270394,0.755185540121742
419,3,3,0,0.4,0.1999999999999999,0.6590096780326622,0.545919750175176,0.6350121854270394,0.755185540121742
421,3,3,0,0.2,0.6,0.4298180822163964,0.545919750175176,0.6350121854270394,0.755185540121742
434,3,3,0,0.0,1.0,0.663671298098786,0.545919750175176,0.6350121854270394,0.755185540121742
439,3,3,0,0.2,0.6,0.5198242185926907,0.545919750175176,0.6350121854270394,0.755185540121742
442,3,3,1,0.8,0.6000000000000001,0.5968237350869874,0.545919750175176,0.6350121854270394,0.755185540121742
445,3,3,0,0.0,1.0,0.4175500722588489,0.545919750175176,0.6350121854270394,0.755185540121742
448,3,3,0,0.0,1.0,0.24544195097631683,0.545919750175176,0.6350121854270394,0.755185540121742
454,3,3,0,0.0,1.0,0.5709732986068099,0.545919750175176,0.6350121854270394,0.755185540121742
455,3,3,0,0.0,1.0,0.3661965873589238,0.545919750175176,0.6350121854270394,0.755185540121742
459,3,3,0,0.25,0.5,0.4165045021853878,0.545919750175176,0.6350121854270394,0.755185540121742
472,3,3,0,0.25,0.5,0.40425607276900205,0.545919750175176,0.6350121854270394,0.755185540121742
478,3,3,0,0.0,1.0,0.4023991291317673,0.545919750175176,0.6350121854270394,0.755185540121742
487,3,3,0,0.2,0.6,0.2514668187557181,0.545919750175176,0.6350121854270394,0.755185540121742
489,3,3,0,0.0,1.0,0.5694138378145698,0.545919750175176,0.6350121854270394,0.755185540121742
493,3,3,0,0.0,1.0,0.5620741836544432,0.545919750175176,0.6350121854270394,0.755185540121742
499,3,3,0,0.0,1.0,0.5857399943802091,0.545919750175176,0.6350121854270394,0.755185540121742
500,3,3,0,0.25,0.5,0.6254795204779139,0.545919750175176,0.6350121854270394,0.755185540121742
503,3,3,0,0.0,1.0,0.5060603719929604,0.545919750175176,0.6350121854270394,0.755185540121742
508,3,3,1,0.75,0.5,0.5784758530616708,0.545919750175176,0.6350121854270394,0.755185540121742
517,3,3,0,0.25,0.5,0.5942924344810265,0.545919750175176,0.6350121854270394,0.755185540121742
521,3,3,1,0.75,0.5,0.5012653714530116,0.545919750175176,0.6350121854270394,0.755185540121742
524,3,3,0,0.0,1.0,0.5996670613870291,0.545919750175176,0.6350121854270394,0.755185540121742
526,3,3,0,0.0,1.0,0.5032677905184294,0.545919750175176,0.6350121854270394,0.755185540121742
534,3,3,1,0.75,0.5,0.5169037655344942,0.545919750175176,0.6350121854270394,0.755185540121742
537,3,3,0,0.25,0.5,0.6027216323987832,0.545919750175176,0.6350121854270394,0.755185540121742
549,3,3,0,0.0,1.0,0.35151341886904547,0.545919750175176,0.6350121854270394,0.755185540121742
565,3,3,0,0.3333333333333333,0.3333333333333333,0.6081618441300466,0.545919750175176,0.6350121854270394,0.755185540121742
568,3,3,1,1.0,1.0,0.5458334721497701,0.545919750175176,0.6350121854270394,0.755185540121742
573,3,3,0,0.3333333333333333,0.3333333333333333,0.6178496687958359,0.545919750175176,0.6350121854270394,0.755185540121742
574,3,3,0,0.3333333333333333,0.3333333333333333,0.4740046099106529,0.545919750175176,0.6350121854270394,0.755185540121742
577,3,3,0,0.1666666666666666,0.6666666666666667,0.6193043193003513,0.545919750175176,0.6350121854270394,0.755185540121742
581,3,3,0,0.3333333333333333,0.3333333333333333,0.5301239677415541,0.545919750175176,0.6350121854270394,0.755185540121742
584,3,3,1,0.6666666666666666,0.3333333333333332,0.737485602268029,0.545919750175176,0.6350121854270394,0.755185540121742
588,3,3,0,0.1666666666666666,0.6666666666666667,0.7790347964173792,0.545919750175176,0.6350121854270394,0.755185540121742
595,3,3,1,0.8333333333333334,0.6666666666666667,0.543896746966852,0.545919750175176,0.6350121854270394,0.755185540121742
597,3,3,0,0.0,1.0,0.2953758883695713,0.545919750175176,0.6350121854270394,0.755185540121742
610,3,3,0,0.25,0.5,0.6050455112103373,0.545919750175176,0.6350121854270394,0.755185540121742
614,3,3,1,0.75,0.5,0.7369829406978252,0.545919750175176,0.6350121854270394,0.755185540121742
615,3,3,1,0.75,0.5,0.6442262015840534,0.545919750175176,0.6350121854270394,0.755185540121742
622,3,3,1,0.75,0.5,0.5667339847479996,0.545919750175176,0.6350121854270394,0.755185540121742
636,3,3,0,0.0,1.0,0.5562809311427783,0.545919750175176,0.6350121854270394,0.755185540121742
641,3,3,0,0.0,1.0,0.5663373041478369,0.545919750175176,0.6350121854270394,0.755185540121742
642,3,3,1,0.75,0.5,0.6774972351267889,0.545919750175176,0.6350121854270394,0.755185540121742
646,3,3,0,0.0,1.0,0.23887877476095737,0.545919750175176,0.6350121854270394,0.755185540121742
652,3,3,0,0.0,1.0,0.2789160326480843,0.545919750175176,0.6350121854270394,0.755185540121742
665,3,3,0,0.1666666666666666,0.6666666666666667,0.5589541079191265,0.545919750175176,0.6350121854270394,0.755185540121742
680,3,3,0,0.0,1.0,0.37236417462957766,0.545919750175176,0.6350121854270394,0.755185540121742
687,3,3,0,0.3333333333333333,0.3333333333333333,0.6135749202456854,0.545919750175176,0.6350121854270394,0.755185540121742
699,3,3,0,0.1666666666666666,0.6666666666666667,0.7223890873311124,0.545919750175176,0.6350121854270394,0.755185540121742
704,3,3,0,0.3333333333333333,0.3333333333333333,0.5189541561147616,0.545919750175176,0.6350121854270394,0.755185540121742
706,3,3,1,0.6666666666666666,0.3333333333333332,0.6882345616260039,0.545919750175176,0.6350121854270394,0.755185540121742
722,3,3,0,0.2,0.6,0.3442289560273245,0.545919750175176,0.6350121854270394,0.755185540121742
729,3,3,0,0.4,0.1999999999999999,0.5871697158223992,0.545919750175176,0.6350121854270394,0.755185540121742
737,3,3,0,0.1666666666666666,0.6666666666666667,0.35726419090144773,0.545919750175176,0.6350121854270394,0.755185540121742
9,3,4,0,0.0,1.0,0.33973505547540594,0.48082632568642686,0.758263327904379,0.9109920914092561
12,3,4,0,0.4,0.1999999999999999,0.36914366782893043,0.48082632568642686,0.758263327904379,0.9109920914092561
17,3,4,0,0.4,0.1999999999999999,0.7572956772204025,0.48082632568642686,0.758263327904379,0.9109920914092561
18,3,4,1,0.6,0.1999999999999999,0.6143461035886795,0.48082632568642686,0.758263327904379,0.9109920914092561
20,3,4,0,0.25,0.5,0.1764810030724143,0.48082632568642686,0.758263327904379,0.9109920914092561
32,3,4,0,0.2,0.6,0.2302181199365659,0.48082632568642686,0.758263327904379,0.9109920914092561
33,3,4,0,0.4,0.1999999999999999,0.5460398555579412,0.48082632568642686,0.758263327904379,0.9109920914092561
43,3,4,0,0.2,0.6,0.44944929916434545,0.48082632568642686,0.758263327904379,0.9109920914092561
46,3,4,0,0.4,0.1999999999999999,0.6704605865699208,0.48082632568642686,0.758263327904379,0.9109920914092561
51,3,4,0,0.25,0.5,0.4191710520999261,0.48082632568642686,0.758263327904379,0.9109920914092561
53,3,4,0,0.1666666666666666,0.6666666666666667,0.3314389319758396,0.48082632568642686,0.758263327904379,0.9109920914092561
68,3,4,0,0.0,1.0,0.41023867004207626,0.48082632568642686,0.758263327904379,0.9109920914092561
70,3,4,0,0.0,1.0,0.5058535255572232,0.48082632568642686,0.758263327904379,0.9109920914092561
76,3,4,0,0.25,0.5,0.5694240397203056,0.48082632568642686,0.758263327904379,0.9109920914092561
102,3,4,0,0.0,1.0,0.2722247397064091,0.48082632568642686,0.758263327904379,0.9109920914092561
104,3,4,0,0.1111111111111111,0.7777777777777778,0.5431008155805351,0.48082632568642686,0.758263327904379,0.9109920914092561
105,3,4,0,0.0,1.0,0.26806448012947587,0.48082632568642686,0.758263327904379,0.9109920914092561
109,3,4,0,0.1111111111111111,0.7777777777777778,0.7066557600471746,0.48082632568642686,0.758263327904379,0.9109920914092561
111,3,4,0,0.1111111111111111,0.7777777777777778,0.43619241553389354,0.48082632568642686,0.758263327904379,0.9109920914092561
113,3,4,0,0.1111111111111111,0.7777777777777778,0.5714762956798992,0.48082632568642686,0.758263327904379,0.9109920914092561
117,3,4,0,0.25,0.5,0.34805305094386346,0.48082632568642686,0.758263327904379,0.9109920914092561
118,3,4,0,0.0,1.0,0.5623683752325102,0.48082632568642686,0.758263327904379,0.9109920914092561
124,3,4,0,0.0,1.0,0.5462042764182845,0.48082632568642686,0.758263327904379,0.9109920914092561
128,3,4,0,0.1111111111111111,0.7777777777777778,0.2336283043272744,0.48082632568642686,0.758263327904379,0.9109920914092561
132,3,4,0,0.2222222222222222,0.5555555555555556,0.3063329767855675,0.48082632568642686,0.758263327904379,0.9109920914092561
139,3,4,0,0.0,1.0,0.5853326231784817,0.48082632568642686,0.758263327904379,0.9109920914092561
142,3,4,0,0.0,1.0,0.5520080477870852,0.48082632568642686,0.758263327904379,0.9109920914092561
148,3,4,0,0.1111111111111111,0.7777777777777778,0.18647319337014628,0.48082632568642686,0.758263327904379,0.9109920914092561
158,3,4,0,0.0,1.0,0.20720184725517748,0.48082632568642686,0.758263327904379,0.9109920914092561
168,3,4,0,0.25,0.5,0.3482785572574246,0.48082632568642686,0.758263327904379,0.9109920914092561
171,3,4,0,0.25,0.5,0.580162121270845,0.48082632568642686,0.758263327904379,0.9109920914092561
172,3,4,0,0.0,1.0,0.18889595571611667,0.48082632568642686,0.758263327904379,0.9109920914092561
173,3,4,0,0.25,0.5,0.5479615302812612,0.48082632568642686,0.758263327904379,0.9109920914092561
175,3,4,0,0.0,1.0,0.44458905382185754,0.48082632568642686,0.758263327904379,0.9109920914092561
176,3,4,0,0.0,1.0,0.4042485995880912,0.48082632568642686,0.758263327904379,0.9109920914092561
177,3,4,0,0.0,1.0,0.5327844973896722,0.48082632568642686,0.758263327904379,0.9109920914092561
178,3,4,0,0.0,1.0,0.5240785850364755,0.48082632568642686,0.758263327904379,0.9109920914092561
179,3,4,0,0.25,0.5,0.5877321278354781,0.48082632568642686,0.758263327904379,0.9109920914092561
185,3,4,0,0.25,0.5,0.5615943162957053,0.48082632568642686,0.758263327904379,0.9109920914092561
187,3,4,0,0.0,1.0,0.3784536397156419,0.48082632568642686,0.758263327904379,0.9109920914092561
194,3,4,0,0.0,1.0,0.3321555745229788,0.48082632568642686,0.758263327904379,0.9109920914092561
200,3,4,0,0.2,0.6,0.4434064012298259,0.48082632568642686,0.758263327904379,0.9109920914092561
211,3,4,1,0.6,0.1999999999999999,0.6142101537507738,0.48082632568642686,0.758263327904379,0.9109920914092561
212,3,4,0,0.2,0.6,0.35507295457712174,0.48082632568642686,0.758263327904379,0.9109920914092561
222,3,4,0,0.2,0.6,0.5098029719401616,0.48082632568642686,0.758263327904379,0.9109920914092561
224,3,4,0,0.4,0.1999999999999999,0.5492981675233991,0.48082632568642686,0.758263327904379,0.9109920914092561
229,3,4,0,0.0,1.0,0.6545545461863569,0.48082632568642686,0.758263327904379,0.9109920914092561
232,3,4,0,0.25,0.5,0.3515811421460238,0.48082632568642686,0.758263327904379,0.9109920914092561
236,3,4,0,0.0,1.0,0.6428297117885272,0.48082632568642686,0.758263327904379,0.9109920914092561
240,3,4,0,0.2,0.6,0.3864530082773837,0.48082632568642686,0.758263327904379,0.9109920914092561
242,3,4,1,0.6,0.1999999999999999,0.35378358988462055,0.48082632568642686,0.758263327904379,0.9109920914092561
246,3,4,0,0.4,0.1999999999999999,0.6050155457956472,0.48082632568642686,0.758263327904379,0.9109920914092561
249,3,4,1,0.6,0.1999999999999999,0.3859955486245764,0.48082632568642686,0.758263327904379,0.9109920914092561
254,3,4,0,0.25,0.5,0.2704357817437862,0.48082632568642686,0.758263327904379,0.9109920914092561
260,3,4,0,0.25,0.5,0.46690534491333086,0.48082632568642686,0.758263327904379,0.9109920914092561
281,3,4,0,0.0,1.0,0.46208490963444226,0.48082632568642686,0.758263327904379,0.9109920914092561
286,3,4,0,0.2,0.6,0.4530780265988975,0.48082632568642686,0.758263327904379,0.9109920914092561
287,3,4,0,0.25,0.5,0.5387648499686502,0.48082632568642686,0.758263327904379,0.9109920914092561
303,3,4,0,0.0,1.0,0.2867499859042871,0.48082632568642686,0.758263327904379,0.9109920914092561
322,3,4,1,0.6,0.1999999999999999,0.7028899559780443,0.48082632568642686,0.758263327904379,0.9109920914092561
325,3,4,0,0.0,1.0,0.4581948077171016,0.48082632568642686,0.758263327904379,0.9109920914092561
327,3,4,0,0.0,1.0,0.45575143857287215,0.48082632568642686,0.758263327904379,0.9109920914092561
331,3,4,0,0.0,1.0,0.47799095448518153,0.48082632568642686,0.758263327904379,0.9109920914092561
340,3,4,1,0.6,0.1999999999999999,0.3134039028951011,0.48082632568642686,0.758263327904379,0.9109920914092561
342,3,4,0,0.2,0.6,0.4410461385917691,0.48082632568642686,0.758263327904379,0.9109920914092561
346,3,4,1,0.6,0.1999999999999999,0.5489651086233619,0.48082632568642686,0.758263327904379,0.9109920914092561
348,3,4,0,0.4,0.1999999999999999,0.7446452536580439,0.48082632568642686,0.758263327904379,0.9109920914092561
354,3,4,0,0.25,0.5,0.6158961705978915,0.48082632568642686,0.758263327904379,0.9109920914092561
360,3,4,0,0.25,0.5,0.19437026370037272,0.48082632568642686,0.758263327904379,0.9109920914092561
361,3,4,0,0.0,1.0,0.3204177627799252,0.48082632568642686,0.758263327904379,0.9109920914092561
369,3,4,0,0.0,1.0,0.3771599387028567,0.48082632568642686,0.758263327904379,0.9109920914092561
393,3,4,0,0.25,0.5,0.43825693304096075,0.48082632568642686,0.758263327904379,0.9109920914092561
396,3,4,1,0.75,0.5,0.7194621186206073,0.48082632568642686,0.758263327904379,0.9109920914092561
401,3,4,0,0.2,0.6,0.5375698593802043,0.48082632568642686,0.758263327904379,0.9109920914092561
407,3,4,0,0.2,0.6,0.692858247935503,0.48082632568642686,0.758263327904379,0.9109920914092561
413,3,4,0,0.0,1.0,0.6718322608372526,0.48082632568642686,0.758263327904379,0.9109920914092561
423,3,4,0,0.0,1.0,0.6514939180160144,0.48082632568642686,0.758263327904379,0.9109920914092561
424,3,4,1,0.6,0.1999999999999999,0.5496070688552361,0.48082632568642686,0.758263327904379,0.9109920914092561
427,3,4,1,0.6,0.1999999999999999,0.6464280814529277,0.48082632568642686,0.758263327904379,0.9109920914092561
428,3,4,1,0.6,0.1999999999999999,0.49280661676045484,0.48082632568642686,0.758263327904379,0.9109920914092561
436,3,4,0,0.4,0.1999999999999999,0.5229906223760066,0.48082632568642686,0.758263327904379,0.9109920914092561
437,3,4,1,0.6,0.1999999999999999,0.5865485339848662,0.48082632568642686,0.758263327904379,0.9109920914092561
449,3,4,0,0.4,0.1999999999999999,0.33983487858553324,0.48082632568642686,0.758263327904379,0.9109920914092561
451,3,4,0,0.25,0.5,0.3191366122120477,0.48082632568642686,0.758263327904379,0.9109920914092561
452,3,4,0,0.25,0.5,0.725889118826512,0.48082632568642686,0.758263327904379,0.9109920914092561
463,3,4,0,0.25,0.5,0.4404260908568072,0.48082632568642686,0.758263327904379,0.9109920914092561
468,3,4,0,0.25,0.5,0.702735216201443,0.48082632568642686,0.758263327904379,0.9109920914092561
470,3,4,0,0.0,1.0,0.5101399589297324,0.48082632568642686,0.758263327904379,0.9109920914092561
473,3,4,0,0.25,0.5,0.4732291373680857,0.48082632568642686,0.758263327904379,0.9109920914092561
474,3,4,0,0.0,1.0,0.3525468335820828,0.48082632568642686,0.758263327904379,0.9109920914092561
494,3,4,1,0.8,0.6000000000000001,0.40330062129557703,0.48082632568642686,0.758263327904379,0.9109920914092561
496,3,4,1,0.75,0.5,0.49684593432212104,0.48082632568642686,0.758263327904379,0.9109920914092561
497,3,4,0,0.0,1.0,0.22610391621189732,0.48082632568642686,0.758263327904379,0.9109920914092561
506,3,4,1,0.75,0.5,0.7156208324669344,0.48082632568642686,0.758263327904379,0.9109920914092561
509,3,4,0,0.25,0.5,0.612156348602238,0.48082632568642686,0.758263327904379,0.9109920914092561
515,3,4,0,0.25,0.5,0.686562557508785,0.48082632568642686,0.758263327904379,0.9109920914092561
516,3,4,0,0.0,1.0,0.4920186874710654,0.48082632568642686,0.758263327904379,0.9109920914092561
523,3,4,0,0.25,0.5,0.6031464440292517,0.48082632568642686,0.758263327904379,0.9109920914092561
528,3,4,0,0.0,1.0,0.42020079067672367,0.48082632568642686,0.758263327904379,0.9109920914092561
531,3,4,1,0.75,0.5,0.4738280010934969,0.48082632568642686,0.758263327904379,0.9109920914092561
533,3,4,0,0.0,1.0,0.4605030825288929,0.48082632568642686,0.758263327904379,0.9109920914092561
579,3,4,0,0.3333333333333333,0.3333333333333333,0.6639078729503146,0.48082632568642686,0.758263327904379,0.9109920914092561
592,3,4,1,0.6,0.1999999999999999,0.6343286488848617,0.48082632568642686,0.758263327904379,0.9109920914092561
594,3,4,0,0.0,1.0,0.4514734853995068,0.48082632568642686,0.758263327904379,0.9109920914092561
607,3,4,0,0.0,1.0,0.4830497870419735,0.48082632568642686,0.758263327904379,0.9109920914092561
608,3,4,0,0.0,1.0,0.73528036394026,0.48082632568642686,0.758263327904379,0.9109920914092561
612,3,4,0,0.0,1.0,0.27605469549562994,0.48082632568642686,0.758263327904379,0.9109920914092561
613,3,4,0,0.0,1.0,0.7267831774211804,0.48082632568642686,0.758263327904379,0.9109920914092561
620,3,4,1,0.75,0.5,0.7097195849908374,0.48082632568642686,0.758263327904379,0.9109920914092561
627,3,4,1,0.75,0.5,0.7346544014725519,0.48082632568642686,0.758263327904379,0.9109920914092561
631,3,4,0,0.0,1.0,0.45183519027440805,0.48082632568642686,0.758263327904379,0.9109920914092561
634,3,4,0,0.25,0.5,0.6570932643185723,0.48082632568642686,0.758263327904379,0.9109920914092561
644,3,4,0,0.25,0.5,0.5279522453129519,0.48082632568642686,0.758263327904379,0.9109920914092561
661,3,4,1,0.8333333333333334,0.6666666666666667,0.6340508018877772,0.48082632568642686,0.758263327904379,0.9109920914092561
667,3,4,0,0.3333333333333333,0.3333333333333333,0.6005942183769954,0.48082632568642686,0.758263327904379,0.9109920914092561
678,3,4,0,0.3333333333333333,0.3333333333333333,0.4464760103703534,0.48082632568642686,0.758263327904379,0.9109920914092561
685,3,4,0,0.0,1.0,0.4024370340706386,0.48082632568642686,0.758263327904379,0.9109920914092561
688,3,4,0,0.1666666666666666,0.6666666666666667,0.703792496565115,0.48082632568642686,0.758263327904379,0.9109920914092561
694,3,4,0,0.3333333333333333,0.3333333333333333,0.6110542735028377,0.48082632568642686,0.758263327904379,0.9109920914092561
696,3,4,0,0.1666666666666666,0.6666666666666667,0.8383934417654597,0.48082632568642686,0.758263327904379,0.9109920914092561
702,3,4,0,0.1666666666666666,0.6666666666666667,0.6703457841056665,0.48082632568642686,0.758263327904379,0.9109920914092561
712,3,4,0,0.1666666666666666,0.6666666666666667,0.4194084022034389,0.48082632568642686,0.758263327904379,0.9109920914092561
718,3,4,0,0.1666666666666666,0.6666666666666667,0.6800144489955011,0.48082632568642686,0.758263327904379,0.9109920914092561
724,3,4,0,0.2,0.6,0.5492084941757754,0.48082632568642686,0.758263327904379,0.9109920914092561
727,3,4,0,0.4,0.1999999999999999,0.6418928282289487,0.48082632568642686,0.758263327904379,0.9109920914092561
728,3,4,0,0.2,0.6,0.4746634649803472,0.48082632568642686,0.758263327904379,0.9109920914092561
731,3,4,0,0.0,1.0,0.3921674617041409,0.48082632568642686,0.758263327904379,0.9109920914092561
3,4,0,0,0.0,1.0,0.25255184966424316,0.4354823417606875,1.0196935927657873,0.9307052817146488
10,4,0,0,0.0,1.0,0.12219654948972002,0.4354823417606875,1.0196935927657873,0.9307052817146488
11,4,0,1,0.6,0.1999999999999999,0.29387789510363654,0.4354823417606875,1.0196935927657873,0.9307052817146488
13,4,0,0,0.2,0.6,0.33440034440257177,0.4354823417606875,1.0196935927657873,0.9307052817146488
24,4,0,0,0.0,1.0,0.3233450207098029,0.4354823417606875,1.0196935927657873,0.9307052817146488
25,4,0,0,0.2,0.6,0.22727871436665448,0.4354823417606875,1.0196935927657873,0.9307052817146488
26,4,0,1,0.8,0.6000000000000001,0.44998973169456735,0.4354823417606875,1.0196935927657873,0.9307052817146488
29,4,0,0,0.2,0.6,0.5493466462339414,0.4354823417606875,1.0196935927657873,0.9307052817146488
30,4,0,0,0.2,0.6,0.27128140380913446,0.4354823417606875,1.0196935927657873,0.9307052817146488
31,4,0,0,0.1666666666666666,0.6666666666666667,0.3652458388781274,0.4354823417606875,1.0196935927657873,0.9307052817146488
34,4,0,0,0.1666666666666666,0.6666666666666667,0.4580284336907406,0.4354823417606875,1.0196935927657873,0.9307052817146488
36,4,0,0,0.2,0.6,0.22414949623391922,0.4354823417606875,1.0196935927657873,0.9307052817146488
37,4,0,0,0.2,0.6,0.32736330689490856,0.4354823417606875,1.0196935927657873,0.9307052817146488
44,4,0,0,0.0,1.0,0.6240391416471625,0.4354823417606875,1.0196935927657873,0.9307052817146488
46,4,0,0,0.4,0.1999999999999999,0.6369446529675299,0.4354823417606875,1.0196935927657873,0.9307052817146488
47,4,0,0,0.25,0.5,0.41356030341242983,0.4354823417606875,1.0196935927657873,0.9307052817146488
51,4,0,0,0.25,0.5,0.24123598046218114,0.4354823417606875,1.0196935927657873,0.9307052817146488
52,4,0,0,0.25,0.5,0.18476972110634118,0.4354823417606875,1.0196935927657873,0.9307052817146488
60,4,0,0,0.0,1.0,0.373671928990167,0.4354823417606875,1.0196935927657873,0.9307052817146488
67,4,0,0,0.0,1.0,0.22829584659049262,0.4354823417606875,1.0196935927657873,0.9307052817146488
70,4,0,0,0.0,1.0,0.36421885076895383,0.4354823417606875,1.0196935927657873,0.9307052817146488
83,4,0,0,0.25,0.5,0.5800759647058154,0.4354823417606875,1.0196935927657873,0.9307052817146488
94,4,0,0,0.25,0.5,0.45678253308581895,0.4354823417606875,1.0196935927657873,0.9307052817146488
106,4,0,1,1.0,1.0,0.4591994190657529,0.4354823417606875,1.0196935927657873,0.9307052817146488
111,4,0,0,0.1111111111111111,0.7777777777777778,0.23717732634137473,0.4354823417606875,1.0196935927657873,0.9307052817146488
116,4,0,0,0.0,1.0,0.3426498369356601,0.4354823417606875,1.0196935927657873,0.9307052817146488
121,4,0,0,0.1111111111111111,0.7777777777777778,0.46232625747717226,0.4354823417606875,1.0196935927657873,0.9307052817146488
124,4,0,0,0.0,1.0,0.54806383290027,0.4354823417606875,1.0196935927657873,0.9307052817146488
128,4,0,0,0.1111111111111111,0.7777777777777778,0.1494254992830361,0.4354823417606875,1.0196935927657873,0.9307052817146488
148,4,0,0,0.1111111111111111,0.7777777777777778,0.19081025078317213,0.4354823417606875,1.0196935927657873,0.9307052817146488
151,4,0,0,0.0,1.0,0.4961954271127227,0.4354823417606875,1.0196935927657873,0.9307052817146488
159,4,0,0,0.0,1.0,0.14987489807490148,0.4354823417606875,1.0196935927657873,0.9307052817146488
169,4,0,0,0.0,1.0,0.25823716713034134,0.4354823417606875,1.0196935927657873,0.9307052817146488
182,4,0,0,0.0,1.0,0.615272343512682,0.4354823417606875,1.0196935927657873,0.9307052817146488
185,4,0,0,0.25,0.5,0.34707481688357694,0.4354823417606875,1.0196935927657873,0.9307052817146488
190,4,0,0,0.25,0.5,0.2935829410091972,0.4354823417606875,1.0196935927657873,0.9307052817146488
191,4,0,0,0.0,1.0,0.4711465387024466,0.4354823417606875,1.0196935927657873,0.9307052817146488
192,4,0,0,0.0,1.0,0.5308659832566123,0.4354823417606875,1.0196935927657873,0.9307052817146488
198,4,0,0,0.0,1.0,0.4822447361182611,0.4354823417606875,1.0196935927657873,0.9307052817146488
200,4,0,0,0.2,0.6,0.3699356123710351,0.4354823417606875,1.0196935927657873,0.9307052817146488
205,4,0,0,0.2,0.6,0.3155835092378193,0.4354823417606875,1.0196935927657873,0.9307052817146488
226,4,0,0,0.0,1.0,0.6388173649388993,0.4354823417606875,1.0196935927657873,0.9307052817146488
227,4,0,1,1.0,1.0,0.45240931148558167,0.4354823417606875,1.0196935927657873,0.9307052817146488
230,4,0,0,0.2,0.6,0.5548942218438403,0.4354823417606875,1.0196935927657873,0.9307052817146488
233,4,0,0,0.0,1.0,0.38903992465042314,0.4354823417606875,1.0196935927657873,0.9307052817146488
234,4,0,0,0.25,0.5,0.6290728919863194,0.4354823417606875,1.0196935927657873,0.9307052817146488
236,4,0,0,0.0,1.0,0.7075207476462506,0.4354823417606875,1.0196935927657873,0.9307052817146488
239,4,0,1,0.6,0.1999999999999999,0.19456028512605084,0.4354823417606875,1.0196935927657873,0.9307052817146488
240,4,0,0,0.2,0.6,0.3203199539440988,0.4354823417606875,1.0196935927657873,0.9307052817146488
246,4,0,0,0.4,0.1999999999999999,0.6269629904068991,0.4354823417606875,1.0196935927657873,0.9307052817146488
248,4,0,0,0.4,0.1999999999999999,0.4477378538236409,0.4354823417606875,1.0196935927657873,0.9307052817146488
252,4,0,0,0.0,1.0,0.5024581639443676,0.4354823417606875,1.0196935927657873,0.9307052817146488
255,4,0,0,0.25,0.5,0.12184099083872209,0.4354823417606875,1.0196935927657873,0.9307052817146488
278,4,0,0,0.25,0.5,0.4512135467877003,0.4354823417606875,1.0196935927657873,0.9307052817146488
297,4,0,0,0.0,1.0,0.23481117208331478,0.4354823417606875,1.0196935927657873,0.9307052817146488
304,4,0,1,0.8,0.6000000000000001,0.5687769573906662,0.4354823417606875,1.0196935927657873,0.9307052817146488
311,4,0,0,0.4,0.1999999999999999,0.1780689251098279,0.4354823417606875,1.0196935927657873,0.9307052817146488
316,4,0,0,0.4,0.1999999999999999,0.6033433777678783,0.4354823417606875,1.0196935927657873,0.9307052817146488
319,4,0,0,0.2,0.6,0.46292626663433073,0.4354823417606875,1.0196935927657873,0.9307052817146488
320,4,0,0,0.0,1.0,0.41530415650951247,0.4354823417606875,1.0196935927657873,0.9307052817146488
326,4,0,0,0.0,1.0,0.5027061891655437,0.4354823417606875,1.0196935927657873,0.9307052817146488
332,4,0,0,0.0,1.0,0.4297141627738063,0.4354823417606875,1.0196935927657873,0.9307052817146488
339,4,0,0,0.0,1.0,0.42516370156250444,0.4354823417606875,1.0196935927657873,0.9307052817146488
341,4,0,1,0.6,0.1999999999999999,0.44059611435840973,0.4354823417606875,1.0196935927657873,0.9307052817146488
346,4,0,1,0.6,0.1999999999999999,0.5904541990369327,0.4354823417606875,1.0196935927657873,0.9307052817146488
348,4,0,0,0.4,0.1999999999999999,0.7828671192006932,0.4354823417606875,1.0196935927657873,0.9307052817146488
353,4,0,0,0.0,1.0,0.6077835721683824,0.4354823417606875,1.0196935927657873,0.9307052817146488
370,4,0,0,0.0,1.0,0.3259364837731792,0.4354823417606875,1.0196935927657873,0.9307052817146488
381,4,0,1,0.75,0.5,0.5792134533661731,0.4354823417606875,1.0196935927657873,0.9307052817146488
389,4,0,0,0.25,0.5,0.41600109139013924,0.4354823417606875,1.0196935927657873,0.9307052817146488
393,4,0,0,0.25,0.5,0.5266658214405338,0.4354823417606875,1.0196935927657873,0.9307052817146488
399,4,0,0,0.25,0.5,0.30082947805902543,0.4354823417606875,1.0196935927657873,0.9307052817146488
409,4,0,0,0.4,0.1999999999999999,0.7794525502498891,0.4354823417606875,1.0196935927657873,0.9307052817146488
410,4,0,1,0.6,0.1999999999999999,0.638308946046778,0.4354823417606875,1.0196935927657873,0.9307052817146488
416,4,0,0,0.0,1.0,0.6113810269910079,0.4354823417606875,1.0196935927657873,0.9307052817146488
420,4,0,0,0.0,1.0,0.31432485911663083,0.4354823417606875,1.0196935927657873,0.9307052817146488
435,4,0,0,0.4,0.1999999999999999,0.8436169540029741,0.4354823417606875,1.0196935927657873,0.9307052817146488
438,4,0,0,0.1666666666666666,0.6666666666666667,0.549736833136676,0.4354823417606875,1.0196935927657873,0.9307052817146488
439,4,0,0,0.2,0.6,0.5639003613708443,0.4354823417606875,1.0196935927657873,0.9307052817146488
440,4,0,0,0.0,1.0,0.8243530383420137,0.4354823417606875,1.0196935927657873,0.9307052817146488
450,4,0,0,0.2,0.6,0.48230094589342615,0.4354823417606875,1.0196935927657873,0.9307052817146488
452,4,0,0,0.25,0.5,0.5471372492352812,0.4354823417606875,1.0196935927657873,0.9307052817146488
455,4,0,0,0.0,1.0,0.36978822375661946,0.4354823417606875,1.0196935927657873,0.9307052817146488
459,4,0,0,0.25,0.5,0.3595286754515727,0.4354823417606875,1.0196935927657873,0.9307052817146488
483,4,0,0,0.25,0.5,0.293320308744805,0.4354823417606875,1.0196935927657873,0.9307052817146488
492,4,0,0,0.3333333333333333,0.3333333333333333,0.5315091028481284,0.4354823417606875,1.0196935927657873,0.9307052817146488
494,4,0,1,0.8,0.6000000000000001,0.47449961379842365,0.4354823417606875,1.0196935927657873,0.9307052817146488
496,4,0,1,0.75,0.5,0.5439219041353471,0.4354823417606875,1.0196935927657873,0.9307052817146488
499,4,0,0,0.0,1.0,0.5273012393939832,0.4354823417606875,1.0196935927657873,0.9307052817146488
504,4,0,1,0.75,0.5,0.6582034097569249,0.4354823417606875,1.0196935927657873,0.9307052817146488
506,4,0,1,0.75,0.5,0.733235284344774,0.4354823417606875,1.0196935927657873,0.9307052817146488
515,4,0,0,0.25,0.5,0.6527855952592674,0.4354823417606875,1.0196935927657873,0.9307052817146488
526,4,0,0,0.0,1.0,0.5245273872352039,0.4354823417606875,1.0196935927657873,0.9307052817146488
534,4,0,1,0.75,0.5,0.43155826559670024,0.4354823417606875,1.0196935927657873,0.9307052817146488
537,4,0,0,0.25,0.5,0.6704135997572337,0.4354823417606875,1.0196935927657873,0.9307052817146488
550,4,0,0,0.0,1.0,0.431040154204556,0.4354823417606875,1.0196935927657873,0.9307052817146488
553,4,0,0,0.0,1.0,0.420144554298943,0.4354823417606875,1.0196935927657873,0.9307052817146488
556,4,0,0,0.1666666666666666,0.6666666666666667,0.28112787774079523,0.4354823417606875,1.0196935927657873,0.9307052817146488
565,4,0,0,0.3333333333333333,0.3333333333333333,0.4580324031496775,0.4354823417606875,1.0196935927657873,0.9307052817146488
567,4,0,0,0.3333333333333333,0.3333333333333333,0.4604752371920001,0.4354823417606875,1.0196935927657873,0.9307052817146488
570,4,0,1,0.6666666666666666,0.3333333333333332,0.6961552081809461,0.4354823417606875,1.0196935927657873,0.9307052817146488
580,4,0,0,0.3333333333333333,0.3333333333333333,0.3116474267182433,0.4354823417606875,1.0196935927657873,0.9307052817146488
586,4,0,1,0.6666666666666666,0.3333333333333332,0.7585090894543143,0.4354823417606875,1.0196935927657873,0.9307052817146488
608,4,0,0,0.0,1.0,0.831192706129184,0.4354823417606875,1.0196935927657873,0.9307052817146488
609,4,0,0,0.25,0.5,0.6251975235208556,0.4354823417606875,1.0196935927657873,0.9307052817146488
618,4,0,0,0.0,1.0,0.8082600762667299,0.4354823417606875,1.0196935927657873,0.9307052817146488
619,4,0,0,0.25,0.5,0.7727287664697903,0.4354823417606875,1.0196935927657873,0.9307052817146488
627,4,0,1,0.75,0.5,0.7398834547847927,0.4354823417606875,1.0196935927657873,0.9307052817146488
642,4,0,1,0.75,0.5,0.6806526311716725,0.4354823417606875,1.0196935927657873,0.9307052817146488
645,4,0,1,0.75,0.5,0.6963843153154031,0.4354823417606875,1.0196935927657873,0.9307052817146488
650,4,0,0,0.0,1.0,0.1980948585864579,0.4354823417606875,1.0196935927657873,0.9307052817146488
656,4,0,1,0.6666666666666666,0.3333333333333332,0.4477907885210548,0.4354823417606875,1.0196935927657873,0.9307052817146488
662,4,0,0,0.0,1.0,0.35128807698093606,0.4354823417606875,1.0196935927657873,0.9307052817146488
665,4,0,0,0.1666666666666666,0.6666666666666667,0.47190620875311,0.4354823417606875,1.0196935927657873,0.9307052817146488
673,4,0,0,0.3333333333333333,0.3333333333333333,0.3839571755009281,0.4354823417606875,1.0196935927657873,0.9307052817146488
675,4,0,0,0.3333333333333333,0.3333333333333333,0.5365776583751548,0.4354823417606875,1.0196935927657873,0.9307052817146488
679,4,0,0,0.4,0.1999999999999999,0.3131054097707398,0.4354823417606875,1.0196935927657873,0.9307052817146488
689,4,0,0,0.0,1.0,0.23728942992305,0.4354823417606875,1.0196935927657873,0.9307052817146488
691,4,0,0,0.1666666666666666,0.6666666666666667,0.7966793842359375,0.4354823417606875,1.0196935927657873,0.9307052817146488
695,4,0,0,0.3333333333333333,0.3333333333333333,0.7964206916826801,0.4354823417606875,1.0196935927657873,0.9307052817146488
699,4,0,0,0.1666666666666666,0.6666666666666667,0.7796431497389519,0.4354823417606875,1.0196935927657873,0.9307052817146488
701,4,0,0,0.1666666666666666,0.6666666666666667,0.8629762381635923,0.4354823417606875,1.0196935927657873,0.9307052817146488
716,4,0,1,0.6666666666666666,0.3333333333333332,0.6173889755263903,0.4354823417606875,1.0196935927657873,0.9307052817146488
727,4,0,0,0.4,0.1999999999999999,0.7288710498170997,0.4354823417606875,1.0196935927657873,0.9307052817146488
732,4,0,0,0.0,1.0,0.38353629703734143,0.4354823417606875,1.0196935927657873,0.9307052817146488
739,4,0,0,0.3333333333333333,0.3333333333333333,0.5068649606855103,0.4354823417606875,1.0196935927657873,0.9307052817146488
740,4,0,0,0.1666666666666666,0.6666666666666667,0.5212269122669321,0.4354823417606875,1.0196935927657873,0.9307052817146488
1,4,1,0,0.3333333333333333,0.3333333333333333,0.38030183747535024,0.4356572950173173,1.028397457462193,1.0078742745244842
21,4,1,0,0.2,0.6,0.289540634424587,0.4356572950173173,1.028397457462193,1.0078742745244842
28,4,1,0,0.2,0.6,0.4470120572630267,0.4356572950173173,1.028397457462193,1.0078742745244842
38,4,1,0,0.0,1.0,0.6021514919307063,0.4356572950173173,1.028397457462193,1.0078742745244842
41,4,1,0,0.2,0.6,0.2667479317423581,0.4356572950173173,1.028397457462193,1.0078742745244842
43,4,1,0,0.2,0.6,0.4696659729300437,0.4356572950173173,1.028397457462193,1.0078742745244842
45,4,1,0,0.0,1.0,0.380278351829234,0.4356572950173173,1.028397457462193,1.0078742745244842
54,4,1,0,0.25,0.5,0.2561961774460498,0.4356572950173173,1.028397457462193,1.0078742745244842
57,4,1,1,1.0,1.0,0.41537031154673004,0.4356572950173173,1.028397457462193,1.0078742745244842
59,4,1,0,0.25,0.5,0.19200363767578016,0.4356572950173173,1.028397457462193,1.0078742745244842
61,4,1,0,0.2,0.6,0.15294906342185602,0.4356572950173173,1.028397457462193,1.0078742745244842
65,4,1,0,0.25,0.5,0.1194708704182271,0.4356572950173173,1.028397457462193,1.0078742745244842
66,4,1,0,0.0,1.0,0.2155014936144158,0.4356572950173173,1.028397457462193,1.0078742745244842
72,4,1,0,0.25,0.5,0.22819438573722742,0.4356572950173173,1.028397457462193,1.0078742745244842
81,4,1,0,0.0,1.0,0.1887010414246737,0.4356572950173173,1.028397457462193,1.0078742745244842
87,4,1,0,0.0,1.0,0.47227138330761775,0.4356572950173173,1.028397457462193,1.0078742745244842
91,4,1,0,0.25,0.5,0.3467981759049913,0.4356572950173173,1.028397457462193,1.0078742745244842
93,4,1,0,0.0,1.0,0.23490466902742424,0.4356572950173173,1.028397457462193,1.0078742745244842
95,4,1,0,0.25,0.5,0.19739520262417165,0.4356572950173173,1.028397457462193,1.0078742745244842
102,4,1,0,0.0,1.0,0.20553297864639253,0.4356572950173173,1.028397457462193,1.0078742745244842
107,4,1,0,0.1111111111111111,0.7777777777777778,0.6655612730409532,0.4356572950173173,1.028397457462193,1.0078742745244842
110,4,1,0,0.0,1.0,0.21437515611268285,0.4356572950173173,1.028397457462193,1.0078742745244842
118,4,1,0,0.0,1.0,0.5095906371298472,0.4356572950173173,1.028397457462193,1.0078742745244842
127,4,1,1,0.6666666666666666,0.3333333333333332,0.48918182345953753,0.4356572950173173,1.028397457462193,1.0078742745244842
129,4,1,0,0.2,0.6,0.5515410166887219,0.4356572950173173,1.028397457462193,1.0078742745244842
131,4,1,0,0.0,1.0,0.4204609112564194,0.4356572950173173,1.028397457462193,1.0078742745244842
133,4,1,1,0.8888888888888888,0.7777777777777777,0.2503099083307381,0.4356572950173173,1.028397457462193,1.0078742745244842
139,4,1,0,0.0,1.0,0.6299358127446067,0.4356572950173173,1.028397457462193,1.0078742745244842
140,4,1,0,0.2222222222222222,0.5555555555555556,0.5205377176858383,0.4356572950173173,1.028397457462193,1.0078742745244842
143,4,1,1,0.5555555555555556,0.1111111111111111,0.36497347965774085,0.4356572950173173,1.028397457462193,1.0078742745244842
145,4,1,0,0.4444444444444444,0.1111111111111111,0.36101337626793284,0.4356572950173173,1.028397457462193,1.0078742745244842
147,4,1,0,0.0,1.0,0.49667000629555735,0.4356572950173173,1.028397457462193,1.0078742745244842
156,4,1,0,0.25,0.5,0.2708225124501551,0.4356572950173173,1.028397457462193,1.0078742745244842
158,4,1,0,0.0,1.0,0.19703817698133616,0.4356572950173173,1.028397457462193,1.0078742745244842
171,4,1,0,0.25,0.5,0.4490821064398346,0.4356572950173173,1.028397457462193,1.0078742745244842
172,4,1,0,0.0,1.0,0.1069681505761238,0.4356572950173173,1.028397457462193,1.0078742745244842
177,4,1,0,0.0,1.0,0.5033813368907306,0.4356572950173173,1.028397457462193,1.0078742745244842
179,4,1,0,0.25,0.5,0.4484367626644673,0.4356572950173173,1.028397457462193,1.0078742745244842
183,4,1,0,0.0,1.0,0.3616567670448761,0.4356572950173173,1.028397457462193,1.0078742745244842
187,4,1,0,0.0,1.0,0.44804452516232995,0.4356572950173173,1.028397457462193,1.0078742745244842
188,4,1,0,0.0,1.0,0.2664954978160665,0.4356572950173173,1.028397457462193,1.0078742745244842
194,4,1,0,0.0,1.0,0.297657579074281,0.4356572950173173,1.028397457462193,1.0078742745244842
195,4,1,0,0.0,1.0,0.6128374371734793,0.4356572950173173,1.028397457462193,1.0078742745244842
203,4,1,0,0.2,0.6,0.1679779619151875,0.4356572950173173,1.028397457462193,1.0078742745244842
204,4,1,0,0.4,0.1999999999999999,0.3370178260500769,0.4356572950173173,1.028397457462193,1.0078742745244842
214,4,1,0,0.2,0.6,0.34813397594794687,0.4356572950173173,1.028397457462193,1.0078742745244842
215,4,1,0,0.2,0.6,0.3144963633554088,0.4356572950173173,1.028397457462193,1.0078742745244842
217,4,1,0,0.0,1.0,0.14341043730725747,0.4356572950173173,1.028397457462193,1.0078742745244842
219,4,1,0,0.0,1.0,0.3936937896589954,0.4356572950173173,1.028397457462193,1.0078742745244842
220,4,1,0,0.4,0.1999999999999999,0.2701363110668869,0.4356572950173173,1.028397457462193,1.0078742745244842
237,4,1,0,0.4,0.1999999999999999,0.29740890157725713,0.4356572950173173,1.028397457462193,1.0078742745244842
247,4,1,0,0.2,0.6,0.482195386160382,0.4356572950173173,1.028397457462193,1.0078742745244842
259,4,1,0,0.0,1.0,0.15280020724602042,0.4356572950173173,1.028397457462193,1.0078742745244842
295,4,1,0,0.0,1.0,0.20675882441298588,0.4356572950173173,1.028397457462193,1.0078742745244842
299,4,1,1,0.8,0.6000000000000001,0.28994281926899557,0.4356572950173173,1.028397457462193,1.0078742745244842
310,4,1,0,0.2,0.6,0.36146993934952104,0.4356572950173173,1.028397457462193,1.0078742745244842
313,4,1,0,0.0,1.0,0.3289642369807718,0.4356572950173173,1.028397457462193,1.0078742745244842
317,4,1,0,0.4,0.1999999999999999,0.3398534391871456,0.4356572950173173,1.028397457462193,1.0078742745244842
327,4,1,0,0.0,1.0,0.48316144029972613,0.4356572950173173,1.028397457462193,1.0078742745244842
329,4,1,0,0.0,1.0,0.30568310873721233,0.4356572950173173,1.028397457462193,1.0078742745244842
336,4,1,0,0.4,0.1999999999999999,0.4358424094951935,0.4356572950173173,1.028397457462193,1.0078742745244842
340,4,1,1,0.6,0.1999999999999999,0.2993720613899999,0.4356572950173173,1.028397457462193,1.0078742745244842
342,4,1,0,0.2,0.6,0.33714196162560983,0.4356572950173173,1.028397457462193,1.0078742745244842
343,4,1,1,0.8,0.6000000000000001,0.7137700929745118,0.4356572950173173,1.028397457462193,1.0078742745244842
345,4,1,0,0.0,1.0,0.31770347044469943,0.4356572950173173,1.028397457462193,1.0078742745244842
349,4,1,0,0.0,1.0,0.2304070054008191,0.4356572950173173,1.028397457462193,1.0078742745244842
351,4,1,0,0.0,1.0,0.48741604667538874,0.4356572950173173,1.028397457462193,1.0078742745244842
367,4,1,0,0.25,0.5,0.3858075137269044,0.4356572950173173,1.028397457462193,1.0078742745244842
377,4,1,0,0.25,0.5,0.31923389929430634,0.4356572950173173,1.028397457462193,1.0078742745244842
379,4,1,1,0.75,0.5,0.6481977473317517,0.4356572950173173,1.028397457462193,1.0078742745244842
387,4,1,0,0.0,1.0,0.39448805700905126,0.4356572950173173,1.028397457462193,1.0078742745244842
390,4,1,1,0.75,0.5,0.4519467277621239,0.4356572950173173,1.028397457462193,1.0078742745244842
391,4,1,0,0.0,1.0,0.2572787219802948,0.4356572950173173,1.028397457462193,1.0078742745244842
397,4,1,1,0.75,0.5,0.609673012077258,0.4356572950173173,1.028397457462193,1.0078742745244842
408,4,1,0,0.4,0.1999999999999999,0.6342761141615015,0.4356572950173173,1.028397457462193,1.0078742745244842
413,4,1,0,0.0,1.0,0.6718436899628333,0.4356572950173173,1.028397457462193,1.0078742745244842
423,4,1,0,0.0,1.0,0.7646474387088975,0.4356572950173173,1.028397457462193,1.0078742745244842
425,4,1,0,0.0,1.0,0.4305898950605208,0.4356572950173173,1.028397457462193,1.0078742745244842
432,4,1,0,0.2,0.6,0.3622539803660178,0.4356572950173173,1.028397457462193,1.0078742745244842
437,4,1,1,0.6,0.1999999999999999,0.6961509694702505,0.4356572950173173,1.028397457462193,1.0078742745244842
443,4,1,0,0.0,1.0,0.44083440460192663,0.4356572950173173,1.028397457462193,1.0078742745244842
451,4,1,0,0.25,0.5,0.44581974080184283,0.4356572950173173,1.028397457462193,1.0078742745244842
454,4,1,0,0.0,1.0,0.5431102770234308,0.4356572950173173,1.028397457462193,1.0078742745244842
464,4,1,0,0.0,1.0,0.5541318255490977,0.4356572950173173,1.028397457462193,1.0078742745244842
468,4,1,0,0.25,0.5,0.5261864104976195,0.4356572950173173,1.028397457462193,1.0078742745244842
469,4,1,1,0.75,0.5,0.31313660625693834,0.4356572950173173,1.028397457462193,1.0078742745244842
476,4,1,0,0.0,1.0,0.6678645686649447,0.4356572950173173,1.028397457462193,1.0078742745244842
490,4,1,0,0.25,0.5,0.4278554034962352,0.4356572950173173,1.028397457462193,1.0078742745244842
493,4,1,0,0.0,1.0,0.5458816000140216,0.4356572950173173,1.028397457462193,1.0078742745244842
501,4,1,0,0.25,0.5,0.5397876940790932,0.4356572950173173,1.028397457462193,1.0078742745244842
503,4,1,0,0.0,1.0,0.4499141179752671,0.4356572950173173,1.028397457462193,1.0078742745244842
507,4,1,1,1.0,1.0,0.5048802285393426,0.4356572950173173,1.028397457462193,1.0078742745244842
528,4,1,0,0.0,1.0,0.4006480085058405,0.4356572950173173,1.028397457462193,1.0078742745244842
533,4,1,0,0.0,1.0,0.3721044617118991,0.4356572950173173,1.028397457462193,1.0078742745244842
542,4,1,0,0.25,0.5,0.33958026514928186,0.4356572950173173,1.028397457462193,1.0078742745244842
545,4,1,0,0.25,0.5,0.3612306196962449,0.4356572950173173,1.028397457462193,1.0078742745244842
557,4,1,0,0.3333333333333333,0.3333333333333333,0.20421785189465638,0.4356572950173173,1.028397457462193,1.0078742745244842
559,4,1,1,0.6666666666666666,0.3333333333333332,0.38860175787237694,0.4356572950173173,1.028397457462193,1.0078742745244842
572,4,1,1,0.8333333333333334,0.6666666666666667,0.5668430877958083,0.4356572950173173,1.028397457462193,1.0078742745244842
573,4,1,0,0.3333333333333333,0.3333333333333333,0.49753475761263716,0.4356572950173173,1.028397457462193,1.0078742745244842
584,4,1,1,0.6666666666666666,0.3333333333333332,0.7203896456262442,0.4356572950173173,1.028397457462193,1.0078742745244842
592,4,1,1,0.6,0.1999999999999999,0.7548699824715083,0.4356572950173173,1.028397457462193,1.0078742745244842
594,4,1,0,0.0,1.0,0.33937840972656197,0.4356572950173173,1.028397457462193,1.0078742745244842
610,4,1,0,0.25,0.5,0.6915068591447731,0.4356572950173173,1.028397457462193,1.0078742745244842
611,4,1,1,0.75,0.5,0.4345373970652278,0.4356572950173173,1.028397457462193,1.0078742745244842
620,4,1,1,0.75,0.5,0.6380673944756925,0.4356572950173173,1.028397457462193,1.0078742745244842
634,4,1,0,0.25,0.5,0.567343342863744,0.4356572950173173,1.028397457462193,1.0078742745244842
651,4,1,0,0.3333333333333333,0.3333333333333333,0.4551476464843132,0.4356572950173173,1.028397457462193,1.0078742745244842
654,4,1,0,0.1666666666666666,0.6666666666666667,0.5896992023831928,0.4356572950173173,1.028397457462193,1.0078742745244842
655,4,1,1,0.6666666666666666,0.3333333333333332,0.6134132348357809,0.4356572950173173,1.028397457462193,1.0078742745244842
658,4,1,0,0.1666666666666666,0.6666666666666667,0.7236114253110045,0.4356572950173173,1.028397457462193,1.0078742745244842
667,4,1,0,0.3333333333333333,0.3333333333333333,0.610597814510513,0.4356572950173173,1.028397457462193,1.0078742745244842
669,4,1,0,0.3333333333333333,0.3333333333333333,0.7285072684035963,0.4356572950173173,1.028397457462193,1.0078742745244842
671,4,1,0,0.3333333333333333,0.3333333333333333,0.685602730414824,0.4356572950173173,1.028397457462193,1.0078742745244842
680,4,1,0,0.0,1.0,0.28796600470668127,0.4356572950173173,1.028397457462193,1.0078742745244842
684,4,1,0,0.0,1.0,0.679500829946864,0.4356572950173173,1.028397457462193,1.0078742745244842
685,4,1,0,0.0,1.0,0.42861764220593773,0.4356572950173173,1.028397457462193,1.0078742745244842
688,4,1,0,0.1666666666666666,0.6666666666666667,0.710649293136744,0.4356572950173173,1.028397457462193,1.0078742745244842
690,4,1,0,0.0,1.0,0.4446141410771374,0.4356572950173173,1.028397457462193,1.0078742745244842
692,4,1,0,0.0,1.0,0.3421853011624311,0.4356572950173173,1.028397457462193,1.0078742745244842
711,4,1,1,0.6,0.1999999999999999,0.6489913480535183,0.4356572950173173,1.028397457462193,1.0078742745244842
713,4,1,1,0.6,0.1999999999999999,0.39398807248022105,0.4356572950173173,1.028397457462193,1.0078742745244842
718,4,1,0,0.1666666666666666,0.6666666666666667,0.6088909854782668,0.4356572950173173,1.028397457462193,1.0078742745244842
721,4,1,0,0.3333333333333333,0.3333333333333333,0.4507501575514454,0.4356572950173173,1.028397457462193,1.0078742745244842
724,4,1,0,0.2,0.6,0.4368757679331331,0.4356572950173173,1.028397457462193,1.0078742745244842
728,4,1,0,0.2,0.6,0.4910129089620109,0.4356572950173173,1.028397457462193,1.0078742745244842
733,4,1,0,0.1666666666666666,0.6666666666666667,0.5172049503652216,0.4356572950173173,1.028397457462193,1.0078742745244842
6,4,2,0,0.2,0.6,0.36551323330556174,0.48620336583549295,0.9386129802492473,0.8293299705783309
7,4,2,1,0.6,0.1999999999999999,0.5492693738020871,0.48620336583549295,0.9386129802492473,0.8293299705783309
16,4,2,1,0.6,0.1999999999999999,0.6193247932612141,0.48620336583549295,0.9386129802492473,0.8293299705783309
39,4,2,0,0.0,1.0,0.23155444908306494,0.48620336583549295,0.9386129802492473,0.8293299705783309
42,4,2,0,0.0,1.0,0.39163874574604257,0.48620336583549295,0.9386129802492473,0.8293299705783309
48,4,2,1,0.6,0.1999999999999999,0.33176505269434997,0.48620336583549295,0.9386129802492473,0.8293299705783309
49,4,2,0,0.3333333333333333,0.3333333333333333,0.41912828164052746,0.48620336583549295,0.9386129802492473,0.8293299705783309
50,4,2,1,0.8,0.6000000000000001,0.41806392432601747,0.48620336583549295,0.9386129802492473,0.8293299705783309
56,4,2,0,0.25,0.5,0.267621703760112,0.48620336583549295,0.9386129802492473,0.8293299705783309
58,4,2,0,0.25,0.5,0.360566937230828,0.48620336583549295,0.9386129802492473,0.8293299705783309
64,4,2,0,0.3333333333333333,0.3333333333333333,0.16838784839959844,0.48620336583549295,0.9386129802492473,0.8293299705783309
71,4,2,0,0.0,1.0,0.4048763811141881,0.48620336583549295,0.9386129802492473,0.8293299705783309
76,4,2,0,0.25,0.5,0.43265493064082866,0.48620336583549295,0.9386129802492473,0.8293299705783309
78,4,2,0,0.0,1.0,0.2403164747894647,0.48620336583549295,0.9386129802492473,0.8293299705783309
82,4,2,0,0.25,0.5,0.4712334691669245,0.48620336583549295,0.9386129802492473,0.8293299705783309
92,4,2,0,0.0,1.0,0.31329088457722104,0.48620336583549295,0.9386129802492473,0.8293299705783309
96,4,2,0,0.0,1.0,0.4089600724996481,0.48620336583549295,0.9386129802492473,0.8293299705783309
100,4,2,0,0.25,0.5,0.5376430607200064,0.48620336583549295,0.9386129802492473,0.8293299705783309
101,4,2,0,0.3333333333333333,0.3333333333333333,0.2345837270915498,0.48620336583549295,0.9386129802492473,0.8293299705783309
103,4,2,0,0.1111111111111111,0.7777777777777778,0.32191097320102363,0.48620336583549295,0.9386129802492473,0.8293299705783309
105,4,2,0,0.0,1.0,0.37361141864242464,0.48620336583549295,0.9386129802492473,0.8293299705783309
108,4,2,0,0.25,0.5,0.5083414054933085,0.48620336583549295,0.9386129802492473,0.8293299705783309
109,4,2,0,0.1111111111111111,0.7777777777777778,0.6099085451985184,0.48620336583549295,0.9386129802492473,0.8293299705783309
112,4,2,0,0.125,0.75,0.3777466494871963,0.48620336583549295,0.9386129802492473,0.8293299705783309
115,4,2,0,0.0,1.0,0.26516720866680715,0.48620336583549295,0.9386129802492473,0.8293299705783309
125,4,2,0,0.125,0.75,0.3545770567507008,0.48620336583549295,0.9386129802492473,0.8293299705783309
136,4,2,0,0.3333333333333333,0.3333333333333333,0.34174429751639257,0.48620336583549295,0.9386129802492473,0.8293299705783309
160,4,2,0,0.1666666666666666,0.6666666666666667,0.31347674719719926,0.48620336583549295,0.9386129802492473,0.8293299705783309
162,4,2,0,0.2,0.6,0.1957301360206448,0.48620336583549295,0.9386129802492473,0.8293299705783309
165,4,2,0,0.0,1.0,0.34010872820355265,0.48620336583549295,0.9386129802492473,0.8293299705783309
167,4,2,0,0.0,1.0,0.36025855885413816,0.48620336583549295,0.9386129802492473,0.8293299705783309
170,4,2,0,0.1666666666666666,0.6666666666666667,0.39243362037043134,0.48620336583549295,0.9386129802492473,0.8293299705783309
173,4,2,0,0.25,0.5,0.38317225101935387,0.48620336583549295,0.9386129802492473,0.8293299705783309
201,4,2,0,0.25,0.5,0.5424928213509426,0.48620336583549295,0.9386129802492473,0.8293299705783309
209,4,2,0,0.2,0.6,0.42687587077141775,0.48620336583549295,0.9386129802492473,0.8293299705783309
212,4,2,0,0.2,0.6,0.3655702804226373,0.48620336583549295,0.9386129802492473,0.8293299705783309
216,4,2,0,0.0,1.0,0.47850944009467694,0.48620336583549295,0.9386129802492473,0.8293299705783309
222,4,2,0,0.2,0.6,0.5065834205258123,0.48620336583549295,0.9386129802492473,0.8293299705783309
224,4,2,0,0.4,0.1999999999999999,0.3775543128605753,0.48620336583549295,0.9386129802492473,0.8293299705783309
228,4,2,0,0.2,0.6,0.43486629638765584,0.48620336583549295,0.9386129802492473,0.8293299705783309
238,4,2,0,0.25,0.5,0.2865827348253247,0.48620336583549295,0.9386129802492473,0.8293299705783309
241,4,2,1,0.6,0.1999999999999999,0.5902640905033111,0.48620336583549295,0.9386129802492473,0.8293299705783309
243,4,2,0,0.0,1.0,0.3519908476297496,0.48620336583549295,0.9386129802492473,0.8293299705783309
245,4,2,0,0.0,1.0,0.1441482351873509,0.48620336583549295,0.9386129802492473,0.8293299705783309
250,4,2,0,0.4,0.1999999999999999,0.6119062807098866,0.48620336583549295,0.9386129802492473,0.8293299705783309
251,4,2,0,0.25,0.5,0.3673229184221949,0.48620336583549295,0.9386129802492473,0.8293299705783309
257,4,2,0,0.25,0.5,0.20435505619979516,0.48620336583549295,0.9386129802492473,0.8293299705783309
261,4,2,0,0.25,0.5,0.4170915181468553,0.48620336583549295,0.9386129802492473,0.8293299705783309
266,4,2,0,0.25,0.5,0.44688572788608366,0.48620336583549295,0.9386129802492473,0.8293299705783309
279,4,2,0,0.2,0.6,0.33220423302089036,0.48620336583549295,0.9386129802492473,0.8293299705783309
280,4,2,0,0.25,0.5,0.524891368042142,0.48620336583549295,0.9386129802492473,0.8293299705783309
281,4,2,0,0.0,1.0,0.4783370465963139,0.48620336583549295,0.9386129802492473,0.8293299705783309
282,4,2,0,0.25,0.5,0.5048964078127841,0.48620336583549295,0.9386129802492473,0.8293299705783309
290,4,2,0,0.0,1.0,0.45591685567364154,0.48620336583549295,0.9386129802492473,0.8293299705783309
294,4,2,0,0.0,1.0,0.43482596053317707,0.48620336583549295,0.9386129802492473,0.8293299705783309
302,4,2,0,0.0,1.0,0.30635552570120345,0.48620336583549295,0.9386129802492473,0.8293299705783309
303,4,2,0,0.0,1.0,0.36840480907207385,0.48620336583549295,0.9386129802492473,0.8293299705783309
306,4,2,0,0.0,1.0,0.5260324977756144,0.48620336583549295,0.9386129802492473,0.8293299705783309
315,4,2,1,0.8,0.6000000000000001,0.5120431326426493,0.48620336583549295,0.9386129802492473,0.8293299705783309
328,4,2,1,0.6,0.1999999999999999,0.21209877295583587,0.48620336583549295,0.9386129802492473,0.8293299705783309
330,4,2,0,0.4,0.1999999999999999,0.5061583505479573,0.48620336583549295,0.9386129802492473,0.8293299705783309
334,4,2,0,0.4,0.1999999999999999,0.477225439715736,0.48620336583549295,0.9386129802492473,0.8293299705783309
337,4,2,0,0.0,1.0,0.3077917891574114,0.48620336583549295,0.9386129802492473,0.8293299705783309
338,4,2,0,0.4,0.1999999999999999,0.5310544523830524,0.48620336583549295,0.9386129802492473,0.8293299705783309
350,4,2,0,0.0,1.0,0.2813416001433069,0.48620336583549295,0.9386129802492473,0.8293299705783309
352,4,2,0,0.25,0.5,0.45872388112404655,0.48620336583549295,0.9386129802492473,0.8293299705783309
358,4,2,0,0.25,0.5,0.5343868858346389,0.48620336583549295,0.9386129802492473,0.8293299705783309
365,4,2,0,0.25,0.5,0.4287866626158478,0.48620336583549295,0.9386129802492473,0.8293299705783309
380,4,2,1,0.75,0.5,0.7258082221398099,0.48620336583549295,0.9386129802492473,0.8293299705783309
398,4,2,0,0.25,0.5,0.6460805051316263,0.48620336583549295,0.9386129802492473,0.8293299705783309
403,4,2,0,0.0,1.0,0.27740378098188523,0.48620336583549295,0.9386129802492473,0.8293299705783309
404,4,2,1,0.6,0.1999999999999999,0.7978949515282078,0.48620336583549295,0.9386129802492473,0.8293299705783309
406,4,2,1,0.6,0.1999999999999999,0.4748436067477373,0.48620336583549295,0.9386129802492473,0.8293299705783309
411,4,2,0,0.2,0.6,0.7175271076145889,0.48620336583549295,0.9386129802492473,0.8293299705783309
417,4,2,0,0.2,0.6,0.7872028636071581,0.48620336583549295,0.9386129802492473,0.8293299705783309
419,4,2,0,0.4,0.1999999999999999,0.6747086237753034,0.48620336583549295,0.9386129802492473,0.8293299705783309
422,4,2,1,0.6,0.1999999999999999,0.5206938533613795,0.48620336583549295,0.9386129802492473,0.8293299705783309
427,4,2,1,0.6,0.1999999999999999,0.6566999158652252,0.48620336583549295,0.9386129802492473,0.8293299705783309
428,4,2,1,0.6,0.1999999999999999,0.4790536513834655,0.48620336583549295,0.9386129802492473,0.8293299705783309
434,4,2,0,0.0,1.0,0.7467651935708242,0.48620336583549295,0.9386129802492473,0.8293299705783309
444,4,2,0,0.2,0.6,0.7055668260976837,0.48620336583549295,0.9386129802492473,0.8293299705783309
446,4,2,0,0.2,0.6,0.6986897366685694,0.48620336583549295,0.9386129802492473,0.8293299705783309
448,4,2,0,0.0,1.0,0.20786096886873376,0.48620336583549295,0.9386129802492473,0.8293299705783309
460,4,2,0,0.0,1.0,0.43213305382690165,0.48620336583549295,0.9386129802492473,0.8293299705783309
470,4,2,0,0.0,1.0,0.5434778307613964,0.48620336583549295,0.9386129802492473,0.8293299705783309
471,4,2,0,0.0,1.0,0.8286724428201591,0.48620336583549295,0.9386129802492473,0.8293299705783309
473,4,2,0,0.25,0.5,0.4515909415983699,0.48620336583549295,0.9386129802492473,0.8293299705783309
475,4,2,0,0.25,0.5,0.43133500461316765,0.48620336583549295,0.9386129802492473,0.8293299705783309
477,4,2,0,0.0,1.0,0.42356129429470396,0.48620336583549295,0.9386129802492473,0.8293299705783309
484,4,2,0,0.25,0.5,0.3260479658771739,0.48620336583549295,0.9386129802492473,0.8293299705783309
489,4,2,0,0.0,1.0,0.6354502146150371,0.48620336583549295,0.9386129802492473,0.8293299705783309
517,4,2,0,0.25,0.5,0.6563720000479011,0.48620336583549295,0.9386129802492473,0.8293299705783309
527,4,2,0,0.25,0.5,0.49665053419109,0.48620336583549295,0.9386129802492473,0.8293299705783309
536,4,2,0,0.3333333333333333,0.3333333333333333,0.695891322035815,0.48620336583549295,0.9386129802492473,0.8293299705783309
538,4,2,0,0.0,1.0,0.712543648039842,0.48620336583549295,0.9386129802492473,0.8293299705783309
555,4,2,0,0.3333333333333333,0.3333333333333333,0.6213997449396722,0.48620336583549295,0.9386129802492473,0.8293299705783309
560,4,2,0,0.1666666666666666,0.6666666666666667,0.3889071355536711,0.48620336583549295,0.9386129802492473,0.8293299705783309
566,4,2,0,0.1666666666666666,0.6666666666666667,0.4597094854874489,0.48620336583549295,0.9386129802492473,0.8293299705783309
568,4,2,1,1.0,1.0,0.5308218197576515,0.48620336583549295,0.9386129802492473,0.8293299705783309
581,4,2,0,0.3333333333333333,0.3333333333333333,0.5588179942395968,0.48620336583549295,0.9386129802492473,0.8293299705783309
590,4,2,0,0.3333333333333333,0.3333333333333333,0.8884739942240674,0.48620336583549295,0.9386129802492473,0.8293299705783309
595,4,2,1,0.8333333333333334,0.6666666666666667,0.5340009793100898,0.48620336583549295,0.9386129802492473,0.8293299705783309
597,4,2,0,0.0,1.0,0.26785751933559093,0.48620336583549295,0.9386129802492473,0.8293299705783309
599,4,2,0,0.0,1.0,0.5820086155814056,0.48620336583549295,0.9386129802492473,0.8293299705783309
600,4,2,0,0.1666666666666666,0.6666666666666667,0.8275070636514389,0.48620336583549295,0.9386129802492473,0.8293299705783309
601,4,2,0,0.0,1.0,0.26919962025357025,0.48620336583549295,0.9386129802492473,0.8293299705783309
613,4,2,0,0.0,1.0,0.8486765855274455,0.48620336583549295,0.9386129802492473,0.8293299705783309
614,4,2,1,0.75,0.5,0.7374973151413252,0.48620336583549295,0.9386129802492473,0.8293299705783309
622,4,2,1,0.75,0.5,0.5611873907237206,0.48620336583549295,0.9386129802492473,0.8293299705783309
624,4,2,0,0.25,0.5,0.5887408903883529,0.48620336583549295,0.9386129802492473,0.8293299705783309
625,4,2,0,0.0,1.0,0.4663777722786979,0.48620336583549295,0.9386129802492473,0.8293299705783309
641,4,2,0,0.0,1.0,0.6316117921512596,0.48620336583549295,0.9386129802492473,0.8293299705783309
646,4,2,0,0.0,1.0,0.19601799746491372,0.48620336583549295,0.9386129802492473,0.8293299705783309
659,4,2,1,0.6666666666666666,0.3333333333333332,0.6782624160553672,0.48620336583549295,0.9386129802492473,0.8293299705783309
664,4,2,1,0.6666666666666666,0.3333333333333332,0.6828180098574661,0.48620336583549295,0.9386129802492473,0.8293299705783309
676,4,2,0,0.1666666666666666,0.6666666666666667,0.4304931031442695,0.48620336583549295,0.9386129802492473,0.8293299705783309
677,4,2,1,0.6666666666666666,0.3333333333333332,0.4545028052399378,0.48620336583549295,0.9386129802492473,0.8293299705783309
696,4,2,0,0.1666666666666666,0.6666666666666667,0.8439066825088637,0.48620336583549295,0.9386129802492473,0.8293299705783309
702,4,2,0,0.1666666666666666,0.6666666666666667,0.7012716172621933,0.48620336583549295,0.9386129802492473,0.8293299705783309
706,4,2,1,0.6666666666666666,0.3333333333333332,0.6834957789727667,0.48620336583549295,0.9386129802492473,0.8293299705783309
708,4,2,0,0.0,1.0,0.5858240769467158,0.48620336583549295,0.9386129802492473,0.8293299705783309
712,4,2,0,0.1666666666666666,0.6666666666666667,0.5551270164799655,0.48620336583549295,0.9386129802492473,0.8293299705783309
720,4,2,0,0.0,1.0,0.30610394122304374,0.48620336583549295,0.9386129802492473,0.8293299705783309
723,4,2,0,0.1666666666666666,0.6666666666666667,0.45983221682426234,0.48620336583549295,0.9386129802492473,0.8293299705783309
734,4,2,0,0.0,1.0,0.40087309806281674,0.48620336583549295,0.9386129802492473,0.8293299705783309
738,4,2,0,0.3333333333333333,0.3333333333333333,0.4310241045289992,0.48620336583549295,0.9386129802492473,0.8293299705783309
741,4,2,0,0.2,0.6,0.647685573666587,0.48620336583549295,0.9386129802492473,0.8293299705783309
8,4,3,0,0.0,1.0,0.38377226541688114,0.5213390981202114,0.6244446289153289,0.7430526707702373
12,4,3,0,0.4,0.1999999999999999,0.2885054452516674,0.5213390981202114,0.6244446289153289,0.7430526707702373
14,4,3,0,0.2,0.6,0.5407571657227765,0.5213390981202114,0.6244446289153289,0.7430526707702373
15,4,3,0,0.4,0.1999999999999999,0.328950426895494,0.5213390981202114,0.6244446289153289,0.7430526707702373
17,4,3,0,0.4,0.1999999999999999,0.6693954611832531,0.5213390981202114,0.6244446289153289,0.7430526707702373
18,4,3,1,0.6,0.1999999999999999,0.6077380293628938,0.5213390981202114,0.6244446289153289,0.7430526707702373
22,4,3,0,0.2,0.6,0.5005131317733625,0.5213390981202114,0.6244446289153289,0.7430526707702373
27,4,3,0,0.2,0.6,0.3146071387151936,0.5213390981202114,0.6244446289153289,0.7430526707702373
33,4,3,0,0.4,0.1999999999999999,0.4915853707288665,0.5213390981202114,0.6244446289153289,0.7430526707702373
53,4,3,0,0.1666666666666666,0.6666666666666667,0.3333459949732953,0.5213390981202114,0.6244446289153289,0.7430526707702373
55,4,3,0,0.0,1.0,0.31656560275525275,0.5213390981202114,0.6244446289153289,0.7430526707702373
62,4,3,0,0.25,0.5,0.2732383703615044,0.5213390981202114,0.6244446289153289,0.7430526707702373
68,4,3,0,0.0,1.0,0.3035973587890118,0.5213390981202114,0.6244446289153289,0.7430526707702373
75,4,3,0,0.0,1.0,0.4971427787835505,0.5213390981202114,0.6244446289153289,0.7430526707702373
77,4,3,0,0.25,0.5,0.43226359795498215,0.5213390981202114,0.6244446289153289,0.7430526707702373
79,4,3,0,0.25,0.5,0.3640034653965462,0.5213390981202114,0.6244446289153289,0.7430526707702373
84,4,3,0,0.3333333333333333,0.3333333333333333,0.5523781784430373,0.5213390981202114,0.6244446289153289,0.7430526707702373
97,4,3,0,0.25,0.5,0.316643966339232,0.5213390981202114,0.6244446289153289,0.7430526707702373
98,4,3,0,0.3333333333333333,0.3333333333333333,0.5060587430901625,0.5213390981202114,0.6244446289153289,0.7430526707702373
104,4,3,0,0.1111111111111111,0.7777777777777778,0.4369616657200776,0.5213390981202114,0.6244446289153289,0.7430526707702373
114,4,3,0,0.1111111111111111,0.7777777777777778,0.5039573924128673,0.5213390981202114,0.6244446289153289,0.7430526707702373
119,4,3,0,0.1111111111111111,0.7777777777777778,0.4561583610052057,0.5213390981202114,0.6244446289153289,0.7430526707702373
120,4,3,0,0.0,1.0,0.47324473771917075,0.5213390981202114,0.6244446289153289,0.7430526707702373
122,4,3,0,0.0,1.0,0.31372193332064297,0.5213390981202114,0.6244446289153289,0.7430526707702373
126,4,3,0,0.2222222222222222,0.5555555555555556,0.6622825202985292,0.5213390981202114,0.6244446289153289,0.7430526707702373
132,4,3,0,0.2222222222222222,0.5555555555555556,0.46031357506531967,0.5213390981202114,0.6244446289153289,0.7430526707702373
134,4,3,0,0.1111111111111111,0.7777777777777778,0.46744455612487334,0.5213390981202114,0.6244446289153289,0.7430526707702373
135,4,3,0,0.1666666666666666,0.6666666666666667,0.2874140994544811,0.5213390981202114,0.6244446289153289,0.7430526707702373
137,4,3,1,0.6666666666666666,0.3333333333333332,0.22675034962987264,0.5213390981202114,0.6244446289153289,0.7430526707702373
146,4,3,1,0.8888888888888888,0.7777777777777777,0.45461761870223183,0.5213390981202114,0.6244446289153289,0.7430526707702373
153,4,3,0,0.0,1.0,0.29716859969200343,0.5213390981202114,0.6244446289153289,0.7430526707702373
157,4,3,0,0.25,0.5,0.36011946120753396,0.5213390981202114,0.6244446289153289,0.7430526707702373
163,4,3,0,0.25,0.5,0.4736178748450336,0.5213390981202114,0.6244446289153289,0.7430526707702373
166,4,3,0,0.25,0.5,0.44691731685810027,0.5213390981202114,0.6244446289153289,0.7430526707702373
168,4,3,0,0.25,0.5,0.3160972596141208,0.5213390981202114,0.6244446289153289,0.7430526707702373
176,4,3,0,0.0,1.0,0.3940423133504956,0.5213390981202114,0.6244446289153289,0.7430526707702373
178,4,3,0,0.0,1.0,0.5210774177298428,0.5213390981202114,0.6244446289153289,0.7430526707702373
180,4,3,0,0.0,1.0,0.6075783827245372,0.5213390981202114,0.6244446289153289,0.7430526707702373
184,4,3,0,0.0,1.0,0.274921049567787,0.5213390981202114,0.6244446289153289,0.7430526707702373
197,4,3,0,0.0,1.0,0.42374795886987837,0.5213390981202114,0.6244446289153289,0.7430526707702373
207,4,3,0,0.2,0.6,0.4198992262092332,0.5213390981202114,0.6244446289153289,0.7430526707702373
211,4,3,1,0.6,0.1999999999999999,0.573071187873778,0.5213390981202114,0.6244446289153289,0.7430526707702373
213,4,3,0,0.4,0.1999999999999999,0.26799985941376203,0.5213390981202114,0.6244446289153289,0.7430526707702373
229,4,3,0,0.0,1.0,0.5486889802023265,0.5213390981202114,0.6244446289153289,0.7430526707702373
235,4,3,0,0.0,1.0,0.4102326256855767,0.5213390981202114,0.6244446289153289,0.7430526707702373
242,4,3,1,0.6,0.1999999999999999,0.36259510901704617,0.5213390981202114,0.6244446289153289,0.7430526707702373
244,4,3,1,0.6,0.1999999999999999,0.5160638507624352,0.5213390981202114,0.6244446289153289,0.7430526707702373
249,4,3,1,0.6,0.1999999999999999,0.5071980482334428,0.5213390981202114,0.6244446289153289,0.7430526707702373
253,4,3,0,0.0,1.0,0.46621862359063115,0.5213390981202114,0.6244446289153289,0.7430526707702373
254,4,3,0,0.25,0.5,0.2662502919796639,0.5213390981202114,0.6244446289153289,0.7430526707702373
258,4,3,0,0.0,1.0,0.20434268421479623,0.5213390981202114,0.6244446289153289,0.7430526707702373
267,4,3,0,0.0,1.0,0.1933771121152771,0.5213390981202114,0.6244446289153289,0.7430526707702373
286,4,3,0,0.2,0.6,0.49220620886154254,0.5213390981202114,0.6244446289153289,0.7430526707702373
287,4,3,0,0.25,0.5,0.5489709629323595,0.5213390981202114,0.6244446289153289,0.7430526707702373
296,4,3,0,0.0,1.0,0.344778134988874,0.5213390981202114,0.6244446289153289,0.7430526707702373
307,4,3,0,0.4,0.1999999999999999,0.46012777622777423,0.5213390981202114,0.6244446289153289,0.7430526707702373
314,4,3,0,0.0,1.0,0.46018265479774156,0.5213390981202114,0.6244446289153289,0.7430526707702373
325,4,3,0,0.0,1.0,0.49599640407613815,0.5213390981202114,0.6244446289153289,0.7430526707702373
331,4,3,0,0.0,1.0,0.27769862026346576,0.5213390981202114,0.6244446289153289,0.7430526707702373
347,4,3,0,0.4,0.1999999999999999,0.5579137873634753,0.5213390981202114,0.6244446289153289,0.7430526707702373
355,4,3,0,0.25,0.5,0.46544095638625244,0.5213390981202114,0.6244446289153289,0.7430526707702373
356,4,3,0,0.25,0.5,0.3770045451416657,0.5213390981202114,0.6244446289153289,0.7430526707702373
361,4,3,0,0.0,1.0,0.31578806067912085,0.5213390981202114,0.6244446289153289,0.7430526707702373
362,4,3,1,0.75,0.5,0.3338267608936942,0.5213390981202114,0.6244446289153289,0.7430526707702373
363,4,3,0,0.0,1.0,0.573077391437737,0.5213390981202114,0.6244446289153289,0.7430526707702373
366,4,3,0,0.0,1.0,0.4543634144943504,0.5213390981202114,0.6244446289153289,0.7430526707702373
371,4,3,0,0.25,0.5,0.6143035383381973,0.5213390981202114,0.6244446289153289,0.7430526707702373
372,4,3,0,0.25,0.5,0.4800665701768472,0.5213390981202114,0.6244446289153289,0.7430526707702373
386,4,3,0,0.25,0.5,0.4245436475730497,0.5213390981202114,0.6244446289153289,0.7430526707702373
396,4,3,1,0.75,0.5,0.6475944934207214,0.5213390981202114,0.6244446289153289,0.7430526707702373
401,4,3,0,0.2,0.6,0.45963523688448366,0.5213390981202114,0.6244446289153289,0.7430526707702373
402,4,3,1,0.6,0.1999999999999999,0.43862315984551153,0.5213390981202114,0.6244446289153289,0.7430526707702373
412,4,3,1,1.0,1.0,0.5256614985621265,0.5213390981202114,0.6244446289153289,0.7430526707702373
414,4,3,1,0.6,0.1999999999999999,0.7397395018343522,0.5213390981202114,0.6244446289153289,0.7430526707702373
418,4,3,0,0.0,1.0,0.5770601663597016,0.5213390981202114,0.6244446289153289,0.7430526707702373
426,4,3,1,0.8,0.6000000000000001,0.5695734417350183,0.5213390981202114,0.6244446289153289,0.7430526707702373
429,4,3,0,0.0,1.0,0.7069980150133854,0.5213390981202114,0.6244446289153289,0.7430526707702373
430,4,3,1,0.6,0.1999999999999999,0.635954572778014,0.5213390981202114,0.6244446289153289,0.7430526707702373
433,4,3,0,0.0,1.0,0.5759652381889331,0.5213390981202114,0.6244446289153289,0.7430526707702373
442,4,3,1,0.8,0.6000000000000001,0.46446909113618506,0.5213390981202114,0.6244446289153289,0.7430526707702373
458,4,3,0,0.0,1.0,0.5908019814133985,0.5213390981202114,0.6244446289153289,0.7430526707702373
463,4,3,0,0.25,0.5,0.45120517304842844,0.5213390981202114,0.6244446289153289,0.7430526707702373
478,4,3,0,0.0,1.0,0.40332419584848234,0.5213390981202114,0.6244446289153289,0.7430526707702373
482,4,3,0,0.0,1.0,0.2948196228481665,0.5213390981202114,0.6244446289153289,0.7430526707702373
495,4,3,0,0.0,1.0,0.6440472801168872,0.5213390981202114,0.6244446289153289,0.7430526707702373
497,4,3,0,0.0,1.0,0.2741900735373494,0.5213390981202114,0.6244446289153289,0.7430526707702373
498,4,3,0,0.0,1.0,0.3293655806288293,0.5213390981202114,0.6244446289153289,0.7430526707702373
500,4,3,0,0.25,0.5,0.5518438435843231,0.5213390981202114,0.6244446289153289,0.7430526707702373
502,4,3,1,0.75,0.5,0.5282075021555264,0.5213390981202114,0.6244446289153289,0.7430526707702373
509,4,3,0,0.25,0.5,0.5469717122646889,0.5213390981202114,0.6244446289153289,0.7430526707702373
518,4,3,0,0.25,0.5,0.6873219605858026,0.5213390981202114,0.6244446289153289,0.7430526707702373
522,4,3,0,0.25,0.5,0.47803621985549977,0.5213390981202114,0.6244446289153289,0.7430526707702373
523,4,3,0,0.25,0.5,0.5619486864195965,0.5213390981202114,0.6244446289153289,0.7430526707702373
524,4,3,0,0.0,1.0,0.6256022013471344,0.5213390981202114,0.6244446289153289,0.7430526707702373
535,4,3,0,0.25,0.5,0.6991547026529099,0.5213390981202114,0.6244446289153289,0.7430526707702373
549,4,3,0,0.0,1.0,0.39566305281093245,0.5213390981202114,0.6244446289153289,0.7430526707702373
569,4,3,0,0.1666666666666666,0.6666666666666667,0.5885343462240422,0.5213390981202114,0.6244446289153289,0.7430526707702373
574,4,3,0,0.3333333333333333,0.3333333333333333,0.49795168891683955,0.5213390981202114,0.6244446289153289,0.7430526707702373
577,4,3,0,0.1666666666666666,0.6666666666666667,0.6049252940080413,0.5213390981202114,0.6244446289153289,0.7430526707702373
579,4,3,0,0.3333333333333333,0.3333333333333333,0.6659562966747338,0.5213390981202114,0.6244446289153289,0.7430526707702373
587,4,3,1,0.8333333333333334,0.6666666666666667,0.6154934198105784,0.5213390981202114,0.6244446289153289,0.7430526707702373
602,4,3,0,0.25,0.5,0.6833603048903997,0.5213390981202114,0.6244446289153289,0.7430526707702373
615,4,3,1,0.75,0.5,0.7466563457194667,0.5213390981202114,0.6244446289153289,0.7430526707702373
616,4,3,1,0.75,0.5,0.5803780041825977,0.5213390981202114,0.6244446289153289,0.7430526707702373
628,4,3,0,0.0,1.0,0.5028168954485143,0.5213390981202114,0.6244446289153289,0.7430526707702373
631,4,3,0,0.0,1.0,0.5568665952669107,0.5213390981202114,0.6244446289153289,0.7430526707702373
636,4,3,0,0.0,1.0,0.6332756918703119,0.5213390981202114,0.6244446289153289,0.7430526707702373
638,4,3,0,0.25,0.5,0.6199073587421703,0.5213390981202114,0.6244446289153289,0.7430526707702373
639,4,3,0,0.0,1.0,0.45706148610986985,0.5213390981202114,0.6244446289153289,0.7430526707702373
640,4,3,1,0.75,0.5,0.6257556071826091,0.5213390981202114,0.6244446289153289,0.7430526707702373
644,4,3,0,0.25,0.5,0.5936591168927918,0.5213390981202114,0.6244446289153289,0.7430526707702373
652,4,3,0,0.0,1.0,0.21464151475194265,0.5213390981202114,0.6244446289153289,0.7430526707702373
668,4,3,0,0.1666666666666666,0.6666666666666667,0.7516526290866966,0.5213390981202114,0.6244446289153289,0.7430526707702373
672,4,3,0,0.0,1.0,0.4286242572385198,0.5213390981202114,0.6244446289153289,0.7430526707702373
681,4,3,0,0.1666666666666666,0.6666666666666667,0.7557514524063565,0.5213390981202114,0.6244446289153289,0.7430526707702373
682,4,3,0,0.1666666666666666,0.6666666666666667,0.6639301078634857,0.5213390981202114,0.6244446289153289,0.7430526707702373
687,4,3,0,0.3333333333333333,0.3333333333333333,0.5905441819058197,0.5213390981202114,0.6244446289153289,0.7430526707702373
694,4,3,0,0.3333333333333333,0.3333333333333333,0.530301488917802,0.5213390981202114,0.6244446289153289,0.7430526707702373
703,4,3,0,0.0,1.0,0.5720510131385454,0.5213390981202114,0.6244446289153289,0.7430526707702373
704,4,3,0,0.3333333333333333,0.3333333333333333,0.5773352070275565,0.5213390981202114,0.6244446289153289,0.7430526707702373
709,4,3,0,0.3333333333333333,0.3333333333333333,0.5822397198965003,0.5213390981202114,0.6244446289153289,0.7430526707702373
710,4,3,0,0.0,1.0,0.3266819621545983,0.5213390981202114,0.6244446289153289,0.7430526707702373
714,4,3,0,0.3333333333333333,0.3333333333333333,0.3562243498055321,0.5213390981202114,0.6244446289153289,0.7430526707702373
719,4,3,0,0.1666666666666666,0.6666666666666667,0.5090942820034509,0.5213390981202114,0.6244446289153289,0.7430526707702373
722,4,3,0,0.2,0.6,0.40079926901315,0.5213390981202114,0.6244446289153289,0.7430526707702373
735,4,3,0,0.0,1.0,0.27746246381573697,0.5213390981202114,0.6244446289153289,0.7430526707702373
737,4,3,0,0.1666666666666666,0.6666666666666667,0.4172928435424296,0.5213390981202114,0.6244446289153289,0.7430526707702373
2,4,4,0,0.4,0.1999999999999999,0.39072730609031125,0.48761722553203096,0.18391687140811092,0.8307624557215957
4,4,4,1,0.6,0.1999999999999999,0.5640614781104873,0.48761722553203096,0.18391687140811092,0.8307624557215957
5,4,4,0,0.2,0.6,0.46531504078667635,0.48761722553203096,0.18391687140811092,0.8307624557215957
9,4,4,0,0.0,1.0,0.2894337325832328,0.48761722553203096,0.18391687140811092,0.8307624557215957
20,4,4,0,0.25,0.5,0.29666068315978056,0.48761722553203096,0.18391687140811092,0.8307624557215957
32,4,4,0,0.2,0.6,0.3338809789153669,0.48761722553203096,0.18391687140811092,0.8307624557215957
40,4,4,0,0.2,0.6,0.2942824173556268,0.48761722553203096,0.18391687140811092,0.8307624557215957
63,4,4,0,0.0,1.0,0.43994564780483214,0.48761722553203096,0.18391687140811092,0.8307624557215957
69,4,4,0,0.0,1.0,0.3336883062317865,0.48761722553203096,0.18391687140811092,0.8307624557215957
73,4,4,0,0.0,1.0,0.29757677226783275,0.48761722553203096,0.18391687140811092,0.8307624557215957
74,4,4,0,0.0,1.0,0.5611533224651905,0.48761722553203096,0.18391687140811092,0.8307624557215957
80,4,4,0,0.0,1.0,0.5076559927527822,0.48761722553203096,0.18391687140811092,0.8307624557215957
85,4,4,0,0.25,0.5,0.5850461919459482,0.48761722553203096,0.18391687140811092,0.8307624557215957
86,4,4,0,0.0,1.0,0.3478270424959382,0.48761722553203096,0.18391687140811092,0.8307624557215957
89,4,4,0,0.25,0.5,0.5371198252100162,0.48761722553203096,0.18391687140811092,0.8307624557215957
99,4,4,0,0.0,1.0,0.4557091497373502,0.48761722553203096,0.18391687140811092,0.8307624557215957
113,4,4,0,0.1111111111111111,0.7777777777777778,0.5910615248565173,0.48761722553203096,0.18391687140811092,0.8307624557215957
117,4,4,0,0.25,0.5,0.3341317584731859,0.48761722553203096,0.18391687140811092,0.8307624557215957
123,4,4,0,0.0,1.0,0.4932881507037227,0.48761722553203096,0.18391687140811092,0.8307624557215957
130,4,4,0,0.1111111111111111,0.7777777777777778,0.2742997670364198,0.48761722553203096,0.18391687140811092,0.8307624557215957
138,4,4,1,0.5555555555555556,0.1111111111111111,0.48177855464979913,0.48761722553203096,0.18391687140811092,0.8307624557215957
141,4,4,0,0.0,1.0,0.5165523591439071,0.48761722553203096,0.18391687140811092,0.8307624557215957
142,4,4,0,0.0,1.0,0.5615054790938628,0.48761722553203096,0.18391687140811092,0.8307624557215957
144,4,4,0,0.0,1.0,0.5030159440631503,0.48761722553203096,0.18391687140811092,0.8307624557215957
149,4,4,0,0.3333333333333333,0.3333333333333333,0.26240621298675837,0.48761722553203096,0.18391687140811092,0.8307624557215957
150,4,4,0,0.0,1.0,0.3759830724502509,0.48761722553203096,0.18391687140811092,0.8307624557215957
152,4,4,0,0.0,1.0,0.19523755858175795,0.48761722553203096,0.18391687140811092,0.8307624557215957
154,4,4,0,0.25,0.5,0.20772907916985625,0.48761722553203096,0.18391687140811092,0.8307624557215957
155,4,4,0,0.25,0.5,0.40906699675724906,0.48761722553203096,0.18391687140811092,0.8307624557215957
161,4,4,0,0.0,1.0,0.275630683507079,0.48761722553203096,0.18391687140811092,0.8307624557215957
164,4,4,0,0.0,1.0,0.23889881882324038,0.48761722553203096,0.18391687140811092,0.8307624557215957
175,4,4,0,0.0,1.0,0.3435830958806318,0.48761722553203096,0.18391687140811092,0.8307624557215957
186,4,4,0,0.0,1.0,0.38666466181048265,0.48761722553203096,0.18391687140811092,0.8307624557215957
193,4,4,0,0.25,0.5,0.5025731620297109,0.48761722553203096,0.18391687140811092,0.8307624557215957
199,4,4,0,0.25,0.5,0.26478370440709165,0.48761722553203096,0.18391687140811092,0.8307624557215957
202,4,4,1,0.6,0.1999999999999999,0.3302228133301925,0.48761722553203096,0.18391687140811092,0.8307624557215957
208,4,4,0,0.0,1.0,0.15520891681309062,0.48761722553203096,0.18391687140811092,0.8307624557215957
210,4,4,0,0.4,0.1999999999999999,0.7089051328866408,0.48761722553203096,0.18391687140811092,0.8307624557215957
221,4,4,1,0.8,0.6000000000000001,0.35159746041970075,0.48761722553203096,0.18391687140811092,0.8307624557215957
223,4,4,0,0.2,0.6,0.4077571832807585,0.48761722553203096,0.18391687140811092,0.8307624557215957
225,4,4,0,0.2,0.6,0.43074531324156723,0.48761722553203096,0.18391687140811092,0.8307624557215957
232,4,4,0,0.25,0.5,0.44467939204996765,0.48761722553203096,0.18391687140811092,0.8307624557215957
260,4,4,0,0.25,0.5,0.35623480815658404,0.48761722553203096,0.18391687140811092,0.8307624557215957
263,4,4,0,0.2,0.6,0.3310912207161852,0.48761722553203096,0.18391687140811092,0.8307624557215957
264,4,4,0,0.25,0.5,0.2921715093977182,0.48761722553203096,0.18391687140811092,0.8307624557215957
270,4,4,0,0.0,1.0,0.632470461089266,0.48761722553203096,0.18391687140811092,0.8307624557215957
271,4,4,0,0.0,1.0,0.5519790676143115,0.48761722553203096,0.18391687140811092,0.8307624557215957
276,4,4,0,0.2,0.6,0.43739301270195147,0.48761722553203096,0.18391687140811092,0.8307624557215957
283,4,4,0,0.25,0.5,0.4053745785067001,0.48761722553203096,0.18391687140811092,0.8307624557215957
285,4,4,0,0.4,0.1999999999999999,0.4006104631709461,0.48761722553203096,0.18391687140811092,0.8307624557215957
288,4,4,1,0.75,0.5,0.26764361783957646,0.48761722553203096,0.18391687140811092,0.8307624557215957
291,4,4,0,0.0,1.0,0.5118893258333677,0.48761722553203096,0.18391687140811092,0.8307624557215957
292,4,4,0,0.25,0.5,0.5899283951206158,0.48761722553203096,0.18391687140811092,0.8307624557215957
298,4,4,0,0.25,0.5,0.6148687371196442,0.48761722553203096,0.18391687140811092,0.8307624557215957
300,4,4,0,0.0,1.0,0.5025974893822389,0.48761722553203096,0.18391687140811092,0.8307624557215957
308,4,4,0,0.4,0.1999999999999999,0.4958927941808159,0.48761722553203096,0.18391687140811092,0.8307624557215957
309,4,4,1,0.8,0.6000000000000001,0.4617635904805277,0.48761722553203096,0.18391687140811092,0.8307624557215957
312,4,4,0,0.0,1.0,0.4710369797631289,0.48761722553203096,0.18391687140811092,0.8307624557215957
318,4,4,0,0.4,0.1999999999999999,0.4673811566974227,0.48761722553203096,0.18391687140811092,0.8307624557215957
321,4,4,1,0.6,0.1999999999999999,0.5871061907990941,0.48761722553203096,0.18391687140811092,0.8307624557215957
322,4,4,1,0.6,0.1999999999999999,0.6960622155157411,0.48761722553203096,0.18391687140811092,0.8307624557215957
323,4,4,0,0.0,1.0,0.5841426363451884,0.48761722553203096,0.18391687140811092,0.8307624557215957
324,4,4,0,0.2,0.6,0.47771412421113135,0.48761722553203096,0.18391687140811092,0.8307624557215957
333,4,4,0,0.0,1.0,0.46076523997523294,0.48761722553203096,0.18391687140811092,0.8307624557215957
344,4,4,0,0.2,0.6,0.42637102632926643,0.48761722553203096,0.18391687140811092,0.8307624557215957
354,4,4,0,0.25,0.5,0.5315280750832753,0.48761722553203096,0.18391687140811092,0.8307624557215957
359,4,4,0,0.25,0.5,0.4757022411805774,0.48761722553203096,0.18391687140811092,0.8307624557215957
360,4,4,0,0.25,0.5,0.25882258291287286,0.48761722553203096,0.18391687140811092,0.8307624557215957
369,4,4,0,0.0,1.0,0.3292575131863581,0.48761722553203096,0.18391687140811092,0.8307624557215957
373,4,4,0,0.0,1.0,0.5012299308872933,0.48761722553203096,0.18391687140811092,0.8307624557215957
383,4,4,0,0.0,1.0,0.3087656512287688,0.48761722553203096,0.18391687140811092,0.8307624557215957
384,4,4,0,0.25,0.5,0.44879049949907734,0.48761722553203096,0.18391687140811092,0.8307624557215957
405,4,4,0,0.0,1.0,0.5141916157245462,0.48761722553203096,0.18391687140811092,0.8307624557215957
407,4,4,0,0.2,0.6,0.6279313444510697,0.48761722553203096,0.18391687140811092,0.8307624557215957
415,4,4,0,0.0,1.0,0.6433660900518909,0.48761722553203096,0.18391687140811092,0.8307624557215957
421,4,4,0,0.2,0.6,0.40645722707650556,0.48761722553203096,0.18391687140811092,0.8307624557215957
424,4,4,1,0.6,0.1999999999999999,0.6087224276801582,0.48761722553203096,0.18391687140811092,0.8307624557215957
431,4,4,0,0.4,0.1999999999999999,0.6401932346890817,0.48761722553203096,0.18391687140811092,0.8307624557215957
436,4,4,0,0.4,0.1999999999999999,0.5052280862205575,0.48761722553203096,0.18391687140811092,0.8307624557215957
441,4,4,0,0.2,0.6,0.763427966522753,0.48761722553203096,0.18391687140811092,0.8307624557215957
445,4,4,0,0.0,1.0,0.4496167387170607,0.48761722553203096,0.18391687140811092,0.8307624557215957
447,4,4,0,0.0,1.0,0.2650695685213347,0.48761722553203096,0.18391687140811092,0.8307624557215957
449,4,4,0,0.4,0.1999999999999999,0.2775443201864018,0.48761722553203096,0.18391687140811092,0.8307624557215957
453,4,4,0,0.25,0.5,0.543954133061806,0.48761722553203096,0.18391687140811092,0.8307624557215957
467,4,4,1,1.0,1.0,0.7193750664814456,0.48761722553203096,0.18391687140811092,0.8307624557215957
472,4,4,0,0.25,0.5,0.5098106005142456,0.48761722553203096,0.18391687140811092,0.8307624557215957
474,4,4,0,0.0,1.0,0.4747375152068019,0.48761722553203096,0.18391687140811092,0.8307624557215957
479,4,4,0,0.0,1.0,0.559399946824919,0.48761722553203096,0.18391687140811092,0.8307624557215957
481,4,4,0,0.0,1.0,0.6394592216308543,0.48761722553203096,0.18391687140811092,0.8307624557215957
486,4,4,0,0.25,0.5,0.6948546549371608,0.48761722553203096,0.18391687140811092,0.8307624557215957
487,4,4,0,0.2,0.6,0.26415433506834324,0.48761722553203096,0.18391687140811092,0.8307624557215957
508,4,4,1,0.75,0.5,0.5598738737373132,0.48761722553203096,0.18391687140811092,0.8307624557215957
512,4,4,1,1.0,1.0,0.7493749562882637,0.48761722553203096,0.18391687140811092,0.8307624557215957
513,4,4,0,0.0,1.0,0.6399815084479992,0.48761722553203096,0.18391687140811092,0.8307624557215957
514,4,4,1,0.75,0.5,0.7016486464284246,0.48761722553203096,0.18391687140811092,0.8307624557215957
516,4,4,0,0.0,1.0,0.5404222511105853,0.48761722553203096,0.18391687140811092,0.8307624557215957
519,4,4,0,0.0,1.0,0.58068718490511,0.48761722553203096,0.18391687140811092,0.8307624557215957
521,4,4,1,0.75,0.5,0.5941608650109588,0.48761722553203096,0.18391687140811092,0.8307624557215957
525,4,4,0,0.2,0.6,0.20984108285177433,0.48761722553203096,0.18391687140811092,0.8307624557215957
531,4,4,1,0.75,0.5,0.5662871925843646,0.48761722553203096,0.18391687140811092,0.8307624557215957
532,4,4,0,0.0,1.0,0.3970019875959521,0.48761722553203096,0.18391687140811092,0.8307624557215957
539,4,4,0,0.25,0.5,0.6253743167949202,0.48761722553203096,0.18391687140811092,0.8307624557215957
540,4,4,0,0.25,0.5,0.7231316666956421,0.48761722553203096,0.18391687140811092,0.8307624557215957
551,4,4,1,0.6666666666666666,0.3333333333333332,0.8155125513473972,0.48761722553203096,0.18391687140811092,0.8307624557215957
552,4,4,1,0.6666666666666666,0.3333333333333332,0.6555855501877188,0.48761722553203096,0.18391687140811092,0.8307624557215957
562,4,4,0,0.3333333333333333,0.3333333333333333,0.7731992874384149,0.48761722553203096,0.18391687140811092,0.8307624557215957
563,4,4,0,0.0,1.0,0.6066943845677484,0.48761722553203096,0.18391687140811092,0.8307624557215957
588,4,4,0,0.1666666666666666,0.6666666666666667,0.7829856975839121,0.48761722553203096,0.18391687140811092,0.8307624557215957
589,4,4,0,0.3333333333333333,0.3333333333333333,0.6262863721799208,0.48761722553203096,0.18391687140811092,0.8307624557215957
598,4,4,0,0.3333333333333333,0.3333333333333333,0.7589275521157103,0.48761722553203096,0.18391687140811092,0.8307624557215957
604,4,4,1,0.75,0.5,0.7007161150217721,0.48761722553203096,0.18391687140811092,0.8307624557215957
606,4,4,0,0.25,0.5,0.5535530904247213,0.48761722553203096,0.18391687140811092,0.8307624557215957
607,4,4,0,0.0,1.0,0.4937305028828483,0.48761722553203096,0.18391687140811092,0.8307624557215957
612,4,4,0,0.0,1.0,0.3105520648035107,0.48761722553203096,0.18391687140811092,0.8307624557215957
660,4,4,0,0.1666666666666666,0.6666666666666667,0.5851520683435837,0.48761722553203096,0.18391687140811092,0.8307624557215957
661,4,4,1,0.8333333333333334,0.6666666666666667,0.7141758409048496,0.48761722553203096,0.18391687140811092,0.8307624557215957
663,4,4,0,0.3333333333333333,0.3333333333333333,0.5600935792453978,0.48761722553203096,0.18391687140811092,0.8307624557215957
674,4,4,0,0.3333333333333333,0.3333333333333333,0.5675214115616619,0.48761722553203096,0.18391687140811092,0.8307624557215957
678,4,4,0,0.3333333333333333,0.3333333333333333,0.43018029080885745,0.48761722553203096,0.18391687140811092,0.8307624557215957
683,4,4,1,0.8333333333333334,0.6666666666666667,0.7188640565033673,0.48761722553203096,0.18391687140811092,0.8307624557215957
686,4,4,0,0.0,1.0,0.5941377052574692,0.48761722553203096,0.18391687140811092,0.8307624557215957
725,4,4,0,0.0,1.0,0.5768260801884184,0.48761722553203096,0.18391687140811092,0.8307624557215957
726,4,4,0,0.0,1.0,0.5194695076331338,0.48761722553203096,0.18391687140811092,0.8307624557215957
729,4,4,0,0.4,0.1999999999999999,0.6351176501450739,0.48761722553203096,0.18391687140811092,0.8307624557215957
730,4,4,0,0.3333333333333333,0.3333333333333333,0.46020130654759944,0.48761722553203096,0.18391687140811092,0.8307624557215957
731,4,4,0,0.0,1.0,0.45328187538758963,0.48761722553203096,0.18391687140811092,0.8307624557215957
736,4,4,0,0.0,1.0,0.4624908803424295,0.48761722553203096,0.18391687140811092,0.8307624557215957
