patient_id,repeat,fold,y,y_soft,agreement,p,thr,p_img,p_sym,g,epochs,hparams
5,0,0,0,0.2,0.6,0.21916884,0.3850345426797867,0.43930477,0.49751514,,37,"{""lr"": 0.001, ""dropout"": 0.5, ""aux_weight"": 0.0}"
7,0,0,1,0.6,0.1999999999999999,0.5628451,0.3850345426797867,0.50049955,0.49896574,,37,"{""lr"": 0.001, ""dropout"": 0.5, ""aux_weight"": 0.0}"
28,0,0,0,0.2,0.6,0.15984258,0.3850345426797867,0.62014633,0.49533084,,37,"{""lr"": 0.001, ""dropout"": 0.5, ""aux_weight"": 0.0}"
29,0,0,0,0.2,0.6,0.33788127,0.3850345426797867,0.48519886,0.49055648,,37,"{""lr"": 0.001, ""dropout"": 0.5, ""aux_weight"": 0.0}"
32,0,0,0,0.2,0.6,0.3903491,0.3850345426797867,0.49160478,0.49041256,,37,"{""lr"": 0.001, ""dropout"": 0.5, ""aux_weight"": 0.0}"
40,0,0,0,0.2,0.6,0.17262813,0.3850345426797867,0.5910188,0.4949238,,37,"{""lr"": 0.001, ""dropout"": 0.5, ""aux_weight"": 0.0}"
49,0,0,0,0.3333333333333333,0.3333333333333333,0.24813178,0.3850345426797867,0.5066314,0.49818414,,37,"{""lr"": 0.001, ""dropout"": 0.5, ""aux_weight"": 0.0}"
50,0,0,1,0.8,0.6000000000000001,0.22920513,0.3850345426797867,0.47746935,0.4947388,,37,"{""lr"": 0.001, ""dropout"": 0.5, ""aux_weight"": 0.0}"
51,0,0,0,0.25,0.5,0.37290406,0.3850345426797867,0.55925965,0.49490815,,37,"{""lr"": 0.001, ""dropout"": 0.5, ""aux_weight"": 0.0}"
55,0,0,0,0.0,1.0,0.3190421,0.3850345426797867,0.51369125,0.4949258,,37,"{""lr"": 0.001, ""dropout"": 0.5, ""aux_weight"": 0.0}"
59,0,0,0,0.25,0.5,0.25633848,0.3850345426797867,0.50252414,0.4862607,,37,"{""lr"": 0.001, ""dropout"": 0.5, ""aux_weight"": 0.0}"
63,0,0,0,0.0,1.0,0.25534445,0.3850345426797867,0.4845679,0.49523035,,37,"{""lr"": 0.001, ""dropout"": 0.5, ""aux_weight"": 0.0}"
64,0,0,0,0.3333333333333333,0.3333333333333333,0.15542412,0.3850345426797867,0.44736063,0.49840692,,37,"{""lr"": 0.001, ""dropout"": 0.5, ""aux_weight"": 0.0}"
67,0,0,0,0.0,1.0,0.1683572,0.3850345426797867,0.48841816,0.49491772,,37,"{""lr"": 0.001, ""dropout"": 0.5, ""aux_weight"": 0.0}"
73,0,0,0,0.0,1.0,0.15495405,0.3850345426797867,0.49584436,0.484404,,37,"{""lr"": 0.001, ""dropout"": 0.5, ""aux_weight"": 0.0}"
77,0,0,0,0.25,0.5,0.2583254,0.3850345426797867,0.46258587,0.4876759,,37,"{""lr"": 0.001, ""dropout"": 0.5, ""aux_weight"": 0.0}"
82,0,0,0,0.25,0.5,0.2993546,0.3850345426797867,0.5377983,0.49514407,,37,"{""lr"": 0.001, ""dropout"": 0.5, ""aux_weight"": 0.0}"
83,0,0,0,0.25,0.5,0.3290392,0.3850345426797867,0.41609737,0.4937362,,37,"{""lr"": 0.001, ""dropout"": 0.5, ""aux_weight"": 0.0}"
88,0,0,1,0.5,0.0,0.11136166,0.3850345426797867,0.6197785,0.4931847,,37,"{""lr"": 0.001, ""dropout"": 0.5, ""aux_weight"": 0.0}"
98,0,0,0,0.3333333333333333,0.3333333333333333,0.19686088,0.3850345426797867,0.51769507,0.49977395,,37,"{""lr"": 0.001, ""dropout"": 0.5, ""aux_weight"": 0.0}"
107,0,0,0,0.1111111111111111,0.7777777777777778,0.3335581,0.3850345426797867,0.5070907,0.5051708,,37,"{""lr"": 0.001, ""dropout"": 0.5, ""aux_weight"": 0.0}"
109,0,0,0,0.1111111111111111,0.7777777777777778,0.5834024,0.3850345426797867,0.50464463,0.49649832,,37,"{""lr"": 0.001, ""dropout"": 0.5, ""aux_weight"": 0.0}"
110,0,0,0,0.0,1.0,0.1560849,0.3850345426797867,0.46981266,0.48913404,,37,"{""lr"": 0.001, ""dropout"": 0.5, ""aux_weight"": 0.0}"
112,0,0,0,0.125,0.75,0.15471359,0.3850345426797867,0.5518997,0.49738836,,37,"{""lr"": 0.001, ""dropout"": 0.5, ""aux_weight"": 0.0}"
113,0,0,0,0.1111111111111111,0.7777777777777778,0.37857494,0.3850345426797867,0.51735234,0.49937066,,37,"{""lr"": 0.001, ""dropout"": 0.5, ""aux_weight"": 0.0}"
116,0,0,0,0.0,1.0,0.22596964,0.3850345426797867,0.48009288,0.49242133,,37,"{""lr"": 0.001, ""dropout"": 0.5, ""aux_weight"": 0.0}"
122,0,0,0,0.0,1.0,0.22260459,0.3850345426797867,0.49860424,0.4929636,,37,"{""lr"": 0.001, ""dropout"": 0.5, ""aux_weight"": 0.0}"
127,0,0,1,0.6666666666666666,0.3333333333333332,0.42121845,0.3850345426797867,0.5041864,0.49833852,,37,"{""lr"": 0.001, ""dropout"": 0.5, ""aux_weight"": 0.0}"
134,0,0,0,0.1111111111111111,0.7777777777777778,0.19479601,0.3850345426797867,0.53839356,0.501644,,37,"{""lr"": 0.001, ""dropout"": 0.5, ""aux_weight"": 0.0}"
139,0,0,0,0.0,1.0,0.49928945,0.3850345426797867,0.48873195,0.49986616,,37,"{""lr"": 0.001, ""dropout"": 0.5, ""aux_weight"": 0.0}"
151,0,0,0,0.0,1.0,0.26363793,0.3850345426797867,0.49010336,0.4890321,,37,"{""lr"": 0.001, ""dropout"": 0.5, ""aux_weight"": 0.0}"
153,0,0,0,0.0,1.0,0.11351565,0.3850345426797867,0.5578649,0.4879021,,37,"{""lr"": 0.001, ""dropout"": 0.5, ""aux_weight"": 0.0}"
160,0,0,0,0.1666666666666666,0.6666666666666667,0.2775703,0.3850345426797867,0.51937735,0.49928743,,37,"{""lr"": 0.001, ""dropout"": 0.5, ""aux_weight"": 0.0}"
161,0,0,0,0.0,1.0,0.16549078,0.3850345426797867,0.5522773,0.50016385,,37,"{""lr"": 0.001, ""dropout"": 0.5, ""aux_weight"": 0.0}"
174,0,0,1,0.5,0.0,0.16710734,0.3850345426797867,0.46278775,0.49042082,,37,"{""lr"": 0.001, ""dropout"": 0.5, ""aux_weight"": 0.0}"
177,0,0,0,0.0,1.0,0.24172513,0.3850345426797867,0.47658265,0.4976645,,37,"{""lr"": 0.001, ""dropout"": 0.5, ""aux_weight"": 0.0}"
183,0,0,0,0.0,1.0,0.18740436,0.3850345426797867,0.5748682,0.49622712,,37,"{""lr"": 0.001, ""dropout"": 0.5, ""aux_weight"": 0.0}"
199,0,0,0,0.25,0.5,0.12904494,0.3850345426797867,0.61212826,0.50102437,,37,"{""lr"": 0.001, ""dropout"": 0.5, ""aux_weight"": 0.0}"
202,0,0,1,0.6,0.1999999999999999,0.20874995,0.3850345426797867,0.51988435,0.5043159,,37,"{""lr"": 0.001, ""dropout"": 0.5, ""aux_weight"": 0.0}"
206,0,0,1,0.5,0.0,0.17437437,0.3850345426797867,0.5649643,0.49878216,,37,"{""lr"": 0.001, ""dropout"": 0.5, ""aux_weight"": 0.0}"
210,0,0,0,0.4,0.1999999999999999,0.57365453,0.3850345426797867,0.48961523,0.4927429,,37,"{""lr"": 0.001, ""dropout"": 0.5, ""aux_weight"": 0.0}"
230,0,0,0,0.2,0.6,0.3190065,0.3850345426797867,0.5363211,0.51103,,37,"{""lr"": 0.001, ""dropout"": 0.5, ""aux_weight"": 0.0}"
231,0,0,1,0.5,0.0,0.33161175,0.3850345426797867,0.56892955,0.49615008,,37,"{""lr"": 0.001, ""dropout"": 0.5, ""aux_weight"": 0.0}"
232,0,0,0,0.25,0.5,0.24988881,0.3850345426797867,0.51137793,0.4949258,,37,"{""lr"": 0.001, ""dropout"": 0.5, ""aux_weight"": 0.0}"
233,0,0,0,0.0,1.0,0.29033875,0.3850345426797867,0.51769525,0.50113815,,37,"{""lr"": 0.001, ""dropout"": 0.5, ""aux_weight"": 0.0}"
240,0,0,0,0.2,0.6,0.086628884,0.3850345426797867,0.5714466,0.49391308,,37,"{""lr"": 0.001, ""dropout"": 0.5, ""aux_weight"": 0.0}"
241,0,0,1,0.6,0.1999999999999999,0.3435555,0.3850345426797867,0.5811415,0.49875772,,37,"{""lr"": 0.001, ""dropout"": 0.5, ""aux_weight"": 0.0}"
248,0,0,0,0.4,0.1999999999999999,0.3352071,0.3850345426797867,0.50340223,0.4948034,,37,"{""lr"": 0.001, ""dropout"": 0.5, ""aux_weight"": 0.0}"
253,0,0,0,0.0,1.0,0.34533393,0.3850345426797867,0.4756975,0.48822877,,37,"{""lr"": 0.001, ""dropout"": 0.5, ""aux_weight"": 0.0}"
259,0,0,0,0.0,1.0,0.24205667,0.3850345426797867,0.5132372,0.48477563,,37,"{""lr"": 0.001, ""dropout"": 0.5, ""aux_weight"": 0.0}"
274,0,0,1,0.5,0.0,0.41669744,0.3850345426797867,0.556734,0.49639124,,37,"{""lr"": 0.001, ""dropout"": 0.5, ""aux_weight"": 0.0}"
275,0,0,1,0.5,0.0,0.48947197,0.3850345426797867,0.50335157,0.49581167,,37,"{""lr"": 0.001, ""dropout"": 0.5, ""aux_weight"": 0.0}"
282,0,0,0,0.25,0.5,0.3112684,0.3850345426797867,0.42686984,0.49573642,,37,"{""lr"": 0.001, ""dropout"": 0.5, ""aux_weight"": 0.0}"
284,0,0,1,0.5,0.0,0.31430274,0.3850345426797867,0.5462569,0.4960819,,37,"{""lr"": 0.001, ""dropout"": 0.5, ""aux_weight"": 0.0}"
285,0,0,0,0.4,0.1999999999999999,0.26104385,0.3850345426797867,0.53257567,0.49909505,,37,"{""lr"": 0.001, ""dropout"": 0.5, ""aux_weight"": 0.0}"
287,0,0,0,0.25,0.5,0.37212786,0.3850345426797867,0.47318792,0.49603027,,37,"{""lr"": 0.001, ""dropout"": 0.5, ""aux_weight"": 0.0}"
294,0,0,0,0.0,1.0,0.28879133,0.3850345426797867,0.51465863,0.4945466,,37,"{""lr"": 0.001, ""dropout"": 0.5, ""aux_weight"": 0.0}"
300,0,0,0,0.0,1.0,0.2546717,0.3850345426797867,0.44456327,0.49448326,,37,"{""lr"": 0.001, ""dropout"": 0.5, ""aux_weight"": 0.0}"
307,0,0,0,0.4,0.1999999999999999,0.4156608,0.3850345426797867,0.55609477,0.49075204,,37,"{""lr"": 0.001, ""dropout"": 0.5, ""aux_weight"": 0.0}"
309,0,0,1,0.8,0.6000000000000001,0.34485698,0.3850345426797867,0.51854897,0.49935853,,37,"{""lr"": 0.001, ""dropout"": 0.5, ""aux_weight"": 0.0}"
310,0,0,0,0.2,0.6,0.13527563,0.3850345426797867,0.5022917,0.48721802,,37,"{""lr"": 0.001, ""dropout"": 0.5, ""aux_weight"": 0.0}"
315,0,0,1,0.8,0.6000000000000001,0.33455235,0.3850345426797867,0.46435738,0.4925497,,37,"{""lr"": 0.001, ""dropout"": 0.5, ""aux_weight"": 0.0}"
316,0,0,0,0.4,0.1999999999999999,0.19733615,0.3850345426797867,0.46551523,0.49335262,,37,"{""lr"": 0.001, ""dropout"": 0.5, ""aux_weight"": 0.0}"
319,0,0,0,0.2,0.6,0.36402947,0.3850345426797867,0.4519463,0.49732083,,37,"{""lr"": 0.001, ""dropout"": 0.5, ""aux_weight"": 0.0}"
322,0,0,1,0.6,0.1999999999999999,0.40058285,0.3850345426797867,0.53243184,0.5116069,,37,"{""lr"": 0.001, ""dropout"": 0.5, ""aux_weight"": 0.0}"
329,0,0,0,0.0,1.0,0.32953554,0.3850345426797867,0.475092,0.49430898,,37,"{""lr"": 0.001, ""dropout"": 0.5, ""aux_weight"": 0.0}"
330,0,0,0,0.4,0.1999999999999999,0.28271645,0.3850345426797867,0.6095054,0.49658102,,37,"{""lr"": 0.001, ""dropout"": 0.5, ""aux_weight"": 0.0}"
338,0,0,0,0.4,0.1999999999999999,0.42427367,0.3850345426797867,0.47197974,0.49158472,,37,"{""lr"": 0.001, ""dropout"": 0.5, ""aux_weight"": 0.0}"
339,0,0,0,0.0,1.0,0.2344029,0.3850345426797867,0.5005629,0.49482355,,37,"{""lr"": 0.001, ""dropout"": 0.5, ""aux_weight"": 0.0}"
342,0,0,0,0.2,0.6,0.17592487,0.3850345426797867,0.57856596,0.49030432,,37,"{""lr"": 0.001, ""dropout"": 0.5, ""aux_weight"": 0.0}"
345,0,0,0,0.0,1.0,0.05114886,0.3850345426797867,0.44338223,0.4943107,,37,"{""lr"": 0.001, ""dropout"": 0.5, ""aux_weight"": 0.0}"
371,0,0,0,0.25,0.5,0.40083468,0.3850345426797867,0.5101268,0.49529234,,37,"{""lr"": 0.001, ""dropout"": 0.5, ""aux_weight"": 0.0}"
372,0,0,0,0.25,0.5,0.4334345,0.3850345426797867,0.6079333,0.49023047,,37,"{""lr"": 0.001, ""dropout"": 0.5, ""aux_weight"": 0.0}"
374,0,0,1,0.5,0.0,0.4089213,0.3850345426797867,0.5548481,0.5017467,,37,"{""lr"": 0.001, ""dropout"": 0.5, ""aux_weight"": 0.0}"
376,0,0,1,0.5,0.0,0.38150084,0.3850345426797867,0.5730735,0.5010387,,37,"{""lr"": 0.001, ""dropout"": 0.5, ""aux_weight"": 0.0}"
384,0,0,0,0.25,0.5,0.2741216,0.3850345426797867,0.5034046,0.49022985,,37,"{""lr"": 0.001, ""dropout"": 0.5, ""aux_weight"": 0.0}"
394,0,0,1,0.5,0.0,0.24823965,0.3850345426797867,0.5225998,0.49560726,,37,"{""lr"": 0.001, ""dropout"": 0.5, ""aux_weight"": 0.0}"
407,0,0,0,0.2,0.6,0.4447763,0.3850345426797867,0.6018321,0.5031205,,37,"{""lr"": 0.001, ""dropout"": 0.5, ""aux_weight"": 0.0}"
413,0,0,0,0.0,1.0,0.29493785,0.3850345426797867,0.5934818,0.50285286,,37,"{""lr"": 0.001, ""dropout"": 0.5, ""aux_weight"": 0.0}"
421,0,0,0,0.2,0.6,0.2541523,0.3850345426797867,0.5727259,0.49684983,,37,"{""lr"": 0.001, ""dropout"": 0.5, ""aux_weight"": 0.0}"
436,0,0,0,0.4,0.1999999999999999,0.3450163,0.3850345426797867,0.5951576,0.498199,,37,"{""lr"": 0.001, ""dropout"": 0.5, ""aux_weight"": 0.0}"
438,0,0,0,0.1666666666666666,0.6666666666666667,0.34184688,0.3850345426797867,0.48213595,0.49909964,,37,"{""lr"": 0.001, ""dropout"": 0.5, ""aux_weight"": 0.0}"
456,0,0,1,0.5,0.0,0.348777,0.3850345426797867,0.55165184,0.49432662,,37,"{""lr"": 0.001, ""dropout"": 0.5, ""aux_weight"": 0.0}"
457,0,0,1,0.5,0.0,0.3248323,0.3850345426797867,0.5144437,0.4949258,,37,"{""lr"": 0.001, ""dropout"": 0.5, ""aux_weight"": 0.0}"
459,0,0,0,0.25,0.5,0.20913047,0.3850345426797867,0.5252208,0.4949047,,37,"{""lr"": 0.001, ""dropout"": 0.5, ""aux_weight"": 0.0}"
463,0,0,0,0.25,0.5,0.31073838,0.3850345426797867,0.5730485,0.49151865,,37,"{""lr"": 0.001, ""dropout"": 0.5, ""aux_weight"": 0.0}"
465,0,0,1,0.5,0.0,0.54327285,0.3850345426797867,0.57300127,0.4967545,,37,"{""lr"": 0.001, ""dropout"": 0.5, ""aux_weight"": 0.0}"
468,0,0,0,0.25,0.5,0.3589344,0.3850345426797867,0.49779534,0.49777973,,37,"{""lr"": 0.001, ""dropout"": 0.5, ""aux_weight"": 0.0}"
480,0,0,1,0.5,0.0,0.3435306,0.3850345426797867,0.53823555,0.49955627,,37,"{""lr"": 0.001, ""dropout"": 0.5, ""aux_weight"": 0.0}"
487,0,0,0,0.2,0.6,0.051032566,0.3850345426797867,0.4849779,0.4946882,,37,"{""lr"": 0.001, ""dropout"": 0.5, ""aux_weight"": 0.0}"
490,0,0,0,0.25,0.5,0.17080858,0.3850345426797867,0.4869402,0.4912276,,37,"{""lr"": 0.001, ""dropout"": 0.5, ""aux_weight"": 0.0}"
491,0,0,1,0.5,0.0,0.3918981,0.3850345426797867,0.5134743,0.49288762,,37,"{""lr"": 0.001, ""dropout"": 0.5, ""aux_weight"": 0.0}"
492,0,0,0,0.3333333333333333,0.3333333333333333,0.29571426,0.3850345426797867,0.49035835,0.50272757,,37,"{""lr"": 0.001, ""dropout"": 0.5, ""aux_weight"": 0.0}"
495,0,0,0,0.0,1.0,0.35773337,0.3850345426797867,0.49163443,0.49473792,,37,"{""lr"": 0.001, ""dropout"": 0.5, ""aux_weight"": 0.0}"
497,0,0,0,0.0,1.0,0.13409719,0.3850345426797867,0.5392511,0.4965713,,37,"{""lr"": 0.001, ""dropout"": 0.5, ""aux_weight"": 0.0}"
499,0,0,0,0.0,1.0,0.2936116,0.3850345426797867,0.60312796,0.49342895,,37,"{""lr"": 0.001, ""dropout"": 0.5, ""aux_weight"": 0.0}"
510,0,0,1,0.5,0.0,0.47929412,0.3850345426797867,0.47946042,0.49705574,,37,"{""lr"": 0.001, ""dropout"": 0.5, ""aux_weight"": 0.0}"
513,0,0,0,0.0,1.0,0.49036416,0.3850345426797867,0.51981616,0.49815953,,37,"{""lr"": 0.001, ""dropout"": 0.5, ""aux_weight"": 0.0}"
514,0,0,1,0.75,0.5,0.5024468,0.3850345426797867,0.4820761,0.49812618,,37,"{""lr"": 0.001, ""dropout"": 0.5, ""aux_weight"": 0.0}"
518,0,0,0,0.25,0.5,0.37982458,0.3850345426797867,0.5393828,0.49306828,,37,"{""lr"": 0.001, ""dropout"": 0.5, ""aux_weight"": 0.0}"
521,0,0,1,0.75,0.5,0.33218902,0.3850345426797867,0.5311568,0.49479747,,37,"{""lr"": 0.001, ""dropout"": 0.5, ""aux_weight"": 0.0}"
528,0,0,0,0.0,1.0,0.2780604,0.3850345426797867,0.5086452,0.4943173,,37,"{""lr"": 0.001, ""dropout"": 0.5, ""aux_weight"": 0.0}"
534,0,0,1,0.75,0.5,0.25953093,0.3850345426797867,0.4953885,0.49212435,,37,"{""lr"": 0.001, ""dropout"": 0.5, ""aux_weight"": 0.0}"
539,0,0,0,0.25,0.5,0.2999405,0.3850345426797867,0.48507786,0.49453026,,37,"{""lr"": 0.001, ""dropout"": 0.5, ""aux_weight"": 0.0}"
540,0,0,0,0.25,0.5,0.46540856,0.3850345426797867,0.50681597,0.49492532,,37,"{""lr"": 0.001, ""dropout"": 0.5, ""aux_weight"": 0.0}"
542,0,0,0,0.25,0.5,0.3460152,0.3850345426797867,0.5059397,0.49471354,,37,"{""lr"": 0.001, ""dropout"": 0.5, ""aux_weight"": 0.0}"
549,0,0,0,0.0,1.0,0.1522025,0.3850345426797867,0.45762444,0.4943343,,37,"{""lr"": 0.001, ""dropout"": 0.5, ""aux_weight"": 0.0}"
554,0,0,1,0.5,0.0,0.60472125,0.3850345426797867,0.47193033,0.48934987,,37,"{""lr"": 0.001, ""dropout"": 0.5, ""aux_weight"": 0.0}"
557,0,0,0,0.3333333333333333,0.3333333333333333,0.13239852,0.3850345426797867,0.5866233,0.48824456,,37,"{""lr"": 0.001, ""dropout"": 0.5, ""aux_weight"": 0.0}"
565,0,0,0,0.3333333333333333,0.3333333333333333,0.5102332,0.3850345426797867,0.5115297,0.492613,,37,"{""lr"": 0.001, ""dropout"": 0.5, ""aux_weight"": 0.0}"
566,0,0,0,0.1666666666666666,0.6666666666666667,0.27299207,0.3850345426797867,0.6019572,0.49263892,,37,"{""lr"": 0.001, ""dropout"": 0.5, ""aux_weight"": 0.0}"
572,0,0,1,0.8333333333333334,0.6666666666666667,0.35437146,0.3850345426797867,0.4952101,0.4954358,,37,"{""lr"": 0.001, ""dropout"": 0.5, ""aux_weight"": 0.0}"
573,0,0,0,0.3333333333333333,0.3333333333333333,0.32784915,0.3850345426797867,0.5203892,0.4904898,,37,"{""lr"": 0.001, ""dropout"": 0.5, ""aux_weight"": 0.0}"
574,0,0,0,0.3333333333333333,0.3333333333333333,0.32298,0.3850345426797867,0.5323281,0.49158323,,37,"{""lr"": 0.001, ""dropout"": 0.5, ""aux_weight"": 0.0}"
577,0,0,0,0.1666666666666666,0.6666666666666667,0.42588192,0.3850345426797867,0.52649343,0.49834812,,37,"{""lr"": 0.001, ""dropout"": 0.5, ""aux_weight"": 0.0}"
583,0,0,1,0.5,0.0,0.43801212,0.3850345426797867,0.44651738,0.49822155,,37,"{""lr"": 0.001, ""dropout"": 0.5, ""aux_weight"": 0.0}"
586,0,0,1,0.6666666666666666,0.3333333333333332,0.48490924,0.3850345426797867,0.5877564,0.50451624,,37,"{""lr"": 0.001, ""dropout"": 0.5, ""aux_weight"": 0.0}"
587,0,0,1,0.8333333333333334,0.6666666666666667,0.36147067,0.3850345426797867,0.57160854,0.50509673,,37,"{""lr"": 0.001, ""dropout"": 0.5, ""aux_weight"": 0.0}"
588,0,0,0,0.1666666666666666,0.6666666666666667,0.31736666,0.3850345426797867,0.4894573,0.50522125,,37,"{""lr"": 0.001, ""dropout"": 0.5, ""aux_weight"": 0.0}"
590,0,0,0,0.3333333333333333,0.3333333333333333,0.6258755,0.3850345426797867,0.4670247,0.5056147,,37,"{""lr"": 0.001, ""dropout"": 0.5, ""aux_weight"": 0.0}"
601,0,0,0,0.0,1.0,0.18893884,0.3850345426797867,0.49019873,0.49430832,,37,"{""lr"": 0.001, ""dropout"": 0.5, ""aux_weight"": 0.0}"
603,0,0,1,0.5,0.0,0.3377476,0.3850345426797867,0.53156674,0.49800965,,37,"{""lr"": 0.001, ""dropout"": 0.5, ""aux_weight"": 0.0}"
608,0,0,0,0.0,1.0,0.34048766,0.3850345426797867,0.57160735,0.49819538,,37,"{""lr"": 0.001, ""dropout"": 0.5, ""aux_weight"": 0.0}"
618,0,0,0,0.0,1.0,0.44726914,0.3850345426797867,0.5165045,0.4977594,,37,"{""lr"": 0.001, ""dropout"": 0.5, ""aux_weight"": 0.0}"
628,0,0,0,0.0,1.0,0.29340845,0.3850345426797867,0.5646448,0.49835807,,37,"{""lr"": 0.001, ""dropout"": 0.5, ""aux_weight"": 0.0}"
633,0,0,1,0.5,0.0,0.33550662,0.3850345426797867,0.54685724,0.49969512,,37,"{""lr"": 0.001, ""dropout"": 0.5, ""aux_weight"": 0.0}"
645,0,0,1,0.75,0.5,0.39869893,0.3850345426797867,0.5262613,0.4976993,,37,"{""lr"": 0.001, ""dropout"": 0.5, ""aux_weight"": 0.0}"
648,0,0,1,0.5,0.0,0.3381331,0.3850345426797867,0.52156043,0.4997419,,37,"{""lr"": 0.001, ""dropout"": 0.5, ""aux_weight"": 0.0}"
649,0,0,1,0.5,0.0,0.37061614,0.3850345426797867,0.55049014,0.49939218,,37,"{""lr"": 0.001, ""dropout"": 0.5, ""aux_weight"": 0.0}"
650,0,0,0,0.0,1.0,0.12843981,0.3850345426797867,0.5455129,0.49632975,,37,"{""lr"": 0.001, ""dropout"": 0.5, ""aux_weight"": 0.0}"
653,0,0,1,0.5,0.0,0.35451165,0.3850345426797867,0.5299998,0.49922872,,37,"{""lr"": 0.001, ""dropout"": 0.5, ""aux_weight"": 0.0}"
657,0,0,1,0.5,0.0,0.30268604,0.3850345426797867,0.58562934,0.49909827,,37,"{""lr"": 0.001, ""dropout"": 0.5, ""aux_weight"": 0.0}"
664,0,0,1,0.6666666666666666,0.3333333333333332,0.40496194,0.3850345426797867,0.5410045,0.49544024,,37,"{""lr"": 0.001, ""dropout"": 0.5, ""aux_weight"": 0.0}"
670,0,0,1,0.5,0.0,0.40173346,0.3850345426797867,0.5227363,0.49826044,,37,"{""lr"": 0.001, ""dropout"": 0.5, ""aux_weight"": 0.0}"
674,0,0,0,0.3333333333333333,0.3333333333333333,0.28631407,0.3850345426797867,0.50863916,0.4995724,,37,"{""lr"": 0.001, ""dropout"": 0.5, ""aux_weight"": 0.0}"
689,0,0,0,0.0,1.0,0.0943477,0.3850345426797867,0.49994734,0.4943107,,37,"{""lr"": 0.001, ""dropout"": 0.5, ""aux_weight"": 0.0}"
690,0,0,0,0.0,1.0,0.44250077,0.3850345426797867,0.5104606,0.49503127,,37,"{""lr"": 0.001, ""dropout"": 0.5, ""aux_weight"": 0.0}"
694,0,0,0,0.3333333333333333,0.3333333333333333,0.37172425,0.3850345426797867,0.57757807,0.50408256,,37,"{""lr"": 0.001, ""dropout"": 0.5, ""aux_weight"": 0.0}"
695,0,0,0,0.3333333333333333,0.3333333333333333,0.3948112,0.3850345426797867,0.5257765,0.5032087,,37,"{""lr"": 0.001, ""dropout"": 0.5, ""aux_weight"": 0.0}"
699,0,0,0,0.1666666666666666,0.6666666666666667,0.53850067,0.3850345426797867,0.54875124,0.504291,,37,"{""lr"": 0.001, ""dropout"": 0.5, ""aux_weight"": 0.0}"
703,0,0,0,0.0,1.0,0.33027244,0.3850345426797867,0.5399332,0.48498976,,37,"{""lr"": 0.001, ""dropout"": 0.5, ""aux_weight"": 0.0}"
712,0,0,0,0.1666666666666666,0.6666666666666667,0.2665404,0.3850345426797867,0.54860765,0.50134706,,37,"{""lr"": 0.001, ""dropout"": 0.5, ""aux_weight"": 0.0}"
714,0,0,0,0.3333333333333333,0.3333333333333333,0.18057534,0.3850345426797867,0.5182397,0.500588,,37,"{""lr"": 0.001, ""dropout"": 0.5, ""aux_weight"": 0.0}"
715,0,0,1,0.5,0.0,0.3277314,0.3850345426797867,0.50643027,0.49926165,,37,"{""lr"": 0.001, ""dropout"": 0.5, ""aux_weight"": 0.0}"
720,0,0,0,0.0,1.0,0.102491215,0.3850345426797867,0.62578654,0.4907201,,37,"{""lr"": 0.001, ""dropout"": 0.5, ""aux_weight"": 0.0}"
735,0,0,0,0.0,1.0,0.03523189,0.3850345426797867,0.40899113,0.4945466,,37,"{""lr"": 0.001, ""dropout"": 0.5, ""aux_weight"": 0.0}"
739,0,0,0,0.3333333333333333,0.3333333333333333,0.30129343,0.3850345426797867,0.55036104,0.50647897,,37,"{""lr"": 0.001, ""dropout"": 0.5, ""aux_weight"": 0.0}"
2,0,1,0,0.4,0.1999999999999999,0.25512803,0.44203367292881013,0.3171352,0.31074327,,10,"{""lr"": 0.001, ""dropout"": 0.3, ""aux_weight"": 0.3}"
4,0,1,1,0.6,0.1999999999999999,0.29784665,0.44203367292881013,0.40691912,0.29264638,,10,"{""lr"": 0.001, ""dropout"": 0.3, ""aux_weight"": 0.3}"
6,0,1,0,0.2,0.6,0.26719758,0.44203367292881013,0.30316845,0.341171,,10,"{""lr"": 0.001, ""dropout"": 0.3, ""aux_weight"": 0.3}"
14,0,1,0,0.2,0.6,0.33232093,0.44203367292881013,0.36934602,0.35460576,,10,"{""lr"": 0.001, ""dropout"": 0.3, ""aux_weight"": 0.3}"
16,0,1,1,0.6,0.1999999999999999,0.22055113,0.44203367292881013,0.20867637,0.37420273,,10,"{""lr"": 0.001, ""dropout"": 0.3, ""aux_weight"": 0.3}"
26,0,1,1,0.8,0.6000000000000001,0.23976198,0.44203367292881013,0.29122216,0.31046876,,10,"{""lr"": 0.001, ""dropout"": 0.3, ""aux_weight"": 0.3}"
30,0,1,0,0.2,0.6,0.2556426,0.44203367292881013,0.3189151,0.30867442,,10,"{""lr"": 0.001, ""dropout"": 0.3, ""aux_weight"": 0.3}"
34,0,1,0,0.1666666666666666,0.6666666666666667,0.35123655,0.44203367292881013,0.39932656,0.38358194,,10,"{""lr"": 0.001, ""dropout"": 0.3, ""aux_weight"": 0.3}"
38,0,1,0,0.0,1.0,0.46401662,0.44203367292881013,0.52533615,0.341171,,10,"{""lr"": 0.001, ""dropout"": 0.3, ""aux_weight"": 0.3}"
39,0,1,0,0.0,1.0,0.271099,0.44203367292881013,0.28535673,0.34551805,,10,"{""lr"": 0.001, ""dropout"": 0.3, ""aux_weight"": 0.3}"
56,0,1,0,0.25,0.5,0.23203963,0.44203367292881013,0.2386303,0.37006497,,10,"{""lr"": 0.001, ""dropout"": 0.3, ""aux_weight"": 0.3}"
61,0,1,0,0.2,0.6,0.18614168,0.44203367292881013,0.26117232,0.24935253,,10,"{""lr"": 0.001, ""dropout"": 0.3, ""aux_weight"": 0.3}"
65,0,1,0,0.25,0.5,0.135389,0.44203367292881013,0.19508947,0.25079083,,10,"{""lr"": 0.001, ""dropout"": 0.3, ""aux_weight"": 0.3}"
66,0,1,0,0.0,1.0,0.253914,0.44203367292881013,0.37846228,0.23366424,,10,"{""lr"": 0.001, ""dropout"": 0.3, ""aux_weight"": 0.3}"
68,0,1,0,0.0,1.0,0.15531936,0.44203367292881013,0.23577887,0.19994028,,10,"{""lr"": 0.001, ""dropout"": 0.3, ""aux_weight"": 0.3}"
69,0,1,0,0.0,1.0,0.22452626,0.44203367292881013,0.25446957,0.33312047,,10,"{""lr"": 0.001, ""dropout"": 0.3, ""aux_weight"": 0.3}"
74,0,1,0,0.0,1.0,0.3508423,0.44203367292881013,0.3112582,0.40171537,,10,"{""lr"": 0.001, ""dropout"": 0.3, ""aux_weight"": 0.3}"
78,0,1,0,0.0,1.0,0.15841284,0.44203367292881013,0.16505161,0.35460576,,10,"{""lr"": 0.001, ""dropout"": 0.3, ""aux_weight"": 0.3}"
85,0,1,0,0.25,0.5,0.2868653,0.44203367292881013,0.28775913,0.39212495,,10,"{""lr"": 0.001, ""dropout"": 0.3, ""aux_weight"": 0.3}"
87,0,1,0,0.0,1.0,0.29933113,0.44203367292881013,0.32399583,0.39801893,,10,"{""lr"": 0.001, ""dropout"": 0.3, ""aux_weight"": 0.3}"
93,0,1,0,0.0,1.0,0.34138894,0.44203367292881013,0.30548045,0.44088048,,10,"{""lr"": 0.001, ""dropout"": 0.3, ""aux_weight"": 0.3}"
94,0,1,0,0.25,0.5,0.35650957,0.44203367292881013,0.34108788,0.38324526,,10,"{""lr"": 0.001, ""dropout"": 0.3, ""aux_weight"": 0.3}"
95,0,1,0,0.25,0.5,0.15821639,0.44203367292881013,0.20886679,0.2917597,,10,"{""lr"": 0.001, ""dropout"": 0.3, ""aux_weight"": 0.3}"
96,0,1,0,0.0,1.0,0.2371262,0.44203367292881013,0.29373616,0.32474646,,10,"{""lr"": 0.001, ""dropout"": 0.3, ""aux_weight"": 0.3}"
120,0,1,0,0.0,1.0,0.3833316,0.44203367292881013,0.3486094,0.42322892,,10,"{""lr"": 0.001, ""dropout"": 0.3, ""aux_weight"": 0.3}"
124,0,1,0,0.0,1.0,0.44939253,0.44203367292881013,0.38973665,0.43253118,,10,"{""lr"": 0.001, ""dropout"": 0.3, ""aux_weight"": 0.3}"
131,0,1,0,0.0,1.0,0.17823675,0.44203367292881013,0.23604476,0.30215728,,10,"{""lr"": 0.001, ""dropout"": 0.3, ""aux_weight"": 0.3}"
141,0,1,0,0.0,1.0,0.39981467,0.44203367292881013,0.36384726,0.43399048,,10,"{""lr"": 0.001, ""dropout"": 0.3, ""aux_weight"": 0.3}"
142,0,1,0,0.0,1.0,0.3563557,0.44203367292881013,0.3772779,0.37125403,,10,"{""lr"": 0.001, ""dropout"": 0.3, ""aux_weight"": 0.3}"
143,0,1,1,0.5555555555555556,0.1111111111111111,0.3400912,0.44203367292881013,0.42320937,0.2855757,,10,"{""lr"": 0.001, ""dropout"": 0.3, ""aux_weight"": 0.3}"
146,0,1,1,0.8888888888888888,0.7777777777777777,0.16820017,0.44203367292881013,0.17243755,0.38624734,,10,"{""lr"": 0.001, ""dropout"": 0.3, ""aux_weight"": 0.3}"
148,0,1,0,0.1111111111111111,0.7777777777777778,0.14514789,0.44203367292881013,0.21477646,0.26435944,,10,"{""lr"": 0.001, ""dropout"": 0.3, ""aux_weight"": 0.3}"
149,0,1,0,0.3333333333333333,0.3333333333333333,0.11787556,0.44203367292881013,0.14779165,0.29548007,,10,"{""lr"": 0.001, ""dropout"": 0.3, ""aux_weight"": 0.3}"
150,0,1,0,0.0,1.0,0.24173167,0.44203367292881013,0.3331129,0.25042585,,10,"{""lr"": 0.001, ""dropout"": 0.3, ""aux_weight"": 0.3}"
152,0,1,0,0.0,1.0,0.119706735,0.44203367292881013,0.1757345,0.266433,,10,"{""lr"": 0.001, ""dropout"": 0.3, ""aux_weight"": 0.3}"
155,0,1,0,0.25,0.5,0.27458924,0.44203367292881013,0.36339015,0.3072513,,10,"{""lr"": 0.001, ""dropout"": 0.3, ""aux_weight"": 0.3}"
156,0,1,0,0.25,0.5,0.23816425,0.44203367292881013,0.3374462,0.20142612,,10,"{""lr"": 0.001, ""dropout"": 0.3, ""aux_weight"": 0.3}"
159,0,1,0,0.0,1.0,0.22695865,0.44203367292881013,0.26376063,0.30974427,,10,"{""lr"": 0.001, ""dropout"": 0.3, ""aux_weight"": 0.3}"
163,0,1,0,0.25,0.5,0.32297093,0.44203367292881013,0.3442152,0.34046748,,10,"{""lr"": 0.001, ""dropout"": 0.3, ""aux_weight"": 0.3}"
166,0,1,0,0.25,0.5,0.28264275,0.44203367292881013,0.33984068,0.32242095,,10,"{""lr"": 0.001, ""dropout"": 0.3, ""aux_weight"": 0.3}"
168,0,1,0,0.25,0.5,0.3300503,0.44203367292881013,0.2561625,0.4827908,,10,"{""lr"": 0.001, ""dropout"": 0.3, ""aux_weight"": 0.3}"
182,0,1,0,0.0,1.0,0.3630697,0.44203367292881013,0.32082146,0.48058978,,10,"{""lr"": 0.001, ""dropout"": 0.3, ""aux_weight"": 0.3}"
187,0,1,0,0.0,1.0,0.3439379,0.44203367292881013,0.33356166,0.39074665,,10,"{""lr"": 0.001, ""dropout"": 0.3, ""aux_weight"": 0.3}"
189,0,1,1,0.5,0.0,0.2884294,0.44203367292881013,0.37081313,0.3038693,,10,"{""lr"": 0.001, ""dropout"": 0.3, ""aux_weight"": 0.3}"
190,0,1,0,0.25,0.5,0.24315892,0.44203367292881013,0.33166003,0.2905132,,10,"{""lr"": 0.001, ""dropout"": 0.3, ""aux_weight"": 0.3}"
196,0,1,1,0.5,0.0,0.36040345,0.44203367292881013,0.45278734,0.30853423,,10,"{""lr"": 0.001, ""dropout"": 0.3, ""aux_weight"": 0.3}"
200,0,1,0,0.2,0.6,0.43155837,0.44203367292881013,0.3572806,0.4858135,,10,"{""lr"": 0.001, ""dropout"": 0.3, ""aux_weight"": 0.3}"
204,0,1,0,0.4,0.1999999999999999,0.2198954,0.44203367292881013,0.25478524,0.32141286,,10,"{""lr"": 0.001, ""dropout"": 0.3, ""aux_weight"": 0.3}"
208,0,1,0,0.0,1.0,0.31862706,0.44203367292881013,0.2443605,0.5219254,,10,"{""lr"": 0.001, ""dropout"": 0.3, ""aux_weight"": 0.3}"
209,0,1,0,0.2,0.6,0.40107253,0.44203367292881013,0.31682986,0.52698517,,10,"{""lr"": 0.001, ""dropout"": 0.3, ""aux_weight"": 0.3}"
211,0,1,1,0.6,0.1999999999999999,0.34615442,0.44203367292881013,0.4762522,0.29589376,,10,"{""lr"": 0.001, ""dropout"": 0.3, ""aux_weight"": 0.3}"
212,0,1,0,0.2,0.6,0.26755014,0.44203367292881013,0.3154779,0.34773466,,10,"{""lr"": 0.001, ""dropout"": 0.3, ""aux_weight"": 0.3}"
215,0,1,0,0.2,0.6,0.23023298,0.44203367292881013,0.20096372,0.47076067,,10,"{""lr"": 0.001, ""dropout"": 0.3, ""aux_weight"": 0.3}"
221,0,1,1,0.8,0.6000000000000001,0.13378894,0.44203367292881013,0.19310391,0.25499135,,10,"{""lr"": 0.001, ""dropout"": 0.3, ""aux_weight"": 0.3}"
224,0,1,0,0.4,0.1999999999999999,0.27656254,0.44203367292881013,0.3389954,0.3079004,,10,"{""lr"": 0.001, ""dropout"": 0.3, ""aux_weight"": 0.3}"
226,0,1,0,0.0,1.0,0.3490088,0.44203367292881013,0.33728036,0.39335474,,10,"{""lr"": 0.001, ""dropout"": 0.3, ""aux_weight"": 0.3}"
243,0,1,0,0.0,1.0,0.27967718,0.44203367292881013,0.31956193,0.32775676,,10,"{""lr"": 0.001, ""dropout"": 0.3, ""aux_weight"": 0.3}"
247,0,1,0,0.2,0.6,0.2832065,0.44203367292881013,0.3080872,0.38990593,,10,"{""lr"": 0.001, ""dropout"": 0.3, ""aux_weight"": 0.3}"
249,0,1,1,0.6,0.1999999999999999,0.29568136,0.44203367292881013,0.37359518,0.3417335,,10,"{""lr"": 0.001, ""dropout"": 0.3, ""aux_weight"": 0.3}"
250,0,1,0,0.4,0.1999999999999999,0.4569316,0.44203367292881013,0.44867596,0.365464,,10,"{""lr"": 0.001, ""dropout"": 0.3, ""aux_weight"": 0.3}"
267,0,1,0,0.0,1.0,0.19265693,0.44203367292881013,0.19542685,0.35363862,,10,"{""lr"": 0.001, ""dropout"": 0.3, ""aux_weight"": 0.3}"
279,0,1,0,0.2,0.6,0.20439771,0.44203367292881013,0.24437055,0.37766856,,10,"{""lr"": 0.001, ""dropout"": 0.3, ""aux_weight"": 0.3}"
281,0,1,0,0.0,1.0,0.22994463,0.44203367292881013,0.19415316,0.45606908,,10,"{""lr"": 0.001, ""dropout"": 0.3, ""aux_weight"": 0.3}"
288,0,1,1,0.75,0.5,0.3269654,0.44203367292881013,0.43427247,0.27231634,,10,"{""lr"": 0.001, ""dropout"": 0.3, ""aux_weight"": 0.3}"
291,0,1,0,0.0,1.0,0.2666765,0.44203367292881013,0.32755336,0.3277954,,10,"{""lr"": 0.001, ""dropout"": 0.3, ""aux_weight"": 0.3}"
308,0,1,0,0.4,0.1999999999999999,0.32953447,0.44203367292881013,0.3070495,0.38942924,,10,"{""lr"": 0.001, ""dropout"": 0.3, ""aux_weight"": 0.3}"
317,0,1,0,0.4,0.1999999999999999,0.27031708,0.44203367292881013,0.28267232,0.35857219,,10,"{""lr"": 0.001, ""dropout"": 0.3, ""aux_weight"": 0.3}"
326,0,1,0,0.0,1.0,0.2876361,0.44203367292881013,0.31120482,0.38105163,,10,"{""lr"": 0.001, ""dropout"": 0.3, ""aux_weight"": 0.3}"
328,0,1,1,0.6,0.1999999999999999,0.17721236,0.44203367292881013,0.20309567,0.32525054,,10,"{""lr"": 0.001, ""dropout"": 0.3, ""aux_weight"": 0.3}"
331,0,1,0,0.0,1.0,0.33890104,0.44203367292881013,0.3669138,0.3905013,,10,"{""lr"": 0.001, ""dropout"": 0.3, ""aux_weight"": 0.3}"
332,0,1,0,0.0,1.0,0.34362394,0.44203367292881013,0.36781168,0.37783998,,10,"{""lr"": 0.001, ""dropout"": 0.3, ""aux_weight"": 0.3}"
333,0,1,0,0.0,1.0,0.17175148,0.44203367292881013,0.17083149,0.3674272,,10,"{""lr"": 0.001, ""dropout"": 0.3, ""aux_weight"": 0.3}"
335,0,1,1,0.5,0.0,0.27144676,0.44203367292881013,0.2739667,0.3651943,,10,"{""lr"": 0.001, ""dropout"": 0.3, ""aux_weight"": 0.3}"
336,0,1,0,0.4,0.1999999999999999,0.36271602,0.44203367292881013,0.43134663,0.35103828,,10,"{""lr"": 0.001, ""dropout"": 0.3, ""aux_weight"": 0.3}"
346,0,1,1,0.6,0.1999999999999999,0.43549964,0.44203367292881013,0.46355665,0.35799354,,10,"{""lr"": 0.001, ""dropout"": 0.3, ""aux_weight"": 0.3}"
355,0,1,0,0.25,0.5,0.38947585,0.44203367292881013,0.37986296,0.37263677,,10,"{""lr"": 0.001, ""dropout"": 0.3, ""aux_weight"": 0.3}"
359,0,1,0,0.25,0.5,0.41350564,0.44203367292881013,0.5298914,0.28676644,,10,"{""lr"": 0.001, ""dropout"": 0.3, ""aux_weight"": 0.3}"
360,0,1,0,0.25,0.5,0.23381524,0.44203367292881013,0.27381462,0.30243534,,10,"{""lr"": 0.001, ""dropout"": 0.3, ""aux_weight"": 0.3}"
381,0,1,1,0.75,0.5,0.47573105,0.44203367292881013,0.4461632,0.44924074,,10,"{""lr"": 0.001, ""dropout"": 0.3, ""aux_weight"": 0.3}"
388,0,1,1,0.5,0.0,0.4117976,0.44203367292881013,0.45161182,0.33923253,,10,"{""lr"": 0.001, ""dropout"": 0.3, ""aux_weight"": 0.3}"
397,0,1,1,0.75,0.5,0.41590494,0.44203367292881013,0.43466067,0.40157014,,10,"{""lr"": 0.001, ""dropout"": 0.3, ""aux_weight"": 0.3}"
398,0,1,0,0.25,0.5,0.37917432,0.44203367292881013,0.46503204,0.3234995,,10,"{""lr"": 0.001, ""dropout"": 0.3, ""aux_weight"": 0.3}"
405,0,1,0,0.0,1.0,0.41690218,0.44203367292881013,0.39772835,0.4173598,,10,"{""lr"": 0.001, ""dropout"": 0.3, ""aux_weight"": 0.3}"
411,0,1,0,0.2,0.6,0.56539,0.44203367292881013,0.5552801,0.43229285,,10,"{""lr"": 0.001, ""dropout"": 0.3, ""aux_weight"": 0.3}"
414,0,1,1,0.6,0.1999999999999999,0.6774694,0.44203367292881013,0.64127547,0.4569912,,10,"{""lr"": 0.001, ""dropout"": 0.3, ""aux_weight"": 0.3}"
416,0,1,0,0.0,1.0,0.24224651,0.44203367292881013,0.2898932,0.33818385,,10,"{""lr"": 0.001, ""dropout"": 0.3, ""aux_weight"": 0.3}"
425,0,1,0,0.0,1.0,0.40451163,0.44203367292881013,0.3994099,0.38661554,,10,"{""lr"": 0.001, ""dropout"": 0.3, ""aux_weight"": 0.3}"
435,0,1,0,0.4,0.1999999999999999,0.542302,0.44203367292881013,0.5368233,0.3847428,,10,"{""lr"": 0.001, ""dropout"": 0.3, ""aux_weight"": 0.3}"
437,0,1,1,0.6,0.1999999999999999,0.5037477,0.44203367292881013,0.526824,0.40510038,,10,"{""lr"": 0.001, ""dropout"": 0.3, ""aux_weight"": 0.3}"
441,0,1,0,0.2,0.6,0.4408528,0.44203367292881013,0.47720218,0.4005811,,10,"{""lr"": 0.001, ""dropout"": 0.3, ""aux_weight"": 0.3}"
442,0,1,1,0.8,0.6000000000000001,0.43985003,0.44203367292881013,0.45267594,0.37047964,,10,"{""lr"": 0.001, ""dropout"": 0.3, ""aux_weight"": 0.3}"
449,0,1,0,0.4,0.1999999999999999,0.33659673,0.44203367292881013,0.48767793,0.23104349,,10,"{""lr"": 0.001, ""dropout"": 0.3, ""aux_weight"": 0.3}"
452,0,1,0,0.25,0.5,0.32536885,0.44203367292881013,0.3999506,0.3110025,,10,"{""lr"": 0.001, ""dropout"": 0.3, ""aux_weight"": 0.3}"
469,0,1,1,0.75,0.5,0.4156002,0.44203367292881013,0.3988076,0.41481075,,10,"{""lr"": 0.001, ""dropout"": 0.3, ""aux_weight"": 0.3}"
481,0,1,0,0.0,1.0,0.36798483,0.44203367292881013,0.4312424,0.34110266,,10,"{""lr"": 0.001, ""dropout"": 0.3, ""aux_weight"": 0.3}"
482,0,1,0,0.0,1.0,0.122557536,0.44203367292881013,0.12403206,0.36433613,,10,"{""lr"": 0.001, ""dropout"": 0.3, ""aux_weight"": 0.3}"
485,0,1,1,0.5,0.0,0.4368848,0.44203367292881013,0.5167554,0.3056707,,10,"{""lr"": 0.001, ""dropout"": 0.3, ""aux_weight"": 0.3}"
486,0,1,0,0.25,0.5,0.4144007,0.44203367292881013,0.57679915,0.26501322,,10,"{""lr"": 0.001, ""dropout"": 0.3, ""aux_weight"": 0.3}"
496,0,1,1,0.75,0.5,0.52056336,0.44203367292881013,0.5100931,0.41602495,,10,"{""lr"": 0.001, ""dropout"": 0.3, ""aux_weight"": 0.3}"
498,0,1,0,0.0,1.0,0.14748386,0.44203367292881013,0.1461078,0.36420992,,10,"{""lr"": 0.001, ""dropout"": 0.3, ""aux_weight"": 0.3}"
503,0,1,0,0.0,1.0,0.39463452,0.44203367292881013,0.4141783,0.36889675,,10,"{""lr"": 0.001, ""dropout"": 0.3, ""aux_weight"": 0.3}"
509,0,1,0,0.25,0.5,0.32277584,0.44203367292881013,0.31206942,0.42516804,,10,"{""lr"": 0.001, ""dropout"": 0.3, ""aux_weight"": 0.3}"
512,0,1,1,1.0,1.0,0.578036,0.44203367292881013,0.5553902,0.4234189,,10,"{""lr"": 0.001, ""dropout"": 0.3, ""aux_weight"": 0.3}"
519,0,1,0,0.0,1.0,0.3596534,0.44203367292881013,0.46591443,0.29173577,,10,"{""lr"": 0.001, ""dropout"": 0.3, ""aux_weight"": 0.3}"
523,0,1,0,0.25,0.5,0.4062075,0.44203367292881013,0.48114604,0.34347013,,10,"{""lr"": 0.001, ""dropout"": 0.3, ""aux_weight"": 0.3}"
524,0,1,0,0.0,1.0,0.4198186,0.44203367292881013,0.5343838,0.31571236,,10,"{""lr"": 0.001, ""dropout"": 0.3, ""aux_weight"": 0.3}"
527,0,1,0,0.25,0.5,0.45421794,0.44203367292881013,0.51820934,0.3409813,,10,"{""lr"": 0.001, ""dropout"": 0.3, ""aux_weight"": 0.3}"
529,0,1,1,0.5,0.0,0.35716534,0.44203367292881013,0.45566112,0.3285609,,10,"{""lr"": 0.001, ""dropout"": 0.3, ""aux_weight"": 0.3}"
530,0,1,1,0.5,0.0,0.26336735,0.44203367292881013,0.35881695,0.31978565,,10,"{""lr"": 0.001, ""dropout"": 0.3, ""aux_weight"": 0.3}"
533,0,1,0,0.0,1.0,0.19317496,0.44203367292881013,0.22627613,0.3494585,,10,"{""lr"": 0.001, ""dropout"": 0.3, ""aux_weight"": 0.3}"
535,0,1,0,0.25,0.5,0.48838428,0.44203367292881013,0.5262875,0.36638653,,10,"{""lr"": 0.001, ""dropout"": 0.3, ""aux_weight"": 0.3}"
548,0,1,1,0.5,0.0,0.30408072,0.44203367292881013,0.35661831,0.3443985,,10,"{""lr"": 0.001, ""dropout"": 0.3, ""aux_weight"": 0.3}"
561,0,1,1,0.5,0.0,0.34490985,0.44203367292881013,0.37108225,0.34750086,,10,"{""lr"": 0.001, ""dropout"": 0.3, ""aux_weight"": 0.3}"
567,0,1,0,0.3333333333333333,0.3333333333333333,0.41486382,0.44203367292881013,0.50347996,0.34908742,,10,"{""lr"": 0.001, ""dropout"": 0.3, ""aux_weight"": 0.3}"
575,0,1,1,0.5,0.0,0.5608926,0.44203367292881013,0.64916766,0.32004443,,10,"{""lr"": 0.001, ""dropout"": 0.3, ""aux_weight"": 0.3}"
579,0,1,0,0.3333333333333333,0.3333333333333333,0.48392123,0.44203367292881013,0.49877095,0.40042076,,10,"{""lr"": 0.001, ""dropout"": 0.3, ""aux_weight"": 0.3}"
589,0,1,0,0.3333333333333333,0.3333333333333333,0.5169568,0.44203367292881013,0.49221402,0.46743006,,10,"{""lr"": 0.001, ""dropout"": 0.3, ""aux_weight"": 0.3}"
595,0,1,1,0.8333333333333334,0.6666666666666667,0.51011455,0.44203367292881013,0.48792964,0.4311314,,10,"{""lr"": 0.001, ""dropout"": 0.3, ""aux_weight"": 0.3}"
604,0,1,1,0.75,0.5,0.52658564,0.44203367292881013,0.5491093,0.43413818,,10,"{""lr"": 0.001, ""dropout"": 0.3, ""aux_weight"": 0.3}"
605,0,1,1,0.5,0.0,0.44883257,0.44203367292881013,0.45284837,0.42614582,,10,"{""lr"": 0.001, ""dropout"": 0.3, ""aux_weight"": 0.3}"
609,0,1,0,0.25,0.5,0.53148067,0.44203367292881013,0.48381025,0.43554246,,10,"{""lr"": 0.001, ""dropout"": 0.3, ""aux_weight"": 0.3}"
612,0,1,0,0.0,1.0,0.07314748,0.44203367292881013,0.074983194,0.35310122,,10,"{""lr"": 0.001, ""dropout"": 0.3, ""aux_weight"": 0.3}"
615,0,1,1,0.75,0.5,0.51705706,0.44203367292881013,0.5430513,0.40189478,,10,"{""lr"": 0.001, ""dropout"": 0.3, ""aux_weight"": 0.3}"
622,0,1,1,0.75,0.5,0.44124848,0.44203367292881013,0.43052518,0.40731892,,10,"{""lr"": 0.001, ""dropout"": 0.3, ""aux_weight"": 0.3}"
623,0,1,1,0.5,0.0,0.46812195,0.44203367292881013,0.46928817,0.43540195,,10,"{""lr"": 0.001, ""dropout"": 0.3, ""aux_weight"": 0.3}"
624,0,1,0,0.25,0.5,0.42260167,0.44203367292881013,0.39778262,0.43354395,,10,"{""lr"": 0.001, ""dropout"": 0.3, ""aux_weight"": 0.3}"
629,0,1,1,0.5,0.0,0.58512956,0.44203367292881013,0.57914996,0.4351693,,10,"{""lr"": 0.001, ""dropout"": 0.3, ""aux_weight"": 0.3}"
630,0,1,1,0.5,0.0,0.45606542,0.44203367292881013,0.48686302,0.40522492,,10,"{""lr"": 0.001, ""dropout"": 0.3, ""aux_weight"": 0.3}"
632,0,1,1,0.5,0.0,0.4078211,0.44203367292881013,0.38272303,0.43159935,,10,"{""lr"": 0.001, ""dropout"": 0.3, ""aux_weight"": 0.3}"
634,0,1,0,0.25,0.5,0.45882317,0.44203367292881013,0.47207382,0.42641726,,10,"{""lr"": 0.001, ""dropout"": 0.3, ""aux_weight"": 0.3}"
636,0,1,0,0.0,1.0,0.44804323,0.44203367292881013,0.4671365,0.42643934,,10,"{""lr"": 0.001, ""dropout"": 0.3, ""aux_weight"": 0.3}"
638,0,1,0,0.25,0.5,0.48416245,0.44203367292881013,0.49585614,0.43540195,,10,"{""lr"": 0.001, ""dropout"": 0.3, ""aux_weight"": 0.3}"
642,0,1,1,0.75,0.5,0.47997952,0.44203367292881013,0.5941308,0.29268518,,10,"{""lr"": 0.001, ""dropout"": 0.3, ""aux_weight"": 0.3}"
658,0,1,0,0.1666666666666666,0.6666666666666667,0.41088128,0.44203367292881013,0.4460199,0.3830416,,10,"{""lr"": 0.001, ""dropout"": 0.3, ""aux_weight"": 0.3}"
660,0,1,0,0.1666666666666666,0.6666666666666667,0.40404823,0.44203367292881013,0.43217057,0.3540145,,10,"{""lr"": 0.001, ""dropout"": 0.3, ""aux_weight"": 0.3}"
667,0,1,0,0.3333333333333333,0.3333333333333333,0.49805945,0.44203367292881013,0.5520359,0.3804007,,10,"{""lr"": 0.001, ""dropout"": 0.3, ""aux_weight"": 0.3}"
676,0,1,0,0.1666666666666666,0.6666666666666667,0.4203331,0.44203367292881013,0.46079367,0.37830248,,10,"{""lr"": 0.001, ""dropout"": 0.3, ""aux_weight"": 0.3}"
681,0,1,0,0.1666666666666666,0.6666666666666667,0.52129185,0.44203367292881013,0.49900252,0.45764583,,10,"{""lr"": 0.001, ""dropout"": 0.3, ""aux_weight"": 0.3}"
683,0,1,1,0.8333333333333334,0.6666666666666667,0.5474301,0.44203367292881013,0.522405,0.46277225,,10,"{""lr"": 0.001, ""dropout"": 0.3, ""aux_weight"": 0.3}"
693,0,1,1,0.5,0.0,0.5418348,0.44203367292881013,0.5268774,0.4643722,,10,"{""lr"": 0.001, ""dropout"": 0.3, ""aux_weight"": 0.3}"
707,0,1,1,0.5,0.0,0.29551607,0.44203367292881013,0.28681332,0.4226596,,10,"{""lr"": 0.001, ""dropout"": 0.3, ""aux_weight"": 0.3}"
730,0,1,0,0.3333333333333333,0.3333333333333333,0.3021303,0.44203367292881013,0.336605,0.3764347,,10,"{""lr"": 0.001, ""dropout"": 0.3, ""aux_weight"": 0.3}"
731,0,1,0,0.0,1.0,0.26800737,0.44203367292881013,0.27838564,0.3752193,,10,"{""lr"": 0.001, ""dropout"": 0.3, ""aux_weight"": 0.3}"
733,0,1,0,0.1666666666666666,0.6666666666666667,0.3207559,0.44203367292881013,0.32105276,0.40731597,,10,"{""lr"": 0.001, ""dropout"": 0.3, ""aux_weight"": 0.3}"
737,0,1,0,0.1666666666666666,0.6666666666666667,0.22191289,0.44203367292881013,0.24917811,0.34912357,,10,"{""lr"": 0.001, ""dropout"": 0.3, ""aux_weight"": 0.3}"
738,0,1,0,0.3333333333333333,0.3333333333333333,0.47662097,0.44203367292881013,0.47482568,0.36054823,,10,"{""lr"": 0.001, ""dropout"": 0.3, ""aux_weight"": 0.3}"
741,0,1,0,0.2,0.6,0.35491198,0.44203367292881013,0.34669912,0.41832507,,10,"{""lr"": 0.001, ""dropout"": 0.3, ""aux_weight"": 0.3}"
15,0,2,0,0.4,0.1999999999999999,0.19668671,0.2881075911223889,0.4669765,0.5113482,,53,"{""lr"": 0.001, ""dropout"": 0.5, ""aux_weight"": 0.0}"
18,0,2,1,0.6,0.1999999999999999,0.41442803,0.2881075911223889,0.466282,0.51639926,,53,"{""lr"": 0.001, ""dropout"": 0.5, ""aux_weight"": 0.0}"
21,0,2,0,0.2,0.6,0.24259523,0.2881075911223889,0.47170836,0.5094646,,53,"{""lr"": 0.001, ""dropout"": 0.5, ""aux_weight"": 0.0}"
24,0,2,0,0.0,1.0,0.17838177,0.2881075911223889,0.5610796,0.5169032,,53,"{""lr"": 0.001, ""dropout"": 0.5, ""aux_weight"": 0.0}"
25,0,2,0,0.2,0.6,0.24023114,0.2881075911223889,0.5156203,0.51884407,,53,"{""lr"": 0.001, ""dropout"": 0.5, ""aux_weight"": 0.0}"
27,0,2,0,0.2,0.6,0.28359962,0.2881075911223889,0.49195957,0.51778877,,53,"{""lr"": 0.001, ""dropout"": 0.5, ""aux_weight"": 0.0}"
31,0,2,0,0.1666666666666666,0.6666666666666667,0.12656061,0.2881075911223889,0.46637937,0.5110571,,53,"{""lr"": 0.001, ""dropout"": 0.5, ""aux_weight"": 0.0}"
45,0,2,0,0.0,1.0,0.32186317,0.2881075911223889,0.5710188,0.5199361,,53,"{""lr"": 0.001, ""dropout"": 0.5, ""aux_weight"": 0.0}"
47,0,2,0,0.25,0.5,0.364859,0.2881075911223889,0.5283661,0.5204583,,53,"{""lr"": 0.001, ""dropout"": 0.5, ""aux_weight"": 0.0}"
52,0,2,0,0.25,0.5,0.15574321,0.2881075911223889,0.4686547,0.5177456,,53,"{""lr"": 0.001, ""dropout"": 0.5, ""aux_weight"": 0.0}"
53,0,2,0,0.1666666666666666,0.6666666666666667,0.20659687,0.2881075911223889,0.53695047,0.52177024,,53,"{""lr"": 0.001, ""dropout"": 0.5, ""aux_weight"": 0.0}"
58,0,2,0,0.25,0.5,0.42470336,0.2881075911223889,0.5456302,0.5122621,,53,"{""lr"": 0.001, ""dropout"": 0.5, ""aux_weight"": 0.0}"
72,0,2,0,0.25,0.5,0.23929848,0.2881075911223889,0.48598617,0.5177994,,53,"{""lr"": 0.001, ""dropout"": 0.5, ""aux_weight"": 0.0}"
80,0,2,0,0.0,1.0,0.25492996,0.2881075911223889,0.5501584,0.51896554,,53,"{""lr"": 0.001, ""dropout"": 0.5, ""aux_weight"": 0.0}"
81,0,2,0,0.0,1.0,0.12120391,0.2881075911223889,0.4958707,0.5119669,,53,"{""lr"": 0.001, ""dropout"": 0.5, ""aux_weight"": 0.0}"
84,0,2,0,0.3333333333333333,0.3333333333333333,0.18751055,0.2881075911223889,0.4659102,0.5149477,,53,"{""lr"": 0.001, ""dropout"": 0.5, ""aux_weight"": 0.0}"
91,0,2,0,0.25,0.5,0.11841309,0.2881075911223889,0.4634186,0.51066226,,53,"{""lr"": 0.001, ""dropout"": 0.5, ""aux_weight"": 0.0}"
92,0,2,0,0.0,1.0,0.22570604,0.2881075911223889,0.60491115,0.51185113,,53,"{""lr"": 0.001, ""dropout"": 0.5, ""aux_weight"": 0.0}"
101,0,2,0,0.3333333333333333,0.3333333333333333,0.230061,0.2881075911223889,0.5393411,0.51392066,,53,"{""lr"": 0.001, ""dropout"": 0.5, ""aux_weight"": 0.0}"
102,0,2,0,0.0,1.0,0.070259005,0.2881075911223889,0.5227261,0.5120369,,53,"{""lr"": 0.001, ""dropout"": 0.5, ""aux_weight"": 0.0}"
118,0,2,0,0.0,1.0,0.25166145,0.2881075911223889,0.4975391,0.51109374,,53,"{""lr"": 0.001, ""dropout"": 0.5, ""aux_weight"": 0.0}"
121,0,2,0,0.1111111111111111,0.7777777777777778,0.16822946,0.2881075911223889,0.5140514,0.51884353,,53,"{""lr"": 0.001, ""dropout"": 0.5, ""aux_weight"": 0.0}"
125,0,2,0,0.125,0.75,0.2404427,0.2881075911223889,0.4465208,0.50842243,,53,"{""lr"": 0.001, ""dropout"": 0.5, ""aux_weight"": 0.0}"
126,0,2,0,0.2222222222222222,0.5555555555555556,0.5369156,0.2881075911223889,0.46503776,0.5094322,,53,"{""lr"": 0.001, ""dropout"": 0.5, ""aux_weight"": 0.0}"
128,0,2,0,0.1111111111111111,0.7777777777777778,0.093616165,0.2881075911223889,0.4788121,0.5209566,,53,"{""lr"": 0.001, ""dropout"": 0.5, ""aux_weight"": 0.0}"
130,0,2,0,0.1111111111111111,0.7777777777777778,0.08674885,0.2881075911223889,0.44811827,0.52508134,,53,"{""lr"": 0.001, ""dropout"": 0.5, ""aux_weight"": 0.0}"
140,0,2,0,0.2222222222222222,0.5555555555555556,0.22813553,0.2881075911223889,0.46515435,0.5133442,,53,"{""lr"": 0.001, ""dropout"": 0.5, ""aux_weight"": 0.0}"
145,0,2,0,0.4444444444444444,0.1111111111111111,0.1815686,0.2881075911223889,0.55218273,0.5191038,,53,"{""lr"": 0.001, ""dropout"": 0.5, ""aux_weight"": 0.0}"
154,0,2,0,0.25,0.5,0.14026642,0.2881075911223889,0.48194146,0.51401913,,53,"{""lr"": 0.001, ""dropout"": 0.5, ""aux_weight"": 0.0}"
157,0,2,0,0.25,0.5,0.25730398,0.2881075911223889,0.51399684,0.5126766,,53,"{""lr"": 0.001, ""dropout"": 0.5, ""aux_weight"": 0.0}"
167,0,2,0,0.0,1.0,0.36103508,0.2881075911223889,0.4529469,0.514724,,53,"{""lr"": 0.001, ""dropout"": 0.5, ""aux_weight"": 0.0}"
172,0,2,0,0.0,1.0,0.13987176,0.2881075911223889,0.534759,0.51246715,,53,"{""lr"": 0.001, ""dropout"": 0.5, ""aux_weight"": 0.0}"
173,0,2,0,0.25,0.5,0.17095833,0.2881075911223889,0.52013385,0.5125337,,53,"{""lr"": 0.001, ""dropout"": 0.5, ""aux_weight"": 0.0}"
176,0,2,0,0.0,1.0,0.2140055,0.2881075911223889,0.46888152,0.5110463,,53,"{""lr"": 0.001, ""dropout"": 0.5, ""aux_weight"": 0.0}"
194,0,2,0,0.0,1.0,0.22646663,0.2881075911223889,0.5623958,0.5133844,,53,"{""lr"": 0.001, ""dropout"": 0.5, ""aux_weight"": 0.0}"
197,0,2,0,0.0,1.0,0.05944229,0.2881075911223889,0.65912974,0.5187586,,53,"{""lr"": 0.001, ""dropout"": 0.5, ""aux_weight"": 0.0}"
201,0,2,0,0.25,0.5,0.23284563,0.2881075911223889,0.54234695,0.5166794,,53,"{""lr"": 0.001, ""dropout"": 0.5, ""aux_weight"": 0.0}"
217,0,2,0,0.0,1.0,0.1063025,0.2881075911223889,0.4704427,0.5192533,,53,"{""lr"": 0.001, ""dropout"": 0.5, ""aux_weight"": 0.0}"
219,0,2,0,0.0,1.0,0.21616738,0.2881075911223889,0.42047077,0.5169081,,53,"{""lr"": 0.001, ""dropout"": 0.5, ""aux_weight"": 0.0}"
229,0,2,0,0.0,1.0,0.32326895,0.2881075911223889,0.4904369,0.5147282,,53,"{""lr"": 0.001, ""dropout"": 0.5, ""aux_weight"": 0.0}"
234,0,2,0,0.25,0.5,0.3333814,0.2881075911223889,0.49735934,0.51231706,,53,"{""lr"": 0.001, ""dropout"": 0.5, ""aux_weight"": 0.0}"
235,0,2,0,0.0,1.0,0.18013501,0.2881075911223889,0.53080297,0.5278535,,53,"{""lr"": 0.001, ""dropout"": 0.5, ""aux_weight"": 0.0}"
237,0,2,0,0.4,0.1999999999999999,0.17905709,0.2881075911223889,0.48022392,0.5131585,,53,"{""lr"": 0.001, ""dropout"": 0.5, ""aux_weight"": 0.0}"
239,0,2,1,0.6,0.1999999999999999,0.23897901,0.2881075911223889,0.51054513,0.5101879,,53,"{""lr"": 0.001, ""dropout"": 0.5, ""aux_weight"": 0.0}"
244,0,2,1,0.6,0.1999999999999999,0.5028976,0.2881075911223889,0.43612885,0.51937497,,53,"{""lr"": 0.001, ""dropout"": 0.5, ""aux_weight"": 0.0}"
246,0,2,0,0.4,0.1999999999999999,0.37914687,0.2881075911223889,0.44134468,0.5176898,,53,"{""lr"": 0.001, ""dropout"": 0.5, ""aux_weight"": 0.0}"
252,0,2,0,0.0,1.0,0.29920515,0.2881075911223889,0.5041612,0.51009107,,53,"{""lr"": 0.001, ""dropout"": 0.5, ""aux_weight"": 0.0}"
255,0,2,0,0.25,0.5,0.18228851,0.2881075911223889,0.5506604,0.50945705,,53,"{""lr"": 0.001, ""dropout"": 0.5, ""aux_weight"": 0.0}"
265,0,2,1,0.5,0.0,0.25979316,0.2881075911223889,0.5925388,0.50978595,,53,"{""lr"": 0.001, ""dropout"": 0.5, ""aux_weight"": 0.0}"
266,0,2,0,0.25,0.5,0.17026651,0.2881075911223889,0.42362177,0.51499164,,53,"{""lr"": 0.001, ""dropout"": 0.5, ""aux_weight"": 0.0}"
268,0,2,1,0.5,0.0,0.21276236,0.2881075911223889,0.4786719,0.5099573,,53,"{""lr"": 0.001, ""dropout"": 0.5, ""aux_weight"": 0.0}"
270,0,2,0,0.0,1.0,0.52114546,0.2881075911223889,0.516469,0.52216536,,53,"{""lr"": 0.001, ""dropout"": 0.5, ""aux_weight"": 0.0}"
273,0,2,1,0.5,0.0,0.21442354,0.2881075911223889,0.51978636,0.51113665,,53,"{""lr"": 0.001, ""dropout"": 0.5, ""aux_weight"": 0.0}"
277,0,2,1,0.5,0.0,0.22895452,0.2881075911223889,0.61395943,0.51633656,,53,"{""lr"": 0.001, ""dropout"": 0.5, ""aux_weight"": 0.0}"
280,0,2,0,0.25,0.5,0.25527185,0.2881075911223889,0.52125585,0.5126509,,53,"{""lr"": 0.001, ""dropout"": 0.5, ""aux_weight"": 0.0}"
286,0,2,0,0.2,0.6,0.15890144,0.2881075911223889,0.48077402,0.5190643,,53,"{""lr"": 0.001, ""dropout"": 0.5, ""aux_weight"": 0.0}"
289,0,2,1,0.5,0.0,0.1255107,0.2881075911223889,0.5908487,0.5213942,,53,"{""lr"": 0.001, ""dropout"": 0.5, ""aux_weight"": 0.0}"
304,0,2,1,0.8,0.6000000000000001,0.30273622,0.2881075911223889,0.49162525,0.5198448,,53,"{""lr"": 0.001, ""dropout"": 0.5, ""aux_weight"": 0.0}"
312,0,2,0,0.0,1.0,0.08966266,0.2881075911223889,0.51171005,0.51995754,,53,"{""lr"": 0.001, ""dropout"": 0.5, ""aux_weight"": 0.0}"
318,0,2,0,0.4,0.1999999999999999,0.20072988,0.2881075911223889,0.57437754,0.5174733,,53,"{""lr"": 0.001, ""dropout"": 0.5, ""aux_weight"": 0.0}"
321,0,2,1,0.6,0.1999999999999999,0.38565528,0.2881075911223889,0.5174794,0.5115719,,53,"{""lr"": 0.001, ""dropout"": 0.5, ""aux_weight"": 0.0}"
323,0,2,0,0.0,1.0,0.21963389,0.2881075911223889,0.5003026,0.52015984,,53,"{""lr"": 0.001, ""dropout"": 0.5, ""aux_weight"": 0.0}"
324,0,2,0,0.2,0.6,0.31800294,0.2881075911223889,0.52594507,0.5174369,,53,"{""lr"": 0.001, ""dropout"": 0.5, ""aux_weight"": 0.0}"
334,0,2,0,0.4,0.1999999999999999,0.37618923,0.2881075911223889,0.47814867,0.5130393,,53,"{""lr"": 0.001, ""dropout"": 0.5, ""aux_weight"": 0.0}"
340,0,2,1,0.6,0.1999999999999999,0.21602371,0.2881075911223889,0.5057173,0.5166183,,53,"{""lr"": 0.001, ""dropout"": 0.5, ""aux_weight"": 0.0}"
344,0,2,0,0.2,0.6,0.30040306,0.2881075911223889,0.551829,0.51351625,,53,"{""lr"": 0.001, ""dropout"": 0.5, ""aux_weight"": 0.0}"
348,0,2,0,0.4,0.1999999999999999,0.5166717,0.2881075911223889,0.50946784,0.51661503,,53,"{""lr"": 0.001, ""dropout"": 0.5, ""aux_weight"": 0.0}"
352,0,2,0,0.25,0.5,0.33519816,0.2881075911223889,0.5714373,0.5146223,,53,"{""lr"": 0.001, ""dropout"": 0.5, ""aux_weight"": 0.0}"
353,0,2,0,0.0,1.0,0.39429677,0.2881075911223889,0.5266683,0.5181455,,53,"{""lr"": 0.001, ""dropout"": 0.5, ""aux_weight"": 0.0}"
354,0,2,0,0.25,0.5,0.41680703,0.2881075911223889,0.5119158,0.51130444,,53,"{""lr"": 0.001, ""dropout"": 0.5, ""aux_weight"": 0.0}"
357,0,2,1,0.5,0.0,0.37639916,0.2881075911223889,0.56470907,0.51097816,,53,"{""lr"": 0.001, ""dropout"": 0.5, ""aux_weight"": 0.0}"
358,0,2,0,0.25,0.5,0.45348915,0.2881075911223889,0.50925565,0.5180457,,53,"{""lr"": 0.001, ""dropout"": 0.5, ""aux_weight"": 0.0}"
362,0,2,1,0.75,0.5,0.27548873,0.2881075911223889,0.54773843,0.51822156,,53,"{""lr"": 0.001, ""dropout"": 0.5, ""aux_weight"": 0.0}"
364,0,2,1,0.5,0.0,0.335654,0.2881075911223889,0.46291426,0.51475,,53,"{""lr"": 0.001, ""dropout"": 0.5, ""aux_weight"": 0.0}"
399,0,2,0,0.25,0.5,0.38050985,0.2881075911223889,0.5204251,0.50948125,,53,"{""lr"": 0.001, ""dropout"": 0.5, ""aux_weight"": 0.0}"
404,0,2,1,0.6,0.1999999999999999,0.40167105,0.2881075911223889,0.6312807,0.51858777,,53,"{""lr"": 0.001, ""dropout"": 0.5, ""aux_weight"": 0.0}"
408,0,2,0,0.4,0.1999999999999999,0.42827743,0.2881075911223889,0.6056317,0.51476514,,53,"{""lr"": 0.001, ""dropout"": 0.5, ""aux_weight"": 0.0}"
409,0,2,0,0.4,0.1999999999999999,0.48220608,0.2881075911223889,0.47261912,0.515242,,53,"{""lr"": 0.001, ""dropout"": 0.5, ""aux_weight"": 0.0}"
412,0,2,1,1.0,1.0,0.46669096,0.2881075911223889,0.549595,0.5150406,,53,"{""lr"": 0.001, ""dropout"": 0.5, ""aux_weight"": 0.0}"
417,0,2,0,0.2,0.6,0.50946176,0.2881075911223889,0.51015913,0.51005816,,53,"{""lr"": 0.001, ""dropout"": 0.5, ""aux_weight"": 0.0}"
420,0,2,0,0.0,1.0,0.06577639,0.2881075911223889,0.5182669,0.5180238,,53,"{""lr"": 0.001, ""dropout"": 0.5, ""aux_weight"": 0.0}"
426,0,2,1,0.8,0.6000000000000001,0.354804,0.2881075911223889,0.5030314,0.51831126,,53,"{""lr"": 0.001, ""dropout"": 0.5, ""aux_weight"": 0.0}"
431,0,2,0,0.4,0.1999999999999999,0.4145885,0.2881075911223889,0.5039765,0.5132633,,53,"{""lr"": 0.001, ""dropout"": 0.5, ""aux_weight"": 0.0}"
443,0,2,0,0.0,1.0,0.20508018,0.2881075911223889,0.470898,0.51910603,,53,"{""lr"": 0.001, ""dropout"": 0.5, ""aux_weight"": 0.0}"
446,0,2,0,0.2,0.6,0.44824064,0.2881075911223889,0.5732988,0.5168365,,53,"{""lr"": 0.001, ""dropout"": 0.5, ""aux_weight"": 0.0}"
448,0,2,0,0.0,1.0,0.14525253,0.2881075911223889,0.47514665,0.5190988,,53,"{""lr"": 0.001, ""dropout"": 0.5, ""aux_weight"": 0.0}"
451,0,2,0,0.25,0.5,0.31394875,0.2881075911223889,0.55774176,0.5061573,,53,"{""lr"": 0.001, ""dropout"": 0.5, ""aux_weight"": 0.0}"
453,0,2,0,0.25,0.5,0.42230296,0.2881075911223889,0.52015615,0.515202,,53,"{""lr"": 0.001, ""dropout"": 0.5, ""aux_weight"": 0.0}"
458,0,2,0,0.0,1.0,0.37553585,0.2881075911223889,0.51766396,0.51776356,,53,"{""lr"": 0.001, ""dropout"": 0.5, ""aux_weight"": 0.0}"
460,0,2,0,0.0,1.0,0.29608238,0.2881075911223889,0.5251149,0.5177993,,53,"{""lr"": 0.001, ""dropout"": 0.5, ""aux_weight"": 0.0}"
461,0,2,1,0.5,0.0,0.35093218,0.2881075911223889,0.5680473,0.5171447,,53,"{""lr"": 0.001, ""dropout"": 0.5, ""aux_weight"": 0.0}"
471,0,2,0,0.0,1.0,0.5154098,0.2881075911223889,0.5658139,0.5133095,,53,"{""lr"": 0.001, ""dropout"": 0.5, ""aux_weight"": 0.0}"
477,0,2,0,0.0,1.0,0.09381724,0.2881075911223889,0.42794114,0.5191353,,53,"{""lr"": 0.001, ""dropout"": 0.5, ""aux_weight"": 0.0}"
479,0,2,0,0.0,1.0,0.28321278,0.2881075911223889,0.5628264,0.5194235,,53,"{""lr"": 0.001, ""dropout"": 0.5, ""aux_weight"": 0.0}"
488,0,2,1,0.5,0.0,0.36171216,0.2881075911223889,0.5338386,0.516287,,53,"{""lr"": 0.001, ""dropout"": 0.5, ""aux_weight"": 0.0}"
489,0,2,0,0.0,1.0,0.40588978,0.2881075911223889,0.5038868,0.51068234,,53,"{""lr"": 0.001, ""dropout"": 0.5, ""aux_weight"": 0.0}"
504,0,2,1,0.75,0.5,0.2949388,0.2881075911223889,0.5094682,0.5219732,,53,"{""lr"": 0.001, ""dropout"": 0.5, ""aux_weight"": 0.0}"
505,0,2,1,0.5,0.0,0.41288498,0.2881075911223889,0.5581388,0.5196022,,53,"{""lr"": 0.001, ""dropout"": 0.5, ""aux_weight"": 0.0}"
506,0,2,1,0.75,0.5,0.49162948,0.2881075911223889,0.52581775,0.5163775,,53,"{""lr"": 0.001, ""dropout"": 0.5, ""aux_weight"": 0.0}"
508,0,2,1,0.75,0.5,0.28221953,0.2881075911223889,0.51304877,0.5143067,,53,"{""lr"": 0.001, ""dropout"": 0.5, ""aux_weight"": 0.0}"
511,0,2,1,0.5,0.0,0.38886893,0.2881075911223889,0.53031886,0.51632446,,53,"{""lr"": 0.001, ""dropout"": 0.5, ""aux_weight"": 0.0}"
517,0,2,0,0.25,0.5,0.30581838,0.2881075911223889,0.5714433,0.51967937,,53,"{""lr"": 0.001, ""dropout"": 0.5, ""aux_weight"": 0.0}"
520,0,2,1,0.5,0.0,0.3659743,0.2881075911223889,0.5540453,0.5121517,,53,"{""lr"": 0.001, ""dropout"": 0.5, ""aux_weight"": 0.0}"
526,0,2,0,0.0,1.0,0.30343017,0.2881075911223889,0.5091047,0.5119016,,53,"{""lr"": 0.001, ""dropout"": 0.5, ""aux_weight"": 0.0}"
541,0,2,1,0.5,0.0,0.33782864,0.2881075911223889,0.52290475,0.51068616,,53,"{""lr"": 0.001, ""dropout"": 0.5, ""aux_weight"": 0.0}"
544,0,2,1,0.5,0.0,0.4773066,0.2881075911223889,0.55316913,0.5171611,,53,"{""lr"": 0.001, ""dropout"": 0.5, ""aux_weight"": 0.0}"
545,0,2,0,0.25,0.5,0.2262882,0.2881075911223889,0.46974802,0.513869,,53,"{""lr"": 0.001, ""dropout"": 0.5, ""aux_weight"": 0.0}"
550,0,2,0,0.0,1.0,0.32523048,0.2881075911223889,0.51631707,0.5197329,,53,"{""lr"": 0.001, ""dropout"": 0.5, ""aux_weight"": 0.0}"
552,0,2,1,0.6666666666666666,0.3333333333333332,0.3522027,0.2881075911223889,0.57273126,0.51994663,,53,"{""lr"": 0.001, ""dropout"": 0.5, ""aux_weight"": 0.0}"
555,0,2,0,0.3333333333333333,0.3333333333333333,0.4254571,0.2881075911223889,0.51391757,0.5138908,,53,"{""lr"": 0.001, ""dropout"": 0.5, ""aux_weight"": 0.0}"
556,0,2,0,0.1666666666666666,0.6666666666666667,0.4899782,0.2881075911223889,0.5506442,0.5127891,,53,"{""lr"": 0.001, ""dropout"": 0.5, ""aux_weight"": 0.0}"
559,0,2,1,0.6666666666666666,0.3333333333333332,0.3023278,0.2881075911223889,0.51147217,0.5144722,,53,"{""lr"": 0.001, ""dropout"": 0.5, ""aux_weight"": 0.0}"
563,0,2,0,0.0,1.0,0.30734622,0.2881075911223889,0.5776359,0.5110082,,53,"{""lr"": 0.001, ""dropout"": 0.5, ""aux_weight"": 0.0}"
564,0,2,1,0.5,0.0,0.36694142,0.2881075911223889,0.5712093,0.51378185,,53,"{""lr"": 0.001, ""dropout"": 0.5, ""aux_weight"": 0.0}"
571,0,2,1,0.5,0.0,0.28910893,0.2881075911223889,0.51653504,0.51351625,,53,"{""lr"": 0.001, ""dropout"": 0.5, ""aux_weight"": 0.0}"
582,0,2,1,0.5,0.0,0.3644213,0.2881075911223889,0.5754229,0.5160748,,53,"{""lr"": 0.001, ""dropout"": 0.5, ""aux_weight"": 0.0}"
602,0,2,0,0.25,0.5,0.38479996,0.2881075911223889,0.5490277,0.5171163,,53,"{""lr"": 0.001, ""dropout"": 0.5, ""aux_weight"": 0.0}"
606,0,2,0,0.25,0.5,0.34029186,0.2881075911223889,0.48154962,0.5140348,,53,"{""lr"": 0.001, ""dropout"": 0.5, ""aux_weight"": 0.0}"
607,0,2,0,0.0,1.0,0.31589743,0.2881075911223889,0.5089282,0.5113347,,53,"{""lr"": 0.001, ""dropout"": 0.5, ""aux_weight"": 0.0}"
614,0,2,1,0.75,0.5,0.47298652,0.2881075911223889,0.5239228,0.51938874,,53,"{""lr"": 0.001, ""dropout"": 0.5, ""aux_weight"": 0.0}"
617,0,2,1,0.5,0.0,0.43551064,0.2881075911223889,0.53531843,0.51342314,,53,"{""lr"": 0.001, ""dropout"": 0.5, ""aux_weight"": 0.0}"
620,0,2,1,0.75,0.5,0.47065258,0.2881075911223889,0.5280635,0.5136262,,53,"{""lr"": 0.001, ""dropout"": 0.5, ""aux_weight"": 0.0}"
626,0,2,1,0.5,0.0,0.37158623,0.2881075911223889,0.50761724,0.51342314,,53,"{""lr"": 0.001, ""dropout"": 0.5, ""aux_weight"": 0.0}"
641,0,2,0,0.0,1.0,0.26511985,0.2881075911223889,0.53361285,0.5127115,,53,"{""lr"": 0.001, ""dropout"": 0.5, ""aux_weight"": 0.0}"
652,0,2,0,0.0,1.0,0.13754489,0.2881075911223889,0.6039252,0.5185858,,53,"{""lr"": 0.001, ""dropout"": 0.5, ""aux_weight"": 0.0}"
661,0,2,1,0.8333333333333334,0.6666666666666667,0.5144745,0.2881075911223889,0.4781643,0.51013273,,53,"{""lr"": 0.001, ""dropout"": 0.5, ""aux_weight"": 0.0}"
669,0,2,0,0.3333333333333333,0.3333333333333333,0.38349634,0.2881075911223889,0.5194392,0.51728815,,53,"{""lr"": 0.001, ""dropout"": 0.5, ""aux_weight"": 0.0}"
671,0,2,0,0.3333333333333333,0.3333333333333333,0.41385838,0.2881075911223889,0.48793256,0.5121051,,53,"{""lr"": 0.001, ""dropout"": 0.5, ""aux_weight"": 0.0}"
673,0,2,0,0.3333333333333333,0.3333333333333333,0.064042754,0.2881075911223889,0.5264914,0.5125752,,53,"{""lr"": 0.001, ""dropout"": 0.5, ""aux_weight"": 0.0}"
675,0,2,0,0.3333333333333333,0.3333333333333333,0.27488896,0.2881075911223889,0.5010495,0.51218253,,53,"{""lr"": 0.001, ""dropout"": 0.5, ""aux_weight"": 0.0}"
682,0,2,0,0.1666666666666666,0.6666666666666667,0.4062872,0.2881075911223889,0.51822805,0.51258534,,53,"{""lr"": 0.001, ""dropout"": 0.5, ""aux_weight"": 0.0}"
685,0,2,0,0.0,1.0,0.47079605,0.2881075911223889,0.5340386,0.51701975,,53,"{""lr"": 0.001, ""dropout"": 0.5, ""aux_weight"": 0.0}"
686,0,2,0,0.0,1.0,0.43181217,0.2881075911223889,0.5178249,0.5121006,,53,"{""lr"": 0.001, ""dropout"": 0.5, ""aux_weight"": 0.0}"
691,0,2,0,0.1666666666666666,0.6666666666666667,0.5726085,0.2881075911223889,0.586812,0.51185334,,53,"{""lr"": 0.001, ""dropout"": 0.5, ""aux_weight"": 0.0}"
692,0,2,0,0.0,1.0,0.23945126,0.2881075911223889,0.49879956,0.51456773,,53,"{""lr"": 0.001, ""dropout"": 0.5, ""aux_weight"": 0.0}"
698,0,2,1,0.5,0.0,0.45419616,0.2881075911223889,0.55678296,0.51731485,,53,"{""lr"": 0.001, ""dropout"": 0.5, ""aux_weight"": 0.0}"
704,0,2,0,0.3333333333333333,0.3333333333333333,0.35890728,0.2881075911223889,0.50740063,0.5106625,,53,"{""lr"": 0.001, ""dropout"": 0.5, ""aux_weight"": 0.0}"
705,0,2,1,0.5,0.0,0.21662357,0.2881075911223889,0.5508952,0.51232725,,53,"{""lr"": 0.001, ""dropout"": 0.5, ""aux_weight"": 0.0}"
709,0,2,0,0.3333333333333333,0.3333333333333333,0.47110593,0.2881075911223889,0.50598264,0.5122793,,53,"{""lr"": 0.001, ""dropout"": 0.5, ""aux_weight"": 0.0}"
710,0,2,0,0.0,1.0,0.034336902,0.2881075911223889,0.517695,0.51566774,,53,"{""lr"": 0.001, ""dropout"": 0.5, ""aux_weight"": 0.0}"
717,0,2,1,0.5,0.0,0.50071067,0.2881075911223889,0.4742146,0.511902,,53,"{""lr"": 0.001, ""dropout"": 0.5, ""aux_weight"": 0.0}"
721,0,2,0,0.3333333333333333,0.3333333333333333,0.15342307,0.2881075911223889,0.6700126,0.51236635,,53,"{""lr"": 0.001, ""dropout"": 0.5, ""aux_weight"": 0.0}"
723,0,2,0,0.1666666666666666,0.6666666666666667,0.20083934,0.2881075911223889,0.596154,0.51075345,,53,"{""lr"": 0.001, ""dropout"": 0.5, ""aux_weight"": 0.0}"
727,0,2,0,0.4,0.1999999999999999,0.3582888,0.2881075911223889,0.5057437,0.5213562,,53,"{""lr"": 0.001, ""dropout"": 0.5, ""aux_weight"": 0.0}"
728,0,2,0,0.2,0.6,0.31136125,0.2881075911223889,0.4625372,0.5182089,,53,"{""lr"": 0.001, ""dropout"": 0.5, ""aux_weight"": 0.0}"
729,0,2,0,0.4,0.1999999999999999,0.5036747,0.2881075911223889,0.47876805,0.5192418,,53,"{""lr"": 0.001, ""dropout"": 0.5, ""aux_weight"": 0.0}"
736,0,2,0,0.0,1.0,0.39007747,0.2881075911223889,0.51894164,0.51965046,,53,"{""lr"": 0.001, ""dropout"": 0.5, ""aux_weight"": 0.0}"
1,0,3,0,0.3333333333333333,0.3333333333333333,0.4166285,0.3239201006293297,0.43311837,0.4173735,,10,"{""lr"": 0.001, ""dropout"": 0.3, ""aux_weight"": 0.3}"
3,0,3,0,0.0,1.0,0.27578145,0.3239201006293297,0.34842035,0.3369381,,10,"{""lr"": 0.001, ""dropout"": 0.3, ""aux_weight"": 0.3}"
9,0,3,0,0.0,1.0,0.17317855,0.3239201006293297,0.21227753,0.31663108,,10,"{""lr"": 0.001, ""dropout"": 0.3, ""aux_weight"": 0.3}"
12,0,3,0,0.4,0.1999999999999999,0.2782653,0.3239201006293297,0.37638038,0.2708681,,10,"{""lr"": 0.001, ""dropout"": 0.3, ""aux_weight"": 0.3}"
13,0,3,0,0.2,0.6,0.20893937,0.3239201006293297,0.2476497,0.3461376,,10,"{""lr"": 0.001, ""dropout"": 0.3, ""aux_weight"": 0.3}"
17,0,3,0,0.4,0.1999999999999999,0.46957424,0.3239201006293297,0.39537978,0.43934196,,10,"{""lr"": 0.001, ""dropout"": 0.3, ""aux_weight"": 0.3}"
35,0,3,1,0.5,0.0,0.20435193,0.3239201006293297,0.26213807,0.33254182,,10,"{""lr"": 0.001, ""dropout"": 0.3, ""aux_weight"": 0.3}"
37,0,3,0,0.2,0.6,0.22362104,0.3239201006293297,0.23695779,0.364819,,10,"{""lr"": 0.001, ""dropout"": 0.3, ""aux_weight"": 0.3}"
42,0,3,0,0.0,1.0,0.16604638,0.3239201006293297,0.1887841,0.32907632,,10,"{""lr"": 0.001, ""dropout"": 0.3, ""aux_weight"": 0.3}"
43,0,3,0,0.2,0.6,0.39063963,0.3239201006293297,0.49776167,0.333661,,10,"{""lr"": 0.001, ""dropout"": 0.3, ""aux_weight"": 0.3}"
48,0,3,1,0.6,0.1999999999999999,0.2229316,0.3239201006293297,0.2504751,0.32690024,,10,"{""lr"": 0.001, ""dropout"": 0.3, ""aux_weight"": 0.3}"
54,0,3,0,0.25,0.5,0.26477033,0.3239201006293297,0.3297238,0.31793413,,10,"{""lr"": 0.001, ""dropout"": 0.3, ""aux_weight"": 0.3}"
76,0,3,0,0.25,0.5,0.25771272,0.3239201006293297,0.27603263,0.3693939,,10,"{""lr"": 0.001, ""dropout"": 0.3, ""aux_weight"": 0.3}"
79,0,3,0,0.25,0.5,0.3070229,0.3239201006293297,0.3455379,0.32872418,,10,"{""lr"": 0.001, ""dropout"": 0.3, ""aux_weight"": 0.3}"
86,0,3,0,0.0,1.0,0.24944785,0.3239201006293297,0.3033108,0.37699085,,10,"{""lr"": 0.001, ""dropout"": 0.3, ""aux_weight"": 0.3}"
90,0,3,1,0.5,0.0,0.22693384,0.3239201006293297,0.20316446,0.42650795,,10,"{""lr"": 0.001, ""dropout"": 0.3, ""aux_weight"": 0.3}"
97,0,3,0,0.25,0.5,0.26280707,0.3239201006293297,0.28711575,0.37976068,,10,"{""lr"": 0.001, ""dropout"": 0.3, ""aux_weight"": 0.3}"
100,0,3,0,0.25,0.5,0.31120688,0.3239201006293297,0.34437895,0.4060124,,10,"{""lr"": 0.001, ""dropout"": 0.3, ""aux_weight"": 0.3}"
103,0,3,0,0.1111111111111111,0.7777777777777778,0.27739772,0.3239201006293297,0.31210268,0.3174077,,10,"{""lr"": 0.001, ""dropout"": 0.3, ""aux_weight"": 0.3}"
108,0,3,0,0.25,0.5,0.51240724,0.3239201006293297,0.5170958,0.41767615,,10,"{""lr"": 0.001, ""dropout"": 0.3, ""aux_weight"": 0.3}"
115,0,3,0,0.0,1.0,0.14012668,0.3239201006293297,0.19372317,0.2697404,,10,"{""lr"": 0.001, ""dropout"": 0.3, ""aux_weight"": 0.3}"
119,0,3,0,0.1111111111111111,0.7777777777777778,0.25587362,0.3239201006293297,0.39786202,0.2575235,,10,"{""lr"": 0.001, ""dropout"": 0.3, ""aux_weight"": 0.3}"
123,0,3,0,0.0,1.0,0.20925161,0.3239201006293297,0.22040474,0.34937873,,10,"{""lr"": 0.001, ""dropout"": 0.3, ""aux_weight"": 0.3}"
129,0,3,0,0.2,0.6,0.25345948,0.3239201006293297,0.23186344,0.42777377,,10,"{""lr"": 0.001, ""dropout"": 0.3, ""aux_weight"": 0.3}"
132,0,3,0,0.2222222222222222,0.5555555555555556,0.17722982,0.3239201006293297,0.26057512,0.29095852,,10,"{""lr"": 0.001, ""dropout"": 0.3, ""aux_weight"": 0.3}"
133,0,3,1,0.8888888888888888,0.7777777777777777,0.21716753,0.3239201006293297,0.20280346,0.36654124,,10,"{""lr"": 0.001, ""dropout"": 0.3, ""aux_weight"": 0.3}"
138,0,3,1,0.5555555555555556,0.1111111111111111,0.2859102,0.3239201006293297,0.24596721,0.42991623,,10,"{""lr"": 0.001, ""dropout"": 0.3, ""aux_weight"": 0.3}"
144,0,3,0,0.0,1.0,0.31453127,0.3239201006293297,0.3311674,0.39392197,,10,"{""lr"": 0.001, ""dropout"": 0.3, ""aux_weight"": 0.3}"
158,0,3,0,0.0,1.0,0.12262485,0.3239201006293297,0.13552585,0.3676185,,10,"{""lr"": 0.001, ""dropout"": 0.3, ""aux_weight"": 0.3}"
179,0,3,0,0.25,0.5,0.41013667,0.3239201006293297,0.37460274,0.42133737,,10,"{""lr"": 0.001, ""dropout"": 0.3, ""aux_weight"": 0.3}"
180,0,3,0,0.0,1.0,0.3576438,0.3239201006293297,0.38524738,0.4095959,,10,"{""lr"": 0.001, ""dropout"": 0.3, ""aux_weight"": 0.3}"
184,0,3,0,0.0,1.0,0.14826384,0.3239201006293297,0.12941389,0.37160015,,10,"{""lr"": 0.001, ""dropout"": 0.3, ""aux_weight"": 0.3}"
185,0,3,0,0.25,0.5,0.33359647,0.3239201006293297,0.39626527,0.34153968,,10,"{""lr"": 0.001, ""dropout"": 0.3, ""aux_weight"": 0.3}"
188,0,3,0,0.0,1.0,0.25722867,0.3239201006293297,0.33164972,0.3054367,,10,"{""lr"": 0.001, ""dropout"": 0.3, ""aux_weight"": 0.3}"
195,0,3,0,0.0,1.0,0.3855283,0.3239201006293297,0.3857149,0.4067734,,10,"{""lr"": 0.001, ""dropout"": 0.3, ""aux_weight"": 0.3}"
198,0,3,0,0.0,1.0,0.36070168,0.3239201006293297,0.41352868,0.35195288,,10,"{""lr"": 0.001, ""dropout"": 0.3, ""aux_weight"": 0.3}"
203,0,3,0,0.2,0.6,0.14537776,0.3239201006293297,0.16748527,0.35015896,,10,"{""lr"": 0.001, ""dropout"": 0.3, ""aux_weight"": 0.3}"
205,0,3,0,0.2,0.6,0.123638496,0.3239201006293297,0.11220248,0.4264477,,10,"{""lr"": 0.001, ""dropout"": 0.3, ""aux_weight"": 0.3}"
213,0,3,0,0.4,0.1999999999999999,0.26594698,0.3239201006293297,0.2997979,0.33129835,,10,"{""lr"": 0.001, ""dropout"": 0.3, ""aux_weight"": 0.3}"
216,0,3,0,0.0,1.0,0.31889182,0.3239201006293297,0.34409213,0.3495687,,10,"{""lr"": 0.001, ""dropout"": 0.3, ""aux_weight"": 0.3}"
220,0,3,0,0.4,0.1999999999999999,0.1312823,0.3239201006293297,0.1622509,0.37460443,,10,"{""lr"": 0.001, ""dropout"": 0.3, ""aux_weight"": 0.3}"
222,0,3,0,0.2,0.6,0.42961526,0.3239201006293297,0.3427049,0.44241384,,10,"{""lr"": 0.001, ""dropout"": 0.3, ""aux_weight"": 0.3}"
225,0,3,0,0.2,0.6,0.24407612,0.3239201006293297,0.2010192,0.42434868,,10,"{""lr"": 0.001, ""dropout"": 0.3, ""aux_weight"": 0.3}"
228,0,3,0,0.2,0.6,0.20860368,0.3239201006293297,0.20419168,0.3516418,,10,"{""lr"": 0.001, ""dropout"": 0.3, ""aux_weight"": 0.3}"
236,0,3,0,0.0,1.0,0.33496016,0.3239201006293297,0.27952206,0.43406993,,10,"{""lr"": 0.001, ""dropout"": 0.3, ""aux_weight"": 0.3}"
238,0,3,0,0.25,0.5,0.1228036,0.3239201006293297,0.07570106,0.43978262,,10,"{""lr"": 0.001, ""dropout"": 0.3, ""aux_weight"": 0.3}"
242,0,3,1,0.6,0.1999999999999999,0.25120267,0.3239201006293297,0.22726041,0.38294262,,10,"{""lr"": 0.001, ""dropout"": 0.3, ""aux_weight"": 0.3}"
251,0,3,0,0.25,0.5,0.33462745,0.3239201006293297,0.33005586,0.42154723,,10,"{""lr"": 0.001, ""dropout"": 0.3, ""aux_weight"": 0.3}"
257,0,3,0,0.25,0.5,0.15790012,0.3239201006293297,0.26098424,0.27366588,,10,"{""lr"": 0.001, ""dropout"": 0.3, ""aux_weight"": 0.3}"
258,0,3,0,0.0,1.0,0.10066649,0.3239201006293297,0.15073976,0.28427657,,10,"{""lr"": 0.001, ""dropout"": 0.3, ""aux_weight"": 0.3}"
269,0,3,1,0.5,0.0,0.32066023,0.3239201006293297,0.44786102,0.28995726,,10,"{""lr"": 0.001, ""dropout"": 0.3, ""aux_weight"": 0.3}"
272,0,3,1,0.5,0.0,0.3904904,0.3239201006293297,0.46835443,0.35716796,,10,"{""lr"": 0.001, ""dropout"": 0.3, ""aux_weight"": 0.3}"
278,0,3,0,0.25,0.5,0.23573369,0.3239201006293297,0.23177952,0.4210955,,10,"{""lr"": 0.001, ""dropout"": 0.3, ""aux_weight"": 0.3}"
283,0,3,0,0.25,0.5,0.38249618,0.3239201006293297,0.39830256,0.43533584,,10,"{""lr"": 0.001, ""dropout"": 0.3, ""aux_weight"": 0.3}"
290,0,3,0,0.0,1.0,0.3540147,0.3239201006293297,0.38620475,0.36630586,,10,"{""lr"": 0.001, ""dropout"": 0.3, ""aux_weight"": 0.3}"
293,0,3,1,0.5,0.0,0.46284813,0.3239201006293297,0.5657897,0.38100776,,10,"{""lr"": 0.001, ""dropout"": 0.3, ""aux_weight"": 0.3}"
296,0,3,0,0.0,1.0,0.184898,0.3239201006293297,0.19786283,0.33655348,,10,"{""lr"": 0.001, ""dropout"": 0.3, ""aux_weight"": 0.3}"
297,0,3,0,0.0,1.0,0.26646954,0.3239201006293297,0.33100516,0.38156655,,10,"{""lr"": 0.001, ""dropout"": 0.3, ""aux_weight"": 0.3}"
302,0,3,0,0.0,1.0,0.26268023,0.3239201006293297,0.2574699,0.39650062,,10,"{""lr"": 0.001, ""dropout"": 0.3, ""aux_weight"": 0.3}"
303,0,3,0,0.0,1.0,0.28513995,0.3239201006293297,0.28961968,0.38591126,,10,"{""lr"": 0.001, ""dropout"": 0.3, ""aux_weight"": 0.3}"
306,0,3,0,0.0,1.0,0.23493057,0.3239201006293297,0.23239897,0.3864533,,10,"{""lr"": 0.001, ""dropout"": 0.3, ""aux_weight"": 0.3}"
311,0,3,0,0.4,0.1999999999999999,0.11968211,0.3239201006293297,0.093991,0.40239763,,10,"{""lr"": 0.001, ""dropout"": 0.3, ""aux_weight"": 0.3}"
313,0,3,0,0.0,1.0,0.30379856,0.3239201006293297,0.3794886,0.35183093,,10,"{""lr"": 0.001, ""dropout"": 0.3, ""aux_weight"": 0.3}"
320,0,3,0,0.0,1.0,0.34908685,0.3239201006293297,0.4128362,0.3759478,,10,"{""lr"": 0.001, ""dropout"": 0.3, ""aux_weight"": 0.3}"
343,0,3,1,0.8,0.6000000000000001,0.42422557,0.3239201006293297,0.514506,0.31064144,,10,"{""lr"": 0.001, ""dropout"": 0.3, ""aux_weight"": 0.3}"
351,0,3,0,0.0,1.0,0.4282201,0.3239201006293297,0.4260466,0.4206022,,10,"{""lr"": 0.001, ""dropout"": 0.3, ""aux_weight"": 0.3}"
356,0,3,0,0.25,0.5,0.3529827,0.3239201006293297,0.42481107,0.36452943,,10,"{""lr"": 0.001, ""dropout"": 0.3, ""aux_weight"": 0.3}"
361,0,3,0,0.0,1.0,0.18737558,0.3239201006293297,0.19522074,0.36316496,,10,"{""lr"": 0.001, ""dropout"": 0.3, ""aux_weight"": 0.3}"
366,0,3,0,0.0,1.0,0.27772117,0.3239201006293297,0.3736484,0.37722385,,10,"{""lr"": 0.001, ""dropout"": 0.3, ""aux_weight"": 0.3}"
367,0,3,0,0.25,0.5,0.42126518,0.3239201006293297,0.5252447,0.32193345,,10,"{""lr"": 0.001, ""dropout"": 0.3, ""aux_weight"": 0.3}"
369,0,3,0,0.0,1.0,0.1387081,0.3239201006293297,0.17987743,0.35403365,,10,"{""lr"": 0.001, ""dropout"": 0.3, ""aux_weight"": 0.3}"
370,0,3,0,0.0,1.0,0.27115935,0.3239201006293297,0.3097029,0.34724888,,10,"{""lr"": 0.001, ""dropout"": 0.3, ""aux_weight"": 0.3}"
373,0,3,0,0.0,1.0,0.39933842,0.3239201006293297,0.36988753,0.42329606,,10,"{""lr"": 0.001, ""dropout"": 0.3, ""aux_weight"": 0.3}"
378,0,3,1,0.5,0.0,0.4363104,0.3239201006293297,0.46292418,0.43619412,,10,"{""lr"": 0.001, ""dropout"": 0.3, ""aux_weight"": 0.3}"
380,0,3,1,0.75,0.5,0.4991096,0.3239201006293297,0.47942728,0.42481858,,10,"{""lr"": 0.001, ""dropout"": 0.3, ""aux_weight"": 0.3}"
385,0,3,1,0.5,0.0,0.3278657,0.3239201006293297,0.49169713,0.28049847,,10,"{""lr"": 0.001, ""dropout"": 0.3, ""aux_weight"": 0.3}"
387,0,3,0,0.0,1.0,0.16019256,0.3239201006293297,0.23396817,0.35926902,,10,"{""lr"": 0.001, ""dropout"": 0.3, ""aux_weight"": 0.3}"
389,0,3,0,0.25,0.5,0.46711406,0.3239201006293297,0.604112,0.3552435,,10,"{""lr"": 0.001, ""dropout"": 0.3, ""aux_weight"": 0.3}"
392,0,3,1,0.5,0.0,0.48846543,0.3239201006293297,0.55777204,0.3869038,,10,"{""lr"": 0.001, ""dropout"": 0.3, ""aux_weight"": 0.3}"
396,0,3,1,0.75,0.5,0.5049566,0.3239201006293297,0.49831438,0.401571,,10,"{""lr"": 0.001, ""dropout"": 0.3, ""aux_weight"": 0.3}"
400,0,3,1,0.5,0.0,0.45847282,0.3239201006293297,0.52901334,0.35656705,,10,"{""lr"": 0.001, ""dropout"": 0.3, ""aux_weight"": 0.3}"
402,0,3,1,0.6,0.1999999999999999,0.3681454,0.3239201006293297,0.34780794,0.38225475,,10,"{""lr"": 0.001, ""dropout"": 0.3, ""aux_weight"": 0.3}"
403,0,3,0,0.0,1.0,0.13333507,0.3239201006293297,0.17063878,0.37659156,,10,"{""lr"": 0.001, ""dropout"": 0.3, ""aux_weight"": 0.3}"
406,0,3,1,0.6,0.1999999999999999,0.50278544,0.3239201006293297,0.46089423,0.4375118,,10,"{""lr"": 0.001, ""dropout"": 0.3, ""aux_weight"": 0.3}"
410,0,3,1,0.6,0.1999999999999999,0.45569858,0.3239201006293297,0.48997855,0.3842168,,10,"{""lr"": 0.001, ""dropout"": 0.3, ""aux_weight"": 0.3}"
415,0,3,0,0.0,1.0,0.41125554,0.3239201006293297,0.4310103,0.39270046,,10,"{""lr"": 0.001, ""dropout"": 0.3, ""aux_weight"": 0.3}"
422,0,3,1,0.6,0.1999999999999999,0.42102385,0.3239201006293297,0.46726912,0.3933247,,10,"{""lr"": 0.001, ""dropout"": 0.3, ""aux_weight"": 0.3}"
423,0,3,0,0.0,1.0,0.44522423,0.3239201006293297,0.45923775,0.39371458,,10,"{""lr"": 0.001, ""dropout"": 0.3, ""aux_weight"": 0.3}"
428,0,3,1,0.6,0.1999999999999999,0.42477477,0.3239201006293297,0.4378422,0.38690636,,10,"{""lr"": 0.001, ""dropout"": 0.3, ""aux_weight"": 0.3}"
429,0,3,0,0.0,1.0,0.36207592,0.3239201006293297,0.3564104,0.42414203,,10,"{""lr"": 0.001, ""dropout"": 0.3, ""aux_weight"": 0.3}"
433,0,3,0,0.0,1.0,0.32666415,0.3239201006293297,0.3744006,0.40135318,,10,"{""lr"": 0.001, ""dropout"": 0.3, ""aux_weight"": 0.3}"
440,0,3,0,0.0,1.0,0.49181753,0.3239201006293297,0.5092323,0.39034355,,10,"{""lr"": 0.001, ""dropout"": 0.3, ""aux_weight"": 0.3}"
444,0,3,0,0.2,0.6,0.4559398,0.3239201006293297,0.43933398,0.40077034,,10,"{""lr"": 0.001, ""dropout"": 0.3, ""aux_weight"": 0.3}"
445,0,3,0,0.0,1.0,0.30002907,0.3239201006293297,0.4019854,0.3430542,,10,"{""lr"": 0.001, ""dropout"": 0.3, ""aux_weight"": 0.3}"
447,0,3,0,0.0,1.0,0.27245045,0.3239201006293297,0.33648872,0.3087156,,10,"{""lr"": 0.001, ""dropout"": 0.3, ""aux_weight"": 0.3}"
455,0,3,0,0.0,1.0,0.1451484,0.3239201006293297,0.20111078,0.3612503,,10,"{""lr"": 0.001, ""dropout"": 0.3, ""aux_weight"": 0.3}"
470,0,3,0,0.0,1.0,0.4302981,0.3239201006293297,0.4582221,0.425261,,10,"{""lr"": 0.001, ""dropout"": 0.3, ""aux_weight"": 0.3}"
472,0,3,0,0.25,0.5,0.3268728,0.3239201006293297,0.4387053,0.3139905,,10,"{""lr"": 0.001, ""dropout"": 0.3, ""aux_weight"": 0.3}"
473,0,3,0,0.25,0.5,0.39383858,0.3239201006293297,0.4606309,0.31922463,,10,"{""lr"": 0.001, ""dropout"": 0.3, ""aux_weight"": 0.3}"
474,0,3,0,0.0,1.0,0.3585521,0.3239201006293297,0.44107333,0.3494117,,10,"{""lr"": 0.001, ""dropout"": 0.3, ""aux_weight"": 0.3}"
475,0,3,0,0.25,0.5,0.4039091,0.3239201006293297,0.45485532,0.34207663,,10,"{""lr"": 0.001, ""dropout"": 0.3, ""aux_weight"": 0.3}"
478,0,3,0,0.0,1.0,0.1597299,0.3239201006293297,0.21393247,0.35183093,,10,"{""lr"": 0.001, ""dropout"": 0.3, ""aux_weight"": 0.3}"
484,0,3,0,0.25,0.5,0.37976584,0.3239201006293297,0.4917534,0.3308432,,10,"{""lr"": 0.001, ""dropout"": 0.3, ""aux_weight"": 0.3}"
493,0,3,0,0.0,1.0,0.46461737,0.3239201006293297,0.4621898,0.3768717,,10,"{""lr"": 0.001, ""dropout"": 0.3, ""aux_weight"": 0.3}"
500,0,3,0,0.25,0.5,0.4912365,0.3239201006293297,0.50955665,0.39069238,,10,"{""lr"": 0.001, ""dropout"": 0.3, ""aux_weight"": 0.3}"
501,0,3,0,0.25,0.5,0.39978826,0.3239201006293297,0.37600127,0.3934683,,10,"{""lr"": 0.001, ""dropout"": 0.3, ""aux_weight"": 0.3}"
502,0,3,1,0.75,0.5,0.397282,0.3239201006293297,0.40612358,0.37589762,,10,"{""lr"": 0.001, ""dropout"": 0.3, ""aux_weight"": 0.3}"
516,0,3,0,0.0,1.0,0.43998995,0.3239201006293297,0.47961193,0.4282828,,10,"{""lr"": 0.001, ""dropout"": 0.3, ""aux_weight"": 0.3}"
525,0,3,0,0.2,0.6,0.16907036,0.3239201006293297,0.22772878,0.38434786,,10,"{""lr"": 0.001, ""dropout"": 0.3, ""aux_weight"": 0.3}"
531,0,3,1,0.75,0.5,0.5244312,0.3239201006293297,0.61582446,0.34461278,,10,"{""lr"": 0.001, ""dropout"": 0.3, ""aux_weight"": 0.3}"
536,0,3,0,0.3333333333333333,0.3333333333333333,0.49509215,0.3239201006293297,0.47676155,0.4210955,,10,"{""lr"": 0.001, ""dropout"": 0.3, ""aux_weight"": 0.3}"
538,0,3,0,0.0,1.0,0.5114532,0.3239201006293297,0.5723512,0.37782308,,10,"{""lr"": 0.001, ""dropout"": 0.3, ""aux_weight"": 0.3}"
543,0,3,1,0.5,0.0,0.5283687,0.3239201006293297,0.55924714,0.3551122,,10,"{""lr"": 0.001, ""dropout"": 0.3, ""aux_weight"": 0.3}"
547,0,3,1,0.5,0.0,0.42404765,0.3239201006293297,0.513902,0.39216673,,10,"{""lr"": 0.001, ""dropout"": 0.3, ""aux_weight"": 0.3}"
560,0,3,0,0.1666666666666666,0.6666666666666667,0.41807684,0.3239201006293297,0.43971223,0.39047024,,10,"{""lr"": 0.001, ""dropout"": 0.3, ""aux_weight"": 0.3}"
576,0,3,1,0.5,0.0,0.43965533,0.3239201006293297,0.5987665,0.34814343,,10,"{""lr"": 0.001, ""dropout"": 0.3, ""aux_weight"": 0.3}"
581,0,3,0,0.3333333333333333,0.3333333333333333,0.48292193,0.3239201006293297,0.4731542,0.40638757,,10,"{""lr"": 0.001, ""dropout"": 0.3, ""aux_weight"": 0.3}"
591,0,3,1,0.5,0.0,0.37906623,0.3239201006293297,0.330857,0.46340412,,10,"{""lr"": 0.001, ""dropout"": 0.3, ""aux_weight"": 0.3}"
592,0,3,1,0.6,0.1999999999999999,0.48624375,0.3239201006293297,0.49566653,0.45917463,,10,"{""lr"": 0.001, ""dropout"": 0.3, ""aux_weight"": 0.3}"
597,0,3,0,0.0,1.0,0.19170076,0.3239201006293297,0.21629779,0.3495687,,10,"{""lr"": 0.001, ""dropout"": 0.3, ""aux_weight"": 0.3}"
598,0,3,0,0.3333333333333333,0.3333333333333333,0.6305207,0.3239201006293297,0.6060219,0.47010034,,10,"{""lr"": 0.001, ""dropout"": 0.3, ""aux_weight"": 0.3}"
600,0,3,0,0.1666666666666666,0.6666666666666667,0.47652364,0.3239201006293297,0.43177933,0.44007868,,10,"{""lr"": 0.001, ""dropout"": 0.3, ""aux_weight"": 0.3}"
611,0,3,1,0.75,0.5,0.47722518,0.3239201006293297,0.4370554,0.46148863,,10,"{""lr"": 0.001, ""dropout"": 0.3, ""aux_weight"": 0.3}"
627,0,3,1,0.75,0.5,0.5298382,0.3239201006293297,0.50047994,0.4048358,,10,"{""lr"": 0.001, ""dropout"": 0.3, ""aux_weight"": 0.3}"
631,0,3,0,0.0,1.0,0.56961024,0.3239201006293297,0.56813323,0.45912945,,10,"{""lr"": 0.001, ""dropout"": 0.3, ""aux_weight"": 0.3}"
637,0,3,1,0.5,0.0,0.4798805,0.3239201006293297,0.5026979,0.43021706,,10,"{""lr"": 0.001, ""dropout"": 0.3, ""aux_weight"": 0.3}"
639,0,3,0,0.0,1.0,0.3792457,0.3239201006293297,0.41366124,0.4474053,,10,"{""lr"": 0.001, ""dropout"": 0.3, ""aux_weight"": 0.3}"
640,0,3,1,0.75,0.5,0.4761365,0.3239201006293297,0.5203731,0.37025726,,10,"{""lr"": 0.001, ""dropout"": 0.3, ""aux_weight"": 0.3}"
643,0,3,1,0.5,0.0,0.37799466,0.3239201006293297,0.48130792,0.33317575,,10,"{""lr"": 0.001, ""dropout"": 0.3, ""aux_weight"": 0.3}"
647,0,3,1,0.5,0.0,0.45672318,0.3239201006293297,0.45032042,0.41664016,,10,"{""lr"": 0.001, ""dropout"": 0.3, ""aux_weight"": 0.3}"
651,0,3,0,0.3333333333333333,0.3333333333333333,0.31503335,0.3239201006293297,0.38219607,0.354018,,10,"{""lr"": 0.001, ""dropout"": 0.3, ""aux_weight"": 0.3}"
654,0,3,0,0.1666666666666666,0.6666666666666667,0.41456163,0.3239201006293297,0.41070303,0.3937297,,10,"{""lr"": 0.001, ""dropout"": 0.3, ""aux_weight"": 0.3}"
659,0,3,1,0.6666666666666666,0.3333333333333332,0.6080306,0.3239201006293297,0.64669174,0.35758716,,10,"{""lr"": 0.001, ""dropout"": 0.3, ""aux_weight"": 0.3}"
665,0,3,0,0.1666666666666666,0.6666666666666667,0.41331214,0.3239201006293297,0.38393515,0.43212458,,10,"{""lr"": 0.001, ""dropout"": 0.3, ""aux_weight"": 0.3}"
672,0,3,0,0.0,1.0,0.38625184,0.3239201006293297,0.45448422,0.397713,,10,"{""lr"": 0.001, ""dropout"": 0.3, ""aux_weight"": 0.3}"
677,0,3,1,0.6666666666666666,0.3333333333333332,0.4491151,0.3239201006293297,0.5329584,0.38874412,,10,"{""lr"": 0.001, ""dropout"": 0.3, ""aux_weight"": 0.3}"
680,0,3,0,0.0,1.0,0.23189665,0.3239201006293297,0.25458226,0.3800614,,10,"{""lr"": 0.001, ""dropout"": 0.3, ""aux_weight"": 0.3}"
687,0,3,0,0.3333333333333333,0.3333333333333333,0.47336143,0.3239201006293297,0.4261491,0.45975003,,10,"{""lr"": 0.001, ""dropout"": 0.3, ""aux_weight"": 0.3}"
696,0,3,0,0.1666666666666666,0.6666666666666667,0.49641022,0.3239201006293297,0.50479007,0.44575116,,10,"{""lr"": 0.001, ""dropout"": 0.3, ""aux_weight"": 0.3}"
697,0,3,1,0.5,0.0,0.4016384,0.3239201006293297,0.42918354,0.42986202,,10,"{""lr"": 0.001, ""dropout"": 0.3, ""aux_weight"": 0.3}"
711,0,3,1,0.6,0.1999999999999999,0.44989538,0.3239201006293297,0.3904441,0.44268322,,10,"{""lr"": 0.001, ""dropout"": 0.3, ""aux_weight"": 0.3}"
713,0,3,1,0.6,0.1999999999999999,0.3342567,0.3239201006293297,0.39146155,0.36586687,,10,"{""lr"": 0.001, ""dropout"": 0.3, ""aux_weight"": 0.3}"
718,0,3,0,0.1666666666666666,0.6666666666666667,0.2167925,0.3239201006293297,0.21559438,0.43657872,,10,"{""lr"": 0.001, ""dropout"": 0.3, ""aux_weight"": 0.3}"
719,0,3,0,0.1666666666666666,0.6666666666666667,0.36153346,0.3239201006293297,0.3749261,0.40889028,,10,"{""lr"": 0.001, ""dropout"": 0.3, ""aux_weight"": 0.3}"
725,0,3,0,0.0,1.0,0.4577009,0.3239201006293297,0.4326921,0.42591357,,10,"{""lr"": 0.001, ""dropout"": 0.3, ""aux_weight"": 0.3}"
732,0,3,0,0.0,1.0,0.2252124,0.3239201006293297,0.2821473,0.35617518,,10,"{""lr"": 0.001, ""dropout"": 0.3, ""aux_weight"": 0.3}"
742,0,3,1,0.5,0.0,0.43213463,0.3239201006293297,0.49480993,0.3917432,,10,"{""lr"": 0.001, ""dropout"": 0.3, ""aux_weight"": 0.3}"
8,0,4,0,0.0,1.0,0.05360256,0.3851751492917538,0.62994885,0.48190328,,15,"{""lr"": 0.001, ""dropout"": 0.3, ""aux_weight"": 0.0}"
10,0,4,0,0.0,1.0,0.07427347,0.3851751492917538,0.63216114,0.4812601,,15,"{""lr"": 0.001, ""dropout"": 0.3, ""aux_weight"": 0.0}"
11,0,4,1,0.6,0.1999999999999999,0.13949628,0.3851751492917538,0.63836837,0.4795423,,15,"{""lr"": 0.001, ""dropout"": 0.3, ""aux_weight"": 0.0}"
20,0,4,0,0.25,0.5,0.11789221,0.3851751492917538,0.56645584,0.4782236,,15,"{""lr"": 0.001, ""dropout"": 0.3, ""aux_weight"": 0.0}"
22,0,4,0,0.2,0.6,0.4121115,0.3851751492917538,0.5733514,0.4659061,,15,"{""lr"": 0.001, ""dropout"": 0.3, ""aux_weight"": 0.0}"
33,0,4,0,0.4,0.1999999999999999,0.2153689,0.3851751492917538,0.5516263,0.49062556,,15,"{""lr"": 0.001, ""dropout"": 0.3, ""aux_weight"": 0.0}"
36,0,4,0,0.2,0.6,0.30572957,0.3851751492917538,0.6138844,0.47662622,,15,"{""lr"": 0.001, ""dropout"": 0.3, ""aux_weight"": 0.0}"
41,0,4,0,0.2,0.6,0.14172657,0.3851751492917538,0.5726402,0.4858994,,15,"{""lr"": 0.001, ""dropout"": 0.3, ""aux_weight"": 0.0}"
44,0,4,0,0.0,1.0,0.3066818,0.3851751492917538,0.59830904,0.4878861,,15,"{""lr"": 0.001, ""dropout"": 0.3, ""aux_weight"": 0.0}"
46,0,4,0,0.4,0.1999999999999999,0.45461833,0.3851751492917538,0.50001734,0.4864176,,15,"{""lr"": 0.001, ""dropout"": 0.3, ""aux_weight"": 0.0}"
57,0,4,1,1.0,1.0,0.35571408,0.3851751492917538,0.5129622,0.4809064,,15,"{""lr"": 0.001, ""dropout"": 0.3, ""aux_weight"": 0.0}"
60,0,4,0,0.0,1.0,0.29515746,0.3851751492917538,0.58848196,0.4788685,,15,"{""lr"": 0.001, ""dropout"": 0.3, ""aux_weight"": 0.0}"
62,0,4,0,0.25,0.5,0.16569579,0.3851751492917538,0.600569,0.47413024,,15,"{""lr"": 0.001, ""dropout"": 0.3, ""aux_weight"": 0.0}"
70,0,4,0,0.0,1.0,0.18816459,0.3851751492917538,0.6306826,0.47163475,,15,"{""lr"": 0.001, ""dropout"": 0.3, ""aux_weight"": 0.0}"
71,0,4,0,0.0,1.0,0.19643222,0.3851751492917538,0.6300215,0.4736169,,15,"{""lr"": 0.001, ""dropout"": 0.3, ""aux_weight"": 0.0}"
75,0,4,0,0.0,1.0,0.32121748,0.3851751492917538,0.543682,0.48010468,,15,"{""lr"": 0.001, ""dropout"": 0.3, ""aux_weight"": 0.0}"
89,0,4,0,0.25,0.5,0.33677942,0.3851751492917538,0.5510361,0.47825915,,15,"{""lr"": 0.001, ""dropout"": 0.3, ""aux_weight"": 0.0}"
99,0,4,0,0.0,1.0,0.23355053,0.3851751492917538,0.7357035,0.48228928,,15,"{""lr"": 0.001, ""dropout"": 0.3, ""aux_weight"": 0.0}"
104,0,4,0,0.1111111111111111,0.7777777777777778,0.26103023,0.3851751492917538,0.49897504,0.464604,,15,"{""lr"": 0.001, ""dropout"": 0.3, ""aux_weight"": 0.0}"
105,0,4,0,0.0,1.0,0.20889089,0.3851751492917538,0.5747403,0.48571715,,15,"{""lr"": 0.001, ""dropout"": 0.3, ""aux_weight"": 0.0}"
106,0,4,1,1.0,1.0,0.33381796,0.3851751492917538,0.4411453,0.48431137,,15,"{""lr"": 0.001, ""dropout"": 0.3, ""aux_weight"": 0.0}"
111,0,4,0,0.1111111111111111,0.7777777777777778,0.22690976,0.3851751492917538,0.6057363,0.48282683,,15,"{""lr"": 0.001, ""dropout"": 0.3, ""aux_weight"": 0.0}"
114,0,4,0,0.1111111111111111,0.7777777777777778,0.27778924,0.3851751492917538,0.52369964,0.47643694,,15,"{""lr"": 0.001, ""dropout"": 0.3, ""aux_weight"": 0.0}"
117,0,4,0,0.25,0.5,0.21370459,0.3851751492917538,0.53365505,0.4796303,,15,"{""lr"": 0.001, ""dropout"": 0.3, ""aux_weight"": 0.0}"
135,0,4,0,0.1666666666666666,0.6666666666666667,0.16304752,0.3851751492917538,0.5185784,0.47786447,,15,"{""lr"": 0.001, ""dropout"": 0.3, ""aux_weight"": 0.0}"
136,0,4,0,0.3333333333333333,0.3333333333333333,0.21441978,0.3851751492917538,0.640419,0.47634646,,15,"{""lr"": 0.001, ""dropout"": 0.3, ""aux_weight"": 0.0}"
137,0,4,1,0.6666666666666666,0.3333333333333332,0.1429816,0.3851751492917538,0.67465425,0.4797428,,15,"{""lr"": 0.001, ""dropout"": 0.3, ""aux_weight"": 0.0}"
147,0,4,0,0.0,1.0,0.20505005,0.3851751492917538,0.61954474,0.48204795,,15,"{""lr"": 0.001, ""dropout"": 0.3, ""aux_weight"": 0.0}"
162,0,4,0,0.2,0.6,0.11423068,0.3851751492917538,0.6281421,0.47423434,,15,"{""lr"": 0.001, ""dropout"": 0.3, ""aux_weight"": 0.0}"
164,0,4,0,0.0,1.0,0.2268089,0.3851751492917538,0.6241303,0.4886006,,15,"{""lr"": 0.001, ""dropout"": 0.3, ""aux_weight"": 0.0}"
165,0,4,0,0.0,1.0,0.20647852,0.3851751492917538,0.5459404,0.48035377,,15,"{""lr"": 0.001, ""dropout"": 0.3, ""aux_weight"": 0.0}"
169,0,4,0,0.0,1.0,0.24418041,0.3851751492917538,0.5736001,0.47387224,,15,"{""lr"": 0.001, ""dropout"": 0.3, ""aux_weight"": 0.0}"
170,0,4,0,0.1666666666666666,0.6666666666666667,0.3210471,0.3851751492917538,0.59933555,0.48379073,,15,"{""lr"": 0.001, ""dropout"": 0.3, ""aux_weight"": 0.0}"
171,0,4,0,0.25,0.5,0.36762345,0.3851751492917538,0.5353246,0.4893226,,15,"{""lr"": 0.001, ""dropout"": 0.3, ""aux_weight"": 0.0}"
175,0,4,0,0.0,1.0,0.19235393,0.3851751492917538,0.49845546,0.47494802,,15,"{""lr"": 0.001, ""dropout"": 0.3, ""aux_weight"": 0.0}"
178,0,4,0,0.0,1.0,0.18367603,0.3851751492917538,0.5925542,0.48775867,,15,"{""lr"": 0.001, ""dropout"": 0.3, ""aux_weight"": 0.0}"
181,0,4,1,0.5,0.0,0.39777976,0.3851751492917538,0.531064,0.4875533,,15,"{""lr"": 0.001, ""dropout"": 0.3, ""aux_weight"": 0.0}"
186,0,4,0,0.0,1.0,0.22570527,0.3851751492917538,0.48786652,0.48303172,,15,"{""lr"": 0.001, ""dropout"": 0.3, ""aux_weight"": 0.0}"
191,0,4,0,0.0,1.0,0.34385702,0.3851751492917538,0.5467764,0.48210192,,15,"{""lr"": 0.001, ""dropout"": 0.3, ""aux_weight"": 0.0}"
192,0,4,0,0.0,1.0,0.37527874,0.3851751492917538,0.5327505,0.48659614,,15,"{""lr"": 0.001, ""dropout"": 0.3, ""aux_weight"": 0.0}"
193,0,4,0,0.25,0.5,0.37216258,0.3851751492917538,0.500468,0.48166278,,15,"{""lr"": 0.001, ""dropout"": 0.3, ""aux_weight"": 0.0}"
207,0,4,0,0.2,0.6,0.30711117,0.3851751492917538,0.64638543,0.4853249,,15,"{""lr"": 0.001, ""dropout"": 0.3, ""aux_weight"": 0.0}"
214,0,4,0,0.2,0.6,0.091981396,0.3851751492917538,0.54859746,0.47824234,,15,"{""lr"": 0.001, ""dropout"": 0.3, ""aux_weight"": 0.0}"
223,0,4,0,0.2,0.6,0.17376131,0.3851751492917538,0.71027935,0.48043078,,15,"{""lr"": 0.001, ""dropout"": 0.3, ""aux_weight"": 0.0}"
227,0,4,1,1.0,1.0,0.24540292,0.3851751492917538,0.65931773,0.48436108,,15,"{""lr"": 0.001, ""dropout"": 0.3, ""aux_weight"": 0.0}"
245,0,4,0,0.0,1.0,0.19975185,0.3851751492917538,0.64094126,0.4773581,,15,"{""lr"": 0.001, ""dropout"": 0.3, ""aux_weight"": 0.0}"
254,0,4,0,0.25,0.5,0.15407841,0.3851751492917538,0.59781647,0.46566156,,15,"{""lr"": 0.001, ""dropout"": 0.3, ""aux_weight"": 0.0}"
260,0,4,0,0.25,0.5,0.2324138,0.3851751492917538,0.53094006,0.47398558,,15,"{""lr"": 0.001, ""dropout"": 0.3, ""aux_weight"": 0.0}"
261,0,4,0,0.25,0.5,0.27964583,0.3851751492917538,0.5869422,0.47991616,,15,"{""lr"": 0.001, ""dropout"": 0.3, ""aux_weight"": 0.0}"
262,0,4,1,0.5,0.0,0.24761643,0.3851751492917538,0.56022775,0.47869253,,15,"{""lr"": 0.001, ""dropout"": 0.3, ""aux_weight"": 0.0}"
263,0,4,0,0.2,0.6,0.19020197,0.3851751492917538,0.7109134,0.48257905,,15,"{""lr"": 0.001, ""dropout"": 0.3, ""aux_weight"": 0.0}"
264,0,4,0,0.25,0.5,0.18929935,0.3851751492917538,0.64525497,0.482475,,15,"{""lr"": 0.001, ""dropout"": 0.3, ""aux_weight"": 0.0}"
271,0,4,0,0.0,1.0,0.30720198,0.3851751492917538,0.5850581,0.48238918,,15,"{""lr"": 0.001, ""dropout"": 0.3, ""aux_weight"": 0.0}"
276,0,4,0,0.2,0.6,0.3391767,0.3851751492917538,0.5246278,0.4825182,,15,"{""lr"": 0.001, ""dropout"": 0.3, ""aux_weight"": 0.0}"
292,0,4,0,0.25,0.5,0.40616566,0.3851751492917538,0.55111253,0.4763824,,15,"{""lr"": 0.001, ""dropout"": 0.3, ""aux_weight"": 0.0}"
295,0,4,0,0.0,1.0,0.15409207,0.3851751492917538,0.6664479,0.48283994,,15,"{""lr"": 0.001, ""dropout"": 0.3, ""aux_weight"": 0.0}"
298,0,4,0,0.25,0.5,0.30844337,0.3851751492917538,0.5186898,0.47578996,,15,"{""lr"": 0.001, ""dropout"": 0.3, ""aux_weight"": 0.0}"
299,0,4,1,0.8,0.6000000000000001,0.2423453,0.3851751492917538,0.588233,0.47749606,,15,"{""lr"": 0.001, ""dropout"": 0.3, ""aux_weight"": 0.0}"
314,0,4,0,0.0,1.0,0.37651682,0.3851751492917538,0.52242935,0.48411202,,15,"{""lr"": 0.001, ""dropout"": 0.3, ""aux_weight"": 0.0}"
325,0,4,0,0.0,1.0,0.1304009,0.3851751492917538,0.65860724,0.47749606,,15,"{""lr"": 0.001, ""dropout"": 0.3, ""aux_weight"": 0.0}"
327,0,4,0,0.0,1.0,0.29078025,0.3851751492917538,0.6311559,0.48817125,,15,"{""lr"": 0.001, ""dropout"": 0.3, ""aux_weight"": 0.0}"
337,0,4,0,0.0,1.0,0.31326047,0.3851751492917538,0.5624021,0.48170364,,15,"{""lr"": 0.001, ""dropout"": 0.3, ""aux_weight"": 0.0}"
341,0,4,1,0.6,0.1999999999999999,0.462921,0.3851751492917538,0.46850562,0.4776512,,15,"{""lr"": 0.001, ""dropout"": 0.3, ""aux_weight"": 0.0}"
347,0,4,0,0.4,0.1999999999999999,0.47409603,0.3851751492917538,0.4828481,0.4854842,,15,"{""lr"": 0.001, ""dropout"": 0.3, ""aux_weight"": 0.0}"
349,0,4,0,0.0,1.0,0.047637373,0.3851751492917538,0.62333953,0.47849932,,15,"{""lr"": 0.001, ""dropout"": 0.3, ""aux_weight"": 0.0}"
350,0,4,0,0.0,1.0,0.15107846,0.3851751492917538,0.53787553,0.4848179,,15,"{""lr"": 0.001, ""dropout"": 0.3, ""aux_weight"": 0.0}"
363,0,4,0,0.0,1.0,0.14717871,0.3851751492917538,0.667678,0.48230892,,15,"{""lr"": 0.001, ""dropout"": 0.3, ""aux_weight"": 0.0}"
365,0,4,0,0.25,0.5,0.35033765,0.3851751492917538,0.53223366,0.4651018,,15,"{""lr"": 0.001, ""dropout"": 0.3, ""aux_weight"": 0.0}"
368,0,4,1,0.5,0.0,0.58139324,0.3851751492917538,0.4402847,0.48081046,,15,"{""lr"": 0.001, ""dropout"": 0.3, ""aux_weight"": 0.0}"
375,0,4,1,0.5,0.0,0.32887346,0.3851751492917538,0.5650337,0.4861811,,15,"{""lr"": 0.001, ""dropout"": 0.3, ""aux_weight"": 0.0}"
377,0,4,0,0.25,0.5,0.5033972,0.3851751492917538,0.55732346,0.48762348,,15,"{""lr"": 0.001, ""dropout"": 0.3, ""aux_weight"": 0.0}"
379,0,4,1,0.75,0.5,0.56310475,0.3851751492917538,0.50734276,0.49013108,,15,"{""lr"": 0.001, ""dropout"": 0.3, ""aux_weight"": 0.0}"
382,0,4,1,0.5,0.0,0.45072737,0.3851751492917538,0.5491858,0.48771602,,15,"{""lr"": 0.001, ""dropout"": 0.3, ""aux_weight"": 0.0}"
383,0,4,0,0.0,1.0,0.16573776,0.3851751492917538,0.54651546,0.48148495,,15,"{""lr"": 0.001, ""dropout"": 0.3, ""aux_weight"": 0.0}"
386,0,4,0,0.25,0.5,0.33660454,0.3851751492917538,0.56087434,0.48211682,,15,"{""lr"": 0.001, ""dropout"": 0.3, ""aux_weight"": 0.0}"
390,0,4,1,0.75,0.5,0.21498695,0.3851751492917538,0.6322492,0.48381063,,15,"{""lr"": 0.001, ""dropout"": 0.3, ""aux_weight"": 0.0}"
391,0,4,0,0.0,1.0,0.07050135,0.3851751492917538,0.5528387,0.4791228,,15,"{""lr"": 0.001, ""dropout"": 0.3, ""aux_weight"": 0.0}"
393,0,4,0,0.25,0.5,0.24196813,0.3851751492917538,0.5242634,0.47957483,,15,"{""lr"": 0.001, ""dropout"": 0.3, ""aux_weight"": 0.0}"
395,0,4,1,0.5,0.0,0.48079973,0.3851751492917538,0.50207716,0.48642492,,15,"{""lr"": 0.001, ""dropout"": 0.3, ""aux_weight"": 0.0}"
401,0,4,0,0.2,0.6,0.39953297,0.3851751492917538,0.537729,0.48024312,,15,"{""lr"": 0.001, ""dropout"": 0.3, ""aux_weight"": 0.0}"
418,0,4,0,0.0,1.0,0.34909382,0.3851751492917538,0.50293934,0.47811162,,15,"{""lr"": 0.001, ""dropout"": 0.3, ""aux_weight"": 0.0}"
419,0,4,0,0.4,0.1999999999999999,0.35810295,0.3851751492917538,0.5419134,0.48242787,,15,"{""lr"": 0.001, ""dropout"": 0.3, ""aux_weight"": 0.0}"
424,0,4,1,0.6,0.1999999999999999,0.49525696,0.3851751492917538,0.5286448,0.48341024,,15,"{""lr"": 0.001, ""dropout"": 0.3, ""aux_weight"": 0.0}"
427,0,4,1,0.6,0.1999999999999999,0.50988483,0.3851751492917538,0.56644464,0.4921254,,15,"{""lr"": 0.001, ""dropout"": 0.3, ""aux_weight"": 0.0}"
430,0,4,1,0.6,0.1999999999999999,0.49174726,0.3851751492917538,0.53533375,0.48783365,,15,"{""lr"": 0.001, ""dropout"": 0.3, ""aux_weight"": 0.0}"
432,0,4,0,0.2,0.6,0.34710056,0.3851751492917538,0.5663647,0.48121658,,15,"{""lr"": 0.001, ""dropout"": 0.3, ""aux_weight"": 0.0}"
434,0,4,0,0.0,1.0,0.42067048,0.3851751492917538,0.5942962,0.48433006,,15,"{""lr"": 0.001, ""dropout"": 0.3, ""aux_weight"": 0.0}"
439,0,4,0,0.2,0.6,0.3840286,0.3851751492917538,0.5291879,0.48662972,,15,"{""lr"": 0.001, ""dropout"": 0.3, ""aux_weight"": 0.0}"
450,0,4,0,0.2,0.6,0.28194776,0.3851751492917538,0.57919693,0.47562113,,15,"{""lr"": 0.001, ""dropout"": 0.3, ""aux_weight"": 0.0}"
454,0,4,0,0.0,1.0,0.3638885,0.3851751492917538,0.52108574,0.47700992,,15,"{""lr"": 0.001, ""dropout"": 0.3, ""aux_weight"": 0.0}"
462,0,4,1,0.5,0.0,0.40386096,0.3851751492917538,0.6515058,0.47918758,,15,"{""lr"": 0.001, ""dropout"": 0.3, ""aux_weight"": 0.0}"
464,0,4,0,0.0,1.0,0.48793155,0.3851751492917538,0.53966033,0.481936,,15,"{""lr"": 0.001, ""dropout"": 0.3, ""aux_weight"": 0.0}"
466,0,4,1,0.5,0.0,0.44568574,0.3851751492917538,0.61552274,0.49207106,,15,"{""lr"": 0.001, ""dropout"": 0.3, ""aux_weight"": 0.0}"
467,0,4,1,1.0,1.0,0.41151643,0.3851751492917538,0.50665504,0.49129495,,15,"{""lr"": 0.001, ""dropout"": 0.3, ""aux_weight"": 0.0}"
476,0,4,0,0.0,1.0,0.5181987,0.3851751492917538,0.56116605,0.48538405,,15,"{""lr"": 0.001, ""dropout"": 0.3, ""aux_weight"": 0.0}"
483,0,4,0,0.25,0.5,0.5178392,0.3851751492917538,0.5995959,0.48430666,,15,"{""lr"": 0.001, ""dropout"": 0.3, ""aux_weight"": 0.0}"
494,0,4,1,0.8,0.6000000000000001,0.48832333,0.3851751492917538,0.43202713,0.4838855,,15,"{""lr"": 0.001, ""dropout"": 0.3, ""aux_weight"": 0.0}"
507,0,4,1,1.0,1.0,0.61547697,0.3851751492917538,0.5052275,0.48677036,,15,"{""lr"": 0.001, ""dropout"": 0.3, ""aux_weight"": 0.0}"
515,0,4,0,0.25,0.5,0.36791396,0.3851751492917538,0.5853044,0.48035783,,15,"{""lr"": 0.001, ""dropout"": 0.3, ""aux_weight"": 0.0}"
522,0,4,0,0.25,0.5,0.38338557,0.3851751492917538,0.558808,0.4893211,,15,"{""lr"": 0.001, ""dropout"": 0.3, ""aux_weight"": 0.0}"
532,0,4,0,0.0,1.0,0.09449839,0.3851751492917538,0.65023655,0.48484197,,15,"{""lr"": 0.001, ""dropout"": 0.3, ""aux_weight"": 0.0}"
537,0,4,0,0.25,0.5,0.37744474,0.3851751492917538,0.5943831,0.48225018,,15,"{""lr"": 0.001, ""dropout"": 0.3, ""aux_weight"": 0.0}"
546,0,4,1,0.5,0.0,0.34343177,0.3851751492917538,0.59273946,0.48578286,,15,"{""lr"": 0.001, ""dropout"": 0.3, ""aux_weight"": 0.0}"
551,0,4,1,0.6666666666666666,0.3333333333333332,0.400777,0.3851751492917538,0.5866111,0.48100832,,15,"{""lr"": 0.001, ""dropout"": 0.3, ""aux_weight"": 0.0}"
553,0,4,0,0.0,1.0,0.38277453,0.3851751492917538,0.45079997,0.48478281,,15,"{""lr"": 0.001, ""dropout"": 0.3, ""aux_weight"": 0.0}"
558,0,4,1,0.5,0.0,0.34672293,0.3851751492917538,0.58245325,0.4778396,,15,"{""lr"": 0.001, ""dropout"": 0.3, ""aux_weight"": 0.0}"
562,0,4,0,0.3333333333333333,0.3333333333333333,0.5239338,0.3851751492917538,0.44459987,0.48255807,,15,"{""lr"": 0.001, ""dropout"": 0.3, ""aux_weight"": 0.0}"
568,0,4,1,1.0,1.0,0.41405284,0.3851751492917538,0.4836245,0.48199442,,15,"{""lr"": 0.001, ""dropout"": 0.3, ""aux_weight"": 0.0}"
569,0,4,0,0.1666666666666666,0.6666666666666667,0.4084931,0.3851751492917538,0.5333278,0.4811213,,15,"{""lr"": 0.001, ""dropout"": 0.3, ""aux_weight"": 0.0}"
570,0,4,1,0.6666666666666666,0.3333333333333332,0.36747953,0.3851751492917538,0.578588,0.4878686,,15,"{""lr"": 0.001, ""dropout"": 0.3, ""aux_weight"": 0.0}"
578,0,4,1,0.5,0.0,0.3495919,0.3851751492917538,0.53587073,0.47392324,,15,"{""lr"": 0.001, ""dropout"": 0.3, ""aux_weight"": 0.0}"
580,0,4,0,0.3333333333333333,0.3333333333333333,0.38220626,0.3851751492917538,0.6777111,0.49138308,,15,"{""lr"": 0.001, ""dropout"": 0.3, ""aux_weight"": 0.0}"
584,0,4,1,0.6666666666666666,0.3333333333333332,0.5062138,0.3851751492917538,0.52086973,0.48462972,,15,"{""lr"": 0.001, ""dropout"": 0.3, ""aux_weight"": 0.0}"
585,0,4,1,0.5,0.0,0.47708148,0.3851751492917538,0.62805474,0.4908246,,15,"{""lr"": 0.001, ""dropout"": 0.3, ""aux_weight"": 0.0}"
593,0,4,1,0.5,0.0,0.23187292,0.3851751492917538,0.5452446,0.48547482,,15,"{""lr"": 0.001, ""dropout"": 0.3, ""aux_weight"": 0.0}"
594,0,4,0,0.0,1.0,0.36815286,0.3851751492917538,0.58980346,0.48709694,,15,"{""lr"": 0.001, ""dropout"": 0.3, ""aux_weight"": 0.0}"
596,0,4,1,0.5,0.0,0.2851352,0.3851751492917538,0.58175033,0.48825967,,15,"{""lr"": 0.001, ""dropout"": 0.3, ""aux_weight"": 0.0}"
599,0,4,0,0.0,1.0,0.44931692,0.3851751492917538,0.5433173,0.49169865,,15,"{""lr"": 0.001, ""dropout"": 0.3, ""aux_weight"": 0.0}"
610,0,4,0,0.25,0.5,0.3571944,0.3851751492917538,0.5679565,0.48854154,,15,"{""lr"": 0.001, ""dropout"": 0.3, ""aux_weight"": 0.0}"
613,0,4,0,0.0,1.0,0.53168774,0.3851751492917538,0.5494963,0.48621848,,15,"{""lr"": 0.001, ""dropout"": 0.3, ""aux_weight"": 0.0}"
616,0,4,1,0.75,0.5,0.25307024,0.3851751492917538,0.6476031,0.4864617,,15,"{""lr"": 0.001, ""dropout"": 0.3, ""aux_weight"": 0.0}"
619,0,4,0,0.25,0.5,0.43225604,0.3851751492917538,0.6532734,0.48907965,,15,"{""lr"": 0.001, ""dropout"": 0.3, ""aux_weight"": 0.0}"
621,0,4,1,0.5,0.0,0.48110563,0.3851751492917538,0.4830227,0.48979005,,15,"{""lr"": 0.001, ""dropout"": 0.3, ""aux_weight"": 0.0}"
625,0,4,0,0.0,1.0,0.32507414,0.3851751492917538,0.5868438,0.48455963,,15,"{""lr"": 0.001, ""dropout"": 0.3, ""aux_weight"": 0.0}"
635,0,4,1,0.5,0.0,0.3622868,0.3851751492917538,0.6485666,0.48810264,,15,"{""lr"": 0.001, ""dropout"": 0.3, ""aux_weight"": 0.0}"
644,0,4,0,0.25,0.5,0.23904274,0.3851751492917538,0.6462985,0.47850305,,15,"{""lr"": 0.001, ""dropout"": 0.3, ""aux_weight"": 0.0}"
646,0,4,0,0.0,1.0,0.16072932,0.3851751492917538,0.5686553,0.48102176,,15,"{""lr"": 0.001, ""dropout"": 0.3, ""aux_weight"": 0.0}"
655,0,4,1,0.6666666666666666,0.3333333333333332,0.2633429,0.3851751492917538,0.58296645,0.4857577,,15,"{""lr"": 0.001, ""dropout"": 0.3, ""aux_weight"": 0.0}"
656,0,4,1,0.6666666666666666,0.3333333333333332,0.46505982,0.3851751492917538,0.50615436,0.48128593,,15,"{""lr"": 0.001, ""dropout"": 0.3, ""aux_weight"": 0.0}"
662,0,4,0,0.0,1.0,0.10696476,0.3851751492917538,0.55215836,0.48483056,,15,"{""lr"": 0.001, ""dropout"": 0.3, ""aux_weight"": 0.0}"
663,0,4,0,0.3333333333333333,0.3333333333333333,0.3956654,0.3851751492917538,0.5908356,0.48517305,,15,"{""lr"": 0.001, ""dropout"": 0.3, ""aux_weight"": 0.0}"
668,0,4,0,0.1666666666666666,0.6666666666666667,0.34897706,0.3851751492917538,0.5123986,0.47861585,,15,"{""lr"": 0.001, ""dropout"": 0.3, ""aux_weight"": 0.0}"
678,0,4,0,0.3333333333333333,0.3333333333333333,0.26130337,0.3851751492917538,0.6573752,0.48077047,,15,"{""lr"": 0.001, ""dropout"": 0.3, ""aux_weight"": 0.0}"
679,0,4,0,0.4,0.1999999999999999,0.098779306,0.3851751492917538,0.5659747,0.4791228,,15,"{""lr"": 0.001, ""dropout"": 0.3, ""aux_weight"": 0.0}"
684,0,4,0,0.0,1.0,0.43480134,0.3851751492917538,0.52123487,0.4921583,,15,"{""lr"": 0.001, ""dropout"": 0.3, ""aux_weight"": 0.0}"
688,0,4,0,0.1666666666666666,0.6666666666666667,0.5060098,0.3851751492917538,0.58927083,0.4899218,,15,"{""lr"": 0.001, ""dropout"": 0.3, ""aux_weight"": 0.0}"
700,0,4,1,0.5,0.0,0.40292397,0.3851751492917538,0.6543904,0.4905607,,15,"{""lr"": 0.001, ""dropout"": 0.3, ""aux_weight"": 0.0}"
701,0,4,0,0.1666666666666666,0.6666666666666667,0.53755105,0.3851751492917538,0.47370753,0.49152544,,15,"{""lr"": 0.001, ""dropout"": 0.3, ""aux_weight"": 0.0}"
702,0,4,0,0.1666666666666666,0.6666666666666667,0.6112252,0.3851751492917538,0.5832867,0.4910895,,15,"{""lr"": 0.001, ""dropout"": 0.3, ""aux_weight"": 0.0}"
706,0,4,1,0.6666666666666666,0.3333333333333332,0.4484864,0.3851751492917538,0.5393357,0.48428565,,15,"{""lr"": 0.001, ""dropout"": 0.3, ""aux_weight"": 0.0}"
708,0,4,0,0.0,1.0,0.50161886,0.3851751492917538,0.5426228,0.48605323,,15,"{""lr"": 0.001, ""dropout"": 0.3, ""aux_weight"": 0.0}"
716,0,4,1,0.6666666666666666,0.3333333333333332,0.2759629,0.3851751492917538,0.54433125,0.48521155,,15,"{""lr"": 0.001, ""dropout"": 0.3, ""aux_weight"": 0.0}"
722,0,4,0,0.2,0.6,0.23489383,0.3851751492917538,0.63030916,0.49011618,,15,"{""lr"": 0.001, ""dropout"": 0.3, ""aux_weight"": 0.0}"
724,0,4,0,0.2,0.6,0.2799499,0.3851751492917538,0.52260303,0.4721397,,15,"{""lr"": 0.001, ""dropout"": 0.3, ""aux_weight"": 0.0}"
726,0,4,0,0.0,1.0,0.40711403,0.3851751492917538,0.4859218,0.48067784,,15,"{""lr"": 0.001, ""dropout"": 0.3, ""aux_weight"": 0.0}"
734,0,4,0,0.0,1.0,0.187891,0.3851751492917538,0.6198391,0.4834373,,15,"{""lr"": 0.001, ""dropout"": 0.3, ""aux_weight"": 0.0}"
740,0,4,0,0.1666666666666666,0.6666666666666667,0.17176375,0.3851751492917538,0.68033373,0.48773518,,15,"{""lr"": 0.001, ""dropout"": 0.3, ""aux_weight"": 0.0}"
5,1,0,0,0.2,0.6,0.26176372,0.35133592545986175,0.23158087,0.3896283,,4,"{""lr"": 0.001, ""dropout"": 0.3, ""aux_weight"": 0.3}"
10,1,0,0,0.0,1.0,0.25930095,0.35133592545986175,0.27866104,0.3418659,,4,"{""lr"": 0.001, ""dropout"": 0.3, ""aux_weight"": 0.3}"
12,1,0,0,0.4,0.1999999999999999,0.35255194,0.35133592545986175,0.40030473,0.30443066,,4,"{""lr"": 0.001, ""dropout"": 0.3, ""aux_weight"": 0.3}"
16,1,0,1,0.6,0.1999999999999999,0.24977046,0.35133592545986175,0.21848384,0.37857237,,4,"{""lr"": 0.001, ""dropout"": 0.3, ""aux_weight"": 0.3}"
17,1,0,0,0.4,0.1999999999999999,0.36723763,0.35133592545986175,0.34510124,0.35950023,,4,"{""lr"": 0.001, ""dropout"": 0.3, ""aux_weight"": 0.3}"
25,1,0,0,0.2,0.6,0.24961936,0.35133592545986175,0.29854393,0.3093898,,4,"{""lr"": 0.001, ""dropout"": 0.3, ""aux_weight"": 0.3}"
26,1,0,1,0.8,0.6000000000000001,0.24129003,0.35133592545986175,0.20488186,0.34363332,,4,"{""lr"": 0.001, ""dropout"": 0.3, ""aux_weight"": 0.3}"
30,1,0,0,0.2,0.6,0.20560035,0.35133592545986175,0.24271268,0.32562143,,4,"{""lr"": 0.001, ""dropout"": 0.3, ""aux_weight"": 0.3}"
36,1,0,0,0.2,0.6,0.20165998,0.35133592545986175,0.22239,0.2958829,,4,"{""lr"": 0.001, ""dropout"": 0.3, ""aux_weight"": 0.3}"
37,1,0,0,0.2,0.6,0.22938323,0.35133592545986175,0.20055014,0.38972747,,4,"{""lr"": 0.001, ""dropout"": 0.3, ""aux_weight"": 0.3}"
46,1,0,0,0.4,0.1999999999999999,0.4366243,0.35133592545986175,0.43420148,0.36227566,,4,"{""lr"": 0.001, ""dropout"": 0.3, ""aux_weight"": 0.3}"
56,1,0,0,0.25,0.5,0.19122526,0.35133592545986175,0.16747633,0.36135632,,4,"{""lr"": 0.001, ""dropout"": 0.3, ""aux_weight"": 0.3}"
63,1,0,0,0.0,1.0,0.28720516,0.35133592545986175,0.29453298,0.39952448,,4,"{""lr"": 0.001, ""dropout"": 0.3, ""aux_weight"": 0.3}"
66,1,0,0,0.0,1.0,0.32401872,0.35133592545986175,0.33685696,0.3208401,,4,"{""lr"": 0.001, ""dropout"": 0.3, ""aux_weight"": 0.3}"
72,1,0,0,0.25,0.5,0.19210616,0.35133592545986175,0.19950339,0.3342611,,4,"{""lr"": 0.001, ""dropout"": 0.3, ""aux_weight"": 0.3}"
81,1,0,0,0.0,1.0,0.15973589,0.35133592545986175,0.14215863,0.3754547,,4,"{""lr"": 0.001, ""dropout"": 0.3, ""aux_weight"": 0.3}"
82,1,0,0,0.25,0.5,0.33372885,0.35133592545986175,0.30331054,0.39388067,,4,"{""lr"": 0.001, ""dropout"": 0.3, ""aux_weight"": 0.3}"
91,1,0,0,0.25,0.5,0.27352294,0.35133592545986175,0.2358784,0.39089695,,4,"{""lr"": 0.001, ""dropout"": 0.3, ""aux_weight"": 0.3}"
93,1,0,0,0.0,1.0,0.28933746,0.35133592545986175,0.27341622,0.37960175,,4,"{""lr"": 0.001, ""dropout"": 0.3, ""aux_weight"": 0.3}"
101,1,0,0,0.3333333333333333,0.3333333333333333,0.30983782,0.35133592545986175,0.380858,0.35179865,,4,"{""lr"": 0.001, ""dropout"": 0.3, ""aux_weight"": 0.3}"
102,1,0,0,0.0,1.0,0.24175565,0.35133592545986175,0.31407055,0.30397153,,4,"{""lr"": 0.001, ""dropout"": 0.3, ""aux_weight"": 0.3}"
114,1,0,0,0.1111111111111111,0.7777777777777778,0.2692473,0.35133592545986175,0.37650573,0.291283,,4,"{""lr"": 0.001, ""dropout"": 0.3, ""aux_weight"": 0.3}"
117,1,0,0,0.25,0.5,0.221681,0.35133592545986175,0.2733339,0.27152383,,4,"{""lr"": 0.001, ""dropout"": 0.3, ""aux_weight"": 0.3}"
118,1,0,0,0.0,1.0,0.35571378,0.35133592545986175,0.4009671,0.38563505,,4,"{""lr"": 0.001, ""dropout"": 0.3, ""aux_weight"": 0.3}"
122,1,0,0,0.0,1.0,0.2595756,0.35133592545986175,0.20236608,0.3973909,,4,"{""lr"": 0.001, ""dropout"": 0.3, ""aux_weight"": 0.3}"
128,1,0,0,0.1111111111111111,0.7777777777777778,0.17443512,0.35133592545986175,0.1693576,0.30078262,,4,"{""lr"": 0.001, ""dropout"": 0.3, ""aux_weight"": 0.3}"
141,1,0,0,0.0,1.0,0.38721645,0.35133592545986175,0.43303663,0.40744975,,4,"{""lr"": 0.001, ""dropout"": 0.3, ""aux_weight"": 0.3}"
142,1,0,0,0.0,1.0,0.34594095,0.35133592545986175,0.3516127,0.36240038,,4,"{""lr"": 0.001, ""dropout"": 0.3, ""aux_weight"": 0.3}"
145,1,0,0,0.4444444444444444,0.1111111111111111,0.17398804,0.35133592545986175,0.12955603,0.36556602,,4,"{""lr"": 0.001, ""dropout"": 0.3, ""aux_weight"": 0.3}"
149,1,0,0,0.3333333333333333,0.3333333333333333,0.16370195,0.35133592545986175,0.13427013,0.3895067,,4,"{""lr"": 0.001, ""dropout"": 0.3, ""aux_weight"": 0.3}"
150,1,0,0,0.0,1.0,0.27940488,0.35133592545986175,0.36953062,0.30845198,,4,"{""lr"": 0.001, ""dropout"": 0.3, ""aux_weight"": 0.3}"
159,1,0,0,0.0,1.0,0.21244991,0.35133592545986175,0.2221711,0.34898165,,4,"{""lr"": 0.001, ""dropout"": 0.3, ""aux_weight"": 0.3}"
179,1,0,0,0.25,0.5,0.2732671,0.35133592545986175,0.2768152,0.3703793,,4,"{""lr"": 0.001, ""dropout"": 0.3, ""aux_weight"": 0.3}"
180,1,0,0,0.0,1.0,0.3173626,0.35133592545986175,0.31353623,0.38020936,,4,"{""lr"": 0.001, ""dropout"": 0.3, ""aux_weight"": 0.3}"
184,1,0,0,0.0,1.0,0.18875152,0.35133592545986175,0.22814648,0.31731546,,4,"{""lr"": 0.001, ""dropout"": 0.3, ""aux_weight"": 0.3}"
187,1,0,0,0.0,1.0,0.32118,0.35133592545986175,0.35431188,0.4260042,,4,"{""lr"": 0.001, ""dropout"": 0.3, ""aux_weight"": 0.3}"
195,1,0,0,0.0,1.0,0.40353727,0.35133592545986175,0.41694006,0.37600747,,4,"{""lr"": 0.001, ""dropout"": 0.3, ""aux_weight"": 0.3}"
213,1,0,0,0.4,0.1999999999999999,0.3904537,0.35133592545986175,0.4320004,0.37564224,,4,"{""lr"": 0.001, ""dropout"": 0.3, ""aux_weight"": 0.3}"
216,1,0,0,0.0,1.0,0.2814612,0.35133592545986175,0.36307514,0.3467159,,4,"{""lr"": 0.001, ""dropout"": 0.3, ""aux_weight"": 0.3}"
226,1,0,0,0.0,1.0,0.20988332,0.35133592545986175,0.20500416,0.38343048,,4,"{""lr"": 0.001, ""dropout"": 0.3, ""aux_weight"": 0.3}"
227,1,0,1,1.0,1.0,0.36276665,0.35133592545986175,0.38896406,0.39232036,,4,"{""lr"": 0.001, ""dropout"": 0.3, ""aux_weight"": 0.3}"
231,1,0,1,0.5,0.0,0.29276273,0.35133592545986175,0.34611517,0.33477727,,4,"{""lr"": 0.001, ""dropout"": 0.3, ""aux_weight"": 0.3}"
232,1,0,0,0.25,0.5,0.26514867,0.35133592545986175,0.32285896,0.36612636,,4,"{""lr"": 0.001, ""dropout"": 0.3, ""aux_weight"": 0.3}"
235,1,0,0,0.0,1.0,0.3005303,0.35133592545986175,0.32587507,0.3503408,,4,"{""lr"": 0.001, ""dropout"": 0.3, ""aux_weight"": 0.3}"
239,1,0,1,0.6,0.1999999999999999,0.20514005,0.35133592545986175,0.25963175,0.31644368,,4,"{""lr"": 0.001, ""dropout"": 0.3, ""aux_weight"": 0.3}"
243,1,0,0,0.0,1.0,0.19326204,0.35133592545986175,0.17543662,0.36277258,,4,"{""lr"": 0.001, ""dropout"": 0.3, ""aux_weight"": 0.3}"
248,1,0,0,0.4,0.1999999999999999,0.25878876,0.35133592545986175,0.31336173,0.32484236,,4,"{""lr"": 0.001, ""dropout"": 0.3, ""aux_weight"": 0.3}"
249,1,0,1,0.6,0.1999999999999999,0.30611497,0.35133592545986175,0.32866138,0.3644766,,4,"{""lr"": 0.001, ""dropout"": 0.3, ""aux_weight"": 0.3}"
250,1,0,0,0.4,0.1999999999999999,0.36660504,0.35133592545986175,0.37590557,0.34546697,,4,"{""lr"": 0.001, ""dropout"": 0.3, ""aux_weight"": 0.3}"
251,1,0,0,0.25,0.5,0.2519875,0.35133592545986175,0.25062072,0.39573252,,4,"{""lr"": 0.001, ""dropout"": 0.3, ""aux_weight"": 0.3}"
257,1,0,0,0.25,0.5,0.19785574,0.35133592545986175,0.26319525,0.337128,,4,"{""lr"": 0.001, ""dropout"": 0.3, ""aux_weight"": 0.3}"
263,1,0,0,0.2,0.6,0.23630577,0.35133592545986175,0.20151037,0.41489345,,4,"{""lr"": 0.001, ""dropout"": 0.3, ""aux_weight"": 0.3}"
272,1,0,1,0.5,0.0,0.40349174,0.35133592545986175,0.4443824,0.40281716,,4,"{""lr"": 0.001, ""dropout"": 0.3, ""aux_weight"": 0.3}"
273,1,0,1,0.5,0.0,0.17115037,0.35133592545986175,0.16466558,0.3981982,,4,"{""lr"": 0.001, ""dropout"": 0.3, ""aux_weight"": 0.3}"
278,1,0,0,0.25,0.5,0.25271124,0.35133592545986175,0.2187876,0.4236247,,4,"{""lr"": 0.001, ""dropout"": 0.3, ""aux_weight"": 0.3}"
285,1,0,0,0.4,0.1999999999999999,0.2322865,0.35133592545986175,0.2579648,0.36412266,,4,"{""lr"": 0.001, ""dropout"": 0.3, ""aux_weight"": 0.3}"
287,1,0,0,0.25,0.5,0.38107157,0.35133592545986175,0.41337562,0.3740495,,4,"{""lr"": 0.001, ""dropout"": 0.3, ""aux_weight"": 0.3}"
288,1,0,1,0.75,0.5,0.2023291,0.35133592545986175,0.22878039,0.36512238,,4,"{""lr"": 0.001, ""dropout"": 0.3, ""aux_weight"": 0.3}"
297,1,0,0,0.0,1.0,0.28188586,0.35133592545986175,0.30898407,0.3325024,,4,"{""lr"": 0.001, ""dropout"": 0.3, ""aux_weight"": 0.3}"
299,1,0,1,0.8,0.6000000000000001,0.21156785,0.35133592545986175,0.22884694,0.34871516,,4,"{""lr"": 0.001, ""dropout"": 0.3, ""aux_weight"": 0.3}"
314,1,0,0,0.0,1.0,0.34056723,0.35133592545986175,0.36715198,0.40087518,,4,"{""lr"": 0.001, ""dropout"": 0.3, ""aux_weight"": 0.3}"
317,1,0,0,0.4,0.1999999999999999,0.22429705,0.35133592545986175,0.1905594,0.38304618,,4,"{""lr"": 0.001, ""dropout"": 0.3, ""aux_weight"": 0.3}"
320,1,0,0,0.0,1.0,0.35287207,0.35133592545986175,0.38699883,0.39671317,,4,"{""lr"": 0.001, ""dropout"": 0.3, ""aux_weight"": 0.3}"
333,1,0,0,0.0,1.0,0.2971914,0.35133592545986175,0.24138916,0.41219595,,4,"{""lr"": 0.001, ""dropout"": 0.3, ""aux_weight"": 0.3}"
335,1,0,1,0.5,0.0,0.19104174,0.35133592545986175,0.16082907,0.4035416,,4,"{""lr"": 0.001, ""dropout"": 0.3, ""aux_weight"": 0.3}"
339,1,0,0,0.0,1.0,0.29831186,0.35133592545986175,0.29160112,0.41219595,,4,"{""lr"": 0.001, ""dropout"": 0.3, ""aux_weight"": 0.3}"
341,1,0,1,0.6,0.1999999999999999,0.42276323,0.35133592545986175,0.43104762,0.42146668,,4,"{""lr"": 0.001, ""dropout"": 0.3, ""aux_weight"": 0.3}"
343,1,0,1,0.8,0.6000000000000001,0.32339007,0.35133592545986175,0.4214973,0.32571068,,4,"{""lr"": 0.001, ""dropout"": 0.3, ""aux_weight"": 0.3}"
347,1,0,0,0.4,0.1999999999999999,0.5065428,0.35133592545986175,0.59383875,0.3780655,,4,"{""lr"": 0.001, ""dropout"": 0.3, ""aux_weight"": 0.3}"
350,1,0,0,0.0,1.0,0.26051587,0.35133592545986175,0.21452543,0.41774026,,4,"{""lr"": 0.001, ""dropout"": 0.3, ""aux_weight"": 0.3}"
352,1,0,0,0.25,0.5,0.32957056,0.35133592545986175,0.40145013,0.39003265,,4,"{""lr"": 0.001, ""dropout"": 0.3, ""aux_weight"": 0.3}"
357,1,0,1,0.5,0.0,0.46834183,0.35133592545986175,0.48887163,0.41045186,,4,"{""lr"": 0.001, ""dropout"": 0.3, ""aux_weight"": 0.3}"
358,1,0,0,0.25,0.5,0.51240104,0.35133592545986175,0.5593913,0.41068542,,4,"{""lr"": 0.001, ""dropout"": 0.3, ""aux_weight"": 0.3}"
369,1,0,0,0.0,1.0,0.2048018,0.35133592545986175,0.20056583,0.35460532,,4,"{""lr"": 0.001, ""dropout"": 0.3, ""aux_weight"": 0.3}"
373,1,0,0,0.0,1.0,0.44324234,0.35133592545986175,0.4740079,0.43010914,,4,"{""lr"": 0.001, ""dropout"": 0.3, ""aux_weight"": 0.3}"
380,1,0,1,0.75,0.5,0.4821521,0.35133592545986175,0.5769653,0.36970073,,4,"{""lr"": 0.001, ""dropout"": 0.3, ""aux_weight"": 0.3}"
386,1,0,0,0.25,0.5,0.2847376,0.35133592545986175,0.3266979,0.3717467,,4,"{""lr"": 0.001, ""dropout"": 0.3, ""aux_weight"": 0.3}"
388,1,0,1,0.5,0.0,0.4267585,0.35133592545986175,0.47546718,0.34665447,,4,"{""lr"": 0.001, ""dropout"": 0.3, ""aux_weight"": 0.3}"
389,1,0,0,0.25,0.5,0.4559647,0.35133592545986175,0.5012687,0.3758459,,4,"{""lr"": 0.001, ""dropout"": 0.3, ""aux_weight"": 0.3}"
390,1,0,1,0.75,0.5,0.34537372,0.35133592545986175,0.3787809,0.35822338,,4,"{""lr"": 0.001, ""dropout"": 0.3, ""aux_weight"": 0.3}"
393,1,0,0,0.25,0.5,0.2650532,0.35133592545986175,0.27290514,0.38226467,,4,"{""lr"": 0.001, ""dropout"": 0.3, ""aux_weight"": 0.3}"
396,1,0,1,0.75,0.5,0.49021947,0.35133592545986175,0.5940093,0.3678495,,4,"{""lr"": 0.001, ""dropout"": 0.3, ""aux_weight"": 0.3}"
401,1,0,0,0.2,0.6,0.4313035,0.35133592545986175,0.4764884,0.34320593,,4,"{""lr"": 0.001, ""dropout"": 0.3, ""aux_weight"": 0.3}"
402,1,0,1,0.6,0.1999999999999999,0.3286233,0.35133592545986175,0.33673108,0.4029618,,4,"{""lr"": 0.001, ""dropout"": 0.3, ""aux_weight"": 0.3}"
406,1,0,1,0.6,0.1999999999999999,0.3798604,0.35133592545986175,0.38672292,0.40324783,,4,"{""lr"": 0.001, ""dropout"": 0.3, ""aux_weight"": 0.3}"
420,1,0,0,0.0,1.0,0.22344649,0.35133592545986175,0.1964365,0.40861553,,4,"{""lr"": 0.001, ""dropout"": 0.3, ""aux_weight"": 0.3}"
425,1,0,0,0.0,1.0,0.38699594,0.35133592545986175,0.42436928,0.39594853,,4,"{""lr"": 0.001, ""dropout"": 0.3, ""aux_weight"": 0.3}"
428,1,0,1,0.6,0.1999999999999999,0.3892517,0.35133592545986175,0.35001636,0.3890042,,4,"{""lr"": 0.001, ""dropout"": 0.3, ""aux_weight"": 0.3}"
433,1,0,0,0.0,1.0,0.35045028,0.35133592545986175,0.37106836,0.37513265,,4,"{""lr"": 0.001, ""dropout"": 0.3, ""aux_weight"": 0.3}"
444,1,0,0,0.2,0.6,0.4477011,0.35133592545986175,0.5891088,0.2905239,,4,"{""lr"": 0.001, ""dropout"": 0.3, ""aux_weight"": 0.3}"
450,1,0,0,0.2,0.6,0.4829949,0.35133592545986175,0.5816896,0.3783864,,4,"{""lr"": 0.001, ""dropout"": 0.3, ""aux_weight"": 0.3}"
454,1,0,0,0.0,1.0,0.40428147,0.35133592545986175,0.46626836,0.3949553,,4,"{""lr"": 0.001, ""dropout"": 0.3, ""aux_weight"": 0.3}"
455,1,0,0,0.0,1.0,0.23096593,0.35133592545986175,0.23866431,0.36768866,,4,"{""lr"": 0.001, ""dropout"": 0.3, ""aux_weight"": 0.3}"
457,1,0,1,0.5,0.0,0.44210708,0.35133592545986175,0.5264426,0.36612636,,4,"{""lr"": 0.001, ""dropout"": 0.3, ""aux_weight"": 0.3}"
462,1,0,1,0.5,0.0,0.5484245,0.35133592545986175,0.6478768,0.3357325,,4,"{""lr"": 0.001, ""dropout"": 0.3, ""aux_weight"": 0.3}"
475,1,0,0,0.25,0.5,0.35419464,0.35133592545986175,0.4140118,0.36612636,,4,"{""lr"": 0.001, ""dropout"": 0.3, ""aux_weight"": 0.3}"
479,1,0,0,0.0,1.0,0.4143571,0.35133592545986175,0.4482399,0.3719241,,4,"{""lr"": 0.001, ""dropout"": 0.3, ""aux_weight"": 0.3}"
482,1,0,0,0.0,1.0,0.17102747,0.35133592545986175,0.14853662,0.40087518,,4,"{""lr"": 0.001, ""dropout"": 0.3, ""aux_weight"": 0.3}"
489,1,0,0,0.0,1.0,0.5366448,0.35133592545986175,0.6007234,0.39390475,,4,"{""lr"": 0.001, ""dropout"": 0.3, ""aux_weight"": 0.3}"
507,1,0,1,1.0,1.0,0.532152,0.35133592545986175,0.5566484,0.382565,,4,"{""lr"": 0.001, ""dropout"": 0.3, ""aux_weight"": 0.3}"
511,1,0,1,0.5,0.0,0.40956664,0.35133592545986175,0.4290442,0.3745372,,4,"{""lr"": 0.001, ""dropout"": 0.3, ""aux_weight"": 0.3}"
515,1,0,0,0.25,0.5,0.45077428,0.35133592545986175,0.46201235,0.35613626,,4,"{""lr"": 0.001, ""dropout"": 0.3, ""aux_weight"": 0.3}"
525,1,0,0,0.2,0.6,0.21126434,0.35133592545986175,0.18997642,0.41774026,,4,"{""lr"": 0.001, ""dropout"": 0.3, ""aux_weight"": 0.3}"
531,1,0,1,0.75,0.5,0.42522928,0.35133592545986175,0.5449578,0.34770092,,4,"{""lr"": 0.001, ""dropout"": 0.3, ""aux_weight"": 0.3}"
537,1,0,0,0.25,0.5,0.47783804,0.35133592545986175,0.5030807,0.36981192,,4,"{""lr"": 0.001, ""dropout"": 0.3, ""aux_weight"": 0.3}"
538,1,0,0,0.0,1.0,0.5712317,0.35133592545986175,0.6458318,0.40087518,,4,"{""lr"": 0.001, ""dropout"": 0.3, ""aux_weight"": 0.3}"
540,1,0,0,0.25,0.5,0.5846833,0.35133592545986175,0.63880527,0.41774026,,4,"{""lr"": 0.001, ""dropout"": 0.3, ""aux_weight"": 0.3}"
549,1,0,0,0.0,1.0,0.32772082,0.35133592545986175,0.32849884,0.364048,,4,"{""lr"": 0.001, ""dropout"": 0.3, ""aux_weight"": 0.3}"
551,1,0,1,0.6666666666666666,0.3333333333333332,0.53883964,0.35133592545986175,0.62966937,0.38239184,,4,"{""lr"": 0.001, ""dropout"": 0.3, ""aux_weight"": 0.3}"
553,1,0,0,0.0,1.0,0.28708422,0.35133592545986175,0.26774526,0.42728794,,4,"{""lr"": 0.001, ""dropout"": 0.3, ""aux_weight"": 0.3}"
559,1,0,1,0.6666666666666666,0.3333333333333332,0.36413556,0.35133592545986175,0.44513783,0.38239184,,4,"{""lr"": 0.001, ""dropout"": 0.3, ""aux_weight"": 0.3}"
560,1,0,0,0.1666666666666666,0.6666666666666667,0.32674533,0.35133592545986175,0.3417276,0.38790303,,4,"{""lr"": 0.001, ""dropout"": 0.3, ""aux_weight"": 0.3}"
563,1,0,0,0.0,1.0,0.50098455,0.35133592545986175,0.518222,0.42171538,,4,"{""lr"": 0.001, ""dropout"": 0.3, ""aux_weight"": 0.3}"
577,1,0,0,0.1666666666666666,0.6666666666666667,0.42943078,0.35133592545986175,0.43450886,0.41386318,,4,"{""lr"": 0.001, ""dropout"": 0.3, ""aux_weight"": 0.3}"
579,1,0,0,0.3333333333333333,0.3333333333333333,0.43180287,0.35133592545986175,0.5011214,0.37867984,,4,"{""lr"": 0.001, ""dropout"": 0.3, ""aux_weight"": 0.3}"
580,1,0,0,0.3333333333333333,0.3333333333333333,0.27348024,0.35133592545986175,0.28530538,0.39429125,,4,"{""lr"": 0.001, ""dropout"": 0.3, ""aux_weight"": 0.3}"
584,1,0,1,0.6666666666666666,0.3333333333333332,0.4924549,0.35133592545986175,0.5241356,0.3677388,,4,"{""lr"": 0.001, ""dropout"": 0.3, ""aux_weight"": 0.3}"
589,1,0,0,0.3333333333333333,0.3333333333333333,0.49940428,0.35133592545986175,0.5077224,0.46373925,,4,"{""lr"": 0.001, ""dropout"": 0.3, ""aux_weight"": 0.3}"
593,1,0,1,0.5,0.0,0.23118696,0.35133592545986175,0.24417338,0.34914225,,4,"{""lr"": 0.001, ""dropout"": 0.3, ""aux_weight"": 0.3}"
602,1,0,0,0.25,0.5,0.5438172,0.35133592545986175,0.583434,0.4241942,,4,"{""lr"": 0.001, ""dropout"": 0.3, ""aux_weight"": 0.3}"
604,1,0,1,0.75,0.5,0.50659925,0.35133592545986175,0.4771467,0.42748874,,4,"{""lr"": 0.001, ""dropout"": 0.3, ""aux_weight"": 0.3}"
607,1,0,0,0.0,1.0,0.2874406,0.35133592545986175,0.26524806,0.45369017,,4,"{""lr"": 0.001, ""dropout"": 0.3, ""aux_weight"": 0.3}"
611,1,0,1,0.75,0.5,0.39467853,0.35133592545986175,0.41141444,0.43898973,,4,"{""lr"": 0.001, ""dropout"": 0.3, ""aux_weight"": 0.3}"
616,1,0,1,0.75,0.5,0.44561267,0.35133592545986175,0.4769439,0.3701608,,4,"{""lr"": 0.001, ""dropout"": 0.3, ""aux_weight"": 0.3}"
618,1,0,0,0.0,1.0,0.4710275,0.35133592545986175,0.47003597,0.44254577,,4,"{""lr"": 0.001, ""dropout"": 0.3, ""aux_weight"": 0.3}"
626,1,0,1,0.5,0.0,0.47814202,0.35133592545986175,0.47053844,0.4351047,,4,"{""lr"": 0.001, ""dropout"": 0.3, ""aux_weight"": 0.3}"
630,1,0,1,0.5,0.0,0.5143751,0.35133592545986175,0.6016906,0.3683772,,4,"{""lr"": 0.001, ""dropout"": 0.3, ""aux_weight"": 0.3}"
632,1,0,1,0.5,0.0,0.3712374,0.35133592545986175,0.3649405,0.41880187,,4,"{""lr"": 0.001, ""dropout"": 0.3, ""aux_weight"": 0.3}"
635,1,0,1,0.5,0.0,0.37226066,0.35133592545986175,0.44957554,0.38795578,,4,"{""lr"": 0.001, ""dropout"": 0.3, ""aux_weight"": 0.3}"
639,1,0,0,0.0,1.0,0.45199037,0.35133592545986175,0.44368213,0.42165318,,4,"{""lr"": 0.001, ""dropout"": 0.3, ""aux_weight"": 0.3}"
641,1,0,0,0.0,1.0,0.45450222,0.35133592545986175,0.48550612,0.41531166,,4,"{""lr"": 0.001, ""dropout"": 0.3, ""aux_weight"": 0.3}"
646,1,0,0,0.0,1.0,0.21975614,0.35133592545986175,0.1986376,0.37124902,,4,"{""lr"": 0.001, ""dropout"": 0.3, ""aux_weight"": 0.3}"
648,1,0,1,0.5,0.0,0.351031,0.35133592545986175,0.36696523,0.40148517,,4,"{""lr"": 0.001, ""dropout"": 0.3, ""aux_weight"": 0.3}"
660,1,0,0,0.1666666666666666,0.6666666666666667,0.44311875,0.35133592545986175,0.50955164,0.33268788,,4,"{""lr"": 0.001, ""dropout"": 0.3, ""aux_weight"": 0.3}"
674,1,0,0,0.3333333333333333,0.3333333333333333,0.37641305,0.35133592545986175,0.46872628,0.3554039,,4,"{""lr"": 0.001, ""dropout"": 0.3, ""aux_weight"": 0.3}"
684,1,0,0,0.0,1.0,0.54632056,0.35133592545986175,0.53854835,0.42046878,,4,"{""lr"": 0.001, ""dropout"": 0.3, ""aux_weight"": 0.3}"
696,1,0,0,0.1666666666666666,0.6666666666666667,0.458572,0.35133592545986175,0.4741268,0.42565355,,4,"{""lr"": 0.001, ""dropout"": 0.3, ""aux_weight"": 0.3}"
697,1,0,1,0.5,0.0,0.43421632,0.35133592545986175,0.4907796,0.38038808,,4,"{""lr"": 0.001, ""dropout"": 0.3, ""aux_weight"": 0.3}"
698,1,0,1,0.5,0.0,0.4838922,0.35133592545986175,0.5582146,0.38209802,,4,"{""lr"": 0.001, ""dropout"": 0.3, ""aux_weight"": 0.3}"
703,1,0,0,0.0,1.0,0.57615536,0.35133592545986175,0.6312424,0.3362818,,4,"{""lr"": 0.001, ""dropout"": 0.3, ""aux_weight"": 0.3}"
707,1,0,1,0.5,0.0,0.28594613,0.35133592545986175,0.26633006,0.39825174,,4,"{""lr"": 0.001, ""dropout"": 0.3, ""aux_weight"": 0.3}"
710,1,0,0,0.0,1.0,0.24118358,0.35133592545986175,0.20546252,0.42895934,,4,"{""lr"": 0.001, ""dropout"": 0.3, ""aux_weight"": 0.3}"
716,1,0,1,0.6666666666666666,0.3333333333333332,0.49509966,0.35133592545986175,0.45096028,0.41624346,,4,"{""lr"": 0.001, ""dropout"": 0.3, ""aux_weight"": 0.3}"
718,1,0,0,0.1666666666666666,0.6666666666666667,0.37116474,0.35133592545986175,0.38101393,0.39910614,,4,"{""lr"": 0.001, ""dropout"": 0.3, ""aux_weight"": 0.3}"
728,1,0,0,0.2,0.6,0.2947706,0.35133592545986175,0.3321633,0.35435423,,4,"{""lr"": 0.001, ""dropout"": 0.3, ""aux_weight"": 0.3}"
734,1,0,0,0.0,1.0,0.2064192,0.35133592545986175,0.15843534,0.3923561,,4,"{""lr"": 0.001, ""dropout"": 0.3, ""aux_weight"": 0.3}"
735,1,0,0,0.0,1.0,0.19171259,0.35133592545986175,0.16931742,0.3923561,,4,"{""lr"": 0.001, ""dropout"": 0.3, ""aux_weight"": 0.3}"
6,1,1,0,0.2,0.6,0.24642807,0.3663085615634919,0.56376463,0.50359946,,38,"{""lr"": 0.001, ""dropout"": 0.5, ""aux_weight"": 0.0}"
8,1,1,0,0.0,1.0,0.045325518,0.3663085615634919,0.53477025,0.5038816,,38,"{""lr"": 0.001, ""dropout"": 0.5, ""aux_weight"": 0.0}"
9,1,1,0,0.0,1.0,0.15462412,0.3663085615634919,0.4861513,0.5169499,,38,"{""lr"": 0.001, ""dropout"": 0.5, ""aux_weight"": 0.0}"
13,1,1,0,0.2,0.6,0.33799917,0.3663085615634919,0.49175394,0.5114958,,38,"{""lr"": 0.001, ""dropout"": 0.5, ""aux_weight"": 0.0}"
14,1,1,0,0.2,0.6,0.33851108,0.3663085615634919,0.4880825,0.5057888,,38,"{""lr"": 0.001, ""dropout"": 0.5, ""aux_weight"": 0.0}"
21,1,1,0,0.2,0.6,0.24966356,0.3663085615634919,0.5362562,0.5138721,,38,"{""lr"": 0.001, ""dropout"": 0.5, ""aux_weight"": 0.0}"
22,1,1,0,0.2,0.6,0.38762942,0.3663085615634919,0.518346,0.5040389,,38,"{""lr"": 0.001, ""dropout"": 0.5, ""aux_weight"": 0.0}"
29,1,1,0,0.2,0.6,0.25311798,0.3663085615634919,0.5371356,0.50659466,,38,"{""lr"": 0.001, ""dropout"": 0.5, ""aux_weight"": 0.0}"
32,1,1,0,0.2,0.6,0.4086102,0.3663085615634919,0.5693702,0.5042378,,38,"{""lr"": 0.001, ""dropout"": 0.5, ""aux_weight"": 0.0}"
33,1,1,0,0.4,0.1999999999999999,0.17916459,0.3663085615634919,0.4526273,0.5019488,,38,"{""lr"": 0.001, ""dropout"": 0.5, ""aux_weight"": 0.0}"
34,1,1,0,0.1666666666666666,0.6666666666666667,0.25675738,0.3663085615634919,0.58439255,0.5049979,,38,"{""lr"": 0.001, ""dropout"": 0.5, ""aux_weight"": 0.0}"
41,1,1,0,0.2,0.6,0.20122552,0.3663085615634919,0.47877747,0.5059632,,38,"{""lr"": 0.001, ""dropout"": 0.5, ""aux_weight"": 0.0}"
49,1,1,0,0.3333333333333333,0.3333333333333333,0.33297595,0.3663085615634919,0.581764,0.5185374,,38,"{""lr"": 0.001, ""dropout"": 0.5, ""aux_weight"": 0.0}"
50,1,1,1,0.8,0.6000000000000001,0.2904617,0.3663085615634919,0.5282997,0.49929598,,38,"{""lr"": 0.001, ""dropout"": 0.5, ""aux_weight"": 0.0}"
51,1,1,0,0.25,0.5,0.28982997,0.3663085615634919,0.5525898,0.5008718,,38,"{""lr"": 0.001, ""dropout"": 0.5, ""aux_weight"": 0.0}"
70,1,1,0,0.0,1.0,0.28355324,0.3663085615634919,0.52536696,0.51547265,,38,"{""lr"": 0.001, ""dropout"": 0.5, ""aux_weight"": 0.0}"
71,1,1,0,0.0,1.0,0.24927527,0.3663085615634919,0.42882973,0.51188785,,38,"{""lr"": 0.001, ""dropout"": 0.5, ""aux_weight"": 0.0}"
79,1,1,0,0.25,0.5,0.1401385,0.3663085615634919,0.52063334,0.49778187,,38,"{""lr"": 0.001, ""dropout"": 0.5, ""aux_weight"": 0.0}"
85,1,1,0,0.25,0.5,0.20215264,0.3663085615634919,0.5470927,0.5126611,,38,"{""lr"": 0.001, ""dropout"": 0.5, ""aux_weight"": 0.0}"
86,1,1,0,0.0,1.0,0.1915778,0.3663085615634919,0.48839903,0.50597614,,38,"{""lr"": 0.001, ""dropout"": 0.5, ""aux_weight"": 0.0}"
88,1,1,1,0.5,0.0,0.07966958,0.3663085615634919,0.53288406,0.5117236,,38,"{""lr"": 0.001, ""dropout"": 0.5, ""aux_weight"": 0.0}"
89,1,1,0,0.25,0.5,0.36004272,0.3663085615634919,0.5150759,0.5074319,,38,"{""lr"": 0.001, ""dropout"": 0.5, ""aux_weight"": 0.0}"
94,1,1,0,0.25,0.5,0.2866872,0.3663085615634919,0.49600136,0.5134347,,38,"{""lr"": 0.001, ""dropout"": 0.5, ""aux_weight"": 0.0}"
95,1,1,0,0.25,0.5,0.16680998,0.3663085615634919,0.50104016,0.49841946,,38,"{""lr"": 0.001, ""dropout"": 0.5, ""aux_weight"": 0.0}"
108,1,1,0,0.25,0.5,0.40981773,0.3663085615634919,0.56867903,0.50485826,,38,"{""lr"": 0.001, ""dropout"": 0.5, ""aux_weight"": 0.0}"
109,1,1,0,0.1111111111111111,0.7777777777777778,0.60533094,0.3663085615634919,0.5281451,0.51251286,,38,"{""lr"": 0.001, ""dropout"": 0.5, ""aux_weight"": 0.0}"
115,1,1,0,0.0,1.0,0.119019374,0.3663085615634919,0.51790965,0.49370372,,38,"{""lr"": 0.001, ""dropout"": 0.5, ""aux_weight"": 0.0}"
127,1,1,1,0.6666666666666666,0.3333333333333332,0.40231985,0.3663085615634919,0.5594051,0.5037554,,38,"{""lr"": 0.001, ""dropout"": 0.5, ""aux_weight"": 0.0}"
129,1,1,0,0.2,0.6,0.28334266,0.3663085615634919,0.39039934,0.5155349,,38,"{""lr"": 0.001, ""dropout"": 0.5, ""aux_weight"": 0.0}"
138,1,1,1,0.5555555555555556,0.1111111111111111,0.21128312,0.3663085615634919,0.4492725,0.5115693,,38,"{""lr"": 0.001, ""dropout"": 0.5, ""aux_weight"": 0.0}"
139,1,1,0,0.0,1.0,0.31536192,0.3663085615634919,0.5605203,0.5135282,,38,"{""lr"": 0.001, ""dropout"": 0.5, ""aux_weight"": 0.0}"
140,1,1,0,0.2222222222222222,0.5555555555555556,0.19410552,0.3663085615634919,0.4558341,0.51012206,,38,"{""lr"": 0.001, ""dropout"": 0.5, ""aux_weight"": 0.0}"
156,1,1,0,0.25,0.5,0.112890586,0.3663085615634919,0.54037315,0.48687708,,38,"{""lr"": 0.001, ""dropout"": 0.5, ""aux_weight"": 0.0}"
160,1,1,0,0.1666666666666666,0.6666666666666667,0.41597408,0.3663085615634919,0.5326741,0.51109934,,38,"{""lr"": 0.001, ""dropout"": 0.5, ""aux_weight"": 0.0}"
161,1,1,0,0.0,1.0,0.30156827,0.3663085615634919,0.5784116,0.49833614,,38,"{""lr"": 0.001, ""dropout"": 0.5, ""aux_weight"": 0.0}"
166,1,1,0,0.25,0.5,0.29208034,0.3663085615634919,0.47714058,0.50983536,,38,"{""lr"": 0.001, ""dropout"": 0.5, ""aux_weight"": 0.0}"
175,1,1,0,0.0,1.0,0.21583535,0.3663085615634919,0.44079393,0.50625336,,38,"{""lr"": 0.001, ""dropout"": 0.5, ""aux_weight"": 0.0}"
188,1,1,0,0.0,1.0,0.36860532,0.3663085615634919,0.4725696,0.5108507,,38,"{""lr"": 0.001, ""dropout"": 0.5, ""aux_weight"": 0.0}"
193,1,1,0,0.25,0.5,0.414024,0.3663085615634919,0.54658675,0.5219799,,38,"{""lr"": 0.001, ""dropout"": 0.5, ""aux_weight"": 0.0}"
194,1,1,0,0.0,1.0,0.30852014,0.3663085615634919,0.4886274,0.51275074,,38,"{""lr"": 0.001, ""dropout"": 0.5, ""aux_weight"": 0.0}"
196,1,1,1,0.5,0.0,0.36232495,0.3663085615634919,0.49047673,0.5039474,,38,"{""lr"": 0.001, ""dropout"": 0.5, ""aux_weight"": 0.0}"
198,1,1,0,0.0,1.0,0.30655774,0.3663085615634919,0.5305239,0.5082012,,38,"{""lr"": 0.001, ""dropout"": 0.5, ""aux_weight"": 0.0}"
200,1,1,0,0.2,0.6,0.4217377,0.3663085615634919,0.46795166,0.50678355,,38,"{""lr"": 0.001, ""dropout"": 0.5, ""aux_weight"": 0.0}"
205,1,1,0,0.2,0.6,0.17362444,0.3663085615634919,0.51099795,0.50302106,,38,"{""lr"": 0.001, ""dropout"": 0.5, ""aux_weight"": 0.0}"
209,1,1,0,0.2,0.6,0.3458098,0.3663085615634919,0.5453625,0.50490594,,38,"{""lr"": 0.001, ""dropout"": 0.5, ""aux_weight"": 0.0}"
210,1,1,0,0.4,0.1999999999999999,0.65516275,0.3663085615634919,0.534713,0.502553,,38,"{""lr"": 0.001, ""dropout"": 0.5, ""aux_weight"": 0.0}"
212,1,1,0,0.2,0.6,0.24097267,0.3663085615634919,0.45968422,0.5117782,,38,"{""lr"": 0.001, ""dropout"": 0.5, ""aux_weight"": 0.0}"
222,1,1,0,0.2,0.6,0.43887073,0.3663085615634919,0.49798903,0.515554,,38,"{""lr"": 0.001, ""dropout"": 0.5, ""aux_weight"": 0.0}"
225,1,1,0,0.2,0.6,0.252773,0.3663085615634919,0.4588854,0.50576526,,38,"{""lr"": 0.001, ""dropout"": 0.5, ""aux_weight"": 0.0}"
230,1,1,0,0.2,0.6,0.3686384,0.3663085615634919,0.4669404,0.50214964,,38,"{""lr"": 0.001, ""dropout"": 0.5, ""aux_weight"": 0.0}"
234,1,1,0,0.25,0.5,0.23386787,0.3663085615634919,0.56033385,0.51078826,,38,"{""lr"": 0.001, ""dropout"": 0.5, ""aux_weight"": 0.0}"
237,1,1,0,0.4,0.1999999999999999,0.21382631,0.3663085615634919,0.524675,0.5064188,,38,"{""lr"": 0.001, ""dropout"": 0.5, ""aux_weight"": 0.0}"
241,1,1,1,0.6,0.1999999999999999,0.45785254,0.3663085615634919,0.49889845,0.5163565,,38,"{""lr"": 0.001, ""dropout"": 0.5, ""aux_weight"": 0.0}"
247,1,1,0,0.2,0.6,0.21884148,0.3663085615634919,0.47494018,0.5057892,,38,"{""lr"": 0.001, ""dropout"": 0.5, ""aux_weight"": 0.0}"
262,1,1,1,0.5,0.0,0.28716984,0.3663085615634919,0.5924236,0.49699768,,38,"{""lr"": 0.001, ""dropout"": 0.5, ""aux_weight"": 0.0}"
264,1,1,0,0.25,0.5,0.2469793,0.3663085615634919,0.5076935,0.51101893,,38,"{""lr"": 0.001, ""dropout"": 0.5, ""aux_weight"": 0.0}"
267,1,1,0,0.0,1.0,0.13015649,0.3663085615634919,0.46318376,0.5076349,,38,"{""lr"": 0.001, ""dropout"": 0.5, ""aux_weight"": 0.0}"
271,1,1,0,0.0,1.0,0.30884388,0.3663085615634919,0.5187944,0.50733006,,38,"{""lr"": 0.001, ""dropout"": 0.5, ""aux_weight"": 0.0}"
275,1,1,1,0.5,0.0,0.43023473,0.3663085615634919,0.59426236,0.5082879,,38,"{""lr"": 0.001, ""dropout"": 0.5, ""aux_weight"": 0.0}"
277,1,1,1,0.5,0.0,0.24531046,0.3663085615634919,0.45524904,0.49569273,,38,"{""lr"": 0.001, ""dropout"": 0.5, ""aux_weight"": 0.0}"
280,1,1,0,0.25,0.5,0.27890962,0.3663085615634919,0.49659288,0.51184595,,38,"{""lr"": 0.001, ""dropout"": 0.5, ""aux_weight"": 0.0}"
284,1,1,1,0.5,0.0,0.37999594,0.3663085615634919,0.50064975,0.50565284,,38,"{""lr"": 0.001, ""dropout"": 0.5, ""aux_weight"": 0.0}"
292,1,1,0,0.25,0.5,0.44809055,0.3663085615634919,0.4986686,0.5098914,,38,"{""lr"": 0.001, ""dropout"": 0.5, ""aux_weight"": 0.0}"
293,1,1,1,0.5,0.0,0.39443207,0.3663085615634919,0.4546938,0.5109764,,38,"{""lr"": 0.001, ""dropout"": 0.5, ""aux_weight"": 0.0}"
304,1,1,1,0.8,0.6000000000000001,0.37060076,0.3663085615634919,0.531633,0.5108323,,38,"{""lr"": 0.001, ""dropout"": 0.5, ""aux_weight"": 0.0}"
312,1,1,0,0.0,1.0,0.16232395,0.3663085615634919,0.43770337,0.505361,,38,"{""lr"": 0.001, ""dropout"": 0.5, ""aux_weight"": 0.0}"
324,1,1,0,0.2,0.6,0.29832304,0.3663085615634919,0.4811188,0.49632335,,38,"{""lr"": 0.001, ""dropout"": 0.5, ""aux_weight"": 0.0}"
332,1,1,0,0.0,1.0,0.369523,0.3663085615634919,0.48952734,0.5156099,,38,"{""lr"": 0.001, ""dropout"": 0.5, ""aux_weight"": 0.0}"
342,1,1,0,0.2,0.6,0.30824435,0.3663085615634919,0.54063356,0.5099075,,38,"{""lr"": 0.001, ""dropout"": 0.5, ""aux_weight"": 0.0}"
346,1,1,1,0.6,0.1999999999999999,0.37585908,0.3663085615634919,0.5320443,0.50013846,,38,"{""lr"": 0.001, ""dropout"": 0.5, ""aux_weight"": 0.0}"
351,1,1,0,0.0,1.0,0.31909868,0.3663085615634919,0.51550305,0.51221013,,38,"{""lr"": 0.001, ""dropout"": 0.5, ""aux_weight"": 0.0}"
353,1,1,0,0.0,1.0,0.4232127,0.3663085615634919,0.5022098,0.50882864,,38,"{""lr"": 0.001, ""dropout"": 0.5, ""aux_weight"": 0.0}"
355,1,1,0,0.25,0.5,0.35883814,0.3663085615634919,0.46646273,0.49780077,,38,"{""lr"": 0.001, ""dropout"": 0.5, ""aux_weight"": 0.0}"
356,1,1,0,0.25,0.5,0.43390673,0.3663085615634919,0.5292984,0.5126025,,38,"{""lr"": 0.001, ""dropout"": 0.5, ""aux_weight"": 0.0}"
360,1,1,0,0.25,0.5,0.19956048,0.3663085615634919,0.38732225,0.51275754,,38,"{""lr"": 0.001, ""dropout"": 0.5, ""aux_weight"": 0.0}"
375,1,1,1,0.5,0.0,0.5267785,0.3663085615634919,0.39055642,0.4980966,,38,"{""lr"": 0.001, ""dropout"": 0.5, ""aux_weight"": 0.0}"
378,1,1,1,0.5,0.0,0.44303745,0.3663085615634919,0.4805232,0.5076181,,38,"{""lr"": 0.001, ""dropout"": 0.5, ""aux_weight"": 0.0}"
385,1,1,1,0.5,0.0,0.2810887,0.3663085615634919,0.46987894,0.5045774,,38,"{""lr"": 0.001, ""dropout"": 0.5, ""aux_weight"": 0.0}"
387,1,1,0,0.0,1.0,0.036942072,0.3663085615634919,0.53283787,0.506992,,38,"{""lr"": 0.001, ""dropout"": 0.5, ""aux_weight"": 0.0}"
399,1,1,0,0.25,0.5,0.48201692,0.3663085615634919,0.57376206,0.50730497,,38,"{""lr"": 0.001, ""dropout"": 0.5, ""aux_weight"": 0.0}"
405,1,1,0,0.0,1.0,0.5206074,0.3663085615634919,0.5080099,0.49696112,,38,"{""lr"": 0.001, ""dropout"": 0.5, ""aux_weight"": 0.0}"
407,1,1,0,0.2,0.6,0.47510868,0.3663085615634919,0.5376442,0.50513196,,38,"{""lr"": 0.001, ""dropout"": 0.5, ""aux_weight"": 0.0}"
408,1,1,0,0.4,0.1999999999999999,0.48171955,0.3663085615634919,0.42680424,0.49782854,,38,"{""lr"": 0.001, ""dropout"": 0.5, ""aux_weight"": 0.0}"
412,1,1,1,1.0,1.0,0.33227718,0.3663085615634919,0.526807,0.50531214,,38,"{""lr"": 0.001, ""dropout"": 0.5, ""aux_weight"": 0.0}"
414,1,1,1,0.6,0.1999999999999999,0.52273536,0.3663085615634919,0.5566395,0.5095701,,38,"{""lr"": 0.001, ""dropout"": 0.5, ""aux_weight"": 0.0}"
423,1,1,0,0.0,1.0,0.44379377,0.3663085615634919,0.47957397,0.51344866,,38,"{""lr"": 0.001, ""dropout"": 0.5, ""aux_weight"": 0.0}"
431,1,1,0,0.4,0.1999999999999999,0.51548445,0.3663085615634919,0.49533835,0.49658006,,38,"{""lr"": 0.001, ""dropout"": 0.5, ""aux_weight"": 0.0}"
439,1,1,0,0.2,0.6,0.499152,0.3663085615634919,0.52086055,0.5153354,,38,"{""lr"": 0.001, ""dropout"": 0.5, ""aux_weight"": 0.0}"
445,1,1,0,0.0,1.0,0.35769087,0.3663085615634919,0.44384992,0.50375396,,38,"{""lr"": 0.001, ""dropout"": 0.5, ""aux_weight"": 0.0}"
449,1,1,0,0.4,0.1999999999999999,0.15352787,0.3663085615634919,0.4162193,0.48685077,,38,"{""lr"": 0.001, ""dropout"": 0.5, ""aux_weight"": 0.0}"
460,1,1,0,0.0,1.0,0.30835155,0.3663085615634919,0.5288452,0.5001392,,38,"{""lr"": 0.001, ""dropout"": 0.5, ""aux_weight"": 0.0}"
468,1,1,0,0.25,0.5,0.37985343,0.3663085615634919,0.5636246,0.50166523,,38,"{""lr"": 0.001, ""dropout"": 0.5, ""aux_weight"": 0.0}"
470,1,1,0,0.0,1.0,0.39768302,0.3663085615634919,0.5266515,0.5060726,,38,"{""lr"": 0.001, ""dropout"": 0.5, ""aux_weight"": 0.0}"
476,1,1,0,0.0,1.0,0.5231888,0.3663085615634919,0.54213285,0.51334167,,38,"{""lr"": 0.001, ""dropout"": 0.5, ""aux_weight"": 0.0}"
477,1,1,0,0.0,1.0,0.13975349,0.3663085615634919,0.45719784,0.51023704,,38,"{""lr"": 0.001, ""dropout"": 0.5, ""aux_weight"": 0.0}"
478,1,1,0,0.0,1.0,0.094022274,0.3663085615634919,0.4810285,0.5050651,,38,"{""lr"": 0.001, ""dropout"": 0.5, ""aux_weight"": 0.0}"
480,1,1,1,0.5,0.0,0.4119686,0.3663085615634919,0.53659344,0.5099006,,38,"{""lr"": 0.001, ""dropout"": 0.5, ""aux_weight"": 0.0}"
483,1,1,0,0.25,0.5,0.6335094,0.3663085615634919,0.55412316,0.50758296,,38,"{""lr"": 0.001, ""dropout"": 0.5, ""aux_weight"": 0.0}"
485,1,1,1,0.5,0.0,0.336439,0.3663085615634919,0.45962512,0.5037391,,38,"{""lr"": 0.001, ""dropout"": 0.5, ""aux_weight"": 0.0}"
488,1,1,1,0.5,0.0,0.45090735,0.3663085615634919,0.50947237,0.511502,,38,"{""lr"": 0.001, ""dropout"": 0.5, ""aux_weight"": 0.0}"
490,1,1,0,0.25,0.5,0.2349483,0.3663085615634919,0.52499104,0.50353456,,38,"{""lr"": 0.001, ""dropout"": 0.5, ""aux_weight"": 0.0}"
493,1,1,0,0.0,1.0,0.5028274,0.3663085615634919,0.5201869,0.51325756,,38,"{""lr"": 0.001, ""dropout"": 0.5, ""aux_weight"": 0.0}"
494,1,1,1,0.8,0.6000000000000001,0.45019555,0.3663085615634919,0.5381943,0.514162,,38,"{""lr"": 0.001, ""dropout"": 0.5, ""aux_weight"": 0.0}"
497,1,1,0,0.0,1.0,0.22123036,0.3663085615634919,0.45197403,0.5023542,,38,"{""lr"": 0.001, ""dropout"": 0.5, ""aux_weight"": 0.0}"
505,1,1,1,0.5,0.0,0.45515305,0.3663085615634919,0.48621988,0.5108638,,38,"{""lr"": 0.001, ""dropout"": 0.5, ""aux_weight"": 0.0}"
506,1,1,1,0.75,0.5,0.52428913,0.3663085615634919,0.5242562,0.50523365,,38,"{""lr"": 0.001, ""dropout"": 0.5, ""aux_weight"": 0.0}"
510,1,1,1,0.5,0.0,0.5270894,0.3663085615634919,0.5609479,0.5098146,,38,"{""lr"": 0.001, ""dropout"": 0.5, ""aux_weight"": 0.0}"
513,1,1,0,0.0,1.0,0.49033996,0.3663085615634919,0.47445762,0.5137472,,38,"{""lr"": 0.001, ""dropout"": 0.5, ""aux_weight"": 0.0}"
518,1,1,0,0.25,0.5,0.48109177,0.3663085615634919,0.54665315,0.5060797,,38,"{""lr"": 0.001, ""dropout"": 0.5, ""aux_weight"": 0.0}"
519,1,1,0,0.0,1.0,0.3204592,0.3663085615634919,0.47648156,0.5057946,,38,"{""lr"": 0.001, ""dropout"": 0.5, ""aux_weight"": 0.0}"
524,1,1,0,0.0,1.0,0.41436654,0.3663085615634919,0.5183953,0.5028144,,38,"{""lr"": 0.001, ""dropout"": 0.5, ""aux_weight"": 0.0}"
527,1,1,0,0.25,0.5,0.37632555,0.3663085615634919,0.5289045,0.5048392,,38,"{""lr"": 0.001, ""dropout"": 0.5, ""aux_weight"": 0.0}"
528,1,1,0,0.0,1.0,0.22096665,0.3663085615634919,0.45279658,0.506207,,38,"{""lr"": 0.001, ""dropout"": 0.5, ""aux_weight"": 0.0}"
533,1,1,0,0.0,1.0,0.14716762,0.3663085615634919,0.5188204,0.50748247,,38,"{""lr"": 0.001, ""dropout"": 0.5, ""aux_weight"": 0.0}"
536,1,1,0,0.3333333333333333,0.3333333333333333,0.48408347,0.3663085615634919,0.49272203,0.5124041,,38,"{""lr"": 0.001, ""dropout"": 0.5, ""aux_weight"": 0.0}"
541,1,1,1,0.5,0.0,0.41989133,0.3663085615634919,0.49322423,0.5159034,,38,"{""lr"": 0.001, ""dropout"": 0.5, ""aux_weight"": 0.0}"
542,1,1,0,0.25,0.5,0.40632838,0.3663085615634919,0.518877,0.5086905,,38,"{""lr"": 0.001, ""dropout"": 0.5, ""aux_weight"": 0.0}"
544,1,1,1,0.5,0.0,0.45391697,0.3663085615634919,0.5141823,0.5124266,,38,"{""lr"": 0.001, ""dropout"": 0.5, ""aux_weight"": 0.0}"
554,1,1,1,0.5,0.0,0.6478077,0.3663085615634919,0.58162856,0.5099396,,38,"{""lr"": 0.001, ""dropout"": 0.5, ""aux_weight"": 0.0}"
556,1,1,0,0.1666666666666666,0.6666666666666667,0.5905936,0.3663085615634919,0.48313156,0.5152263,,38,"{""lr"": 0.001, ""dropout"": 0.5, ""aux_weight"": 0.0}"
564,1,1,1,0.5,0.0,0.40036336,0.3663085615634919,0.4738695,0.5058484,,38,"{""lr"": 0.001, ""dropout"": 0.5, ""aux_weight"": 0.0}"
576,1,1,1,0.5,0.0,0.46797875,0.3663085615634919,0.37594563,0.509245,,38,"{""lr"": 0.001, ""dropout"": 0.5, ""aux_weight"": 0.0}"
581,1,1,0,0.3333333333333333,0.3333333333333333,0.4163726,0.3663085615634919,0.4765414,0.5015003,,38,"{""lr"": 0.001, ""dropout"": 0.5, ""aux_weight"": 0.0}"
585,1,1,1,0.5,0.0,0.49502593,0.3663085615634919,0.42364383,0.5107639,,38,"{""lr"": 0.001, ""dropout"": 0.5, ""aux_weight"": 0.0}"
591,1,1,1,0.5,0.0,0.41292894,0.3663085615634919,0.48041698,0.5095086,,38,"{""lr"": 0.001, ""dropout"": 0.5, ""aux_weight"": 0.0}"
592,1,1,1,0.6,0.1999999999999999,0.50533277,0.3663085615634919,0.5444658,0.5087025,,38,"{""lr"": 0.001, ""dropout"": 0.5, ""aux_weight"": 0.0}"
598,1,1,0,0.3333333333333333,0.3333333333333333,0.6116514,0.3663085615634919,0.5456723,0.5102132,,38,"{""lr"": 0.001, ""dropout"": 0.5, ""aux_weight"": 0.0}"
620,1,1,1,0.75,0.5,0.45288217,0.3663085615634919,0.49980402,0.5117585,,38,"{""lr"": 0.001, ""dropout"": 0.5, ""aux_weight"": 0.0}"
622,1,1,1,0.75,0.5,0.45017844,0.3663085615634919,0.53353256,0.50563246,,38,"{""lr"": 0.001, ""dropout"": 0.5, ""aux_weight"": 0.0}"
628,1,1,0,0.0,1.0,0.41032666,0.3663085615634919,0.52562547,0.5113655,,38,"{""lr"": 0.001, ""dropout"": 0.5, ""aux_weight"": 0.0}"
637,1,1,1,0.5,0.0,0.43076888,0.3663085615634919,0.5143658,0.5104583,,38,"{""lr"": 0.001, ""dropout"": 0.5, ""aux_weight"": 0.0}"
645,1,1,1,0.75,0.5,0.44908056,0.3663085615634919,0.5089357,0.5063694,,38,"{""lr"": 0.001, ""dropout"": 0.5, ""aux_weight"": 0.0}"
647,1,1,1,0.5,0.0,0.41154552,0.3663085615634919,0.5043107,0.5124437,,38,"{""lr"": 0.001, ""dropout"": 0.5, ""aux_weight"": 0.0}"
658,1,1,0,0.1666666666666666,0.6666666666666667,0.39245838,0.3663085615634919,0.5228282,0.5055154,,38,"{""lr"": 0.001, ""dropout"": 0.5, ""aux_weight"": 0.0}"
659,1,1,1,0.6666666666666666,0.3333333333333332,0.6131822,0.3663085615634919,0.57943463,0.5031478,,38,"{""lr"": 0.001, ""dropout"": 0.5, ""aux_weight"": 0.0}"
668,1,1,0,0.1666666666666666,0.6666666666666667,0.4621657,0.3663085615634919,0.5752439,0.5024382,,38,"{""lr"": 0.001, ""dropout"": 0.5, ""aux_weight"": 0.0}"
670,1,1,1,0.5,0.0,0.4495535,0.3663085615634919,0.5266288,0.5052186,,38,"{""lr"": 0.001, ""dropout"": 0.5, ""aux_weight"": 0.0}"
679,1,1,0,0.4,0.1999999999999999,0.092877135,0.3663085615634919,0.5254685,0.506207,,38,"{""lr"": 0.001, ""dropout"": 0.5, ""aux_weight"": 0.0}"
686,1,1,0,0.0,1.0,0.4909318,0.3663085615634919,0.4756979,0.51219517,,38,"{""lr"": 0.001, ""dropout"": 0.5, ""aux_weight"": 0.0}"
692,1,1,0,0.0,1.0,0.24255526,0.3663085615634919,0.489073,0.5126331,,38,"{""lr"": 0.001, ""dropout"": 0.5, ""aux_weight"": 0.0}"
693,1,1,1,0.5,0.0,0.4697529,0.3663085615634919,0.5323124,0.5112427,,38,"{""lr"": 0.001, ""dropout"": 0.5, ""aux_weight"": 0.0}"
695,1,1,0,0.3333333333333333,0.3333333333333333,0.49490723,0.3663085615634919,0.5579158,0.5127138,,38,"{""lr"": 0.001, ""dropout"": 0.5, ""aux_weight"": 0.0}"
699,1,1,0,0.1666666666666666,0.6666666666666667,0.55347514,0.3663085615634919,0.49653065,0.50989497,,38,"{""lr"": 0.001, ""dropout"": 0.5, ""aux_weight"": 0.0}"
704,1,1,0,0.3333333333333333,0.3333333333333333,0.4360341,0.3663085615634919,0.51332945,0.51468915,,38,"{""lr"": 0.001, ""dropout"": 0.5, ""aux_weight"": 0.0}"
706,1,1,1,0.6666666666666666,0.3333333333333332,0.38397872,0.3663085615634919,0.5684181,0.50669295,,38,"{""lr"": 0.001, ""dropout"": 0.5, ""aux_weight"": 0.0}"
712,1,1,0,0.1666666666666666,0.6666666666666667,0.2663282,0.3663085615634919,0.4721053,0.5045121,,38,"{""lr"": 0.001, ""dropout"": 0.5, ""aux_weight"": 0.0}"
729,1,1,0,0.4,0.1999999999999999,0.44496506,0.3663085615634919,0.53103197,0.51416934,,38,"{""lr"": 0.001, ""dropout"": 0.5, ""aux_weight"": 0.0}"
1,1,2,0,0.3333333333333333,0.3333333333333333,0.29537636,0.3964994752407074,0.30614305,0.42468184,,5,"{""lr"": 0.0003, ""dropout"": 0.3, ""aux_weight"": 0.3}"
3,1,2,0,0.0,1.0,0.3353023,0.3964994752407074,0.3684677,0.42667744,,5,"{""lr"": 0.0003, ""dropout"": 0.3, ""aux_weight"": 0.3}"
11,1,2,1,0.6,0.1999999999999999,0.26026744,0.3964994752407074,0.2917903,0.42635202,,5,"{""lr"": 0.0003, ""dropout"": 0.3, ""aux_weight"": 0.3}"
18,1,2,1,0.6,0.1999999999999999,0.28982735,0.3964994752407074,0.3095417,0.4169011,,5,"{""lr"": 0.0003, ""dropout"": 0.3, ""aux_weight"": 0.3}"
20,1,2,0,0.25,0.5,0.23977017,0.3964994752407074,0.275853,0.42620167,,5,"{""lr"": 0.0003, ""dropout"": 0.3, ""aux_weight"": 0.3}"
28,1,2,0,0.2,0.6,0.2920506,0.3964994752407074,0.2807989,0.42555538,,5,"{""lr"": 0.0003, ""dropout"": 0.3, ""aux_weight"": 0.3}"
31,1,2,0,0.1666666666666666,0.6666666666666667,0.21483973,0.3964994752407074,0.25029916,0.4294813,,5,"{""lr"": 0.0003, ""dropout"": 0.3, ""aux_weight"": 0.3}"
43,1,2,0,0.2,0.6,0.3804072,0.3964994752407074,0.38367617,0.42664587,,5,"{""lr"": 0.0003, ""dropout"": 0.3, ""aux_weight"": 0.3}"
44,1,2,0,0.0,1.0,0.24916855,0.3964994752407074,0.24404977,0.41577935,,5,"{""lr"": 0.0003, ""dropout"": 0.3, ""aux_weight"": 0.3}"
60,1,2,0,0.0,1.0,0.34190452,0.3964994752407074,0.39171237,0.41201746,,5,"{""lr"": 0.0003, ""dropout"": 0.3, ""aux_weight"": 0.3}"
64,1,2,0,0.3333333333333333,0.3333333333333333,0.20444837,0.3964994752407074,0.27482536,0.41640398,,5,"{""lr"": 0.0003, ""dropout"": 0.3, ""aux_weight"": 0.3}"
67,1,2,0,0.0,1.0,0.25434172,0.3964994752407074,0.31490362,0.42647776,,5,"{""lr"": 0.0003, ""dropout"": 0.3, ""aux_weight"": 0.3}"
75,1,2,0,0.0,1.0,0.32621512,0.3964994752407074,0.32056284,0.43547854,,5,"{""lr"": 0.0003, ""dropout"": 0.3, ""aux_weight"": 0.3}"
90,1,2,1,0.5,0.0,0.18682477,0.3964994752407074,0.19937047,0.41784602,,5,"{""lr"": 0.0003, ""dropout"": 0.3, ""aux_weight"": 0.3}"
96,1,2,0,0.0,1.0,0.27966118,0.3964994752407074,0.29601765,0.4241006,,5,"{""lr"": 0.0003, ""dropout"": 0.3, ""aux_weight"": 0.3}"
98,1,2,0,0.3333333333333333,0.3333333333333333,0.27923173,0.3964994752407074,0.29279852,0.40851253,,5,"{""lr"": 0.0003, ""dropout"": 0.3, ""aux_weight"": 0.3}"
99,1,2,0,0.0,1.0,0.2032061,0.3964994752407074,0.20479925,0.4336347,,5,"{""lr"": 0.0003, ""dropout"": 0.3, ""aux_weight"": 0.3}"
106,1,2,1,1.0,1.0,0.28077406,0.3964994752407074,0.29148972,0.41838992,,5,"{""lr"": 0.0003, ""dropout"": 0.3, ""aux_weight"": 0.3}"
113,1,2,0,0.1111111111111111,0.7777777777777778,0.3308552,0.3964994752407074,0.32202643,0.4274897,,5,"{""lr"": 0.0003, ""dropout"": 0.3, ""aux_weight"": 0.3}"
120,1,2,0,0.0,1.0,0.36441314,0.3964994752407074,0.43096218,0.41168776,,5,"{""lr"": 0.0003, ""dropout"": 0.3, ""aux_weight"": 0.3}"
121,1,2,0,0.1111111111111111,0.7777777777777778,0.28186774,0.3964994752407074,0.31455237,0.43609148,,5,"{""lr"": 0.0003, ""dropout"": 0.3, ""aux_weight"": 0.3}"
123,1,2,0,0.0,1.0,0.25952137,0.3964994752407074,0.2802091,0.4266944,,5,"{""lr"": 0.0003, ""dropout"": 0.3, ""aux_weight"": 0.3}"
124,1,2,0,0.0,1.0,0.3022334,0.3964994752407074,0.35666996,0.42070213,,5,"{""lr"": 0.0003, ""dropout"": 0.3, ""aux_weight"": 0.3}"
130,1,2,0,0.1111111111111111,0.7777777777777778,0.21010478,0.3964994752407074,0.22463465,0.42925525,,5,"{""lr"": 0.0003, ""dropout"": 0.3, ""aux_weight"": 0.3}"
133,1,2,1,0.8888888888888888,0.7777777777777777,0.28920728,0.3964994752407074,0.2795829,0.42048165,,5,"{""lr"": 0.0003, ""dropout"": 0.3, ""aux_weight"": 0.3}"
144,1,2,0,0.0,1.0,0.230367,0.3964994752407074,0.28702104,0.42502698,,5,"{""lr"": 0.0003, ""dropout"": 0.3, ""aux_weight"": 0.3}"
151,1,2,0,0.0,1.0,0.3252364,0.3964994752407074,0.34728235,0.43665606,,5,"{""lr"": 0.0003, ""dropout"": 0.3, ""aux_weight"": 0.3}"
154,1,2,0,0.25,0.5,0.18095708,0.3964994752407074,0.24803026,0.437937,,5,"{""lr"": 0.0003, ""dropout"": 0.3, ""aux_weight"": 0.3}"
158,1,2,0,0.0,1.0,0.26226664,0.3964994752407074,0.30855078,0.43422154,,5,"{""lr"": 0.0003, ""dropout"": 0.3, ""aux_weight"": 0.3}"
163,1,2,0,0.25,0.5,0.33045524,0.3964994752407074,0.35388485,0.41872966,,5,"{""lr"": 0.0003, ""dropout"": 0.3, ""aux_weight"": 0.3}"
168,1,2,0,0.25,0.5,0.3142188,0.3964994752407074,0.34378868,0.4239018,,5,"{""lr"": 0.0003, ""dropout"": 0.3, ""aux_weight"": 0.3}"
170,1,2,0,0.1666666666666666,0.6666666666666667,0.31570795,0.3964994752407074,0.30834895,0.4318443,,5,"{""lr"": 0.0003, ""dropout"": 0.3, ""aux_weight"": 0.3}"
171,1,2,0,0.25,0.5,0.2876969,0.3964994752407074,0.30822623,0.41190544,,5,"{""lr"": 0.0003, ""dropout"": 0.3, ""aux_weight"": 0.3}"
173,1,2,0,0.25,0.5,0.26035836,0.3964994752407074,0.27299124,0.4366645,,5,"{""lr"": 0.0003, ""dropout"": 0.3, ""aux_weight"": 0.3}"
176,1,2,0,0.0,1.0,0.247105,0.3964994752407074,0.25542283,0.42234153,,5,"{""lr"": 0.0003, ""dropout"": 0.3, ""aux_weight"": 0.3}"
181,1,2,1,0.5,0.0,0.27377456,0.3964994752407074,0.2715534,0.42609486,,5,"{""lr"": 0.0003, ""dropout"": 0.3, ""aux_weight"": 0.3}"
182,1,2,0,0.0,1.0,0.36249134,0.3964994752407074,0.38880453,0.4248731,,5,"{""lr"": 0.0003, ""dropout"": 0.3, ""aux_weight"": 0.3}"
191,1,2,0,0.0,1.0,0.36082548,0.3964994752407074,0.41604567,0.4415742,,5,"{""lr"": 0.0003, ""dropout"": 0.3, ""aux_weight"": 0.3}"
192,1,2,0,0.0,1.0,0.33149454,0.3964994752407074,0.370438,0.4212157,,5,"{""lr"": 0.0003, ""dropout"": 0.3, ""aux_weight"": 0.3}"
197,1,2,0,0.0,1.0,0.27489117,0.3964994752407074,0.30743217,0.41821915,,5,"{""lr"": 0.0003, ""dropout"": 0.3, ""aux_weight"": 0.3}"
199,1,2,0,0.25,0.5,0.2674284,0.3964994752407074,0.27736706,0.43117926,,5,"{""lr"": 0.0003, ""dropout"": 0.3, ""aux_weight"": 0.3}"
201,1,2,0,0.25,0.5,0.297939,0.3964994752407074,0.32286763,0.4187786,,5,"{""lr"": 0.0003, ""dropout"": 0.3, ""aux_weight"": 0.3}"
204,1,2,0,0.4,0.1999999999999999,0.34857684,0.3964994752407074,0.35723072,0.42868397,,5,"{""lr"": 0.0003, ""dropout"": 0.3, ""aux_weight"": 0.3}"
217,1,2,0,0.0,1.0,0.2653826,0.3964994752407074,0.27009898,0.43026412,,5,"{""lr"": 0.0003, ""dropout"": 0.3, ""aux_weight"": 0.3}"
223,1,2,0,0.2,0.6,0.23618166,0.3964994752407074,0.3173771,0.4229252,,5,"{""lr"": 0.0003, ""dropout"": 0.3, ""aux_weight"": 0.3}"
233,1,2,0,0.0,1.0,0.3289749,0.3964994752407074,0.34138823,0.43536544,,5,"{""lr"": 0.0003, ""dropout"": 0.3, ""aux_weight"": 0.3}"
236,1,2,0,0.0,1.0,0.27987534,0.3964994752407074,0.30755505,0.43085018,,5,"{""lr"": 0.0003, ""dropout"": 0.3, ""aux_weight"": 0.3}"
240,1,2,0,0.2,0.6,0.26902837,0.3964994752407074,0.34160292,0.41883305,,5,"{""lr"": 0.0003, ""dropout"": 0.3, ""aux_weight"": 0.3}"
245,1,2,0,0.0,1.0,0.30243492,0.3964994752407074,0.34787738,0.41376358,,5,"{""lr"": 0.0003, ""dropout"": 0.3, ""aux_weight"": 0.3}"
258,1,2,0,0.0,1.0,0.2684378,0.3964994752407074,0.2949525,0.43503132,,5,"{""lr"": 0.0003, ""dropout"": 0.3, ""aux_weight"": 0.3}"
259,1,2,0,0.0,1.0,0.28823757,0.3964994752407074,0.35369068,0.42379472,,5,"{""lr"": 0.0003, ""dropout"": 0.3, ""aux_weight"": 0.3}"
260,1,2,0,0.25,0.5,0.23286805,0.3964994752407074,0.27795786,0.41434973,,5,"{""lr"": 0.0003, ""dropout"": 0.3, ""aux_weight"": 0.3}"
270,1,2,0,0.0,1.0,0.32563433,0.3964994752407074,0.36571604,0.41449165,,5,"{""lr"": 0.0003, ""dropout"": 0.3, ""aux_weight"": 0.3}"
274,1,2,1,0.5,0.0,0.50520813,0.3964994752407074,0.5609112,0.41583788,,5,"{""lr"": 0.0003, ""dropout"": 0.3, ""aux_weight"": 0.3}"
276,1,2,0,0.2,0.6,0.24977916,0.3964994752407074,0.3201201,0.43208846,,5,"{""lr"": 0.0003, ""dropout"": 0.3, ""aux_weight"": 0.3}"
279,1,2,0,0.2,0.6,0.266735,0.3964994752407074,0.3052575,0.44032985,,5,"{""lr"": 0.0003, ""dropout"": 0.3, ""aux_weight"": 0.3}"
291,1,2,0,0.0,1.0,0.3232701,0.3964994752407074,0.3467918,0.42128336,,5,"{""lr"": 0.0003, ""dropout"": 0.3, ""aux_weight"": 0.3}"
294,1,2,0,0.0,1.0,0.31237075,0.3964994752407074,0.35019654,0.4329491,,5,"{""lr"": 0.0003, ""dropout"": 0.3, ""aux_weight"": 0.3}"
309,1,2,1,0.8,0.6000000000000001,0.39306873,0.3964994752407074,0.35034627,0.4312928,,5,"{""lr"": 0.0003, ""dropout"": 0.3, ""aux_weight"": 0.3}"
313,1,2,0,0.0,1.0,0.24054667,0.3964994752407074,0.27597648,0.43370524,,5,"{""lr"": 0.0003, ""dropout"": 0.3, ""aux_weight"": 0.3}"
315,1,2,1,0.8,0.6000000000000001,0.33908904,0.3964994752407074,0.33507958,0.43573102,,5,"{""lr"": 0.0003, ""dropout"": 0.3, ""aux_weight"": 0.3}"
321,1,2,1,0.6,0.1999999999999999,0.32329392,0.3964994752407074,0.38087237,0.42788252,,5,"{""lr"": 0.0003, ""dropout"": 0.3, ""aux_weight"": 0.3}"
325,1,2,0,0.0,1.0,0.20249541,0.3964994752407074,0.25492525,0.43371633,,5,"{""lr"": 0.0003, ""dropout"": 0.3, ""aux_weight"": 0.3}"
326,1,2,0,0.0,1.0,0.2956065,0.3964994752407074,0.32853764,0.43317327,,5,"{""lr"": 0.0003, ""dropout"": 0.3, ""aux_weight"": 0.3}"
327,1,2,0,0.0,1.0,0.39004314,0.3964994752407074,0.45432633,0.4270441,,5,"{""lr"": 0.0003, ""dropout"": 0.3, ""aux_weight"": 0.3}"
328,1,2,1,0.6,0.1999999999999999,0.2737133,0.3964994752407074,0.3146168,0.41846132,,5,"{""lr"": 0.0003, ""dropout"": 0.3, ""aux_weight"": 0.3}"
330,1,2,0,0.4,0.1999999999999999,0.34512013,0.3964994752407074,0.39134845,0.4326077,,5,"{""lr"": 0.0003, ""dropout"": 0.3, ""aux_weight"": 0.3}"
334,1,2,0,0.4,0.1999999999999999,0.38411915,0.3964994752407074,0.35849747,0.4267904,,5,"{""lr"": 0.0003, ""dropout"": 0.3, ""aux_weight"": 0.3}"
344,1,2,0,0.2,0.6,0.28668654,0.3964994752407074,0.33871102,0.43315983,,5,"{""lr"": 0.0003, ""dropout"": 0.3, ""aux_weight"": 0.3}"
349,1,2,0,0.0,1.0,0.22094058,0.3964994752407074,0.23060505,0.43367887,,5,"{""lr"": 0.0003, ""dropout"": 0.3, ""aux_weight"": 0.3}"
362,1,2,1,0.75,0.5,0.3432771,0.3964994752407074,0.4510264,0.42501915,,5,"{""lr"": 0.0003, ""dropout"": 0.3, ""aux_weight"": 0.3}"
363,1,2,0,0.0,1.0,0.29627627,0.3964994752407074,0.32165062,0.43327636,,5,"{""lr"": 0.0003, ""dropout"": 0.3, ""aux_weight"": 0.3}"
366,1,2,0,0.0,1.0,0.36280817,0.3964994752407074,0.35395858,0.4328636,,5,"{""lr"": 0.0003, ""dropout"": 0.3, ""aux_weight"": 0.3}"
368,1,2,1,0.5,0.0,0.45579866,0.3964994752407074,0.42760977,0.43800086,,5,"{""lr"": 0.0003, ""dropout"": 0.3, ""aux_weight"": 0.3}"
391,1,2,0,0.0,1.0,0.23228243,0.3964994752407074,0.24873433,0.4336466,,5,"{""lr"": 0.0003, ""dropout"": 0.3, ""aux_weight"": 0.3}"
397,1,2,1,0.75,0.5,0.48991716,0.3964994752407074,0.48635775,0.41234276,,5,"{""lr"": 0.0003, ""dropout"": 0.3, ""aux_weight"": 0.3}"
404,1,2,1,0.6,0.1999999999999999,0.5118678,0.3964994752407074,0.5326273,0.4269967,,5,"{""lr"": 0.0003, ""dropout"": 0.3, ""aux_weight"": 0.3}"
409,1,2,0,0.4,0.1999999999999999,0.50970423,0.3964994752407074,0.552479,0.41172397,,5,"{""lr"": 0.0003, ""dropout"": 0.3, ""aux_weight"": 0.3}"
411,1,2,0,0.2,0.6,0.5473578,0.3964994752407074,0.49780938,0.42262816,,5,"{""lr"": 0.0003, ""dropout"": 0.3, ""aux_weight"": 0.3}"
415,1,2,0,0.0,1.0,0.4978087,0.3964994752407074,0.53173923,0.42984194,,5,"{""lr"": 0.0003, ""dropout"": 0.3, ""aux_weight"": 0.3}"
416,1,2,0,0.0,1.0,0.35805964,0.3964994752407074,0.38026983,0.41910785,,5,"{""lr"": 0.0003, ""dropout"": 0.3, ""aux_weight"": 0.3}"
429,1,2,0,0.0,1.0,0.4266788,0.3964994752407074,0.52380115,0.4309524,,5,"{""lr"": 0.0003, ""dropout"": 0.3, ""aux_weight"": 0.3}"
435,1,2,0,0.4,0.1999999999999999,0.4889562,0.3964994752407074,0.52045786,0.42810246,,5,"{""lr"": 0.0003, ""dropout"": 0.3, ""aux_weight"": 0.3}"
436,1,2,0,0.4,0.1999999999999999,0.40753067,0.3964994752407074,0.4189427,0.4365756,,5,"{""lr"": 0.0003, ""dropout"": 0.3, ""aux_weight"": 0.3}"
437,1,2,1,0.6,0.1999999999999999,0.51410913,0.3964994752407074,0.531576,0.43406242,,5,"{""lr"": 0.0003, ""dropout"": 0.3, ""aux_weight"": 0.3}"
464,1,2,0,0.0,1.0,0.5277502,0.3964994752407074,0.53605473,0.4273524,,5,"{""lr"": 0.0003, ""dropout"": 0.3, ""aux_weight"": 0.3}"
469,1,2,1,0.75,0.5,0.39296913,0.3964994752407074,0.3842448,0.42110166,,5,"{""lr"": 0.0003, ""dropout"": 0.3, ""aux_weight"": 0.3}"
472,1,2,0,0.25,0.5,0.39100617,0.3964994752407074,0.4365366,0.42620167,,5,"{""lr"": 0.0003, ""dropout"": 0.3, ""aux_weight"": 0.3}"
474,1,2,0,0.0,1.0,0.40796757,0.3964994752407074,0.45559907,0.4265927,,5,"{""lr"": 0.0003, ""dropout"": 0.3, ""aux_weight"": 0.3}"
481,1,2,0,0.0,1.0,0.46853843,0.3964994752407074,0.44643146,0.43369278,,5,"{""lr"": 0.0003, ""dropout"": 0.3, ""aux_weight"": 0.3}"
484,1,2,0,0.25,0.5,0.39490616,0.3964994752407074,0.43612373,0.4263348,,5,"{""lr"": 0.0003, ""dropout"": 0.3, ""aux_weight"": 0.3}"
486,1,2,0,0.25,0.5,0.48846763,0.3964994752407074,0.4642504,0.4230497,,5,"{""lr"": 0.0003, ""dropout"": 0.3, ""aux_weight"": 0.3}"
487,1,2,0,0.2,0.6,0.19572021,0.3964994752407074,0.19035292,0.4324552,,5,"{""lr"": 0.0003, ""dropout"": 0.3, ""aux_weight"": 0.3}"
498,1,2,0,0.0,1.0,0.33045495,0.3964994752407074,0.36184233,0.42848873,,5,"{""lr"": 0.0003, ""dropout"": 0.3, ""aux_weight"": 0.3}"
500,1,2,0,0.25,0.5,0.40244007,0.3964994752407074,0.4597572,0.4365787,,5,"{""lr"": 0.0003, ""dropout"": 0.3, ""aux_weight"": 0.3}"
501,1,2,0,0.25,0.5,0.4127704,0.3964994752407074,0.4127264,0.43633324,,5,"{""lr"": 0.0003, ""dropout"": 0.3, ""aux_weight"": 0.3}"
502,1,2,1,0.75,0.5,0.39596987,0.3964994752407074,0.4666635,0.43697578,,5,"{""lr"": 0.0003, ""dropout"": 0.3, ""aux_weight"": 0.3}"
516,1,2,0,0.0,1.0,0.4351055,0.3964994752407074,0.45416614,0.43448463,,5,"{""lr"": 0.0003, ""dropout"": 0.3, ""aux_weight"": 0.3}"
526,1,2,0,0.0,1.0,0.42564943,0.3964994752407074,0.46140465,0.43425006,,5,"{""lr"": 0.0003, ""dropout"": 0.3, ""aux_weight"": 0.3}"
534,1,2,1,0.75,0.5,0.36366,0.3964994752407074,0.40831405,0.4423777,,5,"{""lr"": 0.0003, ""dropout"": 0.3, ""aux_weight"": 0.3}"
539,1,2,0,0.25,0.5,0.4347818,0.3964994752407074,0.4657858,0.43300173,,5,"{""lr"": 0.0003, ""dropout"": 0.3, ""aux_weight"": 0.3}"
543,1,2,1,0.5,0.0,0.5162,0.3964994752407074,0.52174264,0.4336635,,5,"{""lr"": 0.0003, ""dropout"": 0.3, ""aux_weight"": 0.3}"
545,1,2,0,0.25,0.5,0.2703024,0.3964994752407074,0.3199452,0.44089007,,5,"{""lr"": 0.0003, ""dropout"": 0.3, ""aux_weight"": 0.3}"
547,1,2,1,0.5,0.0,0.3495506,0.3964994752407074,0.4210294,0.44170186,,5,"{""lr"": 0.0003, ""dropout"": 0.3, ""aux_weight"": 0.3}"
555,1,2,0,0.3333333333333333,0.3333333333333333,0.5323236,0.3964994752407074,0.5546024,0.44151106,,5,"{""lr"": 0.0003, ""dropout"": 0.3, ""aux_weight"": 0.3}"
557,1,2,0,0.3333333333333333,0.3333333333333333,0.3108707,0.3964994752407074,0.42168623,0.43807295,,5,"{""lr"": 0.0003, ""dropout"": 0.3, ""aux_weight"": 0.3}"
558,1,2,1,0.5,0.0,0.4810767,0.3964994752407074,0.52761066,0.43370524,,5,"{""lr"": 0.0003, ""dropout"": 0.3, ""aux_weight"": 0.3}"
567,1,2,0,0.3333333333333333,0.3333333333333333,0.48669386,0.3964994752407074,0.50844145,0.4364469,,5,"{""lr"": 0.0003, ""dropout"": 0.3, ""aux_weight"": 0.3}"
571,1,2,1,0.5,0.0,0.45016748,0.3964994752407074,0.48004502,0.43315983,,5,"{""lr"": 0.0003, ""dropout"": 0.3, ""aux_weight"": 0.3}"
573,1,2,0,0.3333333333333333,0.3333333333333333,0.5218048,0.3964994752407074,0.53864706,0.44003364,,5,"{""lr"": 0.0003, ""dropout"": 0.3, ""aux_weight"": 0.3}"
575,1,2,1,0.5,0.0,0.59141195,0.3964994752407074,0.48474187,0.43883628,,5,"{""lr"": 0.0003, ""dropout"": 0.3, ""aux_weight"": 0.3}"
582,1,2,1,0.5,0.0,0.4241166,0.3964994752407074,0.42677498,0.42154157,,5,"{""lr"": 0.0003, ""dropout"": 0.3, ""aux_weight"": 0.3}"
587,1,2,1,0.8333333333333334,0.6666666666666667,0.54051024,0.3964994752407074,0.45058173,0.43917122,,5,"{""lr"": 0.0003, ""dropout"": 0.3, ""aux_weight"": 0.3}"
595,1,2,1,0.8333333333333334,0.6666666666666667,0.37300795,0.3964994752407074,0.3733738,0.4391318,,5,"{""lr"": 0.0003, ""dropout"": 0.3, ""aux_weight"": 0.3}"
597,1,2,0,0.0,1.0,0.19351289,0.3964994752407074,0.20556146,0.433726,,5,"{""lr"": 0.0003, ""dropout"": 0.3, ""aux_weight"": 0.3}"
600,1,2,0,0.1666666666666666,0.6666666666666667,0.51289713,0.3964994752407074,0.50795853,0.41545293,,5,"{""lr"": 0.0003, ""dropout"": 0.3, ""aux_weight"": 0.3}"
613,1,2,0,0.0,1.0,0.5634147,0.3964994752407074,0.5732799,0.4331959,,5,"{""lr"": 0.0003, ""dropout"": 0.3, ""aux_weight"": 0.3}"
615,1,2,1,0.75,0.5,0.5195248,0.3964994752407074,0.5004724,0.43355456,,5,"{""lr"": 0.0003, ""dropout"": 0.3, ""aux_weight"": 0.3}"
621,1,2,1,0.5,0.0,0.39122215,0.3964994752407074,0.42100388,0.44070563,,5,"{""lr"": 0.0003, ""dropout"": 0.3, ""aux_weight"": 0.3}"
623,1,2,1,0.5,0.0,0.4603551,0.3964994752407074,0.4237759,0.43642297,,5,"{""lr"": 0.0003, ""dropout"": 0.3, ""aux_weight"": 0.3}"
629,1,2,1,0.5,0.0,0.49898183,0.3964994752407074,0.5556009,0.436807,,5,"{""lr"": 0.0003, ""dropout"": 0.3, ""aux_weight"": 0.3}"
638,1,2,0,0.25,0.5,0.43062437,0.3964994752407074,0.46059948,0.43642297,,5,"{""lr"": 0.0003, ""dropout"": 0.3, ""aux_weight"": 0.3}"
642,1,2,1,0.75,0.5,0.51911604,0.3964994752407074,0.5292985,0.44248176,,5,"{""lr"": 0.0003, ""dropout"": 0.3, ""aux_weight"": 0.3}"
649,1,2,1,0.5,0.0,0.4284561,0.3964994752407074,0.4768295,0.4317345,,5,"{""lr"": 0.0003, ""dropout"": 0.3, ""aux_weight"": 0.3}"
651,1,2,0,0.3333333333333333,0.3333333333333333,0.33925706,0.3964994752407074,0.3540278,0.42518476,,5,"{""lr"": 0.0003, ""dropout"": 0.3, ""aux_weight"": 0.3}"
653,1,2,1,0.5,0.0,0.3498328,0.3964994752407074,0.41854694,0.42510143,,5,"{""lr"": 0.0003, ""dropout"": 0.3, ""aux_weight"": 0.3}"
655,1,2,1,0.6666666666666666,0.3333333333333332,0.38472354,0.3964994752407074,0.39356604,0.4141765,,5,"{""lr"": 0.0003, ""dropout"": 0.3, ""aux_weight"": 0.3}"
657,1,2,1,0.5,0.0,0.4274878,0.3964994752407074,0.4301923,0.42150417,,5,"{""lr"": 0.0003, ""dropout"": 0.3, ""aux_weight"": 0.3}"
661,1,2,1,0.8333333333333334,0.6666666666666667,0.5914023,0.3964994752407074,0.6248305,0.42689058,,5,"{""lr"": 0.0003, ""dropout"": 0.3, ""aux_weight"": 0.3}"
663,1,2,0,0.3333333333333333,0.3333333333333333,0.39189866,0.3964994752407074,0.40531975,0.41870996,,5,"{""lr"": 0.0003, ""dropout"": 0.3, ""aux_weight"": 0.3}"
672,1,2,0,0.0,1.0,0.41057688,0.3964994752407074,0.42326802,0.42546192,,5,"{""lr"": 0.0003, ""dropout"": 0.3, ""aux_weight"": 0.3}"
678,1,2,0,0.3333333333333333,0.3333333333333333,0.35711646,0.3964994752407074,0.39775282,0.42085254,,5,"{""lr"": 0.0003, ""dropout"": 0.3, ""aux_weight"": 0.3}"
680,1,2,0,0.0,1.0,0.26133472,0.3964994752407074,0.29196262,0.4323112,,5,"{""lr"": 0.0003, ""dropout"": 0.3, ""aux_weight"": 0.3}"
687,1,2,0,0.3333333333333333,0.3333333333333333,0.42777783,0.3964994752407074,0.41345134,0.4299512,,5,"{""lr"": 0.0003, ""dropout"": 0.3, ""aux_weight"": 0.3}"
688,1,2,0,0.1666666666666666,0.6666666666666667,0.39689156,0.3964994752407074,0.3741271,0.4200912,,5,"{""lr"": 0.0003, ""dropout"": 0.3, ""aux_weight"": 0.3}"
690,1,2,0,0.0,1.0,0.39222896,0.3964994752407074,0.3670299,0.43096608,,5,"{""lr"": 0.0003, ""dropout"": 0.3, ""aux_weight"": 0.3}"
691,1,2,0,0.1666666666666666,0.6666666666666667,0.4142516,0.3964994752407074,0.49017417,0.42156768,,5,"{""lr"": 0.0003, ""dropout"": 0.3, ""aux_weight"": 0.3}"
708,1,2,0,0.0,1.0,0.3717689,0.3964994752407074,0.39377213,0.41047937,,5,"{""lr"": 0.0003, ""dropout"": 0.3, ""aux_weight"": 0.3}"
711,1,2,1,0.6,0.1999999999999999,0.33084154,0.3964994752407074,0.32964063,0.41427106,,5,"{""lr"": 0.0003, ""dropout"": 0.3, ""aux_weight"": 0.3}"
715,1,2,1,0.5,0.0,0.27607572,0.3964994752407074,0.3061072,0.42792788,,5,"{""lr"": 0.0003, ""dropout"": 0.3, ""aux_weight"": 0.3}"
717,1,2,1,0.5,0.0,0.40502632,0.3964994752407074,0.43755955,0.4234298,,5,"{""lr"": 0.0003, ""dropout"": 0.3, ""aux_weight"": 0.3}"
719,1,2,0,0.1666666666666666,0.6666666666666667,0.34247568,0.3964994752407074,0.38725388,0.4304896,,5,"{""lr"": 0.0003, ""dropout"": 0.3, ""aux_weight"": 0.3}"
725,1,2,0,0.0,1.0,0.33954042,0.3964994752407074,0.33588144,0.43821752,,5,"{""lr"": 0.0003, ""dropout"": 0.3, ""aux_weight"": 0.3}"
727,1,2,0,0.4,0.1999999999999999,0.31295288,0.3964994752407074,0.3551911,0.43662813,,5,"{""lr"": 0.0003, ""dropout"": 0.3, ""aux_weight"": 0.3}"
731,1,2,0,0.0,1.0,0.24673197,0.3964994752407074,0.29665685,0.42088744,,5,"{""lr"": 0.0003, ""dropout"": 0.3, ""aux_weight"": 0.3}"
732,1,2,0,0.0,1.0,0.26120326,0.3964994752407074,0.28546414,0.43364656,,5,"{""lr"": 0.0003, ""dropout"": 0.3, ""aux_weight"": 0.3}"
739,1,2,0,0.3333333333333333,0.3333333333333333,0.26997924,0.3964994752407074,0.27757,0.4224615,,5,"{""lr"": 0.0003, ""dropout"": 0.3, ""aux_weight"": 0.3}"
2,1,3,0,0.4,0.1999999999999999,0.18273541,0.33267140746116647,0.44723973,0.46153337,,20,"{""lr"": 0.001, ""dropout"": 0.5, ""aux_weight"": 0.0}"
24,1,3,0,0.0,1.0,0.086030275,0.33267140746116647,0.38497615,0.44632667,,20,"{""lr"": 0.001, ""dropout"": 0.5, ""aux_weight"": 0.0}"
39,1,3,0,0.0,1.0,0.25937545,0.33267140746116647,0.4814214,0.47429,,20,"{""lr"": 0.001, ""dropout"": 0.5, ""aux_weight"": 0.0}"
40,1,3,0,0.2,0.6,0.17710425,0.33267140746116647,0.36786318,0.46640658,,20,"{""lr"": 0.001, ""dropout"": 0.5, ""aux_weight"": 0.0}"
42,1,3,0,0.0,1.0,0.19592747,0.33267140746116647,0.46076578,0.46723956,,20,"{""lr"": 0.001, ""dropout"": 0.5, ""aux_weight"": 0.0}"
45,1,3,0,0.0,1.0,0.42171016,0.33267140746116647,0.49867398,0.4682142,,20,"{""lr"": 0.001, ""dropout"": 0.5, ""aux_weight"": 0.0}"
52,1,3,0,0.25,0.5,0.105740115,0.33267140746116647,0.45592332,0.46530288,,20,"{""lr"": 0.001, ""dropout"": 0.5, ""aux_weight"": 0.0}"
54,1,3,0,0.25,0.5,0.24112274,0.33267140746116647,0.52079225,0.46568245,,20,"{""lr"": 0.001, ""dropout"": 0.5, ""aux_weight"": 0.0}"
57,1,3,1,1.0,1.0,0.27756217,0.33267140746116647,0.39630398,0.48032087,,20,"{""lr"": 0.001, ""dropout"": 0.5, ""aux_weight"": 0.0}"
62,1,3,0,0.25,0.5,0.13680418,0.33267140746116647,0.34981745,0.4534596,,20,"{""lr"": 0.001, ""dropout"": 0.5, ""aux_weight"": 0.0}"
65,1,3,0,0.25,0.5,0.09856075,0.33267140746116647,0.35444868,0.4487281,,20,"{""lr"": 0.001, ""dropout"": 0.5, ""aux_weight"": 0.0}"
68,1,3,0,0.0,1.0,0.13461673,0.33267140746116647,0.43632263,0.4436927,,20,"{""lr"": 0.001, ""dropout"": 0.5, ""aux_weight"": 0.0}"
69,1,3,0,0.0,1.0,0.094419286,0.33267140746116647,0.45535937,0.4678411,,20,"{""lr"": 0.001, ""dropout"": 0.5, ""aux_weight"": 0.0}"
76,1,3,0,0.25,0.5,0.21972206,0.33267140746116647,0.39208788,0.47002754,,20,"{""lr"": 0.001, ""dropout"": 0.5, ""aux_weight"": 0.0}"
77,1,3,0,0.25,0.5,0.28024518,0.33267140746116647,0.38358408,0.4676991,,20,"{""lr"": 0.001, ""dropout"": 0.5, ""aux_weight"": 0.0}"
78,1,3,0,0.0,1.0,0.11672958,0.33267140746116647,0.49775136,0.469866,,20,"{""lr"": 0.001, ""dropout"": 0.5, ""aux_weight"": 0.0}"
83,1,3,0,0.25,0.5,0.47224066,0.33267140746116647,0.44914097,0.48574173,,20,"{""lr"": 0.001, ""dropout"": 0.5, ""aux_weight"": 0.0}"
84,1,3,0,0.3333333333333333,0.3333333333333333,0.2488479,0.33267140746116647,0.43162954,0.45983636,,20,"{""lr"": 0.001, ""dropout"": 0.5, ""aux_weight"": 0.0}"
92,1,3,0,0.0,1.0,0.2527124,0.33267140746116647,0.38646922,0.46980453,,20,"{""lr"": 0.001, ""dropout"": 0.5, ""aux_weight"": 0.0}"
103,1,3,0,0.1111111111111111,0.7777777777777778,0.35736823,0.33267140746116647,0.40485287,0.47335115,,20,"{""lr"": 0.001, ""dropout"": 0.5, ""aux_weight"": 0.0}"
110,1,3,0,0.0,1.0,0.3126714,0.33267140746116647,0.480194,0.43463084,,20,"{""lr"": 0.001, ""dropout"": 0.5, ""aux_weight"": 0.0}"
119,1,3,0,0.1111111111111111,0.7777777777777778,0.20586406,0.33267140746116647,0.4437586,0.4508753,,20,"{""lr"": 0.001, ""dropout"": 0.5, ""aux_weight"": 0.0}"
126,1,3,0,0.2222222222222222,0.5555555555555556,0.54464585,0.33267140746116647,0.44135773,0.494312,,20,"{""lr"": 0.001, ""dropout"": 0.5, ""aux_weight"": 0.0}"
131,1,3,0,0.0,1.0,0.14349794,0.33267140746116647,0.45290667,0.4558478,,20,"{""lr"": 0.001, ""dropout"": 0.5, ""aux_weight"": 0.0}"
132,1,3,0,0.2222222222222222,0.5555555555555556,0.2356677,0.33267140746116647,0.47411615,0.47265756,,20,"{""lr"": 0.001, ""dropout"": 0.5, ""aux_weight"": 0.0}"
136,1,3,0,0.3333333333333333,0.3333333333333333,0.26238137,0.33267140746116647,0.3791677,0.45983398,,20,"{""lr"": 0.001, ""dropout"": 0.5, ""aux_weight"": 0.0}"
137,1,3,1,0.6666666666666666,0.3333333333333332,0.22159128,0.33267140746116647,0.5061815,0.4691294,,20,"{""lr"": 0.001, ""dropout"": 0.5, ""aux_weight"": 0.0}"
152,1,3,0,0.0,1.0,0.05688489,0.33267140746116647,0.5072884,0.4558705,,20,"{""lr"": 0.001, ""dropout"": 0.5, ""aux_weight"": 0.0}"
153,1,3,0,0.0,1.0,0.29242676,0.33267140746116647,0.49266097,0.45100704,,20,"{""lr"": 0.001, ""dropout"": 0.5, ""aux_weight"": 0.0}"
155,1,3,0,0.25,0.5,0.2873572,0.33267140746116647,0.4357189,0.46251348,,20,"{""lr"": 0.001, ""dropout"": 0.5, ""aux_weight"": 0.0}"
157,1,3,0,0.25,0.5,0.28933778,0.33267140746116647,0.39157316,0.47890493,,20,"{""lr"": 0.001, ""dropout"": 0.5, ""aux_weight"": 0.0}"
177,1,3,0,0.0,1.0,0.32234937,0.33267140746116647,0.554426,0.47968388,,20,"{""lr"": 0.001, ""dropout"": 0.5, ""aux_weight"": 0.0}"
186,1,3,0,0.0,1.0,0.20340219,0.33267140746116647,0.40510306,0.4749925,,20,"{""lr"": 0.001, ""dropout"": 0.5, ""aux_weight"": 0.0}"
202,1,3,1,0.6,0.1999999999999999,0.17383036,0.33267140746116647,0.4334637,0.48006868,,20,"{""lr"": 0.001, ""dropout"": 0.5, ""aux_weight"": 0.0}"
203,1,3,0,0.2,0.6,0.100308344,0.33267140746116647,0.5334985,0.47583178,,20,"{""lr"": 0.001, ""dropout"": 0.5, ""aux_weight"": 0.0}"
206,1,3,1,0.5,0.0,0.28437304,0.33267140746116647,0.5130944,0.4790658,,20,"{""lr"": 0.001, ""dropout"": 0.5, ""aux_weight"": 0.0}"
207,1,3,0,0.2,0.6,0.2787184,0.33267140746116647,0.34190774,0.47717404,,20,"{""lr"": 0.001, ""dropout"": 0.5, ""aux_weight"": 0.0}"
208,1,3,0,0.0,1.0,0.15031603,0.33267140746116647,0.5066025,0.47726086,,20,"{""lr"": 0.001, ""dropout"": 0.5, ""aux_weight"": 0.0}"
211,1,3,1,0.6,0.1999999999999999,0.49031067,0.33267140746116647,0.46592247,0.4709945,,20,"{""lr"": 0.001, ""dropout"": 0.5, ""aux_weight"": 0.0}"
215,1,3,0,0.2,0.6,0.21728235,0.33267140746116647,0.3855164,0.49632692,,20,"{""lr"": 0.001, ""dropout"": 0.5, ""aux_weight"": 0.0}"
219,1,3,0,0.0,1.0,0.23644319,0.33267140746116647,0.42126274,0.47451398,,20,"{""lr"": 0.001, ""dropout"": 0.5, ""aux_weight"": 0.0}"
220,1,3,0,0.4,0.1999999999999999,0.10017203,0.33267140746116647,0.48412418,0.47133228,,20,"{""lr"": 0.001, ""dropout"": 0.5, ""aux_weight"": 0.0}"
221,1,3,1,0.8,0.6000000000000001,0.105465144,0.33267140746116647,0.39179817,0.45430163,,20,"{""lr"": 0.001, ""dropout"": 0.5, ""aux_weight"": 0.0}"
229,1,3,0,0.0,1.0,0.32800636,0.33267140746116647,0.43991956,0.47683284,,20,"{""lr"": 0.001, ""dropout"": 0.5, ""aux_weight"": 0.0}"
238,1,3,0,0.25,0.5,0.16825879,0.33267140746116647,0.47362953,0.48861474,,20,"{""lr"": 0.001, ""dropout"": 0.5, ""aux_weight"": 0.0}"
246,1,3,0,0.4,0.1999999999999999,0.42666632,0.33267140746116647,0.49510664,0.48321342,,20,"{""lr"": 0.001, ""dropout"": 0.5, ""aux_weight"": 0.0}"
252,1,3,0,0.0,1.0,0.29633582,0.33267140746116647,0.40959066,0.47050852,,20,"{""lr"": 0.001, ""dropout"": 0.5, ""aux_weight"": 0.0}"
261,1,3,0,0.25,0.5,0.26600826,0.33267140746116647,0.41715026,0.46708545,,20,"{""lr"": 0.001, ""dropout"": 0.5, ""aux_weight"": 0.0}"
265,1,3,1,0.5,0.0,0.19091414,0.33267140746116647,0.40043318,0.47062072,,20,"{""lr"": 0.001, ""dropout"": 0.5, ""aux_weight"": 0.0}"
266,1,3,0,0.25,0.5,0.17079145,0.33267140746116647,0.41015607,0.46184668,,20,"{""lr"": 0.001, ""dropout"": 0.5, ""aux_weight"": 0.0}"
268,1,3,1,0.5,0.0,0.16374156,0.33267140746116647,0.4192298,0.47795787,,20,"{""lr"": 0.001, ""dropout"": 0.5, ""aux_weight"": 0.0}"
282,1,3,0,0.25,0.5,0.4266345,0.33267140746116647,0.44203168,0.48777807,,20,"{""lr"": 0.001, ""dropout"": 0.5, ""aux_weight"": 0.0}"
286,1,3,0,0.2,0.6,0.20346603,0.33267140746116647,0.40793782,0.47122014,,20,"{""lr"": 0.001, ""dropout"": 0.5, ""aux_weight"": 0.0}"
289,1,3,1,0.5,0.0,0.18232535,0.33267140746116647,0.39305973,0.44230804,,20,"{""lr"": 0.001, ""dropout"": 0.5, ""aux_weight"": 0.0}"
298,1,3,0,0.25,0.5,0.4127292,0.33267140746116647,0.4217611,0.4585743,,20,"{""lr"": 0.001, ""dropout"": 0.5, ""aux_weight"": 0.0}"
300,1,3,0,0.0,1.0,0.20972769,0.33267140746116647,0.46768558,0.47073022,,20,"{""lr"": 0.001, ""dropout"": 0.5, ""aux_weight"": 0.0}"
307,1,3,0,0.4,0.1999999999999999,0.41175663,0.33267140746116647,0.48291236,0.47619066,,20,"{""lr"": 0.001, ""dropout"": 0.5, ""aux_weight"": 0.0}"
308,1,3,0,0.4,0.1999999999999999,0.4110993,0.33267140746116647,0.47562778,0.45964205,,20,"{""lr"": 0.001, ""dropout"": 0.5, ""aux_weight"": 0.0}"
310,1,3,0,0.2,0.6,0.2672926,0.33267140746116647,0.46061882,0.46590155,,20,"{""lr"": 0.001, ""dropout"": 0.5, ""aux_weight"": 0.0}"
316,1,3,0,0.4,0.1999999999999999,0.34220493,0.33267140746116647,0.47568274,0.48023584,,20,"{""lr"": 0.001, ""dropout"": 0.5, ""aux_weight"": 0.0}"
318,1,3,0,0.4,0.1999999999999999,0.34109825,0.33267140746116647,0.42984706,0.4923485,,20,"{""lr"": 0.001, ""dropout"": 0.5, ""aux_weight"": 0.0}"
319,1,3,0,0.2,0.6,0.31296873,0.33267140746116647,0.56990373,0.47714195,,20,"{""lr"": 0.001, ""dropout"": 0.5, ""aux_weight"": 0.0}"
322,1,3,1,0.6,0.1999999999999999,0.5194449,0.33267140746116647,0.50637615,0.49204648,,20,"{""lr"": 0.001, ""dropout"": 0.5, ""aux_weight"": 0.0}"
323,1,3,0,0.0,1.0,0.25669473,0.33267140746116647,0.4837936,0.4582183,,20,"{""lr"": 0.001, ""dropout"": 0.5, ""aux_weight"": 0.0}"
329,1,3,0,0.0,1.0,0.2577576,0.33267140746116647,0.3864197,0.4676622,,20,"{""lr"": 0.001, ""dropout"": 0.5, ""aux_weight"": 0.0}"
331,1,3,0,0.0,1.0,0.28589004,0.33267140746116647,0.5000877,0.4753271,,20,"{""lr"": 0.001, ""dropout"": 0.5, ""aux_weight"": 0.0}"
336,1,3,0,0.4,0.1999999999999999,0.31332913,0.33267140746116647,0.4300694,0.46916565,,20,"{""lr"": 0.001, ""dropout"": 0.5, ""aux_weight"": 0.0}"
338,1,3,0,0.4,0.1999999999999999,0.4174906,0.33267140746116647,0.40019318,0.4635851,,20,"{""lr"": 0.001, ""dropout"": 0.5, ""aux_weight"": 0.0}"
354,1,3,0,0.25,0.5,0.4663433,0.33267140746116647,0.42237073,0.48462486,,20,"{""lr"": 0.001, ""dropout"": 0.5, ""aux_weight"": 0.0}"
365,1,3,0,0.25,0.5,0.3420804,0.33267140746116647,0.4126361,0.44644353,,20,"{""lr"": 0.001, ""dropout"": 0.5, ""aux_weight"": 0.0}"
370,1,3,0,0.0,1.0,0.17034617,0.33267140746116647,0.5323303,0.4666973,,20,"{""lr"": 0.001, ""dropout"": 0.5, ""aux_weight"": 0.0}"
374,1,3,1,0.5,0.0,0.52444416,0.33267140746116647,0.42971793,0.49045387,,20,"{""lr"": 0.001, ""dropout"": 0.5, ""aux_weight"": 0.0}"
376,1,3,1,0.5,0.0,0.53376794,0.33267140746116647,0.50823057,0.4917198,,20,"{""lr"": 0.001, ""dropout"": 0.5, ""aux_weight"": 0.0}"
382,1,3,1,0.5,0.0,0.4685856,0.33267140746116647,0.48554584,0.4901949,,20,"{""lr"": 0.001, ""dropout"": 0.5, ""aux_weight"": 0.0}"
383,1,3,0,0.0,1.0,0.14134663,0.33267140746116647,0.45360678,0.46972844,,20,"{""lr"": 0.001, ""dropout"": 0.5, ""aux_weight"": 0.0}"
384,1,3,0,0.25,0.5,0.322064,0.33267140746116647,0.50095916,0.46624368,,20,"{""lr"": 0.001, ""dropout"": 0.5, ""aux_weight"": 0.0}"
394,1,3,1,0.5,0.0,0.33857927,0.33267140746116647,0.4475616,0.45534307,,20,"{""lr"": 0.001, ""dropout"": 0.5, ""aux_weight"": 0.0}"
395,1,3,1,0.5,0.0,0.4803818,0.33267140746116647,0.45306605,0.47546342,,20,"{""lr"": 0.001, ""dropout"": 0.5, ""aux_weight"": 0.0}"
398,1,3,0,0.25,0.5,0.42941165,0.33267140746116647,0.5025943,0.46401438,,20,"{""lr"": 0.001, ""dropout"": 0.5, ""aux_weight"": 0.0}"
403,1,3,0,0.0,1.0,0.07919191,0.33267140746116647,0.57787323,0.47164214,,20,"{""lr"": 0.001, ""dropout"": 0.5, ""aux_weight"": 0.0}"
417,1,3,0,0.2,0.6,0.52029353,0.33267140746116647,0.45410985,0.4721782,,20,"{""lr"": 0.001, ""dropout"": 0.5, ""aux_weight"": 0.0}"
419,1,3,0,0.4,0.1999999999999999,0.30263942,0.33267140746116647,0.4792416,0.47296438,,20,"{""lr"": 0.001, ""dropout"": 0.5, ""aux_weight"": 0.0}"
426,1,3,1,0.8,0.6000000000000001,0.49146387,0.33267140746116647,0.4446368,0.46043718,,20,"{""lr"": 0.001, ""dropout"": 0.5, ""aux_weight"": 0.0}"
440,1,3,0,0.0,1.0,0.5117401,0.33267140746116647,0.45439953,0.47805217,,20,"{""lr"": 0.001, ""dropout"": 0.5, ""aux_weight"": 0.0}"
443,1,3,0,0.0,1.0,0.29139626,0.33267140746116647,0.42234445,0.47875303,,20,"{""lr"": 0.001, ""dropout"": 0.5, ""aux_weight"": 0.0}"
447,1,3,0,0.0,1.0,0.2055338,0.33267140746116647,0.38196963,0.45137635,,20,"{""lr"": 0.001, ""dropout"": 0.5, ""aux_weight"": 0.0}"
451,1,3,0,0.25,0.5,0.27402347,0.33267140746116647,0.41934204,0.45797244,,20,"{""lr"": 0.001, ""dropout"": 0.5, ""aux_weight"": 0.0}"
465,1,3,1,0.5,0.0,0.5166788,0.33267140746116647,0.43617505,0.48407996,,20,"{""lr"": 0.001, ""dropout"": 0.5, ""aux_weight"": 0.0}"
466,1,3,1,0.5,0.0,0.50451714,0.33267140746116647,0.4607075,0.48492348,,20,"{""lr"": 0.001, ""dropout"": 0.5, ""aux_weight"": 0.0}"
467,1,3,1,1.0,1.0,0.50767744,0.33267140746116647,0.42209387,0.48536035,,20,"{""lr"": 0.001, ""dropout"": 0.5, ""aux_weight"": 0.0}"
471,1,3,0,0.0,1.0,0.5965661,0.33267140746116647,0.41895384,0.4752856,,20,"{""lr"": 0.001, ""dropout"": 0.5, ""aux_weight"": 0.0}"
495,1,3,0,0.0,1.0,0.40957654,0.33267140746116647,0.40707773,0.47118133,,20,"{""lr"": 0.001, ""dropout"": 0.5, ""aux_weight"": 0.0}"
496,1,3,1,0.75,0.5,0.5347269,0.33267140746116647,0.3818575,0.48275197,,20,"{""lr"": 0.001, ""dropout"": 0.5, ""aux_weight"": 0.0}"
499,1,3,0,0.0,1.0,0.3795623,0.33267140746116647,0.5058338,0.47500128,,20,"{""lr"": 0.001, ""dropout"": 0.5, ""aux_weight"": 0.0}"
503,1,3,0,0.0,1.0,0.3728389,0.33267140746116647,0.43431336,0.46444908,,20,"{""lr"": 0.001, ""dropout"": 0.5, ""aux_weight"": 0.0}"
509,1,3,0,0.25,0.5,0.4033571,0.33267140746116647,0.4785161,0.48477766,,20,"{""lr"": 0.001, ""dropout"": 0.5, ""aux_weight"": 0.0}"
514,1,3,1,0.75,0.5,0.54185915,0.33267140746116647,0.5039512,0.47980228,,20,"{""lr"": 0.001, ""dropout"": 0.5, ""aux_weight"": 0.0}"
520,1,3,1,0.5,0.0,0.42083344,0.33267140746116647,0.45872512,0.476,,20,"{""lr"": 0.001, ""dropout"": 0.5, ""aux_weight"": 0.0}"
521,1,3,1,0.75,0.5,0.42212653,0.33267140746116647,0.4832682,0.45489293,,20,"{""lr"": 0.001, ""dropout"": 0.5, ""aux_weight"": 0.0}"
522,1,3,0,0.25,0.5,0.412873,0.33267140746116647,0.5144724,0.47438747,,20,"{""lr"": 0.001, ""dropout"": 0.5, ""aux_weight"": 0.0}"
523,1,3,0,0.25,0.5,0.28064093,0.33267140746116647,0.43059438,0.45975134,,20,"{""lr"": 0.001, ""dropout"": 0.5, ""aux_weight"": 0.0}"
529,1,3,1,0.5,0.0,0.36799467,0.33267140746116647,0.3983765,0.46723956,,20,"{""lr"": 0.001, ""dropout"": 0.5, ""aux_weight"": 0.0}"
530,1,3,1,0.5,0.0,0.27899373,0.33267140746116647,0.34162837,0.46605057,,20,"{""lr"": 0.001, ""dropout"": 0.5, ""aux_weight"": 0.0}"
535,1,3,0,0.25,0.5,0.46693674,0.33267140746116647,0.4566981,0.4649156,,20,"{""lr"": 0.001, ""dropout"": 0.5, ""aux_weight"": 0.0}"
546,1,3,1,0.5,0.0,0.34724724,0.33267140746116647,0.42294687,0.47256878,,20,"{""lr"": 0.001, ""dropout"": 0.5, ""aux_weight"": 0.0}"
552,1,3,1,0.6666666666666666,0.3333333333333332,0.38485363,0.33267140746116647,0.40554884,0.4680326,,20,"{""lr"": 0.001, ""dropout"": 0.5, ""aux_weight"": 0.0}"
568,1,3,1,1.0,1.0,0.37201536,0.33267140746116647,0.40643698,0.46818045,,20,"{""lr"": 0.001, ""dropout"": 0.5, ""aux_weight"": 0.0}"
570,1,3,1,0.6666666666666666,0.3333333333333332,0.3848468,0.33267140746116647,0.48057985,0.48057237,,20,"{""lr"": 0.001, ""dropout"": 0.5, ""aux_weight"": 0.0}"
574,1,3,0,0.3333333333333333,0.3333333333333333,0.32512298,0.33267140746116647,0.4216889,0.46351314,,20,"{""lr"": 0.001, ""dropout"": 0.5, ""aux_weight"": 0.0}"
583,1,3,1,0.5,0.0,0.573398,0.33267140746116647,0.45275658,0.48571128,,20,"{""lr"": 0.001, ""dropout"": 0.5, ""aux_weight"": 0.0}"
588,1,3,0,0.1666666666666666,0.6666666666666667,0.56450355,0.33267140746116647,0.47309697,0.49526855,,20,"{""lr"": 0.001, ""dropout"": 0.5, ""aux_weight"": 0.0}"
590,1,3,0,0.3333333333333333,0.3333333333333333,0.6720611,0.33267140746116647,0.4876532,0.49227875,,20,"{""lr"": 0.001, ""dropout"": 0.5, ""aux_weight"": 0.0}"
594,1,3,0,0.0,1.0,0.3745185,0.33267140746116647,0.43430507,0.47393543,,20,"{""lr"": 0.001, ""dropout"": 0.5, ""aux_weight"": 0.0}"
603,1,3,1,0.5,0.0,0.45755833,0.33267140746116647,0.46564874,0.48607695,,20,"{""lr"": 0.001, ""dropout"": 0.5, ""aux_weight"": 0.0}"
610,1,3,0,0.25,0.5,0.43115714,0.33267140746116647,0.35011023,0.48274085,,20,"{""lr"": 0.001, ""dropout"": 0.5, ""aux_weight"": 0.0}"
612,1,3,0,0.0,1.0,0.056584172,0.33267140746116647,0.518847,0.46972844,,20,"{""lr"": 0.001, ""dropout"": 0.5, ""aux_weight"": 0.0}"
617,1,3,1,0.5,0.0,0.50336045,0.33267140746116647,0.4145667,0.4860067,,20,"{""lr"": 0.001, ""dropout"": 0.5, ""aux_weight"": 0.0}"
619,1,3,0,0.25,0.5,0.51536095,0.33267140746116647,0.39950627,0.4869362,,20,"{""lr"": 0.001, ""dropout"": 0.5, ""aux_weight"": 0.0}"
624,1,3,0,0.25,0.5,0.44279993,0.33267140746116647,0.45170945,0.4854615,,20,"{""lr"": 0.001, ""dropout"": 0.5, ""aux_weight"": 0.0}"
627,1,3,1,0.75,0.5,0.5428006,0.33267140746116647,0.46934888,0.4809097,,20,"{""lr"": 0.001, ""dropout"": 0.5, ""aux_weight"": 0.0}"
631,1,3,0,0.0,1.0,0.5373174,0.33267140746116647,0.45752555,0.48537967,,20,"{""lr"": 0.001, ""dropout"": 0.5, ""aux_weight"": 0.0}"
633,1,3,1,0.5,0.0,0.40903324,0.33267140746116647,0.43041041,0.48243663,,20,"{""lr"": 0.001, ""dropout"": 0.5, ""aux_weight"": 0.0}"
634,1,3,0,0.25,0.5,0.4584132,0.33267140746116647,0.46602887,0.487098,,20,"{""lr"": 0.001, ""dropout"": 0.5, ""aux_weight"": 0.0}"
636,1,3,0,0.0,1.0,0.45762658,0.33267140746116647,0.4204052,0.4839925,,20,"{""lr"": 0.001, ""dropout"": 0.5, ""aux_weight"": 0.0}"
650,1,3,0,0.0,1.0,0.20033348,0.33267140746116647,0.46609953,0.4578066,,20,"{""lr"": 0.001, ""dropout"": 0.5, ""aux_weight"": 0.0}"
652,1,3,0,0.0,1.0,0.15788737,0.33267140746116647,0.4754467,0.47182548,,20,"{""lr"": 0.001, ""dropout"": 0.5, ""aux_weight"": 0.0}"
654,1,3,0,0.1666666666666666,0.6666666666666667,0.37014335,0.33267140746116647,0.45963705,0.47488666,,20,"{""lr"": 0.001, ""dropout"": 0.5, ""aux_weight"": 0.0}"
656,1,3,1,0.6666666666666666,0.3333333333333332,0.47669232,0.33267140746116647,0.45730513,0.46823752,,20,"{""lr"": 0.001, ""dropout"": 0.5, ""aux_weight"": 0.0}"
664,1,3,1,0.6666666666666666,0.3333333333333332,0.4813345,0.33267140746116647,0.4377103,0.46578297,,20,"{""lr"": 0.001, ""dropout"": 0.5, ""aux_weight"": 0.0}"
665,1,3,0,0.1666666666666666,0.6666666666666667,0.34877777,0.33267140746116647,0.4542726,0.47064558,,20,"{""lr"": 0.001, ""dropout"": 0.5, ""aux_weight"": 0.0}"
667,1,3,0,0.3333333333333333,0.3333333333333333,0.5387411,0.33267140746116647,0.4611233,0.47110724,,20,"{""lr"": 0.001, ""dropout"": 0.5, ""aux_weight"": 0.0}"
669,1,3,0,0.3333333333333333,0.3333333333333333,0.48377112,0.33267140746116647,0.3862806,0.474352,,20,"{""lr"": 0.001, ""dropout"": 0.5, ""aux_weight"": 0.0}"
673,1,3,0,0.3333333333333333,0.3333333333333333,0.14483383,0.33267140746116647,0.5365748,0.46365297,,20,"{""lr"": 0.001, ""dropout"": 0.5, ""aux_weight"": 0.0}"
677,1,3,1,0.6666666666666666,0.3333333333333332,0.40090838,0.33267140746116647,0.4008177,0.4651179,,20,"{""lr"": 0.001, ""dropout"": 0.5, ""aux_weight"": 0.0}"
681,1,3,0,0.1666666666666666,0.6666666666666667,0.53737295,0.33267140746116647,0.41551667,0.49157947,,20,"{""lr"": 0.001, ""dropout"": 0.5, ""aux_weight"": 0.0}"
683,1,3,1,0.8333333333333334,0.6666666666666667,0.503749,0.33267140746116647,0.4350114,0.48954418,,20,"{""lr"": 0.001, ""dropout"": 0.5, ""aux_weight"": 0.0}"
689,1,3,0,0.0,1.0,0.11679247,0.33267140746116647,0.5289298,0.4678485,,20,"{""lr"": 0.001, ""dropout"": 0.5, ""aux_weight"": 0.0}"
702,1,3,0,0.1666666666666666,0.6666666666666667,0.5549984,0.33267140746116647,0.4478132,0.4893107,,20,"{""lr"": 0.001, ""dropout"": 0.5, ""aux_weight"": 0.0}"
713,1,3,1,0.6,0.1999999999999999,0.3501976,0.33267140746116647,0.36574697,0.46580192,,20,"{""lr"": 0.001, ""dropout"": 0.5, ""aux_weight"": 0.0}"
714,1,3,0,0.3333333333333333,0.3333333333333333,0.1755571,0.33267140746116647,0.37343338,0.46918893,,20,"{""lr"": 0.001, ""dropout"": 0.5, ""aux_weight"": 0.0}"
720,1,3,0,0.0,1.0,0.19167438,0.33267140746116647,0.48052356,0.4566311,,20,"{""lr"": 0.001, ""dropout"": 0.5, ""aux_weight"": 0.0}"
721,1,3,0,0.3333333333333333,0.3333333333333333,0.32618606,0.33267140746116647,0.41611925,0.45872837,,20,"{""lr"": 0.001, ""dropout"": 0.5, ""aux_weight"": 0.0}"
722,1,3,0,0.2,0.6,0.27666408,0.33267140746116647,0.4100892,0.48175582,,20,"{""lr"": 0.001, ""dropout"": 0.5, ""aux_weight"": 0.0}"
723,1,3,0,0.1666666666666666,0.6666666666666667,0.2828049,0.33267140746116647,0.3874059,0.46250284,,20,"{""lr"": 0.001, ""dropout"": 0.5, ""aux_weight"": 0.0}"
726,1,3,0,0.0,1.0,0.41933838,0.33267140746116647,0.45454866,0.4645344,,20,"{""lr"": 0.001, ""dropout"": 0.5, ""aux_weight"": 0.0}"
738,1,3,0,0.3333333333333333,0.3333333333333333,0.33401322,0.33267140746116647,0.42046762,0.46042404,,20,"{""lr"": 0.001, ""dropout"": 0.5, ""aux_weight"": 0.0}"
742,1,3,1,0.5,0.0,0.37339953,0.33267140746116647,0.55273837,0.474352,,20,"{""lr"": 0.001, ""dropout"": 0.5, ""aux_weight"": 0.0}"
4,1,4,1,0.6,0.1999999999999999,0.2566464,0.3233350141346455,0.4602257,0.53241456,,35,"{""lr"": 0.001, ""dropout"": 0.3, ""aux_weight"": 0.0}"
7,1,4,1,0.6,0.1999999999999999,0.60976636,0.3233350141346455,0.49344414,0.52930945,,35,"{""lr"": 0.001, ""dropout"": 0.3, ""aux_weight"": 0.0}"
15,1,4,0,0.4,0.1999999999999999,0.21931802,0.3233350141346455,0.48096478,0.546662,,35,"{""lr"": 0.001, ""dropout"": 0.3, ""aux_weight"": 0.0}"
27,1,4,0,0.2,0.6,0.19109693,0.3233350141346455,0.66643465,0.5428491,,35,"{""lr"": 0.001, ""dropout"": 0.3, ""aux_weight"": 0.0}"
35,1,4,1,0.5,0.0,0.18392655,0.3233350141346455,0.4350419,0.54670703,,35,"{""lr"": 0.001, ""dropout"": 0.3, ""aux_weight"": 0.0}"
38,1,4,0,0.0,1.0,0.6304172,0.3233350141346455,0.62478787,0.53796184,,35,"{""lr"": 0.001, ""dropout"": 0.3, ""aux_weight"": 0.0}"
47,1,4,0,0.25,0.5,0.19734472,0.3233350141346455,0.48922366,0.53421146,,35,"{""lr"": 0.001, ""dropout"": 0.3, ""aux_weight"": 0.0}"
48,1,4,1,0.6,0.1999999999999999,0.17905144,0.3233350141346455,0.47999728,0.543687,,35,"{""lr"": 0.001, ""dropout"": 0.3, ""aux_weight"": 0.0}"
53,1,4,0,0.1666666666666666,0.6666666666666667,0.26074153,0.3233350141346455,0.5554228,0.5485978,,35,"{""lr"": 0.001, ""dropout"": 0.3, ""aux_weight"": 0.0}"
55,1,4,0,0.0,1.0,0.2972515,0.3233350141346455,0.4690032,0.53796184,,35,"{""lr"": 0.001, ""dropout"": 0.3, ""aux_weight"": 0.0}"
58,1,4,0,0.25,0.5,0.29845357,0.3233350141346455,0.45711958,0.5267794,,35,"{""lr"": 0.001, ""dropout"": 0.3, ""aux_weight"": 0.0}"
59,1,4,0,0.25,0.5,0.18705499,0.3233350141346455,0.51434517,0.53555125,,35,"{""lr"": 0.001, ""dropout"": 0.3, ""aux_weight"": 0.0}"
61,1,4,0,0.2,0.6,0.08282038,0.3233350141346455,0.53896236,0.5498291,,35,"{""lr"": 0.001, ""dropout"": 0.3, ""aux_weight"": 0.0}"
73,1,4,0,0.0,1.0,0.12749276,0.3233350141346455,0.5183828,0.54292965,,35,"{""lr"": 0.001, ""dropout"": 0.3, ""aux_weight"": 0.0}"
74,1,4,0,0.0,1.0,0.30723178,0.3233350141346455,0.553853,0.5262166,,35,"{""lr"": 0.001, ""dropout"": 0.3, ""aux_weight"": 0.0}"
80,1,4,0,0.0,1.0,0.3456012,0.3233350141346455,0.46467382,0.53841656,,35,"{""lr"": 0.001, ""dropout"": 0.3, ""aux_weight"": 0.0}"
87,1,4,0,0.0,1.0,0.16514456,0.3233350141346455,0.553404,0.5309211,,35,"{""lr"": 0.001, ""dropout"": 0.3, ""aux_weight"": 0.0}"
97,1,4,0,0.25,0.5,0.1634141,0.3233350141346455,0.5308701,0.5395232,,35,"{""lr"": 0.001, ""dropout"": 0.3, ""aux_weight"": 0.0}"
100,1,4,0,0.25,0.5,0.34692478,0.3233350141346455,0.44211292,0.52639055,,35,"{""lr"": 0.001, ""dropout"": 0.3, ""aux_weight"": 0.0}"
104,1,4,0,0.1111111111111111,0.7777777777777778,0.3422889,0.3233350141346455,0.5089406,0.5466957,,35,"{""lr"": 0.001, ""dropout"": 0.3, ""aux_weight"": 0.0}"
105,1,4,0,0.0,1.0,0.10268428,0.3233350141346455,0.65601504,0.5272479,,35,"{""lr"": 0.001, ""dropout"": 0.3, ""aux_weight"": 0.0}"
107,1,4,0,0.1111111111111111,0.7777777777777778,0.16647041,0.3233350141346455,0.5227885,0.53196335,,35,"{""lr"": 0.001, ""dropout"": 0.3, ""aux_weight"": 0.0}"
111,1,4,0,0.1111111111111111,0.7777777777777778,0.20936123,0.3233350141346455,0.6557735,0.5445788,,35,"{""lr"": 0.001, ""dropout"": 0.3, ""aux_weight"": 0.0}"
112,1,4,0,0.125,0.75,0.090019196,0.3233350141346455,0.7461799,0.5316128,,35,"{""lr"": 0.001, ""dropout"": 0.3, ""aux_weight"": 0.0}"
116,1,4,0,0.0,1.0,0.1989829,0.3233350141346455,0.4941167,0.55182755,,35,"{""lr"": 0.001, ""dropout"": 0.3, ""aux_weight"": 0.0}"
125,1,4,0,0.125,0.75,0.19592783,0.3233350141346455,0.49684525,0.5318688,,35,"{""lr"": 0.001, ""dropout"": 0.3, ""aux_weight"": 0.0}"
134,1,4,0,0.1111111111111111,0.7777777777777778,0.15780687,0.3233350141346455,0.5143473,0.5345746,,35,"{""lr"": 0.001, ""dropout"": 0.3, ""aux_weight"": 0.0}"
135,1,4,0,0.1666666666666666,0.6666666666666667,0.12547281,0.3233350141346455,0.43444687,0.54870903,,35,"{""lr"": 0.001, ""dropout"": 0.3, ""aux_weight"": 0.0}"
143,1,4,1,0.5555555555555556,0.1111111111111111,0.19628921,0.3233350141346455,0.6170221,0.55463105,,35,"{""lr"": 0.001, ""dropout"": 0.3, ""aux_weight"": 0.0}"
146,1,4,1,0.8888888888888888,0.7777777777777777,0.12360297,0.3233350141346455,0.52646446,0.53573805,,35,"{""lr"": 0.001, ""dropout"": 0.3, ""aux_weight"": 0.0}"
147,1,4,0,0.0,1.0,0.1669537,0.3233350141346455,0.52470237,0.5393953,,35,"{""lr"": 0.001, ""dropout"": 0.3, ""aux_weight"": 0.0}"
148,1,4,0,0.1111111111111111,0.7777777777777778,0.069355026,0.3233350141346455,0.5304,0.56076235,,35,"{""lr"": 0.001, ""dropout"": 0.3, ""aux_weight"": 0.0}"
162,1,4,0,0.2,0.6,0.14902115,0.3233350141346455,0.5953756,0.5330217,,35,"{""lr"": 0.001, ""dropout"": 0.3, ""aux_weight"": 0.0}"
164,1,4,0,0.0,1.0,0.18058595,0.3233350141346455,0.49261412,0.5374416,,35,"{""lr"": 0.001, ""dropout"": 0.3, ""aux_weight"": 0.0}"
165,1,4,0,0.0,1.0,0.21072009,0.3233350141346455,0.58383644,0.54291826,,35,"{""lr"": 0.001, ""dropout"": 0.3, ""aux_weight"": 0.0}"
167,1,4,0,0.0,1.0,0.33020455,0.3233350141346455,0.51253265,0.5403856,,35,"{""lr"": 0.001, ""dropout"": 0.3, ""aux_weight"": 0.0}"
169,1,4,0,0.0,1.0,0.20373341,0.3233350141346455,0.58063126,0.55012304,,35,"{""lr"": 0.001, ""dropout"": 0.3, ""aux_weight"": 0.0}"
172,1,4,0,0.0,1.0,0.14849478,0.3233350141346455,0.46685562,0.5294834,,35,"{""lr"": 0.001, ""dropout"": 0.3, ""aux_weight"": 0.0}"
174,1,4,1,0.5,0.0,0.07810803,0.3233350141346455,0.60874635,0.53318185,,35,"{""lr"": 0.001, ""dropout"": 0.3, ""aux_weight"": 0.0}"
178,1,4,0,0.0,1.0,0.16823193,0.3233350141346455,0.50771636,0.52809316,,35,"{""lr"": 0.001, ""dropout"": 0.3, ""aux_weight"": 0.0}"
183,1,4,0,0.0,1.0,0.20482707,0.3233350141346455,0.49214095,0.5330878,,35,"{""lr"": 0.001, ""dropout"": 0.3, ""aux_weight"": 0.0}"
185,1,4,0,0.25,0.5,0.13991205,0.3233350141346455,0.49515808,0.546368,,35,"{""lr"": 0.001, ""dropout"": 0.3, ""aux_weight"": 0.0}"
189,1,4,1,0.5,0.0,0.24669577,0.3233350141346455,0.5261534,0.5491534,,35,"{""lr"": 0.001, ""dropout"": 0.3, ""aux_weight"": 0.0}"
190,1,4,0,0.25,0.5,0.14622957,0.3233350141346455,0.5388328,0.5540324,,35,"{""lr"": 0.001, ""dropout"": 0.3, ""aux_weight"": 0.0}"
214,1,4,0,0.2,0.6,0.088336,0.3233350141346455,0.6429871,0.5324211,,35,"{""lr"": 0.001, ""dropout"": 0.3, ""aux_weight"": 0.0}"
224,1,4,0,0.4,0.1999999999999999,0.29508644,0.3233350141346455,0.5396782,0.5451214,,35,"{""lr"": 0.001, ""dropout"": 0.3, ""aux_weight"": 0.0}"
228,1,4,0,0.2,0.6,0.2060419,0.3233350141346455,0.54403186,0.536863,,35,"{""lr"": 0.001, ""dropout"": 0.3, ""aux_weight"": 0.0}"
242,1,4,1,0.6,0.1999999999999999,0.058323473,0.3233350141346455,0.5694505,0.543937,,35,"{""lr"": 0.001, ""dropout"": 0.3, ""aux_weight"": 0.0}"
244,1,4,1,0.6,0.1999999999999999,0.6152661,0.3233350141346455,0.44278228,0.5351184,,35,"{""lr"": 0.001, ""dropout"": 0.3, ""aux_weight"": 0.0}"
253,1,4,0,0.0,1.0,0.27924496,0.3233350141346455,0.47461098,0.545444,,35,"{""lr"": 0.001, ""dropout"": 0.3, ""aux_weight"": 0.0}"
254,1,4,0,0.25,0.5,0.1753663,0.3233350141346455,0.5736253,0.554953,,35,"{""lr"": 0.001, ""dropout"": 0.3, ""aux_weight"": 0.0}"
255,1,4,0,0.25,0.5,0.14285967,0.3233350141346455,0.446999,0.5353009,,35,"{""lr"": 0.001, ""dropout"": 0.3, ""aux_weight"": 0.0}"
269,1,4,1,0.5,0.0,0.14894849,0.3233350141346455,0.55994284,0.5448527,,35,"{""lr"": 0.001, ""dropout"": 0.3, ""aux_weight"": 0.0}"
281,1,4,0,0.0,1.0,0.09776954,0.3233350141346455,0.48051643,0.52581894,,35,"{""lr"": 0.001, ""dropout"": 0.3, ""aux_weight"": 0.0}"
283,1,4,0,0.25,0.5,0.31209132,0.3233350141346455,0.4626531,0.52635187,,35,"{""lr"": 0.001, ""dropout"": 0.3, ""aux_weight"": 0.0}"
290,1,4,0,0.0,1.0,0.20893162,0.3233350141346455,0.48186857,0.5382307,,35,"{""lr"": 0.001, ""dropout"": 0.3, ""aux_weight"": 0.0}"
295,1,4,0,0.0,1.0,0.15686578,0.3233350141346455,0.46854275,0.538351,,35,"{""lr"": 0.001, ""dropout"": 0.3, ""aux_weight"": 0.0}"
296,1,4,0,0.0,1.0,0.07217133,0.3233350141346455,0.41560233,0.5460289,,35,"{""lr"": 0.001, ""dropout"": 0.3, ""aux_weight"": 0.0}"
302,1,4,0,0.0,1.0,0.345241,0.3233350141346455,0.4339528,0.5311782,,35,"{""lr"": 0.001, ""dropout"": 0.3, ""aux_weight"": 0.0}"
303,1,4,0,0.0,1.0,0.124683835,0.3233350141346455,0.51349914,0.5323894,,35,"{""lr"": 0.001, ""dropout"": 0.3, ""aux_weight"": 0.0}"
306,1,4,0,0.0,1.0,0.17290205,0.3233350141346455,0.54796827,0.5327266,,35,"{""lr"": 0.001, ""dropout"": 0.3, ""aux_weight"": 0.0}"
311,1,4,0,0.4,0.1999999999999999,0.13054219,0.3233350141346455,0.5886924,0.53404766,,35,"{""lr"": 0.001, ""dropout"": 0.3, ""aux_weight"": 0.0}"
337,1,4,0,0.0,1.0,0.34614015,0.3233350141346455,0.46897626,0.5398844,,35,"{""lr"": 0.001, ""dropout"": 0.3, ""aux_weight"": 0.0}"
340,1,4,1,0.6,0.1999999999999999,0.26857352,0.3233350141346455,0.5327112,0.53994966,,35,"{""lr"": 0.001, ""dropout"": 0.3, ""aux_weight"": 0.0}"
345,1,4,0,0.0,1.0,0.017103463,0.3233350141346455,0.57935095,0.5433049,,35,"{""lr"": 0.001, ""dropout"": 0.3, ""aux_weight"": 0.0}"
348,1,4,0,0.4,0.1999999999999999,0.57702893,0.3233350141346455,0.5151753,0.53779143,,35,"{""lr"": 0.001, ""dropout"": 0.3, ""aux_weight"": 0.0}"
359,1,4,0,0.25,0.5,0.32798034,0.3233350141346455,0.5840974,0.5437151,,35,"{""lr"": 0.001, ""dropout"": 0.3, ""aux_weight"": 0.0}"
361,1,4,0,0.0,1.0,0.04279968,0.3233350141346455,0.5160847,0.54069805,,35,"{""lr"": 0.001, ""dropout"": 0.3, ""aux_weight"": 0.0}"
364,1,4,1,0.5,0.0,0.31061545,0.3233350141346455,0.54454774,0.5361171,,35,"{""lr"": 0.001, ""dropout"": 0.3, ""aux_weight"": 0.0}"
367,1,4,0,0.25,0.5,0.41857445,0.3233350141346455,0.56533796,0.5447949,,35,"{""lr"": 0.001, ""dropout"": 0.3, ""aux_weight"": 0.0}"
371,1,4,0,0.25,0.5,0.29941818,0.3233350141346455,0.4729575,0.53242004,,35,"{""lr"": 0.001, ""dropout"": 0.3, ""aux_weight"": 0.0}"
372,1,4,0,0.25,0.5,0.4562457,0.3233350141346455,0.5544766,0.5398889,,35,"{""lr"": 0.001, ""dropout"": 0.3, ""aux_weight"": 0.0}"
377,1,4,0,0.25,0.5,0.36805028,0.3233350141346455,0.51062363,0.53666496,,35,"{""lr"": 0.001, ""dropout"": 0.3, ""aux_weight"": 0.0}"
379,1,4,1,0.75,0.5,0.532248,0.3233350141346455,0.50045574,0.52820927,,35,"{""lr"": 0.001, ""dropout"": 0.3, ""aux_weight"": 0.0}"
381,1,4,1,0.75,0.5,0.41768724,0.3233350141346455,0.5372277,0.52496165,,35,"{""lr"": 0.001, ""dropout"": 0.3, ""aux_weight"": 0.0}"
392,1,4,1,0.5,0.0,0.4026571,0.3233350141346455,0.48861688,0.53817356,,35,"{""lr"": 0.001, ""dropout"": 0.3, ""aux_weight"": 0.0}"
400,1,4,1,0.5,0.0,0.6606369,0.3233350141346455,0.45156372,0.53610337,,35,"{""lr"": 0.001, ""dropout"": 0.3, ""aux_weight"": 0.0}"
410,1,4,1,0.6,0.1999999999999999,0.4659757,0.3233350141346455,0.52414703,0.52925956,,35,"{""lr"": 0.001, ""dropout"": 0.3, ""aux_weight"": 0.0}"
413,1,4,0,0.0,1.0,0.29359156,0.3233350141346455,0.44453788,0.52897984,,35,"{""lr"": 0.001, ""dropout"": 0.3, ""aux_weight"": 0.0}"
418,1,4,0,0.0,1.0,0.1704418,0.3233350141346455,0.52225554,0.543526,,35,"{""lr"": 0.001, ""dropout"": 0.3, ""aux_weight"": 0.0}"
421,1,4,0,0.2,0.6,0.27876514,0.3233350141346455,0.54614776,0.53833175,,35,"{""lr"": 0.001, ""dropout"": 0.3, ""aux_weight"": 0.0}"
422,1,4,1,0.6,0.1999999999999999,0.18510917,0.3233350141346455,0.44896454,0.5382089,,35,"{""lr"": 0.001, ""dropout"": 0.3, ""aux_weight"": 0.0}"
424,1,4,1,0.6,0.1999999999999999,0.27132243,0.3233350141346455,0.46353972,0.5386762,,35,"{""lr"": 0.001, ""dropout"": 0.3, ""aux_weight"": 0.0}"
427,1,4,1,0.6,0.1999999999999999,0.41018987,0.3233350141346455,0.5049912,0.52356267,,35,"{""lr"": 0.001, ""dropout"": 0.3, ""aux_weight"": 0.0}"
430,1,4,1,0.6,0.1999999999999999,0.41641366,0.3233350141346455,0.59584224,0.5384851,,35,"{""lr"": 0.001, ""dropout"": 0.3, ""aux_weight"": 0.0}"
432,1,4,0,0.2,0.6,0.3538296,0.3233350141346455,0.5088238,0.54123807,,35,"{""lr"": 0.001, ""dropout"": 0.3, ""aux_weight"": 0.0}"
434,1,4,0,0.0,1.0,0.25990516,0.3233350141346455,0.54737616,0.5317399,,35,"{""lr"": 0.001, ""dropout"": 0.3, ""aux_weight"": 0.0}"
438,1,4,0,0.1666666666666666,0.6666666666666667,0.5536908,0.3233350141346455,0.51150435,0.5313253,,35,"{""lr"": 0.001, ""dropout"": 0.3, ""aux_weight"": 0.0}"
441,1,4,0,0.2,0.6,0.32165745,0.3233350141346455,0.46237987,0.52879196,,35,"{""lr"": 0.001, ""dropout"": 0.3, ""aux_weight"": 0.0}"
442,1,4,1,0.8,0.6000000000000001,0.5135987,0.3233350141346455,0.55912983,0.5374504,,35,"{""lr"": 0.001, ""dropout"": 0.3, ""aux_weight"": 0.0}"
446,1,4,0,0.2,0.6,0.4235354,0.3233350141346455,0.561419,0.5294192,,35,"{""lr"": 0.001, ""dropout"": 0.3, ""aux_weight"": 0.0}"
448,1,4,0,0.0,1.0,0.17884412,0.3233350141346455,0.5343826,0.555014,,35,"{""lr"": 0.001, ""dropout"": 0.3, ""aux_weight"": 0.0}"
452,1,4,0,0.25,0.5,0.16265655,0.3233350141346455,0.46044606,0.53839785,,35,"{""lr"": 0.001, ""dropout"": 0.3, ""aux_weight"": 0.0}"
453,1,4,0,0.25,0.5,0.16061774,0.3233350141346455,0.44850355,0.550158,,35,"{""lr"": 0.001, ""dropout"": 0.3, ""aux_weight"": 0.0}"
456,1,4,1,0.5,0.0,0.23233217,0.3233350141346455,0.43330032,0.5329068,,35,"{""lr"": 0.001, ""dropout"": 0.3, ""aux_weight"": 0.0}"
458,1,4,0,0.0,1.0,0.2916141,0.3233350141346455,0.5026821,0.54097366,,35,"{""lr"": 0.001, ""dropout"": 0.3, ""aux_weight"": 0.0}"
459,1,4,0,0.25,0.5,0.118794546,0.3233350141346455,0.4607715,0.54097366,,35,"{""lr"": 0.001, ""dropout"": 0.3, ""aux_weight"": 0.0}"
461,1,4,1,0.5,0.0,0.32070178,0.3233350141346455,0.5161622,0.5383648,,35,"{""lr"": 0.001, ""dropout"": 0.3, ""aux_weight"": 0.0}"
463,1,4,0,0.25,0.5,0.23161012,0.3233350141346455,0.51487744,0.53873,,35,"{""lr"": 0.001, ""dropout"": 0.3, ""aux_weight"": 0.0}"
473,1,4,0,0.25,0.5,0.4290542,0.3233350141346455,0.55608094,0.5428491,,35,"{""lr"": 0.001, ""dropout"": 0.3, ""aux_weight"": 0.0}"
491,1,4,1,0.5,0.0,0.34535956,0.3233350141346455,0.47458172,0.53269887,,35,"{""lr"": 0.001, ""dropout"": 0.3, ""aux_weight"": 0.0}"
492,1,4,0,0.3333333333333333,0.3333333333333333,0.13735351,0.3233350141346455,0.5166615,0.5330534,,35,"{""lr"": 0.001, ""dropout"": 0.3, ""aux_weight"": 0.0}"
504,1,4,1,0.75,0.5,0.22827232,0.3233350141346455,0.47989374,0.5454878,,35,"{""lr"": 0.001, ""dropout"": 0.3, ""aux_weight"": 0.0}"
508,1,4,1,0.75,0.5,0.32223848,0.3233350141346455,0.55510974,0.52404326,,35,"{""lr"": 0.001, ""dropout"": 0.3, ""aux_weight"": 0.0}"
512,1,4,1,1.0,1.0,0.5811237,0.3233350141346455,0.56861615,0.5339816,,35,"{""lr"": 0.001, ""dropout"": 0.3, ""aux_weight"": 0.0}"
517,1,4,0,0.25,0.5,0.32871234,0.3233350141346455,0.5654769,0.5354293,,35,"{""lr"": 0.001, ""dropout"": 0.3, ""aux_weight"": 0.0}"
532,1,4,0,0.0,1.0,0.084057376,0.3233350141346455,0.5830034,0.5330501,,35,"{""lr"": 0.001, ""dropout"": 0.3, ""aux_weight"": 0.0}"
548,1,4,1,0.5,0.0,0.29788846,0.3233350141346455,0.590497,0.5427058,,35,"{""lr"": 0.001, ""dropout"": 0.3, ""aux_weight"": 0.0}"
550,1,4,0,0.0,1.0,0.25434563,0.3233350141346455,0.5220783,0.5404236,,35,"{""lr"": 0.001, ""dropout"": 0.3, ""aux_weight"": 0.0}"
561,1,4,1,0.5,0.0,0.11134349,0.3233350141346455,0.47125012,0.5418276,,35,"{""lr"": 0.001, ""dropout"": 0.3, ""aux_weight"": 0.0}"
562,1,4,0,0.3333333333333333,0.3333333333333333,0.40160692,0.3233350141346455,0.5160647,0.53718734,,35,"{""lr"": 0.001, ""dropout"": 0.3, ""aux_weight"": 0.0}"
565,1,4,0,0.3333333333333333,0.3333333333333333,0.52892816,0.3233350141346455,0.5474009,0.5427214,,35,"{""lr"": 0.001, ""dropout"": 0.3, ""aux_weight"": 0.0}"
566,1,4,0,0.1666666666666666,0.6666666666666667,0.19064014,0.3233350141346455,0.49723,0.5440452,,35,"{""lr"": 0.001, ""dropout"": 0.3, ""aux_weight"": 0.0}"
569,1,4,0,0.1666666666666666,0.6666666666666667,0.4261704,0.3233350141346455,0.4917165,0.5416844,,35,"{""lr"": 0.001, ""dropout"": 0.3, ""aux_weight"": 0.0}"
572,1,4,1,0.8333333333333334,0.6666666666666667,0.19075091,0.3233350141346455,0.5070263,0.5331217,,35,"{""lr"": 0.001, ""dropout"": 0.3, ""aux_weight"": 0.0}"
578,1,4,1,0.5,0.0,0.38623434,0.3233350141346455,0.54962206,0.53931653,,35,"{""lr"": 0.001, ""dropout"": 0.3, ""aux_weight"": 0.0}"
586,1,4,1,0.6666666666666666,0.3333333333333332,0.31679738,0.3233350141346455,0.44961983,0.5252644,,35,"{""lr"": 0.001, ""dropout"": 0.3, ""aux_weight"": 0.0}"
596,1,4,1,0.5,0.0,0.3077931,0.3233350141346455,0.52757466,0.53166837,,35,"{""lr"": 0.001, ""dropout"": 0.3, ""aux_weight"": 0.0}"
599,1,4,0,0.0,1.0,0.41676724,0.3233350141346455,0.50025004,0.5240955,,35,"{""lr"": 0.001, ""dropout"": 0.3, ""aux_weight"": 0.0}"
601,1,4,0,0.0,1.0,0.1743058,0.3233350141346455,0.51891136,0.5439142,,35,"{""lr"": 0.001, ""dropout"": 0.3, ""aux_weight"": 0.0}"
605,1,4,1,0.5,0.0,0.4544694,0.3233350141346455,0.54729044,0.5282573,,35,"{""lr"": 0.001, ""dropout"": 0.3, ""aux_weight"": 0.0}"
606,1,4,0,0.25,0.5,0.28973538,0.3233350141346455,0.57256484,0.5272462,,35,"{""lr"": 0.001, ""dropout"": 0.3, ""aux_weight"": 0.0}"
608,1,4,0,0.0,1.0,0.4351402,0.3233350141346455,0.49447626,0.5282631,,35,"{""lr"": 0.001, ""dropout"": 0.3, ""aux_weight"": 0.0}"
609,1,4,0,0.25,0.5,0.5031946,0.3233350141346455,0.49746668,0.5264214,,35,"{""lr"": 0.001, ""dropout"": 0.3, ""aux_weight"": 0.0}"
614,1,4,1,0.75,0.5,0.5382622,0.3233350141346455,0.4904521,0.53353703,,35,"{""lr"": 0.001, ""dropout"": 0.3, ""aux_weight"": 0.0}"
625,1,4,0,0.0,1.0,0.27029532,0.3233350141346455,0.5262873,0.5357053,,35,"{""lr"": 0.001, ""dropout"": 0.3, ""aux_weight"": 0.0}"
640,1,4,1,0.75,0.5,0.4759724,0.3233350141346455,0.57499444,0.5414959,,35,"{""lr"": 0.001, ""dropout"": 0.3, ""aux_weight"": 0.0}"
643,1,4,1,0.5,0.0,0.14945123,0.3233350141346455,0.51318645,0.55352485,,35,"{""lr"": 0.001, ""dropout"": 0.3, ""aux_weight"": 0.0}"
644,1,4,0,0.25,0.5,0.26382267,0.3233350141346455,0.4712428,0.53933305,,35,"{""lr"": 0.001, ""dropout"": 0.3, ""aux_weight"": 0.0}"
662,1,4,0,0.0,1.0,0.057000138,0.3233350141346455,0.56940293,0.5335509,,35,"{""lr"": 0.001, ""dropout"": 0.3, ""aux_weight"": 0.0}"
671,1,4,0,0.3333333333333333,0.3333333333333333,0.6142184,0.3233350141346455,0.50154275,0.53805006,,35,"{""lr"": 0.001, ""dropout"": 0.3, ""aux_weight"": 0.0}"
675,1,4,0,0.3333333333333333,0.3333333333333333,0.31150043,0.3233350141346455,0.42695558,0.53777945,,35,"{""lr"": 0.001, ""dropout"": 0.3, ""aux_weight"": 0.0}"
676,1,4,0,0.1666666666666666,0.6666666666666667,0.2855199,0.3233350141346455,0.560224,0.5313689,,35,"{""lr"": 0.001, ""dropout"": 0.3, ""aux_weight"": 0.0}"
682,1,4,0,0.1666666666666666,0.6666666666666667,0.45158607,0.3233350141346455,0.4754625,0.52328455,,35,"{""lr"": 0.001, ""dropout"": 0.3, ""aux_weight"": 0.0}"
685,1,4,0,0.0,1.0,0.54350686,0.3233350141346455,0.43124443,0.5293131,,35,"{""lr"": 0.001, ""dropout"": 0.3, ""aux_weight"": 0.0}"
694,1,4,0,0.3333333333333333,0.3333333333333333,0.555349,0.3233350141346455,0.46735656,0.5293131,,35,"{""lr"": 0.001, ""dropout"": 0.3, ""aux_weight"": 0.0}"
700,1,4,1,0.5,0.0,0.48753563,0.3233350141346455,0.49868536,0.52496165,,35,"{""lr"": 0.001, ""dropout"": 0.3, ""aux_weight"": 0.0}"
701,1,4,0,0.1666666666666666,0.6666666666666667,0.56511617,0.3233350141346455,0.54096985,0.52320856,,35,"{""lr"": 0.001, ""dropout"": 0.3, ""aux_weight"": 0.0}"
705,1,4,1,0.5,0.0,0.17847353,0.3233350141346455,0.5846376,0.5367712,,35,"{""lr"": 0.001, ""dropout"": 0.3, ""aux_weight"": 0.0}"
709,1,4,0,0.3333333333333333,0.3333333333333333,0.50814736,0.3233350141346455,0.5633849,0.5266757,,35,"{""lr"": 0.001, ""dropout"": 0.3, ""aux_weight"": 0.0}"
724,1,4,0,0.2,0.6,0.3328219,0.3233350141346455,0.47938305,0.53104264,,35,"{""lr"": 0.001, ""dropout"": 0.3, ""aux_weight"": 0.0}"
730,1,4,0,0.3333333333333333,0.3333333333333333,0.20927379,0.3233350141346455,0.5598595,0.5346558,,35,"{""lr"": 0.001, ""dropout"": 0.3, ""aux_weight"": 0.0}"
733,1,4,0,0.1666666666666666,0.6666666666666667,0.25696665,0.3233350141346455,0.44456053,0.5301846,,35,"{""lr"": 0.001, ""dropout"": 0.3, ""aux_weight"": 0.0}"
736,1,4,0,0.0,1.0,0.27240515,0.3233350141346455,0.4567209,0.5398844,,35,"{""lr"": 0.001, ""dropout"": 0.3, ""aux_weight"": 0.0}"
737,1,4,0,0.1666666666666666,0.6666666666666667,0.19604354,0.3233350141346455,0.44480336,0.53269887,,35,"{""lr"": 0.001, ""dropout"": 0.3, ""aux_weight"": 0.0}"
740,1,4,0,0.1666666666666666,0.6666666666666667,0.21116258,0.3233350141346455,0.5876926,0.5311728,,35,"{""lr"": 0.001, ""dropout"": 0.3, ""aux_weight"": 0.0}"
741,1,4,0,0.2,0.6,0.1303052,0.3233350141346455,0.58463585,0.53096426,,35,"{""lr"": 0.001, ""dropout"": 0.3, ""aux_weight"": 0.0}"
1,2,0,0,0.3333333333333333,0.3333333333333333,0.33495063,0.265713756531477,0.3367824,0.40730098,,45,"{""lr"": 0.001, ""dropout"": 0.3, ""aux_weight"": 0.3}"
4,2,0,1,0.6,0.1999999999999999,0.14995733,0.265713756531477,0.16760863,0.35948518,,45,"{""lr"": 0.001, ""dropout"": 0.3, ""aux_weight"": 0.3}"
6,2,0,0,0.2,0.6,0.319283,0.265713756531477,0.4155091,0.33404475,,45,"{""lr"": 0.001, ""dropout"": 0.3, ""aux_weight"": 0.3}"
10,2,0,0,0.0,1.0,0.03752134,0.265713756531477,0.043339238,0.31490105,,45,"{""lr"": 0.001, ""dropout"": 0.3, ""aux_weight"": 0.3}"
12,2,0,0,0.4,0.1999999999999999,0.11190653,0.265713756531477,0.16933188,0.20379464,,45,"{""lr"": 0.001, ""dropout"": 0.3, ""aux_weight"": 0.3}"
18,2,0,1,0.6,0.1999999999999999,0.23955986,0.265713756531477,0.15291288,0.58207613,,45,"{""lr"": 0.001, ""dropout"": 0.3, ""aux_weight"": 0.3}"
25,2,0,0,0.2,0.6,0.3271703,0.265713756531477,0.40729997,0.2861306,,45,"{""lr"": 0.001, ""dropout"": 0.3, ""aux_weight"": 0.3}"
33,2,0,0,0.4,0.1999999999999999,0.15905258,0.265713756531477,0.17245,0.3429134,,45,"{""lr"": 0.001, ""dropout"": 0.3, ""aux_weight"": 0.3}"
38,2,0,0,0.0,1.0,0.5529276,0.265713756531477,0.65011287,0.33404475,,45,"{""lr"": 0.001, ""dropout"": 0.3, ""aux_weight"": 0.3}"
44,2,0,0,0.0,1.0,0.3644613,0.265713756531477,0.31634176,0.43810046,,45,"{""lr"": 0.001, ""dropout"": 0.3, ""aux_weight"": 0.3}"
48,2,0,1,0.6,0.1999999999999999,0.2278865,0.265713756531477,0.28796262,0.31256658,,45,"{""lr"": 0.001, ""dropout"": 0.3, ""aux_weight"": 0.3}"
57,2,0,1,1.0,1.0,0.19966152,0.265713756531477,0.23661926,0.32249132,,45,"{""lr"": 0.001, ""dropout"": 0.3, ""aux_weight"": 0.3}"
60,2,0,0,0.0,1.0,0.2796506,0.265713756531477,0.32236552,0.32026586,,45,"{""lr"": 0.001, ""dropout"": 0.3, ""aux_weight"": 0.3}"
62,2,0,0,0.25,0.5,0.1527488,0.265713756531477,0.2611889,0.22962256,,45,"{""lr"": 0.001, ""dropout"": 0.3, ""aux_weight"": 0.3}"
70,2,0,0,0.0,1.0,0.26615167,0.265713756531477,0.31610602,0.3157459,,45,"{""lr"": 0.001, ""dropout"": 0.3, ""aux_weight"": 0.3}"
73,2,0,0,0.0,1.0,0.31416622,0.265713756531477,0.4677688,0.2532033,,45,"{""lr"": 0.001, ""dropout"": 0.3, ""aux_weight"": 0.3}"
74,2,0,0,0.0,1.0,0.3203135,0.265713756531477,0.37609434,0.32392484,,45,"{""lr"": 0.001, ""dropout"": 0.3, ""aux_weight"": 0.3}"
80,2,0,0,0.0,1.0,0.2815494,0.265713756531477,0.32579756,0.33394682,,45,"{""lr"": 0.001, ""dropout"": 0.3, ""aux_weight"": 0.3}"
81,2,0,0,0.0,1.0,0.12561202,0.265713756531477,0.10966352,0.37887883,,45,"{""lr"": 0.001, ""dropout"": 0.3, ""aux_weight"": 0.3}"
84,2,0,0,0.3333333333333333,0.3333333333333333,0.22361153,0.265713756531477,0.3516233,0.26790458,,45,"{""lr"": 0.001, ""dropout"": 0.3, ""aux_weight"": 0.3}"
91,2,0,0,0.25,0.5,0.21211284,0.265713756531477,0.20628133,0.36917037,,45,"{""lr"": 0.001, ""dropout"": 0.3, ""aux_weight"": 0.3}"
98,2,0,0,0.3333333333333333,0.3333333333333333,0.09399812,0.265713756531477,0.10481712,0.28920463,,45,"{""lr"": 0.001, ""dropout"": 0.3, ""aux_weight"": 0.3}"
104,2,0,0,0.1111111111111111,0.7777777777777778,0.31314543,0.265713756531477,0.45471543,0.22548215,,45,"{""lr"": 0.001, ""dropout"": 0.3, ""aux_weight"": 0.3}"
108,2,0,0,0.25,0.5,0.52391785,0.265713756531477,0.4830423,0.3884271,,45,"{""lr"": 0.001, ""dropout"": 0.3, ""aux_weight"": 0.3}"
114,2,0,0,0.1111111111111111,0.7777777777777778,0.3711149,0.265713756531477,0.60387915,0.19101307,,45,"{""lr"": 0.001, ""dropout"": 0.3, ""aux_weight"": 0.3}"
118,2,0,0,0.0,1.0,0.12442042,0.265713756531477,0.1520563,0.298243,,45,"{""lr"": 0.001, ""dropout"": 0.3, ""aux_weight"": 0.3}"
133,2,0,1,0.8888888888888888,0.7777777777777777,0.20186,0.265713756531477,0.21349007,0.33671987,,45,"{""lr"": 0.001, ""dropout"": 0.3, ""aux_weight"": 0.3}"
134,2,0,0,0.1111111111111111,0.7777777777777778,0.13341482,0.265713756531477,0.11588521,0.42363408,,45,"{""lr"": 0.001, ""dropout"": 0.3, ""aux_weight"": 0.3}"
136,2,0,0,0.3333333333333333,0.3333333333333333,0.28641954,0.265713756531477,0.3695331,0.2584124,,45,"{""lr"": 0.001, ""dropout"": 0.3, ""aux_weight"": 0.3}"
139,2,0,0,0.0,1.0,0.49632162,0.265713756531477,0.42990106,0.46494642,,45,"{""lr"": 0.001, ""dropout"": 0.3, ""aux_weight"": 0.3}"
141,2,0,0,0.0,1.0,0.55635643,0.265713756531477,0.5107723,0.4721297,,45,"{""lr"": 0.001, ""dropout"": 0.3, ""aux_weight"": 0.3}"
144,2,0,0,0.0,1.0,0.22050345,0.265713756531477,0.23576595,0.3723093,,45,"{""lr"": 0.001, ""dropout"": 0.3, ""aux_weight"": 0.3}"
152,2,0,0,0.0,1.0,0.041135594,0.265713756531477,0.091579325,0.14770699,,45,"{""lr"": 0.001, ""dropout"": 0.3, ""aux_weight"": 0.3}"
162,2,0,0,0.2,0.6,0.08518786,0.265713756531477,0.09658326,0.2692864,,45,"{""lr"": 0.001, ""dropout"": 0.3, ""aux_weight"": 0.3}"
165,2,0,0,0.0,1.0,0.12603077,0.265713756531477,0.19027138,0.27092305,,45,"{""lr"": 0.001, ""dropout"": 0.3, ""aux_weight"": 0.3}"
171,2,0,0,0.25,0.5,0.17583676,0.265713756531477,0.14740539,0.41272864,,45,"{""lr"": 0.001, ""dropout"": 0.3, ""aux_weight"": 0.3}"
173,2,0,0,0.25,0.5,0.19534177,0.265713756531477,0.23807138,0.30847442,,45,"{""lr"": 0.001, ""dropout"": 0.3, ""aux_weight"": 0.3}"
182,2,0,0,0.0,1.0,0.17793012,0.265713756531477,0.16322455,0.42714518,,45,"{""lr"": 0.001, ""dropout"": 0.3, ""aux_weight"": 0.3}"
185,2,0,0,0.25,0.5,0.27116925,0.265713756531477,0.357278,0.2773256,,45,"{""lr"": 0.001, ""dropout"": 0.3, ""aux_weight"": 0.3}"
188,2,0,0,0.0,1.0,0.25191838,0.265713756531477,0.29767877,0.3110533,,45,"{""lr"": 0.001, ""dropout"": 0.3, ""aux_weight"": 0.3}"
191,2,0,0,0.0,1.0,0.3899727,0.265713756531477,0.37940708,0.35182762,,45,"{""lr"": 0.001, ""dropout"": 0.3, ""aux_weight"": 0.3}"
203,2,0,0,0.2,0.6,0.15361854,0.265713756531477,0.18404235,0.3429013,,45,"{""lr"": 0.001, ""dropout"": 0.3, ""aux_weight"": 0.3}"
222,2,0,0,0.2,0.6,0.33417034,0.265713756531477,0.2255845,0.49088374,,45,"{""lr"": 0.001, ""dropout"": 0.3, ""aux_weight"": 0.3}"
244,2,0,1,0.6,0.1999999999999999,0.73274237,0.265713756531477,0.69313335,0.43922412,,45,"{""lr"": 0.001, ""dropout"": 0.3, ""aux_weight"": 0.3}"
248,2,0,0,0.4,0.1999999999999999,0.22465695,0.265713756531477,0.30735263,0.32663885,,45,"{""lr"": 0.001, ""dropout"": 0.3, ""aux_weight"": 0.3}"
250,2,0,0,0.4,0.1999999999999999,0.33709103,0.265713756531477,0.38719884,0.34587818,,45,"{""lr"": 0.001, ""dropout"": 0.3, ""aux_weight"": 0.3}"
253,2,0,0,0.0,1.0,0.3262291,0.265713756531477,0.42682004,0.28751206,,45,"{""lr"": 0.001, ""dropout"": 0.3, ""aux_weight"": 0.3}"
255,2,0,0,0.25,0.5,0.113418505,0.265713756531477,0.2077136,0.19941816,,45,"{""lr"": 0.001, ""dropout"": 0.3, ""aux_weight"": 0.3}"
257,2,0,0,0.25,0.5,0.14792545,0.265713756531477,0.22937548,0.19864388,,45,"{""lr"": 0.001, ""dropout"": 0.3, ""aux_weight"": 0.3}"
261,2,0,0,0.25,0.5,0.27163178,0.265713756531477,0.35257664,0.29178438,,45,"{""lr"": 0.001, ""dropout"": 0.3, ""aux_weight"": 0.3}"
263,2,0,0,0.2,0.6,0.18128091,0.265713756531477,0.15485299,0.3766829,,45,"{""lr"": 0.001, ""dropout"": 0.3, ""aux_weight"": 0.3}"
265,2,0,1,0.5,0.0,0.26116353,0.265713756531477,0.27322412,0.3565713,,45,"{""lr"": 0.001, ""dropout"": 0.3, ""aux_weight"": 0.3}"
272,2,0,1,0.5,0.0,0.57518,0.265713756531477,0.6288713,0.40973628,,45,"{""lr"": 0.001, ""dropout"": 0.3, ""aux_weight"": 0.3}"
273,2,0,1,0.5,0.0,0.15885696,0.265713756531477,0.15651205,0.33477914,,45,"{""lr"": 0.001, ""dropout"": 0.3, ""aux_weight"": 0.3}"
276,2,0,0,0.2,0.6,0.28363577,0.265713756531477,0.27579933,0.36878037,,45,"{""lr"": 0.001, ""dropout"": 0.3, ""aux_weight"": 0.3}"
288,2,0,1,0.75,0.5,0.16374955,0.265713756531477,0.26477814,0.2141276,,45,"{""lr"": 0.001, ""dropout"": 0.3, ""aux_weight"": 0.3}"
322,2,0,1,0.6,0.1999999999999999,0.46926278,0.265713756531477,0.38496605,0.5259498,,45,"{""lr"": 0.001, ""dropout"": 0.3, ""aux_weight"": 0.3}"
324,2,0,0,0.2,0.6,0.27610195,0.265713756531477,0.3167473,0.32642898,,45,"{""lr"": 0.001, ""dropout"": 0.3, ""aux_weight"": 0.3}"
326,2,0,0,0.0,1.0,0.11832571,0.265713756531477,0.1372399,0.3634041,,45,"{""lr"": 0.001, ""dropout"": 0.3, ""aux_weight"": 0.3}"
327,2,0,0,0.0,1.0,0.2646422,0.265713756531477,0.34628922,0.3227765,,45,"{""lr"": 0.001, ""dropout"": 0.3, ""aux_weight"": 0.3}"
328,2,0,1,0.6,0.1999999999999999,0.19492927,0.265713756531477,0.1846591,0.3416494,,45,"{""lr"": 0.001, ""dropout"": 0.3, ""aux_weight"": 0.3}"
331,2,0,0,0.0,1.0,0.36394238,0.265713756531477,0.44436803,0.36901885,,45,"{""lr"": 0.001, ""dropout"": 0.3, ""aux_weight"": 0.3}"
339,2,0,0,0.0,1.0,0.20487449,0.265713756531477,0.19456513,0.37232214,,45,"{""lr"": 0.001, ""dropout"": 0.3, ""aux_weight"": 0.3}"
343,2,0,1,0.8,0.6000000000000001,0.39515185,0.265713756531477,0.48746127,0.31981665,,45,"{""lr"": 0.001, ""dropout"": 0.3, ""aux_weight"": 0.3}"
345,2,0,0,0.0,1.0,0.010172935,0.265713756531477,0.009196991,0.35659975,,45,"{""lr"": 0.001, ""dropout"": 0.3, ""aux_weight"": 0.3}"
346,2,0,1,0.6,0.1999999999999999,0.3093762,0.265713756531477,0.35210443,0.34411392,,45,"{""lr"": 0.001, ""dropout"": 0.3, ""aux_weight"": 0.3}"
352,2,0,0,0.25,0.5,0.32535052,0.265713756531477,0.3524298,0.3967961,,45,"{""lr"": 0.001, ""dropout"": 0.3, ""aux_weight"": 0.3}"
353,2,0,0,0.0,1.0,0.35344005,0.265713756531477,0.39297378,0.3803764,,45,"{""lr"": 0.001, ""dropout"": 0.3, ""aux_weight"": 0.3}"
357,2,0,1,0.5,0.0,0.2872969,0.265713756531477,0.23307541,0.4639979,,45,"{""lr"": 0.001, ""dropout"": 0.3, ""aux_weight"": 0.3}"
363,2,0,0,0.0,1.0,0.19572972,0.265713756531477,0.19817185,0.3743588,,45,"{""lr"": 0.001, ""dropout"": 0.3, ""aux_weight"": 0.3}"
367,2,0,0,0.25,0.5,0.36475492,0.265713756531477,0.4464578,0.29199368,,45,"{""lr"": 0.001, ""dropout"": 0.3, ""aux_weight"": 0.3}"
371,2,0,0,0.25,0.5,0.4167382,0.265713756531477,0.391441,0.4271706,,45,"{""lr"": 0.001, ""dropout"": 0.3, ""aux_weight"": 0.3}"
373,2,0,0,0.0,1.0,0.3687688,0.265713756531477,0.33033895,0.43873703,,45,"{""lr"": 0.001, ""dropout"": 0.3, ""aux_weight"": 0.3}"
375,2,0,1,0.5,0.0,0.69602656,0.265713756531477,0.68049335,0.45221123,,45,"{""lr"": 0.001, ""dropout"": 0.3, ""aux_weight"": 0.3}"
387,2,0,0,0.0,1.0,0.011615863,0.265713756531477,0.012033088,0.3642252,,45,"{""lr"": 0.001, ""dropout"": 0.3, ""aux_weight"": 0.3}"
392,2,0,1,0.5,0.0,0.45594692,0.265713756531477,0.49565226,0.40665734,,45,"{""lr"": 0.001, ""dropout"": 0.3, ""aux_weight"": 0.3}"
393,2,0,0,0.25,0.5,0.17898524,0.265713756531477,0.18570882,0.34235713,,45,"{""lr"": 0.001, ""dropout"": 0.3, ""aux_weight"": 0.3}"
394,2,0,1,0.5,0.0,0.32865024,0.265713756531477,0.38215554,0.33581275,,45,"{""lr"": 0.001, ""dropout"": 0.3, ""aux_weight"": 0.3}"
395,2,0,1,0.5,0.0,0.47459364,0.265713756531477,0.46360618,0.4228936,,45,"{""lr"": 0.001, ""dropout"": 0.3, ""aux_weight"": 0.3}"
398,2,0,0,0.25,0.5,0.34043887,0.265713756531477,0.40141684,0.322951,,45,"{""lr"": 0.001, ""dropout"": 0.3, ""aux_weight"": 0.3}"
402,2,0,1,0.6,0.1999999999999999,0.22293413,0.265713756531477,0.23262927,0.37014046,,45,"{""lr"": 0.001, ""dropout"": 0.3, ""aux_weight"": 0.3}"
412,2,0,1,1.0,1.0,0.22603217,0.265713756531477,0.17375714,0.44863605,,45,"{""lr"": 0.001, ""dropout"": 0.3, ""aux_weight"": 0.3}"
414,2,0,1,0.6,0.1999999999999999,0.58311516,0.265713756531477,0.51148534,0.48519298,,45,"{""lr"": 0.001, ""dropout"": 0.3, ""aux_weight"": 0.3}"
416,2,0,0,0.0,1.0,0.10725017,0.265713756531477,0.098483235,0.34006932,,45,"{""lr"": 0.001, ""dropout"": 0.3, ""aux_weight"": 0.3}"
421,2,0,0,0.2,0.6,0.23935917,0.265713756531477,0.2898875,0.32460403,,45,"{""lr"": 0.001, ""dropout"": 0.3, ""aux_weight"": 0.3}"
428,2,0,1,0.6,0.1999999999999999,0.18651277,0.265713756531477,0.15064731,0.34635705,,45,"{""lr"": 0.001, ""dropout"": 0.3, ""aux_weight"": 0.3}"
432,2,0,0,0.2,0.6,0.28640717,0.265713756531477,0.35890716,0.32559222,,45,"{""lr"": 0.001, ""dropout"": 0.3, ""aux_weight"": 0.3}"
435,2,0,0,0.4,0.1999999999999999,0.37472147,0.265713756531477,0.33794853,0.39642027,,45,"{""lr"": 0.001, ""dropout"": 0.3, ""aux_weight"": 0.3}"
438,2,0,0,0.1666666666666666,0.6666666666666667,0.42680663,0.265713756531477,0.47673094,0.34096402,,45,"{""lr"": 0.001, ""dropout"": 0.3, ""aux_weight"": 0.3}"
442,2,0,1,0.8,0.6000000000000001,0.35815805,0.265713756531477,0.3889385,0.34974194,,45,"{""lr"": 0.001, ""dropout"": 0.3, ""aux_weight"": 0.3}"
444,2,0,0,0.2,0.6,0.29344255,0.265713756531477,0.36341274,0.2920686,,45,"{""lr"": 0.001, ""dropout"": 0.3, ""aux_weight"": 0.3}"
460,2,0,0,0.0,1.0,0.14447597,0.265713756531477,0.18651764,0.3093492,,45,"{""lr"": 0.001, ""dropout"": 0.3, ""aux_weight"": 0.3}"
465,2,0,1,0.5,0.0,0.5345871,0.265713756531477,0.5683398,0.37217852,,45,"{""lr"": 0.001, ""dropout"": 0.3, ""aux_weight"": 0.3}"
470,2,0,0,0.0,1.0,0.2568969,0.265713756531477,0.23636001,0.41523984,,45,"{""lr"": 0.001, ""dropout"": 0.3, ""aux_weight"": 0.3}"
471,2,0,0,0.0,1.0,0.47532302,0.265713756531477,0.4877544,0.43210876,,45,"{""lr"": 0.001, ""dropout"": 0.3, ""aux_weight"": 0.3}"
474,2,0,0,0.0,1.0,0.11982225,0.265713756531477,0.13445173,0.3395673,,45,"{""lr"": 0.001, ""dropout"": 0.3, ""aux_weight"": 0.3}"
475,2,0,0,0.25,0.5,0.22198248,0.265713756531477,0.2403578,0.33404475,,45,"{""lr"": 0.001, ""dropout"": 0.3, ""aux_weight"": 0.3}"
476,2,0,0,0.0,1.0,0.35185388,0.265713756531477,0.34005305,0.3951051,,45,"{""lr"": 0.001, ""dropout"": 0.3, ""aux_weight"": 0.3}"
485,2,0,1,0.5,0.0,0.33408105,0.265713756531477,0.32940426,0.3259316,,45,"{""lr"": 0.001, ""dropout"": 0.3, ""aux_weight"": 0.3}"
489,2,0,0,0.0,1.0,0.357571,0.265713756531477,0.36728287,0.3745618,,45,"{""lr"": 0.001, ""dropout"": 0.3, ""aux_weight"": 0.3}"
493,2,0,0,0.0,1.0,0.45899183,0.265713756531477,0.4578185,0.42264083,,45,"{""lr"": 0.001, ""dropout"": 0.3, ""aux_weight"": 0.3}"
498,2,0,0,0.0,1.0,0.019514728,0.265713756531477,0.020559747,0.32475406,,45,"{""lr"": 0.001, ""dropout"": 0.3, ""aux_weight"": 0.3}"
505,2,0,1,0.5,0.0,0.4052257,0.265713756531477,0.39627415,0.45615578,,45,"{""lr"": 0.001, ""dropout"": 0.3, ""aux_weight"": 0.3}"
506,2,0,1,0.75,0.5,0.48484808,0.265713756531477,0.42446297,0.4892743,,45,"{""lr"": 0.001, ""dropout"": 0.3, ""aux_weight"": 0.3}"
515,2,0,0,0.25,0.5,0.388717,0.265713756531477,0.34889078,0.3678186,,45,"{""lr"": 0.001, ""dropout"": 0.3, ""aux_weight"": 0.3}"
517,2,0,0,0.25,0.5,0.4197411,0.265713756531477,0.4209784,0.38867536,,45,"{""lr"": 0.001, ""dropout"": 0.3, ""aux_weight"": 0.3}"
525,2,0,0,0.2,0.6,0.00971423,0.265713756531477,0.007526653,0.3674988,,45,"{""lr"": 0.001, ""dropout"": 0.3, ""aux_weight"": 0.3}"
526,2,0,0,0.0,1.0,0.22237381,0.265713756531477,0.26028854,0.32294342,,45,"{""lr"": 0.001, ""dropout"": 0.3, ""aux_weight"": 0.3}"
531,2,0,1,0.75,0.5,0.5535753,0.265713756531477,0.6390909,0.30117604,,45,"{""lr"": 0.001, ""dropout"": 0.3, ""aux_weight"": 0.3}"
533,2,0,0,0.0,1.0,0.08817899,0.265713756531477,0.085405126,0.3668056,,45,"{""lr"": 0.001, ""dropout"": 0.3, ""aux_weight"": 0.3}"
534,2,0,1,0.75,0.5,0.3313251,0.265713756531477,0.38821727,0.3291976,,45,"{""lr"": 0.001, ""dropout"": 0.3, ""aux_weight"": 0.3}"
535,2,0,0,0.25,0.5,0.30893555,0.265713756531477,0.32198068,0.32231522,,45,"{""lr"": 0.001, ""dropout"": 0.3, ""aux_weight"": 0.3}"
545,2,0,0,0.25,0.5,0.16171974,0.265713756531477,0.15907139,0.39490983,,45,"{""lr"": 0.001, ""dropout"": 0.3, ""aux_weight"": 0.3}"
547,2,0,1,0.5,0.0,0.20690797,0.265713756531477,0.19771172,0.3829016,,45,"{""lr"": 0.001, ""dropout"": 0.3, ""aux_weight"": 0.3}"
548,2,0,1,0.5,0.0,0.4030969,0.265713756531477,0.547524,0.35984835,,45,"{""lr"": 0.001, ""dropout"": 0.3, ""aux_weight"": 0.3}"
549,2,0,0,0.0,1.0,0.14105028,0.265713756531477,0.13088402,0.3642252,,45,"{""lr"": 0.001, ""dropout"": 0.3, ""aux_weight"": 0.3}"
552,2,0,1,0.6666666666666666,0.3333333333333332,0.4388665,0.265713756531477,0.49726993,0.35825664,,45,"{""lr"": 0.001, ""dropout"": 0.3, ""aux_weight"": 0.3}"
563,2,0,0,0.0,1.0,0.23470539,0.265713756531477,0.25786263,0.3098597,,45,"{""lr"": 0.001, ""dropout"": 0.3, ""aux_weight"": 0.3}"
571,2,0,1,0.5,0.0,0.29170856,0.265713756531477,0.25976837,0.41195247,,45,"{""lr"": 0.001, ""dropout"": 0.3, ""aux_weight"": 0.3}"
573,2,0,0,0.3333333333333333,0.3333333333333333,0.31161532,0.265713756531477,0.3309266,0.344786,,45,"{""lr"": 0.001, ""dropout"": 0.3, ""aux_weight"": 0.3}"
577,2,0,0,0.1666666666666666,0.6666666666666667,0.36594522,0.265713756531477,0.39103884,0.43486357,,45,"{""lr"": 0.001, ""dropout"": 0.3, ""aux_weight"": 0.3}"
581,2,0,0,0.3333333333333333,0.3333333333333333,0.28583384,0.265713756531477,0.26981306,0.4094886,,45,"{""lr"": 0.001, ""dropout"": 0.3, ""aux_weight"": 0.3}"
583,2,0,1,0.5,0.0,0.5042781,0.265713756531477,0.42182365,0.4892743,,45,"{""lr"": 0.001, ""dropout"": 0.3, ""aux_weight"": 0.3}"
584,2,0,1,0.6666666666666666,0.3333333333333332,0.3766051,0.265713756531477,0.30636865,0.48757648,,45,"{""lr"": 0.001, ""dropout"": 0.3, ""aux_weight"": 0.3}"
588,2,0,0,0.1666666666666666,0.6666666666666667,0.23904365,0.265713756531477,0.16247047,0.5201704,,45,"{""lr"": 0.001, ""dropout"": 0.3, ""aux_weight"": 0.3}"
594,2,0,0,0.0,1.0,0.2819935,0.265713756531477,0.26969364,0.39771155,,45,"{""lr"": 0.001, ""dropout"": 0.3, ""aux_weight"": 0.3}"
601,2,0,0,0.0,1.0,0.17306373,0.265713756531477,0.17784122,0.353093,,45,"{""lr"": 0.001, ""dropout"": 0.3, ""aux_weight"": 0.3}"
606,2,0,0,0.25,0.5,0.22480068,0.265713756531477,0.16763797,0.48482955,,45,"{""lr"": 0.001, ""dropout"": 0.3, ""aux_weight"": 0.3}"
615,2,0,1,0.75,0.5,0.5390564,0.265713756531477,0.5142359,0.46000436,,45,"{""lr"": 0.001, ""dropout"": 0.3, ""aux_weight"": 0.3}"
620,2,0,1,0.75,0.5,0.41852143,0.265713756531477,0.3394819,0.47337198,,45,"{""lr"": 0.001, ""dropout"": 0.3, ""aux_weight"": 0.3}"
652,2,0,0,0.0,1.0,0.09984234,0.265713756531477,0.12976183,0.37709406,,45,"{""lr"": 0.001, ""dropout"": 0.3, ""aux_weight"": 0.3}"
655,2,0,1,0.6666666666666666,0.3333333333333332,0.23136699,0.265713756531477,0.21995936,0.41133872,,45,"{""lr"": 0.001, ""dropout"": 0.3, ""aux_weight"": 0.3}"
656,2,0,1,0.6666666666666666,0.3333333333333332,0.2848686,0.265713756531477,0.2962938,0.33744812,,45,"{""lr"": 0.001, ""dropout"": 0.3, ""aux_weight"": 0.3}"
660,2,0,0,0.1666666666666666,0.6666666666666667,0.22843207,0.265713756531477,0.23141216,0.33405757,,45,"{""lr"": 0.001, ""dropout"": 0.3, ""aux_weight"": 0.3}"
661,2,0,1,0.8333333333333334,0.6666666666666667,0.54130274,0.265713756531477,0.5609344,0.41551575,,45,"{""lr"": 0.001, ""dropout"": 0.3, ""aux_weight"": 0.3}"
662,2,0,0,0.0,1.0,0.068814605,0.265713756531477,0.06654993,0.36636007,,45,"{""lr"": 0.001, ""dropout"": 0.3, ""aux_weight"": 0.3}"
674,2,0,0,0.3333333333333333,0.3333333333333333,0.22210273,0.265713756531477,0.2341125,0.30824384,,45,"{""lr"": 0.001, ""dropout"": 0.3, ""aux_weight"": 0.3}"
680,2,0,0,0.0,1.0,0.07105681,0.265713756531477,0.07060808,0.37561822,,45,"{""lr"": 0.001, ""dropout"": 0.3, ""aux_weight"": 0.3}"
684,2,0,0,0.0,1.0,0.30391985,0.265713756531477,0.22185841,0.4967381,,45,"{""lr"": 0.001, ""dropout"": 0.3, ""aux_weight"": 0.3}"
689,2,0,0,0.0,1.0,0.053849466,0.265713756531477,0.052493617,0.35659975,,45,"{""lr"": 0.001, ""dropout"": 0.3, ""aux_weight"": 0.3}"
699,2,0,0,0.1666666666666666,0.6666666666666667,0.46807563,0.265713756531477,0.41592312,0.4847326,,45,"{""lr"": 0.001, ""dropout"": 0.3, ""aux_weight"": 0.3}"
701,2,0,0,0.1666666666666666,0.6666666666666667,0.56539655,0.265713756531477,0.5015488,0.49208498,,45,"{""lr"": 0.001, ""dropout"": 0.3, ""aux_weight"": 0.3}"
721,2,0,0,0.3333333333333333,0.3333333333333333,0.096790284,0.265713756531477,0.11297729,0.31750602,,45,"{""lr"": 0.001, ""dropout"": 0.3, ""aux_weight"": 0.3}"
723,2,0,0,0.1666666666666666,0.6666666666666667,0.16251232,0.265713756531477,0.18613121,0.30392545,,45,"{""lr"": 0.001, ""dropout"": 0.3, ""aux_weight"": 0.3}"
737,2,0,0,0.1666666666666666,0.6666666666666667,0.16247937,0.265713756531477,0.17993264,0.3606637,,45,"{""lr"": 0.001, ""dropout"": 0.3, ""aux_weight"": 0.3}"
739,2,0,0,0.3333333333333333,0.3333333333333333,0.3734172,0.265713756531477,0.3469208,0.4466297,,45,"{""lr"": 0.001, ""dropout"": 0.3, ""aux_weight"": 0.3}"
742,2,0,1,0.5,0.0,0.34363034,0.265713756531477,0.27938783,0.4277888,,45,"{""lr"": 0.001, ""dropout"": 0.3, ""aux_weight"": 0.3}"
13,2,1,0,0.2,0.6,0.29507032,0.37335605919361115,0.4550105,0.48928332,,4,"{""lr"": 0.0003, ""dropout"": 0.3, ""aux_weight"": 0.0}"
14,2,1,0,0.2,0.6,0.34172416,0.37335605919361115,0.5532086,0.4760312,,4,"{""lr"": 0.0003, ""dropout"": 0.3, ""aux_weight"": 0.0}"
16,2,1,1,0.6,0.1999999999999999,0.27412462,0.37335605919361115,0.5154513,0.47436264,,4,"{""lr"": 0.0003, ""dropout"": 0.3, ""aux_weight"": 0.0}"
20,2,1,0,0.25,0.5,0.2660041,0.37335605919361115,0.5133468,0.48405838,,4,"{""lr"": 0.0003, ""dropout"": 0.3, ""aux_weight"": 0.0}"
29,2,1,0,0.2,0.6,0.41979128,0.37335605919361115,0.46537176,0.48246303,,4,"{""lr"": 0.0003, ""dropout"": 0.3, ""aux_weight"": 0.0}"
34,2,1,0,0.1666666666666666,0.6666666666666667,0.4145838,0.37335605919361115,0.5041243,0.4834856,,4,"{""lr"": 0.0003, ""dropout"": 0.3, ""aux_weight"": 0.0}"
35,2,1,1,0.5,0.0,0.3463009,0.37335605919361115,0.49252808,0.48723522,,4,"{""lr"": 0.0003, ""dropout"": 0.3, ""aux_weight"": 0.0}"
46,2,1,0,0.4,0.1999999999999999,0.44880784,0.37335605919361115,0.48323187,0.48586044,,4,"{""lr"": 0.0003, ""dropout"": 0.3, ""aux_weight"": 0.0}"
67,2,1,0,0.0,1.0,0.28152657,0.37335605919361115,0.4878493,0.48294634,,4,"{""lr"": 0.0003, ""dropout"": 0.3, ""aux_weight"": 0.0}"
82,2,1,0,0.25,0.5,0.3600636,0.37335605919361115,0.45726585,0.4760312,,4,"{""lr"": 0.0003, ""dropout"": 0.3, ""aux_weight"": 0.0}"
83,2,1,0,0.25,0.5,0.46037233,0.37335605919361115,0.47880548,0.48390928,,4,"{""lr"": 0.0003, ""dropout"": 0.3, ""aux_weight"": 0.0}"
85,2,1,0,0.25,0.5,0.34522182,0.37335605919361115,0.4533717,0.49014282,,4,"{""lr"": 0.0003, ""dropout"": 0.3, ""aux_weight"": 0.0}"
88,2,1,1,0.5,0.0,0.2857651,0.37335605919361115,0.5356666,0.47837293,,4,"{""lr"": 0.0003, ""dropout"": 0.3, ""aux_weight"": 0.0}"
93,2,1,0,0.0,1.0,0.2953858,0.37335605919361115,0.46034658,0.484498,,4,"{""lr"": 0.0003, ""dropout"": 0.3, ""aux_weight"": 0.0}"
103,2,1,0,0.1111111111111111,0.7777777777777778,0.36680546,0.37335605919361115,0.45283142,0.49404892,,4,"{""lr"": 0.0003, ""dropout"": 0.3, ""aux_weight"": 0.0}"
116,2,1,0,0.0,1.0,0.29736167,0.37335605919361115,0.4629499,0.48080286,,4,"{""lr"": 0.0003, ""dropout"": 0.3, ""aux_weight"": 0.0}"
122,2,1,0,0.0,1.0,0.27830434,0.37335605919361115,0.46574235,0.4678528,,4,"{""lr"": 0.0003, ""dropout"": 0.3, ""aux_weight"": 0.0}"
123,2,1,0,0.0,1.0,0.29742318,0.37335605919361115,0.43049097,0.4671924,,4,"{""lr"": 0.0003, ""dropout"": 0.3, ""aux_weight"": 0.0}"
124,2,1,0,0.0,1.0,0.40405083,0.37335605919361115,0.4717064,0.47849867,,4,"{""lr"": 0.0003, ""dropout"": 0.3, ""aux_weight"": 0.0}"
127,2,1,1,0.6666666666666666,0.3333333333333332,0.35460114,0.37335605919361115,0.46617764,0.46593836,,4,"{""lr"": 0.0003, ""dropout"": 0.3, ""aux_weight"": 0.0}"
128,2,1,0,0.1111111111111111,0.7777777777777778,0.2687881,0.37335605919361115,0.48691273,0.48209038,,4,"{""lr"": 0.0003, ""dropout"": 0.3, ""aux_weight"": 0.0}"
131,2,1,0,0.0,1.0,0.31351647,0.37335605919361115,0.5722828,0.4931173,,4,"{""lr"": 0.0003, ""dropout"": 0.3, ""aux_weight"": 0.0}"
132,2,1,0,0.2222222222222222,0.5555555555555556,0.2783894,0.37335605919361115,0.5471877,0.4796976,,4,"{""lr"": 0.0003, ""dropout"": 0.3, ""aux_weight"": 0.0}"
143,2,1,1,0.5555555555555556,0.1111111111111111,0.44788432,0.37335605919361115,0.4300838,0.49107236,,4,"{""lr"": 0.0003, ""dropout"": 0.3, ""aux_weight"": 0.0}"
149,2,1,0,0.3333333333333333,0.3333333333333333,0.27085266,0.37335605919361115,0.43893373,0.4870648,,4,"{""lr"": 0.0003, ""dropout"": 0.3, ""aux_weight"": 0.0}"
153,2,1,0,0.0,1.0,0.39377752,0.37335605919361115,0.5201528,0.49362442,,4,"{""lr"": 0.0003, ""dropout"": 0.3, ""aux_weight"": 0.0}"
157,2,1,0,0.25,0.5,0.33953083,0.37335605919361115,0.5997207,0.4823209,,4,"{""lr"": 0.0003, ""dropout"": 0.3, ""aux_weight"": 0.0}"
159,2,1,0,0.0,1.0,0.30982274,0.37335605919361115,0.4638261,0.4897255,,4,"{""lr"": 0.0003, ""dropout"": 0.3, ""aux_weight"": 0.0}"
176,2,1,0,0.0,1.0,0.34496513,0.37335605919361115,0.50737005,0.48222628,,4,"{""lr"": 0.0003, ""dropout"": 0.3, ""aux_weight"": 0.0}"
181,2,1,1,0.5,0.0,0.33010066,0.37335605919361115,0.4273178,0.47838494,,4,"{""lr"": 0.0003, ""dropout"": 0.3, ""aux_weight"": 0.0}"
184,2,1,0,0.0,1.0,0.27381274,0.37335605919361115,0.4757934,0.49024656,,4,"{""lr"": 0.0003, ""dropout"": 0.3, ""aux_weight"": 0.0}"
190,2,1,0,0.25,0.5,0.2731163,0.37335605919361115,0.47429642,0.48589957,,4,"{""lr"": 0.0003, ""dropout"": 0.3, ""aux_weight"": 0.0}"
196,2,1,1,0.5,0.0,0.43714827,0.37335605919361115,0.45513216,0.49547783,,4,"{""lr"": 0.0003, ""dropout"": 0.3, ""aux_weight"": 0.0}"
198,2,1,0,0.0,1.0,0.39650083,0.37335605919361115,0.4715282,0.47970057,,4,"{""lr"": 0.0003, ""dropout"": 0.3, ""aux_weight"": 0.0}"
199,2,1,0,0.25,0.5,0.28368926,0.37335605919361115,0.47868407,0.49002892,,4,"{""lr"": 0.0003, ""dropout"": 0.3, ""aux_weight"": 0.0}"
207,2,1,0,0.2,0.6,0.30514473,0.37335605919361115,0.39244115,0.48060673,,4,"{""lr"": 0.0003, ""dropout"": 0.3, ""aux_weight"": 0.0}"
208,2,1,0,0.0,1.0,0.27078778,0.37335605919361115,0.4734351,0.48901597,,4,"{""lr"": 0.0003, ""dropout"": 0.3, ""aux_weight"": 0.0}"
212,2,1,0,0.2,0.6,0.2750293,0.37335605919361115,0.4393068,0.485277,,4,"{""lr"": 0.0003, ""dropout"": 0.3, ""aux_weight"": 0.0}"
216,2,1,0,0.0,1.0,0.37613523,0.37335605919361115,0.42212802,0.48468375,,4,"{""lr"": 0.0003, ""dropout"": 0.3, ""aux_weight"": 0.0}"
224,2,1,0,0.4,0.1999999999999999,0.35971528,0.37335605919361115,0.54951,0.49692854,,4,"{""lr"": 0.0003, ""dropout"": 0.3, ""aux_weight"": 0.0}"
227,2,1,1,1.0,1.0,0.39648157,0.37335605919361115,0.4697978,0.48035672,,4,"{""lr"": 0.0003, ""dropout"": 0.3, ""aux_weight"": 0.0}"
229,2,1,0,0.0,1.0,0.41285717,0.37335605919361115,0.43772876,0.47461888,,4,"{""lr"": 0.0003, ""dropout"": 0.3, ""aux_weight"": 0.0}"
235,2,1,0,0.0,1.0,0.34672728,0.37335605919361115,0.5216255,0.47757778,,4,"{""lr"": 0.0003, ""dropout"": 0.3, ""aux_weight"": 0.0}"
240,2,1,0,0.2,0.6,0.31336784,0.37335605919361115,0.5135783,0.48113865,,4,"{""lr"": 0.0003, ""dropout"": 0.3, ""aux_weight"": 0.0}"
245,2,1,0,0.0,1.0,0.32575572,0.37335605919361115,0.5529295,0.48696494,,4,"{""lr"": 0.0003, ""dropout"": 0.3, ""aux_weight"": 0.0}"
247,2,1,0,0.2,0.6,0.36831325,0.37335605919361115,0.5047438,0.49162713,,4,"{""lr"": 0.0003, ""dropout"": 0.3, ""aux_weight"": 0.0}"
258,2,1,0,0.0,1.0,0.30421865,0.37335605919361115,0.48409846,0.48709738,,4,"{""lr"": 0.0003, ""dropout"": 0.3, ""aux_weight"": 0.0}"
262,2,1,1,0.5,0.0,0.41008562,0.37335605919361115,0.49754554,0.48426256,,4,"{""lr"": 0.0003, ""dropout"": 0.3, ""aux_weight"": 0.0}"
277,2,1,1,0.5,0.0,0.45876223,0.37335605919361115,0.5289536,0.4840136,,4,"{""lr"": 0.0003, ""dropout"": 0.3, ""aux_weight"": 0.0}"
278,2,1,0,0.25,0.5,0.30603197,0.37335605919361115,0.45040923,0.4879559,,4,"{""lr"": 0.0003, ""dropout"": 0.3, ""aux_weight"": 0.0}"
279,2,1,0,0.2,0.6,0.31074542,0.37335605919361115,0.41896397,0.48741937,,4,"{""lr"": 0.0003, ""dropout"": 0.3, ""aux_weight"": 0.0}"
285,2,1,0,0.4,0.1999999999999999,0.36965603,0.37335605919361115,0.4645847,0.4829281,,4,"{""lr"": 0.0003, ""dropout"": 0.3, ""aux_weight"": 0.0}"
287,2,1,0,0.25,0.5,0.41436985,0.37335605919361115,0.4164923,0.4914582,,4,"{""lr"": 0.0003, ""dropout"": 0.3, ""aux_weight"": 0.0}"
291,2,1,0,0.0,1.0,0.38266033,0.37335605919361115,0.47353768,0.4915543,,4,"{""lr"": 0.0003, ""dropout"": 0.3, ""aux_weight"": 0.0}"
292,2,1,0,0.25,0.5,0.4926473,0.37335605919361115,0.5194156,0.49137947,,4,"{""lr"": 0.0003, ""dropout"": 0.3, ""aux_weight"": 0.0}"
293,2,1,1,0.5,0.0,0.44677758,0.37335605919361115,0.5166535,0.48841837,,4,"{""lr"": 0.0003, ""dropout"": 0.3, ""aux_weight"": 0.0}"
295,2,1,0,0.0,1.0,0.2759695,0.37335605919361115,0.4602967,0.48066714,,4,"{""lr"": 0.0003, ""dropout"": 0.3, ""aux_weight"": 0.0}"
300,2,1,0,0.0,1.0,0.42763305,0.37335605919361115,0.43245816,0.48066714,,4,"{""lr"": 0.0003, ""dropout"": 0.3, ""aux_weight"": 0.0}"
304,2,1,1,0.8,0.6000000000000001,0.40588796,0.37335605919361115,0.44928557,0.47994977,,4,"{""lr"": 0.0003, ""dropout"": 0.3, ""aux_weight"": 0.0}"
307,2,1,0,0.4,0.1999999999999999,0.41775006,0.37335605919361115,0.52634275,0.48348957,,4,"{""lr"": 0.0003, ""dropout"": 0.3, ""aux_weight"": 0.0}"
309,2,1,1,0.8,0.6000000000000001,0.41391045,0.37335605919361115,0.5593846,0.49029246,,4,"{""lr"": 0.0003, ""dropout"": 0.3, ""aux_weight"": 0.0}"
318,2,1,0,0.4,0.1999999999999999,0.3683651,0.37335605919361115,0.51255405,0.47095326,,4,"{""lr"": 0.0003, ""dropout"": 0.3, ""aux_weight"": 0.0}"
347,2,1,0,0.4,0.1999999999999999,0.5134858,0.37335605919361115,0.49842927,0.4798494,,4,"{""lr"": 0.0003, ""dropout"": 0.3, ""aux_weight"": 0.0}"
349,2,1,0,0.0,1.0,0.30709258,0.37335605919361115,0.47825772,0.48405403,,4,"{""lr"": 0.0003, ""dropout"": 0.3, ""aux_weight"": 0.0}"
351,2,1,0,0.0,1.0,0.40861213,0.37335605919361115,0.45283267,0.48812103,,4,"{""lr"": 0.0003, ""dropout"": 0.3, ""aux_weight"": 0.0}"
358,2,1,0,0.25,0.5,0.5140877,0.37335605919361115,0.4665056,0.48172197,,4,"{""lr"": 0.0003, ""dropout"": 0.3, ""aux_weight"": 0.0}"
359,2,1,0,0.25,0.5,0.4602689,0.37335605919361115,0.4558391,0.49180606,,4,"{""lr"": 0.0003, ""dropout"": 0.3, ""aux_weight"": 0.0}"
360,2,1,0,0.25,0.5,0.31937712,0.37335605919361115,0.565256,0.48704895,,4,"{""lr"": 0.0003, ""dropout"": 0.3, ""aux_weight"": 0.0}"
372,2,1,0,0.25,0.5,0.42905414,0.37335605919361115,0.48582417,0.4734081,,4,"{""lr"": 0.0003, ""dropout"": 0.3, ""aux_weight"": 0.0}"
374,2,1,1,0.5,0.0,0.47500604,0.37335605919361115,0.5274211,0.4787923,,4,"{""lr"": 0.0003, ""dropout"": 0.3, ""aux_weight"": 0.0}"
381,2,1,1,0.75,0.5,0.38830757,0.37335605919361115,0.53013694,0.4842914,,4,"{""lr"": 0.0003, ""dropout"": 0.3, ""aux_weight"": 0.0}"
382,2,1,1,0.5,0.0,0.4347573,0.37335605919361115,0.522843,0.4725344,,4,"{""lr"": 0.0003, ""dropout"": 0.3, ""aux_weight"": 0.0}"
383,2,1,0,0.0,1.0,0.27554992,0.37335605919361115,0.43513998,0.48208264,,4,"{""lr"": 0.0003, ""dropout"": 0.3, ""aux_weight"": 0.0}"
384,2,1,0,0.25,0.5,0.4591155,0.37335605919361115,0.4319105,0.48747125,,4,"{""lr"": 0.0003, ""dropout"": 0.3, ""aux_weight"": 0.0}"
389,2,1,0,0.25,0.5,0.47138909,0.37335605919361115,0.5136708,0.4957651,,4,"{""lr"": 0.0003, ""dropout"": 0.3, ""aux_weight"": 0.0}"
399,2,1,0,0.25,0.5,0.4442994,0.37335605919361115,0.4614478,0.49298564,,4,"{""lr"": 0.0003, ""dropout"": 0.3, ""aux_weight"": 0.0}"
401,2,1,0,0.2,0.6,0.4734702,0.37335605919361115,0.48491412,0.47877553,,4,"{""lr"": 0.0003, ""dropout"": 0.3, ""aux_weight"": 0.0}"
405,2,1,0,0.0,1.0,0.4993539,0.37335605919361115,0.45755517,0.48463145,,4,"{""lr"": 0.0003, ""dropout"": 0.3, ""aux_weight"": 0.0}"
420,2,1,0,0.0,1.0,0.3008374,0.37335605919361115,0.39085162,0.4770749,,4,"{""lr"": 0.0003, ""dropout"": 0.3, ""aux_weight"": 0.0}"
427,2,1,1,0.6,0.1999999999999999,0.5183731,0.37335605919361115,0.49326476,0.4822173,,4,"{""lr"": 0.0003, ""dropout"": 0.3, ""aux_weight"": 0.0}"
430,2,1,1,0.6,0.1999999999999999,0.56242484,0.37335605919361115,0.4832422,0.47348922,,4,"{""lr"": 0.0003, ""dropout"": 0.3, ""aux_weight"": 0.0}"
431,2,1,0,0.4,0.1999999999999999,0.5256038,0.37335605919361115,0.4817931,0.48291594,,4,"{""lr"": 0.0003, ""dropout"": 0.3, ""aux_weight"": 0.0}"
433,2,1,0,0.0,1.0,0.47081968,0.37335605919361115,0.48737454,0.48832533,,4,"{""lr"": 0.0003, ""dropout"": 0.3, ""aux_weight"": 0.0}"
447,2,1,0,0.0,1.0,0.37306523,0.37335605919361115,0.5166633,0.48479804,,4,"{""lr"": 0.0003, ""dropout"": 0.3, ""aux_weight"": 0.0}"
456,2,1,1,0.5,0.0,0.46718347,0.37335605919361115,0.5104513,0.48249733,,4,"{""lr"": 0.0003, ""dropout"": 0.3, ""aux_weight"": 0.0}"
458,2,1,0,0.0,1.0,0.45190984,0.37335605919361115,0.48166862,0.48248106,,4,"{""lr"": 0.0003, ""dropout"": 0.3, ""aux_weight"": 0.0}"
461,2,1,1,0.5,0.0,0.5505289,0.37335605919361115,0.45681015,0.47719908,,4,"{""lr"": 0.0003, ""dropout"": 0.3, ""aux_weight"": 0.0}"
464,2,1,0,0.0,1.0,0.5686257,0.37335605919361115,0.45377085,0.4780942,,4,"{""lr"": 0.0003, ""dropout"": 0.3, ""aux_weight"": 0.0}"
477,2,1,0,0.0,1.0,0.27319688,0.37335605919361115,0.39324147,0.48002765,,4,"{""lr"": 0.0003, ""dropout"": 0.3, ""aux_weight"": 0.0}"
488,2,1,1,0.5,0.0,0.5036825,0.37335605919361115,0.4960575,0.47355872,,4,"{""lr"": 0.0003, ""dropout"": 0.3, ""aux_weight"": 0.0}"
492,2,1,0,0.3333333333333333,0.3333333333333333,0.37224925,0.37335605919361115,0.5363878,0.47999772,,4,"{""lr"": 0.0003, ""dropout"": 0.3, ""aux_weight"": 0.0}"
503,2,1,0,0.0,1.0,0.4242738,0.37335605919361115,0.46406448,0.48334917,,4,"{""lr"": 0.0003, ""dropout"": 0.3, ""aux_weight"": 0.0}"
508,2,1,1,0.75,0.5,0.45209453,0.37335605919361115,0.44165295,0.4792845,,4,"{""lr"": 0.0003, ""dropout"": 0.3, ""aux_weight"": 0.0}"
509,2,1,0,0.25,0.5,0.4500541,0.37335605919361115,0.48497933,0.47616866,,4,"{""lr"": 0.0003, ""dropout"": 0.3, ""aux_weight"": 0.0}"
510,2,1,1,0.5,0.0,0.450516,0.37335605919361115,0.437295,0.4735319,,4,"{""lr"": 0.0003, ""dropout"": 0.3, ""aux_weight"": 0.0}"
520,2,1,1,0.5,0.0,0.46982962,0.37335605919361115,0.4774407,0.4884481,,4,"{""lr"": 0.0003, ""dropout"": 0.3, ""aux_weight"": 0.0}"
521,2,1,1,0.75,0.5,0.5373386,0.37335605919361115,0.39820504,0.47970566,,4,"{""lr"": 0.0003, ""dropout"": 0.3, ""aux_weight"": 0.0}"
524,2,1,0,0.0,1.0,0.51412606,0.37335605919361115,0.5009656,0.4807723,,4,"{""lr"": 0.0003, ""dropout"": 0.3, ""aux_weight"": 0.0}"
528,2,1,0,0.0,1.0,0.32871526,0.37335605919361115,0.4063161,0.483721,,4,"{""lr"": 0.0003, ""dropout"": 0.3, ""aux_weight"": 0.0}"
538,2,1,0,0.0,1.0,0.51763105,0.37335605919361115,0.52863324,0.4784703,,4,"{""lr"": 0.0003, ""dropout"": 0.3, ""aux_weight"": 0.0}"
539,2,1,0,0.25,0.5,0.47990227,0.37335605919361115,0.47374564,0.48002765,,4,"{""lr"": 0.0003, ""dropout"": 0.3, ""aux_weight"": 0.0}"
541,2,1,1,0.5,0.0,0.4780047,0.37335605919361115,0.51182365,0.48179147,,4,"{""lr"": 0.0003, ""dropout"": 0.3, ""aux_weight"": 0.0}"
542,2,1,0,0.25,0.5,0.4511003,0.37335605919361115,0.46713525,0.49240443,,4,"{""lr"": 0.0003, ""dropout"": 0.3, ""aux_weight"": 0.0}"
543,2,1,1,0.5,0.0,0.562712,0.37335605919361115,0.4778627,0.483889,,4,"{""lr"": 0.0003, ""dropout"": 0.3, ""aux_weight"": 0.0}"
550,2,1,0,0.0,1.0,0.4537874,0.37335605919361115,0.47732222,0.4822753,,4,"{""lr"": 0.0003, ""dropout"": 0.3, ""aux_weight"": 0.0}"
568,2,1,1,1.0,1.0,0.45429385,0.37335605919361115,0.4538042,0.4878356,,4,"{""lr"": 0.0003, ""dropout"": 0.3, ""aux_weight"": 0.0}"
569,2,1,0,0.1666666666666666,0.6666666666666667,0.45974442,0.37335605919361115,0.46317708,0.4719547,,4,"{""lr"": 0.0003, ""dropout"": 0.3, ""aux_weight"": 0.0}"
575,2,1,1,0.5,0.0,0.62028766,0.37335605919361115,0.48819065,0.49030828,,4,"{""lr"": 0.0003, ""dropout"": 0.3, ""aux_weight"": 0.0}"
579,2,1,0,0.3333333333333333,0.3333333333333333,0.5030655,0.37335605919361115,0.48085165,0.48439738,,4,"{""lr"": 0.0003, ""dropout"": 0.3, ""aux_weight"": 0.0}"
580,2,1,0,0.3333333333333333,0.3333333333333333,0.40427065,0.37335605919361115,0.54604244,0.48307627,,4,"{""lr"": 0.0003, ""dropout"": 0.3, ""aux_weight"": 0.0}"
582,2,1,1,0.5,0.0,0.45321444,0.37335605919361115,0.45565277,0.4720194,,4,"{""lr"": 0.0003, ""dropout"": 0.3, ""aux_weight"": 0.0}"
586,2,1,1,0.6666666666666666,0.3333333333333332,0.48263326,0.37335605919361115,0.5140655,0.47351784,,4,"{""lr"": 0.0003, ""dropout"": 0.3, ""aux_weight"": 0.0}"
590,2,1,0,0.3333333333333333,0.3333333333333333,0.57253885,0.37335605919361115,0.5002106,0.4700676,,4,"{""lr"": 0.0003, ""dropout"": 0.3, ""aux_weight"": 0.0}"
592,2,1,1,0.6,0.1999999999999999,0.4754108,0.37335605919361115,0.4712919,0.47039697,,4,"{""lr"": 0.0003, ""dropout"": 0.3, ""aux_weight"": 0.0}"
593,2,1,1,0.5,0.0,0.34371427,0.37335605919361115,0.5058153,0.47615644,,4,"{""lr"": 0.0003, ""dropout"": 0.3, ""aux_weight"": 0.0}"
595,2,1,1,0.8333333333333334,0.6666666666666667,0.45826846,0.37335605919361115,0.49379182,0.48280653,,4,"{""lr"": 0.0003, ""dropout"": 0.3, ""aux_weight"": 0.0}"
600,2,1,0,0.1666666666666666,0.6666666666666667,0.5743856,0.37335605919361115,0.46910834,0.4736964,,4,"{""lr"": 0.0003, ""dropout"": 0.3, ""aux_weight"": 0.0}"
602,2,1,0,0.25,0.5,0.4787741,0.37335605919361115,0.45034456,0.46983412,,4,"{""lr"": 0.0003, ""dropout"": 0.3, ""aux_weight"": 0.0}"
603,2,1,1,0.5,0.0,0.4329599,0.37335605919361115,0.48041177,0.4797524,,4,"{""lr"": 0.0003, ""dropout"": 0.3, ""aux_weight"": 0.0}"
604,2,1,1,0.75,0.5,0.5418515,0.37335605919361115,0.4818185,0.4813935,,4,"{""lr"": 0.0003, ""dropout"": 0.3, ""aux_weight"": 0.0}"
605,2,1,1,0.5,0.0,0.526498,0.37335605919361115,0.48676127,0.46856198,,4,"{""lr"": 0.0003, ""dropout"": 0.3, ""aux_weight"": 0.0}"
610,2,1,0,0.25,0.5,0.44628483,0.37335605919361115,0.5102949,0.48553762,,4,"{""lr"": 0.0003, ""dropout"": 0.3, ""aux_weight"": 0.0}"
612,2,1,0,0.0,1.0,0.2145749,0.37335605919361115,0.4797672,0.48208264,,4,"{""lr"": 0.0003, ""dropout"": 0.3, ""aux_weight"": 0.0}"
617,2,1,1,0.5,0.0,0.5050211,0.37335605919361115,0.50047094,0.48011997,,4,"{""lr"": 0.0003, ""dropout"": 0.3, ""aux_weight"": 0.0}"
619,2,1,0,0.25,0.5,0.55761343,0.37335605919361115,0.4977001,0.46664432,,4,"{""lr"": 0.0003, ""dropout"": 0.3, ""aux_weight"": 0.0}"
625,2,1,0,0.0,1.0,0.46987048,0.37335605919361115,0.48625368,0.47835046,,4,"{""lr"": 0.0003, ""dropout"": 0.3, ""aux_weight"": 0.0}"
638,2,1,0,0.25,0.5,0.47236356,0.37335605919361115,0.455566,0.48011997,,4,"{""lr"": 0.0003, ""dropout"": 0.3, ""aux_weight"": 0.0}"
659,2,1,1,0.6666666666666666,0.3333333333333332,0.54595363,0.37335605919361115,0.46108985,0.4813625,,4,"{""lr"": 0.0003, ""dropout"": 0.3, ""aux_weight"": 0.0}"
663,2,1,0,0.3333333333333333,0.3333333333333333,0.44926342,0.37335605919361115,0.44022658,0.4778897,,4,"{""lr"": 0.0003, ""dropout"": 0.3, ""aux_weight"": 0.0}"
665,2,1,0,0.1666666666666666,0.6666666666666667,0.48439825,0.37335605919361115,0.46361214,0.49078837,,4,"{""lr"": 0.0003, ""dropout"": 0.3, ""aux_weight"": 0.0}"
672,2,1,0,0.0,1.0,0.43208858,0.37335605919361115,0.49989372,0.48373014,,4,"{""lr"": 0.0003, ""dropout"": 0.3, ""aux_weight"": 0.0}"
677,2,1,1,0.6666666666666666,0.3333333333333332,0.43363404,0.37335605919361115,0.5155158,0.48607165,,4,"{""lr"": 0.0003, ""dropout"": 0.3, ""aux_weight"": 0.0}"
678,2,1,0,0.3333333333333333,0.3333333333333333,0.42875436,0.37335605919361115,0.52985203,0.4833379,,4,"{""lr"": 0.0003, ""dropout"": 0.3, ""aux_weight"": 0.0}"
679,2,1,0,0.4,0.1999999999999999,0.3329662,0.37335605919361115,0.4625756,0.483721,,4,"{""lr"": 0.0003, ""dropout"": 0.3, ""aux_weight"": 0.0}"
688,2,1,0,0.1666666666666666,0.6666666666666667,0.40324345,0.37335605919361115,0.52419484,0.47748774,,4,"{""lr"": 0.0003, ""dropout"": 0.3, ""aux_weight"": 0.0}"
690,2,1,0,0.0,1.0,0.4152971,0.37335605919361115,0.47913772,0.47392485,,4,"{""lr"": 0.0003, ""dropout"": 0.3, ""aux_weight"": 0.0}"
696,2,1,0,0.1666666666666666,0.6666666666666667,0.5011283,0.37335605919361115,0.50477386,0.47084317,,4,"{""lr"": 0.0003, ""dropout"": 0.3, ""aux_weight"": 0.0}"
697,2,1,1,0.5,0.0,0.4276191,0.37335605919361115,0.5048021,0.4760423,,4,"{""lr"": 0.0003, ""dropout"": 0.3, ""aux_weight"": 0.0}"
706,2,1,1,0.6666666666666666,0.3333333333333332,0.44613302,0.37335605919361115,0.54678464,0.48577935,,4,"{""lr"": 0.0003, ""dropout"": 0.3, ""aux_weight"": 0.0}"
708,2,1,0,0.0,1.0,0.41262603,0.37335605919361115,0.45455322,0.48048496,,4,"{""lr"": 0.0003, ""dropout"": 0.3, ""aux_weight"": 0.0}"
712,2,1,0,0.1666666666666666,0.6666666666666667,0.40126595,0.37335605919361115,0.5112269,0.477288,,4,"{""lr"": 0.0003, ""dropout"": 0.3, ""aux_weight"": 0.0}"
724,2,1,0,0.2,0.6,0.4014824,0.37335605919361115,0.39796865,0.47819677,,4,"{""lr"": 0.0003, ""dropout"": 0.3, ""aux_weight"": 0.0}"
726,2,1,0,0.0,1.0,0.5034461,0.37335605919361115,0.4598052,0.48551738,,4,"{""lr"": 0.0003, ""dropout"": 0.3, ""aux_weight"": 0.0}"
728,2,1,0,0.2,0.6,0.36008433,0.37335605919361115,0.48100096,0.47902122,,4,"{""lr"": 0.0003, ""dropout"": 0.3, ""aux_weight"": 0.0}"
733,2,1,0,0.1666666666666666,0.6666666666666667,0.38860852,0.37335605919361115,0.5455365,0.4775246,,4,"{""lr"": 0.0003, ""dropout"": 0.3, ""aux_weight"": 0.0}"
735,2,1,0,0.0,1.0,0.26630288,0.37335605919361115,0.4307351,0.47981054,,4,"{""lr"": 0.0003, ""dropout"": 0.3, ""aux_weight"": 0.0}"
736,2,1,0,0.0,1.0,0.3966021,0.37335605919361115,0.41620523,0.4818875,,4,"{""lr"": 0.0003, ""dropout"": 0.3, ""aux_weight"": 0.0}"
11,2,2,1,0.6,0.1999999999999999,0.26062024,0.37269836395978934,0.49312127,0.5124074,,10,"{""lr"": 0.0003, ""dropout"": 0.3, ""aux_weight"": 0.0}"
15,2,2,0,0.4,0.1999999999999999,0.40842643,0.37269836395978934,0.5151304,0.51978034,,10,"{""lr"": 0.0003, ""dropout"": 0.3, ""aux_weight"": 0.0}"
21,2,2,0,0.2,0.6,0.33672452,0.37269836395978934,0.4772984,0.51459557,,10,"{""lr"": 0.0003, ""dropout"": 0.3, ""aux_weight"": 0.0}"
24,2,2,0,0.0,1.0,0.2925186,0.37269836395978934,0.47095478,0.5129724,,10,"{""lr"": 0.0003, ""dropout"": 0.3, ""aux_weight"": 0.0}"
27,2,2,0,0.2,0.6,0.3288225,0.37269836395978934,0.41095614,0.5124074,,10,"{""lr"": 0.0003, ""dropout"": 0.3, ""aux_weight"": 0.0}"
28,2,2,0,0.2,0.6,0.29975796,0.37269836395978934,0.4601852,0.52097285,,10,"{""lr"": 0.0003, ""dropout"": 0.3, ""aux_weight"": 0.0}"
30,2,2,0,0.2,0.6,0.3091896,0.37269836395978934,0.5663846,0.5163937,,10,"{""lr"": 0.0003, ""dropout"": 0.3, ""aux_weight"": 0.0}"
31,2,2,0,0.1666666666666666,0.6666666666666667,0.17490974,0.37269836395978934,0.4170884,0.51088005,,10,"{""lr"": 0.0003, ""dropout"": 0.3, ""aux_weight"": 0.0}"
37,2,2,0,0.2,0.6,0.2112316,0.37269836395978934,0.483173,0.51692367,,10,"{""lr"": 0.0003, ""dropout"": 0.3, ""aux_weight"": 0.0}"
47,2,2,0,0.25,0.5,0.25059012,0.37269836395978934,0.48190036,0.51603633,,10,"{""lr"": 0.0003, ""dropout"": 0.3, ""aux_weight"": 0.0}"
58,2,2,0,0.25,0.5,0.3002609,0.37269836395978934,0.4638992,0.5202347,,10,"{""lr"": 0.0003, ""dropout"": 0.3, ""aux_weight"": 0.0}"
59,2,2,0,0.25,0.5,0.26897815,0.37269836395978934,0.51562285,0.51423,,10,"{""lr"": 0.0003, ""dropout"": 0.3, ""aux_weight"": 0.0}"
61,2,2,0,0.2,0.6,0.2974919,0.37269836395978934,0.49575648,0.5133015,,10,"{""lr"": 0.0003, ""dropout"": 0.3, ""aux_weight"": 0.0}"
64,2,2,0,0.3333333333333333,0.3333333333333333,0.20387223,0.37269836395978934,0.47228307,0.5149253,,10,"{""lr"": 0.0003, ""dropout"": 0.3, ""aux_weight"": 0.0}"
71,2,2,0,0.0,1.0,0.20163447,0.37269836395978934,0.46357635,0.52318174,,10,"{""lr"": 0.0003, ""dropout"": 0.3, ""aux_weight"": 0.0}"
76,2,2,0,0.25,0.5,0.309075,0.37269836395978934,0.5130209,0.5197592,,10,"{""lr"": 0.0003, ""dropout"": 0.3, ""aux_weight"": 0.0}"
87,2,2,0,0.0,1.0,0.3978699,0.37269836395978934,0.5505065,0.51644355,,10,"{""lr"": 0.0003, ""dropout"": 0.3, ""aux_weight"": 0.0}"
94,2,2,0,0.25,0.5,0.388702,0.37269836395978934,0.49844468,0.5165989,,10,"{""lr"": 0.0003, ""dropout"": 0.3, ""aux_weight"": 0.0}"
95,2,2,0,0.25,0.5,0.16360632,0.37269836395978934,0.45006263,0.5208301,,10,"{""lr"": 0.0003, ""dropout"": 0.3, ""aux_weight"": 0.0}"
97,2,2,0,0.25,0.5,0.30472806,0.37269836395978934,0.5239613,0.52279353,,10,"{""lr"": 0.0003, ""dropout"": 0.3, ""aux_weight"": 0.0}"
101,2,2,0,0.3333333333333333,0.3333333333333333,0.36553028,0.37269836395978934,0.4855221,0.50947183,,10,"{""lr"": 0.0003, ""dropout"": 0.3, ""aux_weight"": 0.0}"
105,2,2,0,0.0,1.0,0.23676723,0.37269836395978934,0.47297972,0.5164477,,10,"{""lr"": 0.0003, ""dropout"": 0.3, ""aux_weight"": 0.0}"
111,2,2,0,0.1111111111111111,0.7777777777777778,0.34518337,0.37269836395978934,0.53710985,0.5140319,,10,"{""lr"": 0.0003, ""dropout"": 0.3, ""aux_weight"": 0.0}"
113,2,2,0,0.1111111111111111,0.7777777777777778,0.4357211,0.37269836395978934,0.5119616,0.5109879,,10,"{""lr"": 0.0003, ""dropout"": 0.3, ""aux_weight"": 0.0}"
120,2,2,0,0.0,1.0,0.42003137,0.37269836395978934,0.45943493,0.51853836,,10,"{""lr"": 0.0003, ""dropout"": 0.3, ""aux_weight"": 0.0}"
129,2,2,0,0.2,0.6,0.2749763,0.37269836395978934,0.41341037,0.5174868,,10,"{""lr"": 0.0003, ""dropout"": 0.3, ""aux_weight"": 0.0}"
142,2,2,0,0.0,1.0,0.38168788,0.37269836395978934,0.53691435,0.5125394,,10,"{""lr"": 0.0003, ""dropout"": 0.3, ""aux_weight"": 0.0}"
148,2,2,0,0.1111111111111111,0.7777777777777778,0.18135878,0.37269836395978934,0.44816,0.514364,,10,"{""lr"": 0.0003, ""dropout"": 0.3, ""aux_weight"": 0.0}"
150,2,2,0,0.0,1.0,0.3403827,0.37269836395978934,0.49718487,0.51685363,,10,"{""lr"": 0.0003, ""dropout"": 0.3, ""aux_weight"": 0.0}"
151,2,2,0,0.0,1.0,0.36903846,0.37269836395978934,0.52335477,0.52278316,,10,"{""lr"": 0.0003, ""dropout"": 0.3, ""aux_weight"": 0.0}"
156,2,2,0,0.25,0.5,0.40425217,0.37269836395978934,0.5598878,0.51184756,,10,"{""lr"": 0.0003, ""dropout"": 0.3, ""aux_weight"": 0.0}"
158,2,2,0,0.0,1.0,0.16370384,0.37269836395978934,0.41932935,0.5122005,,10,"{""lr"": 0.0003, ""dropout"": 0.3, ""aux_weight"": 0.0}"
163,2,2,0,0.25,0.5,0.38060248,0.37269836395978934,0.5284506,0.5293679,,10,"{""lr"": 0.0003, ""dropout"": 0.3, ""aux_weight"": 0.0}"
167,2,2,0,0.0,1.0,0.37817878,0.37269836395978934,0.47205865,0.51467645,,10,"{""lr"": 0.0003, ""dropout"": 0.3, ""aux_weight"": 0.0}"
168,2,2,0,0.25,0.5,0.25077653,0.37269836395978934,0.42268285,0.5183943,,10,"{""lr"": 0.0003, ""dropout"": 0.3, ""aux_weight"": 0.0}"
177,2,2,0,0.0,1.0,0.3495617,0.37269836395978934,0.475221,0.51250976,,10,"{""lr"": 0.0003, ""dropout"": 0.3, ""aux_weight"": 0.0}"
179,2,2,0,0.25,0.5,0.34575242,0.37269836395978934,0.55651695,0.51107824,,10,"{""lr"": 0.0003, ""dropout"": 0.3, ""aux_weight"": 0.0}"
187,2,2,0,0.0,1.0,0.2945873,0.37269836395978934,0.46822616,0.51373816,,10,"{""lr"": 0.0003, ""dropout"": 0.3, ""aux_weight"": 0.0}"
189,2,2,1,0.5,0.0,0.32078797,0.37269836395978934,0.47622913,0.51879925,,10,"{""lr"": 0.0003, ""dropout"": 0.3, ""aux_weight"": 0.0}"
201,2,2,0,0.25,0.5,0.30387384,0.37269836395978934,0.451714,0.5166443,,10,"{""lr"": 0.0003, ""dropout"": 0.3, ""aux_weight"": 0.0}"
205,2,2,0,0.2,0.6,0.1390165,0.37269836395978934,0.40415597,0.509606,,10,"{""lr"": 0.0003, ""dropout"": 0.3, ""aux_weight"": 0.0}"
206,2,2,1,0.5,0.0,0.25494334,0.37269836395978934,0.40126705,0.50941783,,10,"{""lr"": 0.0003, ""dropout"": 0.3, ""aux_weight"": 0.0}"
213,2,2,0,0.4,0.1999999999999999,0.3719346,0.37269836395978934,0.49860948,0.52233624,,10,"{""lr"": 0.0003, ""dropout"": 0.3, ""aux_weight"": 0.0}"
214,2,2,0,0.2,0.6,0.22391197,0.37269836395978934,0.46957648,0.5201921,,10,"{""lr"": 0.0003, ""dropout"": 0.3, ""aux_weight"": 0.0}"
220,2,2,0,0.4,0.1999999999999999,0.17275149,0.37269836395978934,0.47633982,0.5137813,,10,"{""lr"": 0.0003, ""dropout"": 0.3, ""aux_weight"": 0.0}"
223,2,2,0,0.2,0.6,0.27128118,0.37269836395978934,0.41674304,0.5164382,,10,"{""lr"": 0.0003, ""dropout"": 0.3, ""aux_weight"": 0.0}"
237,2,2,0,0.4,0.1999999999999999,0.2266843,0.37269836395978934,0.5089345,0.524517,,10,"{""lr"": 0.0003, ""dropout"": 0.3, ""aux_weight"": 0.0}"
238,2,2,0,0.25,0.5,0.15807927,0.37269836395978934,0.4324024,0.5149202,,10,"{""lr"": 0.0003, ""dropout"": 0.3, ""aux_weight"": 0.0}"
241,2,2,1,0.6,0.1999999999999999,0.2918534,0.37269836395978934,0.47832555,0.5249874,,10,"{""lr"": 0.0003, ""dropout"": 0.3, ""aux_weight"": 0.0}"
249,2,2,1,0.6,0.1999999999999999,0.33476686,0.37269836395978934,0.50694823,0.52211773,,10,"{""lr"": 0.0003, ""dropout"": 0.3, ""aux_weight"": 0.0}"
252,2,2,0,0.0,1.0,0.34158105,0.37269836395978934,0.50868016,0.513074,,10,"{""lr"": 0.0003, ""dropout"": 0.3, ""aux_weight"": 0.0}"
259,2,2,0,0.0,1.0,0.29529282,0.37269836395978934,0.4999968,0.52098536,,10,"{""lr"": 0.0003, ""dropout"": 0.3, ""aux_weight"": 0.0}"
264,2,2,0,0.25,0.5,0.19959225,0.37269836395978934,0.41866857,0.5167699,,10,"{""lr"": 0.0003, ""dropout"": 0.3, ""aux_weight"": 0.0}"
268,2,2,1,0.5,0.0,0.24337977,0.37269836395978934,0.45110142,0.5172412,,10,"{""lr"": 0.0003, ""dropout"": 0.3, ""aux_weight"": 0.0}"
269,2,2,1,0.5,0.0,0.35703915,0.37269836395978934,0.52068293,0.51166254,,10,"{""lr"": 0.0003, ""dropout"": 0.3, ""aux_weight"": 0.0}"
270,2,2,0,0.0,1.0,0.4154371,0.37269836395978934,0.51477957,0.5117596,,10,"{""lr"": 0.0003, ""dropout"": 0.3, ""aux_weight"": 0.0}"
271,2,2,0,0.0,1.0,0.43010196,0.37269836395978934,0.56212306,0.5243351,,10,"{""lr"": 0.0003, ""dropout"": 0.3, ""aux_weight"": 0.0}"
275,2,2,1,0.5,0.0,0.4195752,0.37269836395978934,0.47548985,0.5165389,,10,"{""lr"": 0.0003, ""dropout"": 0.3, ""aux_weight"": 0.0}"
280,2,2,0,0.25,0.5,0.32596517,0.37269836395978934,0.48705727,0.5245368,,10,"{""lr"": 0.0003, ""dropout"": 0.3, ""aux_weight"": 0.0}"
281,2,2,0,0.0,1.0,0.28072125,0.37269836395978934,0.46756595,0.5208568,,10,"{""lr"": 0.0003, ""dropout"": 0.3, ""aux_weight"": 0.0}"
283,2,2,0,0.25,0.5,0.3873564,0.37269836395978934,0.46874171,0.5189983,,10,"{""lr"": 0.0003, ""dropout"": 0.3, ""aux_weight"": 0.0}"
284,2,2,1,0.5,0.0,0.3255738,0.37269836395978934,0.48960668,0.51750654,,10,"{""lr"": 0.0003, ""dropout"": 0.3, ""aux_weight"": 0.0}"
286,2,2,0,0.2,0.6,0.2593407,0.37269836395978934,0.4685113,0.51361287,,10,"{""lr"": 0.0003, ""dropout"": 0.3, ""aux_weight"": 0.0}"
290,2,2,0,0.0,1.0,0.3830207,0.37269836395978934,0.5422104,0.5153832,,10,"{""lr"": 0.0003, ""dropout"": 0.3, ""aux_weight"": 0.0}"
296,2,2,0,0.0,1.0,0.16736263,0.37269836395978934,0.47351062,0.51336575,,10,"{""lr"": 0.0003, ""dropout"": 0.3, ""aux_weight"": 0.0}"
298,2,2,0,0.25,0.5,0.36819643,0.37269836395978934,0.48315996,0.5124637,,10,"{""lr"": 0.0003, ""dropout"": 0.3, ""aux_weight"": 0.0}"
303,2,2,0,0.0,1.0,0.22121951,0.37269836395978934,0.3805526,0.51225245,,10,"{""lr"": 0.0003, ""dropout"": 0.3, ""aux_weight"": 0.0}"
306,2,2,0,0.0,1.0,0.3754871,0.37269836395978934,0.48917562,0.51888776,,10,"{""lr"": 0.0003, ""dropout"": 0.3, ""aux_weight"": 0.0}"
310,2,2,0,0.2,0.6,0.35530496,0.37269836395978934,0.53700227,0.51762456,,10,"{""lr"": 0.0003, ""dropout"": 0.3, ""aux_weight"": 0.0}"
312,2,2,0,0.0,1.0,0.2059939,0.37269836395978934,0.44501314,0.5102317,,10,"{""lr"": 0.0003, ""dropout"": 0.3, ""aux_weight"": 0.0}"
316,2,2,0,0.4,0.1999999999999999,0.33410254,0.37269836395978934,0.507831,0.5067234,,10,"{""lr"": 0.0003, ""dropout"": 0.3, ""aux_weight"": 0.0}"
333,2,2,0,0.0,1.0,0.214472,0.37269836395978934,0.5086647,0.5162996,,10,"{""lr"": 0.0003, ""dropout"": 0.3, ""aux_weight"": 0.0}"
335,2,2,1,0.5,0.0,0.28987673,0.37269836395978934,0.46271127,0.51500416,,10,"{""lr"": 0.0003, ""dropout"": 0.3, ""aux_weight"": 0.0}"
338,2,2,0,0.4,0.1999999999999999,0.48919582,0.37269836395978934,0.56578684,0.51204485,,10,"{""lr"": 0.0003, ""dropout"": 0.3, ""aux_weight"": 0.0}"
342,2,2,0,0.2,0.6,0.4129976,0.37269836395978934,0.47469413,0.5198398,,10,"{""lr"": 0.0003, ""dropout"": 0.3, ""aux_weight"": 0.0}"
354,2,2,0,0.25,0.5,0.3823273,0.37269836395978934,0.55028564,0.5154312,,10,"{""lr"": 0.0003, ""dropout"": 0.3, ""aux_weight"": 0.0}"
355,2,2,0,0.25,0.5,0.3111779,0.37269836395978934,0.5035631,0.5119768,,10,"{""lr"": 0.0003, ""dropout"": 0.3, ""aux_weight"": 0.0}"
361,2,2,0,0.0,1.0,0.21064071,0.37269836395978934,0.47731093,0.5115773,,10,"{""lr"": 0.0003, ""dropout"": 0.3, ""aux_weight"": 0.0}"
364,2,2,1,0.5,0.0,0.45770216,0.37269836395978934,0.54406965,0.51232946,,10,"{""lr"": 0.0003, ""dropout"": 0.3, ""aux_weight"": 0.0}"
376,2,2,1,0.5,0.0,0.4959153,0.37269836395978934,0.5588329,0.5222832,,10,"{""lr"": 0.0003, ""dropout"": 0.3, ""aux_weight"": 0.0}"
378,2,2,1,0.5,0.0,0.48443604,0.37269836395978934,0.54748464,0.5139045,,10,"{""lr"": 0.0003, ""dropout"": 0.3, ""aux_weight"": 0.0}"
379,2,2,1,0.75,0.5,0.55778277,0.37269836395978934,0.5329478,0.5138515,,10,"{""lr"": 0.0003, ""dropout"": 0.3, ""aux_weight"": 0.0}"
388,2,2,1,0.5,0.0,0.4392787,0.37269836395978934,0.45795923,0.51437074,,10,"{""lr"": 0.0003, ""dropout"": 0.3, ""aux_weight"": 0.0}"
390,2,2,1,0.75,0.5,0.322892,0.37269836395978934,0.49055618,0.5109984,,10,"{""lr"": 0.0003, ""dropout"": 0.3, ""aux_weight"": 0.0}"
406,2,2,1,0.6,0.1999999999999999,0.36726606,0.37269836395978934,0.48840594,0.51513964,,10,"{""lr"": 0.0003, ""dropout"": 0.3, ""aux_weight"": 0.0}"
409,2,2,0,0.4,0.1999999999999999,0.5331438,0.37269836395978934,0.48082885,0.5138961,,10,"{""lr"": 0.0003, ""dropout"": 0.3, ""aux_weight"": 0.0}"
411,2,2,0,0.2,0.6,0.58501107,0.37269836395978934,0.5479835,0.5118459,,10,"{""lr"": 0.0003, ""dropout"": 0.3, ""aux_weight"": 0.0}"
413,2,2,0,0.0,1.0,0.41019154,0.37269836395978934,0.5626929,0.5130171,,10,"{""lr"": 0.0003, ""dropout"": 0.3, ""aux_weight"": 0.0}"
418,2,2,0,0.0,1.0,0.40701723,0.37269836395978934,0.4870673,0.51025087,,10,"{""lr"": 0.0003, ""dropout"": 0.3, ""aux_weight"": 0.0}"
422,2,2,1,0.6,0.1999999999999999,0.41401502,0.37269836395978934,0.48196942,0.5162118,,10,"{""lr"": 0.0003, ""dropout"": 0.3, ""aux_weight"": 0.0}"
424,2,2,1,0.6,0.1999999999999999,0.5246291,0.37269836395978934,0.5394745,0.51473904,,10,"{""lr"": 0.0003, ""dropout"": 0.3, ""aux_weight"": 0.0}"
429,2,2,0,0.0,1.0,0.47735772,0.37269836395978934,0.5401004,0.5114633,,10,"{""lr"": 0.0003, ""dropout"": 0.3, ""aux_weight"": 0.0}"
434,2,2,0,0.0,1.0,0.49413157,0.37269836395978934,0.51648587,0.51963216,,10,"{""lr"": 0.0003, ""dropout"": 0.3, ""aux_weight"": 0.0}"
441,2,2,0,0.2,0.6,0.50779045,0.37269836395978934,0.5218035,0.5168132,,10,"{""lr"": 0.0003, ""dropout"": 0.3, ""aux_weight"": 0.0}"
445,2,2,0,0.0,1.0,0.42682785,0.37269836395978934,0.49716038,0.5153888,,10,"{""lr"": 0.0003, ""dropout"": 0.3, ""aux_weight"": 0.0}"
446,2,2,0,0.2,0.6,0.51741153,0.37269836395978934,0.5175244,0.5159344,,10,"{""lr"": 0.0003, ""dropout"": 0.3, ""aux_weight"": 0.0}"
448,2,2,0,0.0,1.0,0.2441554,0.37269836395978934,0.5017103,0.5120856,,10,"{""lr"": 0.0003, ""dropout"": 0.3, ""aux_weight"": 0.0}"
452,2,2,0,0.25,0.5,0.42330664,0.37269836395978934,0.50378,0.51607347,,10,"{""lr"": 0.0003, ""dropout"": 0.3, ""aux_weight"": 0.0}"
462,2,2,1,0.5,0.0,0.5125392,0.37269836395978934,0.5023823,0.5118307,,10,"{""lr"": 0.0003, ""dropout"": 0.3, ""aux_weight"": 0.0}"
463,2,2,0,0.25,0.5,0.4444464,0.37269836395978934,0.48373303,0.5197209,,10,"{""lr"": 0.0003, ""dropout"": 0.3, ""aux_weight"": 0.0}"
467,2,2,1,1.0,1.0,0.49175072,0.37269836395978934,0.5758602,0.5181819,,10,"{""lr"": 0.0003, ""dropout"": 0.3, ""aux_weight"": 0.0}"
480,2,2,1,0.5,0.0,0.487355,0.37269836395978934,0.5238249,0.51396704,,10,"{""lr"": 0.0003, ""dropout"": 0.3, ""aux_weight"": 0.0}"
496,2,2,1,0.75,0.5,0.5408083,0.37269836395978934,0.5589743,0.51502687,,10,"{""lr"": 0.0003, ""dropout"": 0.3, ""aux_weight"": 0.0}"
499,2,2,0,0.0,1.0,0.4216878,0.37269836395978934,0.48543113,0.5190478,,10,"{""lr"": 0.0003, ""dropout"": 0.3, ""aux_weight"": 0.0}"
512,2,2,1,1.0,1.0,0.66885495,0.37269836395978934,0.5724688,0.5153236,,10,"{""lr"": 0.0003, ""dropout"": 0.3, ""aux_weight"": 0.0}"
514,2,2,1,0.75,0.5,0.5728848,0.37269836395978934,0.55067706,0.5200911,,10,"{""lr"": 0.0003, ""dropout"": 0.3, ""aux_weight"": 0.0}"
516,2,2,0,0.0,1.0,0.48085925,0.37269836395978934,0.56106305,0.51263565,,10,"{""lr"": 0.0003, ""dropout"": 0.3, ""aux_weight"": 0.0}"
518,2,2,0,0.25,0.5,0.48943377,0.37269836395978934,0.5104321,0.513377,,10,"{""lr"": 0.0003, ""dropout"": 0.3, ""aux_weight"": 0.0}"
519,2,2,0,0.0,1.0,0.41063023,0.37269836395978934,0.53224814,0.5121843,,10,"{""lr"": 0.0003, ""dropout"": 0.3, ""aux_weight"": 0.0}"
530,2,2,1,0.5,0.0,0.3194048,0.37269836395978934,0.53626066,0.5125255,,10,"{""lr"": 0.0003, ""dropout"": 0.3, ""aux_weight"": 0.0}"
546,2,2,1,0.5,0.0,0.41877186,0.37269836395978934,0.49238592,0.5174454,,10,"{""lr"": 0.0003, ""dropout"": 0.3, ""aux_weight"": 0.0}"
553,2,2,0,0.0,1.0,0.4399963,0.37269836395978934,0.48882687,0.51930666,,10,"{""lr"": 0.0003, ""dropout"": 0.3, ""aux_weight"": 0.0}"
554,2,2,1,0.5,0.0,0.6404773,0.37269836395978934,0.6040984,0.5176734,,10,"{""lr"": 0.0003, ""dropout"": 0.3, ""aux_weight"": 0.0}"
555,2,2,0,0.3333333333333333,0.3333333333333333,0.6669663,0.37269836395978934,0.5524949,0.5067511,,10,"{""lr"": 0.0003, ""dropout"": 0.3, ""aux_weight"": 0.0}"
559,2,2,1,0.6666666666666666,0.3333333333333332,0.4314138,0.37269836395978934,0.4874401,0.5076325,,10,"{""lr"": 0.0003, ""dropout"": 0.3, ""aux_weight"": 0.0}"
566,2,2,0,0.1666666666666666,0.6666666666666667,0.35958257,0.37269836395978934,0.52830076,0.517854,,10,"{""lr"": 0.0003, ""dropout"": 0.3, ""aux_weight"": 0.0}"
607,2,2,0,0.0,1.0,0.43403777,0.37269836395978934,0.5083369,0.52038974,,10,"{""lr"": 0.0003, ""dropout"": 0.3, ""aux_weight"": 0.0}"
609,2,2,0,0.25,0.5,0.510705,0.37269836395978934,0.53494513,0.51580536,,10,"{""lr"": 0.0003, ""dropout"": 0.3, ""aux_weight"": 0.0}"
613,2,2,0,0.0,1.0,0.56031215,0.37269836395978934,0.53713334,0.5107107,,10,"{""lr"": 0.0003, ""dropout"": 0.3, ""aux_weight"": 0.0}"
618,2,2,0,0.0,1.0,0.48525852,0.37269836395978934,0.5497377,0.5164919,,10,"{""lr"": 0.0003, ""dropout"": 0.3, ""aux_weight"": 0.0}"
622,2,2,1,0.75,0.5,0.3890943,0.37269836395978934,0.49627715,0.5110173,,10,"{""lr"": 0.0003, ""dropout"": 0.3, ""aux_weight"": 0.0}"
623,2,2,1,0.5,0.0,0.50110376,0.37269836395978934,0.5225432,0.51469344,,10,"{""lr"": 0.0003, ""dropout"": 0.3, ""aux_weight"": 0.0}"
627,2,2,1,0.75,0.5,0.52436554,0.37269836395978934,0.55654335,0.5098407,,10,"{""lr"": 0.0003, ""dropout"": 0.3, ""aux_weight"": 0.0}"
628,2,2,0,0.0,1.0,0.38352382,0.37269836395978934,0.56133807,0.5134144,,10,"{""lr"": 0.0003, ""dropout"": 0.3, ""aux_weight"": 0.0}"
630,2,2,1,0.5,0.0,0.47998458,0.37269836395978934,0.56324995,0.5107107,,10,"{""lr"": 0.0003, ""dropout"": 0.3, ""aux_weight"": 0.0}"
636,2,2,0,0.0,1.0,0.3695407,0.37269836395978934,0.46831423,0.5101505,,10,"{""lr"": 0.0003, ""dropout"": 0.3, ""aux_weight"": 0.0}"
642,2,2,1,0.75,0.5,0.5655974,0.37269836395978934,0.5701778,0.50948536,,10,"{""lr"": 0.0003, ""dropout"": 0.3, ""aux_weight"": 0.0}"
643,2,2,1,0.5,0.0,0.4492691,0.37269836395978934,0.54136956,0.51339597,,10,"{""lr"": 0.0003, ""dropout"": 0.3, ""aux_weight"": 0.0}"
646,2,2,0,0.0,1.0,0.24675733,0.37269836395978934,0.42218456,0.5115773,,10,"{""lr"": 0.0003, ""dropout"": 0.3, ""aux_weight"": 0.0}"
647,2,2,1,0.5,0.0,0.4893335,0.37269836395978934,0.54840815,0.50998557,,10,"{""lr"": 0.0003, ""dropout"": 0.3, ""aux_weight"": 0.0}"
650,2,2,0,0.0,1.0,0.26900554,0.37269836395978934,0.41057262,0.5173168,,10,"{""lr"": 0.0003, ""dropout"": 0.3, ""aux_weight"": 0.0}"
657,2,2,1,0.5,0.0,0.44047847,0.37269836395978934,0.4881472,0.52116543,,10,"{""lr"": 0.0003, ""dropout"": 0.3, ""aux_weight"": 0.0}"
658,2,2,0,0.1666666666666666,0.6666666666666667,0.4527084,0.37269836395978934,0.48491997,0.5168514,,10,"{""lr"": 0.0003, ""dropout"": 0.3, ""aux_weight"": 0.0}"
667,2,2,0,0.3333333333333333,0.3333333333333333,0.46416622,0.37269836395978934,0.5001757,0.5117675,,10,"{""lr"": 0.0003, ""dropout"": 0.3, ""aux_weight"": 0.0}"
668,2,2,0,0.1666666666666666,0.6666666666666667,0.5029619,0.37269836395978934,0.55465287,0.5103795,,10,"{""lr"": 0.0003, ""dropout"": 0.3, ""aux_weight"": 0.0}"
671,2,2,0,0.3333333333333333,0.3333333333333333,0.62096655,0.37269836395978934,0.53950477,0.51077586,,10,"{""lr"": 0.0003, ""dropout"": 0.3, ""aux_weight"": 0.0}"
681,2,2,0,0.1666666666666666,0.6666666666666667,0.47203934,0.37269836395978934,0.4961306,0.5198165,,10,"{""lr"": 0.0003, ""dropout"": 0.3, ""aux_weight"": 0.0}"
686,2,2,0,0.0,1.0,0.4794602,0.37269836395978934,0.4847594,0.5168754,,10,"{""lr"": 0.0003, ""dropout"": 0.3, ""aux_weight"": 0.0}"
692,2,2,0,0.0,1.0,0.3070854,0.37269836395978934,0.4894876,0.5214855,,10,"{""lr"": 0.0003, ""dropout"": 0.3, ""aux_weight"": 0.0}"
695,2,2,0,0.3333333333333333,0.3333333333333333,0.513771,0.37269836395978934,0.47234076,0.51798695,,10,"{""lr"": 0.0003, ""dropout"": 0.3, ""aux_weight"": 0.0}"
700,2,2,1,0.5,0.0,0.4519076,0.37269836395978934,0.5243886,0.50934684,,10,"{""lr"": 0.0003, ""dropout"": 0.3, ""aux_weight"": 0.0}"
702,2,2,0,0.1666666666666666,0.6666666666666667,0.5122452,0.37269836395978934,0.4879665,0.5168754,,10,"{""lr"": 0.0003, ""dropout"": 0.3, ""aux_weight"": 0.0}"
710,2,2,0,0.0,1.0,0.18592936,0.37269836395978934,0.4213957,0.51973116,,10,"{""lr"": 0.0003, ""dropout"": 0.3, ""aux_weight"": 0.0}"
713,2,2,1,0.6,0.1999999999999999,0.41098547,0.37269836395978934,0.5117713,0.5177184,,10,"{""lr"": 0.0003, ""dropout"": 0.3, ""aux_weight"": 0.0}"
716,2,2,1,0.6666666666666666,0.3333333333333332,0.38141024,0.37269836395978934,0.5128476,0.5168033,,10,"{""lr"": 0.0003, ""dropout"": 0.3, ""aux_weight"": 0.0}"
732,2,2,0,0.0,1.0,0.255885,0.37269836395978934,0.42681915,0.5106131,,10,"{""lr"": 0.0003, ""dropout"": 0.3, ""aux_weight"": 0.0}"
738,2,2,0,0.3333333333333333,0.3333333333333333,0.48077592,0.37269836395978934,0.5056069,0.52156514,,10,"{""lr"": 0.0003, ""dropout"": 0.3, ""aux_weight"": 0.0}"
2,2,3,0,0.4,0.1999999999999999,0.25564802,0.34648538500070575,0.3544688,0.32673538,,7,"{""lr"": 0.001, ""dropout"": 0.3, ""aux_weight"": 0.3}"
7,2,3,1,0.6,0.1999999999999999,0.39388788,0.34648538500070575,0.47175655,0.38456604,,7,"{""lr"": 0.001, ""dropout"": 0.3, ""aux_weight"": 0.3}"
8,2,3,0,0.0,1.0,0.112461284,0.34648538500070575,0.14530554,0.376768,,7,"{""lr"": 0.001, ""dropout"": 0.3, ""aux_weight"": 0.3}"
9,2,3,0,0.0,1.0,0.13967039,0.34648538500070575,0.16895364,0.36008155,,7,"{""lr"": 0.001, ""dropout"": 0.3, ""aux_weight"": 0.3}"
26,2,3,1,0.8,0.6000000000000001,0.27710316,0.34648538500070575,0.3066138,0.38142312,,7,"{""lr"": 0.001, ""dropout"": 0.3, ""aux_weight"": 0.3}"
32,2,3,0,0.2,0.6,0.25771296,0.34648538500070575,0.35418797,0.35585916,,7,"{""lr"": 0.001, ""dropout"": 0.3, ""aux_weight"": 0.3}"
39,2,3,0,0.0,1.0,0.1812286,0.34648538500070575,0.24278858,0.33539268,,7,"{""lr"": 0.001, ""dropout"": 0.3, ""aux_weight"": 0.3}"
40,2,3,0,0.2,0.6,0.13651457,0.34648538500070575,0.15993685,0.35678327,,7,"{""lr"": 0.001, ""dropout"": 0.3, ""aux_weight"": 0.3}"
42,2,3,0,0.0,1.0,0.20334809,0.34648538500070575,0.20339262,0.35976645,,7,"{""lr"": 0.001, ""dropout"": 0.3, ""aux_weight"": 0.3}"
45,2,3,0,0.0,1.0,0.45763868,0.34648538500070575,0.56538707,0.3737158,,7,"{""lr"": 0.001, ""dropout"": 0.3, ""aux_weight"": 0.3}"
52,2,3,0,0.25,0.5,0.17447037,0.34648538500070575,0.23582634,0.35291123,,7,"{""lr"": 0.001, ""dropout"": 0.3, ""aux_weight"": 0.3}"
53,2,3,0,0.1666666666666666,0.6666666666666667,0.2911353,0.34648538500070575,0.2642402,0.34416428,,7,"{""lr"": 0.001, ""dropout"": 0.3, ""aux_weight"": 0.3}"
55,2,3,0,0.0,1.0,0.2052136,0.34648538500070575,0.27280095,0.36594895,,7,"{""lr"": 0.001, ""dropout"": 0.3, ""aux_weight"": 0.3}"
56,2,3,0,0.25,0.5,0.16228878,0.34648538500070575,0.1982488,0.40242484,,7,"{""lr"": 0.001, ""dropout"": 0.3, ""aux_weight"": 0.3}"
63,2,3,0,0.0,1.0,0.28492028,0.34648538500070575,0.29026824,0.37409046,,7,"{""lr"": 0.001, ""dropout"": 0.3, ""aux_weight"": 0.3}"
69,2,3,0,0.0,1.0,0.10879028,0.34648538500070575,0.13842899,0.3619844,,7,"{""lr"": 0.001, ""dropout"": 0.3, ""aux_weight"": 0.3}"
75,2,3,0,0.0,1.0,0.19171739,0.34648538500070575,0.2548893,0.368675,,7,"{""lr"": 0.001, ""dropout"": 0.3, ""aux_weight"": 0.3}"
77,2,3,0,0.25,0.5,0.22917332,0.34648538500070575,0.3069232,0.3479233,,7,"{""lr"": 0.001, ""dropout"": 0.3, ""aux_weight"": 0.3}"
78,2,3,0,0.0,1.0,0.16773519,0.34648538500070575,0.19122443,0.37298,,7,"{""lr"": 0.001, ""dropout"": 0.3, ""aux_weight"": 0.3}"
79,2,3,0,0.25,0.5,0.18414116,0.34648538500070575,0.28133017,0.32599902,,7,"{""lr"": 0.001, ""dropout"": 0.3, ""aux_weight"": 0.3}"
90,2,3,1,0.5,0.0,0.17036623,0.34648538500070575,0.20686775,0.37580317,,7,"{""lr"": 0.001, ""dropout"": 0.3, ""aux_weight"": 0.3}"
92,2,3,0,0.0,1.0,0.15813205,0.34648538500070575,0.17866883,0.3850209,,7,"{""lr"": 0.001, ""dropout"": 0.3, ""aux_weight"": 0.3}"
96,2,3,0,0.0,1.0,0.17636797,0.34648538500070575,0.22134872,0.35843474,,7,"{""lr"": 0.001, ""dropout"": 0.3, ""aux_weight"": 0.3}"
99,2,3,0,0.0,1.0,0.20983332,0.34648538500070575,0.23212174,0.3898869,,7,"{""lr"": 0.001, ""dropout"": 0.3, ""aux_weight"": 0.3}"
100,2,3,0,0.25,0.5,0.2580415,0.34648538500070575,0.28611755,0.39300692,,7,"{""lr"": 0.001, ""dropout"": 0.3, ""aux_weight"": 0.3}"
109,2,3,0,0.1111111111111111,0.7777777777777778,0.42962867,0.34648538500070575,0.4901706,0.37471378,,7,"{""lr"": 0.001, ""dropout"": 0.3, ""aux_weight"": 0.3}"
119,2,3,0,0.1111111111111111,0.7777777777777778,0.3327421,0.34648538500070575,0.423796,0.3245014,,7,"{""lr"": 0.001, ""dropout"": 0.3, ""aux_weight"": 0.3}"
121,2,3,0,0.1111111111111111,0.7777777777777778,0.23068249,0.34648538500070575,0.29402405,0.3583179,,7,"{""lr"": 0.001, ""dropout"": 0.3, ""aux_weight"": 0.3}"
130,2,3,0,0.1111111111111111,0.7777777777777778,0.1275318,0.34648538500070575,0.20114842,0.30603787,,7,"{""lr"": 0.001, ""dropout"": 0.3, ""aux_weight"": 0.3}"
138,2,3,1,0.5555555555555556,0.1111111111111111,0.2092776,0.34648538500070575,0.23291343,0.39124146,,7,"{""lr"": 0.001, ""dropout"": 0.3, ""aux_weight"": 0.3}"
147,2,3,0,0.0,1.0,0.28803307,0.34648538500070575,0.27806726,0.40021184,,7,"{""lr"": 0.001, ""dropout"": 0.3, ""aux_weight"": 0.3}"
160,2,3,0,0.1666666666666666,0.6666666666666667,0.33058622,0.34648538500070575,0.4154756,0.3370074,,7,"{""lr"": 0.001, ""dropout"": 0.3, ""aux_weight"": 0.3}"
164,2,3,0,0.0,1.0,0.12819785,0.34648538500070575,0.14701796,0.34716782,,7,"{""lr"": 0.001, ""dropout"": 0.3, ""aux_weight"": 0.3}"
166,2,3,0,0.25,0.5,0.33140922,0.34648538500070575,0.39093924,0.35774747,,7,"{""lr"": 0.001, ""dropout"": 0.3, ""aux_weight"": 0.3}"
172,2,3,0,0.0,1.0,0.08430357,0.34648538500070575,0.08281633,0.37821952,,7,"{""lr"": 0.001, ""dropout"": 0.3, ""aux_weight"": 0.3}"
180,2,3,0,0.0,1.0,0.46303958,0.34648538500070575,0.5090432,0.37672886,,7,"{""lr"": 0.001, ""dropout"": 0.3, ""aux_weight"": 0.3}"
183,2,3,0,0.0,1.0,0.33420303,0.34648538500070575,0.35772258,0.33263916,,7,"{""lr"": 0.001, ""dropout"": 0.3, ""aux_weight"": 0.3}"
194,2,3,0,0.0,1.0,0.39934933,0.34648538500070575,0.43561518,0.38820574,,7,"{""lr"": 0.001, ""dropout"": 0.3, ""aux_weight"": 0.3}"
195,2,3,0,0.0,1.0,0.38350654,0.34648538500070575,0.43589067,0.4088836,,7,"{""lr"": 0.001, ""dropout"": 0.3, ""aux_weight"": 0.3}"
202,2,3,1,0.6,0.1999999999999999,0.107798144,0.34648538500070575,0.098806754,0.4218363,,7,"{""lr"": 0.001, ""dropout"": 0.3, ""aux_weight"": 0.3}"
210,2,3,0,0.4,0.1999999999999999,0.54103553,0.34648538500070575,0.579638,0.37124956,,7,"{""lr"": 0.001, ""dropout"": 0.3, ""aux_weight"": 0.3}"
211,2,3,1,0.6,0.1999999999999999,0.43816558,0.34648538500070575,0.47648376,0.36378324,,7,"{""lr"": 0.001, ""dropout"": 0.3, ""aux_weight"": 0.3}"
215,2,3,0,0.2,0.6,0.19245493,0.34648538500070575,0.17273876,0.4292961,,7,"{""lr"": 0.001, ""dropout"": 0.3, ""aux_weight"": 0.3}"
225,2,3,0,0.2,0.6,0.14895864,0.34648538500070575,0.1818482,0.3968111,,7,"{""lr"": 0.001, ""dropout"": 0.3, ""aux_weight"": 0.3}"
226,2,3,0,0.0,1.0,0.21451592,0.34648538500070575,0.2264165,0.39625755,,7,"{""lr"": 0.001, ""dropout"": 0.3, ""aux_weight"": 0.3}"
230,2,3,0,0.2,0.6,0.25929248,0.34648538500070575,0.2627352,0.42016384,,7,"{""lr"": 0.001, ""dropout"": 0.3, ""aux_weight"": 0.3}"
231,2,3,1,0.5,0.0,0.32574695,0.34648538500070575,0.32864594,0.36994767,,7,"{""lr"": 0.001, ""dropout"": 0.3, ""aux_weight"": 0.3}"
232,2,3,0,0.25,0.5,0.22844398,0.34648538500070575,0.24927104,0.36594895,,7,"{""lr"": 0.001, ""dropout"": 0.3, ""aux_weight"": 0.3}"
246,2,3,0,0.4,0.1999999999999999,0.3703637,0.34648538500070575,0.4397927,0.39256582,,7,"{""lr"": 0.001, ""dropout"": 0.3, ""aux_weight"": 0.3}"
251,2,3,0,0.25,0.5,0.28830224,0.34648538500070575,0.33722144,0.4081193,,7,"{""lr"": 0.001, ""dropout"": 0.3, ""aux_weight"": 0.3}"
260,2,3,0,0.25,0.5,0.14685854,0.34648538500070575,0.1892201,0.3220179,,7,"{""lr"": 0.001, ""dropout"": 0.3, ""aux_weight"": 0.3}"
266,2,3,0,0.25,0.5,0.1648291,0.34648538500070575,0.22781113,0.34749123,,7,"{""lr"": 0.001, ""dropout"": 0.3, ""aux_weight"": 0.3}"
267,2,3,0,0.0,1.0,0.18813458,0.34648538500070575,0.24961314,0.38647762,,7,"{""lr"": 0.001, ""dropout"": 0.3, ""aux_weight"": 0.3}"
274,2,3,1,0.5,0.0,0.40225664,0.34648538500070575,0.52316463,0.32440472,,7,"{""lr"": 0.001, ""dropout"": 0.3, ""aux_weight"": 0.3}"
282,2,3,0,0.25,0.5,0.45917305,0.34648538500070575,0.49932554,0.41646236,,7,"{""lr"": 0.001, ""dropout"": 0.3, ""aux_weight"": 0.3}"
297,2,3,0,0.0,1.0,0.18807432,0.34648538500070575,0.23655304,0.34831142,,7,"{""lr"": 0.001, ""dropout"": 0.3, ""aux_weight"": 0.3}"
302,2,3,0,0.0,1.0,0.20918265,0.34648538500070575,0.27693498,0.35813722,,7,"{""lr"": 0.001, ""dropout"": 0.3, ""aux_weight"": 0.3}"
308,2,3,0,0.4,0.1999999999999999,0.44960245,0.34648538500070575,0.49671024,0.38025188,,7,"{""lr"": 0.001, ""dropout"": 0.3, ""aux_weight"": 0.3}"
311,2,3,0,0.4,0.1999999999999999,0.112347,0.34648538500070575,0.10782336,0.37101665,,7,"{""lr"": 0.001, ""dropout"": 0.3, ""aux_weight"": 0.3}"
314,2,3,0,0.0,1.0,0.34383428,0.34648538500070575,0.38124192,0.38302433,,7,"{""lr"": 0.001, ""dropout"": 0.3, ""aux_weight"": 0.3}"
321,2,3,1,0.6,0.1999999999999999,0.3107437,0.34648538500070575,0.31914592,0.42085314,,7,"{""lr"": 0.001, ""dropout"": 0.3, ""aux_weight"": 0.3}"
325,2,3,0,0.0,1.0,0.16025469,0.34648538500070575,0.18096623,0.37113577,,7,"{""lr"": 0.001, ""dropout"": 0.3, ""aux_weight"": 0.3}"
329,2,3,0,0.0,1.0,0.26445186,0.34648538500070575,0.29652983,0.37219682,,7,"{""lr"": 0.001, ""dropout"": 0.3, ""aux_weight"": 0.3}"
332,2,3,0,0.0,1.0,0.30979398,0.34648538500070575,0.38103807,0.39078602,,7,"{""lr"": 0.001, ""dropout"": 0.3, ""aux_weight"": 0.3}"
334,2,3,0,0.4,0.1999999999999999,0.38412696,0.34648538500070575,0.4249189,0.38539168,,7,"{""lr"": 0.001, ""dropout"": 0.3, ""aux_weight"": 0.3}"
336,2,3,0,0.4,0.1999999999999999,0.33600584,0.34648538500070575,0.36090723,0.37345698,,7,"{""lr"": 0.001, ""dropout"": 0.3, ""aux_weight"": 0.3}"
337,2,3,0,0.0,1.0,0.295354,0.34648538500070575,0.34789276,0.37812734,,7,"{""lr"": 0.001, ""dropout"": 0.3, ""aux_weight"": 0.3}"
340,2,3,1,0.6,0.1999999999999999,0.25518218,0.34648538500070575,0.3264162,0.35076123,,7,"{""lr"": 0.001, ""dropout"": 0.3, ""aux_weight"": 0.3}"
341,2,3,1,0.6,0.1999999999999999,0.3579995,0.34648538500070575,0.44341722,0.37055495,,7,"{""lr"": 0.001, ""dropout"": 0.3, ""aux_weight"": 0.3}"
344,2,3,0,0.2,0.6,0.272375,0.34648538500070575,0.35831094,0.3657655,,7,"{""lr"": 0.001, ""dropout"": 0.3, ""aux_weight"": 0.3}"
348,2,3,0,0.4,0.1999999999999999,0.5347029,0.34648538500070575,0.6060251,0.34749618,,7,"{""lr"": 0.001, ""dropout"": 0.3, ""aux_weight"": 0.3}"
362,2,3,1,0.75,0.5,0.35739005,0.34648538500070575,0.42377642,0.3759066,,7,"{""lr"": 0.001, ""dropout"": 0.3, ""aux_weight"": 0.3}"
368,2,3,1,0.5,0.0,0.4270089,0.34648538500070575,0.4785097,0.36702996,,7,"{""lr"": 0.001, ""dropout"": 0.3, ""aux_weight"": 0.3}"
397,2,3,1,0.75,0.5,0.37857288,0.34648538500070575,0.39947063,0.37672886,,7,"{""lr"": 0.001, ""dropout"": 0.3, ""aux_weight"": 0.3}"
408,2,3,0,0.4,0.1999999999999999,0.4220215,0.34648538500070575,0.4679861,0.3810786,,7,"{""lr"": 0.001, ""dropout"": 0.3, ""aux_weight"": 0.3}"
410,2,3,1,0.6,0.1999999999999999,0.4825294,0.34648538500070575,0.4790257,0.3810786,,7,"{""lr"": 0.001, ""dropout"": 0.3, ""aux_weight"": 0.3}"
425,2,3,0,0.0,1.0,0.36566216,0.34648538500070575,0.36081624,0.38456604,,7,"{""lr"": 0.001, ""dropout"": 0.3, ""aux_weight"": 0.3}"
426,2,3,1,0.8,0.6000000000000001,0.36074847,0.34648538500070575,0.44950914,0.354553,,7,"{""lr"": 0.001, ""dropout"": 0.3, ""aux_weight"": 0.3}"
436,2,3,0,0.4,0.1999999999999999,0.44017386,0.34648538500070575,0.54190314,0.41302586,,7,"{""lr"": 0.001, ""dropout"": 0.3, ""aux_weight"": 0.3}"
439,2,3,0,0.2,0.6,0.42426953,0.34648538500070575,0.4665823,0.41326892,,7,"{""lr"": 0.001, ""dropout"": 0.3, ""aux_weight"": 0.3}"
440,2,3,0,0.0,1.0,0.41416192,0.34648538500070575,0.43725845,0.38480982,,7,"{""lr"": 0.001, ""dropout"": 0.3, ""aux_weight"": 0.3}"
443,2,3,0,0.0,1.0,0.36927328,0.34648538500070575,0.3650912,0.38605118,,7,"{""lr"": 0.001, ""dropout"": 0.3, ""aux_weight"": 0.3}"
449,2,3,0,0.4,0.1999999999999999,0.33131576,0.34648538500070575,0.39149746,0.31699392,,7,"{""lr"": 0.001, ""dropout"": 0.3, ""aux_weight"": 0.3}"
450,2,3,0,0.2,0.6,0.4204781,0.34648538500070575,0.46639118,0.38489515,,7,"{""lr"": 0.001, ""dropout"": 0.3, ""aux_weight"": 0.3}"
451,2,3,0,0.25,0.5,0.41298956,0.34648538500070575,0.49350294,0.40031245,,7,"{""lr"": 0.001, ""dropout"": 0.3, ""aux_weight"": 0.3}"
453,2,3,0,0.25,0.5,0.3863237,0.34648538500070575,0.4202544,0.33255672,,7,"{""lr"": 0.001, ""dropout"": 0.3, ""aux_weight"": 0.3}"
454,2,3,0,0.0,1.0,0.47284973,0.34648538500070575,0.50614685,0.38077664,,7,"{""lr"": 0.001, ""dropout"": 0.3, ""aux_weight"": 0.3}"
455,2,3,0,0.0,1.0,0.11874974,0.34648538500070575,0.15176696,0.37604886,,7,"{""lr"": 0.001, ""dropout"": 0.3, ""aux_weight"": 0.3}"
459,2,3,0,0.25,0.5,0.3452124,0.34648538500070575,0.43367922,0.35918823,,7,"{""lr"": 0.001, ""dropout"": 0.3, ""aux_weight"": 0.3}"
466,2,3,1,0.5,0.0,0.41603082,0.34648538500070575,0.45694408,0.41131616,,7,"{""lr"": 0.001, ""dropout"": 0.3, ""aux_weight"": 0.3}"
468,2,3,0,0.25,0.5,0.38611072,0.34648538500070575,0.38563251,0.38560903,,7,"{""lr"": 0.001, ""dropout"": 0.3, ""aux_weight"": 0.3}"
469,2,3,1,0.75,0.5,0.27197438,0.34648538500070575,0.25003296,0.39013258,,7,"{""lr"": 0.001, ""dropout"": 0.3, ""aux_weight"": 0.3}"
478,2,3,0,0.0,1.0,0.15952149,0.34648538500070575,0.20454712,0.3716711,,7,"{""lr"": 0.001, ""dropout"": 0.3, ""aux_weight"": 0.3}"
479,2,3,0,0.0,1.0,0.33506814,0.34648538500070575,0.4080276,0.4018163,,7,"{""lr"": 0.001, ""dropout"": 0.3, ""aux_weight"": 0.3}"
481,2,3,0,0.0,1.0,0.38219407,0.34648538500070575,0.43726605,0.37219682,,7,"{""lr"": 0.001, ""dropout"": 0.3, ""aux_weight"": 0.3}"
482,2,3,0,0.0,1.0,0.066632465,0.34648538500070575,0.09483805,0.38302433,,7,"{""lr"": 0.001, ""dropout"": 0.3, ""aux_weight"": 0.3}"
483,2,3,0,0.25,0.5,0.5166501,0.34648538500070575,0.5581074,0.36717248,,7,"{""lr"": 0.001, ""dropout"": 0.3, ""aux_weight"": 0.3}"
486,2,3,0,0.25,0.5,0.40428928,0.34648538500070575,0.4779891,0.32640865,,7,"{""lr"": 0.001, ""dropout"": 0.3, ""aux_weight"": 0.3}"
487,2,3,0,0.2,0.6,0.07102914,0.34648538500070575,0.09129935,0.38344845,,7,"{""lr"": 0.001, ""dropout"": 0.3, ""aux_weight"": 0.3}"
490,2,3,0,0.25,0.5,0.22513741,0.34648538500070575,0.31839544,0.33775738,,7,"{""lr"": 0.001, ""dropout"": 0.3, ""aux_weight"": 0.3}"
497,2,3,0,0.0,1.0,0.16294703,0.34648538500070575,0.19364175,0.36305025,,7,"{""lr"": 0.001, ""dropout"": 0.3, ""aux_weight"": 0.3}"
504,2,3,1,0.75,0.5,0.3801429,0.34648538500070575,0.42643195,0.37012312,,7,"{""lr"": 0.001, ""dropout"": 0.3, ""aux_weight"": 0.3}"
513,2,3,0,0.0,1.0,0.47139645,0.34648538500070575,0.4901263,0.38535973,,7,"{""lr"": 0.001, ""dropout"": 0.3, ""aux_weight"": 0.3}"
523,2,3,0,0.25,0.5,0.2877651,0.34648538500070575,0.38027674,0.35266563,,7,"{""lr"": 0.001, ""dropout"": 0.3, ""aux_weight"": 0.3}"
529,2,3,1,0.5,0.0,0.2536414,0.34648538500070575,0.3650354,0.35976645,,7,"{""lr"": 0.001, ""dropout"": 0.3, ""aux_weight"": 0.3}"
536,2,3,0,0.3333333333333333,0.3333333333333333,0.4004355,0.34648538500070575,0.41884762,0.40118214,,7,"{""lr"": 0.001, ""dropout"": 0.3, ""aux_weight"": 0.3}"
544,2,3,1,0.5,0.0,0.4324052,0.34648538500070575,0.49744207,0.3851444,,7,"{""lr"": 0.001, ""dropout"": 0.3, ""aux_weight"": 0.3}"
551,2,3,1,0.6666666666666666,0.3333333333333332,0.51661426,0.34648538500070575,0.522702,0.39399236,,7,"{""lr"": 0.001, ""dropout"": 0.3, ""aux_weight"": 0.3}"
557,2,3,0,0.3333333333333333,0.3333333333333333,0.17793767,0.34648538500070575,0.22257142,0.3625702,,7,"{""lr"": 0.001, ""dropout"": 0.3, ""aux_weight"": 0.3}"
558,2,3,1,0.5,0.0,0.46661004,0.34648538500070575,0.51558685,0.3716711,,7,"{""lr"": 0.001, ""dropout"": 0.3, ""aux_weight"": 0.3}"
560,2,3,0,0.1666666666666666,0.6666666666666667,0.3555993,0.34648538500070575,0.4126463,0.39557105,,7,"{""lr"": 0.001, ""dropout"": 0.3, ""aux_weight"": 0.3}"
561,2,3,1,0.5,0.0,0.2547711,0.34648538500070575,0.31536347,0.37514582,,7,"{""lr"": 0.001, ""dropout"": 0.3, ""aux_weight"": 0.3}"
565,2,3,0,0.3333333333333333,0.3333333333333333,0.5382338,0.34648538500070575,0.56877565,0.34040388,,7,"{""lr"": 0.001, ""dropout"": 0.3, ""aux_weight"": 0.3}"
570,2,3,1,0.6666666666666666,0.3333333333333332,0.37115395,0.34648538500070575,0.42477235,0.3735536,,7,"{""lr"": 0.001, ""dropout"": 0.3, ""aux_weight"": 0.3}"
574,2,3,0,0.3333333333333333,0.3333333333333333,0.26322997,0.34648538500070575,0.33560705,0.34329098,,7,"{""lr"": 0.001, ""dropout"": 0.3, ""aux_weight"": 0.3}"
585,2,3,1,0.5,0.0,0.44747418,0.34648538500070575,0.45846555,0.4257492,,7,"{""lr"": 0.001, ""dropout"": 0.3, ""aux_weight"": 0.3}"
587,2,3,1,0.8333333333333334,0.6666666666666667,0.5660026,0.34648538500070575,0.5378752,0.42540056,,7,"{""lr"": 0.001, ""dropout"": 0.3, ""aux_weight"": 0.3}"
596,2,3,1,0.5,0.0,0.30887422,0.34648538500070575,0.3364303,0.3806383,,7,"{""lr"": 0.001, ""dropout"": 0.3, ""aux_weight"": 0.3}"
597,2,3,0,0.0,1.0,0.07780738,0.34648538500070575,0.08099449,0.37059098,,7,"{""lr"": 0.001, ""dropout"": 0.3, ""aux_weight"": 0.3}"
598,2,3,0,0.3333333333333333,0.3333333333333333,0.53081,0.34648538500070575,0.5313657,0.424305,,7,"{""lr"": 0.001, ""dropout"": 0.3, ""aux_weight"": 0.3}"
611,2,3,1,0.75,0.5,0.40097332,0.34648538500070575,0.41280156,0.4273166,,7,"{""lr"": 0.001, ""dropout"": 0.3, ""aux_weight"": 0.3}"
621,2,3,1,0.5,0.0,0.43270653,0.34648538500070575,0.4461919,0.4254104,,7,"{""lr"": 0.001, ""dropout"": 0.3, ""aux_weight"": 0.3}"
629,2,3,1,0.5,0.0,0.5284755,0.34648538500070575,0.53061604,0.4275869,,7,"{""lr"": 0.001, ""dropout"": 0.3, ""aux_weight"": 0.3}"
637,2,3,1,0.5,0.0,0.3807428,0.34648538500070575,0.41402653,0.403912,,7,"{""lr"": 0.001, ""dropout"": 0.3, ""aux_weight"": 0.3}"
644,2,3,0,0.25,0.5,0.29613212,0.34648538500070575,0.32535082,0.39262208,,7,"{""lr"": 0.001, ""dropout"": 0.3, ""aux_weight"": 0.3}"
648,2,3,1,0.5,0.0,0.35665578,0.34648538500070575,0.3883035,0.38041836,,7,"{""lr"": 0.001, ""dropout"": 0.3, ""aux_weight"": 0.3}"
653,2,3,1,0.5,0.0,0.40705556,0.34648538500070575,0.46168423,0.3698285,,7,"{""lr"": 0.001, ""dropout"": 0.3, ""aux_weight"": 0.3}"
654,2,3,0,0.1666666666666666,0.6666666666666667,0.48603567,0.34648538500070575,0.5596638,0.386904,,7,"{""lr"": 0.001, ""dropout"": 0.3, ""aux_weight"": 0.3}"
670,2,3,1,0.5,0.0,0.46021685,0.34648538500070575,0.5024043,0.35709426,,7,"{""lr"": 0.001, ""dropout"": 0.3, ""aux_weight"": 0.3}"
682,2,3,0,0.1666666666666666,0.6666666666666667,0.30926475,0.34648538500070575,0.33898544,0.42437506,,7,"{""lr"": 0.001, ""dropout"": 0.3, ""aux_weight"": 0.3}"
683,2,3,1,0.8333333333333334,0.6666666666666667,0.44557285,0.34648538500070575,0.45398554,0.42218468,,7,"{""lr"": 0.001, ""dropout"": 0.3, ""aux_weight"": 0.3}"
685,2,3,0,0.0,1.0,0.30160683,0.34648538500070575,0.3751234,0.40042466,,7,"{""lr"": 0.001, ""dropout"": 0.3, ""aux_weight"": 0.3}"
687,2,3,0,0.3333333333333333,0.3333333333333333,0.3444808,0.34648538500070575,0.33531916,0.42254582,,7,"{""lr"": 0.001, ""dropout"": 0.3, ""aux_weight"": 0.3}"
691,2,3,0,0.1666666666666666,0.6666666666666667,0.40789667,0.34648538500070575,0.40455842,0.42218468,,7,"{""lr"": 0.001, ""dropout"": 0.3, ""aux_weight"": 0.3}"
693,2,3,1,0.5,0.0,0.4528938,0.34648538500070575,0.4723329,0.4239119,,7,"{""lr"": 0.001, ""dropout"": 0.3, ""aux_weight"": 0.3}"
704,2,3,0,0.3333333333333333,0.3333333333333333,0.41684848,0.34648538500070575,0.43278566,0.37666854,,7,"{""lr"": 0.001, ""dropout"": 0.3, ""aux_weight"": 0.3}"
705,2,3,1,0.5,0.0,0.2514523,0.34648538500070575,0.2266176,0.41327083,,7,"{""lr"": 0.001, ""dropout"": 0.3, ""aux_weight"": 0.3}"
711,2,3,1,0.6,0.1999999999999999,0.36514091,0.34648538500070575,0.3990515,0.40209103,,7,"{""lr"": 0.001, ""dropout"": 0.3, ""aux_weight"": 0.3}"
717,2,3,1,0.5,0.0,0.43538535,0.34648538500070575,0.53465843,0.3895817,,7,"{""lr"": 0.001, ""dropout"": 0.3, ""aux_weight"": 0.3}"
719,2,3,0,0.1666666666666666,0.6666666666666667,0.39049122,0.34648538500070575,0.34404746,0.40065622,,7,"{""lr"": 0.001, ""dropout"": 0.3, ""aux_weight"": 0.3}"
722,2,3,0,0.2,0.6,0.24155276,0.34648538500070575,0.2694689,0.40671372,,7,"{""lr"": 0.001, ""dropout"": 0.3, ""aux_weight"": 0.3}"
725,2,3,0,0.0,1.0,0.36496353,0.34648538500070575,0.38941365,0.40221238,,7,"{""lr"": 0.001, ""dropout"": 0.3, ""aux_weight"": 0.3}"
727,2,3,0,0.4,0.1999999999999999,0.42208186,0.34648538500070575,0.42370373,0.40375152,,7,"{""lr"": 0.001, ""dropout"": 0.3, ""aux_weight"": 0.3}"
729,2,3,0,0.4,0.1999999999999999,0.44006187,0.34648538500070575,0.45359534,0.4109036,,7,"{""lr"": 0.001, ""dropout"": 0.3, ""aux_weight"": 0.3}"
730,2,3,0,0.3333333333333333,0.3333333333333333,0.32227105,0.34648538500070575,0.4117949,0.38326043,,7,"{""lr"": 0.001, ""dropout"": 0.3, ""aux_weight"": 0.3}"
734,2,3,0,0.0,1.0,0.22999918,0.34648538500070575,0.26699692,0.38150248,,7,"{""lr"": 0.001, ""dropout"": 0.3, ""aux_weight"": 0.3}"
740,2,3,0,0.1666666666666666,0.6666666666666667,0.19719878,0.34648538500070575,0.2564808,0.3706891,,7,"{""lr"": 0.001, ""dropout"": 0.3, ""aux_weight"": 0.3}"
3,2,4,0,0.0,1.0,0.337812,0.3363334041833878,0.3867483,0.33498526,,25,"{""lr"": 0.001, ""dropout"": 0.5, ""aux_weight"": 0.3}"
5,2,4,0,0.2,0.6,0.20877898,0.3363334041833878,0.15625456,0.39391243,,25,"{""lr"": 0.001, ""dropout"": 0.5, ""aux_weight"": 0.3}"
17,2,4,0,0.4,0.1999999999999999,0.35672662,0.3363334041833878,0.26456788,0.4835811,,25,"{""lr"": 0.001, ""dropout"": 0.5, ""aux_weight"": 0.3}"
22,2,4,0,0.2,0.6,0.35641158,0.3363334041833878,0.47600433,0.28571662,,25,"{""lr"": 0.001, ""dropout"": 0.5, ""aux_weight"": 0.3}"
36,2,4,0,0.2,0.6,0.17024341,0.3363334041833878,0.17381239,0.30208808,,25,"{""lr"": 0.001, ""dropout"": 0.5, ""aux_weight"": 0.3}"
41,2,4,0,0.2,0.6,0.11778423,0.3363334041833878,0.099805824,0.33470786,,25,"{""lr"": 0.001, ""dropout"": 0.5, ""aux_weight"": 0.3}"
43,2,4,0,0.2,0.6,0.41554213,0.3363334041833878,0.43605685,0.33368254,,25,"{""lr"": 0.001, ""dropout"": 0.5, ""aux_weight"": 0.3}"
49,2,4,0,0.3333333333333333,0.3333333333333333,0.25514445,0.3363334041833878,0.19952893,0.4049514,,25,"{""lr"": 0.001, ""dropout"": 0.5, ""aux_weight"": 0.3}"
50,2,4,1,0.8,0.6000000000000001,0.33493036,0.3363334041833878,0.4263293,0.29716998,,25,"{""lr"": 0.001, ""dropout"": 0.5, ""aux_weight"": 0.3}"
51,2,4,0,0.25,0.5,0.44164205,0.3363334041833878,0.49770218,0.33035117,,25,"{""lr"": 0.001, ""dropout"": 0.5, ""aux_weight"": 0.3}"
54,2,4,0,0.25,0.5,0.23458435,0.3363334041833878,0.29538035,0.32530183,,25,"{""lr"": 0.001, ""dropout"": 0.5, ""aux_weight"": 0.3}"
65,2,4,0,0.25,0.5,0.12136747,0.3363334041833878,0.19598886,0.17918316,,25,"{""lr"": 0.001, ""dropout"": 0.5, ""aux_weight"": 0.3}"
66,2,4,0,0.0,1.0,0.21631037,0.3363334041833878,0.42154822,0.1571978,,25,"{""lr"": 0.001, ""dropout"": 0.5, ""aux_weight"": 0.3}"
68,2,4,0,0.0,1.0,0.17649853,0.3363334041833878,0.2345834,0.26045552,,25,"{""lr"": 0.001, ""dropout"": 0.5, ""aux_weight"": 0.3}"
72,2,4,0,0.25,0.5,0.23671398,0.3363334041833878,0.2432343,0.32761362,,25,"{""lr"": 0.001, ""dropout"": 0.5, ""aux_weight"": 0.3}"
86,2,4,0,0.0,1.0,0.20002764,0.3363334041833878,0.18342574,0.38410416,,25,"{""lr"": 0.001, ""dropout"": 0.5, ""aux_weight"": 0.3}"
89,2,4,0,0.25,0.5,0.30930424,0.3363334041833878,0.2956918,0.39122128,,25,"{""lr"": 0.001, ""dropout"": 0.5, ""aux_weight"": 0.3}"
102,2,4,0,0.0,1.0,0.09829627,0.3363334041833878,0.12508002,0.24123807,,25,"{""lr"": 0.001, ""dropout"": 0.5, ""aux_weight"": 0.3}"
106,2,4,1,1.0,1.0,0.23294926,0.3363334041833878,0.1838174,0.44072443,,25,"{""lr"": 0.001, ""dropout"": 0.5, ""aux_weight"": 0.3}"
107,2,4,0,0.1111111111111111,0.7777777777777778,0.33741856,0.3363334041833878,0.26949707,0.44618574,,25,"{""lr"": 0.001, ""dropout"": 0.5, ""aux_weight"": 0.3}"
110,2,4,0,0.0,1.0,0.1277498,0.3363334041833878,0.33091596,0.12584169,,25,"{""lr"": 0.001, ""dropout"": 0.5, ""aux_weight"": 0.3}"
112,2,4,0,0.125,0.75,0.078792416,0.3363334041833878,0.061484374,0.33835673,,25,"{""lr"": 0.001, ""dropout"": 0.5, ""aux_weight"": 0.3}"
115,2,4,0,0.0,1.0,0.110195056,0.3363334041833878,0.13163786,0.2515585,,25,"{""lr"": 0.001, ""dropout"": 0.5, ""aux_weight"": 0.3}"
117,2,4,0,0.25,0.5,0.24849972,0.3363334041833878,0.2972771,0.27854916,,25,"{""lr"": 0.001, ""dropout"": 0.5, ""aux_weight"": 0.3}"
125,2,4,0,0.125,0.75,0.3318225,0.3363334041833878,0.32062,0.34567308,,25,"{""lr"": 0.001, ""dropout"": 0.5, ""aux_weight"": 0.3}"
126,2,4,0,0.2222222222222222,0.5555555555555556,0.5997753,0.3363334041833878,0.51512337,0.50655466,,25,"{""lr"": 0.001, ""dropout"": 0.5, ""aux_weight"": 0.3}"
135,2,4,0,0.1666666666666666,0.6666666666666667,0.14758807,0.3363334041833878,0.1555737,0.29152876,,25,"{""lr"": 0.001, ""dropout"": 0.5, ""aux_weight"": 0.3}"
137,2,4,1,0.6666666666666666,0.3333333333333332,0.1297571,0.3363334041833878,0.1860008,0.20836644,,25,"{""lr"": 0.001, ""dropout"": 0.5, ""aux_weight"": 0.3}"
140,2,4,0,0.2222222222222222,0.5555555555555556,0.38475642,0.3363334041833878,0.27320817,0.4914871,,25,"{""lr"": 0.001, ""dropout"": 0.5, ""aux_weight"": 0.3}"
145,2,4,0,0.4444444444444444,0.1111111111111111,0.17448995,0.3363334041833878,0.11355196,0.43441567,,25,"{""lr"": 0.001, ""dropout"": 0.5, ""aux_weight"": 0.3}"
146,2,4,1,0.8888888888888888,0.7777777777777777,0.109119646,0.3363334041833878,0.07541934,0.416806,,25,"{""lr"": 0.001, ""dropout"": 0.5, ""aux_weight"": 0.3}"
154,2,4,0,0.25,0.5,0.11951716,0.3363334041833878,0.13177419,0.2633307,,25,"{""lr"": 0.001, ""dropout"": 0.5, ""aux_weight"": 0.3}"
155,2,4,0,0.25,0.5,0.23838146,0.3363334041833878,0.23417962,0.31966215,,25,"{""lr"": 0.001, ""dropout"": 0.5, ""aux_weight"": 0.3}"
161,2,4,0,0.0,1.0,0.24898365,0.3363334041833878,0.3340422,0.27301452,,25,"{""lr"": 0.001, ""dropout"": 0.5, ""aux_weight"": 0.3}"
169,2,4,0,0.0,1.0,0.24118719,0.3363334041833878,0.3077242,0.2796533,,25,"{""lr"": 0.001, ""dropout"": 0.5, ""aux_weight"": 0.3}"
170,2,4,0,0.1666666666666666,0.6666666666666667,0.32516745,0.3363334041833878,0.28648654,0.41403136,,25,"{""lr"": 0.001, ""dropout"": 0.5, ""aux_weight"": 0.3}"
174,2,4,1,0.5,0.0,0.07871975,0.3363334041833878,0.07388191,0.34282732,,25,"{""lr"": 0.001, ""dropout"": 0.5, ""aux_weight"": 0.3}"
175,2,4,0,0.0,1.0,0.17628385,0.3363334041833878,0.17894101,0.33611232,,25,"{""lr"": 0.001, ""dropout"": 0.5, ""aux_weight"": 0.3}"
178,2,4,0,0.0,1.0,0.19088301,0.3363334041833878,0.14024511,0.40226078,,25,"{""lr"": 0.001, ""dropout"": 0.5, ""aux_weight"": 0.3}"
186,2,4,0,0.0,1.0,0.2388966,0.3363334041833878,0.27661005,0.30341333,,25,"{""lr"": 0.001, ""dropout"": 0.5, ""aux_weight"": 0.3}"
192,2,4,0,0.0,1.0,0.36786103,0.3363334041833878,0.30398446,0.4327035,,25,"{""lr"": 0.001, ""dropout"": 0.5, ""aux_weight"": 0.3}"
193,2,4,0,0.25,0.5,0.30224666,0.3363334041833878,0.41183454,0.265729,,25,"{""lr"": 0.001, ""dropout"": 0.5, ""aux_weight"": 0.3}"
197,2,4,0,0.0,1.0,0.073302776,0.3363334041833878,0.06253856,0.32943693,,25,"{""lr"": 0.001, ""dropout"": 0.5, ""aux_weight"": 0.3}"
200,2,4,0,0.2,0.6,0.41666093,0.3363334041833878,0.32132643,0.4945382,,25,"{""lr"": 0.001, ""dropout"": 0.5, ""aux_weight"": 0.3}"
204,2,4,0,0.4,0.1999999999999999,0.27820832,0.3363334041833878,0.30163258,0.32736722,,25,"{""lr"": 0.001, ""dropout"": 0.5, ""aux_weight"": 0.3}"
209,2,4,0,0.2,0.6,0.23647678,0.3363334041833878,0.1478303,0.43885863,,25,"{""lr"": 0.001, ""dropout"": 0.5, ""aux_weight"": 0.3}"
217,2,4,0,0.0,1.0,0.10626336,0.3363334041833878,0.12907714,0.25242704,,25,"{""lr"": 0.001, ""dropout"": 0.5, ""aux_weight"": 0.3}"
219,2,4,0,0.0,1.0,0.3141886,0.3363334041833878,0.2829935,0.4039511,,25,"{""lr"": 0.001, ""dropout"": 0.5, ""aux_weight"": 0.3}"
221,2,4,1,0.8,0.6000000000000001,0.16821018,0.3363334041833878,0.16378847,0.30241767,,25,"{""lr"": 0.001, ""dropout"": 0.5, ""aux_weight"": 0.3}"
228,2,4,0,0.2,0.6,0.24656221,0.3363334041833878,0.24628255,0.34077463,,25,"{""lr"": 0.001, ""dropout"": 0.5, ""aux_weight"": 0.3}"
233,2,4,0,0.0,1.0,0.35580072,0.3363334041833878,0.31560093,0.40333778,,25,"{""lr"": 0.001, ""dropout"": 0.5, ""aux_weight"": 0.3}"
234,2,4,0,0.25,0.5,0.2830916,0.3363334041833878,0.18725663,0.46254587,,25,"{""lr"": 0.001, ""dropout"": 0.5, ""aux_weight"": 0.3}"
236,2,4,0,0.0,1.0,0.33011854,0.3363334041833878,0.25701174,0.4705148,,25,"{""lr"": 0.001, ""dropout"": 0.5, ""aux_weight"": 0.3}"
239,2,4,1,0.6,0.1999999999999999,0.1854797,0.3363334041833878,0.2014469,0.30471608,,25,"{""lr"": 0.001, ""dropout"": 0.5, ""aux_weight"": 0.3}"
242,2,4,1,0.6,0.1999999999999999,0.2038657,0.3363334041833878,0.19168311,0.3300208,,25,"{""lr"": 0.001, ""dropout"": 0.5, ""aux_weight"": 0.3}"
243,2,4,0,0.0,1.0,0.28102252,0.3363334041833878,0.3352862,0.3077688,,25,"{""lr"": 0.001, ""dropout"": 0.5, ""aux_weight"": 0.3}"
254,2,4,0,0.25,0.5,0.10191181,0.3363334041833878,0.1471013,0.20766863,,25,"{""lr"": 0.001, ""dropout"": 0.5, ""aux_weight"": 0.3}"
289,2,4,1,0.5,0.0,0.15794483,0.3363334041833878,0.2506805,0.19960314,,25,"{""lr"": 0.001, ""dropout"": 0.5, ""aux_weight"": 0.3}"
294,2,4,0,0.0,1.0,0.25706422,0.3363334041833878,0.23746148,0.34177035,,25,"{""lr"": 0.001, ""dropout"": 0.5, ""aux_weight"": 0.3}"
299,2,4,1,0.8,0.6000000000000001,0.18945633,0.3363334041833878,0.19429588,0.32662615,,25,"{""lr"": 0.001, ""dropout"": 0.5, ""aux_weight"": 0.3}"
313,2,4,0,0.0,1.0,0.25924414,0.3363334041833878,0.30419722,0.32754326,,25,"{""lr"": 0.001, ""dropout"": 0.5, ""aux_weight"": 0.3}"
315,2,4,1,0.8,0.6000000000000001,0.3719658,0.3363334041833878,0.39149576,0.38281226,,25,"{""lr"": 0.001, ""dropout"": 0.5, ""aux_weight"": 0.3}"
317,2,4,0,0.4,0.1999999999999999,0.15693337,0.3363334041833878,0.14006689,0.3325646,,25,"{""lr"": 0.001, ""dropout"": 0.5, ""aux_weight"": 0.3}"
319,2,4,0,0.2,0.6,0.28026992,0.3363334041833878,0.20203936,0.42015857,,25,"{""lr"": 0.001, ""dropout"": 0.5, ""aux_weight"": 0.3}"
320,2,4,0,0.0,1.0,0.28211975,0.3363334041833878,0.3167056,0.34240317,,25,"{""lr"": 0.001, ""dropout"": 0.5, ""aux_weight"": 0.3}"
323,2,4,0,0.0,1.0,0.318188,0.3363334041833878,0.40164226,0.2771161,,25,"{""lr"": 0.001, ""dropout"": 0.5, ""aux_weight"": 0.3}"
330,2,4,0,0.4,0.1999999999999999,0.27484554,0.3363334041833878,0.24273966,0.3628294,,25,"{""lr"": 0.001, ""dropout"": 0.5, ""aux_weight"": 0.3}"
350,2,4,0,0.0,1.0,0.13876127,0.3363334041833878,0.13260087,0.3408483,,25,"{""lr"": 0.001, ""dropout"": 0.5, ""aux_weight"": 0.3}"
356,2,4,0,0.25,0.5,0.41390562,0.3363334041833878,0.42924625,0.36636168,,25,"{""lr"": 0.001, ""dropout"": 0.5, ""aux_weight"": 0.3}"
365,2,4,0,0.25,0.5,0.37100637,0.3363334041833878,0.54162693,0.25972322,,25,"{""lr"": 0.001, ""dropout"": 0.5, ""aux_weight"": 0.3}"
366,2,4,0,0.0,1.0,0.37212116,0.3363334041833878,0.30627206,0.43565407,,25,"{""lr"": 0.001, ""dropout"": 0.5, ""aux_weight"": 0.3}"
369,2,4,0,0.0,1.0,0.09612402,0.3363334041833878,0.08176726,0.3293064,,25,"{""lr"": 0.001, ""dropout"": 0.5, ""aux_weight"": 0.3}"
370,2,4,0,0.0,1.0,0.1734347,0.3363334041833878,0.15428168,0.32373703,,25,"{""lr"": 0.001, ""dropout"": 0.5, ""aux_weight"": 0.3}"
377,2,4,0,0.25,0.5,0.53779876,0.3363334041833878,0.598015,0.45185244,,25,"{""lr"": 0.001, ""dropout"": 0.5, ""aux_weight"": 0.3}"
380,2,4,1,0.75,0.5,0.45796126,0.3363334041833878,0.42210087,0.46295038,,25,"{""lr"": 0.001, ""dropout"": 0.5, ""aux_weight"": 0.3}"
385,2,4,1,0.5,0.0,0.22908643,0.3363334041833878,0.2872816,0.2775938,,25,"{""lr"": 0.001, ""dropout"": 0.5, ""aux_weight"": 0.3}"
386,2,4,0,0.25,0.5,0.44050217,0.3363334041833878,0.4824801,0.33064649,,25,"{""lr"": 0.001, ""dropout"": 0.5, ""aux_weight"": 0.3}"
391,2,4,0,0.0,1.0,0.059735723,0.3363334041833878,0.046892453,0.33097246,,25,"{""lr"": 0.001, ""dropout"": 0.5, ""aux_weight"": 0.3}"
396,2,4,1,0.75,0.5,0.5179465,0.3363334041833878,0.5052993,0.39817554,,25,"{""lr"": 0.001, ""dropout"": 0.5, ""aux_weight"": 0.3}"
400,2,4,1,0.5,0.0,0.50779957,0.3363334041833878,0.56956255,0.32244772,,25,"{""lr"": 0.001, ""dropout"": 0.5, ""aux_weight"": 0.3}"
403,2,4,0,0.0,1.0,0.03246309,0.3363334041833878,0.023946114,0.34255418,,25,"{""lr"": 0.001, ""dropout"": 0.5, ""aux_weight"": 0.3}"
404,2,4,1,0.6,0.1999999999999999,0.6482308,0.3363334041833878,0.6265726,0.44590056,,25,"{""lr"": 0.001, ""dropout"": 0.5, ""aux_weight"": 0.3}"
407,2,4,0,0.2,0.6,0.55737114,0.3363334041833878,0.5167631,0.46551064,,25,"{""lr"": 0.001, ""dropout"": 0.5, ""aux_weight"": 0.3}"
415,2,4,0,0.0,1.0,0.3817671,0.3363334041833878,0.3711577,0.38751927,,25,"{""lr"": 0.001, ""dropout"": 0.5, ""aux_weight"": 0.3}"
417,2,4,0,0.2,0.6,0.51611567,0.3363334041833878,0.49441522,0.4103701,,25,"{""lr"": 0.001, ""dropout"": 0.5, ""aux_weight"": 0.3}"
419,2,4,0,0.4,0.1999999999999999,0.31098008,0.3363334041833878,0.31505808,0.37539032,,25,"{""lr"": 0.001, ""dropout"": 0.5, ""aux_weight"": 0.3}"
423,2,4,0,0.0,1.0,0.47020754,0.3363334041833878,0.45480835,0.39680955,,25,"{""lr"": 0.001, ""dropout"": 0.5, ""aux_weight"": 0.3}"
437,2,4,1,0.6,0.1999999999999999,0.5696336,0.3363334041833878,0.59324205,0.3860898,,25,"{""lr"": 0.001, ""dropout"": 0.5, ""aux_weight"": 0.3}"
457,2,4,1,0.5,0.0,0.39245653,0.3363334041833878,0.44301552,0.33659974,,25,"{""lr"": 0.001, ""dropout"": 0.5, ""aux_weight"": 0.3}"
472,2,4,0,0.25,0.5,0.32265818,0.3363334041833878,0.3706125,0.3227775,,25,"{""lr"": 0.001, ""dropout"": 0.5, ""aux_weight"": 0.3}"
473,2,4,0,0.25,0.5,0.37937573,0.3363334041833878,0.43321505,0.32609648,,25,"{""lr"": 0.001, ""dropout"": 0.5, ""aux_weight"": 0.3}"
484,2,4,0,0.25,0.5,0.2623882,0.3363334041833878,0.32966626,0.27141434,,25,"{""lr"": 0.001, ""dropout"": 0.5, ""aux_weight"": 0.3}"
491,2,4,1,0.5,0.0,0.38259903,0.3363334041833878,0.38599485,0.34845737,,25,"{""lr"": 0.001, ""dropout"": 0.5, ""aux_weight"": 0.3}"
494,2,4,1,0.8,0.6000000000000001,0.3534999,0.3363334041833878,0.42319277,0.32643884,,25,"{""lr"": 0.001, ""dropout"": 0.5, ""aux_weight"": 0.3}"
495,2,4,0,0.0,1.0,0.48243818,0.3363334041833878,0.49521115,0.36922535,,25,"{""lr"": 0.001, ""dropout"": 0.5, ""aux_weight"": 0.3}"
500,2,4,0,0.25,0.5,0.48723572,0.3363334041833878,0.5499455,0.34419146,,25,"{""lr"": 0.001, ""dropout"": 0.5, ""aux_weight"": 0.3}"
501,2,4,0,0.25,0.5,0.36423796,0.3363334041833878,0.40566015,0.34592533,,25,"{""lr"": 0.001, ""dropout"": 0.5, ""aux_weight"": 0.3}"
502,2,4,1,0.75,0.5,0.36786282,0.3363334041833878,0.40569776,0.33114102,,25,"{""lr"": 0.001, ""dropout"": 0.5, ""aux_weight"": 0.3}"
507,2,4,1,1.0,1.0,0.5490124,0.3363334041833878,0.46391588,0.460859,,25,"{""lr"": 0.001, ""dropout"": 0.5, ""aux_weight"": 0.3}"
511,2,4,1,0.5,0.0,0.4679296,0.3363334041833878,0.4430583,0.4564729,,25,"{""lr"": 0.001, ""dropout"": 0.5, ""aux_weight"": 0.3}"
522,2,4,0,0.25,0.5,0.3784359,0.3363334041833878,0.40662932,0.36771232,,25,"{""lr"": 0.001, ""dropout"": 0.5, ""aux_weight"": 0.3}"
527,2,4,0,0.25,0.5,0.4748592,0.3363334041833878,0.5110982,0.3593652,,25,"{""lr"": 0.001, ""dropout"": 0.5, ""aux_weight"": 0.3}"
532,2,4,0,0.0,1.0,0.09498659,0.3363334041833878,0.07298054,0.33873165,,25,"{""lr"": 0.001, ""dropout"": 0.5, ""aux_weight"": 0.3}"
537,2,4,0,0.25,0.5,0.44179025,0.3363334041833878,0.46718648,0.38857865,,25,"{""lr"": 0.001, ""dropout"": 0.5, ""aux_weight"": 0.3}"
540,2,4,0,0.25,0.5,0.5346533,0.3363334041833878,0.53200454,0.3408483,,25,"{""lr"": 0.001, ""dropout"": 0.5, ""aux_weight"": 0.3}"
556,2,4,0,0.1666666666666666,0.6666666666666667,0.4133005,0.3363334041833878,0.42338765,0.36387342,,25,"{""lr"": 0.001, ""dropout"": 0.5, ""aux_weight"": 0.3}"
562,2,4,0,0.3333333333333333,0.3333333333333333,0.44223073,0.3363334041833878,0.45829302,0.3715709,,25,"{""lr"": 0.001, ""dropout"": 0.5, ""aux_weight"": 0.3}"
564,2,4,1,0.5,0.0,0.34334648,0.3363334041833878,0.34536332,0.3509333,,25,"{""lr"": 0.001, ""dropout"": 0.5, ""aux_weight"": 0.3}"
567,2,4,0,0.3333333333333333,0.3333333333333333,0.3620357,0.3363334041833878,0.40749994,0.31647813,,25,"{""lr"": 0.001, ""dropout"": 0.5, ""aux_weight"": 0.3}"
572,2,4,1,0.8333333333333334,0.6666666666666667,0.4435646,0.3363334041833878,0.42028195,0.41636315,,25,"{""lr"": 0.001, ""dropout"": 0.5, ""aux_weight"": 0.3}"
576,2,4,1,0.5,0.0,0.4035955,0.3363334041833878,0.5585853,0.29315716,,25,"{""lr"": 0.001, ""dropout"": 0.5, ""aux_weight"": 0.3}"
578,2,4,1,0.5,0.0,0.41808462,0.3363334041833878,0.4971506,0.3349432,,25,"{""lr"": 0.001, ""dropout"": 0.5, ""aux_weight"": 0.3}"
589,2,4,0,0.3333333333333333,0.3333333333333333,0.57932115,0.3363334041833878,0.48526955,0.5030815,,25,"{""lr"": 0.001, ""dropout"": 0.5, ""aux_weight"": 0.3}"
591,2,4,1,0.5,0.0,0.34138936,0.3363334041833878,0.22685665,0.4859898,,25,"{""lr"": 0.001, ""dropout"": 0.5, ""aux_weight"": 0.3}"
599,2,4,0,0.0,1.0,0.47329265,0.3363334041833878,0.39392895,0.49580288,,25,"{""lr"": 0.001, ""dropout"": 0.5, ""aux_weight"": 0.3}"
608,2,4,0,0.0,1.0,0.45341757,0.3363334041833878,0.40764415,0.40845534,,25,"{""lr"": 0.001, ""dropout"": 0.5, ""aux_weight"": 0.3}"
614,2,4,1,0.75,0.5,0.47515413,0.3363334041833878,0.46423393,0.4210544,,25,"{""lr"": 0.001, ""dropout"": 0.5, ""aux_weight"": 0.3}"
616,2,4,1,0.75,0.5,0.40586776,0.3363334041833878,0.36494076,0.4187188,,25,"{""lr"": 0.001, ""dropout"": 0.5, ""aux_weight"": 0.3}"
624,2,4,0,0.25,0.5,0.44031,0.3363334041833878,0.37551975,0.46403086,,25,"{""lr"": 0.001, ""dropout"": 0.5, ""aux_weight"": 0.3}"
626,2,4,1,0.5,0.0,0.4148131,0.3363334041833878,0.34165773,0.46210793,,25,"{""lr"": 0.001, ""dropout"": 0.5, ""aux_weight"": 0.3}"
631,2,4,0,0.0,1.0,0.5310686,0.3363334041833878,0.50289893,0.4640754,,25,"{""lr"": 0.001, ""dropout"": 0.5, ""aux_weight"": 0.3}"
632,2,4,1,0.5,0.0,0.3858798,0.3363334041833878,0.30630204,0.4639183,,25,"{""lr"": 0.001, ""dropout"": 0.5, ""aux_weight"": 0.3}"
633,2,4,1,0.5,0.0,0.3909889,0.3363334041833878,0.32794648,0.45538178,,25,"{""lr"": 0.001, ""dropout"": 0.5, ""aux_weight"": 0.3}"
634,2,4,0,0.25,0.5,0.3959182,0.3363334041833878,0.383478,0.42828646,,25,"{""lr"": 0.001, ""dropout"": 0.5, ""aux_weight"": 0.3}"
635,2,4,1,0.5,0.0,0.49574995,0.3363334041833878,0.4794423,0.45538178,,25,"{""lr"": 0.001, ""dropout"": 0.5, ""aux_weight"": 0.3}"
639,2,4,0,0.0,1.0,0.4226017,0.3363334041833878,0.3809939,0.43124107,,25,"{""lr"": 0.001, ""dropout"": 0.5, ""aux_weight"": 0.3}"
640,2,4,1,0.75,0.5,0.39230397,0.3363334041833878,0.43893552,0.30792442,,25,"{""lr"": 0.001, ""dropout"": 0.5, ""aux_weight"": 0.3}"
641,2,4,0,0.0,1.0,0.3685084,0.3363334041833878,0.40915573,0.36687508,,25,"{""lr"": 0.001, ""dropout"": 0.5, ""aux_weight"": 0.3}"
645,2,4,1,0.75,0.5,0.42497003,0.3363334041833878,0.5485628,0.32730517,,25,"{""lr"": 0.001, ""dropout"": 0.5, ""aux_weight"": 0.3}"
649,2,4,1,0.5,0.0,0.39871386,0.3363334041833878,0.40800458,0.41532722,,25,"{""lr"": 0.001, ""dropout"": 0.5, ""aux_weight"": 0.3}"
651,2,4,0,0.3333333333333333,0.3333333333333333,0.26216686,0.3363334041833878,0.25854298,0.34731296,,25,"{""lr"": 0.001, ""dropout"": 0.5, ""aux_weight"": 0.3}"
664,2,4,1,0.6666666666666666,0.3333333333333332,0.50683767,0.3363334041833878,0.5412673,0.37381908,,25,"{""lr"": 0.001, ""dropout"": 0.5, ""aux_weight"": 0.3}"
669,2,4,0,0.3333333333333333,0.3333333333333333,0.4136697,0.3363334041833878,0.4417187,0.39558426,,25,"{""lr"": 0.001, ""dropout"": 0.5, ""aux_weight"": 0.3}"
673,2,4,0,0.3333333333333333,0.3333333333333333,0.062387966,0.3363334041833878,0.05179303,0.358773,,25,"{""lr"": 0.001, ""dropout"": 0.5, ""aux_weight"": 0.3}"
675,2,4,0,0.3333333333333333,0.3333333333333333,0.30347383,0.3363334041833878,0.30898184,0.3552359,,25,"{""lr"": 0.001, ""dropout"": 0.5, ""aux_weight"": 0.3}"
676,2,4,0,0.1666666666666666,0.6666666666666667,0.33871767,0.3363334041833878,0.29738414,0.36309642,,25,"{""lr"": 0.001, ""dropout"": 0.5, ""aux_weight"": 0.3}"
694,2,4,0,0.3333333333333333,0.3333333333333333,0.41267645,0.3363334041833878,0.36756814,0.46036536,,25,"{""lr"": 0.001, ""dropout"": 0.5, ""aux_weight"": 0.3}"
698,2,4,1,0.5,0.0,0.4971132,0.3363334041833878,0.47550339,0.4680149,,25,"{""lr"": 0.001, ""dropout"": 0.5, ""aux_weight"": 0.3}"
703,2,4,0,0.0,1.0,0.38485938,0.3363334041833878,0.4383808,0.2785708,,25,"{""lr"": 0.001, ""dropout"": 0.5, ""aux_weight"": 0.3}"
707,2,4,1,0.5,0.0,0.260542,0.3363334041833878,0.19508648,0.42490402,,25,"{""lr"": 0.001, ""dropout"": 0.5, ""aux_weight"": 0.3}"
709,2,4,0,0.3333333333333333,0.3333333333333333,0.40782958,0.3363334041833878,0.3887213,0.4302716,,25,"{""lr"": 0.001, ""dropout"": 0.5, ""aux_weight"": 0.3}"
714,2,4,0,0.3333333333333333,0.3333333333333333,0.2277072,0.3363334041833878,0.32093662,0.27160496,,25,"{""lr"": 0.001, ""dropout"": 0.5, ""aux_weight"": 0.3}"
715,2,4,1,0.5,0.0,0.288014,0.3363334041833878,0.21935983,0.41655967,,25,"{""lr"": 0.001, ""dropout"": 0.5, ""aux_weight"": 0.3}"
718,2,4,0,0.1666666666666666,0.6666666666666667,0.22751404,0.3363334041833878,0.18634278,0.4251678,,25,"{""lr"": 0.001, ""dropout"": 0.5, ""aux_weight"": 0.3}"
720,2,4,0,0.0,1.0,0.09383753,0.3363334041833878,0.08698779,0.31563687,,25,"{""lr"": 0.001, ""dropout"": 0.5, ""aux_weight"": 0.3}"
731,2,4,0,0.0,1.0,0.18164548,0.3363334041833878,0.15775608,0.38287383,,25,"{""lr"": 0.001, ""dropout"": 0.5, ""aux_weight"": 0.3}"
741,2,4,0,0.2,0.6,0.25612903,0.3363334041833878,0.26003015,0.41557172,,25,"{""lr"": 0.001, ""dropout"": 0.5, ""aux_weight"": 0.3}"
3,3,0,0,0.0,1.0,0.30798957,0.3630710616707802,0.5218373,0.5028609,,24,"{""lr"": 0.001, ""dropout"": 0.5, ""aux_weight"": 0.0}"
5,3,0,0,0.2,0.6,0.23163274,0.3630710616707802,0.51187223,0.49830624,,24,"{""lr"": 0.001, ""dropout"": 0.5, ""aux_weight"": 0.0}"
7,3,0,1,0.6,0.1999999999999999,0.45397717,0.3630710616707802,0.48983777,0.49771127,,24,"{""lr"": 0.001, ""dropout"": 0.5, ""aux_weight"": 0.0}"
25,3,0,0,0.2,0.6,0.30027187,0.3630710616707802,0.47553116,0.49058333,,24,"{""lr"": 0.001, ""dropout"": 0.5, ""aux_weight"": 0.0}"
30,3,0,0,0.2,0.6,0.21924129,0.3630710616707802,0.42203426,0.49905324,,24,"{""lr"": 0.001, ""dropout"": 0.5, ""aux_weight"": 0.0}"
36,3,0,0,0.2,0.6,0.18869518,0.3630710616707802,0.4947131,0.49084014,,24,"{""lr"": 0.001, ""dropout"": 0.5, ""aux_weight"": 0.0}"
37,3,0,0,0.2,0.6,0.083051845,0.3630710616707802,0.36147696,0.49341106,,24,"{""lr"": 0.001, ""dropout"": 0.5, ""aux_weight"": 0.0}"
39,3,0,0,0.0,1.0,0.2812963,0.3630710616707802,0.49601507,0.4957008,,24,"{""lr"": 0.001, ""dropout"": 0.5, ""aux_weight"": 0.0}"
44,3,0,0,0.0,1.0,0.21258198,0.3630710616707802,0.5106857,0.50186706,,24,"{""lr"": 0.001, ""dropout"": 0.5, ""aux_weight"": 0.0}"
48,3,0,1,0.6,0.1999999999999999,0.23927587,0.3630710616707802,0.44296247,0.51037794,,24,"{""lr"": 0.001, ""dropout"": 0.5, ""aux_weight"": 0.0}"
50,3,0,1,0.8,0.6000000000000001,0.28870758,0.3630710616707802,0.4989193,0.4980212,,24,"{""lr"": 0.001, ""dropout"": 0.5, ""aux_weight"": 0.0}"
57,3,0,1,1.0,1.0,0.27650368,0.3630710616707802,0.49574283,0.49736685,,24,"{""lr"": 0.001, ""dropout"": 0.5, ""aux_weight"": 0.0}"
58,3,0,0,0.25,0.5,0.35639733,0.3630710616707802,0.48480892,0.49535862,,24,"{""lr"": 0.001, ""dropout"": 0.5, ""aux_weight"": 0.0}"
59,3,0,0,0.25,0.5,0.24243231,0.3630710616707802,0.46739274,0.49407426,,24,"{""lr"": 0.001, ""dropout"": 0.5, ""aux_weight"": 0.0}"
60,3,0,0,0.0,1.0,0.3868931,0.3630710616707802,0.5483488,0.48889324,,24,"{""lr"": 0.001, ""dropout"": 0.5, ""aux_weight"": 0.0}"
77,3,0,0,0.25,0.5,0.28355855,0.3630710616707802,0.5497662,0.48351076,,24,"{""lr"": 0.001, ""dropout"": 0.5, ""aux_weight"": 0.0}"
78,3,0,0,0.0,1.0,0.13873222,0.3630710616707802,0.40162766,0.49868253,,24,"{""lr"": 0.001, ""dropout"": 0.5, ""aux_weight"": 0.0}"
81,3,0,0,0.0,1.0,0.14842927,0.3630710616707802,0.49581373,0.5013823,,24,"{""lr"": 0.001, ""dropout"": 0.5, ""aux_weight"": 0.0}"
99,3,0,0,0.0,1.0,0.20800492,0.3630710616707802,0.3476839,0.4961825,,24,"{""lr"": 0.001, ""dropout"": 0.5, ""aux_weight"": 0.0}"
114,3,0,0,0.1111111111111111,0.7777777777777778,0.26516938,0.3630710616707802,0.502697,0.5151858,,24,"{""lr"": 0.001, ""dropout"": 0.5, ""aux_weight"": 0.0}"
115,3,0,0,0.0,1.0,0.07437565,0.3630710616707802,0.53864086,0.51320153,,24,"{""lr"": 0.001, ""dropout"": 0.5, ""aux_weight"": 0.0}"
116,3,0,0,0.0,1.0,0.2111793,0.3630710616707802,0.5048244,0.49384883,,24,"{""lr"": 0.001, ""dropout"": 0.5, ""aux_weight"": 0.0}"
125,3,0,0,0.125,0.75,0.25996077,0.3630710616707802,0.46960777,0.4970982,,24,"{""lr"": 0.001, ""dropout"": 0.5, ""aux_weight"": 0.0}"
126,3,0,0,0.2222222222222222,0.5555555555555556,0.44851574,0.3630710616707802,0.4996796,0.49430436,,24,"{""lr"": 0.001, ""dropout"": 0.5, ""aux_weight"": 0.0}"
127,3,0,1,0.6666666666666666,0.3333333333333332,0.27645254,0.3630710616707802,0.4482979,0.49695674,,24,"{""lr"": 0.001, ""dropout"": 0.5, ""aux_weight"": 0.0}"
130,3,0,0,0.1111111111111111,0.7777777777777778,0.08895481,0.3630710616707802,0.44470358,0.50235313,,24,"{""lr"": 0.001, ""dropout"": 0.5, ""aux_weight"": 0.0}"
144,3,0,0,0.0,1.0,0.30912837,0.3630710616707802,0.4883368,0.4975719,,24,"{""lr"": 0.001, ""dropout"": 0.5, ""aux_weight"": 0.0}"
145,3,0,0,0.4444444444444444,0.1111111111111111,0.13837814,0.3630710616707802,0.36255622,0.4922231,,24,"{""lr"": 0.001, ""dropout"": 0.5, ""aux_weight"": 0.0}"
147,3,0,0,0.0,1.0,0.22389686,0.3630710616707802,0.5423567,0.49280363,,24,"{""lr"": 0.001, ""dropout"": 0.5, ""aux_weight"": 0.0}"
149,3,0,0,0.3333333333333333,0.3333333333333333,0.096193284,0.3630710616707802,0.32662654,0.48765597,,24,"{""lr"": 0.001, ""dropout"": 0.5, ""aux_weight"": 0.0}"
154,3,0,0,0.25,0.5,0.1268623,0.3630710616707802,0.46200174,0.50884056,,24,"{""lr"": 0.001, ""dropout"": 0.5, ""aux_weight"": 0.0}"
161,3,0,0,0.0,1.0,0.25608245,0.3630710616707802,0.5693116,0.4910257,,24,"{""lr"": 0.001, ""dropout"": 0.5, ""aux_weight"": 0.0}"
162,3,0,0,0.2,0.6,0.118589036,0.3630710616707802,0.4184962,0.48828492,,24,"{""lr"": 0.001, ""dropout"": 0.5, ""aux_weight"": 0.0}"
166,3,0,0,0.25,0.5,0.19875287,0.3630710616707802,0.43229544,0.4918474,,24,"{""lr"": 0.001, ""dropout"": 0.5, ""aux_weight"": 0.0}"
167,3,0,0,0.0,1.0,0.3905445,0.3630710616707802,0.5206938,0.49680242,,24,"{""lr"": 0.001, ""dropout"": 0.5, ""aux_weight"": 0.0}"
169,3,0,0,0.0,1.0,0.22868969,0.3630710616707802,0.5392817,0.48803046,,24,"{""lr"": 0.001, ""dropout"": 0.5, ""aux_weight"": 0.0}"
181,3,0,1,0.5,0.0,0.28776044,0.3630710616707802,0.53205705,0.48487633,,24,"{""lr"": 0.001, ""dropout"": 0.5, ""aux_weight"": 0.0}"
186,3,0,0,0.0,1.0,0.17834584,0.3630710616707802,0.42895004,0.5078237,,24,"{""lr"": 0.001, ""dropout"": 0.5, ""aux_weight"": 0.0}"
188,3,0,0,0.0,1.0,0.2962272,0.3630710616707802,0.5255224,0.5053845,,24,"{""lr"": 0.001, ""dropout"": 0.5, ""aux_weight"": 0.0}"
190,3,0,0,0.25,0.5,0.26611403,0.3630710616707802,0.57583123,0.4917013,,24,"{""lr"": 0.001, ""dropout"": 0.5, ""aux_weight"": 0.0}"
203,3,0,0,0.2,0.6,0.106805496,0.3630710616707802,0.4205761,0.49644837,,24,"{""lr"": 0.001, ""dropout"": 0.5, ""aux_weight"": 0.0}"
204,3,0,0,0.4,0.1999999999999999,0.3155886,0.3630710616707802,0.5433957,0.49024698,,24,"{""lr"": 0.001, ""dropout"": 0.5, ""aux_weight"": 0.0}"
205,3,0,0,0.2,0.6,0.12003577,0.3630710616707802,0.4068669,0.49707678,,24,"{""lr"": 0.001, ""dropout"": 0.5, ""aux_weight"": 0.0}"
209,3,0,0,0.2,0.6,0.39570412,0.3630710616707802,0.6580177,0.5017673,,24,"{""lr"": 0.001, ""dropout"": 0.5, ""aux_weight"": 0.0}"
210,3,0,0,0.4,0.1999999999999999,0.61370516,0.3630710616707802,0.6108291,0.5024373,,24,"{""lr"": 0.001, ""dropout"": 0.5, ""aux_weight"": 0.0}"
216,3,0,0,0.0,1.0,0.31650895,0.3630710616707802,0.47230884,0.5018894,,24,"{""lr"": 0.001, ""dropout"": 0.5, ""aux_weight"": 0.0}"
220,3,0,0,0.4,0.1999999999999999,0.060410634,0.3630710616707802,0.32839817,0.49749255,,24,"{""lr"": 0.001, ""dropout"": 0.5, ""aux_weight"": 0.0}"
225,3,0,0,0.2,0.6,0.26604605,0.3630710616707802,0.5055698,0.49099556,,24,"{""lr"": 0.001, ""dropout"": 0.5, ""aux_weight"": 0.0}"
235,3,0,0,0.0,1.0,0.22928835,0.3630710616707802,0.4174558,0.49178264,,24,"{""lr"": 0.001, ""dropout"": 0.5, ""aux_weight"": 0.0}"
247,3,0,0,0.2,0.6,0.18175983,0.3630710616707802,0.52393603,0.49289334,,24,"{""lr"": 0.001, ""dropout"": 0.5, ""aux_weight"": 0.0}"
253,3,0,0,0.0,1.0,0.31017584,0.3630710616707802,0.5177659,0.4977613,,24,"{""lr"": 0.001, ""dropout"": 0.5, ""aux_weight"": 0.0}"
267,3,0,0,0.0,1.0,0.1762631,0.3630710616707802,0.45338392,0.5004788,,24,"{""lr"": 0.001, ""dropout"": 0.5, ""aux_weight"": 0.0}"
269,3,0,1,0.5,0.0,0.31546068,0.3630710616707802,0.52823037,0.5182981,,24,"{""lr"": 0.001, ""dropout"": 0.5, ""aux_weight"": 0.0}"
271,3,0,0,0.0,1.0,0.3304227,0.3630710616707802,0.4915744,0.49023446,,24,"{""lr"": 0.001, ""dropout"": 0.5, ""aux_weight"": 0.0}"
273,3,0,1,0.5,0.0,0.18709162,0.3630710616707802,0.5238395,0.5023259,,24,"{""lr"": 0.001, ""dropout"": 0.5, ""aux_weight"": 0.0}"
283,3,0,0,0.25,0.5,0.29577827,0.3630710616707802,0.5270884,0.50205284,,24,"{""lr"": 0.001, ""dropout"": 0.5, ""aux_weight"": 0.0}"
284,3,0,1,0.5,0.0,0.35844797,0.3630710616707802,0.5558708,0.5029276,,24,"{""lr"": 0.001, ""dropout"": 0.5, ""aux_weight"": 0.0}"
285,3,0,0,0.4,0.1999999999999999,0.35067892,0.3630710616707802,0.42965645,0.4938725,,24,"{""lr"": 0.001, ""dropout"": 0.5, ""aux_weight"": 0.0}"
291,3,0,0,0.0,1.0,0.19865319,0.3630710616707802,0.61401,0.49675992,,24,"{""lr"": 0.001, ""dropout"": 0.5, ""aux_weight"": 0.0}"
292,3,0,0,0.25,0.5,0.42523503,0.3630710616707802,0.5316241,0.4829787,,24,"{""lr"": 0.001, ""dropout"": 0.5, ""aux_weight"": 0.0}"
308,3,0,0,0.4,0.1999999999999999,0.31777835,0.3630710616707802,0.47040933,0.49130803,,24,"{""lr"": 0.001, ""dropout"": 0.5, ""aux_weight"": 0.0}"
309,3,0,1,0.8,0.6000000000000001,0.29380342,0.3630710616707802,0.5412736,0.49219885,,24,"{""lr"": 0.001, ""dropout"": 0.5, ""aux_weight"": 0.0}"
320,3,0,0,0.0,1.0,0.23133215,0.3630710616707802,0.45606056,0.4972716,,24,"{""lr"": 0.001, ""dropout"": 0.5, ""aux_weight"": 0.0}"
329,3,0,0,0.0,1.0,0.27977365,0.3630710616707802,0.54785085,0.50126356,,24,"{""lr"": 0.001, ""dropout"": 0.5, ""aux_weight"": 0.0}"
341,3,0,1,0.6,0.1999999999999999,0.32339197,0.3630710616707802,0.47568804,0.4874862,,24,"{""lr"": 0.001, ""dropout"": 0.5, ""aux_weight"": 0.0}"
346,3,0,1,0.6,0.1999999999999999,0.4506756,0.3630710616707802,0.5713365,0.5006796,,24,"{""lr"": 0.001, ""dropout"": 0.5, ""aux_weight"": 0.0}"
348,3,0,0,0.4,0.1999999999999999,0.5309241,0.3630710616707802,0.48581192,0.49195397,,24,"{""lr"": 0.001, ""dropout"": 0.5, ""aux_weight"": 0.0}"
349,3,0,0,0.0,1.0,0.045699954,0.3630710616707802,0.31591842,0.50106287,,24,"{""lr"": 0.001, ""dropout"": 0.5, ""aux_weight"": 0.0}"
351,3,0,0,0.0,1.0,0.35372627,0.3630710616707802,0.5199187,0.49173138,,24,"{""lr"": 0.001, ""dropout"": 0.5, ""aux_weight"": 0.0}"
354,3,0,0,0.25,0.5,0.4270965,0.3630710616707802,0.56780523,0.4986724,,24,"{""lr"": 0.001, ""dropout"": 0.5, ""aux_weight"": 0.0}"
370,3,0,0,0.0,1.0,0.11799627,0.3630710616707802,0.44800776,0.5023264,,24,"{""lr"": 0.001, ""dropout"": 0.5, ""aux_weight"": 0.0}"
373,3,0,0,0.0,1.0,0.4660558,0.3630710616707802,0.5316146,0.49168572,,24,"{""lr"": 0.001, ""dropout"": 0.5, ""aux_weight"": 0.0}"
374,3,0,1,0.5,0.0,0.43587053,0.3630710616707802,0.45066252,0.49378255,,24,"{""lr"": 0.001, ""dropout"": 0.5, ""aux_weight"": 0.0}"
390,3,0,1,0.75,0.5,0.25722927,0.3630710616707802,0.62520003,0.50370574,,24,"{""lr"": 0.001, ""dropout"": 0.5, ""aux_weight"": 0.0}"
391,3,0,0,0.0,1.0,0.056714654,0.3630710616707802,0.34843385,0.5006731,,24,"{""lr"": 0.001, ""dropout"": 0.5, ""aux_weight"": 0.0}"
395,3,0,1,0.5,0.0,0.47074634,0.3630710616707802,0.59193206,0.4918657,,24,"{""lr"": 0.001, ""dropout"": 0.5, ""aux_weight"": 0.0}"
404,3,0,1,0.6,0.1999999999999999,0.56818306,0.3630710616707802,0.6047406,0.48258007,,24,"{""lr"": 0.001, ""dropout"": 0.5, ""aux_weight"": 0.0}"
405,3,0,0,0.0,1.0,0.600522,0.3630710616707802,0.52671766,0.4991563,,24,"{""lr"": 0.001, ""dropout"": 0.5, ""aux_weight"": 0.0}"
411,3,0,0,0.2,0.6,0.7709838,0.3630710616707802,0.5603187,0.4976661,,24,"{""lr"": 0.001, ""dropout"": 0.5, ""aux_weight"": 0.0}"
412,3,0,1,1.0,1.0,0.46713388,0.3630710616707802,0.6075629,0.49562618,,24,"{""lr"": 0.001, ""dropout"": 0.5, ""aux_weight"": 0.0}"
414,3,0,1,0.6,0.1999999999999999,0.5875176,0.3630710616707802,0.60685277,0.4915507,,24,"{""lr"": 0.001, ""dropout"": 0.5, ""aux_weight"": 0.0}"
415,3,0,0,0.0,1.0,0.3978433,0.3630710616707802,0.5603081,0.48996338,,24,"{""lr"": 0.001, ""dropout"": 0.5, ""aux_weight"": 0.0}"
419,3,0,0,0.4,0.1999999999999999,0.30371803,0.3630710616707802,0.5541866,0.49020997,,24,"{""lr"": 0.001, ""dropout"": 0.5, ""aux_weight"": 0.0}"
425,3,0,0,0.0,1.0,0.4676525,0.3630710616707802,0.57471955,0.49771127,,24,"{""lr"": 0.001, ""dropout"": 0.5, ""aux_weight"": 0.0}"
426,3,0,1,0.8,0.6000000000000001,0.41919804,0.3630710616707802,0.5841241,0.49580184,,24,"{""lr"": 0.001, ""dropout"": 0.5, ""aux_weight"": 0.0}"
435,3,0,0,0.4,0.1999999999999999,0.5174736,0.3630710616707802,0.5619506,0.49824736,,24,"{""lr"": 0.001, ""dropout"": 0.5, ""aux_weight"": 0.0}"
437,3,0,1,0.6,0.1999999999999999,0.5245348,0.3630710616707802,0.58672476,0.49658725,,24,"{""lr"": 0.001, ""dropout"": 0.5, ""aux_weight"": 0.0}"
443,3,0,0,0.0,1.0,0.26818997,0.3630710616707802,0.3927608,0.50016403,,24,"{""lr"": 0.001, ""dropout"": 0.5, ""aux_weight"": 0.0}"
453,3,0,0,0.25,0.5,0.3968805,0.3630710616707802,0.51374876,0.50366634,,24,"{""lr"": 0.001, ""dropout"": 0.5, ""aux_weight"": 0.0}"
461,3,0,1,0.5,0.0,0.40836257,0.3630710616707802,0.5849842,0.49436158,,24,"{""lr"": 0.001, ""dropout"": 0.5, ""aux_weight"": 0.0}"
464,3,0,0,0.0,1.0,0.6233846,0.3630710616707802,0.5127335,0.49427897,,24,"{""lr"": 0.001, ""dropout"": 0.5, ""aux_weight"": 0.0}"
467,3,0,1,1.0,1.0,0.44446158,0.3630710616707802,0.6010194,0.4993369,,24,"{""lr"": 0.001, ""dropout"": 0.5, ""aux_weight"": 0.0}"
472,3,0,0,0.25,0.5,0.35161942,0.3630710616707802,0.56017977,0.50747836,,24,"{""lr"": 0.001, ""dropout"": 0.5, ""aux_weight"": 0.0}"
484,3,0,0,0.25,0.5,0.2511402,0.3630710616707802,0.57784736,0.49455196,,24,"{""lr"": 0.001, ""dropout"": 0.5, ""aux_weight"": 0.0}"
488,3,0,1,0.5,0.0,0.53764665,0.3630710616707802,0.5456905,0.49086913,,24,"{""lr"": 0.001, ""dropout"": 0.5, ""aux_weight"": 0.0}"
489,3,0,0,0.0,1.0,0.54492617,0.3630710616707802,0.494554,0.48955682,,24,"{""lr"": 0.001, ""dropout"": 0.5, ""aux_weight"": 0.0}"
493,3,0,0,0.0,1.0,0.6069422,0.3630710616707802,0.5317606,0.4887877,,24,"{""lr"": 0.001, ""dropout"": 0.5, ""aux_weight"": 0.0}"
498,3,0,0,0.0,1.0,0.0989324,0.3630710616707802,0.47457033,0.4952044,,24,"{""lr"": 0.001, ""dropout"": 0.5, ""aux_weight"": 0.0}"
500,3,0,0,0.25,0.5,0.42179707,0.3630710616707802,0.6161676,0.5001483,,24,"{""lr"": 0.001, ""dropout"": 0.5, ""aux_weight"": 0.0}"
511,3,0,1,0.5,0.0,0.5493839,0.3630710616707802,0.55379385,0.4997312,,24,"{""lr"": 0.001, ""dropout"": 0.5, ""aux_weight"": 0.0}"
522,3,0,0,0.25,0.5,0.41214615,0.3630710616707802,0.54335,0.49999988,,24,"{""lr"": 0.001, ""dropout"": 0.5, ""aux_weight"": 0.0}"
523,3,0,0,0.25,0.5,0.37525368,0.3630710616707802,0.4958293,0.496258,,24,"{""lr"": 0.001, ""dropout"": 0.5, ""aux_weight"": 0.0}"
531,3,0,1,0.75,0.5,0.452815,0.3630710616707802,0.5135082,0.50531,,24,"{""lr"": 0.001, ""dropout"": 0.5, ""aux_weight"": 0.0}"
534,3,0,1,0.75,0.5,0.28911552,0.3630710616707802,0.53545886,0.494109,,24,"{""lr"": 0.001, ""dropout"": 0.5, ""aux_weight"": 0.0}"
544,3,0,1,0.5,0.0,0.44076627,0.3630710616707802,0.46523684,0.49589586,,24,"{""lr"": 0.001, ""dropout"": 0.5, ""aux_weight"": 0.0}"
546,3,0,1,0.5,0.0,0.384664,0.3630710616707802,0.5950181,0.49486557,,24,"{""lr"": 0.001, ""dropout"": 0.5, ""aux_weight"": 0.0}"
554,3,0,1,0.5,0.0,0.5499193,0.3630710616707802,0.529218,0.49681422,,24,"{""lr"": 0.001, ""dropout"": 0.5, ""aux_weight"": 0.0}"
560,3,0,0,0.1666666666666666,0.6666666666666667,0.36735755,0.3630710616707802,0.5323038,0.49784946,,24,"{""lr"": 0.001, ""dropout"": 0.5, ""aux_weight"": 0.0}"
567,3,0,0,0.3333333333333333,0.3333333333333333,0.42441922,0.3630710616707802,0.56892824,0.4872782,,24,"{""lr"": 0.001, ""dropout"": 0.5, ""aux_weight"": 0.0}"
577,3,0,0,0.1666666666666666,0.6666666666666667,0.4007291,0.3630710616707802,0.549769,0.4960055,,24,"{""lr"": 0.001, ""dropout"": 0.5, ""aux_weight"": 0.0}"
580,3,0,0,0.3333333333333333,0.3333333333333333,0.30859956,0.3630710616707802,0.53168404,0.4995608,,24,"{""lr"": 0.001, ""dropout"": 0.5, ""aux_weight"": 0.0}"
591,3,0,1,0.5,0.0,0.41277325,0.3630710616707802,0.54874337,0.49223968,,24,"{""lr"": 0.001, ""dropout"": 0.5, ""aux_weight"": 0.0}"
596,3,0,1,0.5,0.0,0.25398338,0.3630710616707802,0.54559934,0.49330428,,24,"{""lr"": 0.001, ""dropout"": 0.5, ""aux_weight"": 0.0}"
601,3,0,0,0.0,1.0,0.21789789,0.3630710616707802,0.55202216,0.50146824,,24,"{""lr"": 0.001, ""dropout"": 0.5, ""aux_weight"": 0.0}"
604,3,0,1,0.75,0.5,0.4744463,0.3630710616707802,0.50627273,0.49442288,,24,"{""lr"": 0.001, ""dropout"": 0.5, ""aux_weight"": 0.0}"
613,3,0,0,0.0,1.0,0.5235752,0.3630710616707802,0.550529,0.49877965,,24,"{""lr"": 0.001, ""dropout"": 0.5, ""aux_weight"": 0.0}"
618,3,0,0,0.0,1.0,0.4249887,0.3630710616707802,0.58936894,0.494435,,24,"{""lr"": 0.001, ""dropout"": 0.5, ""aux_weight"": 0.0}"
622,3,0,1,0.75,0.5,0.44191837,0.3630710616707802,0.55284584,0.4984943,,24,"{""lr"": 0.001, ""dropout"": 0.5, ""aux_weight"": 0.0}"
633,3,0,1,0.5,0.0,0.34217572,0.3630710616707802,0.5995494,0.49621114,,24,"{""lr"": 0.001, ""dropout"": 0.5, ""aux_weight"": 0.0}"
645,3,0,1,0.75,0.5,0.52395594,0.3630710616707802,0.4863581,0.4950017,,24,"{""lr"": 0.001, ""dropout"": 0.5, ""aux_weight"": 0.0}"
648,3,0,1,0.5,0.0,0.36453897,0.3630710616707802,0.5460335,0.49225777,,24,"{""lr"": 0.001, ""dropout"": 0.5, ""aux_weight"": 0.0}"
650,3,0,0,0.0,1.0,0.16158509,0.3630710616707802,0.4081729,0.5002066,,24,"{""lr"": 0.001, ""dropout"": 0.5, ""aux_weight"": 0.0}"
651,3,0,0,0.3333333333333333,0.3333333333333333,0.3062417,0.3630710616707802,0.5975027,0.49941853,,24,"{""lr"": 0.001, ""dropout"": 0.5, ""aux_weight"": 0.0}"
653,3,0,1,0.5,0.0,0.48602933,0.3630710616707802,0.61601657,0.50113684,,24,"{""lr"": 0.001, ""dropout"": 0.5, ""aux_weight"": 0.0}"
665,3,0,0,0.1666666666666666,0.6666666666666667,0.26328868,0.3630710616707802,0.5043553,0.48929012,,24,"{""lr"": 0.001, ""dropout"": 0.5, ""aux_weight"": 0.0}"
667,3,0,0,0.3333333333333333,0.3333333333333333,0.53527176,0.3630710616707802,0.63757145,0.49376383,,24,"{""lr"": 0.001, ""dropout"": 0.5, ""aux_weight"": 0.0}"
668,3,0,0,0.1666666666666666,0.6666666666666667,0.49173158,0.3630710616707802,0.5945624,0.49516377,,24,"{""lr"": 0.001, ""dropout"": 0.5, ""aux_weight"": 0.0}"
673,3,0,0,0.3333333333333333,0.3333333333333333,0.083054215,0.3630710616707802,0.4141546,0.49454203,,24,"{""lr"": 0.001, ""dropout"": 0.5, ""aux_weight"": 0.0}"
674,3,0,0,0.3333333333333333,0.3333333333333333,0.38587135,0.3630710616707802,0.6024481,0.49516195,,24,"{""lr"": 0.001, ""dropout"": 0.5, ""aux_weight"": 0.0}"
681,3,0,0,0.1666666666666666,0.6666666666666667,0.58427,0.3630710616707802,0.5242815,0.49189234,,24,"{""lr"": 0.001, ""dropout"": 0.5, ""aux_weight"": 0.0}"
683,3,0,1,0.8333333333333334,0.6666666666666667,0.62446284,0.3630710616707802,0.5484719,0.49123466,,24,"{""lr"": 0.001, ""dropout"": 0.5, ""aux_weight"": 0.0}"
685,3,0,0,0.0,1.0,0.4469704,0.3630710616707802,0.534353,0.4929501,,24,"{""lr"": 0.001, ""dropout"": 0.5, ""aux_weight"": 0.0}"
689,3,0,0,0.0,1.0,0.08531983,0.3630710616707802,0.47258613,0.50106287,,24,"{""lr"": 0.001, ""dropout"": 0.5, ""aux_weight"": 0.0}"
690,3,0,0,0.0,1.0,0.36617914,0.3630710616707802,0.5828357,0.49564528,,24,"{""lr"": 0.001, ""dropout"": 0.5, ""aux_weight"": 0.0}"
692,3,0,0,0.0,1.0,0.13044062,0.3630710616707802,0.50015247,0.49523982,,24,"{""lr"": 0.001, ""dropout"": 0.5, ""aux_weight"": 0.0}"
694,3,0,0,0.3333333333333333,0.3333333333333333,0.3732893,0.3630710616707802,0.51015854,0.4929501,,24,"{""lr"": 0.001, ""dropout"": 0.5, ""aux_weight"": 0.0}"
703,3,0,0,0.0,1.0,0.37269938,0.3630710616707802,0.5843491,0.4944019,,24,"{""lr"": 0.001, ""dropout"": 0.5, ""aux_weight"": 0.0}"
707,3,0,1,0.5,0.0,0.2760728,0.3630710616707802,0.5135362,0.49819764,,24,"{""lr"": 0.001, ""dropout"": 0.5, ""aux_weight"": 0.0}"
714,3,0,0,0.3333333333333333,0.3333333333333333,0.21108155,0.3630710616707802,0.5159174,0.5062624,,24,"{""lr"": 0.001, ""dropout"": 0.5, ""aux_weight"": 0.0}"
716,3,0,1,0.6666666666666666,0.3333333333333332,0.32891387,0.3630710616707802,0.5168086,0.49197993,,24,"{""lr"": 0.001, ""dropout"": 0.5, ""aux_weight"": 0.0}"
717,3,0,1,0.5,0.0,0.46505094,0.3630710616707802,0.547894,0.49197924,,24,"{""lr"": 0.001, ""dropout"": 0.5, ""aux_weight"": 0.0}"
723,3,0,0,0.1666666666666666,0.6666666666666667,0.23153672,0.3630710616707802,0.52895296,0.48426676,,24,"{""lr"": 0.001, ""dropout"": 0.5, ""aux_weight"": 0.0}"
725,3,0,0,0.0,1.0,0.43656665,0.3630710616707802,0.5628035,0.49696752,,24,"{""lr"": 0.001, ""dropout"": 0.5, ""aux_weight"": 0.0}"
730,3,0,0,0.3333333333333333,0.3333333333333333,0.39452466,0.3630710616707802,0.52106273,0.48950824,,24,"{""lr"": 0.001, ""dropout"": 0.5, ""aux_weight"": 0.0}"
733,3,0,0,0.1666666666666666,0.6666666666666667,0.27312058,0.3630710616707802,0.47423846,0.500704,,24,"{""lr"": 0.001, ""dropout"": 0.5, ""aux_weight"": 0.0}"
740,3,0,0,0.1666666666666666,0.6666666666666667,0.3876883,0.3630710616707802,0.51980317,0.4849906,,24,"{""lr"": 0.001, ""dropout"": 0.5, ""aux_weight"": 0.0}"
742,3,0,1,0.5,0.0,0.4549055,0.3630710616707802,0.48778543,0.49254647,,24,"{""lr"": 0.001, ""dropout"": 0.5, ""aux_weight"": 0.0}"
6,3,1,0,0.2,0.6,0.23334654,0.3877349039912224,0.2118963,0.38339972,,11,"{""lr"": 0.0003, ""dropout"": 0.5, ""aux_weight"": 0.3}"
10,3,1,0,0.0,1.0,0.33712095,0.3877349039912224,0.3639089,0.37594062,,11,"{""lr"": 0.0003, ""dropout"": 0.5, ""aux_weight"": 0.3}"
14,3,1,0,0.2,0.6,0.3764689,0.3877349039912224,0.3980978,0.3919286,,11,"{""lr"": 0.0003, ""dropout"": 0.5, ""aux_weight"": 0.3}"
31,3,1,0,0.1666666666666666,0.6666666666666667,0.21399781,0.3877349039912224,0.24560496,0.3669585,,11,"{""lr"": 0.0003, ""dropout"": 0.5, ""aux_weight"": 0.3}"
35,3,1,1,0.5,0.0,0.32692483,0.3877349039912224,0.34469146,0.3774822,,11,"{""lr"": 0.0003, ""dropout"": 0.5, ""aux_weight"": 0.3}"
41,3,1,0,0.2,0.6,0.32425147,0.3877349039912224,0.34602213,0.39300543,,11,"{""lr"": 0.0003, ""dropout"": 0.5, ""aux_weight"": 0.3}"
42,3,1,0,0.0,1.0,0.3178802,0.3877349039912224,0.32410425,0.3770826,,11,"{""lr"": 0.0003, ""dropout"": 0.5, ""aux_weight"": 0.3}"
52,3,1,0,0.25,0.5,0.23948428,0.3877349039912224,0.22044027,0.37049294,,11,"{""lr"": 0.0003, ""dropout"": 0.5, ""aux_weight"": 0.3}"
55,3,1,0,0.0,1.0,0.23313604,0.3877349039912224,0.20522138,0.38339972,,11,"{""lr"": 0.0003, ""dropout"": 0.5, ""aux_weight"": 0.3}"
61,3,1,0,0.2,0.6,0.29936627,0.3877349039912224,0.3166349,0.3615078,,11,"{""lr"": 0.0003, ""dropout"": 0.5, ""aux_weight"": 0.3}"
62,3,1,0,0.25,0.5,0.19536741,0.3877349039912224,0.19119185,0.34545547,,11,"{""lr"": 0.0003, ""dropout"": 0.5, ""aux_weight"": 0.3}"
63,3,1,0,0.0,1.0,0.28325945,0.3877349039912224,0.24498422,0.3936961,,11,"{""lr"": 0.0003, ""dropout"": 0.5, ""aux_weight"": 0.3}"
65,3,1,0,0.25,0.5,0.24673873,0.3877349039912224,0.22155958,0.38981754,,11,"{""lr"": 0.0003, ""dropout"": 0.5, ""aux_weight"": 0.3}"
66,3,1,0,0.0,1.0,0.33455575,0.3877349039912224,0.35577396,0.37278664,,11,"{""lr"": 0.0003, ""dropout"": 0.5, ""aux_weight"": 0.3}"
73,3,1,0,0.0,1.0,0.19779101,0.3877349039912224,0.21032214,0.37255692,,11,"{""lr"": 0.0003, ""dropout"": 0.5, ""aux_weight"": 0.3}"
84,3,1,0,0.3333333333333333,0.3333333333333333,0.30314654,0.3877349039912224,0.3424231,0.36161923,,11,"{""lr"": 0.0003, ""dropout"": 0.5, ""aux_weight"": 0.3}"
87,3,1,0,0.0,1.0,0.33415222,0.3877349039912224,0.36000478,0.38889313,,11,"{""lr"": 0.0003, ""dropout"": 0.5, ""aux_weight"": 0.3}"
91,3,1,0,0.25,0.5,0.27937022,0.3877349039912224,0.2513025,0.38213104,,11,"{""lr"": 0.0003, ""dropout"": 0.5, ""aux_weight"": 0.3}"
92,3,1,0,0.0,1.0,0.25017995,0.3877349039912224,0.2448031,0.38385615,,11,"{""lr"": 0.0003, ""dropout"": 0.5, ""aux_weight"": 0.3}"
93,3,1,0,0.0,1.0,0.2609505,0.3877349039912224,0.25098318,0.38305888,,11,"{""lr"": 0.0003, ""dropout"": 0.5, ""aux_weight"": 0.3}"
97,3,1,0,0.25,0.5,0.25627458,0.3877349039912224,0.2562084,0.3834815,,11,"{""lr"": 0.0003, ""dropout"": 0.5, ""aux_weight"": 0.3}"
106,3,1,1,1.0,1.0,0.30950576,0.3877349039912224,0.3194372,0.3953142,,11,"{""lr"": 0.0003, ""dropout"": 0.5, ""aux_weight"": 0.3}"
136,3,1,0,0.3333333333333333,0.3333333333333333,0.27452487,0.3877349039912224,0.26468998,0.34647232,,11,"{""lr"": 0.0003, ""dropout"": 0.5, ""aux_weight"": 0.3}"
141,3,1,0,0.0,1.0,0.34987527,0.3877349039912224,0.3731318,0.3904969,,11,"{""lr"": 0.0003, ""dropout"": 0.5, ""aux_weight"": 0.3}"
151,3,1,0,0.0,1.0,0.34914032,0.3877349039912224,0.34684336,0.40630153,,11,"{""lr"": 0.0003, ""dropout"": 0.5, ""aux_weight"": 0.3}"
153,3,1,0,0.0,1.0,0.31697282,0.3877349039912224,0.3462301,0.35967216,,11,"{""lr"": 0.0003, ""dropout"": 0.5, ""aux_weight"": 0.3}"
157,3,1,0,0.25,0.5,0.29082584,0.3877349039912224,0.2971331,0.40068048,,11,"{""lr"": 0.0003, ""dropout"": 0.5, ""aux_weight"": 0.3}"
160,3,1,0,0.1666666666666666,0.6666666666666667,0.3249852,0.3877349039912224,0.37529528,0.37139398,,11,"{""lr"": 0.0003, ""dropout"": 0.5, ""aux_weight"": 0.3}"
174,3,1,1,0.5,0.0,0.2860312,0.3877349039912224,0.31458622,0.37909067,,11,"{""lr"": 0.0003, ""dropout"": 0.5, ""aux_weight"": 0.3}"
180,3,1,0,0.0,1.0,0.39233464,0.3877349039912224,0.40527427,0.37911323,,11,"{""lr"": 0.0003, ""dropout"": 0.5, ""aux_weight"": 0.3}"
197,3,1,0,0.0,1.0,0.26412147,0.3877349039912224,0.25449246,0.38970473,,11,"{""lr"": 0.0003, ""dropout"": 0.5, ""aux_weight"": 0.3}"
198,3,1,0,0.0,1.0,0.34122705,0.3877349039912224,0.33224976,0.38494354,,11,"{""lr"": 0.0003, ""dropout"": 0.5, ""aux_weight"": 0.3}"
211,3,1,1,0.6,0.1999999999999999,0.39711267,0.3877349039912224,0.47495985,0.37067014,,11,"{""lr"": 0.0003, ""dropout"": 0.5, ""aux_weight"": 0.3}"
215,3,1,0,0.2,0.6,0.22282882,0.3877349039912224,0.21551399,0.40985897,,11,"{""lr"": 0.0003, ""dropout"": 0.5, ""aux_weight"": 0.3}"
217,3,1,0,0.0,1.0,0.2521618,0.3877349039912224,0.22992688,0.36371058,,11,"{""lr"": 0.0003, ""dropout"": 0.5, ""aux_weight"": 0.3}"
223,3,1,0,0.2,0.6,0.3321051,0.3877349039912224,0.31558758,0.36638856,,11,"{""lr"": 0.0003, ""dropout"": 0.5, ""aux_weight"": 0.3}"
231,3,1,1,0.5,0.0,0.36422628,0.3877349039912224,0.3488825,0.3746702,,11,"{""lr"": 0.0003, ""dropout"": 0.5, ""aux_weight"": 0.3}"
233,3,1,0,0.0,1.0,0.31350464,0.3877349039912224,0.27082863,0.3980292,,11,"{""lr"": 0.0003, ""dropout"": 0.5, ""aux_weight"": 0.3}"
237,3,1,0,0.4,0.1999999999999999,0.2351841,0.3877349039912224,0.22827391,0.36783677,,11,"{""lr"": 0.0003, ""dropout"": 0.5, ""aux_weight"": 0.3}"
239,3,1,1,0.6,0.1999999999999999,0.30743954,0.3877349039912224,0.29339305,0.3714883,,11,"{""lr"": 0.0003, ""dropout"": 0.5, ""aux_weight"": 0.3}"
242,3,1,1,0.6,0.1999999999999999,0.31938824,0.3877349039912224,0.30054465,0.3936406,,11,"{""lr"": 0.0003, ""dropout"": 0.5, ""aux_weight"": 0.3}"
243,3,1,0,0.0,1.0,0.2912866,0.3877349039912224,0.26935983,0.38845995,,11,"{""lr"": 0.0003, ""dropout"": 0.5, ""aux_weight"": 0.3}"
244,3,1,1,0.6,0.1999999999999999,0.47751352,0.3877349039912224,0.50612867,0.37969014,,11,"{""lr"": 0.0003, ""dropout"": 0.5, ""aux_weight"": 0.3}"
248,3,1,0,0.4,0.1999999999999999,0.31932044,0.3877349039912224,0.30045485,0.37653095,,11,"{""lr"": 0.0003, ""dropout"": 0.5, ""aux_weight"": 0.3}"
249,3,1,1,0.6,0.1999999999999999,0.31124955,0.3877349039912224,0.3128779,0.36944675,,11,"{""lr"": 0.0003, ""dropout"": 0.5, ""aux_weight"": 0.3}"
251,3,1,0,0.25,0.5,0.26792255,0.3877349039912224,0.24507362,0.4054768,,11,"{""lr"": 0.0003, ""dropout"": 0.5, ""aux_weight"": 0.3}"
255,3,1,0,0.25,0.5,0.2026189,0.3877349039912224,0.1769973,0.38938382,,11,"{""lr"": 0.0003, ""dropout"": 0.5, ""aux_weight"": 0.3}"
257,3,1,0,0.25,0.5,0.23599897,0.3877349039912224,0.24753901,0.37175998,,11,"{""lr"": 0.0003, ""dropout"": 0.5, ""aux_weight"": 0.3}"
259,3,1,0,0.0,1.0,0.3232537,0.3877349039912224,0.33706686,0.33808756,,11,"{""lr"": 0.0003, ""dropout"": 0.5, ""aux_weight"": 0.3}"
261,3,1,0,0.25,0.5,0.33578527,0.3877349039912224,0.3230799,0.3725697,,11,"{""lr"": 0.0003, ""dropout"": 0.5, ""aux_weight"": 0.3}"
264,3,1,0,0.25,0.5,0.2763366,0.3877349039912224,0.24791153,0.39431164,,11,"{""lr"": 0.0003, ""dropout"": 0.5, ""aux_weight"": 0.3}"
265,3,1,1,0.5,0.0,0.28504488,0.3877349039912224,0.28584766,0.38897824,,11,"{""lr"": 0.0003, ""dropout"": 0.5, ""aux_weight"": 0.3}"
266,3,1,0,0.25,0.5,0.24796149,0.3877349039912224,0.27079412,0.3604972,,11,"{""lr"": 0.0003, ""dropout"": 0.5, ""aux_weight"": 0.3}"
268,3,1,1,0.5,0.0,0.2471272,0.3877349039912224,0.23229247,0.39386913,,11,"{""lr"": 0.0003, ""dropout"": 0.5, ""aux_weight"": 0.3}"
276,3,1,0,0.2,0.6,0.35624975,0.3877349039912224,0.3766811,0.38260436,,11,"{""lr"": 0.0003, ""dropout"": 0.5, ""aux_weight"": 0.3}"
288,3,1,1,0.75,0.5,0.30091763,0.3877349039912224,0.28302282,0.37697193,,11,"{""lr"": 0.0003, ""dropout"": 0.5, ""aux_weight"": 0.3}"
296,3,1,0,0.0,1.0,0.21895029,0.3877349039912224,0.18685806,0.36390176,,11,"{""lr"": 0.0003, ""dropout"": 0.5, ""aux_weight"": 0.3}"
297,3,1,0,0.0,1.0,0.26108074,0.3877349039912224,0.23586527,0.36366504,,11,"{""lr"": 0.0003, ""dropout"": 0.5, ""aux_weight"": 0.3}"
306,3,1,0,0.0,1.0,0.32320544,0.3877349039912224,0.3380776,0.40276313,,11,"{""lr"": 0.0003, ""dropout"": 0.5, ""aux_weight"": 0.3}"
310,3,1,0,0.2,0.6,0.2960627,0.3877349039912224,0.30833006,0.39039025,,11,"{""lr"": 0.0003, ""dropout"": 0.5, ""aux_weight"": 0.3}"
313,3,1,0,0.0,1.0,0.27390352,0.3877349039912224,0.25988546,0.373217,,11,"{""lr"": 0.0003, ""dropout"": 0.5, ""aux_weight"": 0.3}"
314,3,1,0,0.0,1.0,0.35199732,0.3877349039912224,0.3383592,0.3923233,,11,"{""lr"": 0.0003, ""dropout"": 0.5, ""aux_weight"": 0.3}"
315,3,1,1,0.8,0.6000000000000001,0.42640162,0.3877349039912224,0.4049652,0.3850477,,11,"{""lr"": 0.0003, ""dropout"": 0.5, ""aux_weight"": 0.3}"
317,3,1,0,0.4,0.1999999999999999,0.2617037,0.3877349039912224,0.23631662,0.38110587,,11,"{""lr"": 0.0003, ""dropout"": 0.5, ""aux_weight"": 0.3}"
319,3,1,0,0.2,0.6,0.36965597,0.3877349039912224,0.3355384,0.3925175,,11,"{""lr"": 0.0003, ""dropout"": 0.5, ""aux_weight"": 0.3}"
326,3,1,0,0.0,1.0,0.28010997,0.3877349039912224,0.27402902,0.37881058,,11,"{""lr"": 0.0003, ""dropout"": 0.5, ""aux_weight"": 0.3}"
330,3,1,0,0.4,0.1999999999999999,0.430555,0.3877349039912224,0.44413263,0.38488308,,11,"{""lr"": 0.0003, ""dropout"": 0.5, ""aux_weight"": 0.3}"
337,3,1,0,0.0,1.0,0.34849337,0.3877349039912224,0.3524093,0.38282624,,11,"{""lr"": 0.0003, ""dropout"": 0.5, ""aux_weight"": 0.3}"
350,3,1,0,0.0,1.0,0.2387566,0.3877349039912224,0.18575425,0.39930525,,11,"{""lr"": 0.0003, ""dropout"": 0.5, ""aux_weight"": 0.3}"
355,3,1,0,0.25,0.5,0.35427392,0.3877349039912224,0.32567883,0.37868652,,11,"{""lr"": 0.0003, ""dropout"": 0.5, ""aux_weight"": 0.3}"
358,3,1,0,0.25,0.5,0.49902737,0.3877349039912224,0.52233654,0.40014693,,11,"{""lr"": 0.0003, ""dropout"": 0.5, ""aux_weight"": 0.3}"
364,3,1,1,0.5,0.0,0.42967814,0.3877349039912224,0.5147505,0.36139524,,11,"{""lr"": 0.0003, ""dropout"": 0.5, ""aux_weight"": 0.3}"
366,3,1,0,0.0,1.0,0.33690307,0.3877349039912224,0.33967867,0.39291993,,11,"{""lr"": 0.0003, ""dropout"": 0.5, ""aux_weight"": 0.3}"
376,3,1,1,0.5,0.0,0.46747017,0.3877349039912224,0.47794026,0.41408756,,11,"{""lr"": 0.0003, ""dropout"": 0.5, ""aux_weight"": 0.3}"
378,3,1,1,0.5,0.0,0.4202028,0.3877349039912224,0.4272976,0.38625753,,11,"{""lr"": 0.0003, ""dropout"": 0.5, ""aux_weight"": 0.3}"
383,3,1,0,0.0,1.0,0.2456957,0.3877349039912224,0.24894652,0.38217902,,11,"{""lr"": 0.0003, ""dropout"": 0.5, ""aux_weight"": 0.3}"
388,3,1,1,0.5,0.0,0.4211613,0.3877349039912224,0.40951502,0.3959432,,11,"{""lr"": 0.0003, ""dropout"": 0.5, ""aux_weight"": 0.3}"
393,3,1,0,0.25,0.5,0.3626029,0.3877349039912224,0.35043254,0.392583,,11,"{""lr"": 0.0003, ""dropout"": 0.5, ""aux_weight"": 0.3}"
394,3,1,1,0.5,0.0,0.43898097,0.3877349039912224,0.45771548,0.37091753,,11,"{""lr"": 0.0003, ""dropout"": 0.5, ""aux_weight"": 0.3}"
402,3,1,1,0.6,0.1999999999999999,0.34620672,0.3877349039912224,0.3758161,0.39718962,,11,"{""lr"": 0.0003, ""dropout"": 0.5, ""aux_weight"": 0.3}"
403,3,1,0,0.0,1.0,0.21058847,0.3877349039912224,0.19069442,0.39122534,,11,"{""lr"": 0.0003, ""dropout"": 0.5, ""aux_weight"": 0.3}"
406,3,1,1,0.6,0.1999999999999999,0.4062395,0.3877349039912224,0.38252074,0.39909863,,11,"{""lr"": 0.0003, ""dropout"": 0.5, ""aux_weight"": 0.3}"
408,3,1,0,0.4,0.1999999999999999,0.49376905,0.3877349039912224,0.54482555,0.3720369,,11,"{""lr"": 0.0003, ""dropout"": 0.5, ""aux_weight"": 0.3}"
413,3,1,0,0.0,1.0,0.44327998,0.3877349039912224,0.48292026,0.3731849,,11,"{""lr"": 0.0003, ""dropout"": 0.5, ""aux_weight"": 0.3}"
420,3,1,0,0.0,1.0,0.25670576,0.3877349039912224,0.2367025,0.39546505,,11,"{""lr"": 0.0003, ""dropout"": 0.5, ""aux_weight"": 0.3}"
422,3,1,1,0.6,0.1999999999999999,0.39294195,0.3877349039912224,0.3609674,0.40005285,,11,"{""lr"": 0.0003, ""dropout"": 0.5, ""aux_weight"": 0.3}"
430,3,1,1,0.6,0.1999999999999999,0.6200786,0.3877349039912224,0.62109554,0.42683634,,11,"{""lr"": 0.0003, ""dropout"": 0.5, ""aux_weight"": 0.3}"
439,3,1,0,0.2,0.6,0.4197153,0.3877349039912224,0.43398976,0.39603922,,11,"{""lr"": 0.0003, ""dropout"": 0.5, ""aux_weight"": 0.3}"
441,3,1,0,0.2,0.6,0.5131827,0.3877349039912224,0.5240048,0.39949572,,11,"{""lr"": 0.0003, ""dropout"": 0.5, ""aux_weight"": 0.3}"
445,3,1,0,0.0,1.0,0.42862743,0.3877349039912224,0.455261,0.38388467,,11,"{""lr"": 0.0003, ""dropout"": 0.5, ""aux_weight"": 0.3}"
459,3,1,0,0.25,0.5,0.39748314,0.3877349039912224,0.42385733,0.37651476,,11,"{""lr"": 0.0003, ""dropout"": 0.5, ""aux_weight"": 0.3}"
462,3,1,1,0.5,0.0,0.5393312,0.3877349039912224,0.6640812,0.3761163,,11,"{""lr"": 0.0003, ""dropout"": 0.5, ""aux_weight"": 0.3}"
469,3,1,1,0.75,0.5,0.32678357,0.3877349039912224,0.32205793,0.3962712,,11,"{""lr"": 0.0003, ""dropout"": 0.5, ""aux_weight"": 0.3}"
473,3,1,0,0.25,0.5,0.40307778,0.3877349039912224,0.41335222,0.37236425,,11,"{""lr"": 0.0003, ""dropout"": 0.5, ""aux_weight"": 0.3}"
475,3,1,0,0.25,0.5,0.37962908,0.3877349039912224,0.4289657,0.38339972,,11,"{""lr"": 0.0003, ""dropout"": 0.5, ""aux_weight"": 0.3}"
482,3,1,0,0.0,1.0,0.18100655,0.3877349039912224,0.17486271,0.3923233,,11,"{""lr"": 0.0003, ""dropout"": 0.5, ""aux_weight"": 0.3}"
485,3,1,1,0.5,0.0,0.4143007,0.3877349039912224,0.41816747,0.38222578,,11,"{""lr"": 0.0003, ""dropout"": 0.5, ""aux_weight"": 0.3}"
490,3,1,0,0.25,0.5,0.30125475,0.3877349039912224,0.31058282,0.3475884,,11,"{""lr"": 0.0003, ""dropout"": 0.5, ""aux_weight"": 0.3}"
496,3,1,1,0.75,0.5,0.43803757,0.3877349039912224,0.44423658,0.41903928,,11,"{""lr"": 0.0003, ""dropout"": 0.5, ""aux_weight"": 0.3}"
512,3,1,1,1.0,1.0,0.5401166,0.3877349039912224,0.5724299,0.40055585,,11,"{""lr"": 0.0003, ""dropout"": 0.5, ""aux_weight"": 0.3}"
518,3,1,0,0.25,0.5,0.4196342,0.3877349039912224,0.48427343,0.3757737,,11,"{""lr"": 0.0003, ""dropout"": 0.5, ""aux_weight"": 0.3}"
524,3,1,0,0.0,1.0,0.49635455,0.3877349039912224,0.5053197,0.3713122,,11,"{""lr"": 0.0003, ""dropout"": 0.5, ""aux_weight"": 0.3}"
525,3,1,0,0.2,0.6,0.20449325,0.3877349039912224,0.1592209,0.39930525,,11,"{""lr"": 0.0003, ""dropout"": 0.5, ""aux_weight"": 0.3}"
532,3,1,0,0.0,1.0,0.2177965,0.3877349039912224,0.17735144,0.40150982,,11,"{""lr"": 0.0003, ""dropout"": 0.5, ""aux_weight"": 0.3}"
535,3,1,0,0.25,0.5,0.49413794,0.3877349039912224,0.539664,0.3908524,,11,"{""lr"": 0.0003, ""dropout"": 0.5, ""aux_weight"": 0.3}"
543,3,1,1,0.5,0.0,0.51319575,0.3877349039912224,0.5842312,0.375373,,11,"{""lr"": 0.0003, ""dropout"": 0.5, ""aux_weight"": 0.3}"
545,3,1,0,0.25,0.5,0.2918798,0.3877349039912224,0.2858345,0.4071453,,11,"{""lr"": 0.0003, ""dropout"": 0.5, ""aux_weight"": 0.3}"
548,3,1,1,0.5,0.0,0.3916983,0.3877349039912224,0.43177724,0.3760803,,11,"{""lr"": 0.0003, ""dropout"": 0.5, ""aux_weight"": 0.3}"
551,3,1,1,0.6666666666666666,0.3333333333333332,0.52749705,0.3877349039912224,0.5643584,0.39513892,,11,"{""lr"": 0.0003, ""dropout"": 0.5, ""aux_weight"": 0.3}"
562,3,1,0,0.3333333333333333,0.3333333333333333,0.54682994,0.3877349039912224,0.59117246,0.3988688,,11,"{""lr"": 0.0003, ""dropout"": 0.5, ""aux_weight"": 0.3}"
576,3,1,1,0.5,0.0,0.45835415,0.3877349039912224,0.4716767,0.38009414,,11,"{""lr"": 0.0003, ""dropout"": 0.5, ""aux_weight"": 0.3}"
579,3,1,0,0.3333333333333333,0.3333333333333333,0.44559914,0.3877349039912224,0.46142262,0.4016907,,11,"{""lr"": 0.0003, ""dropout"": 0.5, ""aux_weight"": 0.3}"
581,3,1,0,0.3333333333333333,0.3333333333333333,0.40471175,0.3877349039912224,0.42493778,0.3988587,,11,"{""lr"": 0.0003, ""dropout"": 0.5, ""aux_weight"": 0.3}"
585,3,1,1,0.5,0.0,0.4901302,0.3877349039912224,0.4684263,0.42315182,,11,"{""lr"": 0.0003, ""dropout"": 0.5, ""aux_weight"": 0.3}"
588,3,1,0,0.1666666666666666,0.6666666666666667,0.44339037,0.3877349039912224,0.43483245,0.40614122,,11,"{""lr"": 0.0003, ""dropout"": 0.5, ""aux_weight"": 0.3}"
594,3,1,0,0.0,1.0,0.36536935,0.3877349039912224,0.37463117,0.4016163,,11,"{""lr"": 0.0003, ""dropout"": 0.5, ""aux_weight"": 0.3}"
611,3,1,1,0.75,0.5,0.429979,0.3877349039912224,0.41932857,0.41972017,,11,"{""lr"": 0.0003, ""dropout"": 0.5, ""aux_weight"": 0.3}"
625,3,1,0,0.0,1.0,0.4287253,0.3877349039912224,0.4676283,0.382081,,11,"{""lr"": 0.0003, ""dropout"": 0.5, ""aux_weight"": 0.3}"
627,3,1,1,0.75,0.5,0.4882164,0.3877349039912224,0.5314544,0.382081,,11,"{""lr"": 0.0003, ""dropout"": 0.5, ""aux_weight"": 0.3}"
630,3,1,1,0.5,0.0,0.44252035,0.3877349039912224,0.44699264,0.38584536,,11,"{""lr"": 0.0003, ""dropout"": 0.5, ""aux_weight"": 0.3}"
632,3,1,1,0.5,0.0,0.35310343,0.3877349039912224,0.34312302,0.41340446,,11,"{""lr"": 0.0003, ""dropout"": 0.5, ""aux_weight"": 0.3}"
634,3,1,0,0.25,0.5,0.40718442,0.3877349039912224,0.41697758,0.40311077,,11,"{""lr"": 0.0003, ""dropout"": 0.5, ""aux_weight"": 0.3}"
635,3,1,1,0.5,0.0,0.4362182,0.3877349039912224,0.44325006,0.40383863,,11,"{""lr"": 0.0003, ""dropout"": 0.5, ""aux_weight"": 0.3}"
638,3,1,0,0.25,0.5,0.48627162,0.3877349039912224,0.5044847,0.4184908,,11,"{""lr"": 0.0003, ""dropout"": 0.5, ""aux_weight"": 0.3}"
639,3,1,0,0.0,1.0,0.4178555,0.3877349039912224,0.43389392,0.41281527,,11,"{""lr"": 0.0003, ""dropout"": 0.5, ""aux_weight"": 0.3}"
641,3,1,0,0.0,1.0,0.40306073,0.3877349039912224,0.39575645,0.40183425,,11,"{""lr"": 0.0003, ""dropout"": 0.5, ""aux_weight"": 0.3}"
643,3,1,1,0.5,0.0,0.43262923,0.3877349039912224,0.4359219,0.37231478,,11,"{""lr"": 0.0003, ""dropout"": 0.5, ""aux_weight"": 0.3}"
644,3,1,0,0.25,0.5,0.32331932,0.3877349039912224,0.30255073,0.38594043,,11,"{""lr"": 0.0003, ""dropout"": 0.5, ""aux_weight"": 0.3}"
647,3,1,1,0.5,0.0,0.40598541,0.3877349039912224,0.40270698,0.39928377,,11,"{""lr"": 0.0003, ""dropout"": 0.5, ""aux_weight"": 0.3}"
654,3,1,0,0.1666666666666666,0.6666666666666667,0.45537972,0.3877349039912224,0.4423465,0.39494967,,11,"{""lr"": 0.0003, ""dropout"": 0.5, ""aux_weight"": 0.3}"
655,3,1,1,0.6666666666666666,0.3333333333333332,0.3442787,0.3877349039912224,0.3308702,0.38040867,,11,"{""lr"": 0.0003, ""dropout"": 0.5, ""aux_weight"": 0.3}"
660,3,1,0,0.1666666666666666,0.6666666666666667,0.39654326,0.3877349039912224,0.48611635,0.36343053,,11,"{""lr"": 0.0003, ""dropout"": 0.5, ""aux_weight"": 0.3}"
662,3,1,0,0.0,1.0,0.21088456,0.3877349039912224,0.1942988,0.39975795,,11,"{""lr"": 0.0003, ""dropout"": 0.5, ""aux_weight"": 0.3}"
664,3,1,1,0.6666666666666666,0.3333333333333332,0.43404138,0.3877349039912224,0.4852963,0.37209687,,11,"{""lr"": 0.0003, ""dropout"": 0.5, ""aux_weight"": 0.3}"
669,3,1,0,0.3333333333333333,0.3333333333333333,0.40995649,0.3877349039912224,0.41967863,0.3793605,,11,"{""lr"": 0.0003, ""dropout"": 0.5, ""aux_weight"": 0.3}"
675,3,1,0,0.3333333333333333,0.3333333333333333,0.36626112,0.3877349039912224,0.3670984,0.37780437,,11,"{""lr"": 0.0003, ""dropout"": 0.5, ""aux_weight"": 0.3}"
682,3,1,0,0.1666666666666666,0.6666666666666667,0.37944666,0.3877349039912224,0.39053467,0.40650347,,11,"{""lr"": 0.0003, ""dropout"": 0.5, ""aux_weight"": 0.3}"
688,3,1,0,0.1666666666666666,0.6666666666666667,0.415348,0.3877349039912224,0.36908567,0.41568297,,11,"{""lr"": 0.0003, ""dropout"": 0.5, ""aux_weight"": 0.3}"
691,3,1,0,0.1666666666666666,0.6666666666666667,0.41667962,0.3877349039912224,0.40046003,0.41399714,,11,"{""lr"": 0.0003, ""dropout"": 0.5, ""aux_weight"": 0.3}"
693,3,1,1,0.5,0.0,0.49816895,0.3877349039912224,0.5041255,0.41003862,,11,"{""lr"": 0.0003, ""dropout"": 0.5, ""aux_weight"": 0.3}"
710,3,1,0,0.0,1.0,0.22593278,0.3877349039912224,0.21071735,0.40435624,,11,"{""lr"": 0.0003, ""dropout"": 0.5, ""aux_weight"": 0.3}"
720,3,1,0,0.0,1.0,0.328339,0.3877349039912224,0.38120005,0.35336417,,11,"{""lr"": 0.0003, ""dropout"": 0.5, ""aux_weight"": 0.3}"
721,3,1,0,0.3333333333333333,0.3333333333333333,0.38755482,0.3877349039912224,0.44444376,0.37758297,,11,"{""lr"": 0.0003, ""dropout"": 0.5, ""aux_weight"": 0.3}"
732,3,1,0,0.0,1.0,0.28375328,0.3877349039912224,0.28486988,0.3760803,,11,"{""lr"": 0.0003, ""dropout"": 0.5, ""aux_weight"": 0.3}"
734,3,1,0,0.0,1.0,0.28500473,0.3877349039912224,0.28399068,0.38895276,,11,"{""lr"": 0.0003, ""dropout"": 0.5, ""aux_weight"": 0.3}"
735,3,1,0,0.0,1.0,0.1921885,0.3877349039912224,0.17086461,0.38895276,,11,"{""lr"": 0.0003, ""dropout"": 0.5, ""aux_weight"": 0.3}"
738,3,1,0,0.3333333333333333,0.3333333333333333,0.44788778,0.3877349039912224,0.45794532,0.38064933,,11,"{""lr"": 0.0003, ""dropout"": 0.5, ""aux_weight"": 0.3}"
1,3,2,0,0.3333333333333333,0.3333333333333333,0.3418116,0.3715167082846165,0.5321338,0.51267457,,8,"{""lr"": 0.0003, ""dropout"": 0.3, ""aux_weight"": 0.0}"
2,3,2,0,0.4,0.1999999999999999,0.22926372,0.3715167082846165,0.4501582,0.5095392,,8,"{""lr"": 0.0003, ""dropout"": 0.3, ""aux_weight"": 0.0}"
8,3,2,0,0.0,1.0,0.16485628,0.3715167082846165,0.4659711,0.49930704,,8,"{""lr"": 0.0003, ""dropout"": 0.3, ""aux_weight"": 0.0}"
21,3,2,0,0.2,0.6,0.21992628,0.3715167082846165,0.47702104,0.5099714,,8,"{""lr"": 0.0003, ""dropout"": 0.3, ""aux_weight"": 0.0}"
22,3,2,0,0.2,0.6,0.4182058,0.3715167082846165,0.46957463,0.5028118,,8,"{""lr"": 0.0003, ""dropout"": 0.3, ""aux_weight"": 0.0}"
24,3,2,0,0.0,1.0,0.26222447,0.3715167082846165,0.51992965,0.5047886,,8,"{""lr"": 0.0003, ""dropout"": 0.3, ""aux_weight"": 0.0}"
27,3,2,0,0.2,0.6,0.3118677,0.3715167082846165,0.50098187,0.4998829,,8,"{""lr"": 0.0003, ""dropout"": 0.3, ""aux_weight"": 0.0}"
34,3,2,0,0.1666666666666666,0.6666666666666667,0.35574478,0.3715167082846165,0.47976297,0.5084011,,8,"{""lr"": 0.0003, ""dropout"": 0.3, ""aux_weight"": 0.0}"
38,3,2,0,0.0,1.0,0.39012673,0.3715167082846165,0.46219468,0.5023859,,8,"{""lr"": 0.0003, ""dropout"": 0.3, ""aux_weight"": 0.0}"
40,3,2,0,0.2,0.6,0.22362486,0.3715167082846165,0.48051292,0.5002315,,8,"{""lr"": 0.0003, ""dropout"": 0.3, ""aux_weight"": 0.0}"
45,3,2,0,0.0,1.0,0.41186342,0.3715167082846165,0.5270059,0.4992078,,8,"{""lr"": 0.0003, ""dropout"": 0.3, ""aux_weight"": 0.0}"
47,3,2,0,0.25,0.5,0.18773748,0.3715167082846165,0.4615903,0.5086961,,8,"{""lr"": 0.0003, ""dropout"": 0.3, ""aux_weight"": 0.0}"
49,3,2,0,0.3333333333333333,0.3333333333333333,0.24840409,0.3715167082846165,0.55353826,0.50908166,,8,"{""lr"": 0.0003, ""dropout"": 0.3, ""aux_weight"": 0.0}"
56,3,2,0,0.25,0.5,0.19797191,0.3715167082846165,0.50755554,0.5049837,,8,"{""lr"": 0.0003, ""dropout"": 0.3, ""aux_weight"": 0.0}"
64,3,2,0,0.3333333333333333,0.3333333333333333,0.14900473,0.3715167082846165,0.52968633,0.5004023,,8,"{""lr"": 0.0003, ""dropout"": 0.3, ""aux_weight"": 0.0}"
69,3,2,0,0.0,1.0,0.1883969,0.3715167082846165,0.4867767,0.50133145,,8,"{""lr"": 0.0003, ""dropout"": 0.3, ""aux_weight"": 0.0}"
86,3,2,0,0.0,1.0,0.14255202,0.3715167082846165,0.4881669,0.49707395,,8,"{""lr"": 0.0003, ""dropout"": 0.3, ""aux_weight"": 0.0}"
95,3,2,0,0.25,0.5,0.12181341,0.3715167082846165,0.5122609,0.4987591,,8,"{""lr"": 0.0003, ""dropout"": 0.3, ""aux_weight"": 0.0}"
96,3,2,0,0.0,1.0,0.20334944,0.3715167082846165,0.4870286,0.5026855,,8,"{""lr"": 0.0003, ""dropout"": 0.3, ""aux_weight"": 0.0}"
100,3,2,0,0.25,0.5,0.23695348,0.3715167082846165,0.49311262,0.50143945,,8,"{""lr"": 0.0003, ""dropout"": 0.3, ""aux_weight"": 0.0}"
107,3,2,0,0.1111111111111111,0.7777777777777778,0.26430285,0.3715167082846165,0.46502668,0.50116354,,8,"{""lr"": 0.0003, ""dropout"": 0.3, ""aux_weight"": 0.0}"
110,3,2,0,0.0,1.0,0.3583337,0.3715167082846165,0.4664117,0.5073412,,8,"{""lr"": 0.0003, ""dropout"": 0.3, ""aux_weight"": 0.0}"
120,3,2,0,0.0,1.0,0.31769574,0.3715167082846165,0.5129961,0.5013009,,8,"{""lr"": 0.0003, ""dropout"": 0.3, ""aux_weight"": 0.0}"
121,3,2,0,0.1111111111111111,0.7777777777777778,0.25432435,0.3715167082846165,0.49782184,0.503168,,8,"{""lr"": 0.0003, ""dropout"": 0.3, ""aux_weight"": 0.0}"
123,3,2,0,0.0,1.0,0.18590884,0.3715167082846165,0.5168288,0.5046099,,8,"{""lr"": 0.0003, ""dropout"": 0.3, ""aux_weight"": 0.0}"
129,3,2,0,0.2,0.6,0.26801568,0.3715167082846165,0.476303,0.5087829,,8,"{""lr"": 0.0003, ""dropout"": 0.3, ""aux_weight"": 0.0}"
131,3,2,0,0.0,1.0,0.18765469,0.3715167082846165,0.4705476,0.4985244,,8,"{""lr"": 0.0003, ""dropout"": 0.3, ""aux_weight"": 0.0}"
133,3,2,1,0.8888888888888888,0.7777777777777777,0.17820352,0.3715167082846165,0.43502307,0.5039021,,8,"{""lr"": 0.0003, ""dropout"": 0.3, ""aux_weight"": 0.0}"
135,3,2,0,0.1666666666666666,0.6666666666666667,0.1623326,0.3715167082846165,0.5171187,0.50357497,,8,"{""lr"": 0.0003, ""dropout"": 0.3, ""aux_weight"": 0.0}"
138,3,2,1,0.5555555555555556,0.1111111111111111,0.22318867,0.3715167082846165,0.5078275,0.5025319,,8,"{""lr"": 0.0003, ""dropout"": 0.3, ""aux_weight"": 0.0}"
146,3,2,1,0.8888888888888888,0.7777777777777777,0.15669587,0.3715167082846165,0.50268894,0.5079678,,8,"{""lr"": 0.0003, ""dropout"": 0.3, ""aux_weight"": 0.0}"
148,3,2,0,0.1111111111111111,0.7777777777777778,0.22192144,0.3715167082846165,0.5214188,0.5013017,,8,"{""lr"": 0.0003, ""dropout"": 0.3, ""aux_weight"": 0.0}"
150,3,2,0,0.0,1.0,0.28614438,0.3715167082846165,0.48115468,0.5026355,,8,"{""lr"": 0.0003, ""dropout"": 0.3, ""aux_weight"": 0.0}"
155,3,2,0,0.25,0.5,0.3294826,0.3715167082846165,0.5202854,0.50817156,,8,"{""lr"": 0.0003, ""dropout"": 0.3, ""aux_weight"": 0.0}"
156,3,2,0,0.25,0.5,0.22982967,0.3715167082846165,0.4953363,0.50649893,,8,"{""lr"": 0.0003, ""dropout"": 0.3, ""aux_weight"": 0.0}"
163,3,2,0,0.25,0.5,0.29456696,0.3715167082846165,0.50812006,0.5084652,,8,"{""lr"": 0.0003, ""dropout"": 0.3, ""aux_weight"": 0.0}"
165,3,2,0,0.0,1.0,0.342933,0.3715167082846165,0.46113724,0.5035012,,8,"{""lr"": 0.0003, ""dropout"": 0.3, ""aux_weight"": 0.0}"
170,3,2,0,0.1666666666666666,0.6666666666666667,0.31469482,0.3715167082846165,0.504146,0.49827883,,8,"{""lr"": 0.0003, ""dropout"": 0.3, ""aux_weight"": 0.0}"
173,3,2,0,0.25,0.5,0.22973657,0.3715167082846165,0.5173904,0.507266,,8,"{""lr"": 0.0003, ""dropout"": 0.3, ""aux_weight"": 0.0}"
184,3,2,0,0.0,1.0,0.17568329,0.3715167082846165,0.4620238,0.49948013,,8,"{""lr"": 0.0003, ""dropout"": 0.3, ""aux_weight"": 0.0}"
189,3,2,1,0.5,0.0,0.24705845,0.3715167082846165,0.50032175,0.51154476,,8,"{""lr"": 0.0003, ""dropout"": 0.3, ""aux_weight"": 0.0}"
191,3,2,0,0.0,1.0,0.3124289,0.3715167082846165,0.4675752,0.5107931,,8,"{""lr"": 0.0003, ""dropout"": 0.3, ""aux_weight"": 0.0}"
193,3,2,0,0.25,0.5,0.42048422,0.3715167082846165,0.5563441,0.5167788,,8,"{""lr"": 0.0003, ""dropout"": 0.3, ""aux_weight"": 0.0}"
195,3,2,0,0.0,1.0,0.33749273,0.3715167082846165,0.54398966,0.50317746,,8,"{""lr"": 0.0003, ""dropout"": 0.3, ""aux_weight"": 0.0}"
196,3,2,1,0.5,0.0,0.3488126,0.3715167082846165,0.5119157,0.5017535,,8,"{""lr"": 0.0003, ""dropout"": 0.3, ""aux_weight"": 0.0}"
207,3,2,0,0.2,0.6,0.23219909,0.3715167082846165,0.4493158,0.4979183,,8,"{""lr"": 0.0003, ""dropout"": 0.3, ""aux_weight"": 0.0}"
208,3,2,0,0.0,1.0,0.20084012,0.3715167082846165,0.48882577,0.49734095,,8,"{""lr"": 0.0003, ""dropout"": 0.3, ""aux_weight"": 0.0}"
214,3,2,0,0.2,0.6,0.18641919,0.3715167082846165,0.5442501,0.5062348,,8,"{""lr"": 0.0003, ""dropout"": 0.3, ""aux_weight"": 0.0}"
221,3,2,1,0.8,0.6000000000000001,0.23547974,0.3715167082846165,0.44955915,0.51170605,,8,"{""lr"": 0.0003, ""dropout"": 0.3, ""aux_weight"": 0.0}"
227,3,2,1,1.0,1.0,0.3080035,0.3715167082846165,0.4710155,0.50153357,,8,"{""lr"": 0.0003, ""dropout"": 0.3, ""aux_weight"": 0.0}"
230,3,2,0,0.2,0.6,0.23008862,0.3715167082846165,0.5404533,0.49816132,,8,"{""lr"": 0.0003, ""dropout"": 0.3, ""aux_weight"": 0.0}"
234,3,2,0,0.25,0.5,0.32060862,0.3715167082846165,0.48092848,0.50093013,,8,"{""lr"": 0.0003, ""dropout"": 0.3, ""aux_weight"": 0.0}"
262,3,2,1,0.5,0.0,0.32412755,0.3715167082846165,0.49982497,0.49954873,,8,"{""lr"": 0.0003, ""dropout"": 0.3, ""aux_weight"": 0.0}"
270,3,2,0,0.0,1.0,0.3362258,0.3715167082846165,0.45739996,0.50105745,,8,"{""lr"": 0.0003, ""dropout"": 0.3, ""aux_weight"": 0.0}"
278,3,2,0,0.25,0.5,0.15873435,0.3715167082846165,0.4558727,0.50306946,,8,"{""lr"": 0.0003, ""dropout"": 0.3, ""aux_weight"": 0.0}"
280,3,2,0,0.25,0.5,0.2857067,0.3715167082846165,0.5333335,0.5108897,,8,"{""lr"": 0.0003, ""dropout"": 0.3, ""aux_weight"": 0.0}"
282,3,2,0,0.25,0.5,0.42033017,0.3715167082846165,0.48356944,0.50786537,,8,"{""lr"": 0.0003, ""dropout"": 0.3, ""aux_weight"": 0.0}"
290,3,2,0,0.0,1.0,0.3446393,0.3715167082846165,0.5045366,0.5049717,,8,"{""lr"": 0.0003, ""dropout"": 0.3, ""aux_weight"": 0.0}"
294,3,2,0,0.0,1.0,0.3427912,0.3715167082846165,0.48668277,0.5016141,,8,"{""lr"": 0.0003, ""dropout"": 0.3, ""aux_weight"": 0.0}"
295,3,2,0,0.0,1.0,0.15829787,0.3715167082846165,0.5128193,0.50109774,,8,"{""lr"": 0.0003, ""dropout"": 0.3, ""aux_weight"": 0.0}"
298,3,2,0,0.25,0.5,0.32556373,0.3715167082846165,0.4994991,0.503555,,8,"{""lr"": 0.0003, ""dropout"": 0.3, ""aux_weight"": 0.0}"
299,3,2,1,0.8,0.6000000000000001,0.18903354,0.3715167082846165,0.44597784,0.49866432,,8,"{""lr"": 0.0003, ""dropout"": 0.3, ""aux_weight"": 0.0}"
300,3,2,0,0.0,1.0,0.35658908,0.3715167082846165,0.42938572,0.50109774,,8,"{""lr"": 0.0003, ""dropout"": 0.3, ""aux_weight"": 0.0}"
304,3,2,1,0.8,0.6000000000000001,0.33871138,0.3715167082846165,0.51039577,0.50140584,,8,"{""lr"": 0.0003, ""dropout"": 0.3, ""aux_weight"": 0.0}"
311,3,2,0,0.4,0.1999999999999999,0.18009803,0.3715167082846165,0.501219,0.503945,,8,"{""lr"": 0.0003, ""dropout"": 0.3, ""aux_weight"": 0.0}"
312,3,2,0,0.0,1.0,0.20851956,0.3715167082846165,0.4967026,0.49887943,,8,"{""lr"": 0.0003, ""dropout"": 0.3, ""aux_weight"": 0.0}"
322,3,2,1,0.6,0.1999999999999999,0.38058475,0.3715167082846165,0.5129888,0.4995319,,8,"{""lr"": 0.0003, ""dropout"": 0.3, ""aux_weight"": 0.0}"
323,3,2,0,0.0,1.0,0.33223075,0.3715167082846165,0.44081664,0.503368,,8,"{""lr"": 0.0003, ""dropout"": 0.3, ""aux_weight"": 0.0}"
333,3,2,0,0.0,1.0,0.1932815,0.3715167082846165,0.5131177,0.50374514,,8,"{""lr"": 0.0003, ""dropout"": 0.3, ""aux_weight"": 0.0}"
334,3,2,0,0.4,0.1999999999999999,0.37547848,0.3715167082846165,0.53228545,0.50294876,,8,"{""lr"": 0.0003, ""dropout"": 0.3, ""aux_weight"": 0.0}"
344,3,2,0,0.2,0.6,0.23283125,0.3715167082846165,0.44560778,0.50306416,,8,"{""lr"": 0.0003, ""dropout"": 0.3, ""aux_weight"": 0.0}"
357,3,2,1,0.5,0.0,0.3522715,0.3715167082846165,0.4015205,0.50657785,,8,"{""lr"": 0.0003, ""dropout"": 0.3, ""aux_weight"": 0.0}"
367,3,2,0,0.25,0.5,0.4121189,0.3715167082846165,0.51010776,0.503231,,8,"{""lr"": 0.0003, ""dropout"": 0.3, ""aux_weight"": 0.0}"
371,3,2,0,0.25,0.5,0.32736295,0.3715167082846165,0.5401244,0.5054102,,8,"{""lr"": 0.0003, ""dropout"": 0.3, ""aux_weight"": 0.0}"
382,3,2,1,0.5,0.0,0.3928874,0.3715167082846165,0.4451565,0.49997807,,8,"{""lr"": 0.0003, ""dropout"": 0.3, ""aux_weight"": 0.0}"
396,3,2,1,0.75,0.5,0.46402374,0.3715167082846165,0.52094924,0.5020918,,8,"{""lr"": 0.0003, ""dropout"": 0.3, ""aux_weight"": 0.0}"
398,3,2,0,0.25,0.5,0.45222473,0.3715167082846165,0.51219404,0.5048904,,8,"{""lr"": 0.0003, ""dropout"": 0.3, ""aux_weight"": 0.0}"
417,3,2,0,0.2,0.6,0.3782391,0.3715167082846165,0.4862334,0.50681514,,8,"{""lr"": 0.0003, ""dropout"": 0.3, ""aux_weight"": 0.0}"
421,3,2,0,0.2,0.6,0.33755267,0.3715167082846165,0.50464195,0.5121476,,8,"{""lr"": 0.0003, ""dropout"": 0.3, ""aux_weight"": 0.0}"
427,3,2,1,0.6,0.1999999999999999,0.49260503,0.3715167082846165,0.50916994,0.49953172,,8,"{""lr"": 0.0003, ""dropout"": 0.3, ""aux_weight"": 0.0}"
429,3,2,0,0.0,1.0,0.43791926,0.3715167082846165,0.56937754,0.5019602,,8,"{""lr"": 0.0003, ""dropout"": 0.3, ""aux_weight"": 0.0}"
433,3,2,0,0.0,1.0,0.34747744,0.3715167082846165,0.5170671,0.5090787,,8,"{""lr"": 0.0003, ""dropout"": 0.3, ""aux_weight"": 0.0}"
434,3,2,0,0.0,1.0,0.44997567,0.3715167082846165,0.4933959,0.5044559,,8,"{""lr"": 0.0003, ""dropout"": 0.3, ""aux_weight"": 0.0}"
436,3,2,0,0.4,0.1999999999999999,0.4601159,0.3715167082846165,0.52187455,0.50599825,,8,"{""lr"": 0.0003, ""dropout"": 0.3, ""aux_weight"": 0.0}"
438,3,2,0,0.1666666666666666,0.6666666666666667,0.36147106,0.3715167082846165,0.49139544,0.50084203,,8,"{""lr"": 0.0003, ""dropout"": 0.3, ""aux_weight"": 0.0}"
442,3,2,1,0.8,0.6000000000000001,0.4537508,0.3715167082846165,0.5259224,0.5010692,,8,"{""lr"": 0.0003, ""dropout"": 0.3, ""aux_weight"": 0.0}"
448,3,2,0,0.0,1.0,0.20180187,0.3715167082846165,0.5370475,0.50221634,,8,"{""lr"": 0.0003, ""dropout"": 0.3, ""aux_weight"": 0.0}"
451,3,2,0,0.25,0.5,0.4352243,0.3715167082846165,0.4901638,0.514667,,8,"{""lr"": 0.0003, ""dropout"": 0.3, ""aux_weight"": 0.0}"
463,3,2,0,0.25,0.5,0.43449718,0.3715167082846165,0.52100956,0.5065261,,8,"{""lr"": 0.0003, ""dropout"": 0.3, ""aux_weight"": 0.0}"
466,3,2,1,0.5,0.0,0.4897901,0.3715167082846165,0.49661043,0.50567514,,8,"{""lr"": 0.0003, ""dropout"": 0.3, ""aux_weight"": 0.0}"
471,3,2,0,0.0,1.0,0.54053414,0.3715167082846165,0.5313425,0.50826854,,8,"{""lr"": 0.0003, ""dropout"": 0.3, ""aux_weight"": 0.0}"
474,3,2,0,0.0,1.0,0.3401714,0.3715167082846165,0.48863357,0.50352204,,8,"{""lr"": 0.0003, ""dropout"": 0.3, ""aux_weight"": 0.0}"
477,3,2,0,0.0,1.0,0.19712478,0.3715167082846165,0.4893102,0.50148314,,8,"{""lr"": 0.0003, ""dropout"": 0.3, ""aux_weight"": 0.0}"
481,3,2,0,0.0,1.0,0.37513918,0.3715167082846165,0.47276396,0.49887943,,8,"{""lr"": 0.0003, ""dropout"": 0.3, ""aux_weight"": 0.0}"
492,3,2,0,0.3333333333333333,0.3333333333333333,0.33143038,0.3715167082846165,0.5139134,0.5011653,,8,"{""lr"": 0.0003, ""dropout"": 0.3, ""aux_weight"": 0.0}"
494,3,2,1,0.8,0.6000000000000001,0.460802,0.3715167082846165,0.4794408,0.50987965,,8,"{""lr"": 0.0003, ""dropout"": 0.3, ""aux_weight"": 0.0}"
502,3,2,1,0.75,0.5,0.3382337,0.3715167082846165,0.44806415,0.5011303,,8,"{""lr"": 0.0003, ""dropout"": 0.3, ""aux_weight"": 0.0}"
507,3,2,1,1.0,1.0,0.46647072,0.3715167082846165,0.5070055,0.49963734,,8,"{""lr"": 0.0003, ""dropout"": 0.3, ""aux_weight"": 0.0}"
513,3,2,0,0.0,1.0,0.43332297,0.3715167082846165,0.4948483,0.50548375,,8,"{""lr"": 0.0003, ""dropout"": 0.3, ""aux_weight"": 0.0}"
530,3,2,1,0.5,0.0,0.35932586,0.3715167082846165,0.5656244,0.49999815,,8,"{""lr"": 0.0003, ""dropout"": 0.3, ""aux_weight"": 0.0}"
537,3,2,0,0.25,0.5,0.4113818,0.3715167082846165,0.5160564,0.49984592,,8,"{""lr"": 0.0003, ""dropout"": 0.3, ""aux_weight"": 0.0}"
539,3,2,0,0.25,0.5,0.48428553,0.3715167082846165,0.46716982,0.50148314,,8,"{""lr"": 0.0003, ""dropout"": 0.3, ""aux_weight"": 0.0}"
540,3,2,0,0.25,0.5,0.55327845,0.3715167082846165,0.5247781,0.5045327,,8,"{""lr"": 0.0003, ""dropout"": 0.3, ""aux_weight"": 0.0}"
547,3,2,1,0.5,0.0,0.3388307,0.3715167082846165,0.5001514,0.49877694,,8,"{""lr"": 0.0003, ""dropout"": 0.3, ""aux_weight"": 0.0}"
550,3,2,0,0.0,1.0,0.42529625,0.3715167082846165,0.5538285,0.50012076,,8,"{""lr"": 0.0003, ""dropout"": 0.3, ""aux_weight"": 0.0}"
553,3,2,0,0.0,1.0,0.3681364,0.3715167082846165,0.53216994,0.50623834,,8,"{""lr"": 0.0003, ""dropout"": 0.3, ""aux_weight"": 0.0}"
556,3,2,0,0.1666666666666666,0.6666666666666667,0.47153294,0.3715167082846165,0.51102626,0.5081437,,8,"{""lr"": 0.0003, ""dropout"": 0.3, ""aux_weight"": 0.0}"
561,3,2,1,0.5,0.0,0.43068197,0.3715167082846165,0.47388977,0.49954343,,8,"{""lr"": 0.0003, ""dropout"": 0.3, ""aux_weight"": 0.0}"
564,3,2,1,0.5,0.0,0.3509417,0.3715167082846165,0.5112039,0.50248295,,8,"{""lr"": 0.0003, ""dropout"": 0.3, ""aux_weight"": 0.0}"
569,3,2,0,0.1666666666666666,0.6666666666666667,0.5121651,0.3715167082846165,0.48061424,0.507539,,8,"{""lr"": 0.0003, ""dropout"": 0.3, ""aux_weight"": 0.0}"
582,3,2,1,0.5,0.0,0.4214496,0.3715167082846165,0.50676584,0.5042366,,8,"{""lr"": 0.0003, ""dropout"": 0.3, ""aux_weight"": 0.0}"
586,3,2,1,0.6666666666666666,0.3333333333333332,0.48091054,0.3715167082846165,0.47806448,0.5044665,,8,"{""lr"": 0.0003, ""dropout"": 0.3, ""aux_weight"": 0.0}"
592,3,2,1,0.6,0.1999999999999999,0.43732524,0.3715167082846165,0.44222105,0.5011458,,8,"{""lr"": 0.0003, ""dropout"": 0.3, ""aux_weight"": 0.0}"
593,3,2,1,0.5,0.0,0.2796654,0.3715167082846165,0.52118945,0.49836907,,8,"{""lr"": 0.0003, ""dropout"": 0.3, ""aux_weight"": 0.0}"
595,3,2,1,0.8333333333333334,0.6666666666666667,0.39767054,0.3715167082846165,0.48407823,0.5003184,,8,"{""lr"": 0.0003, ""dropout"": 0.3, ""aux_weight"": 0.0}"
598,3,2,0,0.3333333333333333,0.3333333333333333,0.5918678,0.3715167082846165,0.5723748,0.50188226,,8,"{""lr"": 0.0003, ""dropout"": 0.3, ""aux_weight"": 0.0}"
600,3,2,0,0.1666666666666666,0.6666666666666667,0.55893844,0.3715167082846165,0.52176523,0.50093454,,8,"{""lr"": 0.0003, ""dropout"": 0.3, ""aux_weight"": 0.0}"
603,3,2,1,0.5,0.0,0.37411368,0.3715167082846165,0.4833318,0.50430566,,8,"{""lr"": 0.0003, ""dropout"": 0.3, ""aux_weight"": 0.0}"
606,3,2,0,0.25,0.5,0.35127082,0.3715167082846165,0.51025796,0.50145864,,8,"{""lr"": 0.0003, ""dropout"": 0.3, ""aux_weight"": 0.0}"
607,3,2,0,0.0,1.0,0.480448,0.3715167082846165,0.5375866,0.5098756,,8,"{""lr"": 0.0003, ""dropout"": 0.3, ""aux_weight"": 0.0}"
609,3,2,0,0.25,0.5,0.4195519,0.3715167082846165,0.49700245,0.5050401,,8,"{""lr"": 0.0003, ""dropout"": 0.3, ""aux_weight"": 0.0}"
614,3,2,1,0.75,0.5,0.4921866,0.3715167082846165,0.50812167,0.49875426,,8,"{""lr"": 0.0003, ""dropout"": 0.3, ""aux_weight"": 0.0}"
615,3,2,1,0.75,0.5,0.47315985,0.3715167082846165,0.52810335,0.49778694,,8,"{""lr"": 0.0003, ""dropout"": 0.3, ""aux_weight"": 0.0}"
621,3,2,1,0.5,0.0,0.42372578,0.3715167082846165,0.5080869,0.49812528,,8,"{""lr"": 0.0003, ""dropout"": 0.3, ""aux_weight"": 0.0}"
624,3,2,0,0.25,0.5,0.40206587,0.3715167082846165,0.48884302,0.5016901,,8,"{""lr"": 0.0003, ""dropout"": 0.3, ""aux_weight"": 0.0}"
626,3,2,1,0.5,0.0,0.39204785,0.3715167082846165,0.5645552,0.50382084,,8,"{""lr"": 0.0003, ""dropout"": 0.3, ""aux_weight"": 0.0}"
631,3,2,0,0.0,1.0,0.5473381,0.3715167082846165,0.48101717,0.50145864,,8,"{""lr"": 0.0003, ""dropout"": 0.3, ""aux_weight"": 0.0}"
640,3,2,1,0.75,0.5,0.48503292,0.3715167082846165,0.5255476,0.5082654,,8,"{""lr"": 0.0003, ""dropout"": 0.3, ""aux_weight"": 0.0}"
642,3,2,1,0.75,0.5,0.545387,0.3715167082846165,0.4600339,0.49847907,,8,"{""lr"": 0.0003, ""dropout"": 0.3, ""aux_weight"": 0.0}"
657,3,2,1,0.5,0.0,0.42169872,0.3715167082846165,0.52676225,0.51272875,,8,"{""lr"": 0.0003, ""dropout"": 0.3, ""aux_weight"": 0.0}"
658,3,2,0,0.1666666666666666,0.6666666666666667,0.39730027,0.3715167082846165,0.459745,0.5039447,,8,"{""lr"": 0.0003, ""dropout"": 0.3, ""aux_weight"": 0.0}"
663,3,2,0,0.3333333333333333,0.3333333333333333,0.33976033,0.3715167082846165,0.55110365,0.50342184,,8,"{""lr"": 0.0003, ""dropout"": 0.3, ""aux_weight"": 0.0}"
672,3,2,0,0.0,1.0,0.31197757,0.3715167082846165,0.46021578,0.5068994,,8,"{""lr"": 0.0003, ""dropout"": 0.3, ""aux_weight"": 0.0}"
679,3,2,0,0.4,0.1999999999999999,0.19693933,0.3715167082846165,0.46527144,0.4992078,,8,"{""lr"": 0.0003, ""dropout"": 0.3, ""aux_weight"": 0.0}"
687,3,2,0,0.3333333333333333,0.3333333333333333,0.4071323,0.3715167082846165,0.5184059,0.49665922,,8,"{""lr"": 0.0003, ""dropout"": 0.3, ""aux_weight"": 0.0}"
698,3,2,1,0.5,0.0,0.4959603,0.3715167082846165,0.5274019,0.4985662,,8,"{""lr"": 0.0003, ""dropout"": 0.3, ""aux_weight"": 0.0}"
699,3,2,0,0.1666666666666666,0.6666666666666667,0.53657675,0.3715167082846165,0.5162495,0.5017808,,8,"{""lr"": 0.0003, ""dropout"": 0.3, ""aux_weight"": 0.0}"
702,3,2,0,0.1666666666666666,0.6666666666666667,0.46504873,0.3715167082846165,0.53391653,0.5051001,,8,"{""lr"": 0.0003, ""dropout"": 0.3, ""aux_weight"": 0.0}"
705,3,2,1,0.5,0.0,0.23266992,0.3715167082846165,0.5507568,0.49945527,,8,"{""lr"": 0.0003, ""dropout"": 0.3, ""aux_weight"": 0.0}"
706,3,2,1,0.6666666666666666,0.3333333333333332,0.35704613,0.3715167082846165,0.48328894,0.50222456,,8,"{""lr"": 0.0003, ""dropout"": 0.3, ""aux_weight"": 0.0}"
708,3,2,0,0.0,1.0,0.32904243,0.3715167082846165,0.45286983,0.5042428,,8,"{""lr"": 0.0003, ""dropout"": 0.3, ""aux_weight"": 0.0}"
709,3,2,0,0.3333333333333333,0.3333333333333333,0.46525308,0.3715167082846165,0.53665817,0.50633,,8,"{""lr"": 0.0003, ""dropout"": 0.3, ""aux_weight"": 0.0}"
719,3,2,0,0.1666666666666666,0.6666666666666667,0.38737184,0.3715167082846165,0.52053976,0.50888026,,8,"{""lr"": 0.0003, ""dropout"": 0.3, ""aux_weight"": 0.0}"
726,3,2,0,0.0,1.0,0.49037385,0.3715167082846165,0.52920645,0.5127119,,8,"{""lr"": 0.0003, ""dropout"": 0.3, ""aux_weight"": 0.0}"
736,3,2,0,0.0,1.0,0.36301437,0.3715167082846165,0.5327626,0.5003585,,8,"{""lr"": 0.0003, ""dropout"": 0.3, ""aux_weight"": 0.0}"
739,3,2,0,0.3333333333333333,0.3333333333333333,0.26682845,0.3715167082846165,0.50665367,0.5038845,,8,"{""lr"": 0.0003, ""dropout"": 0.3, ""aux_weight"": 0.0}"
741,3,2,0,0.2,0.6,0.32058448,0.3715167082846165,0.5414946,0.49980956,,8,"{""lr"": 0.0003, ""dropout"": 0.3, ""aux_weight"": 0.0}"
4,3,3,1,0.6,0.1999999999999999,0.3484421,0.33678401410579684,0.38795033,0.35729396,,23,"{""lr"": 0.001, ""dropout"": 0.5, ""aux_weight"": 0.3}"
11,3,3,1,0.6,0.1999999999999999,0.08262794,0.33678401410579684,0.092486486,0.3106745,,23,"{""lr"": 0.001, ""dropout"": 0.5, ""aux_weight"": 0.3}"
13,3,3,0,0.2,0.6,0.23095644,0.33678401410579684,0.25663054,0.34932935,,23,"{""lr"": 0.001, ""dropout"": 0.5, ""aux_weight"": 0.3}"
15,3,3,0,0.4,0.1999999999999999,0.21355827,0.33678401410579684,0.3001722,0.2665143,,23,"{""lr"": 0.001, ""dropout"": 0.5, ""aux_weight"": 0.3}"
16,3,3,1,0.6,0.1999999999999999,0.26636165,0.33678401410579684,0.18109438,0.47948182,,23,"{""lr"": 0.001, ""dropout"": 0.5, ""aux_weight"": 0.3}"
18,3,3,1,0.6,0.1999999999999999,0.22222409,0.33678401410579684,0.123400584,0.46478042,,23,"{""lr"": 0.001, ""dropout"": 0.5, ""aux_weight"": 0.3}"
28,3,3,0,0.2,0.6,0.26244384,0.33678401410579684,0.27701735,0.34059167,,23,"{""lr"": 0.001, ""dropout"": 0.5, ""aux_weight"": 0.3}"
29,3,3,0,0.2,0.6,0.23919049,0.33678401410579684,0.20320916,0.36197293,,23,"{""lr"": 0.001, ""dropout"": 0.5, ""aux_weight"": 0.3}"
54,3,3,0,0.25,0.5,0.27719343,0.33678401410579684,0.33448303,0.30991554,,23,"{""lr"": 0.001, ""dropout"": 0.5, ""aux_weight"": 0.3}"
67,3,3,0,0.0,1.0,0.08904979,0.33678401410579684,0.09001742,0.313662,,23,"{""lr"": 0.001, ""dropout"": 0.5, ""aux_weight"": 0.3}"
71,3,3,0,0.0,1.0,0.17466989,0.33678401410579684,0.16854304,0.32877955,,23,"{""lr"": 0.001, ""dropout"": 0.5, ""aux_weight"": 0.3}"
72,3,3,0,0.25,0.5,0.24063528,0.33678401410579684,0.27869502,0.31217808,,23,"{""lr"": 0.001, ""dropout"": 0.5, ""aux_weight"": 0.3}"
74,3,3,0,0.0,1.0,0.3389253,0.33678401410579684,0.3256223,0.42031083,,23,"{""lr"": 0.001, ""dropout"": 0.5, ""aux_weight"": 0.3}"
75,3,3,0,0.0,1.0,0.23092654,0.33678401410579684,0.21878159,0.38985306,,23,"{""lr"": 0.001, ""dropout"": 0.5, ""aux_weight"": 0.3}"
79,3,3,0,0.25,0.5,0.13346413,0.33678401410579684,0.17795676,0.26096275,,23,"{""lr"": 0.001, ""dropout"": 0.5, ""aux_weight"": 0.3}"
80,3,3,0,0.0,1.0,0.37683797,0.33678401410579684,0.39636922,0.36503842,,23,"{""lr"": 0.001, ""dropout"": 0.5, ""aux_weight"": 0.3}"
82,3,3,0,0.25,0.5,0.17425053,0.33678401410579684,0.15801165,0.33610705,,23,"{""lr"": 0.001, ""dropout"": 0.5, ""aux_weight"": 0.3}"
83,3,3,0,0.25,0.5,0.355344,0.33678401410579684,0.2834853,0.4457433,,23,"{""lr"": 0.001, ""dropout"": 0.5, ""aux_weight"": 0.3}"
85,3,3,0,0.25,0.5,0.25281268,0.33678401410579684,0.23492527,0.40531665,,23,"{""lr"": 0.001, ""dropout"": 0.5, ""aux_weight"": 0.3}"
89,3,3,0,0.25,0.5,0.32151937,0.33678401410579684,0.28005043,0.42759305,,23,"{""lr"": 0.001, ""dropout"": 0.5, ""aux_weight"": 0.3}"
90,3,3,1,0.5,0.0,0.25271678,0.33678401410579684,0.17435542,0.45868954,,23,"{""lr"": 0.001, ""dropout"": 0.5, ""aux_weight"": 0.3}"
94,3,3,0,0.25,0.5,0.30130962,0.33678401410579684,0.20326015,0.42364576,,23,"{""lr"": 0.001, ""dropout"": 0.5, ""aux_weight"": 0.3}"
98,3,3,0,0.3333333333333333,0.3333333333333333,0.18705906,0.33678401410579684,0.18855685,0.3092636,,23,"{""lr"": 0.001, ""dropout"": 0.5, ""aux_weight"": 0.3}"
101,3,3,0,0.3333333333333333,0.3333333333333333,0.28299817,0.33678401410579684,0.35201728,0.30175698,,23,"{""lr"": 0.001, ""dropout"": 0.5, ""aux_weight"": 0.3}"
103,3,3,0,0.1111111111111111,0.7777777777777778,0.20108804,0.33678401410579684,0.29347223,0.24101117,,23,"{""lr"": 0.001, ""dropout"": 0.5, ""aux_weight"": 0.3}"
108,3,3,0,0.25,0.5,0.5215727,0.33678401410579684,0.49525625,0.44715995,,23,"{""lr"": 0.001, ""dropout"": 0.5, ""aux_weight"": 0.3}"
112,3,3,0,0.125,0.75,0.17495018,0.33678401410579684,0.13310762,0.38312533,,23,"{""lr"": 0.001, ""dropout"": 0.5, ""aux_weight"": 0.3}"
119,3,3,0,0.1111111111111111,0.7777777777777778,0.11885056,0.33678401410579684,0.20671526,0.20469885,,23,"{""lr"": 0.001, ""dropout"": 0.5, ""aux_weight"": 0.3}"
122,3,3,0,0.0,1.0,0.17329916,0.33678401410579684,0.17452064,0.37084994,,23,"{""lr"": 0.001, ""dropout"": 0.5, ""aux_weight"": 0.3}"
134,3,3,0,0.1111111111111111,0.7777777777777778,0.2696932,0.33678401410579684,0.24099842,0.43255287,,23,"{""lr"": 0.001, ""dropout"": 0.5, ""aux_weight"": 0.3}"
137,3,3,1,0.6666666666666666,0.3333333333333332,0.13907383,0.33678401410579684,0.16325048,0.2953281,,23,"{""lr"": 0.001, ""dropout"": 0.5, ""aux_weight"": 0.3}"
140,3,3,0,0.2222222222222222,0.5555555555555556,0.20993367,0.33678401410579684,0.16308114,0.4369173,,23,"{""lr"": 0.001, ""dropout"": 0.5, ""aux_weight"": 0.3}"
152,3,3,0,0.0,1.0,0.08510855,0.33678401410579684,0.12339783,0.24396546,,23,"{""lr"": 0.001, ""dropout"": 0.5, ""aux_weight"": 0.3}"
159,3,3,0,0.0,1.0,0.24096125,0.33678401410579684,0.26569223,0.3378274,,23,"{""lr"": 0.001, ""dropout"": 0.5, ""aux_weight"": 0.3}"
164,3,3,0,0.0,1.0,0.18402463,0.33678401410579684,0.22816244,0.31548494,,23,"{""lr"": 0.001, ""dropout"": 0.5, ""aux_weight"": 0.3}"
177,3,3,0,0.0,1.0,0.26469934,0.33678401410579684,0.18143044,0.4284037,,23,"{""lr"": 0.001, ""dropout"": 0.5, ""aux_weight"": 0.3}"
182,3,3,0,0.0,1.0,0.35428244,0.33678401410579684,0.29743296,0.49924305,,23,"{""lr"": 0.001, ""dropout"": 0.5, ""aux_weight"": 0.3}"
183,3,3,0,0.0,1.0,0.25582734,0.33678401410579684,0.19114828,0.41555613,,23,"{""lr"": 0.001, ""dropout"": 0.5, ""aux_weight"": 0.3}"
192,3,3,0,0.0,1.0,0.31970227,0.33678401410579684,0.25700954,0.38219342,,23,"{""lr"": 0.001, ""dropout"": 0.5, ""aux_weight"": 0.3}"
199,3,3,0,0.25,0.5,0.2126314,0.33678401410579684,0.20829347,0.35177132,,23,"{""lr"": 0.001, ""dropout"": 0.5, ""aux_weight"": 0.3}"
201,3,3,0,0.25,0.5,0.3712198,0.33678401410579684,0.26769364,0.4776251,,23,"{""lr"": 0.001, ""dropout"": 0.5, ""aux_weight"": 0.3}"
213,3,3,0,0.4,0.1999999999999999,0.26449028,0.33678401410579684,0.26055565,0.35680115,,23,"{""lr"": 0.001, ""dropout"": 0.5, ""aux_weight"": 0.3}"
219,3,3,0,0.0,1.0,0.19737624,0.33678401410579684,0.16102311,0.3976428,,23,"{""lr"": 0.001, ""dropout"": 0.5, ""aux_weight"": 0.3}"
226,3,3,0,0.0,1.0,0.38476583,0.33678401410579684,0.34060436,0.42951798,,23,"{""lr"": 0.001, ""dropout"": 0.5, ""aux_weight"": 0.3}"
228,3,3,0,0.2,0.6,0.23103032,0.33678401410579684,0.18924516,0.38771132,,23,"{""lr"": 0.001, ""dropout"": 0.5, ""aux_weight"": 0.3}"
238,3,3,0,0.25,0.5,0.14429934,0.33678401410579684,0.08736937,0.4475809,,23,"{""lr"": 0.001, ""dropout"": 0.5, ""aux_weight"": 0.3}"
241,3,3,1,0.6,0.1999999999999999,0.3447808,0.33678401410579684,0.30766252,0.423626,,23,"{""lr"": 0.001, ""dropout"": 0.5, ""aux_weight"": 0.3}"
245,3,3,0,0.0,1.0,0.1330238,0.33678401410579684,0.24291645,0.21537179,,23,"{""lr"": 0.001, ""dropout"": 0.5, ""aux_weight"": 0.3}"
250,3,3,0,0.4,0.1999999999999999,0.40730497,0.33678401410579684,0.49808696,0.3186178,,23,"{""lr"": 0.001, ""dropout"": 0.5, ""aux_weight"": 0.3}"
252,3,3,0,0.0,1.0,0.3099336,0.33678401410579684,0.28015172,0.37845984,,23,"{""lr"": 0.001, ""dropout"": 0.5, ""aux_weight"": 0.3}"
258,3,3,0,0.0,1.0,0.12221098,0.33678401410579684,0.16700627,0.22948785,,23,"{""lr"": 0.001, ""dropout"": 0.5, ""aux_weight"": 0.3}"
263,3,3,0,0.2,0.6,0.24895215,0.33678401410579684,0.2598274,0.37302056,,23,"{""lr"": 0.001, ""dropout"": 0.5, ""aux_weight"": 0.3}"
272,3,3,1,0.5,0.0,0.35119158,0.33678401410579684,0.32226047,0.37624162,,23,"{""lr"": 0.001, ""dropout"": 0.5, ""aux_weight"": 0.3}"
275,3,3,1,0.5,0.0,0.3806336,0.33678401410579684,0.32938734,0.36445543,,23,"{""lr"": 0.001, ""dropout"": 0.5, ""aux_weight"": 0.3}"
277,3,3,1,0.5,0.0,0.2887139,0.33678401410579684,0.31174198,0.3035376,,23,"{""lr"": 0.001, ""dropout"": 0.5, ""aux_weight"": 0.3}"
279,3,3,0,0.2,0.6,0.16529928,0.33678401410579684,0.13074856,0.37540817,,23,"{""lr"": 0.001, ""dropout"": 0.5, ""aux_weight"": 0.3}"
302,3,3,0,0.0,1.0,0.23803961,0.33678401410579684,0.1867105,0.4067818,,23,"{""lr"": 0.001, ""dropout"": 0.5, ""aux_weight"": 0.3}"
307,3,3,0,0.4,0.1999999999999999,0.34445164,0.33678401410579684,0.28140473,0.41956717,,23,"{""lr"": 0.001, ""dropout"": 0.5, ""aux_weight"": 0.3}"
316,3,3,0,0.4,0.1999999999999999,0.39035156,0.33678401410579684,0.31899542,0.46621892,,23,"{""lr"": 0.001, ""dropout"": 0.5, ""aux_weight"": 0.3}"
318,3,3,0,0.4,0.1999999999999999,0.2424598,0.33678401410579684,0.16414419,0.480364,,23,"{""lr"": 0.001, ""dropout"": 0.5, ""aux_weight"": 0.3}"
324,3,3,0,0.2,0.6,0.28040802,0.33678401410579684,0.34146136,0.32765067,,23,"{""lr"": 0.001, ""dropout"": 0.5, ""aux_weight"": 0.3}"
328,3,3,1,0.6,0.1999999999999999,0.14784071,0.33678401410579684,0.15944983,0.2958377,,23,"{""lr"": 0.001, ""dropout"": 0.5, ""aux_weight"": 0.3}"
331,3,3,0,0.0,1.0,0.2652191,0.33678401410579684,0.25483435,0.35587415,,23,"{""lr"": 0.001, ""dropout"": 0.5, ""aux_weight"": 0.3}"
332,3,3,0,0.0,1.0,0.28576446,0.33678401410579684,0.21736485,0.4080067,,23,"{""lr"": 0.001, ""dropout"": 0.5, ""aux_weight"": 0.3}"
338,3,3,0,0.4,0.1999999999999999,0.3737353,0.33678401410579684,0.40438,0.34303594,,23,"{""lr"": 0.001, ""dropout"": 0.5, ""aux_weight"": 0.3}"
339,3,3,0,0.0,1.0,0.21004952,0.33678401410579684,0.20488784,0.357925,,23,"{""lr"": 0.001, ""dropout"": 0.5, ""aux_weight"": 0.3}"
345,3,3,0,0.0,1.0,0.067022905,0.33678401410579684,0.06636028,0.33426422,,23,"{""lr"": 0.001, ""dropout"": 0.5, ""aux_weight"": 0.3}"
347,3,3,0,0.4,0.1999999999999999,0.45196217,0.33678401410579684,0.5285115,0.3919607,,23,"{""lr"": 0.001, ""dropout"": 0.5, ""aux_weight"": 0.3}"
352,3,3,0,0.25,0.5,0.3476802,0.33678401410579684,0.33166626,0.3754609,,23,"{""lr"": 0.001, ""dropout"": 0.5, ""aux_weight"": 0.3}"
363,3,3,0,0.0,1.0,0.22100012,0.33678401410579684,0.23313068,0.34493938,,23,"{""lr"": 0.001, ""dropout"": 0.5, ""aux_weight"": 0.3}"
375,3,3,1,0.5,0.0,0.5248214,0.33678401410579684,0.46712345,0.48209703,,23,"{""lr"": 0.001, ""dropout"": 0.5, ""aux_weight"": 0.3}"
377,3,3,0,0.25,0.5,0.45410797,0.33678401410579684,0.46444678,0.3988614,,23,"{""lr"": 0.001, ""dropout"": 0.5, ""aux_weight"": 0.3}"
379,3,3,1,0.75,0.5,0.54286504,0.33678401410579684,0.4632359,0.49312636,,23,"{""lr"": 0.001, ""dropout"": 0.5, ""aux_weight"": 0.3}"
380,3,3,1,0.75,0.5,0.59976107,0.33678401410579684,0.5300897,0.4609522,,23,"{""lr"": 0.001, ""dropout"": 0.5, ""aux_weight"": 0.3}"
381,3,3,1,0.75,0.5,0.45136395,0.33678401410579684,0.36497778,0.469595,,23,"{""lr"": 0.001, ""dropout"": 0.5, ""aux_weight"": 0.3}"
384,3,3,0,0.25,0.5,0.37193844,0.33678401410579684,0.45415193,0.2998242,,23,"{""lr"": 0.001, ""dropout"": 0.5, ""aux_weight"": 0.3}"
386,3,3,0,0.25,0.5,0.28975505,0.33678401410579684,0.31420302,0.29494822,,23,"{""lr"": 0.001, ""dropout"": 0.5, ""aux_weight"": 0.3}"
387,3,3,0,0.0,1.0,0.09004675,0.33678401410579684,0.068721175,0.33796906,,23,"{""lr"": 0.001, ""dropout"": 0.5, ""aux_weight"": 0.3}"
389,3,3,0,0.25,0.5,0.4445158,0.33678401410579684,0.4791645,0.37958437,,23,"{""lr"": 0.001, ""dropout"": 0.5, ""aux_weight"": 0.3}"
392,3,3,1,0.5,0.0,0.41004705,0.33678401410579684,0.4084736,0.37729365,,23,"{""lr"": 0.001, ""dropout"": 0.5, ""aux_weight"": 0.3}"
407,3,3,0,0.2,0.6,0.48902142,0.33678401410579684,0.43401676,0.46099535,,23,"{""lr"": 0.001, ""dropout"": 0.5, ""aux_weight"": 0.3}"
409,3,3,0,0.4,0.1999999999999999,0.6126095,0.33678401410579684,0.6351915,0.44271883,,23,"{""lr"": 0.001, ""dropout"": 0.5, ""aux_weight"": 0.3}"
416,3,3,0,0.0,1.0,0.31410414,0.33678401410579684,0.30792212,0.38535392,,23,"{""lr"": 0.001, ""dropout"": 0.5, ""aux_weight"": 0.3}"
423,3,3,0,0.0,1.0,0.47861063,0.33678401410579684,0.4884374,0.39940175,,23,"{""lr"": 0.001, ""dropout"": 0.5, ""aux_weight"": 0.3}"
424,3,3,1,0.6,0.1999999999999999,0.46113926,0.33678401410579684,0.4683748,0.3868458,,23,"{""lr"": 0.001, ""dropout"": 0.5, ""aux_weight"": 0.3}"
432,3,3,0,0.2,0.6,0.36998743,0.33678401410579684,0.45075879,0.31077096,,23,"{""lr"": 0.001, ""dropout"": 0.5, ""aux_weight"": 0.3}"
440,3,3,0,0.0,1.0,0.52924347,0.33678401410579684,0.56318974,0.37927708,,23,"{""lr"": 0.001, ""dropout"": 0.5, ""aux_weight"": 0.3}"
446,3,3,0,0.2,0.6,0.44822738,0.33678401410579684,0.40978768,0.4218772,,23,"{""lr"": 0.001, ""dropout"": 0.5, ""aux_weight"": 0.3}"
447,3,3,0,0.0,1.0,0.22364128,0.33678401410579684,0.36658284,0.22131394,,23,"{""lr"": 0.001, ""dropout"": 0.5, ""aux_weight"": 0.3}"
452,3,3,0,0.25,0.5,0.3892516,0.33678401410579684,0.4372915,0.34713835,,23,"{""lr"": 0.001, ""dropout"": 0.5, ""aux_weight"": 0.3}"
454,3,3,0,0.0,1.0,0.37794262,0.33678401410579684,0.44060355,0.317198,,23,"{""lr"": 0.001, ""dropout"": 0.5, ""aux_weight"": 0.3}"
455,3,3,0,0.0,1.0,0.05012615,0.33678401410579684,0.047260813,0.33941138,,23,"{""lr"": 0.001, ""dropout"": 0.5, ""aux_weight"": 0.3}"
456,3,3,1,0.5,0.0,0.3769013,0.33678401410579684,0.4274828,0.36454204,,23,"{""lr"": 0.001, ""dropout"": 0.5, ""aux_weight"": 0.3}"
457,3,3,1,0.5,0.0,0.43289304,0.33678401410579684,0.5219086,0.3247265,,23,"{""lr"": 0.001, ""dropout"": 0.5, ""aux_weight"": 0.3}"
458,3,3,0,0.0,1.0,0.3676055,0.33678401410579684,0.44345865,0.31584916,,23,"{""lr"": 0.001, ""dropout"": 0.5, ""aux_weight"": 0.3}"
476,3,3,0,0.0,1.0,0.51101804,0.33678401410579684,0.5460489,0.37240258,,23,"{""lr"": 0.001, ""dropout"": 0.5, ""aux_weight"": 0.3}"
478,3,3,0,0.0,1.0,0.115894645,0.33678401410579684,0.10791533,0.33274418,,23,"{""lr"": 0.001, ""dropout"": 0.5, ""aux_weight"": 0.3}"
479,3,3,0,0.0,1.0,0.35877913,0.33678401410579684,0.37220025,0.41884863,,23,"{""lr"": 0.001, ""dropout"": 0.5, ""aux_weight"": 0.3}"
480,3,3,1,0.5,0.0,0.4636113,0.33678401410579684,0.45480376,0.41122103,,23,"{""lr"": 0.001, ""dropout"": 0.5, ""aux_weight"": 0.3}"
483,3,3,0,0.25,0.5,0.5399885,0.33678401410579684,0.6503276,0.30192706,,23,"{""lr"": 0.001, ""dropout"": 0.5, ""aux_weight"": 0.3}"
487,3,3,0,0.2,0.6,0.032367658,0.33678401410579684,0.030760806,0.3541695,,23,"{""lr"": 0.001, ""dropout"": 0.5, ""aux_weight"": 0.3}"
491,3,3,1,0.5,0.0,0.41306517,0.33678401410579684,0.4434892,0.3817894,,23,"{""lr"": 0.001, ""dropout"": 0.5, ""aux_weight"": 0.3}"
499,3,3,0,0.0,1.0,0.33255798,0.33678401410579684,0.33534917,0.34857753,,23,"{""lr"": 0.001, ""dropout"": 0.5, ""aux_weight"": 0.3}"
503,3,3,0,0.0,1.0,0.38139218,0.33678401410579684,0.4006831,0.36097285,,23,"{""lr"": 0.001, ""dropout"": 0.5, ""aux_weight"": 0.3}"
505,3,3,1,0.5,0.0,0.4670711,0.33678401410579684,0.44676715,0.42764735,,23,"{""lr"": 0.001, ""dropout"": 0.5, ""aux_weight"": 0.3}"
506,3,3,1,0.75,0.5,0.5541416,0.33678401410579684,0.53062683,0.45293227,,23,"{""lr"": 0.001, ""dropout"": 0.5, ""aux_weight"": 0.3}"
508,3,3,1,0.75,0.5,0.3551507,0.33678401410579684,0.28917444,0.45014447,,23,"{""lr"": 0.001, ""dropout"": 0.5, ""aux_weight"": 0.3}"
515,3,3,0,0.25,0.5,0.3583951,0.33678401410579684,0.35291052,0.4098206,,23,"{""lr"": 0.001, ""dropout"": 0.5, ""aux_weight"": 0.3}"
516,3,3,0,0.0,1.0,0.4523431,0.33678401410579684,0.4235134,0.4216324,,23,"{""lr"": 0.001, ""dropout"": 0.5, ""aux_weight"": 0.3}"
519,3,3,0,0.0,1.0,0.35038456,0.33678401410579684,0.46474263,0.28083408,,23,"{""lr"": 0.001, ""dropout"": 0.5, ""aux_weight"": 0.3}"
521,3,3,1,0.75,0.5,0.47033313,0.33678401410579684,0.5879073,0.26022926,,23,"{""lr"": 0.001, ""dropout"": 0.5, ""aux_weight"": 0.3}"
526,3,3,0,0.0,1.0,0.38202417,0.33678401410579684,0.4367095,0.3362935,,23,"{""lr"": 0.001, ""dropout"": 0.5, ""aux_weight"": 0.3}"
529,3,3,1,0.5,0.0,0.35958272,0.33678401410579684,0.438123,0.31656745,,23,"{""lr"": 0.001, ""dropout"": 0.5, ""aux_weight"": 0.3}"
541,3,3,1,0.5,0.0,0.3889026,0.33678401410579684,0.37490678,0.3877701,,23,"{""lr"": 0.001, ""dropout"": 0.5, ""aux_weight"": 0.3}"
542,3,3,0,0.25,0.5,0.40032822,0.33678401410579684,0.4487929,0.3579162,,23,"{""lr"": 0.001, ""dropout"": 0.5, ""aux_weight"": 0.3}"
549,3,3,0,0.0,1.0,0.16563436,0.33678401410579684,0.16090041,0.33796906,,23,"{""lr"": 0.001, ""dropout"": 0.5, ""aux_weight"": 0.3}"
552,3,3,1,0.6666666666666666,0.3333333333333332,0.3864692,0.33678401410579684,0.44726974,0.33501622,,23,"{""lr"": 0.001, ""dropout"": 0.5, ""aux_weight"": 0.3}"
555,3,3,0,0.3333333333333333,0.3333333333333333,0.50703025,0.33678401410579684,0.48040956,0.4231856,,23,"{""lr"": 0.001, ""dropout"": 0.5, ""aux_weight"": 0.3}"
558,3,3,1,0.5,0.0,0.36381516,0.33678401410579684,0.44983578,0.33274418,,23,"{""lr"": 0.001, ""dropout"": 0.5, ""aux_weight"": 0.3}"
568,3,3,1,1.0,1.0,0.38180256,0.33678401410579684,0.44577926,0.3195375,,23,"{""lr"": 0.001, ""dropout"": 0.5, ""aux_weight"": 0.3}"
570,3,3,1,0.6666666666666666,0.3333333333333332,0.39535576,0.33678401410579684,0.42395836,0.37702367,,23,"{""lr"": 0.001, ""dropout"": 0.5, ""aux_weight"": 0.3}"
573,3,3,0,0.3333333333333333,0.3333333333333333,0.4296562,0.33678401410579684,0.48913655,0.34529838,,23,"{""lr"": 0.001, ""dropout"": 0.5, ""aux_weight"": 0.3}"
575,3,3,1,0.5,0.0,0.5397383,0.33678401410579684,0.6379776,0.31873524,,23,"{""lr"": 0.001, ""dropout"": 0.5, ""aux_weight"": 0.3}"
578,3,3,1,0.5,0.0,0.44403902,0.33678401410579684,0.47145003,0.3702926,,23,"{""lr"": 0.001, ""dropout"": 0.5, ""aux_weight"": 0.3}"
583,3,3,1,0.5,0.0,0.58004016,0.33678401410579684,0.5756719,0.45293227,,23,"{""lr"": 0.001, ""dropout"": 0.5, ""aux_weight"": 0.3}"
589,3,3,0,0.3333333333333333,0.3333333333333333,0.6030395,0.33678401410579684,0.51006705,0.5326578,,23,"{""lr"": 0.001, ""dropout"": 0.5, ""aux_weight"": 0.3}"
590,3,3,0,0.3333333333333333,0.3333333333333333,0.6917645,0.33678401410579684,0.6474288,0.5106137,,23,"{""lr"": 0.001, ""dropout"": 0.5, ""aux_weight"": 0.3}"
597,3,3,0,0.0,1.0,0.123453274,0.33678401410579684,0.1289629,0.33120328,,23,"{""lr"": 0.001, ""dropout"": 0.5, ""aux_weight"": 0.3}"
610,3,3,0,0.25,0.5,0.3851728,0.33678401410579684,0.32761398,0.43766072,,23,"{""lr"": 0.001, ""dropout"": 0.5, ""aux_weight"": 0.3}"
617,3,3,1,0.5,0.0,0.44195944,0.33678401410579684,0.38951427,0.44651744,,23,"{""lr"": 0.001, ""dropout"": 0.5, ""aux_weight"": 0.3}"
629,3,3,1,0.5,0.0,0.60848546,0.33678401410579684,0.5359913,0.44614404,,23,"{""lr"": 0.001, ""dropout"": 0.5, ""aux_weight"": 0.3}"
636,3,3,0,0.0,1.0,0.4519585,0.33678401410579684,0.4263559,0.440788,,23,"{""lr"": 0.001, ""dropout"": 0.5, ""aux_weight"": 0.3}"
637,3,3,1,0.5,0.0,0.42252308,0.33678401410579684,0.39739785,0.4274278,,23,"{""lr"": 0.001, ""dropout"": 0.5, ""aux_weight"": 0.3}"
646,3,3,0,0.0,1.0,0.12441592,0.33678401410579684,0.13096002,0.3408301,,23,"{""lr"": 0.001, ""dropout"": 0.5, ""aux_weight"": 0.3}"
652,3,3,0,0.0,1.0,0.184385,0.33678401410579684,0.22554216,0.3530299,,23,"{""lr"": 0.001, ""dropout"": 0.5, ""aux_weight"": 0.3}"
671,3,3,0,0.3333333333333333,0.3333333333333333,0.50496566,0.33678401410579684,0.5207065,0.34561673,,23,"{""lr"": 0.001, ""dropout"": 0.5, ""aux_weight"": 0.3}"
677,3,3,1,0.6666666666666666,0.3333333333333332,0.47690535,0.33678401410579684,0.49288526,0.38140592,,23,"{""lr"": 0.001, ""dropout"": 0.5, ""aux_weight"": 0.3}"
678,3,3,0,0.3333333333333333,0.3333333333333333,0.40883458,0.33678401410579684,0.44741824,0.39128518,,23,"{""lr"": 0.001, ""dropout"": 0.5, ""aux_weight"": 0.3}"
680,3,3,0,0.0,1.0,0.10812681,0.33678401410579684,0.10759646,0.3552798,,23,"{""lr"": 0.001, ""dropout"": 0.5, ""aux_weight"": 0.3}"
686,3,3,0,0.0,1.0,0.4946562,0.33678401410579684,0.41316557,0.49380645,,23,"{""lr"": 0.001, ""dropout"": 0.5, ""aux_weight"": 0.3}"
695,3,3,0,0.3333333333333333,0.3333333333333333,0.46268559,0.33678401410579684,0.32573116,0.49605063,,23,"{""lr"": 0.001, ""dropout"": 0.5, ""aux_weight"": 0.3}"
697,3,3,1,0.5,0.0,0.40782958,0.33678401410579684,0.33447844,0.46527144,,23,"{""lr"": 0.001, ""dropout"": 0.5, ""aux_weight"": 0.3}"
704,3,3,0,0.3333333333333333,0.3333333333333333,0.35426915,0.33678401410579684,0.32744062,0.39578792,,23,"{""lr"": 0.001, ""dropout"": 0.5, ""aux_weight"": 0.3}"
713,3,3,1,0.6,0.1999999999999999,0.3777802,0.33678401410579684,0.40995583,0.3555112,,23,"{""lr"": 0.001, ""dropout"": 0.5, ""aux_weight"": 0.3}"
722,3,3,0,0.2,0.6,0.2858768,0.33678401410579684,0.2628021,0.3691808,,23,"{""lr"": 0.001, ""dropout"": 0.5, ""aux_weight"": 0.3}"
729,3,3,0,0.4,0.1999999999999999,0.39812523,0.33678401410579684,0.35775453,0.40441555,,23,"{""lr"": 0.001, ""dropout"": 0.5, ""aux_weight"": 0.3}"
737,3,3,0,0.1666666666666666,0.6666666666666667,0.23733163,0.33678401410579684,0.2053128,0.3817894,,23,"{""lr"": 0.001, ""dropout"": 0.5, ""aux_weight"": 0.3}"
9,3,4,0,0.0,1.0,0.15983987,0.36273726820945745,0.5041586,0.48729193,,21,"{""lr"": 0.001, ""dropout"": 0.5, ""aux_weight"": 0.0}"
12,3,4,0,0.4,0.1999999999999999,0.273404,0.36273726820945745,0.41709667,0.48647356,,21,"{""lr"": 0.001, ""dropout"": 0.5, ""aux_weight"": 0.0}"
17,3,4,0,0.4,0.1999999999999999,0.44569063,0.36273726820945745,0.48808038,0.48950294,,21,"{""lr"": 0.001, ""dropout"": 0.5, ""aux_weight"": 0.0}"
20,3,4,0,0.25,0.5,0.12335591,0.36273726820945745,0.43604732,0.4930059,,21,"{""lr"": 0.001, ""dropout"": 0.5, ""aux_weight"": 0.0}"
26,3,4,1,0.8,0.6000000000000001,0.35429218,0.36273726820945745,0.47279105,0.49496537,,21,"{""lr"": 0.001, ""dropout"": 0.5, ""aux_weight"": 0.0}"
32,3,4,0,0.2,0.6,0.27949476,0.36273726820945745,0.4667858,0.49549058,,21,"{""lr"": 0.001, ""dropout"": 0.5, ""aux_weight"": 0.0}"
33,3,4,0,0.4,0.1999999999999999,0.30224898,0.36273726820945745,0.4734308,0.48442492,,21,"{""lr"": 0.001, ""dropout"": 0.5, ""aux_weight"": 0.0}"
43,3,4,0,0.2,0.6,0.41391337,0.36273726820945745,0.35611755,0.49378493,,21,"{""lr"": 0.001, ""dropout"": 0.5, ""aux_weight"": 0.0}"
46,3,4,0,0.4,0.1999999999999999,0.4276945,0.36273726820945745,0.46800917,0.50035393,,21,"{""lr"": 0.001, ""dropout"": 0.5, ""aux_weight"": 0.0}"
51,3,4,0,0.25,0.5,0.43309993,0.36273726820945745,0.42851835,0.4934797,,21,"{""lr"": 0.001, ""dropout"": 0.5, ""aux_weight"": 0.0}"
53,3,4,0,0.1666666666666666,0.6666666666666667,0.23539189,0.36273726820945745,0.5075662,0.49073842,,21,"{""lr"": 0.001, ""dropout"": 0.5, ""aux_weight"": 0.0}"
68,3,4,0,0.0,1.0,0.19404894,0.36273726820945745,0.4810571,0.48194724,,21,"{""lr"": 0.001, ""dropout"": 0.5, ""aux_weight"": 0.0}"
70,3,4,0,0.0,1.0,0.1934366,0.36273726820945745,0.5046583,0.4760033,,21,"{""lr"": 0.001, ""dropout"": 0.5, ""aux_weight"": 0.0}"
76,3,4,0,0.25,0.5,0.24862944,0.36273726820945745,0.4888907,0.4829514,,21,"{""lr"": 0.001, ""dropout"": 0.5, ""aux_weight"": 0.0}"
88,3,4,1,0.5,0.0,0.18505934,0.36273726820945745,0.38220426,0.48717454,,21,"{""lr"": 0.001, ""dropout"": 0.5, ""aux_weight"": 0.0}"
102,3,4,0,0.0,1.0,0.13157262,0.36273726820945745,0.4824855,0.48323283,,21,"{""lr"": 0.001, ""dropout"": 0.5, ""aux_weight"": 0.0}"
104,3,4,0,0.1111111111111111,0.7777777777777778,0.3486304,0.36273726820945745,0.38390797,0.48401013,,21,"{""lr"": 0.001, ""dropout"": 0.5, ""aux_weight"": 0.0}"
105,3,4,0,0.0,1.0,0.21354449,0.36273726820945745,0.46810234,0.49636436,,21,"{""lr"": 0.001, ""dropout"": 0.5, ""aux_weight"": 0.0}"
109,3,4,0,0.1111111111111111,0.7777777777777778,0.5696989,0.36273726820945745,0.35109648,0.48987353,,21,"{""lr"": 0.001, ""dropout"": 0.5, ""aux_weight"": 0.0}"
111,3,4,0,0.1111111111111111,0.7777777777777778,0.24272472,0.36273726820945745,0.43861032,0.4908688,,21,"{""lr"": 0.001, ""dropout"": 0.5, ""aux_weight"": 0.0}"
113,3,4,0,0.1111111111111111,0.7777777777777778,0.38742298,0.36273726820945745,0.45832032,0.4873985,,21,"{""lr"": 0.001, ""dropout"": 0.5, ""aux_weight"": 0.0}"
117,3,4,0,0.25,0.5,0.34244633,0.36273726820945745,0.40372866,0.48998156,,21,"{""lr"": 0.001, ""dropout"": 0.5, ""aux_weight"": 0.0}"
118,3,4,0,0.0,1.0,0.28122088,0.36273726820945745,0.45453593,0.48832607,,21,"{""lr"": 0.001, ""dropout"": 0.5, ""aux_weight"": 0.0}"
124,3,4,0,0.0,1.0,0.3949663,0.36273726820945745,0.51971567,0.48789677,,21,"{""lr"": 0.001, ""dropout"": 0.5, ""aux_weight"": 0.0}"
128,3,4,0,0.1111111111111111,0.7777777777777778,0.12769191,0.36273726820945745,0.51147175,0.49681687,,21,"{""lr"": 0.001, ""dropout"": 0.5, ""aux_weight"": 0.0}"
132,3,4,0,0.2222222222222222,0.5555555555555556,0.206304,0.36273726820945745,0.51453674,0.476981,,21,"{""lr"": 0.001, ""dropout"": 0.5, ""aux_weight"": 0.0}"
139,3,4,0,0.0,1.0,0.4867723,0.36273726820945745,0.43339413,0.48363754,,21,"{""lr"": 0.001, ""dropout"": 0.5, ""aux_weight"": 0.0}"
142,3,4,0,0.0,1.0,0.40532017,0.36273726820945745,0.45724642,0.47800282,,21,"{""lr"": 0.001, ""dropout"": 0.5, ""aux_weight"": 0.0}"
143,3,4,1,0.5555555555555556,0.1111111111111111,0.32129136,0.36273726820945745,0.3756907,0.48179463,,21,"{""lr"": 0.001, ""dropout"": 0.5, ""aux_weight"": 0.0}"
158,3,4,0,0.0,1.0,0.06950009,0.36273726820945745,0.6236383,0.4908689,,21,"{""lr"": 0.001, ""dropout"": 0.5, ""aux_weight"": 0.0}"
168,3,4,0,0.25,0.5,0.27693495,0.36273726820945745,0.47967723,0.48942024,,21,"{""lr"": 0.001, ""dropout"": 0.5, ""aux_weight"": 0.0}"
171,3,4,0,0.25,0.5,0.32138866,0.36273726820945745,0.4744478,0.4886329,,21,"{""lr"": 0.001, ""dropout"": 0.5, ""aux_weight"": 0.0}"
172,3,4,0,0.0,1.0,0.10151208,0.36273726820945745,0.44111866,0.48494664,,21,"{""lr"": 0.001, ""dropout"": 0.5, ""aux_weight"": 0.0}"
175,3,4,0,0.0,1.0,0.2070669,0.36273726820945745,0.4986777,0.48692954,,21,"{""lr"": 0.001, ""dropout"": 0.5, ""aux_weight"": 0.0}"
176,3,4,0,0.0,1.0,0.3431788,0.36273726820945745,0.4769284,0.48944697,,21,"{""lr"": 0.001, ""dropout"": 0.5, ""aux_weight"": 0.0}"
178,3,4,0,0.0,1.0,0.1964637,0.36273726820945745,0.47988307,0.49270442,,21,"{""lr"": 0.001, ""dropout"": 0.5, ""aux_weight"": 0.0}"
179,3,4,0,0.25,0.5,0.4166782,0.36273726820945745,0.46263692,0.4862368,,21,"{""lr"": 0.001, ""dropout"": 0.5, ""aux_weight"": 0.0}"
185,3,4,0,0.25,0.5,0.3791782,0.36273726820945745,0.4373588,0.49164936,,21,"{""lr"": 0.001, ""dropout"": 0.5, ""aux_weight"": 0.0}"
187,3,4,0,0.0,1.0,0.38788003,0.36273726820945745,0.5211159,0.4872701,,21,"{""lr"": 0.001, ""dropout"": 0.5, ""aux_weight"": 0.0}"
194,3,4,0,0.0,1.0,0.2906584,0.36273726820945745,0.44908968,0.49180767,,21,"{""lr"": 0.001, ""dropout"": 0.5, ""aux_weight"": 0.0}"
200,3,4,0,0.2,0.6,0.35899794,0.36273726820945745,0.47577155,0.4791728,,21,"{""lr"": 0.001, ""dropout"": 0.5, ""aux_weight"": 0.0}"
202,3,4,1,0.6,0.1999999999999999,0.2053443,0.36273726820945745,0.44907764,0.4785038,,21,"{""lr"": 0.001, ""dropout"": 0.5, ""aux_weight"": 0.0}"
206,3,4,1,0.5,0.0,0.25898045,0.36273726820945745,0.5531018,0.49008647,,21,"{""lr"": 0.001, ""dropout"": 0.5, ""aux_weight"": 0.0}"
212,3,4,0,0.2,0.6,0.19628629,0.36273726820945745,0.44876885,0.4893355,,21,"{""lr"": 0.001, ""dropout"": 0.5, ""aux_weight"": 0.0}"
222,3,4,0,0.2,0.6,0.38439578,0.36273726820945745,0.46807736,0.5013229,,21,"{""lr"": 0.001, ""dropout"": 0.5, ""aux_weight"": 0.0}"
224,3,4,0,0.4,0.1999999999999999,0.30236602,0.36273726820945745,0.45604318,0.4873975,,21,"{""lr"": 0.001, ""dropout"": 0.5, ""aux_weight"": 0.0}"
229,3,4,0,0.0,1.0,0.33904916,0.36273726820945745,0.48475873,0.48939112,,21,"{""lr"": 0.001, ""dropout"": 0.5, ""aux_weight"": 0.0}"
232,3,4,0,0.25,0.5,0.2934627,0.36273726820945745,0.48992655,0.49422166,,21,"{""lr"": 0.001, ""dropout"": 0.5, ""aux_weight"": 0.0}"
236,3,4,0,0.0,1.0,0.4271233,0.36273726820945745,0.43189985,0.47575244,,21,"{""lr"": 0.001, ""dropout"": 0.5, ""aux_weight"": 0.0}"
240,3,4,0,0.2,0.6,0.19012977,0.36273726820945745,0.50987947,0.50662434,,21,"{""lr"": 0.001, ""dropout"": 0.5, ""aux_weight"": 0.0}"
246,3,4,0,0.4,0.1999999999999999,0.38769227,0.36273726820945745,0.42739102,0.500417,,21,"{""lr"": 0.001, ""dropout"": 0.5, ""aux_weight"": 0.0}"
254,3,4,0,0.25,0.5,0.24115959,0.36273726820945745,0.429924,0.48873144,,21,"{""lr"": 0.001, ""dropout"": 0.5, ""aux_weight"": 0.0}"
260,3,4,0,0.25,0.5,0.21778902,0.36273726820945745,0.519271,0.49262017,,21,"{""lr"": 0.001, ""dropout"": 0.5, ""aux_weight"": 0.0}"
274,3,4,1,0.5,0.0,0.35435885,0.36273726820945745,0.49222198,0.49284706,,21,"{""lr"": 0.001, ""dropout"": 0.5, ""aux_weight"": 0.0}"
281,3,4,0,0.0,1.0,0.2000593,0.36273726820945745,0.44713402,0.4885174,,21,"{""lr"": 0.001, ""dropout"": 0.5, ""aux_weight"": 0.0}"
286,3,4,0,0.2,0.6,0.21034902,0.36273726820945745,0.52054733,0.49071234,,21,"{""lr"": 0.001, ""dropout"": 0.5, ""aux_weight"": 0.0}"
287,3,4,0,0.25,0.5,0.4390568,0.36273726820945745,0.44739297,0.48982456,,21,"{""lr"": 0.001, ""dropout"": 0.5, ""aux_weight"": 0.0}"
289,3,4,1,0.5,0.0,0.22216171,0.36273726820945745,0.49803638,0.4904506,,21,"{""lr"": 0.001, ""dropout"": 0.5, ""aux_weight"": 0.0}"
293,3,4,1,0.5,0.0,0.34794572,0.36273726820945745,0.52422225,0.48588893,,21,"{""lr"": 0.001, ""dropout"": 0.5, ""aux_weight"": 0.0}"
303,3,4,0,0.0,1.0,0.16035205,0.36273726820945745,0.55061245,0.4813507,,21,"{""lr"": 0.001, ""dropout"": 0.5, ""aux_weight"": 0.0}"
321,3,4,1,0.6,0.1999999999999999,0.39726856,0.36273726820945745,0.5168515,0.48734137,,21,"{""lr"": 0.001, ""dropout"": 0.5, ""aux_weight"": 0.0}"
325,3,4,0,0.0,1.0,0.20227635,0.36273726820945745,0.47760457,0.48903528,,21,"{""lr"": 0.001, ""dropout"": 0.5, ""aux_weight"": 0.0}"
327,3,4,0,0.0,1.0,0.4139192,0.36273726820945745,0.44934818,0.4839812,,21,"{""lr"": 0.001, ""dropout"": 0.5, ""aux_weight"": 0.0}"
335,3,4,1,0.5,0.0,0.2414965,0.36273726820945745,0.46541327,0.49138775,,21,"{""lr"": 0.001, ""dropout"": 0.5, ""aux_weight"": 0.0}"
336,3,4,0,0.4,0.1999999999999999,0.30756736,0.36273726820945745,0.47035247,0.49189228,,21,"{""lr"": 0.001, ""dropout"": 0.5, ""aux_weight"": 0.0}"
340,3,4,1,0.6,0.1999999999999999,0.22670016,0.36273726820945745,0.5309115,0.48072043,,21,"{""lr"": 0.001, ""dropout"": 0.5, ""aux_weight"": 0.0}"
342,3,4,0,0.2,0.6,0.25313354,0.36273726820945745,0.48194933,0.48696828,,21,"{""lr"": 0.001, ""dropout"": 0.5, ""aux_weight"": 0.0}"
343,3,4,1,0.8,0.6000000000000001,0.42414904,0.36273726820945745,0.41502833,0.48550737,,21,"{""lr"": 0.001, ""dropout"": 0.5, ""aux_weight"": 0.0}"
353,3,4,0,0.0,1.0,0.4605607,0.36273726820945745,0.5026583,0.48969138,,21,"{""lr"": 0.001, ""dropout"": 0.5, ""aux_weight"": 0.0}"
356,3,4,0,0.25,0.5,0.36395305,0.36273726820945745,0.55276257,0.48500428,,21,"{""lr"": 0.001, ""dropout"": 0.5, ""aux_weight"": 0.0}"
359,3,4,0,0.25,0.5,0.40299687,0.36273726820945745,0.3875845,0.48413426,,21,"{""lr"": 0.001, ""dropout"": 0.5, ""aux_weight"": 0.0}"
360,3,4,0,0.25,0.5,0.14659055,0.36273726820945745,0.48348486,0.48531166,,21,"{""lr"": 0.001, ""dropout"": 0.5, ""aux_weight"": 0.0}"
361,3,4,0,0.0,1.0,0.12832874,0.36273726820945745,0.55888474,0.48976186,,21,"{""lr"": 0.001, ""dropout"": 0.5, ""aux_weight"": 0.0}"
362,3,4,1,0.75,0.5,0.33432442,0.36273726820945745,0.49637905,0.49236897,,21,"{""lr"": 0.001, ""dropout"": 0.5, ""aux_weight"": 0.0}"
365,3,4,0,0.25,0.5,0.39460137,0.36273726820945745,0.438105,0.4821171,,21,"{""lr"": 0.001, ""dropout"": 0.5, ""aux_weight"": 0.0}"
368,3,4,1,0.5,0.0,0.48029438,0.36273726820945745,0.39309964,0.49120578,,21,"{""lr"": 0.001, ""dropout"": 0.5, ""aux_weight"": 0.0}"
369,3,4,0,0.0,1.0,0.1285465,0.36273726820945745,0.5365311,0.48920417,,21,"{""lr"": 0.001, ""dropout"": 0.5, ""aux_weight"": 0.0}"
372,3,4,0,0.25,0.5,0.3958981,0.36273726820945745,0.48641104,0.48552293,,21,"{""lr"": 0.001, ""dropout"": 0.5, ""aux_weight"": 0.0}"
385,3,4,1,0.5,0.0,0.38390607,0.36273726820945745,0.5055405,0.48945472,,21,"{""lr"": 0.001, ""dropout"": 0.5, ""aux_weight"": 0.0}"
397,3,4,1,0.75,0.5,0.4823662,0.36273726820945745,0.46347383,0.49225348,,21,"{""lr"": 0.001, ""dropout"": 0.5, ""aux_weight"": 0.0}"
399,3,4,0,0.25,0.5,0.41783816,0.36273726820945745,0.43519348,0.48858258,,21,"{""lr"": 0.001, ""dropout"": 0.5, ""aux_weight"": 0.0}"
400,3,4,1,0.5,0.0,0.4097106,0.36273726820945745,0.43033928,0.49477246,,21,"{""lr"": 0.001, ""dropout"": 0.5, ""aux_weight"": 0.0}"
401,3,4,0,0.2,0.6,0.34046727,0.36273726820945745,0.47541255,0.49673274,,21,"{""lr"": 0.001, ""dropout"": 0.5, ""aux_weight"": 0.0}"
410,3,4,1,0.6,0.1999999999999999,0.47993013,0.36273726820945745,0.46733028,0.48823923,,21,"{""lr"": 0.001, ""dropout"": 0.5, ""aux_weight"": 0.0}"
418,3,4,0,0.0,1.0,0.2619943,0.36273726820945745,0.49411157,0.48950693,,21,"{""lr"": 0.001, ""dropout"": 0.5, ""aux_weight"": 0.0}"
428,3,4,1,0.6,0.1999999999999999,0.31796026,0.36273726820945745,0.4885913,0.4856045,,21,"{""lr"": 0.001, ""dropout"": 0.5, ""aux_weight"": 0.0}"
431,3,4,0,0.4,0.1999999999999999,0.3512954,0.36273726820945745,0.4299823,0.47763583,,21,"{""lr"": 0.001, ""dropout"": 0.5, ""aux_weight"": 0.0}"
444,3,4,0,0.2,0.6,0.38908887,0.36273726820945745,0.4813366,0.49181414,,21,"{""lr"": 0.001, ""dropout"": 0.5, ""aux_weight"": 0.0}"
449,3,4,0,0.4,0.1999999999999999,0.2618941,0.36273726820945745,0.4427526,0.49346048,,21,"{""lr"": 0.001, ""dropout"": 0.5, ""aux_weight"": 0.0}"
450,3,4,0,0.2,0.6,0.3573892,0.36273726820945745,0.5198405,0.49074066,,21,"{""lr"": 0.001, ""dropout"": 0.5, ""aux_weight"": 0.0}"
460,3,4,0,0.0,1.0,0.30903846,0.36273726820945745,0.48854983,0.4933333,,21,"{""lr"": 0.001, ""dropout"": 0.5, ""aux_weight"": 0.0}"
465,3,4,1,0.5,0.0,0.56047595,0.36273726820945745,0.43982214,0.4883304,,21,"{""lr"": 0.001, ""dropout"": 0.5, ""aux_weight"": 0.0}"
468,3,4,0,0.25,0.5,0.43804264,0.36273726820945745,0.44506356,0.48713556,,21,"{""lr"": 0.001, ""dropout"": 0.5, ""aux_weight"": 0.0}"
470,3,4,0,0.0,1.0,0.40346026,0.36273726820945745,0.5230267,0.48557246,,21,"{""lr"": 0.001, ""dropout"": 0.5, ""aux_weight"": 0.0}"
486,3,4,0,0.25,0.5,0.33479828,0.36273726820945745,0.38460052,0.49489263,,21,"{""lr"": 0.001, ""dropout"": 0.5, ""aux_weight"": 0.0}"
495,3,4,0,0.0,1.0,0.36042443,0.36273726820945745,0.47835547,0.48617756,,21,"{""lr"": 0.001, ""dropout"": 0.5, ""aux_weight"": 0.0}"
497,3,4,0,0.0,1.0,0.14555562,0.36273726820945745,0.43414187,0.49816787,,21,"{""lr"": 0.001, ""dropout"": 0.5, ""aux_weight"": 0.0}"
501,3,4,0,0.25,0.5,0.4299626,0.36273726820945745,0.40177205,0.49306664,,21,"{""lr"": 0.001, ""dropout"": 0.5, ""aux_weight"": 0.0}"
504,3,4,1,0.75,0.5,0.42353576,0.36273726820945745,0.4346202,0.48953962,,21,"{""lr"": 0.001, ""dropout"": 0.5, ""aux_weight"": 0.0}"
509,3,4,0,0.25,0.5,0.31959224,0.36273726820945745,0.5531703,0.48493072,,21,"{""lr"": 0.001, ""dropout"": 0.5, ""aux_weight"": 0.0}"
510,3,4,1,0.5,0.0,0.46299016,0.36273726820945745,0.4275517,0.4869567,,21,"{""lr"": 0.001, ""dropout"": 0.5, ""aux_weight"": 0.0}"
514,3,4,1,0.75,0.5,0.4901939,0.36273726820945745,0.4398324,0.49658188,,21,"{""lr"": 0.001, ""dropout"": 0.5, ""aux_weight"": 0.0}"
517,3,4,0,0.25,0.5,0.3818553,0.36273726820945745,0.51716614,0.49246585,,21,"{""lr"": 0.001, ""dropout"": 0.5, ""aux_weight"": 0.0}"
520,3,4,1,0.5,0.0,0.3951983,0.36273726820945745,0.464715,0.48989618,,21,"{""lr"": 0.001, ""dropout"": 0.5, ""aux_weight"": 0.0}"
527,3,4,0,0.25,0.5,0.39616662,0.36273726820945745,0.48187086,0.49014792,,21,"{""lr"": 0.001, ""dropout"": 0.5, ""aux_weight"": 0.0}"
528,3,4,0,0.0,1.0,0.1848433,0.36273726820945745,0.5029007,0.4893214,,21,"{""lr"": 0.001, ""dropout"": 0.5, ""aux_weight"": 0.0}"
533,3,4,0,0.0,1.0,0.20414147,0.36273726820945745,0.47765926,0.48963112,,21,"{""lr"": 0.001, ""dropout"": 0.5, ""aux_weight"": 0.0}"
536,3,4,0,0.3333333333333333,0.3333333333333333,0.43229598,0.36273726820945745,0.5096537,0.49021855,,21,"{""lr"": 0.001, ""dropout"": 0.5, ""aux_weight"": 0.0}"
538,3,4,0,0.0,1.0,0.4145348,0.36273726820945745,0.48132592,0.49121228,,21,"{""lr"": 0.001, ""dropout"": 0.5, ""aux_weight"": 0.0}"
557,3,4,0,0.3333333333333333,0.3333333333333333,0.19834474,0.36273726820945745,0.4949236,0.4862207,,21,"{""lr"": 0.001, ""dropout"": 0.5, ""aux_weight"": 0.0}"
559,3,4,1,0.6666666666666666,0.3333333333333332,0.36074418,0.36273726820945745,0.5028434,0.48602384,,21,"{""lr"": 0.001, ""dropout"": 0.5, ""aux_weight"": 0.0}"
563,3,4,0,0.0,1.0,0.3212447,0.36273726820945745,0.5322826,0.49107602,,21,"{""lr"": 0.001, ""dropout"": 0.5, ""aux_weight"": 0.0}"
565,3,4,0,0.3333333333333333,0.3333333333333333,0.43976817,0.36273726820945745,0.41941202,0.492267,,21,"{""lr"": 0.001, ""dropout"": 0.5, ""aux_weight"": 0.0}"
566,3,4,0,0.1666666666666666,0.6666666666666667,0.31227046,0.36273726820945745,0.48235887,0.49188375,,21,"{""lr"": 0.001, ""dropout"": 0.5, ""aux_weight"": 0.0}"
571,3,4,1,0.5,0.0,0.45213515,0.36273726820945745,0.43115568,0.48627728,,21,"{""lr"": 0.001, ""dropout"": 0.5, ""aux_weight"": 0.0}"
572,3,4,1,0.8333333333333334,0.6666666666666667,0.40872437,0.36273726820945745,0.46195632,0.48677877,,21,"{""lr"": 0.001, ""dropout"": 0.5, ""aux_weight"": 0.0}"
574,3,4,0,0.3333333333333333,0.3333333333333333,0.32247445,0.36273726820945745,0.47281462,0.48735037,,21,"{""lr"": 0.001, ""dropout"": 0.5, ""aux_weight"": 0.0}"
584,3,4,1,0.6666666666666666,0.3333333333333332,0.51555574,0.36273726820945745,0.44868332,0.48191813,,21,"{""lr"": 0.001, ""dropout"": 0.5, ""aux_weight"": 0.0}"
587,3,4,1,0.8333333333333334,0.6666666666666667,0.55742174,0.36273726820945745,0.4556455,0.48432982,,21,"{""lr"": 0.001, ""dropout"": 0.5, ""aux_weight"": 0.0}"
599,3,4,0,0.0,1.0,0.44065148,0.36273726820945745,0.4640238,0.48349425,,21,"{""lr"": 0.001, ""dropout"": 0.5, ""aux_weight"": 0.0}"
602,3,4,0,0.25,0.5,0.44041568,0.36273726820945745,0.51759243,0.4874173,,21,"{""lr"": 0.001, ""dropout"": 0.5, ""aux_weight"": 0.0}"
605,3,4,1,0.5,0.0,0.5514299,0.36273726820945745,0.4427864,0.4881741,,21,"{""lr"": 0.001, ""dropout"": 0.5, ""aux_weight"": 0.0}"
608,3,4,0,0.0,1.0,0.5070983,0.36273726820945745,0.42024982,0.4902958,,21,"{""lr"": 0.001, ""dropout"": 0.5, ""aux_weight"": 0.0}"
612,3,4,0,0.0,1.0,0.0629034,0.36273726820945745,0.6216122,0.48989666,,21,"{""lr"": 0.001, ""dropout"": 0.5, ""aux_weight"": 0.0}"
616,3,4,1,0.75,0.5,0.4777885,0.36273726820945745,0.48175117,0.4837345,,21,"{""lr"": 0.001, ""dropout"": 0.5, ""aux_weight"": 0.0}"
619,3,4,0,0.25,0.5,0.49993008,0.36273726820945745,0.45644253,0.48940846,,21,"{""lr"": 0.001, ""dropout"": 0.5, ""aux_weight"": 0.0}"
620,3,4,1,0.75,0.5,0.4966715,0.36273726820945745,0.507202,0.48396602,,21,"{""lr"": 0.001, ""dropout"": 0.5, ""aux_weight"": 0.0}"
623,3,4,1,0.5,0.0,0.44360268,0.36273726820945745,0.43691587,0.4843046,,21,"{""lr"": 0.001, ""dropout"": 0.5, ""aux_weight"": 0.0}"
628,3,4,0,0.0,1.0,0.392466,0.36273726820945745,0.50589705,0.4836367,,21,"{""lr"": 0.001, ""dropout"": 0.5, ""aux_weight"": 0.0}"
649,3,4,1,0.5,0.0,0.37536454,0.36273726820945745,0.5206321,0.4879836,,21,"{""lr"": 0.001, ""dropout"": 0.5, ""aux_weight"": 0.0}"
656,3,4,1,0.6666666666666666,0.3333333333333332,0.41144687,0.36273726820945745,0.5022174,0.49539882,,21,"{""lr"": 0.001, ""dropout"": 0.5, ""aux_weight"": 0.0}"
659,3,4,1,0.6666666666666666,0.3333333333333332,0.6013634,0.36273726820945745,0.3361457,0.49626642,,21,"{""lr"": 0.001, ""dropout"": 0.5, ""aux_weight"": 0.0}"
661,3,4,1,0.8333333333333334,0.6666666666666667,0.47463137,0.36273726820945745,0.4303197,0.49517962,,21,"{""lr"": 0.001, ""dropout"": 0.5, ""aux_weight"": 0.0}"
670,3,4,1,0.5,0.0,0.48873228,0.36273726820945745,0.454821,0.491925,,21,"{""lr"": 0.001, ""dropout"": 0.5, ""aux_weight"": 0.0}"
676,3,4,0,0.1666666666666666,0.6666666666666667,0.29920915,0.36273726820945745,0.493986,0.49113688,,21,"{""lr"": 0.001, ""dropout"": 0.5, ""aux_weight"": 0.0}"
684,3,4,0,0.0,1.0,0.43560964,0.36273726820945745,0.46130204,0.48483807,,21,"{""lr"": 0.001, ""dropout"": 0.5, ""aux_weight"": 0.0}"
696,3,4,0,0.1666666666666666,0.6666666666666667,0.4923395,0.36273726820945745,0.48605102,0.48962396,,21,"{""lr"": 0.001, ""dropout"": 0.5, ""aux_weight"": 0.0}"
700,3,4,1,0.5,0.0,0.50071955,0.36273726820945745,0.48384693,0.48256928,,21,"{""lr"": 0.001, ""dropout"": 0.5, ""aux_weight"": 0.0}"
701,3,4,0,0.1666666666666666,0.6666666666666667,0.583331,0.36273726820945745,0.41714883,0.4865695,,21,"{""lr"": 0.001, ""dropout"": 0.5, ""aux_weight"": 0.0}"
711,3,4,1,0.6,0.1999999999999999,0.52397346,0.36273726820945745,0.4430284,0.4882082,,21,"{""lr"": 0.001, ""dropout"": 0.5, ""aux_weight"": 0.0}"
712,3,4,0,0.1666666666666666,0.6666666666666667,0.30764455,0.36273726820945745,0.44585115,0.49469182,,21,"{""lr"": 0.001, ""dropout"": 0.5, ""aux_weight"": 0.0}"
715,3,4,1,0.5,0.0,0.35603184,0.36273726820945745,0.50190175,0.49226505,,21,"{""lr"": 0.001, ""dropout"": 0.5, ""aux_weight"": 0.0}"
718,3,4,0,0.1666666666666666,0.6666666666666667,0.34448475,0.36273726820945745,0.47467726,0.48913234,,21,"{""lr"": 0.001, ""dropout"": 0.5, ""aux_weight"": 0.0}"
724,3,4,0,0.2,0.6,0.38601094,0.36273726820945745,0.44427326,0.48350134,,21,"{""lr"": 0.001, ""dropout"": 0.5, ""aux_weight"": 0.0}"
727,3,4,0,0.4,0.1999999999999999,0.43898362,0.36273726820945745,0.46441832,0.48509663,,21,"{""lr"": 0.001, ""dropout"": 0.5, ""aux_weight"": 0.0}"
728,3,4,0,0.2,0.6,0.45770344,0.36273726820945745,0.4458887,0.49309656,,21,"{""lr"": 0.001, ""dropout"": 0.5, ""aux_weight"": 0.0}"
731,3,4,0,0.0,1.0,0.2874464,0.36273726820945745,0.40769437,0.49099648,,21,"{""lr"": 0.001, ""dropout"": 0.5, ""aux_weight"": 0.0}"
3,4,0,0,0.0,1.0,0.2966627,0.39592555522918704,0.33292314,0.37450755,,6,"{""lr"": 0.001, ""dropout"": 0.5, ""aux_weight"": 0.3}"
8,4,0,0,0.0,1.0,0.22123414,0.39592555522918704,0.170533,0.37765285,,6,"{""lr"": 0.001, ""dropout"": 0.5, ""aux_weight"": 0.3}"
10,4,0,0,0.0,1.0,0.24972449,0.39592555522918704,0.29615873,0.37048033,,6,"{""lr"": 0.001, ""dropout"": 0.5, ""aux_weight"": 0.3}"
11,4,0,1,0.6,0.1999999999999999,0.26477662,0.39592555522918704,0.21198532,0.36732987,,6,"{""lr"": 0.001, ""dropout"": 0.5, ""aux_weight"": 0.3}"
13,4,0,0,0.2,0.6,0.25257778,0.39592555522918704,0.26094985,0.3502062,,6,"{""lr"": 0.001, ""dropout"": 0.5, ""aux_weight"": 0.3}"
18,4,0,1,0.6,0.1999999999999999,0.2762037,0.39592555522918704,0.25074267,0.39969718,,6,"{""lr"": 0.001, ""dropout"": 0.5, ""aux_weight"": 0.3}"
24,4,0,0,0.0,1.0,0.2780938,0.39592555522918704,0.28702235,0.3430171,,6,"{""lr"": 0.001, ""dropout"": 0.5, ""aux_weight"": 0.3}"
25,4,0,0,0.2,0.6,0.25350788,0.39592555522918704,0.29092664,0.33096066,,6,"{""lr"": 0.001, ""dropout"": 0.5, ""aux_weight"": 0.3}"
29,4,0,0,0.2,0.6,0.32162857,0.39592555522918704,0.32270515,0.37873566,,6,"{""lr"": 0.001, ""dropout"": 0.5, ""aux_weight"": 0.3}"
30,4,0,0,0.2,0.6,0.19054982,0.39592555522918704,0.20195425,0.33535835,,6,"{""lr"": 0.001, ""dropout"": 0.5, ""aux_weight"": 0.3}"
31,4,0,0,0.1666666666666666,0.6666666666666667,0.14205182,0.39592555522918704,0.12683365,0.37343085,,6,"{""lr"": 0.001, ""dropout"": 0.5, ""aux_weight"": 0.3}"
34,4,0,0,0.1666666666666666,0.6666666666666667,0.3560586,0.39592555522918704,0.38700786,0.3757566,,6,"{""lr"": 0.001, ""dropout"": 0.5, ""aux_weight"": 0.3}"
36,4,0,0,0.2,0.6,0.18689515,0.39592555522918704,0.17849658,0.34209186,,6,"{""lr"": 0.001, ""dropout"": 0.5, ""aux_weight"": 0.3}"
44,4,0,0,0.0,1.0,0.24649173,0.39592555522918704,0.23074953,0.39901006,,6,"{""lr"": 0.001, ""dropout"": 0.5, ""aux_weight"": 0.3}"
46,4,0,0,0.4,0.1999999999999999,0.40735412,0.39592555522918704,0.43562555,0.38903248,,6,"{""lr"": 0.001, ""dropout"": 0.5, ""aux_weight"": 0.3}"
47,4,0,0,0.25,0.5,0.22288908,0.39592555522918704,0.19117412,0.37506092,,6,"{""lr"": 0.001, ""dropout"": 0.5, ""aux_weight"": 0.3}"
51,4,0,0,0.25,0.5,0.3025721,0.39592555522918704,0.3262449,0.37048033,,6,"{""lr"": 0.001, ""dropout"": 0.5, ""aux_weight"": 0.3}"
52,4,0,0,0.25,0.5,0.14827153,0.39592555522918704,0.15209052,0.36561942,,6,"{""lr"": 0.001, ""dropout"": 0.5, ""aux_weight"": 0.3}"
57,4,0,1,1.0,1.0,0.27357116,0.39592555522918704,0.27358764,0.3693902,,6,"{""lr"": 0.001, ""dropout"": 0.5, ""aux_weight"": 0.3}"
60,4,0,0,0.0,1.0,0.3590566,0.39592555522918704,0.34972876,0.34973508,,6,"{""lr"": 0.001, ""dropout"": 0.5, ""aux_weight"": 0.3}"
67,4,0,0,0.0,1.0,0.1702815,0.39592555522918704,0.16069882,0.36947078,,6,"{""lr"": 0.001, ""dropout"": 0.5, ""aux_weight"": 0.3}"
70,4,0,0,0.0,1.0,0.360058,0.39592555522918704,0.42973676,0.3300528,,6,"{""lr"": 0.001, ""dropout"": 0.5, ""aux_weight"": 0.3}"
83,4,0,0,0.25,0.5,0.4405374,0.39592555522918704,0.48985425,0.38214073,,6,"{""lr"": 0.001, ""dropout"": 0.5, ""aux_weight"": 0.3}"
90,4,0,1,0.5,0.0,0.15100968,0.39592555522918704,0.13277942,0.37617558,,6,"{""lr"": 0.001, ""dropout"": 0.5, ""aux_weight"": 0.3}"
94,4,0,0,0.25,0.5,0.28120792,0.39592555522918704,0.29405576,0.34752822,,6,"{""lr"": 0.001, ""dropout"": 0.5, ""aux_weight"": 0.3}"
110,4,0,0,0.0,1.0,0.32983547,0.39592555522918704,0.36146468,0.3000538,,6,"{""lr"": 0.001, ""dropout"": 0.5, ""aux_weight"": 0.3}"
111,4,0,0,0.1111111111111111,0.7777777777777778,0.21634182,0.39592555522918704,0.20192628,0.3551434,,6,"{""lr"": 0.001, ""dropout"": 0.5, ""aux_weight"": 0.3}"
116,4,0,0,0.0,1.0,0.26251522,0.39592555522918704,0.27200693,0.36603364,,6,"{""lr"": 0.001, ""dropout"": 0.5, ""aux_weight"": 0.3}"
121,4,0,0,0.1111111111111111,0.7777777777777778,0.29672462,0.39592555522918704,0.28646833,0.3622534,,6,"{""lr"": 0.001, ""dropout"": 0.5, ""aux_weight"": 0.3}"
124,4,0,0,0.0,1.0,0.32476506,0.39592555522918704,0.29775167,0.40756392,,6,"{""lr"": 0.001, ""dropout"": 0.5, ""aux_weight"": 0.3}"
128,4,0,0,0.1111111111111111,0.7777777777777778,0.18207462,0.39592555522918704,0.17412755,0.34496617,,6,"{""lr"": 0.001, ""dropout"": 0.5, ""aux_weight"": 0.3}"
151,4,0,0,0.0,1.0,0.3232547,0.39592555522918704,0.3266716,0.35289502,,6,"{""lr"": 0.001, ""dropout"": 0.5, ""aux_weight"": 0.3}"
159,4,0,0,0.0,1.0,0.20643657,0.39592555522918704,0.2033427,0.36869696,,6,"{""lr"": 0.001, ""dropout"": 0.5, ""aux_weight"": 0.3}"
169,4,0,0,0.0,1.0,0.28772423,0.39592555522918704,0.2979161,0.35259128,,6,"{""lr"": 0.001, ""dropout"": 0.5, ""aux_weight"": 0.3}"
182,4,0,0,0.0,1.0,0.24113384,0.39592555522918704,0.2613677,0.41251177,,6,"{""lr"": 0.001, ""dropout"": 0.5, ""aux_weight"": 0.3}"
185,4,0,0,0.25,0.5,0.253276,0.39592555522918704,0.27699527,0.32665423,,6,"{""lr"": 0.001, ""dropout"": 0.5, ""aux_weight"": 0.3}"
189,4,0,1,0.5,0.0,0.27007812,0.39592555522918704,0.30835593,0.3579443,,6,"{""lr"": 0.001, ""dropout"": 0.5, ""aux_weight"": 0.3}"
190,4,0,0,0.25,0.5,0.18374854,0.39592555522918704,0.17047453,0.35379535,,6,"{""lr"": 0.001, ""dropout"": 0.5, ""aux_weight"": 0.3}"
191,4,0,0,0.0,1.0,0.40914875,0.39592555522918704,0.4467156,0.36775398,,6,"{""lr"": 0.001, ""dropout"": 0.5, ""aux_weight"": 0.3}"
192,4,0,0,0.0,1.0,0.29927346,0.39592555522918704,0.3069511,0.37985477,,6,"{""lr"": 0.001, ""dropout"": 0.5, ""aux_weight"": 0.3}"
198,4,0,0,0.0,1.0,0.3007891,0.39592555522918704,0.31668344,0.3788948,,6,"{""lr"": 0.001, ""dropout"": 0.5, ""aux_weight"": 0.3}"
200,4,0,0,0.2,0.6,0.29443926,0.39592555522918704,0.2989741,0.40746668,,6,"{""lr"": 0.001, ""dropout"": 0.5, ""aux_weight"": 0.3}"
205,4,0,0,0.2,0.6,0.12892367,0.39592555522918704,0.10323415,0.4109125,,6,"{""lr"": 0.001, ""dropout"": 0.5, ""aux_weight"": 0.3}"
213,4,0,0,0.4,0.1999999999999999,0.30990928,0.39592555522918704,0.3274145,0.36503685,,6,"{""lr"": 0.001, ""dropout"": 0.5, ""aux_weight"": 0.3}"
226,4,0,0,0.0,1.0,0.2438708,0.39592555522918704,0.24659148,0.39698228,,6,"{""lr"": 0.001, ""dropout"": 0.5, ""aux_weight"": 0.3}"
230,4,0,0,0.2,0.6,0.29708487,0.39592555522918704,0.24790834,0.39953175,,6,"{""lr"": 0.001, ""dropout"": 0.5, ""aux_weight"": 0.3}"
233,4,0,0,0.0,1.0,0.33621818,0.39592555522918704,0.37618697,0.38312972,,6,"{""lr"": 0.001, ""dropout"": 0.5, ""aux_weight"": 0.3}"
234,4,0,0,0.25,0.5,0.34405226,0.39592555522918704,0.3648991,0.42077076,,6,"{""lr"": 0.001, ""dropout"": 0.5, ""aux_weight"": 0.3}"
236,4,0,0,0.0,1.0,0.32437918,0.39592555522918704,0.36956578,0.40742803,,6,"{""lr"": 0.001, ""dropout"": 0.5, ""aux_weight"": 0.3}"
240,4,0,0,0.2,0.6,0.20303312,0.39592555522918704,0.19295737,0.35515532,,6,"{""lr"": 0.001, ""dropout"": 0.5, ""aux_weight"": 0.3}"
241,4,0,1,0.6,0.1999999999999999,0.28548694,0.39592555522918704,0.2714915,0.40795165,,6,"{""lr"": 0.001, ""dropout"": 0.5, ""aux_weight"": 0.3}"
242,4,0,1,0.6,0.1999999999999999,0.30827415,0.39592555522918704,0.2917147,0.38342735,,6,"{""lr"": 0.001, ""dropout"": 0.5, ""aux_weight"": 0.3}"
246,4,0,0,0.4,0.1999999999999999,0.39998278,0.39592555522918704,0.41020018,0.39652333,,6,"{""lr"": 0.001, ""dropout"": 0.5, ""aux_weight"": 0.3}"
248,4,0,0,0.4,0.1999999999999999,0.2834593,0.39592555522918704,0.30839542,0.38211796,,6,"{""lr"": 0.001, ""dropout"": 0.5, ""aux_weight"": 0.3}"
252,4,0,0,0.0,1.0,0.33889556,0.39592555522918704,0.3432825,0.39004993,,6,"{""lr"": 0.001, ""dropout"": 0.5, ""aux_weight"": 0.3}"
255,4,0,0,0.25,0.5,0.16410212,0.39592555522918704,0.16416472,0.33943418,,6,"{""lr"": 0.001, ""dropout"": 0.5, ""aux_weight"": 0.3}"
273,4,0,1,0.5,0.0,0.20672676,0.39592555522918704,0.20054853,0.38332164,,6,"{""lr"": 0.001, ""dropout"": 0.5, ""aux_weight"": 0.3}"
274,4,0,1,0.5,0.0,0.48225045,0.39592555522918704,0.53322154,0.3637062,,6,"{""lr"": 0.001, ""dropout"": 0.5, ""aux_weight"": 0.3}"
278,4,0,0,0.25,0.5,0.21888715,0.39592555522918704,0.17619985,0.40587467,,6,"{""lr"": 0.001, ""dropout"": 0.5, ""aux_weight"": 0.3}"
288,4,0,1,0.75,0.5,0.22662896,0.39592555522918704,0.26648182,0.33333364,,6,"{""lr"": 0.001, ""dropout"": 0.5, ""aux_weight"": 0.3}"
311,4,0,0,0.4,0.1999999999999999,0.15293248,0.39592555522918704,0.13386333,0.37798727,,6,"{""lr"": 0.001, ""dropout"": 0.5, ""aux_weight"": 0.3}"
315,4,0,1,0.8,0.6000000000000001,0.44267923,0.39592555522918704,0.44822162,0.40678465,,6,"{""lr"": 0.001, ""dropout"": 0.5, ""aux_weight"": 0.3}"
319,4,0,0,0.2,0.6,0.3343556,0.39592555522918704,0.3398411,0.3938153,,6,"{""lr"": 0.001, ""dropout"": 0.5, ""aux_weight"": 0.3}"
320,4,0,0,0.0,1.0,0.27961475,0.39592555522918704,0.25729537,0.38927954,,6,"{""lr"": 0.001, ""dropout"": 0.5, ""aux_weight"": 0.3}"
321,4,0,1,0.6,0.1999999999999999,0.35055155,0.39592555522918704,0.29745072,0.4353243,,6,"{""lr"": 0.001, ""dropout"": 0.5, ""aux_weight"": 0.3}"
323,4,0,0,0.0,1.0,0.4003604,0.39592555522918704,0.4941541,0.35479507,,6,"{""lr"": 0.001, ""dropout"": 0.5, ""aux_weight"": 0.3}"
326,4,0,0,0.0,1.0,0.3681587,0.39592555522918704,0.40356183,0.38306734,,6,"{""lr"": 0.001, ""dropout"": 0.5, ""aux_weight"": 0.3}"
330,4,0,0,0.4,0.1999999999999999,0.31280464,0.39592555522918704,0.33078355,0.3864633,,6,"{""lr"": 0.001, ""dropout"": 0.5, ""aux_weight"": 0.3}"
339,4,0,0,0.0,1.0,0.25418115,0.39592555522918704,0.24123514,0.3913766,,6,"{""lr"": 0.001, ""dropout"": 0.5, ""aux_weight"": 0.3}"
346,4,0,1,0.6,0.1999999999999999,0.44937587,0.39592555522918704,0.49668175,0.37501135,,6,"{""lr"": 0.001, ""dropout"": 0.5, ""aux_weight"": 0.3}"
359,4,0,0,0.25,0.5,0.38105392,0.39592555522918704,0.4179043,0.35069174,,6,"{""lr"": 0.001, ""dropout"": 0.5, ""aux_weight"": 0.3}"
370,4,0,0,0.0,1.0,0.29868788,0.39592555522918704,0.28682894,0.37637904,,6,"{""lr"": 0.001, ""dropout"": 0.5, ""aux_weight"": 0.3}"
372,4,0,0,0.25,0.5,0.35724717,0.39592555522918704,0.40680164,0.37082607,,6,"{""lr"": 0.001, ""dropout"": 0.5, ""aux_weight"": 0.3}"
380,4,0,1,0.75,0.5,0.48656067,0.39592555522918704,0.55746925,0.41075826,,6,"{""lr"": 0.001, ""dropout"": 0.5, ""aux_weight"": 0.3}"
381,4,0,1,0.75,0.5,0.38523233,0.39592555522918704,0.4014528,0.4118139,,6,"{""lr"": 0.001, ""dropout"": 0.5, ""aux_weight"": 0.3}"
384,4,0,0,0.25,0.5,0.4284952,0.39592555522918704,0.4789437,0.34806,,6,"{""lr"": 0.001, ""dropout"": 0.5, ""aux_weight"": 0.3}"
395,4,0,1,0.5,0.0,0.48097962,0.39592555522918704,0.52356565,0.4025116,,6,"{""lr"": 0.001, ""dropout"": 0.5, ""aux_weight"": 0.3}"
411,4,0,0,0.2,0.6,0.53854954,0.39592555522918704,0.63007045,0.40003738,,6,"{""lr"": 0.001, ""dropout"": 0.5, ""aux_weight"": 0.3}"
416,4,0,0,0.0,1.0,0.41475695,0.39592555522918704,0.43050635,0.38971502,,6,"{""lr"": 0.001, ""dropout"": 0.5, ""aux_weight"": 0.3}"
420,4,0,0,0.0,1.0,0.26150233,0.39592555522918704,0.22985137,0.39100876,,6,"{""lr"": 0.001, ""dropout"": 0.5, ""aux_weight"": 0.3}"
422,4,0,1,0.6,0.1999999999999999,0.34919387,0.39592555522918704,0.35938823,0.39673027,,6,"{""lr"": 0.001, ""dropout"": 0.5, ""aux_weight"": 0.3}"
423,4,0,0,0.0,1.0,0.5229901,0.39592555522918704,0.5806842,0.39841628,,6,"{""lr"": 0.001, ""dropout"": 0.5, ""aux_weight"": 0.3}"
434,4,0,0,0.0,1.0,0.48080668,0.39592555522918704,0.53605187,0.39680335,,6,"{""lr"": 0.001, ""dropout"": 0.5, ""aux_weight"": 0.3}"
435,4,0,0,0.4,0.1999999999999999,0.5263388,0.39592555522918704,0.5525358,0.3942406,,6,"{""lr"": 0.001, ""dropout"": 0.5, ""aux_weight"": 0.3}"
438,4,0,0,0.1666666666666666,0.6666666666666667,0.40621638,0.39592555522918704,0.44471616,0.38125682,,6,"{""lr"": 0.001, ""dropout"": 0.5, ""aux_weight"": 0.3}"
443,4,0,0,0.0,1.0,0.33561355,0.39592555522918704,0.38651192,0.38748816,,6,"{""lr"": 0.001, ""dropout"": 0.5, ""aux_weight"": 0.3}"
452,4,0,0,0.25,0.5,0.4141823,0.39592555522918704,0.48060498,0.36035916,,6,"{""lr"": 0.001, ""dropout"": 0.5, ""aux_weight"": 0.3}"
455,4,0,0,0.0,1.0,0.20345393,0.39592555522918704,0.14792578,0.38306078,,6,"{""lr"": 0.001, ""dropout"": 0.5, ""aux_weight"": 0.3}"
456,4,0,1,0.5,0.0,0.4244643,0.39592555522918704,0.4777665,0.3919288,,6,"{""lr"": 0.001, ""dropout"": 0.5, ""aux_weight"": 0.3}"
468,4,0,0,0.25,0.5,0.357037,0.39592555522918704,0.38004628,0.39371085,,6,"{""lr"": 0.001, ""dropout"": 0.5, ""aux_weight"": 0.3}"
476,4,0,0,0.0,1.0,0.5037595,0.39592555522918704,0.52228343,0.39536598,,6,"{""lr"": 0.001, ""dropout"": 0.5, ""aux_weight"": 0.3}"
480,4,0,1,0.5,0.0,0.46048245,0.39592555522918704,0.5133406,0.39714485,,6,"{""lr"": 0.001, ""dropout"": 0.5, ""aux_weight"": 0.3}"
485,4,0,1,0.5,0.0,0.3554088,0.39592555522918704,0.42282656,0.3543638,,6,"{""lr"": 0.001, ""dropout"": 0.5, ""aux_weight"": 0.3}"
489,4,0,0,0.0,1.0,0.4720378,0.39592555522918704,0.55197144,0.37956616,,6,"{""lr"": 0.001, ""dropout"": 0.5, ""aux_weight"": 0.3}"
492,4,0,0,0.3333333333333333,0.3333333333333333,0.311925,0.39592555522918704,0.28101116,0.41411966,,6,"{""lr"": 0.001, ""dropout"": 0.5, ""aux_weight"": 0.3}"
505,4,0,1,0.5,0.0,0.42514056,0.39592555522918704,0.4319663,0.41096735,,6,"{""lr"": 0.001, ""dropout"": 0.5, ""aux_weight"": 0.3}"
506,4,0,1,0.75,0.5,0.5280975,0.39592555522918704,0.57663196,0.40297455,,6,"{""lr"": 0.001, ""dropout"": 0.5, ""aux_weight"": 0.3}"
507,4,0,1,1.0,1.0,0.48695695,0.39592555522918704,0.5160006,0.4072014,,6,"{""lr"": 0.001, ""dropout"": 0.5, ""aux_weight"": 0.3}"
510,4,0,1,0.5,0.0,0.4766114,0.39592555522918704,0.46732628,0.40920994,,6,"{""lr"": 0.001, ""dropout"": 0.5, ""aux_weight"": 0.3}"
512,4,0,1,1.0,1.0,0.52826786,0.39592555522918704,0.58724785,0.39548197,,6,"{""lr"": 0.001, ""dropout"": 0.5, ""aux_weight"": 0.3}"
515,4,0,0,0.25,0.5,0.44368795,0.39592555522918704,0.46287507,0.38501534,,6,"{""lr"": 0.001, ""dropout"": 0.5, ""aux_weight"": 0.3}"
517,4,0,0,0.25,0.5,0.4181155,0.39592555522918704,0.430062,0.38658082,,6,"{""lr"": 0.001, ""dropout"": 0.5, ""aux_weight"": 0.3}"
522,4,0,0,0.25,0.5,0.43352982,0.39592555522918704,0.47340697,0.39069468,,6,"{""lr"": 0.001, ""dropout"": 0.5, ""aux_weight"": 0.3}"
523,4,0,0,0.25,0.5,0.35265896,0.39592555522918704,0.36036992,0.37486905,,6,"{""lr"": 0.001, ""dropout"": 0.5, ""aux_weight"": 0.3}"
534,4,0,1,0.75,0.5,0.3458163,0.39592555522918704,0.364212,0.3654684,,6,"{""lr"": 0.001, ""dropout"": 0.5, ""aux_weight"": 0.3}"
536,4,0,0,0.3333333333333333,0.3333333333333333,0.4978544,0.39592555522918704,0.53184116,0.40587467,,6,"{""lr"": 0.001, ""dropout"": 0.5, ""aux_weight"": 0.3}"
542,4,0,0,0.25,0.5,0.40681905,0.39592555522918704,0.45378608,0.3853427,,6,"{""lr"": 0.001, ""dropout"": 0.5, ""aux_weight"": 0.3}"
543,4,0,1,0.5,0.0,0.4865957,0.39592555522918704,0.5181757,0.38019735,,6,"{""lr"": 0.001, ""dropout"": 0.5, ""aux_weight"": 0.3}"
553,4,0,0,0.0,1.0,0.30718026,0.39592555522918704,0.2963282,0.39164692,,6,"{""lr"": 0.001, ""dropout"": 0.5, ""aux_weight"": 0.3}"
555,4,0,0,0.3333333333333333,0.3333333333333333,0.46428245,0.39592555522918704,0.5134132,0.39210162,,6,"{""lr"": 0.001, ""dropout"": 0.5, ""aux_weight"": 0.3}"
566,4,0,0,0.1666666666666666,0.6666666666666667,0.39225885,0.39592555522918704,0.44412574,0.36257395,,6,"{""lr"": 0.001, ""dropout"": 0.5, ""aux_weight"": 0.3}"
570,4,0,1,0.6666666666666666,0.3333333333333332,0.41660982,0.39592555522918704,0.46148407,0.39587963,,6,"{""lr"": 0.001, ""dropout"": 0.5, ""aux_weight"": 0.3}"
572,4,0,1,0.8333333333333334,0.6666666666666667,0.4607736,0.39592555522918704,0.47400093,0.39389408,,6,"{""lr"": 0.001, ""dropout"": 0.5, ""aux_weight"": 0.3}"
578,4,0,1,0.5,0.0,0.4901391,0.39592555522918704,0.54053414,0.37081027,,6,"{""lr"": 0.001, ""dropout"": 0.5, ""aux_weight"": 0.3}"
579,4,0,0,0.3333333333333333,0.3333333333333333,0.5167843,0.39592555522918704,0.5973864,0.39458793,,6,"{""lr"": 0.001, ""dropout"": 0.5, ""aux_weight"": 0.3}"
586,4,0,1,0.6666666666666666,0.3333333333333332,0.46499342,0.39592555522918704,0.49982423,0.42783374,,6,"{""lr"": 0.001, ""dropout"": 0.5, ""aux_weight"": 0.3}"
591,4,0,1,0.5,0.0,0.43756738,0.39592555522918704,0.4307289,0.4158991,,6,"{""lr"": 0.001, ""dropout"": 0.5, ""aux_weight"": 0.3}"
598,4,0,0,0.3333333333333333,0.3333333333333333,0.5046687,0.39592555522918704,0.5232637,0.4275813,,6,"{""lr"": 0.001, ""dropout"": 0.5, ""aux_weight"": 0.3}"
604,4,0,1,0.75,0.5,0.49342883,0.39592555522918704,0.48319474,0.41630062,,6,"{""lr"": 0.001, ""dropout"": 0.5, ""aux_weight"": 0.3}"
613,4,0,0,0.0,1.0,0.52481943,0.39592555522918704,0.57510453,0.4022074,,6,"{""lr"": 0.001, ""dropout"": 0.5, ""aux_weight"": 0.3}"
618,4,0,0,0.0,1.0,0.47995782,0.39592555522918704,0.48375717,0.42023188,,6,"{""lr"": 0.001, ""dropout"": 0.5, ""aux_weight"": 0.3}"
623,4,0,1,0.5,0.0,0.47928643,0.39592555522918704,0.51313186,0.4184711,,6,"{""lr"": 0.001, ""dropout"": 0.5, ""aux_weight"": 0.3}"
625,4,0,0,0.0,1.0,0.44700056,0.39592555522918704,0.45716578,0.39890727,,6,"{""lr"": 0.001, ""dropout"": 0.5, ""aux_weight"": 0.3}"
635,4,0,1,0.5,0.0,0.38603586,0.39592555522918704,0.3586916,0.40263408,,6,"{""lr"": 0.001, ""dropout"": 0.5, ""aux_weight"": 0.3}"
637,4,0,1,0.5,0.0,0.4782545,0.39592555522918704,0.4836926,0.41357073,,6,"{""lr"": 0.001, ""dropout"": 0.5, ""aux_weight"": 0.3}"
639,4,0,0,0.0,1.0,0.42088464,0.39592555522918704,0.43637514,0.40254152,,6,"{""lr"": 0.001, ""dropout"": 0.5, ""aux_weight"": 0.3}"
640,4,0,1,0.75,0.5,0.5176396,0.39592555522918704,0.57368875,0.36570767,,6,"{""lr"": 0.001, ""dropout"": 0.5, ""aux_weight"": 0.3}"
641,4,0,0,0.0,1.0,0.43593982,0.39592555522918704,0.4388832,0.38318282,,6,"{""lr"": 0.001, ""dropout"": 0.5, ""aux_weight"": 0.3}"
648,4,0,1,0.5,0.0,0.34171194,0.39592555522918704,0.31285435,0.39940673,,6,"{""lr"": 0.001, ""dropout"": 0.5, ""aux_weight"": 0.3}"
661,4,0,1,0.8333333333333334,0.6666666666666667,0.5352992,0.39592555522918704,0.5621979,0.38446963,,6,"{""lr"": 0.001, ""dropout"": 0.5, ""aux_weight"": 0.3}"
662,4,0,0,0.0,1.0,0.34371126,0.39592555522918704,0.33420295,0.39179823,,6,"{""lr"": 0.001, ""dropout"": 0.5, ""aux_weight"": 0.3}"
663,4,0,0,0.3333333333333333,0.3333333333333333,0.41283256,0.39592555522918704,0.42470008,0.4015308,,6,"{""lr"": 0.001, ""dropout"": 0.5, ""aux_weight"": 0.3}"
667,4,0,0,0.3333333333333333,0.3333333333333333,0.53846896,0.39592555522918704,0.5535558,0.389765,,6,"{""lr"": 0.001, ""dropout"": 0.5, ""aux_weight"": 0.3}"
673,4,0,0,0.3333333333333333,0.3333333333333333,0.28339946,0.39592555522918704,0.19236813,0.3802453,,6,"{""lr"": 0.001, ""dropout"": 0.5, ""aux_weight"": 0.3}"
679,4,0,0,0.4,0.1999999999999999,0.24977371,0.39592555522918704,0.20405611,0.38070118,,6,"{""lr"": 0.001, ""dropout"": 0.5, ""aux_weight"": 0.3}"
683,4,0,1,0.8333333333333334,0.6666666666666667,0.5278233,0.39592555522918704,0.5215324,0.43321675,,6,"{""lr"": 0.001, ""dropout"": 0.5, ""aux_weight"": 0.3}"
685,4,0,0,0.0,1.0,0.38387242,0.39592555522918704,0.3765099,0.40887153,,6,"{""lr"": 0.001, ""dropout"": 0.5, ""aux_weight"": 0.3}"
686,4,0,0,0.0,1.0,0.4832456,0.39592555522918704,0.51071215,0.43205607,,6,"{""lr"": 0.001, ""dropout"": 0.5, ""aux_weight"": 0.3}"
689,4,0,0,0.0,1.0,0.27118224,0.39592555522918704,0.22319831,0.379683,,6,"{""lr"": 0.001, ""dropout"": 0.5, ""aux_weight"": 0.3}"
699,4,0,0,0.1666666666666666,0.6666666666666667,0.51527494,0.39592555522918704,0.56158423,0.4232591,,6,"{""lr"": 0.001, ""dropout"": 0.5, ""aux_weight"": 0.3}"
702,4,0,0,0.1666666666666666,0.6666666666666667,0.4926812,0.39592555522918704,0.47654077,0.43205607,,6,"{""lr"": 0.001, ""dropout"": 0.5, ""aux_weight"": 0.3}"
703,4,0,0,0.0,1.0,0.4521303,0.39592555522918704,0.5041276,0.34617302,,6,"{""lr"": 0.001, ""dropout"": 0.5, ""aux_weight"": 0.3}"
705,4,0,1,0.5,0.0,0.2748679,0.39592555522918704,0.24534898,0.39428148,,6,"{""lr"": 0.001, ""dropout"": 0.5, ""aux_weight"": 0.3}"
727,4,0,0,0.4,0.1999999999999999,0.3478735,0.39592555522918704,0.3727922,0.4008515,,6,"{""lr"": 0.001, ""dropout"": 0.5, ""aux_weight"": 0.3}"
732,4,0,0,0.0,1.0,0.3231058,0.39592555522918704,0.2819997,0.38070118,,6,"{""lr"": 0.001, ""dropout"": 0.5, ""aux_weight"": 0.3}"
740,4,0,0,0.1666666666666666,0.6666666666666667,0.3202966,0.39592555522918704,0.336506,0.40719962,,6,"{""lr"": 0.001, ""dropout"": 0.5, ""aux_weight"": 0.3}"
742,4,0,1,0.5,0.0,0.4359321,0.39592555522918704,0.44550678,0.39714485,,6,"{""lr"": 0.001, ""dropout"": 0.5, ""aux_weight"": 0.3}"
1,4,1,0,0.3333333333333333,0.3333333333333333,0.37628368,0.4027126753330231,0.5180559,0.50836504,,7,"{""lr"": 0.0003, ""dropout"": 0.3, ""aux_weight"": 0.0}"
21,4,1,0,0.2,0.6,0.2947534,0.4027126753330231,0.5063927,0.501011,,7,"{""lr"": 0.0003, ""dropout"": 0.3, ""aux_weight"": 0.0}"
28,4,1,0,0.2,0.6,0.3062008,0.4027126753330231,0.5643271,0.5079107,,7,"{""lr"": 0.0003, ""dropout"": 0.3, ""aux_weight"": 0.0}"
38,4,1,0,0.0,1.0,0.45661253,0.4027126753330231,0.5248908,0.5148007,,7,"{""lr"": 0.0003, ""dropout"": 0.3, ""aux_weight"": 0.0}"
41,4,1,0,0.2,0.6,0.2928483,0.4027126753330231,0.5307363,0.5095462,,7,"{""lr"": 0.0003, ""dropout"": 0.3, ""aux_weight"": 0.0}"
43,4,1,0,0.2,0.6,0.41535974,0.4027126753330231,0.49172878,0.5165151,,7,"{""lr"": 0.0003, ""dropout"": 0.3, ""aux_weight"": 0.0}"
45,4,1,0,0.0,1.0,0.41265434,0.4027126753330231,0.46668705,0.51732486,,7,"{""lr"": 0.0003, ""dropout"": 0.3, ""aux_weight"": 0.0}"
54,4,1,0,0.25,0.5,0.31415445,0.4027126753330231,0.5837116,0.51907545,,7,"{""lr"": 0.0003, ""dropout"": 0.3, ""aux_weight"": 0.0}"
59,4,1,0,0.25,0.5,0.23210889,0.4027126753330231,0.44420317,0.5206202,,7,"{""lr"": 0.0003, ""dropout"": 0.3, ""aux_weight"": 0.0}"
61,4,1,0,0.2,0.6,0.29886645,0.4027126753330231,0.5165452,0.5186523,,7,"{""lr"": 0.0003, ""dropout"": 0.3, ""aux_weight"": 0.0}"
65,4,1,0,0.25,0.5,0.19427651,0.4027126753330231,0.48605973,0.5144401,,7,"{""lr"": 0.0003, ""dropout"": 0.3, ""aux_weight"": 0.0}"
66,4,1,0,0.0,1.0,0.33722723,0.4027126753330231,0.44073486,0.5165544,,7,"{""lr"": 0.0003, ""dropout"": 0.3, ""aux_weight"": 0.0}"
72,4,1,0,0.25,0.5,0.23426431,0.4027126753330231,0.535237,0.51851416,,7,"{""lr"": 0.0003, ""dropout"": 0.3, ""aux_weight"": 0.0}"
81,4,1,0,0.0,1.0,0.14580637,0.4027126753330231,0.47047597,0.51213616,,7,"{""lr"": 0.0003, ""dropout"": 0.3, ""aux_weight"": 0.0}"
87,4,1,0,0.0,1.0,0.34199536,0.4027126753330231,0.500813,0.514217,,7,"{""lr"": 0.0003, ""dropout"": 0.3, ""aux_weight"": 0.0}"
91,4,1,0,0.25,0.5,0.22397068,0.4027126753330231,0.4746508,0.51477903,,7,"{""lr"": 0.0003, ""dropout"": 0.3, ""aux_weight"": 0.0}"
93,4,1,0,0.0,1.0,0.269203,0.4027126753330231,0.46884647,0.5173371,,7,"{""lr"": 0.0003, ""dropout"": 0.3, ""aux_weight"": 0.0}"
95,4,1,0,0.25,0.5,0.14714676,0.4027126753330231,0.48337913,0.5163328,,7,"{""lr"": 0.0003, ""dropout"": 0.3, ""aux_weight"": 0.0}"
102,4,1,0,0.0,1.0,0.31334543,0.4027126753330231,0.51778704,0.5222899,,7,"{""lr"": 0.0003, ""dropout"": 0.3, ""aux_weight"": 0.0}"
107,4,1,0,0.1111111111111111,0.7777777777777778,0.37575915,0.4027126753330231,0.46361566,0.5169171,,7,"{""lr"": 0.0003, ""dropout"": 0.3, ""aux_weight"": 0.0}"
118,4,1,0,0.0,1.0,0.33771092,0.4027126753330231,0.44818294,0.5074843,,7,"{""lr"": 0.0003, ""dropout"": 0.3, ""aux_weight"": 0.0}"
127,4,1,1,0.6666666666666666,0.3333333333333332,0.46181136,0.4027126753330231,0.42652613,0.50886947,,7,"{""lr"": 0.0003, ""dropout"": 0.3, ""aux_weight"": 0.0}"
129,4,1,0,0.2,0.6,0.3211549,0.4027126753330231,0.4946555,0.5085663,,7,"{""lr"": 0.0003, ""dropout"": 0.3, ""aux_weight"": 0.0}"
131,4,1,0,0.0,1.0,0.25943863,0.4027126753330231,0.5492878,0.5224153,,7,"{""lr"": 0.0003, ""dropout"": 0.3, ""aux_weight"": 0.0}"
139,4,1,0,0.0,1.0,0.3949442,0.4027126753330231,0.49605173,0.5118693,,7,"{""lr"": 0.0003, ""dropout"": 0.3, ""aux_weight"": 0.0}"
140,4,1,0,0.2222222222222222,0.5555555555555556,0.28773195,0.4027126753330231,0.44530463,0.51592886,,7,"{""lr"": 0.0003, ""dropout"": 0.3, ""aux_weight"": 0.0}"
143,4,1,1,0.5555555555555556,0.1111111111111111,0.4755448,0.4027126753330231,0.4844904,0.51819193,,7,"{""lr"": 0.0003, ""dropout"": 0.3, ""aux_weight"": 0.0}"
145,4,1,0,0.4444444444444444,0.1111111111111111,0.18370824,0.4027126753330231,0.47685298,0.5186834,,7,"{""lr"": 0.0003, ""dropout"": 0.3, ""aux_weight"": 0.0}"
156,4,1,0,0.25,0.5,0.36836752,0.4027126753330231,0.47826472,0.52017784,,7,"{""lr"": 0.0003, ""dropout"": 0.3, ""aux_weight"": 0.0}"
171,4,1,0,0.25,0.5,0.32929057,0.4027126753330231,0.4627924,0.5182498,,7,"{""lr"": 0.0003, ""dropout"": 0.3, ""aux_weight"": 0.0}"
172,4,1,0,0.0,1.0,0.13871261,0.4027126753330231,0.587276,0.5092561,,7,"{""lr"": 0.0003, ""dropout"": 0.3, ""aux_weight"": 0.0}"
173,4,1,0,0.25,0.5,0.3347668,0.4027126753330231,0.46224993,0.5095713,,7,"{""lr"": 0.0003, ""dropout"": 0.3, ""aux_weight"": 0.0}"
179,4,1,0,0.25,0.5,0.31381857,0.4027126753330231,0.43606707,0.517768,,7,"{""lr"": 0.0003, ""dropout"": 0.3, ""aux_weight"": 0.0}"
183,4,1,0,0.0,1.0,0.36080888,0.4027126753330231,0.4358943,0.51295894,,7,"{""lr"": 0.0003, ""dropout"": 0.3, ""aux_weight"": 0.0}"
187,4,1,0,0.0,1.0,0.32184738,0.4027126753330231,0.5023184,0.51043624,,7,"{""lr"": 0.0003, ""dropout"": 0.3, ""aux_weight"": 0.0}"
188,4,1,0,0.0,1.0,0.32667553,0.4027126753330231,0.40875414,0.51274544,,7,"{""lr"": 0.0003, ""dropout"": 0.3, ""aux_weight"": 0.0}"
194,4,1,0,0.0,1.0,0.3722838,0.4027126753330231,0.5030972,0.51166064,,7,"{""lr"": 0.0003, ""dropout"": 0.3, ""aux_weight"": 0.0}"
195,4,1,0,0.0,1.0,0.38848847,0.4027126753330231,0.4517671,0.5147797,,7,"{""lr"": 0.0003, ""dropout"": 0.3, ""aux_weight"": 0.0}"
203,4,1,0,0.2,0.6,0.13985203,0.4027126753330231,0.4777856,0.5170095,,7,"{""lr"": 0.0003, ""dropout"": 0.3, ""aux_weight"": 0.0}"
204,4,1,0,0.4,0.1999999999999999,0.30674297,0.4027126753330231,0.4399041,0.51673794,,7,"{""lr"": 0.0003, ""dropout"": 0.3, ""aux_weight"": 0.0}"
206,4,1,1,0.5,0.0,0.28527635,0.4027126753330231,0.46957263,0.51972497,,7,"{""lr"": 0.0003, ""dropout"": 0.3, ""aux_weight"": 0.0}"
211,4,1,1,0.6,0.1999999999999999,0.44751278,0.4027126753330231,0.46827424,0.5155377,,7,"{""lr"": 0.0003, ""dropout"": 0.3, ""aux_weight"": 0.0}"
214,4,1,0,0.2,0.6,0.26100123,0.4027126753330231,0.56892085,0.513606,,7,"{""lr"": 0.0003, ""dropout"": 0.3, ""aux_weight"": 0.0}"
215,4,1,0,0.2,0.6,0.21582678,0.4027126753330231,0.462342,0.50826883,,7,"{""lr"": 0.0003, ""dropout"": 0.3, ""aux_weight"": 0.0}"
217,4,1,0,0.0,1.0,0.1983817,0.4027126753330231,0.50187683,0.51425284,,7,"{""lr"": 0.0003, ""dropout"": 0.3, ""aux_weight"": 0.0}"
219,4,1,0,0.0,1.0,0.19762269,0.4027126753330231,0.4968757,0.52146494,,7,"{""lr"": 0.0003, ""dropout"": 0.3, ""aux_weight"": 0.0}"
220,4,1,0,0.4,0.1999999999999999,0.1588231,0.4027126753330231,0.46757442,0.5133864,,7,"{""lr"": 0.0003, ""dropout"": 0.3, ""aux_weight"": 0.0}"
221,4,1,1,0.8,0.6000000000000001,0.20813671,0.4027126753330231,0.51338196,0.5102908,,7,"{""lr"": 0.0003, ""dropout"": 0.3, ""aux_weight"": 0.0}"
231,4,1,1,0.5,0.0,0.3455516,0.4027126753330231,0.41472113,0.51958007,,7,"{""lr"": 0.0003, ""dropout"": 0.3, ""aux_weight"": 0.0}"
237,4,1,0,0.4,0.1999999999999999,0.28704563,0.4027126753330231,0.50267375,0.5153866,,7,"{""lr"": 0.0003, ""dropout"": 0.3, ""aux_weight"": 0.0}"
244,4,1,1,0.6,0.1999999999999999,0.5219474,0.4027126753330231,0.38438374,0.50992817,,7,"{""lr"": 0.0003, ""dropout"": 0.3, ""aux_weight"": 0.0}"
247,4,1,0,0.2,0.6,0.25685632,0.4027126753330231,0.55300283,0.5153422,,7,"{""lr"": 0.0003, ""dropout"": 0.3, ""aux_weight"": 0.0}"
249,4,1,1,0.6,0.1999999999999999,0.30186355,0.4027126753330231,0.45995986,0.5121795,,7,"{""lr"": 0.0003, ""dropout"": 0.3, ""aux_weight"": 0.0}"
259,4,1,0,0.0,1.0,0.35989857,0.4027126753330231,0.44107682,0.520341,,7,"{""lr"": 0.0003, ""dropout"": 0.3, ""aux_weight"": 0.0}"
272,4,1,1,0.5,0.0,0.43783063,0.4027126753330231,0.46893862,0.50955033,,7,"{""lr"": 0.0003, ""dropout"": 0.3, ""aux_weight"": 0.0}"
277,4,1,1,0.5,0.0,0.40760788,0.4027126753330231,0.49245742,0.5217452,,7,"{""lr"": 0.0003, ""dropout"": 0.3, ""aux_weight"": 0.0}"
295,4,1,0,0.0,1.0,0.17641416,0.4027126753330231,0.50904375,0.514391,,7,"{""lr"": 0.0003, ""dropout"": 0.3, ""aux_weight"": 0.0}"
310,4,1,0,0.2,0.6,0.3310941,0.4027126753330231,0.48418003,0.51426405,,7,"{""lr"": 0.0003, ""dropout"": 0.3, ""aux_weight"": 0.0}"
313,4,1,0,0.0,1.0,0.2392385,0.4027126753330231,0.51618254,0.5179741,,7,"{""lr"": 0.0003, ""dropout"": 0.3, ""aux_weight"": 0.0}"
322,4,1,1,0.6,0.1999999999999999,0.44075543,0.4027126753330231,0.49864924,0.51587063,,7,"{""lr"": 0.0003, ""dropout"": 0.3, ""aux_weight"": 0.0}"
327,4,1,0,0.0,1.0,0.44013396,0.4027126753330231,0.47785056,0.5138659,,7,"{""lr"": 0.0003, ""dropout"": 0.3, ""aux_weight"": 0.0}"
329,4,1,0,0.0,1.0,0.2325101,0.4027126753330231,0.47782516,0.5178154,,7,"{""lr"": 0.0003, ""dropout"": 0.3, ""aux_weight"": 0.0}"
342,4,1,0,0.2,0.6,0.4105367,0.4027126753330231,0.5612913,0.51210886,,7,"{""lr"": 0.0003, ""dropout"": 0.3, ""aux_weight"": 0.0}"
345,4,1,0,0.0,1.0,0.19165997,0.4027126753330231,0.39663878,0.5176543,,7,"{""lr"": 0.0003, ""dropout"": 0.3, ""aux_weight"": 0.0}"
348,4,1,0,0.4,0.1999999999999999,0.55880845,0.4027126753330231,0.41213608,0.51846117,,7,"{""lr"": 0.0003, ""dropout"": 0.3, ""aux_weight"": 0.0}"
349,4,1,0,0.0,1.0,0.16784024,0.4027126753330231,0.43817028,0.5176543,,7,"{""lr"": 0.0003, ""dropout"": 0.3, ""aux_weight"": 0.0}"
351,4,1,0,0.0,1.0,0.3784555,0.4027126753330231,0.5487643,0.5123656,,7,"{""lr"": 0.0003, ""dropout"": 0.3, ""aux_weight"": 0.0}"
352,4,1,0,0.25,0.5,0.3294899,0.4027126753330231,0.4441439,0.51758343,,7,"{""lr"": 0.0003, ""dropout"": 0.3, ""aux_weight"": 0.0}"
354,4,1,0,0.25,0.5,0.40351158,0.4027126753330231,0.47997594,0.51482177,,7,"{""lr"": 0.0003, ""dropout"": 0.3, ""aux_weight"": 0.0}"
367,4,1,0,0.25,0.5,0.46919596,0.4027126753330231,0.501053,0.51787573,,7,"{""lr"": 0.0003, ""dropout"": 0.3, ""aux_weight"": 0.0}"
374,4,1,1,0.5,0.0,0.45730764,0.4027126753330231,0.49064893,0.51273286,,7,"{""lr"": 0.0003, ""dropout"": 0.3, ""aux_weight"": 0.0}"
376,4,1,1,0.5,0.0,0.47021663,0.4027126753330231,0.46226668,0.5077971,,7,"{""lr"": 0.0003, ""dropout"": 0.3, ""aux_weight"": 0.0}"
377,4,1,0,0.25,0.5,0.46019316,0.4027126753330231,0.51554084,0.51323503,,7,"{""lr"": 0.0003, ""dropout"": 0.3, ""aux_weight"": 0.0}"
379,4,1,1,0.75,0.5,0.508633,0.4027126753330231,0.46107072,0.5134539,,7,"{""lr"": 0.0003, ""dropout"": 0.3, ""aux_weight"": 0.0}"
387,4,1,0,0.0,1.0,0.20622897,0.4027126753330231,0.4443189,0.5168134,,7,"{""lr"": 0.0003, ""dropout"": 0.3, ""aux_weight"": 0.0}"
389,4,1,0,0.25,0.5,0.42165712,0.4027126753330231,0.45892653,0.51353055,,7,"{""lr"": 0.0003, ""dropout"": 0.3, ""aux_weight"": 0.0}"
391,4,1,0,0.0,1.0,0.180886,0.4027126753330231,0.47651583,0.51732486,,7,"{""lr"": 0.0003, ""dropout"": 0.3, ""aux_weight"": 0.0}"
392,4,1,1,0.5,0.0,0.49263346,0.4027126753330231,0.41673452,0.5164196,,7,"{""lr"": 0.0003, ""dropout"": 0.3, ""aux_weight"": 0.0}"
398,4,1,0,0.25,0.5,0.46847403,0.4027126753330231,0.39136457,0.5192485,,7,"{""lr"": 0.0003, ""dropout"": 0.3, ""aux_weight"": 0.0}"
402,4,1,1,0.6,0.1999999999999999,0.4058444,0.4027126753330231,0.40562928,0.5123156,,7,"{""lr"": 0.0003, ""dropout"": 0.3, ""aux_weight"": 0.0}"
404,4,1,1,0.6,0.1999999999999999,0.5489503,0.4027126753330231,0.45345277,0.5145795,,7,"{""lr"": 0.0003, ""dropout"": 0.3, ""aux_weight"": 0.0}"
405,4,1,0,0.0,1.0,0.55373156,0.4027126753330231,0.4920966,0.519113,,7,"{""lr"": 0.0003, ""dropout"": 0.3, ""aux_weight"": 0.0}"
406,4,1,1,0.6,0.1999999999999999,0.41046932,0.4027126753330231,0.45834696,0.5143694,,7,"{""lr"": 0.0003, ""dropout"": 0.3, ""aux_weight"": 0.0}"
407,4,1,0,0.2,0.6,0.5253124,0.4027126753330231,0.43281645,0.5122416,,7,"{""lr"": 0.0003, ""dropout"": 0.3, ""aux_weight"": 0.0}"
424,4,1,1,0.6,0.1999999999999999,0.49402446,0.4027126753330231,0.49964994,0.51262504,,7,"{""lr"": 0.0003, ""dropout"": 0.3, ""aux_weight"": 0.0}"
426,4,1,1,0.8,0.6000000000000001,0.5316614,0.4027126753330231,0.38389802,0.519753,,7,"{""lr"": 0.0003, ""dropout"": 0.3, ""aux_weight"": 0.0}"
436,4,1,0,0.4,0.1999999999999999,0.51489645,0.4027126753330231,0.46049005,0.5116661,,7,"{""lr"": 0.0003, ""dropout"": 0.3, ""aux_weight"": 0.0}"
440,4,1,0,0.0,1.0,0.59084535,0.4027126753330231,0.364431,0.51598465,,7,"{""lr"": 0.0003, ""dropout"": 0.3, ""aux_weight"": 0.0}"
441,4,1,0,0.2,0.6,0.5477619,0.4027126753330231,0.41539478,0.5104199,,7,"{""lr"": 0.0003, ""dropout"": 0.3, ""aux_weight"": 0.0}"
449,4,1,0,0.4,0.1999999999999999,0.39411795,0.4027126753330231,0.49823773,0.51582247,,7,"{""lr"": 0.0003, ""dropout"": 0.3, ""aux_weight"": 0.0}"
450,4,1,0,0.2,0.6,0.4889188,0.4027126753330231,0.50199014,0.5103568,,7,"{""lr"": 0.0003, ""dropout"": 0.3, ""aux_weight"": 0.0}"
453,4,1,0,0.25,0.5,0.40574107,0.4027126753330231,0.4917411,0.5163187,,7,"{""lr"": 0.0003, ""dropout"": 0.3, ""aux_weight"": 0.0}"
457,4,1,1,0.5,0.0,0.53709006,0.4027126753330231,0.39937052,0.5148007,,7,"{""lr"": 0.0003, ""dropout"": 0.3, ""aux_weight"": 0.0}"
460,4,1,0,0.0,1.0,0.3720852,0.4027126753330231,0.45582694,0.51832277,,7,"{""lr"": 0.0003, ""dropout"": 0.3, ""aux_weight"": 0.0}"
463,4,1,0,0.25,0.5,0.47029138,0.4027126753330231,0.44734925,0.5107505,,7,"{""lr"": 0.0003, ""dropout"": 0.3, ""aux_weight"": 0.0}"
464,4,1,0,0.0,1.0,0.6169808,0.4027126753330231,0.42036408,0.5151066,,7,"{""lr"": 0.0003, ""dropout"": 0.3, ""aux_weight"": 0.0}"
465,4,1,1,0.5,0.0,0.5786486,0.4027126753330231,0.5007582,0.50861245,,7,"{""lr"": 0.0003, ""dropout"": 0.3, ""aux_weight"": 0.0}"
466,4,1,1,0.5,0.0,0.47325876,0.4027126753330231,0.45181555,0.5130303,,7,"{""lr"": 0.0003, ""dropout"": 0.3, ""aux_weight"": 0.0}"
472,4,1,0,0.25,0.5,0.4535562,0.4027126753330231,0.44244665,0.5196165,,7,"{""lr"": 0.0003, ""dropout"": 0.3, ""aux_weight"": 0.0}"
473,4,1,0,0.25,0.5,0.49481645,0.4027126753330231,0.47150153,0.51889056,,7,"{""lr"": 0.0003, ""dropout"": 0.3, ""aux_weight"": 0.0}"
474,4,1,0,0.0,1.0,0.42545438,0.4027126753330231,0.50325966,0.5130126,,7,"{""lr"": 0.0003, ""dropout"": 0.3, ""aux_weight"": 0.0}"
494,4,1,1,0.8,0.6000000000000001,0.52851576,0.4027126753330231,0.50772667,0.5132499,,7,"{""lr"": 0.0003, ""dropout"": 0.3, ""aux_weight"": 0.0}"
519,4,1,0,0.0,1.0,0.43088043,0.4027126753330231,0.43816394,0.51911104,,7,"{""lr"": 0.0003, ""dropout"": 0.3, ""aux_weight"": 0.0}"
520,4,1,1,0.5,0.0,0.46502167,0.4027126753330231,0.49320355,0.5126395,,7,"{""lr"": 0.0003, ""dropout"": 0.3, ""aux_weight"": 0.0}"
528,4,1,0,0.0,1.0,0.26128346,0.4027126753330231,0.5101377,0.51732486,,7,"{""lr"": 0.0003, ""dropout"": 0.3, ""aux_weight"": 0.0}"
533,4,1,0,0.0,1.0,0.3132195,0.4027126753330231,0.49950066,0.51646155,,7,"{""lr"": 0.0003, ""dropout"": 0.3, ""aux_weight"": 0.0}"
535,4,1,0,0.25,0.5,0.4999175,0.4027126753330231,0.4320991,0.51811796,,7,"{""lr"": 0.0003, ""dropout"": 0.3, ""aux_weight"": 0.0}"
537,4,1,0,0.25,0.5,0.4682346,0.4027126753330231,0.5393118,0.5163615,,7,"{""lr"": 0.0003, ""dropout"": 0.3, ""aux_weight"": 0.0}"
539,4,1,0,0.25,0.5,0.4720037,0.4027126753330231,0.4331357,0.5137923,,7,"{""lr"": 0.0003, ""dropout"": 0.3, ""aux_weight"": 0.0}"
540,4,1,0,0.25,0.5,0.5875427,0.4027126753330231,0.40699413,0.50933915,,7,"{""lr"": 0.0003, ""dropout"": 0.3, ""aux_weight"": 0.0}"
547,4,1,1,0.5,0.0,0.35542202,0.4027126753330231,0.495817,0.5156946,,7,"{""lr"": 0.0003, ""dropout"": 0.3, ""aux_weight"": 0.0}"
548,4,1,1,0.5,0.0,0.39564794,0.4027126753330231,0.4623319,0.51732486,,7,"{""lr"": 0.0003, ""dropout"": 0.3, ""aux_weight"": 0.0}"
558,4,1,1,0.5,0.0,0.4955125,0.4027126753330231,0.49134868,0.5179741,,7,"{""lr"": 0.0003, ""dropout"": 0.3, ""aux_weight"": 0.0}"
560,4,1,0,0.1666666666666666,0.6666666666666667,0.4344753,0.4027126753330231,0.40866238,0.51599216,,7,"{""lr"": 0.0003, ""dropout"": 0.3, ""aux_weight"": 0.0}"
568,4,1,1,1.0,1.0,0.42786896,0.4027126753330231,0.44964945,0.51505774,,7,"{""lr"": 0.0003, ""dropout"": 0.3, ""aux_weight"": 0.0}"
571,4,1,1,0.5,0.0,0.46969372,0.4027126753330231,0.44305068,0.5149986,,7,"{""lr"": 0.0003, ""dropout"": 0.3, ""aux_weight"": 0.0}"
577,4,1,0,0.1666666666666666,0.6666666666666667,0.43874675,0.4027126753330231,0.4529118,0.5122015,,7,"{""lr"": 0.0003, ""dropout"": 0.3, ""aux_weight"": 0.0}"
592,4,1,1,0.6,0.1999999999999999,0.48411846,0.4027126753330231,0.5199553,0.51528347,,7,"{""lr"": 0.0003, ""dropout"": 0.3, ""aux_weight"": 0.0}"
608,4,1,0,0.0,1.0,0.5159566,0.4027126753330231,0.54148936,0.5051008,,7,"{""lr"": 0.0003, ""dropout"": 0.3, ""aux_weight"": 0.0}"
610,4,1,0,0.25,0.5,0.45618242,0.4027126753330231,0.47316134,0.5179405,,7,"{""lr"": 0.0003, ""dropout"": 0.3, ""aux_weight"": 0.0}"
617,4,1,1,0.5,0.0,0.42459875,0.4027126753330231,0.415148,0.51206344,,7,"{""lr"": 0.0003, ""dropout"": 0.3, ""aux_weight"": 0.0}"
620,4,1,1,0.75,0.5,0.50311714,0.4027126753330231,0.3948828,0.5126782,,7,"{""lr"": 0.0003, ""dropout"": 0.3, ""aux_weight"": 0.0}"
621,4,1,1,0.5,0.0,0.46380374,0.4027126753330231,0.4759066,0.51681304,,7,"{""lr"": 0.0003, ""dropout"": 0.3, ""aux_weight"": 0.0}"
629,4,1,1,0.5,0.0,0.61081356,0.4027126753330231,0.4445154,0.5124743,,7,"{""lr"": 0.0003, ""dropout"": 0.3, ""aux_weight"": 0.0}"
632,4,1,1,0.5,0.0,0.35840088,0.4027126753330231,0.51341784,0.51484054,,7,"{""lr"": 0.0003, ""dropout"": 0.3, ""aux_weight"": 0.0}"
636,4,1,0,0.0,1.0,0.37623584,0.4027126753330231,0.40898752,0.5164713,,7,"{""lr"": 0.0003, ""dropout"": 0.3, ""aux_weight"": 0.0}"
647,4,1,1,0.5,0.0,0.43877524,0.4027126753330231,0.47622132,0.515616,,7,"{""lr"": 0.0003, ""dropout"": 0.3, ""aux_weight"": 0.0}"
649,4,1,1,0.5,0.0,0.48502293,0.4027126753330231,0.51003903,0.5150144,,7,"{""lr"": 0.0003, ""dropout"": 0.3, ""aux_weight"": 0.0}"
656,4,1,1,0.6666666666666666,0.3333333333333332,0.53624713,0.4027126753330231,0.46288756,0.5179951,,7,"{""lr"": 0.0003, ""dropout"": 0.3, ""aux_weight"": 0.0}"
669,4,1,0,0.3333333333333333,0.3333333333333333,0.426692,0.4027126753330231,0.41450164,0.5144386,,7,"{""lr"": 0.0003, ""dropout"": 0.3, ""aux_weight"": 0.0}"
680,4,1,0,0.0,1.0,0.22488704,0.4027126753330231,0.46337962,0.5115049,,7,"{""lr"": 0.0003, ""dropout"": 0.3, ""aux_weight"": 0.0}"
681,4,1,0,0.1666666666666666,0.6666666666666667,0.46729374,0.4027126753330231,0.42912105,0.5097619,,7,"{""lr"": 0.0003, ""dropout"": 0.3, ""aux_weight"": 0.0}"
682,4,1,0,0.1666666666666666,0.6666666666666667,0.35262015,0.4027126753330231,0.45967793,0.51325655,,7,"{""lr"": 0.0003, ""dropout"": 0.3, ""aux_weight"": 0.0}"
690,4,1,0,0.0,1.0,0.3855881,0.4027126753330231,0.4413973,0.50823945,,7,"{""lr"": 0.0003, ""dropout"": 0.3, ""aux_weight"": 0.0}"
692,4,1,0,0.0,1.0,0.31075507,0.4027126753330231,0.46480757,0.50492764,,7,"{""lr"": 0.0003, ""dropout"": 0.3, ""aux_weight"": 0.0}"
694,4,1,0,0.3333333333333333,0.3333333333333333,0.48357725,0.4027126753330231,0.43752086,0.51811355,,7,"{""lr"": 0.0003, ""dropout"": 0.3, ""aux_weight"": 0.0}"
695,4,1,0,0.3333333333333333,0.3333333333333333,0.5290934,0.4027126753330231,0.46210918,0.50987995,,7,"{""lr"": 0.0003, ""dropout"": 0.3, ""aux_weight"": 0.0}"
698,4,1,1,0.5,0.0,0.51987886,0.4027126753330231,0.52960265,0.51662636,,7,"{""lr"": 0.0003, ""dropout"": 0.3, ""aux_weight"": 0.0}"
701,4,1,0,0.1666666666666666,0.6666666666666667,0.5877509,0.4027126753330231,0.42334375,0.511522,,7,"{""lr"": 0.0003, ""dropout"": 0.3, ""aux_weight"": 0.0}"
715,4,1,1,0.5,0.0,0.28350604,0.4027126753330231,0.44708195,0.5096204,,7,"{""lr"": 0.0003, ""dropout"": 0.3, ""aux_weight"": 0.0}"
716,4,1,1,0.6666666666666666,0.3333333333333332,0.33843315,0.4027126753330231,0.42898852,0.51166,,7,"{""lr"": 0.0003, ""dropout"": 0.3, ""aux_weight"": 0.0}"
718,4,1,0,0.1666666666666666,0.6666666666666667,0.3340596,0.4027126753330231,0.4372794,0.5153884,,7,"{""lr"": 0.0003, ""dropout"": 0.3, ""aux_weight"": 0.0}"
721,4,1,0,0.3333333333333333,0.3333333333333333,0.3253696,0.4027126753330231,0.5362036,0.5162986,,7,"{""lr"": 0.0003, ""dropout"": 0.3, ""aux_weight"": 0.0}"
724,4,1,0,0.2,0.6,0.31687796,0.4027126753330231,0.50054884,0.5171629,,7,"{""lr"": 0.0003, ""dropout"": 0.3, ""aux_weight"": 0.0}"
728,4,1,0,0.2,0.6,0.3944081,0.4027126753330231,0.41895437,0.5154533,,7,"{""lr"": 0.0003, ""dropout"": 0.3, ""aux_weight"": 0.0}"
733,4,1,0,0.1666666666666666,0.6666666666666667,0.32628775,0.4027126753330231,0.4412976,0.520165,,7,"{""lr"": 0.0003, ""dropout"": 0.3, ""aux_weight"": 0.0}"
739,4,1,0,0.3333333333333333,0.3333333333333333,0.27285504,0.4027126753330231,0.44752544,0.5110529,,7,"{""lr"": 0.0003, ""dropout"": 0.3, ""aux_weight"": 0.0}"
6,4,2,0,0.2,0.6,0.27327156,0.3335841962695122,0.42325246,0.49729142,,24,"{""lr"": 0.001, ""dropout"": 0.5, ""aux_weight"": 0.0}"
7,4,2,1,0.6,0.1999999999999999,0.46435526,0.3335841962695122,0.50726587,0.4933484,,24,"{""lr"": 0.001, ""dropout"": 0.5, ""aux_weight"": 0.0}"
26,4,2,1,0.8,0.6000000000000001,0.33469886,0.3335841962695122,0.41804788,0.4928682,,24,"{""lr"": 0.001, ""dropout"": 0.5, ""aux_weight"": 0.0}"
37,4,2,0,0.2,0.6,0.12563817,0.3335841962695122,0.45030856,0.49718797,,24,"{""lr"": 0.001, ""dropout"": 0.5, ""aux_weight"": 0.0}"
39,4,2,0,0.0,1.0,0.27870047,0.3335841962695122,0.4378242,0.49510503,,24,"{""lr"": 0.001, ""dropout"": 0.5, ""aux_weight"": 0.0}"
42,4,2,0,0.0,1.0,0.19299656,0.3335841962695122,0.4806033,0.50153035,,24,"{""lr"": 0.001, ""dropout"": 0.5, ""aux_weight"": 0.0}"
48,4,2,1,0.6,0.1999999999999999,0.2560191,0.3335841962695122,0.4438573,0.502743,,24,"{""lr"": 0.001, ""dropout"": 0.5, ""aux_weight"": 0.0}"
49,4,2,0,0.3333333333333333,0.3333333333333333,0.22422582,0.3335841962695122,0.39233363,0.4878644,,24,"{""lr"": 0.001, ""dropout"": 0.5, ""aux_weight"": 0.0}"
56,4,2,0,0.25,0.5,0.17766064,0.3335841962695122,0.4242905,0.4864032,,24,"{""lr"": 0.001, ""dropout"": 0.5, ""aux_weight"": 0.0}"
58,4,2,0,0.25,0.5,0.39041066,0.3335841962695122,0.5230857,0.48005337,,24,"{""lr"": 0.001, ""dropout"": 0.5, ""aux_weight"": 0.0}"
64,4,2,0,0.3333333333333333,0.3333333333333333,0.120275036,0.3335841962695122,0.41941285,0.50464827,,24,"{""lr"": 0.001, ""dropout"": 0.5, ""aux_weight"": 0.0}"
71,4,2,0,0.0,1.0,0.20164868,0.3335841962695122,0.46639317,0.5047324,,24,"{""lr"": 0.001, ""dropout"": 0.5, ""aux_weight"": 0.0}"
76,4,2,0,0.25,0.5,0.25829214,0.3335841962695122,0.4289173,0.49682018,,24,"{""lr"": 0.001, ""dropout"": 0.5, ""aux_weight"": 0.0}"
78,4,2,0,0.0,1.0,0.15406668,0.3335841962695122,0.41257173,0.49237832,,24,"{""lr"": 0.001, ""dropout"": 0.5, ""aux_weight"": 0.0}"
82,4,2,0,0.25,0.5,0.22970428,0.3335841962695122,0.48324937,0.49237832,,24,"{""lr"": 0.001, ""dropout"": 0.5, ""aux_weight"": 0.0}"
88,4,2,1,0.5,0.0,0.14896783,0.3335841962695122,0.44074112,0.50363153,,24,"{""lr"": 0.001, ""dropout"": 0.5, ""aux_weight"": 0.0}"
92,4,2,0,0.0,1.0,0.24255529,0.3335841962695122,0.44067687,0.5038052,,24,"{""lr"": 0.001, ""dropout"": 0.5, ""aux_weight"": 0.0}"
96,4,2,0,0.0,1.0,0.24163802,0.3335841962695122,0.51729494,0.5044213,,24,"{""lr"": 0.001, ""dropout"": 0.5, ""aux_weight"": 0.0}"
100,4,2,0,0.25,0.5,0.31687027,0.3335841962695122,0.46034074,0.48969966,,24,"{""lr"": 0.001, ""dropout"": 0.5, ""aux_weight"": 0.0}"
101,4,2,0,0.3333333333333333,0.3333333333333333,0.30028516,0.3335841962695122,0.510471,0.49273705,,24,"{""lr"": 0.001, ""dropout"": 0.5, ""aux_weight"": 0.0}"
103,4,2,0,0.1111111111111111,0.7777777777777778,0.21585557,0.3335841962695122,0.42845196,0.5018968,,24,"{""lr"": 0.001, ""dropout"": 0.5, ""aux_weight"": 0.0}"
105,4,2,0,0.0,1.0,0.24684769,0.3335841962695122,0.47239673,0.4901101,,24,"{""lr"": 0.001, ""dropout"": 0.5, ""aux_weight"": 0.0}"
108,4,2,0,0.25,0.5,0.5146893,0.3335841962695122,0.46047407,0.49832177,,24,"{""lr"": 0.001, ""dropout"": 0.5, ""aux_weight"": 0.0}"
109,4,2,0,0.1111111111111111,0.7777777777777778,0.50720334,0.3335841962695122,0.56720763,0.50011176,,24,"{""lr"": 0.001, ""dropout"": 0.5, ""aux_weight"": 0.0}"
112,4,2,0,0.125,0.75,0.28002083,0.3335841962695122,0.38673952,0.4935351,,24,"{""lr"": 0.001, ""dropout"": 0.5, ""aux_weight"": 0.0}"
115,4,2,0,0.0,1.0,0.14682043,0.3335841962695122,0.46072254,0.51393116,,24,"{""lr"": 0.001, ""dropout"": 0.5, ""aux_weight"": 0.0}"
125,4,2,0,0.125,0.75,0.27590764,0.3335841962695122,0.47181532,0.48782817,,24,"{""lr"": 0.001, ""dropout"": 0.5, ""aux_weight"": 0.0}"
136,4,2,0,0.3333333333333333,0.3333333333333333,0.30974138,0.3335841962695122,0.4359709,0.5098135,,24,"{""lr"": 0.001, ""dropout"": 0.5, ""aux_weight"": 0.0}"
137,4,2,1,0.6666666666666666,0.3333333333333332,0.2000683,0.3335841962695122,0.41795164,0.48283377,,24,"{""lr"": 0.001, ""dropout"": 0.5, ""aux_weight"": 0.0}"
138,4,2,1,0.5555555555555556,0.1111111111111111,0.33031386,0.3335841962695122,0.44083732,0.4883044,,24,"{""lr"": 0.001, ""dropout"": 0.5, ""aux_weight"": 0.0}"
158,4,2,0,0.0,1.0,0.07611613,0.3335841962695122,0.4455867,0.49187124,,24,"{""lr"": 0.001, ""dropout"": 0.5, ""aux_weight"": 0.0}"
160,4,2,0,0.1666666666666666,0.6666666666666667,0.36860734,0.3335841962695122,0.51390874,0.49718896,,24,"{""lr"": 0.001, ""dropout"": 0.5, ""aux_weight"": 0.0}"
162,4,2,0,0.2,0.6,0.2062991,0.3335841962695122,0.45244932,0.50636315,,24,"{""lr"": 0.001, ""dropout"": 0.5, ""aux_weight"": 0.0}"
165,4,2,0,0.0,1.0,0.25417048,0.3335841962695122,0.5300726,0.5001879,,24,"{""lr"": 0.001, ""dropout"": 0.5, ""aux_weight"": 0.0}"
167,4,2,0,0.0,1.0,0.43754274,0.3335841962695122,0.45914155,0.48924989,,24,"{""lr"": 0.001, ""dropout"": 0.5, ""aux_weight"": 0.0}"
170,4,2,0,0.1666666666666666,0.6666666666666667,0.36556017,0.3335841962695122,0.50472903,0.49591085,,24,"{""lr"": 0.001, ""dropout"": 0.5, ""aux_weight"": 0.0}"
201,4,2,0,0.25,0.5,0.2610075,0.3335841962695122,0.46947324,0.4879081,,24,"{""lr"": 0.001, ""dropout"": 0.5, ""aux_weight"": 0.0}"
209,4,2,0,0.2,0.6,0.28014547,0.3335841962695122,0.54169625,0.48856175,,24,"{""lr"": 0.001, ""dropout"": 0.5, ""aux_weight"": 0.0}"
212,4,2,0,0.2,0.6,0.24267381,0.3335841962695122,0.4786147,0.50583106,,24,"{""lr"": 0.001, ""dropout"": 0.5, ""aux_weight"": 0.0}"
216,4,2,0,0.0,1.0,0.34505847,0.3335841962695122,0.45618498,0.5031911,,24,"{""lr"": 0.001, ""dropout"": 0.5, ""aux_weight"": 0.0}"
222,4,2,0,0.2,0.6,0.36525053,0.3335841962695122,0.41678798,0.48669428,,24,"{""lr"": 0.001, ""dropout"": 0.5, ""aux_weight"": 0.0}"
224,4,2,0,0.4,0.1999999999999999,0.24111393,0.3335841962695122,0.42758694,0.5056732,,24,"{""lr"": 0.001, ""dropout"": 0.5, ""aux_weight"": 0.0}"
228,4,2,0,0.2,0.6,0.28785783,0.3335841962695122,0.4407209,0.49791104,,24,"{""lr"": 0.001, ""dropout"": 0.5, ""aux_weight"": 0.0}"
238,4,2,0,0.25,0.5,0.24766128,0.3335841962695122,0.40807986,0.4855321,,24,"{""lr"": 0.001, ""dropout"": 0.5, ""aux_weight"": 0.0}"
243,4,2,0,0.0,1.0,0.25328094,0.3335841962695122,0.49985334,0.48544917,,24,"{""lr"": 0.001, ""dropout"": 0.5, ""aux_weight"": 0.0}"
245,4,2,0,0.0,1.0,0.2110836,0.3335841962695122,0.44893548,0.5080913,,24,"{""lr"": 0.001, ""dropout"": 0.5, ""aux_weight"": 0.0}"
250,4,2,0,0.4,0.1999999999999999,0.46111763,0.3335841962695122,0.52609694,0.49602404,,24,"{""lr"": 0.001, ""dropout"": 0.5, ""aux_weight"": 0.0}"
251,4,2,0,0.25,0.5,0.4035015,0.3335841962695122,0.48541436,0.48248267,,24,"{""lr"": 0.001, ""dropout"": 0.5, ""aux_weight"": 0.0}"
260,4,2,0,0.25,0.5,0.27473533,0.3335841962695122,0.4290908,0.5011149,,24,"{""lr"": 0.001, ""dropout"": 0.5, ""aux_weight"": 0.0}"
261,4,2,0,0.25,0.5,0.35180634,0.3335841962695122,0.55258536,0.49358305,,24,"{""lr"": 0.001, ""dropout"": 0.5, ""aux_weight"": 0.0}"
262,4,2,1,0.5,0.0,0.2812765,0.3335841962695122,0.40628076,0.4934249,,24,"{""lr"": 0.001, ""dropout"": 0.5, ""aux_weight"": 0.0}"
266,4,2,0,0.25,0.5,0.17386861,0.3335841962695122,0.43992803,0.5109793,,24,"{""lr"": 0.001, ""dropout"": 0.5, ""aux_weight"": 0.0}"
271,4,2,0,0.0,1.0,0.33747506,0.3335841962695122,0.4468124,0.49706757,,24,"{""lr"": 0.001, ""dropout"": 0.5, ""aux_weight"": 0.0}"
275,4,2,1,0.5,0.0,0.37834764,0.3335841962695122,0.48889667,0.49692944,,24,"{""lr"": 0.001, ""dropout"": 0.5, ""aux_weight"": 0.0}"
279,4,2,0,0.2,0.6,0.15093634,0.3335841962695122,0.44150472,0.48573014,,24,"{""lr"": 0.001, ""dropout"": 0.5, ""aux_weight"": 0.0}"
280,4,2,0,0.25,0.5,0.29378235,0.3335841962695122,0.47512227,0.48813036,,24,"{""lr"": 0.001, ""dropout"": 0.5, ""aux_weight"": 0.0}"
281,4,2,0,0.0,1.0,0.35800463,0.3335841962695122,0.5634103,0.47473258,,24,"{""lr"": 0.001, ""dropout"": 0.5, ""aux_weight"": 0.0}"
282,4,2,0,0.25,0.5,0.42997164,0.3335841962695122,0.4937484,0.47512588,,24,"{""lr"": 0.001, ""dropout"": 0.5, ""aux_weight"": 0.0}"
290,4,2,0,0.0,1.0,0.3621463,0.3335841962695122,0.5549162,0.49181783,,24,"{""lr"": 0.001, ""dropout"": 0.5, ""aux_weight"": 0.0}"
293,4,2,1,0.5,0.0,0.3319228,0.3335841962695122,0.4667812,0.49750182,,24,"{""lr"": 0.001, ""dropout"": 0.5, ""aux_weight"": 0.0}"
294,4,2,0,0.0,1.0,0.2209989,0.3335841962695122,0.5009933,0.49358574,,24,"{""lr"": 0.001, ""dropout"": 0.5, ""aux_weight"": 0.0}"
302,4,2,0,0.0,1.0,0.23422149,0.3335841962695122,0.46453997,0.50232184,,24,"{""lr"": 0.001, ""dropout"": 0.5, ""aux_weight"": 0.0}"
303,4,2,0,0.0,1.0,0.17889467,0.3335841962695122,0.45841146,0.5069241,,24,"{""lr"": 0.001, ""dropout"": 0.5, ""aux_weight"": 0.0}"
304,4,2,1,0.8,0.6000000000000001,0.39802682,0.3335841962695122,0.4755877,0.5050387,,24,"{""lr"": 0.001, ""dropout"": 0.5, ""aux_weight"": 0.0}"
306,4,2,0,0.0,1.0,0.31961077,0.3335841962695122,0.44290757,0.4888714,,24,"{""lr"": 0.001, ""dropout"": 0.5, ""aux_weight"": 0.0}"
331,4,2,0,0.0,1.0,0.35031396,0.3335841962695122,0.47061217,0.494656,,24,"{""lr"": 0.001, ""dropout"": 0.5, ""aux_weight"": 0.0}"
334,4,2,0,0.4,0.1999999999999999,0.38190094,0.3335841962695122,0.5059031,0.49379098,,24,"{""lr"": 0.001, ""dropout"": 0.5, ""aux_weight"": 0.0}"
337,4,2,0,0.0,1.0,0.32313216,0.3335841962695122,0.59850526,0.4966588,,24,"{""lr"": 0.001, ""dropout"": 0.5, ""aux_weight"": 0.0}"
338,4,2,0,0.4,0.1999999999999999,0.41245347,0.3335841962695122,0.4796092,0.50368905,,24,"{""lr"": 0.001, ""dropout"": 0.5, ""aux_weight"": 0.0}"
341,4,2,1,0.6,0.1999999999999999,0.3381879,0.3335841962695122,0.47300982,0.49761084,,24,"{""lr"": 0.001, ""dropout"": 0.5, ""aux_weight"": 0.0}"
350,4,2,0,0.0,1.0,0.13073328,0.3335841962695122,0.44819432,0.48969212,,24,"{""lr"": 0.001, ""dropout"": 0.5, ""aux_weight"": 0.0}"
353,4,2,0,0.0,1.0,0.4349161,0.3335841962695122,0.5454618,0.48604316,,24,"{""lr"": 0.001, ""dropout"": 0.5, ""aux_weight"": 0.0}"
362,4,2,1,0.75,0.5,0.28024703,0.3335841962695122,0.40918902,0.49933082,,24,"{""lr"": 0.001, ""dropout"": 0.5, ""aux_weight"": 0.0}"
364,4,2,1,0.5,0.0,0.48540336,0.3335841962695122,0.3770465,0.507548,,24,"{""lr"": 0.001, ""dropout"": 0.5, ""aux_weight"": 0.0}"
371,4,2,0,0.25,0.5,0.39869028,0.3335841962695122,0.5212386,0.4936998,,24,"{""lr"": 0.001, ""dropout"": 0.5, ""aux_weight"": 0.0}"
382,4,2,1,0.5,0.0,0.48802304,0.3335841962695122,0.5086054,0.48568806,,24,"{""lr"": 0.001, ""dropout"": 0.5, ""aux_weight"": 0.0}"
388,4,2,1,0.5,0.0,0.48610342,0.3335841962695122,0.51072454,0.49431717,,24,"{""lr"": 0.001, ""dropout"": 0.5, ""aux_weight"": 0.0}"
390,4,2,1,0.75,0.5,0.2609688,0.3335841962695122,0.53911877,0.49337357,,24,"{""lr"": 0.001, ""dropout"": 0.5, ""aux_weight"": 0.0}"
393,4,2,0,0.25,0.5,0.31895167,0.3335841962695122,0.5558632,0.4908267,,24,"{""lr"": 0.001, ""dropout"": 0.5, ""aux_weight"": 0.0}"
396,4,2,1,0.75,0.5,0.4783439,0.3335841962695122,0.48425424,0.49447918,,24,"{""lr"": 0.001, ""dropout"": 0.5, ""aux_weight"": 0.0}"
400,4,2,1,0.5,0.0,0.49825716,0.3335841962695122,0.52482384,0.4983249,,24,"{""lr"": 0.001, ""dropout"": 0.5, ""aux_weight"": 0.0}"
403,4,2,0,0.0,1.0,0.10615612,0.3335841962695122,0.43893278,0.4925741,,24,"{""lr"": 0.001, ""dropout"": 0.5, ""aux_weight"": 0.0}"
410,4,2,1,0.6,0.1999999999999999,0.48714063,0.3335841962695122,0.53919905,0.49916062,,24,"{""lr"": 0.001, ""dropout"": 0.5, ""aux_weight"": 0.0}"
415,4,2,0,0.0,1.0,0.3484335,0.3335841962695122,0.539777,0.4914139,,24,"{""lr"": 0.001, ""dropout"": 0.5, ""aux_weight"": 0.0}"
417,4,2,0,0.2,0.6,0.4403783,0.3335841962695122,0.48708975,0.49271002,,24,"{""lr"": 0.001, ""dropout"": 0.5, ""aux_weight"": 0.0}"
419,4,2,0,0.4,0.1999999999999999,0.31697756,0.3335841962695122,0.4981876,0.49523818,,24,"{""lr"": 0.001, ""dropout"": 0.5, ""aux_weight"": 0.0}"
425,4,2,0,0.0,1.0,0.3804066,0.3335841962695122,0.60177755,0.4933484,,24,"{""lr"": 0.001, ""dropout"": 0.5, ""aux_weight"": 0.0}"
428,4,2,1,0.6,0.1999999999999999,0.2840642,0.3335841962695122,0.48988578,0.49315223,,24,"{""lr"": 0.001, ""dropout"": 0.5, ""aux_weight"": 0.0}"
439,4,2,0,0.2,0.6,0.39392,0.3335841962695122,0.5626896,0.48508972,,24,"{""lr"": 0.001, ""dropout"": 0.5, ""aux_weight"": 0.0}"
447,4,2,0,0.0,1.0,0.24091788,0.3335841962695122,0.49824134,0.49453878,,24,"{""lr"": 0.001, ""dropout"": 0.5, ""aux_weight"": 0.0}"
448,4,2,0,0.0,1.0,0.1725271,0.3335841962695122,0.4911626,0.51392627,,24,"{""lr"": 0.001, ""dropout"": 0.5, ""aux_weight"": 0.0}"
458,4,2,0,0.0,1.0,0.3676653,0.3335841962695122,0.5604292,0.5019277,,24,"{""lr"": 0.001, ""dropout"": 0.5, ""aux_weight"": 0.0}"
459,4,2,0,0.25,0.5,0.28036612,0.3335841962695122,0.4548931,0.5019277,,24,"{""lr"": 0.001, ""dropout"": 0.5, ""aux_weight"": 0.0}"
470,4,2,0,0.0,1.0,0.44978046,0.3335841962695122,0.48490742,0.48097488,,24,"{""lr"": 0.001, ""dropout"": 0.5, ""aux_weight"": 0.0}"
477,4,2,0,0.0,1.0,0.20137829,0.3335841962695122,0.48104393,0.49385783,,24,"{""lr"": 0.001, ""dropout"": 0.5, ""aux_weight"": 0.0}"
479,4,2,0,0.0,1.0,0.3722977,0.3335841962695122,0.44768226,0.4900596,,24,"{""lr"": 0.001, ""dropout"": 0.5, ""aux_weight"": 0.0}"
486,4,2,0,0.25,0.5,0.3436219,0.3335841962695122,0.5149759,0.50623775,,24,"{""lr"": 0.001, ""dropout"": 0.5, ""aux_weight"": 0.0}"
495,4,2,0,0.0,1.0,0.36215606,0.3335841962695122,0.4837418,0.49355808,,24,"{""lr"": 0.001, ""dropout"": 0.5, ""aux_weight"": 0.0}"
496,4,2,1,0.75,0.5,0.48837027,0.3335841962695122,0.5235971,0.4833996,,24,"{""lr"": 0.001, ""dropout"": 0.5, ""aux_weight"": 0.0}"
511,4,2,1,0.5,0.0,0.45533103,0.3335841962695122,0.49215004,0.47866434,,24,"{""lr"": 0.001, ""dropout"": 0.5, ""aux_weight"": 0.0}"
516,4,2,0,0.0,1.0,0.43504357,0.3335841962695122,0.51442146,0.48906904,,24,"{""lr"": 0.001, ""dropout"": 0.5, ""aux_weight"": 0.0}"
530,4,2,1,0.5,0.0,0.24295706,0.3335841962695122,0.5779194,0.50444955,,24,"{""lr"": 0.001, ""dropout"": 0.5, ""aux_weight"": 0.0}"
550,4,2,0,0.0,1.0,0.31612253,0.3335841962695122,0.55350834,0.49736765,,24,"{""lr"": 0.001, ""dropout"": 0.5, ""aux_weight"": 0.0}"
551,4,2,1,0.6666666666666666,0.3333333333333332,0.42908603,0.3335841962695122,0.5430597,0.49437928,,24,"{""lr"": 0.001, ""dropout"": 0.5, ""aux_weight"": 0.0}"
552,4,2,1,0.6666666666666666,0.3333333333333332,0.35006425,0.3335841962695122,0.5373546,0.50094163,,24,"{""lr"": 0.001, ""dropout"": 0.5, ""aux_weight"": 0.0}"
557,4,2,0,0.3333333333333333,0.3333333333333333,0.22549696,0.3335841962695122,0.53881973,0.49667168,,24,"{""lr"": 0.001, ""dropout"": 0.5, ""aux_weight"": 0.0}"
561,4,2,1,0.5,0.0,0.17904624,0.3335841962695122,0.5070599,0.49927637,,24,"{""lr"": 0.001, ""dropout"": 0.5, ""aux_weight"": 0.0}"
562,4,2,0,0.3333333333333333,0.3333333333333333,0.4821596,0.3335841962695122,0.5864537,0.49201414,,24,"{""lr"": 0.001, ""dropout"": 0.5, ""aux_weight"": 0.0}"
563,4,2,0,0.0,1.0,0.43977103,0.3335841962695122,0.4692464,0.49129865,,24,"{""lr"": 0.001, ""dropout"": 0.5, ""aux_weight"": 0.0}"
565,4,2,0,0.3333333333333333,0.3333333333333333,0.517112,0.3335841962695122,0.4609278,0.50089973,,24,"{""lr"": 0.001, ""dropout"": 0.5, ""aux_weight"": 0.0}"
581,4,2,0,0.3333333333333333,0.3333333333333333,0.44305652,0.3335841962695122,0.49242502,0.4885627,,24,"{""lr"": 0.001, ""dropout"": 0.5, ""aux_weight"": 0.0}"
582,4,2,1,0.5,0.0,0.48549753,0.3335841962695122,0.44137222,0.48550186,,24,"{""lr"": 0.001, ""dropout"": 0.5, ""aux_weight"": 0.0}"
583,4,2,1,0.5,0.0,0.55009174,0.3335841962695122,0.5614425,0.47939274,,24,"{""lr"": 0.001, ""dropout"": 0.5, ""aux_weight"": 0.0}"
584,4,2,1,0.6666666666666666,0.3333333333333332,0.59956646,0.3335841962695122,0.455186,0.4801567,,24,"{""lr"": 0.001, ""dropout"": 0.5, ""aux_weight"": 0.0}"
597,4,2,0,0.0,1.0,0.08544132,0.3335841962695122,0.49003893,0.5031911,,24,"{""lr"": 0.001, ""dropout"": 0.5, ""aux_weight"": 0.0}"
600,4,2,0,0.1666666666666666,0.6666666666666667,0.49598867,0.3335841962695122,0.4931177,0.48774529,,24,"{""lr"": 0.001, ""dropout"": 0.5, ""aux_weight"": 0.0}"
601,4,2,0,0.0,1.0,0.1680119,0.3335841962695122,0.4880299,0.5022694,,24,"{""lr"": 0.001, ""dropout"": 0.5, ""aux_weight"": 0.0}"
602,4,2,0,0.25,0.5,0.43621787,0.3335841962695122,0.480223,0.48147932,,24,"{""lr"": 0.001, ""dropout"": 0.5, ""aux_weight"": 0.0}"
606,4,2,0,0.25,0.5,0.45518035,0.3335841962695122,0.4775536,0.47748792,,24,"{""lr"": 0.001, ""dropout"": 0.5, ""aux_weight"": 0.0}"
609,4,2,0,0.25,0.5,0.5488256,0.3335841962695122,0.56427836,0.47535706,,24,"{""lr"": 0.001, ""dropout"": 0.5, ""aux_weight"": 0.0}"
614,4,2,1,0.75,0.5,0.49831173,0.3335841962695122,0.543339,0.48935297,,24,"{""lr"": 0.001, ""dropout"": 0.5, ""aux_weight"": 0.0}"
619,4,2,0,0.25,0.5,0.5022867,0.3335841962695122,0.5846062,0.48062414,,24,"{""lr"": 0.001, ""dropout"": 0.5, ""aux_weight"": 0.0}"
624,4,2,0,0.25,0.5,0.35059956,0.3335841962695122,0.4905272,0.47729525,,24,"{""lr"": 0.001, ""dropout"": 0.5, ""aux_weight"": 0.0}"
628,4,2,0,0.0,1.0,0.42343575,0.3335841962695122,0.47221905,0.47676226,,24,"{""lr"": 0.001, ""dropout"": 0.5, ""aux_weight"": 0.0}"
630,4,2,1,0.5,0.0,0.42961574,0.3335841962695122,0.52325195,0.49079612,,24,"{""lr"": 0.001, ""dropout"": 0.5, ""aux_weight"": 0.0}"
633,4,2,1,0.5,0.0,0.42354017,0.3335841962695122,0.53979874,0.48447874,,24,"{""lr"": 0.001, ""dropout"": 0.5, ""aux_weight"": 0.0}"
634,4,2,0,0.25,0.5,0.42406988,0.3335841962695122,0.50534546,0.48213804,,24,"{""lr"": 0.001, ""dropout"": 0.5, ""aux_weight"": 0.0}"
642,4,2,1,0.75,0.5,0.45401114,0.3335841962695122,0.5771698,0.5013618,,24,"{""lr"": 0.001, ""dropout"": 0.5, ""aux_weight"": 0.0}"
644,4,2,0,0.25,0.5,0.27371454,0.3335841962695122,0.55396736,0.49646276,,24,"{""lr"": 0.001, ""dropout"": 0.5, ""aux_weight"": 0.0}"
646,4,2,0,0.0,1.0,0.13940763,0.3335841962695122,0.5530131,0.49773383,,24,"{""lr"": 0.001, ""dropout"": 0.5, ""aux_weight"": 0.0}"
651,4,2,0,0.3333333333333333,0.3333333333333333,0.34084958,0.3335841962695122,0.45903635,0.4966864,,24,"{""lr"": 0.001, ""dropout"": 0.5, ""aux_weight"": 0.0}"
654,4,2,0,0.1666666666666666,0.6666666666666667,0.4006157,0.3335841962695122,0.5267241,0.4919596,,24,"{""lr"": 0.001, ""dropout"": 0.5, ""aux_weight"": 0.0}"
655,4,2,1,0.6666666666666666,0.3333333333333332,0.36804146,0.3335841962695122,0.5012779,0.49683347,,24,"{""lr"": 0.001, ""dropout"": 0.5, ""aux_weight"": 0.0}"
657,4,2,1,0.5,0.0,0.38602954,0.3335841962695122,0.58674896,0.4882577,,24,"{""lr"": 0.001, ""dropout"": 0.5, ""aux_weight"": 0.0}"
658,4,2,0,0.1666666666666666,0.6666666666666667,0.39138868,0.3335841962695122,0.501773,0.49706286,,24,"{""lr"": 0.001, ""dropout"": 0.5, ""aux_weight"": 0.0}"
659,4,2,1,0.6666666666666666,0.3333333333333332,0.55979025,0.3335841962695122,0.41078523,0.5006539,,24,"{""lr"": 0.001, ""dropout"": 0.5, ""aux_weight"": 0.0}"
670,4,2,1,0.5,0.0,0.40898022,0.3335841962695122,0.42661095,0.50300914,,24,"{""lr"": 0.001, ""dropout"": 0.5, ""aux_weight"": 0.0}"
697,4,2,1,0.5,0.0,0.47564995,0.3335841962695122,0.47976032,0.49147695,,24,"{""lr"": 0.001, ""dropout"": 0.5, ""aux_weight"": 0.0}"
707,4,2,1,0.5,0.0,0.30169055,0.3335841962695122,0.54539573,0.4867267,,24,"{""lr"": 0.001, ""dropout"": 0.5, ""aux_weight"": 0.0}"
708,4,2,0,0.0,1.0,0.4982916,0.3335841962695122,0.5101579,0.49042204,,24,"{""lr"": 0.001, ""dropout"": 0.5, ""aux_weight"": 0.0}"
712,4,2,0,0.1666666666666666,0.6666666666666667,0.3779973,0.3335841962695122,0.51814246,0.50343513,,24,"{""lr"": 0.001, ""dropout"": 0.5, ""aux_weight"": 0.0}"
713,4,2,1,0.6,0.1999999999999999,0.35191968,0.3335841962695122,0.4018941,0.49552944,,24,"{""lr"": 0.001, ""dropout"": 0.5, ""aux_weight"": 0.0}"
720,4,2,0,0.0,1.0,0.17202838,0.3335841962695122,0.49999326,0.5091525,,24,"{""lr"": 0.001, ""dropout"": 0.5, ""aux_weight"": 0.0}"
723,4,2,0,0.1666666666666666,0.6666666666666667,0.2680263,0.3335841962695122,0.4812484,0.50334364,,24,"{""lr"": 0.001, ""dropout"": 0.5, ""aux_weight"": 0.0}"
734,4,2,0,0.0,1.0,0.2421107,0.3335841962695122,0.5187548,0.49358574,,24,"{""lr"": 0.001, ""dropout"": 0.5, ""aux_weight"": 0.0}"
738,4,2,0,0.3333333333333333,0.3333333333333333,0.41719404,0.3335841962695122,0.54834986,0.49676168,,24,"{""lr"": 0.001, ""dropout"": 0.5, ""aux_weight"": 0.0}"
741,4,2,0,0.2,0.6,0.33800316,0.3335841962695122,0.49664375,0.492638,,24,"{""lr"": 0.001, ""dropout"": 0.5, ""aux_weight"": 0.0}"
4,4,3,1,0.6,0.1999999999999999,0.31763035,0.3697747899591923,0.4660632,0.5116531,,3,"{""lr"": 0.001, ""dropout"": 0.5, ""aux_weight"": 0.0}"
12,4,3,0,0.4,0.1999999999999999,0.36022162,0.3697747899591923,0.44056028,0.5090782,,3,"{""lr"": 0.001, ""dropout"": 0.5, ""aux_weight"": 0.0}"
14,4,3,0,0.2,0.6,0.3475533,0.3697747899591923,0.52174294,0.5090534,,3,"{""lr"": 0.001, ""dropout"": 0.5, ""aux_weight"": 0.0}"
15,4,3,0,0.4,0.1999999999999999,0.3245288,0.3697747899591923,0.4551382,0.5051139,,3,"{""lr"": 0.001, ""dropout"": 0.5, ""aux_weight"": 0.0}"
17,4,3,0,0.4,0.1999999999999999,0.3561045,0.3697747899591923,0.48605186,0.5225498,,3,"{""lr"": 0.001, ""dropout"": 0.5, ""aux_weight"": 0.0}"
22,4,3,0,0.2,0.6,0.33187622,0.3697747899591923,0.5383406,0.5067845,,3,"{""lr"": 0.001, ""dropout"": 0.5, ""aux_weight"": 0.0}"
27,4,3,0,0.2,0.6,0.24517152,0.3697747899591923,0.56044316,0.5062932,,3,"{""lr"": 0.001, ""dropout"": 0.5, ""aux_weight"": 0.0}"
33,4,3,0,0.4,0.1999999999999999,0.2867333,0.3697747899591923,0.4638627,0.5013603,,3,"{""lr"": 0.001, ""dropout"": 0.5, ""aux_weight"": 0.0}"
35,4,3,1,0.5,0.0,0.30037865,0.3697747899591923,0.45124924,0.5131879,,3,"{""lr"": 0.001, ""dropout"": 0.5, ""aux_weight"": 0.0}"
50,4,3,1,0.8,0.6000000000000001,0.2918818,0.3697747899591923,0.47222298,0.5106322,,3,"{""lr"": 0.001, ""dropout"": 0.5, ""aux_weight"": 0.0}"
53,4,3,0,0.1666666666666666,0.6666666666666667,0.26300967,0.3697747899591923,0.5441079,0.5148488,,3,"{""lr"": 0.001, ""dropout"": 0.5, ""aux_weight"": 0.0}"
55,4,3,0,0.0,1.0,0.23993881,0.3697747899591923,0.47344267,0.50756687,,3,"{""lr"": 0.001, ""dropout"": 0.5, ""aux_weight"": 0.0}"
62,4,3,0,0.25,0.5,0.2044315,0.3697747899591923,0.48812327,0.5115884,,3,"{""lr"": 0.001, ""dropout"": 0.5, ""aux_weight"": 0.0}"
68,4,3,0,0.0,1.0,0.30988353,0.3697747899591923,0.4269333,0.5121377,,3,"{""lr"": 0.001, ""dropout"": 0.5, ""aux_weight"": 0.0}"
75,4,3,0,0.0,1.0,0.27246916,0.3697747899591923,0.44442403,0.511177,,3,"{""lr"": 0.001, ""dropout"": 0.5, ""aux_weight"": 0.0}"
77,4,3,0,0.25,0.5,0.30911994,0.3697747899591923,0.46258956,0.5069893,,3,"{""lr"": 0.001, ""dropout"": 0.5, ""aux_weight"": 0.0}"
79,4,3,0,0.25,0.5,0.2829546,0.3697747899591923,0.47242188,0.5057358,,3,"{""lr"": 0.001, ""dropout"": 0.5, ""aux_weight"": 0.0}"
84,4,3,0,0.3333333333333333,0.3333333333333333,0.3478524,0.3697747899591923,0.4376013,0.5070565,,3,"{""lr"": 0.001, ""dropout"": 0.5, ""aux_weight"": 0.0}"
97,4,3,0,0.25,0.5,0.23639043,0.3697747899591923,0.5257503,0.49775848,,3,"{""lr"": 0.001, ""dropout"": 0.5, ""aux_weight"": 0.0}"
98,4,3,0,0.3333333333333333,0.3333333333333333,0.29480875,0.3697747899591923,0.47789848,0.52225775,,3,"{""lr"": 0.001, ""dropout"": 0.5, ""aux_weight"": 0.0}"
99,4,3,0,0.0,1.0,0.1908021,0.3697747899591923,0.516926,0.4979159,,3,"{""lr"": 0.001, ""dropout"": 0.5, ""aux_weight"": 0.0}"
104,4,3,0,0.1111111111111111,0.7777777777777778,0.29769656,0.3697747899591923,0.4644757,0.5000557,,3,"{""lr"": 0.001, ""dropout"": 0.5, ""aux_weight"": 0.0}"
106,4,3,1,1.0,1.0,0.274593,0.3697747899591923,0.43728513,0.5124432,,3,"{""lr"": 0.001, ""dropout"": 0.5, ""aux_weight"": 0.0}"
114,4,3,0,0.1111111111111111,0.7777777777777778,0.30784315,0.3697747899591923,0.51120216,0.5073008,,3,"{""lr"": 0.001, ""dropout"": 0.5, ""aux_weight"": 0.0}"
119,4,3,0,0.1111111111111111,0.7777777777777778,0.3200664,0.3697747899591923,0.49167466,0.51305103,,3,"{""lr"": 0.001, ""dropout"": 0.5, ""aux_weight"": 0.0}"
120,4,3,0,0.0,1.0,0.37437746,0.3697747899591923,0.45176715,0.5119463,,3,"{""lr"": 0.001, ""dropout"": 0.5, ""aux_weight"": 0.0}"
122,4,3,0,0.0,1.0,0.26764035,0.3697747899591923,0.4998824,0.50216526,,3,"{""lr"": 0.001, ""dropout"": 0.5, ""aux_weight"": 0.0}"
126,4,3,0,0.2222222222222222,0.5555555555555556,0.3537016,0.3697747899591923,0.50140584,0.5031848,,3,"{""lr"": 0.001, ""dropout"": 0.5, ""aux_weight"": 0.0}"
132,4,3,0,0.2222222222222222,0.5555555555555556,0.2287915,0.3697747899591923,0.50551647,0.50214106,,3,"{""lr"": 0.001, ""dropout"": 0.5, ""aux_weight"": 0.0}"
134,4,3,0,0.1111111111111111,0.7777777777777778,0.2272023,0.3697747899591923,0.57167363,0.5100949,,3,"{""lr"": 0.001, ""dropout"": 0.5, ""aux_weight"": 0.0}"
135,4,3,0,0.1666666666666666,0.6666666666666667,0.23829706,0.3697747899591923,0.48313987,0.51814413,,3,"{""lr"": 0.001, ""dropout"": 0.5, ""aux_weight"": 0.0}"
147,4,3,0,0.0,1.0,0.31626195,0.3697747899591923,0.4913943,0.5072408,,3,"{""lr"": 0.001, ""dropout"": 0.5, ""aux_weight"": 0.0}"
148,4,3,0,0.1111111111111111,0.7777777777777778,0.22736898,0.3697747899591923,0.44443733,0.5085056,,3,"{""lr"": 0.001, ""dropout"": 0.5, ""aux_weight"": 0.0}"
153,4,3,0,0.0,1.0,0.25812596,0.3697747899591923,0.53277755,0.49558213,,3,"{""lr"": 0.001, ""dropout"": 0.5, ""aux_weight"": 0.0}"
157,4,3,0,0.25,0.5,0.31507704,0.3697747899591923,0.48298442,0.51344305,,3,"{""lr"": 0.001, ""dropout"": 0.5, ""aux_weight"": 0.0}"
163,4,3,0,0.25,0.5,0.37271878,0.3697747899591923,0.47832146,0.5139316,,3,"{""lr"": 0.001, ""dropout"": 0.5, ""aux_weight"": 0.0}"
166,4,3,0,0.25,0.5,0.36114463,0.3697747899591923,0.48668307,0.501065,,3,"{""lr"": 0.001, ""dropout"": 0.5, ""aux_weight"": 0.0}"
168,4,3,0,0.25,0.5,0.2762478,0.3697747899591923,0.46131665,0.50490636,,3,"{""lr"": 0.001, ""dropout"": 0.5, ""aux_weight"": 0.0}"
174,4,3,1,0.5,0.0,0.28070036,0.3697747899591923,0.46738026,0.5061951,,3,"{""lr"": 0.001, ""dropout"": 0.5, ""aux_weight"": 0.0}"
176,4,3,0,0.0,1.0,0.25680974,0.3697747899591923,0.5170388,0.51536125,,3,"{""lr"": 0.001, ""dropout"": 0.5, ""aux_weight"": 0.0}"
177,4,3,0,0.0,1.0,0.37142193,0.3697747899591923,0.4844181,0.51437527,,3,"{""lr"": 0.001, ""dropout"": 0.5, ""aux_weight"": 0.0}"
178,4,3,0,0.0,1.0,0.29977983,0.3697747899591923,0.43509072,0.5204618,,3,"{""lr"": 0.001, ""dropout"": 0.5, ""aux_weight"": 0.0}"
180,4,3,0,0.0,1.0,0.31365955,0.3697747899591923,0.46997744,0.52011484,,3,"{""lr"": 0.001, ""dropout"": 0.5, ""aux_weight"": 0.0}"
181,4,3,1,0.5,0.0,0.27086902,0.3697747899591923,0.49745384,0.5019049,,3,"{""lr"": 0.001, ""dropout"": 0.5, ""aux_weight"": 0.0}"
184,4,3,0,0.0,1.0,0.23076531,0.3697747899591923,0.48903382,0.49781898,,3,"{""lr"": 0.001, ""dropout"": 0.5, ""aux_weight"": 0.0}"
197,4,3,0,0.0,1.0,0.24267665,0.3697747899591923,0.51202863,0.5236816,,3,"{""lr"": 0.001, ""dropout"": 0.5, ""aux_weight"": 0.0}"
207,4,3,0,0.2,0.6,0.24260668,0.3697747899591923,0.5059499,0.5123705,,3,"{""lr"": 0.001, ""dropout"": 0.5, ""aux_weight"": 0.0}"
227,4,3,1,1.0,1.0,0.37101996,0.3697747899591923,0.48707563,0.51183224,,3,"{""lr"": 0.001, ""dropout"": 0.5, ""aux_weight"": 0.0}"
229,4,3,0,0.0,1.0,0.27450177,0.3697747899591923,0.49181405,0.51427287,,3,"{""lr"": 0.001, ""dropout"": 0.5, ""aux_weight"": 0.0}"
235,4,3,0,0.0,1.0,0.31427675,0.3697747899591923,0.43406692,0.5056752,,3,"{""lr"": 0.001, ""dropout"": 0.5, ""aux_weight"": 0.0}"
239,4,3,1,0.6,0.1999999999999999,0.19860445,0.3697747899591923,0.47564763,0.5090236,,3,"{""lr"": 0.001, ""dropout"": 0.5, ""aux_weight"": 0.0}"
253,4,3,0,0.0,1.0,0.30321658,0.3697747899591923,0.45417896,0.5100731,,3,"{""lr"": 0.001, ""dropout"": 0.5, ""aux_weight"": 0.0}"
254,4,3,0,0.25,0.5,0.22068818,0.3697747899591923,0.49599218,0.5052359,,3,"{""lr"": 0.001, ""dropout"": 0.5, ""aux_weight"": 0.0}"
258,4,3,0,0.0,1.0,0.2550652,0.3697747899591923,0.4512674,0.5092782,,3,"{""lr"": 0.001, ""dropout"": 0.5, ""aux_weight"": 0.0}"
267,4,3,0,0.0,1.0,0.24886462,0.3697747899591923,0.43071824,0.502574,,3,"{""lr"": 0.001, ""dropout"": 0.5, ""aux_weight"": 0.0}"
269,4,3,1,0.5,0.0,0.39760232,0.3697747899591923,0.4268867,0.50006443,,3,"{""lr"": 0.001, ""dropout"": 0.5, ""aux_weight"": 0.0}"
286,4,3,0,0.2,0.6,0.25198528,0.3697747899591923,0.50397664,0.5102476,,3,"{""lr"": 0.001, ""dropout"": 0.5, ""aux_weight"": 0.0}"
287,4,3,0,0.25,0.5,0.36482465,0.3697747899591923,0.44958857,0.5039521,,3,"{""lr"": 0.001, ""dropout"": 0.5, ""aux_weight"": 0.0}"
291,4,3,0,0.0,1.0,0.3251344,0.3697747899591923,0.45630348,0.5130689,,3,"{""lr"": 0.001, ""dropout"": 0.5, ""aux_weight"": 0.0}"
296,4,3,0,0.0,1.0,0.27836588,0.3697747899591923,0.39027947,0.5055442,,3,"{""lr"": 0.001, ""dropout"": 0.5, ""aux_weight"": 0.0}"
299,4,3,1,0.8,0.6000000000000001,0.22651568,0.3697747899591923,0.4553395,0.5062968,,3,"{""lr"": 0.001, ""dropout"": 0.5, ""aux_weight"": 0.0}"
307,4,3,0,0.4,0.1999999999999999,0.40253738,0.3697747899591923,0.4608991,0.5143326,,3,"{""lr"": 0.001, ""dropout"": 0.5, ""aux_weight"": 0.0}"
314,4,3,0,0.0,1.0,0.28078574,0.3697747899591923,0.51145566,0.5112156,,3,"{""lr"": 0.001, ""dropout"": 0.5, ""aux_weight"": 0.0}"
316,4,3,0,0.4,0.1999999999999999,0.2919649,0.3697747899591923,0.5209271,0.509902,,3,"{""lr"": 0.001, ""dropout"": 0.5, ""aux_weight"": 0.0}"
325,4,3,0,0.0,1.0,0.2729072,0.3697747899591923,0.45714703,0.5062968,,3,"{""lr"": 0.001, ""dropout"": 0.5, ""aux_weight"": 0.0}"
336,4,3,0,0.4,0.1999999999999999,0.34024984,0.3697747899591923,0.4953912,0.51450145,,3,"{""lr"": 0.001, ""dropout"": 0.5, ""aux_weight"": 0.0}"
343,4,3,1,0.8,0.6000000000000001,0.3359648,0.3697747899591923,0.39819396,0.507041,,3,"{""lr"": 0.001, ""dropout"": 0.5, ""aux_weight"": 0.0}"
355,4,3,0,0.25,0.5,0.28089678,0.3697747899591923,0.44108635,0.506629,,3,"{""lr"": 0.001, ""dropout"": 0.5, ""aux_weight"": 0.0}"
356,4,3,0,0.25,0.5,0.34229225,0.3697747899591923,0.50291145,0.50095415,,3,"{""lr"": 0.001, ""dropout"": 0.5, ""aux_weight"": 0.0}"
357,4,3,1,0.5,0.0,0.3748526,0.3697747899591923,0.40439525,0.51354325,,3,"{""lr"": 0.001, ""dropout"": 0.5, ""aux_weight"": 0.0}"
361,4,3,0,0.0,1.0,0.25293928,0.3697747899591923,0.42875022,0.5081793,,3,"{""lr"": 0.001, ""dropout"": 0.5, ""aux_weight"": 0.0}"
363,4,3,0,0.0,1.0,0.25096,0.3697747899591923,0.5052403,0.5091298,,3,"{""lr"": 0.001, ""dropout"": 0.5, ""aux_weight"": 0.0}"
366,4,3,0,0.0,1.0,0.29365855,0.3697747899591923,0.4692697,0.49896276,,3,"{""lr"": 0.001, ""dropout"": 0.5, ""aux_weight"": 0.0}"
368,4,3,1,0.5,0.0,0.4156438,0.3697747899591923,0.39248306,0.4993383,,3,"{""lr"": 0.001, ""dropout"": 0.5, ""aux_weight"": 0.0}"
375,4,3,1,0.5,0.0,0.38288313,0.3697747899591923,0.48245382,0.5046257,,3,"{""lr"": 0.001, ""dropout"": 0.5, ""aux_weight"": 0.0}"
386,4,3,0,0.25,0.5,0.33091977,0.3697747899591923,0.5592114,0.506541,,3,"{""lr"": 0.001, ""dropout"": 0.5, ""aux_weight"": 0.0}"
394,4,3,1,0.5,0.0,0.41788986,0.3697747899591923,0.42529225,0.5137939,,3,"{""lr"": 0.001, ""dropout"": 0.5, ""aux_weight"": 0.0}"
408,4,3,0,0.4,0.1999999999999999,0.4089744,0.3697747899591923,0.48016417,0.5090922,,3,"{""lr"": 0.001, ""dropout"": 0.5, ""aux_weight"": 0.0}"
409,4,3,0,0.4,0.1999999999999999,0.5288632,0.3697747899591923,0.36987028,0.5092535,,3,"{""lr"": 0.001, ""dropout"": 0.5, ""aux_weight"": 0.0}"
412,4,3,1,1.0,1.0,0.49044418,0.3697747899591923,0.4309716,0.5106623,,3,"{""lr"": 0.001, ""dropout"": 0.5, ""aux_weight"": 0.0}"
414,4,3,1,0.6,0.1999999999999999,0.42912334,0.3697747899591923,0.46432388,0.51324147,,3,"{""lr"": 0.001, ""dropout"": 0.5, ""aux_weight"": 0.0}"
418,4,3,0,0.0,1.0,0.41409153,0.3697747899591923,0.46375287,0.5038919,,3,"{""lr"": 0.001, ""dropout"": 0.5, ""aux_weight"": 0.0}"
429,4,3,0,0.0,1.0,0.41485935,0.3697747899591923,0.4417333,0.50972337,,3,"{""lr"": 0.001, ""dropout"": 0.5, ""aux_weight"": 0.0}"
437,4,3,1,0.6,0.1999999999999999,0.5473483,0.3697747899591923,0.44217438,0.5060315,,3,"{""lr"": 0.001, ""dropout"": 0.5, ""aux_weight"": 0.0}"
442,4,3,1,0.8,0.6000000000000001,0.4753914,0.3697747899591923,0.40103173,0.5058815,,3,"{""lr"": 0.001, ""dropout"": 0.5, ""aux_weight"": 0.0}"
445,4,3,0,0.0,1.0,0.3899526,0.3697747899591923,0.47401696,0.50763434,,3,"{""lr"": 0.001, ""dropout"": 0.5, ""aux_weight"": 0.0}"
446,4,3,0,0.2,0.6,0.46115616,0.3697747899591923,0.4374509,0.5135374,,3,"{""lr"": 0.001, ""dropout"": 0.5, ""aux_weight"": 0.0}"
462,4,3,1,0.5,0.0,0.56704724,0.3697747899591923,0.42495105,0.5106532,,3,"{""lr"": 0.001, ""dropout"": 0.5, ""aux_weight"": 0.0}"
471,4,3,0,0.0,1.0,0.5463976,0.3697747899591923,0.41584387,0.51195407,,3,"{""lr"": 0.001, ""dropout"": 0.5, ""aux_weight"": 0.0}"
478,4,3,0,0.0,1.0,0.24376565,0.3697747899591923,0.47137386,0.5064527,,3,"{""lr"": 0.001, ""dropout"": 0.5, ""aux_weight"": 0.0}"
481,4,3,0,0.0,1.0,0.4866447,0.3697747899591923,0.41558623,0.5066087,,3,"{""lr"": 0.001, ""dropout"": 0.5, ""aux_weight"": 0.0}"
482,4,3,0,0.0,1.0,0.20640525,0.3697747899591923,0.48011488,0.5112156,,3,"{""lr"": 0.001, ""dropout"": 0.5, ""aux_weight"": 0.0}"
483,4,3,0,0.25,0.5,0.48292282,0.3697747899591923,0.44317535,0.5109135,,3,"{""lr"": 0.001, ""dropout"": 0.5, ""aux_weight"": 0.0}"
484,4,3,0,0.25,0.5,0.3587904,0.3697747899591923,0.47550645,0.51641357,,3,"{""lr"": 0.001, ""dropout"": 0.5, ""aux_weight"": 0.0}"
488,4,3,1,0.5,0.0,0.45467427,0.3697747899591923,0.40491593,0.52200943,,3,"{""lr"": 0.001, ""dropout"": 0.5, ""aux_weight"": 0.0}"
490,4,3,0,0.25,0.5,0.3536766,0.3697747899591923,0.4593119,0.5160208,,3,"{""lr"": 0.001, ""dropout"": 0.5, ""aux_weight"": 0.0}"
493,4,3,0,0.0,1.0,0.4326641,0.3697747899591923,0.38946795,0.5207108,,3,"{""lr"": 0.001, ""dropout"": 0.5, ""aux_weight"": 0.0}"
497,4,3,0,0.0,1.0,0.19881143,0.3697747899591923,0.4973216,0.5024367,,3,"{""lr"": 0.001, ""dropout"": 0.5, ""aux_weight"": 0.0}"
498,4,3,0,0.0,1.0,0.29163066,0.3697747899591923,0.5248329,0.51805747,,3,"{""lr"": 0.001, ""dropout"": 0.5, ""aux_weight"": 0.0}"
500,4,3,0,0.25,0.5,0.48321968,0.3697747899591923,0.45010233,0.51048154,,3,"{""lr"": 0.001, ""dropout"": 0.5, ""aux_weight"": 0.0}"
501,4,3,0,0.25,0.5,0.39681602,0.3697747899591923,0.4319565,0.51130825,,3,"{""lr"": 0.001, ""dropout"": 0.5, ""aux_weight"": 0.0}"
504,4,3,1,0.75,0.5,0.4509035,0.3697747899591923,0.40037555,0.50578594,,3,"{""lr"": 0.001, ""dropout"": 0.5, ""aux_weight"": 0.0}"
509,4,3,0,0.25,0.5,0.33548182,0.3697747899591923,0.44146755,0.5068379,,3,"{""lr"": 0.001, ""dropout"": 0.5, ""aux_weight"": 0.0}"
518,4,3,0,0.25,0.5,0.4969173,0.3697747899591923,0.42493156,0.5063885,,3,"{""lr"": 0.001, ""dropout"": 0.5, ""aux_weight"": 0.0}"
521,4,3,1,0.75,0.5,0.3918243,0.3697747899591923,0.46748647,0.5067414,,3,"{""lr"": 0.001, ""dropout"": 0.5, ""aux_weight"": 0.0}"
526,4,3,0,0.0,1.0,0.44021082,0.3697747899591923,0.43299764,0.50201285,,3,"{""lr"": 0.001, ""dropout"": 0.5, ""aux_weight"": 0.0}"
527,4,3,0,0.25,0.5,0.5182904,0.3697747899591923,0.38817644,0.50205064,,3,"{""lr"": 0.001, ""dropout"": 0.5, ""aux_weight"": 0.0}"
538,4,3,0,0.0,1.0,0.54576313,0.3697747899591923,0.37616754,0.5112156,,3,"{""lr"": 0.001, ""dropout"": 0.5, ""aux_weight"": 0.0}"
541,4,3,1,0.5,0.0,0.3891971,0.3697747899591923,0.44266897,0.5095672,,3,"{""lr"": 0.001, ""dropout"": 0.5, ""aux_weight"": 0.0}"
544,4,3,1,0.5,0.0,0.43823183,0.3697747899591923,0.43263513,0.5135315,,3,"{""lr"": 0.001, ""dropout"": 0.5, ""aux_weight"": 0.0}"
549,4,3,0,0.0,1.0,0.34384632,0.3697747899591923,0.44482863,0.50754905,,3,"{""lr"": 0.001, ""dropout"": 0.5, ""aux_weight"": 0.0}"
554,4,3,1,0.5,0.0,0.5316042,0.3697747899591923,0.3840052,0.50691926,,3,"{""lr"": 0.001, ""dropout"": 0.5, ""aux_weight"": 0.0}"
564,4,3,1,0.5,0.0,0.41700208,0.3697747899591923,0.452046,0.4987251,,3,"{""lr"": 0.001, ""dropout"": 0.5, ""aux_weight"": 0.0}"
567,4,3,0,0.3333333333333333,0.3333333333333333,0.41050577,0.3697747899591923,0.37307233,0.5046528,,3,"{""lr"": 0.001, ""dropout"": 0.5, ""aux_weight"": 0.0}"
569,4,3,0,0.1666666666666666,0.6666666666666667,0.43099797,0.3697747899591923,0.41116163,0.5161028,,3,"{""lr"": 0.001, ""dropout"": 0.5, ""aux_weight"": 0.0}"
573,4,3,0,0.3333333333333333,0.3333333333333333,0.51597977,0.3697747899591923,0.38104624,0.50420177,,3,"{""lr"": 0.001, ""dropout"": 0.5, ""aux_weight"": 0.0}"
574,4,3,0,0.3333333333333333,0.3333333333333333,0.3467291,0.3697747899591923,0.4601096,0.50400853,,3,"{""lr"": 0.001, ""dropout"": 0.5, ""aux_weight"": 0.0}"
575,4,3,1,0.5,0.0,0.5423666,0.3697747899591923,0.3768716,0.5122142,,3,"{""lr"": 0.001, ""dropout"": 0.5, ""aux_weight"": 0.0}"
585,4,3,1,0.5,0.0,0.44883323,0.3697747899591923,0.44807678,0.5065458,,3,"{""lr"": 0.001, ""dropout"": 0.5, ""aux_weight"": 0.0}"
587,4,3,1,0.8333333333333334,0.6666666666666667,0.42779997,0.3697747899591923,0.47790638,0.50603974,,3,"{""lr"": 0.001, ""dropout"": 0.5, ""aux_weight"": 0.0}"
588,4,3,0,0.1666666666666666,0.6666666666666667,0.41486242,0.3697747899591923,0.41674465,0.51171875,,3,"{""lr"": 0.001, ""dropout"": 0.5, ""aux_weight"": 0.0}"
589,4,3,0,0.3333333333333333,0.3333333333333333,0.48377424,0.3697747899591923,0.37349844,0.5095576,,3,"{""lr"": 0.001, ""dropout"": 0.5, ""aux_weight"": 0.0}"
594,4,3,0,0.0,1.0,0.38265538,0.3697747899591923,0.4489752,0.5018709,,3,"{""lr"": 0.001, ""dropout"": 0.5, ""aux_weight"": 0.0}"
596,4,3,1,0.5,0.0,0.37290093,0.3697747899591923,0.48488355,0.5197578,,3,"{""lr"": 0.001, ""dropout"": 0.5, ""aux_weight"": 0.0}"
605,4,3,1,0.5,0.0,0.4157348,0.3697747899591923,0.4248659,0.51509833,,3,"{""lr"": 0.001, ""dropout"": 0.5, ""aux_weight"": 0.0}"
615,4,3,1,0.75,0.5,0.45789555,0.3697747899591923,0.45392436,0.5075273,,3,"{""lr"": 0.001, ""dropout"": 0.5, ""aux_weight"": 0.0}"
622,4,3,1,0.75,0.5,0.3173508,0.3697747899591923,0.47963232,0.5082327,,3,"{""lr"": 0.001, ""dropout"": 0.5, ""aux_weight"": 0.0}"
626,4,3,1,0.5,0.0,0.45267573,0.3697747899591923,0.43531948,0.50666404,,3,"{""lr"": 0.001, ""dropout"": 0.5, ""aux_weight"": 0.0}"
638,4,3,0,0.25,0.5,0.46627313,0.3697747899591923,0.43513978,0.50666404,,3,"{""lr"": 0.001, ""dropout"": 0.5, ""aux_weight"": 0.0}"
643,4,3,1,0.5,0.0,0.39755625,0.3697747899591923,0.4484524,0.50756025,,3,"{""lr"": 0.001, ""dropout"": 0.5, ""aux_weight"": 0.0}"
652,4,3,0,0.0,1.0,0.19842495,0.3697747899591923,0.44115013,0.5112156,,3,"{""lr"": 0.001, ""dropout"": 0.5, ""aux_weight"": 0.0}"
653,4,3,1,0.5,0.0,0.36702216,0.3697747899591923,0.45506412,0.5046663,,3,"{""lr"": 0.001, ""dropout"": 0.5, ""aux_weight"": 0.0}"
664,4,3,1,0.6666666666666666,0.3333333333333332,0.3584311,0.3697747899591923,0.46435755,0.5089566,,3,"{""lr"": 0.001, ""dropout"": 0.5, ""aux_weight"": 0.0}"
672,4,3,0,0.0,1.0,0.30251765,0.3697747899591923,0.44388777,0.50888574,,3,"{""lr"": 0.001, ""dropout"": 0.5, ""aux_weight"": 0.0}"
674,4,3,0,0.3333333333333333,0.3333333333333333,0.3913094,0.3697747899591923,0.38132524,0.50430113,,3,"{""lr"": 0.001, ""dropout"": 0.5, ""aux_weight"": 0.0}"
675,4,3,0,0.3333333333333333,0.3333333333333333,0.30659917,0.3697747899591923,0.4500243,0.5044867,,3,"{""lr"": 0.001, ""dropout"": 0.5, ""aux_weight"": 0.0}"
676,4,3,0,0.1666666666666666,0.6666666666666667,0.35285658,0.3697747899591923,0.4731695,0.50768477,,3,"{""lr"": 0.001, ""dropout"": 0.5, ""aux_weight"": 0.0}"
693,4,3,1,0.5,0.0,0.52695525,0.3697747899591923,0.40661588,0.5086805,,3,"{""lr"": 0.001, ""dropout"": 0.5, ""aux_weight"": 0.0}"
704,4,3,0,0.3333333333333333,0.3333333333333333,0.31722313,0.3697747899591923,0.46702784,0.51513743,,3,"{""lr"": 0.001, ""dropout"": 0.5, ""aux_weight"": 0.0}"
709,4,3,0,0.3333333333333333,0.3333333333333333,0.34129286,0.3697747899591923,0.5295079,0.508979,,3,"{""lr"": 0.001, ""dropout"": 0.5, ""aux_weight"": 0.0}"
710,4,3,0,0.0,1.0,0.22487253,0.3697747899591923,0.4601851,0.5156208,,3,"{""lr"": 0.001, ""dropout"": 0.5, ""aux_weight"": 0.0}"
714,4,3,0,0.3333333333333333,0.3333333333333333,0.2338542,0.3697747899591923,0.48521674,0.5055726,,3,"{""lr"": 0.001, ""dropout"": 0.5, ""aux_weight"": 0.0}"
717,4,3,1,0.5,0.0,0.4228189,0.3697747899591923,0.42683622,0.5092899,,3,"{""lr"": 0.001, ""dropout"": 0.5, ""aux_weight"": 0.0}"
719,4,3,0,0.1666666666666666,0.6666666666666667,0.341379,0.3697747899591923,0.48030663,0.50067127,,3,"{""lr"": 0.001, ""dropout"": 0.5, ""aux_weight"": 0.0}"
722,4,3,0,0.2,0.6,0.24452583,0.3697747899591923,0.44538435,0.50573623,,3,"{""lr"": 0.001, ""dropout"": 0.5, ""aux_weight"": 0.0}"
735,4,3,0,0.0,1.0,0.19406214,0.3697747899591923,0.4771226,0.5102476,,3,"{""lr"": 0.001, ""dropout"": 0.5, ""aux_weight"": 0.0}"
737,4,3,0,0.1666666666666666,0.6666666666666667,0.24302071,0.3697747899591923,0.4612882,0.5141592,,3,"{""lr"": 0.001, ""dropout"": 0.5, ""aux_weight"": 0.0}"
2,4,4,0,0.4,0.1999999999999999,0.2530887,0.3802566282451153,0.33608037,0.33301625,,15,"{""lr"": 0.0003, ""dropout"": 0.3, ""aux_weight"": 0.3}"
5,4,4,0,0.2,0.6,0.2496904,0.3802566282451153,0.25448433,0.38214344,,15,"{""lr"": 0.0003, ""dropout"": 0.3, ""aux_weight"": 0.3}"
9,4,4,0,0.0,1.0,0.14156616,0.3802566282451153,0.16904388,0.360705,,15,"{""lr"": 0.0003, ""dropout"": 0.3, ""aux_weight"": 0.3}"
16,4,4,1,0.6,0.1999999999999999,0.21145263,0.3802566282451153,0.18236756,0.40784883,,15,"{""lr"": 0.0003, ""dropout"": 0.3, ""aux_weight"": 0.3}"
20,4,4,0,0.25,0.5,0.15169847,0.3802566282451153,0.17844242,0.33858865,,15,"{""lr"": 0.0003, ""dropout"": 0.3, ""aux_weight"": 0.3}"
32,4,4,0,0.2,0.6,0.28490108,0.3802566282451153,0.3066355,0.34146807,,15,"{""lr"": 0.0003, ""dropout"": 0.3, ""aux_weight"": 0.3}"
40,4,4,0,0.2,0.6,0.17852835,0.3802566282451153,0.25420797,0.3423143,,15,"{""lr"": 0.0003, ""dropout"": 0.3, ""aux_weight"": 0.3}"
63,4,4,0,0.0,1.0,0.2936141,0.3802566282451153,0.30130488,0.36475047,,15,"{""lr"": 0.0003, ""dropout"": 0.3, ""aux_weight"": 0.3}"
69,4,4,0,0.0,1.0,0.17693412,0.3802566282451153,0.22072789,0.3471156,,15,"{""lr"": 0.0003, ""dropout"": 0.3, ""aux_weight"": 0.3}"
73,4,4,0,0.0,1.0,0.1675248,0.3802566282451153,0.19364907,0.34882918,,15,"{""lr"": 0.0003, ""dropout"": 0.3, ""aux_weight"": 0.3}"
74,4,4,0,0.0,1.0,0.37875447,0.3802566282451153,0.4037081,0.3736313,,15,"{""lr"": 0.0003, ""dropout"": 0.3, ""aux_weight"": 0.3}"
80,4,4,0,0.0,1.0,0.31178886,0.3802566282451153,0.3360295,0.35333833,,15,"{""lr"": 0.0003, ""dropout"": 0.3, ""aux_weight"": 0.3}"
85,4,4,0,0.25,0.5,0.25843784,0.3802566282451153,0.25689232,0.38497564,,15,"{""lr"": 0.0003, ""dropout"": 0.3, ""aux_weight"": 0.3}"
86,4,4,0,0.0,1.0,0.19898038,0.3802566282451153,0.1933963,0.36916238,,15,"{""lr"": 0.0003, ""dropout"": 0.3, ""aux_weight"": 0.3}"
89,4,4,0,0.25,0.5,0.34803495,0.3802566282451153,0.3488078,0.39065972,,15,"{""lr"": 0.0003, ""dropout"": 0.3, ""aux_weight"": 0.3}"
113,4,4,0,0.1111111111111111,0.7777777777777778,0.43016624,0.3802566282451153,0.4573633,0.3850816,,15,"{""lr"": 0.0003, ""dropout"": 0.3, ""aux_weight"": 0.3}"
117,4,4,0,0.25,0.5,0.23389941,0.3802566282451153,0.2841741,0.32938173,,15,"{""lr"": 0.0003, ""dropout"": 0.3, ""aux_weight"": 0.3}"
123,4,4,0,0.0,1.0,0.17999646,0.3802566282451153,0.2232695,0.35072675,,15,"{""lr"": 0.0003, ""dropout"": 0.3, ""aux_weight"": 0.3}"
130,4,4,0,0.1111111111111111,0.7777777777777778,0.17260522,0.3802566282451153,0.24475022,0.3364125,,15,"{""lr"": 0.0003, ""dropout"": 0.3, ""aux_weight"": 0.3}"
133,4,4,1,0.8888888888888888,0.7777777777777777,0.19017103,0.3802566282451153,0.20479703,0.3748626,,15,"{""lr"": 0.0003, ""dropout"": 0.3, ""aux_weight"": 0.3}"
141,4,4,0,0.0,1.0,0.35262644,0.3802566282451153,0.36001065,0.40199122,,15,"{""lr"": 0.0003, ""dropout"": 0.3, ""aux_weight"": 0.3}"
142,4,4,0,0.0,1.0,0.37565047,0.3802566282451153,0.39836293,0.3742238,,15,"{""lr"": 0.0003, ""dropout"": 0.3, ""aux_weight"": 0.3}"
144,4,4,0,0.0,1.0,0.23140214,0.3802566282451153,0.23244196,0.35529038,,15,"{""lr"": 0.0003, ""dropout"": 0.3, ""aux_weight"": 0.3}"
146,4,4,1,0.8888888888888888,0.7777777777777777,0.19960119,0.3802566282451153,0.18739322,0.38848233,,15,"{""lr"": 0.0003, ""dropout"": 0.3, ""aux_weight"": 0.3}"
149,4,4,0,0.3333333333333333,0.3333333333333333,0.15634778,0.3802566282451153,0.16169193,0.35699007,,15,"{""lr"": 0.0003, ""dropout"": 0.3, ""aux_weight"": 0.3}"
150,4,4,0,0.0,1.0,0.2647032,0.3802566282451153,0.30462134,0.33334506,,15,"{""lr"": 0.0003, ""dropout"": 0.3, ""aux_weight"": 0.3}"
152,4,4,0,0.0,1.0,0.1294834,0.3802566282451153,0.16656703,0.3690363,,15,"{""lr"": 0.0003, ""dropout"": 0.3, ""aux_weight"": 0.3}"
154,4,4,0,0.25,0.5,0.17554697,0.3802566282451153,0.19337758,0.34903255,,15,"{""lr"": 0.0003, ""dropout"": 0.3, ""aux_weight"": 0.3}"
155,4,4,0,0.25,0.5,0.4011674,0.3802566282451153,0.43391573,0.33561417,,15,"{""lr"": 0.0003, ""dropout"": 0.3, ""aux_weight"": 0.3}"
161,4,4,0,0.0,1.0,0.2630695,0.3802566282451153,0.28305206,0.34086964,,15,"{""lr"": 0.0003, ""dropout"": 0.3, ""aux_weight"": 0.3}"
164,4,4,0,0.0,1.0,0.14710078,0.3802566282451153,0.15186968,0.34748942,,15,"{""lr"": 0.0003, ""dropout"": 0.3, ""aux_weight"": 0.3}"
175,4,4,0,0.0,1.0,0.24316268,0.3802566282451153,0.26970872,0.36731523,,15,"{""lr"": 0.0003, ""dropout"": 0.3, ""aux_weight"": 0.3}"
186,4,4,0,0.0,1.0,0.16678038,0.3802566282451153,0.21094775,0.34325022,,15,"{""lr"": 0.0003, ""dropout"": 0.3, ""aux_weight"": 0.3}"
193,4,4,0,0.25,0.5,0.37543315,0.3802566282451153,0.3635717,0.3820679,,15,"{""lr"": 0.0003, ""dropout"": 0.3, ""aux_weight"": 0.3}"
196,4,4,1,0.5,0.0,0.37239194,0.3802566282451153,0.37676898,0.37236014,,15,"{""lr"": 0.0003, ""dropout"": 0.3, ""aux_weight"": 0.3}"
199,4,4,0,0.25,0.5,0.16478118,0.3802566282451153,0.19878024,0.39283118,,15,"{""lr"": 0.0003, ""dropout"": 0.3, ""aux_weight"": 0.3}"
202,4,4,1,0.6,0.1999999999999999,0.12286185,0.3802566282451153,0.14787614,0.4149857,,15,"{""lr"": 0.0003, ""dropout"": 0.3, ""aux_weight"": 0.3}"
208,4,4,0,0.0,1.0,0.16024137,0.3802566282451153,0.15867133,0.40240017,,15,"{""lr"": 0.0003, ""dropout"": 0.3, ""aux_weight"": 0.3}"
210,4,4,0,0.4,0.1999999999999999,0.6114309,0.3802566282451153,0.65915716,0.3554566,,15,"{""lr"": 0.0003, ""dropout"": 0.3, ""aux_weight"": 0.3}"
223,4,4,0,0.2,0.6,0.24247158,0.3802566282451153,0.30116147,0.351606,,15,"{""lr"": 0.0003, ""dropout"": 0.3, ""aux_weight"": 0.3}"
225,4,4,0,0.2,0.6,0.15555792,0.3802566282451153,0.14941886,0.38890523,,15,"{""lr"": 0.0003, ""dropout"": 0.3, ""aux_weight"": 0.3}"
232,4,4,0,0.25,0.5,0.24243982,0.3802566282451153,0.3199337,0.3513887,,15,"{""lr"": 0.0003, ""dropout"": 0.3, ""aux_weight"": 0.3}"
257,4,4,0,0.25,0.5,0.2070728,0.3802566282451153,0.2550809,0.33457294,,15,"{""lr"": 0.0003, ""dropout"": 0.3, ""aux_weight"": 0.3}"
263,4,4,0,0.2,0.6,0.16248539,0.3802566282451153,0.15603441,0.39869303,,15,"{""lr"": 0.0003, ""dropout"": 0.3, ""aux_weight"": 0.3}"
264,4,4,0,0.25,0.5,0.16359478,0.3802566282451153,0.15378386,0.3925732,,15,"{""lr"": 0.0003, ""dropout"": 0.3, ""aux_weight"": 0.3}"
265,4,4,1,0.5,0.0,0.17959237,0.3802566282451153,0.1731909,0.38440964,,15,"{""lr"": 0.0003, ""dropout"": 0.3, ""aux_weight"": 0.3}"
268,4,4,1,0.5,0.0,0.13516134,0.3802566282451153,0.121897325,0.3846515,,15,"{""lr"": 0.0003, ""dropout"": 0.3, ""aux_weight"": 0.3}"
270,4,4,0,0.0,1.0,0.3869846,0.3802566282451153,0.36345088,0.370346,,15,"{""lr"": 0.0003, ""dropout"": 0.3, ""aux_weight"": 0.3}"
276,4,4,0,0.2,0.6,0.3718355,0.3802566282451153,0.3469748,0.38634714,,15,"{""lr"": 0.0003, ""dropout"": 0.3, ""aux_weight"": 0.3}"
283,4,4,0,0.25,0.5,0.38971317,0.3802566282451153,0.40406883,0.39805177,,15,"{""lr"": 0.0003, ""dropout"": 0.3, ""aux_weight"": 0.3}"
284,4,4,1,0.5,0.0,0.25540292,0.3802566282451153,0.30263245,0.39473036,,15,"{""lr"": 0.0003, ""dropout"": 0.3, ""aux_weight"": 0.3}"
285,4,4,0,0.4,0.1999999999999999,0.32862893,0.3802566282451153,0.3195607,0.37057853,,15,"{""lr"": 0.0003, ""dropout"": 0.3, ""aux_weight"": 0.3}"
289,4,4,1,0.5,0.0,0.260104,0.3802566282451153,0.33204553,0.325887,,15,"{""lr"": 0.0003, ""dropout"": 0.3, ""aux_weight"": 0.3}"
292,4,4,0,0.25,0.5,0.44496146,0.3802566282451153,0.4681691,0.34010032,,15,"{""lr"": 0.0003, ""dropout"": 0.3, ""aux_weight"": 0.3}"
297,4,4,0,0.0,1.0,0.24111877,0.3802566282451153,0.25932497,0.354778,,15,"{""lr"": 0.0003, ""dropout"": 0.3, ""aux_weight"": 0.3}"
298,4,4,0,0.25,0.5,0.34749585,0.3802566282451153,0.42871362,0.34456262,,15,"{""lr"": 0.0003, ""dropout"": 0.3, ""aux_weight"": 0.3}"
300,4,4,0,0.0,1.0,0.29107928,0.3802566282451153,0.34217435,0.3667741,,15,"{""lr"": 0.0003, ""dropout"": 0.3, ""aux_weight"": 0.3}"
308,4,4,0,0.4,0.1999999999999999,0.41306427,0.3802566282451153,0.41604143,0.39683163,,15,"{""lr"": 0.0003, ""dropout"": 0.3, ""aux_weight"": 0.3}"
309,4,4,1,0.8,0.6000000000000001,0.31925648,0.3802566282451153,0.31972432,0.39372244,,15,"{""lr"": 0.0003, ""dropout"": 0.3, ""aux_weight"": 0.3}"
312,4,4,0,0.0,1.0,0.27167246,0.3802566282451153,0.3274994,0.35786352,,15,"{""lr"": 0.0003, ""dropout"": 0.3, ""aux_weight"": 0.3}"
317,4,4,0,0.4,0.1999999999999999,0.26537654,0.3802566282451153,0.28351265,0.3768933,,15,"{""lr"": 0.0003, ""dropout"": 0.3, ""aux_weight"": 0.3}"
318,4,4,0,0.4,0.1999999999999999,0.33570415,0.3802566282451153,0.33848545,0.40639707,,15,"{""lr"": 0.0003, ""dropout"": 0.3, ""aux_weight"": 0.3}"
324,4,4,0,0.2,0.6,0.38492513,0.3802566282451153,0.39967877,0.3687751,,15,"{""lr"": 0.0003, ""dropout"": 0.3, ""aux_weight"": 0.3}"
328,4,4,1,0.6,0.1999999999999999,0.22218779,0.3802566282451153,0.23929644,0.35588104,,15,"{""lr"": 0.0003, ""dropout"": 0.3, ""aux_weight"": 0.3}"
332,4,4,0,0.0,1.0,0.37431967,0.3802566282451153,0.38731998,0.4093407,,15,"{""lr"": 0.0003, ""dropout"": 0.3, ""aux_weight"": 0.3}"
333,4,4,0,0.0,1.0,0.24346647,0.3802566282451153,0.27140087,0.37539014,,15,"{""lr"": 0.0003, ""dropout"": 0.3, ""aux_weight"": 0.3}"
335,4,4,1,0.5,0.0,0.27720174,0.3802566282451153,0.2820777,0.3722405,,15,"{""lr"": 0.0003, ""dropout"": 0.3, ""aux_weight"": 0.3}"
340,4,4,1,0.6,0.1999999999999999,0.2909184,0.3802566282451153,0.29972804,0.36963752,,15,"{""lr"": 0.0003, ""dropout"": 0.3, ""aux_weight"": 0.3}"
344,4,4,0,0.2,0.6,0.2495918,0.3802566282451153,0.26719698,0.38398674,,15,"{""lr"": 0.0003, ""dropout"": 0.3, ""aux_weight"": 0.3}"
347,4,4,0,0.4,0.1999999999999999,0.5937946,0.3802566282451153,0.63900304,0.3653845,,15,"{""lr"": 0.0003, ""dropout"": 0.3, ""aux_weight"": 0.3}"
358,4,4,0,0.25,0.5,0.52984565,0.3802566282451153,0.52744234,0.39593634,,15,"{""lr"": 0.0003, ""dropout"": 0.3, ""aux_weight"": 0.3}"
360,4,4,0,0.25,0.5,0.23754166,0.3802566282451153,0.2729882,0.37609783,,15,"{""lr"": 0.0003, ""dropout"": 0.3, ""aux_weight"": 0.3}"
365,4,4,0,0.25,0.5,0.53839093,0.3802566282451153,0.554891,0.3307007,,15,"{""lr"": 0.0003, ""dropout"": 0.3, ""aux_weight"": 0.3}"
369,4,4,0,0.0,1.0,0.13329077,0.3802566282451153,0.15882006,0.35834134,,15,"{""lr"": 0.0003, ""dropout"": 0.3, ""aux_weight"": 0.3}"
373,4,4,0,0.0,1.0,0.40607715,0.3802566282451153,0.42773885,0.40396547,,15,"{""lr"": 0.0003, ""dropout"": 0.3, ""aux_weight"": 0.3}"
378,4,4,1,0.5,0.0,0.5052558,0.3802566282451153,0.45244718,0.39767012,,15,"{""lr"": 0.0003, ""dropout"": 0.3, ""aux_weight"": 0.3}"
383,4,4,0,0.0,1.0,0.16459689,0.3802566282451153,0.19115204,0.36353165,,15,"{""lr"": 0.0003, ""dropout"": 0.3, ""aux_weight"": 0.3}"
385,4,4,1,0.5,0.0,0.41739,0.3802566282451153,0.4809775,0.32898885,,15,"{""lr"": 0.0003, ""dropout"": 0.3, ""aux_weight"": 0.3}"
397,4,4,1,0.75,0.5,0.49847555,0.3802566282451153,0.49487218,0.3670876,,15,"{""lr"": 0.0003, ""dropout"": 0.3, ""aux_weight"": 0.3}"
399,4,4,0,0.25,0.5,0.5146392,0.3802566282451153,0.5530716,0.35192606,,15,"{""lr"": 0.0003, ""dropout"": 0.3, ""aux_weight"": 0.3}"
401,4,4,0,0.2,0.6,0.36881828,0.3802566282451153,0.36160487,0.35046524,,15,"{""lr"": 0.0003, ""dropout"": 0.3, ""aux_weight"": 0.3}"
413,4,4,0,0.0,1.0,0.4495436,0.3802566282451153,0.5211357,0.37333235,,15,"{""lr"": 0.0003, ""dropout"": 0.3, ""aux_weight"": 0.3}"
421,4,4,0,0.2,0.6,0.34046608,0.3802566282451153,0.32154888,0.4095362,,15,"{""lr"": 0.0003, ""dropout"": 0.3, ""aux_weight"": 0.3}"
427,4,4,1,0.6,0.1999999999999999,0.5959211,0.3802566282451153,0.60833025,0.4160177,,15,"{""lr"": 0.0003, ""dropout"": 0.3, ""aux_weight"": 0.3}"
430,4,4,1,0.6,0.1999999999999999,0.48435786,0.3802566282451153,0.4420776,0.40087062,,15,"{""lr"": 0.0003, ""dropout"": 0.3, ""aux_weight"": 0.3}"
431,4,4,0,0.4,0.1999999999999999,0.4763574,0.3802566282451153,0.51687706,0.395698,,15,"{""lr"": 0.0003, ""dropout"": 0.3, ""aux_weight"": 0.3}"
432,4,4,0,0.2,0.6,0.42545825,0.3802566282451153,0.45098078,0.3678888,,15,"{""lr"": 0.0003, ""dropout"": 0.3, ""aux_weight"": 0.3}"
433,4,4,0,0.0,1.0,0.29214275,0.3802566282451153,0.32036066,0.37116596,,15,"{""lr"": 0.0003, ""dropout"": 0.3, ""aux_weight"": 0.3}"
444,4,4,0,0.2,0.6,0.4313711,0.3802566282451153,0.47679794,0.37579507,,15,"{""lr"": 0.0003, ""dropout"": 0.3, ""aux_weight"": 0.3}"
451,4,4,0,0.25,0.5,0.37565362,0.3802566282451153,0.36661685,0.4028406,,15,"{""lr"": 0.0003, ""dropout"": 0.3, ""aux_weight"": 0.3}"
454,4,4,0,0.0,1.0,0.48704714,0.3802566282451153,0.5155338,0.37168723,,15,"{""lr"": 0.0003, ""dropout"": 0.3, ""aux_weight"": 0.3}"
461,4,4,1,0.5,0.0,0.49907798,0.3802566282451153,0.5635365,0.32962164,,15,"{""lr"": 0.0003, ""dropout"": 0.3, ""aux_weight"": 0.3}"
467,4,4,1,1.0,1.0,0.43252498,0.3802566282451153,0.43809414,0.37957662,,15,"{""lr"": 0.0003, ""dropout"": 0.3, ""aux_weight"": 0.3}"
469,4,4,1,0.75,0.5,0.33345938,0.3802566282451153,0.3645485,0.38214833,,15,"{""lr"": 0.0003, ""dropout"": 0.3, ""aux_weight"": 0.3}"
475,4,4,0,0.25,0.5,0.42517948,0.3802566282451153,0.45409226,0.3513887,,15,"{""lr"": 0.0003, ""dropout"": 0.3, ""aux_weight"": 0.3}"
487,4,4,0,0.2,0.6,0.07274176,0.3802566282451153,0.09252912,0.3722405,,15,"{""lr"": 0.0003, ""dropout"": 0.3, ""aux_weight"": 0.3}"
491,4,4,1,0.5,0.0,0.5365695,0.3802566282451153,0.56071746,0.36217114,,15,"{""lr"": 0.0003, ""dropout"": 0.3, ""aux_weight"": 0.3}"
499,4,4,0,0.0,1.0,0.4369169,0.3802566282451153,0.4426785,0.37812766,,15,"{""lr"": 0.0003, ""dropout"": 0.3, ""aux_weight"": 0.3}"
502,4,4,1,0.75,0.5,0.29648006,0.3802566282451153,0.33576983,0.36453998,,15,"{""lr"": 0.0003, ""dropout"": 0.3, ""aux_weight"": 0.3}"
503,4,4,0,0.0,1.0,0.32144272,0.3802566282451153,0.33992374,0.36562508,,15,"{""lr"": 0.0003, ""dropout"": 0.3, ""aux_weight"": 0.3}"
508,4,4,1,0.75,0.5,0.34514135,0.3802566282451153,0.33719522,0.41812152,,15,"{""lr"": 0.0003, ""dropout"": 0.3, ""aux_weight"": 0.3}"
513,4,4,0,0.0,1.0,0.49938613,0.3802566282451153,0.51239574,0.39284065,,15,"{""lr"": 0.0003, ""dropout"": 0.3, ""aux_weight"": 0.3}"
514,4,4,1,0.75,0.5,0.51288986,0.3802566282451153,0.53835344,0.39226544,,15,"{""lr"": 0.0003, ""dropout"": 0.3, ""aux_weight"": 0.3}"
524,4,4,0,0.0,1.0,0.5598129,0.3802566282451153,0.5997279,0.35844958,,15,"{""lr"": 0.0003, ""dropout"": 0.3, ""aux_weight"": 0.3}"
525,4,4,0,0.2,0.6,0.15773737,0.3802566282451153,0.16954663,0.37763035,,15,"{""lr"": 0.0003, ""dropout"": 0.3, ""aux_weight"": 0.3}"
529,4,4,1,0.5,0.0,0.3471688,0.3802566282451153,0.38747895,0.34498057,,15,"{""lr"": 0.0003, ""dropout"": 0.3, ""aux_weight"": 0.3}"
531,4,4,1,0.75,0.5,0.47469497,0.3802566282451153,0.5078016,0.35911366,,15,"{""lr"": 0.0003, ""dropout"": 0.3, ""aux_weight"": 0.3}"
532,4,4,0,0.0,1.0,0.1861201,0.3802566282451153,0.19611251,0.37986824,,15,"{""lr"": 0.0003, ""dropout"": 0.3, ""aux_weight"": 0.3}"
545,4,4,0,0.25,0.5,0.2015738,0.3802566282451153,0.22127834,0.39008036,,15,"{""lr"": 0.0003, ""dropout"": 0.3, ""aux_weight"": 0.3}"
546,4,4,1,0.5,0.0,0.36118865,0.3802566282451153,0.38279697,0.40429923,,15,"{""lr"": 0.0003, ""dropout"": 0.3, ""aux_weight"": 0.3}"
556,4,4,0,0.1666666666666666,0.6666666666666667,0.46738505,0.3802566282451153,0.42326814,0.39653975,,15,"{""lr"": 0.0003, ""dropout"": 0.3, ""aux_weight"": 0.3}"
559,4,4,1,0.6666666666666666,0.3333333333333332,0.4022677,0.3802566282451153,0.42269984,0.38040835,,15,"{""lr"": 0.0003, ""dropout"": 0.3, ""aux_weight"": 0.3}"
576,4,4,1,0.5,0.0,0.4361535,0.3802566282451153,0.5260882,0.34551483,,15,"{""lr"": 0.0003, ""dropout"": 0.3, ""aux_weight"": 0.3}"
580,4,4,0,0.3333333333333333,0.3333333333333333,0.30644926,0.3802566282451153,0.35039562,0.3933642,,15,"{""lr"": 0.0003, ""dropout"": 0.3, ""aux_weight"": 0.3}"
590,4,4,0,0.3333333333333333,0.3333333333333333,0.6134343,0.3802566282451153,0.5692242,0.41094396,,15,"{""lr"": 0.0003, ""dropout"": 0.3, ""aux_weight"": 0.3}"
593,4,4,1,0.5,0.0,0.21695873,0.3802566282451153,0.25246906,0.38027668,,15,"{""lr"": 0.0003, ""dropout"": 0.3, ""aux_weight"": 0.3}"
595,4,4,1,0.8333333333333334,0.6666666666666667,0.44316518,0.3802566282451153,0.43416336,0.4100539,,15,"{""lr"": 0.0003, ""dropout"": 0.3, ""aux_weight"": 0.3}"
599,4,4,0,0.0,1.0,0.5009476,0.3802566282451153,0.43038687,0.4127705,,15,"{""lr"": 0.0003, ""dropout"": 0.3, ""aux_weight"": 0.3}"
603,4,4,1,0.5,0.0,0.35666806,0.3802566282451153,0.36121997,0.41579837,,15,"{""lr"": 0.0003, ""dropout"": 0.3, ""aux_weight"": 0.3}"
607,4,4,0,0.0,1.0,0.30186522,0.3802566282451153,0.30743688,0.42294392,,15,"{""lr"": 0.0003, ""dropout"": 0.3, ""aux_weight"": 0.3}"
611,4,4,1,0.75,0.5,0.49809578,0.3802566282451153,0.50503695,0.41645184,,15,"{""lr"": 0.0003, ""dropout"": 0.3, ""aux_weight"": 0.3}"
612,4,4,0,0.0,1.0,0.091072895,0.3802566282451153,0.11063722,0.36353165,,15,"{""lr"": 0.0003, ""dropout"": 0.3, ""aux_weight"": 0.3}"
616,4,4,1,0.75,0.5,0.3504588,0.3802566282451153,0.36720735,0.38314456,,15,"{""lr"": 0.0003, ""dropout"": 0.3, ""aux_weight"": 0.3}"
627,4,4,1,0.75,0.5,0.59079003,0.3802566282451153,0.5932618,0.380331,,15,"{""lr"": 0.0003, ""dropout"": 0.3, ""aux_weight"": 0.3}"
631,4,4,0,0.0,1.0,0.584594,0.3802566282451153,0.57719237,0.411788,,15,"{""lr"": 0.0003, ""dropout"": 0.3, ""aux_weight"": 0.3}"
645,4,4,1,0.75,0.5,0.55281293,0.3802566282451153,0.56679153,0.35669866,,15,"{""lr"": 0.0003, ""dropout"": 0.3, ""aux_weight"": 0.3}"
650,4,4,0,0.0,1.0,0.22833574,0.3802566282451153,0.26525193,0.35855818,,15,"{""lr"": 0.0003, ""dropout"": 0.3, ""aux_weight"": 0.3}"
660,4,4,0,0.1666666666666666,0.6666666666666667,0.41637298,0.3802566282451153,0.48523825,0.3503614,,15,"{""lr"": 0.0003, ""dropout"": 0.3, ""aux_weight"": 0.3}"
665,4,4,0,0.1666666666666666,0.6666666666666667,0.35086775,0.3802566282451153,0.3278559,0.4012665,,15,"{""lr"": 0.0003, ""dropout"": 0.3, ""aux_weight"": 0.3}"
668,4,4,0,0.1666666666666666,0.6666666666666667,0.5008482,0.3802566282451153,0.54973936,0.3651163,,15,"{""lr"": 0.0003, ""dropout"": 0.3, ""aux_weight"": 0.3}"
671,4,4,0,0.3333333333333333,0.3333333333333333,0.60046136,0.3802566282451153,0.6371068,0.38408288,,15,"{""lr"": 0.0003, ""dropout"": 0.3, ""aux_weight"": 0.3}"
677,4,4,1,0.6666666666666666,0.3333333333333332,0.47349384,0.3802566282451153,0.4629445,0.3971183,,15,"{""lr"": 0.0003, ""dropout"": 0.3, ""aux_weight"": 0.3}"
678,4,4,0,0.3333333333333333,0.3333333333333333,0.35038236,0.3802566282451153,0.3885268,0.36894643,,15,"{""lr"": 0.0003, ""dropout"": 0.3, ""aux_weight"": 0.3}"
684,4,4,0,0.0,1.0,0.44475484,0.3802566282451153,0.4466195,0.4176026,,15,"{""lr"": 0.0003, ""dropout"": 0.3, ""aux_weight"": 0.3}"
687,4,4,0,0.3333333333333333,0.3333333333333333,0.4341806,0.3802566282451153,0.4283236,0.41068214,,15,"{""lr"": 0.0003, ""dropout"": 0.3, ""aux_weight"": 0.3}"
688,4,4,0,0.1666666666666666,0.6666666666666667,0.385389,0.3802566282451153,0.39583528,0.4290225,,15,"{""lr"": 0.0003, ""dropout"": 0.3, ""aux_weight"": 0.3}"
691,4,4,0,0.1666666666666666,0.6666666666666667,0.5928978,0.3802566282451153,0.568589,0.4267646,,15,"{""lr"": 0.0003, ""dropout"": 0.3, ""aux_weight"": 0.3}"
696,4,4,0,0.1666666666666666,0.6666666666666667,0.4501377,0.3802566282451153,0.41593188,0.40740862,,15,"{""lr"": 0.0003, ""dropout"": 0.3, ""aux_weight"": 0.3}"
700,4,4,1,0.5,0.0,0.51779413,0.3802566282451153,0.51777256,0.40897614,,15,"{""lr"": 0.0003, ""dropout"": 0.3, ""aux_weight"": 0.3}"
706,4,4,1,0.6666666666666666,0.3333333333333332,0.47263536,0.3802566282451153,0.48050496,0.38612986,,15,"{""lr"": 0.0003, ""dropout"": 0.3, ""aux_weight"": 0.3}"
711,4,4,1,0.6,0.1999999999999999,0.41107714,0.3802566282451153,0.4125784,0.4030038,,15,"{""lr"": 0.0003, ""dropout"": 0.3, ""aux_weight"": 0.3}"
725,4,4,0,0.0,1.0,0.42645025,0.3802566282451153,0.4173004,0.37633556,,15,"{""lr"": 0.0003, ""dropout"": 0.3, ""aux_weight"": 0.3}"
726,4,4,0,0.0,1.0,0.51678,0.3802566282451153,0.5259606,0.36339363,,15,"{""lr"": 0.0003, ""dropout"": 0.3, ""aux_weight"": 0.3}"
729,4,4,0,0.4,0.1999999999999999,0.45398748,0.3802566282451153,0.4195151,0.40065536,,15,"{""lr"": 0.0003, ""dropout"": 0.3, ""aux_weight"": 0.3}"
730,4,4,0,0.3333333333333333,0.3333333333333333,0.36089098,0.3802566282451153,0.32758117,0.40385595,,15,"{""lr"": 0.0003, ""dropout"": 0.3, ""aux_weight"": 0.3}"
731,4,4,0,0.0,1.0,0.20935342,0.3802566282451153,0.23794885,0.3684011,,15,"{""lr"": 0.0003, ""dropout"": 0.3, ""aux_weight"": 0.3}"
736,4,4,0,0.0,1.0,0.33278242,0.3802566282451153,0.3492976,0.3639976,,15,"{""lr"": 0.0003, ""dropout"": 0.3, ""aux_weight"": 0.3}"
