patient_id,repeat,fold,y,y_soft,agreement,p,thr
5,0,0,0,0.2,0.6,0.4675102569689066,0.5006071729692007
7,0,0,1,0.6,0.1999999999999999,0.4243572043965233,0.5006071729692007
28,0,0,0,0.2,0.6,0.4166826765509706,0.5006071729692007
29,0,0,0,0.2,0.6,0.4808937615809029,0.5006071729692007
32,0,0,0,0.2,0.6,0.3635303798170183,0.5006071729692007
40,0,0,0,0.2,0.6,0.3657756862082623,0.5006071729692007
49,0,0,0,0.3333333333333333,0.3333333333333333,0.438422084335421,0.5006071729692007
50,0,0,1,0.8,0.6000000000000001,0.32924905897959056,0.5006071729692007
51,0,0,0,0.25,0.5,0.37950320073954785,0.5006071729692007
55,0,0,0,0.0,1.0,0.3585296657002595,0.5006071729692007
59,0,0,0,0.25,0.5,0.3184287081594749,0.5006071729692007
63,0,0,0,0.0,1.0,0.42760202060566077,0.5006071729692007
64,0,0,0,0.3333333333333333,0.3333333333333333,0.3110125366833332,0.5006071729692007
67,0,0,0,0.0,1.0,0.3336374638608343,0.5006071729692007
73,0,0,0,0.0,1.0,0.25883909418299017,0.5006071729692007
77,0,0,0,0.25,0.5,0.3544196163359334,0.5006071729692007
82,0,0,0,0.25,0.5,0.3992548328570988,0.5006071729692007
83,0,0,0,0.25,0.5,0.5207058547125651,0.5006071729692007
88,0,0,1,0.5,0.0,0.3549269173243641,0.5006071729692007
98,0,0,0,0.3333333333333333,0.3333333333333333,0.32327713356715215,0.5006071729692007
107,0,0,0,0.1111111111111111,0.7777777777777778,0.5112177057913594,0.5006071729692007
109,0,0,0,0.1111111111111111,0.7777777777777778,0.3786473367127826,0.5006071729692007
110,0,0,0,0.0,1.0,0.3764346212342699,0.5006071729692007
112,0,0,0,0.125,0.75,0.3283037926464629,0.5006071729692007
113,0,0,0,0.1111111111111111,0.7777777777777778,0.3335050615840149,0.5006071729692007
116,0,0,0,0.0,1.0,0.305667195648579,0.5006071729692007
122,0,0,0,0.0,1.0,0.2937175990543821,0.5006071729692007
127,0,0,1,0.6666666666666666,0.3333333333333332,0.4767646580711316,0.5006071729692007
134,0,0,0,0.1111111111111111,0.7777777777777778,0.4115679129880822,0.5006071729692007
139,0,0,0,0.0,1.0,0.4932895312841748,0.5006071729692007
151,0,0,0,0.0,1.0,0.413596135954337,0.5006071729692007
153,0,0,0,0.0,1.0,0.28090420021321444,0.5006071729692007
160,0,0,0,0.1666666666666666,0.6666666666666667,0.305023253103783,0.5006071729692007
161,0,0,0,0.0,1.0,0.4492631083641987,0.5006071729692007
174,0,0,1,0.5,0.0,0.34642407937683384,0.5006071729692007
177,0,0,0,0.0,1.0,0.4871598025347673,0.5006071729692007
183,0,0,0,0.0,1.0,0.49855251964980857,0.5006071729692007
199,0,0,0,0.25,0.5,0.358405881299215,0.5006071729692007
202,0,0,1,0.6,0.1999999999999999,0.4714492765864393,0.5006071729692007
206,0,0,1,0.5,0.0,0.28087954034252893,0.5006071729692007
210,0,0,0,0.4,0.1999999999999999,0.4080853344429685,0.5006071729692007
230,0,0,0,0.2,0.6,0.42566316694553635,0.5006071729692007
231,0,0,1,0.5,0.0,0.4177834194148728,0.5006071729692007
232,0,0,0,0.25,0.5,0.4247024741089967,0.5006071729692007
233,0,0,0,0.0,1.0,0.41142126881138646,0.5006071729692007
240,0,0,0,0.2,0.6,0.30743059217686924,0.5006071729692007
241,0,0,1,0.6,0.1999999999999999,0.4337457360469302,0.5006071729692007
248,0,0,0,0.4,0.1999999999999999,0.4274198145157081,0.5006071729692007
253,0,0,0,0.0,1.0,0.4175253524898743,0.5006071729692007
259,0,0,0,0.0,1.0,0.3531163378338323,0.5006071729692007
274,0,0,1,0.5,0.0,0.5612543548333433,0.5006071729692007
275,0,0,1,0.5,0.0,0.4745680213424942,0.5006071729692007
282,0,0,0,0.25,0.5,0.4530129562110047,0.5006071729692007
284,0,0,1,0.5,0.0,0.45586914040706233,0.5006071729692007
285,0,0,0,0.4,0.1999999999999999,0.43432352948665387,0.5006071729692007
287,0,0,0,0.25,0.5,0.3695186096025407,0.5006071729692007
294,0,0,0,0.0,1.0,0.4942325876787812,0.5006071729692007
300,0,0,0,0.0,1.0,0.5102214919379577,0.5006071729692007
307,0,0,0,0.4,0.1999999999999999,0.4336200843278494,0.5006071729692007
309,0,0,1,0.8,0.6000000000000001,0.5459247785411885,0.5006071729692007
310,0,0,0,0.2,0.6,0.45665209423588393,0.5006071729692007
315,0,0,1,0.8,0.6000000000000001,0.3905623703755982,0.5006071729692007
316,0,0,0,0.4,0.1999999999999999,0.39007340510135347,0.5006071729692007
319,0,0,0,0.2,0.6,0.5313883617442111,0.5006071729692007
322,0,0,1,0.6,0.1999999999999999,0.6143192142634415,0.5006071729692007
329,0,0,0,0.0,1.0,0.39707130852554956,0.5006071729692007
330,0,0,0,0.4,0.1999999999999999,0.49113539167512615,0.5006071729692007
338,0,0,0,0.4,0.1999999999999999,0.37267868805960824,0.5006071729692007
339,0,0,0,0.0,1.0,0.4169498959547329,0.5006071729692007
342,0,0,0,0.2,0.6,0.40048130706746177,0.5006071729692007
345,0,0,0,0.0,1.0,0.42740470723596397,0.5006071729692007
371,0,0,0,0.25,0.5,0.5225344160306029,0.5006071729692007
372,0,0,0,0.25,0.5,0.5218036076183197,0.5006071729692007
374,0,0,1,0.5,0.0,0.5401358763682642,0.5006071729692007
376,0,0,1,0.5,0.0,0.6321376727868633,0.5006071729692007
384,0,0,0,0.25,0.5,0.47023970547082333,0.5006071729692007
394,0,0,1,0.5,0.0,0.4401172075593415,0.5006071729692007
407,0,0,0,0.2,0.6,0.6513058608736958,0.5006071729692007
413,0,0,0,0.0,1.0,0.6478833274730105,0.5006071729692007
421,0,0,0,0.2,0.6,0.48980210517735223,0.5006071729692007
436,0,0,0,0.4,0.1999999999999999,0.5399805016673156,0.5006071729692007
438,0,0,0,0.1666666666666666,0.6666666666666667,0.39588352109830804,0.5006071729692007
456,0,0,1,0.5,0.0,0.5658958468180411,0.5006071729692007
457,0,0,1,0.5,0.0,0.5857324387944367,0.5006071729692007
459,0,0,0,0.25,0.5,0.6086317956673328,0.5006071729692007
463,0,0,0,0.25,0.5,0.47391749289219165,0.5006071729692007
465,0,0,1,0.5,0.0,0.6276593027513866,0.5006071729692007
468,0,0,0,0.25,0.5,0.6511489739608661,0.5006071729692007
480,0,0,1,0.5,0.0,0.6256409948257489,0.5006071729692007
487,0,0,0,0.2,0.6,0.4039308800789667,0.5006071729692007
490,0,0,0,0.25,0.5,0.47608709918692943,0.5006071729692007
491,0,0,1,0.5,0.0,0.5511067416280263,0.5006071729692007
492,0,0,0,0.3333333333333333,0.3333333333333333,0.5242881090727366,0.5006071729692007
495,0,0,0,0.0,1.0,0.61077961570956,0.5006071729692007
497,0,0,0,0.0,1.0,0.3459017842166424,0.5006071729692007
499,0,0,0,0.0,1.0,0.5186252137335543,0.5006071729692007
510,0,0,1,0.5,0.0,0.6355633760940996,0.5006071729692007
513,0,0,0,0.0,1.0,0.5879104437057214,0.5006071729692007
514,0,0,1,0.75,0.5,0.6282923168687338,0.5006071729692007
518,0,0,0,0.25,0.5,0.5828446844770401,0.5006071729692007
521,0,0,1,0.75,0.5,0.5258288342014904,0.5006071729692007
528,0,0,0,0.0,1.0,0.4253143156303959,0.5006071729692007
534,0,0,1,0.75,0.5,0.5399006282211849,0.5006071729692007
539,0,0,0,0.25,0.5,0.5529983117196762,0.5006071729692007
540,0,0,0,0.25,0.5,0.6396046185177617,0.5006071729692007
542,0,0,0,0.25,0.5,0.4739836429260129,0.5006071729692007
549,0,0,0,0.0,1.0,0.43118719391489213,0.5006071729692007
554,0,0,1,0.5,0.0,0.5234487454014504,0.5006071729692007
557,0,0,0,0.3333333333333333,0.3333333333333333,0.5278434637663337,0.5006071729692007
565,0,0,0,0.3333333333333333,0.3333333333333333,0.5133362397500487,0.5006071729692007
566,0,0,0,0.1666666666666666,0.6666666666666667,0.48705683150555024,0.5006071729692007
572,0,0,1,0.8333333333333334,0.6666666666666667,0.6248104076606844,0.5006071729692007
573,0,0,0,0.3333333333333333,0.3333333333333333,0.597384925584103,0.5006071729692007
574,0,0,0,0.3333333333333333,0.3333333333333333,0.4517531950710411,0.5006071729692007
577,0,0,0,0.1666666666666666,0.6666666666666667,0.6652351841939167,0.5006071729692007
583,0,0,1,0.5,0.0,0.7147316313303766,0.5006071729692007
586,0,0,1,0.6666666666666666,0.3333333333333332,0.7246025035591881,0.5006071729692007
587,0,0,1,0.8333333333333334,0.6666666666666667,0.6785818952286593,0.5006071729692007
588,0,0,0,0.1666666666666666,0.6666666666666667,0.7796411550779526,0.5006071729692007
590,0,0,0,0.3333333333333333,0.3333333333333333,0.7436514193093362,0.5006071729692007
601,0,0,0,0.0,1.0,0.4118614378681556,0.5006071729692007
603,0,0,1,0.5,0.0,0.5772063886729808,0.5006071729692007
608,0,0,0,0.0,1.0,0.6953034676553732,0.5006071729692007
618,0,0,0,0.0,1.0,0.5762450512318472,0.5006071729692007
628,0,0,0,0.0,1.0,0.5307598375072299,0.5006071729692007
633,0,0,1,0.5,0.0,0.5839371957700454,0.5006071729692007
645,0,0,1,0.75,0.5,0.5935175234250436,0.5006071729692007
648,0,0,1,0.5,0.0,0.5224708626325305,0.5006071729692007
649,0,0,1,0.5,0.0,0.5426421658946416,0.5006071729692007
650,0,0,0,0.0,1.0,0.36536637906398706,0.5006071729692007
653,0,0,1,0.5,0.0,0.4207302829854875,0.5006071729692007
657,0,0,1,0.5,0.0,0.4680842553004474,0.5006071729692007
664,0,0,1,0.6666666666666666,0.3333333333333332,0.47016029810614635,0.5006071729692007
670,0,0,1,0.5,0.0,0.5140627316656988,0.5006071729692007
674,0,0,0,0.3333333333333333,0.3333333333333333,0.42478367337946604,0.5006071729692007
689,0,0,0,0.0,1.0,0.41742477373567405,0.5006071729692007
690,0,0,0,0.0,1.0,0.46452361442235335,0.5006071729692007
694,0,0,0,0.3333333333333333,0.3333333333333333,0.543386848826395,0.5006071729692007
695,0,0,0,0.3333333333333333,0.3333333333333333,0.5854189500456263,0.5006071729692007
699,0,0,0,0.1666666666666666,0.6666666666666667,0.6269346467282593,0.5006071729692007
703,0,0,0,0.0,1.0,0.5456892276322947,0.5006071729692007
712,0,0,0,0.1666666666666666,0.6666666666666667,0.4633858462770517,0.5006071729692007
714,0,0,0,0.3333333333333333,0.3333333333333333,0.3387883523587857,0.5006071729692007
715,0,0,1,0.5,0.0,0.4361814852254676,0.5006071729692007
720,0,0,0,0.0,1.0,0.39353395064913055,0.5006071729692007
735,0,0,0,0.0,1.0,0.44052492843424385,0.5006071729692007
739,0,0,0,0.3333333333333333,0.3333333333333333,0.4432440017535918,0.5006071729692007
2,0,1,0,0.4,0.1999999999999999,0.3248059625747286,0.48246333691622506
4,0,1,1,0.6,0.1999999999999999,0.4102781286944831,0.48246333691622506
6,0,1,0,0.2,0.6,0.3432851366632308,0.48246333691622506
14,0,1,0,0.2,0.6,0.44062508825491686,0.48246333691622506
16,0,1,1,0.6,0.1999999999999999,0.39020343745986874,0.48246333691622506
26,0,1,1,0.8,0.6000000000000001,0.2722779577099105,0.48246333691622506
30,0,1,0,0.2,0.6,0.3675927321897655,0.48246333691622506
34,0,1,0,0.1666666666666666,0.6666666666666667,0.5604670160847915,0.48246333691622506
38,0,1,0,0.0,1.0,0.4590244524114455,0.48246333691622506
39,0,1,0,0.0,1.0,0.43180982099937665,0.48246333691622506
56,0,1,0,0.25,0.5,0.3878220890866777,0.48246333691622506
61,0,1,0,0.2,0.6,0.27354242636264686,0.48246333691622506
65,0,1,0,0.25,0.5,0.2851706973714069,0.48246333691622506
66,0,1,0,0.0,1.0,0.35193641177287804,0.48246333691622506
68,0,1,0,0.0,1.0,0.26123723104758656,0.48246333691622506
69,0,1,0,0.0,1.0,0.3676265833004164,0.48246333691622506
74,0,1,0,0.0,1.0,0.5100426177932861,0.48246333691622506
78,0,1,0,0.0,1.0,0.4013740885658147,0.48246333691622506
85,0,1,0,0.25,0.5,0.49261713700869003,0.48246333691622506
87,0,1,0,0.0,1.0,0.4206403272074752,0.48246333691622506
93,0,1,0,0.0,1.0,0.4924986197186092,0.48246333691622506
94,0,1,0,0.25,0.5,0.3498282591593508,0.48246333691622506
95,0,1,0,0.25,0.5,0.3337989052229436,0.48246333691622506
96,0,1,0,0.0,1.0,0.3837539694889224,0.48246333691622506
120,0,1,0,0.0,1.0,0.45692616011667836,0.48246333691622506
124,0,1,0,0.0,1.0,0.515677839059355,0.48246333691622506
131,0,1,0,0.0,1.0,0.4701091645321204,0.48246333691622506
141,0,1,0,0.0,1.0,0.49811123170808735,0.48246333691622506
142,0,1,0,0.0,1.0,0.4240970246648697,0.48246333691622506
143,0,1,1,0.5555555555555556,0.1111111111111111,0.4179879237648995,0.48246333691622506
146,0,1,1,0.8888888888888888,0.7777777777777777,0.4134096658677589,0.48246333691622506
148,0,1,0,0.1111111111111111,0.7777777777777778,0.3783393211277126,0.48246333691622506
149,0,1,0,0.3333333333333333,0.3333333333333333,0.30276891249964577,0.48246333691622506
150,0,1,0,0.0,1.0,0.4319880059333335,0.48246333691622506
152,0,1,0,0.0,1.0,0.3430480830255069,0.48246333691622506
155,0,1,0,0.25,0.5,0.4448318495710992,0.48246333691622506
156,0,1,0,0.25,0.5,0.3051681724277241,0.48246333691622506
159,0,1,0,0.0,1.0,0.36768978046852685,0.48246333691622506
163,0,1,0,0.25,0.5,0.453553841188804,0.48246333691622506
166,0,1,0,0.25,0.5,0.3435993108481947,0.48246333691622506
168,0,1,0,0.25,0.5,0.562119737547011,0.48246333691622506
182,0,1,0,0.0,1.0,0.5188555289854917,0.48246333691622506
187,0,1,0,0.0,1.0,0.4407152231219179,0.48246333691622506
189,0,1,1,0.5,0.0,0.41425020621725406,0.48246333691622506
190,0,1,0,0.25,0.5,0.31379057154321277,0.48246333691622506
196,0,1,1,0.5,0.0,0.4162448515371751,0.48246333691622506
200,0,1,0,0.2,0.6,0.47634983991430246,0.48246333691622506
204,0,1,0,0.4,0.1999999999999999,0.4450145778910858,0.48246333691622506
208,0,1,0,0.0,1.0,0.47832660978496505,0.48246333691622506
209,0,1,0,0.2,0.6,0.5249247657762028,0.48246333691622506
211,0,1,1,0.6,0.1999999999999999,0.5638860676699464,0.48246333691622506
212,0,1,0,0.2,0.6,0.3723144607787876,0.48246333691622506
215,0,1,0,0.2,0.6,0.4518129443860026,0.48246333691622506
221,0,1,1,0.8,0.6000000000000001,0.34694830345163075,0.48246333691622506
224,0,1,0,0.4,0.1999999999999999,0.4598702591218674,0.48246333691622506
226,0,1,0,0.0,1.0,0.4495017440091588,0.48246333691622506
243,0,1,0,0.0,1.0,0.37623347881884,0.48246333691622506
247,0,1,0,0.2,0.6,0.44858159646517953,0.48246333691622506
249,0,1,1,0.6,0.1999999999999999,0.42392601621278914,0.48246333691622506
250,0,1,0,0.4,0.1999999999999999,0.4152066243722806,0.48246333691622506
267,0,1,0,0.0,1.0,0.4595734437849978,0.48246333691622506
279,0,1,0,0.2,0.6,0.35286740052393095,0.48246333691622506
281,0,1,0,0.0,1.0,0.4546306127683184,0.48246333691622506
288,0,1,1,0.75,0.5,0.27871169604115864,0.48246333691622506
291,0,1,0,0.0,1.0,0.460784834714796,0.48246333691622506
308,0,1,0,0.4,0.1999999999999999,0.5116224046329457,0.48246333691622506
317,0,1,0,0.4,0.1999999999999999,0.40220681724522717,0.48246333691622506
326,0,1,0,0.0,1.0,0.4231211289418653,0.48246333691622506
328,0,1,1,0.6,0.1999999999999999,0.3675272188429813,0.48246333691622506
331,0,1,0,0.0,1.0,0.4747396462833989,0.48246333691622506
332,0,1,0,0.0,1.0,0.468401958493477,0.48246333691622506
333,0,1,0,0.0,1.0,0.37563010023793,0.48246333691622506
335,0,1,1,0.5,0.0,0.39411369606973734,0.48246333691622506
336,0,1,0,0.4,0.1999999999999999,0.5010161601671979,0.48246333691622506
346,0,1,1,0.6,0.1999999999999999,0.6045228133068546,0.48246333691622506
355,0,1,0,0.25,0.5,0.5394730738229307,0.48246333691622506
359,0,1,0,0.25,0.5,0.4224319061641668,0.48246333691622506
360,0,1,0,0.25,0.5,0.47699897939353575,0.48246333691622506
381,0,1,1,0.75,0.5,0.5008766729257792,0.48246333691622506
388,0,1,1,0.5,0.0,0.5834259474241984,0.48246333691622506
397,0,1,1,0.75,0.5,0.6270010953968409,0.48246333691622506
398,0,1,0,0.25,0.5,0.5474417776954592,0.48246333691622506
405,0,1,0,0.0,1.0,0.5770170507404091,0.48246333691622506
411,0,1,0,0.2,0.6,0.6706138915063694,0.48246333691622506
414,0,1,1,0.6,0.1999999999999999,0.6751361482296168,0.48246333691622506
416,0,1,0,0.0,1.0,0.5198909435475056,0.48246333691622506
425,0,1,0,0.0,1.0,0.49527459079555414,0.48246333691622506
435,0,1,0,0.4,0.1999999999999999,0.5018815777116343,0.48246333691622506
437,0,1,1,0.6,0.1999999999999999,0.5191311179702138,0.48246333691622506
441,0,1,0,0.2,0.6,0.5739106757400176,0.48246333691622506
442,0,1,1,0.8,0.6000000000000001,0.5564856862432521,0.48246333691622506
449,0,1,0,0.4,0.1999999999999999,0.40474813554369893,0.48246333691622506
452,0,1,0,0.25,0.5,0.4925456943575639,0.48246333691622506
469,0,1,1,0.75,0.5,0.4685275951368241,0.48246333691622506
481,0,1,0,0.0,1.0,0.6414110346093397,0.48246333691622506
482,0,1,0,0.0,1.0,0.33350825709700493,0.48246333691622506
485,0,1,1,0.5,0.0,0.4595011459563472,0.48246333691622506
486,0,1,0,0.25,0.5,0.5867237354373808,0.48246333691622506
496,0,1,1,0.75,0.5,0.5976080516863165,0.48246333691622506
498,0,1,0,0.0,1.0,0.43635642675637226,0.48246333691622506
503,0,1,0,0.0,1.0,0.5206564219513098,0.48246333691622506
509,0,1,0,0.25,0.5,0.5153238044707593,0.48246333691622506
512,0,1,1,1.0,1.0,0.6551346392197933,0.48246333691622506
519,0,1,0,0.0,1.0,0.45509208760017644,0.48246333691622506
523,0,1,0,0.25,0.5,0.5547983057272471,0.48246333691622506
524,0,1,0,0.0,1.0,0.49629345601782937,0.48246333691622506
527,0,1,0,0.25,0.5,0.5475466350239587,0.48246333691622506
529,0,1,1,0.5,0.0,0.3959899711961226,0.48246333691622506
530,0,1,1,0.5,0.0,0.5274302152218688,0.48246333691622506
533,0,1,0,0.0,1.0,0.3744782160253317,0.48246333691622506
535,0,1,0,0.25,0.5,0.6219075428693914,0.48246333691622506
548,0,1,1,0.5,0.0,0.5063995508135578,0.48246333691622506
561,0,1,1,0.5,0.0,0.5298580920591708,0.48246333691622506
567,0,1,0,0.3333333333333333,0.3333333333333333,0.5438889662572113,0.48246333691622506
575,0,1,1,0.5,0.0,0.5374363530694124,0.48246333691622506
579,0,1,0,0.3333333333333333,0.3333333333333333,0.5260360948455247,0.48246333691622506
589,0,1,0,0.3333333333333333,0.3333333333333333,0.6063602529728103,0.48246333691622506
595,0,1,1,0.8333333333333334,0.6666666666666667,0.6320737716623073,0.48246333691622506
604,0,1,1,0.75,0.5,0.5638030388956932,0.48246333691622506
605,0,1,1,0.5,0.0,0.5965844413115269,0.48246333691622506
609,0,1,0,0.25,0.5,0.5999426106704765,0.48246333691622506
612,0,1,0,0.0,1.0,0.3251197406865356,0.48246333691622506
615,0,1,1,0.75,0.5,0.6247391793845759,0.48246333691622506
622,0,1,1,0.75,0.5,0.4970819045834839,0.48246333691622506
623,0,1,1,0.5,0.0,0.6092439896578337,0.48246333691622506
624,0,1,0,0.25,0.5,0.5841467088887833,0.48246333691622506
629,0,1,1,0.5,0.0,0.6448115149279964,0.48246333691622506
630,0,1,1,0.5,0.0,0.6362946406827266,0.48246333691622506
632,0,1,1,0.5,0.0,0.5580045518798735,0.48246333691622506
634,0,1,0,0.25,0.5,0.578593027535468,0.48246333691622506
636,0,1,0,0.0,1.0,0.5602502929895958,0.48246333691622506
638,0,1,0,0.25,0.5,0.6371013230795408,0.48246333691622506
642,0,1,1,0.75,0.5,0.5043052419708466,0.48246333691622506
658,0,1,0,0.1666666666666666,0.6666666666666667,0.5190239134104164,0.48246333691622506
660,0,1,0,0.1666666666666666,0.6666666666666667,0.5407710674159802,0.48246333691622506
667,0,1,0,0.3333333333333333,0.3333333333333333,0.5675518742203718,0.48246333691622506
676,0,1,0,0.1666666666666666,0.6666666666666667,0.557667327191032,0.48246333691622506
681,0,1,0,0.1666666666666666,0.6666666666666667,0.6248475398976965,0.48246333691622506
683,0,1,1,0.8333333333333334,0.6666666666666667,0.6464308517784723,0.48246333691622506
693,0,1,1,0.5,0.0,0.7182002525864863,0.48246333691622506
707,0,1,1,0.5,0.0,0.4927981862726327,0.48246333691622506
730,0,1,0,0.3333333333333333,0.3333333333333333,0.41478865172040147,0.48246333691622506
731,0,1,0,0.0,1.0,0.39144852697514904,0.48246333691622506
733,0,1,0,0.1666666666666666,0.6666666666666667,0.5058204431203659,0.48246333691622506
737,0,1,0,0.1666666666666666,0.6666666666666667,0.38221930730160303,0.48246333691622506
738,0,1,0,0.3333333333333333,0.3333333333333333,0.5260243007257392,0.48246333691622506
741,0,1,0,0.2,0.6,0.48384900926394514,0.48246333691622506
15,0,2,0,0.4,0.1999999999999999,0.3388673009421398,0.47459217189787734
18,0,2,1,0.6,0.1999999999999999,0.5195600430407643,0.47459217189787734
21,0,2,0,0.2,0.6,0.4597152014260478,0.47459217189787734
24,0,2,0,0.0,1.0,0.34045721759885167,0.47459217189787734
25,0,2,0,0.2,0.6,0.3569159639520948,0.47459217189787734
27,0,2,0,0.2,0.6,0.355409119031311,0.47459217189787734
31,0,2,0,0.1666666666666666,0.6666666666666667,0.35526524331537834,0.47459217189787734
45,0,2,0,0.0,1.0,0.4694400846151774,0.47459217189787734
47,0,2,0,0.25,0.5,0.41098683723811996,0.47459217189787734
52,0,2,0,0.25,0.5,0.3651218132959626,0.47459217189787734
53,0,2,0,0.1666666666666666,0.6666666666666667,0.36763821680258524,0.47459217189787734
58,0,2,0,0.25,0.5,0.44522628919484736,0.47459217189787734
72,0,2,0,0.25,0.5,0.3183534795232569,0.47459217189787734
80,0,2,0,0.0,1.0,0.3616367577657864,0.47459217189787734
81,0,2,0,0.0,1.0,0.3758972198954732,0.47459217189787734
84,0,2,0,0.3333333333333333,0.3333333333333333,0.41329071497176506,0.47459217189787734
91,0,2,0,0.25,0.5,0.42447334781607327,0.47459217189787734
92,0,2,0,0.0,1.0,0.4191691863521926,0.47459217189787734
101,0,2,0,0.3333333333333333,0.3333333333333333,0.37162841435870264,0.47459217189787734
102,0,2,0,0.0,1.0,0.3180082300050046,0.47459217189787734
118,0,2,0,0.0,1.0,0.41765387635784196,0.47459217189787734
121,0,2,0,0.1111111111111111,0.7777777777777778,0.3552262685102688,0.47459217189787734
125,0,2,0,0.125,0.75,0.3445187715714242,0.47459217189787734
126,0,2,0,0.2222222222222222,0.5555555555555556,0.4769294298252683,0.47459217189787734
128,0,2,0,0.1111111111111111,0.7777777777777778,0.28983658768965315,0.47459217189787734
130,0,2,0,0.1111111111111111,0.7777777777777778,0.36578163175047945,0.47459217189787734
140,0,2,0,0.2222222222222222,0.5555555555555556,0.5131922046044637,0.47459217189787734
145,0,2,0,0.4444444444444444,0.1111111111111111,0.44197794296635656,0.47459217189787734
154,0,2,0,0.25,0.5,0.30054626382317723,0.47459217189787734
157,0,2,0,0.25,0.5,0.40508773317725744,0.47459217189787734
167,0,2,0,0.0,1.0,0.47277755977105,0.47459217189787734
172,0,2,0,0.0,1.0,0.465631932839686,0.47459217189787734
173,0,2,0,0.25,0.5,0.383263495835579,0.47459217189787734
176,0,2,0,0.0,1.0,0.45354497098783975,0.47459217189787734
194,0,2,0,0.0,1.0,0.3846008083752892,0.47459217189787734
197,0,2,0,0.0,1.0,0.5088730149319611,0.47459217189787734
201,0,2,0,0.25,0.5,0.4746484758027767,0.47459217189787734
217,0,2,0,0.0,1.0,0.3283569724978179,0.47459217189787734
219,0,2,0,0.0,1.0,0.47267195069822576,0.47459217189787734
229,0,2,0,0.0,1.0,0.36880750993881073,0.47459217189787734
234,0,2,0,0.25,0.5,0.5432175105950439,0.47459217189787734
235,0,2,0,0.0,1.0,0.4061849726948925,0.47459217189787734
237,0,2,0,0.4,0.1999999999999999,0.4059917354818736,0.47459217189787734
239,0,2,1,0.6,0.1999999999999999,0.37313959849710565,0.47459217189787734
244,0,2,1,0.6,0.1999999999999999,0.462140150525061,0.47459217189787734
246,0,2,0,0.4,0.1999999999999999,0.44624785023603725,0.47459217189787734
252,0,2,0,0.0,1.0,0.3753977305748596,0.47459217189787734
255,0,2,0,0.25,0.5,0.3092092857896751,0.47459217189787734
265,0,2,1,0.5,0.0,0.38557181116658157,0.47459217189787734
266,0,2,0,0.25,0.5,0.317976947210478,0.47459217189787734
268,0,2,1,0.5,0.0,0.3710638415282388,0.47459217189787734
270,0,2,0,0.0,1.0,0.47547720065546656,0.47459217189787734
273,0,2,1,0.5,0.0,0.459441288918664,0.47459217189787734
277,0,2,1,0.5,0.0,0.42550038458595885,0.47459217189787734
280,0,2,0,0.25,0.5,0.4782130749937978,0.47459217189787734
286,0,2,0,0.2,0.6,0.3496889111681602,0.47459217189787734
289,0,2,1,0.5,0.0,0.3264380440802601,0.47459217189787734
304,0,2,1,0.8,0.6000000000000001,0.4274256809257405,0.47459217189787734
312,0,2,0,0.0,1.0,0.4141993170401864,0.47459217189787734
318,0,2,0,0.4,0.1999999999999999,0.5167964535812402,0.47459217189787734
321,0,2,1,0.6,0.1999999999999999,0.6033810667108616,0.47459217189787734
323,0,2,0,0.0,1.0,0.38002112516935105,0.47459217189787734
324,0,2,0,0.2,0.6,0.5346885643886166,0.47459217189787734
334,0,2,0,0.4,0.1999999999999999,0.4494896010807823,0.47459217189787734
340,0,2,1,0.6,0.1999999999999999,0.42194931747711273,0.47459217189787734
344,0,2,0,0.2,0.6,0.40276109412185424,0.47459217189787734
348,0,2,0,0.4,0.1999999999999999,0.5001544113422065,0.47459217189787734
352,0,2,0,0.25,0.5,0.5020286041841189,0.47459217189787734
353,0,2,0,0.0,1.0,0.570084733010093,0.47459217189787734
354,0,2,0,0.25,0.5,0.4935343444744983,0.47459217189787734
357,0,2,1,0.5,0.0,0.4270024354741711,0.47459217189787734
358,0,2,0,0.25,0.5,0.5990273806766011,0.47459217189787734
362,0,2,1,0.75,0.5,0.5461582062290673,0.47459217189787734
364,0,2,1,0.5,0.0,0.43782558478414735,0.47459217189787734
399,0,2,0,0.25,0.5,0.4410136785461497,0.47459217189787734
404,0,2,1,0.6,0.1999999999999999,0.6938500621640086,0.47459217189787734
408,0,2,0,0.4,0.1999999999999999,0.6171027569300452,0.47459217189787734
409,0,2,0,0.4,0.1999999999999999,0.7117460485722948,0.47459217189787734
412,0,2,1,1.0,1.0,0.6962611793995588,0.47459217189787734
417,0,2,0,0.2,0.6,0.5461397357932676,0.47459217189787734
420,0,2,0,0.0,1.0,0.47539992672393194,0.47459217189787734
426,0,2,1,0.8,0.6000000000000001,0.5693777385282164,0.47459217189787734
431,0,2,0,0.4,0.1999999999999999,0.5458054717589937,0.47459217189787734
443,0,2,0,0.0,1.0,0.43284241569886345,0.47459217189787734
446,0,2,0,0.2,0.6,0.5949461691412608,0.47459217189787734
448,0,2,0,0.0,1.0,0.3312174979649094,0.47459217189787734
451,0,2,0,0.25,0.5,0.47472696188239827,0.47459217189787734
453,0,2,0,0.25,0.5,0.42045418077858027,0.47459217189787734
458,0,2,0,0.0,1.0,0.4342393308046233,0.47459217189787734
460,0,2,0,0.0,1.0,0.4972540146060247,0.47459217189787734
461,0,2,1,0.5,0.0,0.5298409422766156,0.47459217189787734
471,0,2,0,0.0,1.0,0.6732166223147869,0.47459217189787734
477,0,2,0,0.0,1.0,0.45282772274466265,0.47459217189787734
479,0,2,0,0.0,1.0,0.610285903429381,0.47459217189787734
488,0,2,1,0.5,0.0,0.5498799714261975,0.47459217189787734
489,0,2,0,0.0,1.0,0.5916706529281306,0.47459217189787734
504,0,2,1,0.75,0.5,0.5210027665852244,0.47459217189787734
505,0,2,1,0.5,0.0,0.6131068539715299,0.47459217189787734
506,0,2,1,0.75,0.5,0.6145837614621537,0.47459217189787734
508,0,2,1,0.75,0.5,0.5789517498564132,0.47459217189787734
511,0,2,1,0.5,0.0,0.5198677219056442,0.47459217189787734
517,0,2,0,0.25,0.5,0.586182503599814,0.47459217189787734
520,0,2,1,0.5,0.0,0.538763398616195,0.47459217189787734
526,0,2,0,0.0,1.0,0.5765517539251279,0.47459217189787734
541,0,2,1,0.5,0.0,0.6399983895273323,0.47459217189787734
544,0,2,1,0.5,0.0,0.5822513179941816,0.47459217189787734
545,0,2,0,0.25,0.5,0.5257345060999588,0.47459217189787734
550,0,2,0,0.0,1.0,0.5497226792289395,0.47459217189787734
552,0,2,1,0.6666666666666666,0.3333333333333332,0.5564688172392478,0.47459217189787734
555,0,2,0,0.3333333333333333,0.3333333333333333,0.6063256034906722,0.47459217189787734
556,0,2,0,0.1666666666666666,0.6666666666666667,0.478462224762727,0.47459217189787734
559,0,2,1,0.6666666666666666,0.3333333333333332,0.4442191892028623,0.47459217189787734
563,0,2,0,0.0,1.0,0.574662344185239,0.47459217189787734
564,0,2,1,0.5,0.0,0.5711657235062837,0.47459217189787734
571,0,2,1,0.5,0.0,0.5494468732165503,0.47459217189787734
582,0,2,1,0.5,0.0,0.6090952856609908,0.47459217189787734
602,0,2,0,0.25,0.5,0.6136128888082442,0.47459217189787734
606,0,2,0,0.25,0.5,0.5347931693490191,0.47459217189787734
607,0,2,0,0.0,1.0,0.6367265645361447,0.47459217189787734
614,0,2,1,0.75,0.5,0.5765370580341833,0.47459217189787734
617,0,2,1,0.5,0.0,0.6904814137405522,0.47459217189787734
620,0,2,1,0.75,0.5,0.64842294820101,0.47459217189787734
626,0,2,1,0.5,0.0,0.5948188198989994,0.47459217189787734
641,0,2,0,0.0,1.0,0.5372108351151733,0.47459217189787734
652,0,2,0,0.0,1.0,0.3671425713270922,0.47459217189787734
661,0,2,1,0.8333333333333334,0.6666666666666667,0.6664633430249678,0.47459217189787734
669,0,2,0,0.3333333333333333,0.3333333333333333,0.5302293083471175,0.47459217189787734
671,0,2,0,0.3333333333333333,0.3333333333333333,0.4668484017749802,0.47459217189787734
673,0,2,0,0.3333333333333333,0.3333333333333333,0.35920726340902354,0.47459217189787734
675,0,2,0,0.3333333333333333,0.3333333333333333,0.41774930393048715,0.47459217189787734
682,0,2,0,0.1666666666666666,0.6666666666666667,0.6270798065538918,0.47459217189787734
685,0,2,0,0.0,1.0,0.580009794446187,0.47459217189787734
686,0,2,0,0.0,1.0,0.627078935641926,0.47459217189787734
691,0,2,0,0.1666666666666666,0.6666666666666667,0.610807482288623,0.47459217189787734
692,0,2,0,0.0,1.0,0.4419913904584558,0.47459217189787734
698,0,2,1,0.5,0.0,0.6871946529553332,0.47459217189787734
704,0,2,0,0.3333333333333333,0.3333333333333333,0.4082272687692978,0.47459217189787734
705,0,2,1,0.5,0.0,0.4201081980386336,0.47459217189787734
709,0,2,0,0.3333333333333333,0.3333333333333333,0.5299666782146142,0.47459217189787734
710,0,2,0,0.0,1.0,0.4183142912636785,0.47459217189787734
717,0,2,1,0.5,0.0,0.4975071606627609,0.47459217189787734
721,0,2,0,0.3333333333333333,0.3333333333333333,0.415603826198219,0.47459217189787734
723,0,2,0,0.1666666666666666,0.6666666666666667,0.4558792398867815,0.47459217189787734
727,0,2,0,0.4,0.1999999999999999,0.4816492085323347,0.47459217189787734
728,0,2,0,0.2,0.6,0.40319889109981855,0.47459217189787734
729,0,2,0,0.4,0.1999999999999999,0.48601399141599116,0.47459217189787734
736,0,2,0,0.0,1.0,0.44637045328569946,0.47459217189787734
1,0,3,0,0.3333333333333333,0.3333333333333333,0.5270395155830718,0.48925648173339037
3,0,3,0,0.0,1.0,0.4019779123933367,0.48925648173339037
9,0,3,0,0.0,1.0,0.37839944306828904,0.48925648173339037
12,0,3,0,0.4,0.1999999999999999,0.3502961185817881,0.48925648173339037
13,0,3,0,0.2,0.6,0.34890783073763865,0.48925648173339037
17,0,3,0,0.4,0.1999999999999999,0.48633802891065453,0.48925648173339037
35,0,3,1,0.5,0.0,0.3431608016234754,0.48925648173339037
37,0,3,0,0.2,0.6,0.36920874324971176,0.48925648173339037
42,0,3,0,0.0,1.0,0.4653769545526524,0.48925648173339037
43,0,3,0,0.2,0.6,0.4624536677883672,0.48925648173339037
48,0,3,1,0.6,0.1999999999999999,0.3747016866944709,0.48925648173339037
54,0,3,0,0.25,0.5,0.38864971291642125,0.48925648173339037
76,0,3,0,0.25,0.5,0.3867410966133683,0.48925648173339037
79,0,3,0,0.25,0.5,0.3910668260758016,0.48925648173339037
86,0,3,0,0.0,1.0,0.36518044123234467,0.48925648173339037
90,0,3,1,0.5,0.0,0.3669552121310402,0.48925648173339037
97,0,3,0,0.25,0.5,0.40630043575042735,0.48925648173339037
100,0,3,0,0.25,0.5,0.49659314801057924,0.48925648173339037
103,0,3,0,0.1111111111111111,0.7777777777777778,0.35705798734415584,0.48925648173339037
108,0,3,0,0.25,0.5,0.44236121372222137,0.48925648173339037
115,0,3,0,0.0,1.0,0.3242894417495329,0.48925648173339037
119,0,3,0,0.1111111111111111,0.7777777777777778,0.3021485366422852,0.48925648173339037
123,0,3,0,0.0,1.0,0.2884320428381488,0.48925648173339037
129,0,3,0,0.2,0.6,0.5039051201799439,0.48925648173339037
132,0,3,0,0.2222222222222222,0.5555555555555556,0.41965854885451237,0.48925648173339037
133,0,3,1,0.8888888888888888,0.7777777777777777,0.4590399321645103,0.48925648173339037
138,0,3,1,0.5555555555555556,0.1111111111111111,0.48228872466813166,0.48925648173339037
144,0,3,0,0.0,1.0,0.3718192153324647,0.48925648173339037
158,0,3,0,0.0,1.0,0.3783339256903755,0.48925648173339037
179,0,3,0,0.25,0.5,0.5254383483660294,0.48925648173339037
180,0,3,0,0.0,1.0,0.4677231467254489,0.48925648173339037
184,0,3,0,0.0,1.0,0.36211817878747043,0.48925648173339037
185,0,3,0,0.25,0.5,0.3673025197074139,0.48925648173339037
188,0,3,0,0.0,1.0,0.4494263512464146,0.48925648173339037
195,0,3,0,0.0,1.0,0.4624310900272449,0.48925648173339037
198,0,3,0,0.0,1.0,0.47528004782210326,0.48925648173339037
203,0,3,0,0.2,0.6,0.31799225649185786,0.48925648173339037
205,0,3,0,0.2,0.6,0.45463567376507646,0.48925648173339037
213,0,3,0,0.4,0.1999999999999999,0.388530902956847,0.48925648173339037
216,0,3,0,0.0,1.0,0.3887479180878929,0.48925648173339037
220,0,3,0,0.4,0.1999999999999999,0.39885228578674436,0.48925648173339037
222,0,3,0,0.2,0.6,0.4860830189385801,0.48925648173339037
225,0,3,0,0.2,0.6,0.43523356133937663,0.48925648173339037
228,0,3,0,0.2,0.6,0.4033680929683029,0.48925648173339037
236,0,3,0,0.0,1.0,0.42869146583519124,0.48925648173339037
238,0,3,0,0.25,0.5,0.46309326932804457,0.48925648173339037
242,0,3,1,0.6,0.1999999999999999,0.44149201426210594,0.48925648173339037
251,0,3,0,0.25,0.5,0.545456436687555,0.48925648173339037
257,0,3,0,0.25,0.5,0.3426143358410175,0.48925648173339037
258,0,3,0,0.0,1.0,0.3589634178551683,0.48925648173339037
269,0,3,1,0.5,0.0,0.4210078858812249,0.48925648173339037
272,0,3,1,0.5,0.0,0.4466284221003143,0.48925648173339037
278,0,3,0,0.25,0.5,0.4105155720671788,0.48925648173339037
283,0,3,0,0.25,0.5,0.5314384235821786,0.48925648173339037
290,0,3,0,0.0,1.0,0.478621289872889,0.48925648173339037
293,0,3,1,0.5,0.0,0.46640521762319354,0.48925648173339037
296,0,3,0,0.0,1.0,0.34642006709185824,0.48925648173339037
297,0,3,0,0.0,1.0,0.3760879008476055,0.48925648173339037
302,0,3,0,0.0,1.0,0.4759127485064666,0.48925648173339037
303,0,3,0,0.0,1.0,0.37934432097641674,0.48925648173339037
306,0,3,0,0.0,1.0,0.5005612778127495,0.48925648173339037
311,0,3,0,0.4,0.1999999999999999,0.46251324122744325,0.48925648173339037
313,0,3,0,0.0,1.0,0.39975363001834086,0.48925648173339037
320,0,3,0,0.0,1.0,0.42866222737733684,0.48925648173339037
343,0,3,1,0.8,0.6000000000000001,0.5039624726424032,0.48925648173339037
351,0,3,0,0.0,1.0,0.45804991544413287,0.48925648173339037
356,0,3,0,0.25,0.5,0.4889114202921388,0.48925648173339037
361,0,3,0,0.0,1.0,0.3822185885112841,0.48925648173339037
366,0,3,0,0.0,1.0,0.568838722278151,0.48925648173339037
367,0,3,0,0.25,0.5,0.3903245911652178,0.48925648173339037
369,0,3,0,0.0,1.0,0.3845252311765903,0.48925648173339037
370,0,3,0,0.0,1.0,0.3499871009455766,0.48925648173339037
373,0,3,0,0.0,1.0,0.5067758634019096,0.48925648173339037
378,0,3,1,0.5,0.0,0.5201034536671695,0.48925648173339037
380,0,3,1,0.75,0.5,0.6209283027707855,0.48925648173339037
385,0,3,1,0.5,0.0,0.4071926018843742,0.48925648173339037
387,0,3,0,0.0,1.0,0.42938514578584647,0.48925648173339037
389,0,3,0,0.25,0.5,0.6024516578167763,0.48925648173339037
392,0,3,1,0.5,0.0,0.49036540355607017,0.48925648173339037
396,0,3,1,0.75,0.5,0.567555731121971,0.48925648173339037
400,0,3,1,0.5,0.0,0.5582638643695081,0.48925648173339037
402,0,3,1,0.6,0.1999999999999999,0.4701467578666745,0.48925648173339037
403,0,3,0,0.0,1.0,0.3963007725237734,0.48925648173339037
406,0,3,1,0.6,0.1999999999999999,0.5731059177585061,0.48925648173339037
410,0,3,1,0.6,0.1999999999999999,0.6284203723596096,0.48925648173339037
415,0,3,0,0.0,1.0,0.6526256392415379,0.48925648173339037
422,0,3,1,0.6,0.1999999999999999,0.47708438735281417,0.48925648173339037
423,0,3,0,0.0,1.0,0.581794133327028,0.48925648173339037
428,0,3,1,0.6,0.1999999999999999,0.5157667007085315,0.48925648173339037
429,0,3,0,0.0,1.0,0.5242283426028731,0.48925648173339037
433,0,3,0,0.0,1.0,0.43861490171953343,0.48925648173339037
440,0,3,0,0.0,1.0,0.5536875118529264,0.48925648173339037
444,0,3,0,0.2,0.6,0.5480894808630578,0.48925648173339037
445,0,3,0,0.0,1.0,0.551511431495097,0.48925648173339037
447,0,3,0,0.0,1.0,0.391937194181988,0.48925648173339037
455,0,3,0,0.0,1.0,0.3947225107740908,0.48925648173339037
470,0,3,0,0.0,1.0,0.6627211520739007,0.48925648173339037
472,0,3,0,0.25,0.5,0.4046460607913692,0.48925648173339037
473,0,3,0,0.25,0.5,0.5454201177494133,0.48925648173339037
474,0,3,0,0.0,1.0,0.38418856153940323,0.48925648173339037
475,0,3,0,0.25,0.5,0.5022749570835737,0.48925648173339037
478,0,3,0,0.0,1.0,0.38593035922061136,0.48925648173339037
484,0,3,0,0.25,0.5,0.4808770046196068,0.48925648173339037
493,0,3,0,0.0,1.0,0.48811566598507505,0.48925648173339037
500,0,3,0,0.25,0.5,0.526202499090069,0.48925648173339037
501,0,3,0,0.25,0.5,0.5465991170312688,0.48925648173339037
502,0,3,1,0.75,0.5,0.4658884094228919,0.48925648173339037
516,0,3,0,0.0,1.0,0.5653339403758704,0.48925648173339037
525,0,3,0,0.2,0.6,0.35738114657329384,0.48925648173339037
531,0,3,1,0.75,0.5,0.5467603721183992,0.48925648173339037
536,0,3,0,0.3333333333333333,0.3333333333333333,0.5737741693219319,0.48925648173339037
538,0,3,0,0.0,1.0,0.5912942314338487,0.48925648173339037
543,0,3,1,0.5,0.0,0.545008601761083,0.48925648173339037
547,0,3,1,0.5,0.0,0.5501363100483008,0.48925648173339037
560,0,3,0,0.1666666666666666,0.6666666666666667,0.5826949146461454,0.48925648173339037
576,0,3,1,0.5,0.0,0.5446159918145398,0.48925648173339037
581,0,3,0,0.3333333333333333,0.3333333333333333,0.607281683777443,0.48925648173339037
591,0,3,1,0.5,0.0,0.6313701975856283,0.48925648173339037
592,0,3,1,0.6,0.1999999999999999,0.6744721621621945,0.48925648173339037
597,0,3,0,0.0,1.0,0.3383585537261299,0.48925648173339037
598,0,3,0,0.3333333333333333,0.3333333333333333,0.5955044771135454,0.48925648173339037
600,0,3,0,0.1666666666666666,0.6666666666666667,0.5864750661375787,0.48925648173339037
611,0,3,1,0.75,0.5,0.591757386180592,0.48925648173339037
627,0,3,1,0.75,0.5,0.6160212216606997,0.48925648173339037
631,0,3,0,0.0,1.0,0.5411422156969726,0.48925648173339037
637,0,3,1,0.5,0.0,0.6321163964397059,0.48925648173339037
639,0,3,0,0.0,1.0,0.6092173777430647,0.48925648173339037
640,0,3,1,0.75,0.5,0.6459908222146642,0.48925648173339037
643,0,3,1,0.5,0.0,0.4398062212024642,0.48925648173339037
647,0,3,1,0.5,0.0,0.5593975882554618,0.48925648173339037
651,0,3,0,0.3333333333333333,0.3333333333333333,0.4791429686814631,0.48925648173339037
654,0,3,0,0.1666666666666666,0.6666666666666667,0.5925339708130889,0.48925648173339037
659,0,3,1,0.6666666666666666,0.3333333333333332,0.5199230553936292,0.48925648173339037
665,0,3,0,0.1666666666666666,0.6666666666666667,0.5503212663361892,0.48925648173339037
672,0,3,0,0.0,1.0,0.5333189846662876,0.48925648173339037
677,0,3,1,0.6666666666666666,0.3333333333333332,0.5507164127828812,0.48925648173339037
680,0,3,0,0.0,1.0,0.4273296023976946,0.48925648173339037
687,0,3,0,0.3333333333333333,0.3333333333333333,0.55437799334145,0.48925648173339037
696,0,3,0,0.1666666666666666,0.6666666666666667,0.5595877382110224,0.48925648173339037
697,0,3,1,0.5,0.0,0.6189165897611837,0.48925648173339037
711,0,3,1,0.6,0.1999999999999999,0.47395904102161723,0.48925648173339037
713,0,3,1,0.6,0.1999999999999999,0.37808012951446324,0.48925648173339037
718,0,3,0,0.1666666666666666,0.6666666666666667,0.45451686085780624,0.48925648173339037
719,0,3,0,0.1666666666666666,0.6666666666666667,0.5403001443226384,0.48925648173339037
725,0,3,0,0.0,1.0,0.4596455086535095,0.48925648173339037
732,0,3,0,0.0,1.0,0.35713019439676524,0.48925648173339037
742,0,3,1,0.5,0.0,0.510480667795427,0.48925648173339037
8,0,4,0,0.0,1.0,0.3728110111288541,0.4933069189009352
10,0,4,0,0.0,1.0,0.3815176637712675,0.4933069189009352
11,0,4,1,0.6,0.1999999999999999,0.41241176822715797,0.4933069189009352
20,0,4,0,0.25,0.5,0.3753108736968138,0.4933069189009352
22,0,4,0,0.2,0.6,0.4621717622562793,0.4933069189009352
33,0,4,0,0.4,0.1999999999999999,0.407916546623079,0.4933069189009352
36,0,4,0,0.2,0.6,0.3742517816633125,0.4933069189009352
41,0,4,0,0.2,0.6,0.3898536203048837,0.4933069189009352
44,0,4,0,0.0,1.0,0.43066795984615003,0.4933069189009352
46,0,4,0,0.4,0.1999999999999999,0.538908865225835,0.4933069189009352
57,0,4,1,1.0,1.0,0.37600452262999007,0.4933069189009352
60,0,4,0,0.0,1.0,0.4610538507082207,0.4933069189009352
62,0,4,0,0.25,0.5,0.3771508471397991,0.4933069189009352
70,0,4,0,0.0,1.0,0.4492551825075416,0.4933069189009352
71,0,4,0,0.0,1.0,0.3934133347605799,0.4933069189009352
75,0,4,0,0.0,1.0,0.418328091050746,0.4933069189009352
89,0,4,0,0.25,0.5,0.40906182486073217,0.4933069189009352
99,0,4,0,0.0,1.0,0.35723764829441956,0.4933069189009352
104,0,4,0,0.1111111111111111,0.7777777777777778,0.3953987742849432,0.4933069189009352
105,0,4,0,0.0,1.0,0.47998473309852047,0.4933069189009352
106,0,4,1,1.0,1.0,0.4920467063775972,0.4933069189009352
111,0,4,0,0.1111111111111111,0.7777777777777778,0.36932470478734275,0.4933069189009352
114,0,4,0,0.1111111111111111,0.7777777777777778,0.4452491516508343,0.4933069189009352
117,0,4,0,0.25,0.5,0.3859665568734852,0.4933069189009352
135,0,4,0,0.1666666666666666,0.6666666666666667,0.3743796815174029,0.4933069189009352
136,0,4,0,0.3333333333333333,0.3333333333333333,0.46536651650790506,0.4933069189009352
137,0,4,1,0.6666666666666666,0.3333333333333332,0.3886505382547245,0.4933069189009352
147,0,4,0,0.0,1.0,0.4062507562222316,0.4933069189009352
162,0,4,0,0.2,0.6,0.4334353197748893,0.4933069189009352
164,0,4,0,0.0,1.0,0.39959367232930604,0.4933069189009352
165,0,4,0,0.0,1.0,0.5011652376301705,0.4933069189009352
169,0,4,0,0.0,1.0,0.4344365197762848,0.4933069189009352
170,0,4,0,0.1666666666666666,0.6666666666666667,0.45623014023618375,0.4933069189009352
171,0,4,0,0.25,0.5,0.4600862455809576,0.4933069189009352
175,0,4,0,0.0,1.0,0.3604770570499404,0.4933069189009352
178,0,4,0,0.0,1.0,0.3978964648967104,0.4933069189009352
181,0,4,1,0.5,0.0,0.41229507362398204,0.4933069189009352
186,0,4,0,0.0,1.0,0.36617114070184664,0.4933069189009352
191,0,4,0,0.0,1.0,0.39025684945202344,0.4933069189009352
192,0,4,0,0.0,1.0,0.39409318535945465,0.4933069189009352
193,0,4,0,0.25,0.5,0.4905884201258117,0.4933069189009352
207,0,4,0,0.2,0.6,0.4469382562539071,0.4933069189009352
214,0,4,0,0.2,0.6,0.42116393202941044,0.4933069189009352
223,0,4,0,0.2,0.6,0.42047123849594015,0.4933069189009352
227,0,4,1,1.0,1.0,0.43338914511175,0.4933069189009352
245,0,4,0,0.0,1.0,0.458289706434714,0.4933069189009352
254,0,4,0,0.25,0.5,0.4707534585668378,0.4933069189009352
260,0,4,0,0.25,0.5,0.39397460678626717,0.4933069189009352
261,0,4,0,0.25,0.5,0.47977856206133274,0.4933069189009352
262,0,4,1,0.5,0.0,0.42483848607557934,0.4933069189009352
263,0,4,0,0.2,0.6,0.40456318542049124,0.4933069189009352
264,0,4,0,0.25,0.5,0.4583763449677738,0.4933069189009352
271,0,4,0,0.0,1.0,0.439686207678335,0.4933069189009352
276,0,4,0,0.2,0.6,0.39748000604074124,0.4933069189009352
292,0,4,0,0.25,0.5,0.5428018651886082,0.4933069189009352
295,0,4,0,0.0,1.0,0.3761498522339259,0.4933069189009352
298,0,4,0,0.25,0.5,0.46545417517449583,0.4933069189009352
299,0,4,1,0.8,0.6000000000000001,0.37454932016222925,0.4933069189009352
314,0,4,0,0.0,1.0,0.474624435615405,0.4933069189009352
325,0,4,0,0.0,1.0,0.38009580057948084,0.4933069189009352
327,0,4,0,0.0,1.0,0.5447832534413508,0.4933069189009352
337,0,4,0,0.0,1.0,0.4296953958778392,0.4933069189009352
341,0,4,1,0.6,0.1999999999999999,0.5730798052303476,0.4933069189009352
347,0,4,0,0.4,0.1999999999999999,0.5005216051534543,0.4933069189009352
349,0,4,0,0.0,1.0,0.3854678204456316,0.4933069189009352
350,0,4,0,0.0,1.0,0.43464573191575534,0.4933069189009352
363,0,4,0,0.0,1.0,0.5479900198505675,0.4933069189009352
365,0,4,0,0.25,0.5,0.502874168647335,0.4933069189009352
368,0,4,1,0.5,0.0,0.523199183691962,0.4933069189009352
375,0,4,1,0.5,0.0,0.6106440578575699,0.4933069189009352
377,0,4,0,0.25,0.5,0.5368525477161203,0.4933069189009352
379,0,4,1,0.75,0.5,0.5359262980192423,0.4933069189009352
382,0,4,1,0.5,0.0,0.49940772646643405,0.4933069189009352
383,0,4,0,0.0,1.0,0.4312343773465082,0.4933069189009352
386,0,4,0,0.25,0.5,0.5331769608483939,0.4933069189009352
390,0,4,1,0.75,0.5,0.5951314922420543,0.4933069189009352
391,0,4,0,0.0,1.0,0.36992869643067494,0.4933069189009352
393,0,4,0,0.25,0.5,0.49859614284204534,0.4933069189009352
395,0,4,1,0.5,0.0,0.6126731156434713,0.4933069189009352
401,0,4,0,0.2,0.6,0.5771409235349787,0.4933069189009352
418,0,4,0,0.0,1.0,0.5812068697839967,0.4933069189009352
419,0,4,0,0.4,0.1999999999999999,0.5542203724974244,0.4933069189009352
424,0,4,1,0.6,0.1999999999999999,0.46524194108148587,0.4933069189009352
427,0,4,1,0.6,0.1999999999999999,0.616061933783699,0.4933069189009352
430,0,4,1,0.6,0.1999999999999999,0.5986037640625547,0.4933069189009352
432,0,4,0,0.2,0.6,0.5757624088088855,0.4933069189009352
434,0,4,0,0.0,1.0,0.47733059870897865,0.4933069189009352
439,0,4,0,0.2,0.6,0.48890573351490335,0.4933069189009352
450,0,4,0,0.2,0.6,0.43990336486530474,0.4933069189009352
454,0,4,0,0.0,1.0,0.5228875898087366,0.4933069189009352
462,0,4,1,0.5,0.0,0.6178312270004548,0.4933069189009352
464,0,4,0,0.0,1.0,0.5799371626844728,0.4933069189009352
466,0,4,1,0.5,0.0,0.5993422625398289,0.4933069189009352
467,0,4,1,1.0,1.0,0.6233672767388371,0.4933069189009352
476,0,4,0,0.0,1.0,0.5786754731124009,0.4933069189009352
483,0,4,0,0.25,0.5,0.6245393564583238,0.4933069189009352
494,0,4,1,0.8,0.6000000000000001,0.5203415005826297,0.4933069189009352
507,0,4,1,1.0,1.0,0.5842216495092318,0.4933069189009352
515,0,4,0,0.25,0.5,0.5382531470349399,0.4933069189009352
522,0,4,0,0.25,0.5,0.48901651552618425,0.4933069189009352
532,0,4,0,0.0,1.0,0.40314917887532614,0.4933069189009352
537,0,4,0,0.25,0.5,0.5022989667969248,0.4933069189009352
546,0,4,1,0.5,0.0,0.5849042593193694,0.4933069189009352
551,0,4,1,0.6666666666666666,0.3333333333333332,0.5315371852189499,0.4933069189009352
553,0,4,0,0.0,1.0,0.46048989465956475,0.4933069189009352
558,0,4,1,0.5,0.0,0.5570011261843857,0.4933069189009352
562,0,4,0,0.3333333333333333,0.3333333333333333,0.5670748331545754,0.4933069189009352
568,0,4,1,1.0,1.0,0.5456664615008089,0.4933069189009352
569,0,4,0,0.1666666666666666,0.6666666666666667,0.4974072603950146,0.4933069189009352
570,0,4,1,0.6666666666666666,0.3333333333333332,0.5970953847057405,0.4933069189009352
578,0,4,1,0.5,0.0,0.49953854612570514,0.4933069189009352
580,0,4,0,0.3333333333333333,0.3333333333333333,0.5031455939703467,0.4933069189009352
584,0,4,1,0.6666666666666666,0.3333333333333332,0.6600326016799629,0.4933069189009352
585,0,4,1,0.5,0.0,0.5828537612087195,0.4933069189009352
593,0,4,1,0.5,0.0,0.5295293757175682,0.4933069189009352
594,0,4,0,0.0,1.0,0.521862339304338,0.4933069189009352
596,0,4,1,0.5,0.0,0.5247323408866722,0.4933069189009352
599,0,4,0,0.0,1.0,0.5158080943382906,0.4933069189009352
610,0,4,0,0.25,0.5,0.5585157442837934,0.4933069189009352
613,0,4,0,0.0,1.0,0.6477370433674969,0.4933069189009352
616,0,4,1,0.75,0.5,0.48585396598470615,0.4933069189009352
619,0,4,0,0.25,0.5,0.6158412237462514,0.4933069189009352
621,0,4,1,0.5,0.0,0.5163302734931646,0.4933069189009352
625,0,4,0,0.0,1.0,0.519323609015894,0.4933069189009352
635,0,4,1,0.5,0.0,0.5161030741275021,0.4933069189009352
644,0,4,0,0.25,0.5,0.4818855804811415,0.4933069189009352
646,0,4,0,0.0,1.0,0.384166313454617,0.4933069189009352
655,0,4,1,0.6666666666666666,0.3333333333333332,0.4891612312665211,0.4933069189009352
656,0,4,1,0.6666666666666666,0.3333333333333332,0.5937555572845743,0.4933069189009352
662,0,4,0,0.0,1.0,0.46683163092421187,0.4933069189009352
663,0,4,0,0.3333333333333333,0.3333333333333333,0.5727692485606558,0.4933069189009352
668,0,4,0,0.1666666666666666,0.6666666666666667,0.5892793414083088,0.4933069189009352
678,0,4,0,0.3333333333333333,0.3333333333333333,0.5019319541706764,0.4933069189009352
679,0,4,0,0.4,0.1999999999999999,0.4306215134034075,0.4933069189009352
684,0,4,0,0.0,1.0,0.6337995135749005,0.4933069189009352
688,0,4,0,0.1666666666666666,0.6666666666666667,0.4540369284522021,0.4933069189009352
700,0,4,1,0.5,0.0,0.5814128260989081,0.4933069189009352
701,0,4,0,0.1666666666666666,0.6666666666666667,0.5845182049045012,0.4933069189009352
702,0,4,0,0.1666666666666666,0.6666666666666667,0.6361861243216651,0.4933069189009352
706,0,4,1,0.6666666666666666,0.3333333333333332,0.5408060710288627,0.4933069189009352
708,0,4,0,0.0,1.0,0.4719597413413291,0.4933069189009352
716,0,4,1,0.6666666666666666,0.3333333333333332,0.4621526194339426,0.4933069189009352
722,0,4,0,0.2,0.6,0.41174735434947013,0.4933069189009352
724,0,4,0,0.2,0.6,0.4074256266281978,0.4933069189009352
726,0,4,0,0.0,1.0,0.47169838689386495,0.4933069189009352
734,0,4,0,0.0,1.0,0.3974070697923009,0.4933069189009352
740,0,4,0,0.1666666666666666,0.6666666666666667,0.49692513109397984,0.4933069189009352
5,1,0,0,0.2,0.6,0.524309687340714,0.5043091911035098
10,1,0,0,0.0,1.0,0.3606649176089657,0.5043091911035098
12,1,0,0,0.4,0.1999999999999999,0.40790522025524467,0.5043091911035098
16,1,0,1,0.6,0.1999999999999999,0.4057678486882206,0.5043091911035098
17,1,0,0,0.4,0.1999999999999999,0.4689188794780027,0.5043091911035098
25,1,0,0,0.2,0.6,0.4194304046792986,0.5043091911035098
26,1,0,1,0.8,0.6000000000000001,0.37084112911154327,0.5043091911035098
30,1,0,0,0.2,0.6,0.4157272836952939,0.5043091911035098
36,1,0,0,0.2,0.6,0.3506188867586971,0.5043091911035098
37,1,0,0,0.2,0.6,0.3804714138614194,0.5043091911035098
46,1,0,0,0.4,0.1999999999999999,0.5576567997582889,0.5043091911035098
56,1,0,0,0.25,0.5,0.37853074188520885,0.5043091911035098
63,1,0,0,0.0,1.0,0.4134098538616027,0.5043091911035098
66,1,0,0,0.0,1.0,0.4226728999785935,0.5043091911035098
72,1,0,0,0.25,0.5,0.3397337570778318,0.5043091911035098
81,1,0,0,0.0,1.0,0.38275549560408884,0.5043091911035098
82,1,0,0,0.25,0.5,0.4163787616114172,0.5043091911035098
91,1,0,0,0.25,0.5,0.43971526171202335,0.5043091911035098
93,1,0,0,0.0,1.0,0.4126301337338652,0.5043091911035098
101,1,0,0,0.3333333333333333,0.3333333333333333,0.40979908317612457,0.5043091911035098
102,1,0,0,0.0,1.0,0.3575797771612225,0.5043091911035098
114,1,0,0,0.1111111111111111,0.7777777777777778,0.4176172202252196,0.5043091911035098
117,1,0,0,0.25,0.5,0.38741673277087274,0.5043091911035098
118,1,0,0,0.0,1.0,0.4583367004859603,0.5043091911035098
122,1,0,0,0.0,1.0,0.4068781827724522,0.5043091911035098
128,1,0,0,0.1111111111111111,0.7777777777777778,0.3470579098386487,0.5043091911035098
141,1,0,0,0.0,1.0,0.41173366040965487,0.5043091911035098
142,1,0,0,0.0,1.0,0.4060216765346454,0.5043091911035098
145,1,0,0,0.4444444444444444,0.1111111111111111,0.371946278212815,0.5043091911035098
149,1,0,0,0.3333333333333333,0.3333333333333333,0.3497855348832675,0.5043091911035098
150,1,0,0,0.0,1.0,0.4388792186682962,0.5043091911035098
159,1,0,0,0.0,1.0,0.3810052883740026,0.5043091911035098
179,1,0,0,0.25,0.5,0.47164456153594125,0.5043091911035098
180,1,0,0,0.0,1.0,0.414205315363536,0.5043091911035098
184,1,0,0,0.0,1.0,0.36258798263390357,0.5043091911035098
187,1,0,0,0.0,1.0,0.4271626499922337,0.5043091911035098
195,1,0,0,0.0,1.0,0.4571139987161532,0.5043091911035098
213,1,0,0,0.4,0.1999999999999999,0.4304976156234251,0.5043091911035098
216,1,0,0,0.0,1.0,0.39634703075998,0.5043091911035098
226,1,0,0,0.0,1.0,0.4097538191893153,0.5043091911035098
227,1,0,1,1.0,1.0,0.41983900711460953,0.5043091911035098
231,1,0,1,0.5,0.0,0.39373764877967077,0.5043091911035098
232,1,0,0,0.25,0.5,0.4364296462487827,0.5043091911035098
235,1,0,0,0.0,1.0,0.39566672346039655,0.5043091911035098
239,1,0,1,0.6,0.1999999999999999,0.4385617956120891,0.5043091911035098
243,1,0,0,0.0,1.0,0.41778068427187437,0.5043091911035098
248,1,0,0,0.4,0.1999999999999999,0.4611510408574919,0.5043091911035098
249,1,0,1,0.6,0.1999999999999999,0.45538180175882437,0.5043091911035098
250,1,0,0,0.4,0.1999999999999999,0.4308206143362172,0.5043091911035098
251,1,0,0,0.25,0.5,0.5008017153016684,0.5043091911035098
257,1,0,0,0.25,0.5,0.34938897743995445,0.5043091911035098
263,1,0,0,0.2,0.6,0.40603590479054025,0.5043091911035098
272,1,0,1,0.5,0.0,0.4742646288240579,0.5043091911035098
273,1,0,1,0.5,0.0,0.44953622464720955,0.5043091911035098
278,1,0,0,0.25,0.5,0.39158964686989417,0.5043091911035098
285,1,0,0,0.4,0.1999999999999999,0.39790728499143224,0.5043091911035098
287,1,0,0,0.25,0.5,0.4071741981304017,0.5043091911035098
288,1,0,1,0.75,0.5,0.3694116711781609,0.5043091911035098
297,1,0,0,0.0,1.0,0.3731704161364413,0.5043091911035098
299,1,0,1,0.8,0.6000000000000001,0.3491204644175542,0.5043091911035098
314,1,0,0,0.0,1.0,0.495511859192833,0.5043091911035098
317,1,0,0,0.4,0.1999999999999999,0.4294850400848592,0.5043091911035098
320,1,0,0,0.0,1.0,0.44888776076999587,0.5043091911035098
333,1,0,0,0.0,1.0,0.4059375251149219,0.5043091911035098
335,1,0,1,0.5,0.0,0.42589636959878474,0.5043091911035098
339,1,0,0,0.0,1.0,0.42786915846815526,0.5043091911035098
341,1,0,1,0.6,0.1999999999999999,0.5822383213377067,0.5043091911035098
343,1,0,1,0.8,0.6000000000000001,0.5145337812970529,0.5043091911035098
347,1,0,0,0.4,0.1999999999999999,0.4960790837080147,0.5043091911035098
350,1,0,0,0.0,1.0,0.42484276957057027,0.5043091911035098
352,1,0,0,0.25,0.5,0.4527239461233254,0.5043091911035098
357,1,0,1,0.5,0.0,0.39352896821735334,0.5043091911035098
358,1,0,0,0.25,0.5,0.5782333088588315,0.5043091911035098
369,1,0,0,0.0,1.0,0.38884457856421895,0.5043091911035098
373,1,0,0,0.0,1.0,0.4795851991894927,0.5043091911035098
380,1,0,1,0.75,0.5,0.6147152079511922,0.5043091911035098
386,1,0,0,0.25,0.5,0.5308645124745279,0.5043091911035098
388,1,0,1,0.5,0.0,0.5401579868291609,0.5043091911035098
389,1,0,0,0.25,0.5,0.6192319608629734,0.5043091911035098
390,1,0,1,0.75,0.5,0.5674386657833836,0.5043091911035098
393,1,0,0,0.25,0.5,0.4822792560308772,0.5043091911035098
396,1,0,1,0.75,0.5,0.5802431363036451,0.5043091911035098
401,1,0,0,0.2,0.6,0.5713881806927787,0.5043091911035098
402,1,0,1,0.6,0.1999999999999999,0.4579890713097181,0.5043091911035098
406,1,0,1,0.6,0.1999999999999999,0.49764169783681067,0.5043091911035098
420,1,0,0,0.0,1.0,0.47574568127193595,0.5043091911035098
425,1,0,0,0.0,1.0,0.48125467208232914,0.5043091911035098
428,1,0,1,0.6,0.1999999999999999,0.5038515790383397,0.5043091911035098
433,1,0,0,0.0,1.0,0.430261278671953,0.5043091911035098
444,1,0,0,0.2,0.6,0.5854506868707325,0.5043091911035098
450,1,0,0,0.2,0.6,0.450088589536163,0.5043091911035098
454,1,0,0,0.0,1.0,0.5140002421020898,0.5043091911035098
455,1,0,0,0.0,1.0,0.3881756911511099,0.5043091911035098
457,1,0,1,0.5,0.0,0.5762339945983539,0.5043091911035098
462,1,0,1,0.5,0.0,0.6170878281907679,0.5043091911035098
475,1,0,0,0.25,0.5,0.49493707382198676,0.5043091911035098
479,1,0,0,0.0,1.0,0.5526879929266344,0.5043091911035098
482,1,0,0,0.0,1.0,0.36105014337538155,0.5043091911035098
489,1,0,0,0.0,1.0,0.6006234374254479,0.5043091911035098
507,1,0,1,1.0,1.0,0.5743933508175177,0.5043091911035098
511,1,0,1,0.5,0.0,0.4705931262849735,0.5043091911035098
515,1,0,0,0.25,0.5,0.5136818594017892,0.5043091911035098
525,1,0,0,0.2,0.6,0.36379870242617635,0.5043091911035098
531,1,0,1,0.75,0.5,0.5258120530729922,0.5043091911035098
537,1,0,0,0.25,0.5,0.49078096603633614,0.5043091911035098
538,1,0,0,0.0,1.0,0.6235674317025987,0.5043091911035098
540,1,0,0,0.25,0.5,0.6232047922088912,0.5043091911035098
549,1,0,0,0.0,1.0,0.39151321236042697,0.5043091911035098
551,1,0,1,0.6666666666666666,0.3333333333333332,0.5253985500916294,0.5043091911035098
553,1,0,0,0.0,1.0,0.4844222039959091,0.5043091911035098
559,1,0,1,0.6666666666666666,0.3333333333333332,0.44155093794906647,0.5043091911035098
560,1,0,0,0.1666666666666666,0.6666666666666667,0.5304916595709247,0.5043091911035098
563,1,0,0,0.0,1.0,0.6140515535127997,0.5043091911035098
577,1,0,0,0.1666666666666666,0.6666666666666667,0.5657684447663754,0.5043091911035098
579,1,0,0,0.3333333333333333,0.3333333333333333,0.5020167008309817,0.5043091911035098
580,1,0,0,0.3333333333333333,0.3333333333333333,0.5107168606976801,0.5043091911035098
584,1,0,1,0.6666666666666666,0.3333333333333332,0.6452666537752061,0.5043091911035098
589,1,0,0,0.3333333333333333,0.3333333333333333,0.6092696977581289,0.5043091911035098
593,1,0,1,0.5,0.0,0.5217343993097496,0.5043091911035098
602,1,0,0,0.25,0.5,0.5799360208399552,0.5043091911035098
604,1,0,1,0.75,0.5,0.5473765188021475,0.5043091911035098
607,1,0,0,0.0,1.0,0.5897190008423591,0.5043091911035098
611,1,0,1,0.75,0.5,0.5474262705886701,0.5043091911035098
616,1,0,1,0.75,0.5,0.5042129465962277,0.5043091911035098
618,1,0,0,0.0,1.0,0.4931875925259013,0.5043091911035098
626,1,0,1,0.5,0.0,0.5504565187631087,0.5043091911035098
630,1,0,1,0.5,0.0,0.5963820784991387,0.5043091911035098
632,1,0,1,0.5,0.0,0.5377693771487931,0.5043091911035098
635,1,0,1,0.5,0.0,0.5140499431819743,0.5043091911035098
639,1,0,0,0.0,1.0,0.5739979889015399,0.5043091911035098
641,1,0,0,0.0,1.0,0.5497658186522321,0.5043091911035098
646,1,0,0,0.0,1.0,0.3684840907928264,0.5043091911035098
648,1,0,1,0.5,0.0,0.5080818774634766,0.5043091911035098
660,1,0,0,0.1666666666666666,0.6666666666666667,0.5062174607204895,0.5043091911035098
674,1,0,0,0.3333333333333333,0.3333333333333333,0.44826862309020205,0.5043091911035098
684,1,0,0,0.0,1.0,0.6160517044449378,0.5043091911035098
696,1,0,0,0.1666666666666666,0.6666666666666667,0.5207185716224134,0.5043091911035098
697,1,0,1,0.5,0.0,0.5645026408735418,0.5043091911035098
698,1,0,1,0.5,0.0,0.6146671973790925,0.5043091911035098
703,1,0,0,0.0,1.0,0.5774699908221841,0.5043091911035098
707,1,0,1,0.5,0.0,0.45917721376334153,0.5043091911035098
710,1,0,0,0.0,1.0,0.41387904449327517,0.5043091911035098
716,1,0,1,0.6666666666666666,0.3333333333333332,0.46963008568342757,0.5043091911035098
718,1,0,0,0.1666666666666666,0.6666666666666667,0.4452476683309248,0.5043091911035098
728,1,0,0,0.2,0.6,0.40755252636025324,0.5043091911035098
734,1,0,0,0.0,1.0,0.3876251392930481,0.5043091911035098
735,1,0,0,0.0,1.0,0.4112198465436432,0.5043091911035098
6,1,1,0,0.2,0.6,0.33388975677343136,0.4953470766866317
8,1,1,0,0.0,1.0,0.3722741852011916,0.4953470766866317
9,1,1,0,0.0,1.0,0.37179435160169183,0.4953470766866317
13,1,1,0,0.2,0.6,0.3779886649488315,0.4953470766866317
14,1,1,0,0.2,0.6,0.41917185366040244,0.4953470766866317
21,1,1,0,0.2,0.6,0.44214792832526495,0.4953470766866317
22,1,1,0,0.2,0.6,0.4058077935150025,0.4953470766866317
29,1,1,0,0.2,0.6,0.4619046445559493,0.4953470766866317
32,1,1,0,0.2,0.6,0.3920329620765597,0.4953470766866317
33,1,1,0,0.4,0.1999999999999999,0.4288836639986981,0.4953470766866317
34,1,1,0,0.1666666666666666,0.6666666666666667,0.520040317214972,0.4953470766866317
41,1,1,0,0.2,0.6,0.3595890191870128,0.4953470766866317
49,1,1,0,0.3333333333333333,0.3333333333333333,0.46819085737854044,0.4953470766866317
50,1,1,1,0.8,0.6000000000000001,0.4128331729380324,0.4953470766866317
51,1,1,0,0.25,0.5,0.38488172954087707,0.4953470766866317
70,1,1,0,0.0,1.0,0.42711155696114705,0.4953470766866317
71,1,1,0,0.0,1.0,0.3541030970639736,0.4953470766866317
79,1,1,0,0.25,0.5,0.3678275588352389,0.4953470766866317
85,1,1,0,0.25,0.5,0.4513327675887931,0.4953470766866317
86,1,1,0,0.0,1.0,0.3676267161892508,0.4953470766866317
88,1,1,1,0.5,0.0,0.3599322232499956,0.4953470766866317
89,1,1,0,0.25,0.5,0.4288070046982331,0.4953470766866317
94,1,1,0,0.25,0.5,0.34694441148284627,0.4953470766866317
95,1,1,0,0.25,0.5,0.3583604927180924,0.4953470766866317
108,1,1,0,0.25,0.5,0.43759908602988035,0.4953470766866317
109,1,1,0,0.1111111111111111,0.7777777777777778,0.4052259030458625,0.4953470766866317
115,1,1,0,0.0,1.0,0.3168062790686955,0.4953470766866317
127,1,1,1,0.6666666666666666,0.3333333333333332,0.4561529996705978,0.4953470766866317
129,1,1,0,0.2,0.6,0.4985008219073026,0.4953470766866317
138,1,1,1,0.5555555555555556,0.1111111111111111,0.4662480544283817,0.4953470766866317
139,1,1,0,0.0,1.0,0.48566372706924194,0.4953470766866317
140,1,1,0,0.2222222222222222,0.5555555555555556,0.4927481461706608,0.4953470766866317
156,1,1,0,0.25,0.5,0.28694065806384605,0.4953470766866317
160,1,1,0,0.1666666666666666,0.6666666666666667,0.38524039688354944,0.4953470766866317
161,1,1,0,0.0,1.0,0.45879159761092225,0.4953470766866317
166,1,1,0,0.25,0.5,0.35704378289681366,0.4953470766866317
175,1,1,0,0.0,1.0,0.33730341730031793,0.4953470766866317
188,1,1,0,0.0,1.0,0.518521019900785,0.4953470766866317
193,1,1,0,0.25,0.5,0.4595270671624621,0.4953470766866317
194,1,1,0,0.0,1.0,0.3919723570018071,0.4953470766866317
196,1,1,1,0.5,0.0,0.4314083033469077,0.4953470766866317
198,1,1,0,0.0,1.0,0.46095883139367966,0.4953470766866317
200,1,1,0,0.2,0.6,0.46879764028233906,0.4953470766866317
205,1,1,0,0.2,0.6,0.4537959271052505,0.4953470766866317
209,1,1,0,0.2,0.6,0.48549357070377186,0.4953470766866317
210,1,1,0,0.4,0.1999999999999999,0.535413292160988,0.4953470766866317
212,1,1,0,0.2,0.6,0.34910388993460645,0.4953470766866317
222,1,1,0,0.2,0.6,0.48694150268410197,0.4953470766866317
225,1,1,0,0.2,0.6,0.4034072548128206,0.4953470766866317
230,1,1,0,0.2,0.6,0.3959060162550988,0.4953470766866317
234,1,1,0,0.25,0.5,0.5387555834568363,0.4953470766866317
237,1,1,0,0.4,0.1999999999999999,0.3931801545486291,0.4953470766866317
241,1,1,1,0.6,0.1999999999999999,0.43694898174572483,0.4953470766866317
247,1,1,0,0.2,0.6,0.48893171513836864,0.4953470766866317
262,1,1,1,0.5,0.0,0.4189716594133338,0.4953470766866317
264,1,1,0,0.25,0.5,0.4277145352132101,0.4953470766866317
267,1,1,0,0.0,1.0,0.46692350330884574,0.4953470766866317
271,1,1,0,0.0,1.0,0.4133335985961435,0.4953470766866317
275,1,1,1,0.5,0.0,0.4661277535712241,0.4953470766866317
277,1,1,1,0.5,0.0,0.4532495491243027,0.4953470766866317
280,1,1,0,0.25,0.5,0.45339381035763937,0.4953470766866317
284,1,1,1,0.5,0.0,0.4536817003155372,0.4953470766866317
292,1,1,0,0.25,0.5,0.4824456653940755,0.4953470766866317
293,1,1,1,0.5,0.0,0.48394597419522095,0.4953470766866317
304,1,1,1,0.8,0.6000000000000001,0.41043850568257895,0.4953470766866317
312,1,1,0,0.0,1.0,0.40112201266890396,0.4953470766866317
324,1,1,0,0.2,0.6,0.5371765505300461,0.4953470766866317
332,1,1,0,0.0,1.0,0.44329751604650924,0.4953470766866317
342,1,1,0,0.2,0.6,0.38765444911590496,0.4953470766866317
346,1,1,1,0.6,0.1999999999999999,0.6208002427048135,0.4953470766866317
351,1,1,0,0.0,1.0,0.49419917450301026,0.4953470766866317
353,1,1,0,0.0,1.0,0.5464915842013929,0.4953470766866317
355,1,1,0,0.25,0.5,0.4933225829229111,0.4953470766866317
356,1,1,0,0.25,0.5,0.47396648753362813,0.4953470766866317
360,1,1,0,0.25,0.5,0.48960706872211046,0.4953470766866317
375,1,1,1,0.5,0.0,0.6529719650049393,0.4953470766866317
378,1,1,1,0.5,0.0,0.5190459195581196,0.4953470766866317
385,1,1,1,0.5,0.0,0.4029142794453885,0.4953470766866317
387,1,1,0,0.0,1.0,0.42150179550648187,0.4953470766866317
399,1,1,0,0.25,0.5,0.4642422056817084,0.4953470766866317
405,1,1,0,0.0,1.0,0.6112650675244247,0.4953470766866317
407,1,1,0,0.2,0.6,0.6526480987257937,0.4953470766866317
408,1,1,0,0.4,0.1999999999999999,0.6128378366163363,0.4953470766866317
412,1,1,1,1.0,1.0,0.6719149071209596,0.4953470766866317
414,1,1,1,0.6,0.1999999999999999,0.6678813188100069,0.4953470766866317
423,1,1,0,0.0,1.0,0.5866165448524445,0.4953470766866317
431,1,1,0,0.4,0.1999999999999999,0.5458241469093638,0.4953470766866317
439,1,1,0,0.2,0.6,0.5041746307087704,0.4953470766866317
445,1,1,0,0.0,1.0,0.5523225023673096,0.4953470766866317
449,1,1,0,0.4,0.1999999999999999,0.38750730961094576,0.4953470766866317
460,1,1,0,0.0,1.0,0.5011434572466504,0.4953470766866317
468,1,1,0,0.25,0.5,0.6034755703314425,0.4953470766866317
470,1,1,0,0.0,1.0,0.6614997301927953,0.4953470766866317
476,1,1,0,0.0,1.0,0.6052286569554218,0.4953470766866317
477,1,1,0,0.0,1.0,0.44747001565994615,0.4953470766866317
478,1,1,0,0.0,1.0,0.3818767931707165,0.4953470766866317
480,1,1,1,0.5,0.0,0.6178896949446898,0.4953470766866317
483,1,1,0,0.25,0.5,0.5751016128104456,0.4953470766866317
485,1,1,1,0.5,0.0,0.46207505398657356,0.4953470766866317
488,1,1,1,0.5,0.0,0.5591779373030139,0.4953470766866317
490,1,1,0,0.25,0.5,0.45059586544971575,0.4953470766866317
493,1,1,0,0.0,1.0,0.4932193130327108,0.4953470766866317
494,1,1,1,0.8,0.6000000000000001,0.5070335015929573,0.4953470766866317
497,1,1,0,0.0,1.0,0.3853308515783381,0.4953470766866317
505,1,1,1,0.5,0.0,0.6254278979408741,0.4953470766866317
506,1,1,1,0.75,0.5,0.6359755641011569,0.4953470766866317
510,1,1,1,0.5,0.0,0.5890421110599366,0.4953470766866317
513,1,1,0,0.0,1.0,0.5644149071194517,0.4953470766866317
518,1,1,0,0.25,0.5,0.5516357050884388,0.4953470766866317
519,1,1,0,0.0,1.0,0.4693452212632976,0.4953470766866317
524,1,1,0,0.0,1.0,0.5340477841355434,0.4953470766866317
527,1,1,0,0.25,0.5,0.5480838958795523,0.4953470766866317
528,1,1,0,0.0,1.0,0.40346255551895427,0.4953470766866317
533,1,1,0,0.0,1.0,0.399528518478732,0.4953470766866317
536,1,1,0,0.3333333333333333,0.3333333333333333,0.5667822198802659,0.4953470766866317
541,1,1,1,0.5,0.0,0.659673410456181,0.4953470766866317
542,1,1,0,0.25,0.5,0.500407033409917,0.4953470766866317
544,1,1,1,0.5,0.0,0.5692816596327716,0.4953470766866317
554,1,1,1,0.5,0.0,0.5448266516585626,0.4953470766866317
556,1,1,0,0.1666666666666666,0.6666666666666667,0.4893710007069328,0.4953470766866317
564,1,1,1,0.5,0.0,0.602547032335858,0.4953470766866317
576,1,1,1,0.5,0.0,0.5384339990851865,0.4953470766866317
581,1,1,0,0.3333333333333333,0.3333333333333333,0.5846799448723111,0.4953470766866317
585,1,1,1,0.5,0.0,0.6258872830393896,0.4953470766866317
591,1,1,1,0.5,0.0,0.6214505586230795,0.4953470766866317
592,1,1,1,0.6,0.1999999999999999,0.6721988037018705,0.4953470766866317
598,1,1,0,0.3333333333333333,0.3333333333333333,0.6027904665214893,0.4953470766866317
620,1,1,1,0.75,0.5,0.6255953437354235,0.4953470766866317
622,1,1,1,0.75,0.5,0.4978518522066778,0.4953470766866317
628,1,1,0,0.0,1.0,0.4967388636150425,0.4953470766866317
637,1,1,1,0.5,0.0,0.6104809923857561,0.4953470766866317
645,1,1,1,0.75,0.5,0.5441886303963064,0.4953470766866317
647,1,1,1,0.5,0.0,0.5637164873604048,0.4953470766866317
658,1,1,0,0.1666666666666666,0.6666666666666667,0.5204103471321935,0.4953470766866317
659,1,1,1,0.6666666666666666,0.3333333333333332,0.5337121380661003,0.4953470766866317
668,1,1,0,0.1666666666666666,0.6666666666666667,0.5696564129912545,0.4953470766866317
670,1,1,1,0.5,0.0,0.515647210789934,0.4953470766866317
679,1,1,0,0.4,0.1999999999999999,0.39287830542644786,0.4953470766866317
686,1,1,0,0.0,1.0,0.6242638186010661,0.4953470766866317
692,1,1,0,0.0,1.0,0.44691571726319496,0.4953470766866317
693,1,1,1,0.5,0.0,0.7416443319234718,0.4953470766866317
695,1,1,0,0.3333333333333333,0.3333333333333333,0.6253376840232701,0.4953470766866317
699,1,1,0,0.1666666666666666,0.6666666666666667,0.6113564620238341,0.4953470766866317
704,1,1,0,0.3333333333333333,0.3333333333333333,0.42036936870668024,0.4953470766866317
706,1,1,1,0.6666666666666666,0.3333333333333332,0.5388477824893185,0.4953470766866317
712,1,1,0,0.1666666666666666,0.6666666666666667,0.43199122895948294,0.4953470766866317
729,1,1,0,0.4,0.1999999999999999,0.49970074771238826,0.4953470766866317
1,1,2,0,0.3333333333333333,0.3333333333333333,0.47965839142804684,0.48979835874463457
3,1,2,0,0.0,1.0,0.44244273957538116,0.48979835874463457
11,1,2,1,0.6,0.1999999999999999,0.3898819838087926,0.48979835874463457
18,1,2,1,0.6,0.1999999999999999,0.44051425761052376,0.48979835874463457
20,1,2,0,0.25,0.5,0.3630141469876854,0.48979835874463457
28,1,2,0,0.2,0.6,0.46886770104259845,0.48979835874463457
31,1,2,0,0.1666666666666666,0.6666666666666667,0.3565830328132871,0.48979835874463457
43,1,2,0,0.2,0.6,0.44774009746146504,0.48979835874463457
44,1,2,0,0.0,1.0,0.40897221951883445,0.48979835874463457
60,1,2,0,0.0,1.0,0.4287050133569915,0.48979835874463457
64,1,2,0,0.3333333333333333,0.3333333333333333,0.3409050217368214,0.48979835874463457
67,1,2,0,0.0,1.0,0.34897385980062545,0.48979835874463457
75,1,2,0,0.0,1.0,0.4046547861154732,0.48979835874463457
90,1,2,1,0.5,0.0,0.3641882027132933,0.48979835874463457
96,1,2,0,0.0,1.0,0.40602115979725223,0.48979835874463457
98,1,2,0,0.3333333333333333,0.3333333333333333,0.4181731427186471,0.48979835874463457
99,1,2,0,0.0,1.0,0.34141921108807777,0.48979835874463457
106,1,2,1,1.0,1.0,0.44290125354350207,0.48979835874463457
113,1,2,0,0.1111111111111111,0.7777777777777778,0.393047290582037,0.48979835874463457
120,1,2,0,0.0,1.0,0.43647061645113955,0.48979835874463457
121,1,2,0,0.1111111111111111,0.7777777777777778,0.40897881131813296,0.48979835874463457
123,1,2,0,0.0,1.0,0.3470872224218857,0.48979835874463457
124,1,2,0,0.0,1.0,0.461101475460257,0.48979835874463457
130,1,2,0,0.1111111111111111,0.7777777777777778,0.3935223269148428,0.48979835874463457
133,1,2,1,0.8888888888888888,0.7777777777777777,0.44008674974616807,0.48979835874463457
144,1,2,0,0.0,1.0,0.4081710357788172,0.48979835874463457
151,1,2,0,0.0,1.0,0.46153193754819893,0.48979835874463457
154,1,2,0,0.25,0.5,0.3987750820268916,0.48979835874463457
158,1,2,0,0.0,1.0,0.36048686285992126,0.48979835874463457
163,1,2,0,0.25,0.5,0.44435326712900536,0.48979835874463457
168,1,2,0,0.25,0.5,0.5041159825929918,0.48979835874463457
170,1,2,0,0.1666666666666666,0.6666666666666667,0.4698367739929453,0.48979835874463457
171,1,2,0,0.25,0.5,0.4190057454516775,0.48979835874463457
173,1,2,0,0.25,0.5,0.37691365309412056,0.48979835874463457
176,1,2,0,0.0,1.0,0.4407122323906652,0.48979835874463457
181,1,2,1,0.5,0.0,0.4064575710072596,0.48979835874463457
182,1,2,0,0.0,1.0,0.48602319770433866,0.48979835874463457
191,1,2,0,0.0,1.0,0.3965245170868647,0.48979835874463457
192,1,2,0,0.0,1.0,0.39865064087609825,0.48979835874463457
197,1,2,0,0.0,1.0,0.5573370382089778,0.48979835874463457
199,1,2,0,0.25,0.5,0.43192350742902014,0.48979835874463457
201,1,2,0,0.25,0.5,0.40483161219553,0.48979835874463457
204,1,2,0,0.4,0.1999999999999999,0.4878956881460599,0.48979835874463457
217,1,2,0,0.0,1.0,0.3931327633494923,0.48979835874463457
223,1,2,0,0.2,0.6,0.40926290931253484,0.48979835874463457
233,1,2,0,0.0,1.0,0.40715593468755285,0.48979835874463457
236,1,2,0,0.0,1.0,0.4268123592223654,0.48979835874463457
240,1,2,0,0.2,0.6,0.40614295558199687,0.48979835874463457
245,1,2,0,0.0,1.0,0.46022847189262994,0.48979835874463457
258,1,2,0,0.0,1.0,0.43974713122438824,0.48979835874463457
259,1,2,0,0.0,1.0,0.47955621693482364,0.48979835874463457
260,1,2,0,0.25,0.5,0.4042349433562217,0.48979835874463457
270,1,2,0,0.0,1.0,0.4298714699997991,0.48979835874463457
274,1,2,1,0.5,0.0,0.59788001205303,0.48979835874463457
276,1,2,0,0.2,0.6,0.3862387614438404,0.48979835874463457
279,1,2,0,0.2,0.6,0.34446063303545627,0.48979835874463457
291,1,2,0,0.0,1.0,0.5168474012279668,0.48979835874463457
294,1,2,0,0.0,1.0,0.47040503801694067,0.48979835874463457
309,1,2,1,0.8,0.6000000000000001,0.5856120537039223,0.48979835874463457
313,1,2,0,0.0,1.0,0.39677344921095786,0.48979835874463457
315,1,2,1,0.8,0.6000000000000001,0.47013705242234005,0.48979835874463457
321,1,2,1,0.6,0.1999999999999999,0.4962211625218992,0.48979835874463457
325,1,2,0,0.0,1.0,0.3986153712790712,0.48979835874463457
326,1,2,0,0.0,1.0,0.40641437249620577,0.48979835874463457
327,1,2,0,0.0,1.0,0.5213595679147651,0.48979835874463457
328,1,2,1,0.6,0.1999999999999999,0.3809784245563068,0.48979835874463457
330,1,2,0,0.4,0.1999999999999999,0.5207964483207302,0.48979835874463457
334,1,2,0,0.4,0.1999999999999999,0.441646837320458,0.48979835874463457
344,1,2,0,0.2,0.6,0.40179713936766925,0.48979835874463457
349,1,2,0,0.0,1.0,0.389424576659958,0.48979835874463457
362,1,2,1,0.75,0.5,0.5765948045889894,0.48979835874463457
363,1,2,0,0.0,1.0,0.5625572025567555,0.48979835874463457
366,1,2,0,0.0,1.0,0.5474705272322598,0.48979835874463457
368,1,2,1,0.5,0.0,0.5181693156693508,0.48979835874463457
391,1,2,0,0.0,1.0,0.3790300751154093,0.48979835874463457
397,1,2,1,0.75,0.5,0.6379148864586285,0.48979835874463457
404,1,2,1,0.6,0.1999999999999999,0.6585748800706346,0.48979835874463457
409,1,2,0,0.4,0.1999999999999999,0.6791204577660563,0.48979835874463457
411,1,2,0,0.2,0.6,0.6210387570604228,0.48979835874463457
415,1,2,0,0.0,1.0,0.641925853436534,0.48979835874463457
416,1,2,0,0.0,1.0,0.5158006504902316,0.48979835874463457
429,1,2,0,0.0,1.0,0.5009945923951065,0.48979835874463457
435,1,2,0,0.4,0.1999999999999999,0.5091386122823642,0.48979835874463457
436,1,2,0,0.4,0.1999999999999999,0.561051418902166,0.48979835874463457
437,1,2,1,0.6,0.1999999999999999,0.5076271349069676,0.48979835874463457
464,1,2,0,0.0,1.0,0.5593918052230307,0.48979835874463457
469,1,2,1,0.75,0.5,0.4361524140618676,0.48979835874463457
472,1,2,0,0.25,0.5,0.41898815364051745,0.48979835874463457
474,1,2,0,0.0,1.0,0.41173174892665987,0.48979835874463457
481,1,2,0,0.0,1.0,0.6719318810409494,0.48979835874463457
484,1,2,0,0.25,0.5,0.5361841248710048,0.48979835874463457
486,1,2,0,0.25,0.5,0.6395911913122405,0.48979835874463457
487,1,2,0,0.2,0.6,0.3781211371638619,0.48979835874463457
498,1,2,0,0.0,1.0,0.4649527529176128,0.48979835874463457
500,1,2,0,0.25,0.5,0.5652945252641581,0.48979835874463457
501,1,2,0,0.25,0.5,0.579024379941842,0.48979835874463457
502,1,2,1,0.75,0.5,0.5643651336746385,0.48979835874463457
516,1,2,0,0.0,1.0,0.5479885658877247,0.48979835874463457
526,1,2,0,0.0,1.0,0.616993376043948,0.48979835874463457
534,1,2,1,0.75,0.5,0.5601061427787701,0.48979835874463457
539,1,2,0,0.25,0.5,0.5165472508827843,0.48979835874463457
543,1,2,1,0.5,0.0,0.5373428539806322,0.48979835874463457
545,1,2,0,0.25,0.5,0.5313496741492576,0.48979835874463457
547,1,2,1,0.5,0.0,0.5667292981914362,0.48979835874463457
555,1,2,0,0.3333333333333333,0.3333333333333333,0.574359164196425,0.48979835874463457
557,1,2,0,0.3333333333333333,0.3333333333333333,0.4996919033971615,0.48979835874463457
558,1,2,1,0.5,0.0,0.5912120557115834,0.48979835874463457
567,1,2,0,0.3333333333333333,0.3333333333333333,0.5619979840174871,0.48979835874463457
571,1,2,1,0.5,0.0,0.5221747395606929,0.48979835874463457
573,1,2,0,0.3333333333333333,0.3333333333333333,0.5879241478845306,0.48979835874463457
575,1,2,1,0.5,0.0,0.5725113390539569,0.48979835874463457
582,1,2,1,0.5,0.0,0.627550066961015,0.48979835874463457
587,1,2,1,0.8333333333333334,0.6666666666666667,0.5338532379949845,0.48979835874463457
595,1,2,1,0.8333333333333334,0.6666666666666667,0.6122853685214149,0.48979835874463457
597,1,2,0,0.0,1.0,0.34036816270958414,0.48979835874463457
600,1,2,0,0.1666666666666666,0.6666666666666667,0.5267221775675643,0.48979835874463457
613,1,2,0,0.0,1.0,0.663422744574883,0.48979835874463457
615,1,2,1,0.75,0.5,0.6108782316867386,0.48979835874463457
621,1,2,1,0.5,0.0,0.4953232020566748,0.48979835874463457
623,1,2,1,0.5,0.0,0.5683733452542385,0.48979835874463457
629,1,2,1,0.5,0.0,0.5974004145673102,0.48979835874463457
638,1,2,0,0.25,0.5,0.6011763442738614,0.48979835874463457
642,1,2,1,0.75,0.5,0.5534281791279557,0.48979835874463457
649,1,2,1,0.5,0.0,0.5162567746857541,0.48979835874463457
651,1,2,0,0.3333333333333333,0.3333333333333333,0.5419420817171543,0.48979835874463457
653,1,2,1,0.5,0.0,0.38225669387588435,0.48979835874463457
655,1,2,1,0.6666666666666666,0.3333333333333332,0.4659518863726383,0.48979835874463457
657,1,2,1,0.5,0.0,0.5199899476293404,0.48979835874463457
661,1,2,1,0.8333333333333334,0.6666666666666667,0.6598619541083779,0.48979835874463457
663,1,2,0,0.3333333333333333,0.3333333333333333,0.5918135058449809,0.48979835874463457
672,1,2,0,0.0,1.0,0.5223679829687854,0.48979835874463457
678,1,2,0,0.3333333333333333,0.3333333333333333,0.4419077696678686,0.48979835874463457
680,1,2,0,0.0,1.0,0.41198933290640793,0.48979835874463457
687,1,2,0,0.3333333333333333,0.3333333333333333,0.5110121242121881,0.48979835874463457
688,1,2,0,0.1666666666666666,0.6666666666666667,0.4584691728340936,0.48979835874463457
690,1,2,0,0.0,1.0,0.452192594700024,0.48979835874463457
691,1,2,0,0.1666666666666666,0.6666666666666667,0.5108219303546166,0.48979835874463457
708,1,2,0,0.0,1.0,0.4392134063036491,0.48979835874463457
711,1,2,1,0.6,0.1999999999999999,0.4311743470364338,0.48979835874463457
715,1,2,1,0.5,0.0,0.429908312672805,0.48979835874463457
717,1,2,1,0.5,0.0,0.4606874111145376,0.48979835874463457
719,1,2,0,0.1666666666666666,0.6666666666666667,0.5171259136276951,0.48979835874463457
725,1,2,0,0.0,1.0,0.4563940715504929,0.48979835874463457
727,1,2,0,0.4,0.1999999999999999,0.4940030133785309,0.48979835874463457
731,1,2,0,0.0,1.0,0.4128209655416401,0.48979835874463457
732,1,2,0,0.0,1.0,0.36657732371732277,0.48979835874463457
739,1,2,0,0.3333333333333333,0.3333333333333333,0.46734941876045116,0.48979835874463457
2,1,3,0,0.4,0.1999999999999999,0.317758731428867,0.4953321876103486
24,1,3,0,0.0,1.0,0.32203119028223615,0.4953321876103486
39,1,3,0,0.0,1.0,0.43697696943146486,0.4953321876103486
40,1,3,0,0.2,0.6,0.3752933217758265,0.4953321876103486
42,1,3,0,0.0,1.0,0.45210571839091257,0.4953321876103486
45,1,3,0,0.0,1.0,0.46937444359064495,0.4953321876103486
52,1,3,0,0.25,0.5,0.38808280085901825,0.4953321876103486
54,1,3,0,0.25,0.5,0.3822264963165147,0.4953321876103486
57,1,3,1,1.0,1.0,0.3415914445379041,0.4953321876103486
62,1,3,0,0.25,0.5,0.3255870936556812,0.4953321876103486
65,1,3,0,0.25,0.5,0.279105059457993,0.4953321876103486
68,1,3,0,0.0,1.0,0.29723121934394187,0.4953321876103486
69,1,3,0,0.0,1.0,0.38917963574010084,0.4953321876103486
76,1,3,0,0.25,0.5,0.41040638661122514,0.4953321876103486
77,1,3,0,0.25,0.5,0.36842778175311586,0.4953321876103486
78,1,3,0,0.0,1.0,0.372907634258798,0.4953321876103486
83,1,3,0,0.25,0.5,0.5230854012817507,0.4953321876103486
84,1,3,0,0.3333333333333333,0.3333333333333333,0.4447423317153348,0.4953321876103486
92,1,3,0,0.0,1.0,0.39920002032158336,0.4953321876103486
103,1,3,0,0.1111111111111111,0.7777777777777778,0.39553819873226903,0.4953321876103486
110,1,3,0,0.0,1.0,0.46476917578517224,0.4953321876103486
119,1,3,0,0.1111111111111111,0.7777777777777778,0.30548337811592685,0.4953321876103486
126,1,3,0,0.2222222222222222,0.5555555555555556,0.49154648682564844,0.4953321876103486
131,1,3,0,0.0,1.0,0.4266046777888948,0.4953321876103486
132,1,3,0,0.2222222222222222,0.5555555555555556,0.49398962428706583,0.4953321876103486
136,1,3,0,0.3333333333333333,0.3333333333333333,0.45543135422705994,0.4953321876103486
137,1,3,1,0.6666666666666666,0.3333333333333332,0.2925709250455714,0.4953321876103486
152,1,3,0,0.0,1.0,0.3540428241592063,0.4953321876103486
153,1,3,0,0.0,1.0,0.354114064498244,0.4953321876103486
155,1,3,0,0.25,0.5,0.4624045030748822,0.4953321876103486
157,1,3,0,0.25,0.5,0.39325251945196554,0.4953321876103486
177,1,3,0,0.0,1.0,0.5167914650432689,0.4953321876103486
186,1,3,0,0.0,1.0,0.30086773549599555,0.4953321876103486
202,1,3,1,0.6,0.1999999999999999,0.487029741321986,0.4953321876103486
203,1,3,0,0.2,0.6,0.33582507142160234,0.4953321876103486
206,1,3,1,0.5,0.0,0.4295617225556119,0.4953321876103486
207,1,3,0,0.2,0.6,0.4394447570532591,0.4953321876103486
208,1,3,0,0.0,1.0,0.4315392617487811,0.4953321876103486
211,1,3,1,0.6,0.1999999999999999,0.5870471763785428,0.4953321876103486
215,1,3,0,0.2,0.6,0.41069163551672955,0.4953321876103486
219,1,3,0,0.0,1.0,0.4321092542114052,0.4953321876103486
220,1,3,0,0.4,0.1999999999999999,0.39218442246645036,0.4953321876103486
221,1,3,1,0.8,0.6000000000000001,0.35692930126147093,0.4953321876103486
229,1,3,0,0.0,1.0,0.35927253050922814,0.4953321876103486
238,1,3,0,0.25,0.5,0.43296945758739575,0.4953321876103486
246,1,3,0,0.4,0.1999999999999999,0.4321208339733986,0.4953321876103486
252,1,3,0,0.0,1.0,0.3689939543732753,0.4953321876103486
261,1,3,0,0.25,0.5,0.45645595581529375,0.4953321876103486
265,1,3,1,0.5,0.0,0.3879779721218649,0.4953321876103486
266,1,3,0,0.25,0.5,0.3348050380963846,0.4953321876103486
268,1,3,1,0.5,0.0,0.35702515963281856,0.4953321876103486
282,1,3,0,0.25,0.5,0.47243697505024485,0.4953321876103486
286,1,3,0,0.2,0.6,0.335255316258224,0.4953321876103486
289,1,3,1,0.5,0.0,0.3275794961767916,0.4953321876103486
298,1,3,0,0.25,0.5,0.4358038596927989,0.4953321876103486
300,1,3,0,0.0,1.0,0.47514938738160384,0.4953321876103486
307,1,3,0,0.4,0.1999999999999999,0.47526391611700847,0.4953321876103486
308,1,3,0,0.4,0.1999999999999999,0.47520511185797687,0.4953321876103486
310,1,3,0,0.2,0.6,0.462220366828577,0.4953321876103486
316,1,3,0,0.4,0.1999999999999999,0.5311013319564502,0.4953321876103486
318,1,3,0,0.4,0.1999999999999999,0.5178630488292053,0.4953321876103486
319,1,3,0,0.2,0.6,0.5153854576458706,0.4953321876103486
322,1,3,1,0.6,0.1999999999999999,0.5990591874222331,0.4953321876103486
323,1,3,0,0.0,1.0,0.3919086444456058,0.4953321876103486
329,1,3,0,0.0,1.0,0.38157103531173675,0.4953321876103486
331,1,3,0,0.0,1.0,0.4442797421716594,0.4953321876103486
336,1,3,0,0.4,0.1999999999999999,0.45149328275631956,0.4953321876103486
338,1,3,0,0.4,0.1999999999999999,0.36582228497495317,0.4953321876103486
354,1,3,0,0.25,0.5,0.5080382960937317,0.4953321876103486
365,1,3,0,0.25,0.5,0.4525207096735995,0.4953321876103486
370,1,3,0,0.0,1.0,0.38140463745751485,0.4953321876103486
374,1,3,1,0.5,0.0,0.5677146975284353,0.4953321876103486
376,1,3,1,0.5,0.0,0.6057248857288535,0.4953321876103486
382,1,3,1,0.5,0.0,0.5613064782416224,0.4953321876103486
383,1,3,0,0.0,1.0,0.4541179708858336,0.4953321876103486
384,1,3,0,0.25,0.5,0.4418658650596058,0.4953321876103486
394,1,3,1,0.5,0.0,0.5408810147688479,0.4953321876103486
395,1,3,1,0.5,0.0,0.5953393333557028,0.4953321876103486
398,1,3,0,0.25,0.5,0.5256609906607506,0.4953321876103486
403,1,3,0,0.0,1.0,0.4060091475023171,0.4953321876103486
417,1,3,0,0.2,0.6,0.5550910836391629,0.4953321876103486
419,1,3,0,0.4,0.1999999999999999,0.5458847914213543,0.4953321876103486
426,1,3,1,0.8,0.6000000000000001,0.5078950505465898,0.4953321876103486
440,1,3,0,0.0,1.0,0.5269556083912619,0.4953321876103486
443,1,3,0,0.0,1.0,0.4113191406630117,0.4953321876103486
447,1,3,0,0.0,1.0,0.3838730160555107,0.4953321876103486
451,1,3,0,0.25,0.5,0.406072250409396,0.4953321876103486
465,1,3,1,0.5,0.0,0.6303567496955504,0.4953321876103486
466,1,3,1,0.5,0.0,0.6341249105167279,0.4953321876103486
467,1,3,1,1.0,1.0,0.6681542933753074,0.4953321876103486
471,1,3,0,0.0,1.0,0.6770097983533702,0.4953321876103486
495,1,3,0,0.0,1.0,0.577200358315065,0.4953321876103486
496,1,3,1,0.75,0.5,0.601037738300793,0.4953321876103486
499,1,3,0,0.0,1.0,0.49380791304880656,0.4953321876103486
503,1,3,0,0.0,1.0,0.5042191565675905,0.4953321876103486
509,1,3,0,0.25,0.5,0.5336602979406444,0.4953321876103486
514,1,3,1,0.75,0.5,0.6100147684051385,0.4953321876103486
520,1,3,1,0.5,0.0,0.5121352489848341,0.4953321876103486
521,1,3,1,0.75,0.5,0.5681000711241456,0.4953321876103486
522,1,3,0,0.25,0.5,0.4900434160120743,0.4953321876103486
523,1,3,0,0.25,0.5,0.5191646552520123,0.4953321876103486
529,1,3,1,0.5,0.0,0.42783367885825113,0.4953321876103486
530,1,3,1,0.5,0.0,0.5171377150044146,0.4953321876103486
535,1,3,0,0.25,0.5,0.6229819736184004,0.4953321876103486
546,1,3,1,0.5,0.0,0.5574890152985305,0.4953321876103486
552,1,3,1,0.6666666666666666,0.3333333333333332,0.574000175550125,0.4953321876103486
568,1,3,1,1.0,1.0,0.5429193184657105,0.4953321876103486
570,1,3,1,0.6666666666666666,0.3333333333333332,0.6604024238376618,0.4953321876103486
574,1,3,0,0.3333333333333333,0.3333333333333333,0.4459648034814397,0.4953321876103486
583,1,3,1,0.5,0.0,0.6835488289909422,0.4953321876103486
588,1,3,0,0.1666666666666666,0.6666666666666667,0.7342801849841167,0.4953321876103486
590,1,3,0,0.3333333333333333,0.3333333333333333,0.672017574297344,0.4953321876103486
594,1,3,0,0.0,1.0,0.5435625435483011,0.4953321876103486
603,1,3,1,0.5,0.0,0.5541695867045213,0.4953321876103486
610,1,3,0,0.25,0.5,0.6113782071168236,0.4953321876103486
612,1,3,0,0.0,1.0,0.37633021396597277,0.4953321876103486
617,1,3,1,0.5,0.0,0.676236533037822,0.4953321876103486
619,1,3,0,0.25,0.5,0.6534248602264923,0.4953321876103486
624,1,3,0,0.25,0.5,0.6092751897015078,0.4953321876103486
627,1,3,1,0.75,0.5,0.6428433419493789,0.4953321876103486
631,1,3,0,0.0,1.0,0.554546679260373,0.4953321876103486
633,1,3,1,0.5,0.0,0.5559179749581753,0.4953321876103486
634,1,3,0,0.25,0.5,0.590624569936774,0.4953321876103486
636,1,3,0,0.0,1.0,0.5701514093953941,0.4953321876103486
650,1,3,0,0.0,1.0,0.4173550778564882,0.4953321876103486
652,1,3,0,0.0,1.0,0.3579439454095023,0.4953321876103486
654,1,3,0,0.1666666666666666,0.6666666666666667,0.5369756753551708,0.4953321876103486
656,1,3,1,0.6666666666666666,0.3333333333333332,0.5758720901799645,0.4953321876103486
664,1,3,1,0.6666666666666666,0.3333333333333332,0.5072127439686994,0.4953321876103486
665,1,3,0,0.1666666666666666,0.6666666666666667,0.5041230342805325,0.4953321876103486
667,1,3,0,0.3333333333333333,0.3333333333333333,0.6004216493613816,0.4953321876103486
669,1,3,0,0.3333333333333333,0.3333333333333333,0.4860666745038784,0.4953321876103486
673,1,3,0,0.3333333333333333,0.3333333333333333,0.36096839461832003,0.4953321876103486
677,1,3,1,0.6666666666666666,0.3333333333333332,0.5300969055787472,0.4953321876103486
681,1,3,0,0.1666666666666666,0.6666666666666667,0.6198362799990316,0.4953321876103486
683,1,3,1,0.8333333333333334,0.6666666666666667,0.6718651358585324,0.4953321876103486
689,1,3,0,0.0,1.0,0.4340147581095515,0.4953321876103486
702,1,3,0,0.1666666666666666,0.6666666666666667,0.6727493718509904,0.4953321876103486
713,1,3,1,0.6,0.1999999999999999,0.3815473463125966,0.4953321876103486
714,1,3,0,0.3333333333333333,0.3333333333333333,0.350842648343015,0.4953321876103486
720,1,3,0,0.0,1.0,0.40113583545360404,0.4953321876103486
721,1,3,0,0.3333333333333333,0.3333333333333333,0.40776438182711966,0.4953321876103486
722,1,3,0,0.2,0.6,0.45170250672324375,0.4953321876103486
723,1,3,0,0.1666666666666666,0.6666666666666667,0.48776437136734474,0.4953321876103486
726,1,3,0,0.0,1.0,0.4141301933479996,0.4953321876103486
738,1,3,0,0.3333333333333333,0.3333333333333333,0.49702046447540005,0.4953321876103486
742,1,3,1,0.5,0.0,0.5092084162565029,0.4953321876103486
4,1,4,1,0.6,0.1999999999999999,0.4747586719904397,0.46118295249969443
7,1,4,1,0.6,0.1999999999999999,0.47726431220993715,0.46118295249969443
15,1,4,0,0.4,0.1999999999999999,0.28174184462764607,0.46118295249969443
27,1,4,0,0.2,0.6,0.3416061291671618,0.46118295249969443
35,1,4,1,0.5,0.0,0.31022927024543023,0.46118295249969443
38,1,4,0,0.0,1.0,0.42588930628768984,0.46118295249969443
47,1,4,0,0.25,0.5,0.41253451141332986,0.46118295249969443
48,1,4,1,0.6,0.1999999999999999,0.37571775717694583,0.46118295249969443
53,1,4,0,0.1666666666666666,0.6666666666666667,0.36542332256345017,0.46118295249969443
55,1,4,0,0.0,1.0,0.3489538361834723,0.46118295249969443
58,1,4,0,0.25,0.5,0.41750264455954533,0.46118295249969443
59,1,4,0,0.25,0.5,0.33962876689515437,0.46118295249969443
61,1,4,0,0.2,0.6,0.2517235712086792,0.46118295249969443
73,1,4,0,0.0,1.0,0.2581988879038922,0.46118295249969443
74,1,4,0,0.0,1.0,0.5082481084260748,0.46118295249969443
80,1,4,0,0.0,1.0,0.4097980273845223,0.46118295249969443
87,1,4,0,0.0,1.0,0.46328892147990397,0.46118295249969443
97,1,4,0,0.25,0.5,0.3933459276522787,0.46118295249969443
100,1,4,0,0.25,0.5,0.5076089400000414,0.46118295249969443
104,1,4,0,0.1111111111111111,0.7777777777777778,0.2097008911637837,0.46118295249969443
105,1,4,0,0.0,1.0,0.5500851417094783,0.46118295249969443
107,1,4,0,0.1111111111111111,0.7777777777777778,0.5593419816449594,0.46118295249969443
111,1,4,0,0.1111111111111111,0.7777777777777778,0.37750035829272677,0.46118295249969443
112,1,4,0,0.125,0.75,0.3895775252552132,0.46118295249969443
116,1,4,0,0.0,1.0,0.30814107856520745,0.46118295249969443
125,1,4,0,0.125,0.75,0.23193466480136893,0.46118295249969443
134,1,4,0,0.1111111111111111,0.7777777777777778,0.3365697874228272,0.46118295249969443
135,1,4,0,0.1666666666666666,0.6666666666666667,0.25252845782277683,0.46118295249969443
143,1,4,1,0.5555555555555556,0.1111111111111111,0.323986173235611,0.46118295249969443
146,1,4,1,0.8888888888888888,0.7777777777777777,0.371818897167641,0.46118295249969443
147,1,4,0,0.0,1.0,0.32465599124022604,0.46118295249969443
148,1,4,0,0.1111111111111111,0.7777777777777778,0.2596071921889176,0.46118295249969443
162,1,4,0,0.2,0.6,0.4111496360762139,0.46118295249969443
164,1,4,0,0.0,1.0,0.3836981670886436,0.46118295249969443
165,1,4,0,0.0,1.0,0.4728813078586732,0.46118295249969443
167,1,4,0,0.0,1.0,0.45123215902350017,0.46118295249969443
169,1,4,0,0.0,1.0,0.3968949832559211,0.46118295249969443
172,1,4,0,0.0,1.0,0.44823657048233034,0.46118295249969443
174,1,4,1,0.5,0.0,0.3897964396949499,0.46118295249969443
178,1,4,0,0.0,1.0,0.4583182233660153,0.46118295249969443
183,1,4,0,0.0,1.0,0.56060211603733,0.46118295249969443
185,1,4,0,0.25,0.5,0.3389686963791971,0.46118295249969443
189,1,4,1,0.5,0.0,0.40227484708744765,0.46118295249969443
190,1,4,0,0.25,0.5,0.3211018104246284,0.46118295249969443
214,1,4,0,0.2,0.6,0.34337599352312104,0.46118295249969443
224,1,4,0,0.4,0.1999999999999999,0.4759007280982004,0.46118295249969443
228,1,4,0,0.2,0.6,0.43200100592776947,0.46118295249969443
242,1,4,1,0.6,0.1999999999999999,0.33633407677840765,0.46118295249969443
244,1,4,1,0.6,0.1999999999999999,0.45686505989579107,0.46118295249969443
253,1,4,0,0.0,1.0,0.36790031736208084,0.46118295249969443
254,1,4,0,0.25,0.5,0.351730675972136,0.46118295249969443
255,1,4,0,0.25,0.5,0.21397480261762059,0.46118295249969443
269,1,4,1,0.5,0.0,0.345190559773811,0.46118295249969443
281,1,4,0,0.0,1.0,0.4520609991588538,0.46118295249969443
283,1,4,0,0.25,0.5,0.5072903166868914,0.46118295249969443
290,1,4,0,0.0,1.0,0.5188462486481995,0.46118295249969443
295,1,4,0,0.0,1.0,0.3642651694853912,0.46118295249969443
296,1,4,0,0.0,1.0,0.33847490288469745,0.46118295249969443
302,1,4,0,0.0,1.0,0.4990551725467573,0.46118295249969443
303,1,4,0,0.0,1.0,0.4323719606864026,0.46118295249969443
306,1,4,0,0.0,1.0,0.46190772644969835,0.46118295249969443
311,1,4,0,0.4,0.1999999999999999,0.48526502854689263,0.46118295249969443
337,1,4,0,0.0,1.0,0.42151312545890296,0.46118295249969443
340,1,4,1,0.6,0.1999999999999999,0.4839414471313149,0.46118295249969443
345,1,4,0,0.0,1.0,0.3823461367237124,0.46118295249969443
348,1,4,0,0.4,0.1999999999999999,0.5179127180326395,0.46118295249969443
359,1,4,0,0.25,0.5,0.31207100651107794,0.46118295249969443
361,1,4,0,0.0,1.0,0.3717738131842008,0.46118295249969443
364,1,4,1,0.5,0.0,0.48429705165292325,0.46118295249969443
367,1,4,0,0.25,0.5,0.41287519878593626,0.46118295249969443
371,1,4,0,0.25,0.5,0.5767705527888295,0.46118295249969443
372,1,4,0,0.25,0.5,0.5445085461551975,0.46118295249969443
377,1,4,0,0.25,0.5,0.4338848251517464,0.46118295249969443
379,1,4,1,0.75,0.5,0.641135209231354,0.46118295249969443
381,1,4,1,0.75,0.5,0.5816032392574717,0.46118295249969443
392,1,4,1,0.5,0.0,0.47411796684133545,0.46118295249969443
400,1,4,1,0.5,0.0,0.565689358087374,0.46118295249969443
410,1,4,1,0.6,0.1999999999999999,0.6562664701749406,0.46118295249969443
413,1,4,0,0.0,1.0,0.6708225425430032,0.46118295249969443
418,1,4,0,0.0,1.0,0.46609299862999887,0.46118295249969443
421,1,4,0,0.2,0.6,0.39369788148936624,0.46118295249969443
422,1,4,1,0.6,0.1999999999999999,0.3907820549894069,0.46118295249969443
424,1,4,1,0.6,0.1999999999999999,0.3589912872709592,0.46118295249969443
427,1,4,1,0.6,0.1999999999999999,0.7095779546492278,0.46118295249969443
430,1,4,1,0.6,0.1999999999999999,0.533364363718735,0.46118295249969443
432,1,4,0,0.2,0.6,0.4585401233394001,0.46118295249969443
434,1,4,0,0.0,1.0,0.4416049250547375,0.46118295249969443
438,1,4,0,0.1666666666666666,0.6666666666666667,0.47755189620793986,0.46118295249969443
441,1,4,0,0.2,0.6,0.5559640372954675,0.46118295249969443
442,1,4,1,0.8,0.6000000000000001,0.5624324871717797,0.46118295249969443
446,1,4,0,0.2,0.6,0.6053764476935084,0.46118295249969443
448,1,4,0,0.0,1.0,0.19038367873036782,0.46118295249969443
452,1,4,0,0.25,0.5,0.4874298707734629,0.46118295249969443
453,1,4,0,0.25,0.5,0.37163851833596945,0.46118295249969443
456,1,4,1,0.5,0.0,0.5448919811607472,0.46118295249969443
458,1,4,0,0.0,1.0,0.4302374205046264,0.46118295249969443
459,1,4,0,0.25,0.5,0.5765208682470886,0.46118295249969443
461,1,4,1,0.5,0.0,0.5239159665064942,0.46118295249969443
463,1,4,0,0.25,0.5,0.5005297882347906,0.46118295249969443
473,1,4,0,0.25,0.5,0.5197691807723864,0.46118295249969443
491,1,4,1,0.5,0.0,0.5650882044788835,0.46118295249969443
492,1,4,0,0.3333333333333333,0.3333333333333333,0.4374960286075382,0.46118295249969443
504,1,4,1,0.75,0.5,0.5275086933478597,0.46118295249969443
508,1,4,1,0.75,0.5,0.5853655564912341,0.46118295249969443
512,1,4,1,1.0,1.0,0.663776677876386,0.46118295249969443
517,1,4,0,0.25,0.5,0.5389631628491202,0.46118295249969443
532,1,4,0,0.0,1.0,0.3798853701552203,0.46118295249969443
548,1,4,1,0.5,0.0,0.5311103639306632,0.46118295249969443
550,1,4,0,0.0,1.0,0.5591029274427284,0.46118295249969443
561,1,4,1,0.5,0.0,0.5345935445169824,0.46118295249969443
562,1,4,0,0.3333333333333333,0.3333333333333333,0.5642256016716466,0.46118295249969443
565,1,4,0,0.3333333333333333,0.3333333333333333,0.5004726676606676,0.46118295249969443
566,1,4,0,0.1666666666666666,0.6666666666666667,0.4492088785317856,0.46118295249969443
569,1,4,0,0.1666666666666666,0.6666666666666667,0.43576464344622406,0.46118295249969443
572,1,4,1,0.8333333333333334,0.6666666666666667,0.6713744899092648,0.46118295249969443
578,1,4,1,0.5,0.0,0.48278227980684946,0.46118295249969443
586,1,4,1,0.6666666666666666,0.3333333333333332,0.7244387695698786,0.46118295249969443
596,1,4,1,0.5,0.0,0.5474359733448815,0.46118295249969443
599,1,4,0,0.0,1.0,0.6277995591765317,0.46118295249969443
601,1,4,0,0.0,1.0,0.37200307849722064,0.46118295249969443
605,1,4,1,0.5,0.0,0.6154896445811245,0.46118295249969443
606,1,4,0,0.25,0.5,0.5230613374403192,0.46118295249969443
608,1,4,0,0.0,1.0,0.6662343535105096,0.46118295249969443
609,1,4,0,0.25,0.5,0.6365045018666182,0.46118295249969443
614,1,4,1,0.75,0.5,0.5960787878223821,0.46118295249969443
625,1,4,0,0.0,1.0,0.5640906996067109,0.46118295249969443
640,1,4,1,0.75,0.5,0.631026928610926,0.46118295249969443
643,1,4,1,0.5,0.0,0.3791034915259556,0.46118295249969443
644,1,4,0,0.25,0.5,0.3795618390231917,0.46118295249969443
662,1,4,0,0.0,1.0,0.4442287713105143,0.46118295249969443
671,1,4,0,0.3333333333333333,0.3333333333333333,0.5145999380126683,0.46118295249969443
675,1,4,0,0.3333333333333333,0.3333333333333333,0.4439372931504048,0.46118295249969443
676,1,4,0,0.1666666666666666,0.6666666666666667,0.5835284072825304,0.46118295249969443
682,1,4,0,0.1666666666666666,0.6666666666666667,0.6679061524571672,0.46118295249969443
685,1,4,0,0.0,1.0,0.6055042147326275,0.46118295249969443
694,1,4,0,0.3333333333333333,0.3333333333333333,0.5688900947260662,0.46118295249969443
700,1,4,1,0.5,0.0,0.6848326725555827,0.46118295249969443
701,1,4,0,0.1666666666666666,0.6666666666666667,0.6810803622719608,0.46118295249969443
705,1,4,1,0.5,0.0,0.32956257865750826,0.46118295249969443
709,1,4,0,0.3333333333333333,0.3333333333333333,0.5852797269202941,0.46118295249969443
724,1,4,0,0.2,0.6,0.33520014628095196,0.46118295249969443
730,1,4,0,0.3333333333333333,0.3333333333333333,0.4497949950938572,0.46118295249969443
733,1,4,0,0.1666666666666666,0.6666666666666667,0.5196144266219633,0.46118295249969443
736,1,4,0,0.0,1.0,0.4060961456691691,0.46118295249969443
737,1,4,0,0.1666666666666666,0.6666666666666667,0.41781347188916185,0.46118295249969443
740,1,4,0,0.1666666666666666,0.6666666666666667,0.5974778397775644,0.46118295249969443
741,1,4,0,0.2,0.6,0.5427496061781556,0.46118295249969443
1,2,0,0,0.3333333333333333,0.3333333333333333,0.47502786613373044,0.4812648918671492
4,2,0,1,0.6,0.1999999999999999,0.46217016535639827,0.4812648918671492
6,2,0,0,0.2,0.6,0.34133083783965634,0.4812648918671492
10,2,0,0,0.0,1.0,0.3465168188362364,0.4812648918671492
12,2,0,0,0.4,0.1999999999999999,0.342398166187596,0.4812648918671492
18,2,0,1,0.6,0.1999999999999999,0.4848470556517113,0.4812648918671492
25,2,0,0,0.2,0.6,0.37011456190932013,0.4812648918671492
33,2,0,0,0.4,0.1999999999999999,0.407051414083182,0.4812648918671492
38,2,0,0,0.0,1.0,0.4567245062528186,0.4812648918671492
44,2,0,0,0.0,1.0,0.4217483020440547,0.4812648918671492
48,2,0,1,0.6,0.1999999999999999,0.39001465730633134,0.4812648918671492
57,2,0,1,1.0,1.0,0.33517127717580697,0.4812648918671492
60,2,0,0,0.0,1.0,0.40987721450045156,0.4812648918671492
62,2,0,0,0.25,0.5,0.31218535435992906,0.4812648918671492
70,2,0,0,0.0,1.0,0.42732904026947305,0.4812648918671492
73,2,0,0,0.0,1.0,0.2638665659834364,0.4812648918671492
74,2,0,0,0.0,1.0,0.47118813311071495,0.4812648918671492
80,2,0,0,0.0,1.0,0.3628949462586064,0.4812648918671492
81,2,0,0,0.0,1.0,0.39227260530978475,0.4812648918671492
84,2,0,0,0.3333333333333333,0.3333333333333333,0.44654729728782605,0.4812648918671492
91,2,0,0,0.25,0.5,0.4583804839855625,0.4812648918671492
98,2,0,0,0.3333333333333333,0.3333333333333333,0.36518098878999283,0.4812648918671492
104,2,0,0,0.1111111111111111,0.7777777777777778,0.37335703008642285,0.4812648918671492
108,2,0,0,0.25,0.5,0.4294226094592535,0.4812648918671492
114,2,0,0,0.1111111111111111,0.7777777777777778,0.3891043231855603,0.4812648918671492
118,2,0,0,0.0,1.0,0.4200798506957102,0.4812648918671492
133,2,0,1,0.8888888888888888,0.7777777777777777,0.45648544372660954,0.4812648918671492
134,2,0,0,0.1111111111111111,0.7777777777777778,0.41642113044402074,0.4812648918671492
136,2,0,0,0.3333333333333333,0.3333333333333333,0.4414798326756453,0.4812648918671492
139,2,0,0,0.0,1.0,0.5050903357603331,0.4812648918671492
141,2,0,0,0.0,1.0,0.4607050252618112,0.4812648918671492
144,2,0,0,0.0,1.0,0.3945259337081184,0.4812648918671492
152,2,0,0,0.0,1.0,0.3332875644404527,0.4812648918671492
162,2,0,0,0.2,0.6,0.36323013599413545,0.4812648918671492
165,2,0,0,0.0,1.0,0.45253034421224014,0.4812648918671492
171,2,0,0,0.25,0.5,0.4681695900042721,0.4812648918671492
173,2,0,0,0.25,0.5,0.3726529254837312,0.4812648918671492
182,2,0,0,0.0,1.0,0.47147558037371823,0.4812648918671492
185,2,0,0,0.25,0.5,0.35262030553175944,0.4812648918671492
188,2,0,0,0.0,1.0,0.5225754572308712,0.4812648918671492
191,2,0,0,0.0,1.0,0.35780182283591483,0.4812648918671492
203,2,0,0,0.2,0.6,0.3222418214961448,0.4812648918671492
222,2,0,0,0.2,0.6,0.5078055210061503,0.4812648918671492
244,2,0,1,0.6,0.1999999999999999,0.4674351300369656,0.4812648918671492
248,2,0,0,0.4,0.1999999999999999,0.44318472950104226,0.4812648918671492
250,2,0,0,0.4,0.1999999999999999,0.40966555535248106,0.4812648918671492
253,2,0,0,0.0,1.0,0.3838042030713984,0.4812648918671492
255,2,0,0,0.25,0.5,0.30897932644470305,0.4812648918671492
257,2,0,0,0.25,0.5,0.31438741250207813,0.4812648918671492
261,2,0,0,0.25,0.5,0.47936379922437145,0.4812648918671492
263,2,0,0,0.2,0.6,0.4183355439861429,0.4812648918671492
265,2,0,1,0.5,0.0,0.4201754425102199,0.4812648918671492
272,2,0,1,0.5,0.0,0.4498041803322245,0.4812648918671492
273,2,0,1,0.5,0.0,0.4683494088485268,0.4812648918671492
276,2,0,0,0.2,0.6,0.40368858986335354,0.4812648918671492
288,2,0,1,0.75,0.5,0.28917677329482183,0.4812648918671492
322,2,0,1,0.6,0.1999999999999999,0.5599871242938581,0.4812648918671492
324,2,0,0,0.2,0.6,0.5418529082329667,0.4812648918671492
326,2,0,0,0.0,1.0,0.40951856887304794,0.4812648918671492
327,2,0,0,0.0,1.0,0.5322710959730766,0.4812648918671492
328,2,0,1,0.6,0.1999999999999999,0.3707203117533879,0.4812648918671492
331,2,0,0,0.0,1.0,0.4138755517967537,0.4812648918671492
339,2,0,0,0.0,1.0,0.4121585414219657,0.4812648918671492
343,2,0,1,0.8,0.6000000000000001,0.4923035490905646,0.4812648918671492
345,2,0,0,0.0,1.0,0.38855132860950736,0.4812648918671492
346,2,0,1,0.6,0.1999999999999999,0.5979119502651123,0.4812648918671492
352,2,0,0,0.25,0.5,0.49569018039029933,0.4812648918671492
353,2,0,0,0.0,1.0,0.5793965495769247,0.4812648918671492
357,2,0,1,0.5,0.0,0.45212753997005845,0.4812648918671492
363,2,0,0,0.0,1.0,0.5505562168678142,0.4812648918671492
367,2,0,0,0.25,0.5,0.40353416056064395,0.4812648918671492
371,2,0,0,0.25,0.5,0.5308580424908559,0.4812648918671492
373,2,0,0,0.0,1.0,0.5044027565379079,0.4812648918671492
375,2,0,1,0.5,0.0,0.5919714253328933,0.4812648918671492
387,2,0,0,0.0,1.0,0.43457847391666127,0.4812648918671492
392,2,0,1,0.5,0.0,0.5389591804240311,0.4812648918671492
393,2,0,0,0.25,0.5,0.5031458975290963,0.4812648918671492
394,2,0,1,0.5,0.0,0.5856315469754891,0.4812648918671492
395,2,0,1,0.5,0.0,0.6392221886969291,0.4812648918671492
398,2,0,0,0.25,0.5,0.5441933903011884,0.4812648918671492
402,2,0,1,0.6,0.1999999999999999,0.4591397851815333,0.4812648918671492
412,2,0,1,1.0,1.0,0.6761224115170394,0.4812648918671492
414,2,0,1,0.6,0.1999999999999999,0.6712151515764366,0.4812648918671492
416,2,0,0,0.0,1.0,0.49709967252535997,0.4812648918671492
421,2,0,0,0.2,0.6,0.5124924128645472,0.4812648918671492
428,2,0,1,0.6,0.1999999999999999,0.46490021880445,0.4812648918671492
432,2,0,0,0.2,0.6,0.5230296714388768,0.4812648918671492
435,2,0,0,0.4,0.1999999999999999,0.5193323491943866,0.4812648918671492
438,2,0,0,0.1666666666666666,0.6666666666666667,0.41686313306372236,0.4812648918671492
442,2,0,1,0.8,0.6000000000000001,0.5780187902332051,0.4812648918671492
444,2,0,0,0.2,0.6,0.5436440929241952,0.4812648918671492
460,2,0,0,0.0,1.0,0.4885243188356421,0.4812648918671492
465,2,0,1,0.5,0.0,0.6238452775197294,0.4812648918671492
470,2,0,0,0.0,1.0,0.6504055895314903,0.4812648918671492
471,2,0,0,0.0,1.0,0.6739427883487024,0.4812648918671492
474,2,0,0,0.0,1.0,0.4068674339270404,0.4812648918671492
475,2,0,0,0.25,0.5,0.5015282597480349,0.4812648918671492
476,2,0,0,0.0,1.0,0.5950261577205671,0.4812648918671492
485,2,0,1,0.5,0.0,0.48374017162057087,0.4812648918671492
489,2,0,0,0.0,1.0,0.5472855618084108,0.4812648918671492
493,2,0,0,0.0,1.0,0.482093631180135,0.4812648918671492
498,2,0,0,0.0,1.0,0.4911806939086915,0.4812648918671492
505,2,0,1,0.5,0.0,0.632156664702709,0.4812648918671492
506,2,0,1,0.75,0.5,0.6416646952142122,0.4812648918671492
515,2,0,0,0.25,0.5,0.49041696134902446,0.4812648918671492
517,2,0,0,0.25,0.5,0.5871014857711975,0.4812648918671492
525,2,0,0,0.2,0.6,0.3575667104558881,0.4812648918671492
526,2,0,0,0.0,1.0,0.6016657604407123,0.4812648918671492
531,2,0,1,0.75,0.5,0.5451564833310987,0.4812648918671492
533,2,0,0,0.0,1.0,0.39005024762171725,0.4812648918671492
534,2,0,1,0.75,0.5,0.554664364210935,0.4812648918671492
535,2,0,0,0.25,0.5,0.6264419106736042,0.4812648918671492
545,2,0,0,0.25,0.5,0.5421585821163025,0.4812648918671492
547,2,0,1,0.5,0.0,0.5726805308058456,0.4812648918671492
548,2,0,1,0.5,0.0,0.4996825712693638,0.4812648918671492
549,2,0,0,0.0,1.0,0.40635172580779744,0.4812648918671492
552,2,0,1,0.6666666666666666,0.3333333333333332,0.5714697665546932,0.4812648918671492
563,2,0,0,0.0,1.0,0.6174877741474607,0.4812648918671492
571,2,0,1,0.5,0.0,0.5630013634033512,0.4812648918671492
573,2,0,0,0.3333333333333333,0.3333333333333333,0.6111258073472738,0.4812648918671492
577,2,0,0,0.1666666666666666,0.6666666666666667,0.6350946981469339,0.4812648918671492
581,2,0,0,0.3333333333333333,0.3333333333333333,0.5666716367317033,0.4812648918671492
583,2,0,1,0.5,0.0,0.6809899622907045,0.4812648918671492
584,2,0,1,0.6666666666666666,0.3333333333333332,0.7022095224157765,0.4812648918671492
588,2,0,0,0.1666666666666666,0.6666666666666667,0.7167321276193801,0.4812648918671492
594,2,0,0,0.0,1.0,0.562173245729588,0.4812648918671492
601,2,0,0,0.0,1.0,0.3972124602643912,0.4812648918671492
606,2,0,0,0.25,0.5,0.506121323216616,0.4812648918671492
615,2,0,1,0.75,0.5,0.6418336804496827,0.4812648918671492
620,2,0,1,0.75,0.5,0.6416793295577521,0.4812648918671492
652,2,0,0,0.0,1.0,0.3703390617698586,0.4812648918671492
655,2,0,1,0.6666666666666666,0.3333333333333332,0.4725824520025723,0.4812648918671492
656,2,0,1,0.6666666666666666,0.3333333333333332,0.563644163387366,0.4812648918671492
660,2,0,0,0.1666666666666666,0.6666666666666667,0.5022443837485799,0.4812648918671492
661,2,0,1,0.8333333333333334,0.6666666666666667,0.6652251778867948,0.4812648918671492
662,2,0,0,0.0,1.0,0.4847257573141528,0.4812648918671492
674,2,0,0,0.3333333333333333,0.3333333333333333,0.4660791830360478,0.4812648918671492
680,2,0,0,0.0,1.0,0.4395511793920622,0.4812648918671492
684,2,0,0,0.0,1.0,0.6777144994690174,0.4812648918671492
689,2,0,0,0.0,1.0,0.4207378963928631,0.4812648918671492
699,2,0,0,0.1666666666666666,0.6666666666666667,0.6053353439694007,0.4812648918671492
701,2,0,0,0.1666666666666666,0.6666666666666667,0.6290937781703363,0.4812648918671492
721,2,0,0,0.3333333333333333,0.3333333333333333,0.43279030330831436,0.4812648918671492
723,2,0,0,0.1666666666666666,0.6666666666666667,0.4641718456714601,0.4812648918671492
737,2,0,0,0.1666666666666666,0.6666666666666667,0.40976521970312385,0.4812648918671492
739,2,0,0,0.3333333333333333,0.3333333333333333,0.4381782669483554,0.4812648918671492
742,2,0,1,0.5,0.0,0.5254556718606387,0.4812648918671492
13,2,1,0,0.2,0.6,0.35716752255491074,0.4862329087759728
14,2,1,0,0.2,0.6,0.43400187067116436,0.4862329087759728
16,2,1,1,0.6,0.1999999999999999,0.43654868831505605,0.4862329087759728
20,2,1,0,0.25,0.5,0.3702867634385347,0.4862329087759728
29,2,1,0,0.2,0.6,0.4387034887218996,0.4862329087759728
34,2,1,0,0.1666666666666666,0.6666666666666667,0.5239217312185749,0.4862329087759728
35,2,1,1,0.5,0.0,0.31815711680855224,0.4862329087759728
46,2,1,0,0.4,0.1999999999999999,0.5383283617743294,0.4862329087759728
67,2,1,0,0.0,1.0,0.34579451398908745,0.4862329087759728
82,2,1,0,0.25,0.5,0.38164006940449413,0.4862329087759728
83,2,1,0,0.25,0.5,0.5021212776337087,0.4862329087759728
85,2,1,0,0.25,0.5,0.43673683104831995,0.4862329087759728
88,2,1,1,0.5,0.0,0.3822366360365701,0.4862329087759728
93,2,1,0,0.0,1.0,0.42906699570330836,0.4862329087759728
103,2,1,0,0.1111111111111111,0.7777777777777778,0.3584489368985151,0.4862329087759728
116,2,1,0,0.0,1.0,0.31132993518308116,0.4862329087759728
122,2,1,0,0.0,1.0,0.3221626991393276,0.4862329087759728
123,2,1,0,0.0,1.0,0.2930136096241849,0.4862329087759728
124,2,1,0,0.0,1.0,0.47334523544276597,0.4862329087759728
127,2,1,1,0.6666666666666666,0.3333333333333332,0.444267511975932,0.4862329087759728
128,2,1,0,0.1111111111111111,0.7777777777777778,0.3049057319840968,0.4862329087759728
131,2,1,0,0.0,1.0,0.4176583147685683,0.4862329087759728
132,2,1,0,0.2222222222222222,0.5555555555555556,0.4772205327425697,0.4862329087759728
143,2,1,1,0.5555555555555556,0.1111111111111111,0.4055771049829683,0.4862329087759728
149,2,1,0,0.3333333333333333,0.3333333333333333,0.34700087070663177,0.4862329087759728
153,2,1,0,0.0,1.0,0.3467617747108541,0.4862329087759728
157,2,1,0,0.25,0.5,0.4025762008028902,0.4862329087759728
159,2,1,0,0.0,1.0,0.3916135776853725,0.4862329087759728
176,2,1,0,0.0,1.0,0.42946526462652784,0.4862329087759728
181,2,1,1,0.5,0.0,0.3996329536982692,0.4862329087759728
184,2,1,0,0.0,1.0,0.3550806754338003,0.4862329087759728
190,2,1,0,0.25,0.5,0.3679016576321494,0.4862329087759728
196,2,1,1,0.5,0.0,0.3738114348648743,0.4862329087759728
198,2,1,0,0.0,1.0,0.4250880753895464,0.4862329087759728
199,2,1,0,0.25,0.5,0.41099748939631975,0.4862329087759728
207,2,1,0,0.2,0.6,0.4613762685782032,0.4862329087759728
208,2,1,0,0.0,1.0,0.4582064274255941,0.4862329087759728
212,2,1,0,0.2,0.6,0.35599439488362283,0.4862329087759728
216,2,1,0,0.0,1.0,0.4176093267270786,0.4862329087759728
224,2,1,0,0.4,0.1999999999999999,0.4435200578545909,0.4862329087759728
227,2,1,1,1.0,1.0,0.4659339574653532,0.4862329087759728
229,2,1,0,0.0,1.0,0.39005260903553807,0.4862329087759728
235,2,1,0,0.0,1.0,0.4273289775383224,0.4862329087759728
240,2,1,0,0.2,0.6,0.37374366565971423,0.4862329087759728
245,2,1,0,0.0,1.0,0.3711824829688475,0.4862329087759728
247,2,1,0,0.2,0.6,0.4559772428596136,0.4862329087759728
258,2,1,0,0.0,1.0,0.3449779303702297,0.4862329087759728
262,2,1,1,0.5,0.0,0.40241214438486106,0.4862329087759728
277,2,1,1,0.5,0.0,0.48525370148701485,0.4862329087759728
278,2,1,0,0.25,0.5,0.4131332392965162,0.4862329087759728
279,2,1,0,0.2,0.6,0.36406936283972013,0.4862329087759728
285,2,1,0,0.4,0.1999999999999999,0.4389025696019226,0.4862329087759728
287,2,1,0,0.25,0.5,0.43743803781849855,0.4862329087759728
291,2,1,0,0.0,1.0,0.463934311220969,0.4862329087759728
292,2,1,0,0.25,0.5,0.4976380067166606,0.4862329087759728
293,2,1,1,0.5,0.0,0.46945143070902645,0.4862329087759728
295,2,1,0,0.0,1.0,0.38027687156881673,0.4862329087759728
300,2,1,0,0.0,1.0,0.4485508182116924,0.4862329087759728
304,2,1,1,0.8,0.6000000000000001,0.4274147964757299,0.4862329087759728
307,2,1,0,0.4,0.1999999999999999,0.4384159090616583,0.4862329087759728
309,2,1,1,0.8,0.6000000000000001,0.6016722154426388,0.4862329087759728
318,2,1,0,0.4,0.1999999999999999,0.5045063317351282,0.4862329087759728
347,2,1,0,0.4,0.1999999999999999,0.4920671209038542,0.4862329087759728
349,2,1,0,0.0,1.0,0.4068816549592008,0.4862329087759728
351,2,1,0,0.0,1.0,0.4723422122718029,0.4862329087759728
358,2,1,0,0.25,0.5,0.5563674138600305,0.4862329087759728
359,2,1,0,0.25,0.5,0.40939807967919073,0.4862329087759728
360,2,1,0,0.25,0.5,0.4874893132080405,0.4862329087759728
372,2,1,0,0.25,0.5,0.5209427075722821,0.4862329087759728
374,2,1,1,0.5,0.0,0.5902441285037034,0.4862329087759728
381,2,1,1,0.75,0.5,0.5144634164396862,0.4862329087759728
382,2,1,1,0.5,0.0,0.5765208550822436,0.4862329087759728
383,2,1,0,0.0,1.0,0.41867819998534483,0.4862329087759728
384,2,1,0,0.25,0.5,0.46624611736843746,0.4862329087759728
389,2,1,0,0.25,0.5,0.6075840719699186,0.4862329087759728
399,2,1,0,0.25,0.5,0.4495828825466692,0.4862329087759728
401,2,1,0,0.2,0.6,0.5431728730453325,0.4862329087759728
405,2,1,0,0.0,1.0,0.6063495590932477,0.4862329087759728
420,2,1,0,0.0,1.0,0.459750011899669,0.4862329087759728
427,2,1,1,0.6,0.1999999999999999,0.6704916587575338,0.4862329087759728
430,2,1,1,0.6,0.1999999999999999,0.5643857752625668,0.4862329087759728
431,2,1,0,0.4,0.1999999999999999,0.5396298399278414,0.4862329087759728
433,2,1,0,0.0,1.0,0.42909073391000996,0.4862329087759728
447,2,1,0,0.0,1.0,0.35557097844644875,0.4862329087759728
456,2,1,1,0.5,0.0,0.5347179893269464,0.4862329087759728
458,2,1,0,0.0,1.0,0.4719103107697832,0.4862329087759728
461,2,1,1,0.5,0.0,0.5336087338919276,0.4862329087759728
464,2,1,0,0.0,1.0,0.556394417983356,0.4862329087759728
477,2,1,0,0.0,1.0,0.44965896436919806,0.4862329087759728
488,2,1,1,0.5,0.0,0.5409195965454807,0.4862329087759728
492,2,1,0,0.3333333333333333,0.3333333333333333,0.5081468152647602,0.4862329087759728
503,2,1,0,0.0,1.0,0.4943938942953225,0.4862329087759728
508,2,1,1,0.75,0.5,0.5591558080895651,0.4862329087759728
509,2,1,0,0.25,0.5,0.5527076609278332,0.4862329087759728
510,2,1,1,0.5,0.0,0.5823831711993281,0.4862329087759728
520,2,1,1,0.5,0.0,0.5265401868561554,0.4862329087759728
521,2,1,1,0.75,0.5,0.5470030857813526,0.4862329087759728
524,2,1,0,0.0,1.0,0.5213854241511165,0.4862329087759728
528,2,1,0,0.0,1.0,0.4264297345713694,0.4862329087759728
538,2,1,0,0.0,1.0,0.6053866237927719,0.4862329087759728
539,2,1,0,0.25,0.5,0.49980077574004766,0.4862329087759728
541,2,1,1,0.5,0.0,0.6197600099397138,0.4862329087759728
542,2,1,0,0.25,0.5,0.4991811878207604,0.4862329087759728
543,2,1,1,0.5,0.0,0.5649409256087012,0.4862329087759728
550,2,1,0,0.0,1.0,0.5457303852781905,0.4862329087759728
568,2,1,1,1.0,1.0,0.5345299543463563,0.4862329087759728
569,2,1,0,0.1666666666666666,0.6666666666666667,0.4734767382832131,0.4862329087759728
575,2,1,1,0.5,0.0,0.5707151114648371,0.4862329087759728
579,2,1,0,0.3333333333333333,0.3333333333333333,0.5592929501952472,0.4862329087759728
580,2,1,0,0.3333333333333333,0.3333333333333333,0.5339395277278007,0.4862329087759728
582,2,1,1,0.5,0.0,0.5916558201365566,0.4862329087759728
586,2,1,1,0.6666666666666666,0.3333333333333332,0.6569865305152689,0.4862329087759728
590,2,1,0,0.3333333333333333,0.3333333333333333,0.6432797691588873,0.4862329087759728
592,2,1,1,0.6,0.1999999999999999,0.7229316738615463,0.4862329087759728
593,2,1,1,0.5,0.0,0.5190972677579823,0.4862329087759728
595,2,1,1,0.8333333333333334,0.6666666666666667,0.6079894446591909,0.4862329087759728
600,2,1,0,0.1666666666666666,0.6666666666666667,0.6152099112551415,0.4862329087759728
602,2,1,0,0.25,0.5,0.5807796885481356,0.4862329087759728
603,2,1,1,0.5,0.0,0.5376952661267803,0.4862329087759728
604,2,1,1,0.75,0.5,0.5761423940008006,0.4862329087759728
605,2,1,1,0.5,0.0,0.5960180937263578,0.4862329087759728
610,2,1,0,0.25,0.5,0.5914834209049995,0.4862329087759728
612,2,1,0,0.0,1.0,0.35244168911250395,0.4862329087759728
617,2,1,1,0.5,0.0,0.6390664032012756,0.4862329087759728
619,2,1,0,0.25,0.5,0.653200532383589,0.4862329087759728
625,2,1,0,0.0,1.0,0.5386119422408431,0.4862329087759728
638,2,1,0,0.25,0.5,0.6362884393245514,0.4862329087759728
659,2,1,1,0.6666666666666666,0.3333333333333332,0.5379178598593963,0.4862329087759728
663,2,1,0,0.3333333333333333,0.3333333333333333,0.5752079264152814,0.4862329087759728
665,2,1,0,0.1666666666666666,0.6666666666666667,0.5168217699420122,0.4862329087759728
672,2,1,0,0.0,1.0,0.4815679545827761,0.4862329087759728
677,2,1,1,0.6666666666666666,0.3333333333333332,0.5290587462308631,0.4862329087759728
678,2,1,0,0.3333333333333333,0.3333333333333333,0.5198402577114458,0.4862329087759728
679,2,1,0,0.4,0.1999999999999999,0.4214074621037562,0.4862329087759728
688,2,1,0,0.1666666666666666,0.6666666666666667,0.501647379462112,0.4862329087759728
690,2,1,0,0.0,1.0,0.42426129549365243,0.4862329087759728
696,2,1,0,0.1666666666666666,0.6666666666666667,0.537621825010323,0.4862329087759728
697,2,1,1,0.5,0.0,0.6225397172500569,0.4862329087759728
706,2,1,1,0.6666666666666666,0.3333333333333332,0.5103099890993259,0.4862329087759728
708,2,1,0,0.0,1.0,0.4616244575823516,0.4862329087759728
712,2,1,0,0.1666666666666666,0.6666666666666667,0.47420751150221885,0.4862329087759728
724,2,1,0,0.2,0.6,0.45622850521241265,0.4862329087759728
726,2,1,0,0.0,1.0,0.4352530169398634,0.4862329087759728
728,2,1,0,0.2,0.6,0.43427711378519074,0.4862329087759728
733,2,1,0,0.1666666666666666,0.6666666666666667,0.483647817785964,0.4862329087759728
735,2,1,0,0.0,1.0,0.4113629375389475,0.4862329087759728
736,2,1,0,0.0,1.0,0.4555834047722985,0.4862329087759728
11,2,2,1,0.6,0.1999999999999999,0.37801348464620754,0.48578652791981997
15,2,2,0,0.4,0.1999999999999999,0.34690900990997836,0.48578652791981997
21,2,2,0,0.2,0.6,0.42382096896621,0.48578652791981997
24,2,2,0,0.0,1.0,0.3310317569467022,0.48578652791981997
27,2,2,0,0.2,0.6,0.3490226794971292,0.48578652791981997
28,2,2,0,0.2,0.6,0.4305088298578148,0.48578652791981997
30,2,2,0,0.2,0.6,0.3773587610777914,0.48578652791981997
31,2,2,0,0.1666666666666666,0.6666666666666667,0.32923223383018113,0.48578652791981997
37,2,2,0,0.2,0.6,0.37195735283508014,0.48578652791981997
47,2,2,0,0.25,0.5,0.40303891035033035,0.48578652791981997
58,2,2,0,0.25,0.5,0.4352710735974402,0.48578652791981997
59,2,2,0,0.25,0.5,0.3436974333491576,0.48578652791981997
61,2,2,0,0.2,0.6,0.27168466166102223,0.48578652791981997
64,2,2,0,0.3333333333333333,0.3333333333333333,0.37051178127884266,0.48578652791981997
71,2,2,0,0.0,1.0,0.3656200934567511,0.48578652791981997
76,2,2,0,0.25,0.5,0.4261681898670087,0.48578652791981997
87,2,2,0,0.0,1.0,0.4364249170517546,0.48578652791981997
94,2,2,0,0.25,0.5,0.3524963636862408,0.48578652791981997
95,2,2,0,0.25,0.5,0.32411273442283683,0.48578652791981997
97,2,2,0,0.25,0.5,0.3548318846309494,0.48578652791981997
101,2,2,0,0.3333333333333333,0.3333333333333333,0.33651185030662806,0.48578652791981997
105,2,2,0,0.0,1.0,0.47617679888499614,0.48578652791981997
111,2,2,0,0.1111111111111111,0.7777777777777778,0.35643108918015204,0.48578652791981997
113,2,2,0,0.1111111111111111,0.7777777777777778,0.39497362380900963,0.48578652791981997
120,2,2,0,0.0,1.0,0.4784367367752211,0.48578652791981997
129,2,2,0,0.2,0.6,0.5127482595199606,0.48578652791981997
142,2,2,0,0.0,1.0,0.42264226033253693,0.48578652791981997
148,2,2,0,0.1111111111111111,0.7777777777777778,0.3596912113444222,0.48578652791981997
150,2,2,0,0.0,1.0,0.395027208635634,0.48578652791981997
151,2,2,0,0.0,1.0,0.44105657095715983,0.48578652791981997
156,2,2,0,0.25,0.5,0.3040974920284668,0.48578652791981997
158,2,2,0,0.0,1.0,0.3470003174697479,0.48578652791981997
163,2,2,0,0.25,0.5,0.46538566758319894,0.48578652791981997
167,2,2,0,0.0,1.0,0.4594478589077295,0.48578652791981997
168,2,2,0,0.25,0.5,0.4994916812398729,0.48578652791981997
177,2,2,0,0.0,1.0,0.5181912049807083,0.48578652791981997
179,2,2,0,0.25,0.5,0.5373559541638505,0.48578652791981997
187,2,2,0,0.0,1.0,0.42644843487495554,0.48578652791981997
189,2,2,1,0.5,0.0,0.3947514494785471,0.48578652791981997
201,2,2,0,0.25,0.5,0.468589018272305,0.48578652791981997
205,2,2,0,0.2,0.6,0.43297028787857444,0.48578652791981997
206,2,2,1,0.5,0.0,0.42817253405038025,0.48578652791981997
213,2,2,0,0.4,0.1999999999999999,0.4067906640471769,0.48578652791981997
214,2,2,0,0.2,0.6,0.3659935177663808,0.48578652791981997
220,2,2,0,0.4,0.1999999999999999,0.3926010474107746,0.48578652791981997
223,2,2,0,0.2,0.6,0.3628352528171405,0.48578652791981997
237,2,2,0,0.4,0.1999999999999999,0.4032456295975149,0.48578652791981997
238,2,2,0,0.25,0.5,0.4174824021013802,0.48578652791981997
241,2,2,1,0.6,0.1999999999999999,0.4442539939186327,0.48578652791981997
249,2,2,1,0.6,0.1999999999999999,0.42607330032515317,0.48578652791981997
252,2,2,0,0.0,1.0,0.34058140869777476,0.48578652791981997
259,2,2,0,0.0,1.0,0.36515976951457485,0.48578652791981997
264,2,2,0,0.25,0.5,0.4385203908178722,0.48578652791981997
268,2,2,1,0.5,0.0,0.3705015763685141,0.48578652791981997
269,2,2,1,0.5,0.0,0.38791881473596035,0.48578652791981997
270,2,2,0,0.0,1.0,0.47141758221583374,0.48578652791981997
271,2,2,0,0.0,1.0,0.4484585498748698,0.48578652791981997
275,2,2,1,0.5,0.0,0.4764654861809629,0.48578652791981997
280,2,2,0,0.25,0.5,0.4882861492039682,0.48578652791981997
281,2,2,0,0.0,1.0,0.43419463828076144,0.48578652791981997
283,2,2,0,0.25,0.5,0.4910899288574015,0.48578652791981997
284,2,2,1,0.5,0.0,0.444348836287647,0.48578652791981997
286,2,2,0,0.2,0.6,0.32816808061066716,0.48578652791981997
290,2,2,0,0.0,1.0,0.475141631750829,0.48578652791981997
296,2,2,0,0.0,1.0,0.3441175980589721,0.48578652791981997
298,2,2,0,0.25,0.5,0.45626366435318044,0.48578652791981997
303,2,2,0,0.0,1.0,0.3902062714303798,0.48578652791981997
306,2,2,0,0.0,1.0,0.48049865208121056,0.48578652791981997
310,2,2,0,0.2,0.6,0.4498895970600696,0.48578652791981997
312,2,2,0,0.0,1.0,0.3888006611337603,0.48578652791981997
316,2,2,0,0.4,0.1999999999999999,0.4840303483962212,0.48578652791981997
333,2,2,0,0.0,1.0,0.397575033132828,0.48578652791981997
335,2,2,1,0.5,0.0,0.4107193406320463,0.48578652791981997
338,2,2,0,0.4,0.1999999999999999,0.4000006961915211,0.48578652791981997
342,2,2,0,0.2,0.6,0.43610450331077866,0.48578652791981997
354,2,2,0,0.25,0.5,0.5147505736472664,0.48578652791981997
355,2,2,0,0.25,0.5,0.4794952080739825,0.48578652791981997
361,2,2,0,0.0,1.0,0.3776267317508287,0.48578652791981997
364,2,2,1,0.5,0.0,0.4655452832731388,0.48578652791981997
376,2,2,1,0.5,0.0,0.6407911365666545,0.48578652791981997
378,2,2,1,0.5,0.0,0.5461279520727074,0.48578652791981997
379,2,2,1,0.75,0.5,0.6130666110399673,0.48578652791981997
388,2,2,1,0.5,0.0,0.5644948476793513,0.48578652791981997
390,2,2,1,0.75,0.5,0.5892930546033883,0.48578652791981997
406,2,2,1,0.6,0.1999999999999999,0.5362970526880018,0.48578652791981997
409,2,2,0,0.4,0.1999999999999999,0.7127111749776283,0.48578652791981997
411,2,2,0,0.2,0.6,0.6153824292934525,0.48578652791981997
413,2,2,0,0.0,1.0,0.6432554854317772,0.48578652791981997
418,2,2,0,0.0,1.0,0.5370460116859813,0.48578652791981997
422,2,2,1,0.6,0.1999999999999999,0.4642928075551306,0.48578652791981997
424,2,2,1,0.6,0.1999999999999999,0.4138397057036718,0.48578652791981997
429,2,2,0,0.0,1.0,0.5625229213673164,0.48578652791981997
434,2,2,0,0.0,1.0,0.46246094271605953,0.48578652791981997
441,2,2,0,0.2,0.6,0.607863349436258,0.48578652791981997
445,2,2,0,0.0,1.0,0.5295929943930826,0.48578652791981997
446,2,2,0,0.2,0.6,0.5900012953458055,0.48578652791981997
448,2,2,0,0.0,1.0,0.30258127642563515,0.48578652791981997
452,2,2,0,0.25,0.5,0.5323363032270922,0.48578652791981997
462,2,2,1,0.5,0.0,0.5531901747899726,0.48578652791981997
463,2,2,0,0.25,0.5,0.4467330624218816,0.48578652791981997
467,2,2,1,1.0,1.0,0.6710905162729519,0.48578652791981997
480,2,2,1,0.5,0.0,0.6194412825418336,0.48578652791981997
496,2,2,1,0.75,0.5,0.6042328169828396,0.48578652791981997
499,2,2,0,0.0,1.0,0.4878287712824324,0.48578652791981997
512,2,2,1,1.0,1.0,0.6601669823143985,0.48578652791981997
514,2,2,1,0.75,0.5,0.6402427889360314,0.48578652791981997
516,2,2,0,0.0,1.0,0.5679418657217501,0.48578652791981997
518,2,2,0,0.25,0.5,0.5297801948022993,0.48578652791981997
519,2,2,0,0.0,1.0,0.45257636882535407,0.48578652791981997
530,2,2,1,0.5,0.0,0.4788083973536269,0.48578652791981997
546,2,2,1,0.5,0.0,0.5906871994794572,0.48578652791981997
553,2,2,0,0.0,1.0,0.458757732643478,0.48578652791981997
554,2,2,1,0.5,0.0,0.5443453495714943,0.48578652791981997
555,2,2,0,0.3333333333333333,0.3333333333333333,0.5651766152010111,0.48578652791981997
559,2,2,1,0.6666666666666666,0.3333333333333332,0.43023274582282517,0.48578652791981997
566,2,2,0,0.1666666666666666,0.6666666666666667,0.45331980166656183,0.48578652791981997
607,2,2,0,0.0,1.0,0.6264640812186273,0.48578652791981997
609,2,2,0,0.25,0.5,0.5978908773951503,0.48578652791981997
613,2,2,0,0.0,1.0,0.680605080665716,0.48578652791981997
618,2,2,0,0.0,1.0,0.5389817124204439,0.48578652791981997
622,2,2,1,0.75,0.5,0.5097912775262232,0.48578652791981997
623,2,2,1,0.5,0.0,0.6143998054596534,0.48578652791981997
627,2,2,1,0.75,0.5,0.6120289355704698,0.48578652791981997
628,2,2,0,0.0,1.0,0.47275826601773985,0.48578652791981997
630,2,2,1,0.5,0.0,0.6233698099271143,0.48578652791981997
636,2,2,0,0.0,1.0,0.5575984436275022,0.48578652791981997
642,2,2,1,0.75,0.5,0.5118634237058013,0.48578652791981997
643,2,2,1,0.5,0.0,0.4374504615306894,0.48578652791981997
646,2,2,0,0.0,1.0,0.35646219527469347,0.48578652791981997
647,2,2,1,0.5,0.0,0.5763272999476873,0.48578652791981997
650,2,2,0,0.0,1.0,0.43808703593820997,0.48578652791981997
657,2,2,1,0.5,0.0,0.5118132670326025,0.48578652791981997
658,2,2,0,0.1666666666666666,0.6666666666666667,0.5137724141309297,0.48578652791981997
667,2,2,0,0.3333333333333333,0.3333333333333333,0.5807365402461204,0.48578652791981997
668,2,2,0,0.1666666666666666,0.6666666666666667,0.6045021065747189,0.48578652791981997
671,2,2,0,0.3333333333333333,0.3333333333333333,0.4476639261808479,0.48578652791981997
681,2,2,0,0.1666666666666666,0.6666666666666667,0.6200072417877325,0.48578652791981997
686,2,2,0,0.0,1.0,0.6282552582478667,0.48578652791981997
692,2,2,0,0.0,1.0,0.4421983609543791,0.48578652791981997
695,2,2,0,0.3333333333333333,0.3333333333333333,0.5923918056536275,0.48578652791981997
700,2,2,1,0.5,0.0,0.6154477654434416,0.48578652791981997
702,2,2,0,0.1666666666666666,0.6666666666666667,0.6799592477536345,0.48578652791981997
710,2,2,0,0.0,1.0,0.4359235920683569,0.48578652791981997
713,2,2,1,0.6,0.1999999999999999,0.3956598994182786,0.48578652791981997
716,2,2,1,0.6666666666666666,0.3333333333333332,0.4624104569513675,0.48578652791981997
732,2,2,0,0.0,1.0,0.3298162801778427,0.48578652791981997
738,2,2,0,0.3333333333333333,0.3333333333333333,0.5253374261353062,0.48578652791981997
2,2,3,0,0.4,0.1999999999999999,0.34664285332246014,0.481878365614421
7,2,3,1,0.6,0.1999999999999999,0.45030533632505393,0.481878365614421
8,2,3,0,0.0,1.0,0.38084971340675366,0.481878365614421
9,2,3,0,0.0,1.0,0.45303399969489266,0.481878365614421
26,2,3,1,0.8,0.6000000000000001,0.35982479988458593,0.481878365614421
32,2,3,0,0.2,0.6,0.41056319437261934,0.481878365614421
39,2,3,0,0.0,1.0,0.419330677120219,0.481878365614421
40,2,3,0,0.2,0.6,0.4032987388088143,0.481878365614421
42,2,3,0,0.0,1.0,0.45863807248538035,0.481878365614421
45,2,3,0,0.0,1.0,0.47064297258039445,0.481878365614421
52,2,3,0,0.25,0.5,0.4113287112156091,0.481878365614421
53,2,3,0,0.1666666666666666,0.6666666666666667,0.41098951615489854,0.481878365614421
55,2,3,0,0.0,1.0,0.4026273976009161,0.481878365614421
56,2,3,0,0.25,0.5,0.3995171690689081,0.481878365614421
63,2,3,0,0.0,1.0,0.4417564949013913,0.481878365614421
69,2,3,0,0.0,1.0,0.39620782523399123,0.481878365614421
75,2,3,0,0.0,1.0,0.4043080746587798,0.481878365614421
77,2,3,0,0.25,0.5,0.36008275950200547,0.481878365614421
78,2,3,0,0.0,1.0,0.39982446117491377,0.481878365614421
79,2,3,0,0.25,0.5,0.4339589790366647,0.481878365614421
90,2,3,1,0.5,0.0,0.3790460630378722,0.481878365614421
92,2,3,0,0.0,1.0,0.44930213885530124,0.481878365614421
96,2,3,0,0.0,1.0,0.41581157333602886,0.481878365614421
99,2,3,0,0.0,1.0,0.3685313486910186,0.481878365614421
100,2,3,0,0.25,0.5,0.47893792201530166,0.481878365614421
109,2,3,0,0.1111111111111111,0.7777777777777778,0.39406350864292083,0.481878365614421
119,2,3,0,0.1111111111111111,0.7777777777777778,0.36177254457508456,0.481878365614421
121,2,3,0,0.1111111111111111,0.7777777777777778,0.4034841082343394,0.481878365614421
130,2,3,0,0.1111111111111111,0.7777777777777778,0.39279788016426664,0.481878365614421
138,2,3,1,0.5555555555555556,0.1111111111111111,0.44497821266631976,0.481878365614421
147,2,3,0,0.0,1.0,0.4073398660376575,0.481878365614421
160,2,3,0,0.1666666666666666,0.6666666666666667,0.42475004556745394,0.481878365614421
164,2,3,0,0.0,1.0,0.39227777705521416,0.481878365614421
166,2,3,0,0.25,0.5,0.39426776667761637,0.481878365614421
172,2,3,0,0.0,1.0,0.45794521698610413,0.481878365614421
180,2,3,0,0.0,1.0,0.44271211683998585,0.481878365614421
183,2,3,0,0.0,1.0,0.45783942865685845,0.481878365614421
194,2,3,0,0.0,1.0,0.44914159982045465,0.481878365614421
195,2,3,0,0.0,1.0,0.452413987386009,0.481878365614421
202,2,3,1,0.6,0.1999999999999999,0.45910817666118436,0.481878365614421
210,2,3,0,0.4,0.1999999999999999,0.5551461329965952,0.481878365614421
211,2,3,1,0.6,0.1999999999999999,0.5813393561072312,0.481878365614421
215,2,3,0,0.2,0.6,0.39792287265318155,0.481878365614421
225,2,3,0,0.2,0.6,0.40732486293997283,0.481878365614421
226,2,3,0,0.0,1.0,0.41019984804494586,0.481878365614421
230,2,3,0,0.2,0.6,0.36811293565307207,0.481878365614421
231,2,3,1,0.5,0.0,0.41906270454249006,0.481878365614421
232,2,3,0,0.25,0.5,0.43627171618154353,0.481878365614421
246,2,3,0,0.4,0.1999999999999999,0.4462268585179343,0.481878365614421
251,2,3,0,0.25,0.5,0.4942211554139678,0.481878365614421
260,2,3,0,0.25,0.5,0.3862116990986018,0.481878365614421
266,2,3,0,0.25,0.5,0.3645070065618689,0.481878365614421
267,2,3,0,0.0,1.0,0.43350955677538583,0.481878365614421
274,2,3,1,0.5,0.0,0.6030576985322957,0.481878365614421
282,2,3,0,0.25,0.5,0.4236367916355967,0.481878365614421
297,2,3,0,0.0,1.0,0.3924572489762951,0.481878365614421
302,2,3,0,0.0,1.0,0.4441732423231746,0.481878365614421
308,2,3,0,0.4,0.1999999999999999,0.4986600931962263,0.481878365614421
311,2,3,0,0.4,0.1999999999999999,0.40762997431819886,0.481878365614421
314,2,3,0,0.0,1.0,0.47789278731058416,0.481878365614421
321,2,3,1,0.6,0.1999999999999999,0.4966585966336065,0.481878365614421
325,2,3,0,0.0,1.0,0.39488341840598024,0.481878365614421
329,2,3,0,0.0,1.0,0.37710218810422935,0.481878365614421
332,2,3,0,0.0,1.0,0.46195883318728753,0.481878365614421
334,2,3,0,0.4,0.1999999999999999,0.4520782616315402,0.481878365614421
336,2,3,0,0.4,0.1999999999999999,0.507625922180976,0.481878365614421
337,2,3,0,0.0,1.0,0.44885877404117347,0.481878365614421
340,2,3,1,0.6,0.1999999999999999,0.4973557420293345,0.481878365614421
341,2,3,1,0.6,0.1999999999999999,0.5427361316820893,0.481878365614421
344,2,3,0,0.2,0.6,0.40069608252697964,0.481878365614421
348,2,3,0,0.4,0.1999999999999999,0.5407358039012917,0.481878365614421
362,2,3,1,0.75,0.5,0.5484793090674499,0.481878365614421
368,2,3,1,0.5,0.0,0.5185263424414518,0.481878365614421
397,2,3,1,0.75,0.5,0.6307047492290545,0.481878365614421
408,2,3,0,0.4,0.1999999999999999,0.6175275410433967,0.481878365614421
410,2,3,1,0.6,0.1999999999999999,0.5949503446837623,0.481878365614421
425,2,3,0,0.0,1.0,0.49974349996316886,0.481878365614421
426,2,3,1,0.8,0.6000000000000001,0.5743474777769169,0.481878365614421
436,2,3,0,0.4,0.1999999999999999,0.5610944070000788,0.481878365614421
439,2,3,0,0.2,0.6,0.5047455729504222,0.481878365614421
440,2,3,0,0.0,1.0,0.5759473092895454,0.481878365614421
443,2,3,0,0.0,1.0,0.4370554774440728,0.481878365614421
449,2,3,0,0.4,0.1999999999999999,0.4754432131240427,0.481878365614421
450,2,3,0,0.2,0.6,0.44251186288327937,0.481878365614421
451,2,3,0,0.25,0.5,0.48765940549683173,0.481878365614421
453,2,3,0,0.25,0.5,0.4571106818457852,0.481878365614421
454,2,3,0,0.0,1.0,0.5228006086188774,0.481878365614421
455,2,3,0,0.0,1.0,0.4096282884372441,0.481878365614421
459,2,3,0,0.25,0.5,0.6099907489232461,0.481878365614421
466,2,3,1,0.5,0.0,0.594467759281798,0.481878365614421
468,2,3,0,0.25,0.5,0.6027116481235695,0.481878365614421
469,2,3,1,0.75,0.5,0.458349326790608,0.481878365614421
478,2,3,0,0.0,1.0,0.400199002889632,0.481878365614421
479,2,3,0,0.0,1.0,0.5515259266940936,0.481878365614421
481,2,3,0,0.0,1.0,0.657278589242535,0.481878365614421
482,2,3,0,0.0,1.0,0.37075430259416875,0.481878365614421
483,2,3,0,0.25,0.5,0.6006680926464785,0.481878365614421
486,2,3,0,0.25,0.5,0.6234394248389519,0.481878365614421
487,2,3,0,0.2,0.6,0.3871036787759342,0.481878365614421
490,2,3,0,0.25,0.5,0.4621699430275933,0.481878365614421
497,2,3,0,0.0,1.0,0.41049129530935957,0.481878365614421
504,2,3,1,0.75,0.5,0.5682500637939844,0.481878365614421
513,2,3,0,0.0,1.0,0.5827038504751615,0.481878365614421
523,2,3,0,0.25,0.5,0.5591258005573753,0.481878365614421
529,2,3,1,0.5,0.0,0.4330610488600065,0.481878365614421
536,2,3,0,0.3333333333333333,0.3333333333333333,0.5439194265787464,0.481878365614421
544,2,3,1,0.5,0.0,0.5942626566830906,0.481878365614421
551,2,3,1,0.6666666666666666,0.3333333333333332,0.5341797102159475,0.481878365614421
557,2,3,0,0.3333333333333333,0.3333333333333333,0.4764874274050696,0.481878365614421
558,2,3,1,0.5,0.0,0.5582984903135289,0.481878365614421
560,2,3,0,0.1666666666666666,0.6666666666666667,0.5370670183111885,0.481878365614421
561,2,3,1,0.5,0.0,0.5427956019531902,0.481878365614421
565,2,3,0,0.3333333333333333,0.3333333333333333,0.4952936017040779,0.481878365614421
570,2,3,1,0.6666666666666666,0.3333333333333332,0.5749616468259,0.481878365614421
574,2,3,0,0.3333333333333333,0.3333333333333333,0.43153218400586857,0.481878365614421
585,2,3,1,0.5,0.0,0.566905165496957,0.481878365614421
587,2,3,1,0.8333333333333334,0.6666666666666667,0.5499921010189703,0.481878365614421
596,2,3,1,0.5,0.0,0.5355664862966264,0.481878365614421
597,2,3,0,0.0,1.0,0.3599883625619138,0.481878365614421
598,2,3,0,0.3333333333333333,0.3333333333333333,0.5511028686155435,0.481878365614421
611,2,3,1,0.75,0.5,0.5403160304828762,0.481878365614421
621,2,3,1,0.5,0.0,0.5185566249659794,0.481878365614421
629,2,3,1,0.5,0.0,0.5821838536161905,0.481878365614421
637,2,3,1,0.5,0.0,0.5920090253453145,0.481878365614421
644,2,3,0,0.25,0.5,0.485913649577813,0.481878365614421
648,2,3,1,0.5,0.0,0.5174084067943223,0.481878365614421
653,2,3,1,0.5,0.0,0.40383649523797965,0.481878365614421
654,2,3,0,0.1666666666666666,0.6666666666666667,0.5655950618562566,0.481878365614421
670,2,3,1,0.5,0.0,0.5651000007486833,0.481878365614421
682,2,3,0,0.1666666666666666,0.6666666666666667,0.5392937304411185,0.481878365614421
683,2,3,1,0.8333333333333334,0.6666666666666667,0.5831222758392098,0.481878365614421
685,2,3,0,0.0,1.0,0.4941569582710098,0.481878365614421
687,2,3,0,0.3333333333333333,0.3333333333333333,0.527220348249769,0.481878365614421
691,2,3,0,0.1666666666666666,0.6666666666666667,0.5391545221904519,0.481878365614421
693,2,3,1,0.5,0.0,0.657592896385959,0.481878365614421
704,2,3,0,0.3333333333333333,0.3333333333333333,0.4339657415725159,0.481878365614421
705,2,3,1,0.5,0.0,0.4241038601585169,0.481878365614421
711,2,3,1,0.6,0.1999999999999999,0.44426037037483684,0.481878365614421
717,2,3,1,0.5,0.0,0.46171707053352673,0.481878365614421
719,2,3,0,0.1666666666666666,0.6666666666666667,0.5300291804112983,0.481878365614421
722,2,3,0,0.2,0.6,0.43704701803503054,0.481878365614421
725,2,3,0,0.0,1.0,0.45397295765651446,0.481878365614421
727,2,3,0,0.4,0.1999999999999999,0.47893900212544815,0.481878365614421
729,2,3,0,0.4,0.1999999999999999,0.46985851964524583,0.481878365614421
730,2,3,0,0.3333333333333333,0.3333333333333333,0.4410220953492785,0.481878365614421
734,2,3,0,0.0,1.0,0.40471366300839595,0.481878365614421
740,2,3,0,0.1666666666666666,0.6666666666666667,0.47745198212150936,0.481878365614421
3,2,4,0,0.0,1.0,0.40987000243130467,0.507897107894284
5,2,4,0,0.2,0.6,0.5266825265744244,0.507897107894284
17,2,4,0,0.4,0.1999999999999999,0.5385515874794822,0.507897107894284
22,2,4,0,0.2,0.6,0.32225495810772475,0.507897107894284
36,2,4,0,0.2,0.6,0.3206783329153073,0.507897107894284
41,2,4,0,0.2,0.6,0.3484260810808778,0.507897107894284
43,2,4,0,0.2,0.6,0.43643389216348777,0.507897107894284
49,2,4,0,0.3333333333333333,0.3333333333333333,0.5146055348834213,0.507897107894284
50,2,4,1,0.8,0.6000000000000001,0.2608200103306165,0.507897107894284
51,2,4,0,0.25,0.5,0.39042341705801975,0.507897107894284
54,2,4,0,0.25,0.5,0.3649819596030527,0.507897107894284
65,2,4,0,0.25,0.5,0.14416705736582874,0.507897107894284
66,2,4,0,0.0,1.0,0.21149082500629685,0.507897107894284
68,2,4,0,0.0,1.0,0.18376202301383926,0.507897107894284
72,2,4,0,0.25,0.5,0.30986615742854096,0.507897107894284
86,2,4,0,0.0,1.0,0.3678322318785066,0.507897107894284
89,2,4,0,0.25,0.5,0.38532870388128504,0.507897107894284
102,2,4,0,0.0,1.0,0.1730375205772278,0.507897107894284
106,2,4,1,1.0,1.0,0.534243001338603,0.507897107894284
107,2,4,0,0.1111111111111111,0.7777777777777778,0.5658314800099593,0.507897107894284
110,2,4,0,0.0,1.0,0.3150176439357658,0.507897107894284
112,2,4,0,0.125,0.75,0.38047913896114294,0.507897107894284
115,2,4,0,0.0,1.0,0.30325270752640177,0.507897107894284
117,2,4,0,0.25,0.5,0.2972402552920648,0.507897107894284
125,2,4,0,0.125,0.75,0.2325822284378446,0.507897107894284
126,2,4,0,0.2222222222222222,0.5555555555555556,0.5477381779180437,0.507897107894284
135,2,4,0,0.1666666666666666,0.6666666666666667,0.25597560610638415,0.507897107894284
137,2,4,1,0.6666666666666666,0.3333333333333332,0.16540293802421646,0.507897107894284
140,2,4,0,0.2222222222222222,0.5555555555555556,0.5486865980122422,0.507897107894284
145,2,4,0,0.4444444444444444,0.1111111111111111,0.4175306398869059,0.507897107894284
146,2,4,1,0.8888888888888888,0.7777777777777777,0.4873794058684988,0.507897107894284
154,2,4,0,0.25,0.5,0.24295023948569397,0.507897107894284
155,2,4,0,0.25,0.5,0.39506738078500114,0.507897107894284
161,2,4,0,0.0,1.0,0.40865081105171297,0.507897107894284
169,2,4,0,0.0,1.0,0.39974256851906315,0.507897107894284
170,2,4,0,0.1666666666666666,0.6666666666666667,0.5078411115921835,0.507897107894284
174,2,4,1,0.5,0.0,0.2801613312530976,0.507897107894284
175,2,4,0,0.0,1.0,0.24127839029575895,0.507897107894284
178,2,4,0,0.0,1.0,0.38506457945096434,0.507897107894284
186,2,4,0,0.0,1.0,0.20633839955963604,0.507897107894284
192,2,4,0,0.0,1.0,0.5195531225504374,0.507897107894284
193,2,4,0,0.25,0.5,0.32695320125761246,0.507897107894284
197,2,4,0,0.0,1.0,0.4723693384233679,0.507897107894284
200,2,4,0,0.2,0.6,0.49752661335202086,0.507897107894284
204,2,4,0,0.4,0.1999999999999999,0.42426674492828376,0.507897107894284
209,2,4,0,0.2,0.6,0.43777280693648857,0.507897107894284
217,2,4,0,0.0,1.0,0.22099357231991376,0.507897107894284
219,2,4,0,0.0,1.0,0.4506294707649823,0.507897107894284
221,2,4,1,0.8,0.6000000000000001,0.3633230166396533,0.507897107894284
228,2,4,0,0.2,0.6,0.2921735965364814,0.507897107894284
233,2,4,0,0.0,1.0,0.43683845388347525,0.507897107894284
234,2,4,0,0.25,0.5,0.4726925674946163,0.507897107894284
236,2,4,0,0.0,1.0,0.5095167267643521,0.507897107894284
239,2,4,1,0.6,0.1999999999999999,0.33603872627776216,0.507897107894284
242,2,4,1,0.6,0.1999999999999999,0.43316285277139693,0.507897107894284
243,2,4,0,0.0,1.0,0.324263035507551,0.507897107894284
254,2,4,0,0.25,0.5,0.2689688445597884,0.507897107894284
289,2,4,1,0.5,0.0,0.2483497806830807,0.507897107894284
294,2,4,0,0.0,1.0,0.4576171122021223,0.507897107894284
299,2,4,1,0.8,0.6000000000000001,0.35223738313907693,0.507897107894284
313,2,4,0,0.0,1.0,0.3873127220752999,0.507897107894284
315,2,4,1,0.8,0.6000000000000001,0.440768131177382,0.507897107894284
317,2,4,0,0.4,0.1999999999999999,0.2868484750602418,0.507897107894284
319,2,4,0,0.2,0.6,0.5824816811164155,0.507897107894284
320,2,4,0,0.0,1.0,0.420148961462959,0.507897107894284
323,2,4,0,0.0,1.0,0.3762451919889763,0.507897107894284
330,2,4,0,0.4,0.1999999999999999,0.5034602702250175,0.507897107894284
350,2,4,0,0.0,1.0,0.42886005765108404,0.507897107894284
356,2,4,0,0.25,0.5,0.5431836803974344,0.507897107894284
365,2,4,0,0.25,0.5,0.3628166346211833,0.507897107894284
366,2,4,0,0.0,1.0,0.5919633258656372,0.507897107894284
369,2,4,0,0.0,1.0,0.3962351550108738,0.507897107894284
370,2,4,0,0.0,1.0,0.3665251162600169,0.507897107894284
377,2,4,0,0.25,0.5,0.5500807147579487,0.507897107894284
380,2,4,1,0.75,0.5,0.7116557106780074,0.507897107894284
385,2,4,1,0.5,0.0,0.3778304180797283,0.507897107894284
386,2,4,0,0.25,0.5,0.5569285615650214,0.507897107894284
391,2,4,0,0.0,1.0,0.35499076697193765,0.507897107894284
396,2,4,1,0.75,0.5,0.6341954943415775,0.507897107894284
400,2,4,1,0.5,0.0,0.5229790881315535,0.507897107894284
403,2,4,0,0.0,1.0,0.39813006548136454,0.507897107894284
404,2,4,1,0.6,0.1999999999999999,0.7806085531418987,0.507897107894284
407,2,4,0,0.2,0.6,0.6823438939897745,0.507897107894284
415,2,4,0,0.0,1.0,0.6786057721370682,0.507897107894284
417,2,4,0,0.2,0.6,0.5886326238753652,0.507897107894284
419,2,4,0,0.4,0.1999999999999999,0.5727215084089277,0.507897107894284
423,2,4,0,0.0,1.0,0.6127337269252469,0.507897107894284
437,2,4,1,0.6,0.1999999999999999,0.47685587630716375,0.507897107894284
457,2,4,1,0.5,0.0,0.5444252407043938,0.507897107894284
472,2,4,0,0.25,0.5,0.40650991767327904,0.507897107894284
473,2,4,0,0.25,0.5,0.5425254380828232,0.507897107894284
484,2,4,0,0.25,0.5,0.4174773051466731,0.507897107894284
491,2,4,1,0.5,0.0,0.5157546334155503,0.507897107894284
494,2,4,1,0.8,0.6000000000000001,0.4623877207879787,0.507897107894284
495,2,4,0,0.0,1.0,0.612095041157539,0.507897107894284
500,2,4,0,0.25,0.5,0.5634692272899697,0.507897107894284
501,2,4,0,0.25,0.5,0.5976298787486178,0.507897107894284
502,2,4,1,0.75,0.5,0.5219335056633381,0.507897107894284
507,2,4,1,1.0,1.0,0.6513399056604949,0.507897107894284
511,2,4,1,0.5,0.0,0.5419646925828263,0.507897107894284
522,2,4,0,0.25,0.5,0.4808268557244786,0.507897107894284
527,2,4,0,0.25,0.5,0.5271874378765088,0.507897107894284
532,2,4,0,0.0,1.0,0.39220566647157734,0.507897107894284
537,2,4,0,0.25,0.5,0.512508484952215,0.507897107894284
540,2,4,0,0.25,0.5,0.5942646456351691,0.507897107894284
556,2,4,0,0.1666666666666666,0.6666666666666667,0.44891012791954393,0.507897107894284
562,2,4,0,0.3333333333333333,0.3333333333333333,0.5666271957206565,0.507897107894284
564,2,4,1,0.5,0.0,0.6068140708128136,0.507897107894284
567,2,4,0,0.3333333333333333,0.3333333333333333,0.5089075388725975,0.507897107894284
572,2,4,1,0.8333333333333334,0.6666666666666667,0.6887660366895012,0.507897107894284
576,2,4,1,0.5,0.0,0.4924273543399482,0.507897107894284
578,2,4,1,0.5,0.0,0.37470673245363173,0.507897107894284
589,2,4,0,0.3333333333333333,0.3333333333333333,0.6848321933065346,0.507897107894284
591,2,4,1,0.5,0.0,0.6888349773202911,0.507897107894284
599,2,4,0,0.0,1.0,0.6349640284583632,0.507897107894284
608,2,4,0,0.0,1.0,0.6590112657892464,0.507897107894284
614,2,4,1,0.75,0.5,0.5890354205940762,0.507897107894284
616,2,4,1,0.75,0.5,0.5765156635324991,0.507897107894284
624,2,4,0,0.25,0.5,0.5936164299224007,0.507897107894284
626,2,4,1,0.5,0.0,0.6183068573769073,0.507897107894284
631,2,4,0,0.0,1.0,0.5568026026082642,0.507897107894284
632,2,4,1,0.5,0.0,0.6164198922370168,0.507897107894284
633,2,4,1,0.5,0.0,0.5712284634843232,0.507897107894284
634,2,4,0,0.25,0.5,0.5941667887799121,0.507897107894284
635,2,4,1,0.5,0.0,0.5953885505929353,0.507897107894284
639,2,4,0,0.0,1.0,0.6744969832430847,0.507897107894284
640,2,4,1,0.75,0.5,0.6450563622146921,0.507897107894284
641,2,4,0,0.0,1.0,0.5622000371254618,0.507897107894284
645,2,4,1,0.75,0.5,0.572250646182398,0.507897107894284
649,2,4,1,0.5,0.0,0.5647331721608142,0.507897107894284
651,2,4,0,0.3333333333333333,0.3333333333333333,0.3901502645876873,0.507897107894284
664,2,4,1,0.6666666666666666,0.3333333333333332,0.4771266075393582,0.507897107894284
669,2,4,0,0.3333333333333333,0.3333333333333333,0.513611725535625,0.507897107894284
673,2,4,0,0.3333333333333333,0.3333333333333333,0.3546734882339856,0.507897107894284
675,2,4,0,0.3333333333333333,0.3333333333333333,0.4074151780227183,0.507897107894284
676,2,4,0,0.1666666666666666,0.6666666666666667,0.5541438517138002,0.507897107894284
694,2,4,0,0.3333333333333333,0.3333333333333333,0.5533553654934544,0.507897107894284
698,2,4,1,0.5,0.0,0.7025954117091661,0.507897107894284
703,2,4,0,0.0,1.0,0.5275334721444057,0.507897107894284
707,2,4,1,0.5,0.0,0.4971519828714449,0.507897107894284
709,2,4,0,0.3333333333333333,0.3333333333333333,0.5635269468757209,0.507897107894284
714,2,4,0,0.3333333333333333,0.3333333333333333,0.26344952102618724,0.507897107894284
715,2,4,1,0.5,0.0,0.48614622685421544,0.507897107894284
718,2,4,0,0.1666666666666666,0.6666666666666667,0.45951854037701984,0.507897107894284
720,2,4,0,0.0,1.0,0.4002640977072554,0.507897107894284
731,2,4,0,0.0,1.0,0.42314938181274275,0.507897107894284
741,2,4,0,0.2,0.6,0.47704934345686756,0.507897107894284
3,3,0,0,0.0,1.0,0.41422419375214903,0.4845072090541625
5,3,0,0,0.2,0.6,0.52663356733859,0.4845072090541625
7,3,0,1,0.6,0.1999999999999999,0.42526783816735436,0.4845072090541625
25,3,0,0,0.2,0.6,0.41631121854496334,0.4845072090541625
30,3,0,0,0.2,0.6,0.39951171122814044,0.4845072090541625
36,3,0,0,0.2,0.6,0.3734035644438469,0.4845072090541625
37,3,0,0,0.2,0.6,0.38577668773648083,0.4845072090541625
39,3,0,0,0.0,1.0,0.4097052383324093,0.4845072090541625
44,3,0,0,0.0,1.0,0.4263503565159088,0.4845072090541625
48,3,0,1,0.6,0.1999999999999999,0.42706176326381806,0.4845072090541625
50,3,0,1,0.8,0.6000000000000001,0.4598151022090392,0.4845072090541625
57,3,0,1,1.0,1.0,0.3742035161905044,0.4845072090541625
58,3,0,0,0.25,0.5,0.43800606386652463,0.4845072090541625
59,3,0,0,0.25,0.5,0.4299673665981626,0.4845072090541625
60,3,0,0,0.0,1.0,0.443858934332105,0.4845072090541625
77,3,0,0,0.25,0.5,0.3747014999441849,0.4845072090541625
78,3,0,0,0.0,1.0,0.39455106682270635,0.4845072090541625
81,3,0,0,0.0,1.0,0.4001339601648294,0.4845072090541625
99,3,0,0,0.0,1.0,0.3790956122657353,0.4845072090541625
114,3,0,0,0.1111111111111111,0.7777777777777778,0.4423830374843052,0.4845072090541625
115,3,0,0,0.0,1.0,0.3579528348057355,0.4845072090541625
116,3,0,0,0.0,1.0,0.3797958662267262,0.4845072090541625
125,3,0,0,0.125,0.75,0.36407154570178957,0.4845072090541625
126,3,0,0,0.2222222222222222,0.5555555555555556,0.44532197476098784,0.4845072090541625
127,3,0,1,0.6666666666666666,0.3333333333333332,0.46908079302112315,0.4845072090541625
130,3,0,0,0.1111111111111111,0.7777777777777778,0.4149840691646238,0.4845072090541625
144,3,0,0,0.0,1.0,0.4260512810489532,0.4845072090541625
145,3,0,0,0.4444444444444444,0.1111111111111111,0.39654134573412847,0.4845072090541625
147,3,0,0,0.0,1.0,0.4239628476840539,0.4845072090541625
149,3,0,0,0.3333333333333333,0.3333333333333333,0.35260345710273655,0.4845072090541625
154,3,0,0,0.25,0.5,0.3949931477943388,0.4845072090541625
161,3,0,0,0.0,1.0,0.5026572271591934,0.4845072090541625
162,3,0,0,0.2,0.6,0.4317563413816119,0.4845072090541625
166,3,0,0,0.25,0.5,0.3677565317507444,0.4845072090541625
167,3,0,0,0.0,1.0,0.4520996721962628,0.4845072090541625
169,3,0,0,0.0,1.0,0.4608844982216188,0.4845072090541625
181,3,0,1,0.5,0.0,0.410760673891066,0.4845072090541625
186,3,0,0,0.0,1.0,0.3765056063280956,0.4845072090541625
188,3,0,0,0.0,1.0,0.514998490015064,0.4845072090541625
190,3,0,0,0.25,0.5,0.40733751435727095,0.4845072090541625
203,3,0,0,0.2,0.6,0.37353633599382574,0.4845072090541625
204,3,0,0,0.4,0.1999999999999999,0.47954494832933686,0.4845072090541625
205,3,0,0,0.2,0.6,0.40622438989819665,0.4845072090541625
209,3,0,0,0.2,0.6,0.481249826696883,0.4845072090541625
210,3,0,0,0.4,0.1999999999999999,0.5420139872590126,0.4845072090541625
216,3,0,0,0.0,1.0,0.4305293362324162,0.4845072090541625
220,3,0,0,0.4,0.1999999999999999,0.39468664222331273,0.4845072090541625
225,3,0,0,0.2,0.6,0.42696760549220153,0.4845072090541625
235,3,0,0,0.0,1.0,0.4436475286647401,0.4845072090541625
247,3,0,0,0.2,0.6,0.46190301772775577,0.4845072090541625
253,3,0,0,0.0,1.0,0.42070265231363835,0.4845072090541625
267,3,0,0,0.0,1.0,0.4910013044668248,0.4845072090541625
269,3,0,1,0.5,0.0,0.4665107867565683,0.4845072090541625
271,3,0,0,0.0,1.0,0.4453124308237208,0.4845072090541625
273,3,0,1,0.5,0.0,0.4381625191413622,0.4845072090541625
283,3,0,0,0.25,0.5,0.47790380355293466,0.4845072090541625
284,3,0,1,0.5,0.0,0.4327891900910018,0.4845072090541625
285,3,0,0,0.4,0.1999999999999999,0.41532546407020043,0.4845072090541625
291,3,0,0,0.0,1.0,0.49550015551414806,0.4845072090541625
292,3,0,0,0.25,0.5,0.5516844687954793,0.4845072090541625
308,3,0,0,0.4,0.1999999999999999,0.5091924849645861,0.4845072090541625
309,3,0,1,0.8,0.6000000000000001,0.5495971547989795,0.4845072090541625
320,3,0,0,0.0,1.0,0.4097574070069327,0.4845072090541625
329,3,0,0,0.0,1.0,0.3943418352340745,0.4845072090541625
341,3,0,1,0.6,0.1999999999999999,0.5308889201153522,0.4845072090541625
346,3,0,1,0.6,0.1999999999999999,0.6372413757284872,0.4845072090541625
348,3,0,0,0.4,0.1999999999999999,0.5329959351006641,0.4845072090541625
349,3,0,0,0.0,1.0,0.3908238692105128,0.4845072090541625
351,3,0,0,0.0,1.0,0.45202831464134335,0.4845072090541625
354,3,0,0,0.25,0.5,0.4859307612207648,0.4845072090541625
370,3,0,0,0.0,1.0,0.3738896130465458,0.4845072090541625
373,3,0,0,0.0,1.0,0.47477361909436977,0.4845072090541625
374,3,0,1,0.5,0.0,0.5206047918412781,0.4845072090541625
390,3,0,1,0.75,0.5,0.6220723151364902,0.4845072090541625
391,3,0,0,0.0,1.0,0.38738731107068913,0.4845072090541625
395,3,0,1,0.5,0.0,0.6015341601029953,0.4845072090541625
404,3,0,1,0.6,0.1999999999999999,0.6712075157088566,0.4845072090541625
405,3,0,0,0.0,1.0,0.5432097796242944,0.4845072090541625
411,3,0,0,0.2,0.6,0.5900056780798604,0.4845072090541625
412,3,0,1,1.0,1.0,0.6132703561181334,0.4845072090541625
414,3,0,1,0.6,0.1999999999999999,0.6100256610656594,0.4845072090541625
415,3,0,0,0.0,1.0,0.6528679991467892,0.4845072090541625
419,3,0,0,0.4,0.1999999999999999,0.5258210540546134,0.4845072090541625
425,3,0,0,0.0,1.0,0.5019376056663244,0.4845072090541625
426,3,0,1,0.8,0.6000000000000001,0.5577159129231173,0.4845072090541625
435,3,0,0,0.4,0.1999999999999999,0.4965404133634026,0.4845072090541625
437,3,0,1,0.6,0.1999999999999999,0.48451486723950277,0.4845072090541625
443,3,0,0,0.0,1.0,0.43595191444367865,0.4845072090541625
453,3,0,0,0.25,0.5,0.4907312987633724,0.4845072090541625
461,3,0,1,0.5,0.0,0.5822348547682045,0.4845072090541625
464,3,0,0,0.0,1.0,0.5719990966829145,0.4845072090541625
467,3,0,1,1.0,1.0,0.6123573421758334,0.4845072090541625
472,3,0,0,0.25,0.5,0.46694421175442336,0.4845072090541625
484,3,0,0,0.25,0.5,0.5104639709431247,0.4845072090541625
488,3,0,1,0.5,0.0,0.5821126786041625,0.4845072090541625
489,3,0,0,0.0,1.0,0.5855504212325597,0.4845072090541625
493,3,0,0,0.0,1.0,0.521413772610299,0.4845072090541625
498,3,0,0,0.0,1.0,0.44386238874809464,0.4845072090541625
500,3,0,0,0.25,0.5,0.5528157394506722,0.4845072090541625
511,3,0,1,0.5,0.0,0.46518104485950595,0.4845072090541625
522,3,0,0,0.25,0.5,0.5159901513047671,0.4845072090541625
523,3,0,0,0.25,0.5,0.5869022427229831,0.4845072090541625
531,3,0,1,0.75,0.5,0.5472841681364192,0.4845072090541625
534,3,0,1,0.75,0.5,0.5598808635509518,0.4845072090541625
544,3,0,1,0.5,0.0,0.5847611255606532,0.4845072090541625
546,3,0,1,0.5,0.0,0.5533946030827552,0.4845072090541625
554,3,0,1,0.5,0.0,0.5517388788232852,0.4845072090541625
560,3,0,0,0.1666666666666666,0.6666666666666667,0.5727532788576537,0.4845072090541625
567,3,0,0,0.3333333333333333,0.3333333333333333,0.5611773995975966,0.4845072090541625
577,3,0,0,0.1666666666666666,0.6666666666666667,0.5712448785714819,0.4845072090541625
580,3,0,0,0.3333333333333333,0.3333333333333333,0.4965454103916567,0.4845072090541625
591,3,0,1,0.5,0.0,0.5684904711176615,0.4845072090541625
596,3,0,1,0.5,0.0,0.5186826592015183,0.4845072090541625
601,3,0,0,0.0,1.0,0.41460129537473533,0.4845072090541625
604,3,0,1,0.75,0.5,0.4998041593555275,0.4845072090541625
613,3,0,0,0.0,1.0,0.6596565666206643,0.4845072090541625
618,3,0,0,0.0,1.0,0.4852643726645076,0.4845072090541625
622,3,0,1,0.75,0.5,0.48655821420881923,0.4845072090541625
633,3,0,1,0.5,0.0,0.5299279879675496,0.4845072090541625
645,3,0,1,0.75,0.5,0.6063715956319968,0.4845072090541625
648,3,0,1,0.5,0.0,0.5163793178928255,0.4845072090541625
650,3,0,0,0.0,1.0,0.45515071071181823,0.4845072090541625
651,3,0,0,0.3333333333333333,0.3333333333333333,0.5308391051367953,0.4845072090541625
653,3,0,1,0.5,0.0,0.4269219799799569,0.4845072090541625
665,3,0,0,0.1666666666666666,0.6666666666666667,0.5195899462123765,0.4845072090541625
667,3,0,0,0.3333333333333333,0.3333333333333333,0.5783575748239347,0.4845072090541625
668,3,0,0,0.1666666666666666,0.6666666666666667,0.5731224739513303,0.4845072090541625
673,3,0,0,0.3333333333333333,0.3333333333333333,0.38034976076067223,0.4845072090541625
674,3,0,0,0.3333333333333333,0.3333333333333333,0.4991116656660414,0.4845072090541625
681,3,0,0,0.1666666666666666,0.6666666666666667,0.5398877771639126,0.4845072090541625
683,3,0,1,0.8333333333333334,0.6666666666666667,0.5857906578163428,0.4845072090541625
685,3,0,0,0.0,1.0,0.5058738245861505,0.4845072090541625
689,3,0,0,0.0,1.0,0.417277855974467,0.4845072090541625
690,3,0,0,0.0,1.0,0.43395920277945715,0.4845072090541625
692,3,0,0,0.0,1.0,0.40789018395673116,0.4845072090541625
694,3,0,0,0.3333333333333333,0.3333333333333333,0.48259087943005313,0.4845072090541625
703,3,0,0,0.0,1.0,0.5977826770229213,0.4845072090541625
707,3,0,1,0.5,0.0,0.44794941358108387,0.4845072090541625
714,3,0,0,0.3333333333333333,0.3333333333333333,0.42836465733552875,0.4845072090541625
716,3,0,1,0.6666666666666666,0.3333333333333332,0.4478916080518176,0.4845072090541625
717,3,0,1,0.5,0.0,0.4402364589756033,0.4845072090541625
723,3,0,0,0.1666666666666666,0.6666666666666667,0.47393826689824553,0.4845072090541625
725,3,0,0,0.0,1.0,0.44449242728894195,0.4845072090541625
730,3,0,0,0.3333333333333333,0.3333333333333333,0.45273989417730953,0.4845072090541625
733,3,0,0,0.1666666666666666,0.6666666666666667,0.4702089814498854,0.4845072090541625
740,3,0,0,0.1666666666666666,0.6666666666666667,0.5085133319325803,0.4845072090541625
742,3,0,1,0.5,0.0,0.527640607186505,0.4845072090541625
6,3,1,0,0.2,0.6,0.35103371709478337,0.4875198239747915
10,3,1,0,0.0,1.0,0.3339471196818411,0.4875198239747915
14,3,1,0,0.2,0.6,0.43895702203422404,0.4875198239747915
31,3,1,0,0.1666666666666666,0.6666666666666667,0.27846985826222215,0.4875198239747915
35,3,1,1,0.5,0.0,0.21839069458279425,0.4875198239747915
41,3,1,0,0.2,0.6,0.365610107223833,0.4875198239747915
42,3,1,0,0.0,1.0,0.45189558989899453,0.4875198239747915
52,3,1,0,0.25,0.5,0.4012709454116625,0.4875198239747915
55,3,1,0,0.0,1.0,0.38142372637880284,0.4875198239747915
61,3,1,0,0.2,0.6,0.20227567547011083,0.4875198239747915
62,3,1,0,0.25,0.5,0.2875439140800541,0.4875198239747915
63,3,1,0,0.0,1.0,0.42587692095991736,0.4875198239747915
65,3,1,0,0.25,0.5,0.1429819716064413,0.4875198239747915
66,3,1,0,0.0,1.0,0.19970575207986882,0.4875198239747915
73,3,1,0,0.0,1.0,0.2334413405735178,0.4875198239747915
84,3,1,0,0.3333333333333333,0.3333333333333333,0.4512300155252703,0.4875198239747915
87,3,1,0,0.0,1.0,0.39899825958052726,0.4875198239747915
91,3,1,0,0.25,0.5,0.46307277272072134,0.4875198239747915
92,3,1,0,0.0,1.0,0.2822875437581569,0.4875198239747915
93,3,1,0,0.0,1.0,0.4209689340536955,0.4875198239747915
97,3,1,0,0.25,0.5,0.49046871520323865,0.4875198239747915
106,3,1,1,1.0,1.0,0.5092960863109963,0.4875198239747915
136,3,1,0,0.3333333333333333,0.3333333333333333,0.4461106866712534,0.4875198239747915
141,3,1,0,0.0,1.0,0.5244792239642839,0.4875198239747915
151,3,1,0,0.0,1.0,0.32490538348550885,0.4875198239747915
153,3,1,0,0.0,1.0,0.2679653739970488,0.4875198239747915
157,3,1,0,0.25,0.5,0.3595504271621887,0.4875198239747915
160,3,1,0,0.1666666666666666,0.6666666666666667,0.26992982059729653,0.4875198239747915
174,3,1,1,0.5,0.0,0.3387762208649229,0.4875198239747915
180,3,1,0,0.0,1.0,0.4537471164672777,0.4875198239747915
197,3,1,0,0.0,1.0,0.37058481397920295,0.4875198239747915
198,3,1,0,0.0,1.0,0.3493097636791518,0.4875198239747915
211,3,1,1,0.6,0.1999999999999999,0.5631519737466133,0.4875198239747915
215,3,1,0,0.2,0.6,0.4296761656237727,0.4875198239747915
217,3,1,0,0.0,1.0,0.24524519951285462,0.4875198239747915
223,3,1,0,0.2,0.6,0.2802003191324961,0.4875198239747915
231,3,1,1,0.5,0.0,0.4307114642944335,0.4875198239747915
233,3,1,0,0.0,1.0,0.41832556011396527,0.4875198239747915
237,3,1,0,0.4,0.1999999999999999,0.2990753915948793,0.4875198239747915
239,3,1,1,0.6,0.1999999999999999,0.32084964364245405,0.4875198239747915
242,3,1,1,0.6,0.1999999999999999,0.4155005621475003,0.4875198239747915
243,3,1,0,0.0,1.0,0.31385374311576064,0.4875198239747915
244,3,1,1,0.6,0.1999999999999999,0.42800970287733187,0.4875198239747915
248,3,1,0,0.4,0.1999999999999999,0.3928816863124058,0.4875198239747915
249,3,1,1,0.6,0.1999999999999999,0.3952356363060121,0.4875198239747915
251,3,1,0,0.25,0.5,0.5484965435783171,0.4875198239747915
255,3,1,0,0.25,0.5,0.19609617184488926,0.4875198239747915
257,3,1,0,0.25,0.5,0.21851411055985298,0.4875198239747915
259,3,1,0,0.0,1.0,0.30164230834686107,0.4875198239747915
261,3,1,0,0.25,0.5,0.40438921858412313,0.4875198239747915
264,3,1,0,0.25,0.5,0.4056368177658932,0.4875198239747915
265,3,1,1,0.5,0.0,0.3754486920835958,0.4875198239747915
266,3,1,0,0.25,0.5,0.2944593287463124,0.4875198239747915
268,3,1,1,0.5,0.0,0.4066546945213005,0.4875198239747915
276,3,1,0,0.2,0.6,0.4130992601964371,0.4875198239747915
288,3,1,1,0.75,0.5,0.19829516567344965,0.4875198239747915
296,3,1,0,0.0,1.0,0.2847728445229094,0.4875198239747915
297,3,1,0,0.0,1.0,0.30602776734080583,0.4875198239747915
306,3,1,0,0.0,1.0,0.5121094939408541,0.4875198239747915
310,3,1,0,0.2,0.6,0.43316323960167885,0.4875198239747915
313,3,1,0,0.0,1.0,0.4288973936927546,0.4875198239747915
314,3,1,0,0.0,1.0,0.5049249465200072,0.4875198239747915
315,3,1,1,0.8,0.6000000000000001,0.3634486890278732,0.4875198239747915
317,3,1,0,0.4,0.1999999999999999,0.3381159199628694,0.4875198239747915
319,3,1,0,0.2,0.6,0.5701719347764045,0.4875198239747915
326,3,1,0,0.0,1.0,0.4417244229818723,0.4875198239747915
330,3,1,0,0.4,0.1999999999999999,0.555657190562962,0.4875198239747915
337,3,1,0,0.0,1.0,0.45176885866657174,0.4875198239747915
350,3,1,0,0.0,1.0,0.434694151325431,0.4875198239747915
355,3,1,0,0.25,0.5,0.47007565472155904,0.4875198239747915
358,3,1,0,0.25,0.5,0.6621792863181417,0.4875198239747915
364,3,1,1,0.5,0.0,0.4603552868336436,0.4875198239747915
366,3,1,0,0.0,1.0,0.5804805692056051,0.4875198239747915
376,3,1,1,0.5,0.0,0.655791724346309,0.4875198239747915
378,3,1,1,0.5,0.0,0.5290100853632744,0.4875198239747915
383,3,1,0,0.0,1.0,0.46231201413586687,0.4875198239747915
388,3,1,1,0.5,0.0,0.4978870452905253,0.4875198239747915
393,3,1,0,0.25,0.5,0.36726722681618806,0.4875198239747915
394,3,1,1,0.5,0.0,0.4673488122627818,0.4875198239747915
402,3,1,1,0.6,0.1999999999999999,0.37414742257206113,0.4875198239747915
403,3,1,0,0.0,1.0,0.419580008362626,0.4875198239747915
406,3,1,1,0.6,0.1999999999999999,0.596610788888997,0.4875198239747915
408,3,1,0,0.4,0.1999999999999999,0.6541288279674822,0.4875198239747915
413,3,1,0,0.0,1.0,0.6769639726620116,0.4875198239747915
420,3,1,0,0.0,1.0,0.47116556186900593,0.4875198239747915
422,3,1,1,0.6,0.1999999999999999,0.3622217196081663,0.4875198239747915
430,3,1,1,0.6,0.1999999999999999,0.6020144737546593,0.4875198239747915
439,3,1,0,0.2,0.6,0.4587894370380287,0.4875198239747915
441,3,1,0,0.2,0.6,0.5718151096643073,0.4875198239747915
445,3,1,0,0.0,1.0,0.5511642029768897,0.4875198239747915
459,3,1,0,0.25,0.5,0.604592616882659,0.4875198239747915
462,3,1,1,0.5,0.0,0.5296123882842709,0.4875198239747915
469,3,1,1,0.75,0.5,0.47723647997777446,0.4875198239747915
473,3,1,0,0.25,0.5,0.5516141398123261,0.4875198239747915
475,3,1,0,0.25,0.5,0.49280025035036046,0.4875198239747915
482,3,1,0,0.0,1.0,0.38658201048103624,0.4875198239747915
485,3,1,1,0.5,0.0,0.42244512637369175,0.4875198239747915
490,3,1,0,0.25,0.5,0.43156203172052454,0.4875198239747915
496,3,1,1,0.75,0.5,0.6318766055080297,0.4875198239747915
512,3,1,1,1.0,1.0,0.760616078684911,0.4875198239747915
518,3,1,0,0.25,0.5,0.5574641941118565,0.4875198239747915
524,3,1,0,0.0,1.0,0.5262589945730518,0.4875198239747915
525,3,1,0,0.2,0.6,0.37504813347598565,0.4875198239747915
532,3,1,0,0.0,1.0,0.41301392974910733,0.4875198239747915
535,3,1,0,0.25,0.5,0.5930360612476037,0.4875198239747915
543,3,1,1,0.5,0.0,0.5507088125817508,0.4875198239747915
545,3,1,0,0.25,0.5,0.545580510141418,0.4875198239747915
548,3,1,1,0.5,0.0,0.5385952469717252,0.4875198239747915
551,3,1,1,0.6666666666666666,0.3333333333333332,0.5376012842905171,0.4875198239747915
562,3,1,0,0.3333333333333333,0.3333333333333333,0.590002015013668,0.4875198239747915
576,3,1,1,0.5,0.0,0.4924586464527353,0.4875198239747915
579,3,1,0,0.3333333333333333,0.3333333333333333,0.5132196809162661,0.4875198239747915
581,3,1,0,0.3333333333333333,0.3333333333333333,0.6030936378821617,0.4875198239747915
585,3,1,1,0.5,0.0,0.639990107397258,0.4875198239747915
588,3,1,0,0.1666666666666666,0.6666666666666667,0.7482151112650268,0.4875198239747915
594,3,1,0,0.0,1.0,0.5635828290830667,0.4875198239747915
611,3,1,1,0.75,0.5,0.589271505995749,0.4875198239747915
625,3,1,0,0.0,1.0,0.5835688000236448,0.4875198239747915
627,3,1,1,0.75,0.5,0.6713271623168882,0.4875198239747915
630,3,1,1,0.5,0.0,0.6433376350685799,0.4875198239747915
632,3,1,1,0.5,0.0,0.6355919461540546,0.4875198239747915
634,3,1,0,0.25,0.5,0.6092250583922303,0.4875198239747915
635,3,1,1,0.5,0.0,0.5797815314894817,0.4875198239747915
638,3,1,0,0.25,0.5,0.662301674807507,0.4875198239747915
639,3,1,0,0.0,1.0,0.6453934482988395,0.4875198239747915
641,3,1,0,0.0,1.0,0.45526373562115136,0.4875198239747915
643,3,1,1,0.5,0.0,0.3863577061946052,0.4875198239747915
644,3,1,0,0.25,0.5,0.45869846304610074,0.4875198239747915
647,3,1,1,0.5,0.0,0.5597932954857068,0.4875198239747915
654,3,1,0,0.1666666666666666,0.6666666666666667,0.5589254444468582,0.4875198239747915
655,3,1,1,0.6666666666666666,0.3333333333333332,0.45327782593452703,0.4875198239747915
660,3,1,0,0.1666666666666666,0.6666666666666667,0.5350043915662994,0.4875198239747915
662,3,1,0,0.0,1.0,0.48672728598647264,0.4875198239747915
664,3,1,1,0.6666666666666666,0.3333333333333332,0.4857552452701829,0.4875198239747915
669,3,1,0,0.3333333333333333,0.3333333333333333,0.5075609335324514,0.4875198239747915
675,3,1,0,0.3333333333333333,0.3333333333333333,0.4060444687598962,0.4875198239747915
682,3,1,0,0.1666666666666666,0.6666666666666667,0.6067279700802414,0.4875198239747915
688,3,1,0,0.1666666666666666,0.6666666666666667,0.5189027360076733,0.4875198239747915
691,3,1,0,0.1666666666666666,0.6666666666666667,0.6154657917874682,0.4875198239747915
693,3,1,1,0.5,0.0,0.7437863371412547,0.4875198239747915
710,3,1,0,0.0,1.0,0.42742594796215694,0.4875198239747915
720,3,1,0,0.0,1.0,0.2931203510998206,0.4875198239747915
721,3,1,0,0.3333333333333333,0.3333333333333333,0.43855297547067296,0.4875198239747915
732,3,1,0,0.0,1.0,0.3793125030409085,0.4875198239747915
734,3,1,0,0.0,1.0,0.400902977136704,0.4875198239747915
735,3,1,0,0.0,1.0,0.4326786901036229,0.4875198239747915
738,3,1,0,0.3333333333333333,0.3333333333333333,0.5069555419278742,0.4875198239747915
1,3,2,0,0.3333333333333333,0.3333333333333333,0.4948310839777019,0.49260352882915337
2,3,2,0,0.4,0.1999999999999999,0.33253063602458593,0.49260352882915337
8,3,2,0,0.0,1.0,0.36725967113425373,0.49260352882915337
21,3,2,0,0.2,0.6,0.49086362182904053,0.49260352882915337
22,3,2,0,0.2,0.6,0.45476760694624996,0.49260352882915337
24,3,2,0,0.0,1.0,0.3897236088241394,0.49260352882915337
27,3,2,0,0.2,0.6,0.40732994677793155,0.49260352882915337
34,3,2,0,0.1666666666666666,0.6666666666666667,0.5036775818528316,0.49260352882915337
38,3,2,0,0.0,1.0,0.4851068939844136,0.49260352882915337
40,3,2,0,0.2,0.6,0.3925742359317174,0.49260352882915337
45,3,2,0,0.0,1.0,0.4352876773960949,0.49260352882915337
47,3,2,0,0.25,0.5,0.3900713346999597,0.49260352882915337
49,3,2,0,0.3333333333333333,0.3333333333333333,0.45453547131566596,0.49260352882915337
56,3,2,0,0.25,0.5,0.4018952404706422,0.49260352882915337
64,3,2,0,0.3333333333333333,0.3333333333333333,0.3662392585581491,0.49260352882915337
69,3,2,0,0.0,1.0,0.3964767323028884,0.49260352882915337
86,3,2,0,0.0,1.0,0.3425819456525224,0.49260352882915337
95,3,2,0,0.25,0.5,0.3575709007270865,0.49260352882915337
96,3,2,0,0.0,1.0,0.3662237023242725,0.49260352882915337
100,3,2,0,0.25,0.5,0.4584422021231812,0.49260352882915337
107,3,2,0,0.1111111111111111,0.7777777777777778,0.446424943680929,0.49260352882915337
110,3,2,0,0.0,1.0,0.5196148498424816,0.49260352882915337
120,3,2,0,0.0,1.0,0.4275041180873088,0.49260352882915337
121,3,2,0,0.1111111111111111,0.7777777777777778,0.4028758425323308,0.49260352882915337
123,3,2,0,0.0,1.0,0.37842725733214344,0.49260352882915337
129,3,2,0,0.2,0.6,0.4759444646355756,0.49260352882915337
131,3,2,0,0.0,1.0,0.4585816462975397,0.49260352882915337
133,3,2,1,0.8888888888888888,0.7777777777777777,0.45078078921902415,0.49260352882915337
135,3,2,0,0.1666666666666666,0.6666666666666667,0.36832990782724206,0.49260352882915337
138,3,2,1,0.5555555555555556,0.1111111111111111,0.4628953255919257,0.49260352882915337
146,3,2,1,0.8888888888888888,0.7777777777777777,0.42165535109140545,0.49260352882915337
148,3,2,0,0.1111111111111111,0.7777777777777778,0.3932430261133043,0.49260352882915337
150,3,2,0,0.0,1.0,0.44558824654942697,0.49260352882915337
155,3,2,0,0.25,0.5,0.4767491504405307,0.49260352882915337
156,3,2,0,0.25,0.5,0.3866960967723768,0.49260352882915337
163,3,2,0,0.25,0.5,0.4597104032466853,0.49260352882915337
165,3,2,0,0.0,1.0,0.49578016418018955,0.49260352882915337
170,3,2,0,0.1666666666666666,0.6666666666666667,0.4605473350349797,0.49260352882915337
173,3,2,0,0.25,0.5,0.38318085509645944,0.49260352882915337
184,3,2,0,0.0,1.0,0.3581940249456874,0.49260352882915337
189,3,2,1,0.5,0.0,0.47516492340894606,0.49260352882915337
191,3,2,0,0.0,1.0,0.3950614235654607,0.49260352882915337
193,3,2,0,0.25,0.5,0.4729729841828811,0.49260352882915337
195,3,2,0,0.0,1.0,0.449125430454198,0.49260352882915337
196,3,2,1,0.5,0.0,0.44554757176469245,0.49260352882915337
207,3,2,0,0.2,0.6,0.44971241265695105,0.49260352882915337
208,3,2,0,0.0,1.0,0.4339762116290549,0.49260352882915337
214,3,2,0,0.2,0.6,0.41693985971111713,0.49260352882915337
221,3,2,1,0.8,0.6000000000000001,0.44670204789649215,0.49260352882915337
227,3,2,1,1.0,1.0,0.4204390300926092,0.49260352882915337
230,3,2,0,0.2,0.6,0.3520867640516263,0.49260352882915337
234,3,2,0,0.25,0.5,0.4931518335715012,0.49260352882915337
262,3,2,1,0.5,0.0,0.4167609108187561,0.49260352882915337
270,3,2,0,0.0,1.0,0.43580160638530846,0.49260352882915337
278,3,2,0,0.25,0.5,0.40034048943115297,0.49260352882915337
280,3,2,0,0.25,0.5,0.503748229801714,0.49260352882915337
282,3,2,0,0.25,0.5,0.46396334743931195,0.49260352882915337
290,3,2,0,0.0,1.0,0.4718885551539541,0.49260352882915337
294,3,2,0,0.0,1.0,0.45468694967510515,0.49260352882915337
295,3,2,0,0.0,1.0,0.3720921567778834,0.49260352882915337
298,3,2,0,0.25,0.5,0.4645823859316237,0.49260352882915337
299,3,2,1,0.8,0.6000000000000001,0.35787955439758395,0.49260352882915337
300,3,2,0,0.0,1.0,0.453019439349676,0.49260352882915337
304,3,2,1,0.8,0.6000000000000001,0.45906936518246527,0.49260352882915337
311,3,2,0,0.4,0.1999999999999999,0.44256134783226114,0.49260352882915337
312,3,2,0,0.0,1.0,0.3936868670300495,0.49260352882915337
322,3,2,1,0.6,0.1999999999999999,0.5261300621084868,0.49260352882915337
323,3,2,0,0.0,1.0,0.45040328577812194,0.49260352882915337
333,3,2,0,0.0,1.0,0.3812900611071593,0.49260352882915337
334,3,2,0,0.4,0.1999999999999999,0.4619558349022268,0.49260352882915337
344,3,2,0,0.2,0.6,0.3933231329504793,0.49260352882915337
357,3,2,1,0.5,0.0,0.3907821110353782,0.49260352882915337
367,3,2,0,0.25,0.5,0.4355773937711622,0.49260352882915337
371,3,2,0,0.25,0.5,0.5157875621778347,0.49260352882915337
382,3,2,1,0.5,0.0,0.4944282405033713,0.49260352882915337
396,3,2,1,0.75,0.5,0.5658577553242043,0.49260352882915337
398,3,2,0,0.25,0.5,0.5329334239687122,0.49260352882915337
417,3,2,0,0.2,0.6,0.5356047619378921,0.49260352882915337
421,3,2,0,0.2,0.6,0.49903785438336085,0.49260352882915337
427,3,2,1,0.6,0.1999999999999999,0.5857928829707324,0.49260352882915337
429,3,2,0,0.0,1.0,0.5382014102251657,0.49260352882915337
433,3,2,0,0.0,1.0,0.4515890825037539,0.49260352882915337
434,3,2,0,0.0,1.0,0.4949316541499406,0.49260352882915337
436,3,2,0,0.4,0.1999999999999999,0.5324043766731221,0.49260352882915337
438,3,2,0,0.1666666666666666,0.6666666666666667,0.44459373975036476,0.49260352882915337
442,3,2,1,0.8,0.6000000000000001,0.6040726054549586,0.49260352882915337
448,3,2,0,0.0,1.0,0.38257502886009875,0.49260352882915337
451,3,2,0,0.25,0.5,0.5154012545208321,0.49260352882915337
463,3,2,0,0.25,0.5,0.49279632657795086,0.49260352882915337
466,3,2,1,0.5,0.0,0.5913230716680844,0.49260352882915337
471,3,2,0,0.0,1.0,0.708804222943722,0.49260352882915337
474,3,2,0,0.0,1.0,0.4194830769822086,0.49260352882915337
477,3,2,0,0.0,1.0,0.4359051458531997,0.49260352882915337
481,3,2,0,0.0,1.0,0.6496314915732395,0.49260352882915337
492,3,2,0,0.3333333333333333,0.3333333333333333,0.47392144802824626,0.49260352882915337
494,3,2,1,0.8,0.6000000000000001,0.5218778495521246,0.49260352882915337
502,3,2,1,0.75,0.5,0.5075696722258896,0.49260352882915337
507,3,2,1,1.0,1.0,0.5686940356655599,0.49260352882915337
513,3,2,0,0.0,1.0,0.5844765591530598,0.49260352882915337
530,3,2,1,0.5,0.0,0.5140282452262976,0.49260352882915337
537,3,2,0,0.25,0.5,0.49217659961879817,0.49260352882915337
539,3,2,0,0.25,0.5,0.5013373963529251,0.49260352882915337
540,3,2,0,0.25,0.5,0.6095372258141124,0.49260352882915337
547,3,2,1,0.5,0.0,0.5250251645773527,0.49260352882915337
550,3,2,0,0.0,1.0,0.5613997688081294,0.49260352882915337
553,3,2,0,0.0,1.0,0.4571388507954011,0.49260352882915337
556,3,2,0,0.1666666666666666,0.6666666666666667,0.4913345025106698,0.49260352882915337
561,3,2,1,0.5,0.0,0.5388672766177434,0.49260352882915337
564,3,2,1,0.5,0.0,0.572414154332213,0.49260352882915337
569,3,2,0,0.1666666666666666,0.6666666666666667,0.48505557748886013,0.49260352882915337
582,3,2,1,0.5,0.0,0.5804306448442696,0.49260352882915337
586,3,2,1,0.6666666666666666,0.3333333333333332,0.5875606510566447,0.49260352882915337
592,3,2,1,0.6,0.1999999999999999,0.6522146186587653,0.49260352882915337
593,3,2,1,0.5,0.0,0.5116963206252875,0.49260352882915337
595,3,2,1,0.8333333333333334,0.6666666666666667,0.5917593189037054,0.49260352882915337
598,3,2,0,0.3333333333333333,0.3333333333333333,0.5712014845756788,0.49260352882915337
600,3,2,0,0.1666666666666666,0.6666666666666667,0.5674633209549169,0.49260352882915337
603,3,2,1,0.5,0.0,0.5225757823460332,0.49260352882915337
606,3,2,0,0.25,0.5,0.4389481831187765,0.49260352882915337
607,3,2,0,0.0,1.0,0.6129274430554207,0.49260352882915337
609,3,2,0,0.25,0.5,0.5591576021406668,0.49260352882915337
614,3,2,1,0.75,0.5,0.5014889355705472,0.49260352882915337
615,3,2,1,0.75,0.5,0.5898107936713456,0.49260352882915337
621,3,2,1,0.5,0.0,0.5005601770099891,0.49260352882915337
624,3,2,0,0.25,0.5,0.541010317943931,0.49260352882915337
626,3,2,1,0.5,0.0,0.5478250676330955,0.49260352882915337
631,3,2,0,0.0,1.0,0.517165391504244,0.49260352882915337
640,3,2,1,0.75,0.5,0.6693267405348908,0.49260352882915337
642,3,2,1,0.75,0.5,0.5359290874435513,0.49260352882915337
657,3,2,1,0.5,0.0,0.5490115625040088,0.49260352882915337
658,3,2,0,0.1666666666666666,0.6666666666666667,0.5215694969774856,0.49260352882915337
663,3,2,0,0.3333333333333333,0.3333333333333333,0.5872393109463019,0.49260352882915337
672,3,2,0,0.0,1.0,0.5297316009162152,0.49260352882915337
679,3,2,0,0.4,0.1999999999999999,0.40966688906029475,0.49260352882915337
687,3,2,0,0.3333333333333333,0.3333333333333333,0.5227059632853281,0.49260352882915337
698,3,2,1,0.5,0.0,0.6375897408508151,0.49260352882915337
699,3,2,0,0.1666666666666666,0.6666666666666667,0.547295700437588,0.49260352882915337
702,3,2,0,0.1666666666666666,0.6666666666666667,0.6445235450078498,0.49260352882915337
705,3,2,1,0.5,0.0,0.391704097822519,0.49260352882915337
706,3,2,1,0.6666666666666666,0.3333333333333332,0.5504719569749528,0.49260352882915337
708,3,2,0,0.0,1.0,0.4675426880482607,0.49260352882915337
709,3,2,0,0.3333333333333333,0.3333333333333333,0.5092059672177012,0.49260352882915337
719,3,2,0,0.1666666666666666,0.6666666666666667,0.5246793383986961,0.49260352882915337
726,3,2,0,0.0,1.0,0.4639176924947143,0.49260352882915337
736,3,2,0,0.0,1.0,0.43623380906605214,0.49260352882915337
739,3,2,0,0.3333333333333333,0.3333333333333333,0.4726473511722268,0.49260352882915337
741,3,2,0,0.2,0.6,0.4945646513908425,0.49260352882915337
4,3,3,1,0.6,0.1999999999999999,0.45003589053128007,0.4837811246154386
11,3,3,1,0.6,0.1999999999999999,0.3987502092196331,0.4837811246154386
13,3,3,0,0.2,0.6,0.3789486139981224,0.4837811246154386
15,3,3,0,0.4,0.1999999999999999,0.4003087156473552,0.4837811246154386
16,3,3,1,0.6,0.1999999999999999,0.3876763190846836,0.4837811246154386
18,3,3,1,0.6,0.1999999999999999,0.45553315264403005,0.4837811246154386
28,3,3,0,0.2,0.6,0.4434455654967533,0.4837811246154386
29,3,3,0,0.2,0.6,0.4840553335596336,0.4837811246154386
54,3,3,0,0.25,0.5,0.388508944298704,0.4837811246154386
67,3,3,0,0.0,1.0,0.3398816814763618,0.4837811246154386
71,3,3,0,0.0,1.0,0.37303525805573157,0.4837811246154386
72,3,3,0,0.25,0.5,0.340784727609855,0.4837811246154386
74,3,3,0,0.0,1.0,0.47644995350178587,0.4837811246154386
75,3,3,0,0.0,1.0,0.4109263810745738,0.4837811246154386
79,3,3,0,0.25,0.5,0.45139015683604733,0.4837811246154386
80,3,3,0,0.0,1.0,0.40023807175421444,0.4837811246154386
82,3,3,0,0.25,0.5,0.3984758675798512,0.4837811246154386
83,3,3,0,0.25,0.5,0.5620814495656166,0.4837811246154386
85,3,3,0,0.25,0.5,0.4725647310400174,0.4837811246154386
89,3,3,0,0.25,0.5,0.4120364755608238,0.4837811246154386
90,3,3,1,0.5,0.0,0.3719678961952829,0.4837811246154386
94,3,3,0,0.25,0.5,0.3534554136129545,0.4837811246154386
98,3,3,0,0.3333333333333333,0.3333333333333333,0.38926792692716805,0.4837811246154386
101,3,3,0,0.3333333333333333,0.3333333333333333,0.42896255902848607,0.4837811246154386
103,3,3,0,0.1111111111111111,0.7777777777777778,0.4246618045249415,0.4837811246154386
108,3,3,0,0.25,0.5,0.4249435850870194,0.4837811246154386
112,3,3,0,0.125,0.75,0.378380479645521,0.4837811246154386
119,3,3,0,0.1111111111111111,0.7777777777777778,0.36909050138440236,0.4837811246154386
122,3,3,0,0.0,1.0,0.40342731817036454,0.4837811246154386
134,3,3,0,0.1111111111111111,0.7777777777777778,0.4138116477014843,0.4837811246154386
137,3,3,1,0.6666666666666666,0.3333333333333332,0.3538976114987936,0.4837811246154386
140,3,3,0,0.2222222222222222,0.5555555555555556,0.4721785129407083,0.4837811246154386
152,3,3,0,0.0,1.0,0.3907902235545686,0.4837811246154386
159,3,3,0,0.0,1.0,0.3847013509378985,0.4837811246154386
164,3,3,0,0.0,1.0,0.39105560252712745,0.4837811246154386
177,3,3,0,0.0,1.0,0.46743283426608123,0.4837811246154386
182,3,3,0,0.0,1.0,0.44481855568080936,0.4837811246154386
183,3,3,0,0.0,1.0,0.446652085778389,0.4837811246154386
192,3,3,0,0.0,1.0,0.3897163732180619,0.4837811246154386
199,3,3,0,0.25,0.5,0.4536638546680002,0.4837811246154386
201,3,3,0,0.25,0.5,0.4147722909499495,0.4837811246154386
213,3,3,0,0.4,0.1999999999999999,0.4185116769616815,0.4837811246154386
219,3,3,0,0.0,1.0,0.4369485879396402,0.4837811246154386
226,3,3,0,0.0,1.0,0.41340746813140994,0.4837811246154386
228,3,3,0,0.2,0.6,0.4383080382884207,0.4837811246154386
238,3,3,0,0.25,0.5,0.40042675583987575,0.4837811246154386
241,3,3,1,0.6,0.1999999999999999,0.4158191916826373,0.4837811246154386
245,3,3,0,0.0,1.0,0.49675489816060714,0.4837811246154386
250,3,3,0,0.4,0.1999999999999999,0.44912324862949093,0.4837811246154386
252,3,3,0,0.0,1.0,0.37802244609959207,0.4837811246154386
258,3,3,0,0.0,1.0,0.3993507669500871,0.4837811246154386
263,3,3,0,0.2,0.6,0.4141632352294481,0.4837811246154386
272,3,3,1,0.5,0.0,0.47298482958924076,0.4837811246154386
275,3,3,1,0.5,0.0,0.48703482093669137,0.4837811246154386
277,3,3,1,0.5,0.0,0.4843437251729077,0.4837811246154386
279,3,3,0,0.2,0.6,0.35570020231049104,0.4837811246154386
302,3,3,0,0.0,1.0,0.45610021720940286,0.4837811246154386
307,3,3,0,0.4,0.1999999999999999,0.44117355214764326,0.4837811246154386
316,3,3,0,0.4,0.1999999999999999,0.45909444524603243,0.4837811246154386
318,3,3,0,0.4,0.1999999999999999,0.478753791224063,0.4837811246154386
324,3,3,0,0.2,0.6,0.5407318581883482,0.4837811246154386
328,3,3,1,0.6,0.1999999999999999,0.4053207645583955,0.4837811246154386
331,3,3,0,0.0,1.0,0.42344787734950495,0.4837811246154386
332,3,3,0,0.0,1.0,0.4512510288315958,0.4837811246154386
338,3,3,0,0.4,0.1999999999999999,0.3959314845331021,0.4837811246154386
339,3,3,0,0.0,1.0,0.40339768467375164,0.4837811246154386
345,3,3,0,0.0,1.0,0.40065961261351335,0.4837811246154386
347,3,3,0,0.4,0.1999999999999999,0.4898892222009307,0.4837811246154386
352,3,3,0,0.25,0.5,0.48114032179600325,0.4837811246154386
363,3,3,0,0.0,1.0,0.5374451489005665,0.4837811246154386
375,3,3,1,0.5,0.0,0.5896071896639281,0.4837811246154386
377,3,3,0,0.25,0.5,0.5235401860282801,0.4837811246154386
379,3,3,1,0.75,0.5,0.575475263330009,0.4837811246154386
380,3,3,1,0.75,0.5,0.6414316311482215,0.4837811246154386
381,3,3,1,0.75,0.5,0.4572759908526588,0.4837811246154386
384,3,3,0,0.25,0.5,0.5225485612123553,0.4837811246154386
386,3,3,0,0.25,0.5,0.5113061070361944,0.4837811246154386
387,3,3,0,0.0,1.0,0.45168560400107155,0.4837811246154386
389,3,3,0,0.25,0.5,0.6117170114055839,0.4837811246154386
392,3,3,1,0.5,0.0,0.5125529316622621,0.4837811246154386
407,3,3,0,0.2,0.6,0.6254022429225656,0.4837811246154386
409,3,3,0,0.4,0.1999999999999999,0.6774026792414771,0.4837811246154386
416,3,3,0,0.0,1.0,0.5135163993586357,0.4837811246154386
423,3,3,0,0.0,1.0,0.5698276517401232,0.4837811246154386
424,3,3,1,0.6,0.1999999999999999,0.46758458052440066,0.4837811246154386
432,3,3,0,0.2,0.6,0.5583737600271993,0.4837811246154386
440,3,3,0,0.0,1.0,0.5963022631021531,0.4837811246154386
446,3,3,0,0.2,0.6,0.5707436018279413,0.4837811246154386
447,3,3,0,0.0,1.0,0.44308423470934577,0.4837811246154386
452,3,3,0,0.25,0.5,0.5136612212230012,0.4837811246154386
454,3,3,0,0.0,1.0,0.548733501752709,0.4837811246154386
455,3,3,0,0.0,1.0,0.4052429624355314,0.4837811246154386
456,3,3,1,0.5,0.0,0.5465818898596155,0.4837811246154386
457,3,3,1,0.5,0.0,0.5720721392514372,0.4837811246154386
458,3,3,0,0.0,1.0,0.4537868006745732,0.4837811246154386
476,3,3,0,0.0,1.0,0.5963903916419893,0.4837811246154386
478,3,3,0,0.0,1.0,0.3970852865797447,0.4837811246154386
479,3,3,0,0.0,1.0,0.5735725815085768,0.4837811246154386
480,3,3,1,0.5,0.0,0.6022303703624781,0.4837811246154386
483,3,3,0,0.25,0.5,0.624776573165801,0.4837811246154386
487,3,3,0,0.2,0.6,0.3874088253437129,0.4837811246154386
491,3,3,1,0.5,0.0,0.5558618994122366,0.4837811246154386
499,3,3,0,0.0,1.0,0.47520488904294655,0.4837811246154386
503,3,3,0,0.0,1.0,0.5456080432352418,0.4837811246154386
505,3,3,1,0.5,0.0,0.601231711050992,0.4837811246154386
506,3,3,1,0.75,0.5,0.6047390727697273,0.4837811246154386
508,3,3,1,0.75,0.5,0.552909808717951,0.4837811246154386
515,3,3,0,0.25,0.5,0.5362392328371499,0.4837811246154386
516,3,3,0,0.0,1.0,0.5676058808012854,0.4837811246154386
519,3,3,0,0.0,1.0,0.5006371615092307,0.4837811246154386
521,3,3,1,0.75,0.5,0.5989646180157073,0.4837811246154386
526,3,3,0,0.0,1.0,0.5912828193561139,0.4837811246154386
529,3,3,1,0.5,0.0,0.44086513846117714,0.4837811246154386
541,3,3,1,0.5,0.0,0.6359399738363005,0.4837811246154386
542,3,3,0,0.25,0.5,0.4776661345161197,0.4837811246154386
549,3,3,0,0.0,1.0,0.41912021889784584,0.4837811246154386
552,3,3,1,0.6666666666666666,0.3333333333333332,0.5429506728025889,0.4837811246154386
555,3,3,0,0.3333333333333333,0.3333333333333333,0.6011239985760757,0.4837811246154386
558,3,3,1,0.5,0.0,0.5487785114866661,0.4837811246154386
568,3,3,1,1.0,1.0,0.552884332207831,0.4837811246154386
570,3,3,1,0.6666666666666666,0.3333333333333332,0.577144959620805,0.4837811246154386
573,3,3,0,0.3333333333333333,0.3333333333333333,0.5900537844408343,0.4837811246154386
575,3,3,1,0.5,0.0,0.609084305322539,0.4837811246154386
578,3,3,1,0.5,0.0,0.5061255326920271,0.4837811246154386
583,3,3,1,0.5,0.0,0.6543687908349891,0.4837811246154386
589,3,3,0,0.3333333333333333,0.3333333333333333,0.5906545988083102,0.4837811246154386
590,3,3,0,0.3333333333333333,0.3333333333333333,0.6127986904979825,0.4837811246154386
597,3,3,0,0.0,1.0,0.3526576540560723,0.4837811246154386
610,3,3,0,0.25,0.5,0.5539314361452601,0.4837811246154386
617,3,3,1,0.5,0.0,0.6307214908963519,0.4837811246154386
629,3,3,1,0.5,0.0,0.6088572682842168,0.4837811246154386
636,3,3,0,0.0,1.0,0.5413331652067381,0.4837811246154386
637,3,3,1,0.5,0.0,0.586869779116242,0.4837811246154386
646,3,3,0,0.0,1.0,0.38584451997247615,0.4837811246154386
652,3,3,0,0.0,1.0,0.35751388664664085,0.4837811246154386
671,3,3,0,0.3333333333333333,0.3333333333333333,0.49815054538785253,0.4837811246154386
677,3,3,1,0.6666666666666666,0.3333333333333332,0.5685625256067064,0.4837811246154386
678,3,3,0,0.3333333333333333,0.3333333333333333,0.46241646079320886,0.4837811246154386
680,3,3,0,0.0,1.0,0.4240213215191918,0.4837811246154386
686,3,3,0,0.0,1.0,0.557423435031367,0.4837811246154386
695,3,3,0,0.3333333333333333,0.3333333333333333,0.542025429755256,0.4837811246154386
697,3,3,1,0.5,0.0,0.5877221689395749,0.4837811246154386
704,3,3,0,0.3333333333333333,0.3333333333333333,0.44944606188702235,0.4837811246154386
713,3,3,1,0.6,0.1999999999999999,0.4387626077749026,0.4837811246154386
722,3,3,0,0.2,0.6,0.403967548935475,0.4837811246154386
729,3,3,0,0.4,0.1999999999999999,0.4741901140735642,0.4837811246154386
737,3,3,0,0.1666666666666666,0.6666666666666667,0.41589845136459874,0.4837811246154386
9,3,4,0,0.0,1.0,0.44481085092453854,0.4939202624537658
12,3,4,0,0.4,0.1999999999999999,0.39670038805669205,0.4939202624537658
17,3,4,0,0.4,0.1999999999999999,0.45209093287469665,0.4939202624537658
20,3,4,0,0.25,0.5,0.3748561426953545,0.4939202624537658
26,3,4,1,0.8,0.6000000000000001,0.3508572983282232,0.4939202624537658
32,3,4,0,0.2,0.6,0.4062527381231842,0.4939202624537658
33,3,4,0,0.4,0.1999999999999999,0.4301292697385241,0.4939202624537658
43,3,4,0,0.2,0.6,0.43496063589173073,0.4939202624537658
46,3,4,0,0.4,0.1999999999999999,0.5396890945639712,0.4939202624537658
51,3,4,0,0.25,0.5,0.4144471628660531,0.4939202624537658
53,3,4,0,0.1666666666666666,0.6666666666666667,0.38821323323993445,0.4939202624537658
68,3,4,0,0.0,1.0,0.36278153606118946,0.4939202624537658
70,3,4,0,0.0,1.0,0.4648389613885914,0.4939202624537658
76,3,4,0,0.25,0.5,0.4088013953110988,0.4939202624537658
88,3,4,1,0.5,0.0,0.39605701123526793,0.4939202624537658
102,3,4,0,0.0,1.0,0.37091328779516775,0.4939202624537658
104,3,4,0,0.1111111111111111,0.7777777777777778,0.39382290329222946,0.4939202624537658
105,3,4,0,0.0,1.0,0.4703867766000091,0.4939202624537658
109,3,4,0,0.1111111111111111,0.7777777777777778,0.41012495031462814,0.4939202624537658
111,3,4,0,0.1111111111111111,0.7777777777777778,0.36602126327451073,0.4939202624537658
113,3,4,0,0.1111111111111111,0.7777777777777778,0.395208591365658,0.4939202624537658
117,3,4,0,0.25,0.5,0.4229069184060311,0.4939202624537658
118,3,4,0,0.0,1.0,0.43668220686578746,0.4939202624537658
124,3,4,0,0.0,1.0,0.46072653805046515,0.4939202624537658
128,3,4,0,0.1111111111111111,0.7777777777777778,0.3687213994800578,0.4939202624537658
132,3,4,0,0.2222222222222222,0.5555555555555556,0.4522010267346538,0.4939202624537658
139,3,4,0,0.0,1.0,0.4571846570394851,0.4939202624537658
142,3,4,0,0.0,1.0,0.42810582511452466,0.4939202624537658
143,3,4,1,0.5555555555555556,0.1111111111111111,0.4595513817048049,0.4939202624537658
158,3,4,0,0.0,1.0,0.36821569879059257,0.4939202624537658
168,3,4,0,0.25,0.5,0.49434980087154695,0.4939202624537658
171,3,4,0,0.25,0.5,0.4541478447840065,0.4939202624537658
172,3,4,0,0.0,1.0,0.46439358755323007,0.4939202624537658
175,3,4,0,0.0,1.0,0.38631006326569217,0.4939202624537658
176,3,4,0,0.0,1.0,0.42892475844135597,0.4939202624537658
178,3,4,0,0.0,1.0,0.4020813395533203,0.4939202624537658
179,3,4,0,0.25,0.5,0.47599172529946676,0.4939202624537658
185,3,4,0,0.25,0.5,0.41824980255736904,0.4939202624537658
187,3,4,0,0.0,1.0,0.4432798065079951,0.4939202624537658
194,3,4,0,0.0,1.0,0.48224481076559933,0.4939202624537658
200,3,4,0,0.2,0.6,0.42072162077949876,0.4939202624537658
202,3,4,1,0.6,0.1999999999999999,0.45773120620356667,0.4939202624537658
206,3,4,1,0.5,0.0,0.42723360754311485,0.4939202624537658
212,3,4,0,0.2,0.6,0.36513068676028515,0.4939202624537658
222,3,4,0,0.2,0.6,0.5061167484757644,0.4939202624537658
224,3,4,0,0.4,0.1999999999999999,0.4730153975233995,0.4939202624537658
229,3,4,0,0.0,1.0,0.36873828854178253,0.4939202624537658
232,3,4,0,0.25,0.5,0.4564821389868129,0.4939202624537658
236,3,4,0,0.0,1.0,0.4211866839820735,0.4939202624537658
240,3,4,0,0.2,0.6,0.4103798460064667,0.4939202624537658
246,3,4,0,0.4,0.1999999999999999,0.4357084047463501,0.4939202624537658
254,3,4,0,0.25,0.5,0.48175518330157063,0.4939202624537658
260,3,4,0,0.25,0.5,0.3845843986477032,0.4939202624537658
274,3,4,1,0.5,0.0,0.5811561838729942,0.4939202624537658
281,3,4,0,0.0,1.0,0.4287545925106354,0.4939202624537658
286,3,4,0,0.2,0.6,0.35224337504334374,0.4939202624537658
287,3,4,0,0.25,0.5,0.4218741894894358,0.4939202624537658
289,3,4,1,0.5,0.0,0.4360611962262513,0.4939202624537658
293,3,4,1,0.5,0.0,0.4698374329603476,0.4939202624537658
303,3,4,0,0.0,1.0,0.37576772931629554,0.4939202624537658
321,3,4,1,0.6,0.1999999999999999,0.5157766917039359,0.4939202624537658
325,3,4,0,0.0,1.0,0.4018619015079957,0.4939202624537658
327,3,4,0,0.0,1.0,0.5247936456692762,0.4939202624537658
335,3,4,1,0.5,0.0,0.42956566574932487,0.4939202624537658
336,3,4,0,0.4,0.1999999999999999,0.4895020668376965,0.4939202624537658
340,3,4,1,0.6,0.1999999999999999,0.47717815820170534,0.4939202624537658
342,3,4,0,0.2,0.6,0.4542111138552669,0.4939202624537658
343,3,4,1,0.8,0.6000000000000001,0.5235703436775787,0.4939202624537658
353,3,4,0,0.0,1.0,0.5697687218046388,0.4939202624537658
356,3,4,0,0.25,0.5,0.5042393059573956,0.4939202624537658
359,3,4,0,0.25,0.5,0.47016881359409723,0.4939202624537658
360,3,4,0,0.25,0.5,0.5509516472236852,0.4939202624537658
361,3,4,0,0.0,1.0,0.3912720332493749,0.4939202624537658
362,3,4,1,0.75,0.5,0.5513350741043385,0.4939202624537658
365,3,4,0,0.25,0.5,0.49032842092905365,0.4939202624537658
368,3,4,1,0.5,0.0,0.4984011751889779,0.4939202624537658
369,3,4,0,0.0,1.0,0.40665713075468,0.4939202624537658
372,3,4,0,0.25,0.5,0.511787780799449,0.4939202624537658
385,3,4,1,0.5,0.0,0.4672458225677312,0.4939202624537658
397,3,4,1,0.75,0.5,0.6303756886659824,0.4939202624537658
399,3,4,0,0.25,0.5,0.45088833081940727,0.4939202624537658
400,3,4,1,0.5,0.0,0.5652218458000224,0.4939202624537658
401,3,4,0,0.2,0.6,0.5556789935886152,0.4939202624537658
410,3,4,1,0.6,0.1999999999999999,0.5960562874440014,0.4939202624537658
418,3,4,0,0.0,1.0,0.572141127684556,0.4939202624537658
428,3,4,1,0.6,0.1999999999999999,0.5210010174157536,0.4939202624537658
431,3,4,0,0.4,0.1999999999999999,0.4673564408750393,0.4939202624537658
444,3,4,0,0.2,0.6,0.5724666847543073,0.4939202624537658
449,3,4,0,0.4,0.1999999999999999,0.4745200974207624,0.4939202624537658
450,3,4,0,0.2,0.6,0.46916379975177513,0.4939202624537658
460,3,4,0,0.0,1.0,0.5019543476534508,0.4939202624537658
465,3,4,1,0.5,0.0,0.6154013367290174,0.4939202624537658
468,3,4,0,0.25,0.5,0.6221290824515264,0.4939202624537658
470,3,4,0,0.0,1.0,0.6002303852254924,0.4939202624537658
486,3,4,0,0.25,0.5,0.6256786820795364,0.4939202624537658
495,3,4,0,0.0,1.0,0.5822452585543669,0.4939202624537658
497,3,4,0,0.0,1.0,0.41146109138077436,0.4939202624537658
501,3,4,0,0.25,0.5,0.5692310469867286,0.4939202624537658
504,3,4,1,0.75,0.5,0.5612008763695852,0.4939202624537658
509,3,4,0,0.25,0.5,0.5086261061010601,0.4939202624537658
510,3,4,1,0.5,0.0,0.5803707917403111,0.4939202624537658
514,3,4,1,0.75,0.5,0.622644551851679,0.4939202624537658
517,3,4,0,0.25,0.5,0.5846464581567035,0.4939202624537658
520,3,4,1,0.5,0.0,0.5076369023254536,0.4939202624537658
527,3,4,0,0.25,0.5,0.5637006612407913,0.4939202624537658
528,3,4,0,0.0,1.0,0.4006902463550508,0.4939202624537658
533,3,4,0,0.0,1.0,0.3974564821213108,0.4939202624537658
536,3,4,0,0.3333333333333333,0.3333333333333333,0.5334474404312827,0.4939202624537658
538,3,4,0,0.0,1.0,0.6071409657187925,0.4939202624537658
557,3,4,0,0.3333333333333333,0.3333333333333333,0.5214856619256469,0.4939202624537658
559,3,4,1,0.6666666666666666,0.3333333333333332,0.4505310398995969,0.4939202624537658
563,3,4,0,0.0,1.0,0.5975649176003245,0.4939202624537658
565,3,4,0,0.3333333333333333,0.3333333333333333,0.5288859266373109,0.4939202624537658
566,3,4,0,0.1666666666666666,0.6666666666666667,0.49527854064681653,0.4939202624537658
571,3,4,1,0.5,0.0,0.5186799048567985,0.4939202624537658
572,3,4,1,0.8333333333333334,0.6666666666666667,0.6051283875345859,0.4939202624537658
574,3,4,0,0.3333333333333333,0.3333333333333333,0.43709612123564556,0.4939202624537658
584,3,4,1,0.6666666666666666,0.3333333333333332,0.6653678486230833,0.4939202624537658
587,3,4,1,0.8333333333333334,0.6666666666666667,0.5754324291243833,0.4939202624537658
599,3,4,0,0.0,1.0,0.49428746306973353,0.4939202624537658
602,3,4,0,0.25,0.5,0.5595469752228915,0.4939202624537658
605,3,4,1,0.5,0.0,0.5732481562494203,0.4939202624537658
608,3,4,0,0.0,1.0,0.6010611398757908,0.4939202624537658
612,3,4,0,0.0,1.0,0.34686276248123626,0.4939202624537658
616,3,4,1,0.75,0.5,0.5271210075333967,0.4939202624537658
619,3,4,0,0.25,0.5,0.6175937306209749,0.4939202624537658
620,3,4,1,0.75,0.5,0.6069724477365572,0.4939202624537658
623,3,4,1,0.5,0.0,0.5832990255755027,0.4939202624537658
628,3,4,0,0.0,1.0,0.4714973602110033,0.4939202624537658
649,3,4,1,0.5,0.0,0.5148148348751982,0.4939202624537658
656,3,4,1,0.6666666666666666,0.3333333333333332,0.5756667590926918,0.4939202624537658
659,3,4,1,0.6666666666666666,0.3333333333333332,0.5284280720759273,0.4939202624537658
661,3,4,1,0.8333333333333334,0.6666666666666667,0.6632611103343966,0.4939202624537658
670,3,4,1,0.5,0.0,0.552598984090815,0.4939202624537658
676,3,4,0,0.1666666666666666,0.6666666666666667,0.5553952208127447,0.4939202624537658
684,3,4,0,0.0,1.0,0.6168550446245136,0.4939202624537658
696,3,4,0,0.1666666666666666,0.6666666666666667,0.5133475374691233,0.4939202624537658
700,3,4,1,0.5,0.0,0.5952260151153697,0.4939202624537658
701,3,4,0,0.1666666666666666,0.6666666666666667,0.5859429551056248,0.4939202624537658
711,3,4,1,0.6,0.1999999999999999,0.4501932959923017,0.4939202624537658
712,3,4,0,0.1666666666666666,0.6666666666666667,0.4431426611307273,0.4939202624537658
715,3,4,1,0.5,0.0,0.4565646351313202,0.4939202624537658
718,3,4,0,0.1666666666666666,0.6666666666666667,0.4537609862732121,0.4939202624537658
724,3,4,0,0.2,0.6,0.41285742699704375,0.4939202624537658
727,3,4,0,0.4,0.1999999999999999,0.48899675118110614,0.4939202624537658
728,3,4,0,0.2,0.6,0.40355165814155375,0.4939202624537658
731,3,4,0,0.0,1.0,0.38776191763018875,0.4939202624537658
3,4,0,0,0.0,1.0,0.3878881018132353,0.45183463589968764
8,4,0,0,0.0,1.0,0.3883436271685093,0.45183463589968764
10,4,0,0,0.0,1.0,0.3754452523520855,0.45183463589968764
11,4,0,1,0.6,0.1999999999999999,0.372274844294764,0.45183463589968764
13,4,0,0,0.2,0.6,0.3079435616328937,0.45183463589968764
18,4,0,1,0.6,0.1999999999999999,0.4850535699758705,0.45183463589968764
24,4,0,0,0.0,1.0,0.3088623703801441,0.45183463589968764
25,4,0,0,0.2,0.6,0.38333824848937925,0.45183463589968764
29,4,0,0,0.2,0.6,0.45424462848021974,0.45183463589968764
30,4,0,0,0.2,0.6,0.32304680792666496,0.45183463589968764
31,4,0,0,0.1666666666666666,0.6666666666666667,0.3378794428894772,0.45183463589968764
34,4,0,0,0.1666666666666666,0.6666666666666667,0.5210294135066595,0.45183463589968764
36,4,0,0,0.2,0.6,0.31516370007354255,0.45183463589968764
44,4,0,0,0.0,1.0,0.44412292669452663,0.45183463589968764
46,4,0,0,0.4,0.1999999999999999,0.5389293331203366,0.45183463589968764
47,4,0,0,0.25,0.5,0.38234340426682,0.45183463589968764
51,4,0,0,0.25,0.5,0.38857558935197867,0.45183463589968764
52,4,0,0,0.25,0.5,0.38293662541065604,0.45183463589968764
57,4,0,1,1.0,1.0,0.35167868576811623,0.45183463589968764
60,4,0,0,0.0,1.0,0.40723915226171686,0.45183463589968764
67,4,0,0,0.0,1.0,0.3454825609255624,0.45183463589968764
70,4,0,0,0.0,1.0,0.4201174128979098,0.45183463589968764
83,4,0,0,0.25,0.5,0.5354474250997812,0.45183463589968764
90,4,0,1,0.5,0.0,0.35188002315309264,0.45183463589968764
94,4,0,0,0.25,0.5,0.3126163618602489,0.45183463589968764
110,4,0,0,0.0,1.0,0.409030459745521,0.45183463589968764
111,4,0,0,0.1111111111111111,0.7777777777777778,0.35629532156204574,0.45183463589968764
116,4,0,0,0.0,1.0,0.34441492481251457,0.45183463589968764
121,4,0,0,0.1111111111111111,0.7777777777777778,0.37823909954136536,0.45183463589968764
124,4,0,0,0.0,1.0,0.4828678238857953,0.45183463589968764
128,4,0,0,0.1111111111111111,0.7777777777777778,0.28819143654314966,0.45183463589968764
151,4,0,0,0.0,1.0,0.4182978155992755,0.45183463589968764
159,4,0,0,0.0,1.0,0.35857703140344144,0.45183463589968764
169,4,0,0,0.0,1.0,0.4123111038389286,0.45183463589968764
182,4,0,0,0.0,1.0,0.47302661919826305,0.45183463589968764
185,4,0,0,0.25,0.5,0.33337695305239035,0.45183463589968764
189,4,0,1,0.5,0.0,0.43589031034331716,0.45183463589968764
190,4,0,0,0.25,0.5,0.3521606496637572,0.45183463589968764
191,4,0,0,0.0,1.0,0.3355790705518892,0.45183463589968764
192,4,0,0,0.0,1.0,0.41990355115548494,0.45183463589968764
198,4,0,0,0.0,1.0,0.45961842186044194,0.45183463589968764
200,4,0,0,0.2,0.6,0.4803218203720817,0.45183463589968764
205,4,0,0,0.2,0.6,0.42259588406753057,0.45183463589968764
213,4,0,0,0.4,0.1999999999999999,0.3602780578871787,0.45183463589968764
226,4,0,0,0.0,1.0,0.43915039061631095,0.45183463589968764
230,4,0,0,0.2,0.6,0.40540738177048485,0.45183463589968764
233,4,0,0,0.0,1.0,0.44163757596324593,0.45183463589968764
234,4,0,0,0.25,0.5,0.5266385654897037,0.45183463589968764
236,4,0,0,0.0,1.0,0.4651901475152635,0.45183463589968764
240,4,0,0,0.2,0.6,0.36977252609209965,0.45183463589968764
241,4,0,1,0.6,0.1999999999999999,0.45803734534294127,0.45183463589968764
242,4,0,1,0.6,0.1999999999999999,0.43625053498761013,0.45183463589968764
246,4,0,0,0.4,0.1999999999999999,0.4846975898235175,0.45183463589968764
248,4,0,0,0.4,0.1999999999999999,0.46194952265178746,0.45183463589968764
252,4,0,0,0.0,1.0,0.3816678750566398,0.45183463589968764
255,4,0,0,0.25,0.5,0.28754359553215514,0.45183463589968764
273,4,0,1,0.5,0.0,0.4569817326387565,0.45183463589968764
274,4,0,1,0.5,0.0,0.5860557389683232,0.45183463589968764
278,4,0,0,0.25,0.5,0.407227571757992,0.45183463589968764
288,4,0,1,0.75,0.5,0.2583884126178229,0.45183463589968764
311,4,0,0,0.4,0.1999999999999999,0.4225795181084429,0.45183463589968764
315,4,0,1,0.8,0.6000000000000001,0.5048626911889407,0.45183463589968764
319,4,0,0,0.2,0.6,0.5250369802487607,0.45183463589968764
320,4,0,0,0.0,1.0,0.42656389127913164,0.45183463589968764
321,4,0,1,0.6,0.1999999999999999,0.5876057441497426,0.45183463589968764
323,4,0,0,0.0,1.0,0.399752411285467,0.45183463589968764
326,4,0,0,0.0,1.0,0.43534592870744765,0.45183463589968764
330,4,0,0,0.4,0.1999999999999999,0.5014720333874576,0.45183463589968764
339,4,0,0,0.0,1.0,0.41334989203132755,0.45183463589968764
346,4,0,1,0.6,0.1999999999999999,0.6228336737171167,0.45183463589968764
359,4,0,0,0.25,0.5,0.40375366647585786,0.45183463589968764
370,4,0,0,0.0,1.0,0.37428764244821655,0.45183463589968764
372,4,0,0,0.25,0.5,0.5008294373068101,0.45183463589968764
380,4,0,1,0.75,0.5,0.6891196582746439,0.45183463589968764
381,4,0,1,0.75,0.5,0.5094864414691309,0.45183463589968764
384,4,0,0,0.25,0.5,0.4560750172919263,0.45183463589968764
395,4,0,1,0.5,0.0,0.6332980489227897,0.45183463589968764
411,4,0,0,0.2,0.6,0.6739011336564225,0.45183463589968764
416,4,0,0,0.0,1.0,0.5292264237197324,0.45183463589968764
420,4,0,0,0.0,1.0,0.4480708459827245,0.45183463589968764
422,4,0,1,0.6,0.1999999999999999,0.4588924976659364,0.45183463589968764
423,4,0,0,0.0,1.0,0.5995439655354857,0.45183463589968764
434,4,0,0,0.0,1.0,0.5250510943938316,0.45183463589968764
435,4,0,0,0.4,0.1999999999999999,0.5557144201548122,0.45183463589968764
438,4,0,0,0.1666666666666666,0.6666666666666667,0.42349113157303997,0.45183463589968764
443,4,0,0,0.0,1.0,0.4335577860099171,0.45183463589968764
452,4,0,0,0.25,0.5,0.5301659015440958,0.45183463589968764
455,4,0,0,0.0,1.0,0.40958977733286656,0.45183463589968764
456,4,0,1,0.5,0.0,0.5646328454134489,0.45183463589968764
468,4,0,0,0.25,0.5,0.6271230755048061,0.45183463589968764
476,4,0,0,0.0,1.0,0.5777917718573679,0.45183463589968764
480,4,0,1,0.5,0.0,0.6232455101832528,0.45183463589968764
485,4,0,1,0.5,0.0,0.4467544265479324,0.45183463589968764
489,4,0,0,0.0,1.0,0.5797153254917284,0.45183463589968764
492,4,0,0,0.3333333333333333,0.3333333333333333,0.54343216073307,0.45183463589968764
505,4,0,1,0.5,0.0,0.6273246066446029,0.45183463589968764
506,4,0,1,0.75,0.5,0.6319204964381837,0.45183463589968764
507,4,0,1,1.0,1.0,0.6187846528596763,0.45183463589968764
510,4,0,1,0.5,0.0,0.5939144075516745,0.45183463589968764
512,4,0,1,1.0,1.0,0.6398301696654846,0.45183463589968764
515,4,0,0,0.25,0.5,0.5210152984980275,0.45183463589968764
517,4,0,0,0.25,0.5,0.5796386091033614,0.45183463589968764
522,4,0,0,0.25,0.5,0.4930927097465426,0.45183463589968764
523,4,0,0,0.25,0.5,0.581802196436826,0.45183463589968764
534,4,0,1,0.75,0.5,0.5322304774134962,0.45183463589968764
536,4,0,0,0.3333333333333333,0.3333333333333333,0.5688814480626185,0.45183463589968764
542,4,0,0,0.25,0.5,0.46933404119923305,0.45183463589968764
543,4,0,1,0.5,0.0,0.5548566340895765,0.45183463589968764
553,4,0,0,0.0,1.0,0.4668596311287422,0.45183463589968764
555,4,0,0,0.3333333333333333,0.3333333333333333,0.6176651776448367,0.45183463589968764
566,4,0,0,0.1666666666666666,0.6666666666666667,0.4610318465144446,0.45183463589968764
570,4,0,1,0.6666666666666666,0.3333333333333332,0.633779544691498,0.45183463589968764
572,4,0,1,0.8333333333333334,0.6666666666666667,0.643333601569075,0.45183463589968764
578,4,0,1,0.5,0.0,0.4929234588659902,0.45183463589968764
579,4,0,0,0.3333333333333333,0.3333333333333333,0.5393609955809504,0.45183463589968764
586,4,0,1,0.6666666666666666,0.3333333333333332,0.6500590204980794,0.45183463589968764
591,4,0,1,0.5,0.0,0.6067104570256348,0.45183463589968764
598,4,0,0,0.3333333333333333,0.3333333333333333,0.6242471983117267,0.45183463589968764
604,4,0,1,0.75,0.5,0.5723822077026313,0.45183463589968764
613,4,0,0,0.0,1.0,0.680154277858683,0.45183463589968764
618,4,0,0,0.0,1.0,0.544721662898854,0.45183463589968764
623,4,0,1,0.5,0.0,0.6074486208536892,0.45183463589968764
625,4,0,0,0.0,1.0,0.4988775043875756,0.45183463589968764
635,4,0,1,0.5,0.0,0.5468483308190317,0.45183463589968764
637,4,0,1,0.5,0.0,0.6415298763978465,0.45183463589968764
639,4,0,0,0.0,1.0,0.5976890823551141,0.45183463589968764
640,4,0,1,0.75,0.5,0.6360932517995298,0.45183463589968764
641,4,0,0,0.0,1.0,0.5585988489477512,0.45183463589968764
648,4,0,1,0.5,0.0,0.52870674629362,0.45183463589968764
661,4,0,1,0.8333333333333334,0.6666666666666667,0.653696813592332,0.45183463589968764
662,4,0,0,0.0,1.0,0.4629764824243563,0.45183463589968764
663,4,0,0,0.3333333333333333,0.3333333333333333,0.5608974580910371,0.45183463589968764
667,4,0,0,0.3333333333333333,0.3333333333333333,0.6142887290528658,0.45183463589968764
673,4,0,0,0.3333333333333333,0.3333333333333333,0.39003581933775466,0.45183463589968764
679,4,0,0,0.4,0.1999999999999999,0.4138671145111814,0.45183463589968764
683,4,0,1,0.8333333333333334,0.6666666666666667,0.6585223922149843,0.45183463589968764
685,4,0,0,0.0,1.0,0.5612283467007335,0.45183463589968764
686,4,0,0,0.0,1.0,0.6142842026237558,0.45183463589968764
689,4,0,0,0.0,1.0,0.413415365371694,0.45183463589968764
699,4,0,0,0.1666666666666666,0.6666666666666667,0.5918468237630338,0.45183463589968764
702,4,0,0,0.1666666666666666,0.6666666666666667,0.673792109060676,0.45183463589968764
703,4,0,0,0.0,1.0,0.5363134544720322,0.45183463589968764
705,4,0,1,0.5,0.0,0.4266093191304516,0.45183463589968764
727,4,0,0,0.4,0.1999999999999999,0.5052560474530373,0.45183463589968764
732,4,0,0,0.0,1.0,0.35997006150787025,0.45183463589968764
740,4,0,0,0.1666666666666666,0.6666666666666667,0.5231966039724172,0.45183463589968764
742,4,0,1,0.5,0.0,0.5301911857947488,0.45183463589968764
1,4,1,0,0.3333333333333333,0.3333333333333333,0.44700398524808627,0.4837683025928206
21,4,1,0,0.2,0.6,0.4445268500911934,0.4837683025928206
28,4,1,0,0.2,0.6,0.44735113426374007,0.4837683025928206
38,4,1,0,0.0,1.0,0.4623066833355084,0.4837683025928206
41,4,1,0,0.2,0.6,0.3516279829951444,0.4837683025928206
43,4,1,0,0.2,0.6,0.4410526583552162,0.4837683025928206
45,4,1,0,0.0,1.0,0.4759134563022672,0.4837683025928206
54,4,1,0,0.25,0.5,0.3685468609863539,0.4837683025928206
59,4,1,0,0.25,0.5,0.35449405571784154,0.4837683025928206
61,4,1,0,0.2,0.6,0.29160130672231477,0.4837683025928206
65,4,1,0,0.25,0.5,0.3035352652005029,0.4837683025928206
66,4,1,0,0.0,1.0,0.37587517895278766,0.4837683025928206
72,4,1,0,0.25,0.5,0.32559442616591444,0.4837683025928206
81,4,1,0,0.0,1.0,0.42559354698949386,0.4837683025928206
87,4,1,0,0.0,1.0,0.4221230759822936,0.4837683025928206
91,4,1,0,0.25,0.5,0.4384304032412236,0.4837683025928206
93,4,1,0,0.0,1.0,0.43132216532154055,0.4837683025928206
95,4,1,0,0.25,0.5,0.35487393447986776,0.4837683025928206
102,4,1,0,0.0,1.0,0.3250109477130456,0.4837683025928206
107,4,1,0,0.1111111111111111,0.7777777777777778,0.46806018561661067,0.4837683025928206
118,4,1,0,0.0,1.0,0.4056729455950952,0.4837683025928206
127,4,1,1,0.6666666666666666,0.3333333333333332,0.5249771656036075,0.4837683025928206
129,4,1,0,0.2,0.6,0.4687445885674245,0.4837683025928206
131,4,1,0,0.0,1.0,0.4161689903243601,0.4837683025928206
139,4,1,0,0.0,1.0,0.4827257428015171,0.4837683025928206
140,4,1,0,0.2222222222222222,0.5555555555555556,0.49553038843197117,0.4837683025928206
143,4,1,1,0.5555555555555556,0.1111111111111111,0.43104728125946906,0.4837683025928206
145,4,1,0,0.4444444444444444,0.1111111111111111,0.40550966921162224,0.4837683025928206
156,4,1,0,0.25,0.5,0.3118218490690743,0.4837683025928206
171,4,1,0,0.25,0.5,0.5038406250029506,0.4837683025928206
172,4,1,0,0.0,1.0,0.4971887895064323,0.4837683025928206
173,4,1,0,0.25,0.5,0.41541490699687583,0.4837683025928206
179,4,1,0,0.25,0.5,0.5162731137518104,0.4837683025928206
183,4,1,0,0.0,1.0,0.44485485423005233,0.4837683025928206
187,4,1,0,0.0,1.0,0.4338948948474024,0.4837683025928206
188,4,1,0,0.0,1.0,0.49456637938380293,0.4837683025928206
194,4,1,0,0.0,1.0,0.4093636257394001,0.4837683025928206
195,4,1,0,0.0,1.0,0.4275317442402075,0.4837683025928206
203,4,1,0,0.2,0.6,0.3552712542561469,0.4837683025928206
204,4,1,0,0.4,0.1999999999999999,0.4428939742470399,0.4837683025928206
206,4,1,1,0.5,0.0,0.4315556224626052,0.4837683025928206
211,4,1,1,0.6,0.1999999999999999,0.5349118026236971,0.4837683025928206
214,4,1,0,0.2,0.6,0.3823632098981381,0.4837683025928206
215,4,1,0,0.2,0.6,0.43426782495547683,0.4837683025928206
217,4,1,0,0.0,1.0,0.35549966209384604,0.4837683025928206
219,4,1,0,0.0,1.0,0.4339897579790954,0.4837683025928206
220,4,1,0,0.4,0.1999999999999999,0.39441524444088194,0.4837683025928206
221,4,1,1,0.8,0.6000000000000001,0.39848692783275164,0.4837683025928206
231,4,1,1,0.5,0.0,0.43079723526834524,0.4837683025928206
237,4,1,0,0.4,0.1999999999999999,0.40836627876493214,0.4837683025928206
244,4,1,1,0.6,0.1999999999999999,0.45584252595555474,0.4837683025928206
247,4,1,0,0.2,0.6,0.46820995193519693,0.4837683025928206
249,4,1,1,0.6,0.1999999999999999,0.3953621644312556,0.4837683025928206
259,4,1,0,0.0,1.0,0.3715149642740957,0.4837683025928206
272,4,1,1,0.5,0.0,0.4312133594772443,0.4837683025928206
277,4,1,1,0.5,0.0,0.4587865984664605,0.4837683025928206
295,4,1,0,0.0,1.0,0.3792089548343152,0.4837683025928206
310,4,1,0,0.2,0.6,0.45118063329321245,0.4837683025928206
313,4,1,0,0.0,1.0,0.4227354762815603,0.4837683025928206
322,4,1,1,0.6,0.1999999999999999,0.5617140532769449,0.4837683025928206
327,4,1,0,0.0,1.0,0.5407202326612753,0.4837683025928206
329,4,1,0,0.0,1.0,0.36396909773852104,0.4837683025928206
342,4,1,0,0.2,0.6,0.44181207859569754,0.4837683025928206
345,4,1,0,0.0,1.0,0.3983953774666899,0.4837683025928206
348,4,1,0,0.4,0.1999999999999999,0.4908239375139887,0.4837683025928206
349,4,1,0,0.0,1.0,0.38493435389758285,0.4837683025928206
351,4,1,0,0.0,1.0,0.48639504778085535,0.4837683025928206
352,4,1,0,0.25,0.5,0.478722075016831,0.4837683025928206
354,4,1,0,0.25,0.5,0.5146930445211814,0.4837683025928206
367,4,1,0,0.25,0.5,0.40332416897269474,0.4837683025928206
374,4,1,1,0.5,0.0,0.5597265871425979,0.4837683025928206
376,4,1,1,0.5,0.0,0.6307043855690542,0.4837683025928206
377,4,1,0,0.25,0.5,0.5163123443528914,0.4837683025928206
379,4,1,1,0.75,0.5,0.5932205350889612,0.4837683025928206
387,4,1,0,0.0,1.0,0.451766798472542,0.4837683025928206
389,4,1,0,0.25,0.5,0.6124105001804966,0.4837683025928206
391,4,1,0,0.0,1.0,0.36317761860428444,0.4837683025928206
392,4,1,1,0.5,0.0,0.49350964784821494,0.4837683025928206
398,4,1,0,0.25,0.5,0.525352248956521,0.4837683025928206
402,4,1,1,0.6,0.1999999999999999,0.4557758032504261,0.4837683025928206
404,4,1,1,0.6,0.1999999999999999,0.6584424499038812,0.4837683025928206
405,4,1,0,0.0,1.0,0.590898581090766,0.4837683025928206
406,4,1,1,0.6,0.1999999999999999,0.5250349426807661,0.4837683025928206
407,4,1,0,0.2,0.6,0.6820827697215515,0.4837683025928206
424,4,1,1,0.6,0.1999999999999999,0.4310177202147,0.4837683025928206
426,4,1,1,0.8,0.6000000000000001,0.5433542783560796,0.4837683025928206
436,4,1,0,0.4,0.1999999999999999,0.5371438069563307,0.4837683025928206
440,4,1,0,0.0,1.0,0.5581356790768854,0.4837683025928206
441,4,1,0,0.2,0.6,0.5984094570589209,0.4837683025928206
449,4,1,0,0.4,0.1999999999999999,0.41420297765158876,0.4837683025928206
450,4,1,0,0.2,0.6,0.4302721687511306,0.4837683025928206
453,4,1,0,0.25,0.5,0.4084584575839689,0.4837683025928206
457,4,1,1,0.5,0.0,0.5822089662887707,0.4837683025928206
460,4,1,0,0.0,1.0,0.48741489896481593,0.4837683025928206
463,4,1,0,0.25,0.5,0.4691980520152848,0.4837683025928206
464,4,1,0,0.0,1.0,0.5603657102648744,0.4837683025928206
465,4,1,1,0.5,0.0,0.6314655244006447,0.4837683025928206
466,4,1,1,0.5,0.0,0.6329014971993456,0.4837683025928206
472,4,1,0,0.25,0.5,0.4366200869950805,0.4837683025928206
473,4,1,0,0.25,0.5,0.5533644118802322,0.4837683025928206
474,4,1,0,0.0,1.0,0.40049555798866965,0.4837683025928206
494,4,1,1,0.8,0.6000000000000001,0.4916092316673272,0.4837683025928206
519,4,1,0,0.0,1.0,0.46990876396231274,0.4837683025928206
520,4,1,1,0.5,0.0,0.5241398154644538,0.4837683025928206
528,4,1,0,0.0,1.0,0.39990431688366523,0.4837683025928206
533,4,1,0,0.0,1.0,0.3891809457682397,0.4837683025928206
535,4,1,0,0.25,0.5,0.6185815712238381,0.4837683025928206
537,4,1,0,0.25,0.5,0.4858460892419004,0.4837683025928206
539,4,1,0,0.25,0.5,0.5003579387878472,0.4837683025928206
540,4,1,0,0.25,0.5,0.6157320791784089,0.4837683025928206
547,4,1,1,0.5,0.0,0.5308176169708057,0.4837683025928206
548,4,1,1,0.5,0.0,0.5405368866735517,0.4837683025928206
558,4,1,1,0.5,0.0,0.5482110617422231,0.4837683025928206
560,4,1,0,0.1666666666666666,0.6666666666666667,0.5224187670137043,0.4837683025928206
568,4,1,1,1.0,1.0,0.5476840000363511,0.4837683025928206
571,4,1,1,0.5,0.0,0.5439488813584734,0.4837683025928206
577,4,1,0,0.1666666666666666,0.6666666666666667,0.6257708738062515,0.4837683025928206
592,4,1,1,0.6,0.1999999999999999,0.697076842701102,0.4837683025928206
608,4,1,0,0.0,1.0,0.6493151909727484,0.4837683025928206
610,4,1,0,0.25,0.5,0.6096196406362904,0.4837683025928206
617,4,1,1,0.5,0.0,0.6722105936548118,0.4837683025928206
620,4,1,1,0.75,0.5,0.633104772972706,0.4837683025928206
621,4,1,1,0.5,0.0,0.5350315516854917,0.4837683025928206
629,4,1,1,0.5,0.0,0.6725467737419486,0.4837683025928206
632,4,1,1,0.5,0.0,0.5813859318009835,0.4837683025928206
636,4,1,0,0.0,1.0,0.5607410483920956,0.4837683025928206
647,4,1,1,0.5,0.0,0.5615285554055645,0.4837683025928206
649,4,1,1,0.5,0.0,0.49254821769637164,0.4837683025928206
656,4,1,1,0.6666666666666666,0.3333333333333332,0.5616816073383445,0.4837683025928206
669,4,1,0,0.3333333333333333,0.3333333333333333,0.48718079728551555,0.4837683025928206
680,4,1,0,0.0,1.0,0.4280999014072384,0.4837683025928206
681,4,1,0,0.1666666666666666,0.6666666666666667,0.6055439922862651,0.4837683025928206
682,4,1,0,0.1666666666666666,0.6666666666666667,0.5888683794110219,0.4837683025928206
690,4,1,0,0.0,1.0,0.4469457965738876,0.4837683025928206
692,4,1,0,0.0,1.0,0.46549011052706124,0.4837683025928206
694,4,1,0,0.3333333333333333,0.3333333333333333,0.5027652184429032,0.4837683025928206
695,4,1,0,0.3333333333333333,0.3333333333333333,0.5702222840737001,0.4837683025928206
698,4,1,1,0.5,0.0,0.6499530486439564,0.4837683025928206
701,4,1,0,0.1666666666666666,0.6666666666666667,0.6132033797951693,0.4837683025928206
715,4,1,1,0.5,0.0,0.4333144317734003,0.4837683025928206
716,4,1,1,0.6666666666666666,0.3333333333333332,0.49063680535179466,0.4837683025928206
718,4,1,0,0.1666666666666666,0.6666666666666667,0.4760403040699677,0.4837683025928206
721,4,1,0,0.3333333333333333,0.3333333333333333,0.45433733078526994,0.4837683025928206
724,4,1,0,0.2,0.6,0.387772111938292,0.4837683025928206
728,4,1,0,0.2,0.6,0.4182874667456502,0.4837683025928206
733,4,1,0,0.1666666666666666,0.6666666666666667,0.4806393964590264,0.4837683025928206
739,4,1,0,0.3333333333333333,0.3333333333333333,0.4417118741994558,0.4837683025928206
6,4,2,0,0.2,0.6,0.3546796514253889,0.45063213239128463
7,4,2,1,0.6,0.1999999999999999,0.46900665951411274,0.45063213239128463
26,4,2,1,0.8,0.6000000000000001,0.3287997367157459,0.45063213239128463
37,4,2,0,0.2,0.6,0.37675630956278044,0.45063213239128463
39,4,2,0,0.0,1.0,0.41157229262757,0.45063213239128463
42,4,2,0,0.0,1.0,0.3965763108158912,0.45063213239128463
48,4,2,1,0.6,0.1999999999999999,0.3712328468404891,0.45063213239128463
49,4,2,0,0.3333333333333333,0.3333333333333333,0.4589984159768327,0.45063213239128463
56,4,2,0,0.25,0.5,0.4141691663456638,0.45063213239128463
58,4,2,0,0.25,0.5,0.4224134929379295,0.45063213239128463
64,4,2,0,0.3333333333333333,0.3333333333333333,0.3384053904780886,0.45063213239128463
71,4,2,0,0.0,1.0,0.3708345902884438,0.45063213239128463
76,4,2,0,0.25,0.5,0.38832367858316946,0.45063213239128463
78,4,2,0,0.0,1.0,0.4190264808674256,0.45063213239128463
82,4,2,0,0.25,0.5,0.3978976773758332,0.45063213239128463
88,4,2,1,0.5,0.0,0.38467057372811664,0.45063213239128463
92,4,2,0,0.0,1.0,0.42461047986319045,0.45063213239128463
96,4,2,0,0.0,1.0,0.36593699788920275,0.45063213239128463
100,4,2,0,0.25,0.5,0.48875506344291936,0.45063213239128463
101,4,2,0,0.3333333333333333,0.3333333333333333,0.39391933855383443,0.45063213239128463
103,4,2,0,0.1111111111111111,0.7777777777777778,0.3919927020607217,0.45063213239128463
105,4,2,0,0.0,1.0,0.5034169678348082,0.45063213239128463
108,4,2,0,0.25,0.5,0.4168361860932304,0.45063213239128463
109,4,2,0,0.1111111111111111,0.7777777777777778,0.3908452856507594,0.45063213239128463
112,4,2,0,0.125,0.75,0.3835037390553389,0.45063213239128463
115,4,2,0,0.0,1.0,0.3203621440124921,0.45063213239128463
125,4,2,0,0.125,0.75,0.32710850018099014,0.45063213239128463
136,4,2,0,0.3333333333333333,0.3333333333333333,0.4216819975989203,0.45063213239128463
137,4,2,1,0.6666666666666666,0.3333333333333332,0.339360540156124,0.45063213239128463
138,4,2,1,0.5555555555555556,0.1111111111111111,0.49455691542720615,0.45063213239128463
158,4,2,0,0.0,1.0,0.36240668202006276,0.45063213239128463
160,4,2,0,0.1666666666666666,0.6666666666666667,0.36642983075310215,0.45063213239128463
162,4,2,0,0.2,0.6,0.374086806518094,0.45063213239128463
165,4,2,0,0.0,1.0,0.4794460504988941,0.45063213239128463
167,4,2,0,0.0,1.0,0.4382160731471292,0.45063213239128463
170,4,2,0,0.1666666666666666,0.6666666666666667,0.44870066421535365,0.45063213239128463
201,4,2,0,0.25,0.5,0.4598388994034196,0.45063213239128463
209,4,2,0,0.2,0.6,0.47368031338397154,0.45063213239128463
212,4,2,0,0.2,0.6,0.34820657726528415,0.45063213239128463
216,4,2,0,0.0,1.0,0.39515312324324536,0.45063213239128463
222,4,2,0,0.2,0.6,0.5083829944048412,0.45063213239128463
224,4,2,0,0.4,0.1999999999999999,0.4670172677338699,0.45063213239128463
228,4,2,0,0.2,0.6,0.4263852098237889,0.45063213239128463
238,4,2,0,0.25,0.5,0.4473853802133085,0.45063213239128463
243,4,2,0,0.0,1.0,0.3771382144184355,0.45063213239128463
245,4,2,0,0.0,1.0,0.4003881386987276,0.45063213239128463
250,4,2,0,0.4,0.1999999999999999,0.42679128993601,0.45063213239128463
251,4,2,0,0.25,0.5,0.5307997272883349,0.45063213239128463
260,4,2,0,0.25,0.5,0.34941026936729336,0.45063213239128463
261,4,2,0,0.25,0.5,0.46971411708597444,0.45063213239128463
262,4,2,1,0.5,0.0,0.41007874632900143,0.45063213239128463
266,4,2,0,0.25,0.5,0.32901975055366983,0.45063213239128463
271,4,2,0,0.0,1.0,0.45682696034241466,0.45063213239128463
275,4,2,1,0.5,0.0,0.49039525994195543,0.45063213239128463
279,4,2,0,0.2,0.6,0.39361531929577526,0.45063213239128463
280,4,2,0,0.25,0.5,0.5243347158407609,0.45063213239128463
281,4,2,0,0.0,1.0,0.46872539128504387,0.45063213239128463
282,4,2,0,0.25,0.5,0.45382915892112036,0.45063213239128463
290,4,2,0,0.0,1.0,0.49655821609493395,0.45063213239128463
293,4,2,1,0.5,0.0,0.4850114745335911,0.45063213239128463
294,4,2,0,0.0,1.0,0.4587167079408431,0.45063213239128463
302,4,2,0,0.0,1.0,0.43658222008834613,0.45063213239128463
303,4,2,0,0.0,1.0,0.3575456811734071,0.45063213239128463
304,4,2,1,0.8,0.6000000000000001,0.43909819101236547,0.45063213239128463
306,4,2,0,0.0,1.0,0.49020905011489946,0.45063213239128463
331,4,2,0,0.0,1.0,0.42687653669132997,0.45063213239128463
334,4,2,0,0.4,0.1999999999999999,0.4272863803130753,0.45063213239128463
337,4,2,0,0.0,1.0,0.4249190976403272,0.45063213239128463
338,4,2,0,0.4,0.1999999999999999,0.3758246527988115,0.45063213239128463
341,4,2,1,0.6,0.1999999999999999,0.5531174440889562,0.45063213239128463
350,4,2,0,0.0,1.0,0.4244626215493494,0.45063213239128463
353,4,2,0,0.0,1.0,0.5936031560258563,0.45063213239128463
362,4,2,1,0.75,0.5,0.5339272422132018,0.45063213239128463
364,4,2,1,0.5,0.0,0.4510694358622098,0.45063213239128463
371,4,2,0,0.25,0.5,0.5354070434150553,0.45063213239128463
382,4,2,1,0.5,0.0,0.5808042225059344,0.45063213239128463
388,4,2,1,0.5,0.0,0.5996335606974351,0.45063213239128463
390,4,2,1,0.75,0.5,0.5915041323192802,0.45063213239128463
393,4,2,0,0.25,0.5,0.48784071219459524,0.45063213239128463
396,4,2,1,0.75,0.5,0.5587868188451366,0.45063213239128463
400,4,2,1,0.5,0.0,0.5365568398734872,0.45063213239128463
403,4,2,0,0.0,1.0,0.40359256592211135,0.45063213239128463
410,4,2,1,0.6,0.1999999999999999,0.6037166105585638,0.45063213239128463
415,4,2,0,0.0,1.0,0.6586102855766018,0.45063213239128463
417,4,2,0,0.2,0.6,0.5401032038319709,0.45063213239128463
419,4,2,0,0.4,0.1999999999999999,0.5424789858175061,0.45063213239128463
425,4,2,0,0.0,1.0,0.5018291194502547,0.45063213239128463
428,4,2,1,0.6,0.1999999999999999,0.5044607587953256,0.45063213239128463
439,4,2,0,0.2,0.6,0.4724768747261502,0.45063213239128463
447,4,2,0,0.0,1.0,0.39395722363199803,0.45063213239128463
448,4,2,0,0.0,1.0,0.30535136586418254,0.45063213239128463
458,4,2,0,0.0,1.0,0.4459699260522395,0.45063213239128463
459,4,2,0,0.25,0.5,0.5837732272674113,0.45063213239128463
470,4,2,0,0.0,1.0,0.6494495907171428,0.45063213239128463
477,4,2,0,0.0,1.0,0.4505851334462797,0.45063213239128463
479,4,2,0,0.0,1.0,0.567697272795255,0.45063213239128463
486,4,2,0,0.25,0.5,0.556647617973084,0.45063213239128463
495,4,2,0,0.0,1.0,0.5666755634223941,0.45063213239128463
496,4,2,1,0.75,0.5,0.6289596604847679,0.45063213239128463
511,4,2,1,0.5,0.0,0.49957139602329215,0.45063213239128463
516,4,2,0,0.0,1.0,0.5795532882622142,0.45063213239128463
530,4,2,1,0.5,0.0,0.5048366144141089,0.45063213239128463
550,4,2,0,0.0,1.0,0.538701884258762,0.45063213239128463
551,4,2,1,0.6666666666666666,0.3333333333333332,0.5178167490605179,0.45063213239128463
552,4,2,1,0.6666666666666666,0.3333333333333332,0.5655992313818156,0.45063213239128463
557,4,2,0,0.3333333333333333,0.3333333333333333,0.4750662029331527,0.45063213239128463
561,4,2,1,0.5,0.0,0.5297616382682262,0.45063213239128463
562,4,2,0,0.3333333333333333,0.3333333333333333,0.570898503667677,0.45063213239128463
563,4,2,0,0.0,1.0,0.6151018940192139,0.45063213239128463
565,4,2,0,0.3333333333333333,0.3333333333333333,0.509761546466634,0.45063213239128463
581,4,2,0,0.3333333333333333,0.3333333333333333,0.5444298353184982,0.45063213239128463
582,4,2,1,0.5,0.0,0.604099419877953,0.45063213239128463
583,4,2,1,0.5,0.0,0.6620681795655246,0.45063213239128463
584,4,2,1,0.6666666666666666,0.3333333333333332,0.6768842176949543,0.45063213239128463
597,4,2,0,0.0,1.0,0.3222295523718922,0.45063213239128463
600,4,2,0,0.1666666666666666,0.6666666666666667,0.5824630480086077,0.45063213239128463
601,4,2,0,0.0,1.0,0.3750218242380131,0.45063213239128463
602,4,2,0,0.25,0.5,0.6053743404823445,0.45063213239128463
606,4,2,0,0.25,0.5,0.5114284041721642,0.45063213239128463
609,4,2,0,0.25,0.5,0.618899484743503,0.45063213239128463
614,4,2,1,0.75,0.5,0.5692989239431179,0.45063213239128463
619,4,2,0,0.25,0.5,0.6673909183232358,0.45063213239128463
624,4,2,0,0.25,0.5,0.610164235963063,0.45063213239128463
628,4,2,0,0.0,1.0,0.5118151678752503,0.45063213239128463
630,4,2,1,0.5,0.0,0.6085259274307072,0.45063213239128463
633,4,2,1,0.5,0.0,0.5697569531234458,0.45063213239128463
634,4,2,0,0.25,0.5,0.6282386986138206,0.45063213239128463
642,4,2,1,0.75,0.5,0.5399171048802807,0.45063213239128463
644,4,2,0,0.25,0.5,0.47451199010044404,0.45063213239128463
646,4,2,0,0.0,1.0,0.3600951371424072,0.45063213239128463
651,4,2,0,0.3333333333333333,0.3333333333333333,0.4721905479753268,0.45063213239128463
654,4,2,0,0.1666666666666666,0.6666666666666667,0.5498755499151794,0.45063213239128463
655,4,2,1,0.6666666666666666,0.3333333333333332,0.47649904308658997,0.45063213239128463
657,4,2,1,0.5,0.0,0.5331510303260775,0.45063213239128463
658,4,2,0,0.1666666666666666,0.6666666666666667,0.5140983599861059,0.45063213239128463
659,4,2,1,0.6666666666666666,0.3333333333333332,0.5115081627539879,0.45063213239128463
670,4,2,1,0.5,0.0,0.5206731217920474,0.45063213239128463
697,4,2,1,0.5,0.0,0.6091286048111884,0.45063213239128463
707,4,2,1,0.5,0.0,0.4874036965626446,0.45063213239128463
708,4,2,0,0.0,1.0,0.47234928158501227,0.45063213239128463
712,4,2,0,0.1666666666666666,0.6666666666666667,0.40854020785816236,0.45063213239128463
713,4,2,1,0.6,0.1999999999999999,0.42232758001310755,0.45063213239128463
720,4,2,0,0.0,1.0,0.4021629395811446,0.45063213239128463
723,4,2,0,0.1666666666666666,0.6666666666666667,0.45573837165653686,0.45063213239128463
734,4,2,0,0.0,1.0,0.3899858320911193,0.45063213239128463
738,4,2,0,0.3333333333333333,0.3333333333333333,0.5120260631364422,0.45063213239128463
741,4,2,0,0.2,0.6,0.4865413930925402,0.45063213239128463
4,4,3,1,0.6,0.1999999999999999,0.4309154114591168,0.4616302876072602
12,4,3,0,0.4,0.1999999999999999,0.3280748181273516,0.4616302876072602
14,4,3,0,0.2,0.6,0.4762525501795753,0.4616302876072602
15,4,3,0,0.4,0.1999999999999999,0.3184851634405857,0.4616302876072602
17,4,3,0,0.4,0.1999999999999999,0.508642231371985,0.4616302876072602
22,4,3,0,0.2,0.6,0.3958173151595288,0.4616302876072602
27,4,3,0,0.2,0.6,0.3539584449987118,0.4616302876072602
33,4,3,0,0.4,0.1999999999999999,0.41271502593811216,0.4616302876072602
35,4,3,1,0.5,0.0,0.3519828849270753,0.4616302876072602
50,4,3,1,0.8,0.6000000000000001,0.37233033631436346,0.4616302876072602
53,4,3,0,0.1666666666666666,0.6666666666666667,0.3642538735667884,0.4616302876072602
55,4,3,0,0.0,1.0,0.38611324199653646,0.4616302876072602
62,4,3,0,0.25,0.5,0.33432139046343184,0.4616302876072602
68,4,3,0,0.0,1.0,0.3084739156424182,0.4616302876072602
75,4,3,0,0.0,1.0,0.45800195118067594,0.4616302876072602
77,4,3,0,0.25,0.5,0.3796773831421779,0.4616302876072602
79,4,3,0,0.25,0.5,0.39224369650291424,0.4616302876072602
84,4,3,0,0.3333333333333333,0.3333333333333333,0.4325624028508599,0.4616302876072602
97,4,3,0,0.25,0.5,0.39461970362666543,0.4616302876072602
98,4,3,0,0.3333333333333333,0.3333333333333333,0.36078366549151636,0.4616302876072602
99,4,3,0,0.0,1.0,0.36805133830666253,0.4616302876072602
104,4,3,0,0.1111111111111111,0.7777777777777778,0.3630429514521977,0.4616302876072602
106,4,3,1,1.0,1.0,0.44820910711372136,0.4616302876072602
114,4,3,0,0.1111111111111111,0.7777777777777778,0.4266695704694389,0.4616302876072602
119,4,3,0,0.1111111111111111,0.7777777777777778,0.2913168757454514,0.4616302876072602
120,4,3,0,0.0,1.0,0.4666475607682947,0.4616302876072602
122,4,3,0,0.0,1.0,0.334918091573869,0.4616302876072602
126,4,3,0,0.2222222222222222,0.5555555555555556,0.49253018519949343,0.4616302876072602
132,4,3,0,0.2222222222222222,0.5555555555555556,0.4467357470091388,0.4616302876072602
134,4,3,0,0.1111111111111111,0.7777777777777778,0.4212561272483367,0.4616302876072602
135,4,3,0,0.1666666666666666,0.6666666666666667,0.3291718052598243,0.4616302876072602
147,4,3,0,0.0,1.0,0.43737373064416807,0.4616302876072602
148,4,3,0,0.1111111111111111,0.7777777777777778,0.3578219427877015,0.4616302876072602
153,4,3,0,0.0,1.0,0.3115245004370468,0.4616302876072602
157,4,3,0,0.25,0.5,0.3821724895658612,0.4616302876072602
163,4,3,0,0.25,0.5,0.4647247780042161,0.4616302876072602
166,4,3,0,0.25,0.5,0.36605612245860386,0.4616302876072602
168,4,3,0,0.25,0.5,0.5062564061321031,0.4616302876072602
174,4,3,1,0.5,0.0,0.38254596390444473,0.4616302876072602
176,4,3,0,0.0,1.0,0.45034040495836775,0.4616302876072602
177,4,3,0,0.0,1.0,0.4853077762612041,0.4616302876072602
178,4,3,0,0.0,1.0,0.42676086543190833,0.4616302876072602
180,4,3,0,0.0,1.0,0.4696603956964845,0.4616302876072602
181,4,3,1,0.5,0.0,0.437817236281303,0.4616302876072602
184,4,3,0,0.0,1.0,0.33284327076592635,0.4616302876072602
197,4,3,0,0.0,1.0,0.5255545932018028,0.4616302876072602
207,4,3,0,0.2,0.6,0.46945482179849235,0.4616302876072602
227,4,3,1,1.0,1.0,0.4230664000186041,0.4616302876072602
229,4,3,0,0.0,1.0,0.3934876951835388,0.4616302876072602
235,4,3,0,0.0,1.0,0.4474705708866599,0.4616302876072602
239,4,3,1,0.6,0.1999999999999999,0.37238414127199937,0.4616302876072602
253,4,3,0,0.0,1.0,0.40047438348895037,0.4616302876072602
254,4,3,0,0.25,0.5,0.36217070764333825,0.4616302876072602
258,4,3,0,0.0,1.0,0.38128817520133984,0.4616302876072602
267,4,3,0,0.0,1.0,0.4612964609804051,0.4616302876072602
269,4,3,1,0.5,0.0,0.40249391802209145,0.4616302876072602
286,4,3,0,0.2,0.6,0.3471747366170359,0.4616302876072602
287,4,3,0,0.25,0.5,0.4192027261189253,0.4616302876072602
291,4,3,0,0.0,1.0,0.48149621555306743,0.4616302876072602
296,4,3,0,0.0,1.0,0.35766773509238725,0.4616302876072602
299,4,3,1,0.8,0.6000000000000001,0.34498731564191,0.4616302876072602
307,4,3,0,0.4,0.1999999999999999,0.47653035581544206,0.4616302876072602
314,4,3,0,0.0,1.0,0.48039920201729236,0.4616302876072602
316,4,3,0,0.4,0.1999999999999999,0.4787327637861562,0.4616302876072602
325,4,3,0,0.0,1.0,0.3842511154284777,0.4616302876072602
336,4,3,0,0.4,0.1999999999999999,0.5134215456393095,0.4616302876072602
343,4,3,1,0.8,0.6000000000000001,0.4790012819442785,0.4616302876072602
355,4,3,0,0.25,0.5,0.5046228615996072,0.4616302876072602
356,4,3,0,0.25,0.5,0.5102794102768444,0.4616302876072602
357,4,3,1,0.5,0.0,0.4476298109145669,0.4616302876072602
361,4,3,0,0.0,1.0,0.39800971996179246,0.4616302876072602
363,4,3,0,0.0,1.0,0.5869542634097034,0.4616302876072602
366,4,3,0,0.0,1.0,0.5664350715270043,0.4616302876072602
368,4,3,1,0.5,0.0,0.49307678098936003,0.4616302876072602
375,4,3,1,0.5,0.0,0.6348639272035371,0.4616302876072602
386,4,3,0,0.25,0.5,0.5845064295420291,0.4616302876072602
394,4,3,1,0.5,0.0,0.5930320192228828,0.4616302876072602
408,4,3,0,0.4,0.1999999999999999,0.6504846421107157,0.4616302876072602
409,4,3,0,0.4,0.1999999999999999,0.712524011698028,0.4616302876072602
412,4,3,1,1.0,1.0,0.6682135543358267,0.4616302876072602
414,4,3,1,0.6,0.1999999999999999,0.6569684107651279,0.4616302876072602
418,4,3,0,0.0,1.0,0.5503734763630517,0.4616302876072602
429,4,3,0,0.0,1.0,0.5383860705144605,0.4616302876072602
437,4,3,1,0.6,0.1999999999999999,0.4607478084869998,0.4616302876072602
442,4,3,1,0.8,0.6000000000000001,0.5406743637991916,0.4616302876072602
445,4,3,0,0.0,1.0,0.5204315267779889,0.4616302876072602
446,4,3,0,0.2,0.6,0.6071618590014507,0.4616302876072602
462,4,3,1,0.5,0.0,0.5878110989170301,0.4616302876072602
471,4,3,0,0.0,1.0,0.6807900130601192,0.4616302876072602
478,4,3,0,0.0,1.0,0.3936464982276745,0.4616302876072602
481,4,3,0,0.0,1.0,0.6729614262062087,0.4616302876072602
482,4,3,0,0.0,1.0,0.3722467826886028,0.4616302876072602
483,4,3,0,0.25,0.5,0.555859172139615,0.4616302876072602
484,4,3,0,0.25,0.5,0.48341657369207885,0.4616302876072602
488,4,3,1,0.5,0.0,0.5343045548250839,0.4616302876072602
490,4,3,0,0.25,0.5,0.46651283078114847,0.4616302876072602
493,4,3,0,0.0,1.0,0.486276936622269,0.4616302876072602
497,4,3,0,0.0,1.0,0.31252443220219267,0.4616302876072602
498,4,3,0,0.0,1.0,0.45847416915158024,0.4616302876072602
500,4,3,0,0.25,0.5,0.51754584829303,0.4616302876072602
501,4,3,0,0.25,0.5,0.5743857236449689,0.4616302876072602
504,4,3,1,0.75,0.5,0.5286404231503767,0.4616302876072602
509,4,3,0,0.25,0.5,0.5055421652051275,0.4616302876072602
518,4,3,0,0.25,0.5,0.5102886119937241,0.4616302876072602
521,4,3,1,0.75,0.5,0.5506742154329511,0.4616302876072602
526,4,3,0,0.0,1.0,0.5773392955388669,0.4616302876072602
527,4,3,0,0.25,0.5,0.5469135789679129,0.4616302876072602
538,4,3,0,0.0,1.0,0.6015231417698711,0.4616302876072602
541,4,3,1,0.5,0.0,0.6450832134461519,0.4616302876072602
544,4,3,1,0.5,0.0,0.6118156867706248,0.4616302876072602
549,4,3,0,0.0,1.0,0.4093673645940792,0.4616302876072602
554,4,3,1,0.5,0.0,0.5335521475495653,0.4616302876072602
564,4,3,1,0.5,0.0,0.5957412877668274,0.4616302876072602
567,4,3,0,0.3333333333333333,0.3333333333333333,0.5647281947154867,0.4616302876072602
569,4,3,0,0.1666666666666666,0.6666666666666667,0.46619246306263196,0.4616302876072602
573,4,3,0,0.3333333333333333,0.3333333333333333,0.5959641313228174,0.4616302876072602
574,4,3,0,0.3333333333333333,0.3333333333333333,0.43603321811554085,0.4616302876072602
575,4,3,1,0.5,0.0,0.5746815155921885,0.4616302876072602
585,4,3,1,0.5,0.0,0.6349592049402717,0.4616302876072602
587,4,3,1,0.8333333333333334,0.6666666666666667,0.6007182529329815,0.4616302876072602
588,4,3,0,0.1666666666666666,0.6666666666666667,0.7041221276224874,0.4616302876072602
589,4,3,0,0.3333333333333333,0.3333333333333333,0.6025896524065988,0.4616302876072602
594,4,3,0,0.0,1.0,0.5705490940853589,0.4616302876072602
596,4,3,1,0.5,0.0,0.558759436575949,0.4616302876072602
605,4,3,1,0.5,0.0,0.6029809239710314,0.4616302876072602
615,4,3,1,0.75,0.5,0.6574723673295806,0.4616302876072602
622,4,3,1,0.75,0.5,0.5219145234461533,0.4616302876072602
626,4,3,1,0.5,0.0,0.5805306145671134,0.4616302876072602
638,4,3,0,0.25,0.5,0.6606598803523307,0.4616302876072602
643,4,3,1,0.5,0.0,0.4920683571061698,0.4616302876072602
652,4,3,0,0.0,1.0,0.35857905766199527,0.4616302876072602
653,4,3,1,0.5,0.0,0.3887973620324531,0.4616302876072602
664,4,3,1,0.6666666666666666,0.3333333333333332,0.5011964061877564,0.4616302876072602
672,4,3,0,0.0,1.0,0.4892879958120655,0.4616302876072602
674,4,3,0,0.3333333333333333,0.3333333333333333,0.4388000521031815,0.4616302876072602
675,4,3,0,0.3333333333333333,0.3333333333333333,0.404008099891568,0.4616302876072602
676,4,3,0,0.1666666666666666,0.6666666666666667,0.5473337763881552,0.4616302876072602
693,4,3,1,0.5,0.0,0.7298379839423772,0.4616302876072602
704,4,3,0,0.3333333333333333,0.3333333333333333,0.4147253192957595,0.4616302876072602
709,4,3,0,0.3333333333333333,0.3333333333333333,0.5603717920049025,0.4616302876072602
710,4,3,0,0.0,1.0,0.41781369199085217,0.4616302876072602
714,4,3,0,0.3333333333333333,0.3333333333333333,0.3788418443429077,0.4616302876072602
717,4,3,1,0.5,0.0,0.4828197786500835,0.4616302876072602
719,4,3,0,0.1666666666666666,0.6666666666666667,0.4718473648223187,0.4616302876072602
722,4,3,0,0.2,0.6,0.4239565525967394,0.4616302876072602
735,4,3,0,0.0,1.0,0.41805342113775734,0.4616302876072602
737,4,3,0,0.1666666666666666,0.6666666666666667,0.4263010410779544,0.4616302876072602
2,4,4,0,0.4,0.1999999999999999,0.3200960041803276,0.4989698640677178
5,4,4,0,0.2,0.6,0.5347492316306419,0.4989698640677178
9,4,4,0,0.0,1.0,0.32640415064172007,0.4989698640677178
16,4,4,1,0.6,0.1999999999999999,0.4211562349056206,0.4989698640677178
20,4,4,0,0.25,0.5,0.32695217143322874,0.4989698640677178
32,4,4,0,0.2,0.6,0.3617510012345117,0.4989698640677178
40,4,4,0,0.2,0.6,0.35958034385719617,0.4989698640677178
63,4,4,0,0.0,1.0,0.3887268589827354,0.4989698640677178
69,4,4,0,0.0,1.0,0.35525000410585594,0.4989698640677178
73,4,4,0,0.0,1.0,0.2775747645425561,0.4989698640677178
74,4,4,0,0.0,1.0,0.49340593312436754,0.4989698640677178
80,4,4,0,0.0,1.0,0.37614543981992243,0.4989698640677178
85,4,4,0,0.25,0.5,0.4694117583860639,0.4989698640677178
86,4,4,0,0.0,1.0,0.36618513719076784,0.4989698640677178
89,4,4,0,0.25,0.5,0.43433400724191085,0.4989698640677178
113,4,4,0,0.1111111111111111,0.7777777777777778,0.38593556960895115,0.4989698640677178
117,4,4,0,0.25,0.5,0.3431585243614287,0.4989698640677178
123,4,4,0,0.0,1.0,0.30612275971504743,0.4989698640677178
130,4,4,0,0.1111111111111111,0.7777777777777778,0.3519745669040727,0.4989698640677178
133,4,4,1,0.8888888888888888,0.7777777777777777,0.4335472747790551,0.4989698640677178
141,4,4,0,0.0,1.0,0.4985794320625431,0.4989698640677178
142,4,4,0,0.0,1.0,0.3920989010657154,0.4989698640677178
144,4,4,0,0.0,1.0,0.40285961098709455,0.4989698640677178
146,4,4,1,0.8888888888888888,0.7777777777777777,0.4074837219857386,0.4989698640677178
149,4,4,0,0.3333333333333333,0.3333333333333333,0.3361715506327747,0.4989698640677178
150,4,4,0,0.0,1.0,0.39617910118515187,0.4989698640677178
152,4,4,0,0.0,1.0,0.32240242775514727,0.4989698640677178
154,4,4,0,0.25,0.5,0.310597914087821,0.4989698640677178
155,4,4,0,0.25,0.5,0.4807249164625846,0.4989698640677178
161,4,4,0,0.0,1.0,0.4324688964411371,0.4989698640677178
164,4,4,0,0.0,1.0,0.3807147237807079,0.4989698640677178
175,4,4,0,0.0,1.0,0.3342030392440699,0.4989698640677178
186,4,4,0,0.0,1.0,0.30520007961896545,0.4989698640677178
193,4,4,0,0.25,0.5,0.460149874964051,0.4989698640677178
196,4,4,1,0.5,0.0,0.3917914492353049,0.4989698640677178
199,4,4,0,0.25,0.5,0.39939760611489084,0.4989698640677178
202,4,4,1,0.6,0.1999999999999999,0.4974035993533749,0.4989698640677178
208,4,4,0,0.0,1.0,0.4435901680794646,0.4989698640677178
210,4,4,0,0.4,0.1999999999999999,0.5421844213420175,0.4989698640677178
223,4,4,0,0.2,0.6,0.37453670735446487,0.4989698640677178
225,4,4,0,0.2,0.6,0.403514704456963,0.4989698640677178
232,4,4,0,0.25,0.5,0.40792558322386613,0.4989698640677178
257,4,4,0,0.25,0.5,0.3008870817364301,0.4989698640677178
263,4,4,0,0.2,0.6,0.3770781101184475,0.4989698640677178
264,4,4,0,0.25,0.5,0.42282116702395955,0.4989698640677178
265,4,4,1,0.5,0.0,0.39979093177349856,0.4989698640677178
268,4,4,1,0.5,0.0,0.3745415371461308,0.4989698640677178
270,4,4,0,0.0,1.0,0.4783858582857715,0.4989698640677178
276,4,4,0,0.2,0.6,0.4318764528834576,0.4989698640677178
283,4,4,0,0.25,0.5,0.48490492911374,0.4989698640677178
284,4,4,1,0.5,0.0,0.42615228969201224,0.4989698640677178
285,4,4,0,0.4,0.1999999999999999,0.4287586180117093,0.4989698640677178
289,4,4,1,0.5,0.0,0.3222646709994892,0.4989698640677178
292,4,4,0,0.25,0.5,0.517081032155303,0.4989698640677178
297,4,4,0,0.0,1.0,0.3793123546454099,0.4989698640677178
298,4,4,0,0.25,0.5,0.42890774136461274,0.4989698640677178
300,4,4,0,0.0,1.0,0.4538939750625691,0.4989698640677178
308,4,4,0,0.4,0.1999999999999999,0.49463580632336646,0.4989698640677178
309,4,4,1,0.8,0.6000000000000001,0.6009489675459617,0.4989698640677178
312,4,4,0,0.0,1.0,0.389397528941581,0.4989698640677178
317,4,4,0,0.4,0.1999999999999999,0.39767635420795877,0.4989698640677178
318,4,4,0,0.4,0.1999999999999999,0.5266896946418727,0.4989698640677178
324,4,4,0,0.2,0.6,0.5255111058064075,0.4989698640677178
328,4,4,1,0.6,0.1999999999999999,0.39652086944163345,0.4989698640677178
332,4,4,0,0.0,1.0,0.4399247759297081,0.4989698640677178
333,4,4,0,0.0,1.0,0.39589492416063193,0.4989698640677178
335,4,4,1,0.5,0.0,0.4248664168440239,0.4989698640677178
340,4,4,1,0.6,0.1999999999999999,0.4563699436351897,0.4989698640677178
344,4,4,0,0.2,0.6,0.4021261328765963,0.4989698640677178
347,4,4,0,0.4,0.1999999999999999,0.5017615923268043,0.4989698640677178
358,4,4,0,0.25,0.5,0.5468438937018856,0.4989698640677178
360,4,4,0,0.25,0.5,0.48002542611151067,0.4989698640677178
365,4,4,0,0.25,0.5,0.4287962288095085,0.4989698640677178
369,4,4,0,0.0,1.0,0.3936404288736838,0.4989698640677178
373,4,4,0,0.0,1.0,0.49081728183109374,0.4989698640677178
378,4,4,1,0.5,0.0,0.5468914693812059,0.4989698640677178
383,4,4,0,0.0,1.0,0.42370242718046575,0.4989698640677178
385,4,4,1,0.5,0.0,0.403888321227815,0.4989698640677178
397,4,4,1,0.75,0.5,0.682196781994211,0.4989698640677178
399,4,4,0,0.25,0.5,0.46471319462420824,0.4989698640677178
401,4,4,0,0.2,0.6,0.5632772141506768,0.4989698640677178
413,4,4,0,0.0,1.0,0.6394307750248696,0.4989698640677178
421,4,4,0,0.2,0.6,0.5115466382936003,0.4989698640677178
427,4,4,1,0.6,0.1999999999999999,0.664317936105713,0.4989698640677178
430,4,4,1,0.6,0.1999999999999999,0.5791703162735239,0.4989698640677178
431,4,4,0,0.4,0.1999999999999999,0.5288394856206446,0.4989698640677178
432,4,4,0,0.2,0.6,0.5320897907469407,0.4989698640677178
433,4,4,0,0.0,1.0,0.4348426894908532,0.4989698640677178
444,4,4,0,0.2,0.6,0.580665766422498,0.4989698640677178
451,4,4,0,0.25,0.5,0.43118479087028616,0.4989698640677178
454,4,4,0,0.0,1.0,0.47711871398233036,0.4989698640677178
461,4,4,1,0.5,0.0,0.5645887305754732,0.4989698640677178
467,4,4,1,1.0,1.0,0.6331689040270606,0.4989698640677178
469,4,4,1,0.75,0.5,0.4621274259454337,0.4989698640677178
475,4,4,0,0.25,0.5,0.49916750917868485,0.4989698640677178
487,4,4,0,0.2,0.6,0.3569333193622963,0.4989698640677178
491,4,4,1,0.5,0.0,0.5645494085887313,0.4989698640677178
499,4,4,0,0.0,1.0,0.5105584499914311,0.4989698640677178
502,4,4,1,0.75,0.5,0.5066247944798321,0.4989698640677178
503,4,4,0,0.0,1.0,0.4781232591737755,0.4989698640677178
508,4,4,1,0.75,0.5,0.5676287661881262,0.4989698640677178
513,4,4,0,0.0,1.0,0.5816785826968375,0.4989698640677178
514,4,4,1,0.75,0.5,0.6508097079941639,0.4989698640677178
524,4,4,0,0.0,1.0,0.5251195893769858,0.4989698640677178
525,4,4,0,0.2,0.6,0.3497566802763826,0.4989698640677178
529,4,4,1,0.5,0.0,0.4078754817275059,0.4989698640677178
531,4,4,1,0.75,0.5,0.5291623593518775,0.4989698640677178
532,4,4,0,0.0,1.0,0.3945412145202494,0.4989698640677178
545,4,4,0,0.25,0.5,0.4938548508481736,0.4989698640677178
546,4,4,1,0.5,0.0,0.5854974610459507,0.4989698640677178
556,4,4,0,0.1666666666666666,0.6666666666666667,0.4648362837901131,0.4989698640677178
559,4,4,1,0.6666666666666666,0.3333333333333332,0.4461516885896277,0.4989698640677178
576,4,4,1,0.5,0.0,0.5359292592265499,0.4989698640677178
580,4,4,0,0.3333333333333333,0.3333333333333333,0.5049585142445292,0.4989698640677178
590,4,4,0,0.3333333333333333,0.3333333333333333,0.6306914401346937,0.4989698640677178
593,4,4,1,0.5,0.0,0.5179682058950799,0.4989698640677178
595,4,4,1,0.8333333333333334,0.6666666666666667,0.6083556361547382,0.4989698640677178
599,4,4,0,0.0,1.0,0.5521832986568784,0.4989698640677178
603,4,4,1,0.5,0.0,0.5319658144640134,0.4989698640677178
607,4,4,0,0.0,1.0,0.6194469379127441,0.4989698640677178
611,4,4,1,0.75,0.5,0.5949367844107787,0.4989698640677178
612,4,4,0,0.0,1.0,0.3462932193595734,0.4989698640677178
616,4,4,1,0.75,0.5,0.5148910410233553,0.4989698640677178
627,4,4,1,0.75,0.5,0.6288036022181842,0.4989698640677178
631,4,4,0,0.0,1.0,0.5345429331152127,0.4989698640677178
645,4,4,1,0.75,0.5,0.5810341817376151,0.4989698640677178
650,4,4,0,0.0,1.0,0.4304748220841389,0.4989698640677178
660,4,4,0,0.1666666666666666,0.6666666666666667,0.5407211646537299,0.4989698640677178
665,4,4,0,0.1666666666666666,0.6666666666666667,0.5244232375359601,0.4989698640677178
668,4,4,0,0.1666666666666666,0.6666666666666667,0.5860106094448903,0.4989698640677178
671,4,4,0,0.3333333333333333,0.3333333333333333,0.4829250915230937,0.4989698640677178
677,4,4,1,0.6666666666666666,0.3333333333333332,0.550835819385474,0.4989698640677178
678,4,4,0,0.3333333333333333,0.3333333333333333,0.49753513827433,0.4989698640677178
684,4,4,0,0.0,1.0,0.6909304415971251,0.4989698640677178
687,4,4,0,0.3333333333333333,0.3333333333333333,0.5765952591530471,0.4989698640677178
688,4,4,0,0.1666666666666666,0.6666666666666667,0.5063372696993649,0.4989698640677178
691,4,4,0,0.1666666666666666,0.6666666666666667,0.5956612687849874,0.4989698640677178
696,4,4,0,0.1666666666666666,0.6666666666666667,0.5537504801278164,0.4989698640677178
700,4,4,1,0.5,0.0,0.6177629532312918,0.4989698640677178
706,4,4,1,0.6666666666666666,0.3333333333333332,0.5304517442023686,0.4989698640677178
711,4,4,1,0.6,0.1999999999999999,0.48947980131538005,0.4989698640677178
725,4,4,0,0.0,1.0,0.4691442962568055,0.4989698640677178
726,4,4,0,0.0,1.0,0.4347913256249874,0.4989698640677178
729,4,4,0,0.4,0.1999999999999999,0.5012882502332392,0.4989698640677178
730,4,4,0,0.3333333333333333,0.3333333333333333,0.48346461090284387,0.4989698640677178
731,4,4,0,0.0,1.0,0.40404783469719,0.4989698640677178
736,4,4,0,0.0,1.0,0.4192593872955225,0.4989698640677178
