patient_id,repeat,fold,y,y_soft,agreement,p,thr
5,0,0,0,0.2,0.6,0.5743819290706417,0.5194726354738114
7,0,0,1,0.6,0.1999999999999999,0.3867713253208191,0.5194726354738114
28,0,0,0,0.2,0.6,0.3351507677841097,0.5194726354738114
29,0,0,0,0.2,0.6,0.413776320097676,0.5194726354738114
32,0,0,0,0.2,0.6,0.49709899712885763,0.5194726354738114
40,0,0,0,0.2,0.6,0.3336289714727246,0.5194726354738114
49,0,0,0,0.3333333333333333,0.3333333333333333,0.38928403088442753,0.5194726354738114
50,0,0,1,0.8,0.6000000000000001,0.4311575419712896,0.5194726354738114
51,0,0,0,0.25,0.5,0.3320767917983006,0.5194726354738114
55,0,0,0,0.0,1.0,0.31732867167066264,0.5194726354738114
59,0,0,0,0.25,0.5,0.4674276413511356,0.5194726354738114
63,0,0,0,0.0,1.0,0.3504132815632202,0.5194726354738114
64,0,0,0,0.3333333333333333,0.3333333333333333,0.46577678938139055,0.5194726354738114
67,0,0,0,0.0,1.0,0.35328786766978093,0.5194726354738114
73,0,0,0,0.0,1.0,0.4089043653180616,0.5194726354738114
77,0,0,0,0.25,0.5,0.46013393583362255,0.5194726354738114
82,0,0,0,0.25,0.5,0.49954412719033103,0.5194726354738114
83,0,0,0,0.25,0.5,0.5277552769040257,0.5194726354738114
88,0,0,1,0.5,0.0,0.3299127254730813,0.5194726354738114
98,0,0,0,0.3333333333333333,0.3333333333333333,0.5338254567678044,0.5194726354738114
107,0,0,0,0.1111111111111111,0.7777777777777778,0.5250007535004823,0.5194726354738114
109,0,0,0,0.1111111111111111,0.7777777777777778,0.4465456185046842,0.5194726354738114
110,0,0,0,0.0,1.0,0.4968390869233157,0.5194726354738114
112,0,0,0,0.125,0.75,0.32467560246702254,0.5194726354738114
113,0,0,0,0.1111111111111111,0.7777777777777778,0.40544220599737724,0.5194726354738114
116,0,0,0,0.0,1.0,0.6557416348624996,0.5194726354738114
122,0,0,0,0.0,1.0,0.4592521674306562,0.5194726354738114
127,0,0,1,0.6666666666666666,0.3333333333333332,0.39573735805040733,0.5194726354738114
134,0,0,0,0.1111111111111111,0.7777777777777778,0.5833450873918464,0.5194726354738114
139,0,0,0,0.0,1.0,0.5234627217253266,0.5194726354738114
151,0,0,0,0.0,1.0,0.5764750944063379,0.5194726354738114
153,0,0,0,0.0,1.0,0.35461433000738596,0.5194726354738114
160,0,0,0,0.1666666666666666,0.6666666666666667,0.465533204980224,0.5194726354738114
161,0,0,0,0.0,1.0,0.48151390792404225,0.5194726354738114
174,0,0,1,0.5,0.0,0.3652069641963165,0.5194726354738114
177,0,0,0,0.0,1.0,0.5239612184171882,0.5194726354738114
183,0,0,0,0.0,1.0,0.6653711169710069,0.5194726354738114
199,0,0,0,0.25,0.5,0.5387092405915894,0.5194726354738114
202,0,0,1,0.6,0.1999999999999999,0.5498525185201409,0.5194726354738114
206,0,0,1,0.5,0.0,0.431411711497339,0.5194726354738114
210,0,0,0,0.4,0.1999999999999999,0.5655032977749668,0.5194726354738114
230,0,0,0,0.2,0.6,0.3132507292932237,0.5194726354738114
231,0,0,1,0.5,0.0,0.4616753802228563,0.5194726354738114
232,0,0,0,0.25,0.5,0.5215828815760694,0.5194726354738114
233,0,0,0,0.0,1.0,0.36537453168310385,0.5194726354738114
240,0,0,0,0.2,0.6,0.379623530754598,0.5194726354738114
241,0,0,1,0.6,0.1999999999999999,0.4155276369544712,0.5194726354738114
248,0,0,0,0.4,0.1999999999999999,0.4454332366892602,0.5194726354738114
253,0,0,0,0.0,1.0,0.38362071427395217,0.5194726354738114
259,0,0,0,0.0,1.0,0.3208893167008456,0.5194726354738114
274,0,0,1,0.5,0.0,0.5021283612396008,0.5194726354738114
275,0,0,1,0.5,0.0,0.4155234678440445,0.5194726354738114
282,0,0,0,0.25,0.5,0.42879744260046865,0.5194726354738114
284,0,0,1,0.5,0.0,0.4625706054756721,0.5194726354738114
285,0,0,0,0.4,0.1999999999999999,0.5032630436204533,0.5194726354738114
287,0,0,0,0.25,0.5,0.48556557656356203,0.5194726354738114
294,0,0,0,0.0,1.0,0.6157395904191701,0.5194726354738114
300,0,0,0,0.0,1.0,0.6093524218954415,0.5194726354738114
307,0,0,0,0.4,0.1999999999999999,0.3832676674418934,0.5194726354738114
309,0,0,1,0.8,0.6000000000000001,0.48409750700620024,0.5194726354738114
310,0,0,0,0.2,0.6,0.4251513917638218,0.5194726354738114
315,0,0,1,0.8,0.6000000000000001,0.36591119579381765,0.5194726354738114
316,0,0,0,0.4,0.1999999999999999,0.4809195856967696,0.5194726354738114
319,0,0,0,0.2,0.6,0.4061412490766655,0.5194726354738114
322,0,0,1,0.6,0.1999999999999999,0.4485080398131716,0.5194726354738114
329,0,0,0,0.0,1.0,0.6640926668960836,0.5194726354738114
330,0,0,0,0.4,0.1999999999999999,0.4709139395361947,0.5194726354738114
338,0,0,0,0.4,0.1999999999999999,0.48153772932740224,0.5194726354738114
339,0,0,0,0.0,1.0,0.46225098893699157,0.5194726354738114
342,0,0,0,0.2,0.6,0.4609542369992221,0.5194726354738114
345,0,0,0,0.0,1.0,0.5131679371769462,0.5194726354738114
371,0,0,0,0.25,0.5,0.559813775099387,0.5194726354738114
372,0,0,0,0.25,0.5,0.5282991237496931,0.5194726354738114
374,0,0,1,0.5,0.0,0.3283975425983018,0.5194726354738114
376,0,0,1,0.5,0.0,0.47192861257697216,0.5194726354738114
384,0,0,0,0.25,0.5,0.4209524948935109,0.5194726354738114
394,0,0,1,0.5,0.0,0.39755232808718566,0.5194726354738114
407,0,0,0,0.2,0.6,0.39388417310794066,0.5194726354738114
413,0,0,0,0.0,1.0,0.5569728222358727,0.5194726354738114
421,0,0,0,0.2,0.6,0.5648678236690938,0.5194726354738114
436,0,0,0,0.4,0.1999999999999999,0.4648790609647716,0.5194726354738114
438,0,0,0,0.1666666666666666,0.6666666666666667,0.44277992497262775,0.5194726354738114
456,0,0,1,0.5,0.0,0.5745333014433749,0.5194726354738114
457,0,0,1,0.5,0.0,0.6043916782055471,0.5194726354738114
459,0,0,0,0.25,0.5,0.5836143093894275,0.5194726354738114
463,0,0,0,0.25,0.5,0.4142250414307838,0.5194726354738114
465,0,0,1,0.5,0.0,0.417760907095313,0.5194726354738114
468,0,0,0,0.25,0.5,0.5491955891058022,0.5194726354738114
480,0,0,1,0.5,0.0,0.5634444193581738,0.5194726354738114
487,0,0,0,0.2,0.6,0.5349705437152934,0.5194726354738114
490,0,0,0,0.25,0.5,0.46205389120038515,0.5194726354738114
491,0,0,1,0.5,0.0,0.4839279469423293,0.5194726354738114
492,0,0,0,0.3333333333333333,0.3333333333333333,0.3735347417235322,0.5194726354738114
495,0,0,0,0.0,1.0,0.5113820956833007,0.5194726354738114
497,0,0,0,0.0,1.0,0.4321175077249412,0.5194726354738114
499,0,0,0,0.0,1.0,0.5803131285044656,0.5194726354738114
510,0,0,1,0.5,0.0,0.5559400519610206,0.5194726354738114
513,0,0,0,0.0,1.0,0.5315199795244483,0.5194726354738114
514,0,0,1,0.75,0.5,0.474045623364488,0.5194726354738114
518,0,0,0,0.25,0.5,0.5133028961692422,0.5194726354738114
521,0,0,1,0.75,0.5,0.5545234235736141,0.5194726354738114
528,0,0,0,0.0,1.0,0.5525988968119655,0.5194726354738114
534,0,0,1,0.75,0.5,0.5500732724252718,0.5194726354738114
539,0,0,0,0.25,0.5,0.5766994896490966,0.5194726354738114
540,0,0,0,0.25,0.5,0.5233315241517436,0.5194726354738114
542,0,0,0,0.25,0.5,0.585307973862849,0.5194726354738114
549,0,0,0,0.0,1.0,0.5953319640348286,0.5194726354738114
554,0,0,1,0.5,0.0,0.506001002048079,0.5194726354738114
557,0,0,0,0.3333333333333333,0.3333333333333333,0.6274538356799546,0.5194726354738114
565,0,0,0,0.3333333333333333,0.3333333333333333,0.5065474112006649,0.5194726354738114
566,0,0,0,0.1666666666666666,0.6666666666666667,0.5313848898342345,0.5194726354738114
572,0,0,1,0.8333333333333334,0.6666666666666667,0.6080214311183371,0.5194726354738114
573,0,0,0,0.3333333333333333,0.3333333333333333,0.5800658028032987,0.5194726354738114
574,0,0,0,0.3333333333333333,0.3333333333333333,0.5202462709014168,0.5194726354738114
577,0,0,0,0.1666666666666666,0.6666666666666667,0.4286511799466619,0.5194726354738114
583,0,0,1,0.5,0.0,0.46235148935312426,0.5194726354738114
586,0,0,1,0.6666666666666666,0.3333333333333332,0.6572417516716008,0.5194726354738114
587,0,0,1,0.8333333333333334,0.6666666666666667,0.6052786256761662,0.5194726354738114
588,0,0,0,0.1666666666666666,0.6666666666666667,0.5606020293734492,0.5194726354738114
590,0,0,0,0.3333333333333333,0.3333333333333333,0.679179393780921,0.5194726354738114
601,0,0,0,0.0,1.0,0.6321273850628151,0.5194726354738114
603,0,0,1,0.5,0.0,0.5477920269848143,0.5194726354738114
608,0,0,0,0.0,1.0,0.5605611717920045,0.5194726354738114
618,0,0,0,0.0,1.0,0.43422810413740076,0.5194726354738114
628,0,0,0,0.0,1.0,0.4384295236029757,0.5194726354738114
633,0,0,1,0.5,0.0,0.457925215974661,0.5194726354738114
645,0,0,1,0.75,0.5,0.4749902511081851,0.5194726354738114
648,0,0,1,0.5,0.0,0.457646712803772,0.5194726354738114
649,0,0,1,0.5,0.0,0.5654727510662931,0.5194726354738114
650,0,0,0,0.0,1.0,0.4333566611689042,0.5194726354738114
653,0,0,1,0.5,0.0,0.5893453598552576,0.5194726354738114
657,0,0,1,0.5,0.0,0.4238268955492057,0.5194726354738114
664,0,0,1,0.6666666666666666,0.3333333333333332,0.5047537304230508,0.5194726354738114
670,0,0,1,0.5,0.0,0.5097335825815879,0.5194726354738114
674,0,0,0,0.3333333333333333,0.3333333333333333,0.5644593652027566,0.5194726354738114
689,0,0,0,0.0,1.0,0.4886526958220976,0.5194726354738114
690,0,0,0,0.0,1.0,0.6060937989746114,0.5194726354738114
694,0,0,0,0.3333333333333333,0.3333333333333333,0.4237550487342054,0.5194726354738114
695,0,0,0,0.3333333333333333,0.3333333333333333,0.5083949295887387,0.5194726354738114
699,0,0,0,0.1666666666666666,0.6666666666666667,0.5639792718992829,0.5194726354738114
703,0,0,0,0.0,1.0,0.49763386301226425,0.5194726354738114
712,0,0,0,0.1666666666666666,0.6666666666666667,0.46175753456533936,0.5194726354738114
714,0,0,0,0.3333333333333333,0.3333333333333333,0.37931846868710084,0.5194726354738114
715,0,0,1,0.5,0.0,0.4103369297067979,0.5194726354738114
720,0,0,0,0.0,1.0,0.5775012085487844,0.5194726354738114
735,0,0,0,0.0,1.0,0.49022929327451453,0.5194726354738114
739,0,0,0,0.3333333333333333,0.3333333333333333,0.338612683453724,0.5194726354738114
2,0,1,0,0.4,0.1999999999999999,0.46880929995751347,0.5327084056195309
4,0,1,1,0.6,0.1999999999999999,0.5096716878526656,0.5327084056195309
6,0,1,0,0.2,0.6,0.5048199195499453,0.5327084056195309
14,0,1,0,0.2,0.6,0.48280570801451195,0.5327084056195309
16,0,1,1,0.6,0.1999999999999999,0.5013507717457585,0.5327084056195309
26,0,1,1,0.8,0.6000000000000001,0.5047399780305586,0.5327084056195309
30,0,1,0,0.2,0.6,0.4437437156669501,0.5327084056195309
34,0,1,0,0.1666666666666666,0.6666666666666667,0.4401965550374632,0.5327084056195309
38,0,1,0,0.0,1.0,0.46987941947622014,0.5327084056195309
39,0,1,0,0.0,1.0,0.4706022619260662,0.5327084056195309
56,0,1,0,0.25,0.5,0.44034490900044615,0.5327084056195309
61,0,1,0,0.2,0.6,0.4450785519300114,0.5327084056195309
65,0,1,0,0.25,0.5,0.47081870646800317,0.5327084056195309
66,0,1,0,0.0,1.0,0.4586402070851513,0.5327084056195309
68,0,1,0,0.0,1.0,0.4715189016950437,0.5327084056195309
69,0,1,0,0.0,1.0,0.4796907144918825,0.5327084056195309
74,0,1,0,0.0,1.0,0.47972104172650526,0.5327084056195309
78,0,1,0,0.0,1.0,0.48501396312960876,0.5327084056195309
85,0,1,0,0.25,0.5,0.459325176616597,0.5327084056195309
87,0,1,0,0.0,1.0,0.4788030063323029,0.5327084056195309
93,0,1,0,0.0,1.0,0.4758061634591786,0.5327084056195309
94,0,1,0,0.25,0.5,0.47240466858396235,0.5327084056195309
95,0,1,0,0.25,0.5,0.49554197871758476,0.5327084056195309
96,0,1,0,0.0,1.0,0.48872737310342973,0.5327084056195309
120,0,1,0,0.0,1.0,0.48341609048809947,0.5327084056195309
124,0,1,0,0.0,1.0,0.4813339492109903,0.5327084056195309
131,0,1,0,0.0,1.0,0.48026447662122396,0.5327084056195309
141,0,1,0,0.0,1.0,0.5275852230143879,0.5327084056195309
142,0,1,0,0.0,1.0,0.5066856089473888,0.5327084056195309
143,0,1,1,0.5555555555555556,0.1111111111111111,0.5198896220585008,0.5327084056195309
146,0,1,1,0.8888888888888888,0.7777777777777777,0.5230069428961593,0.5327084056195309
148,0,1,0,0.1111111111111111,0.7777777777777778,0.45087471041088145,0.5327084056195309
149,0,1,0,0.3333333333333333,0.3333333333333333,0.5109264496247403,0.5327084056195309
150,0,1,0,0.0,1.0,0.5367190717776424,0.5327084056195309
152,0,1,0,0.0,1.0,0.4920305144941552,0.5327084056195309
155,0,1,0,0.25,0.5,0.5292307056750285,0.5327084056195309
156,0,1,0,0.25,0.5,0.505494176419478,0.5327084056195309
159,0,1,0,0.0,1.0,0.5052753423177226,0.5327084056195309
163,0,1,0,0.25,0.5,0.5049357298816599,0.5327084056195309
166,0,1,0,0.25,0.5,0.51152256102171,0.5327084056195309
168,0,1,0,0.25,0.5,0.5432089889230179,0.5327084056195309
182,0,1,0,0.0,1.0,0.49556394524566993,0.5327084056195309
187,0,1,0,0.0,1.0,0.4453107409871544,0.5327084056195309
189,0,1,1,0.5,0.0,0.5817999989085993,0.5327084056195309
190,0,1,0,0.25,0.5,0.5662908549169413,0.5327084056195309
196,0,1,1,0.5,0.0,0.5290874579520373,0.5327084056195309
200,0,1,0,0.2,0.6,0.5120476160695451,0.5327084056195309
204,0,1,0,0.4,0.1999999999999999,0.49442877182413314,0.5327084056195309
208,0,1,0,0.0,1.0,0.526416820732224,0.5327084056195309
209,0,1,0,0.2,0.6,0.5771184344523415,0.5327084056195309
211,0,1,1,0.6,0.1999999999999999,0.516791700227169,0.5327084056195309
212,0,1,0,0.2,0.6,0.5688954346723868,0.5327084056195309
215,0,1,0,0.2,0.6,0.44496697515237366,0.5327084056195309
221,0,1,1,0.8,0.6000000000000001,0.4931860975345904,0.5327084056195309
224,0,1,0,0.4,0.1999999999999999,0.48172812159086137,0.5327084056195309
226,0,1,0,0.0,1.0,0.46153571655948067,0.5327084056195309
243,0,1,0,0.0,1.0,0.5351862497103937,0.5327084056195309
247,0,1,0,0.2,0.6,0.43400292716266325,0.5327084056195309
249,0,1,1,0.6,0.1999999999999999,0.44716483117538786,0.5327084056195309
250,0,1,0,0.4,0.1999999999999999,0.43711080322216583,0.5327084056195309
267,0,1,0,0.0,1.0,0.48482337448127066,0.5327084056195309
279,0,1,0,0.2,0.6,0.5026292008576674,0.5327084056195309
281,0,1,0,0.0,1.0,0.46247178061561717,0.5327084056195309
288,0,1,1,0.75,0.5,0.4882591145934954,0.5327084056195309
291,0,1,0,0.0,1.0,0.47313579025936936,0.5327084056195309
308,0,1,0,0.4,0.1999999999999999,0.5502312614163721,0.5327084056195309
317,0,1,0,0.4,0.1999999999999999,0.4864997195903041,0.5327084056195309
326,0,1,0,0.0,1.0,0.504333639119127,0.5327084056195309
328,0,1,1,0.6,0.1999999999999999,0.5094324977189888,0.5327084056195309
331,0,1,0,0.0,1.0,0.5055735614836147,0.5327084056195309
332,0,1,0,0.0,1.0,0.49051665338196637,0.5327084056195309
333,0,1,0,0.0,1.0,0.49887666848075973,0.5327084056195309
335,0,1,1,0.5,0.0,0.5220275404062354,0.5327084056195309
336,0,1,0,0.4,0.1999999999999999,0.4837445323325756,0.5327084056195309
346,0,1,1,0.6,0.1999999999999999,0.45916934023890643,0.5327084056195309
355,0,1,0,0.25,0.5,0.49465707860103864,0.5327084056195309
359,0,1,0,0.25,0.5,0.5112389958249515,0.5327084056195309
360,0,1,0,0.25,0.5,0.5040611679985533,0.5327084056195309
381,0,1,1,0.75,0.5,0.4394424837997263,0.5327084056195309
388,0,1,1,0.5,0.0,0.5250822401904043,0.5327084056195309
397,0,1,1,0.75,0.5,0.49559893680861605,0.5327084056195309
398,0,1,0,0.25,0.5,0.5137251142682843,0.5327084056195309
405,0,1,0,0.0,1.0,0.5145331485445989,0.5327084056195309
411,0,1,0,0.2,0.6,0.4993824200869583,0.5327084056195309
414,0,1,1,0.6,0.1999999999999999,0.5273658953013038,0.5327084056195309
416,0,1,0,0.0,1.0,0.5161270023536277,0.5327084056195309
425,0,1,0,0.0,1.0,0.49315766213749823,0.5327084056195309
435,0,1,0,0.4,0.1999999999999999,0.5026243467291214,0.5327084056195309
437,0,1,1,0.6,0.1999999999999999,0.518513220550123,0.5327084056195309
441,0,1,0,0.2,0.6,0.509509585444217,0.5327084056195309
442,0,1,1,0.8,0.6000000000000001,0.49462070804692554,0.5327084056195309
449,0,1,0,0.4,0.1999999999999999,0.5020271346311268,0.5327084056195309
452,0,1,0,0.25,0.5,0.5205688702156293,0.5327084056195309
469,0,1,1,0.75,0.5,0.523087231174012,0.5327084056195309
481,0,1,0,0.0,1.0,0.52313446245455,0.5327084056195309
482,0,1,0,0.0,1.0,0.5110931628731248,0.5327084056195309
485,0,1,1,0.5,0.0,0.5149978560001771,0.5327084056195309
486,0,1,0,0.25,0.5,0.5354347756827339,0.5327084056195309
496,0,1,1,0.75,0.5,0.5136259950036806,0.5327084056195309
498,0,1,0,0.0,1.0,0.5133591629982432,0.5327084056195309
503,0,1,0,0.0,1.0,0.5179217244191697,0.5327084056195309
509,0,1,0,0.25,0.5,0.5211859552076357,0.5327084056195309
512,0,1,1,1.0,1.0,0.5245176337202644,0.5327084056195309
519,0,1,0,0.0,1.0,0.5138287493337999,0.5327084056195309
523,0,1,0,0.25,0.5,0.5049989337429726,0.5327084056195309
524,0,1,0,0.0,1.0,0.5164399033945971,0.5327084056195309
527,0,1,0,0.25,0.5,0.5050811932235381,0.5327084056195309
529,0,1,1,0.5,0.0,0.5075738721569171,0.5327084056195309
530,0,1,1,0.5,0.0,0.5097858010938974,0.5327084056195309
533,0,1,0,0.0,1.0,0.5203180033023482,0.5327084056195309
535,0,1,0,0.25,0.5,0.5785884079882996,0.5327084056195309
548,0,1,1,0.5,0.0,0.5268211037785783,0.5327084056195309
561,0,1,1,0.5,0.0,0.5218318049591726,0.5327084056195309
567,0,1,0,0.3333333333333333,0.3333333333333333,0.48775664881221736,0.5327084056195309
575,0,1,1,0.5,0.0,0.523411156578107,0.5327084056195309
579,0,1,0,0.3333333333333333,0.3333333333333333,0.521944725127489,0.5327084056195309
589,0,1,0,0.3333333333333333,0.3333333333333333,0.5800113488467991,0.5327084056195309
595,0,1,1,0.8333333333333334,0.6666666666666667,0.5276716502677493,0.5327084056195309
604,0,1,1,0.75,0.5,0.5119389570488485,0.5327084056195309
605,0,1,1,0.5,0.0,0.5187335395065227,0.5327084056195309
609,0,1,0,0.25,0.5,0.5310800104193673,0.5327084056195309
612,0,1,0,0.0,1.0,0.47923531610398,0.5327084056195309
615,0,1,1,0.75,0.5,0.5333043994792233,0.5327084056195309
622,0,1,1,0.75,0.5,0.5190601366411587,0.5327084056195309
623,0,1,1,0.5,0.0,0.5308658772245627,0.5327084056195309
624,0,1,0,0.25,0.5,0.5283898036844346,0.5327084056195309
629,0,1,1,0.5,0.0,0.5039655398320151,0.5327084056195309
630,0,1,1,0.5,0.0,0.4869269960308733,0.5327084056195309
632,0,1,1,0.5,0.0,0.5222174249562538,0.5327084056195309
634,0,1,0,0.25,0.5,0.5278041153951123,0.5327084056195309
636,0,1,0,0.0,1.0,0.49727971309260205,0.5327084056195309
638,0,1,0,0.25,0.5,0.5359738554465474,0.5327084056195309
642,0,1,1,0.75,0.5,0.514958699023229,0.5327084056195309
658,0,1,0,0.1666666666666666,0.6666666666666667,0.5189306058347496,0.5327084056195309
660,0,1,0,0.1666666666666666,0.6666666666666667,0.49981238759393315,0.5327084056195309
667,0,1,0,0.3333333333333333,0.3333333333333333,0.5148419844285881,0.5327084056195309
676,0,1,0,0.1666666666666666,0.6666666666666667,0.5110846468902238,0.5327084056195309
681,0,1,0,0.1666666666666666,0.6666666666666667,0.4951465098041554,0.5327084056195309
683,0,1,1,0.8333333333333334,0.6666666666666667,0.4909231987106871,0.5327084056195309
693,0,1,1,0.5,0.0,0.5178947345003664,0.5327084056195309
707,0,1,1,0.5,0.0,0.4947270959463544,0.5327084056195309
730,0,1,0,0.3333333333333333,0.3333333333333333,0.43505124769153986,0.5327084056195309
731,0,1,0,0.0,1.0,0.47550928319336316,0.5327084056195309
733,0,1,0,0.1666666666666666,0.6666666666666667,0.48494279456895656,0.5327084056195309
737,0,1,0,0.1666666666666666,0.6666666666666667,0.43435582562984715,0.5327084056195309
738,0,1,0,0.3333333333333333,0.3333333333333333,0.4867467269678564,0.5327084056195309
741,0,1,0,0.2,0.6,0.4540880876754743,0.5327084056195309
15,0,2,0,0.4,0.1999999999999999,0.4183704956023255,0.4960221421018768
18,0,2,1,0.6,0.1999999999999999,0.6109238670202392,0.4960221421018768
21,0,2,0,0.2,0.6,0.5747898433737462,0.4960221421018768
24,0,2,0,0.0,1.0,0.3743242319046606,0.4960221421018768
25,0,2,0,0.2,0.6,0.4261010355988235,0.4960221421018768
27,0,2,0,0.2,0.6,0.42059005585397774,0.4960221421018768
31,0,2,0,0.1666666666666666,0.6666666666666667,0.5089454302186022,0.4960221421018768
45,0,2,0,0.0,1.0,0.42781769359634314,0.4960221421018768
47,0,2,0,0.25,0.5,0.3927759925747105,0.4960221421018768
52,0,2,0,0.25,0.5,0.48140658926155594,0.4960221421018768
53,0,2,0,0.1666666666666666,0.6666666666666667,0.43619044359490944,0.4960221421018768
58,0,2,0,0.25,0.5,0.41802695996390155,0.4960221421018768
72,0,2,0,0.25,0.5,0.400600778643435,0.4960221421018768
80,0,2,0,0.0,1.0,0.4935741085308776,0.4960221421018768
81,0,2,0,0.0,1.0,0.46001170885660425,0.4960221421018768
84,0,2,0,0.3333333333333333,0.3333333333333333,0.6144079415394488,0.4960221421018768
91,0,2,0,0.25,0.5,0.4311080284437892,0.4960221421018768
92,0,2,0,0.0,1.0,0.5081742372206435,0.4960221421018768
101,0,2,0,0.3333333333333333,0.3333333333333333,0.3610912623269293,0.4960221421018768
102,0,2,0,0.0,1.0,0.4316266331798256,0.4960221421018768
118,0,2,0,0.0,1.0,0.546683550638124,0.4960221421018768
121,0,2,0,0.1111111111111111,0.7777777777777778,0.4980357571865103,0.4960221421018768
125,0,2,0,0.125,0.75,0.4802226561989787,0.4960221421018768
126,0,2,0,0.2222222222222222,0.5555555555555556,0.4874099715129437,0.4960221421018768
128,0,2,0,0.1111111111111111,0.7777777777777778,0.4732972694536378,0.4960221421018768
130,0,2,0,0.1111111111111111,0.7777777777777778,0.4327914855602074,0.4960221421018768
140,0,2,0,0.2222222222222222,0.5555555555555556,0.48369322749987614,0.4960221421018768
145,0,2,0,0.4444444444444444,0.1111111111111111,0.5596674415151469,0.4960221421018768
154,0,2,0,0.25,0.5,0.49409758572069035,0.4960221421018768
157,0,2,0,0.25,0.5,0.4373598147209296,0.4960221421018768
167,0,2,0,0.0,1.0,0.5078907090514089,0.4960221421018768
172,0,2,0,0.0,1.0,0.6529232737396622,0.4960221421018768
173,0,2,0,0.25,0.5,0.4801546423850784,0.4960221421018768
176,0,2,0,0.0,1.0,0.47435762376539936,0.4960221421018768
194,0,2,0,0.0,1.0,0.4677703593288881,0.4960221421018768
197,0,2,0,0.0,1.0,0.5335558159088003,0.4960221421018768
201,0,2,0,0.25,0.5,0.508618311759318,0.4960221421018768
217,0,2,0,0.0,1.0,0.4117474545457779,0.4960221421018768
219,0,2,0,0.0,1.0,0.4215588243985745,0.4960221421018768
229,0,2,0,0.0,1.0,0.5385436803118455,0.4960221421018768
234,0,2,0,0.25,0.5,0.4625887149508494,0.4960221421018768
235,0,2,0,0.0,1.0,0.4059936521290844,0.4960221421018768
237,0,2,0,0.4,0.1999999999999999,0.3937599993434632,0.4960221421018768
239,0,2,1,0.6,0.1999999999999999,0.47711707975301876,0.4960221421018768
244,0,2,1,0.6,0.1999999999999999,0.44727383432527684,0.4960221421018768
246,0,2,0,0.4,0.1999999999999999,0.38246552520552074,0.4960221421018768
252,0,2,0,0.0,1.0,0.4132125179126354,0.4960221421018768
255,0,2,0,0.25,0.5,0.3821497235622395,0.4960221421018768
265,0,2,1,0.5,0.0,0.4249238087175627,0.4960221421018768
266,0,2,0,0.25,0.5,0.443458812244625,0.4960221421018768
268,0,2,1,0.5,0.0,0.42325875750928715,0.4960221421018768
270,0,2,0,0.0,1.0,0.4758089208637248,0.4960221421018768
273,0,2,1,0.5,0.0,0.5364873368507623,0.4960221421018768
277,0,2,1,0.5,0.0,0.523028019347549,0.4960221421018768
280,0,2,0,0.25,0.5,0.5445907886235385,0.4960221421018768
286,0,2,0,0.2,0.6,0.5122480601738315,0.4960221421018768
289,0,2,1,0.5,0.0,0.48350713317315075,0.4960221421018768
304,0,2,1,0.8,0.6000000000000001,0.47255044003223445,0.4960221421018768
312,0,2,0,0.0,1.0,0.5400149433961712,0.4960221421018768
318,0,2,0,0.4,0.1999999999999999,0.5325030298384127,0.4960221421018768
321,0,2,1,0.6,0.1999999999999999,0.49958620323500735,0.4960221421018768
323,0,2,0,0.0,1.0,0.5295156000686926,0.4960221421018768
324,0,2,0,0.2,0.6,0.5125667304275571,0.4960221421018768
334,0,2,0,0.4,0.1999999999999999,0.4957710031604295,0.4960221421018768
340,0,2,1,0.6,0.1999999999999999,0.562684259525604,0.4960221421018768
344,0,2,0,0.2,0.6,0.44620148155227984,0.4960221421018768
348,0,2,0,0.4,0.1999999999999999,0.5443864847824412,0.4960221421018768
352,0,2,0,0.25,0.5,0.5175365167548895,0.4960221421018768
353,0,2,0,0.0,1.0,0.4453178739519011,0.4960221421018768
354,0,2,0,0.25,0.5,0.4093867519975472,0.4960221421018768
357,0,2,1,0.5,0.0,0.5316941644802556,0.4960221421018768
358,0,2,0,0.25,0.5,0.4352176403430558,0.4960221421018768
362,0,2,1,0.75,0.5,0.41356746417562357,0.4960221421018768
364,0,2,1,0.5,0.0,0.4587347129800581,0.4960221421018768
399,0,2,0,0.25,0.5,0.46502526026900337,0.4960221421018768
404,0,2,1,0.6,0.1999999999999999,0.561726720936957,0.4960221421018768
408,0,2,0,0.4,0.1999999999999999,0.45974782530166763,0.4960221421018768
409,0,2,0,0.4,0.1999999999999999,0.49224479194289894,0.4960221421018768
412,0,2,1,1.0,1.0,0.5928266772856429,0.4960221421018768
417,0,2,0,0.2,0.6,0.5477288198247472,0.4960221421018768
420,0,2,0,0.0,1.0,0.5092092093398424,0.4960221421018768
426,0,2,1,0.8,0.6000000000000001,0.5581907392222841,0.4960221421018768
431,0,2,0,0.4,0.1999999999999999,0.5563382338093327,0.4960221421018768
443,0,2,0,0.0,1.0,0.543719251308352,0.4960221421018768
446,0,2,0,0.2,0.6,0.5426104374893908,0.4960221421018768
448,0,2,0,0.0,1.0,0.48407422745313455,0.4960221421018768
451,0,2,0,0.25,0.5,0.45793961164637115,0.4960221421018768
453,0,2,0,0.25,0.5,0.5265386844490193,0.4960221421018768
458,0,2,0,0.0,1.0,0.5435739267779851,0.4960221421018768
460,0,2,0,0.0,1.0,0.47338666532028684,0.4960221421018768
461,0,2,1,0.5,0.0,0.5269524510327824,0.4960221421018768
471,0,2,0,0.0,1.0,0.4413156525169342,0.4960221421018768
477,0,2,0,0.0,1.0,0.548599411660662,0.4960221421018768
479,0,2,0,0.0,1.0,0.5301058488699757,0.4960221421018768
488,0,2,1,0.5,0.0,0.41434310998494905,0.4960221421018768
489,0,2,0,0.0,1.0,0.5245248223409077,0.4960221421018768
504,0,2,1,0.75,0.5,0.5573858959876811,0.4960221421018768
505,0,2,1,0.5,0.0,0.5186633830539767,0.4960221421018768
506,0,2,1,0.75,0.5,0.5361565725703498,0.4960221421018768
508,0,2,1,0.75,0.5,0.5441858199690165,0.4960221421018768
511,0,2,1,0.5,0.0,0.5176138329859054,0.4960221421018768
517,0,2,0,0.25,0.5,0.5643710270144726,0.4960221421018768
520,0,2,1,0.5,0.0,0.5822388797500333,0.4960221421018768
526,0,2,0,0.0,1.0,0.571328590705743,0.4960221421018768
541,0,2,1,0.5,0.0,0.5444068255275476,0.4960221421018768
544,0,2,1,0.5,0.0,0.5364794102059379,0.4960221421018768
545,0,2,0,0.25,0.5,0.5584551587226819,0.4960221421018768
550,0,2,0,0.0,1.0,0.4939159875873883,0.4960221421018768
552,0,2,1,0.6666666666666666,0.3333333333333332,0.539079749615771,0.4960221421018768
555,0,2,0,0.3333333333333333,0.3333333333333333,0.4911425495379732,0.4960221421018768
556,0,2,0,0.1666666666666666,0.6666666666666667,0.5635833372040503,0.4960221421018768
559,0,2,1,0.6666666666666666,0.3333333333333332,0.5531912770797539,0.4960221421018768
563,0,2,0,0.0,1.0,0.5037322254275312,0.4960221421018768
564,0,2,1,0.5,0.0,0.5833163060960187,0.4960221421018768
571,0,2,1,0.5,0.0,0.4842405300029944,0.4960221421018768
582,0,2,1,0.5,0.0,0.5623680490409632,0.4960221421018768
602,0,2,0,0.25,0.5,0.5411761783627369,0.4960221421018768
606,0,2,0,0.25,0.5,0.4940582366145888,0.4960221421018768
607,0,2,0,0.0,1.0,0.5564414123488232,0.4960221421018768
614,0,2,1,0.75,0.5,0.5195613717343738,0.4960221421018768
617,0,2,1,0.5,0.0,0.5497429775494571,0.4960221421018768
620,0,2,1,0.75,0.5,0.5269872880625676,0.4960221421018768
626,0,2,1,0.5,0.0,0.5497575649778297,0.4960221421018768
641,0,2,0,0.0,1.0,0.47663069856550033,0.4960221421018768
652,0,2,0,0.0,1.0,0.5864815816459433,0.4960221421018768
661,0,2,1,0.8333333333333334,0.6666666666666667,0.5155252712145802,0.4960221421018768
669,0,2,0,0.3333333333333333,0.3333333333333333,0.55095670595206,0.4960221421018768
671,0,2,0,0.3333333333333333,0.3333333333333333,0.5351341661083502,0.4960221421018768
673,0,2,0,0.3333333333333333,0.3333333333333333,0.552593113804153,0.4960221421018768
675,0,2,0,0.3333333333333333,0.3333333333333333,0.5219300889956362,0.4960221421018768
682,0,2,0,0.1666666666666666,0.6666666666666667,0.5757423093924245,0.4960221421018768
685,0,2,0,0.0,1.0,0.5099215447576549,0.4960221421018768
686,0,2,0,0.0,1.0,0.5512265027002811,0.4960221421018768
691,0,2,0,0.1666666666666666,0.6666666666666667,0.521503767078395,0.4960221421018768
692,0,2,0,0.0,1.0,0.6483766118687201,0.4960221421018768
698,0,2,1,0.5,0.0,0.46936166050822214,0.4960221421018768
704,0,2,0,0.3333333333333333,0.3333333333333333,0.4699044381359232,0.4960221421018768
705,0,2,1,0.5,0.0,0.4808880768625294,0.4960221421018768
709,0,2,0,0.3333333333333333,0.3333333333333333,0.49556953956721683,0.4960221421018768
710,0,2,0,0.0,1.0,0.49081285274908415,0.4960221421018768
717,0,2,1,0.5,0.0,0.4367501407642982,0.4960221421018768
721,0,2,0,0.3333333333333333,0.3333333333333333,0.6001682064195976,0.4960221421018768
723,0,2,0,0.1666666666666666,0.6666666666666667,0.47330627267420067,0.4960221421018768
727,0,2,0,0.4,0.1999999999999999,0.4821780682074173,0.4960221421018768
728,0,2,0,0.2,0.6,0.5263854817994904,0.4960221421018768
729,0,2,0,0.4,0.1999999999999999,0.42652360269112144,0.4960221421018768
736,0,2,0,0.0,1.0,0.5268359147251763,0.4960221421018768
1,0,3,0,0.3333333333333333,0.3333333333333333,0.3452507616580676,0.46537698906542413
3,0,3,0,0.0,1.0,0.4488222539078486,0.46537698906542413
9,0,3,0,0.0,1.0,0.46305415431052016,0.46537698906542413
12,0,3,0,0.4,0.1999999999999999,0.5252551970589042,0.46537698906542413
13,0,3,0,0.2,0.6,0.5287048049013406,0.46537698906542413
17,0,3,0,0.4,0.1999999999999999,0.3993833614874285,0.46537698906542413
35,0,3,1,0.5,0.0,0.5229239214673607,0.46537698906542413
37,0,3,0,0.2,0.6,0.513963084588015,0.46537698906542413
42,0,3,0,0.0,1.0,0.34580750428927315,0.46537698906542413
43,0,3,0,0.2,0.6,0.375115841327245,0.46537698906542413
48,0,3,1,0.6,0.1999999999999999,0.4711991748804989,0.46537698906542413
54,0,3,0,0.25,0.5,0.3602045748973639,0.46537698906542413
76,0,3,0,0.25,0.5,0.487747737601863,0.46537698906542413
79,0,3,0,0.25,0.5,0.36616777730528044,0.46537698906542413
86,0,3,0,0.0,1.0,0.6024776937844575,0.46537698906542413
90,0,3,1,0.5,0.0,0.4555138073846293,0.46537698906542413
97,0,3,0,0.25,0.5,0.4048152800484334,0.46537698906542413
100,0,3,0,0.25,0.5,0.35891028757732835,0.46537698906542413
103,0,3,0,0.1111111111111111,0.7777777777777778,0.40290149477488174,0.46537698906542413
108,0,3,0,0.25,0.5,0.38382543977531264,0.46537698906542413
115,0,3,0,0.0,1.0,0.42081663313707524,0.46537698906542413
119,0,3,0,0.1111111111111111,0.7777777777777778,0.41510219529629555,0.46537698906542413
123,0,3,0,0.0,1.0,0.41657325563973496,0.46537698906542413
129,0,3,0,0.2,0.6,0.40889983108042066,0.46537698906542413
132,0,3,0,0.2222222222222222,0.5555555555555556,0.3836572128323166,0.46537698906542413
133,0,3,1,0.8888888888888888,0.7777777777777777,0.6429204738142535,0.46537698906542413
138,0,3,1,0.5555555555555556,0.1111111111111111,0.5316727466860234,0.46537698906542413
144,0,3,0,0.0,1.0,0.6522765666802439,0.46537698906542413
158,0,3,0,0.0,1.0,0.5070026238749266,0.46537698906542413
179,0,3,0,0.25,0.5,0.5039789656427826,0.46537698906542413
180,0,3,0,0.0,1.0,0.4592523402858858,0.46537698906542413
184,0,3,0,0.0,1.0,0.436702588479052,0.46537698906542413
185,0,3,0,0.25,0.5,0.6855242011798057,0.46537698906542413
188,0,3,0,0.0,1.0,0.39243245865813803,0.46537698906542413
195,0,3,0,0.0,1.0,0.47163880719771306,0.46537698906542413
198,0,3,0,0.0,1.0,0.5108610359190456,0.46537698906542413
203,0,3,0,0.2,0.6,0.5625891513801993,0.46537698906542413
205,0,3,0,0.2,0.6,0.6126937003244268,0.46537698906542413
213,0,3,0,0.4,0.1999999999999999,0.49309739762960214,0.46537698906542413
216,0,3,0,0.0,1.0,0.5018971068619051,0.46537698906542413
220,0,3,0,0.4,0.1999999999999999,0.5605861568395188,0.46537698906542413
222,0,3,0,0.2,0.6,0.385622550030928,0.46537698906542413
225,0,3,0,0.2,0.6,0.349761378487475,0.46537698906542413
228,0,3,0,0.2,0.6,0.36889240891611147,0.46537698906542413
236,0,3,0,0.0,1.0,0.3375148015844923,0.46537698906542413
238,0,3,0,0.25,0.5,0.40055976805316523,0.46537698906542413
242,0,3,1,0.6,0.1999999999999999,0.36432627100909154,0.46537698906542413
251,0,3,0,0.25,0.5,0.4948795070981231,0.46537698906542413
257,0,3,0,0.25,0.5,0.49622725411239,0.46537698906542413
258,0,3,0,0.0,1.0,0.42223154631613435,0.46537698906542413
269,0,3,1,0.5,0.0,0.36468318354553486,0.46537698906542413
272,0,3,1,0.5,0.0,0.46145794022398623,0.46537698906542413
278,0,3,0,0.25,0.5,0.42820757010832916,0.46537698906542413
283,0,3,0,0.25,0.5,0.3494052345601394,0.46537698906542413
290,0,3,0,0.0,1.0,0.40266731017336077,0.46537698906542413
293,0,3,1,0.5,0.0,0.3688995947647724,0.46537698906542413
296,0,3,0,0.0,1.0,0.33489407347426026,0.46537698906542413
297,0,3,0,0.0,1.0,0.42072621704752877,0.46537698906542413
302,0,3,0,0.0,1.0,0.39951052333560144,0.46537698906542413
303,0,3,0,0.0,1.0,0.5586335294347233,0.46537698906542413
306,0,3,0,0.0,1.0,0.43087847627239206,0.46537698906542413
311,0,3,0,0.4,0.1999999999999999,0.6157655986183417,0.46537698906542413
313,0,3,0,0.0,1.0,0.5141474546224332,0.46537698906542413
320,0,3,0,0.0,1.0,0.43692425253383055,0.46537698906542413
343,0,3,1,0.8,0.6000000000000001,0.35502254297651575,0.46537698906542413
351,0,3,0,0.0,1.0,0.5075078896465469,0.46537698906542413
356,0,3,0,0.25,0.5,0.5235566093467705,0.46537698906542413
361,0,3,0,0.0,1.0,0.4141855890157524,0.46537698906542413
366,0,3,0,0.0,1.0,0.5794432649572151,0.46537698906542413
367,0,3,0,0.25,0.5,0.3596892043365804,0.46537698906542413
369,0,3,0,0.0,1.0,0.4587465733671846,0.46537698906542413
370,0,3,0,0.0,1.0,0.4936520273800633,0.46537698906542413
373,0,3,0,0.0,1.0,0.41690315687128876,0.46537698906542413
378,0,3,1,0.5,0.0,0.3454462036016837,0.46537698906542413
380,0,3,1,0.75,0.5,0.379844994016114,0.46537698906542413
385,0,3,1,0.5,0.0,0.3311025844559364,0.46537698906542413
387,0,3,0,0.0,1.0,0.5256210269855818,0.46537698906542413
389,0,3,0,0.25,0.5,0.410382428658956,0.46537698906542413
392,0,3,1,0.5,0.0,0.48589577679635537,0.46537698906542413
396,0,3,1,0.75,0.5,0.5892425647005904,0.46537698906542413
400,0,3,1,0.5,0.0,0.5632307478426419,0.46537698906542413
402,0,3,1,0.6,0.1999999999999999,0.6251669804525947,0.46537698906542413
403,0,3,0,0.0,1.0,0.5278006528757548,0.46537698906542413
406,0,3,1,0.6,0.1999999999999999,0.4952646653740492,0.46537698906542413
410,0,3,1,0.6,0.1999999999999999,0.485292940291658,0.46537698906542413
415,0,3,0,0.0,1.0,0.5287401979741918,0.46537698906542413
422,0,3,1,0.6,0.1999999999999999,0.4868934258311476,0.46537698906542413
423,0,3,0,0.0,1.0,0.5570956360932316,0.46537698906542413
428,0,3,1,0.6,0.1999999999999999,0.5380845078102214,0.46537698906542413
429,0,3,0,0.0,1.0,0.6270168440703778,0.46537698906542413
433,0,3,0,0.0,1.0,0.6971701864672993,0.46537698906542413
440,0,3,0,0.0,1.0,0.7075068051175935,0.46537698906542413
444,0,3,0,0.2,0.6,0.5685696039453142,0.46537698906542413
445,0,3,0,0.0,1.0,0.6011935895301136,0.46537698906542413
447,0,3,0,0.0,1.0,0.5650656287512316,0.46537698906542413
455,0,3,0,0.0,1.0,0.5238123973598147,0.46537698906542413
470,0,3,0,0.0,1.0,0.5378744982799624,0.46537698906542413
472,0,3,0,0.25,0.5,0.4984597005515076,0.46537698906542413
473,0,3,0,0.25,0.5,0.47544914987260306,0.46537698906542413
474,0,3,0,0.0,1.0,0.6226791589844002,0.46537698906542413
475,0,3,0,0.25,0.5,0.5918049111548666,0.46537698906542413
478,0,3,0,0.0,1.0,0.5136800217677182,0.46537698906542413
484,0,3,0,0.25,0.5,0.45051474365639266,0.46537698906542413
493,0,3,0,0.0,1.0,0.4513728086494362,0.46537698906542413
500,0,3,0,0.25,0.5,0.5030892187403675,0.46537698906542413
501,0,3,0,0.25,0.5,0.5996179399427988,0.46537698906542413
502,0,3,1,0.75,0.5,0.49729694454907536,0.46537698906542413
516,0,3,0,0.0,1.0,0.5208217552842321,0.46537698906542413
525,0,3,0,0.2,0.6,0.4851551865298074,0.46537698906542413
531,0,3,1,0.75,0.5,0.4865587620112036,0.46537698906542413
536,0,3,0,0.3333333333333333,0.3333333333333333,0.5525368775324594,0.46537698906542413
538,0,3,0,0.0,1.0,0.5039448921420613,0.46537698906542413
543,0,3,1,0.5,0.0,0.46875314416729946,0.46537698906542413
547,0,3,1,0.5,0.0,0.5594895399225529,0.46537698906542413
560,0,3,0,0.1666666666666666,0.6666666666666667,0.6105840447179653,0.46537698906542413
576,0,3,1,0.5,0.0,0.5080083083211993,0.46537698906542413
581,0,3,0,0.3333333333333333,0.3333333333333333,0.5517631176307073,0.46537698906542413
591,0,3,1,0.5,0.0,0.575184080459781,0.46537698906542413
592,0,3,1,0.6,0.1999999999999999,0.46851736479862877,0.46537698906542413
597,0,3,0,0.0,1.0,0.5251618669499698,0.46537698906542413
598,0,3,0,0.3333333333333333,0.3333333333333333,0.6084484486312909,0.46537698906542413
600,0,3,0,0.1666666666666666,0.6666666666666667,0.534964113821679,0.46537698906542413
611,0,3,1,0.75,0.5,0.4844684704365567,0.46537698906542413
627,0,3,1,0.75,0.5,0.6308518610135715,0.46537698906542413
631,0,3,0,0.0,1.0,0.5054235564327098,0.46537698906542413
637,0,3,1,0.5,0.0,0.5192284994069883,0.46537698906542413
639,0,3,0,0.0,1.0,0.6008270464757285,0.46537698906542413
640,0,3,1,0.75,0.5,0.4910194717429809,0.46537698906542413
643,0,3,1,0.5,0.0,0.4369103135492332,0.46537698906542413
647,0,3,1,0.5,0.0,0.5634615499486438,0.46537698906542413
651,0,3,0,0.3333333333333333,0.3333333333333333,0.4824588420094465,0.46537698906542413
654,0,3,0,0.1666666666666666,0.6666666666666667,0.4664466147044506,0.46537698906542413
659,0,3,1,0.6666666666666666,0.3333333333333332,0.494870496878159,0.46537698906542413
665,0,3,0,0.1666666666666666,0.6666666666666667,0.47143025722144366,0.46537698906542413
672,0,3,0,0.0,1.0,0.5602799744886474,0.46537698906542413
677,0,3,1,0.6666666666666666,0.3333333333333332,0.4832385303249686,0.46537698906542413
680,0,3,0,0.0,1.0,0.5421006010069931,0.46537698906542413
687,0,3,0,0.3333333333333333,0.3333333333333333,0.5470686294215487,0.46537698906542413
696,0,3,0,0.1666666666666666,0.6666666666666667,0.5470301498401949,0.46537698906542413
697,0,3,1,0.5,0.0,0.5008947176809424,0.46537698906542413
711,0,3,1,0.6,0.1999999999999999,0.586364620809045,0.46537698906542413
713,0,3,1,0.6,0.1999999999999999,0.43980392819199643,0.46537698906542413
718,0,3,0,0.1666666666666666,0.6666666666666667,0.4822603212849552,0.46537698906542413
719,0,3,0,0.1666666666666666,0.6666666666666667,0.5641119176542354,0.46537698906542413
725,0,3,0,0.0,1.0,0.4999356664284247,0.46537698906542413
732,0,3,0,0.0,1.0,0.5302443282098825,0.46537698906542413
742,0,3,1,0.5,0.0,0.36321190014201044,0.46537698906542413
8,0,4,0,0.0,1.0,0.5016847036641277,0.4776540390419558
10,0,4,0,0.0,1.0,0.34872709104123806,0.4776540390419558
11,0,4,1,0.6,0.1999999999999999,0.38212061945868325,0.4776540390419558
20,0,4,0,0.25,0.5,0.3866183003820194,0.4776540390419558
22,0,4,0,0.2,0.6,0.40134715755445083,0.4776540390419558
33,0,4,0,0.4,0.1999999999999999,0.5301406089646667,0.4776540390419558
36,0,4,0,0.2,0.6,0.45569661388853133,0.4776540390419558
41,0,4,0,0.2,0.6,0.3711844539706938,0.4776540390419558
44,0,4,0,0.0,1.0,0.5710192098987601,0.4776540390419558
46,0,4,0,0.4,0.1999999999999999,0.4585895721173738,0.4776540390419558
57,0,4,1,1.0,1.0,0.49539391484329637,0.4776540390419558
60,0,4,0,0.0,1.0,0.4924679677235261,0.4776540390419558
62,0,4,0,0.25,0.5,0.5247546275090467,0.4776540390419558
70,0,4,0,0.0,1.0,0.5360582457238015,0.4776540390419558
71,0,4,0,0.0,1.0,0.5162927110230771,0.4776540390419558
75,0,4,0,0.0,1.0,0.5025528785406836,0.4776540390419558
89,0,4,0,0.25,0.5,0.5040402262524263,0.4776540390419558
99,0,4,0,0.0,1.0,0.5636607124187083,0.4776540390419558
104,0,4,0,0.1111111111111111,0.7777777777777778,0.5307145233927034,0.4776540390419558
105,0,4,0,0.0,1.0,0.38940739172136274,0.4776540390419558
106,0,4,1,1.0,1.0,0.4837391770641059,0.4776540390419558
111,0,4,0,0.1111111111111111,0.7777777777777778,0.3769521109514954,0.4776540390419558
114,0,4,0,0.1111111111111111,0.7777777777777778,0.357843722579052,0.4776540390419558
117,0,4,0,0.25,0.5,0.3475114424621221,0.4776540390419558
135,0,4,0,0.1666666666666666,0.6666666666666667,0.37967959444169425,0.4776540390419558
136,0,4,0,0.3333333333333333,0.3333333333333333,0.44731579919853587,0.4776540390419558
137,0,4,1,0.6666666666666666,0.3333333333333332,0.5734463992184329,0.4776540390419558
147,0,4,0,0.0,1.0,0.5188801880240037,0.4776540390419558
162,0,4,0,0.2,0.6,0.3970966278329434,0.4776540390419558
164,0,4,0,0.0,1.0,0.5339960946841905,0.4776540390419558
165,0,4,0,0.0,1.0,0.45323635189573364,0.4776540390419558
169,0,4,0,0.0,1.0,0.5084620678311497,0.4776540390419558
170,0,4,0,0.1666666666666666,0.6666666666666667,0.4430416792631946,0.4776540390419558
171,0,4,0,0.25,0.5,0.5040130397310912,0.4776540390419558
175,0,4,0,0.0,1.0,0.4651212523077832,0.4776540390419558
178,0,4,0,0.0,1.0,0.38952582646653244,0.4776540390419558
181,0,4,1,0.5,0.0,0.5412446348019245,0.4776540390419558
186,0,4,0,0.0,1.0,0.4747988399236875,0.4776540390419558
191,0,4,0,0.0,1.0,0.5263624191121232,0.4776540390419558
192,0,4,0,0.0,1.0,0.4492447781831533,0.4776540390419558
193,0,4,0,0.25,0.5,0.6571535786656237,0.4776540390419558
207,0,4,0,0.2,0.6,0.49342912251065074,0.4776540390419558
214,0,4,0,0.2,0.6,0.47201176256948446,0.4776540390419558
223,0,4,0,0.2,0.6,0.45571146692147013,0.4776540390419558
227,0,4,1,1.0,1.0,0.4950948991363804,0.4776540390419558
245,0,4,0,0.0,1.0,0.5423783092204826,0.4776540390419558
254,0,4,0,0.25,0.5,0.4503309793916079,0.4776540390419558
260,0,4,0,0.25,0.5,0.4447343504818853,0.4776540390419558
261,0,4,0,0.25,0.5,0.44221837833035216,0.4776540390419558
262,0,4,1,0.5,0.0,0.3851233451944126,0.4776540390419558
263,0,4,0,0.2,0.6,0.45614569039488395,0.4776540390419558
264,0,4,0,0.25,0.5,0.44307127279688413,0.4776540390419558
271,0,4,0,0.0,1.0,0.5279960300111086,0.4776540390419558
276,0,4,0,0.2,0.6,0.5269218985639768,0.4776540390419558
292,0,4,0,0.25,0.5,0.469619644620677,0.4776540390419558
295,0,4,0,0.0,1.0,0.48650641313445664,0.4776540390419558
298,0,4,0,0.25,0.5,0.37901063603693136,0.4776540390419558
299,0,4,1,0.8,0.6000000000000001,0.5545243958860563,0.4776540390419558
314,0,4,0,0.0,1.0,0.47672169702374834,0.4776540390419558
325,0,4,0,0.0,1.0,0.52713332888876,0.4776540390419558
327,0,4,0,0.0,1.0,0.39147254014068555,0.4776540390419558
337,0,4,0,0.0,1.0,0.48931372829618874,0.4776540390419558
341,0,4,1,0.6,0.1999999999999999,0.4815332757997131,0.4776540390419558
347,0,4,0,0.4,0.1999999999999999,0.4279055607151694,0.4776540390419558
349,0,4,0,0.0,1.0,0.512141104182238,0.4776540390419558
350,0,4,0,0.0,1.0,0.4480231513997373,0.4776540390419558
363,0,4,0,0.0,1.0,0.4814410956212542,0.4776540390419558
365,0,4,0,0.25,0.5,0.5158669923456338,0.4776540390419558
368,0,4,1,0.5,0.0,0.5654209089793791,0.4776540390419558
375,0,4,1,0.5,0.0,0.34540283876596667,0.4776540390419558
377,0,4,0,0.25,0.5,0.35770344783334174,0.4776540390419558
379,0,4,1,0.75,0.5,0.439276862301956,0.4776540390419558
382,0,4,1,0.5,0.0,0.42394085593419933,0.4776540390419558
383,0,4,0,0.0,1.0,0.5247538921939152,0.4776540390419558
386,0,4,0,0.25,0.5,0.5186258921830929,0.4776540390419558
390,0,4,1,0.75,0.5,0.4439554849635001,0.4776540390419558
391,0,4,0,0.0,1.0,0.5188204761418014,0.4776540390419558
393,0,4,0,0.25,0.5,0.5954860817060835,0.4776540390419558
395,0,4,1,0.5,0.0,0.6559525713444823,0.4776540390419558
401,0,4,0,0.2,0.6,0.5123693009167474,0.4776540390419558
418,0,4,0,0.0,1.0,0.6423732989084219,0.4776540390419558
419,0,4,0,0.4,0.1999999999999999,0.5602585212216405,0.4776540390419558
424,0,4,1,0.6,0.1999999999999999,0.5147646695746139,0.4776540390419558
427,0,4,1,0.6,0.1999999999999999,0.502674123457666,0.4776540390419558
430,0,4,1,0.6,0.1999999999999999,0.6568203097769533,0.4776540390419558
432,0,4,0,0.2,0.6,0.4434388254620951,0.4776540390419558
434,0,4,0,0.0,1.0,0.5881462418631076,0.4776540390419558
439,0,4,0,0.2,0.6,0.4411903290659192,0.4776540390419558
450,0,4,0,0.2,0.6,0.5153352190030384,0.4776540390419558
454,0,4,0,0.0,1.0,0.5517597463679578,0.4776540390419558
462,0,4,1,0.5,0.0,0.4359386368961465,0.4776540390419558
464,0,4,0,0.0,1.0,0.5814499710782441,0.4776540390419558
466,0,4,1,0.5,0.0,0.44097114011849353,0.4776540390419558
467,0,4,1,1.0,1.0,0.5821679111938254,0.4776540390419558
476,0,4,0,0.0,1.0,0.4604816541569138,0.4776540390419558
483,0,4,0,0.25,0.5,0.5197261734432718,0.4776540390419558
494,0,4,1,0.8,0.6000000000000001,0.4012963094501007,0.4776540390419558
507,0,4,1,1.0,1.0,0.5619102177293056,0.4776540390419558
515,0,4,0,0.25,0.5,0.5462689264883442,0.4776540390419558
522,0,4,0,0.25,0.5,0.6015093694426428,0.4776540390419558
532,0,4,0,0.0,1.0,0.5589503822208084,0.4776540390419558
537,0,4,0,0.25,0.5,0.5446153305989824,0.4776540390419558
546,0,4,1,0.5,0.0,0.5159243370713675,0.4776540390419558
551,0,4,1,0.6666666666666666,0.3333333333333332,0.5584392079567164,0.4776540390419558
553,0,4,0,0.0,1.0,0.5712266673890601,0.4776540390419558
558,0,4,1,0.5,0.0,0.5334244380073754,0.4776540390419558
562,0,4,0,0.3333333333333333,0.3333333333333333,0.4964944085833742,0.4776540390419558
568,0,4,1,1.0,1.0,0.5480799250927627,0.4776540390419558
569,0,4,0,0.1666666666666666,0.6666666666666667,0.6003993034658857,0.4776540390419558
570,0,4,1,0.6666666666666666,0.3333333333333332,0.5661904231548944,0.4776540390419558
578,0,4,1,0.5,0.0,0.5403005347699295,0.4776540390419558
580,0,4,0,0.3333333333333333,0.3333333333333333,0.504613273466299,0.4776540390419558
584,0,4,1,0.6666666666666666,0.3333333333333332,0.5361591897500229,0.4776540390419558
585,0,4,1,0.5,0.0,0.475570852788108,0.4776540390419558
593,0,4,1,0.5,0.0,0.5906063565498334,0.4776540390419558
594,0,4,0,0.0,1.0,0.5849607021710309,0.4776540390419558
596,0,4,1,0.5,0.0,0.6030866385904999,0.4776540390419558
599,0,4,0,0.0,1.0,0.4813613983022856,0.4776540390419558
610,0,4,0,0.25,0.5,0.5077197950638581,0.4776540390419558
613,0,4,0,0.0,1.0,0.4391631559663055,0.4776540390419558
616,0,4,1,0.75,0.5,0.4505129396936054,0.4776540390419558
619,0,4,0,0.25,0.5,0.5868281725483921,0.4776540390419558
621,0,4,1,0.5,0.0,0.5705856898297961,0.4776540390419558
625,0,4,0,0.0,1.0,0.49372006981069777,0.4776540390419558
635,0,4,1,0.5,0.0,0.5062101201523869,0.4776540390419558
644,0,4,0,0.25,0.5,0.46902973341666965,0.4776540390419558
646,0,4,0,0.0,1.0,0.5163791807300724,0.4776540390419558
655,0,4,1,0.6666666666666666,0.3333333333333332,0.5025282049123927,0.4776540390419558
656,0,4,1,0.6666666666666666,0.3333333333333332,0.49382805015798287,0.4776540390419558
662,0,4,0,0.0,1.0,0.536554493715687,0.4776540390419558
663,0,4,0,0.3333333333333333,0.3333333333333333,0.502715166501869,0.4776540390419558
668,0,4,0,0.1666666666666666,0.6666666666666667,0.5954113735274852,0.4776540390419558
678,0,4,0,0.3333333333333333,0.3333333333333333,0.5656141416084862,0.4776540390419558
679,0,4,0,0.4,0.1999999999999999,0.6035594543532979,0.4776540390419558
684,0,4,0,0.0,1.0,0.4684764918029233,0.4776540390419558
688,0,4,0,0.1666666666666666,0.6666666666666667,0.560800586661638,0.4776540390419558
700,0,4,1,0.5,0.0,0.44088389098765685,0.4776540390419558
701,0,4,0,0.1666666666666666,0.6666666666666667,0.4918868566379891,0.4776540390419558
702,0,4,0,0.1666666666666666,0.6666666666666667,0.5273095946134484,0.4776540390419558
706,0,4,1,0.6666666666666666,0.3333333333333332,0.5887541174557105,0.4776540390419558
708,0,4,0,0.0,1.0,0.4579669409767026,0.4776540390419558
716,0,4,1,0.6666666666666666,0.3333333333333332,0.4906233035712006,0.4776540390419558
722,0,4,0,0.2,0.6,0.5091919345074607,0.4776540390419558
724,0,4,0,0.2,0.6,0.49504841326918636,0.4776540390419558
726,0,4,0,0.0,1.0,0.458552822112102,0.4776540390419558
734,0,4,0,0.0,1.0,0.5514648196851696,0.4776540390419558
740,0,4,0,0.1666666666666666,0.6666666666666667,0.4637772186284254,0.4776540390419558
5,1,0,0,0.2,0.6,0.5415439360945533,0.49515561497087557
10,1,0,0,0.0,1.0,0.421746707684254,0.49515561497087557
12,1,0,0,0.4,0.1999999999999999,0.5114028670348807,0.49515561497087557
16,1,0,1,0.6,0.1999999999999999,0.5116041300461064,0.49515561497087557
17,1,0,0,0.4,0.1999999999999999,0.45518234967568577,0.49515561497087557
25,1,0,0,0.2,0.6,0.45090199041726986,0.49515561497087557
26,1,0,1,0.8,0.6000000000000001,0.53189693412804,0.49515561497087557
30,1,0,0,0.2,0.6,0.4328378733181533,0.49515561497087557
36,1,0,0,0.2,0.6,0.4655071584715236,0.49515561497087557
37,1,0,0,0.2,0.6,0.5075191657636207,0.49515561497087557
46,1,0,0,0.4,0.1999999999999999,0.4672441082908561,0.49515561497087557
56,1,0,0,0.25,0.5,0.43973213105317477,0.49515561497087557
63,1,0,0,0.0,1.0,0.4555007571629766,0.49515561497087557
66,1,0,0,0.0,1.0,0.46718485498876994,0.49515561497087557
72,1,0,0,0.25,0.5,0.4336964697513401,0.49515561497087557
81,1,0,0,0.0,1.0,0.4732345551876035,0.49515561497087557
82,1,0,0,0.25,0.5,0.4826326507061506,0.49515561497087557
91,1,0,0,0.25,0.5,0.4539844368721343,0.49515561497087557
93,1,0,0,0.0,1.0,0.5079803121281737,0.49515561497087557
101,1,0,0,0.3333333333333333,0.3333333333333333,0.4070516797892742,0.49515561497087557
102,1,0,0,0.0,1.0,0.4543272963622452,0.49515561497087557
114,1,0,0,0.1111111111111111,0.7777777777777778,0.4292192591799847,0.49515561497087557
117,1,0,0,0.25,0.5,0.4207827752104394,0.49515561497087557
118,1,0,0,0.0,1.0,0.5300641942717876,0.49515561497087557
122,1,0,0,0.0,1.0,0.4705407888506635,0.49515561497087557
128,1,0,0,0.1111111111111111,0.7777777777777778,0.48198276981479155,0.49515561497087557
141,1,0,0,0.0,1.0,0.5085721768827327,0.49515561497087557
142,1,0,0,0.0,1.0,0.506250824246257,0.49515561497087557
145,1,0,0,0.4444444444444444,0.1111111111111111,0.5387091319771204,0.49515561497087557
149,1,0,0,0.3333333333333333,0.3333333333333333,0.5210740485656719,0.49515561497087557
150,1,0,0,0.0,1.0,0.5265805383749286,0.49515561497087557
159,1,0,0,0.0,1.0,0.46990436328341645,0.49515561497087557
179,1,0,0,0.25,0.5,0.5020128281770042,0.49515561497087557
180,1,0,0,0.0,1.0,0.48101360411763544,0.49515561497087557
184,1,0,0,0.0,1.0,0.4716956716316263,0.49515561497087557
187,1,0,0,0.0,1.0,0.4333193700749116,0.49515561497087557
195,1,0,0,0.0,1.0,0.48820891096639263,0.49515561497087557
213,1,0,0,0.4,0.1999999999999999,0.49741402899057385,0.49515561497087557
216,1,0,0,0.0,1.0,0.5011913311133843,0.49515561497087557
226,1,0,0,0.0,1.0,0.4493775483311899,0.49515561497087557
227,1,0,1,1.0,1.0,0.501142182781212,0.49515561497087557
231,1,0,1,0.5,0.0,0.49850760004556977,0.49515561497087557
232,1,0,0,0.25,0.5,0.5093023916316168,0.49515561497087557
235,1,0,0,0.0,1.0,0.4375112298489369,0.49515561497087557
239,1,0,1,0.6,0.1999999999999999,0.48442713046199537,0.49515561497087557
243,1,0,0,0.0,1.0,0.5156625576260442,0.49515561497087557
248,1,0,0,0.4,0.1999999999999999,0.47235357362557523,0.49515561497087557
249,1,0,1,0.6,0.1999999999999999,0.4594697610560825,0.49515561497087557
250,1,0,0,0.4,0.1999999999999999,0.4383433014180602,0.49515561497087557
251,1,0,0,0.25,0.5,0.49849869377303857,0.49515561497087557
257,1,0,0,0.25,0.5,0.49887568895529033,0.49515561497087557
263,1,0,0,0.2,0.6,0.46381689030344625,0.49515561497087557
272,1,0,1,0.5,0.0,0.4826690252707649,0.49515561497087557
273,1,0,1,0.5,0.0,0.5233503939943344,0.49515561497087557
278,1,0,0,0.25,0.5,0.4692152122859027,0.49515561497087557
285,1,0,0,0.4,0.1999999999999999,0.4819890542283269,0.49515561497087557
287,1,0,0,0.25,0.5,0.5121615747081868,0.49515561497087557
288,1,0,1,0.75,0.5,0.5017028004808134,0.49515561497087557
297,1,0,0,0.0,1.0,0.4653731328867443,0.49515561497087557
299,1,0,1,0.8,0.6000000000000001,0.5223209851591222,0.49515561497087557
314,1,0,0,0.0,1.0,0.47968537850388915,0.49515561497087557
317,1,0,0,0.4,0.1999999999999999,0.4818508962340571,0.49515561497087557
320,1,0,0,0.0,1.0,0.47229519526957797,0.49515561497087557
333,1,0,0,0.0,1.0,0.4995860964992507,0.49515561497087557
335,1,0,1,0.5,0.0,0.5398475847085141,0.49515561497087557
339,1,0,0,0.0,1.0,0.5039461582414027,0.49515561497087557
341,1,0,1,0.6,0.1999999999999999,0.4874914820485886,0.49515561497087557
343,1,0,1,0.8,0.6000000000000001,0.43527148460842396,0.49515561497087557
347,1,0,0,0.4,0.1999999999999999,0.4413014293548741,0.49515561497087557
350,1,0,0,0.0,1.0,0.46248844650561344,0.49515561497087557
352,1,0,0,0.25,0.5,0.510969262756738,0.49515561497087557
357,1,0,1,0.5,0.0,0.5202567240722236,0.49515561497087557
358,1,0,0,0.25,0.5,0.45691148391669817,0.49515561497087557
369,1,0,0,0.0,1.0,0.4827513846693474,0.49515561497087557
373,1,0,0,0.0,1.0,0.46488495202314817,0.49515561497087557
380,1,0,1,0.75,0.5,0.44587538425699275,0.49515561497087557
386,1,0,0,0.25,0.5,0.4983651269886111,0.49515561497087557
388,1,0,1,0.5,0.0,0.5537083738479106,0.49515561497087557
389,1,0,0,0.25,0.5,0.46016688056086646,0.49515561497087557
390,1,0,1,0.75,0.5,0.4739316308833519,0.49515561497087557
393,1,0,0,0.25,0.5,0.5468472213736342,0.49515561497087557
396,1,0,1,0.75,0.5,0.5425129359889239,0.49515561497087557
401,1,0,0,0.2,0.6,0.5005764900593271,0.49515561497087557
402,1,0,1,0.6,0.1999999999999999,0.5591916548785967,0.49515561497087557
406,1,0,1,0.6,0.1999999999999999,0.49903035670785695,0.49515561497087557
420,1,0,0,0.0,1.0,0.5055257707292155,0.49515561497087557
425,1,0,0,0.0,1.0,0.4817187875621352,0.49515561497087557
428,1,0,1,0.6,0.1999999999999999,0.5187017619222852,0.49515561497087557
433,1,0,0,0.0,1.0,0.5930070962109827,0.49515561497087557
444,1,0,0,0.2,0.6,0.5319166596590158,0.49515561497087557
450,1,0,0,0.2,0.6,0.5152892320507585,0.49515561497087557
454,1,0,0,0.0,1.0,0.52506477776468,0.49515561497087557
455,1,0,0,0.0,1.0,0.5115816346082245,0.49515561497087557
457,1,0,1,0.5,0.0,0.5371133545983228,0.49515561497087557
462,1,0,1,0.5,0.0,0.47815146711554757,0.49515561497087557
475,1,0,0,0.25,0.5,0.5433880085371591,0.49515561497087557
479,1,0,0,0.0,1.0,0.5192187409301489,0.49515561497087557
482,1,0,0,0.0,1.0,0.5137633241913356,0.49515561497087557
489,1,0,0,0.0,1.0,0.5155095367418044,0.49515561497087557
507,1,0,1,1.0,1.0,0.5241623941584391,0.49515561497087557
511,1,0,1,0.5,0.0,0.5109844773070723,0.49515561497087557
515,1,0,0,0.25,0.5,0.5303258963051433,0.49515561497087557
525,1,0,0,0.2,0.6,0.49474998110538376,0.49515561497087557
531,1,0,1,0.75,0.5,0.4946375241163818,0.49515561497087557
537,1,0,0,0.25,0.5,0.5280470224242844,0.49515561497087557
538,1,0,0,0.0,1.0,0.5027411779129033,0.49515561497087557
540,1,0,0,0.25,0.5,0.508049562713359,0.49515561497087557
549,1,0,0,0.0,1.0,0.5574193456950548,0.49515561497087557
551,1,0,1,0.6666666666666666,0.3333333333333332,0.5316293365133604,0.49515561497087557
553,1,0,0,0.0,1.0,0.52921338612784,0.49515561497087557
559,1,0,1,0.6666666666666666,0.3333333333333332,0.5343931160221177,0.49515561497087557
560,1,0,0,0.1666666666666666,0.6666666666666667,0.55259676385126,0.49515561497087557
563,1,0,0,0.0,1.0,0.5018758057161951,0.49515561497087557
577,1,0,0,0.1666666666666666,0.6666666666666667,0.48059409664188485,0.49515561497087557
579,1,0,0,0.3333333333333333,0.3333333333333333,0.531772595471193,0.49515561497087557
580,1,0,0,0.3333333333333333,0.3333333333333333,0.5080330433271707,0.49515561497087557
584,1,0,1,0.6666666666666666,0.3333333333333332,0.5192411287380503,0.49515561497087557
589,1,0,0,0.3333333333333333,0.3333333333333333,0.5908511732783897,0.49515561497087557
593,1,0,1,0.5,0.0,0.5449078411781412,0.49515561497087557
602,1,0,0,0.25,0.5,0.5264508069991208,0.49515561497087557
604,1,0,1,0.75,0.5,0.5024999886436774,0.49515561497087557
607,1,0,0,0.0,1.0,0.5365186450152167,0.49515561497087557
611,1,0,1,0.75,0.5,0.49460131181507416,0.49515561497087557
616,1,0,1,0.75,0.5,0.4894158883262911,0.49515561497087557
618,1,0,0,0.0,1.0,0.47949200657006813,0.49515561497087557
626,1,0,1,0.5,0.0,0.5321724574546591,0.49515561497087557
630,1,0,1,0.5,0.0,0.48304160510790056,0.49515561497087557
632,1,0,1,0.5,0.0,0.5356749771946238,0.49515561497087557
635,1,0,1,0.5,0.0,0.5206779770633113,0.49515561497087557
639,1,0,0,0.0,1.0,0.5473304478042262,0.49515561497087557
641,1,0,0,0.0,1.0,0.484041390901147,0.49515561497087557
646,1,0,0,0.0,1.0,0.5059865034642916,0.49515561497087557
648,1,0,1,0.5,0.0,0.5053506427980331,0.49515561497087557
660,1,0,0,0.1666666666666666,0.6666666666666667,0.4925011978419407,0.49515561497087557
674,1,0,0,0.3333333333333333,0.3333333333333333,0.5259009075485874,0.49515561497087557
684,1,0,0,0.0,1.0,0.47700852338059485,0.49515561497087557
696,1,0,0,0.1666666666666666,0.6666666666666667,0.5224134695257614,0.49515561497087557
697,1,0,1,0.5,0.0,0.5001195838192465,0.49515561497087557
698,1,0,1,0.5,0.0,0.47923119392805713,0.49515561497087557
703,1,0,0,0.0,1.0,0.49998618410297574,0.49515561497087557
707,1,0,1,0.5,0.0,0.4978685172231852,0.49515561497087557
710,1,0,0,0.0,1.0,0.49353394103468373,0.49515561497087557
716,1,0,1,0.6666666666666666,0.3333333333333332,0.48723749076255457,0.49515561497087557
718,1,0,0,0.1666666666666666,0.6666666666666667,0.4940849456086195,0.49515561497087557
728,1,0,0,0.2,0.6,0.5167956529158354,0.49515561497087557
734,1,0,0,0.0,1.0,0.5181814291592695,0.49515561497087557
735,1,0,0,0.0,1.0,0.5030490122442222,0.49515561497087557
6,1,1,0,0.2,0.6,0.37795578977847555,0.4880913164360497
8,1,1,0,0.0,1.0,0.49957578821706655,0.4880913164360497
9,1,1,0,0.0,1.0,0.4715662518555869,0.4880913164360497
13,1,1,0,0.2,0.6,0.5708968047490917,0.4880913164360497
14,1,1,0,0.2,0.6,0.3443243623339824,0.4880913164360497
21,1,1,0,0.2,0.6,0.5913289654510666,0.4880913164360497
22,1,1,0,0.2,0.6,0.36893530632193694,0.4880913164360497
29,1,1,0,0.2,0.6,0.39856697290471044,0.4880913164360497
32,1,1,0,0.2,0.6,0.4881552945136872,0.4880913164360497
33,1,1,0,0.4,0.1999999999999999,0.5355662819748636,0.4880913164360497
34,1,1,0,0.1666666666666666,0.6666666666666667,0.4252882742385075,0.4880913164360497
41,1,1,0,0.2,0.6,0.32945056219288604,0.4880913164360497
49,1,1,0,0.3333333333333333,0.3333333333333333,0.3752872538063429,0.4880913164360497
50,1,1,1,0.8,0.6000000000000001,0.4285506622425904,0.4880913164360497
51,1,1,0,0.25,0.5,0.33201439776327796,0.4880913164360497
70,1,1,0,0.0,1.0,0.5437013742723311,0.4880913164360497
71,1,1,0,0.0,1.0,0.5177242837210079,0.4880913164360497
79,1,1,0,0.25,0.5,0.3779402919791416,0.4880913164360497
85,1,1,0,0.25,0.5,0.4244343745358833,0.4880913164360497
86,1,1,0,0.0,1.0,0.5913929019924518,0.4880913164360497
88,1,1,1,0.5,0.0,0.32936612856893205,0.4880913164360497
89,1,1,0,0.25,0.5,0.500789858374224,0.4880913164360497
94,1,1,0,0.25,0.5,0.3291124424963356,0.4880913164360497
95,1,1,0,0.25,0.5,0.5450740389282984,0.4880913164360497
108,1,1,0,0.25,0.5,0.34062558548047395,0.4880913164360497
109,1,1,0,0.1111111111111111,0.7777777777777778,0.4337092745741973,0.4880913164360497
115,1,1,0,0.0,1.0,0.43351057799946474,0.4880913164360497
127,1,1,1,0.6666666666666666,0.3333333333333332,0.38551883246351126,0.4880913164360497
129,1,1,0,0.2,0.6,0.41826905139417325,0.4880913164360497
138,1,1,1,0.5555555555555556,0.1111111111111111,0.4937001265165024,0.4880913164360497
139,1,1,0,0.0,1.0,0.5469285463336913,0.4880913164360497
140,1,1,0,0.2222222222222222,0.5555555555555556,0.4544688009729965,0.4880913164360497
156,1,1,0,0.25,0.5,0.5140990531565778,0.4880913164360497
160,1,1,0,0.1666666666666666,0.6666666666666667,0.4496662210625589,0.4880913164360497
161,1,1,0,0.0,1.0,0.4598081312575698,0.4880913164360497
166,1,1,0,0.25,0.5,0.5620459101101076,0.4880913164360497
175,1,1,0,0.0,1.0,0.45076494685420887,0.4880913164360497
188,1,1,0,0.0,1.0,0.45114197246225834,0.4880913164360497
193,1,1,0,0.25,0.5,0.7040119493837416,0.4880913164360497
194,1,1,0,0.0,1.0,0.41444547097811885,0.4880913164360497
196,1,1,1,0.5,0.0,0.5948432712775825,0.4880913164360497
198,1,1,0,0.0,1.0,0.49745309907975876,0.4880913164360497
200,1,1,0,0.2,0.6,0.41747094822696,0.4880913164360497
205,1,1,0,0.2,0.6,0.5940100021244153,0.4880913164360497
209,1,1,0,0.2,0.6,0.6574159622198193,0.4880913164360497
210,1,1,0,0.4,0.1999999999999999,0.5675666056967373,0.4880913164360497
212,1,1,0,0.2,0.6,0.5761147022369755,0.4880913164360497
222,1,1,0,0.2,0.6,0.4174162789142722,0.4880913164360497
225,1,1,0,0.2,0.6,0.3585686583833036,0.4880913164360497
230,1,1,0,0.2,0.6,0.29520874089700105,0.4880913164360497
234,1,1,0,0.25,0.5,0.42593069794872035,0.4880913164360497
237,1,1,0,0.4,0.1999999999999999,0.3560265139972176,0.4880913164360497
241,1,1,1,0.6,0.1999999999999999,0.4102340916895903,0.4880913164360497
247,1,1,0,0.2,0.6,0.395943468095675,0.4880913164360497
262,1,1,1,0.5,0.0,0.34502434457962333,0.4880913164360497
264,1,1,0,0.25,0.5,0.4213365757696706,0.4880913164360497
267,1,1,0,0.0,1.0,0.4828591630893404,0.4880913164360497
271,1,1,0,0.0,1.0,0.5335298989007575,0.4880913164360497
275,1,1,1,0.5,0.0,0.4117565996832367,0.4880913164360497
277,1,1,1,0.5,0.0,0.5348991600371624,0.4880913164360497
280,1,1,0,0.25,0.5,0.5292854841381789,0.4880913164360497
284,1,1,1,0.5,0.0,0.48156496853661396,0.4880913164360497
292,1,1,0,0.25,0.5,0.4553430635496656,0.4880913164360497
293,1,1,1,0.5,0.0,0.3651507801767752,0.4880913164360497
304,1,1,1,0.8,0.6000000000000001,0.44821707309500614,0.4880913164360497
312,1,1,0,0.0,1.0,0.5670880882622762,0.4880913164360497
324,1,1,0,0.2,0.6,0.5424473924320699,0.4880913164360497
332,1,1,0,0.0,1.0,0.4319297468120173,0.4880913164360497
342,1,1,0,0.2,0.6,0.46137110211575133,0.4880913164360497
346,1,1,1,0.6,0.1999999999999999,0.4750304454850353,0.4880913164360497
351,1,1,0,0.0,1.0,0.49989064544987927,0.4880913164360497
353,1,1,0,0.0,1.0,0.4261040440291735,0.4880913164360497
355,1,1,0,0.25,0.5,0.43386247374861237,0.4880913164360497
356,1,1,0,0.25,0.5,0.5244117224021715,0.4880913164360497
360,1,1,0,0.25,0.5,0.5195251451756584,0.4880913164360497
375,1,1,1,0.5,0.0,0.29558760857820865,0.4880913164360497
378,1,1,1,0.5,0.0,0.34235456765534417,0.4880913164360497
385,1,1,1,0.5,0.0,0.33367232983898115,0.4880913164360497
387,1,1,0,0.0,1.0,0.5218140552974819,0.4880913164360497
399,1,1,0,0.25,0.5,0.4104824852490211,0.4880913164360497
405,1,1,0,0.0,1.0,0.6007109119531059,0.4880913164360497
407,1,1,0,0.2,0.6,0.39116151464929827,0.4880913164360497
408,1,1,0,0.4,0.1999999999999999,0.4045142586747586,0.4880913164360497
412,1,1,1,1.0,1.0,0.6662617853450373,0.4880913164360497
414,1,1,1,0.6,0.1999999999999999,0.5930656786979276,0.4880913164360497
423,1,1,0,0.0,1.0,0.5695628814730593,0.4880913164360497
431,1,1,0,0.4,0.1999999999999999,0.6015258957848534,0.4880913164360497
439,1,1,0,0.2,0.6,0.4206329755772369,0.4880913164360497
445,1,1,0,0.0,1.0,0.6231693101674812,0.4880913164360497
449,1,1,0,0.4,0.1999999999999999,0.4668658244161733,0.4880913164360497
460,1,1,0,0.0,1.0,0.44821463515986126,0.4880913164360497
468,1,1,0,0.25,0.5,0.5555954098275097,0.4880913164360497
470,1,1,0,0.0,1.0,0.5500846821343786,0.4880913164360497
476,1,1,0,0.0,1.0,0.4443594709187214,0.4880913164360497
477,1,1,0,0.0,1.0,0.5808998807398337,0.4880913164360497
478,1,1,0,0.0,1.0,0.5193460985570951,0.4880913164360497
480,1,1,1,0.5,0.0,0.5680630603679684,0.4880913164360497
483,1,1,0,0.25,0.5,0.521987367288145,0.4880913164360497
485,1,1,1,0.5,0.0,0.4341233673421883,0.4880913164360497
488,1,1,1,0.5,0.0,0.3536628236902214,0.4880913164360497
490,1,1,0,0.25,0.5,0.4647450017417907,0.4880913164360497
493,1,1,0,0.0,1.0,0.4488682946875308,0.4880913164360497
494,1,1,1,0.8,0.6000000000000001,0.3641919853557499,0.4880913164360497
497,1,1,0,0.0,1.0,0.4135146142420379,0.4880913164360497
505,1,1,1,0.5,0.0,0.5105179395351224,0.4880913164360497
506,1,1,1,0.75,0.5,0.5432415806656943,0.4880913164360497
510,1,1,1,0.5,0.0,0.5592334326745485,0.4880913164360497
513,1,1,0,0.0,1.0,0.5391648656332084,0.4880913164360497
518,1,1,0,0.25,0.5,0.5141130257797165,0.4880913164360497
519,1,1,0,0.0,1.0,0.5336018298472894,0.4880913164360497
524,1,1,0,0.0,1.0,0.5948791066539544,0.4880913164360497
527,1,1,0,0.25,0.5,0.5121879785324684,0.4880913164360497
528,1,1,0,0.0,1.0,0.5578807725926369,0.4880913164360497
533,1,1,0,0.0,1.0,0.5996390454256622,0.4880913164360497
536,1,1,0,0.3333333333333333,0.3333333333333333,0.5468220242981109,0.4880913164360497
541,1,1,1,0.5,0.0,0.5803550999596008,0.4880913164360497
542,1,1,0,0.25,0.5,0.5878978501361226,0.4880913164360497
544,1,1,1,0.5,0.0,0.542348418171774,0.4880913164360497
554,1,1,1,0.5,0.0,0.5098384626456951,0.4880913164360497
556,1,1,0,0.1666666666666666,0.6666666666666667,0.622691272277482,0.4880913164360497
564,1,1,1,0.5,0.0,0.6406083517188955,0.4880913164360497
576,1,1,1,0.5,0.0,0.49305526083910406,0.4880913164360497
581,1,1,0,0.3333333333333333,0.3333333333333333,0.5494325974321895,0.4880913164360497
585,1,1,1,0.5,0.0,0.4651278901618101,0.4880913164360497
591,1,1,1,0.5,0.0,0.5863753240743357,0.4880913164360497
592,1,1,1,0.6,0.1999999999999999,0.4480219951094435,0.4880913164360497
598,1,1,0,0.3333333333333333,0.3333333333333333,0.6168823185562065,0.4880913164360497
620,1,1,1,0.75,0.5,0.514643631783421,0.4880913164360497
622,1,1,1,0.75,0.5,0.5333883651943502,0.4880913164360497
628,1,1,0,0.0,1.0,0.4395249607130369,0.4880913164360497
637,1,1,1,0.5,0.0,0.5099297891934936,0.4880913164360497
645,1,1,1,0.75,0.5,0.4814626343318197,0.4880913164360497
647,1,1,1,0.5,0.0,0.556011035434109,0.4880913164360497
658,1,1,0,0.1666666666666666,0.6666666666666667,0.5548892178698822,0.4880913164360497
659,1,1,1,0.6666666666666666,0.3333333333333332,0.4869505114312818,0.4880913164360497
668,1,1,0,0.1666666666666666,0.6666666666666667,0.6236451299425134,0.4880913164360497
670,1,1,1,0.5,0.0,0.5167775472829167,0.4880913164360497
679,1,1,0,0.4,0.1999999999999999,0.6348920385954393,0.4880913164360497
686,1,1,0,0.0,1.0,0.5722574781908198,0.4880913164360497
692,1,1,0,0.0,1.0,0.7037178017652472,0.4880913164360497
693,1,1,1,0.5,0.0,0.6050587316389953,0.4880913164360497
695,1,1,0,0.3333333333333333,0.3333333333333333,0.5066155241186248,0.4880913164360497
699,1,1,0,0.1666666666666666,0.6666666666666667,0.5644745572952107,0.4880913164360497
704,1,1,0,0.3333333333333333,0.3333333333333333,0.4461119714802196,0.4880913164360497
706,1,1,1,0.6666666666666666,0.3333333333333332,0.616629676427343,0.4880913164360497
712,1,1,0,0.1666666666666666,0.6666666666666667,0.4540195731393428,0.4880913164360497
729,1,1,0,0.4,0.1999999999999999,0.43199760680892424,0.4880913164360497
1,1,2,0,0.3333333333333333,0.3333333333333333,0.40228633818656345,0.49824484800250035
3,1,2,0,0.0,1.0,0.4608896649425881,0.49824484800250035
11,1,2,1,0.6,0.1999999999999999,0.4176772241386037,0.49824484800250035
18,1,2,1,0.6,0.1999999999999999,0.6076520594417447,0.49824484800250035
20,1,2,0,0.25,0.5,0.42259273612155474,0.49824484800250035
28,1,2,0,0.2,0.6,0.41105270271867056,0.49824484800250035
31,1,2,0,0.1666666666666666,0.6666666666666667,0.5056593876462575,0.49824484800250035
43,1,2,0,0.2,0.6,0.4096068321305379,0.49824484800250035
44,1,2,0,0.0,1.0,0.5533170539733206,0.49824484800250035
60,1,2,0,0.0,1.0,0.47900760697495753,0.49824484800250035
64,1,2,0,0.3333333333333333,0.3333333333333333,0.46961069830822,0.49824484800250035
67,1,2,0,0.0,1.0,0.42976389845665364,0.49824484800250035
75,1,2,0,0.0,1.0,0.4956890606928879,0.49824484800250035
90,1,2,1,0.5,0.0,0.48056563380361345,0.49824484800250035
96,1,2,0,0.0,1.0,0.5106622819729382,0.49824484800250035
98,1,2,0,0.3333333333333333,0.3333333333333333,0.5595471648364306,0.49824484800250035
99,1,2,0,0.0,1.0,0.5493153543083208,0.49824484800250035
106,1,2,1,1.0,1.0,0.4743841132032338,0.49824484800250035
113,1,2,0,0.1111111111111111,0.7777777777777778,0.4313502933483309,0.49824484800250035
120,1,2,0,0.0,1.0,0.4190887788679715,0.49824484800250035
121,1,2,0,0.1111111111111111,0.7777777777777778,0.5058117745506611,0.49824484800250035
123,1,2,0,0.0,1.0,0.4521066276738591,0.49824484800250035
124,1,2,0,0.0,1.0,0.41646505296486497,0.49824484800250035
130,1,2,0,0.1111111111111111,0.7777777777777778,0.42626218384321735,0.49824484800250035
133,1,2,1,0.8888888888888888,0.7777777777777777,0.6002765156454966,0.49824484800250035
144,1,2,0,0.0,1.0,0.6146075420152743,0.49824484800250035
151,1,2,0,0.0,1.0,0.5528448453078844,0.49824484800250035
154,1,2,0,0.25,0.5,0.4947594151920522,0.49824484800250035
158,1,2,0,0.0,1.0,0.5081297377458142,0.49824484800250035
163,1,2,0,0.25,0.5,0.5034166437944522,0.49824484800250035
168,1,2,0,0.25,0.5,0.5889403812109166,0.49824484800250035
170,1,2,0,0.1666666666666666,0.6666666666666667,0.43000906834925157,0.49824484800250035
171,1,2,0,0.25,0.5,0.5056053343144414,0.49824484800250035
173,1,2,0,0.25,0.5,0.47797090534824027,0.49824484800250035
176,1,2,0,0.0,1.0,0.47864243476449986,0.49824484800250035
181,1,2,1,0.5,0.0,0.544450595222928,0.49824484800250035
182,1,2,0,0.0,1.0,0.46757669812311226,0.49824484800250035
191,1,2,0,0.0,1.0,0.5306633864471533,0.49824484800250035
192,1,2,0,0.0,1.0,0.47443248276166367,0.49824484800250035
197,1,2,0,0.0,1.0,0.5313813097878433,0.49824484800250035
199,1,2,0,0.25,0.5,0.5547633481589571,0.49824484800250035
201,1,2,0,0.25,0.5,0.5016323699541729,0.49824484800250035
204,1,2,0,0.4,0.1999999999999999,0.4824290309587406,0.49824484800250035
217,1,2,0,0.0,1.0,0.4162282369469527,0.49824484800250035
223,1,2,0,0.2,0.6,0.4585210620412122,0.49824484800250035
233,1,2,0,0.0,1.0,0.39835728249227426,0.49824484800250035
236,1,2,0,0.0,1.0,0.3929559385510232,0.49824484800250035
240,1,2,0,0.2,0.6,0.4260149698723643,0.49824484800250035
245,1,2,0,0.0,1.0,0.5506053633723941,0.49824484800250035
258,1,2,0,0.0,1.0,0.45475116414222483,0.49824484800250035
259,1,2,0,0.0,1.0,0.3669663399665134,0.49824484800250035
260,1,2,0,0.25,0.5,0.4542504617388287,0.49824484800250035
270,1,2,0,0.0,1.0,0.48177897537155157,0.49824484800250035
274,1,2,1,0.5,0.0,0.4929440739499916,0.49824484800250035
276,1,2,0,0.2,0.6,0.5241261196999322,0.49824484800250035
279,1,2,0,0.2,0.6,0.495983434475109,0.49824484800250035
291,1,2,0,0.0,1.0,0.4741847717282735,0.49824484800250035
294,1,2,0,0.0,1.0,0.5571999195065015,0.49824484800250035
309,1,2,1,0.8,0.6000000000000001,0.503044090562536,0.49824484800250035
313,1,2,0,0.0,1.0,0.5141660484727172,0.49824484800250035
315,1,2,1,0.8,0.6000000000000001,0.4146788101477734,0.49824484800250035
321,1,2,1,0.6,0.1999999999999999,0.5030975198619445,0.49824484800250035
325,1,2,0,0.0,1.0,0.531487657558048,0.49824484800250035
326,1,2,0,0.0,1.0,0.5057571790420624,0.49824484800250035
327,1,2,0,0.0,1.0,0.40688928677528385,0.49824484800250035
328,1,2,1,0.6,0.1999999999999999,0.49520355385345893,0.49824484800250035
330,1,2,0,0.4,0.1999999999999999,0.5229438614945165,0.49824484800250035
334,1,2,0,0.4,0.1999999999999999,0.5019105278099321,0.49824484800250035
344,1,2,0,0.2,0.6,0.44468572764333975,0.49824484800250035
349,1,2,0,0.0,1.0,0.5130664125726474,0.49824484800250035
362,1,2,1,0.75,0.5,0.4175554616541026,0.49824484800250035
363,1,2,0,0.0,1.0,0.4885672759639022,0.49824484800250035
366,1,2,0,0.0,1.0,0.5456257313688972,0.49824484800250035
368,1,2,1,0.5,0.0,0.5542510187739449,0.49824484800250035
391,1,2,0,0.0,1.0,0.5206368166318603,0.49824484800250035
397,1,2,1,0.75,0.5,0.5415759965465965,0.49824484800250035
404,1,2,1,0.6,0.1999999999999999,0.5633400867331436,0.49824484800250035
409,1,2,0,0.4,0.1999999999999999,0.49640198516489814,0.49824484800250035
411,1,2,0,0.2,0.6,0.5122394257691626,0.49824484800250035
415,1,2,0,0.0,1.0,0.5281340616043358,0.49824484800250035
416,1,2,0,0.0,1.0,0.5325925571337349,0.49824484800250035
429,1,2,0,0.0,1.0,0.5941869035529109,0.49824484800250035
435,1,2,0,0.4,0.1999999999999999,0.502594199478465,0.49824484800250035
436,1,2,0,0.4,0.1999999999999999,0.4774368298519875,0.49824484800250035
437,1,2,1,0.6,0.1999999999999999,0.5322186316551951,0.49824484800250035
464,1,2,0,0.0,1.0,0.5591071375278673,0.49824484800250035
469,1,2,1,0.75,0.5,0.5440599508741539,0.49824484800250035
472,1,2,0,0.25,0.5,0.5029425005029674,0.49824484800250035
474,1,2,0,0.0,1.0,0.5934350161232234,0.49824484800250035
481,1,2,0,0.0,1.0,0.5375285314607219,0.49824484800250035
484,1,2,0,0.25,0.5,0.4619349521388906,0.49824484800250035
486,1,2,0,0.25,0.5,0.5675610021257725,0.49824484800250035
487,1,2,0,0.2,0.6,0.5358215762889479,0.49824484800250035
498,1,2,0,0.0,1.0,0.5442677812463141,0.49824484800250035
500,1,2,0,0.25,0.5,0.5029593125023312,0.49824484800250035
501,1,2,0,0.25,0.5,0.5752301226557363,0.49824484800250035
502,1,2,1,0.75,0.5,0.4970478884334434,0.49824484800250035
516,1,2,0,0.0,1.0,0.5204833626031892,0.49824484800250035
526,1,2,0,0.0,1.0,0.573754527996793,0.49824484800250035
534,1,2,1,0.75,0.5,0.5459329728304926,0.49824484800250035
539,1,2,0,0.25,0.5,0.5623634737102524,0.49824484800250035
543,1,2,1,0.5,0.0,0.48673324159830805,0.49824484800250035
545,1,2,0,0.25,0.5,0.5565119766377085,0.49824484800250035
547,1,2,1,0.5,0.0,0.5458593461427848,0.49824484800250035
555,1,2,0,0.3333333333333333,0.3333333333333333,0.4901816316823572,0.49824484800250035
557,1,2,0,0.3333333333333333,0.3333333333333333,0.5794590776515455,0.49824484800250035
558,1,2,1,0.5,0.0,0.5356045911447286,0.49824484800250035
567,1,2,0,0.3333333333333333,0.3333333333333333,0.48477315231444273,0.49824484800250035
571,1,2,1,0.5,0.0,0.48545525447324156,0.49824484800250035
573,1,2,0,0.3333333333333333,0.3333333333333333,0.5467673988495585,0.49824484800250035
575,1,2,1,0.5,0.0,0.5470938582351075,0.49824484800250035
582,1,2,1,0.5,0.0,0.5612732885883192,0.49824484800250035
587,1,2,1,0.8333333333333334,0.6666666666666667,0.5735462575024743,0.49824484800250035
595,1,2,1,0.8333333333333334,0.6666666666666667,0.5364128583233169,0.49824484800250035
597,1,2,0,0.0,1.0,0.5218297684985412,0.49824484800250035
600,1,2,0,0.1666666666666666,0.6666666666666667,0.5319280267065568,0.49824484800250035
613,1,2,0,0.0,1.0,0.4404955128346754,0.49824484800250035
615,1,2,1,0.75,0.5,0.5753688110941182,0.49824484800250035
621,1,2,1,0.5,0.0,0.55333294754184,0.49824484800250035
623,1,2,1,0.5,0.0,0.5765179061676311,0.49824484800250035
629,1,2,1,0.5,0.0,0.5058307215892119,0.49824484800250035
638,1,2,0,0.25,0.5,0.5858331702015539,0.49824484800250035
642,1,2,1,0.75,0.5,0.5541547088452946,0.49824484800250035
649,1,2,1,0.5,0.0,0.5495663805779692,0.49824484800250035
651,1,2,0,0.3333333333333333,0.3333333333333333,0.4816161369107345,0.49824484800250035
653,1,2,1,0.5,0.0,0.5463065737169286,0.49824484800250035
655,1,2,1,0.6666666666666666,0.3333333333333332,0.5082332001835042,0.49824484800250035
657,1,2,1,0.5,0.0,0.47842326146086983,0.49824484800250035
661,1,2,1,0.8333333333333334,0.6666666666666667,0.5118574735802542,0.49824484800250035
663,1,2,0,0.3333333333333333,0.3333333333333333,0.520028042369012,0.49824484800250035
672,1,2,0,0.0,1.0,0.5440716823366852,0.49824484800250035
678,1,2,0,0.3333333333333333,0.3333333333333333,0.555882352720448,0.49824484800250035
680,1,2,0,0.0,1.0,0.5335416153444887,0.49824484800250035
687,1,2,0,0.3333333333333333,0.3333333333333333,0.535818375947945,0.49824484800250035
688,1,2,0,0.1666666666666666,0.6666666666666667,0.5566491515287975,0.49824484800250035
690,1,2,0,0.0,1.0,0.5434226226202165,0.49824484800250035
691,1,2,0,0.1666666666666666,0.6666666666666667,0.5214186416604223,0.49824484800250035
708,1,2,0,0.0,1.0,0.4604673694587957,0.49824484800250035
711,1,2,1,0.6,0.1999999999999999,0.5570020775339569,0.49824484800250035
715,1,2,1,0.5,0.0,0.4377717485528905,0.49824484800250035
717,1,2,1,0.5,0.0,0.4435679295125479,0.49824484800250035
719,1,2,0,0.1666666666666666,0.6666666666666667,0.5506300322851577,0.49824484800250035
725,1,2,0,0.0,1.0,0.5098815923351299,0.49824484800250035
727,1,2,0,0.4,0.1999999999999999,0.4861987082846722,0.49824484800250035
731,1,2,0,0.0,1.0,0.4444633217853418,0.49824484800250035
732,1,2,0,0.0,1.0,0.5337957883075318,0.49824484800250035
739,1,2,0,0.3333333333333333,0.3333333333333333,0.4314726048933578,0.49824484800250035
2,1,3,0,0.4,0.1999999999999999,0.4080974688062692,0.5080788170299733
24,1,3,0,0.0,1.0,0.34903791054630956,0.5080788170299733
39,1,3,0,0.0,1.0,0.4362204831176831,0.5080788170299733
40,1,3,0,0.2,0.6,0.37558776700138985,0.5080788170299733
42,1,3,0,0.0,1.0,0.353747410932375,0.5080788170299733
45,1,3,0,0.0,1.0,0.43478266546943606,0.5080788170299733
52,1,3,0,0.25,0.5,0.46463127599493637,0.5080788170299733
54,1,3,0,0.25,0.5,0.3646050843139326,0.5080788170299733
57,1,3,1,1.0,1.0,0.48291994399499893,0.5080788170299733
62,1,3,0,0.25,0.5,0.5082040237835714,0.5080788170299733
65,1,3,0,0.25,0.5,0.4590076796418661,0.5080788170299733
68,1,3,0,0.0,1.0,0.43957560711112936,0.5080788170299733
69,1,3,0,0.0,1.0,0.3814135130890626,0.5080788170299733
76,1,3,0,0.25,0.5,0.5038425249789215,0.5080788170299733
77,1,3,0,0.25,0.5,0.4456770079420918,0.5080788170299733
78,1,3,0,0.0,1.0,0.38927502538444636,0.5080788170299733
83,1,3,0,0.25,0.5,0.4983697147485168,0.5080788170299733
84,1,3,0,0.3333333333333333,0.3333333333333333,0.6390360734026922,0.5080788170299733
92,1,3,0,0.0,1.0,0.5259663430167558,0.5080788170299733
103,1,3,0,0.1111111111111111,0.7777777777777778,0.4276086190240161,0.5080788170299733
110,1,3,0,0.0,1.0,0.4910371217079489,0.5080788170299733
119,1,3,0,0.1111111111111111,0.7777777777777778,0.43271949941362325,0.5080788170299733
126,1,3,0,0.2222222222222222,0.5555555555555556,0.49283083522698073,0.5080788170299733
131,1,3,0,0.0,1.0,0.382260091568797,0.5080788170299733
132,1,3,0,0.2222222222222222,0.5555555555555556,0.382118370785681,0.5080788170299733
136,1,3,0,0.3333333333333333,0.3333333333333333,0.43702247743240574,0.5080788170299733
137,1,3,1,0.6666666666666666,0.3333333333333332,0.5746596145128695,0.5080788170299733
152,1,3,0,0.0,1.0,0.4380076718294601,0.5080788170299733
153,1,3,0,0.0,1.0,0.4012707113714492,0.5080788170299733
155,1,3,0,0.25,0.5,0.45666391898238234,0.5080788170299733
157,1,3,0,0.25,0.5,0.40038212040382953,0.5080788170299733
177,1,3,0,0.0,1.0,0.5195968446139707,0.5080788170299733
186,1,3,0,0.0,1.0,0.4862816436813434,0.5080788170299733
202,1,3,1,0.6,0.1999999999999999,0.5482896913638247,0.5080788170299733
203,1,3,0,0.2,0.6,0.5435231168774801,0.5080788170299733
206,1,3,1,0.5,0.0,0.46644594869268446,0.5080788170299733
207,1,3,0,0.2,0.6,0.49151392930167903,0.5080788170299733
208,1,3,0,0.0,1.0,0.5031055081927905,0.5080788170299733
211,1,3,1,0.6,0.1999999999999999,0.4712316548541738,0.5080788170299733
215,1,3,0,0.2,0.6,0.374681761779501,0.5080788170299733
219,1,3,0,0.0,1.0,0.40406785604445655,0.5080788170299733
220,1,3,0,0.4,0.1999999999999999,0.5509510079684483,0.5080788170299733
221,1,3,1,0.8,0.6000000000000001,0.4385652253627685,0.5080788170299733
229,1,3,0,0.0,1.0,0.5421685422619574,0.5080788170299733
238,1,3,0,0.25,0.5,0.40919274820719637,0.5080788170299733
246,1,3,0,0.4,0.1999999999999999,0.3607880495015447,0.5080788170299733
252,1,3,0,0.0,1.0,0.40547998680158803,0.5080788170299733
261,1,3,0,0.25,0.5,0.42928748556349533,0.5080788170299733
265,1,3,1,0.5,0.0,0.4157684622393498,0.5080788170299733
266,1,3,0,0.25,0.5,0.4325411848614674,0.5080788170299733
268,1,3,1,0.5,0.0,0.400734734211889,0.5080788170299733
282,1,3,0,0.25,0.5,0.4383508148763543,0.5080788170299733
286,1,3,0,0.2,0.6,0.507735463154051,0.5080788170299733
289,1,3,1,0.5,0.0,0.4753342739350865,0.5080788170299733
298,1,3,0,0.25,0.5,0.3611132555476898,0.5080788170299733
300,1,3,0,0.0,1.0,0.5896570871890079,0.5080788170299733
307,1,3,0,0.4,0.1999999999999999,0.40857029488194496,0.5080788170299733
308,1,3,0,0.4,0.1999999999999999,0.5126952315573633,0.5080788170299733
310,1,3,0,0.2,0.6,0.43827997997177437,0.5080788170299733
316,1,3,0,0.4,0.1999999999999999,0.4952059215979437,0.5080788170299733
318,1,3,0,0.4,0.1999999999999999,0.5469629834833534,0.5080788170299733
319,1,3,0,0.2,0.6,0.4220478623819216,0.5080788170299733
322,1,3,1,0.6,0.1999999999999999,0.4760329122912296,0.5080788170299733
323,1,3,0,0.0,1.0,0.5450506166133611,0.5080788170299733
329,1,3,0,0.0,1.0,0.6633849856692872,0.5080788170299733
331,1,3,0,0.0,1.0,0.4038435589350279,0.5080788170299733
336,1,3,0,0.4,0.1999999999999999,0.45662531898180714,0.5080788170299733
338,1,3,0,0.4,0.1999999999999999,0.48199532953439544,0.5080788170299733
354,1,3,0,0.25,0.5,0.3915017459888442,0.5080788170299733
365,1,3,0,0.25,0.5,0.5178785329792939,0.5080788170299733
370,1,3,0,0.0,1.0,0.4857812747701694,0.5080788170299733
374,1,3,1,0.5,0.0,0.3474065889240074,0.5080788170299733
376,1,3,1,0.5,0.0,0.4464565418024776,0.5080788170299733
382,1,3,1,0.5,0.0,0.43215842921324493,0.5080788170299733
383,1,3,0,0.0,1.0,0.521740032327486,0.5080788170299733
384,1,3,0,0.25,0.5,0.4356972688108359,0.5080788170299733
394,1,3,1,0.5,0.0,0.4212026084584223,0.5080788170299733
395,1,3,1,0.5,0.0,0.673658116488375,0.5080788170299733
398,1,3,0,0.25,0.5,0.5729923153603963,0.5080788170299733
403,1,3,0,0.0,1.0,0.5214205556229393,0.5080788170299733
417,1,3,0,0.2,0.6,0.5606324636214921,0.5080788170299733
419,1,3,0,0.4,0.1999999999999999,0.5634078534577635,0.5080788170299733
426,1,3,1,0.8,0.6000000000000001,0.5732716422732888,0.5080788170299733
440,1,3,0,0.0,1.0,0.6721698980638169,0.5080788170299733
443,1,3,0,0.0,1.0,0.5264591797030256,0.5080788170299733
447,1,3,0,0.0,1.0,0.5581946945560218,0.5080788170299733
451,1,3,0,0.25,0.5,0.4317936921102064,0.5080788170299733
465,1,3,1,0.5,0.0,0.4546196518351947,0.5080788170299733
466,1,3,1,0.5,0.0,0.4490476525497347,0.5080788170299733
467,1,3,1,1.0,1.0,0.5809528426128069,0.5080788170299733
471,1,3,0,0.0,1.0,0.41366239268258853,0.5080788170299733
495,1,3,0,0.0,1.0,0.5185590835260683,0.5080788170299733
496,1,3,1,0.75,0.5,0.5363605280419153,0.5080788170299733
499,1,3,0,0.0,1.0,0.5631934246161867,0.5080788170299733
503,1,3,0,0.0,1.0,0.5084536288920998,0.5080788170299733
509,1,3,0,0.25,0.5,0.5666064654920384,0.5080788170299733
514,1,3,1,0.75,0.5,0.4801893235707676,0.5080788170299733
520,1,3,1,0.5,0.0,0.6148352009748295,0.5080788170299733
521,1,3,1,0.75,0.5,0.5435000403817257,0.5080788170299733
522,1,3,0,0.25,0.5,0.6009703875121712,0.5080788170299733
523,1,3,0,0.25,0.5,0.5143351464063238,0.5080788170299733
529,1,3,1,0.5,0.0,0.5026966735669243,0.5080788170299733
530,1,3,1,0.5,0.0,0.5021793962833336,0.5080788170299733
535,1,3,0,0.25,0.5,0.6297091505840131,0.5080788170299733
546,1,3,1,0.5,0.0,0.5215347326568593,0.5080788170299733
552,1,3,1,0.6666666666666666,0.3333333333333332,0.5507047865161073,0.5080788170299733
568,1,3,1,1.0,1.0,0.5522195912487776,0.5080788170299733
570,1,3,1,0.6666666666666666,0.3333333333333332,0.5695139119962256,0.5080788170299733
574,1,3,0,0.3333333333333333,0.3333333333333333,0.5206494523091085,0.5080788170299733
583,1,3,1,0.5,0.0,0.4710402312942445,0.5080788170299733
588,1,3,0,0.1666666666666666,0.6666666666666667,0.5489825289778143,0.5080788170299733
590,1,3,0,0.3333333333333333,0.3333333333333333,0.6445082681590754,0.5080788170299733
594,1,3,0,0.0,1.0,0.5844056701368056,0.5080788170299733
603,1,3,1,0.5,0.0,0.5561983253991417,0.5080788170299733
610,1,3,0,0.25,0.5,0.5128863701887043,0.5080788170299733
612,1,3,0,0.0,1.0,0.4560224684868629,0.5080788170299733
617,1,3,1,0.5,0.0,0.5643353272091192,0.5080788170299733
619,1,3,0,0.25,0.5,0.5909553907593377,0.5080788170299733
624,1,3,0,0.25,0.5,0.5809656954252169,0.5080788170299733
627,1,3,1,0.75,0.5,0.627469974608937,0.5080788170299733
631,1,3,0,0.0,1.0,0.507601948162608,0.5080788170299733
633,1,3,1,0.5,0.0,0.46450073574602196,0.5080788170299733
634,1,3,0,0.25,0.5,0.5808632482943529,0.5080788170299733
636,1,3,0,0.0,1.0,0.4499018923326153,0.5080788170299733
650,1,3,0,0.0,1.0,0.4730894130891597,0.5080788170299733
652,1,3,0,0.0,1.0,0.6177230182108175,0.5080788170299733
654,1,3,0,0.1666666666666666,0.6666666666666667,0.4537561985643673,0.5080788170299733
656,1,3,1,0.6666666666666666,0.3333333333333332,0.49140358347554464,0.5080788170299733
664,1,3,1,0.6666666666666666,0.3333333333333332,0.5175025250859834,0.5080788170299733
665,1,3,0,0.1666666666666666,0.6666666666666667,0.45748671876011593,0.5080788170299733
667,1,3,0,0.3333333333333333,0.3333333333333333,0.5316799809195721,0.5080788170299733
669,1,3,0,0.3333333333333333,0.3333333333333333,0.5609455328455399,0.5080788170299733
673,1,3,0,0.3333333333333333,0.3333333333333333,0.56449560109808,0.5080788170299733
677,1,3,1,0.6666666666666666,0.3333333333333332,0.46626009603456575,0.5080788170299733
681,1,3,0,0.1666666666666666,0.6666666666666667,0.47410697513538264,0.5080788170299733
683,1,3,1,0.8333333333333334,0.6666666666666667,0.44514939526680475,0.5080788170299733
689,1,3,0,0.0,1.0,0.47425044024257074,0.5080788170299733
702,1,3,0,0.1666666666666666,0.6666666666666667,0.532599657259463,0.5080788170299733
713,1,3,1,0.6,0.1999999999999999,0.46616802432110277,0.5080788170299733
714,1,3,0,0.3333333333333333,0.3333333333333333,0.37549468466503916,0.5080788170299733
720,1,3,0,0.0,1.0,0.5933213090595211,0.5080788170299733
721,1,3,0,0.3333333333333333,0.3333333333333333,0.6190041117120629,0.5080788170299733
722,1,3,0,0.2,0.6,0.4974599344188391,0.5080788170299733
723,1,3,0,0.1666666666666666,0.6666666666666667,0.48195022304449514,0.5080788170299733
726,1,3,0,0.0,1.0,0.42988284817085626,0.5080788170299733
738,1,3,0,0.3333333333333333,0.3333333333333333,0.5060616792029022,0.5080788170299733
742,1,3,1,0.5,0.0,0.40041592171186446,0.5080788170299733
4,1,4,1,0.6,0.1999999999999999,0.5202118365509228,0.5017014631592078
7,1,4,1,0.6,0.1999999999999999,0.44231048958308844,0.5017014631592078
15,1,4,0,0.4,0.1999999999999999,0.4478210441616314,0.5017014631592078
27,1,4,0,0.2,0.6,0.4624554372677997,0.5017014631592078
35,1,4,1,0.5,0.0,0.5003475800301618,0.5017014631592078
38,1,4,0,0.0,1.0,0.4491353656415966,0.5017014631592078
47,1,4,0,0.25,0.5,0.4143697159348011,0.5017014631592078
48,1,4,1,0.6,0.1999999999999999,0.47141312665088253,0.5017014631592078
53,1,4,0,0.1666666666666666,0.6666666666666667,0.42135278971516166,0.5017014631592078
55,1,4,0,0.0,1.0,0.4390657804869718,0.5017014631592078
58,1,4,0,0.25,0.5,0.4224764979613881,0.5017014631592078
59,1,4,0,0.25,0.5,0.4383706491388027,0.5017014631592078
61,1,4,0,0.2,0.6,0.4243957312072179,0.5017014631592078
73,1,4,0,0.0,1.0,0.4543017898028998,0.5017014631592078
74,1,4,0,0.0,1.0,0.4763145775078524,0.5017014631592078
80,1,4,0,0.0,1.0,0.4753363209200582,0.5017014631592078
87,1,4,0,0.0,1.0,0.4800054174528658,0.5017014631592078
97,1,4,0,0.25,0.5,0.47578155723671783,0.5017014631592078
100,1,4,0,0.25,0.5,0.4284942447092465,0.5017014631592078
104,1,4,0,0.1111111111111111,0.7777777777777778,0.5014796919156069,0.5017014631592078
105,1,4,0,0.0,1.0,0.4731428500774543,0.5017014631592078
107,1,4,0,0.1111111111111111,0.7777777777777778,0.48294292003240635,0.5017014631592078
111,1,4,0,0.1111111111111111,0.7777777777777778,0.4592296132678262,0.5017014631592078
112,1,4,0,0.125,0.75,0.4469985373671744,0.5017014631592078
116,1,4,0,0.0,1.0,0.5888306416817221,0.5017014631592078
125,1,4,0,0.125,0.75,0.4813667125853517,0.5017014631592078
134,1,4,0,0.1111111111111111,0.7777777777777778,0.5359263411755543,0.5017014631592078
135,1,4,0,0.1666666666666666,0.6666666666666667,0.4593654564793462,0.5017014631592078
143,1,4,1,0.5555555555555556,0.1111111111111111,0.526824552374246,0.5017014631592078
146,1,4,1,0.8888888888888888,0.7777777777777777,0.5284603771921564,0.5017014631592078
147,1,4,0,0.0,1.0,0.5154720389020341,0.5017014631592078
148,1,4,0,0.1111111111111111,0.7777777777777778,0.4410553522819342,0.5017014631592078
162,1,4,0,0.2,0.6,0.4285078227006567,0.5017014631592078
164,1,4,0,0.0,1.0,0.503521991180104,0.5017014631592078
165,1,4,0,0.0,1.0,0.542353583637688,0.5017014631592078
167,1,4,0,0.0,1.0,0.5421231231248128,0.5017014631592078
169,1,4,0,0.0,1.0,0.517038828042346,0.5017014631592078
172,1,4,0,0.0,1.0,0.6190665325069464,0.5017014631592078
174,1,4,1,0.5,0.0,0.4896693784618548,0.5017014631592078
178,1,4,0,0.0,1.0,0.4731640155952355,0.5017014631592078
183,1,4,0,0.0,1.0,0.5947665414700963,0.5017014631592078
185,1,4,0,0.25,0.5,0.610030932562392,0.5017014631592078
189,1,4,1,0.5,0.0,0.60739704019104,0.5017014631592078
190,1,4,0,0.25,0.5,0.5817011539085806,0.5017014631592078
214,1,4,0,0.2,0.6,0.5035355819725612,0.5017014631592078
224,1,4,0,0.4,0.1999999999999999,0.47181778749170533,0.5017014631592078
228,1,4,0,0.2,0.6,0.42146416292750144,0.5017014631592078
242,1,4,1,0.6,0.1999999999999999,0.41630805923113223,0.5017014631592078
244,1,4,1,0.6,0.1999999999999999,0.44446412223767195,0.5017014631592078
253,1,4,0,0.0,1.0,0.42214375782413144,0.5017014631592078
254,1,4,0,0.25,0.5,0.46414844219433127,0.5017014631592078
255,1,4,0,0.25,0.5,0.40050920035037135,0.5017014631592078
269,1,4,1,0.5,0.0,0.407333789100405,0.5017014631592078
281,1,4,0,0.0,1.0,0.4574784742225142,0.5017014631592078
283,1,4,0,0.25,0.5,0.4092494069258678,0.5017014631592078
290,1,4,0,0.0,1.0,0.4455269199450395,0.5017014631592078
295,1,4,0,0.0,1.0,0.49138906308420893,0.5017014631592078
296,1,4,0,0.0,1.0,0.40554282533992814,0.5017014631592078
302,1,4,0,0.0,1.0,0.4455625900943853,0.5017014631592078
303,1,4,0,0.0,1.0,0.5198533927670353,0.5017014631592078
306,1,4,0,0.0,1.0,0.47140451993332466,0.5017014631592078
311,1,4,0,0.4,0.1999999999999999,0.5832099372614722,0.5017014631592078
337,1,4,0,0.0,1.0,0.4872533711925326,0.5017014631592078
340,1,4,1,0.6,0.1999999999999999,0.550348080505884,0.5017014631592078
345,1,4,0,0.0,1.0,0.4753962136125986,0.5017014631592078
348,1,4,0,0.4,0.1999999999999999,0.5464673665805011,0.5017014631592078
359,1,4,0,0.25,0.5,0.5120264709510627,0.5017014631592078
361,1,4,0,0.0,1.0,0.4505654563456748,0.5017014631592078
364,1,4,1,0.5,0.0,0.452253110182887,0.5017014631592078
367,1,4,0,0.25,0.5,0.42885753374348135,0.5017014631592078
371,1,4,0,0.25,0.5,0.5081385109064958,0.5017014631592078
372,1,4,0,0.25,0.5,0.51594667368045,0.5017014631592078
377,1,4,0,0.25,0.5,0.40656369255085295,0.5017014631592078
379,1,4,1,0.75,0.5,0.4197354667259209,0.5017014631592078
381,1,4,1,0.75,0.5,0.4155303541601576,0.5017014631592078
392,1,4,1,0.5,0.0,0.5036392628316626,0.5017014631592078
400,1,4,1,0.5,0.0,0.5197000007447476,0.5017014631592078
410,1,4,1,0.6,0.1999999999999999,0.4931098920117134,0.5017014631592078
413,1,4,0,0.0,1.0,0.5239279141077043,0.5017014631592078
418,1,4,0,0.0,1.0,0.6107906296174147,0.5017014631592078
421,1,4,0,0.2,0.6,0.5273938560265479,0.5017014631592078
422,1,4,1,0.6,0.1999999999999999,0.5159820141592137,0.5017014631592078
424,1,4,1,0.6,0.1999999999999999,0.5180718021685685,0.5017014631592078
427,1,4,1,0.6,0.1999999999999999,0.49420288380102495,0.5017014631592078
430,1,4,1,0.6,0.1999999999999999,0.6226218985873392,0.5017014631592078
432,1,4,0,0.2,0.6,0.5020992822991288,0.5017014631592078
434,1,4,0,0.0,1.0,0.5349430072826952,0.5017014631592078
438,1,4,0,0.1666666666666666,0.6666666666666667,0.520585129011445,0.5017014631592078
441,1,4,0,0.2,0.6,0.5143510218453261,0.5017014631592078
442,1,4,1,0.8,0.6000000000000001,0.4931007393244386,0.5017014631592078
446,1,4,0,0.2,0.6,0.5425658399787621,0.5017014631592078
448,1,4,0,0.0,1.0,0.5089788247050113,0.5017014631592078
452,1,4,0,0.25,0.5,0.526865450077099,0.5017014631592078
453,1,4,0,0.25,0.5,0.5113761041075076,0.5017014631592078
456,1,4,1,0.5,0.0,0.5275180666055953,0.5017014631592078
458,1,4,0,0.0,1.0,0.5293162603660748,0.5017014631592078
459,1,4,0,0.25,0.5,0.5235456773827948,0.5017014631592078
461,1,4,1,0.5,0.0,0.5056727238005484,0.5017014631592078
463,1,4,0,0.25,0.5,0.5006828393093237,0.5017014631592078
473,1,4,0,0.25,0.5,0.4989884151231048,0.5017014631592078
491,1,4,1,0.5,0.0,0.4996702431254174,0.5017014631592078
492,1,4,0,0.3333333333333333,0.3333333333333333,0.39675200132332894,0.5017014631592078
504,1,4,1,0.75,0.5,0.5378153492594935,0.5017014631592078
508,1,4,1,0.75,0.5,0.539075005999056,0.5017014631592078
512,1,4,1,1.0,1.0,0.5356532309438071,0.5017014631592078
517,1,4,0,0.25,0.5,0.5446307591524993,0.5017014631592078
532,1,4,0,0.0,1.0,0.5355258168506414,0.5017014631592078
548,1,4,1,0.5,0.0,0.5430243261556713,0.5017014631592078
550,1,4,0,0.0,1.0,0.4965508952210219,0.5017014631592078
561,1,4,1,0.5,0.0,0.5350234375438153,0.5017014631592078
562,1,4,0,0.3333333333333333,0.3333333333333333,0.49519428745726773,0.5017014631592078
565,1,4,0,0.3333333333333333,0.3333333333333333,0.5148803795088752,0.5017014631592078
566,1,4,0,0.1666666666666666,0.6666666666666667,0.5057980965937776,0.5017014631592078
569,1,4,0,0.1666666666666666,0.6666666666666667,0.5564544768844666,0.5017014631592078
572,1,4,1,0.8333333333333334,0.6666666666666667,0.5409730665406391,0.5017014631592078
578,1,4,1,0.5,0.0,0.5111306998051489,0.5017014631592078
586,1,4,1,0.6666666666666666,0.3333333333333332,0.5496811657966352,0.5017014631592078
596,1,4,1,0.5,0.0,0.5623910442810032,0.5017014631592078
599,1,4,0,0.0,1.0,0.5126246239577681,0.5017014631592078
601,1,4,0,0.0,1.0,0.5436379576145879,0.5017014631592078
605,1,4,1,0.5,0.0,0.5276467827012578,0.5017014631592078
606,1,4,0,0.25,0.5,0.5022995274342374,0.5017014631592078
608,1,4,0,0.0,1.0,0.5358028505898372,0.5017014631592078
609,1,4,0,0.25,0.5,0.536165127901244,0.5017014631592078
614,1,4,1,0.75,0.5,0.5078689914288551,0.5017014631592078
625,1,4,0,0.0,1.0,0.5257040588509017,0.5017014631592078
640,1,4,1,0.75,0.5,0.4978399836781134,0.5017014631592078
643,1,4,1,0.5,0.0,0.4897051620307294,0.5017014631592078
644,1,4,0,0.25,0.5,0.5021964477028115,0.5017014631592078
662,1,4,0,0.0,1.0,0.5251161510112149,0.5017014631592078
671,1,4,0,0.3333333333333333,0.3333333333333333,0.5381497080181726,0.5017014631592078
675,1,4,0,0.3333333333333333,0.3333333333333333,0.5234779929394472,0.5017014631592078
676,1,4,0,0.1666666666666666,0.6666666666666667,0.5116706373411138,0.5017014631592078
682,1,4,0,0.1666666666666666,0.6666666666666667,0.5559808525055414,0.5017014631592078
685,1,4,0,0.0,1.0,0.49723551955237194,0.5017014631592078
694,1,4,0,0.3333333333333333,0.3333333333333333,0.5100494388444327,0.5017014631592078
700,1,4,1,0.5,0.0,0.49941033017495196,0.5017014631592078
701,1,4,0,0.1666666666666666,0.6666666666666667,0.48806388080490243,0.5017014631592078
705,1,4,1,0.5,0.0,0.48329943513759,0.5017014631592078
709,1,4,0,0.3333333333333333,0.3333333333333333,0.5022524296515434,0.5017014631592078
724,1,4,0,0.2,0.6,0.4591243515037629,0.5017014631592078
730,1,4,0,0.3333333333333333,0.3333333333333333,0.4227312575881424,0.5017014631592078
733,1,4,0,0.1666666666666666,0.6666666666666667,0.4805977608751368,0.5017014631592078
736,1,4,0,0.0,1.0,0.5081423546050383,0.5017014631592078
737,1,4,0,0.1666666666666666,0.6666666666666667,0.41835862510008237,0.5017014631592078
740,1,4,0,0.1666666666666666,0.6666666666666667,0.4334817434180094,0.5017014631592078
741,1,4,0,0.2,0.6,0.441055998795885,0.5017014631592078
1,2,0,0,0.3333333333333333,0.3333333333333333,0.37580078192581423,0.49166141722271306
4,2,0,1,0.6,0.1999999999999999,0.575561928015195,0.49166141722271306
6,2,0,0,0.2,0.6,0.43489575226078975,0.49166141722271306
10,2,0,0,0.0,1.0,0.352679044649967,0.49166141722271306
12,2,0,0,0.4,0.1999999999999999,0.5164490949407142,0.49166141722271306
18,2,0,1,0.6,0.1999999999999999,0.6338593524689654,0.49166141722271306
25,2,0,0,0.2,0.6,0.41480566588743395,0.49166141722271306
33,2,0,0,0.4,0.1999999999999999,0.5116294861744283,0.49166141722271306
38,2,0,0,0.0,1.0,0.3792311544788756,0.49166141722271306
44,2,0,0,0.0,1.0,0.5642539974282708,0.49166141722271306
48,2,0,1,0.6,0.1999999999999999,0.48668489233907036,0.49166141722271306
57,2,0,1,1.0,1.0,0.4806712272741692,0.49166141722271306
60,2,0,0,0.0,1.0,0.47015809622584376,0.49166141722271306
62,2,0,0,0.25,0.5,0.50174052600841,0.49166141722271306
70,2,0,0,0.0,1.0,0.5204874616888827,0.49166141722271306
73,2,0,0,0.0,1.0,0.4239073444153345,0.49166141722271306
74,2,0,0,0.0,1.0,0.4901827624767206,0.49166141722271306
80,2,0,0,0.0,1.0,0.4992689615332512,0.49166141722271306
81,2,0,0,0.0,1.0,0.4529596017820947,0.49166141722271306
84,2,0,0,0.3333333333333333,0.3333333333333333,0.6399389973929889,0.49166141722271306
91,2,0,0,0.25,0.5,0.40773663981381847,0.49166141722271306
98,2,0,0,0.3333333333333333,0.3333333333333333,0.5766644138684603,0.49166141722271306
104,2,0,0,0.1111111111111111,0.7777777777777778,0.523263198231207,0.49166141722271306
108,2,0,0,0.25,0.5,0.3955644474249986,0.49166141722271306
114,2,0,0,0.1111111111111111,0.7777777777777778,0.3652343060378809,0.49166141722271306
118,2,0,0,0.0,1.0,0.5561852283723498,0.49166141722271306
133,2,0,1,0.8888888888888888,0.7777777777777777,0.6242717505042549,0.49166141722271306
134,2,0,0,0.1111111111111111,0.7777777777777778,0.5713508534252154,0.49166141722271306
136,2,0,0,0.3333333333333333,0.3333333333333333,0.4393034070890125,0.49166141722271306
139,2,0,0,0.0,1.0,0.5741353480497264,0.49166141722271306
141,2,0,0,0.0,1.0,0.510908273724306,0.49166141722271306
144,2,0,0,0.0,1.0,0.639693921799892,0.49166141722271306
152,2,0,0,0.0,1.0,0.4470482016134491,0.49166141722271306
162,2,0,0,0.2,0.6,0.386145886295038,0.49166141722271306
165,2,0,0,0.0,1.0,0.49723584778106333,0.49166141722271306
171,2,0,0,0.25,0.5,0.5059865836684572,0.49166141722271306
173,2,0,0,0.25,0.5,0.4725132785102559,0.49166141722271306
182,2,0,0,0.0,1.0,0.4596030596565711,0.49166141722271306
185,2,0,0,0.25,0.5,0.6561135237380303,0.49166141722271306
188,2,0,0,0.0,1.0,0.4264376902959642,0.49166141722271306
191,2,0,0,0.0,1.0,0.5382715642356378,0.49166141722271306
203,2,0,0,0.2,0.6,0.5510335702231426,0.49166141722271306
222,2,0,0,0.2,0.6,0.4145817041975639,0.49166141722271306
244,2,0,1,0.6,0.1999999999999999,0.44127164215861636,0.49166141722271306
248,2,0,0,0.4,0.1999999999999999,0.45061461093039223,0.49166141722271306
250,2,0,0,0.4,0.1999999999999999,0.39151010555087074,0.49166141722271306
253,2,0,0,0.0,1.0,0.38698233317063124,0.49166141722271306
255,2,0,0,0.25,0.5,0.3606447106637663,0.49166141722271306
257,2,0,0,0.25,0.5,0.4958774300195134,0.49166141722271306
261,2,0,0,0.25,0.5,0.43058817673871713,0.49166141722271306
263,2,0,0,0.2,0.6,0.43781590244317903,0.49166141722271306
265,2,0,1,0.5,0.0,0.41337483988381807,0.49166141722271306
272,2,0,1,0.5,0.0,0.4621771144933083,0.49166141722271306
273,2,0,1,0.5,0.0,0.5434665463684052,0.49166141722271306
276,2,0,0,0.2,0.6,0.5290423154327943,0.49166141722271306
288,2,0,1,0.75,0.5,0.5092928774619786,0.49166141722271306
322,2,0,1,0.6,0.1999999999999999,0.485974493596977,0.49166141722271306
324,2,0,0,0.2,0.6,0.521082806053429,0.49166141722271306
326,2,0,0,0.0,1.0,0.5063096758494463,0.49166141722271306
327,2,0,0,0.0,1.0,0.38273310645983416,0.49166141722271306
328,2,0,1,0.6,0.1999999999999999,0.49419974782360493,0.49166141722271306
331,2,0,0,0.0,1.0,0.4220414287386694,0.49166141722271306
339,2,0,0,0.0,1.0,0.5027361531762494,0.49166141722271306
343,2,0,1,0.8,0.6000000000000001,0.3855168559671999,0.49166141722271306
345,2,0,0,0.0,1.0,0.4902811068642391,0.49166141722271306
346,2,0,1,0.6,0.1999999999999999,0.45938140859379606,0.49166141722271306
352,2,0,0,0.25,0.5,0.5236795435841353,0.49166141722271306
353,2,0,0,0.0,1.0,0.43543395096216747,0.49166141722271306
357,2,0,1,0.5,0.0,0.5407717025624642,0.49166141722271306
363,2,0,0,0.0,1.0,0.48496129444926983,0.49166141722271306
367,2,0,0,0.25,0.5,0.3844586810539137,0.49166141722271306
371,2,0,0,0.25,0.5,0.5383865771826161,0.49166141722271306
373,2,0,0,0.0,1.0,0.44321569827786284,0.49166141722271306
375,2,0,1,0.5,0.0,0.33666334201901377,0.49166141722271306
387,2,0,0,0.0,1.0,0.5242118346341736,0.49166141722271306
392,2,0,1,0.5,0.0,0.4871082990844535,0.49166141722271306
393,2,0,0,0.25,0.5,0.5924430372667813,0.49166141722271306
394,2,0,1,0.5,0.0,0.42913589181856393,0.49166141722271306
395,2,0,1,0.5,0.0,0.6753120356833441,0.49166141722271306
398,2,0,0,0.25,0.5,0.568909894579232,0.49166141722271306
402,2,0,1,0.6,0.1999999999999999,0.6162157734960958,0.49166141722271306
412,2,0,1,1.0,1.0,0.6203667044691227,0.49166141722271306
414,2,0,1,0.6,0.1999999999999999,0.5750277401223077,0.49166141722271306
416,2,0,0,0.0,1.0,0.5397392211682334,0.49166141722271306
421,2,0,0,0.2,0.6,0.5558447581678843,0.49166141722271306
428,2,0,1,0.6,0.1999999999999999,0.5389274527160136,0.49166141722271306
432,2,0,0,0.2,0.6,0.46443040886082415,0.49166141722271306
435,2,0,0,0.4,0.1999999999999999,0.5023318622529094,0.49166141722271306
438,2,0,0,0.1666666666666666,0.6666666666666667,0.4921016143366325,0.49166141722271306
442,2,0,1,0.8,0.6000000000000001,0.4995477326568326,0.49166141722271306
444,2,0,0,0.2,0.6,0.5601469509675964,0.49166141722271306
460,2,0,0,0.0,1.0,0.4661465452245864,0.49166141722271306
465,2,0,1,0.5,0.0,0.46700704510753605,0.49166141722271306
470,2,0,0,0.0,1.0,0.5381126674631223,0.49166141722271306
471,2,0,0,0.0,1.0,0.4235079929686197,0.49166141722271306
474,2,0,0,0.0,1.0,0.6138318477821421,0.49166141722271306
475,2,0,0,0.25,0.5,0.5860569102666436,0.49166141722271306
476,2,0,0,0.0,1.0,0.4601463628390104,0.49166141722271306
485,2,0,1,0.5,0.0,0.47507972395747267,0.49166141722271306
489,2,0,0,0.0,1.0,0.5297314992266283,0.49166141722271306
493,2,0,0,0.0,1.0,0.4623241780776505,0.49166141722271306
498,2,0,0,0.0,1.0,0.5534086148078118,0.49166141722271306
505,2,0,1,0.5,0.0,0.520816701816768,0.49166141722271306
506,2,0,1,0.75,0.5,0.543544979928201,0.49166141722271306
515,2,0,0,0.25,0.5,0.556939558723257,0.49166141722271306
517,2,0,0,0.25,0.5,0.580004649355997,0.49166141722271306
525,2,0,0,0.2,0.6,0.493029939973217,0.49166141722271306
526,2,0,0,0.0,1.0,0.5903739587236613,0.49166141722271306
531,2,0,1,0.75,0.5,0.4885145501706131,0.49166141722271306
533,2,0,0,0.0,1.0,0.57398337943817,0.49166141722271306
534,2,0,1,0.75,0.5,0.5571503971260103,0.49166141722271306
535,2,0,0,0.25,0.5,0.6372146551253713,0.49166141722271306
545,2,0,0,0.25,0.5,0.5704618927410354,0.49166141722271306
547,2,0,1,0.5,0.0,0.5558926360089018,0.49166141722271306
548,2,0,1,0.5,0.0,0.6086602223854767,0.49166141722271306
549,2,0,0,0.0,1.0,0.6051904697971043,0.49166141722271306
552,2,0,1,0.6666666666666666,0.3333333333333332,0.5504301562085893,0.49166141722271306
563,2,0,0,0.0,1.0,0.5042473446000756,0.49166141722271306
571,2,0,1,0.5,0.0,0.48072596858898525,0.49166141722271306
573,2,0,0,0.3333333333333333,0.3333333333333333,0.5561183428742525,0.49166141722271306
577,2,0,0,0.1666666666666666,0.6666666666666667,0.4610896645781855,0.49166141722271306
581,2,0,0,0.3333333333333333,0.3333333333333333,0.5464380292957535,0.49166141722271306
583,2,0,1,0.5,0.0,0.4753734740235041,0.49166141722271306
584,2,0,1,0.6666666666666666,0.3333333333333332,0.5382852432671779,0.49166141722271306
588,2,0,0,0.1666666666666666,0.6666666666666667,0.5486231693589264,0.49166141722271306
594,2,0,0,0.0,1.0,0.5816081803246688,0.49166141722271306
601,2,0,0,0.0,1.0,0.6009959701305202,0.49166141722271306
606,2,0,0,0.25,0.5,0.490435312886431,0.49166141722271306
615,2,0,1,0.75,0.5,0.5925449765548106,0.49166141722271306
620,2,0,1,0.75,0.5,0.5294778530574085,0.49166141722271306
652,2,0,0,0.0,1.0,0.6119596697175068,0.49166141722271306
655,2,0,1,0.6666666666666666,0.3333333333333332,0.5098626864088969,0.49166141722271306
656,2,0,1,0.6666666666666666,0.3333333333333332,0.49433068157868565,0.49166141722271306
660,2,0,0,0.1666666666666666,0.6666666666666667,0.48568304320809463,0.49166141722271306
661,2,0,1,0.8333333333333334,0.6666666666666667,0.5153665157618811,0.49166141722271306
662,2,0,0,0.0,1.0,0.5424851065469781,0.49166141722271306
674,2,0,0,0.3333333333333333,0.3333333333333333,0.5519865249209782,0.49166141722271306
680,2,0,0,0.0,1.0,0.5406235704453826,0.49166141722271306
684,2,0,0,0.0,1.0,0.4600712531723715,0.49166141722271306
689,2,0,0,0.0,1.0,0.47190432328271725,0.49166141722271306
699,2,0,0,0.1666666666666666,0.6666666666666667,0.545818023918588,0.49166141722271306
701,2,0,0,0.1666666666666666,0.6666666666666667,0.4882566563013802,0.49166141722271306
721,2,0,0,0.3333333333333333,0.3333333333333333,0.6216553469428012,0.49166141722271306
723,2,0,0,0.1666666666666666,0.6666666666666667,0.47536549136336537,0.49166141722271306
737,2,0,0,0.1666666666666666,0.6666666666666667,0.41513113366423143,0.49166141722271306
739,2,0,0,0.3333333333333333,0.3333333333333333,0.41754859411358713,0.49166141722271306
742,2,0,1,0.5,0.0,0.3959772604800869,0.49166141722271306
13,2,1,0,0.2,0.6,0.5618174186494748,0.5003638104117882
14,2,1,0,0.2,0.6,0.3756635351334317,0.5003638104117882
16,2,1,1,0.6,0.1999999999999999,0.5359324837768465,0.5003638104117882
20,2,1,0,0.25,0.5,0.37992777689988344,0.5003638104117882
29,2,1,0,0.2,0.6,0.42279553885690774,0.5003638104117882
34,2,1,0,0.1666666666666666,0.6666666666666667,0.4451334121744786,0.5003638104117882
35,2,1,1,0.5,0.0,0.543899642870866,0.5003638104117882
46,2,1,0,0.4,0.1999999999999999,0.45657092965465657,0.5003638104117882
67,2,1,0,0.0,1.0,0.38696288816013974,0.5003638104117882
82,2,1,0,0.25,0.5,0.4955752982540275,0.5003638104117882
83,2,1,0,0.25,0.5,0.5180155099294935,0.5003638104117882
85,2,1,0,0.25,0.5,0.4435496281598902,0.5003638104117882
88,2,1,1,0.5,0.0,0.3633776612782155,0.5003638104117882
93,2,1,0,0.0,1.0,0.5635514630742136,0.5003638104117882
103,2,1,0,0.1111111111111111,0.7777777777777778,0.44201788029974626,0.5003638104117882
116,2,1,0,0.0,1.0,0.6417470038217142,0.5003638104117882
122,2,1,0,0.0,1.0,0.46357450013372986,0.5003638104117882
123,2,1,0,0.0,1.0,0.4511163675714485,0.5003638104117882
124,2,1,0,0.0,1.0,0.37395447972061785,0.5003638104117882
127,2,1,1,0.6666666666666666,0.3333333333333332,0.411460661873338,0.5003638104117882
128,2,1,0,0.1111111111111111,0.7777777777777778,0.4808505796600503,0.5003638104117882
131,2,1,0,0.0,1.0,0.3726365027877453,0.5003638104117882
132,2,1,0,0.2222222222222222,0.5555555555555556,0.3725031163571203,0.5003638104117882
143,2,1,1,0.5555555555555556,0.1111111111111111,0.5505652188360787,0.5003638104117882
149,2,1,0,0.3333333333333333,0.3333333333333333,0.5502232780786508,0.5003638104117882
153,2,1,0,0.0,1.0,0.3883089985163496,0.5003638104117882
157,2,1,0,0.25,0.5,0.38758845375808615,0.5003638104117882
159,2,1,0,0.0,1.0,0.40352016865744145,0.5003638104117882
176,2,1,0,0.0,1.0,0.4799539668565044,0.5003638104117882
181,2,1,1,0.5,0.0,0.5454806389035507,0.5003638104117882
184,2,1,0,0.0,1.0,0.4252036275352009,0.5003638104117882
190,2,1,0,0.25,0.5,0.5700483039421257,0.5003638104117882
196,2,1,1,0.5,0.0,0.5798048986893133,0.5003638104117882
198,2,1,0,0.0,1.0,0.5008858549589899,0.5003638104117882
199,2,1,0,0.25,0.5,0.547031478097441,0.5003638104117882
207,2,1,0,0.2,0.6,0.494090866631569,0.5003638104117882
208,2,1,0,0.0,1.0,0.4916705254863197,0.5003638104117882
212,2,1,0,0.2,0.6,0.5625721997105428,0.5003638104117882
216,2,1,0,0.0,1.0,0.48161080626413194,0.5003638104117882
224,2,1,0,0.4,0.1999999999999999,0.44353068853933,0.5003638104117882
227,2,1,1,1.0,1.0,0.4959301760693283,0.5003638104117882
229,2,1,0,0.0,1.0,0.5398438020812609,0.5003638104117882
235,2,1,0,0.0,1.0,0.41088550934462276,0.5003638104117882
240,2,1,0,0.2,0.6,0.40173444875687103,0.5003638104117882
245,2,1,0,0.0,1.0,0.5467641967942374,0.5003638104117882
247,2,1,0,0.2,0.6,0.4211340472195853,0.5003638104117882
258,2,1,0,0.0,1.0,0.4514792337506908,0.5003638104117882
262,2,1,1,0.5,0.0,0.3780446975103268,0.5003638104117882
277,2,1,1,0.5,0.0,0.5315331527490925,0.5003638104117882
278,2,1,0,0.25,0.5,0.4571326223288968,0.5003638104117882
279,2,1,0,0.2,0.6,0.4893577586463318,0.5003638104117882
285,2,1,0,0.4,0.1999999999999999,0.49773625529107307,0.5003638104117882
287,2,1,0,0.25,0.5,0.4996478205599419,0.5003638104117882
291,2,1,0,0.0,1.0,0.47853120160673324,0.5003638104117882
292,2,1,0,0.25,0.5,0.4684138534307422,0.5003638104117882
293,2,1,1,0.5,0.0,0.39452333355513924,0.5003638104117882
295,2,1,0,0.0,1.0,0.48665513452228126,0.5003638104117882
300,2,1,0,0.0,1.0,0.5958350661458784,0.5003638104117882
304,2,1,1,0.8,0.6000000000000001,0.46170672220669357,0.5003638104117882
307,2,1,0,0.4,0.1999999999999999,0.4067798492238916,0.5003638104117882
309,2,1,1,0.8,0.6000000000000001,0.49436189038521483,0.5003638104117882
318,2,1,0,0.4,0.1999999999999999,0.5567490407464856,0.5003638104117882
347,2,1,0,0.4,0.1999999999999999,0.42357023145679756,0.5003638104117882
349,2,1,0,0.0,1.0,0.5141801143788197,0.5003638104117882
351,2,1,0,0.0,1.0,0.5030628190587102,0.5003638104117882
358,2,1,0,0.25,0.5,0.4376847001343658,0.5003638104117882
359,2,1,0,0.25,0.5,0.5043921665944218,0.5003638104117882
360,2,1,0,0.25,0.5,0.5192702521319245,0.5003638104117882
372,2,1,0,0.25,0.5,0.5290009092731259,0.5003638104117882
374,2,1,1,0.5,0.0,0.3537172328378778,0.5003638104117882
381,2,1,1,0.75,0.5,0.3674638543728147,0.5003638104117882
382,2,1,1,0.5,0.0,0.4198078963195623,0.5003638104117882
383,2,1,0,0.0,1.0,0.5276482141939021,0.5003638104117882
384,2,1,0,0.25,0.5,0.4373513407109287,0.5003638104117882
389,2,1,0,0.25,0.5,0.4178724252072873,0.5003638104117882
399,2,1,0,0.25,0.5,0.4301730988219744,0.5003638104117882
401,2,1,0,0.2,0.6,0.514326009084189,0.5003638104117882
405,2,1,0,0.0,1.0,0.5852992285516805,0.5003638104117882
420,2,1,0,0.0,1.0,0.5231270572500458,0.5003638104117882
427,2,1,1,0.6,0.1999999999999999,0.5039660151227406,0.5003638104117882
430,2,1,1,0.6,0.1999999999999999,0.6686258143446826,0.5003638104117882
431,2,1,0,0.4,0.1999999999999999,0.5858050877666422,0.5003638104117882
433,2,1,0,0.0,1.0,0.6518552764317452,0.5003638104117882
447,2,1,0,0.0,1.0,0.5601994352554126,0.5003638104117882
456,2,1,1,0.5,0.0,0.5665090403177524,0.5003638104117882
458,2,1,0,0.0,1.0,0.5552282870413321,0.5003638104117882
461,2,1,1,0.5,0.0,0.5532759048766991,0.5003638104117882
464,2,1,0,0.0,1.0,0.5882464398869635,0.5003638104117882
477,2,1,0,0.0,1.0,0.5687693317761693,0.5003638104117882
488,2,1,1,0.5,0.0,0.38438341894265515,0.5003638104117882
492,2,1,0,0.3333333333333333,0.3333333333333333,0.38516070957720744,0.5003638104117882
503,2,1,0,0.0,1.0,0.503180016855783,0.5003638104117882
508,2,1,1,0.75,0.5,0.5413525576216914,0.5003638104117882
509,2,1,0,0.25,0.5,0.5717087883499519,0.5003638104117882
510,2,1,1,0.5,0.0,0.5511793337723964,0.5003638104117882
520,2,1,1,0.5,0.0,0.6281278006142686,0.5003638104117882
521,2,1,1,0.75,0.5,0.5491639309323577,0.5003638104117882
524,2,1,0,0.0,1.0,0.58040386264358,0.5003638104117882
528,2,1,0,0.0,1.0,0.5498515926601003,0.5003638104117882
538,2,1,0,0.0,1.0,0.5011450995622104,0.5003638104117882
539,2,1,0,0.25,0.5,0.572654289440941,0.5003638104117882
541,2,1,1,0.5,0.0,0.5685653833755222,0.5003638104117882
542,2,1,0,0.25,0.5,0.574590407425752,0.5003638104117882
543,2,1,1,0.5,0.0,0.4918978614509628,0.5003638104117882
550,2,1,0,0.0,1.0,0.49007608592527346,0.5003638104117882
568,2,1,1,1.0,1.0,0.5527246810052638,0.5003638104117882
569,2,1,0,0.1666666666666666,0.6666666666666667,0.6085986295706697,0.5003638104117882
575,2,1,1,0.5,0.0,0.5580532095356024,0.5003638104117882
579,2,1,0,0.3333333333333333,0.3333333333333333,0.5660080926733193,0.5003638104117882
580,2,1,0,0.3333333333333333,0.3333333333333333,0.506167473241659,0.5003638104117882
582,2,1,1,0.5,0.0,0.5710468542813307,0.5003638104117882
586,2,1,1,0.6666666666666666,0.3333333333333332,0.6346256808581178,0.5003638104117882
590,2,1,0,0.3333333333333333,0.3333333333333333,0.654345042484673,0.5003638104117882
592,2,1,1,0.6,0.1999999999999999,0.46106591621919707,0.5003638104117882
593,2,1,1,0.5,0.0,0.598093859897928,0.5003638104117882
595,2,1,1,0.8333333333333334,0.6666666666666667,0.5360376909770432,0.5003638104117882
600,2,1,0,0.1666666666666666,0.6666666666666667,0.5490584255626123,0.5003638104117882
602,2,1,0,0.25,0.5,0.5457076457446787,0.5003638104117882
603,2,1,1,0.5,0.0,0.5503032702487473,0.5003638104117882
604,2,1,1,0.75,0.5,0.4919768229900449,0.5003638104117882
605,2,1,1,0.5,0.0,0.5705008358370567,0.5003638104117882
610,2,1,0,0.25,0.5,0.5095100948925885,0.5003638104117882
612,2,1,0,0.0,1.0,0.4624332186613441,0.5003638104117882
617,2,1,1,0.5,0.0,0.5693984354827276,0.5003638104117882
619,2,1,0,0.25,0.5,0.5941170795286143,0.5003638104117882
625,2,1,0,0.0,1.0,0.4945808851096921,0.5003638104117882
638,2,1,0,0.25,0.5,0.6125027225180176,0.5003638104117882
659,2,1,1,0.6666666666666666,0.3333333333333332,0.49271898595471647,0.5003638104117882
663,2,1,0,0.3333333333333333,0.3333333333333333,0.5042626333046649,0.5003638104117882
665,2,1,0,0.1666666666666666,0.6666666666666667,0.44505008595318846,0.5003638104117882
672,2,1,0,0.0,1.0,0.5523616785925938,0.5003638104117882
677,2,1,1,0.6666666666666666,0.3333333333333332,0.45231839354215986,0.5003638104117882
678,2,1,0,0.3333333333333333,0.3333333333333333,0.571452837216288,0.5003638104117882
679,2,1,0,0.4,0.1999999999999999,0.6120300451168219,0.5003638104117882
688,2,1,0,0.1666666666666666,0.6666666666666667,0.5663663509233179,0.5003638104117882
690,2,1,0,0.0,1.0,0.583140586853233,0.5003638104117882
696,2,1,0,0.1666666666666666,0.6666666666666667,0.5446369740508111,0.5003638104117882
697,2,1,1,0.5,0.0,0.46323645913317485,0.5003638104117882
706,2,1,1,0.6666666666666666,0.3333333333333332,0.5963594536256277,0.5003638104117882
708,2,1,0,0.0,1.0,0.45595850886207984,0.5003638104117882
712,2,1,0,0.1666666666666666,0.6666666666666667,0.46722122189214044,0.5003638104117882
724,2,1,0,0.2,0.6,0.4955946378199318,0.5003638104117882
726,2,1,0,0.0,1.0,0.45632966633042216,0.5003638104117882
728,2,1,0,0.2,0.6,0.5444571388576409,0.5003638104117882
733,2,1,0,0.1666666666666666,0.6666666666666667,0.4915158972715227,0.5003638104117882
735,2,1,0,0.0,1.0,0.4986229071376422,0.5003638104117882
736,2,1,0,0.0,1.0,0.549150427149002,0.5003638104117882
11,2,2,1,0.6,0.1999999999999999,0.38934059885830197,0.48977100586896805
15,2,2,0,0.4,0.1999999999999999,0.39146971753424686,0.48977100586896805
21,2,2,0,0.2,0.6,0.5829071538992937,0.48977100586896805
24,2,2,0,0.0,1.0,0.34872546928484455,0.48977100586896805
27,2,2,0,0.2,0.6,0.38634896276477987,0.48977100586896805
28,2,2,0,0.2,0.6,0.381387632183971,0.48977100586896805
30,2,2,0,0.2,0.6,0.3751061264159714,0.48977100586896805
31,2,2,0,0.1666666666666666,0.6666666666666667,0.5006131564518042,0.48977100586896805
37,2,2,0,0.2,0.6,0.5125810508855335,0.48977100586896805
47,2,2,0,0.25,0.5,0.36934372658404346,0.48977100586896805
58,2,2,0,0.25,0.5,0.4063743762779957,0.48977100586896805
59,2,2,0,0.25,0.5,0.4410166258761026,0.48977100586896805
61,2,2,0,0.2,0.6,0.3805093454645535,0.48977100586896805
64,2,2,0,0.3333333333333333,0.3333333333333333,0.4580093635949974,0.48977100586896805
71,2,2,0,0.0,1.0,0.5040377590730897,0.48977100586896805
76,2,2,0,0.25,0.5,0.5002959967028692,0.48977100586896805
87,2,2,0,0.0,1.0,0.5240390785140907,0.48977100586896805
94,2,2,0,0.25,0.5,0.37457329038856146,0.48977100586896805
95,2,2,0,0.25,0.5,0.5248268658462379,0.48977100586896805
97,2,2,0,0.25,0.5,0.40215367298195076,0.48977100586896805
101,2,2,0,0.3333333333333333,0.3333333333333333,0.3294963320806767,0.48977100586896805
105,2,2,0,0.0,1.0,0.39895955075161177,0.48977100586896805
111,2,2,0,0.1111111111111111,0.7777777777777778,0.382542796136568,0.48977100586896805
113,2,2,0,0.1111111111111111,0.7777777777777778,0.4097594903441616,0.48977100586896805
120,2,2,0,0.0,1.0,0.39104201559049134,0.48977100586896805
129,2,2,0,0.2,0.6,0.42709147261524655,0.48977100586896805
142,2,2,0,0.0,1.0,0.5088182093701809,0.48977100586896805
148,2,2,0,0.1111111111111111,0.7777777777777778,0.4562514033872383,0.48977100586896805
150,2,2,0,0.0,1.0,0.5387646663490206,0.48977100586896805
151,2,2,0,0.0,1.0,0.562100148472389,0.48977100586896805
156,2,2,0,0.25,0.5,0.5106839292830769,0.48977100586896805
158,2,2,0,0.0,1.0,0.5051670041185417,0.48977100586896805
163,2,2,0,0.25,0.5,0.4989557992186365,0.48977100586896805
167,2,2,0,0.0,1.0,0.48291120911694946,0.48977100586896805
168,2,2,0,0.25,0.5,0.6069476572038722,0.48977100586896805
177,2,2,0,0.0,1.0,0.5178445628598172,0.48977100586896805
179,2,2,0,0.25,0.5,0.4916017214018873,0.48977100586896805
187,2,2,0,0.0,1.0,0.3753006940719631,0.48977100586896805
189,2,2,1,0.5,0.0,0.6548722679784593,0.48977100586896805
201,2,2,0,0.25,0.5,0.4942135974761083,0.48977100586896805
205,2,2,0,0.2,0.6,0.5872672386437163,0.48977100586896805
206,2,2,1,0.5,0.0,0.46920704427238996,0.48977100586896805
213,2,2,0,0.4,0.1999999999999999,0.48593738207974607,0.48977100586896805
214,2,2,0,0.2,0.6,0.4778885752895025,0.48977100586896805
220,2,2,0,0.4,0.1999999999999999,0.5495876459238301,0.48977100586896805
223,2,2,0,0.2,0.6,0.44371084000104805,0.48977100586896805
237,2,2,0,0.4,0.1999999999999999,0.3725494222829719,0.48977100586896805
238,2,2,0,0.25,0.5,0.4105745522014372,0.48977100586896805
241,2,2,1,0.6,0.1999999999999999,0.4273886162448238,0.48977100586896805
249,2,2,1,0.6,0.1999999999999999,0.4343246369478549,0.48977100586896805
252,2,2,0,0.0,1.0,0.4025130947738812,0.48977100586896805
259,2,2,0,0.0,1.0,0.33130861885031104,0.48977100586896805
264,2,2,0,0.25,0.5,0.4380491434097265,0.48977100586896805
268,2,2,1,0.5,0.0,0.40138802393887757,0.48977100586896805
269,2,2,1,0.5,0.0,0.403545595816044,0.48977100586896805
270,2,2,0,0.0,1.0,0.47369106328670485,0.48977100586896805
271,2,2,0,0.0,1.0,0.5178260005517336,0.48977100586896805
275,2,2,1,0.5,0.0,0.43056924315216505,0.48977100586896805
280,2,2,0,0.25,0.5,0.540186431848753,0.48977100586896805
281,2,2,0,0.0,1.0,0.48639775098245996,0.48977100586896805
283,2,2,0,0.25,0.5,0.3825809158902512,0.48977100586896805
284,2,2,1,0.5,0.0,0.5110608412717716,0.48977100586896805
286,2,2,0,0.2,0.6,0.5076786306279633,0.48977100586896805
290,2,2,0,0.0,1.0,0.4222354926021761,0.48977100586896805
296,2,2,0,0.0,1.0,0.3667920391056947,0.48977100586896805
298,2,2,0,0.25,0.5,0.36136368044850276,0.48977100586896805
303,2,2,0,0.0,1.0,0.5574193253753417,0.48977100586896805
306,2,2,0,0.0,1.0,0.43750773935760623,0.48977100586896805
310,2,2,0,0.2,0.6,0.4386669230320575,0.48977100586896805
312,2,2,0,0.0,1.0,0.5494876855573035,0.48977100586896805
316,2,2,0,0.4,0.1999999999999999,0.4955738916125056,0.48977100586896805
333,2,2,0,0.0,1.0,0.49776294741078747,0.48977100586896805
335,2,2,1,0.5,0.0,0.578466356827753,0.48977100586896805
338,2,2,0,0.4,0.1999999999999999,0.48086063315381594,0.48977100586896805
342,2,2,0,0.2,0.6,0.4715407797580936,0.48977100586896805
354,2,2,0,0.25,0.5,0.39066090179990925,0.48977100586896805
355,2,2,0,0.25,0.5,0.45421155906532545,0.48977100586896805
361,2,2,0,0.0,1.0,0.4327297347827472,0.48977100586896805
364,2,2,1,0.5,0.0,0.4562616564778872,0.48977100586896805
376,2,2,1,0.5,0.0,0.44255471074576647,0.48977100586896805
378,2,2,1,0.5,0.0,0.3686360488322042,0.48977100586896805
379,2,2,1,0.75,0.5,0.41042368105899624,0.48977100586896805
388,2,2,1,0.5,0.0,0.6085375644295609,0.48977100586896805
390,2,2,1,0.75,0.5,0.44382981033163554,0.48977100586896805
406,2,2,1,0.6,0.1999999999999999,0.49565641915049624,0.48977100586896805
409,2,2,0,0.4,0.1999999999999999,0.49153100477653294,0.48977100586896805
411,2,2,0,0.2,0.6,0.5112195363684983,0.48977100586896805
413,2,2,0,0.0,1.0,0.5464925047238506,0.48977100586896805
418,2,2,0,0.0,1.0,0.6614343644404364,0.48977100586896805
422,2,2,1,0.6,0.1999999999999999,0.47220261061292323,0.48977100586896805
424,2,2,1,0.6,0.1999999999999999,0.5181266371462189,0.48977100586896805
429,2,2,0,0.0,1.0,0.6141936406582422,0.48977100586896805
434,2,2,0,0.0,1.0,0.583027225390211,0.48977100586896805
441,2,2,0,0.2,0.6,0.5361986189688688,0.48977100586896805
445,2,2,0,0.0,1.0,0.5925512944459321,0.48977100586896805
446,2,2,0,0.2,0.6,0.5413251378031534,0.48977100586896805
448,2,2,0,0.0,1.0,0.4635531324460049,0.48977100586896805
452,2,2,0,0.25,0.5,0.5416893740282475,0.48977100586896805
462,2,2,1,0.5,0.0,0.445337740066666,0.48977100586896805
463,2,2,0,0.25,0.5,0.45339215309886205,0.48977100586896805
467,2,2,1,1.0,1.0,0.5771347382227836,0.48977100586896805
480,2,2,1,0.5,0.0,0.5526390403305051,0.48977100586896805
496,2,2,1,0.75,0.5,0.5344886469336466,0.48977100586896805
499,2,2,0,0.0,1.0,0.5599390046128804,0.48977100586896805
512,2,2,1,1.0,1.0,0.5747357490478757,0.48977100586896805
514,2,2,1,0.75,0.5,0.47968937427119546,0.48977100586896805
516,2,2,0,0.0,1.0,0.5216252375240445,0.48977100586896805
518,2,2,0,0.25,0.5,0.5092537086265386,0.48977100586896805
519,2,2,0,0.0,1.0,0.5274795227469392,0.48977100586896805
530,2,2,1,0.5,0.0,0.5020610403537155,0.48977100586896805
546,2,2,1,0.5,0.0,0.5213019700477669,0.48977100586896805
553,2,2,0,0.0,1.0,0.5612612630124068,0.48977100586896805
554,2,2,1,0.5,0.0,0.5103466357136188,0.48977100586896805
555,2,2,0,0.3333333333333333,0.3333333333333333,0.4818620108510889,0.48977100586896805
559,2,2,1,0.6666666666666666,0.3333333333333332,0.562954337827735,0.48977100586896805
566,2,2,0,0.1666666666666666,0.6666666666666667,0.5205552896330147,0.48977100586896805
607,2,2,0,0.0,1.0,0.564981802775789,0.48977100586896805
609,2,2,0,0.25,0.5,0.5281356323734009,0.48977100586896805
613,2,2,0,0.0,1.0,0.4217650604842006,0.48977100586896805
618,2,2,0,0.0,1.0,0.45412578195374864,0.48977100586896805
622,2,2,1,0.75,0.5,0.5301766675406652,0.48977100586896805
623,2,2,1,0.5,0.0,0.5921274708374419,0.48977100586896805
627,2,2,1,0.75,0.5,0.6222836837268835,0.48977100586896805
628,2,2,0,0.0,1.0,0.45700979599521946,0.48977100586896805
630,2,2,1,0.5,0.0,0.4659074475044311,0.48977100586896805
636,2,2,0,0.0,1.0,0.45165543931453617,0.48977100586896805
642,2,2,1,0.75,0.5,0.5646330955267865,0.48977100586896805
643,2,2,1,0.5,0.0,0.4310408029123858,0.48977100586896805
646,2,2,0,0.0,1.0,0.5113400660531062,0.48977100586896805
647,2,2,1,0.5,0.0,0.549997426863534,0.48977100586896805
650,2,2,0,0.0,1.0,0.476358272590962,0.48977100586896805
657,2,2,1,0.5,0.0,0.46492959910853304,0.48977100586896805
658,2,2,0,0.1666666666666666,0.6666666666666667,0.5436658455248984,0.48977100586896805
667,2,2,0,0.3333333333333333,0.3333333333333333,0.5302598028939796,0.48977100586896805
668,2,2,0,0.1666666666666666,0.6666666666666667,0.597341272218577,0.48977100586896805
671,2,2,0,0.3333333333333333,0.3333333333333333,0.5314601559971828,0.48977100586896805
681,2,2,0,0.1666666666666666,0.6666666666666667,0.47402861109743816,0.48977100586896805
686,2,2,0,0.0,1.0,0.5593795393061299,0.48977100586896805
692,2,2,0,0.0,1.0,0.6740850393868245,0.48977100586896805
695,2,2,0,0.3333333333333333,0.3333333333333333,0.500456734755801,0.48977100586896805
700,2,2,1,0.5,0.0,0.4518351644586063,0.48977100586896805
702,2,2,0,0.1666666666666666,0.6666666666666667,0.5318997193363983,0.48977100586896805
710,2,2,0,0.0,1.0,0.4965411291576473,0.48977100586896805
713,2,2,1,0.6,0.1999999999999999,0.4625032791748108,0.48977100586896805
716,2,2,1,0.6666666666666666,0.3333333333333332,0.47873850330253864,0.48977100586896805
732,2,2,0,0.0,1.0,0.5404398818352305,0.48977100586896805
738,2,2,0,0.3333333333333333,0.3333333333333333,0.5028690279881132,0.48977100586896805
2,2,3,0,0.4,0.1999999999999999,0.4366381043809433,0.5121760822141814
7,2,3,1,0.6,0.1999999999999999,0.43120509380157696,0.5121760822141814
8,2,3,0,0.0,1.0,0.5027564338779047,0.5121760822141814
9,2,3,0,0.0,1.0,0.4840232646033369,0.5121760822141814
26,2,3,1,0.8,0.6000000000000001,0.5576818356613271,0.5121760822141814
32,2,3,0,0.2,0.6,0.49034315372013454,0.5121760822141814
39,2,3,0,0.0,1.0,0.4576060194870941,0.5121760822141814
40,2,3,0,0.2,0.6,0.4111585819177509,0.5121760822141814
42,2,3,0,0.0,1.0,0.39589425143440443,0.5121760822141814
45,2,3,0,0.0,1.0,0.4612666099072537,0.5121760822141814
52,2,3,0,0.25,0.5,0.4753001305598702,0.5121760822141814
53,2,3,0,0.1666666666666666,0.6666666666666667,0.4666688260006877,0.5121760822141814
55,2,3,0,0.0,1.0,0.3971888898387282,0.5121760822141814
56,2,3,0,0.25,0.5,0.42912653203836637,0.5121760822141814
63,2,3,0,0.0,1.0,0.4253346022774835,0.5121760822141814
69,2,3,0,0.0,1.0,0.4151947664803141,0.5121760822141814
75,2,3,0,0.0,1.0,0.4985112226229268,0.5121760822141814
77,2,3,0,0.25,0.5,0.4660173783937735,0.5121760822141814
78,2,3,0,0.0,1.0,0.42062283262569483,0.5121760822141814
79,2,3,0,0.25,0.5,0.4276273678721245,0.5121760822141814
90,2,3,1,0.5,0.0,0.48694928230179024,0.5121760822141814
92,2,3,0,0.0,1.0,0.523208965928051,0.5121760822141814
96,2,3,0,0.0,1.0,0.5133787261631828,0.5121760822141814
99,2,3,0,0.0,1.0,0.5461161914777404,0.5121760822141814
100,2,3,0,0.25,0.5,0.4171788177402411,0.5121760822141814
109,2,3,0,0.1111111111111111,0.7777777777777778,0.45903695926683796,0.5121760822141814
119,2,3,0,0.1111111111111111,0.7777777777777778,0.4555214546849867,0.5121760822141814
121,2,3,0,0.1111111111111111,0.7777777777777778,0.5102809277784419,0.5121760822141814
130,2,3,0,0.1111111111111111,0.7777777777777778,0.4248798658479695,0.5121760822141814
138,2,3,1,0.5555555555555556,0.1111111111111111,0.5060000283334223,0.5121760822141814
147,2,3,0,0.0,1.0,0.5160718036191412,0.5121760822141814
160,2,3,0,0.1666666666666666,0.6666666666666667,0.46592604985081726,0.5121760822141814
164,2,3,0,0.0,1.0,0.5229305267753538,0.5121760822141814
166,2,3,0,0.25,0.5,0.5355939086729163,0.5121760822141814
172,2,3,0,0.0,1.0,0.6294307139184434,0.5121760822141814
180,2,3,0,0.0,1.0,0.4540228595758189,0.5121760822141814
183,2,3,0,0.0,1.0,0.61079877673451,0.5121760822141814
194,2,3,0,0.0,1.0,0.459234731587928,0.5121760822141814
195,2,3,0,0.0,1.0,0.48257308531758436,0.5121760822141814
202,2,3,1,0.6,0.1999999999999999,0.5352854412202256,0.5121760822141814
210,2,3,0,0.4,0.1999999999999999,0.5388367300162745,0.5121760822141814
211,2,3,1,0.6,0.1999999999999999,0.4786951084045195,0.5121760822141814
215,2,3,0,0.2,0.6,0.4137419421993273,0.5121760822141814
225,2,3,0,0.2,0.6,0.4163303747838307,0.5121760822141814
226,2,3,0,0.0,1.0,0.43276900449877814,0.5121760822141814
230,2,3,0,0.2,0.6,0.37679444445299815,0.5121760822141814
231,2,3,1,0.5,0.0,0.48944438096347,0.5121760822141814
232,2,3,0,0.25,0.5,0.5147554809072328,0.5121760822141814
246,2,3,0,0.4,0.1999999999999999,0.4050195229461676,0.5121760822141814
251,2,3,0,0.25,0.5,0.494388675125201,0.5121760822141814
260,2,3,0,0.25,0.5,0.45801159101784394,0.5121760822141814
266,2,3,0,0.25,0.5,0.45562106064061786,0.5121760822141814
267,2,3,0,0.0,1.0,0.48993411640209916,0.5121760822141814
274,2,3,1,0.5,0.0,0.4963462336731061,0.5121760822141814
282,2,3,0,0.25,0.5,0.4585594665319204,0.5121760822141814
297,2,3,0,0.0,1.0,0.45534213409916924,0.5121760822141814
302,2,3,0,0.0,1.0,0.44580878940886876,0.5121760822141814
308,2,3,0,0.4,0.1999999999999999,0.5058203823708164,0.5121760822141814
311,2,3,0,0.4,0.1999999999999999,0.552485780981128,0.5121760822141814
314,2,3,0,0.0,1.0,0.47916314761862655,0.5121760822141814
321,2,3,1,0.6,0.1999999999999999,0.5038838702373667,0.5121760822141814
325,2,3,0,0.0,1.0,0.5245574106881074,0.5121760822141814
329,2,3,0,0.0,1.0,0.6162458003697628,0.5121760822141814
332,2,3,0,0.0,1.0,0.46560896842000205,0.5121760822141814
334,2,3,0,0.4,0.1999999999999999,0.5052326778730218,0.5121760822141814
336,2,3,0,0.4,0.1999999999999999,0.4714238276818758,0.5121760822141814
337,2,3,0,0.0,1.0,0.49110147738215243,0.5121760822141814
340,2,3,1,0.6,0.1999999999999999,0.5508151933951023,0.5121760822141814
341,2,3,1,0.6,0.1999999999999999,0.48545923422327986,0.5121760822141814
344,2,3,0,0.2,0.6,0.44624486939252067,0.5121760822141814
348,2,3,0,0.4,0.1999999999999999,0.5280748590030276,0.5121760822141814
362,2,3,1,0.75,0.5,0.42668059336949327,0.5121760822141814
368,2,3,1,0.5,0.0,0.5491423549842664,0.5121760822141814
397,2,3,1,0.75,0.5,0.5437035474448726,0.5121760822141814
408,2,3,0,0.4,0.1999999999999999,0.4529729160527207,0.5121760822141814
410,2,3,1,0.6,0.1999999999999999,0.4940371216925788,0.5121760822141814
425,2,3,0,0.0,1.0,0.4717105769136063,0.5121760822141814
426,2,3,1,0.8,0.6000000000000001,0.5535461445411386,0.5121760822141814
436,2,3,0,0.4,0.1999999999999999,0.4795165278332475,0.5121760822141814
439,2,3,0,0.2,0.6,0.4634795687927493,0.5121760822141814
440,2,3,0,0.0,1.0,0.6225345399010679,0.5121760822141814
443,2,3,0,0.0,1.0,0.5154205329680063,0.5121760822141814
449,2,3,0,0.4,0.1999999999999999,0.48578521337389263,0.5121760822141814
450,2,3,0,0.2,0.6,0.5158176327989649,0.5121760822141814
451,2,3,0,0.25,0.5,0.451606947249202,0.5121760822141814
453,2,3,0,0.25,0.5,0.5281440216071521,0.5121760822141814
454,2,3,0,0.0,1.0,0.5382058140175503,0.5121760822141814
455,2,3,0,0.0,1.0,0.5127925753772689,0.5121760822141814
459,2,3,0,0.25,0.5,0.5481137010124977,0.5121760822141814
466,2,3,1,0.5,0.0,0.46329184321583833,0.5121760822141814
468,2,3,0,0.25,0.5,0.5348569211997455,0.5121760822141814
469,2,3,1,0.75,0.5,0.5382033778615093,0.5121760822141814
478,2,3,0,0.0,1.0,0.5124945667549566,0.5121760822141814
479,2,3,0,0.0,1.0,0.5295467652905481,0.5121760822141814
481,2,3,0,0.0,1.0,0.5313371494790515,0.5121760822141814
482,2,3,0,0.0,1.0,0.519529177550023,0.5121760822141814
483,2,3,0,0.25,0.5,0.5096043362706031,0.5121760822141814
486,2,3,0,0.25,0.5,0.5592490805961304,0.5121760822141814
487,2,3,0,0.2,0.6,0.5290054593389134,0.5121760822141814
490,2,3,0,0.25,0.5,0.4844254317685318,0.5121760822141814
497,2,3,0,0.0,1.0,0.4448071474978814,0.5121760822141814
504,2,3,1,0.75,0.5,0.5522901043679359,0.5121760822141814
513,2,3,0,0.0,1.0,0.5267661148592727,0.5121760822141814
523,2,3,0,0.25,0.5,0.5119980551437253,0.5121760822141814
529,2,3,1,0.5,0.0,0.5030749856524506,0.5121760822141814
536,2,3,0,0.3333333333333333,0.3333333333333333,0.5307973411551792,0.5121760822141814
544,2,3,1,0.5,0.0,0.5285277635768015,0.5121760822141814
551,2,3,1,0.6666666666666666,0.3333333333333332,0.54475885095684,0.5121760822141814
557,2,3,0,0.3333333333333333,0.3333333333333333,0.5743118286451712,0.5121760822141814
558,2,3,1,0.5,0.0,0.5287741163450337,0.5121760822141814
560,2,3,0,0.1666666666666666,0.6666666666666667,0.5835963253903126,0.5121760822141814
561,2,3,1,0.5,0.0,0.5705247519126918,0.5121760822141814
565,2,3,0,0.3333333333333333,0.3333333333333333,0.510598727762229,0.5121760822141814
570,2,3,1,0.6666666666666666,0.3333333333333332,0.5507613857617866,0.5121760822141814
574,2,3,0,0.3333333333333333,0.3333333333333333,0.5160798433812245,0.5121760822141814
585,2,3,1,0.5,0.0,0.48480021318042943,0.5121760822141814
587,2,3,1,0.8333333333333334,0.6666666666666667,0.5661484691756914,0.5121760822141814
596,2,3,1,0.5,0.0,0.579996362099386,0.5121760822141814
597,2,3,0,0.0,1.0,0.5192627240361255,0.5121760822141814
598,2,3,0,0.3333333333333333,0.3333333333333333,0.569645928421397,0.5121760822141814
611,2,3,1,0.75,0.5,0.4984314059121744,0.5121760822141814
621,2,3,1,0.5,0.0,0.5505260735459931,0.5121760822141814
629,2,3,1,0.5,0.0,0.5038006402094982,0.5121760822141814
637,2,3,1,0.5,0.0,0.5099016248431095,0.5121760822141814
644,2,3,0,0.25,0.5,0.4816575661546139,0.5121760822141814
648,2,3,1,0.5,0.0,0.4930921140697604,0.5121760822141814
653,2,3,1,0.5,0.0,0.5462717725228391,0.5121760822141814
654,2,3,0,0.1666666666666666,0.6666666666666667,0.46647289473176323,0.5121760822141814
670,2,3,1,0.5,0.0,0.5145082891463206,0.5121760822141814
682,2,3,0,0.1666666666666666,0.6666666666666667,0.5650420983322411,0.5121760822141814
683,2,3,1,0.8333333333333334,0.6666666666666667,0.46207693163663327,0.5121760822141814
685,2,3,0,0.0,1.0,0.5151151218639447,0.5121760822141814
687,2,3,0,0.3333333333333333,0.3333333333333333,0.5311136846937131,0.5121760822141814
691,2,3,0,0.1666666666666666,0.6666666666666667,0.5171886389148225,0.5121760822141814
693,2,3,1,0.5,0.0,0.5589344318818515,0.5121760822141814
704,2,3,0,0.3333333333333333,0.3333333333333333,0.4720158169617806,0.5121760822141814
705,2,3,1,0.5,0.0,0.48473610437960474,0.5121760822141814
711,2,3,1,0.6,0.1999999999999999,0.5457068867019811,0.5121760822141814
717,2,3,1,0.5,0.0,0.4529486697441752,0.5121760822141814
719,2,3,0,0.1666666666666666,0.6666666666666667,0.5468831801265273,0.5121760822141814
722,2,3,0,0.2,0.6,0.5019393318046168,0.5121760822141814
725,2,3,0,0.0,1.0,0.5125457936259099,0.5121760822141814
727,2,3,0,0.4,0.1999999999999999,0.48902744446145957,0.5121760822141814
729,2,3,0,0.4,0.1999999999999999,0.45346839014709606,0.5121760822141814
730,2,3,0,0.3333333333333333,0.3333333333333333,0.4721882342090517,0.5121760822141814
734,2,3,0,0.0,1.0,0.5345460293334849,0.5121760822141814
740,2,3,0,0.1666666666666666,0.6666666666666667,0.46287556952123604,0.5121760822141814
3,2,4,0,0.0,1.0,0.4833391867596948,0.5024247352422356
5,2,4,0,0.2,0.6,0.5544376051329205,0.5024247352422356
17,2,4,0,0.4,0.1999999999999999,0.44621234314571684,0.5024247352422356
22,2,4,0,0.2,0.6,0.4728124216004202,0.5024247352422356
36,2,4,0,0.2,0.6,0.44833119891384643,0.5024247352422356
41,2,4,0,0.2,0.6,0.43749512920091865,0.5024247352422356
43,2,4,0,0.2,0.6,0.44172530995040665,0.5024247352422356
49,2,4,0,0.3333333333333333,0.3333333333333333,0.4173056959572836,0.5024247352422356
50,2,4,1,0.8,0.6000000000000001,0.4668231189502721,0.5024247352422356
51,2,4,0,0.25,0.5,0.4397942500689644,0.5024247352422356
54,2,4,0,0.25,0.5,0.4314953335273712,0.5024247352422356
65,2,4,0,0.25,0.5,0.460528042512208,0.5024247352422356
66,2,4,0,0.0,1.0,0.446383356727175,0.5024247352422356
68,2,4,0,0.0,1.0,0.4557984844820245,0.5024247352422356
72,2,4,0,0.25,0.5,0.42820416651724685,0.5024247352422356
86,2,4,0,0.0,1.0,0.5642055987789567,0.5024247352422356
89,2,4,0,0.25,0.5,0.47368171155104355,0.5024247352422356
102,2,4,0,0.0,1.0,0.45845340801901724,0.5024247352422356
106,2,4,1,1.0,1.0,0.4603552958433475,0.5024247352422356
107,2,4,0,0.1111111111111111,0.7777777777777778,0.48583970992515846,0.5024247352422356
110,2,4,0,0.0,1.0,0.48679140401098026,0.5024247352422356
112,2,4,0,0.125,0.75,0.4314953335273712,0.5024247352422356
115,2,4,0,0.0,1.0,0.4502768604437394,0.5024247352422356
117,2,4,0,0.25,0.5,0.4093795642004356,0.5024247352422356
125,2,4,0,0.125,0.75,0.4795647114524787,0.5024247352422356
126,2,4,0,0.2222222222222222,0.5555555555555556,0.47803224636061953,0.5024247352422356
135,2,4,0,0.1666666666666666,0.6666666666666667,0.4448494259623362,0.5024247352422356
137,2,4,1,0.6666666666666666,0.3333333333333332,0.5416306794164314,0.5024247352422356
140,2,4,0,0.2222222222222222,0.5555555555555556,0.4914769202238785,0.5024247352422356
145,2,4,0,0.4444444444444444,0.1111111111111111,0.5423753094858395,0.5024247352422356
146,2,4,1,0.8888888888888888,0.7777777777777777,0.5297147665213277,0.5024247352422356
154,2,4,0,0.25,0.5,0.49472300316625684,0.5024247352422356
155,2,4,0,0.25,0.5,0.5138436043738547,0.5024247352422356
161,2,4,0,0.0,1.0,0.4276532348014875,0.5024247352422356
169,2,4,0,0.0,1.0,0.5162716925949374,0.5024247352422356
170,2,4,0,0.1666666666666666,0.6666666666666667,0.41273256142541015,0.5024247352422356
174,2,4,1,0.5,0.0,0.47638543345106016,0.5024247352422356
175,2,4,0,0.0,1.0,0.4798822632205452,0.5024247352422356
178,2,4,0,0.0,1.0,0.4589991208371174,0.5024247352422356
186,2,4,0,0.0,1.0,0.5147157081028465,0.5024247352422356
192,2,4,0,0.0,1.0,0.4954721935564715,0.5024247352422356
193,2,4,0,0.25,0.5,0.6338350186510747,0.5024247352422356
197,2,4,0,0.0,1.0,0.5313078137554839,0.5024247352422356
200,2,4,0,0.2,0.6,0.4959557273726021,0.5024247352422356
204,2,4,0,0.4,0.1999999999999999,0.48605556622198376,0.5024247352422356
209,2,4,0,0.2,0.6,0.6087189456377154,0.5024247352422356
217,2,4,0,0.0,1.0,0.42197365560099553,0.5024247352422356
219,2,4,0,0.0,1.0,0.42946776764317074,0.5024247352422356
221,2,4,1,0.8,0.6000000000000001,0.4754750435050952,0.5024247352422356
228,2,4,0,0.2,0.6,0.41584602837381873,0.5024247352422356
233,2,4,0,0.0,1.0,0.4036019081889363,0.5024247352422356
234,2,4,0,0.25,0.5,0.4728076082685169,0.5024247352422356
236,2,4,0,0.0,1.0,0.4049580299026228,0.5024247352422356
239,2,4,1,0.6,0.1999999999999999,0.48084066886644883,0.5024247352422356
242,2,4,1,0.6,0.1999999999999999,0.4112147326099402,0.5024247352422356
243,2,4,0,0.0,1.0,0.5344815828329915,0.5024247352422356
254,2,4,0,0.25,0.5,0.4592405773224492,0.5024247352422356
289,2,4,1,0.5,0.0,0.4861416882758161,0.5024247352422356
294,2,4,0,0.0,1.0,0.5213116500782008,0.5024247352422356
299,2,4,1,0.8,0.6000000000000001,0.5192663416157401,0.5024247352422356
313,2,4,0,0.0,1.0,0.5073723340460757,0.5024247352422356
315,2,4,1,0.8,0.6000000000000001,0.43039777250898575,0.5024247352422356
317,2,4,0,0.4,0.1999999999999999,0.476320718391661,0.5024247352422356
319,2,4,0,0.2,0.6,0.4531828379953093,0.5024247352422356
320,2,4,0,0.0,1.0,0.46934650983681603,0.5024247352422356
323,2,4,0,0.0,1.0,0.5132809955566512,0.5024247352422356
330,2,4,0,0.4,0.1999999999999999,0.5480324757446662,0.5024247352422356
350,2,4,0,0.0,1.0,0.44578634482124757,0.5024247352422356
356,2,4,0,0.25,0.5,0.5139636626921279,0.5024247352422356
365,2,4,0,0.25,0.5,0.5146454666303875,0.5024247352422356
366,2,4,0,0.0,1.0,0.56241890346603,0.5024247352422356
369,2,4,0,0.0,1.0,0.47554301858924075,0.5024247352422356
370,2,4,0,0.0,1.0,0.5039357339353184,0.5024247352422356
377,2,4,0,0.25,0.5,0.3931584342465366,0.5024247352422356
380,2,4,1,0.75,0.5,0.4366217319642402,0.5024247352422356
385,2,4,1,0.5,0.0,0.39926911454986663,0.5024247352422356
386,2,4,0,0.25,0.5,0.48648191222462334,0.5024247352422356
391,2,4,0,0.0,1.0,0.5175770219463719,0.5024247352422356
396,2,4,1,0.75,0.5,0.5412719974935932,0.5024247352422356
400,2,4,1,0.5,0.0,0.5276069336638352,0.5024247352422356
403,2,4,0,0.0,1.0,0.5187186617585242,0.5024247352422356
404,2,4,1,0.6,0.1999999999999999,0.5466127375002724,0.5024247352422356
407,2,4,0,0.2,0.6,0.4535898071135745,0.5024247352422356
415,2,4,0,0.0,1.0,0.5098043757916121,0.5024247352422356
417,2,4,0,0.2,0.6,0.5348575221676037,0.5024247352422356
419,2,4,0,0.4,0.1999999999999999,0.539213879680391,0.5024247352422356
423,2,4,0,0.0,1.0,0.5296067976027546,0.5024247352422356
437,2,4,1,0.6,0.1999999999999999,0.5259986635978039,0.5024247352422356
457,2,4,1,0.5,0.0,0.5365219963774238,0.5024247352422356
472,2,4,0,0.25,0.5,0.4994281280276135,0.5024247352422356
473,2,4,0,0.25,0.5,0.49372074908067076,0.5024247352422356
484,2,4,0,0.25,0.5,0.4844454417605956,0.5024247352422356
491,2,4,1,0.5,0.0,0.4978125305914122,0.5024247352422356
494,2,4,1,0.8,0.6000000000000001,0.39243534397395563,0.5024247352422356
495,2,4,0,0.0,1.0,0.5183290371087506,0.5024247352422356
500,2,4,0,0.25,0.5,0.506407851106756,0.5024247352422356
501,2,4,0,0.25,0.5,0.551820194937401,0.5024247352422356
502,2,4,1,0.75,0.5,0.5059610114821599,0.5024247352422356
507,2,4,1,1.0,1.0,0.519450746233931,0.5024247352422356
511,2,4,1,0.5,0.0,0.5137217137039175,0.5024247352422356
522,2,4,0,0.25,0.5,0.5519860626279868,0.5024247352422356
527,2,4,0,0.25,0.5,0.5063617839754062,0.5024247352422356
532,2,4,0,0.0,1.0,0.5403813254132149,0.5024247352422356
537,2,4,0,0.25,0.5,0.536339749268539,0.5024247352422356
540,2,4,0,0.25,0.5,0.5062384292140699,0.5024247352422356
556,2,4,0,0.1666666666666666,0.6666666666666667,0.538719792039821,0.5024247352422356
562,2,4,0,0.3333333333333333,0.3333333333333333,0.49437533546206,0.5024247352422356
564,2,4,1,0.5,0.0,0.5595407219697044,0.5024247352422356
567,2,4,0,0.3333333333333333,0.3333333333333333,0.48126800201971354,0.5024247352422356
572,2,4,1,0.8333333333333334,0.6666666666666667,0.5494315266257987,0.5024247352422356
576,2,4,1,0.5,0.0,0.5101442389092695,0.5024247352422356
578,2,4,1,0.5,0.0,0.5152025353680154,0.5024247352422356
589,2,4,0,0.3333333333333333,0.3333333333333333,0.6176734018960152,0.5024247352422356
591,2,4,1,0.5,0.0,0.5405989491649624,0.5024247352422356
599,2,4,0,0.0,1.0,0.5084382346235569,0.5024247352422356
608,2,4,0,0.0,1.0,0.5397818112280655,0.5024247352422356
614,2,4,1,0.75,0.5,0.5106582446347518,0.5024247352422356
616,2,4,1,0.75,0.5,0.5014740049544542,0.5024247352422356
624,2,4,0,0.25,0.5,0.5474130183899925,0.5024247352422356
626,2,4,1,0.5,0.0,0.5335998620729647,0.5024247352422356
631,2,4,0,0.0,1.0,0.5021118002219376,0.5024247352422356
632,2,4,1,0.5,0.0,0.5391600335157155,0.5024247352422356
633,2,4,1,0.5,0.0,0.47721280395607596,0.5024247352422356
634,2,4,0,0.25,0.5,0.5468460355117232,0.5024247352422356
635,2,4,1,0.5,0.0,0.5398319619609786,0.5024247352422356
639,2,4,0,0.0,1.0,0.553970827752013,0.5024247352422356
640,2,4,1,0.75,0.5,0.4963671820755245,0.5024247352422356
641,2,4,0,0.0,1.0,0.48814838989302006,0.5024247352422356
645,2,4,1,0.75,0.5,0.5084214659596162,0.5024247352422356
649,2,4,1,0.5,0.0,0.5381523107073591,0.5024247352422356
651,2,4,0,0.3333333333333333,0.3333333333333333,0.5052227561585224,0.5024247352422356
664,2,4,1,0.6666666666666666,0.3333333333333332,0.522189738468162,0.5024247352422356
669,2,4,0,0.3333333333333333,0.3333333333333333,0.5409053128385022,0.5024247352422356
673,2,4,0,0.3333333333333333,0.3333333333333333,0.5408936602784393,0.5024247352422356
675,2,4,0,0.3333333333333333,0.3333333333333333,0.522652103199655,0.5024247352422356
676,2,4,0,0.1666666666666666,0.6666666666666667,0.5103207009567157,0.5024247352422356
694,2,4,0,0.3333333333333333,0.3333333333333333,0.5018070459957511,0.5024247352422356
698,2,4,1,0.5,0.0,0.4865468966517649,0.5024247352422356
703,2,4,0,0.0,1.0,0.498713954594634,0.5024247352422356
707,2,4,1,0.5,0.0,0.49331327950774556,0.5024247352422356
709,2,4,0,0.3333333333333333,0.3333333333333333,0.499311177238515,0.5024247352422356
714,2,4,0,0.3333333333333333,0.3333333333333333,0.4007603340100943,0.5024247352422356
715,2,4,1,0.5,0.0,0.44247198805807053,0.5024247352422356
718,2,4,0,0.1666666666666666,0.6666666666666667,0.48069556820239606,0.5024247352422356
720,2,4,0,0.0,1.0,0.5822024750703363,0.5024247352422356
731,2,4,0,0.0,1.0,0.455138590508763,0.5024247352422356
741,2,4,0,0.2,0.6,0.4382219668845933,0.5024247352422356
3,3,0,0,0.0,1.0,0.4448768890577023,0.49429564936538495
5,3,0,0,0.2,0.6,0.5764409176544393,0.49429564936538495
7,3,0,1,0.6,0.1999999999999999,0.4010047375202659,0.49429564936538495
25,3,0,0,0.2,0.6,0.41629916233344605,0.49429564936538495
30,3,0,0,0.2,0.6,0.3757091162544917,0.49429564936538495
36,3,0,0,0.2,0.6,0.4406763814106661,0.49429564936538495
37,3,0,0,0.2,0.6,0.5152608430806909,0.49429564936538495
39,3,0,0,0.0,1.0,0.43717295930967565,0.49429564936538495
44,3,0,0,0.0,1.0,0.5671713936647848,0.49429564936538495
48,3,0,1,0.6,0.1999999999999999,0.489708370084157,0.49429564936538495
50,3,0,1,0.8,0.6000000000000001,0.4457527249138708,0.49429564936538495
57,3,0,1,1.0,1.0,0.4824492457223599,0.49429564936538495
58,3,0,0,0.25,0.5,0.4076178924808794,0.49429564936538495
59,3,0,0,0.25,0.5,0.44284130935213,0.49429564936538495
60,3,0,0,0.0,1.0,0.4734238561195029,0.49429564936538495
77,3,0,0,0.25,0.5,0.44477791368239916,0.49429564936538495
78,3,0,0,0.0,1.0,0.39400110269589683,0.49429564936538495
81,3,0,0,0.0,1.0,0.4522609922485485,0.49429564936538495
99,3,0,0,0.0,1.0,0.561680143523276,0.49429564936538495
114,3,0,0,0.1111111111111111,0.7777777777777778,0.35757341023157335,0.49429564936538495
115,3,0,0,0.0,1.0,0.4399432635976279,0.49429564936538495
116,3,0,0,0.0,1.0,0.6468998714486477,0.49429564936538495
125,3,0,0,0.125,0.75,0.4764239501571627,0.49429564936538495
126,3,0,0,0.2222222222222222,0.5555555555555556,0.49212561709935626,0.49429564936538495
127,3,0,1,0.6666666666666666,0.3333333333333332,0.4038296373910037,0.49429564936538495
130,3,0,0,0.1111111111111111,0.7777777777777778,0.4003682940153918,0.49429564936538495
144,3,0,0,0.0,1.0,0.6445255094530208,0.49429564936538495
145,3,0,0,0.4444444444444444,0.1111111111111111,0.5783935746111007,0.49429564936538495
147,3,0,0,0.0,1.0,0.5227074802713532,0.49429564936538495
149,3,0,0,0.3333333333333333,0.3333333333333333,0.544340949641475,0.49429564936538495
154,3,0,0,0.25,0.5,0.4905082064496098,0.49429564936538495
161,3,0,0,0.0,1.0,0.44248625648847223,0.49429564936538495
162,3,0,0,0.2,0.6,0.38365693134578815,0.49429564936538495
166,3,0,0,0.25,0.5,0.5473916299903594,0.49429564936538495
167,3,0,0,0.0,1.0,0.48470450549044336,0.49429564936538495
169,3,0,0,0.0,1.0,0.5153593875697361,0.49429564936538495
181,3,0,1,0.5,0.0,0.5530163320728332,0.49429564936538495
186,3,0,0,0.0,1.0,0.49070635985253436,0.49429564936538495
188,3,0,0,0.0,1.0,0.4329110184378072,0.49429564936538495
190,3,0,0,0.25,0.5,0.5915423944909566,0.49429564936538495
203,3,0,0,0.2,0.6,0.5469063330028991,0.49429564936538495
204,3,0,0,0.4,0.1999999999999999,0.4745255560815939,0.49429564936538495
205,3,0,0,0.2,0.6,0.5907922745974804,0.49429564936538495
209,3,0,0,0.2,0.6,0.6437963566622031,0.49429564936538495
210,3,0,0,0.4,0.1999999999999999,0.5520459525571394,0.49429564936538495
216,3,0,0,0.0,1.0,0.4934220055396484,0.49429564936538495
220,3,0,0,0.4,0.1999999999999999,0.5527426739129939,0.49429564936538495
225,3,0,0,0.2,0.6,0.37744857378823055,0.49429564936538495
235,3,0,0,0.0,1.0,0.3916610613729159,0.49429564936538495
247,3,0,0,0.2,0.6,0.39897579518641296,0.49429564936538495
253,3,0,0,0.0,1.0,0.38608560067729303,0.49429564936538495
267,3,0,0,0.0,1.0,0.48207819806361873,0.49429564936538495
269,3,0,1,0.5,0.0,0.4048583755699333,0.49429564936538495
271,3,0,0,0.0,1.0,0.5206851742185203,0.49429564936538495
273,3,0,1,0.5,0.0,0.5411947474529011,0.49429564936538495
283,3,0,0,0.25,0.5,0.383443834601922,0.49429564936538495
284,3,0,1,0.5,0.0,0.5133647143020751,0.49429564936538495
285,3,0,0,0.4,0.1999999999999999,0.4776414352023778,0.49429564936538495
291,3,0,0,0.0,1.0,0.4661183146572626,0.49429564936538495
292,3,0,0,0.25,0.5,0.4567407309769373,0.49429564936538495
308,3,0,0,0.4,0.1999999999999999,0.5192111308892621,0.49429564936538495
309,3,0,1,0.8,0.6000000000000001,0.500194724281401,0.49429564936538495
320,3,0,0,0.0,1.0,0.44275557832806095,0.49429564936538495
329,3,0,0,0.0,1.0,0.6661856962695636,0.49429564936538495
341,3,0,1,0.6,0.1999999999999999,0.47737286606315094,0.49429564936538495
346,3,0,1,0.6,0.1999999999999999,0.4631224313496941,0.49429564936538495
348,3,0,0,0.4,0.1999999999999999,0.5447817647469775,0.49429564936538495
349,3,0,0,0.0,1.0,0.5140273032462959,0.49429564936538495
351,3,0,0,0.0,1.0,0.5057462051059446,0.49429564936538495
354,3,0,0,0.25,0.5,0.3915626744369157,0.49429564936538495
370,3,0,0,0.0,1.0,0.48889812590820686,0.49429564936538495
373,3,0,0,0.0,1.0,0.4472645398534703,0.49429564936538495
374,3,0,1,0.5,0.0,0.34889728796092695,0.49429564936538495
390,3,0,1,0.75,0.5,0.4453697110287274,0.49429564936538495
391,3,0,0,0.0,1.0,0.5233925427966364,0.49429564936538495
395,3,0,1,0.5,0.0,0.6755605323266871,0.49429564936538495
404,3,0,1,0.6,0.1999999999999999,0.5787279966102262,0.49429564936538495
405,3,0,0,0.0,1.0,0.574085459482346,0.49429564936538495
411,3,0,0,0.2,0.6,0.5139288392093591,0.49429564936538495
412,3,0,1,1.0,1.0,0.6258392249783861,0.49429564936538495
414,3,0,1,0.6,0.1999999999999999,0.5759400535898205,0.49429564936538495
415,3,0,0,0.0,1.0,0.5350039044603271,0.49429564936538495
419,3,0,0,0.4,0.1999999999999999,0.564509661616057,0.49429564936538495
425,3,0,0,0.0,1.0,0.46087694313072786,0.49429564936538495
426,3,0,1,0.8,0.6000000000000001,0.5741349398404174,0.49429564936538495
435,3,0,0,0.4,0.1999999999999999,0.5005726163172431,0.49429564936538495
437,3,0,1,0.6,0.1999999999999999,0.538360252147405,0.49429564936538495
443,3,0,0,0.0,1.0,0.5329659934138898,0.49429564936538495
453,3,0,0,0.25,0.5,0.5367279571192646,0.49429564936538495
461,3,0,1,0.5,0.0,0.5411050724330122,0.49429564936538495
464,3,0,0,0.0,1.0,0.5750770719209208,0.49429564936538495
467,3,0,1,1.0,1.0,0.5807892044456104,0.49429564936538495
472,3,0,0,0.25,0.5,0.5012745232898651,0.49429564936538495
484,3,0,0,0.25,0.5,0.44617168261457896,0.49429564936538495
488,3,0,1,0.5,0.0,0.3870758148094895,0.49429564936538495
489,3,0,0,0.0,1.0,0.5280375274755124,0.49429564936538495
493,3,0,0,0.0,1.0,0.46018404899683596,0.49429564936538495
498,3,0,0,0.0,1.0,0.5551304271031777,0.49429564936538495
500,3,0,0,0.25,0.5,0.500280928840861,0.49429564936538495
511,3,0,1,0.5,0.0,0.5203811194915069,0.49429564936538495
522,3,0,0,0.25,0.5,0.6005385600732503,0.49429564936538495
523,3,0,0,0.25,0.5,0.5155267501569916,0.49429564936538495
531,3,0,1,0.75,0.5,0.4845066192762096,0.49429564936538495
534,3,0,1,0.75,0.5,0.5553286850675919,0.49429564936538495
544,3,0,1,0.5,0.0,0.5415955066720735,0.49429564936538495
546,3,0,1,0.5,0.0,0.5240156261509066,0.49429564936538495
554,3,0,1,0.5,0.0,0.512945709475359,0.49429564936538495
560,3,0,0,0.1666666666666666,0.6666666666666667,0.6111489987749814,0.49429564936538495
567,3,0,0,0.3333333333333333,0.3333333333333333,0.47849943526694216,0.49429564936538495
577,3,0,0,0.1666666666666666,0.6666666666666667,0.45578834822457465,0.49429564936538495
580,3,0,0,0.3333333333333333,0.3333333333333333,0.5113398472882282,0.49429564936538495
591,3,0,1,0.5,0.0,0.5700914232531569,0.49429564936538495
596,3,0,1,0.5,0.0,0.6120321559628394,0.49429564936538495
601,3,0,0,0.0,1.0,0.6046718921671127,0.49429564936538495
604,3,0,1,0.75,0.5,0.4991508546110526,0.49429564936538495
613,3,0,0,0.0,1.0,0.42315925933745796,0.49429564936538495
618,3,0,0,0.0,1.0,0.45582233385376225,0.49429564936538495
622,3,0,1,0.75,0.5,0.5330502117273929,0.49429564936538495
633,3,0,1,0.5,0.0,0.4660239054287693,0.49429564936538495
645,3,0,1,0.75,0.5,0.4962118014039722,0.49429564936538495
648,3,0,1,0.5,0.0,0.49684574300544676,0.49429564936538495
650,3,0,0,0.0,1.0,0.47821420686614696,0.49429564936538495
651,3,0,0,0.3333333333333333,0.3333333333333333,0.4706046687065126,0.49429564936538495
653,3,0,1,0.5,0.0,0.5590426019473285,0.49429564936538495
665,3,0,0,0.1666666666666666,0.6666666666666667,0.4621787340185494,0.49429564936538495
667,3,0,0,0.3333333333333333,0.3333333333333333,0.533172844603989,0.49429564936538495
668,3,0,0,0.1666666666666666,0.6666666666666667,0.6011704637390309,0.49429564936538495
673,3,0,0,0.3333333333333333,0.3333333333333333,0.5657151643065197,0.49429564936538495
674,3,0,0,0.3333333333333333,0.3333333333333333,0.5529978431756761,0.49429564936538495
681,3,0,0,0.1666666666666666,0.6666666666666667,0.4760828870893334,0.49429564936538495
683,3,0,1,0.8333333333333334,0.6666666666666667,0.44800489802247,0.49429564936538495
685,3,0,0,0.0,1.0,0.5172833213741067,0.49429564936538495
689,3,0,0,0.0,1.0,0.47369381936954724,0.49429564936538495
690,3,0,0,0.0,1.0,0.5571437432799945,0.49429564936538495
692,3,0,0,0.0,1.0,0.6785380715474817,0.49429564936538495
694,3,0,0,0.3333333333333333,0.3333333333333333,0.4665609459970852,0.49429564936538495
703,3,0,0,0.0,1.0,0.5003441836079625,0.49429564936538495
707,3,0,1,0.5,0.0,0.4986675435727211,0.49429564936538495
714,3,0,0,0.3333333333333333,0.3333333333333333,0.37488151790859453,0.49429564936538495
716,3,0,1,0.6666666666666666,0.3333333333333332,0.48100079835845694,0.49429564936538495
717,3,0,1,0.5,0.0,0.4274042184365596,0.49429564936538495
723,3,0,0,0.1666666666666666,0.6666666666666667,0.47991628629613864,0.49429564936538495
725,3,0,0,0.0,1.0,0.5120829786176058,0.49429564936538495
730,3,0,0,0.3333333333333333,0.3333333333333333,0.44665745741038443,0.49429564936538495
733,3,0,0,0.1666666666666666,0.6666666666666667,0.4831407673455528,0.49429564936538495
740,3,0,0,0.1666666666666666,0.6666666666666667,0.43771634182028957,0.49429564936538495
742,3,0,1,0.5,0.0,0.3986760256505156,0.49429564936538495
6,3,1,0,0.2,0.6,0.44461709075700706,0.48122537654828473
10,3,1,0,0.0,1.0,0.3488268150871725,0.48122537654828473
14,3,1,0,0.2,0.6,0.40333105420043347,0.48122537654828473
31,3,1,0,0.1666666666666666,0.6666666666666667,0.5115573641657004,0.48122537654828473
35,3,1,1,0.5,0.0,0.519066364633074,0.48122537654828473
41,3,1,0,0.2,0.6,0.384804176228796,0.48122537654828473
42,3,1,0,0.0,1.0,0.36318058119548957,0.48122537654828473
52,3,1,0,0.25,0.5,0.47565969260908564,0.48122537654828473
55,3,1,0,0.0,1.0,0.36542705069934356,0.48122537654828473
61,3,1,0,0.2,0.6,0.37027101088884506,0.48122537654828473
62,3,1,0,0.25,0.5,0.48502572087427714,0.48122537654828473
63,3,1,0,0.0,1.0,0.4159648619518278,0.48122537654828473
65,3,1,0,0.25,0.5,0.4458060545101055,0.48122537654828473
66,3,1,0,0.0,1.0,0.4285511977610357,0.48122537654828473
73,3,1,0,0.0,1.0,0.41593135801726366,0.48122537654828473
84,3,1,0,0.3333333333333333,0.3333333333333333,0.64559716432062,0.48122537654828473
87,3,1,0,0.0,1.0,0.5023710010777008,0.48122537654828473
91,3,1,0,0.25,0.5,0.4128843132830205,0.48122537654828473
92,3,1,0,0.0,1.0,0.5018291451702764,0.48122537654828473
93,3,1,0,0.0,1.0,0.5057877100456328,0.48122537654828473
97,3,1,0,0.25,0.5,0.4181682906764427,0.48122537654828473
106,3,1,1,1.0,1.0,0.4497901358266943,0.48122537654828473
136,3,1,0,0.3333333333333333,0.3333333333333333,0.42989979994656335,0.48122537654828473
141,3,1,0,0.0,1.0,0.520477452503175,0.48122537654828473
151,3,1,0,0.0,1.0,0.5623685124438869,0.48122537654828473
153,3,1,0,0.0,1.0,0.42241609523936663,0.48122537654828473
157,3,1,0,0.25,0.5,0.42129050511258037,0.48122537654828473
160,3,1,0,0.1666666666666666,0.6666666666666667,0.42062582793416187,0.48122537654828473
174,3,1,1,0.5,0.0,0.43852891046143216,0.48122537654828473
180,3,1,0,0.0,1.0,0.4684140824161609,0.48122537654828473
197,3,1,0,0.0,1.0,0.5427641623209681,0.48122537654828473
198,3,1,0,0.0,1.0,0.5112184188367827,0.48122537654828473
211,3,1,1,0.6,0.1999999999999999,0.4916105950718037,0.48122537654828473
215,3,1,0,0.2,0.6,0.3661061565305617,0.48122537654828473
217,3,1,0,0.0,1.0,0.3811010926767722,0.48122537654828473
223,3,1,0,0.2,0.6,0.4360301552361826,0.48122537654828473
231,3,1,1,0.5,0.0,0.4986801590099152,0.48122537654828473
233,3,1,0,0.0,1.0,0.3557779177009148,0.48122537654828473
237,3,1,0,0.4,0.1999999999999999,0.3569257255304997,0.48122537654828473
239,3,1,1,0.6,0.1999999999999999,0.46744590993294644,0.48122537654828473
242,3,1,1,0.6,0.1999999999999999,0.3753552800901663,0.48122537654828473
243,3,1,0,0.0,1.0,0.5351529187567389,0.48122537654828473
244,3,1,1,0.6,0.1999999999999999,0.4238611445986177,0.48122537654828473
248,3,1,0,0.4,0.1999999999999999,0.44209536920223264,0.48122537654828473
249,3,1,1,0.6,0.1999999999999999,0.4120357156419222,0.48122537654828473
251,3,1,0,0.25,0.5,0.4967490210574743,0.48122537654828473
255,3,1,0,0.25,0.5,0.34169483217553714,0.48122537654828473
257,3,1,0,0.25,0.5,0.4985464369831458,0.48122537654828473
259,3,1,0,0.0,1.0,0.3170308021583532,0.48122537654828473
261,3,1,0,0.25,0.5,0.41910761632221377,0.48122537654828473
264,3,1,0,0.25,0.5,0.4375522591655926,0.48122537654828473
265,3,1,1,0.5,0.0,0.39537116441649406,0.48122537654828473
266,3,1,0,0.25,0.5,0.4212804163744357,0.48122537654828473
268,3,1,1,0.5,0.0,0.3973506354194824,0.48122537654828473
276,3,1,0,0.2,0.6,0.5265862939061375,0.48122537654828473
288,3,1,1,0.75,0.5,0.4978193706647757,0.48122537654828473
296,3,1,0,0.0,1.0,0.34920995569857677,0.48122537654828473
297,3,1,0,0.0,1.0,0.42888395924903644,0.48122537654828473
306,3,1,0,0.0,1.0,0.4389639774543145,0.48122537654828473
310,3,1,0,0.2,0.6,0.43830999099366486,0.48122537654828473
313,3,1,0,0.0,1.0,0.5128354145501018,0.48122537654828473
314,3,1,0,0.0,1.0,0.455395984178129,0.48122537654828473
315,3,1,1,0.8,0.6000000000000001,0.38604216145382747,0.48122537654828473
317,3,1,0,0.4,0.1999999999999999,0.46184144442496544,0.48122537654828473
319,3,1,0,0.2,0.6,0.4221843470549096,0.48122537654828473
326,3,1,0,0.0,1.0,0.5040382631841489,0.48122537654828473
330,3,1,0,0.4,0.1999999999999999,0.5491055502238656,0.48122537654828473
337,3,1,0,0.0,1.0,0.4798304121513852,0.48122537654828473
350,3,1,0,0.0,1.0,0.4212531313339304,0.48122537654828473
355,3,1,0,0.25,0.5,0.46070887733565014,0.48122537654828473
358,3,1,0,0.25,0.5,0.40988909409100605,0.48122537654828473
364,3,1,1,0.5,0.0,0.4386140796157022,0.48122537654828473
366,3,1,0,0.0,1.0,0.5757100375350812,0.48122537654828473
376,3,1,1,0.5,0.0,0.41940636647064117,0.48122537654828473
378,3,1,1,0.5,0.0,0.3604079346462086,0.48122537654828473
383,3,1,0,0.0,1.0,0.5169029282951351,0.48122537654828473
388,3,1,1,0.5,0.0,0.5997286049442794,0.48122537654828473
393,3,1,0,0.25,0.5,0.5882832450003985,0.48122537654828473
394,3,1,1,0.5,0.0,0.4270142413768092,0.48122537654828473
402,3,1,1,0.6,0.1999999999999999,0.6112360853180203,0.48122537654828473
403,3,1,0,0.0,1.0,0.5259429088010442,0.48122537654828473
406,3,1,1,0.6,0.1999999999999999,0.49617495614679735,0.48122537654828473
408,3,1,0,0.4,0.1999999999999999,0.44856933278302125,0.48122537654828473
413,3,1,0,0.0,1.0,0.5469236069839347,0.48122537654828473
420,3,1,0,0.0,1.0,0.5071234890163112,0.48122537654828473
422,3,1,1,0.6,0.1999999999999999,0.4920771106804929,0.48122537654828473
430,3,1,1,0.6,0.1999999999999999,0.6969650963747627,0.48122537654828473
439,3,1,0,0.2,0.6,0.46781449919456236,0.48122537654828473
441,3,1,0,0.2,0.6,0.5336333562869321,0.48122537654828473
445,3,1,0,0.0,1.0,0.5901716143221238,0.48122537654828473
459,3,1,0,0.25,0.5,0.556200940180867,0.48122537654828473
462,3,1,1,0.5,0.0,0.45936469636553096,0.48122537654828473
469,3,1,1,0.75,0.5,0.5541382112085459,0.48122537654828473
473,3,1,0,0.25,0.5,0.4799634023963683,0.48122537654828473
475,3,1,0,0.25,0.5,0.5815306666555706,0.48122537654828473
482,3,1,0,0.0,1.0,0.5254267913139615,0.48122537654828473
485,3,1,1,0.5,0.0,0.4837414857126862,0.48122537654828473
490,3,1,0,0.25,0.5,0.48237741253676036,0.48122537654828473
496,3,1,1,0.75,0.5,0.5352764163613399,0.48122537654828473
512,3,1,1,1.0,1.0,0.5735706316446354,0.48122537654828473
518,3,1,0,0.25,0.5,0.5083906860343521,0.48122537654828473
524,3,1,0,0.0,1.0,0.562561766872997,0.48122537654828473
525,3,1,0,0.2,0.6,0.4864160207446486,0.48122537654828473
532,3,1,0,0.0,1.0,0.5642603273073203,0.48122537654828473
535,3,1,0,0.25,0.5,0.6519329012141931,0.48122537654828473
543,3,1,1,0.5,0.0,0.47101325676504047,0.48122537654828473
545,3,1,0,0.25,0.5,0.574798674741231,0.48122537654828473
548,3,1,1,0.5,0.0,0.6016881924713067,0.48122537654828473
551,3,1,1,0.6666666666666666,0.3333333333333332,0.5604115425042382,0.48122537654828473
562,3,1,0,0.3333333333333333,0.3333333333333333,0.49155269887927633,0.48122537654828473
576,3,1,1,0.5,0.0,0.508763604455899,0.48122537654828473
579,3,1,0,0.3333333333333333,0.3333333333333333,0.56035544236321,0.48122537654828473
581,3,1,0,0.3333333333333333,0.3333333333333333,0.5472848810211232,0.48122537654828473
585,3,1,1,0.5,0.0,0.4834806692931838,0.48122537654828473
588,3,1,0,0.1666666666666666,0.6666666666666667,0.5447153793674023,0.48122537654828473
594,3,1,0,0.0,1.0,0.5770797417078047,0.48122537654828473
611,3,1,1,0.75,0.5,0.48538841710240305,0.48122537654828473
625,3,1,0,0.0,1.0,0.5210939580296258,0.48122537654828473
627,3,1,1,0.75,0.5,0.616219159127455,0.48122537654828473
630,3,1,1,0.5,0.0,0.4640780162805772,0.48122537654828473
632,3,1,1,0.5,0.0,0.5673365732721909,0.48122537654828473
634,3,1,0,0.25,0.5,0.5782491832957645,0.48122537654828473
635,3,1,1,0.5,0.0,0.5447874038395077,0.48122537654828473
638,3,1,0,0.25,0.5,0.6035617133020524,0.48122537654828473
639,3,1,0,0.0,1.0,0.5902846691928173,0.48122537654828473
641,3,1,0,0.0,1.0,0.4695499453062947,0.48122537654828473
643,3,1,1,0.5,0.0,0.4468402834169639,0.48122537654828473
644,3,1,0,0.25,0.5,0.48459048236954555,0.48122537654828473
647,3,1,1,0.5,0.0,0.5582466139943641,0.48122537654828473
654,3,1,0,0.1666666666666666,0.6666666666666667,0.47330149755711065,0.48122537654828473
655,3,1,1,0.6666666666666666,0.3333333333333332,0.5099405140013967,0.48122537654828473
660,3,1,0,0.1666666666666666,0.6666666666666667,0.4843754224988231,0.48122537654828473
662,3,1,0,0.0,1.0,0.5423523494347859,0.48122537654828473
664,3,1,1,0.6666666666666666,0.3333333333333332,0.5271521799968595,0.48122537654828473
669,3,1,0,0.3333333333333333,0.3333333333333333,0.5637827434470768,0.48122537654828473
675,3,1,0,0.3333333333333333,0.3333333333333333,0.527886019579337,0.48122537654828473
682,3,1,0,0.1666666666666666,0.6666666666666667,0.5963160947349038,0.48122537654828473
688,3,1,0,0.1666666666666666,0.6666666666666667,0.572458861359582,0.48122537654828473
691,3,1,0,0.1666666666666666,0.6666666666666667,0.5257399599695401,0.48122537654828473
693,3,1,1,0.5,0.0,0.5691554726748017,0.48122537654828473
710,3,1,0,0.0,1.0,0.48024149573469016,0.48122537654828473
720,3,1,0,0.0,1.0,0.6143970327394744,0.48122537654828473
721,3,1,0,0.3333333333333333,0.3333333333333333,0.6283057172356656,0.48122537654828473
732,3,1,0,0.0,1.0,0.5244428724939797,0.48122537654828473
734,3,1,0,0.0,1.0,0.5307218727623927,0.48122537654828473
735,3,1,0,0.0,1.0,0.5056080788226064,0.48122537654828473
738,3,1,0,0.3333333333333333,0.3333333333333333,0.4919915008500781,0.48122537654828473
1,3,2,0,0.3333333333333333,0.3333333333333333,0.4184996918936338,0.47378835969574784
2,3,2,0,0.4,0.1999999999999999,0.43567064998860316,0.47378835969574784
8,3,2,0,0.0,1.0,0.5029263512613552,0.47378835969574784
21,3,2,0,0.2,0.6,0.5572441575753575,0.47378835969574784
22,3,2,0,0.2,0.6,0.42799074850122243,0.47378835969574784
24,3,2,0,0.0,1.0,0.39866337569370824,0.47378835969574784
27,3,2,0,0.2,0.6,0.41012170815040894,0.47378835969574784
34,3,2,0,0.1666666666666666,0.6666666666666667,0.45741300474477087,0.47378835969574784
38,3,2,0,0.0,1.0,0.40017757281074684,0.47378835969574784
40,3,2,0,0.2,0.6,0.40576619523225965,0.47378835969574784
45,3,2,0,0.0,1.0,0.47155942909647486,0.47378835969574784
47,3,2,0,0.25,0.5,0.4125970288482632,0.47378835969574784
49,3,2,0,0.3333333333333333,0.3333333333333333,0.42875797207131244,0.47378835969574784
56,3,2,0,0.25,0.5,0.43277598991741717,0.47378835969574784
64,3,2,0,0.3333333333333333,0.3333333333333333,0.47779767667795553,0.47378835969574784
69,3,2,0,0.0,1.0,0.4095266911540694,0.47378835969574784
86,3,2,0,0.0,1.0,0.5571233540606789,0.47378835969574784
95,3,2,0,0.25,0.5,0.528007383482563,0.47378835969574784
96,3,2,0,0.0,1.0,0.518011503991227,0.47378835969574784
100,3,2,0,0.25,0.5,0.41764387666395697,0.47378835969574784
107,3,2,0,0.1111111111111111,0.7777777777777778,0.5122814356076233,0.47378835969574784
110,3,2,0,0.0,1.0,0.49870674525768577,0.47378835969574784
120,3,2,0,0.0,1.0,0.4131063175593829,0.47378835969574784
121,3,2,0,0.1111111111111111,0.7777777777777778,0.5158455231303394,0.47378835969574784
123,3,2,0,0.0,1.0,0.46341990487831175,0.47378835969574784
129,3,2,0,0.2,0.6,0.45463892032053754,0.47378835969574784
131,3,2,0,0.0,1.0,0.4100728099333367,0.47378835969574784
133,3,2,1,0.8888888888888888,0.7777777777777777,0.5883346296967729,0.47378835969574784
135,3,2,0,0.1666666666666666,0.6666666666666667,0.4097515140837883,0.47378835969574784
138,3,2,1,0.5555555555555556,0.1111111111111111,0.5011496566567062,0.47378835969574784
146,3,2,1,0.8888888888888888,0.7777777777777777,0.5248720252985772,0.47378835969574784
148,3,2,0,0.1111111111111111,0.7777777777777778,0.4859370597518565,0.47378835969574784
150,3,2,0,0.0,1.0,0.5228220739366918,0.47378835969574784
155,3,2,0,0.25,0.5,0.45739328653363376,0.47378835969574784
156,3,2,0,0.25,0.5,0.5111242989451303,0.47378835969574784
163,3,2,0,0.25,0.5,0.5008952116578484,0.47378835969574784
165,3,2,0,0.0,1.0,0.47065081805534936,0.47378835969574784
170,3,2,0,0.1666666666666666,0.6666666666666667,0.452953570056226,0.47378835969574784
173,3,2,0,0.25,0.5,0.47362986987692696,0.47378835969574784
184,3,2,0,0.0,1.0,0.44826488744203963,0.47378835969574784
189,3,2,1,0.5,0.0,0.6096669709430148,0.47378835969574784
191,3,2,0,0.0,1.0,0.5228840622252906,0.47378835969574784
193,3,2,0,0.25,0.5,0.6268921133087432,0.47378835969574784
195,3,2,0,0.0,1.0,0.48214827868393445,0.47378835969574784
196,3,2,1,0.5,0.0,0.5581607917479752,0.47378835969574784
207,3,2,0,0.2,0.6,0.4962752171747466,0.47378835969574784
208,3,2,0,0.0,1.0,0.4970351801739252,0.47378835969574784
214,3,2,0,0.2,0.6,0.48124500708090184,0.47378835969574784
221,3,2,1,0.8,0.6000000000000001,0.45368441309213703,0.47378835969574784
227,3,2,1,1.0,1.0,0.49824378105120226,0.47378835969574784
230,3,2,0,0.2,0.6,0.3785307521837046,0.47378835969574784
234,3,2,0,0.25,0.5,0.4604426166147794,0.47378835969574784
262,3,2,1,0.5,0.0,0.4106533675287009,0.47378835969574784
270,3,2,0,0.0,1.0,0.4906164853958246,0.47378835969574784
278,3,2,0,0.25,0.5,0.46814028705813765,0.47378835969574784
280,3,2,0,0.25,0.5,0.5216971292505131,0.47378835969574784
282,3,2,0,0.25,0.5,0.45880117573397905,0.47378835969574784
290,3,2,0,0.0,1.0,0.4515104990932165,0.47378835969574784
294,3,2,0,0.0,1.0,0.5658894575527218,0.47378835969574784
295,3,2,0,0.0,1.0,0.49083046501271443,0.47378835969574784
298,3,2,0,0.25,0.5,0.4055390826489125,0.47378835969574784
299,3,2,1,0.8,0.6000000000000001,0.5421603483718225,0.47378835969574784
300,3,2,0,0.0,1.0,0.5692392704919271,0.47378835969574784
304,3,2,1,0.8,0.6000000000000001,0.4731665617187828,0.47378835969574784
311,3,2,0,0.4,0.1999999999999999,0.5462088251740084,0.47378835969574784
312,3,2,0,0.0,1.0,0.5415604893192898,0.47378835969574784
322,3,2,1,0.6,0.1999999999999999,0.4789650900678613,0.47378835969574784
323,3,2,0,0.0,1.0,0.5397928601002188,0.47378835969574784
333,3,2,0,0.0,1.0,0.502429530478908,0.47378835969574784
334,3,2,0,0.4,0.1999999999999999,0.5095349222041434,0.47378835969574784
344,3,2,0,0.2,0.6,0.44388584298817346,0.47378835969574784
357,3,2,1,0.5,0.0,0.5322512212484214,0.47378835969574784
367,3,2,0,0.25,0.5,0.41819369097458964,0.47378835969574784
371,3,2,0,0.25,0.5,0.5359924164351997,0.47378835969574784
382,3,2,1,0.5,0.0,0.44524344165324475,0.47378835969574784
396,3,2,1,0.75,0.5,0.5736494196633645,0.47378835969574784
398,3,2,0,0.25,0.5,0.5595684924224082,0.47378835969574784
417,3,2,0,0.2,0.6,0.5469103364601785,0.47378835969574784
421,3,2,0,0.2,0.6,0.542995926586175,0.47378835969574784
427,3,2,1,0.6,0.1999999999999999,0.5028248901697421,0.47378835969574784
429,3,2,0,0.0,1.0,0.5898845959423504,0.47378835969574784
433,3,2,0,0.0,1.0,0.614017577440563,0.47378835969574784
434,3,2,0,0.0,1.0,0.5685509971783397,0.47378835969574784
436,3,2,0,0.4,0.1999999999999999,0.48057594947686233,0.47378835969574784
438,3,2,0,0.1666666666666666,0.6666666666666667,0.47858057589255093,0.47378835969574784
442,3,2,1,0.8,0.6000000000000001,0.503509541300897,0.47378835969574784
448,3,2,0,0.0,1.0,0.4654561948497832,0.47378835969574784
451,3,2,0,0.25,0.5,0.44732017472941515,0.47378835969574784
463,3,2,0,0.25,0.5,0.45913662038422465,0.47378835969574784
466,3,2,1,0.5,0.0,0.4582426475296727,0.47378835969574784
471,3,2,0,0.0,1.0,0.43577975703506305,0.47378835969574784
474,3,2,0,0.0,1.0,0.5923556176843786,0.47378835969574784
477,3,2,0,0.0,1.0,0.5496412820013662,0.47378835969574784
481,3,2,0,0.0,1.0,0.5314267613243678,0.47378835969574784
492,3,2,0,0.3333333333333333,0.3333333333333333,0.41389927535174775,0.47378835969574784
494,3,2,1,0.8,0.6000000000000001,0.42100749988686087,0.47378835969574784
502,3,2,1,0.75,0.5,0.4901492648850317,0.47378835969574784
507,3,2,1,1.0,1.0,0.5474930185814176,0.47378835969574784
513,3,2,0,0.0,1.0,0.5262173269987953,0.47378835969574784
530,3,2,1,0.5,0.0,0.5015861588441058,0.47378835969574784
537,3,2,0,0.25,0.5,0.5365152401549139,0.47378835969574784
539,3,2,0,0.25,0.5,0.5538028502438394,0.47378835969574784
540,3,2,0,0.25,0.5,0.5163484787541672,0.47378835969574784
547,3,2,1,0.5,0.0,0.5435174087783325,0.47378835969574784
550,3,2,0,0.0,1.0,0.49355181457628394,0.47378835969574784
553,3,2,0,0.0,1.0,0.5547268005409639,0.47378835969574784
556,3,2,0,0.1666666666666666,0.6666666666666667,0.5735829084780263,0.47378835969574784
561,3,2,1,0.5,0.0,0.5756674028012297,0.47378835969574784
564,3,2,1,0.5,0.0,0.5850204099470141,0.47378835969574784
569,3,2,0,0.1666666666666666,0.6666666666666667,0.5792992893079264,0.47378835969574784
582,3,2,1,0.5,0.0,0.5526614618364607,0.47378835969574784
586,3,2,1,0.6666666666666666,0.3333333333333332,0.5970354591295861,0.47378835969574784
592,3,2,1,0.6,0.1999999999999999,0.4736346152049753,0.47378835969574784
593,3,2,1,0.5,0.0,0.5707543308833909,0.47378835969574784
595,3,2,1,0.8333333333333334,0.6666666666666667,0.5277077197823286,0.47378835969574784
598,3,2,0,0.3333333333333333,0.3333333333333333,0.5714254633066491,0.47378835969574784
600,3,2,0,0.1666666666666666,0.6666666666666667,0.5346900249158961,0.47378835969574784
603,3,2,1,0.5,0.0,0.5383068334036851,0.47378835969574784
606,3,2,0,0.25,0.5,0.4880521318368106,0.47378835969574784
607,3,2,0,0.0,1.0,0.5484686733549385,0.47378835969574784
609,3,2,0,0.25,0.5,0.5157318894108658,0.47378835969574784
614,3,2,1,0.75,0.5,0.523324551212093,0.47378835969574784
615,3,2,1,0.75,0.5,0.5707149294936853,0.47378835969574784
621,3,2,1,0.5,0.0,0.5547089674426599,0.47378835969574784
624,3,2,0,0.25,0.5,0.5616558135163988,0.47378835969574784
626,3,2,1,0.5,0.0,0.5527326249219041,0.47378835969574784
631,3,2,0,0.0,1.0,0.5088088957432606,0.47378835969574784
640,3,2,1,0.75,0.5,0.4961959125705781,0.47378835969574784
642,3,2,1,0.75,0.5,0.5553176367633231,0.47378835969574784
657,3,2,1,0.5,0.0,0.46631219500844384,0.47378835969574784
658,3,2,0,0.1666666666666666,0.6666666666666667,0.5348413552449391,0.47378835969574784
663,3,2,0,0.3333333333333333,0.3333333333333333,0.5061778496508369,0.47378835969574784
672,3,2,0,0.0,1.0,0.538669625615317,0.47378835969574784
679,3,2,0,0.4,0.1999999999999999,0.5826618037950271,0.47378835969574784
687,3,2,0,0.3333333333333333,0.3333333333333333,0.5322175771336378,0.47378835969574784
698,3,2,1,0.5,0.0,0.45523581445178196,0.47378835969574784
699,3,2,0,0.1666666666666666,0.6666666666666667,0.5397319070148578,0.47378835969574784
702,3,2,0,0.1666666666666666,0.6666666666666667,0.5233297310356673,0.47378835969574784
705,3,2,1,0.5,0.0,0.4858981026347845,0.47378835969574784
706,3,2,1,0.6666666666666666,0.3333333333333332,0.5725390101646352,0.47378835969574784
708,3,2,0,0.0,1.0,0.4676865837620351,0.47378835969574784
709,3,2,0,0.3333333333333333,0.3333333333333333,0.4905175568353785,0.47378835969574784
719,3,2,0,0.1666666666666666,0.6666666666666667,0.5500850983033176,0.47378835969574784
726,3,2,0,0.0,1.0,0.46474954192190515,0.47378835969574784
736,3,2,0,0.0,1.0,0.5346839272690956,0.47378835969574784
739,3,2,0,0.3333333333333333,0.3333333333333333,0.4163217214793696,0.47378835969574784
741,3,2,0,0.2,0.6,0.4622492625146325,0.47378835969574784
4,3,3,1,0.6,0.1999999999999999,0.5808488139627563,0.4978171761761832
11,3,3,1,0.6,0.1999999999999999,0.3897524970896507,0.4978171761761832
13,3,3,0,0.2,0.6,0.546808798147714,0.4978171761761832
15,3,3,0,0.4,0.1999999999999999,0.3977637308559108,0.4978171761761832
16,3,3,1,0.6,0.1999999999999999,0.5278293669266572,0.4978171761761832
18,3,3,1,0.6,0.1999999999999999,0.6169328897305493,0.4978171761761832
28,3,3,0,0.2,0.6,0.38305886493219077,0.4978171761761832
29,3,3,0,0.2,0.6,0.42013325397300466,0.4978171761761832
54,3,3,0,0.25,0.5,0.3720191392158184,0.4978171761761832
67,3,3,0,0.0,1.0,0.40202369659507675,0.4978171761761832
71,3,3,0,0.0,1.0,0.5102504936498149,0.4978171761761832
72,3,3,0,0.25,0.5,0.3689380486850808,0.4978171761761832
74,3,3,0,0.0,1.0,0.49869259586847015,0.4978171761761832
75,3,3,0,0.0,1.0,0.497305961549757,0.4978171761761832
79,3,3,0,0.25,0.5,0.40573037405438667,0.4978171761761832
80,3,3,0,0.0,1.0,0.510776442968035,0.4978171761761832
82,3,3,0,0.25,0.5,0.4863655196172178,0.4978171761761832
83,3,3,0,0.25,0.5,0.5055115784032476,0.4978171761761832
85,3,3,0,0.25,0.5,0.44079400800924484,0.4978171761761832
89,3,3,0,0.25,0.5,0.4959706124804085,0.4978171761761832
90,3,3,1,0.5,0.0,0.48293415287085045,0.4978171761761832
94,3,3,0,0.25,0.5,0.3773211759448429,0.4978171761761832
98,3,3,0,0.3333333333333333,0.3333333333333333,0.5513641250822822,0.4978171761761832
101,3,3,0,0.3333333333333333,0.3333333333333333,0.3450765201142762,0.4978171761761832
103,3,3,0,0.1111111111111111,0.7777777777777778,0.4384583825169454,0.4978171761761832
108,3,3,0,0.25,0.5,0.3871681917088113,0.4978171761761832
112,3,3,0,0.125,0.75,0.3720191392158184,0.4978171761761832
119,3,3,0,0.1111111111111111,0.7777777777777778,0.44118794446400955,0.4978171761761832
122,3,3,0,0.0,1.0,0.4591332685889896,0.4978171761761832
134,3,3,0,0.1111111111111111,0.7777777777777778,0.5664004644353581,0.4978171761761832
137,3,3,1,0.6666666666666666,0.3333333333333332,0.5699580420824718,0.4978171761761832
140,3,3,0,0.2222222222222222,0.5555555555555556,0.4702422850886025,0.4978171761761832
152,3,3,0,0.0,1.0,0.4404723919559696,0.4978171761761832
159,3,3,0,0.0,1.0,0.419187576900298,0.4978171761761832
164,3,3,0,0.0,1.0,0.528974101614118,0.4978171761761832
177,3,3,0,0.0,1.0,0.5189944776713631,0.4978171761761832
182,3,3,0,0.0,1.0,0.4530749389163915,0.4978171761761832
183,3,3,0,0.0,1.0,0.6402206364424832,0.4978171761761832
192,3,3,0,0.0,1.0,0.45621742420639655,0.4978171761761832
199,3,3,0,0.25,0.5,0.5495778767945337,0.4978171761761832
201,3,3,0,0.25,0.5,0.48635197496939603,0.4978171761761832
213,3,3,0,0.4,0.1999999999999999,0.4832601216580786,0.4978171761761832
219,3,3,0,0.0,1.0,0.41507920274615306,0.4978171761761832
226,3,3,0,0.0,1.0,0.41115484149587656,0.4978171761761832
228,3,3,0,0.2,0.6,0.4140634815491659,0.4978171761761832
238,3,3,0,0.25,0.5,0.4160067083238331,0.4978171761761832
241,3,3,1,0.6,0.1999999999999999,0.43398976292276764,0.4978171761761832
245,3,3,0,0.0,1.0,0.5473946404572992,0.4978171761761832
250,3,3,0,0.4,0.1999999999999999,0.40778599448054564,0.4978171761761832
252,3,3,0,0.0,1.0,0.4210011478922133,0.4978171761761832
258,3,3,0,0.0,1.0,0.44909900628680577,0.4978171761761832
263,3,3,0,0.2,0.6,0.4493489193511773,0.4978171761761832
272,3,3,1,0.5,0.0,0.44909122770517085,0.4978171761761832
275,3,3,1,0.5,0.0,0.43592511489443786,0.4978171761761832
277,3,3,1,0.5,0.0,0.5264498400071055,0.4978171761761832
279,3,3,0,0.2,0.6,0.48967935832444764,0.4978171761761832
302,3,3,0,0.0,1.0,0.4286524472303705,0.4978171761761832
307,3,3,0,0.4,0.1999999999999999,0.4145763629249289,0.4978171761761832
316,3,3,0,0.4,0.1999999999999999,0.4935845731292311,0.4978171761761832
318,3,3,0,0.4,0.1999999999999999,0.5462884040189954,0.4978171761761832
324,3,3,0,0.2,0.6,0.5275744585842562,0.4978171761761832
328,3,3,1,0.6,0.1999999999999999,0.48529190106429393,0.4978171761761832
331,3,3,0,0.0,1.0,0.4032183617578762,0.4978171761761832
332,3,3,0,0.0,1.0,0.45265171737844034,0.4978171761761832
338,3,3,0,0.4,0.1999999999999999,0.4848258471413899,0.4978171761761832
339,3,3,0,0.0,1.0,0.48746258619896726,0.4978171761761832
345,3,3,0,0.0,1.0,0.4993613486136979,0.4978171761761832
347,3,3,0,0.4,0.1999999999999999,0.4179570371514682,0.4978171761761832
352,3,3,0,0.25,0.5,0.5228524450979312,0.4978171761761832
363,3,3,0,0.0,1.0,0.4816795268064065,0.4978171761761832
375,3,3,1,0.5,0.0,0.34497065868371996,0.4978171761761832
377,3,3,0,0.25,0.5,0.3559863243490324,0.4978171761761832
379,3,3,1,0.75,0.5,0.4285712283616675,0.4978171761761832
380,3,3,1,0.75,0.5,0.39849661634255495,0.4978171761761832
381,3,3,1,0.75,0.5,0.3729049651306555,0.4978171761761832
384,3,3,0,0.25,0.5,0.4409127565327605,0.4978171761761832
386,3,3,0,0.25,0.5,0.5111612526000935,0.4978171761761832
387,3,3,0,0.0,1.0,0.5182956569615285,0.4978171761761832
389,3,3,0,0.25,0.5,0.4237779376078987,0.4978171761761832
392,3,3,1,0.5,0.0,0.4786464600011914,0.4978171761761832
407,3,3,0,0.2,0.6,0.42169911629062873,0.4978171761761832
409,3,3,0,0.4,0.1999999999999999,0.49692534692385837,0.4978171761761832
416,3,3,0,0.0,1.0,0.5348285464527489,0.4978171761761832
423,3,3,0,0.0,1.0,0.5514082621135082,0.4978171761761832
424,3,3,1,0.6,0.1999999999999999,0.5158061041038967,0.4978171761761832
432,3,3,0,0.2,0.6,0.45091692922837096,0.4978171761761832
440,3,3,0,0.0,1.0,0.6538381752726112,0.4978171761761832
446,3,3,0,0.2,0.6,0.5334099834368374,0.4978171761761832
447,3,3,0,0.0,1.0,0.5535659617448399,0.4978171761761832
452,3,3,0,0.25,0.5,0.5391587024391448,0.4978171761761832
454,3,3,0,0.0,1.0,0.5483491272932237,0.4978171761761832
455,3,3,0,0.0,1.0,0.5141275641437669,0.4978171761761832
456,3,3,1,0.5,0.0,0.5576566129204861,0.4978171761761832
457,3,3,1,0.5,0.0,0.5760949296714841,0.4978171761761832
458,3,3,0,0.0,1.0,0.5489799172716856,0.4978171761761832
476,3,3,0,0.0,1.0,0.45994828854482367,0.4978171761761832
478,3,3,0,0.0,1.0,0.5146361705584885,0.4978171761761832
479,3,3,0,0.0,1.0,0.5369884363479527,0.4978171761761832
480,3,3,1,0.5,0.0,0.5510529375444642,0.4978171761761832
483,3,3,0,0.25,0.5,0.5123123704542784,0.4978171761761832
487,3,3,0,0.2,0.6,0.5351279512283041,0.4978171761761832
491,3,3,1,0.5,0.0,0.4915019358144982,0.4978171761761832
499,3,3,0,0.0,1.0,0.560184787081857,0.4978171761761832
503,3,3,0,0.0,1.0,0.5050203078205328,0.4978171761761832
505,3,3,1,0.5,0.0,0.511639622015604,0.4978171761761832
506,3,3,1,0.75,0.5,0.5349469200040229,0.4978171761761832
508,3,3,1,0.75,0.5,0.5400218816694553,0.4978171761761832
515,3,3,0,0.25,0.5,0.5472426624281171,0.4978171761761832
516,3,3,0,0.0,1.0,0.5238465545682061,0.4978171761761832
519,3,3,0,0.0,1.0,0.5263722467845638,0.4978171761761832
521,3,3,1,0.75,0.5,0.5414868859609797,0.4978171761761832
526,3,3,0,0.0,1.0,0.5856951207760729,0.4978171761761832
529,3,3,1,0.5,0.0,0.5016505843405697,0.4978171761761832
541,3,3,1,0.5,0.0,0.5580872746943827,0.4978171761761832
542,3,3,0,0.25,0.5,0.5640775393102183,0.4978171761761832
549,3,3,0,0.0,1.0,0.5882813847668997,0.4978171761761832
552,3,3,1,0.6666666666666666,0.3333333333333332,0.5479357418466179,0.4978171761761832
555,3,3,0,0.3333333333333333,0.3333333333333333,0.48187267057484123,0.4978171761761832
558,3,3,1,0.5,0.0,0.5348155951077174,0.4978171761761832
568,3,3,1,1.0,1.0,0.5474818150796645,0.4978171761761832
570,3,3,1,0.6666666666666666,0.3333333333333332,0.5642052953901782,0.4978171761761832
573,3,3,0,0.3333333333333333,0.3333333333333333,0.5573657919159175,0.4978171761761832
575,3,3,1,0.5,0.0,0.5517711111912931,0.4978171761761832
578,3,3,1,0.5,0.0,0.5361270270741612,0.4978171761761832
583,3,3,1,0.5,0.0,0.4734355726242394,0.4978171761761832
589,3,3,0,0.3333333333333333,0.3333333333333333,0.6466361314688616,0.4978171761761832
590,3,3,0,0.3333333333333333,0.3333333333333333,0.6365133529882276,0.4978171761761832
597,3,3,0,0.0,1.0,0.5233996305808819,0.4978171761761832
610,3,3,0,0.25,0.5,0.5098309401960005,0.4978171761761832
617,3,3,1,0.5,0.0,0.5604182386979566,0.4978171761761832
629,3,3,1,0.5,0.0,0.5029306292093244,0.4978171761761832
636,3,3,0,0.0,1.0,0.45118621683061766,0.4978171761761832
637,3,3,1,0.5,0.0,0.5103535552272206,0.4978171761761832
646,3,3,0,0.0,1.0,0.5135795163010503,0.4978171761761832
652,3,3,0,0.0,1.0,0.6120418844389844,0.4978171761761832
671,3,3,0,0.3333333333333333,0.3333333333333333,0.5238730872914381,0.4978171761761832
677,3,3,1,0.6666666666666666,0.3333333333333332,0.46289023164192816,0.4978171761761832
678,3,3,0,0.3333333333333333,0.3333333333333333,0.5633142964915165,0.4978171761761832
680,3,3,0,0.0,1.0,0.5372988619520368,0.4978171761761832
686,3,3,0,0.0,1.0,0.5555492884828951,0.4978171761761832
695,3,3,0,0.3333333333333333,0.3333333333333333,0.504141572838986,0.4978171761761832
697,3,3,1,0.5,0.0,0.4740931877946618,0.4978171761761832
704,3,3,0,0.3333333333333333,0.3333333333333333,0.4615384863315527,0.4978171761761832
713,3,3,1,0.6,0.1999999999999999,0.4757163340287777,0.4978171761761832
722,3,3,0,0.2,0.6,0.5022278578424137,0.4978171761761832
729,3,3,0,0.4,0.1999999999999999,0.4408874728727686,0.4978171761761832
737,3,3,0,0.1666666666666666,0.6666666666666667,0.43763410633775357,0.4978171761761832
9,3,4,0,0.0,1.0,0.47671268186010074,0.4971471179592094
12,3,4,0,0.4,0.1999999999999999,0.5161924468084338,0.4971471179592094
17,3,4,0,0.4,0.1999999999999999,0.4286481087660265,0.4971471179592094
20,3,4,0,0.25,0.5,0.42228070537454976,0.4971471179592094
26,3,4,1,0.8,0.6000000000000001,0.553319239446784,0.4971471179592094
32,3,4,0,0.2,0.6,0.47799112996131526,0.4971471179592094
33,3,4,0,0.4,0.1999999999999999,0.5057630027783618,0.4971471179592094
43,3,4,0,0.2,0.6,0.4077473544959809,0.4971471179592094
46,3,4,0,0.4,0.1999999999999999,0.4493913300565584,0.4971471179592094
51,3,4,0,0.25,0.5,0.4057540646171821,0.4971471179592094
53,3,4,0,0.1666666666666666,0.6666666666666667,0.43682604657429047,0.4971471179592094
68,3,4,0,0.0,1.0,0.4492005362499265,0.4971471179592094
70,3,4,0,0.0,1.0,0.5135828907257856,0.4971471179592094
76,3,4,0,0.25,0.5,0.4965090757443576,0.4971471179592094
88,3,4,1,0.5,0.0,0.40325836788887315,0.4971471179592094
102,3,4,0,0.0,1.0,0.4252023007200378,0.4971471179592094
104,3,4,0,0.1111111111111111,0.7777777777777778,0.5171145636531879,0.4971471179592094
105,3,4,0,0.0,1.0,0.4257245612278405,0.4971471179592094
109,3,4,0,0.1111111111111111,0.7777777777777778,0.44120391017159327,0.4971471179592094
111,3,4,0,0.1111111111111111,0.7777777777777778,0.41044810576823604,0.4971471179592094
113,3,4,0,0.1111111111111111,0.7777777777777778,0.42394888028093525,0.4971471179592094
117,3,4,0,0.25,0.5,0.3742553589984177,0.4971471179592094
118,3,4,0,0.0,1.0,0.5474409020766811,0.4971471179592094
124,3,4,0,0.0,1.0,0.4154186483665721,0.4971471179592094
128,3,4,0,0.1111111111111111,0.7777777777777778,0.47254620643296746,0.4971471179592094
132,3,4,0,0.2222222222222222,0.5555555555555556,0.4137906683671968,0.4971471179592094
139,3,4,0,0.0,1.0,0.5666050292055986,0.4971471179592094
142,3,4,0,0.0,1.0,0.510092231898522,0.4971471179592094
143,3,4,1,0.5555555555555556,0.1111111111111111,0.5411617935347548,0.4971471179592094
158,3,4,0,0.0,1.0,0.5069531585826818,0.4971471179592094
168,3,4,0,0.25,0.5,0.5916297498451584,0.4971471179592094
171,3,4,0,0.25,0.5,0.5041301996490688,0.4971471179592094
172,3,4,0,0.0,1.0,0.6576100067780745,0.4971471179592094
175,3,4,0,0.0,1.0,0.47227003218265673,0.4971471179592094
176,3,4,0,0.0,1.0,0.47347704505950805,0.4971471179592094
178,3,4,0,0.0,1.0,0.42580061269630154,0.4971471179592094
179,3,4,0,0.25,0.5,0.5015933801621887,0.4971471179592094
185,3,4,0,0.25,0.5,0.634786459840599,0.4971471179592094
187,3,4,0,0.0,1.0,0.39533336209851555,0.4971471179592094
194,3,4,0,0.0,1.0,0.4634922746172569,0.4971471179592094
200,3,4,0,0.2,0.6,0.47200185548860696,0.4971471179592094
202,3,4,1,0.6,0.1999999999999999,0.5422786286522813,0.4971471179592094
206,3,4,1,0.5,0.0,0.4842349926019376,0.4971471179592094
212,3,4,0,0.2,0.6,0.5829932515501814,0.4971471179592094
222,3,4,0,0.2,0.6,0.42343510752202523,0.4971471179592094
224,3,4,0,0.4,0.1999999999999999,0.45464701932878604,0.4971471179592094
229,3,4,0,0.0,1.0,0.538997306711297,0.4971471179592094
232,3,4,0,0.25,0.5,0.5153195465909339,0.4971471179592094
236,3,4,0,0.0,1.0,0.384145286917776,0.4971471179592094
240,3,4,0,0.2,0.6,0.4212215068438702,0.4971471179592094
246,3,4,0,0.4,0.1999999999999999,0.3784177549638857,0.4971471179592094
254,3,4,0,0.25,0.5,0.4518789047656681,0.4971471179592094
260,3,4,0,0.25,0.5,0.4496847928925641,0.4971471179592094
274,3,4,1,0.5,0.0,0.48772960483484623,0.4971471179592094
281,3,4,0,0.0,1.0,0.4802720345535491,0.4971471179592094
286,3,4,0,0.2,0.6,0.5113321244420835,0.4971471179592094
287,3,4,0,0.25,0.5,0.5177996660036673,0.4971471179592094
289,3,4,1,0.5,0.0,0.4819201958292303,0.4971471179592094
293,3,4,1,0.5,0.0,0.4073414598880428,0.4971471179592094
303,3,4,0,0.0,1.0,0.5464121733269027,0.4971471179592094
321,3,4,1,0.6,0.1999999999999999,0.49968863121872586,0.4971471179592094
325,3,4,0,0.0,1.0,0.53345469328635,0.4971471179592094
327,3,4,0,0.0,1.0,0.39933948662278124,0.4971471179592094
335,3,4,1,0.5,0.0,0.5646324340295887,0.4971471179592094
336,3,4,0,0.4,0.1999999999999999,0.4654631605211026,0.4971471179592094
340,3,4,1,0.6,0.1999999999999999,0.5640181631871501,0.4971471179592094
342,3,4,0,0.2,0.6,0.47971103236607804,0.4971471179592094
343,3,4,1,0.8,0.6000000000000001,0.3995694285852428,0.4971471179592094
353,3,4,0,0.0,1.0,0.44319199624833333,0.4971471179592094
356,3,4,0,0.25,0.5,0.5189429110380619,0.4971471179592094
359,3,4,0,0.25,0.5,0.5095026922439574,0.4971471179592094
360,3,4,0,0.25,0.5,0.5124815026374264,0.4971471179592094
361,3,4,0,0.0,1.0,0.4421247445259982,0.4971471179592094
362,3,4,1,0.75,0.5,0.40971523185846875,0.4971471179592094
365,3,4,0,0.25,0.5,0.5175262463796686,0.4971471179592094
368,3,4,1,0.5,0.0,0.5542889274354119,0.4971471179592094
369,3,4,0,0.0,1.0,0.4731050110846141,0.4971471179592094
372,3,4,0,0.25,0.5,0.5238590065735511,0.4971471179592094
385,3,4,1,0.5,0.0,0.37984008883503106,0.4971471179592094
397,3,4,1,0.75,0.5,0.5362329544164566,0.4971471179592094
399,3,4,0,0.25,0.5,0.46063812736236803,0.4971471179592094
400,3,4,1,0.5,0.0,0.5502644406008815,0.4971471179592094
401,3,4,0,0.2,0.6,0.5020576346256165,0.4971471179592094
410,3,4,1,0.6,0.1999999999999999,0.4917365455363364,0.4971471179592094
418,3,4,0,0.0,1.0,0.6434566717119248,0.4971471179592094
428,3,4,1,0.6,0.1999999999999999,0.5307873813078798,0.4971471179592094
431,3,4,0,0.4,0.1999999999999999,0.5595337487091342,0.4971471179592094
444,3,4,0,0.2,0.6,0.5505464826299769,0.4971471179592094
449,3,4,0,0.4,0.1999999999999999,0.48742988471714,0.4971471179592094
450,3,4,0,0.2,0.6,0.5236859649089679,0.4971471179592094
460,3,4,0,0.0,1.0,0.47108792306125746,0.4971471179592094
465,3,4,1,0.5,0.0,0.4746225335332566,0.4971471179592094
468,3,4,0,0.25,0.5,0.5417555551060983,0.4971471179592094
470,3,4,0,0.0,1.0,0.5303401280611029,0.4971471179592094
486,3,4,0,0.25,0.5,0.5698071815714972,0.4971471179592094
495,3,4,0,0.0,1.0,0.519492147668484,0.4971471179592094
497,3,4,0,0.0,1.0,0.4197936042501099,0.4971471179592094
501,3,4,0,0.25,0.5,0.5755600749673377,0.4971471179592094
504,3,4,1,0.75,0.5,0.5595859148110188,0.4971471179592094
509,3,4,0,0.25,0.5,0.5537878537502822,0.4971471179592094
510,3,4,1,0.5,0.0,0.5383102369006316,0.4971471179592094
514,3,4,1,0.75,0.5,0.48565815986050526,0.4971471179592094
517,3,4,0,0.25,0.5,0.5666489611934911,0.4971471179592094
520,3,4,1,0.5,0.0,0.5874592349952702,0.4971471179592094
527,3,4,0,0.25,0.5,0.5099034926343459,0.4971471179592094
528,3,4,0,0.0,1.0,0.5410584027054413,0.4971471179592094
533,3,4,0,0.0,1.0,0.5600872589923387,0.4971471179592094
536,3,4,0,0.3333333333333333,0.3333333333333333,0.5388998496601739,0.4971471179592094
538,3,4,0,0.0,1.0,0.504220894120158,0.4971471179592094
557,3,4,0,0.3333333333333333,0.3333333333333333,0.5789912141841638,0.4971471179592094
559,3,4,1,0.6666666666666666,0.3333333333333332,0.5549991040843487,0.4971471179592094
563,3,4,0,0.0,1.0,0.502984304539276,0.4971471179592094
565,3,4,0,0.3333333333333333,0.3333333333333333,0.5151558132869322,0.4971471179592094
566,3,4,0,0.1666666666666666,0.6666666666666667,0.5174614174569092,0.4971471179592094
571,3,4,1,0.5,0.0,0.48283794551191334,0.4971471179592094
572,3,4,1,0.8333333333333334,0.6666666666666667,0.5716405186054827,0.4971471179592094
574,3,4,0,0.3333333333333333,0.3333333333333333,0.5188639770590496,0.4971471179592094
584,3,4,1,0.6666666666666666,0.3333333333333332,0.5310790904134426,0.4971471179592094
587,3,4,1,0.8333333333333334,0.6666666666666667,0.574954481054115,0.4971471179592094
599,3,4,0,0.0,1.0,0.49873063763767234,0.4971471179592094
602,3,4,0,0.25,0.5,0.5419582873787706,0.4971471179592094
605,3,4,1,0.5,0.0,0.5513571956766566,0.4971471179592094
608,3,4,0,0.0,1.0,0.550318768966147,0.4971471179592094
612,3,4,0,0.0,1.0,0.46326343277407933,0.4971471179592094
616,3,4,1,0.75,0.5,0.480899720150267,0.4971471179592094
619,3,4,0,0.25,0.5,0.574954481054115,0.4971471179592094
620,3,4,1,0.75,0.5,0.5260120999067373,0.4971471179592094
623,3,4,1,0.5,0.0,0.577174543840222,0.4971471179592094
628,3,4,0,0.0,1.0,0.4689128349706768,0.4971471179592094
649,3,4,1,0.5,0.0,0.5504809983138408,0.4971471179592094
656,3,4,1,0.6666666666666666,0.3333333333333332,0.494201738206237,0.4971471179592094
659,3,4,1,0.6666666666666666,0.3333333333333332,0.49762145564492,0.4971471179592094
661,3,4,1,0.8333333333333334,0.6666666666666667,0.5140614850072956,0.4971471179592094
670,3,4,1,0.5,0.0,0.5215510940575023,0.4971471179592094
676,3,4,0,0.1666666666666666,0.6666666666666667,0.5084619885631273,0.4971471179592094
684,3,4,0,0.0,1.0,0.4643176194858269,0.4971471179592094
696,3,4,0,0.1666666666666666,0.6666666666666667,0.5360309505617477,0.4971471179592094
700,3,4,1,0.5,0.0,0.4693286534263738,0.4971471179592094
701,3,4,0,0.1666666666666666,0.6666666666666667,0.4885244661370862,0.4971471179592094
711,3,4,1,0.6,0.1999999999999999,0.5617958218713104,0.4971471179592094
712,3,4,0,0.1666666666666666,0.6666666666666667,0.4613767726204327,0.4971471179592094
715,3,4,1,0.5,0.0,0.43137988536461375,0.4971471179592094
718,3,4,0,0.1666666666666666,0.6666666666666667,0.4925893402293468,0.4971471179592094
724,3,4,0,0.2,0.6,0.47169919569218494,0.4971471179592094
727,3,4,0,0.4,0.1999999999999999,0.48159289132980526,0.4971471179592094
728,3,4,0,0.2,0.6,0.5278717852722297,0.4971471179592094
731,3,4,0,0.0,1.0,0.44036329341733366,0.4971471179592094
3,4,0,0,0.0,1.0,0.4608881502203953,0.49858283021906746
8,4,0,0,0.0,1.0,0.503822369512787,0.49858283021906746
10,4,0,0,0.0,1.0,0.3731664218543282,0.49858283021906746
11,4,0,1,0.6,0.1999999999999999,0.4151584655656807,0.49858283021906746
13,4,0,0,0.2,0.6,0.5268955078861028,0.49858283021906746
18,4,0,1,0.6,0.1999999999999999,0.6162776484005273,0.49858283021906746
24,4,0,0,0.0,1.0,0.3666320687731257,0.49858283021906746
25,4,0,0,0.2,0.6,0.4220977599409029,0.49858283021906746
29,4,0,0,0.2,0.6,0.4149533761704095,0.49858283021906746
30,4,0,0,0.2,0.6,0.392233301076614,0.49858283021906746
31,4,0,0,0.1666666666666666,0.6666666666666667,0.5073345437606538,0.49858283021906746
34,4,0,0,0.1666666666666666,0.6666666666666667,0.4234613493783656,0.49858283021906746
36,4,0,0,0.2,0.6,0.44506493828028115,0.49858283021906746
44,4,0,0,0.0,1.0,0.5520125923889627,0.49858283021906746
46,4,0,0,0.4,0.1999999999999999,0.4478614885161158,0.49858283021906746
47,4,0,0,0.25,0.5,0.385853467517489,0.49858283021906746
51,4,0,0,0.25,0.5,0.40388058983291947,0.49858283021906746
52,4,0,0,0.25,0.5,0.47791744697979227,0.49858283021906746
57,4,0,1,1.0,1.0,0.4796183361864337,0.49858283021906746
60,4,0,0,0.0,1.0,0.4694164063736974,0.49858283021906746
67,4,0,0,0.0,1.0,0.42900083908409026,0.49858283021906746
70,4,0,0,0.0,1.0,0.5132769033290008,0.49858283021906746
83,4,0,0,0.25,0.5,0.48772010709864994,0.49858283021906746
90,4,0,1,0.5,0.0,0.47219903459575685,0.49858283021906746
94,4,0,0,0.25,0.5,0.4010535237808807,0.49858283021906746
110,4,0,0,0.0,1.0,0.4901927213528467,0.49858283021906746
111,4,0,0,0.1111111111111111,0.7777777777777778,0.40868196495297765,0.49858283021906746
116,4,0,0,0.0,1.0,0.6265508957458638,0.49858283021906746
121,4,0,0,0.1111111111111111,0.7777777777777778,0.4988402026103181,0.49858283021906746
124,4,0,0,0.0,1.0,0.4137660517476133,0.49858283021906746
128,4,0,0,0.1111111111111111,0.7777777777777778,0.4715247634956975,0.49858283021906746
151,4,0,0,0.0,1.0,0.5536852251323032,0.49858283021906746
159,4,0,0,0.0,1.0,0.44837555220149616,0.49858283021906746
169,4,0,0,0.0,1.0,0.5156611409639532,0.49858283021906746
182,4,0,0,0.0,1.0,0.4658700032985481,0.49858283021906746
185,4,0,0,0.25,0.5,0.6374368284672907,0.49858283021906746
189,4,0,1,0.5,0.0,0.6406070575088462,0.49858283021906746
190,4,0,0,0.25,0.5,0.5870167401258038,0.49858283021906746
191,4,0,0,0.0,1.0,0.5330262342839642,0.49858283021906746
192,4,0,0,0.0,1.0,0.47578371152572263,0.49858283021906746
198,4,0,0,0.0,1.0,0.5084090704039277,0.49858283021906746
200,4,0,0,0.2,0.6,0.471536806251092,0.49858283021906746
205,4,0,0,0.2,0.6,0.5824129183682124,0.49858283021906746
213,4,0,0,0.4,0.1999999999999999,0.49463418619979854,0.49858283021906746
226,4,0,0,0.0,1.0,0.41806106021830836,0.49858283021906746
230,4,0,0,0.2,0.6,0.3456432290334751,0.49858283021906746
233,4,0,0,0.0,1.0,0.38557139463522083,0.49858283021906746
234,4,0,0,0.25,0.5,0.45840106110041606,0.49858283021906746
236,4,0,0,0.0,1.0,0.3814923202226273,0.49858283021906746
240,4,0,0,0.2,0.6,0.4194095380976709,0.49858283021906746
241,4,0,1,0.6,0.1999999999999999,0.4398081753913332,0.49858283021906746
242,4,0,1,0.6,0.1999999999999999,0.40491984334303693,0.49858283021906746
246,4,0,0,0.4,0.1999999999999999,0.37549182909681034,0.49858283021906746
248,4,0,0,0.4,0.1999999999999999,0.4554244378889349,0.49858283021906746
252,4,0,0,0.0,1.0,0.40901085139213267,0.49858283021906746
255,4,0,0,0.25,0.5,0.37526841749535333,0.49858283021906746
273,4,0,1,0.5,0.0,0.5373051743630406,0.49858283021906746
274,4,0,1,0.5,0.0,0.4869894795422876,0.49858283021906746
278,4,0,0,0.25,0.5,0.45084648382861736,0.49858283021906746
288,4,0,1,0.75,0.5,0.5040897192473972,0.49858283021906746
311,4,0,0,0.4,0.1999999999999999,0.5820276934665374,0.49858283021906746
315,4,0,1,0.8,0.6000000000000001,0.4068771148837601,0.49858283021906746
319,4,0,0,0.2,0.6,0.4369196166169055,0.49858283021906746
320,4,0,0,0.0,1.0,0.4543019140556702,0.49858283021906746
321,4,0,1,0.6,0.1999999999999999,0.4992726877104698,0.49858283021906746
323,4,0,0,0.0,1.0,0.5319484693643097,0.49858283021906746
326,4,0,0,0.0,1.0,0.5043938424348583,0.49858283021906746
330,4,0,0,0.4,0.1999999999999999,0.531871076917069,0.49858283021906746
339,4,0,0,0.0,1.0,0.50455037767685,0.49858283021906746
346,4,0,1,0.6,0.1999999999999999,0.4596656654691847,0.49858283021906746
359,4,0,0,0.25,0.5,0.5094968622090644,0.49858283021906746
370,4,0,0,0.0,1.0,0.4951288033199232,0.49858283021906746
372,4,0,0,0.25,0.5,0.5240533216100267,0.49858283021906746
380,4,0,1,0.75,0.5,0.41180473722347144,0.49858283021906746
381,4,0,1,0.75,0.5,0.3797678208666989,0.49858283021906746
384,4,0,0,0.25,0.5,0.4486749587738539,0.49858283021906746
395,4,0,1,0.5,0.0,0.6525815206140305,0.49858283021906746
411,4,0,0,0.2,0.6,0.5093173798458323,0.49858283021906746
416,4,0,0,0.0,1.0,0.5328908935313887,0.49858283021906746
420,4,0,0,0.0,1.0,0.5096811103902132,0.49858283021906746
422,4,0,1,0.6,0.1999999999999999,0.4877945831494861,0.49858283021906746
423,4,0,0,0.0,1.0,0.5446156280205567,0.49858283021906746
434,4,0,0,0.0,1.0,0.5690478101058876,0.49858283021906746
435,4,0,0,0.4,0.1999999999999999,0.500954315589266,0.49858283021906746
438,4,0,0,0.1666666666666666,0.6666666666666667,0.4961176326002695,0.49858283021906746
443,4,0,0,0.0,1.0,0.5420331772413545,0.49858283021906746
452,4,0,0,0.25,0.5,0.5383663597115033,0.49858283021906746
455,4,0,0,0.0,1.0,0.518275646224122,0.49858283021906746
456,4,0,1,0.5,0.0,0.5499559942305742,0.49858283021906746
468,4,0,0,0.25,0.5,0.5423462553179671,0.49858283021906746
476,4,0,0,0.0,1.0,0.46459889673271954,0.49858283021906746
480,4,0,1,0.5,0.0,0.546131095411739,0.49858283021906746
485,4,0,1,0.5,0.0,0.4813855104479847,0.49858283021906746
489,4,0,0,0.0,1.0,0.524880473235906,0.49858283021906746
492,4,0,0,0.3333333333333333,0.3333333333333333,0.3763840160422029,0.49858283021906746
505,4,0,1,0.5,0.0,0.5181065278549577,0.49858283021906746
506,4,0,1,0.75,0.5,0.537105875809345,0.49858283021906746
507,4,0,1,1.0,1.0,0.5405620032584132,0.49858283021906746
510,4,0,1,0.5,0.0,0.5387370510289019,0.49858283021906746
512,4,0,1,1.0,1.0,0.5635995007831972,0.49858283021906746
515,4,0,0,0.25,0.5,0.5487182661774166,0.49858283021906746
517,4,0,0,0.25,0.5,0.5677086831828858,0.49858283021906746
522,4,0,0,0.25,0.5,0.5804264830972969,0.49858283021906746
523,4,0,0,0.25,0.5,0.5123573601220338,0.49858283021906746
534,4,0,1,0.75,0.5,0.5490037534848488,0.49858283021906746
536,4,0,0,0.3333333333333333,0.3333333333333333,0.5394810188028618,0.49858283021906746
542,4,0,0,0.25,0.5,0.5536557795740557,0.49858283021906746
543,4,0,1,0.5,0.0,0.4807203075853555,0.49858283021906746
553,4,0,0,0.0,1.0,0.5487790893248983,0.49858283021906746
555,4,0,0,0.3333333333333333,0.3333333333333333,0.4889496720020331,0.49858283021906746
566,4,0,0,0.1666666666666666,0.6666666666666667,0.5174275071450344,0.49858283021906746
570,4,0,1,0.6666666666666666,0.3333333333333332,0.5587386202899233,0.49858283021906746
572,4,0,1,0.8333333333333334,0.6666666666666667,0.5726844557991236,0.49858283021906746
578,4,0,1,0.5,0.0,0.5283649539622531,0.49858283021906746
579,4,0,0,0.3333333333333333,0.3333333333333333,0.5518673484273863,0.49858283021906746
586,4,0,1,0.6666666666666666,0.3333333333333332,0.5981039454274402,0.49858283021906746
591,4,0,1,0.5,0.0,0.5577284247601677,0.49858283021906746
598,4,0,0,0.3333333333333333,0.3333333333333333,0.5819885127271921,0.49858283021906746
604,4,0,1,0.75,0.5,0.5031123853577618,0.49858283021906746
613,4,0,0,0.0,1.0,0.4304484111700982,0.49858283021906746
618,4,0,0,0.0,1.0,0.4658542059474773,0.49858283021906746
623,4,0,1,0.5,0.0,0.5783298345055687,0.49858283021906746
625,4,0,0,0.0,1.0,0.5137081820826244,0.49858283021906746
635,4,0,1,0.5,0.0,0.5314925803781901,0.49858283021906746
637,4,0,1,0.5,0.0,0.5148915078240238,0.49858283021906746
639,4,0,0,0.0,1.0,0.5771355368435217,0.49858283021906746
640,4,0,1,0.75,0.5,0.4950351772673684,0.49858283021906746
641,4,0,0,0.0,1.0,0.47277108038007876,0.49858283021906746
648,4,0,1,0.5,0.0,0.5065081012891403,0.49858283021906746
661,4,0,1,0.8333333333333334,0.6666666666666667,0.5142674192453004,0.49858283021906746
662,4,0,0,0.0,1.0,0.5356066384630044,0.49858283021906746
663,4,0,0,0.3333333333333333,0.3333333333333333,0.5248871795053682,0.49858283021906746
667,4,0,0,0.3333333333333333,0.3333333333333333,0.5282090624687195,0.49858283021906746
673,4,0,0,0.3333333333333333,0.3333333333333333,0.555207490393286,0.49858283021906746
679,4,0,0,0.4,0.1999999999999999,0.5994403242169114,0.49858283021906746
683,4,0,1,0.8333333333333334,0.6666666666666667,0.459687572398861,0.49858283021906746
685,4,0,0,0.0,1.0,0.5106265772475753,0.49858283021906746
686,4,0,0,0.0,1.0,0.5535236023411817,0.49858283021906746
689,4,0,0,0.0,1.0,0.47194410623275473,0.49858283021906746
699,4,0,0,0.1666666666666666,0.6666666666666667,0.5365661637478599,0.49858283021906746
702,4,0,0,0.1666666666666666,0.6666666666666667,0.5315170995411177,0.49858283021906746
703,4,0,0,0.0,1.0,0.49998409035510105,0.49858283021906746
705,4,0,1,0.5,0.0,0.4789196564351804,0.49858283021906746
727,4,0,0,0.4,0.1999999999999999,0.4807900405576974,0.49858283021906746
732,4,0,0,0.0,1.0,0.5280264477208845,0.49858283021906746
740,4,0,0,0.1666666666666666,0.6666666666666667,0.43732990163688484,0.49858283021906746
742,4,0,1,0.5,0.0,0.40469401946075084,0.49858283021906746
1,4,1,0,0.3333333333333333,0.3333333333333333,0.3702814197396433,0.5153858590597733
21,4,1,0,0.2,0.6,0.5885726552722452,0.5153858590597733
28,4,1,0,0.2,0.6,0.3857377597053691,0.5153858590597733
38,4,1,0,0.0,1.0,0.37429959097922355,0.5153858590597733
41,4,1,0,0.2,0.6,0.3788136498768297,0.5153858590597733
43,4,1,0,0.2,0.6,0.38387571256503217,0.5153858590597733
45,4,1,0,0.0,1.0,0.41859704056935276,0.5153858590597733
54,4,1,0,0.25,0.5,0.37167269076644976,0.5153858590597733
59,4,1,0,0.25,0.5,0.4348595123930544,0.5153858590597733
61,4,1,0,0.2,0.6,0.3779221367049476,0.5153858590597733
65,4,1,0,0.25,0.5,0.4542660840626335,0.5153858590597733
66,4,1,0,0.0,1.0,0.4409364440173714,0.5153858590597733
72,4,1,0,0.25,0.5,0.36775902628303286,0.5153858590597733
81,4,1,0,0.0,1.0,0.4490492232379787,0.5153858590597733
87,4,1,0,0.0,1.0,0.5181150481395251,0.5153858590597733
91,4,1,0,0.25,0.5,0.40342994496829737,0.5153858590597733
93,4,1,0,0.0,1.0,0.5241952123912194,0.5153858590597733
95,4,1,0,0.25,0.5,0.5227044275560433,0.5153858590597733
102,4,1,0,0.0,1.0,0.4040362684203307,0.5153858590597733
107,4,1,0,0.1111111111111111,0.7777777777777778,0.4989026615620427,0.5153858590597733
118,4,1,0,0.0,1.0,0.5548560286890435,0.5153858590597733
127,4,1,1,0.6666666666666666,0.3333333333333332,0.4008898046694934,0.5153858590597733
129,4,1,0,0.2,0.6,0.4247943269199974,0.5153858590597733
131,4,1,0,0.0,1.0,0.3909844595096512,0.5153858590597733
139,4,1,0,0.0,1.0,0.5736722694611196,0.5153858590597733
140,4,1,0,0.2222222222222222,0.5555555555555556,0.47398782621894625,0.5153858590597733
143,4,1,1,0.5555555555555556,0.1111111111111111,0.5484356097970473,0.5153858590597733
145,4,1,0,0.4444444444444444,0.1111111111111111,0.575366897980418,0.5153858590597733
156,4,1,0,0.25,0.5,0.5119232487151353,0.5153858590597733
171,4,1,0,0.25,0.5,0.5033797955810643,0.5153858590597733
172,4,1,0,0.0,1.0,0.685127344733178,0.5153858590597733
173,4,1,0,0.25,0.5,0.4693227082477914,0.5153858590597733
179,4,1,0,0.25,0.5,0.497340230732991,0.5153858590597733
183,4,1,0,0.0,1.0,0.656464312987399,0.5153858590597733
187,4,1,0,0.0,1.0,0.37316970857014736,0.5153858590597733
188,4,1,0,0.0,1.0,0.4214560536808601,0.5153858590597733
194,4,1,0,0.0,1.0,0.45094594929636267,0.5153858590597733
195,4,1,0,0.0,1.0,0.4748777921204863,0.5153858590597733
203,4,1,0,0.2,0.6,0.5497262918003742,0.5153858590597733
204,4,1,0,0.4,0.1999999999999999,0.4740617171331631,0.5153858590597733
206,4,1,1,0.5,0.0,0.47560484281128407,0.5153858590597733
211,4,1,1,0.6,0.1999999999999999,0.4805934081923405,0.5153858590597733
214,4,1,0,0.2,0.6,0.4819237956143292,0.5153858590597733
215,4,1,0,0.2,0.6,0.3728789698744107,0.5153858590597733
217,4,1,0,0.0,1.0,0.38858347930550746,0.5153858590597733
219,4,1,0,0.0,1.0,0.4010657537482599,0.5153858590597733
220,4,1,0,0.4,0.1999999999999999,0.5524826428486143,0.5153858590597733
221,4,1,1,0.8,0.6000000000000001,0.4442216888514046,0.5153858590597733
231,4,1,1,0.5,0.0,0.4914529605786523,0.5153858590597733
237,4,1,0,0.4,0.1999999999999999,0.36818855356386565,0.5153858590597733
244,4,1,1,0.6,0.1999999999999999,0.43689310868083814,0.5153858590597733
247,4,1,0,0.2,0.6,0.3914261388838245,0.5153858590597733
249,4,1,1,0.6,0.1999999999999999,0.42797320788385135,0.5153858590597733
259,4,1,0,0.0,1.0,0.32726303702870935,0.5153858590597733
272,4,1,1,0.5,0.0,0.4589488663455038,0.5153858590597733
277,4,1,1,0.5,0.0,0.5274527921671637,0.5153858590597733
295,4,1,0,0.0,1.0,0.4837154540276728,0.5153858590597733
310,4,1,0,0.2,0.6,0.43941745227933127,0.5153858590597733
313,4,1,0,0.0,1.0,0.5140556053522717,0.5153858590597733
322,4,1,1,0.6,0.1999999999999999,0.48320053817531117,0.5153858590597733
327,4,1,0,0.0,1.0,0.37752282188937397,0.5153858590597733
329,4,1,0,0.0,1.0,0.668980609829755,0.5153858590597733
342,4,1,0,0.2,0.6,0.4732010069844121,0.5153858590597733
345,4,1,0,0.0,1.0,0.48701816069127213,0.5153858590597733
348,4,1,0,0.4,0.1999999999999999,0.5484574883445227,0.5153858590597733
349,4,1,0,0.0,1.0,0.5130401771825935,0.5153858590597733
351,4,1,0,0.0,1.0,0.5057101109429368,0.5153858590597733
352,4,1,0,0.25,0.5,0.5213921818155625,0.5153858590597733
354,4,1,0,0.25,0.5,0.3870166397327759,0.5153858590597733
367,4,1,0,0.25,0.5,0.3792593997710832,0.5153858590597733
374,4,1,1,0.5,0.0,0.34710235810955126,0.5153858590597733
376,4,1,1,0.5,0.0,0.43594751905501816,0.5153858590597733
377,4,1,0,0.25,0.5,0.34041237029970706,0.5153858590597733
379,4,1,1,0.75,0.5,0.4035863185310268,0.5153858590597733
387,4,1,0,0.0,1.0,0.5220748025641939,0.5153858590597733
389,4,1,0,0.25,0.5,0.4203444445586112,0.5153858590597733
391,4,1,0,0.0,1.0,0.5230737361738266,0.5153858590597733
392,4,1,1,0.5,0.0,0.4842585691415988,0.5153858590597733
398,4,1,0,0.25,0.5,0.5675328285893793,0.5153858590597733
402,4,1,1,0.6,0.1999999999999999,0.6159433951627591,0.5153858590597733
404,4,1,1,0.6,0.1999999999999999,0.5767645705399385,0.5153858590597733
405,4,1,0,0.0,1.0,0.5692802160577562,0.5153858590597733
406,4,1,1,0.6,0.1999999999999999,0.49681044956042525,0.5153858590597733
407,4,1,0,0.2,0.6,0.4187698934266482,0.5153858590597733
424,4,1,1,0.6,0.1999999999999999,0.5210763105523553,0.5153858590597733
426,4,1,1,0.8,0.6000000000000001,0.572230114474906,0.5153858590597733
436,4,1,0,0.4,0.1999999999999999,0.46687648861530073,0.5153858590597733
440,4,1,0,0.0,1.0,0.6783889975928022,0.5153858590597733
441,4,1,0,0.2,0.6,0.5364325998988387,0.5153858590597733
449,4,1,0,0.4,0.1999999999999999,0.48189425378497686,0.5153858590597733
450,4,1,0,0.2,0.6,0.5256497326237006,0.5153858590597733
453,4,1,0,0.25,0.5,0.5335402169649655,0.5153858590597733
457,4,1,1,0.5,0.0,0.5740576820733154,0.5153858590597733
460,4,1,0,0.0,1.0,0.4627055137494041,0.5153858590597733
463,4,1,0,0.25,0.5,0.45936380684239897,0.5153858590597733
464,4,1,0,0.0,1.0,0.5696276593807333,0.5153858590597733
465,4,1,1,0.5,0.0,0.4639009033243854,0.5153858590597733
466,4,1,1,0.5,0.0,0.45785402682747467,0.5153858590597733
472,4,1,0,0.25,0.5,0.49984673057209017,0.5153858590597733
473,4,1,0,0.25,0.5,0.474970193323712,0.5153858590597733
474,4,1,0,0.0,1.0,0.6135146873768355,0.5153858590597733
494,4,1,1,0.8,0.6000000000000001,0.3647014029844195,0.5153858590597733
519,4,1,0,0.0,1.0,0.5293675207091391,0.5153858590597733
520,4,1,1,0.5,0.0,0.6072941388658584,0.5153858590597733
528,4,1,0,0.0,1.0,0.5482319889791221,0.5153858590597733
533,4,1,0,0.0,1.0,0.572800011759234,0.5153858590597733
535,4,1,0,0.25,0.5,0.6379954731244145,0.5153858590597733
537,4,1,0,0.25,0.5,0.5517657484482574,0.5153858590597733
539,4,1,0,0.25,0.5,0.5765491115769912,0.5153858590597733
540,4,1,0,0.25,0.5,0.5156058160477969,0.5153858590597733
547,4,1,1,0.5,0.0,0.5543791791389835,0.5153858590597733
548,4,1,1,0.5,0.0,0.6081646765007651,0.5153858590597733
558,4,1,1,0.5,0.0,0.5426831326897192,0.5153858590597733
560,4,1,0,0.1666666666666666,0.6666666666666667,0.605082441992024,0.5153858590597733
568,4,1,1,1.0,1.0,0.5530090957238135,0.5153858590597733
571,4,1,1,0.5,0.0,0.4775459063532857,0.5153858590597733
577,4,1,0,0.1666666666666666,0.6666666666666667,0.4576781229921416,0.5153858590597733
592,4,1,1,0.6,0.1999999999999999,0.46941808919899897,0.5153858590597733
608,4,1,0,0.0,1.0,0.5590305220390843,0.5153858590597733
610,4,1,0,0.25,0.5,0.5164367055321526,0.5153858590597733
617,4,1,1,0.5,0.0,0.5623091690418097,0.5153858590597733
620,4,1,1,0.75,0.5,0.5276497664322843,0.5153858590597733
621,4,1,1,0.5,0.0,0.5628859821175298,0.5153858590597733
629,4,1,1,0.5,0.0,0.5037732361912014,0.5153858590597733
632,4,1,1,0.5,0.0,0.5693434137359051,0.5153858590597733
636,4,1,0,0.0,1.0,0.4554363249462872,0.5153858590597733
647,4,1,1,0.5,0.0,0.5537326480764216,0.5153858590597733
649,4,1,1,0.5,0.0,0.5596280897125754,0.5153858590597733
656,4,1,1,0.6666666666666666,0.3333333333333332,0.4914456039369737,0.5153858590597733
669,4,1,0,0.3333333333333333,0.3333333333333333,0.5617396654743837,0.5153858590597733
680,4,1,0,0.0,1.0,0.5387694855171348,0.5153858590597733
681,4,1,0,0.1666666666666666,0.6666666666666667,0.47564624871391037,0.5153858590597733
682,4,1,0,0.1666666666666666,0.6666666666666667,0.5923134080472677,0.5153858590597733
690,4,1,0,0.0,1.0,0.5475471167545648,0.5153858590597733
692,4,1,0,0.0,1.0,0.6801795555119279,0.5153858590597733
694,4,1,0,0.3333333333333333,0.3333333333333333,0.47166328170180777,0.5153858590597733
695,4,1,0,0.3333333333333333,0.3333333333333333,0.5001208088033975,0.5153858590597733
698,4,1,1,0.5,0.0,0.4526804023502001,0.5153858590597733
701,4,1,0,0.1666666666666666,0.6666666666666667,0.48517112368864207,0.5153858590597733
715,4,1,1,0.5,0.0,0.4161351231014484,0.5153858590597733
716,4,1,1,0.6666666666666666,0.3333333333333332,0.4769676740053539,0.5153858590597733
718,4,1,0,0.1666666666666666,0.6666666666666667,0.4923151433735026,0.5153858590597733
721,4,1,0,0.3333333333333333,0.3333333333333333,0.6218569359447027,0.5153858590597733
724,4,1,0,0.2,0.6,0.4678405031837262,0.5153858590597733
728,4,1,0,0.2,0.6,0.5336184000417608,0.5153858590597733
733,4,1,0,0.1666666666666666,0.6666666666666667,0.4796147694131068,0.5153858590597733
739,4,1,0,0.3333333333333333,0.3333333333333333,0.41364993142258843,0.5153858590597733
6,4,2,0,0.2,0.6,0.42600717374553554,0.4903718610856289
7,4,2,1,0.6,0.1999999999999999,0.40279937244297087,0.4903718610856289
26,4,2,1,0.8,0.6000000000000001,0.5688051766931812,0.4903718610856289
37,4,2,0,0.2,0.6,0.512684415454432,0.4903718610856289
39,4,2,0,0.0,1.0,0.43756259669164316,0.4903718610856289
42,4,2,0,0.0,1.0,0.36095162808157566,0.4903718610856289
48,4,2,1,0.6,0.1999999999999999,0.48788405153048825,0.4903718610856289
49,4,2,0,0.3333333333333333,0.3333333333333333,0.39310088065687143,0.4903718610856289
56,4,2,0,0.25,0.5,0.3955600520152281,0.4903718610856289
58,4,2,0,0.25,0.5,0.40891278631573846,0.4903718610856289
64,4,2,0,0.3333333333333333,0.3333333333333333,0.4593940351582139,0.4903718610856289
71,4,2,0,0.0,1.0,0.5043091359226929,0.4903718610856289
76,4,2,0,0.25,0.5,0.5006433358390766,0.4903718610856289
78,4,2,0,0.0,1.0,0.3963719860260883,0.4903718610856289
82,4,2,0,0.25,0.5,0.47615146036318723,0.4903718610856289
88,4,2,1,0.5,0.0,0.37820051275589495,0.4903718610856289
92,4,2,0,0.0,1.0,0.5206578143261987,0.4903718610856289
96,4,2,0,0.0,1.0,0.5104584771692294,0.4903718610856289
100,4,2,0,0.25,0.5,0.3834161833293693,0.4903718610856289
101,4,2,0,0.3333333333333333,0.3333333333333333,0.3336441746583846,0.4903718610856289
103,4,2,0,0.1111111111111111,0.7777777777777778,0.42784295240837783,0.4903718610856289
105,4,2,0,0.0,1.0,0.40181136295362707,0.4903718610856289
108,4,2,0,0.25,0.5,0.38938342660582453,0.4903718610856289
109,4,2,0,0.1111111111111111,0.7777777777777778,0.4358839154087206,0.4903718610856289
112,4,2,0,0.125,0.75,0.3717814837544961,0.4903718610856289
115,4,2,0,0.0,1.0,0.4401548523419952,0.4903718610856289
125,4,2,0,0.125,0.75,0.4753029410735223,0.4903718610856289
136,4,2,0,0.3333333333333333,0.3333333333333333,0.43826347344806593,0.4903718610856289
137,4,2,1,0.6666666666666666,0.3333333333333332,0.5702677008443089,0.4903718610856289
138,4,2,1,0.5555555555555556,0.1111111111111111,0.5125661299972101,0.4903718610856289
158,4,2,0,0.0,1.0,0.5054571166798213,0.4903718610856289
160,4,2,0,0.1666666666666666,0.6666666666666667,0.44295972556454577,0.4903718610856289
162,4,2,0,0.2,0.6,0.3860470718493831,0.4903718610856289
165,4,2,0,0.0,1.0,0.48419017294471195,0.4903718610856289
167,4,2,0,0.0,1.0,0.48387652497230277,0.4903718610856289
170,4,2,0,0.1666666666666666,0.6666666666666667,0.41324601132423283,0.4903718610856289
201,4,2,0,0.25,0.5,0.49484388343972724,0.4903718610856289
209,4,2,0,0.2,0.6,0.6369286659264669,0.4903718610856289
212,4,2,0,0.2,0.6,0.5824115804352555,0.4903718610856289
216,4,2,0,0.0,1.0,0.4919096975961447,0.4903718610856289
222,4,2,0,0.2,0.6,0.41797649829148664,0.4903718610856289
224,4,2,0,0.4,0.1999999999999999,0.44386197670680205,0.4903718610856289
228,4,2,0,0.2,0.6,0.4008486686472127,0.4903718610856289
238,4,2,0,0.25,0.5,0.4131088018635948,0.4903718610856289
243,4,2,0,0.0,1.0,0.5141035336423637,0.4903718610856289
245,4,2,0,0.0,1.0,0.5559457098820825,0.4903718610856289
250,4,2,0,0.4,0.1999999999999999,0.3942818760038193,0.4903718610856289
251,4,2,0,0.25,0.5,0.4915840523467133,0.4903718610856289
260,4,2,0,0.25,0.5,0.43945597765296623,0.4903718610856289
261,4,2,0,0.25,0.5,0.4304029927658254,0.4903718610856289
262,4,2,1,0.5,0.0,0.37278222812860257,0.4903718610856289
266,4,2,0,0.25,0.5,0.4333505315845452,0.4903718610856289
271,4,2,0,0.0,1.0,0.5177687361457127,0.4903718610856289
275,4,2,1,0.5,0.0,0.43263840256809344,0.4903718610856289
279,4,2,0,0.2,0.6,0.4901004248142217,0.4903718610856289
280,4,2,0,0.25,0.5,0.5397010706039639,0.4903718610856289
281,4,2,0,0.0,1.0,0.487036754181415,0.4903718610856289
282,4,2,0,0.25,0.5,0.4402181558275738,0.4903718610856289
290,4,2,0,0.0,1.0,0.42445517206125544,0.4903718610856289
293,4,2,1,0.5,0.0,0.3914319904682248,0.4903718610856289
294,4,2,0,0.0,1.0,0.5687645084660389,0.4903718610856289
302,4,2,0,0.0,1.0,0.42059029120018865,0.4903718610856289
303,4,2,0,0.0,1.0,0.5564124018514321,0.4903718610856289
304,4,2,1,0.8,0.6000000000000001,0.46191280645204763,0.4903718610856289
306,4,2,0,0.0,1.0,0.43942330545042113,0.4903718610856289
331,4,2,0,0.0,1.0,0.4121528064778758,0.4903718610856289
334,4,2,0,0.4,0.1999999999999999,0.4995804411329842,0.4903718610856289
337,4,2,0,0.0,1.0,0.48369150641694647,0.4903718610856289
338,4,2,0,0.4,0.1999999999999999,0.48172357129403826,0.4903718610856289
341,4,2,1,0.6,0.1999999999999999,0.47623775539420576,0.4903718610856289
350,4,2,0,0.0,1.0,0.4343279937851343,0.4903718610856289
353,4,2,0,0.0,1.0,0.4353130198489139,0.4903718610856289
362,4,2,1,0.75,0.5,0.3954137862252032,0.4903718610856289
364,4,2,1,0.5,0.0,0.4576542799870112,0.4903718610856289
371,4,2,0,0.25,0.5,0.5370427274885362,0.4903718610856289
382,4,2,1,0.5,0.0,0.4377425982221316,0.4903718610856289
388,4,2,1,0.5,0.0,0.6063297000451369,0.4903718610856289
390,4,2,1,0.75,0.5,0.4456087142289494,0.4903718610856289
393,4,2,0,0.25,0.5,0.5898225386238354,0.4903718610856289
396,4,2,1,0.75,0.5,0.5849871525158283,0.4903718610856289
400,4,2,1,0.5,0.0,0.5620336931573651,0.4903718610856289
403,4,2,0,0.0,1.0,0.5206365751657409,0.4903718610856289
410,4,2,1,0.6,0.1999999999999999,0.4885384415609481,0.4903718610856289
415,4,2,0,0.0,1.0,0.5315415991434146,0.4903718610856289
417,4,2,0,0.2,0.6,0.5570863132690875,0.4903718610856289
419,4,2,0,0.4,0.1999999999999999,0.5600894595297266,0.4903718610856289
425,4,2,0,0.0,1.0,0.46050543121447995,0.4903718610856289
428,4,2,1,0.6,0.1999999999999999,0.5364791626394371,0.4903718610856289
439,4,2,0,0.2,0.6,0.45388230516862943,0.4903718610856289
447,4,2,0,0.0,1.0,0.555171732790848,0.4903718610856289
448,4,2,0,0.0,1.0,0.4649192201862063,0.4903718610856289
458,4,2,0,0.0,1.0,0.5503906896960128,0.4903718610856289
459,4,2,0,0.25,0.5,0.5597025941499583,0.4903718610856289
470,4,2,0,0.0,1.0,0.535315568274099,0.4903718610856289
477,4,2,0,0.0,1.0,0.5593231664598565,0.4903718610856289
479,4,2,0,0.0,1.0,0.5360848874274594,0.4903718610856289
486,4,2,0,0.25,0.5,0.5784268467953191,0.4903718610856289
495,4,2,0,0.0,1.0,0.5180820856605405,0.4903718610856289
496,4,2,1,0.75,0.5,0.5340619182245085,0.4903718610856289
511,4,2,1,0.5,0.0,0.5176459854320504,0.4903718610856289
516,4,2,0,0.0,1.0,0.5214936616067337,0.4903718610856289
530,4,2,1,0.5,0.0,0.5024442413329608,0.4903718610856289
550,4,2,0,0.0,1.0,0.4886047089158372,0.4903718610856289
551,4,2,1,0.6666666666666666,0.3333333333333332,0.5576806539821819,0.4903718610856289
552,4,2,1,0.6666666666666666,0.3333333333333332,0.5473450172995842,0.4903718610856289
557,4,2,0,0.3333333333333333,0.3333333333333333,0.5945016012827987,0.4903718610856289
561,4,2,1,0.5,0.0,0.5887059563910743,0.4903718610856289
562,4,2,0,0.3333333333333333,0.3333333333333333,0.49302629376171525,0.4903718610856289
563,4,2,0,0.0,1.0,0.5002313623757614,0.4903718610856289
565,4,2,0,0.3333333333333333,0.3333333333333333,0.5132670178721268,0.4903718610856289
581,4,2,0,0.3333333333333333,0.3333333333333333,0.5414901550775901,0.4903718610856289
582,4,2,1,0.5,0.0,0.5703340882564845,0.4903718610856289
583,4,2,1,0.5,0.0,0.4719657205609621,0.4903718610856289
584,4,2,1,0.6666666666666666,0.3333333333333332,0.5345908421733249,0.4903718610856289
597,4,2,0,0.0,1.0,0.5227013724125091,0.4903718610856289
600,4,2,0,0.1666666666666666,0.6666666666666667,0.5360844527527262,0.4903718610856289
601,4,2,0,0.0,1.0,0.5987011332642009,0.4903718610856289
602,4,2,0,0.25,0.5,0.5449522438856512,0.4903718610856289
606,4,2,0,0.25,0.5,0.4853517647887361,0.4903718610856289
609,4,2,0,0.25,0.5,0.5279212389200981,0.4903718610856289
614,4,2,1,0.75,0.5,0.5239165282913134,0.4903718610856289
619,4,2,0,0.25,0.5,0.5862783424722917,0.4903718610856289
624,4,2,0,0.25,0.5,0.5765527716865818,0.4903718610856289
628,4,2,0,0.0,1.0,0.4584777494792975,0.4903718610856289
630,4,2,1,0.5,0.0,0.46713493230428493,0.4903718610856289
633,4,2,1,0.5,0.0,0.46536170228594476,0.4903718610856289
634,4,2,0,0.25,0.5,0.5763889863620185,0.4903718610856289
642,4,2,1,0.75,0.5,0.5634560137260162,0.4903718610856289
644,4,2,0,0.25,0.5,0.4759733465577228,0.4903718610856289
646,4,2,0,0.0,1.0,0.5114631047150666,0.4903718610856289
651,4,2,0,0.3333333333333333,0.3333333333333333,0.47009135046141043,0.4903718610856289
654,4,2,0,0.1666666666666666,0.6666666666666667,0.4582764861644016,0.4903718610856289
655,4,2,1,0.6666666666666666,0.3333333333333332,0.5050751183079104,0.4903718610856289
657,4,2,1,0.5,0.0,0.4662638935599224,0.4903718610856289
658,4,2,0,0.1666666666666666,0.6666666666666667,0.5430236889723785,0.4903718610856289
659,4,2,1,0.6666666666666666,0.3333333333333332,0.4932333163681566,0.4903718610856289
670,4,2,1,0.5,0.0,0.5195504974097723,0.4903718610856289
697,4,2,1,0.5,0.0,0.4836838000369093,0.4903718610856289
707,4,2,1,0.5,0.0,0.4966802486352795,0.4903718610856289
708,4,2,0,0.0,1.0,0.44782375111060285,0.4903718610856289
712,4,2,0,0.1666666666666666,0.6666666666666667,0.45672538377825006,0.4903718610856289
713,4,2,1,0.6,0.1999999999999999,0.4637405520760948,0.4903718610856289
720,4,2,0,0.0,1.0,0.5919317470700577,0.4903718610856289
723,4,2,0,0.1666666666666666,0.6666666666666667,0.47837890977582415,0.4903718610856289
734,4,2,0,0.0,1.0,0.5396050887669472,0.4903718610856289
738,4,2,0,0.3333333333333333,0.3333333333333333,0.503163236745656,0.4903718610856289
741,4,2,0,0.2,0.6,0.4334970947994222,0.4903718610856289
4,4,3,1,0.6,0.1999999999999999,0.5308137730128905,0.49936434020265713
12,4,3,0,0.4,0.1999999999999999,0.5248943392319924,0.49936434020265713
14,4,3,0,0.2,0.6,0.4540508624863664,0.49936434020265713
15,4,3,0,0.4,0.1999999999999999,0.4416050503566542,0.49936434020265713
17,4,3,0,0.4,0.1999999999999999,0.45083684970430077,0.49936434020265713
22,4,3,0,0.2,0.6,0.4739252763228622,0.49936434020265713
27,4,3,0,0.2,0.6,0.45102691434437586,0.49936434020265713
33,4,3,0,0.4,0.1999999999999999,0.49198405463127415,0.49936434020265713
35,4,3,1,0.5,0.0,0.5068078978924672,0.49936434020265713
50,4,3,1,0.8,0.6000000000000001,0.4700838080998154,0.49936434020265713
53,4,3,0,0.1666666666666666,0.6666666666666667,0.4318673839042624,0.49936434020265713
55,4,3,0,0.0,1.0,0.4285963776615452,0.49936434020265713
62,4,3,0,0.25,0.5,0.4832819963660229,0.49936434020265713
68,4,3,0,0.0,1.0,0.4603505401800015,0.49936434020265713
75,4,3,0,0.0,1.0,0.48693740059624535,0.49936434020265713
77,4,3,0,0.25,0.5,0.4515792448311854,0.49936434020265713
79,4,3,0,0.25,0.5,0.42545024763821115,0.49936434020265713
84,4,3,0,0.3333333333333333,0.3333333333333333,0.5883455095367315,0.49936434020265713
97,4,3,0,0.25,0.5,0.4638348974014218,0.49936434020265713
98,4,3,0,0.3333333333333333,0.3333333333333333,0.5665622250638437,0.49936434020265713
99,4,3,0,0.0,1.0,0.5291733598253453,0.49936434020265713
104,4,3,0,0.1111111111111111,0.7777777777777778,0.506313491812802,0.49936434020265713
106,4,3,1,1.0,1.0,0.465425297203262,0.49936434020265713
114,4,3,0,0.1111111111111111,0.7777777777777778,0.4272101182416423,0.49936434020265713
119,4,3,0,0.1111111111111111,0.7777777777777778,0.45373418269565463,0.49936434020265713
120,4,3,0,0.0,1.0,0.4548272727582687,0.49936434020265713
122,4,3,0,0.0,1.0,0.4594582509708162,0.49936434020265713
126,4,3,0,0.2222222222222222,0.5555555555555556,0.4817402411251835,0.49936434020265713
132,4,3,0,0.2222222222222222,0.5555555555555556,0.45085987757354196,0.49936434020265713
134,4,3,0,0.1111111111111111,0.7777777777777778,0.5404209377441265,0.49936434020265713
135,4,3,0,0.1666666666666666,0.6666666666666667,0.44847578597206095,0.49936434020265713
147,4,3,0,0.0,1.0,0.5159756957628414,0.49936434020265713
148,4,3,0,0.1111111111111111,0.7777777777777778,0.4497861188318049,0.49936434020265713
153,4,3,0,0.0,1.0,0.4666347130577016,0.49936434020265713
157,4,3,0,0.25,0.5,0.4658894350251714,0.49936434020265713
163,4,3,0,0.25,0.5,0.5038105627347426,0.49936434020265713
166,4,3,0,0.25,0.5,0.5223359666774267,0.49936434020265713
168,4,3,0,0.25,0.5,0.5654194871491308,0.49936434020265713
174,4,3,1,0.5,0.0,0.4771829554720874,0.49936434020265713
176,4,3,0,0.0,1.0,0.47590878856999,0.49936434020265713
177,4,3,0,0.0,1.0,0.510022020653209,0.49936434020265713
178,4,3,0,0.0,1.0,0.4613232909603777,0.49936434020265713
180,4,3,0,0.0,1.0,0.49657103723125906,0.49936434020265713
181,4,3,1,0.5,0.0,0.5400335387324295,0.49936434020265713
184,4,3,0,0.0,1.0,0.47650339163279587,0.49936434020265713
197,4,3,0,0.0,1.0,0.5295278644036922,0.49936434020265713
207,4,3,0,0.2,0.6,0.4964829022846157,0.49936434020265713
227,4,3,1,1.0,1.0,0.5044596969318004,0.49936434020265713
229,4,3,0,0.0,1.0,0.5318146469745096,0.49936434020265713
235,4,3,0,0.0,1.0,0.4181075464303495,0.49936434020265713
239,4,3,1,0.6,0.1999999999999999,0.48316983937158575,0.49936434020265713
253,4,3,0,0.0,1.0,0.42191173480713834,0.49936434020265713
254,4,3,0,0.25,0.5,0.46342365825911785,0.49936434020265713
258,4,3,0,0.0,1.0,0.4564637291469296,0.49936434020265713
267,4,3,0,0.0,1.0,0.4827396229892605,0.49936434020265713
269,4,3,1,0.5,0.0,0.41494159035045114,0.49936434020265713
286,4,3,0,0.2,0.6,0.5127598467716573,0.49936434020265713
287,4,3,0,0.25,0.5,0.5237184214592143,0.49936434020265713
291,4,3,0,0.0,1.0,0.4691130151790754,0.49936434020265713
296,4,3,0,0.0,1.0,0.4061817088813804,0.49936434020265713
299,4,3,1,0.8,0.6000000000000001,0.5197244330546756,0.49936434020265713
307,4,3,0,0.4,0.1999999999999999,0.4551129199819218,0.49936434020265713
314,4,3,0,0.0,1.0,0.47180610633415543,0.49936434020265713
316,4,3,0,0.4,0.1999999999999999,0.5067090504052248,0.49936434020265713
325,4,3,0,0.0,1.0,0.5292161262165614,0.49936434020265713
336,4,3,0,0.4,0.1999999999999999,0.47489630170923863,0.49936434020265713
343,4,3,1,0.8,0.6000000000000001,0.4170526453586415,0.49936434020265713
355,4,3,0,0.25,0.5,0.48260246967892745,0.49936434020265713
356,4,3,0,0.25,0.5,0.5139898157321635,0.49936434020265713
357,4,3,1,0.5,0.0,0.5216814340081074,0.49936434020265713
361,4,3,0,0.0,1.0,0.4519464268846626,0.49936434020265713
363,4,3,0,0.0,1.0,0.4925738483366735,0.49936434020265713
366,4,3,0,0.0,1.0,0.5570152997925277,0.49936434020265713
368,4,3,1,0.5,0.0,0.5364480621889341,0.49936434020265713
375,4,3,1,0.5,0.0,0.3980619041755526,0.49936434020265713
386,4,3,0,0.25,0.5,0.48961974965134736,0.49936434020265713
394,4,3,1,0.5,0.0,0.4625966989916029,0.49936434020265713
408,4,3,0,0.4,0.1999999999999999,0.4787322744035067,0.49936434020265713
409,4,3,0,0.4,0.1999999999999999,0.4893121766167947,0.49936434020265713
412,4,3,1,1.0,1.0,0.5602688971524465,0.49936434020265713
414,4,3,1,0.6,0.1999999999999999,0.5428927387912426,0.49936434020265713
418,4,3,0,0.0,1.0,0.6131319794375385,0.49936434020265713
429,4,3,0,0.0,1.0,0.5645928180098309,0.49936434020265713
437,4,3,1,0.6,0.1999999999999999,0.5250383042604644,0.49936434020265713
442,4,3,1,0.8,0.6000000000000001,0.49532133172629816,0.49936434020265713
445,4,3,0,0.0,1.0,0.5501547351648511,0.49936434020265713
446,4,3,0,0.2,0.6,0.5397011951015946,0.49936434020265713
462,4,3,1,0.5,0.0,0.48574024783323355,0.49936434020265713
471,4,3,0,0.0,1.0,0.462526640607386,0.49936434020265713
478,4,3,0,0.0,1.0,0.5074195491102272,0.49936434020265713
481,4,3,0,0.0,1.0,0.5304981857144172,0.49936434020265713
482,4,3,0,0.0,1.0,0.5159441445509909,0.49936434020265713
483,4,3,0,0.25,0.5,0.4905260941946717,0.49936434020265713
484,4,3,0,0.25,0.5,0.4852831189654422,0.49936434020265713
488,4,3,1,0.5,0.0,0.4386493634642239,0.49936434020265713
490,4,3,0,0.25,0.5,0.4940422440961612,0.49936434020265713
493,4,3,0,0.0,1.0,0.47621582196337797,0.49936434020265713
497,4,3,0,0.0,1.0,0.4277173708406461,0.49936434020265713
498,4,3,0,0.0,1.0,0.5260227944605965,0.49936434020265713
500,4,3,0,0.25,0.5,0.5065294493962282,0.49936434020265713
501,4,3,0,0.25,0.5,0.5497262658278349,0.49936434020265713
504,4,3,1,0.75,0.5,0.5418541271820032,0.49936434020265713
509,4,3,0,0.25,0.5,0.535561013664321,0.49936434020265713
518,4,3,0,0.25,0.5,0.5052744401371833,0.49936434020265713
521,4,3,1,0.75,0.5,0.5216830516864266,0.49936434020265713
526,4,3,0,0.0,1.0,0.5504167635158058,0.49936434020265713
527,4,3,0,0.25,0.5,0.506988172901984,0.49936434020265713
538,4,3,0,0.0,1.0,0.5054591159314871,0.49936434020265713
541,4,3,1,0.5,0.0,0.5280869380857864,0.49936434020265713
544,4,3,1,0.5,0.0,0.5303722789210477,0.49936434020265713
549,4,3,0,0.0,1.0,0.5727379606613111,0.49936434020265713
554,4,3,1,0.5,0.0,0.5109306891352554,0.49936434020265713
564,4,3,1,0.5,0.0,0.5570637570396013,0.49936434020265713
567,4,3,0,0.3333333333333333,0.3333333333333333,0.4839425766072691,0.49936434020265713
569,4,3,0,0.1666666666666666,0.6666666666666667,0.5621037897274473,0.49936434020265713
573,4,3,0,0.3333333333333333,0.3333333333333333,0.5251086066769919,0.49936434020265713
574,4,3,0,0.3333333333333333,0.3333333333333333,0.5142101332757177,0.49936434020265713
575,4,3,1,0.5,0.0,0.534465279571991,0.49936434020265713
585,4,3,1,0.5,0.0,0.49486897886608117,0.49936434020265713
587,4,3,1,0.8333333333333334,0.6666666666666667,0.552169890575153,0.49936434020265713
588,4,3,0,0.1666666666666666,0.6666666666666667,0.5250365611793137,0.49936434020265713
589,4,3,0,0.3333333333333333,0.3333333333333333,0.6098143405636146,0.49936434020265713
594,4,3,0,0.0,1.0,0.5421651464878056,0.49936434020265713
596,4,3,1,0.5,0.0,0.5673790868299896,0.49936434020265713
605,4,3,1,0.5,0.0,0.5329896601321398,0.49936434020265713
615,4,3,1,0.75,0.5,0.5528438054894926,0.49936434020265713
622,4,3,1,0.75,0.5,0.523901330771749,0.49936434020265713
626,4,3,1,0.5,0.0,0.53280637466728,0.49936434020265713
638,4,3,0,0.25,0.5,0.5589432282483191,0.49936434020265713
643,4,3,1,0.5,0.0,0.47970861034485013,0.49936434020265713
652,4,3,0,0.0,1.0,0.5566408602418232,0.49936434020265713
653,4,3,1,0.5,0.0,0.5197837600144305,0.49936434020265713
664,4,3,1,0.6666666666666666,0.3333333333333332,0.5209800736959184,0.49936434020265713
672,4,3,0,0.0,1.0,0.5337230750319653,0.49936434020265713
674,4,3,0,0.3333333333333333,0.3333333333333333,0.5271039995441713,0.49936434020265713
675,4,3,0,0.3333333333333333,0.3333333333333333,0.5214085276757944,0.49936434020265713
676,4,3,0,0.1666666666666666,0.6666666666666667,0.5101910353445647,0.49936434020265713
693,4,3,1,0.5,0.0,0.536483180869517,0.49936434020265713
704,4,3,0,0.3333333333333333,0.3333333333333333,0.47795862801676164,0.49936434020265713
709,4,3,0,0.3333333333333333,0.3333333333333333,0.4999480514523278,0.49936434020265713
710,4,3,0,0.0,1.0,0.48178411109759184,0.49936434020265713
714,4,3,0,0.3333333333333333,0.3333333333333333,0.4098948222200073,0.49936434020265713
717,4,3,1,0.5,0.0,0.4441200900944237,0.49936434020265713
719,4,3,0,0.1666666666666666,0.6666666666666667,0.5312070273378137,0.49936434020265713
722,4,3,0,0.2,0.6,0.4851892987703309,0.49936434020265713
735,4,3,0,0.0,1.0,0.5070065823180306,0.49936434020265713
737,4,3,0,0.1666666666666666,0.6666666666666667,0.42580176762554023,0.49936434020265713
2,4,4,0,0.4,0.1999999999999999,0.42448930704372145,0.5096821565098213
5,4,4,0,0.2,0.6,0.5555656909049729,0.5096821565098213
9,4,4,0,0.0,1.0,0.48808259521324265,0.5096821565098213
16,4,4,1,0.6,0.1999999999999999,0.5347671663920301,0.5096821565098213
20,4,4,0,0.25,0.5,0.3883358666107277,0.5096821565098213
32,4,4,0,0.2,0.6,0.5049809411583406,0.5096821565098213
40,4,4,0,0.2,0.6,0.37951780478696506,0.5096821565098213
63,4,4,0,0.0,1.0,0.3911989229294853,0.5096821565098213
69,4,4,0,0.0,1.0,0.3828282579621146,0.5096821565098213
73,4,4,0,0.0,1.0,0.4390642507924788,0.5096821565098213
74,4,4,0,0.0,1.0,0.5151684112493292,0.5096821565098213
80,4,4,0,0.0,1.0,0.5309189463634227,0.5096821565098213
85,4,4,0,0.25,0.5,0.4606411072949989,0.5096821565098213
86,4,4,0,0.0,1.0,0.5572529725351066,0.5096821565098213
89,4,4,0,0.25,0.5,0.5145533170428528,0.5096821565098213
113,4,4,0,0.1111111111111111,0.7777777777777778,0.43769245348847635,0.5096821565098213
117,4,4,0,0.25,0.5,0.3593721467242305,0.5096821565098213
123,4,4,0,0.0,1.0,0.46718853333157817,0.5096821565098213
130,4,4,0,0.1111111111111111,0.7777777777777778,0.3908182087274944,0.5096821565098213
133,4,4,1,0.8888888888888888,0.7777777777777777,0.5963831675640759,0.5096821565098213
141,4,4,0,0.0,1.0,0.47695464415397315,0.5096821565098213
142,4,4,0,0.0,1.0,0.5089614922602356,0.5096821565098213
144,4,4,0,0.0,1.0,0.6358456649508333,0.5096821565098213
146,4,4,1,0.8888888888888888,0.7777777777777777,0.5232988615751878,0.5096821565098213
149,4,4,0,0.3333333333333333,0.3333333333333333,0.5450933316429659,0.5096821565098213
150,4,4,0,0.0,1.0,0.5135311732595453,0.5096821565098213
152,4,4,0,0.0,1.0,0.43821377931565303,0.5096821565098213
154,4,4,0,0.25,0.5,0.49153115016726473,0.5096821565098213
155,4,4,0,0.25,0.5,0.425274013954572,0.5096821565098213
161,4,4,0,0.0,1.0,0.49763540247691035,0.5096821565098213
164,4,4,0,0.0,1.0,0.5365401546219247,0.5096821565098213
175,4,4,0,0.0,1.0,0.46854767333981506,0.5096821565098213
186,4,4,0,0.0,1.0,0.46732234665891875,0.5096821565098213
193,4,4,0,0.25,0.5,0.6327947378394955,0.5096821565098213
196,4,4,1,0.5,0.0,0.5672219810933103,0.5096821565098213
199,4,4,0,0.25,0.5,0.5270878186561465,0.5096821565098213
202,4,4,1,0.6,0.1999999999999999,0.5388177420043191,0.5096821565098213
208,4,4,0,0.0,1.0,0.4822671389818953,0.5096821565098213
210,4,4,0,0.4,0.1999999999999999,0.5517832123430999,0.5096821565098213
223,4,4,0,0.2,0.6,0.4659525571279075,0.5096821565098213
225,4,4,0,0.2,0.6,0.41507202798617016,0.5096821565098213
232,4,4,0,0.25,0.5,0.5196198184705827,0.5096821565098213
257,4,4,0,0.25,0.5,0.48035978464422036,0.5096821565098213
263,4,4,0,0.2,0.6,0.4707803978009443,0.5096821565098213
264,4,4,0,0.25,0.5,0.4497297467116226,0.5096821565098213
265,4,4,1,0.5,0.0,0.4556023842835807,0.5096821565098213
268,4,4,1,0.5,0.0,0.42239176114127114,0.5096821565098213
270,4,4,0,0.0,1.0,0.49826858282330877,0.5096821565098213
276,4,4,0,0.2,0.6,0.525412989358311,0.5096821565098213
283,4,4,0,0.25,0.5,0.4322777220812364,0.5096821565098213
284,4,4,1,0.5,0.0,0.47064082428182885,0.5096821565098213
285,4,4,0,0.4,0.1999999999999999,0.5105606202968863,0.5096821565098213
289,4,4,1,0.5,0.0,0.4806718323711169,0.5096821565098213
292,4,4,0,0.25,0.5,0.4806651952476842,0.5096821565098213
297,4,4,0,0.0,1.0,0.45141557232041096,0.5096821565098213
298,4,4,0,0.25,0.5,0.398140872954287,0.5096821565098213
300,4,4,0,0.0,1.0,0.5834834088351123,0.5096821565098213
308,4,4,0,0.4,0.1999999999999999,0.4708036484630698,0.5096821565098213
309,4,4,1,0.8,0.6000000000000001,0.49088399881003003,0.5096821565098213
312,4,4,0,0.0,1.0,0.5506282893293273,0.5096821565098213
317,4,4,0,0.4,0.1999999999999999,0.47391509159922074,0.5096821565098213
318,4,4,0,0.4,0.1999999999999999,0.5532469223255143,0.5096821565098213
324,4,4,0,0.2,0.6,0.5408192044224945,0.5096821565098213
328,4,4,1,0.6,0.1999999999999999,0.479203803133655,0.5096821565098213
332,4,4,0,0.0,1.0,0.45357086373067695,0.5096821565098213
333,4,4,0,0.0,1.0,0.5036576725936845,0.5096821565098213
335,4,4,1,0.5,0.0,0.5799283744681558,0.5096821565098213
340,4,4,1,0.6,0.1999999999999999,0.5511348289669955,0.5096821565098213
344,4,4,0,0.2,0.6,0.42952417105439633,0.5096821565098213
347,4,4,0,0.4,0.1999999999999999,0.45049801242415916,0.5096821565098213
358,4,4,0,0.25,0.5,0.45607503224094853,0.5096821565098213
360,4,4,0,0.25,0.5,0.517539277906113,0.5096821565098213
365,4,4,0,0.25,0.5,0.5135646676622944,0.5096821565098213
369,4,4,0,0.0,1.0,0.48026230438169315,0.5096821565098213
373,4,4,0,0.0,1.0,0.4916262012348945,0.5096821565098213
378,4,4,1,0.5,0.0,0.39955514572213213,0.5096821565098213
383,4,4,0,0.0,1.0,0.525808724392842,0.5096821565098213
385,4,4,1,0.5,0.0,0.39586514240745424,0.5096821565098213
397,4,4,1,0.75,0.5,0.5731864121952329,0.5096821565098213
399,4,4,0,0.25,0.5,0.4322632184871273,0.5096821565098213
401,4,4,0,0.2,0.6,0.5167341830184985,0.5096821565098213
413,4,4,0,0.0,1.0,0.5449004999840087,0.5096821565098213
421,4,4,0,0.2,0.6,0.5505782538985159,0.5096821565098213
427,4,4,1,0.6,0.1999999999999999,0.5058090760474149,0.5096821565098213
430,4,4,1,0.6,0.1999999999999999,0.6322302070132386,0.5096821565098213
431,4,4,0,0.4,0.1999999999999999,0.5771027327974264,0.5096821565098213
432,4,4,0,0.2,0.6,0.4394555336467814,0.5096821565098213
433,4,4,0,0.0,1.0,0.6175454960779604,0.5096821565098213
444,4,4,0,0.2,0.6,0.5426075961196704,0.5096821565098213
451,4,4,0,0.25,0.5,0.4278295293604194,0.5096821565098213
454,4,4,0,0.0,1.0,0.5498830693628587,0.5096821565098213
461,4,4,1,0.5,0.0,0.5517269287434233,0.5096821565098213
467,4,4,1,1.0,1.0,0.5792527909813587,0.5096821565098213
469,4,4,1,0.75,0.5,0.5434197008227143,0.5096821565098213
475,4,4,0,0.25,0.5,0.5857226391410836,0.5096821565098213
487,4,4,0,0.2,0.6,0.5273731693185392,0.5096821565098213
491,4,4,1,0.5,0.0,0.4918371621385163,0.5096821565098213
499,4,4,0,0.0,1.0,0.5626584835978216,0.5096821565098213
502,4,4,1,0.75,0.5,0.4802265467495441,0.5096821565098213
503,4,4,0,0.0,1.0,0.4966620635120945,0.5096821565098213
508,4,4,1,0.75,0.5,0.5287210709397963,0.5096821565098213
513,4,4,0,0.0,1.0,0.5249531456006041,0.5096821565098213
514,4,4,1,0.75,0.5,0.485208008284372,0.5096821565098213
524,4,4,0,0.0,1.0,0.5724922497865768,0.5096821565098213
525,4,4,0,0.2,0.6,0.501579031991736,0.5096821565098213
529,4,4,1,0.5,0.0,0.4997274584839795,0.5096821565098213
531,4,4,1,0.75,0.5,0.4774269901550419,0.5096821565098213
532,4,4,0,0.0,1.0,0.5531630536623028,0.5096821565098213
545,4,4,0,0.25,0.5,0.5476493732005071,0.5096821565098213
546,4,4,1,0.5,0.0,0.5109156704210238,0.5096821565098213
556,4,4,0,0.1666666666666666,0.6666666666666667,0.5951747548390134,0.5096821565098213
559,4,4,1,0.6666666666666666,0.3333333333333332,0.5551063340816283,0.5096821565098213
576,4,4,1,0.5,0.0,0.49316264524251896,0.5096821565098213
580,4,4,0,0.3333333333333333,0.3333333333333333,0.5011475145042263,0.5096821565098213
590,4,4,0,0.3333333333333333,0.3333333333333333,0.6364705388692365,0.5096821565098213
593,4,4,1,0.5,0.0,0.5859976139358987,0.5096821565098213
595,4,4,1,0.8333333333333334,0.6666666666666667,0.5249736091623024,0.5096821565098213
599,4,4,0,0.0,1.0,0.4768878852948488,0.5096821565098213
603,4,4,1,0.5,0.0,0.5356674631306645,0.5096821565098213
607,4,4,0,0.0,1.0,0.5522321795520773,0.5096821565098213
611,4,4,1,0.75,0.5,0.5065224311950458,0.5096821565098213
612,4,4,0,0.0,1.0,0.47158650035100325,0.5096821565098213
616,4,4,1,0.75,0.5,0.44462618213539046,0.5096821565098213
627,4,4,1,0.75,0.5,0.6226272754972991,0.5096821565098213
631,4,4,0,0.0,1.0,0.5114334548335826,0.5096821565098213
645,4,4,1,0.75,0.5,0.48379422711525893,0.5096821565098213
650,4,4,0,0.0,1.0,0.4512223188843444,0.5096821565098213
660,4,4,0,0.1666666666666666,0.6666666666666667,0.480841952032151,0.5096821565098213
665,4,4,0,0.1666666666666666,0.6666666666666667,0.44242890210694097,0.5096821565098213
668,4,4,0,0.1666666666666666,0.6666666666666667,0.5871998462103788,0.5096821565098213
671,4,4,0,0.3333333333333333,0.3333333333333333,0.5089453475440877,0.5096821565098213
677,4,4,1,0.6666666666666666,0.3333333333333332,0.44737473819069834,0.5096821565098213
678,4,4,0,0.3333333333333333,0.3333333333333333,0.560512205314359,0.5096821565098213
684,4,4,0,0.0,1.0,0.47709399025113636,0.5096821565098213
687,4,4,0,0.3333333333333333,0.3333333333333333,0.5362540111814211,0.5096821565098213
688,4,4,0,0.1666666666666666,0.6666666666666667,0.5528315169136746,0.5096821565098213
691,4,4,0,0.1666666666666666,0.6666666666666667,0.5172255355556333,0.5096821565098213
696,4,4,0,0.1666666666666666,0.6666666666666667,0.5372573286544721,0.5096821565098213
700,4,4,1,0.5,0.0,0.4375638075200503,0.5096821565098213
706,4,4,1,0.6666666666666666,0.3333333333333332,0.5713517773218126,0.5096821565098213
711,4,4,1,0.6,0.1999999999999999,0.5393480292292412,0.5096821565098213
725,4,4,0,0.0,1.0,0.5293539748458813,0.5096821565098213
726,4,4,0,0.0,1.0,0.4821540397337604,0.5096821565098213
729,4,4,0,0.4,0.1999999999999999,0.476549347192287,0.5096821565098213
730,4,4,0,0.3333333333333333,0.3333333333333333,0.5073544954303533,0.5096821565098213
731,4,4,0,0.0,1.0,0.43718156253432694,0.5096821565098213
736,4,4,0,0.0,1.0,0.5467607412401124,0.5096821565098213
