patient_id,repeat,fold,y,y_soft,agreement,p,thr,w_sym,w_img
5,0,0,0,0.2,0.6,0.535546413066358,0.5265769776470339,0.28065671205856685,1.1967459098976676
7,0,0,1,0.6,0.1999999999999999,0.3636134672141089,0.5265769776470339,0.28065671205856685,1.1967459098976676
28,0,0,0,0.2,0.6,0.3310154660140826,0.5265769776470339,0.28065671205856685,1.1967459098976676
29,0,0,0,0.2,0.6,0.47107344563954595,0.5265769776470339,0.28065671205856685,1.1967459098976676
32,0,0,0,0.2,0.6,0.32003226135671115,0.5265769776470339,0.28065671205856685,1.1967459098976676
40,0,0,0,0.2,0.6,0.25326947336503436,0.5265769776470339,0.28065671205856685,1.1967459098976676
49,0,0,0,0.3333333333333333,0.3333333333333333,0.32613452617622707,0.5265769776470339,0.28065671205856685,1.1967459098976676
50,0,0,1,0.8,0.6000000000000001,0.36616443427340983,0.5265769776470339,0.28065671205856685,1.1967459098976676
51,0,0,0,0.25,0.5,0.2815081179599249,0.5265769776470339,0.28065671205856685,1.1967459098976676
55,0,0,0,0.0,1.0,0.2238892482728943,0.5265769776470339,0.28065671205856685,1.1967459098976676
59,0,0,0,0.25,0.5,0.2601020965617369,0.5265769776470339,0.28065671205856685,1.1967459098976676
63,0,0,0,0.0,1.0,0.36080197125722224,0.5265769776470339,0.28065671205856685,1.1967459098976676
64,0,0,0,0.3333333333333333,0.3333333333333333,0.18884713577027518,0.5265769776470339,0.28065671205856685,1.1967459098976676
67,0,0,0,0.0,1.0,0.1835887603346853,0.5265769776470339,0.28065671205856685,1.1967459098976676
73,0,0,0,0.0,1.0,0.1394224938513791,0.5265769776470339,0.28065671205856685,1.1967459098976676
77,0,0,0,0.25,0.5,0.217879874306925,0.5265769776470339,0.28065671205856685,1.1967459098976676
82,0,0,0,0.25,0.5,0.29886432370169985,0.5265769776470339,0.28065671205856685,1.1967459098976676
83,0,0,0,0.25,0.5,0.5926310215425195,0.5265769776470339,0.28065671205856685,1.1967459098976676
88,0,0,1,0.5,0.0,0.24774432116120948,0.5265769776470339,0.28065671205856685,1.1967459098976676
98,0,0,0,0.3333333333333333,0.3333333333333333,0.2670707227885943,0.5265769776470339,0.28065671205856685,1.1967459098976676
107,0,0,0,0.1111111111111111,0.7777777777777778,0.47504350008553864,0.5265769776470339,0.28065671205856685,1.1967459098976676
109,0,0,0,0.1111111111111111,0.7777777777777778,0.2937746659367538,0.5265769776470339,0.28065671205856685,1.1967459098976676
110,0,0,0,0.0,1.0,0.5639233940207072,0.5265769776470339,0.28065671205856685,1.1967459098976676
112,0,0,0,0.125,0.75,0.19580291757335758,0.5265769776470339,0.28065671205856685,1.1967459098976676
113,0,0,0,0.1111111111111111,0.7777777777777778,0.23080476191626495,0.5265769776470339,0.28065671205856685,1.1967459098976676
116,0,0,0,0.0,1.0,0.22431954307694052,0.5265769776470339,0.28065671205856685,1.1967459098976676
122,0,0,0,0.0,1.0,0.22111734826067794,0.5265769776470339,0.28065671205856685,1.1967459098976676
127,0,0,1,0.6666666666666666,0.3333333333333332,0.4208219955727568,0.5265769776470339,0.28065671205856685,1.1967459098976676
134,0,0,0,0.1111111111111111,0.7777777777777778,0.30011587370291326,0.5265769776470339,0.28065671205856685,1.1967459098976676
139,0,0,0,0.0,1.0,0.3451970638938368,0.5265769776470339,0.28065671205856685,1.1967459098976676
151,0,0,0,0.0,1.0,0.3809938072103321,0.5265769776470339,0.28065671205856685,1.1967459098976676
153,0,0,0,0.0,1.0,0.29381712844363433,0.5265769776470339,0.28065671205856685,1.1967459098976676
160,0,0,0,0.1666666666666666,0.6666666666666667,0.2661000335072732,0.5265769776470339,0.28065671205856685,1.1967459098976676
161,0,0,0,0.0,1.0,0.5450402560831165,0.5265769776470339,0.28065671205856685,1.1967459098976676
174,0,0,1,0.5,0.0,0.25549036486143545,0.5265769776470339,0.28065671205856685,1.1967459098976676
177,0,0,0,0.0,1.0,0.40856286266334163,0.5265769776470339,0.28065671205856685,1.1967459098976676
183,0,0,0,0.0,1.0,0.43211280189673795,0.5265769776470339,0.28065671205856685,1.1967459098976676
199,0,0,0,0.25,0.5,0.3269389924603437,0.5265769776470339,0.28065671205856685,1.1967459098976676
202,0,0,1,0.6,0.1999999999999999,0.4018986874197916,0.5265769776470339,0.28065671205856685,1.1967459098976676
206,0,0,1,0.5,0.0,0.2096660428226686,0.5265769776470339,0.28065671205856685,1.1967459098976676
210,0,0,0,0.4,0.1999999999999999,0.5596953288949362,0.5265769776470339,0.28065671205856685,1.1967459098976676
230,0,0,0,0.2,0.6,0.22184694619591488,0.5265769776470339,0.28065671205856685,1.1967459098976676
231,0,0,1,0.5,0.0,0.3256163353768655,0.5265769776470339,0.28065671205856685,1.1967459098976676
232,0,0,0,0.25,0.5,0.37456100944446863,0.5265769776470339,0.28065671205856685,1.1967459098976676
233,0,0,0,0.0,1.0,0.2960992666137111,0.5265769776470339,0.28065671205856685,1.1967459098976676
240,0,0,0,0.2,0.6,0.25875027912509,0.5265769776470339,0.28065671205856685,1.1967459098976676
241,0,0,1,0.6,0.1999999999999999,0.2993530795038009,0.5265769776470339,0.28065671205856685,1.1967459098976676
248,0,0,0,0.4,0.1999999999999999,0.4123355236988221,0.5265769776470339,0.28065671205856685,1.1967459098976676
253,0,0,0,0.0,1.0,0.3698994387644497,0.5265769776470339,0.28065671205856685,1.1967459098976676
259,0,0,0,0.0,1.0,0.4100818231225072,0.5265769776470339,0.28065671205856685,1.1967459098976676
274,0,0,1,0.5,0.0,0.7237877319552728,0.5265769776470339,0.28065671205856685,1.1967459098976676
275,0,0,1,0.5,0.0,0.4893615089531275,0.5265769776470339,0.28065671205856685,1.1967459098976676
282,0,0,0,0.25,0.5,0.32575589051459886,0.5265769776470339,0.28065671205856685,1.1967459098976676
284,0,0,1,0.5,0.0,0.3426315797883595,0.5265769776470339,0.28065671205856685,1.1967459098976676
285,0,0,0,0.4,0.1999999999999999,0.34136581885314016,0.5265769776470339,0.28065671205856685,1.1967459098976676
287,0,0,0,0.25,0.5,0.3357086434291118,0.5265769776470339,0.28065671205856685,1.1967459098976676
294,0,0,0,0.0,1.0,0.46987729176739906,0.5265769776470339,0.28065671205856685,1.1967459098976676
300,0,0,0,0.0,1.0,0.5115612852423279,0.5265769776470339,0.28065671205856685,1.1967459098976676
307,0,0,0,0.4,0.1999999999999999,0.36182519589124895,0.5265769776470339,0.28065671205856685,1.1967459098976676
309,0,0,1,0.8,0.6000000000000001,0.5926487250528351,0.5265769776470339,0.28065671205856685,1.1967459098976676
310,0,0,0,0.2,0.6,0.5013341905441543,0.5265769776470339,0.28065671205856685,1.1967459098976676
315,0,0,1,0.8,0.6000000000000001,0.4063547645089497,0.5265769776470339,0.28065671205856685,1.1967459098976676
316,0,0,0,0.4,0.1999999999999999,0.41614143922546054,0.5265769776470339,0.28065671205856685,1.1967459098976676
319,0,0,0,0.2,0.6,0.5774332041561563,0.5265769776470339,0.28065671205856685,1.1967459098976676
322,0,0,1,0.6,0.1999999999999999,0.5677124965480701,0.5265769776470339,0.28065671205856685,1.1967459098976676
329,0,0,0,0.0,1.0,0.2587178011560752,0.5265769776470339,0.28065671205856685,1.1967459098976676
330,0,0,0,0.4,0.1999999999999999,0.5081179110162082,0.5265769776470339,0.28065671205856685,1.1967459098976676
338,0,0,0,0.4,0.1999999999999999,0.27533119311425597,0.5265769776470339,0.28065671205856685,1.1967459098976676
339,0,0,0,0.0,1.0,0.2727186334899912,0.5265769776470339,0.28065671205856685,1.1967459098976676
342,0,0,0,0.2,0.6,0.3440574072031456,0.5265769776470339,0.28065671205856685,1.1967459098976676
345,0,0,0,0.0,1.0,0.32831255034030116,0.5265769776470339,0.28065671205856685,1.1967459098976676
371,0,0,0,0.25,0.5,0.5288356612044582,0.5265769776470339,0.28065671205856685,1.1967459098976676
372,0,0,0,0.25,0.5,0.5076696038944034,0.5265769776470339,0.28065671205856685,1.1967459098976676
374,0,0,1,0.5,0.0,0.4780917628519305,0.5265769776470339,0.28065671205856685,1.1967459098976676
376,0,0,1,0.5,0.0,0.6739513205213311,0.5265769776470339,0.28065671205856685,1.1967459098976676
384,0,0,0,0.25,0.5,0.5533232796787222,0.5265769776470339,0.28065671205856685,1.1967459098976676
394,0,0,1,0.5,0.0,0.6730000374351803,0.5265769776470339,0.28065671205856685,1.1967459098976676
407,0,0,0,0.2,0.6,0.772949834311494,0.5265769776470339,0.28065671205856685,1.1967459098976676
413,0,0,0,0.0,1.0,0.7917077222577489,0.5265769776470339,0.28065671205856685,1.1967459098976676
421,0,0,0,0.2,0.6,0.4692979516127059,0.5265769776470339,0.28065671205856685,1.1967459098976676
436,0,0,0,0.4,0.1999999999999999,0.6574873114463762,0.5265769776470339,0.28065671205856685,1.1967459098976676
438,0,0,0,0.1666666666666666,0.6666666666666667,0.31125281848723674,0.5265769776470339,0.28065671205856685,1.1967459098976676
456,0,0,1,0.5,0.0,0.669534104638738,0.5265769776470339,0.28065671205856685,1.1967459098976676
457,0,0,1,0.5,0.0,0.7514912214245043,0.5265769776470339,0.28065671205856685,1.1967459098976676
459,0,0,0,0.25,0.5,0.8104426840494654,0.5265769776470339,0.28065671205856685,1.1967459098976676
463,0,0,0,0.25,0.5,0.4770388844085858,0.5265769776470339,0.28065671205856685,1.1967459098976676
465,0,0,1,0.5,0.0,0.7035143361945293,0.5265769776470339,0.28065671205856685,1.1967459098976676
468,0,0,0,0.25,0.5,0.788860333130335,0.5265769776470339,0.28065671205856685,1.1967459098976676
480,0,0,1,0.5,0.0,0.7719098549408002,0.5265769776470339,0.28065671205856685,1.1967459098976676
487,0,0,0,0.2,0.6,0.24847475419505485,0.5265769776470339,0.28065671205856685,1.1967459098976676
490,0,0,0,0.25,0.5,0.5225797381339023,0.5265769776470339,0.28065671205856685,1.1967459098976676
491,0,0,1,0.5,0.0,0.6707458786425213,0.5265769776470339,0.28065671205856685,1.1967459098976676
492,0,0,0,0.3333333333333333,0.3333333333333333,0.47042123085391135,0.5265769776470339,0.28065671205856685,1.1967459098976676
495,0,0,0,0.0,1.0,0.7455398355098637,0.5265769776470339,0.28065671205856685,1.1967459098976676
497,0,0,0,0.0,1.0,0.2916851306896866,0.5265769776470339,0.28065671205856685,1.1967459098976676
499,0,0,0,0.0,1.0,0.5368385345847287,0.5265769776470339,0.28065671205856685,1.1967459098976676
510,0,0,1,0.5,0.0,0.7096139267091829,0.5265769776470339,0.28065671205856685,1.1967459098976676
513,0,0,0,0.0,1.0,0.6940015051237287,0.5265769776470339,0.28065671205856685,1.1967459098976676
514,0,0,1,0.75,0.5,0.7814341828006752,0.5265769776470339,0.28065671205856685,1.1967459098976676
518,0,0,0,0.25,0.5,0.7126673069302416,0.5265769776470339,0.28065671205856685,1.1967459098976676
521,0,0,1,0.75,0.5,0.7379048470608522,0.5265769776470339,0.28065671205856685,1.1967459098976676
528,0,0,0,0.0,1.0,0.3217145193340233,0.5265769776470339,0.28065671205856685,1.1967459098976676
534,0,0,1,0.75,0.5,0.6844592101839511,0.5265769776470339,0.28065671205856685,1.1967459098976676
539,0,0,0,0.25,0.5,0.6102283417803762,0.5265769776470339,0.28065671205856685,1.1967459098976676
540,0,0,0,0.25,0.5,0.7841672470510669,0.5265769776470339,0.28065671205856685,1.1967459098976676
542,0,0,0,0.25,0.5,0.4274292066102951,0.5265769776470339,0.28065671205856685,1.1967459098976676
549,0,0,0,0.0,1.0,0.33304358114481103,0.5265769776470339,0.28065671205856685,1.1967459098976676
554,0,0,1,0.5,0.0,0.6798241958092632,0.5265769776470339,0.28065671205856685,1.1967459098976676
557,0,0,0,0.3333333333333333,0.3333333333333333,0.6312817373083635,0.5265769776470339,0.28065671205856685,1.1967459098976676
565,0,0,0,0.3333333333333333,0.3333333333333333,0.5934998023967041,0.5265769776470339,0.28065671205856685,1.1967459098976676
566,0,0,0,0.1666666666666666,0.6666666666666667,0.5366734497409782,0.5265769776470339,0.28065671205856685,1.1967459098976676
572,0,0,1,0.8333333333333334,0.6666666666666667,0.7679778676645418,0.5265769776470339,0.28065671205856685,1.1967459098976676
573,0,0,0,0.3333333333333333,0.3333333333333333,0.6883774156664164,0.5265769776470339,0.28065671205856685,1.1967459098976676
574,0,0,0,0.3333333333333333,0.3333333333333333,0.3907455941965201,0.5265769776470339,0.28065671205856685,1.1967459098976676
577,0,0,0,0.1666666666666666,0.6666666666666667,0.7475942869531637,0.5265769776470339,0.28065671205856685,1.1967459098976676
583,0,0,1,0.5,0.0,0.8681356748258678,0.5265769776470339,0.28065671205856685,1.1967459098976676
586,0,0,1,0.6666666666666666,0.3333333333333332,0.781814440000781,0.5265769776470339,0.28065671205856685,1.1967459098976676
587,0,0,1,0.8333333333333334,0.6666666666666667,0.6952607210759415,0.5265769776470339,0.28065671205856685,1.1967459098976676
588,0,0,0,0.1666666666666666,0.6666666666666667,0.8817663171643215,0.5265769776470339,0.28065671205856685,1.1967459098976676
590,0,0,0,0.3333333333333333,0.3333333333333333,0.8294586288460636,0.5265769776470339,0.28065671205856685,1.1967459098976676
601,0,0,0,0.0,1.0,0.29361432750433447,0.5265769776470339,0.28065671205856685,1.1967459098976676
603,0,0,1,0.5,0.0,0.5433197555836985,0.5265769776470339,0.28065671205856685,1.1967459098976676
608,0,0,0,0.0,1.0,0.7883278902064855,0.5265769776470339,0.28065671205856685,1.1967459098976676
618,0,0,0,0.0,1.0,0.5368965318756916,0.5265769776470339,0.28065671205856685,1.1967459098976676
628,0,0,0,0.0,1.0,0.43621472251921717,0.5265769776470339,0.28065671205856685,1.1967459098976676
633,0,0,1,0.5,0.0,0.584499460046751,0.5265769776470339,0.28065671205856685,1.1967459098976676
645,0,0,1,0.75,0.5,0.737369963914071,0.5265769776470339,0.28065671205856685,1.1967459098976676
648,0,0,1,0.5,0.0,0.5343259057713169,0.5265769776470339,0.28065671205856685,1.1967459098976676
649,0,0,1,0.5,0.0,0.5906109138099571,0.5265769776470339,0.28065671205856685,1.1967459098976676
650,0,0,0,0.0,1.0,0.37896658460476285,0.5265769776470339,0.28065671205856685,1.1967459098976676
653,0,0,1,0.5,0.0,0.37714717335003317,0.5265769776470339,0.28065671205856685,1.1967459098976676
657,0,0,1,0.5,0.0,0.4361604590728554,0.5265769776470339,0.28065671205856685,1.1967459098976676
664,0,0,1,0.6666666666666666,0.3333333333333332,0.5215249464446909,0.5265769776470339,0.28065671205856685,1.1967459098976676
670,0,0,1,0.5,0.0,0.6526919423526778,0.5265769776470339,0.28065671205856685,1.1967459098976676
674,0,0,0,0.3333333333333333,0.3333333333333333,0.43999654516582565,0.5265769776470339,0.28065671205856685,1.1967459098976676
689,0,0,0,0.0,1.0,0.30489792834124707,0.5265769776470339,0.28065671205856685,1.1967459098976676
690,0,0,0,0.0,1.0,0.37745340257212984,0.5265769776470339,0.28065671205856685,1.1967459098976676
694,0,0,0,0.3333333333333333,0.3333333333333333,0.4958118452323957,0.5265769776470339,0.28065671205856685,1.1967459098976676
695,0,0,0,0.3333333333333333,0.3333333333333333,0.5553522758892177,0.5265769776470339,0.28065671205856685,1.1967459098976676
699,0,0,0,0.1666666666666666,0.6666666666666667,0.6685128770784494,0.5265769776470339,0.28065671205856685,1.1967459098976676
703,0,0,0,0.0,1.0,0.7490016150644415,0.5265769776470339,0.28065671205856685,1.1967459098976676
712,0,0,0,0.1666666666666666,0.6666666666666667,0.4167561765762139,0.5265769776470339,0.28065671205856685,1.1967459098976676
714,0,0,0,0.3333333333333333,0.3333333333333333,0.3259233478406962,0.5265769776470339,0.28065671205856685,1.1967459098976676
715,0,0,1,0.5,0.0,0.30257204238439034,0.5265769776470339,0.28065671205856685,1.1967459098976676
720,0,0,0,0.0,1.0,0.42328271269092266,0.5265769776470339,0.28065671205856685,1.1967459098976676
735,0,0,0,0.0,1.0,0.3409070439567795,0.5265769776470339,0.28065671205856685,1.1967459098976676
739,0,0,0,0.3333333333333333,0.3333333333333333,0.4087615229256949,0.5265769776470339,0.28065671205856685,1.1967459098976676
2,0,1,0,0.4,0.1999999999999999,0.1720858536695919,0.4458119886830831,0.6997511278234086,1.1147680162783318
4,0,1,1,0.6,0.1999999999999999,0.36132978171207236,0.4458119886830831,0.6997511278234086,1.1147680162783318
6,0,1,0,0.2,0.6,0.2049105159088404,0.4458119886830831,0.6997511278234086,1.1147680162783318
14,0,1,0,0.2,0.6,0.39996069032191195,0.4458119886830831,0.6997511278234086,1.1147680162783318
16,0,1,1,0.6,0.1999999999999999,0.2549814489948149,0.4458119886830831,0.6997511278234086,1.1147680162783318
26,0,1,1,0.8,0.6000000000000001,0.1327223872877892,0.4458119886830831,0.6997511278234086,1.1147680162783318
30,0,1,0,0.2,0.6,0.28186911068603754,0.4458119886830831,0.6997511278234086,1.1147680162783318
34,0,1,0,0.1666666666666666,0.6666666666666667,0.6435524783785882,0.4458119886830831,0.6997511278234086,1.1147680162783318
38,0,1,0,0.0,1.0,0.4501391742015416,0.4458119886830831,0.6997511278234086,1.1147680162783318
39,0,1,0,0.0,1.0,0.36462861741471936,0.4458119886830831,0.6997511278234086,1.1147680162783318
56,0,1,0,0.25,0.5,0.2857265495748404,0.4458119886830831,0.6997511278234086,1.1147680162783318
61,0,1,0,0.2,0.6,0.1543090351085237,0.4458119886830831,0.6997511278234086,1.1147680162783318
65,0,1,0,0.25,0.5,0.15496007875754073,0.4458119886830831,0.6997511278234086,1.1147680162783318
66,0,1,0,0.0,1.0,0.2759094379550979,0.4458119886830831,0.6997511278234086,1.1147680162783318
68,0,1,0,0.0,1.0,0.14256654035708027,0.4458119886830831,0.6997511278234086,1.1147680162783318
69,0,1,0,0.0,1.0,0.25846647894340236,0.4458119886830831,0.6997511278234086,1.1147680162783318
74,0,1,0,0.0,1.0,0.5212487699976747,0.4458119886830831,0.6997511278234086,1.1147680162783318
78,0,1,0,0.0,1.0,0.3141911375649756,0.4458119886830831,0.6997511278234086,1.1147680162783318
85,0,1,0,0.25,0.5,0.4898984433639324,0.4458119886830831,0.6997511278234086,1.1147680162783318
87,0,1,0,0.0,1.0,0.31819196489284624,0.4458119886830831,0.6997511278234086,1.1147680162783318
93,0,1,0,0.0,1.0,0.4333831320345436,0.4458119886830831,0.6997511278234086,1.1147680162783318
94,0,1,0,0.25,0.5,0.2186236580563589,0.4458119886830831,0.6997511278234086,1.1147680162783318
95,0,1,0,0.25,0.5,0.2126993359205559,0.4458119886830831,0.6997511278234086,1.1147680162783318
96,0,1,0,0.0,1.0,0.2879732074854229,0.4458119886830831,0.6997511278234086,1.1147680162783318
120,0,1,0,0.0,1.0,0.36870025262913403,0.4458119886830831,0.6997511278234086,1.1147680162783318
124,0,1,0,0.0,1.0,0.49652118467793016,0.4458119886830831,0.6997511278234086,1.1147680162783318
131,0,1,0,0.0,1.0,0.4652815686617569,0.4458119886830831,0.6997511278234086,1.1147680162783318
141,0,1,0,0.0,1.0,0.44717814277081047,0.4458119886830831,0.6997511278234086,1.1147680162783318
142,0,1,0,0.0,1.0,0.31834724344892446,0.4458119886830831,0.6997511278234086,1.1147680162783318
143,0,1,1,0.5555555555555556,0.1111111111111111,0.39606535249957814,0.4458119886830831,0.6997511278234086,1.1147680162783318
146,0,1,1,0.8888888888888888,0.7777777777777777,0.30035863202492324,0.4458119886830831,0.6997511278234086,1.1147680162783318
148,0,1,0,0.1111111111111111,0.7777777777777778,0.29382415860356564,0.4458119886830831,0.6997511278234086,1.1147680162783318
149,0,1,0,0.3333333333333333,0.3333333333333333,0.14746138332708458,0.4458119886830831,0.6997511278234086,1.1147680162783318
150,0,1,0,0.0,1.0,0.4119024887822228,0.4458119886830831,0.6997511278234086,1.1147680162783318
152,0,1,0,0.0,1.0,0.23479171248295008,0.4458119886830831,0.6997511278234086,1.1147680162783318
155,0,1,0,0.25,0.5,0.4385180486795923,0.4458119886830831,0.6997511278234086,1.1147680162783318
156,0,1,0,0.25,0.5,0.20245065803675352,0.4458119886830831,0.6997511278234086,1.1147680162783318
159,0,1,0,0.0,1.0,0.26544207320354646,0.4458119886830831,0.6997511278234086,1.1147680162783318
163,0,1,0,0.25,0.5,0.399126635890042,0.4458119886830831,0.6997511278234086,1.1147680162783318
166,0,1,0,0.25,0.5,0.2119493798228164,0.4458119886830831,0.6997511278234086,1.1147680162783318
168,0,1,0,0.25,0.5,0.5921733696838425,0.4458119886830831,0.6997511278234086,1.1147680162783318
182,0,1,0,0.0,1.0,0.5056953701696818,0.4458119886830831,0.6997511278234086,1.1147680162783318
187,0,1,0,0.0,1.0,0.39203656691249306,0.4458119886830831,0.6997511278234086,1.1147680162783318
189,0,1,1,0.5,0.0,0.39843748514842603,0.4458119886830831,0.6997511278234086,1.1147680162783318
190,0,1,0,0.25,0.5,0.2099579872536261,0.4458119886830831,0.6997511278234086,1.1147680162783318
196,0,1,1,0.5,0.0,0.36154259082690643,0.4458119886830831,0.6997511278234086,1.1147680162783318
200,0,1,0,0.2,0.6,0.39889200086209936,0.4458119886830831,0.6997511278234086,1.1147680162783318
204,0,1,0,0.4,0.1999999999999999,0.4309871197154902,0.4458119886830831,0.6997511278234086,1.1147680162783318
208,0,1,0,0.0,1.0,0.3941010700084418,0.4458119886830831,0.6997511278234086,1.1147680162783318
209,0,1,0,0.2,0.6,0.510278666321368,0.4458119886830831,0.6997511278234086,1.1147680162783318
211,0,1,1,0.6,0.1999999999999999,0.7075524909779343,0.4458119886830831,0.6997511278234086,1.1147680162783318
212,0,1,0,0.2,0.6,0.2538338060455476,0.4458119886830831,0.6997511278234086,1.1147680162783318
215,0,1,0,0.2,0.6,0.3122785732058475,0.4458119886830831,0.6997511278234086,1.1147680162783318
221,0,1,1,0.8,0.6000000000000001,0.2588139722999366,0.4458119886830831,0.6997511278234086,1.1147680162783318
224,0,1,0,0.4,0.1999999999999999,0.4399511926880187,0.4458119886830831,0.6997511278234086,1.1147680162783318
226,0,1,0,0.0,1.0,0.35949351254725265,0.4458119886830831,0.6997511278234086,1.1147680162783318
243,0,1,0,0.0,1.0,0.31022559935397315,0.4458119886830831,0.6997511278234086,1.1147680162783318
247,0,1,0,0.2,0.6,0.40091363670619223,0.4458119886830831,0.6997511278234086,1.1147680162783318
249,0,1,1,0.6,0.1999999999999999,0.38325318442913403,0.4458119886830831,0.6997511278234086,1.1147680162783318
250,0,1,0,0.4,0.1999999999999999,0.3509460258240457,0.4458119886830831,0.6997511278234086,1.1147680162783318
267,0,1,0,0.0,1.0,0.44349419212337626,0.4458119886830831,0.6997511278234086,1.1147680162783318
279,0,1,0,0.2,0.6,0.2062167346654049,0.4458119886830831,0.6997511278234086,1.1147680162783318
281,0,1,0,0.0,1.0,0.3567135601834797,0.4458119886830831,0.6997511278234086,1.1147680162783318
288,0,1,1,0.75,0.5,0.15374874145667772,0.4458119886830831,0.6997511278234086,1.1147680162783318
291,0,1,0,0.0,1.0,0.4608593769815184,0.4458119886830831,0.6997511278234086,1.1147680162783318
308,0,1,0,0.4,0.1999999999999999,0.5504006026278868,0.4458119886830831,0.6997511278234086,1.1147680162783318
317,0,1,0,0.4,0.1999999999999999,0.32649264717474274,0.4458119886830831,0.6997511278234086,1.1147680162783318
326,0,1,0,0.0,1.0,0.3353684766677103,0.4458119886830831,0.6997511278234086,1.1147680162783318
328,0,1,1,0.6,0.1999999999999999,0.2482318076041413,0.4458119886830831,0.6997511278234086,1.1147680162783318
331,0,1,0,0.0,1.0,0.4490074374754185,0.4458119886830831,0.6997511278234086,1.1147680162783318
332,0,1,0,0.0,1.0,0.43849283061680316,0.4458119886830831,0.6997511278234086,1.1147680162783318
333,0,1,0,0.0,1.0,0.25875688150990367,0.4458119886830831,0.6997511278234086,1.1147680162783318
335,0,1,1,0.5,0.0,0.3019928164786268,0.4458119886830831,0.6997511278234086,1.1147680162783318
336,0,1,0,0.4,0.1999999999999999,0.5438631781788805,0.4458119886830831,0.6997511278234086,1.1147680162783318
346,0,1,1,0.6,0.1999999999999999,0.7518911151245815,0.4458119886830831,0.6997511278234086,1.1147680162783318
355,0,1,0,0.25,0.5,0.58493591671217,0.4458119886830831,0.6997511278234086,1.1147680162783318
359,0,1,0,0.25,0.5,0.4090392540336877,0.4458119886830831,0.6997511278234086,1.1147680162783318
360,0,1,0,0.25,0.5,0.522281222963339,0.4458119886830831,0.6997511278234086,1.1147680162783318
381,0,1,1,0.75,0.5,0.4623448659543002,0.4458119886830831,0.6997511278234086,1.1147680162783318
388,0,1,1,0.5,0.0,0.6850546264234275,0.4458119886830831,0.6997511278234086,1.1147680162783318
397,0,1,1,0.75,0.5,0.7576424571737789,0.4458119886830831,0.6997511278234086,1.1147680162783318
398,0,1,0,0.25,0.5,0.6676910483331857,0.4458119886830831,0.6997511278234086,1.1147680162783318
405,0,1,0,0.0,1.0,0.637360416920903,0.4458119886830831,0.6997511278234086,1.1147680162783318
411,0,1,0,0.2,0.6,0.8078552396405756,0.4458119886830831,0.6997511278234086,1.1147680162783318
414,0,1,1,0.6,0.1999999999999999,0.8107975676629562,0.4458119886830831,0.6997511278234086,1.1147680162783318
416,0,1,0,0.0,1.0,0.5623261744330641,0.4458119886830831,0.6997511278234086,1.1147680162783318
425,0,1,0,0.0,1.0,0.49786757573808094,0.4458119886830831,0.6997511278234086,1.1147680162783318
435,0,1,0,0.4,0.1999999999999999,0.5590019507529598,0.4458119886830831,0.6997511278234086,1.1147680162783318
437,0,1,1,0.6,0.1999999999999999,0.5731764588634499,0.4458119886830831,0.6997511278234086,1.1147680162783318
441,0,1,0,0.2,0.6,0.7061793552843627,0.4458119886830831,0.6997511278234086,1.1147680162783318
442,0,1,1,0.8,0.6000000000000001,0.6915694214909588,0.4458119886830831,0.6997511278234086,1.1147680162783318
449,0,1,0,0.4,0.1999999999999999,0.37863013029111864,0.4458119886830831,0.6997511278234086,1.1147680162783318
452,0,1,0,0.25,0.5,0.5466159314198258,0.4458119886830831,0.6997511278234086,1.1147680162783318
469,0,1,1,0.75,0.5,0.40268391549259686,0.4458119886830831,0.6997511278234086,1.1147680162783318
481,0,1,0,0.0,1.0,0.8655472427652054,0.4458119886830831,0.6997511278234086,1.1147680162783318
482,0,1,0,0.0,1.0,0.1780678339683299,0.4458119886830831,0.6997511278234086,1.1147680162783318
485,0,1,1,0.5,0.0,0.4720553900829722,0.4458119886830831,0.6997511278234086,1.1147680162783318
486,0,1,0,0.25,0.5,0.8031867780221267,0.4458119886830831,0.6997511278234086,1.1147680162783318
496,0,1,1,0.75,0.5,0.7151519898553532,0.4458119886830831,0.6997511278234086,1.1147680162783318
498,0,1,0,0.0,1.0,0.3746110660352406,0.4458119886830831,0.6997511278234086,1.1147680162783318
503,0,1,0,0.0,1.0,0.5922018541834754,0.4458119886830831,0.6997511278234086,1.1147680162783318
509,0,1,0,0.25,0.5,0.5250729529566395,0.4458119886830831,0.6997511278234086,1.1147680162783318
512,0,1,1,1.0,1.0,0.8417733070190656,0.4458119886830831,0.6997511278234086,1.1147680162783318
519,0,1,0,0.0,1.0,0.47792265438409515,0.4458119886830831,0.6997511278234086,1.1147680162783318
523,0,1,0,0.25,0.5,0.6652767652577023,0.4458119886830831,0.6997511278234086,1.1147680162783318
524,0,1,0,0.0,1.0,0.5563521844593597,0.4458119886830831,0.6997511278234086,1.1147680162783318
527,0,1,0,0.25,0.5,0.6466077784926929,0.4458119886830831,0.6997511278234086,1.1147680162783318
529,0,1,1,0.5,0.0,0.3192725869995095,0.4458119886830831,0.6997511278234086,1.1147680162783318
530,0,1,1,0.5,0.0,0.6127169866522884,0.4458119886830831,0.6997511278234086,1.1147680162783318
533,0,1,0,0.0,1.0,0.2731426123198299,0.4458119886830831,0.6997511278234086,1.1147680162783318
535,0,1,0,0.25,0.5,0.8130285263664105,0.4458119886830831,0.6997511278234086,1.1147680162783318
548,0,1,1,0.5,0.0,0.5627058754030932,0.4458119886830831,0.6997511278234086,1.1147680162783318
561,0,1,1,0.5,0.0,0.6142159467802313,0.4458119886830831,0.6997511278234086,1.1147680162783318
567,0,1,0,0.3333333333333333,0.3333333333333333,0.6334969924604453,0.4458119886830831,0.6997511278234086,1.1147680162783318
575,0,1,1,0.5,0.0,0.6549106918258574,0.4458119886830831,0.6997511278234086,1.1147680162783318
579,0,1,0,0.3333333333333333,0.3333333333333333,0.542995853772679,0.4458119886830831,0.6997511278234086,1.1147680162783318
589,0,1,0,0.3333333333333333,0.3333333333333333,0.6764032329378243,0.4458119886830831,0.6997511278234086,1.1147680162783318
595,0,1,1,0.8333333333333334,0.6666666666666667,0.7541823456334182,0.4458119886830831,0.6997511278234086,1.1147680162783318
604,0,1,1,0.75,0.5,0.6153997366957975,0.4458119886830831,0.6997511278234086,1.1147680162783318
605,0,1,1,0.5,0.0,0.6798478051210244,0.4458119886830831,0.6997511278234086,1.1147680162783318
609,0,1,0,0.25,0.5,0.6847125801651947,0.4458119886830831,0.6997511278234086,1.1147680162783318
612,0,1,0,0.0,1.0,0.17270022265678223,0.4458119886830831,0.6997511278234086,1.1147680162783318
615,0,1,1,0.75,0.5,0.7564327470997939,0.4458119886830831,0.6997511278234086,1.1147680162783318
622,0,1,1,0.75,0.5,0.4847793796505388,0.4458119886830831,0.6997511278234086,1.1147680162783318
623,0,1,1,0.5,0.0,0.7048060094125461,0.4458119886830831,0.6997511278234086,1.1147680162783318
624,0,1,0,0.25,0.5,0.6584242947269594,0.4458119886830831,0.6997511278234086,1.1147680162783318
629,0,1,1,0.5,0.0,0.7719405196035798,0.4458119886830831,0.6997511278234086,1.1147680162783318
630,0,1,1,0.5,0.0,0.776844030766248,0.4458119886830831,0.6997511278234086,1.1147680162783318
632,0,1,1,0.5,0.0,0.6059188548059395,0.4458119886830831,0.6997511278234086,1.1147680162783318
634,0,1,0,0.25,0.5,0.648135698647926,0.4458119886830831,0.6997511278234086,1.1147680162783318
636,0,1,0,0.0,1.0,0.6144196583121989,0.4458119886830831,0.6997511278234086,1.1147680162783318
638,0,1,0,0.25,0.5,0.7571884096771555,0.4458119886830831,0.6997511278234086,1.1147680162783318
642,0,1,1,0.75,0.5,0.5698414752807778,0.4458119886830831,0.6997511278234086,1.1147680162783318
658,0,1,0,0.1666666666666666,0.6666666666666667,0.5553112634537557,0.4458119886830831,0.6997511278234086,1.1147680162783318
660,0,1,0,0.1666666666666666,0.6666666666666667,0.6167382244602465,0.4458119886830831,0.6997511278234086,1.1147680162783318
667,0,1,0,0.3333333333333333,0.3333333333333333,0.669908873625731,0.4458119886830831,0.6997511278234086,1.1147680162783318
676,0,1,0,0.1666666666666666,0.6666666666666667,0.6467760094556773,0.4458119886830831,0.6997511278234086,1.1147680162783318
681,0,1,0,0.1666666666666666,0.6666666666666667,0.7165362088539374,0.4458119886830831,0.6997511278234086,1.1147680162783318
683,0,1,1,0.8333333333333334,0.6666666666666667,0.7518831727066174,0.4458119886830831,0.6997511278234086,1.1147680162783318
693,0,1,1,0.5,0.0,0.8686125678756014,0.4458119886830831,0.6997511278234086,1.1147680162783318
707,0,1,1,0.5,0.0,0.4477806874637734,0.4458119886830831,0.6997511278234086,1.1147680162783318
730,0,1,0,0.3333333333333333,0.3333333333333333,0.35213697806006394,0.4458119886830831,0.6997511278234086,1.1147680162783318
731,0,1,0,0.0,1.0,0.28342719323902965,0.4458119886830831,0.6997511278234086,1.1147680162783318
733,0,1,0,0.1666666666666666,0.6666666666666667,0.4873489466100968,0.4458119886830831,0.6997511278234086,1.1147680162783318
737,0,1,0,0.1666666666666666,0.6666666666666667,0.2864995810839849,0.4458119886830831,0.6997511278234086,1.1147680162783318
738,0,1,0,0.3333333333333333,0.3333333333333333,0.5838116422705909,0.4458119886830831,0.6997511278234086,1.1147680162783318
741,0,1,0,0.2,0.6,0.43908179204216397,0.4458119886830831,0.6997511278234086,1.1147680162783318
15,0,2,0,0.4,0.1999999999999999,0.29381683237648376,0.4731694133389606,0.38228680924711866,1.1725889006214316
18,0,2,1,0.6,0.1999999999999999,0.4724971640460573,0.4731694133389606,0.38228680924711866,1.1725889006214316
21,0,2,0,0.2,0.6,0.47854741516685256,0.4731694133389606,0.38228680924711866,1.1725889006214316
24,0,2,0,0.0,1.0,0.25341924113620357,0.4731694133389606,0.38228680924711866,1.1725889006214316
25,0,2,0,0.2,0.6,0.3207617647069677,0.4731694133389606,0.38228680924711866,1.1725889006214316
27,0,2,0,0.2,0.6,0.2569607887001381,0.4731694133389606,0.38228680924711866,1.1725889006214316
31,0,2,0,0.1666666666666666,0.6666666666666667,0.25915007424196324,0.4731694133389606,0.38228680924711866,1.1725889006214316
45,0,2,0,0.0,1.0,0.4688595397704645,0.4731694133389606,0.38228680924711866,1.1725889006214316
47,0,2,0,0.25,0.5,0.29495932721753915,0.4731694133389606,0.38228680924711866,1.1725889006214316
52,0,2,0,0.25,0.5,0.28051868930034274,0.4731694133389606,0.38228680924711866,1.1725889006214316
53,0,2,0,0.1666666666666666,0.6666666666666667,0.3320442009965481,0.4731694133389606,0.38228680924711866,1.1725889006214316
58,0,2,0,0.25,0.5,0.37562224105082853,0.4731694133389606,0.38228680924711866,1.1725889006214316
72,0,2,0,0.25,0.5,0.17907250022661572,0.4731694133389606,0.38228680924711866,1.1725889006214316
80,0,2,0,0.0,1.0,0.27561677233053006,0.4731694133389606,0.38228680924711866,1.1725889006214316
81,0,2,0,0.0,1.0,0.2582061937837815,0.4731694133389606,0.38228680924711866,1.1725889006214316
84,0,2,0,0.3333333333333333,0.3333333333333333,0.41735502569033456,0.4731694133389606,0.38228680924711866,1.1725889006214316
91,0,2,0,0.25,0.5,0.3708313238124549,0.4731694133389606,0.38228680924711866,1.1725889006214316
92,0,2,0,0.0,1.0,0.3962079198529572,0.4731694133389606,0.38228680924711866,1.1725889006214316
101,0,2,0,0.3333333333333333,0.3333333333333333,0.30206948816084406,0.4731694133389606,0.38228680924711866,1.1725889006214316
102,0,2,0,0.0,1.0,0.24641758996624089,0.4731694133389606,0.38228680924711866,1.1725889006214316
118,0,2,0,0.0,1.0,0.38848040038378207,0.4731694133389606,0.38228680924711866,1.1725889006214316
121,0,2,0,0.1111111111111111,0.7777777777777778,0.29458980026794307,0.4731694133389606,0.38228680924711866,1.1725889006214316
125,0,2,0,0.125,0.75,0.21775009156811748,0.4731694133389606,0.38228680924711866,1.1725889006214316
126,0,2,0,0.2222222222222222,0.5555555555555556,0.3618529004795469,0.4731694133389606,0.38228680924711866,1.1725889006214316
128,0,2,0,0.1111111111111111,0.7777777777777778,0.202402710590809,0.4731694133389606,0.38228680924711866,1.1725889006214316
130,0,2,0,0.1111111111111111,0.7777777777777778,0.28678308252324025,0.4731694133389606,0.38228680924711866,1.1725889006214316
140,0,2,0,0.2222222222222222,0.5555555555555556,0.43414685816158505,0.4731694133389606,0.38228680924711866,1.1725889006214316
145,0,2,0,0.4444444444444444,0.1111111111111111,0.26340460513960756,0.4731694133389606,0.38228680924711866,1.1725889006214316
154,0,2,0,0.25,0.5,0.21777513040352092,0.4731694133389606,0.38228680924711866,1.1725889006214316
157,0,2,0,0.25,0.5,0.2471549095459452,0.4731694133389606,0.38228680924711866,1.1725889006214316
167,0,2,0,0.0,1.0,0.44394498932016685,0.4731694133389606,0.38228680924711866,1.1725889006214316
172,0,2,0,0.0,1.0,0.44388103067228296,0.4731694133389606,0.38228680924711866,1.1725889006214316
173,0,2,0,0.25,0.5,0.2555689074828624,0.4731694133389606,0.38228680924711866,1.1725889006214316
176,0,2,0,0.0,1.0,0.32410887677862826,0.4731694133389606,0.38228680924711866,1.1725889006214316
194,0,2,0,0.0,1.0,0.37832772733833037,0.4731694133389606,0.38228680924711866,1.1725889006214316
197,0,2,0,0.0,1.0,0.4847684358094346,0.4731694133389606,0.38228680924711866,1.1725889006214316
201,0,2,0,0.25,0.5,0.3302308400189727,0.4731694133389606,0.38228680924711866,1.1725889006214316
217,0,2,0,0.0,1.0,0.24991441108979764,0.4731694133389606,0.38228680924711866,1.1725889006214316
219,0,2,0,0.0,1.0,0.3782543401936694,0.4731694133389606,0.38228680924711866,1.1725889006214316
229,0,2,0,0.0,1.0,0.19209132271519214,0.4731694133389606,0.38228680924711866,1.1725889006214316
234,0,2,0,0.25,0.5,0.5119272308897911,0.4731694133389606,0.38228680924711866,1.1725889006214316
235,0,2,0,0.0,1.0,0.31101649226786837,0.4731694133389606,0.38228680924711866,1.1725889006214316
237,0,2,0,0.4,0.1999999999999999,0.4171450926621366,0.4731694133389606,0.38228680924711866,1.1725889006214316
239,0,2,1,0.6,0.1999999999999999,0.3594775971768724,0.4731694133389606,0.38228680924711866,1.1725889006214316
244,0,2,1,0.6,0.1999999999999999,0.46286896584574083,0.4731694133389606,0.38228680924711866,1.1725889006214316
246,0,2,0,0.4,0.1999999999999999,0.4220969947387773,0.4731694133389606,0.38228680924711866,1.1725889006214316
252,0,2,0,0.0,1.0,0.22590903720516323,0.4731694133389606,0.38228680924711866,1.1725889006214316
255,0,2,0,0.25,0.5,0.20457695264917133,0.4731694133389606,0.38228680924711866,1.1725889006214316
265,0,2,1,0.5,0.0,0.3169646285547855,0.4731694133389606,0.38228680924711866,1.1725889006214316
266,0,2,0,0.25,0.5,0.20502025156240364,0.4731694133389606,0.38228680924711866,1.1725889006214316
268,0,2,1,0.5,0.0,0.25970743387698353,0.4731694133389606,0.38228680924711866,1.1725889006214316
270,0,2,0,0.0,1.0,0.39498724655206513,0.4731694133389606,0.38228680924711866,1.1725889006214316
273,0,2,1,0.5,0.0,0.3848136261393494,0.4731694133389606,0.38228680924711866,1.1725889006214316
277,0,2,1,0.5,0.0,0.4122577368185566,0.4731694133389606,0.38228680924711866,1.1725889006214316
280,0,2,0,0.25,0.5,0.4162401542904951,0.4731694133389606,0.38228680924711866,1.1725889006214316
286,0,2,0,0.2,0.6,0.17800864145933662,0.4731694133389606,0.38228680924711866,1.1725889006214316
289,0,2,1,0.5,0.0,0.3015841049382505,0.4731694133389606,0.38228680924711866,1.1725889006214316
304,0,2,1,0.8,0.6000000000000001,0.3972313672059932,0.4731694133389606,0.38228680924711866,1.1725889006214316
312,0,2,0,0.0,1.0,0.34358951318113673,0.4731694133389606,0.38228680924711866,1.1725889006214316
318,0,2,0,0.4,0.1999999999999999,0.45346342097166853,0.4731694133389606,0.38228680924711866,1.1725889006214316
321,0,2,1,0.6,0.1999999999999999,0.598684000944408,0.4731694133389606,0.38228680924711866,1.1725889006214316
323,0,2,0,0.0,1.0,0.36480980832430776,0.4731694133389606,0.38228680924711866,1.1725889006214316
324,0,2,0,0.2,0.6,0.5933286053236259,0.4731694133389606,0.38228680924711866,1.1725889006214316
334,0,2,0,0.4,0.1999999999999999,0.3997547531699857,0.4731694133389606,0.38228680924711866,1.1725889006214316
340,0,2,1,0.6,0.1999999999999999,0.42609518871302066,0.4731694133389606,0.38228680924711866,1.1725889006214316
344,0,2,0,0.2,0.6,0.27597430875917384,0.4731694133389606,0.38228680924711866,1.1725889006214316
348,0,2,0,0.4,0.1999999999999999,0.5680429454345943,0.4731694133389606,0.38228680924711866,1.1725889006214316
352,0,2,0,0.25,0.5,0.4599978664039475,0.4731694133389606,0.38228680924711866,1.1725889006214316
353,0,2,0,0.0,1.0,0.6390112789521689,0.4731694133389606,0.38228680924711866,1.1725889006214316
354,0,2,0,0.25,0.5,0.4337438613325983,0.4731694133389606,0.38228680924711866,1.1725889006214316
357,0,2,1,0.5,0.0,0.2748674965425609,0.4731694133389606,0.38228680924711866,1.1725889006214316
358,0,2,0,0.25,0.5,0.7157126973990956,0.4731694133389606,0.38228680924711866,1.1725889006214316
362,0,2,1,0.75,0.5,0.6499825475953015,0.4731694133389606,0.38228680924711866,1.1725889006214316
364,0,2,1,0.5,0.0,0.4132712464608757,0.4731694133389606,0.38228680924711866,1.1725889006214316
399,0,2,0,0.25,0.5,0.43056018903623594,0.4731694133389606,0.38228680924711866,1.1725889006214316
404,0,2,1,0.6,0.1999999999999999,0.878829288182194,0.4731694133389606,0.38228680924711866,1.1725889006214316
408,0,2,0,0.4,0.1999999999999999,0.7184370036330093,0.4731694133389606,0.38228680924711866,1.1725889006214316
409,0,2,0,0.4,0.1999999999999999,0.8908053231491402,0.4731694133389606,0.38228680924711866,1.1725889006214316
412,0,2,1,1.0,1.0,0.8385591131955278,0.4731694133389606,0.38228680924711866,1.1725889006214316
417,0,2,0,0.2,0.6,0.6059547058710231,0.4731694133389606,0.38228680924711866,1.1725889006214316
420,0,2,0,0.0,1.0,0.4509164351247932,0.4731694133389606,0.38228680924711866,1.1725889006214316
426,0,2,1,0.8,0.6000000000000001,0.7033603436783409,0.4731694133389606,0.38228680924711866,1.1725889006214316
431,0,2,0,0.4,0.1999999999999999,0.5143795334634749,0.4731694133389606,0.38228680924711866,1.1725889006214316
443,0,2,0,0.0,1.0,0.4124232940534687,0.4731694133389606,0.38228680924711866,1.1725889006214316
446,0,2,0,0.2,0.6,0.6942843001992048,0.4731694133389606,0.38228680924711866,1.1725889006214316
448,0,2,0,0.0,1.0,0.25848132382825784,0.4731694133389606,0.38228680924711866,1.1725889006214316
451,0,2,0,0.25,0.5,0.511651764473753,0.4731694133389606,0.38228680924711866,1.1725889006214316
453,0,2,0,0.25,0.5,0.42713230264905955,0.4731694133389606,0.38228680924711866,1.1725889006214316
458,0,2,0,0.0,1.0,0.42652030628739235,0.4731694133389606,0.38228680924711866,1.1725889006214316
460,0,2,0,0.0,1.0,0.5779935039071273,0.4731694133389606,0.38228680924711866,1.1725889006214316
461,0,2,1,0.5,0.0,0.6845928261628843,0.4731694133389606,0.38228680924711866,1.1725889006214316
471,0,2,0,0.0,1.0,0.8749536118633225,0.4731694133389606,0.38228680924711866,1.1725889006214316
477,0,2,0,0.0,1.0,0.41098716723328943,0.4731694133389606,0.38228680924711866,1.1725889006214316
479,0,2,0,0.0,1.0,0.6875612788150129,0.4731694133389606,0.38228680924711866,1.1725889006214316
488,0,2,1,0.5,0.0,0.6718432554970011,0.4731694133389606,0.38228680924711866,1.1725889006214316
489,0,2,0,0.0,1.0,0.7535376016544841,0.4731694133389606,0.38228680924711866,1.1725889006214316
504,0,2,1,0.75,0.5,0.6308494673542167,0.4731694133389606,0.38228680924711866,1.1725889006214316
505,0,2,1,0.5,0.0,0.7068978534479033,0.4731694133389606,0.38228680924711866,1.1725889006214316
506,0,2,1,0.75,0.5,0.7245774196739713,0.4731694133389606,0.38228680924711866,1.1725889006214316
508,0,2,1,0.75,0.5,0.6180915280336489,0.4731694133389606,0.38228680924711866,1.1725889006214316
511,0,2,1,0.5,0.0,0.5100701961540348,0.4731694133389606,0.38228680924711866,1.1725889006214316
517,0,2,0,0.25,0.5,0.7489288895276595,0.4731694133389606,0.38228680924711866,1.1725889006214316
520,0,2,1,0.5,0.0,0.5682217297080292,0.4731694133389606,0.38228680924711866,1.1725889006214316
526,0,2,0,0.0,1.0,0.7487167341347511,0.4731694133389606,0.38228680924711866,1.1725889006214316
541,0,2,1,0.5,0.0,0.7895977724193065,0.4731694133389606,0.38228680924711866,1.1725889006214316
544,0,2,1,0.5,0.0,0.688983134045771,0.4731694133389606,0.38228680924711866,1.1725889006214316
545,0,2,0,0.25,0.5,0.5727735573512993,0.4731694133389606,0.38228680924711866,1.1725889006214316
550,0,2,0,0.0,1.0,0.6475845626430935,0.4731694133389606,0.38228680924711866,1.1725889006214316
552,0,2,1,0.6666666666666666,0.3333333333333332,0.6718055478911888,0.4731694133389606,0.38228680924711866,1.1725889006214316
555,0,2,0,0.3333333333333333,0.3333333333333333,0.6888213064133183,0.4731694133389606,0.38228680924711866,1.1725889006214316
556,0,2,0,0.1666666666666666,0.6666666666666667,0.4561111054171398,0.4731694133389606,0.38228680924711866,1.1725889006214316
559,0,2,1,0.6666666666666666,0.3333333333333332,0.4029657651335896,0.4731694133389606,0.38228680924711866,1.1725889006214316
563,0,2,0,0.0,1.0,0.7212124211912564,0.4731694133389606,0.38228680924711866,1.1725889006214316
564,0,2,1,0.5,0.0,0.7504867305445735,0.4731694133389606,0.38228680924711866,1.1725889006214316
571,0,2,1,0.5,0.0,0.6177537711266754,0.4731694133389606,0.38228680924711866,1.1725889006214316
582,0,2,1,0.5,0.0,0.6982722188978289,0.4731694133389606,0.38228680924711866,1.1725889006214316
602,0,2,0,0.25,0.5,0.6618301405802167,0.4731694133389606,0.38228680924711866,1.1725889006214316
606,0,2,0,0.25,0.5,0.49146199559382236,0.4731694133389606,0.38228680924711866,1.1725889006214316
607,0,2,0,0.0,1.0,0.6929838061261995,0.4731694133389606,0.38228680924711866,1.1725889006214316
614,0,2,1,0.75,0.5,0.6116979792793994,0.4731694133389606,0.38228680924711866,1.1725889006214316
617,0,2,1,0.5,0.0,0.8155832647539695,0.4731694133389606,0.38228680924711866,1.1725889006214316
620,0,2,1,0.75,0.5,0.7375293646043789,0.4731694133389606,0.38228680924711866,1.1725889006214316
626,0,2,1,0.5,0.0,0.621527902885794,0.4731694133389606,0.38228680924711866,1.1725889006214316
641,0,2,0,0.0,1.0,0.6253180875203543,0.4731694133389606,0.38228680924711866,1.1725889006214316
652,0,2,0,0.0,1.0,0.2089690166553345,0.4731694133389606,0.38228680924711866,1.1725889006214316
661,0,2,1,0.8333333333333334,0.6666666666666667,0.883599027893724,0.4731694133389606,0.38228680924711866,1.1725889006214316
669,0,2,0,0.3333333333333333,0.3333333333333333,0.560117727106178,0.4731694133389606,0.38228680924711866,1.1725889006214316
671,0,2,0,0.3333333333333333,0.3333333333333333,0.4623964990118663,0.4731694133389606,0.38228680924711866,1.1725889006214316
673,0,2,0,0.3333333333333333,0.3333333333333333,0.21112496085927462,0.4731694133389606,0.38228680924711866,1.1725889006214316
675,0,2,0,0.3333333333333333,0.3333333333333333,0.34732622524038675,0.4731694133389606,0.38228680924711866,1.1725889006214316
682,0,2,0,0.1666666666666666,0.6666666666666667,0.6716570702134167,0.4731694133389606,0.38228680924711866,1.1725889006214316
685,0,2,0,0.0,1.0,0.5954733288647358,0.4731694133389606,0.38228680924711866,1.1725889006214316
686,0,2,0,0.0,1.0,0.6599525005876125,0.4731694133389606,0.38228680924711866,1.1725889006214316
691,0,2,0,0.1666666666666666,0.6666666666666667,0.6209591791748049,0.4731694133389606,0.38228680924711866,1.1725889006214316
692,0,2,0,0.0,1.0,0.34364970603966616,0.4731694133389606,0.38228680924711866,1.1725889006214316
698,0,2,1,0.5,0.0,0.8085049169860248,0.4731694133389606,0.38228680924711866,1.1725889006214316
704,0,2,0,0.3333333333333333,0.3333333333333333,0.32568806199960165,0.4731694133389606,0.38228680924711866,1.1725889006214316
705,0,2,1,0.5,0.0,0.281614425454301,0.4731694133389606,0.38228680924711866,1.1725889006214316
709,0,2,0,0.3333333333333333,0.3333333333333333,0.46230146893823154,0.4731694133389606,0.38228680924711866,1.1725889006214316
710,0,2,0,0.0,1.0,0.29665992381792355,0.4731694133389606,0.38228680924711866,1.1725889006214316
717,0,2,1,0.5,0.0,0.4148158924121882,0.4731694133389606,0.38228680924711866,1.1725889006214316
721,0,2,0,0.3333333333333333,0.3333333333333333,0.38904380811226535,0.4731694133389606,0.38228680924711866,1.1725889006214316
723,0,2,0,0.1666666666666666,0.6666666666666667,0.4447264409217857,0.4731694133389606,0.38228680924711866,1.1725889006214316
727,0,2,0,0.4,0.1999999999999999,0.4304838289948866,0.4731694133389606,0.38228680924711866,1.1725889006214316
728,0,2,0,0.2,0.6,0.31117502472805236,0.4731694133389606,0.38228680924711866,1.1725889006214316
729,0,2,0,0.4,0.1999999999999999,0.44679029026320566,0.4731694133389606,0.38228680924711866,1.1725889006214316
736,0,2,0,0.0,1.0,0.40493894773961747,0.4731694133389606,0.38228680924711866,1.1725889006214316
1,0,3,0,0.3333333333333333,0.3333333333333333,0.5297595958531655,0.5052252002940015,0.49788947781607357,1.177453256172905
3,0,3,0,0.0,1.0,0.32591710840078597,0.5052252002940015,0.49788947781607357,1.177453256172905
9,0,3,0,0.0,1.0,0.3480027020527924,0.5052252002940015,0.49788947781607357,1.177453256172905
12,0,3,0,0.4,0.1999999999999999,0.27090164657451615,0.5052252002940015,0.49788947781607357,1.177453256172905
13,0,3,0,0.2,0.6,0.251664016075633,0.5052252002940015,0.49788947781607357,1.177453256172905
17,0,3,0,0.4,0.1999999999999999,0.41862246278774085,0.5052252002940015,0.49788947781607357,1.177453256172905
35,0,3,1,0.5,0.0,0.21441044348790445,0.5052252002940015,0.49788947781607357,1.177453256172905
37,0,3,0,0.2,0.6,0.23348068951837217,0.5052252002940015,0.49788947781607357,1.177453256172905
42,0,3,0,0.0,1.0,0.48046406812363385,0.5052252002940015,0.49788947781607357,1.177453256172905
43,0,3,0,0.2,0.6,0.46894972986044564,0.5052252002940015,0.49788947781607357,1.177453256172905
48,0,3,1,0.6,0.1999999999999999,0.2998764115103915,0.5052252002940015,0.49788947781607357,1.177453256172905
54,0,3,0,0.25,0.5,0.3148002758551375,0.5052252002940015,0.49788947781607357,1.177453256172905
76,0,3,0,0.25,0.5,0.27006910698503633,0.5052252002940015,0.49788947781607357,1.177453256172905
79,0,3,0,0.25,0.5,0.3265954660020317,0.5052252002940015,0.49788947781607357,1.177453256172905
86,0,3,0,0.0,1.0,0.24151466891731474,0.5052252002940015,0.49788947781607357,1.177453256172905
90,0,3,1,0.5,0.0,0.2122605243051308,0.5052252002940015,0.49788947781607357,1.177453256172905
97,0,3,0,0.25,0.5,0.2816537600738357,0.5052252002940015,0.49788947781607357,1.177453256172905
100,0,3,0,0.25,0.5,0.46671581308748805,0.5052252002940015,0.49788947781607357,1.177453256172905
103,0,3,0,0.1111111111111111,0.7777777777777778,0.26190878091215186,0.5052252002940015,0.49788947781607357,1.177453256172905
108,0,3,0,0.25,0.5,0.3576314147169292,0.5052252002940015,0.49788947781607357,1.177453256172905
115,0,3,0,0.0,1.0,0.24496609762809862,0.5052252002940015,0.49788947781607357,1.177453256172905
119,0,3,0,0.1111111111111111,0.7777777777777778,0.1763640674481872,0.5052252002940015,0.49788947781607357,1.177453256172905
123,0,3,0,0.0,1.0,0.15415179846669938,0.5052252002940015,0.49788947781607357,1.177453256172905
129,0,3,0,0.2,0.6,0.46081828486180404,0.5052252002940015,0.49788947781607357,1.177453256172905
132,0,3,0,0.2222222222222222,0.5555555555555556,0.37290304458781925,0.5052252002940015,0.49788947781607357,1.177453256172905
133,0,3,1,0.8888888888888888,0.7777777777777777,0.3612762893349771,0.5052252002940015,0.49788947781607357,1.177453256172905
138,0,3,1,0.5555555555555556,0.1111111111111111,0.3799274638170732,0.5052252002940015,0.49788947781607357,1.177453256172905
144,0,3,0,0.0,1.0,0.2741444593698348,0.5052252002940015,0.49788947781607357,1.177453256172905
158,0,3,0,0.0,1.0,0.23798461067411267,0.5052252002940015,0.49788947781607357,1.177453256172905
179,0,3,0,0.25,0.5,0.5394242975831538,0.5052252002940015,0.49788947781607357,1.177453256172905
180,0,3,0,0.0,1.0,0.4098677044012245,0.5052252002940015,0.49788947781607357,1.177453256172905
184,0,3,0,0.0,1.0,0.27860006490026773,0.5052252002940015,0.49788947781607357,1.177453256172905
185,0,3,0,0.25,0.5,0.31480281158054757,0.5052252002940015,0.49788947781607357,1.177453256172905
188,0,3,0,0.0,1.0,0.4734123653243721,0.5052252002940015,0.49788947781607357,1.177453256172905
195,0,3,0,0.0,1.0,0.45129588691618966,0.5052252002940015,0.49788947781607357,1.177453256172905
198,0,3,0,0.0,1.0,0.4655945398904263,0.5052252002940015,0.49788947781607357,1.177453256172905
203,0,3,0,0.2,0.6,0.2135026977862976,0.5052252002940015,0.49788947781607357,1.177453256172905
205,0,3,0,0.2,0.6,0.30947371521304695,0.5052252002940015,0.49788947781607357,1.177453256172905
213,0,3,0,0.4,0.1999999999999999,0.3208433158905503,0.5052252002940015,0.49788947781607357,1.177453256172905
216,0,3,0,0.0,1.0,0.30895664038095355,0.5052252002940015,0.49788947781607357,1.177453256172905
220,0,3,0,0.4,0.1999999999999999,0.2990637729991971,0.5052252002940015,0.49788947781607357,1.177453256172905
222,0,3,0,0.2,0.6,0.4795250179989649,0.5052252002940015,0.49788947781607357,1.177453256172905
225,0,3,0,0.2,0.6,0.31312475707747295,0.5052252002940015,0.49788947781607357,1.177453256172905
228,0,3,0,0.2,0.6,0.33288603443785914,0.5052252002940015,0.49788947781607357,1.177453256172905
236,0,3,0,0.0,1.0,0.2646432314969616,0.5052252002940015,0.49788947781607357,1.177453256172905
238,0,3,0,0.25,0.5,0.3318928972824706,0.5052252002940015,0.49788947781607357,1.177453256172905
242,0,3,1,0.6,0.1999999999999999,0.39850945190110637,0.5052252002940015,0.49788947781607357,1.177453256172905
251,0,3,0,0.25,0.5,0.5471653458702876,0.5052252002940015,0.49788947781607357,1.177453256172905
257,0,3,0,0.25,0.5,0.2701859894563608,0.5052252002940015,0.49788947781607357,1.177453256172905
258,0,3,0,0.0,1.0,0.3080238914384403,0.5052252002940015,0.49788947781607357,1.177453256172905
269,0,3,1,0.5,0.0,0.42918081693607774,0.5052252002940015,0.49788947781607357,1.177453256172905
272,0,3,1,0.5,0.0,0.3914760283870891,0.5052252002940015,0.49788947781607357,1.177453256172905
278,0,3,0,0.25,0.5,0.26758399858748805,0.5052252002940015,0.49788947781607357,1.177453256172905
283,0,3,0,0.25,0.5,0.5219219125108358,0.5052252002940015,0.49788947781607357,1.177453256172905
290,0,3,0,0.0,1.0,0.4636968191056076,0.5052252002940015,0.49788947781607357,1.177453256172905
293,0,3,1,0.5,0.0,0.43619168531326097,0.5052252002940015,0.49788947781607357,1.177453256172905
296,0,3,0,0.0,1.0,0.25883889525666803,0.5052252002940015,0.49788947781607357,1.177453256172905
297,0,3,0,0.0,1.0,0.29600723889215574,0.5052252002940015,0.49788947781607357,1.177453256172905
302,0,3,0,0.0,1.0,0.46267854369664907,0.5052252002940015,0.49788947781607357,1.177453256172905
303,0,3,0,0.0,1.0,0.2598493757514376,0.5052252002940015,0.49788947781607357,1.177453256172905
306,0,3,0,0.0,1.0,0.5035797307844502,0.5052252002940015,0.49788947781607357,1.177453256172905
311,0,3,0,0.4,0.1999999999999999,0.36342273190636154,0.5052252002940015,0.49788947781607357,1.177453256172905
313,0,3,0,0.0,1.0,0.3311237203758537,0.5052252002940015,0.49788947781607357,1.177453256172905
320,0,3,0,0.0,1.0,0.3647974727578492,0.5052252002940015,0.49788947781607357,1.177453256172905
343,0,3,1,0.8,0.6000000000000001,0.6050404228456006,0.5052252002940015,0.49788947781607357,1.177453256172905
351,0,3,0,0.0,1.0,0.38203232394211567,0.5052252002940015,0.49788947781607357,1.177453256172905
356,0,3,0,0.25,0.5,0.5006003772619698,0.5052252002940015,0.49788947781607357,1.177453256172905
361,0,3,0,0.0,1.0,0.27922448603139977,0.5052252002940015,0.49788947781607357,1.177453256172905
366,0,3,0,0.0,1.0,0.6221507691699807,0.5052252002940015,0.49788947781607357,1.177453256172905
367,0,3,0,0.25,0.5,0.32462288122122346,0.5052252002940015,0.49788947781607357,1.177453256172905
369,0,3,0,0.0,1.0,0.29500301601886275,0.5052252002940015,0.49788947781607357,1.177453256172905
370,0,3,0,0.0,1.0,0.2281731148378437,0.5052252002940015,0.49788947781607357,1.177453256172905
373,0,3,0,0.0,1.0,0.4913103630199386,0.5052252002940015,0.49788947781607357,1.177453256172905
378,0,3,1,0.5,0.0,0.48988292250079934,0.5052252002940015,0.49788947781607357,1.177453256172905
380,0,3,1,0.75,0.5,0.7319532840805869,0.5052252002940015,0.49788947781607357,1.177453256172905
385,0,3,1,0.5,0.0,0.39131534922022515,0.5052252002940015,0.49788947781607357,1.177453256172905
387,0,3,0,0.0,1.0,0.39039766023441336,0.5052252002940015,0.49788947781607357,1.177453256172905
389,0,3,0,0.25,0.5,0.7489159367450865,0.5052252002940015,0.49788947781607357,1.177453256172905
392,0,3,1,0.5,0.0,0.4813013334720853,0.5052252002940015,0.49788947781607357,1.177453256172905
396,0,3,1,0.75,0.5,0.6986777235955938,0.5052252002940015,0.49788947781607357,1.177453256172905
400,0,3,1,0.5,0.0,0.7190739539898722,0.5052252002940015,0.49788947781607357,1.177453256172905
402,0,3,1,0.6,0.1999999999999999,0.4302194040342679,0.5052252002940015,0.49788947781607357,1.177453256172905
403,0,3,0,0.0,1.0,0.28956190309089264,0.5052252002940015,0.49788947781607357,1.177453256172905
406,0,3,1,0.6,0.1999999999999999,0.5899596732971184,0.5052252002940015,0.49788947781607357,1.177453256172905
410,0,3,1,0.6,0.1999999999999999,0.7616901086889387,0.5052252002940015,0.49788947781607357,1.177453256172905
415,0,3,0,0.0,1.0,0.8219875382804268,0.5052252002940015,0.49788947781607357,1.177453256172905
422,0,3,1,0.6,0.1999999999999999,0.45812347226847655,0.5052252002940015,0.49788947781607357,1.177453256172905
423,0,3,0,0.0,1.0,0.6853466395081905,0.5052252002940015,0.49788947781607357,1.177453256172905
428,0,3,1,0.6,0.1999999999999999,0.579923673695129,0.5052252002940015,0.49788947781607357,1.177453256172905
429,0,3,0,0.0,1.0,0.5526714590874576,0.5052252002940015,0.49788947781607357,1.177453256172905
433,0,3,0,0.0,1.0,0.40268725422756113,0.5052252002940015,0.49788947781607357,1.177453256172905
440,0,3,0,0.0,1.0,0.6950720735809719,0.5052252002940015,0.49788947781607357,1.177453256172905
444,0,3,0,0.2,0.6,0.6973847233154259,0.5052252002940015,0.49788947781607357,1.177453256172905
445,0,3,0,0.0,1.0,0.6667222760453622,0.5052252002940015,0.49788947781607357,1.177453256172905
447,0,3,0,0.0,1.0,0.3355650649892841,0.5052252002940015,0.49788947781607357,1.177453256172905
455,0,3,0,0.0,1.0,0.3093080636337795,0.5052252002940015,0.49788947781607357,1.177453256172905
470,0,3,0,0.0,1.0,0.7899939854181419,0.5052252002940015,0.49788947781607357,1.177453256172905
472,0,3,0,0.25,0.5,0.3538213990986563,0.5052252002940015,0.49788947781607357,1.177453256172905
473,0,3,0,0.25,0.5,0.6784572700329806,0.5052252002940015,0.49788947781607357,1.177453256172905
474,0,3,0,0.0,1.0,0.2704223881128781,0.5052252002940015,0.49788947781607357,1.177453256172905
475,0,3,0,0.25,0.5,0.5533010086423095,0.5052252002940015,0.49788947781607357,1.177453256172905
478,0,3,0,0.0,1.0,0.30042813146525627,0.5052252002940015,0.49788947781607357,1.177453256172905
484,0,3,0,0.25,0.5,0.5358365791949316,0.5052252002940015,0.49788947781607357,1.177453256172905
493,0,3,0,0.0,1.0,0.5277966993045154,0.5052252002940015,0.49788947781607357,1.177453256172905
500,0,3,0,0.25,0.5,0.6114467121419149,0.5052252002940015,0.49788947781607357,1.177453256172905
501,0,3,0,0.25,0.5,0.6526675153027776,0.5052252002940015,0.49788947781607357,1.177453256172905
502,0,3,1,0.75,0.5,0.49170107478353636,0.5052252002940015,0.49788947781607357,1.177453256172905
516,0,3,0,0.0,1.0,0.6666525998228954,0.5052252002940015,0.49788947781607357,1.177453256172905
525,0,3,0,0.2,0.6,0.18294110274427033,0.5052252002940015,0.49788947781607357,1.177453256172905
531,0,3,1,0.75,0.5,0.6555127565964002,0.5052252002940015,0.49788947781607357,1.177453256172905
536,0,3,0,0.3333333333333333,0.3333333333333333,0.6515733427865549,0.5052252002940015,0.49788947781607357,1.177453256172905
538,0,3,0,0.0,1.0,0.736890646954745,0.5052252002940015,0.49788947781607357,1.177453256172905
543,0,3,1,0.5,0.0,0.6660735500626589,0.5052252002940015,0.49788947781607357,1.177453256172905
547,0,3,1,0.5,0.0,0.6410970789621316,0.5052252002940015,0.49788947781607357,1.177453256172905
560,0,3,0,0.1666666666666666,0.6666666666666667,0.7165542625524247,0.5052252002940015,0.49788947781607357,1.177453256172905
576,0,3,1,0.5,0.0,0.6886584364327835,0.5052252002940015,0.49788947781607357,1.177453256172905
581,0,3,0,0.3333333333333333,0.3333333333333333,0.7040462462086552,0.5052252002940015,0.49788947781607357,1.177453256172905
591,0,3,1,0.5,0.0,0.7319829256230572,0.5052252002940015,0.49788947781607357,1.177453256172905
592,0,3,1,0.6,0.1999999999999999,0.8222557366768237,0.5052252002940015,0.49788947781607357,1.177453256172905
597,0,3,0,0.0,1.0,0.2019965452113092,0.5052252002940015,0.49788947781607357,1.177453256172905
598,0,3,0,0.3333333333333333,0.3333333333333333,0.6276716016830259,0.5052252002940015,0.49788947781607357,1.177453256172905
600,0,3,0,0.1666666666666666,0.6666666666666667,0.635833679436822,0.5052252002940015,0.49788947781607357,1.177453256172905
611,0,3,1,0.75,0.5,0.6252477276541971,0.5052252002940015,0.49788947781607357,1.177453256172905
627,0,3,1,0.75,0.5,0.7466106991632074,0.5052252002940015,0.49788947781607357,1.177453256172905
631,0,3,0,0.0,1.0,0.5227193002081465,0.5052252002940015,0.49788947781607357,1.177453256172905
637,0,3,1,0.5,0.0,0.7354952835850769,0.5052252002940015,0.49788947781607357,1.177453256172905
639,0,3,0,0.0,1.0,0.7319385984584854,0.5052252002940015,0.49788947781607357,1.177453256172905
640,0,3,1,0.75,0.5,0.8768474756964184,0.5052252002940015,0.49788947781607357,1.177453256172905
643,0,3,1,0.5,0.0,0.4526573480335316,0.5052252002940015,0.49788947781607357,1.177453256172905
647,0,3,1,0.5,0.0,0.6649501866488271,0.5052252002940015,0.49788947781607357,1.177453256172905
651,0,3,0,0.3333333333333333,0.3333333333333333,0.5176242527868657,0.5052252002940015,0.49788947781607357,1.177453256172905
654,0,3,0,0.1666666666666666,0.6666666666666667,0.7009751123231572,0.5052252002940015,0.49788947781607357,1.177453256172905
659,0,3,1,0.6666666666666666,0.3333333333333332,0.5834747280300704,0.5052252002940015,0.49788947781607357,1.177453256172905
665,0,3,0,0.1666666666666666,0.6666666666666667,0.6141810238851576,0.5052252002940015,0.49788947781607357,1.177453256172905
672,0,3,0,0.0,1.0,0.5882924121252017,0.5052252002940015,0.49788947781607357,1.177453256172905
677,0,3,1,0.6666666666666666,0.3333333333333332,0.6461574751909224,0.5052252002940015,0.49788947781607357,1.177453256172905
680,0,3,0,0.0,1.0,0.3530805669246164,0.5052252002940015,0.49788947781607357,1.177453256172905
687,0,3,0,0.3333333333333333,0.3333333333333333,0.556623299403978,0.5052252002940015,0.49788947781607357,1.177453256172905
696,0,3,0,0.1666666666666666,0.6666666666666667,0.5577471342592197,0.5052252002940015,0.49788947781607357,1.177453256172905
697,0,3,1,0.5,0.0,0.7214778075017902,0.5052252002940015,0.49788947781607357,1.177453256172905
711,0,3,1,0.6,0.1999999999999999,0.3609580061122134,0.5052252002940015,0.49788947781607357,1.177453256172905
713,0,3,1,0.6,0.1999999999999999,0.26941234387953267,0.5052252002940015,0.49788947781607357,1.177453256172905
718,0,3,0,0.1666666666666666,0.6666666666666667,0.34602131539367065,0.5052252002940015,0.49788947781607357,1.177453256172905
719,0,3,0,0.1666666666666666,0.6666666666666667,0.6108269520360118,0.5052252002940015,0.49788947781607357,1.177453256172905
725,0,3,0,0.0,1.0,0.4106663192349204,0.5052252002940015,0.49788947781607357,1.177453256172905
732,0,3,0,0.0,1.0,0.23364756005365808,0.5052252002940015,0.49788947781607357,1.177453256172905
742,0,3,1,0.5,0.0,0.5443334764865345,0.5052252002940015,0.49788947781607357,1.177453256172905
8,0,4,0,0.0,1.0,0.24436056702078354,0.5134075379599262,0.9448954447913647,1.117601598559065
10,0,4,0,0.0,1.0,0.26496945327239285,0.5134075379599262,0.9448954447913647,1.117601598559065
11,0,4,1,0.6,0.1999999999999999,0.33235000029282463,0.5134075379599262,0.9448954447913647,1.117601598559065
20,0,4,0,0.25,0.5,0.2554965004113973,0.5134075379599262,0.9448954447913647,1.117601598559065
22,0,4,0,0.2,0.6,0.44520993107681234,0.5134075379599262,0.9448954447913647,1.117601598559065
33,0,4,0,0.4,0.1999999999999999,0.31093832753145256,0.5134075379599262,0.9448954447913647,1.117601598559065
36,0,4,0,0.2,0.6,0.248515748638103,0.5134075379599262,0.9448954447913647,1.117601598559065
41,0,4,0,0.2,0.6,0.2688768499111937,0.5134075379599262,0.9448954447913647,1.117601598559065
44,0,4,0,0.0,1.0,0.35820180782355515,0.5134075379599262,0.9448954447913647,1.117601598559065
46,0,4,0,0.4,0.1999999999999999,0.6060958956378907,0.5134075379599262,0.9448954447913647,1.117601598559065
57,0,4,1,1.0,1.0,0.2509225665068939,0.5134075379599262,0.9448954447913647,1.117601598559065
60,0,4,0,0.0,1.0,0.43478647541284293,0.5134075379599262,0.9448954447913647,1.117601598559065
62,0,4,0,0.25,0.5,0.26178539534570416,0.5134075379599262,0.9448954447913647,1.117601598559065
70,0,4,0,0.0,1.0,0.4099359834939344,0.5134075379599262,0.9448954447913647,1.117601598559065
71,0,4,0,0.0,1.0,0.27991381659956793,0.5134075379599262,0.9448954447913647,1.117601598559065
75,0,4,0,0.0,1.0,0.3250113282842158,0.5134075379599262,0.9448954447913647,1.117601598559065
89,0,4,0,0.25,0.5,0.3226571381458333,0.5134075379599262,0.9448954447913647,1.117601598559065
99,0,4,0,0.0,1.0,0.214499494125109,0.5134075379599262,0.9448954447913647,1.117601598559065
104,0,4,0,0.1111111111111111,0.7777777777777778,0.29376184739242983,0.5134075379599262,0.9448954447913647,1.117601598559065
105,0,4,0,0.0,1.0,0.4689767136502936,0.5134075379599262,0.9448954447913647,1.117601598559065
106,0,4,1,1.0,1.0,0.4946625506407737,0.5134075379599262,0.9448954447913647,1.117601598559065
111,0,4,0,0.1111111111111111,0.7777777777777778,0.23667857774801235,0.5134075379599262,0.9448954447913647,1.117601598559065
114,0,4,0,0.1111111111111111,0.7777777777777778,0.4075429411350902,0.5134075379599262,0.9448954447913647,1.117601598559065
117,0,4,0,0.25,0.5,0.27748437305842366,0.5134075379599262,0.9448954447913647,1.117601598559065
135,0,4,0,0.1666666666666666,0.6666666666666667,0.250596947106302,0.5134075379599262,0.9448954447913647,1.117601598559065
136,0,4,0,0.3333333333333333,0.3333333333333333,0.44887496590019715,0.5134075379599262,0.9448954447913647,1.117601598559065
137,0,4,1,0.6666666666666666,0.3333333333333332,0.2796256465755774,0.5134075379599262,0.9448954447913647,1.117601598559065
147,0,4,0,0.0,1.0,0.31422847710550844,0.5134075379599262,0.9448954447913647,1.117601598559065
162,0,4,0,0.2,0.6,0.37843866192646514,0.5134075379599262,0.9448954447913647,1.117601598559065
164,0,4,0,0.0,1.0,0.2781712001729525,0.5134075379599262,0.9448954447913647,1.117601598559065
165,0,4,0,0.0,1.0,0.5254716769998581,0.5134075379599262,0.9448954447913647,1.117601598559065
169,0,4,0,0.0,1.0,0.38143636814942267,0.5134075379599262,0.9448954447913647,1.117601598559065
170,0,4,0,0.1666666666666666,0.6666666666666667,0.42315175609520495,0.5134075379599262,0.9448954447913647,1.117601598559065
171,0,4,0,0.25,0.5,0.4256607542136224,0.5134075379599262,0.9448954447913647,1.117601598559065
175,0,4,0,0.0,1.0,0.2158464964858185,0.5134075379599262,0.9448954447913647,1.117601598559065
178,0,4,0,0.0,1.0,0.27720868496357737,0.5134075379599262,0.9448954447913647,1.117601598559065
181,0,4,1,0.5,0.0,0.31132228618745444,0.5134075379599262,0.9448954447913647,1.117601598559065
186,0,4,0,0.0,1.0,0.23524027361338654,0.5134075379599262,0.9448954447913647,1.117601598559065
191,0,4,0,0.0,1.0,0.28741669976171363,0.5134075379599262,0.9448954447913647,1.117601598559065
192,0,4,0,0.0,1.0,0.281353930058154,0.5134075379599262,0.9448954447913647,1.117601598559065
193,0,4,0,0.25,0.5,0.4995260245239082,0.5134075379599262,0.9448954447913647,1.117601598559065
207,0,4,0,0.2,0.6,0.39148252991704685,0.5134075379599262,0.9448954447913647,1.117601598559065
214,0,4,0,0.2,0.6,0.34822215738345785,0.5134075379599262,0.9448954447913647,1.117601598559065
223,0,4,0,0.2,0.6,0.3434793666029635,0.5134075379599262,0.9448954447913647,1.117601598559065
227,0,4,1,1.0,1.0,0.3677345738922932,0.5134075379599262,0.9448954447913647,1.117601598559065
245,0,4,0,0.0,1.0,0.43148423626388294,0.5134075379599262,0.9448954447913647,1.117601598559065
254,0,4,0,0.25,0.5,0.4668155298612986,0.5134075379599262,0.9448954447913647,1.117601598559065
260,0,4,0,0.25,0.5,0.28631300492823214,0.5134075379599262,0.9448954447913647,1.117601598559065
261,0,4,0,0.25,0.5,0.47707712000297176,0.5134075379599262,0.9448954447913647,1.117601598559065
262,0,4,1,0.5,0.0,0.35785808201050257,0.5134075379599262,0.9448954447913647,1.117601598559065
263,0,4,0,0.2,0.6,0.30600397465086454,0.5134075379599262,0.9448954447913647,1.117601598559065
264,0,4,0,0.25,0.5,0.42218214875182514,0.5134075379599262,0.9448954447913647,1.117601598559065
271,0,4,0,0.0,1.0,0.3743883706521949,0.5134075379599262,0.9448954447913647,1.117601598559065
276,0,4,0,0.2,0.6,0.2948496513562338,0.5134075379599262,0.9448954447913647,1.117601598559065
292,0,4,0,0.25,0.5,0.6179998616279821,0.5134075379599262,0.9448954447913647,1.117601598559065
295,0,4,0,0.0,1.0,0.24790359831279207,0.5134075379599262,0.9448954447913647,1.117601598559065
298,0,4,0,0.25,0.5,0.4469795160916555,0.5134075379599262,0.9448954447913647,1.117601598559065
299,0,4,1,0.8,0.6000000000000001,0.25247003158868575,0.5134075379599262,0.9448954447913647,1.117601598559065
314,0,4,0,0.0,1.0,0.4626846292813293,0.5134075379599262,0.9448954447913647,1.117601598559065
325,0,4,0,0.0,1.0,0.2639594695607865,0.5134075379599262,0.9448954447913647,1.117601598559065
327,0,4,0,0.0,1.0,0.6127085202945826,0.5134075379599262,0.9448954447913647,1.117601598559065
337,0,4,0,0.0,1.0,0.3661053301747897,0.5134075379599262,0.9448954447913647,1.117601598559065
341,0,4,1,0.6,0.1999999999999999,0.677857660228216,0.5134075379599262,0.9448954447913647,1.117601598559065
347,0,4,0,0.4,0.1999999999999999,0.5187736900877224,0.5134075379599262,0.9448954447913647,1.117601598559065
349,0,4,0,0.0,1.0,0.27418762194310137,0.5134075379599262,0.9448954447913647,1.117601598559065
350,0,4,0,0.0,1.0,0.3691694358054329,0.5134075379599262,0.9448954447913647,1.117601598559065
363,0,4,0,0.0,1.0,0.6285489653555044,0.5134075379599262,0.9448954447913647,1.117601598559065
365,0,4,0,0.25,0.5,0.5356321508907235,0.5134075379599262,0.9448954447913647,1.117601598559065
368,0,4,1,0.5,0.0,0.5704683504099319,0.5134075379599262,0.9448954447913647,1.117601598559065
375,0,4,1,0.5,0.0,0.7562280749085285,0.5134075379599262,0.9448954447913647,1.117601598559065
377,0,4,0,0.25,0.5,0.5954300261834334,0.5134075379599262,0.9448954447913647,1.117601598559065
379,0,4,1,0.75,0.5,0.5952476905388882,0.5134075379599262,0.9448954447913647,1.117601598559065
382,0,4,1,0.5,0.0,0.5126206734672735,0.5134075379599262,0.9448954447913647,1.117601598559065
383,0,4,0,0.0,1.0,0.3697404301442961,0.5134075379599262,0.9448954447913647,1.117601598559065
386,0,4,0,0.25,0.5,0.5979122507186155,0.5134075379599262,0.9448954447913647,1.117601598559065
390,0,4,1,0.75,0.5,0.7260790088657321,0.5134075379599262,0.9448954447913647,1.117601598559065
391,0,4,0,0.0,1.0,0.2411013678191764,0.5134075379599262,0.9448954447913647,1.117601598559065
393,0,4,0,0.25,0.5,0.5214455520200582,0.5134075379599262,0.9448954447913647,1.117601598559065
395,0,4,1,0.5,0.0,0.7591662618675431,0.5134075379599262,0.9448954447913647,1.117601598559065
401,0,4,0,0.2,0.6,0.6916444958290747,0.5134075379599262,0.9448954447913647,1.117601598559065
418,0,4,0,0.0,1.0,0.7016457281160473,0.5134075379599262,0.9448954447913647,1.117601598559065
419,0,4,0,0.4,0.1999999999999999,0.6310988152126883,0.5134075379599262,0.9448954447913647,1.117601598559065
424,0,4,1,0.6,0.1999999999999999,0.43775229774977603,0.5134075379599262,0.9448954447913647,1.117601598559065
427,0,4,1,0.6,0.1999999999999999,0.7565770082884843,0.5134075379599262,0.9448954447913647,1.117601598559065
430,0,4,1,0.6,0.1999999999999999,0.7241601666367018,0.5134075379599262,0.9448954447913647,1.117601598559065
432,0,4,0,0.2,0.6,0.6943595387594647,0.5134075379599262,0.9448954447913647,1.117601598559065
434,0,4,0,0.0,1.0,0.46873335658909626,0.5134075379599262,0.9448954447913647,1.117601598559065
439,0,4,0,0.2,0.6,0.49485819000841874,0.5134075379599262,0.9448954447913647,1.117601598559065
450,0,4,0,0.2,0.6,0.3929453317589511,0.5134075379599262,0.9448954447913647,1.117601598559065
454,0,4,0,0.0,1.0,0.5770423170134131,0.5134075379599262,0.9448954447913647,1.117601598559065
462,0,4,1,0.5,0.0,0.7913622207321316,0.5134075379599262,0.9448954447913647,1.117601598559065
464,0,4,0,0.0,1.0,0.6964218842001558,0.5134075379599262,0.9448954447913647,1.117601598559065
466,0,4,1,0.5,0.0,0.7248952732266019,0.5134075379599262,0.9448954447913647,1.117601598559065
467,0,4,1,1.0,1.0,0.77296638550645,0.5134075379599262,0.9448954447913647,1.117601598559065
476,0,4,0,0.0,1.0,0.6924146876656629,0.5134075379599262,0.9448954447913647,1.117601598559065
483,0,4,0,0.25,0.5,0.7934687603826149,0.5134075379599262,0.9448954447913647,1.117601598559065
494,0,4,1,0.8,0.6000000000000001,0.5603805408936549,0.5134075379599262,0.9448954447913647,1.117601598559065
507,0,4,1,1.0,1.0,0.7021973976150423,0.5134075379599262,0.9448954447913647,1.117601598559065
515,0,4,0,0.25,0.5,0.608387352983652,0.5134075379599262,0.9448954447913647,1.117601598559065
522,0,4,0,0.25,0.5,0.49206944676049924,0.5134075379599262,0.9448954447913647,1.117601598559065
532,0,4,0,0.0,1.0,0.2959249818389822,0.5134075379599262,0.9448954447913647,1.117601598559065
537,0,4,0,0.25,0.5,0.5253941581983079,0.5134075379599262,0.9448954447913647,1.117601598559065
546,0,4,1,0.5,0.0,0.6975245200706085,0.5134075379599262,0.9448954447913647,1.117601598559065
551,0,4,1,0.6666666666666666,0.3333333333333332,0.5953100931717482,0.5134075379599262,0.9448954447913647,1.117601598559065
553,0,4,0,0.0,1.0,0.42544618679225504,0.5134075379599262,0.9448954447913647,1.117601598559065
558,0,4,1,0.5,0.0,0.6529146958759249,0.5134075379599262,0.9448954447913647,1.117601598559065
562,0,4,0,0.3333333333333333,0.3333333333333333,0.672589086909392,0.5134075379599262,0.9448954447913647,1.117601598559065
568,0,4,1,1.0,1.0,0.6218122755253453,0.5134075379599262,0.9448954447913647,1.117601598559065
569,0,4,0,0.1666666666666666,0.6666666666666667,0.5125023798553879,0.5134075379599262,0.9448954447913647,1.117601598559065
570,0,4,1,0.6666666666666666,0.3333333333333332,0.7220034180901383,0.5134075379599262,0.9448954447913647,1.117601598559065
578,0,4,1,0.5,0.0,0.5237726327834172,0.5134075379599262,0.9448954447913647,1.117601598559065
580,0,4,0,0.3333333333333333,0.3333333333333333,0.5233713167131007,0.5134075379599262,0.9448954447913647,1.117601598559065
584,0,4,1,0.6666666666666666,0.3333333333333332,0.8587090363235097,0.5134075379599262,0.9448954447913647,1.117601598559065
585,0,4,1,0.5,0.0,0.6898502456585228,0.5134075379599262,0.9448954447913647,1.117601598559065
593,0,4,1,0.5,0.0,0.586361693812356,0.5134075379599262,0.9448954447913647,1.117601598559065
594,0,4,0,0.0,1.0,0.5691741945092662,0.5134075379599262,0.9448954447913647,1.117601598559065
596,0,4,1,0.5,0.0,0.5701448584904684,0.5134075379599262,0.9448954447913647,1.117601598559065
599,0,4,0,0.0,1.0,0.5490119305018596,0.5134075379599262,0.9448954447913647,1.117601598559065
610,0,4,0,0.25,0.5,0.6474798623984496,0.5134075379599262,0.9448954447913647,1.117601598559065
613,0,4,0,0.0,1.0,0.8306314087996888,0.5134075379599262,0.9448954447913647,1.117601598559065
616,0,4,1,0.75,0.5,0.4869746284468145,0.5134075379599262,0.9448954447913647,1.117601598559065
619,0,4,0,0.25,0.5,0.750192829410629,0.5134075379599262,0.9448954447913647,1.117601598559065
621,0,4,1,0.5,0.0,0.5537787491967403,0.5134075379599262,0.9448954447913647,1.117601598559065
625,0,4,0,0.0,1.0,0.5629709346300525,0.5134075379599262,0.9448954447913647,1.117601598559065
635,0,4,1,0.5,0.0,0.5550291120761374,0.5134075379599262,0.9448954447913647,1.117601598559065
644,0,4,0,0.25,0.5,0.48436897799185447,0.5134075379599262,0.9448954447913647,1.117601598559065
646,0,4,0,0.0,1.0,0.26837326656667165,0.5134075379599262,0.9448954447913647,1.117601598559065
655,0,4,1,0.6666666666666666,0.3333333333333332,0.49255867329117825,0.5134075379599262,0.9448954447913647,1.117601598559065
656,0,4,1,0.6666666666666666,0.3333333333333332,0.7281790514574487,0.5134075379599262,0.9448954447913647,1.117601598559065
662,0,4,0,0.0,1.0,0.44194117376502484,0.5134075379599262,0.9448954447913647,1.117601598559065
663,0,4,0,0.3333333333333333,0.3333333333333333,0.6733418652503689,0.5134075379599262,0.9448954447913647,1.117601598559065
668,0,4,0,0.1666666666666666,0.6666666666666667,0.7195653132080251,0.5134075379599262,0.9448954447913647,1.117601598559065
678,0,4,0,0.3333333333333333,0.3333333333333333,0.5257350893027332,0.5134075379599262,0.9448954447913647,1.117601598559065
679,0,4,0,0.4,0.1999999999999999,0.3705367087987748,0.5134075379599262,0.9448954447913647,1.117601598559065
684,0,4,0,0.0,1.0,0.7889958237358008,0.5134075379599262,0.9448954447913647,1.117601598559065
688,0,4,0,0.1666666666666666,0.6666666666666667,0.39740175230393643,0.5134075379599262,0.9448954447913647,1.117601598559065
700,0,4,1,0.5,0.0,0.6917238257869737,0.5134075379599262,0.9448954447913647,1.117601598559065
701,0,4,0,0.1666666666666666,0.6666666666666667,0.6899956172226843,0.5134075379599262,0.9448954447913647,1.117601598559065
702,0,4,0,0.1666666666666666,0.6666666666666667,0.787522401005331,0.5134075379599262,0.9448954447913647,1.117601598559065
706,0,4,1,0.6666666666666666,0.3333333333333332,0.6082964150452678,0.5134075379599262,0.9448954447913647,1.117601598559065
708,0,4,0,0.0,1.0,0.44824072652517877,0.5134075379599262,0.9448954447913647,1.117601598559065
716,0,4,1,0.6666666666666666,0.3333333333333332,0.4287645189477745,0.5134075379599262,0.9448954447913647,1.117601598559065
722,0,4,0,0.2,0.6,0.32186140333058905,0.5134075379599262,0.9448954447913647,1.117601598559065
724,0,4,0,0.2,0.6,0.31603746209774886,0.5134075379599262,0.9448954447913647,1.117601598559065
726,0,4,0,0.0,1.0,0.4536060755385984,0.5134075379599262,0.9448954447913647,1.117601598559065
734,0,4,0,0.0,1.0,0.2923343755977418,0.5134075379599262,0.9448954447913647,1.117601598559065
740,0,4,0,0.1666666666666666,0.6666666666666667,0.5043786174706371,0.5134075379599262,0.9448954447913647,1.117601598559065
5,1,0,0,0.2,0.6,0.5752237218612596,0.5279572013308866,1.0265669913523952,1.3480561445125832
10,1,0,0,0.0,1.0,0.1826540213862484,0.5279572013308866,1.0265669913523952,1.3480561445125832
12,1,0,0,0.4,0.1999999999999999,0.30186387415459,0.5279572013308866,1.0265669913523952,1.3480561445125832
16,1,0,1,0.6,0.1999999999999999,0.2446340197884573,0.5279572013308866,1.0265669913523952,1.3480561445125832
17,1,0,0,0.4,0.1999999999999999,0.41731478287695584,0.5279572013308866,1.0265669913523952,1.3480561445125832
25,1,0,0,0.2,0.6,0.31879186316308866,0.5279572013308866,1.0265669913523952,1.3480561445125832
26,1,0,1,0.8,0.6000000000000001,0.1915843704544465,0.5279572013308866,1.0265669913523952,1.3480561445125832
30,1,0,0,0.2,0.6,0.30600747489983626,0.5279572013308866,1.0265669913523952,1.3480561445125832
36,1,0,0,0.2,0.6,0.16665589799077626,0.5279572013308866,1.0265669913523952,1.3480561445125832
37,1,0,0,0.2,0.6,0.2064197727953311,0.5279572013308866,1.0265669913523952,1.3480561445125832
46,1,0,0,0.4,0.1999999999999999,0.6744913770580124,0.5279572013308866,1.0265669913523952,1.3480561445125832
56,1,0,0,0.25,0.5,0.20836575155548867,0.5279572013308866,1.0265669913523952,1.3480561445125832
63,1,0,0,0.0,1.0,0.27677727087191517,0.5279572013308866,1.0265669913523952,1.3480561445125832
66,1,0,0,0.0,1.0,0.32819959291445944,0.5279572013308866,1.0265669913523952,1.3480561445125832
72,1,0,0,0.25,0.5,0.14337856635097015,0.5279572013308866,1.0265669913523952,1.3480561445125832
81,1,0,0,0.0,1.0,0.20467838798008123,0.5279572013308866,1.0265669913523952,1.3480561445125832
82,1,0,0,0.25,0.5,0.28837834041679045,0.5279572013308866,1.0265669913523952,1.3480561445125832
91,1,0,0,0.25,0.5,0.36197934128148185,0.5279572013308866,1.0265669913523952,1.3480561445125832
93,1,0,0,0.0,1.0,0.27776332393543307,0.5279572013308866,1.0265669913523952,1.3480561445125832
101,1,0,0,0.3333333333333333,0.3333333333333333,0.2953081676653812,0.5279572013308866,1.0265669913523952,1.3480561445125832
102,1,0,0,0.0,1.0,0.18828523911294817,0.5279572013308866,1.0265669913523952,1.3480561445125832
114,1,0,0,0.1111111111111111,0.7777777777777778,0.32813252019995154,0.5279572013308866,1.0265669913523952,1.3480561445125832
117,1,0,0,0.25,0.5,0.24940629715495766,0.5279572013308866,1.0265669913523952,1.3480561445125832
118,1,0,0,0.0,1.0,0.4055677129036242,0.5279572013308866,1.0265669913523952,1.3480561445125832
122,1,0,0,0.0,1.0,0.25635034851751975,0.5279572013308866,1.0265669913523952,1.3480561445125832
128,1,0,0,0.1111111111111111,0.7777777777777778,0.16153690538835414,0.5279572013308866,1.0265669913523952,1.3480561445125832
141,1,0,0,0.0,1.0,0.2735916945684621,0.5279572013308866,1.0265669913523952,1.3480561445125832
142,1,0,0,0.0,1.0,0.27657411943985116,0.5279572013308866,1.0265669913523952,1.3480561445125832
145,1,0,0,0.4444444444444444,0.1111111111111111,0.18443356172770517,0.5279572013308866,1.0265669913523952,1.3480561445125832
149,1,0,0,0.3333333333333333,0.3333333333333333,0.1438180789306703,0.5279572013308866,1.0265669913523952,1.3480561445125832
150,1,0,0,0.0,1.0,0.37103381687247217,0.5279572013308866,1.0265669913523952,1.3480561445125832
159,1,0,0,0.0,1.0,0.23183375132870787,0.5279572013308866,1.0265669913523952,1.3480561445125832
179,1,0,0,0.25,0.5,0.44466733223198907,0.5279572013308866,1.0265669913523952,1.3480561445125832
180,1,0,0,0.0,1.0,0.27897388909918974,0.5279572013308866,1.0265669913523952,1.3480561445125832
184,1,0,0,0.0,1.0,0.19969053935349873,0.5279572013308866,1.0265669913523952,1.3480561445125832
187,1,0,0,0.0,1.0,0.3186954550601193,0.5279572013308866,1.0265669913523952,1.3480561445125832
195,1,0,0,0.0,1.0,0.4089869109065485,0.5279572013308866,1.0265669913523952,1.3480561445125832
213,1,0,0,0.4,0.1999999999999999,0.33461283340684345,0.5279572013308866,1.0265669913523952,1.3480561445125832
216,1,0,0,0.0,1.0,0.26746603844381844,0.5279572013308866,1.0265669913523952,1.3480561445125832
226,1,0,0,0.0,1.0,0.2626371135731046,0.5279572013308866,1.0265669913523952,1.3480561445125832
227,1,0,1,1.0,1.0,0.3051152320102181,0.5279572013308866,1.0265669913523952,1.3480561445125832
231,1,0,1,0.5,0.0,0.25085551172889586,0.5279572013308866,1.0265669913523952,1.3480561445125832
232,1,0,0,0.25,0.5,0.35421172607854795,0.5279572013308866,1.0265669913523952,1.3480561445125832
235,1,0,0,0.0,1.0,0.2601508734293834,0.5279572013308866,1.0265669913523952,1.3480561445125832
239,1,0,1,0.6,0.1999999999999999,0.3713162984214365,0.5279572013308866,1.0265669913523952,1.3480561445125832
243,1,0,0,0.0,1.0,0.30448916410161675,0.5279572013308866,1.0265669913523952,1.3480561445125832
248,1,0,0,0.4,0.1999999999999999,0.43137656680706354,0.5279572013308866,1.0265669913523952,1.3480561445125832
249,1,0,1,0.6,0.1999999999999999,0.3981718025261437,0.5279572013308866,1.0265669913523952,1.3480561445125832
250,1,0,0,0.4,0.1999999999999999,0.3418641434243997,0.5279572013308866,1.0265669913523952,1.3480561445125832
251,1,0,0,0.25,0.5,0.5171782585752173,0.5279572013308866,1.0265669913523952,1.3480561445125832
257,1,0,0,0.25,0.5,0.17108407805114081,0.5279572013308866,1.0265669913523952,1.3480561445125832
263,1,0,0,0.2,0.6,0.26930592912565704,0.5279572013308866,1.0265669913523952,1.3480561445125832
272,1,0,1,0.5,0.0,0.4356665736951412,0.5279572013308866,1.0265669913523952,1.3480561445125832
273,1,0,1,0.5,0.0,0.37342252988227653,0.5279572013308866,1.0265669913523952,1.3480561445125832
278,1,0,0,0.25,0.5,0.22922887358806066,0.5279572013308866,1.0265669913523952,1.3480561445125832
285,1,0,0,0.4,0.1999999999999999,0.2617190180481862,0.5279572013308866,1.0265669913523952,1.3480561445125832
287,1,0,0,0.25,0.5,0.2799702326714222,0.5279572013308866,1.0265669913523952,1.3480561445125832
288,1,0,1,0.75,0.5,0.2040235426984444,0.5279572013308866,1.0265669913523952,1.3480561445125832
297,1,0,0,0.0,1.0,0.21732403578537363,0.5279572013308866,1.0265669913523952,1.3480561445125832
299,1,0,1,0.8,0.6000000000000001,0.16342910595124824,0.5279572013308866,1.0265669913523952,1.3480561445125832
314,1,0,0,0.0,1.0,0.5061388473049181,0.5279572013308866,1.0265669913523952,1.3480561445125832
317,1,0,0,0.4,0.1999999999999999,0.32772717209093105,0.5279572013308866,1.0265669913523952,1.3480561445125832
320,1,0,0,0.0,1.0,0.38220643143421723,0.5279572013308866,1.0265669913523952,1.3480561445125832
333,1,0,0,0.0,1.0,0.26172030043557837,0.5279572013308866,1.0265669913523952,1.3480561445125832
335,1,0,1,0.5,0.0,0.31830747021321787,0.5279572013308866,1.0265669913523952,1.3480561445125832
339,1,0,0,0.0,1.0,0.3185096515258423,0.5279572013308866,1.0265669913523952,1.3480561445125832
341,1,0,1,0.6,0.1999999999999999,0.7242834931051475,0.5279572013308866,1.0265669913523952,1.3480561445125832
343,1,0,1,0.8,0.6000000000000001,0.5705886997411079,0.5279572013308866,1.0265669913523952,1.3480561445125832
347,1,0,0,0.4,0.1999999999999999,0.5078870024231508,0.5279572013308866,1.0265669913523952,1.3480561445125832
350,1,0,0,0.0,1.0,0.306836903805247,0.5279572013308866,1.0265669913523952,1.3480561445125832
352,1,0,0,0.25,0.5,0.3928467887175257,0.5279572013308866,1.0265669913523952,1.3480561445125832
357,1,0,1,0.5,0.0,0.22817121874874202,0.5279572013308866,1.0265669913523952,1.3480561445125832
358,1,0,0,0.25,0.5,0.717725291304357,0.5279572013308866,1.0265669913523952,1.3480561445125832
369,1,0,0,0.0,1.0,0.24738371738227297,0.5279572013308866,1.0265669913523952,1.3480561445125832
373,1,0,0,0.0,1.0,0.457301994675399,0.5279572013308866,1.0265669913523952,1.3480561445125832
380,1,0,1,0.75,0.5,0.8023394087847083,0.5279572013308866,1.0265669913523952,1.3480561445125832
386,1,0,0,0.25,0.5,0.6104969915030767,0.5279572013308866,1.0265669913523952,1.3480561445125832
388,1,0,1,0.5,0.0,0.6319229399729683,0.5279572013308866,1.0265669913523952,1.3480561445125832
389,1,0,0,0.25,0.5,0.8149180747906395,0.5279572013308866,1.0265669913523952,1.3480561445125832
390,1,0,1,0.75,0.5,0.700067996979446,0.5279572013308866,1.0265669913523952,1.3480561445125832
393,1,0,0,0.25,0.5,0.48337363289280655,0.5279572013308866,1.0265669913523952,1.3480561445125832
396,1,0,1,0.75,0.5,0.7287514884321314,0.5279572013308866,1.0265669913523952,1.3480561445125832
401,1,0,0,0.2,0.6,0.7122665293580477,0.5279572013308866,1.0265669913523952,1.3480561445125832
402,1,0,1,0.6,0.1999999999999999,0.4027452590511621,0.5279572013308866,1.0265669913523952,1.3480561445125832
406,1,0,1,0.6,0.1999999999999999,0.5023553590036955,0.5279572013308866,1.0265669913523952,1.3480561445125832
420,1,0,0,0.0,1.0,0.4492278547365908,0.5279572013308866,1.0265669913523952,1.3480561445125832
425,1,0,0,0.0,1.0,0.46913691778476796,0.5279572013308866,1.0265669913523952,1.3480561445125832
428,1,0,1,0.6,0.1999999999999999,0.5322545178570113,0.5279572013308866,1.0265669913523952,1.3480561445125832
433,1,0,0,0.0,1.0,0.340973072966668,0.5279572013308866,1.0265669913523952,1.3480561445125832
444,1,0,0,0.2,0.6,0.7648334577017728,0.5279572013308866,1.0265669913523952,1.3480561445125832
450,1,0,0,0.2,0.6,0.3970471211193716,0.5279572013308866,1.0265669913523952,1.3480561445125832
454,1,0,0,0.0,1.0,0.5680892013044143,0.5279572013308866,1.0265669913523952,1.3480561445125832
455,1,0,0,0.0,1.0,0.24108891844161387,0.5279572013308866,1.0265669913523952,1.3480561445125832
457,1,0,1,0.5,0.0,0.7215701809728066,0.5279572013308866,1.0265669913523952,1.3480561445125832
462,1,0,1,0.5,0.0,0.8367579516623368,0.5279572013308866,1.0265669913523952,1.3480561445125832
475,1,0,0,0.25,0.5,0.5105309023923162,0.5279572013308866,1.0265669913523952,1.3480561445125832
479,1,0,0,0.0,1.0,0.6599874308529124,0.5279572013308866,1.0265669913523952,1.3480561445125832
482,1,0,0,0.0,1.0,0.16297425974844054,0.5279572013308866,1.0265669913523952,1.3480561445125832
489,1,0,0,0.0,1.0,0.7764429969183085,0.5279572013308866,1.0265669913523952,1.3480561445125832
507,1,0,1,1.0,1.0,0.7131986332890247,0.5279572013308866,1.0265669913523952,1.3480561445125832
511,1,0,1,0.5,0.0,0.44431895409259364,0.5279572013308866,1.0265669913523952,1.3480561445125832
515,1,0,0,0.25,0.5,0.5695360560517612,0.5279572013308866,1.0265669913523952,1.3480561445125832
525,1,0,0,0.2,0.6,0.15583283453764576,0.5279572013308866,1.0265669913523952,1.3480561445125832
531,1,0,1,0.75,0.5,0.6072014537155468,0.5279572013308866,1.0265669913523952,1.3480561445125832
537,1,0,0,0.25,0.5,0.5013268379274752,0.5279572013308866,1.0265669913523952,1.3480561445125832
538,1,0,0,0.0,1.0,0.8206070868135055,0.5279572013308866,1.0265669913523952,1.3480561445125832
540,1,0,0,0.25,0.5,0.810268800373959,0.5279572013308866,1.0265669913523952,1.3480561445125832
549,1,0,0,0.0,1.0,0.25026978170688613,0.5279572013308866,1.0265669913523952,1.3480561445125832
551,1,0,1,0.6666666666666666,0.3333333333333332,0.6014626852761391,0.5279572013308866,1.0265669913523952,1.3480561445125832
553,1,0,0,0.0,1.0,0.4624859485205462,0.5279572013308866,1.0265669913523952,1.3480561445125832
559,1,0,1,0.6666666666666666,0.3333333333333332,0.37720455317378493,0.5279572013308866,1.0265669913523952,1.3480561445125832
560,1,0,0,0.1666666666666666,0.6666666666666667,0.6132612723126648,0.5279572013308866,1.0265669913523952,1.3480561445125832
563,1,0,0,0.0,1.0,0.7880870604530189,0.5279572013308866,1.0265669913523952,1.3480561445125832
577,1,0,0,0.1666666666666666,0.6666666666666667,0.6763101666845233,0.5279572013308866,1.0265669913523952,1.3480561445125832
579,1,0,0,0.3333333333333333,0.3333333333333333,0.5264461352267759,0.5279572013308866,1.0265669913523952,1.3480561445125832
580,1,0,0,0.3333333333333333,0.3333333333333333,0.5443523426517654,0.5279572013308866,1.0265669913523952,1.3480561445125832
584,1,0,1,0.6666666666666666,0.3333333333333332,0.8743841075093002,0.5279572013308866,1.0265669913523952,1.3480561445125832
589,1,0,0,0.3333333333333333,0.3333333333333333,0.7585973089390591,0.5279572013308866,1.0265669913523952,1.3480561445125832
593,1,0,1,0.5,0.0,0.5847972116131801,0.5279572013308866,1.0265669913523952,1.3480561445125832
602,1,0,0,0.25,0.5,0.7049598715134021,0.5279572013308866,1.0265669913523952,1.3480561445125832
604,1,0,1,0.75,0.5,0.6339175163194235,0.5279572013308866,1.0265669913523952,1.3480561445125832
607,1,0,0,0.0,1.0,0.7204569428099168,0.5279572013308866,1.0265669913523952,1.3480561445125832
611,1,0,1,0.75,0.5,0.628410676596594,0.5279572013308866,1.0265669913523952,1.3480561445125832
616,1,0,1,0.75,0.5,0.533313586700313,0.5279572013308866,1.0265669913523952,1.3480561445125832
618,1,0,0,0.0,1.0,0.48217499631067723,0.5279572013308866,1.0265669913523952,1.3480561445125832
626,1,0,1,0.5,0.0,0.6380814581529196,0.5279572013308866,1.0265669913523952,1.3480561445125832
630,1,0,1,0.5,0.0,0.7670482441015927,0.5279572013308866,1.0265669913523952,1.3480561445125832
632,1,0,1,0.5,0.0,0.6130222311825112,0.5279572013308866,1.0265669913523952,1.3480561445125832
635,1,0,1,0.5,0.0,0.5615034708918873,0.5279572013308866,1.0265669913523952,1.3480561445125832
639,1,0,0,0.0,1.0,0.710851600244537,0.5279572013308866,1.0265669913523952,1.3480561445125832
641,1,0,0,0.0,1.0,0.64982649507592,0.5279572013308866,1.0265669913523952,1.3480561445125832
646,1,0,0,0.0,1.0,0.1950656383550342,0.5279572013308866,1.0265669913523952,1.3480561445125832
648,1,0,1,0.5,0.0,0.5375315669243799,0.5279572013308866,1.0265669913523952,1.3480561445125832
660,1,0,0,0.1666666666666666,0.6666666666666667,0.5488528807035322,0.5279572013308866,1.0265669913523952,1.3480561445125832
674,1,0,0,0.3333333333333333,0.3333333333333333,0.39634031471197495,0.5279572013308866,1.0265669913523952,1.3480561445125832
684,1,0,0,0.0,1.0,0.7922658309175831,0.5279572013308866,1.0265669913523952,1.3480561445125832
696,1,0,0,0.1666666666666666,0.6666666666666667,0.5534534074524674,0.5279572013308866,1.0265669913523952,1.3480561445125832
697,1,0,1,0.5,0.0,0.6828173456157292,0.5279572013308866,1.0265669913523952,1.3480561445125832
698,1,0,1,0.5,0.0,0.7974294256220972,0.5279572013308866,1.0265669913523952,1.3480561445125832
703,1,0,0,0.0,1.0,0.732837366275208,0.5279572013308866,1.0265669913523952,1.3480561445125832
707,1,0,1,0.5,0.0,0.3954907865715114,0.5279572013308866,1.0265669913523952,1.3480561445125832
710,1,0,0,0.0,1.0,0.26818447164503173,0.5279572013308866,1.0265669913523952,1.3480561445125832
716,1,0,1,0.6666666666666666,0.3333333333333332,0.426947630699632,0.5279572013308866,1.0265669913523952,1.3480561445125832
718,1,0,0,0.1666666666666666,0.6666666666666667,0.3617213379933427,0.5279572013308866,1.0265669913523952,1.3480561445125832
728,1,0,0,0.2,0.6,0.28353472278249964,0.5279572013308866,1.0265669913523952,1.3480561445125832
734,1,0,0,0.0,1.0,0.22868775705029562,0.5279572013308866,1.0265669913523952,1.3480561445125832
735,1,0,0,0.0,1.0,0.2863709932482672,0.5279572013308866,1.0265669913523952,1.3480561445125832
6,1,1,0,0.2,0.6,0.20321801375678258,0.5334067133746276,0.5720976168547466,1.047483170566169
8,1,1,0,0.0,1.0,0.2597325796739958,0.5334067133746276,0.5720976168547466,1.047483170566169
9,1,1,0,0.0,1.0,0.33115119467034687,0.5334067133746276,0.5720976168547466,1.047483170566169
13,1,1,0,0.2,0.6,0.3066543890719586,0.5334067133746276,0.5720976168547466,1.047483170566169
14,1,1,0,0.2,0.6,0.3624697185804976,0.5334067133746276,0.5720976168547466,1.047483170566169
21,1,1,0,0.2,0.6,0.43379965645093754,0.5334067133746276,0.5720976168547466,1.047483170566169
22,1,1,0,0.2,0.6,0.38181805068069424,0.5334067133746276,0.5720976168547466,1.047483170566169
29,1,1,0,0.2,0.6,0.4249990700082142,0.5334067133746276,0.5720976168547466,1.047483170566169
32,1,1,0,0.2,0.6,0.32272489599477366,0.5334067133746276,0.5720976168547466,1.047483170566169
33,1,1,0,0.4,0.1999999999999999,0.3491260818245581,0.5334067133746276,0.5720976168547466,1.047483170566169
34,1,1,0,0.1666666666666666,0.6666666666666667,0.5526298149964036,0.5334067133746276,0.5720976168547466,1.047483170566169
41,1,1,0,0.2,0.6,0.23879209292205147,0.5334067133746276,0.5720976168547466,1.047483170566169
49,1,1,0,0.3333333333333333,0.3333333333333333,0.40916048311248904,0.5334067133746276,0.5720976168547466,1.047483170566169
50,1,1,1,0.8,0.6000000000000001,0.40253157570460396,0.5334067133746276,0.5720976168547466,1.047483170566169
51,1,1,0,0.25,0.5,0.3117384230430688,0.5334067133746276,0.5720976168547466,1.047483170566169
70,1,1,0,0.0,1.0,0.4259251134112057,0.5334067133746276,0.5720976168547466,1.047483170566169
71,1,1,0,0.0,1.0,0.2677500467771647,0.5334067133746276,0.5720976168547466,1.047483170566169
79,1,1,0,0.25,0.5,0.3151088262070457,0.5334067133746276,0.5720976168547466,1.047483170566169
85,1,1,0,0.25,0.5,0.43034146879220864,0.5334067133746276,0.5720976168547466,1.047483170566169
86,1,1,0,0.0,1.0,0.27360119986255277,0.5334067133746276,0.5720976168547466,1.047483170566169
88,1,1,1,0.5,0.0,0.265472013337622,0.5334067133746276,0.5720976168547466,1.047483170566169
89,1,1,0,0.25,0.5,0.3740174214030398,0.5334067133746276,0.5720976168547466,1.047483170566169
94,1,1,0,0.25,0.5,0.23839533302961752,0.5334067133746276,0.5720976168547466,1.047483170566169
95,1,1,0,0.25,0.5,0.2738391148660386,0.5334067133746276,0.5720976168547466,1.047483170566169
108,1,1,0,0.25,0.5,0.3570030441570029,0.5334067133746276,0.5720976168547466,1.047483170566169
109,1,1,0,0.1111111111111111,0.7777777777777778,0.33188964063186505,0.5334067133746276,0.5720976168547466,1.047483170566169
115,1,1,0,0.0,1.0,0.2246316598284056,0.5334067133746276,0.5720976168547466,1.047483170566169
127,1,1,1,0.6666666666666666,0.3333333333333332,0.40952382708303253,0.5334067133746276,0.5720976168547466,1.047483170566169
129,1,1,0,0.2,0.6,0.4624537920881828,0.5334067133746276,0.5720976168547466,1.047483170566169
138,1,1,1,0.5555555555555556,0.1111111111111111,0.37975954411899726,0.5334067133746276,0.5720976168547466,1.047483170566169
139,1,1,0,0.0,1.0,0.4164998596678601,0.5334067133746276,0.5720976168547466,1.047483170566169
140,1,1,0,0.2222222222222222,0.5555555555555556,0.44352557626077654,0.5334067133746276,0.5720976168547466,1.047483170566169
156,1,1,0,0.25,0.5,0.21123550563668672,0.5334067133746276,0.5720976168547466,1.047483170566169
160,1,1,0,0.1666666666666666,0.6666666666666667,0.3287975469546102,0.5334067133746276,0.5720976168547466,1.047483170566169
161,1,1,0,0.0,1.0,0.492984246747456,0.5334067133746276,0.5720976168547466,1.047483170566169
166,1,1,0,0.25,0.5,0.2638139968943081,0.5334067133746276,0.5720976168547466,1.047483170566169
175,1,1,0,0.0,1.0,0.23418942208779261,0.5334067133746276,0.5720976168547466,1.047483170566169
188,1,1,0,0.0,1.0,0.5881890057710383,0.5334067133746276,0.5720976168547466,1.047483170566169
193,1,1,0,0.25,0.5,0.4586290120056464,0.5334067133746276,0.5720976168547466,1.047483170566169
194,1,1,0,0.0,1.0,0.35357251221275804,0.5334067133746276,0.5720976168547466,1.047483170566169
196,1,1,1,0.5,0.0,0.3947456822864179,0.5334067133746276,0.5720976168547466,1.047483170566169
198,1,1,0,0.0,1.0,0.4342639866703815,0.5334067133746276,0.5720976168547466,1.047483170566169
200,1,1,0,0.2,0.6,0.37041101117901765,0.5334067133746276,0.5720976168547466,1.047483170566169
205,1,1,0,0.2,0.6,0.3379380903065294,0.5334067133746276,0.5720976168547466,1.047483170566169
209,1,1,0,0.2,0.6,0.4415896095031217,0.5334067133746276,0.5720976168547466,1.047483170566169
210,1,1,0,0.4,0.1999999999999999,0.6105775246843834,0.5334067133746276,0.5720976168547466,1.047483170566169
212,1,1,0,0.2,0.6,0.2460744498772965,0.5334067133746276,0.5720976168547466,1.047483170566169
222,1,1,0,0.2,0.6,0.5007490817291649,0.5334067133746276,0.5720976168547466,1.047483170566169
225,1,1,0,0.2,0.6,0.29048774124899895,0.5334067133746276,0.5720976168547466,1.047483170566169
230,1,1,0,0.2,0.6,0.27179388781643543,0.5334067133746276,0.5720976168547466,1.047483170566169
234,1,1,0,0.25,0.5,0.5345722103924685,0.5334067133746276,0.5720976168547466,1.047483170566169
237,1,1,0,0.4,0.1999999999999999,0.371098377990696,0.5334067133746276,0.5720976168547466,1.047483170566169
241,1,1,1,0.6,0.1999999999999999,0.3617981394282291,0.5334067133746276,0.5720976168547466,1.047483170566169
247,1,1,0,0.2,0.6,0.4691048875008701,0.5334067133746276,0.5720976168547466,1.047483170566169
262,1,1,1,0.5,0.0,0.3615767385988495,0.5334067133746276,0.5720976168547466,1.047483170566169
264,1,1,0,0.25,0.5,0.3600061528386854,0.5334067133746276,0.5720976168547466,1.047483170566169
267,1,1,0,0.0,1.0,0.4460196669495568,0.5334067133746276,0.5720976168547466,1.047483170566169
271,1,1,0,0.0,1.0,0.35159712425991896,0.5334067133746276,0.5720976168547466,1.047483170566169
275,1,1,1,0.5,0.0,0.4476784596548584,0.5334067133746276,0.5720976168547466,1.047483170566169
277,1,1,1,0.5,0.0,0.46493584289359774,0.5334067133746276,0.5720976168547466,1.047483170566169
280,1,1,0,0.25,0.5,0.3984032550941665,0.5334067133746276,0.5720976168547466,1.047483170566169
284,1,1,1,0.5,0.0,0.3702810780767721,0.5334067133746276,0.5720976168547466,1.047483170566169
292,1,1,0,0.25,0.5,0.5144513554615764,0.5334067133746276,0.5720976168547466,1.047483170566169
293,1,1,1,0.5,0.0,0.47620904333365405,0.5334067133746276,0.5720976168547466,1.047483170566169
304,1,1,1,0.8,0.6000000000000001,0.36934358895721603,0.5334067133746276,0.5720976168547466,1.047483170566169
312,1,1,0,0.0,1.0,0.3331342537972002,0.5334067133746276,0.5720976168547466,1.047483170566169
324,1,1,0,0.2,0.6,0.6087470026627185,0.5334067133746276,0.5720976168547466,1.047483170566169
332,1,1,0,0.0,1.0,0.3766962220171393,0.5334067133746276,0.5720976168547466,1.047483170566169
342,1,1,0,0.2,0.6,0.33389082889283805,0.5334067133746276,0.5720976168547466,1.047483170566169
346,1,1,1,0.6,0.1999999999999999,0.7853022985195045,0.5334067133746276,0.5720976168547466,1.047483170566169
351,1,1,0,0.0,1.0,0.4672383817002844,0.5334067133746276,0.5720976168547466,1.047483170566169
353,1,1,0,0.0,1.0,0.6065264667209053,0.5334067133746276,0.5720976168547466,1.047483170566169
355,1,1,0,0.25,0.5,0.4918388324400254,0.5334067133746276,0.5720976168547466,1.047483170566169
356,1,1,0,0.25,0.5,0.4710725505269764,0.5334067133746276,0.5720976168547466,1.047483170566169
360,1,1,0,0.25,0.5,0.5538219770806921,0.5334067133746276,0.5720976168547466,1.047483170566169
375,1,1,1,0.5,0.0,0.7583275097061613,0.5334067133746276,0.5720976168547466,1.047483170566169
378,1,1,1,0.5,0.0,0.5011726772398408,0.5334067133746276,0.5720976168547466,1.047483170566169
385,1,1,1,0.5,0.0,0.38406878613887113,0.5334067133746276,0.5720976168547466,1.047483170566169
387,1,1,0,0.0,1.0,0.3715367643161632,0.5334067133746276,0.5720976168547466,1.047483170566169
399,1,1,0,0.25,0.5,0.45576206078992526,0.5334067133746276,0.5720976168547466,1.047483170566169
405,1,1,0,0.0,1.0,0.6897690339694611,0.5334067133746276,0.5720976168547466,1.047483170566169
407,1,1,0,0.2,0.6,0.7680357367958668,0.5334067133746276,0.5720976168547466,1.047483170566169
408,1,1,0,0.4,0.1999999999999999,0.7140964726873996,0.5334067133746276,0.5720976168547466,1.047483170566169
412,1,1,1,1.0,1.0,0.8009753281781841,0.5334067133746276,0.5720976168547466,1.047483170566169
414,1,1,1,0.6,0.1999999999999999,0.7852280668880682,0.5334067133746276,0.5720976168547466,1.047483170566169
423,1,1,0,0.0,1.0,0.6649956306911375,0.5334067133746276,0.5720976168547466,1.047483170566169
431,1,1,0,0.4,0.1999999999999999,0.5590285200473148,0.5334067133746276,0.5720976168547466,1.047483170566169
439,1,1,0,0.2,0.6,0.5104168399957608,0.5334067133746276,0.5720976168547466,1.047483170566169
445,1,1,0,0.0,1.0,0.6520621609881821,0.5334067133746276,0.5720976168547466,1.047483170566169
449,1,1,0,0.4,0.1999999999999999,0.367217553858557,0.5334067133746276,0.5720976168547466,1.047483170566169
460,1,1,0,0.0,1.0,0.5532471761474218,0.5334067133746276,0.5720976168547466,1.047483170566169
468,1,1,0,0.25,0.5,0.7071511713150951,0.5334067133746276,0.5720976168547466,1.047483170566169
470,1,1,0,0.0,1.0,0.7833275329887884,0.5334067133746276,0.5720976168547466,1.047483170566169
476,1,1,0,0.0,1.0,0.7137291532951702,0.5334067133746276,0.5720976168547466,1.047483170566169
477,1,1,0,0.0,1.0,0.41662863686611684,0.5334067133746276,0.5720976168547466,1.047483170566169
478,1,1,0,0.0,1.0,0.29474476277136163,0.5334067133746276,0.5720976168547466,1.047483170566169
480,1,1,1,0.5,0.0,0.748809120296771,0.5334067133746276,0.5720976168547466,1.047483170566169
483,1,1,0,0.25,0.5,0.709486635086176,0.5334067133746276,0.5720976168547466,1.047483170566169
485,1,1,1,0.5,0.0,0.48332858581455834,0.5334067133746276,0.5720976168547466,1.047483170566169
488,1,1,1,0.5,0.0,0.6718893410439154,0.5334067133746276,0.5720976168547466,1.047483170566169
490,1,1,0,0.25,0.5,0.45466125519983946,0.5334067133746276,0.5720976168547466,1.047483170566169
493,1,1,0,0.0,1.0,0.5218004190666276,0.5334067133746276,0.5720976168547466,1.047483170566169
494,1,1,1,0.8,0.6000000000000001,0.5454516064290096,0.5334067133746276,0.5720976168547466,1.047483170566169
497,1,1,0,0.0,1.0,0.3348104668728123,0.5334067133746276,0.5720976168547466,1.047483170566169
505,1,1,1,0.5,0.0,0.7333104406760053,0.5334067133746276,0.5720976168547466,1.047483170566169
506,1,1,1,0.75,0.5,0.7408746667781667,0.5334067133746276,0.5720976168547466,1.047483170566169
510,1,1,1,0.5,0.0,0.6663194219181892,0.5334067133746276,0.5720976168547466,1.047483170566169
513,1,1,0,0.0,1.0,0.6372496738918016,0.5334067133746276,0.5720976168547466,1.047483170566169
518,1,1,0,0.25,0.5,0.6529852349148776,0.5334067133746276,0.5720976168547466,1.047483170566169
519,1,1,0,0.0,1.0,0.5062842524476832,0.5334067133746276,0.5720976168547466,1.047483170566169
524,1,1,0,0.0,1.0,0.6423499437480589,0.5334067133746276,0.5720976168547466,1.047483170566169
527,1,1,0,0.25,0.5,0.6233271074118814,0.5334067133746276,0.5720976168547466,1.047483170566169
528,1,1,0,0.0,1.0,0.33621009422970394,0.5334067133746276,0.5720976168547466,1.047483170566169
533,1,1,0,0.0,1.0,0.3253093541894453,0.5334067133746276,0.5720976168547466,1.047483170566169
536,1,1,0,0.3333333333333333,0.3333333333333333,0.6176250410228868,0.5334067133746276,0.5720976168547466,1.047483170566169
541,1,1,1,0.5,0.0,0.7986794503349347,0.5334067133746276,0.5720976168547466,1.047483170566169
542,1,1,0,0.25,0.5,0.5112650590808646,0.5334067133746276,0.5720976168547466,1.047483170566169
544,1,1,1,0.5,0.0,0.6589201735468532,0.5334067133746276,0.5720976168547466,1.047483170566169
554,1,1,1,0.5,0.0,0.6604248978442228,0.5334067133746276,0.5720976168547466,1.047483170566169
556,1,1,0,0.1666666666666666,0.6666666666666667,0.48841539515064986,0.5334067133746276,0.5720976168547466,1.047483170566169
564,1,1,1,0.5,0.0,0.7624460916219874,0.5334067133746276,0.5720976168547466,1.047483170566169
576,1,1,1,0.5,0.0,0.6292067672506686,0.5334067133746276,0.5720976168547466,1.047483170566169
581,1,1,0,0.3333333333333333,0.3333333333333333,0.651571645950037,0.5334067133746276,0.5720976168547466,1.047483170566169
585,1,1,1,0.5,0.0,0.6925205649998551,0.5334067133746276,0.5720976168547466,1.047483170566169
591,1,1,1,0.5,0.0,0.7094368247339853,0.5334067133746276,0.5720976168547466,1.047483170566169
592,1,1,1,0.6,0.1999999999999999,0.8051865185383795,0.5334067133746276,0.5720976168547466,1.047483170566169
598,1,1,0,0.3333333333333333,0.3333333333333333,0.6471559324290069,0.5334067133746276,0.5720976168547466,1.047483170566169
620,1,1,1,0.75,0.5,0.7030891344577167,0.5334067133746276,0.5720976168547466,1.047483170566169
622,1,1,1,0.75,0.5,0.48174428677992687,0.5334067133746276,0.5720976168547466,1.047483170566169
628,1,1,0,0.0,1.0,0.4409498882408392,0.5334067133746276,0.5720976168547466,1.047483170566169
637,1,1,1,0.5,0.0,0.6935271678452004,0.5334067133746276,0.5720976168547466,1.047483170566169
645,1,1,1,0.75,0.5,0.6370101205778116,0.5334067133746276,0.5720976168547466,1.047483170566169
647,1,1,1,0.5,0.0,0.6640901642581346,0.5334067133746276,0.5720976168547466,1.047483170566169
658,1,1,0,0.1666666666666666,0.6666666666666667,0.5617827428264155,0.5334067133746276,0.5720976168547466,1.047483170566169
659,1,1,1,0.6666666666666666,0.3333333333333332,0.5966651997786845,0.5334067133746276,0.5720976168547466,1.047483170566169
668,1,1,0,0.1666666666666666,0.6666666666666667,0.6671516443681303,0.5334067133746276,0.5720976168547466,1.047483170566169
670,1,1,1,0.5,0.0,0.5796212625784595,0.5334067133746276,0.5720976168547466,1.047483170566169
679,1,1,0,0.4,0.1999999999999999,0.31465730143829246,0.5334067133746276,0.5720976168547466,1.047483170566169
686,1,1,0,0.0,1.0,0.6830091332807917,0.5334067133746276,0.5720976168547466,1.047483170566169
692,1,1,0,0.0,1.0,0.3921854079296554,0.5334067133746276,0.5720976168547466,1.047483170566169
693,1,1,1,0.5,0.0,0.8774653061065814,0.5334067133746276,0.5720976168547466,1.047483170566169
695,1,1,0,0.3333333333333333,0.3333333333333333,0.6833092819023867,0.5334067133746276,0.5720976168547466,1.047483170566169
699,1,1,0,0.1666666666666666,0.6666666666666667,0.6820650154567202,0.5334067133746276,0.5720976168547466,1.047483170566169
704,1,1,0,0.3333333333333333,0.3333333333333333,0.34696393655164864,0.5334067133746276,0.5720976168547466,1.047483170566169
706,1,1,1,0.6666666666666666,0.3333333333333332,0.5794373402703885,0.5334067133746276,0.5720976168547466,1.047483170566169
712,1,1,0,0.1666666666666666,0.6666666666666667,0.4087380964163811,0.5334067133746276,0.5720976168547466,1.047483170566169
729,1,1,0,0.4,0.1999999999999999,0.4974689781091413,0.5334067133746276,0.5720976168547466,1.047483170566169
1,1,2,0,0.3333333333333333,0.3333333333333333,0.45695012297430926,0.4999834038171977,0.37470734337499184,1.238430387048627
3,1,2,0,0.0,1.0,0.39231000627597407,0.4999834038171977,0.37470734337499184,1.238430387048627
11,1,2,1,0.6,0.1999999999999999,0.27649655686718455,0.4999834038171977,0.37470734337499184,1.238430387048627
18,1,2,1,0.6,0.1999999999999999,0.34814811405370205,0.4999834038171977,0.37470734337499184,1.238430387048627
20,1,2,0,0.25,0.5,0.21834046840918764,0.4999834038171977,0.37470734337499184,1.238430387048627
28,1,2,0,0.2,0.6,0.4337781759887607,0.4999834038171977,0.37470734337499184,1.238430387048627
31,1,2,0,0.1666666666666666,0.6666666666666667,0.20817488611535956,0.4999834038171977,0.37470734337499184,1.238430387048627
43,1,2,0,0.2,0.6,0.4073628319537684,0.4999834038171977,0.37470734337499184,1.238430387048627
44,1,2,0,0.0,1.0,0.27204821216467473,0.4999834038171977,0.37470734337499184,1.238430387048627
60,1,2,0,0.0,1.0,0.3711345849513267,0.4999834038171977,0.37470734337499184,1.238430387048627
64,1,2,0,0.3333333333333333,0.3333333333333333,0.1570775449191251,0.4999834038171977,0.37470734337499184,1.238430387048627
67,1,2,0,0.0,1.0,0.18271756952501989,0.4999834038171977,0.37470734337499184,1.238430387048627
75,1,2,0,0.0,1.0,0.2656173368096056,0.4999834038171977,0.37470734337499184,1.238430387048627
90,1,2,1,0.5,0.0,0.1834822841613758,0.4999834038171977,0.37470734337499184,1.238430387048627
96,1,2,0,0.0,1.0,0.32323109016128465,0.4999834038171977,0.37470734337499184,1.238430387048627
98,1,2,0,0.3333333333333333,0.3333333333333333,0.3502095938427994,0.4999834038171977,0.37470734337499184,1.238430387048627
99,1,2,0,0.0,1.0,0.16822634331502806,0.4999834038171977,0.37470734337499184,1.238430387048627
106,1,2,1,1.0,1.0,0.36236941586929783,0.4999834038171977,0.37470734337499184,1.238430387048627
113,1,2,0,0.1111111111111111,0.7777777777777778,0.2761114007244357,0.4999834038171977,0.37470734337499184,1.238430387048627
120,1,2,0,0.0,1.0,0.3217954408832188,0.4999834038171977,0.37470734337499184,1.238430387048627
121,1,2,0,0.1111111111111111,0.7777777777777778,0.32680477253052076,0.4999834038171977,0.37470734337499184,1.238430387048627
123,1,2,0,0.0,1.0,0.17036538239424032,0.4999834038171977,0.37470734337499184,1.238430387048627
124,1,2,0,0.0,1.0,0.37578363715078505,0.4999834038171977,0.37470734337499184,1.238430387048627
130,1,2,0,0.1111111111111111,0.7777777777777778,0.2856429288442159,0.4999834038171977,0.37470734337499184,1.238430387048627
133,1,2,1,0.8888888888888888,0.7777777777777777,0.33317248467635147,0.4999834038171977,0.37470734337499184,1.238430387048627
144,1,2,0,0.0,1.0,0.30647012655866696,0.4999834038171977,0.37470734337499184,1.238430387048627
151,1,2,0,0.0,1.0,0.4035921745807806,0.4999834038171977,0.37470734337499184,1.238430387048627
154,1,2,0,0.25,0.5,0.3224787519630994,0.4999834038171977,0.37470734337499184,1.238430387048627
158,1,2,0,0.0,1.0,0.1995189989839302,0.4999834038171977,0.37470734337499184,1.238430387048627
163,1,2,0,0.25,0.5,0.3544392724424752,0.4999834038171977,0.37470734337499184,1.238430387048627
168,1,2,0,0.25,0.5,0.49886810084075955,0.4999834038171977,0.37470734337499184,1.238430387048627
170,1,2,0,0.1666666666666666,0.6666666666666667,0.455418104428658,0.4999834038171977,0.37470734337499184,1.238430387048627
171,1,2,0,0.25,0.5,0.2967226837115651,0.4999834038171977,0.37470734337499184,1.238430387048627
173,1,2,0,0.25,0.5,0.2100418735034372,0.4999834038171977,0.37470734337499184,1.238430387048627
176,1,2,0,0.0,1.0,0.34556038413238976,0.4999834038171977,0.37470734337499184,1.238430387048627
181,1,2,1,0.5,0.0,0.2584493452712873,0.4999834038171977,0.37470734337499184,1.238430387048627
182,1,2,0,0.0,1.0,0.46294705485268606,0.4999834038171977,0.37470734337499184,1.238430387048627
191,1,2,0,0.0,1.0,0.29489558021675055,0.4999834038171977,0.37470734337499184,1.238430387048627
192,1,2,0,0.0,1.0,0.27924915497874214,0.4999834038171977,0.37470734337499184,1.238430387048627
197,1,2,0,0.0,1.0,0.6333211499658256,0.4999834038171977,0.37470734337499184,1.238430387048627
199,1,2,0,0.25,0.5,0.34482664074176483,0.4999834038171977,0.37470734337499184,1.238430387048627
201,1,2,0,0.25,0.5,0.24049670227836265,0.4999834038171977,0.37470734337499184,1.238430387048627
204,1,2,0,0.4,0.1999999999999999,0.5095122154718813,0.4999834038171977,0.37470734337499184,1.238430387048627
217,1,2,0,0.0,1.0,0.2988423757772826,0.4999834038171977,0.37470734337499184,1.238430387048627
223,1,2,0,0.2,0.6,0.31608594383368643,0.4999834038171977,0.37470734337499184,1.238430387048627
233,1,2,0,0.0,1.0,0.285358521029368,0.4999834038171977,0.37470734337499184,1.238430387048627
236,1,2,0,0.0,1.0,0.3031989777590008,0.4999834038171977,0.37470734337499184,1.238430387048627
240,1,2,0,0.2,0.6,0.32488526463016454,0.4999834038171977,0.37470734337499184,1.238430387048627
245,1,2,0,0.0,1.0,0.4620213286110202,0.4999834038171977,0.37470734337499184,1.238430387048627
258,1,2,0,0.0,1.0,0.4104687154713006,0.4999834038171977,0.37470734337499184,1.238430387048627
259,1,2,0,0.0,1.0,0.5234257595230634,0.4999834038171977,0.37470734337499184,1.238430387048627
260,1,2,0,0.25,0.5,0.302106225938708,0.4999834038171977,0.37470734337499184,1.238430387048627
270,1,2,0,0.0,1.0,0.3496708474269198,0.4999834038171977,0.37470734337499184,1.238430387048627
274,1,2,1,0.5,0.0,0.7708171830625965,0.4999834038171977,0.37470734337499184,1.238430387048627
276,1,2,0,0.2,0.6,0.25688326007706463,0.4999834038171977,0.37470734337499184,1.238430387048627
279,1,2,0,0.2,0.6,0.15205998019379038,0.4999834038171977,0.37470734337499184,1.238430387048627
291,1,2,0,0.0,1.0,0.5880981052092544,0.4999834038171977,0.37470734337499184,1.238430387048627
294,1,2,0,0.0,1.0,0.4510673756032859,0.4999834038171977,0.37470734337499184,1.238430387048627
309,1,2,1,0.8,0.6000000000000001,0.7279798217689827,0.4999834038171977,0.37470734337499184,1.238430387048627
313,1,2,0,0.0,1.0,0.2884026218117491,0.4999834038171977,0.37470734337499184,1.238430387048627
315,1,2,1,0.8,0.6000000000000001,0.42362927497341213,0.4999834038171977,0.37470734337499184,1.238430387048627
321,1,2,1,0.6,0.1999999999999999,0.4608190495272815,0.4999834038171977,0.37470734337499184,1.238430387048627
325,1,2,0,0.0,1.0,0.2933937014830241,0.4999834038171977,0.37470734337499184,1.238430387048627
326,1,2,0,0.0,1.0,0.2848397013322244,0.4999834038171977,0.37470734337499184,1.238430387048627
327,1,2,0,0.0,1.0,0.5412640931290965,0.4999834038171977,0.37470734337499184,1.238430387048627
328,1,2,1,0.6,0.1999999999999999,0.24515469901292908,0.4999834038171977,0.37470734337499184,1.238430387048627
330,1,2,0,0.4,0.1999999999999999,0.5597721653139597,0.4999834038171977,0.37470734337499184,1.238430387048627
334,1,2,0,0.4,0.1999999999999999,0.3791048110070757,0.4999834038171977,0.37470734337499184,1.238430387048627
344,1,2,0,0.2,0.6,0.2816914461576202,0.4999834038171977,0.37470734337499184,1.238430387048627
349,1,2,0,0.0,1.0,0.26994919184427907,0.4999834038171977,0.37470734337499184,1.238430387048627
362,1,2,1,0.75,0.5,0.7167580583885184,0.4999834038171977,0.37470734337499184,1.238430387048627
363,1,2,0,0.0,1.0,0.680097739669416,0.4999834038171977,0.37470734337499184,1.238430387048627
366,1,2,0,0.0,1.0,0.6171898688837578,0.4999834038171977,0.37470734337499184,1.238430387048627
368,1,2,1,0.5,0.0,0.5719973391525637,0.4999834038171977,0.37470734337499184,1.238430387048627
391,1,2,0,0.0,1.0,0.24476994315120953,0.4999834038171977,0.37470734337499184,1.238430387048627
397,1,2,1,0.75,0.5,0.810562467494487,0.4999834038171977,0.37470734337499184,1.238430387048627
404,1,2,1,0.6,0.1999999999999999,0.8801900016348143,0.4999834038171977,0.37470734337499184,1.238430387048627
409,1,2,0,0.4,0.1999999999999999,0.8898431196513072,0.4999834038171977,0.37470734337499184,1.238430387048627
411,1,2,0,0.2,0.6,0.7799167011553438,0.4999834038171977,0.37470734337499184,1.238430387048627
415,1,2,0,0.0,1.0,0.822228030630517,0.4999834038171977,0.37470734337499184,1.238430387048627
416,1,2,0,0.0,1.0,0.5429963180613298,0.4999834038171977,0.37470734337499184,1.238430387048627
429,1,2,0,0.0,1.0,0.5180010309521582,0.4999834038171977,0.37470734337499184,1.238430387048627
435,1,2,0,0.4,0.1999999999999999,0.5515231710013391,0.4999834038171977,0.37470734337499184,1.238430387048627
436,1,2,0,0.4,0.1999999999999999,0.6737369317197209,0.4999834038171977,0.37470734337499184,1.238430387048627
437,1,2,1,0.6,0.1999999999999999,0.5248922485905778,0.4999834038171977,0.37470734337499184,1.238430387048627
464,1,2,0,0.0,1.0,0.6762308663650282,0.4999834038171977,0.37470734337499184,1.238430387048627
469,1,2,1,0.75,0.5,0.3233861210181477,0.4999834038171977,0.37470734337499184,1.238430387048627
472,1,2,0,0.25,0.5,0.34806054316158064,0.4999834038171977,0.37470734337499184,1.238430387048627
474,1,2,0,0.0,1.0,0.30901539808502904,0.4999834038171977,0.37470734337499184,1.238430387048627
481,1,2,0,0.0,1.0,0.9147490231419544,0.4999834038171977,0.37470734337499184,1.238430387048627
484,1,2,0,0.25,0.5,0.6240199819449955,0.4999834038171977,0.37470734337499184,1.238430387048627
486,1,2,0,0.25,0.5,0.8771815137257323,0.4999834038171977,0.37470734337499184,1.238430387048627
487,1,2,0,0.2,0.6,0.2238482403813926,0.4999834038171977,0.37470734337499184,1.238430387048627
498,1,2,0,0.0,1.0,0.40680908011579386,0.4999834038171977,0.37470734337499184,1.238430387048627
500,1,2,0,0.25,0.5,0.6832088795980596,0.4999834038171977,0.37470734337499184,1.238430387048627
501,1,2,0,0.25,0.5,0.7115066504505204,0.4999834038171977,0.37470734337499184,1.238430387048627
502,1,2,1,0.75,0.5,0.6934766017332266,0.4999834038171977,0.37470734337499184,1.238430387048627
516,1,2,0,0.0,1.0,0.6435065208545339,0.4999834038171977,0.37470734337499184,1.238430387048627
526,1,2,0,0.0,1.0,0.8120899255259509,0.4999834038171977,0.37470734337499184,1.238430387048627
534,1,2,1,0.75,0.5,0.6944475193687989,0.4999834038171977,0.37470734337499184,1.238430387048627
539,1,2,0,0.25,0.5,0.5658414090022783,0.4999834038171977,0.37470734337499184,1.238430387048627
543,1,2,1,0.5,0.0,0.6296265926174585,0.4999834038171977,0.37470734337499184,1.238430387048627
545,1,2,0,0.25,0.5,0.6024826595322533,0.4999834038171977,0.37470734337499184,1.238430387048627
547,1,2,1,0.5,0.0,0.6968916728647703,0.4999834038171977,0.37470734337499184,1.238430387048627
555,1,2,0,0.3333333333333333,0.3333333333333333,0.6871570026365884,0.4999834038171977,0.37470734337499184,1.238430387048627
557,1,2,0,0.3333333333333333,0.3333333333333333,0.5561061899030263,0.4999834038171977,0.37470734337499184,1.238430387048627
558,1,2,1,0.5,0.0,0.7562136073209994,0.4999834038171977,0.37470734337499184,1.238430387048627
567,1,2,0,0.3333333333333333,0.3333333333333333,0.6852808307498494,0.4999834038171977,0.37470734337499184,1.238430387048627
571,1,2,1,0.5,0.0,0.5767138957976647,0.4999834038171977,0.37470734337499184,1.238430387048627
573,1,2,0,0.3333333333333333,0.3333333333333333,0.7187631173624356,0.4999834038171977,0.37470734337499184,1.238430387048627
575,1,2,1,0.5,0.0,0.7170619120403379,0.4999834038171977,0.37470734337499184,1.238430387048627
582,1,2,1,0.5,0.0,0.7815972424518891,0.4999834038171977,0.37470734337499184,1.238430387048627
587,1,2,1,0.8333333333333334,0.6666666666666667,0.566237847117313,0.4999834038171977,0.37470734337499184,1.238430387048627
595,1,2,1,0.8333333333333334,0.6666666666666667,0.7552865851032801,0.4999834038171977,0.37470734337499184,1.238430387048627
597,1,2,0,0.0,1.0,0.16453230030792734,0.4999834038171977,0.37470734337499184,1.238430387048627
600,1,2,0,0.1666666666666666,0.6666666666666667,0.5433733258474379,0.4999834038171977,0.37470734337499184,1.238430387048627
613,1,2,0,0.0,1.0,0.8665437400050338,0.4999834038171977,0.37470734337499184,1.238430387048627
615,1,2,1,0.75,0.5,0.7635302796334689,0.4999834038171977,0.37470734337499184,1.238430387048627
621,1,2,1,0.5,0.0,0.4858862693733739,0.4999834038171977,0.37470734337499184,1.238430387048627
623,1,2,1,0.5,0.0,0.6470036571646509,0.4999834038171977,0.37470734337499184,1.238430387048627
629,1,2,1,0.5,0.0,0.7146486252742461,0.4999834038171977,0.37470734337499184,1.238430387048627
638,1,2,0,0.25,0.5,0.7217793678389968,0.4999834038171977,0.37470734337499184,1.238430387048627
642,1,2,1,0.75,0.5,0.6763514003998287,0.4999834038171977,0.37470734337499184,1.238430387048627
649,1,2,1,0.5,0.0,0.5688053219119344,0.4999834038171977,0.37470734337499184,1.238430387048627
651,1,2,0,0.3333333333333333,0.3333333333333333,0.6452510301457728,0.4999834038171977,0.37470734337499184,1.238430387048627
653,1,2,1,0.5,0.0,0.2552626404582355,0.4999834038171977,0.37470734337499184,1.238430387048627
655,1,2,1,0.6666666666666666,0.3333333333333332,0.4330994693187968,0.4999834038171977,0.37470734337499184,1.238430387048627
657,1,2,1,0.5,0.0,0.5466868645273634,0.4999834038171977,0.37470734337499184,1.238430387048627
661,1,2,1,0.8333333333333334,0.6666666666666667,0.8756764030434175,0.4999834038171977,0.37470734337499184,1.238430387048627
663,1,2,0,0.3333333333333333,0.3333333333333333,0.7271886955915585,0.4999834038171977,0.37470734337499184,1.238430387048627
672,1,2,0,0.0,1.0,0.565165466378837,0.4999834038171977,0.37470734337499184,1.238430387048627
678,1,2,0,0.3333333333333333,0.3333333333333333,0.3865333351406074,0.4999834038171977,0.37470734337499184,1.238430387048627
680,1,2,0,0.0,1.0,0.30129157813994917,0.4999834038171977,0.37470734337499184,1.238430387048627
687,1,2,0,0.3333333333333333,0.3333333333333333,0.5185046146025557,0.4999834038171977,0.37470734337499184,1.238430387048627
688,1,2,0,0.1666666666666666,0.6666666666666667,0.3553210098809586,0.4999834038171977,0.37470734337499184,1.238430387048627
690,1,2,0,0.0,1.0,0.38888347421988967,0.4999834038171977,0.37470734337499184,1.238430387048627
691,1,2,0,0.1666666666666666,0.6666666666666667,0.49064970007408104,0.4999834038171977,0.37470734337499184,1.238430387048627
708,1,2,0,0.0,1.0,0.3348070899506246,0.4999834038171977,0.37470734337499184,1.238430387048627
711,1,2,1,0.6,0.1999999999999999,0.30176170072132397,0.4999834038171977,0.37470734337499184,1.238430387048627
715,1,2,1,0.5,0.0,0.3283180273551037,0.4999834038171977,0.37470734337499184,1.238430387048627
717,1,2,1,0.5,0.0,0.3761066816679365,0.4999834038171977,0.37470734337499184,1.238430387048627
719,1,2,0,0.1666666666666666,0.6666666666666667,0.5718368907929252,0.4999834038171977,0.37470734337499184,1.238430387048627
725,1,2,0,0.0,1.0,0.40516536972895645,0.4999834038171977,0.37470734337499184,1.238430387048627
727,1,2,0,0.4,0.1999999999999999,0.4914937761570129,0.4999834038171977,0.37470734337499184,1.238430387048627
731,1,2,0,0.0,1.0,0.3166694105661779,0.4999834038171977,0.37470734337499184,1.238430387048627
732,1,2,0,0.0,1.0,0.216833894126961,0.4999834038171977,0.37470734337499184,1.238430387048627
739,1,2,0,0.3333333333333333,0.3333333333333333,0.4469719810425238,0.4999834038171977,0.37470734337499184,1.238430387048627
2,1,3,0,0.4,0.1999999999999999,0.17836346957575686,0.5319604385781289,0.6936637040067066,1.095015175534117
24,1,3,0,0.0,1.0,0.22435494820496743,0.5319604385781289,0.6936637040067066,1.095015175534117
39,1,3,0,0.0,1.0,0.3771052354562469,0.5319604385781289,0.6936637040067066,1.095015175534117
40,1,3,0,0.2,0.6,0.2700527856017577,0.5319604385781289,0.6936637040067066,1.095015175534117
42,1,3,0,0.0,1.0,0.4314004775191783,0.5319604385781289,0.6936637040067066,1.095015175534117
45,1,3,0,0.0,1.0,0.45816779471028274,0.5319604385781289,0.6936637040067066,1.095015175534117
52,1,3,0,0.25,0.5,0.2977979409990767,0.5319604385781289,0.6936637040067066,1.095015175534117
54,1,3,0,0.25,0.5,0.2852457714421925,0.5319604385781289,0.6936637040067066,1.095015175534117
57,1,3,1,1.0,1.0,0.2053037547682976,0.5319604385781289,0.6936637040067066,1.095015175534117
62,1,3,0,0.25,0.5,0.20378803994622674,0.5319604385781289,0.6936637040067066,1.095015175534117
65,1,3,0,0.25,0.5,0.16013870844872669,0.5319604385781289,0.6936637040067066,1.095015175534117
68,1,3,0,0.0,1.0,0.18462109382746666,0.5319604385781289,0.6936637040067066,1.095015175534117
69,1,3,0,0.0,1.0,0.2965650345331828,0.5319604385781289,0.6936637040067066,1.095015175534117
76,1,3,0,0.25,0.5,0.30075303800956305,0.5319604385781289,0.6936637040067066,1.095015175534117
77,1,3,0,0.25,0.5,0.21106924470044489,0.5319604385781289,0.6936637040067066,1.095015175534117
78,1,3,0,0.0,1.0,0.25574140406395895,0.5319604385781289,0.6936637040067066,1.095015175534117
83,1,3,0,0.25,0.5,0.5455773255059515,0.5319604385781289,0.6936637040067066,1.095015175534117
84,1,3,0,0.3333333333333333,0.3333333333333333,0.4293114707299617,0.5319604385781289,0.6936637040067066,1.095015175534117
92,1,3,0,0.0,1.0,0.31759814108790513,0.5319604385781289,0.6936637040067066,1.095015175534117
103,1,3,0,0.1111111111111111,0.7777777777777778,0.32607403217626496,0.5319604385781289,0.6936637040067066,1.095015175534117
110,1,3,0,0.0,1.0,0.5300764004162034,0.5319604385781289,0.6936637040067066,1.095015175534117
119,1,3,0,0.1111111111111111,0.7777777777777778,0.18568259395429368,0.5319604385781289,0.6936637040067066,1.095015175534117
126,1,3,0,0.2222222222222222,0.5555555555555556,0.4357779413808834,0.5319604385781289,0.6936637040067066,1.095015175534117
131,1,3,0,0.0,1.0,0.3854053372824373,0.5319604385781289,0.6936637040067066,1.095015175534117
132,1,3,0,0.2222222222222222,0.5555555555555556,0.4683526850140375,0.5319604385781289,0.6936637040067066,1.095015175534117
136,1,3,0,0.3333333333333333,0.3333333333333333,0.4628214649549676,0.5319604385781289,0.6936637040067066,1.095015175534117
137,1,3,1,0.6666666666666666,0.3333333333333332,0.17871247572373833,0.5319604385781289,0.6936637040067066,1.095015175534117
152,1,3,0,0.0,1.0,0.2539621649610847,0.5319604385781289,0.6936637040067066,1.095015175534117
153,1,3,0,0.0,1.0,0.2811182736236601,0.5319604385781289,0.6936637040067066,1.095015175534117
155,1,3,0,0.25,0.5,0.47266934017147727,0.5319604385781289,0.6936637040067066,1.095015175534117
157,1,3,0,0.25,0.5,0.24636094279989756,0.5319604385781289,0.6936637040067066,1.095015175534117
177,1,3,0,0.0,1.0,0.5264162361832125,0.5319604385781289,0.6936637040067066,1.095015175534117
186,1,3,0,0.0,1.0,0.17661632495086965,0.5319604385781289,0.6936637040067066,1.095015175534117
202,1,3,1,0.6,0.1999999999999999,0.4446314995674232,0.5319604385781289,0.6936637040067066,1.095015175534117
203,1,3,0,0.2,0.6,0.2177246764144381,0.5319604385781289,0.6936637040067066,1.095015175534117
206,1,3,1,0.5,0.0,0.3286340534724608,0.5319604385781289,0.6936637040067066,1.095015175534117
207,1,3,0,0.2,0.6,0.3713737169830063,0.5319604385781289,0.6936637040067066,1.095015175534117
208,1,3,0,0.0,1.0,0.35279180013084116,0.5319604385781289,0.6936637040067066,1.095015175534117
211,1,3,1,0.6,0.1999999999999999,0.7186982926774513,0.5319604385781289,0.6936637040067066,1.095015175534117
215,1,3,0,0.2,0.6,0.2630542845813008,0.5319604385781289,0.6936637040067066,1.095015175534117
219,1,3,0,0.0,1.0,0.34928447950872377,0.5319604385781289,0.6936637040067066,1.095015175534117
220,1,3,0,0.4,0.1999999999999999,0.2855753497366189,0.5319604385781289,0.6936637040067066,1.095015175534117
221,1,3,1,0.8,0.6000000000000001,0.276728783822969,0.5319604385781289,0.6936637040067066,1.095015175534117
229,1,3,0,0.0,1.0,0.23293575186653281,0.5319604385781289,0.6936637040067066,1.095015175534117
238,1,3,0,0.25,0.5,0.33053192204260823,0.5319604385781289,0.6936637040067066,1.095015175534117
246,1,3,0,0.4,0.1999999999999999,0.3896571650175945,0.5319604385781289,0.6936637040067066,1.095015175534117
252,1,3,0,0.0,1.0,0.2289977901628354,0.5319604385781289,0.6936637040067066,1.095015175534117
261,1,3,0,0.25,0.5,0.43813263268226177,0.5319604385781289,0.6936637040067066,1.095015175534117
265,1,3,1,0.5,0.0,0.2953186327364286,0.5319604385781289,0.6936637040067066,1.095015175534117
266,1,3,0,0.25,0.5,0.19742005627321327,0.5319604385781289,0.6936637040067066,1.095015175534117
268,1,3,1,0.5,0.0,0.23033226696990083,0.5319604385781289,0.6936637040067066,1.095015175534117
282,1,3,0,0.25,0.5,0.4211985553610629,0.5319604385781289,0.6936637040067066,1.095015175534117
286,1,3,0,0.2,0.6,0.16631951525749333,0.5319604385781289,0.6936637040067066,1.095015175534117
289,1,3,1,0.5,0.0,0.24197387646674876,0.5319604385781289,0.6936637040067066,1.095015175534117
298,1,3,0,0.25,0.5,0.41597821772549426,0.5319604385781289,0.6936637040067066,1.095015175534117
300,1,3,0,0.0,1.0,0.4674366154017307,0.5319604385781289,0.6936637040067066,1.095015175534117
307,1,3,0,0.4,0.1999999999999999,0.44391485581964846,0.5319604385781289,0.6936637040067066,1.095015175534117
308,1,3,0,0.4,0.1999999999999999,0.5034837834606606,0.5319604385781289,0.6936637040067066,1.095015175534117
310,1,3,0,0.2,0.6,0.4553601281395774,0.5319604385781289,0.6936637040067066,1.095015175534117
316,1,3,0,0.4,0.1999999999999999,0.5614579709050957,0.5319604385781289,0.6936637040067066,1.095015175534117
318,1,3,0,0.4,0.1999999999999999,0.510455244572345,0.5319604385781289,0.6936637040067066,1.095015175534117
319,1,3,0,0.2,0.6,0.5598799668517677,0.5319604385781289,0.6936637040067066,1.095015175534117
322,1,3,1,0.6,0.1999999999999999,0.6651020301995495,0.5319604385781289,0.6936637040067066,1.095015175534117
323,1,3,0,0.0,1.0,0.3422327839879327,0.5319604385781289,0.6936637040067066,1.095015175534117
329,1,3,0,0.0,1.0,0.26934844485287657,0.5319604385781289,0.6936637040067066,1.095015175534117
331,1,3,0,0.0,1.0,0.3914937847693843,0.5319604385781289,0.6936637040067066,1.095015175534117
336,1,3,0,0.4,0.1999999999999999,0.4359234350816404,0.5319604385781289,0.6936637040067066,1.095015175534117
338,1,3,0,0.4,0.1999999999999999,0.2638928901311123,0.5319604385781289,0.6936637040067066,1.095015175534117
354,1,3,0,0.25,0.5,0.49419924953361893,0.5319604385781289,0.6936637040067066,1.095015175534117
365,1,3,0,0.25,0.5,0.4771821849145153,0.5319604385781289,0.6936637040067066,1.095015175534117
370,1,3,0,0.0,1.0,0.2703145836694396,0.5319604385781289,0.6936637040067066,1.095015175534117
374,1,3,1,0.5,0.0,0.617333967504937,0.5319604385781289,0.6936637040067066,1.095015175534117
376,1,3,1,0.5,0.0,0.689172807664985,0.5319604385781289,0.6936637040067066,1.095015175534117
382,1,3,1,0.5,0.0,0.6070017083340823,0.5319604385781289,0.6936637040067066,1.095015175534117
383,1,3,0,0.0,1.0,0.4228726795811681,0.5319604385781289,0.6936637040067066,1.095015175534117
384,1,3,0,0.25,0.5,0.45217274695872495,0.5319604385781289,0.6936637040067066,1.095015175534117
394,1,3,1,0.5,0.0,0.6573988510713038,0.5319604385781289,0.6936637040067066,1.095015175534117
395,1,3,1,0.5,0.0,0.7186691450607529,0.5319604385781289,0.6936637040067066,1.095015175534117
398,1,3,0,0.25,0.5,0.6056386756675244,0.5319604385781289,0.6936637040067066,1.095015175534117
403,1,3,0,0.0,1.0,0.3146127462585344,0.5319604385781289,0.6936637040067066,1.095015175534117
417,1,3,0,0.2,0.6,0.6316396022616476,0.5319604385781289,0.6936637040067066,1.095015175534117
419,1,3,0,0.4,0.1999999999999999,0.6106172117257289,0.5319604385781289,0.6936637040067066,1.095015175534117
426,1,3,1,0.8,0.6000000000000001,0.572419071858372,0.5319604385781289,0.6936637040067066,1.095015175534117
440,1,3,0,0.0,1.0,0.6024974871041491,0.5319604385781289,0.6936637040067066,1.095015175534117
443,1,3,0,0.0,1.0,0.350101278297766,0.5319604385781289,0.6936637040067066,1.095015175534117
447,1,3,0,0.0,1.0,0.3301426925520205,0.5319604385781289,0.6936637040067066,1.095015175534117
451,1,3,0,0.25,0.5,0.36938446198265806,0.5319604385781289,0.6936637040067066,1.095015175534117
465,1,3,1,0.5,0.0,0.7411165669160779,0.5319604385781289,0.6936637040067066,1.095015175534117
466,1,3,1,0.5,0.0,0.7515272808428803,0.5319604385781289,0.6936637040067066,1.095015175534117
467,1,3,1,1.0,1.0,0.8142260493776327,0.5319604385781289,0.6936637040067066,1.095015175534117
471,1,3,0,0.0,1.0,0.8900705478986671,0.5319604385781289,0.6936637040067066,1.095015175534117
495,1,3,0,0.0,1.0,0.6901793281693531,0.5319604385781289,0.6936637040067066,1.095015175534117
496,1,3,1,0.75,0.5,0.711815487529843,0.5319604385781289,0.6936637040067066,1.095015175534117
499,1,3,0,0.0,1.0,0.5141421521364055,0.5319604385781289,0.6936637040067066,1.095015175534117
503,1,3,0,0.0,1.0,0.5542619383078518,0.5319604385781289,0.6936637040067066,1.095015175534117
509,1,3,0,0.25,0.5,0.5553386448250327,0.5319604385781289,0.6936637040067066,1.095015175534117
514,1,3,1,0.75,0.5,0.7580526484325134,0.5319604385781289,0.6936637040067066,1.095015175534117
520,1,3,1,0.5,0.0,0.5408106496631462,0.5319604385781289,0.6936637040067066,1.095015175534117
521,1,3,1,0.75,0.5,0.7289600193775694,0.5319604385781289,0.6936637040067066,1.095015175534117
522,1,3,0,0.25,0.5,0.47899757932267395,0.5319604385781289,0.6936637040067066,1.095015175534117
523,1,3,0,0.25,0.5,0.5987817899537713,0.5319604385781289,0.6936637040067066,1.095015175534117
529,1,3,1,0.5,0.0,0.3791071986634969,0.5319604385781289,0.6936637040067066,1.095015175534117
530,1,3,1,0.5,0.0,0.5753622427515517,0.5319604385781289,0.6936637040067066,1.095015175534117
535,1,3,0,0.25,0.5,0.801373873431781,0.5319604385781289,0.6936637040067066,1.095015175534117
546,1,3,1,0.5,0.0,0.6366493824311965,0.5319604385781289,0.6936637040067066,1.095015175534117
552,1,3,1,0.6666666666666666,0.3333333333333332,0.6859180864817281,0.5319604385781289,0.6936637040067066,1.095015175534117
568,1,3,1,1.0,1.0,0.6118621967374469,0.5319604385781289,0.6936637040067066,1.095015175534117
570,1,3,1,0.6666666666666666,0.3333333333333332,0.7901693457717343,0.5319604385781289,0.6936637040067066,1.095015175534117
574,1,3,0,0.3333333333333333,0.3333333333333333,0.4050705965812351,0.5319604385781289,0.6936637040067066,1.095015175534117
583,1,3,1,0.5,0.0,0.8420551126991773,0.5319604385781289,0.6936637040067066,1.095015175534117
588,1,3,0,0.1666666666666666,0.6666666666666667,0.8887502346712252,0.5319604385781289,0.6936637040067066,1.095015175534117
590,1,3,0,0.3333333333333333,0.3333333333333333,0.7977953848206797,0.5319604385781289,0.6936637040067066,1.095015175534117
594,1,3,0,0.0,1.0,0.5978412993476171,0.5319604385781289,0.6936637040067066,1.095015175534117
603,1,3,1,0.5,0.0,0.5832919626953939,0.5319604385781289,0.6936637040067066,1.095015175534117
610,1,3,0,0.25,0.5,0.7044482382075917,0.5319604385781289,0.6936637040067066,1.095015175534117
612,1,3,0,0.0,1.0,0.2550499400530017,0.5319604385781289,0.6936637040067066,1.095015175534117
617,1,3,1,0.5,0.0,0.814341716619131,0.5319604385781289,0.6936637040067066,1.095015175534117
619,1,3,0,0.25,0.5,0.7731713843678689,0.5319604385781289,0.6936637040067066,1.095015175534117
624,1,3,0,0.25,0.5,0.6966038526157139,0.5319604385781289,0.6936637040067066,1.095015175534117
627,1,3,1,0.75,0.5,0.7653667689379019,0.5319604385781289,0.6936637040067066,1.095015175534117
631,1,3,0,0.0,1.0,0.5861036374344712,0.5319604385781289,0.6936637040067066,1.095015175534117
633,1,3,1,0.5,0.0,0.5931151934216171,0.5319604385781289,0.6936637040067066,1.095015175534117
634,1,3,0,0.25,0.5,0.6596316539267089,0.5319604385781289,0.6936637040067066,1.095015175534117
636,1,3,0,0.0,1.0,0.6209900389890318,0.5319604385781289,0.6936637040067066,1.095015175534117
650,1,3,0,0.0,1.0,0.3890594087236484,0.5319604385781289,0.6936637040067066,1.095015175534117
652,1,3,0,0.0,1.0,0.2113879590979741,0.5319604385781289,0.6936637040067066,1.095015175534117
654,1,3,0,0.1666666666666666,0.6666666666666667,0.6063381471963221,0.5319604385781289,0.6936637040067066,1.095015175534117
656,1,3,1,0.6666666666666666,0.3333333333333332,0.6993448453993009,0.5319604385781289,0.6936637040067066,1.095015175534117
664,1,3,1,0.6666666666666666,0.3333333333333332,0.5447401467002443,0.5319604385781289,0.6936637040067066,1.095015175534117
665,1,3,0,0.1666666666666666,0.6666666666666667,0.5336792368939631,0.5319604385781289,0.6936637040067066,1.095015175534117
667,1,3,0,0.3333333333333333,0.3333333333333333,0.735073532814169,0.5319604385781289,0.6936637040067066,1.095015175534117
669,1,3,0,0.3333333333333333,0.3333333333333333,0.4863876270102082,0.5319604385781289,0.6936637040067066,1.095015175534117
673,1,3,0,0.3333333333333333,0.3333333333333333,0.2581572757182168,0.5319604385781289,0.6936637040067066,1.095015175534117
677,1,3,1,0.6666666666666666,0.3333333333333332,0.6154524153949616,0.5319604385781289,0.6936637040067066,1.095015175534117
681,1,3,0,0.1666666666666666,0.6666666666666667,0.7108055939699066,0.5319604385781289,0.6936637040067066,1.095015175534117
683,1,3,1,0.8333333333333334,0.6666666666666667,0.8012207602386415,0.5319604385781289,0.6936637040067066,1.095015175534117
689,1,3,0,0.0,1.0,0.3814865582169569,0.5319604385781289,0.6936637040067066,1.095015175534117
702,1,3,0,0.1666666666666666,0.6666666666666667,0.8034907331665684,0.5319604385781289,0.6936637040067066,1.095015175534117
713,1,3,1,0.6,0.1999999999999999,0.28500882688744866,0.5319604385781289,0.6936637040067066,1.095015175534117
714,1,3,0,0.3333333333333333,0.3333333333333333,0.2605071562147215,0.5319604385781289,0.6936637040067066,1.095015175534117
720,1,3,0,0.0,1.0,0.3465443002693137,0.5319604385781289,0.6936637040067066,1.095015175534117
721,1,3,0,0.3333333333333333,0.3333333333333333,0.37311677775459434,0.5319604385781289,0.6936637040067066,1.095015175534117
722,1,3,0,0.2,0.6,0.3670930617982237,0.5319604385781289,0.6936637040067066,1.095015175534117
723,1,3,0,0.1666666666666666,0.6666666666666667,0.490874718183385,0.5319604385781289,0.6936637040067066,1.095015175534117
726,1,3,0,0.0,1.0,0.35334657598330343,0.5319604385781289,0.6936637040067066,1.095015175534117
738,1,3,0,0.3333333333333333,0.3333333333333333,0.5529194109171436,0.5319604385781289,0.6936637040067066,1.095015175534117
742,1,3,1,0.5,0.0,0.5370362214686913,0.5319604385781289,0.6936637040067066,1.095015175534117
4,1,4,1,0.6,0.1999999999999999,0.4268926375540587,0.5286380715622144,0.38083107264307886,1.1282957381810679
7,1,4,1,0.6,0.1999999999999999,0.4294767243257049,0.5286380715622144,0.38083107264307886,1.1282957381810679
15,1,4,0,0.4,0.1999999999999999,0.2419228327588558,0.5286380715622144,0.38083107264307886,1.1282957381810679
27,1,4,0,0.2,0.6,0.2545390569180093,0.5286380715622144,0.38083107264307886,1.1282957381810679
35,1,4,1,0.5,0.0,0.22207947615534498,0.5286380715622144,0.38083107264307886,1.1282957381810679
38,1,4,0,0.0,1.0,0.4222091822413437,0.5286380715622144,0.38083107264307886,1.1282957381810679
47,1,4,0,0.25,0.5,0.29835522913053864,0.5286380715622144,0.38083107264307886,1.1282957381810679
48,1,4,1,0.6,0.1999999999999999,0.3557380418948651,0.5286380715622144,0.38083107264307886,1.1282957381810679
53,1,4,0,0.1666666666666666,0.6666666666666667,0.369350127848216,0.5286380715622144,0.38083107264307886,1.1282957381810679
55,1,4,0,0.0,1.0,0.2550838151726173,0.5286380715622144,0.38083107264307886,1.1282957381810679
58,1,4,0,0.25,0.5,0.3306024523166584,0.5286380715622144,0.38083107264307886,1.1282957381810679
59,1,4,0,0.25,0.5,0.2774485905305296,0.5286380715622144,0.38083107264307886,1.1282957381810679
61,1,4,0,0.2,0.6,0.19151649526617792,0.5286380715622144,0.38083107264307886,1.1282957381810679
73,1,4,0,0.0,1.0,0.16482369822678475,0.5286380715622144,0.38083107264307886,1.1282957381810679
74,1,4,0,0.0,1.0,0.47281404313773423,0.5286380715622144,0.38083107264307886,1.1282957381810679
80,1,4,0,0.0,1.0,0.2924977581017918,0.5286380715622144,0.38083107264307886,1.1282957381810679
87,1,4,0,0.0,1.0,0.35668254607909844,0.5286380715622144,0.38083107264307886,1.1282957381810679
97,1,4,0,0.25,0.5,0.2670336324941625,0.5286380715622144,0.38083107264307886,1.1282957381810679
100,1,4,0,0.25,0.5,0.4421471004026652,0.5286380715622144,0.38083107264307886,1.1282957381810679
104,1,4,0,0.1111111111111111,0.7777777777777778,0.16894298675951688,0.5286380715622144,0.38083107264307886,1.1282957381810679
105,1,4,0,0.0,1.0,0.4801021079295142,0.5286380715622144,0.38083107264307886,1.1282957381810679
107,1,4,0,0.1111111111111111,0.7777777777777778,0.5267727656717566,0.5286380715622144,0.38083107264307886,1.1282957381810679
111,1,4,0,0.1111111111111111,0.7777777777777778,0.2770609620613424,0.5286380715622144,0.38083107264307886,1.1282957381810679
112,1,4,0,0.125,0.75,0.24254560041483506,0.5286380715622144,0.38083107264307886,1.1282957381810679
116,1,4,0,0.0,1.0,0.22424737011929474,0.5286380715622144,0.38083107264307886,1.1282957381810679
125,1,4,0,0.125,0.75,0.16047748094287184,0.5286380715622144,0.38083107264307886,1.1282957381810679
134,1,4,0,0.1111111111111111,0.7777777777777778,0.24857764491957107,0.5286380715622144,0.38083107264307886,1.1282957381810679
135,1,4,0,0.1666666666666666,0.6666666666666667,0.18528602966208532,0.5286380715622144,0.38083107264307886,1.1282957381810679
143,1,4,1,0.5555555555555556,0.1111111111111111,0.34273542069882196,0.5286380715622144,0.38083107264307886,1.1282957381810679
146,1,4,1,0.8888888888888888,0.7777777777777777,0.27736064472090566,0.5286380715622144,0.38083107264307886,1.1282957381810679
147,1,4,0,0.0,1.0,0.24035692474931092,0.5286380715622144,0.38083107264307886,1.1282957381810679
148,1,4,0,0.1111111111111111,0.7777777777777778,0.21440269329620384,0.5286380715622144,0.38083107264307886,1.1282957381810679
162,1,4,0,0.2,0.6,0.37707296662288814,0.5286380715622144,0.38083107264307886,1.1282957381810679
164,1,4,0,0.0,1.0,0.24298931258800996,0.5286380715622144,0.38083107264307886,1.1282957381810679
165,1,4,0,0.0,1.0,0.4645613210578658,0.5286380715622144,0.38083107264307886,1.1282957381810679
167,1,4,0,0.0,1.0,0.40460320561545005,0.5286380715622144,0.38083107264307886,1.1282957381810679
169,1,4,0,0.0,1.0,0.37150936426497905,0.5286380715622144,0.38083107264307886,1.1282957381810679
172,1,4,0,0.0,1.0,0.4162808806432802,0.5286380715622144,0.38083107264307886,1.1282957381810679
174,1,4,1,0.5,0.0,0.3179905092449587,0.5286380715622144,0.38083107264307886,1.1282957381810679
178,1,4,0,0.0,1.0,0.3247442793460122,0.5286380715622144,0.38083107264307886,1.1282957381810679
183,1,4,0,0.0,1.0,0.5319317642187827,0.5286380715622144,0.38083107264307886,1.1282957381810679
185,1,4,0,0.25,0.5,0.3280033736930633,0.5286380715622144,0.38083107264307886,1.1282957381810679
189,1,4,1,0.5,0.0,0.44115883307193404,0.5286380715622144,0.38083107264307886,1.1282957381810679
190,1,4,0,0.25,0.5,0.27755745649475866,0.5286380715622144,0.38083107264307886,1.1282957381810679
214,1,4,0,0.2,0.6,0.2908457503732552,0.5286380715622144,0.38083107264307886,1.1282957381810679
224,1,4,0,0.4,0.1999999999999999,0.49948383050049144,0.5286380715622144,0.38083107264307886,1.1282957381810679
228,1,4,0,0.2,0.6,0.37346636614295253,0.5286380715622144,0.38083107264307886,1.1282957381810679
242,1,4,1,0.6,0.1999999999999999,0.32819674338725907,0.5286380715622144,0.38083107264307886,1.1282957381810679
244,1,4,1,0.6,0.1999999999999999,0.4724123010386642,0.5286380715622144,0.38083107264307886,1.1282957381810679
253,1,4,0,0.0,1.0,0.32720228886952823,0.5286380715622144,0.38083107264307886,1.1282957381810679
254,1,4,0,0.25,0.5,0.39172631261424873,0.5286380715622144,0.38083107264307886,1.1282957381810679
255,1,4,0,0.25,0.5,0.17014123014066285,0.5286380715622144,0.38083107264307886,1.1282957381810679
269,1,4,1,0.5,0.0,0.3855811906757244,0.5286380715622144,0.38083107264307886,1.1282957381810679
281,1,4,0,0.0,1.0,0.34752902462957563,0.5286380715622144,0.38083107264307886,1.1282957381810679
283,1,4,0,0.25,0.5,0.4822359005038323,0.5286380715622144,0.38083107264307886,1.1282957381810679
290,1,4,0,0.0,1.0,0.5153148458812853,0.5286380715622144,0.38083107264307886,1.1282957381810679
295,1,4,0,0.0,1.0,0.24679719301388187,0.5286380715622144,0.38083107264307886,1.1282957381810679
296,1,4,0,0.0,1.0,0.2709810271023455,0.5286380715622144,0.38083107264307886,1.1282957381810679
302,1,4,0,0.0,1.0,0.45012417308121017,0.5286380715622144,0.38083107264307886,1.1282957381810679
303,1,4,0,0.0,1.0,0.3071078487954779,0.5286380715622144,0.38083107264307886,1.1282957381810679
306,1,4,0,0.0,1.0,0.43883788000629087,0.5286380715622144,0.38083107264307886,1.1282957381810679
311,1,4,0,0.4,0.1999999999999999,0.378567525198533,0.5286380715622144,0.38083107264307886,1.1282957381810679
337,1,4,0,0.0,1.0,0.37759347846885677,0.5286380715622144,0.38083107264307886,1.1282957381810679
340,1,4,1,0.6,0.1999999999999999,0.5089773955552794,0.5286380715622144,0.38083107264307886,1.1282957381810679
345,1,4,0,0.0,1.0,0.30038837082312375,0.5286380715622144,0.38083107264307886,1.1282957381810679
348,1,4,0,0.4,0.1999999999999999,0.6052174671212283,0.5286380715622144,0.38083107264307886,1.1282957381810679
359,1,4,0,0.25,0.5,0.33998319836178803,0.5286380715622144,0.38083107264307886,1.1282957381810679
361,1,4,0,0.0,1.0,0.27028731526628447,0.5286380715622144,0.38083107264307886,1.1282957381810679
364,1,4,1,0.5,0.0,0.49352617589346537,0.5286380715622144,0.38083107264307886,1.1282957381810679
367,1,4,0,0.25,0.5,0.39566868269624944,0.5286380715622144,0.38083107264307886,1.1282957381810679
371,1,4,0,0.25,0.5,0.5885360922866835,0.5286380715622144,0.38083107264307886,1.1282957381810679
372,1,4,0,0.25,0.5,0.592975684595301,0.5286380715622144,0.38083107264307886,1.1282957381810679
377,1,4,0,0.25,0.5,0.46746859660610857,0.5286380715622144,0.38083107264307886,1.1282957381810679
379,1,4,1,0.75,0.5,0.6909779673846319,0.5286380715622144,0.38083107264307886,1.1282957381810679
381,1,4,1,0.75,0.5,0.5366684219669806,0.5286380715622144,0.38083107264307886,1.1282957381810679
392,1,4,1,0.5,0.0,0.530437014282505,0.5286380715622144,0.38083107264307886,1.1282957381810679
400,1,4,1,0.5,0.0,0.7058036395403738,0.5286380715622144,0.38083107264307886,1.1282957381810679
410,1,4,1,0.6,0.1999999999999999,0.7442098257079266,0.5286380715622144,0.38083107264307886,1.1282957381810679
413,1,4,0,0.0,1.0,0.770356720641246,0.5286380715622144,0.38083107264307886,1.1282957381810679
418,1,4,0,0.0,1.0,0.6004133283163179,0.5286380715622144,0.38083107264307886,1.1282957381810679
421,1,4,0,0.2,0.6,0.3986342610346832,0.5286380715622144,0.38083107264307886,1.1282957381810679
422,1,4,1,0.6,0.1999999999999999,0.4030373681312478,0.5286380715622144,0.38083107264307886,1.1282957381810679
424,1,4,1,0.6,0.1999999999999999,0.34008192124212705,0.5286380715622144,0.38083107264307886,1.1282957381810679
427,1,4,1,0.6,0.1999999999999999,0.7861329828184824,0.5286380715622144,0.38083107264307886,1.1282957381810679
430,1,4,1,0.6,0.1999999999999999,0.670328927657424,0.5286380715622144,0.38083107264307886,1.1282957381810679
432,1,4,0,0.2,0.6,0.6219799783340122,0.5286380715622144,0.38083107264307886,1.1282957381810679
434,1,4,0,0.0,1.0,0.46800261968783197,0.5286380715622144,0.38083107264307886,1.1282957381810679
438,1,4,0,0.1666666666666666,0.6666666666666667,0.44362852339746556,0.5286380715622144,0.38083107264307886,1.1282957381810679
441,1,4,0,0.2,0.6,0.6935913168784887,0.5286380715622144,0.38083107264307886,1.1282957381810679
442,1,4,1,0.8,0.6000000000000001,0.7564960651715522,0.5286380715622144,0.38083107264307886,1.1282957381810679
446,1,4,0,0.2,0.6,0.6908838186659889,0.5286380715622144,0.38083107264307886,1.1282957381810679
448,1,4,0,0.0,1.0,0.12587555522960647,0.5286380715622144,0.38083107264307886,1.1282957381810679
452,1,4,0,0.25,0.5,0.5844382077580317,0.5286380715622144,0.38083107264307886,1.1282957381810679
453,1,4,0,0.25,0.5,0.40672792434589095,0.5286380715622144,0.38083107264307886,1.1282957381810679
456,1,4,1,0.5,0.0,0.6340633440940705,0.5286380715622144,0.38083107264307886,1.1282957381810679
458,1,4,0,0.0,1.0,0.44141367517156144,0.5286380715622144,0.38083107264307886,1.1282957381810679
459,1,4,0,0.25,0.5,0.7695249174572081,0.5286380715622144,0.38083107264307886,1.1282957381810679
461,1,4,1,0.5,0.0,0.7133391046263462,0.5286380715622144,0.38083107264307886,1.1282957381810679
463,1,4,0,0.25,0.5,0.5305063690608929,0.5286380715622144,0.38083107264307886,1.1282957381810679
473,1,4,0,0.25,0.5,0.6489559661684012,0.5286380715622144,0.38083107264307886,1.1282957381810679
491,1,4,1,0.5,0.0,0.6741820293757913,0.5286380715622144,0.38083107264307886,1.1282957381810679
492,1,4,0,0.3333333333333333,0.3333333333333333,0.4058112432520415,0.5286380715622144,0.38083107264307886,1.1282957381810679
504,1,4,1,0.75,0.5,0.6616630423745844,0.5286380715622144,0.38083107264307886,1.1282957381810679
508,1,4,1,0.75,0.5,0.6141719949870166,0.5286380715622144,0.38083107264307886,1.1282957381810679
512,1,4,1,1.0,1.0,0.8370858435860664,0.5286380715622144,0.38083107264307886,1.1282957381810679
517,1,4,0,0.25,0.5,0.6641531304533995,0.5286380715622144,0.38083107264307886,1.1282957381810679
532,1,4,0,0.0,1.0,0.25671787670747714,0.5286380715622144,0.38083107264307886,1.1282957381810679
548,1,4,1,0.5,0.0,0.6315578345337485,0.5286380715622144,0.38083107264307886,1.1282957381810679
550,1,4,0,0.0,1.0,0.6868655927107225,0.5286380715622144,0.38083107264307886,1.1282957381810679
561,1,4,1,0.5,0.0,0.6369613042487231,0.5286380715622144,0.38083107264307886,1.1282957381810679
562,1,4,0,0.3333333333333333,0.3333333333333333,0.6731228281350461,0.5286380715622144,0.38083107264307886,1.1282957381810679
565,1,4,0,0.3333333333333333,0.3333333333333333,0.5703533928201389,0.5286380715622144,0.38083107264307886,1.1282957381810679
566,1,4,0,0.1666666666666666,0.6666666666666667,0.4600737691299283,0.5286380715622144,0.38083107264307886,1.1282957381810679
569,1,4,0,0.1666666666666666,0.6666666666666667,0.45130152730915113,0.5286380715622144,0.38083107264307886,1.1282957381810679
572,1,4,1,0.8333333333333334,0.6666666666666667,0.7858434749879111,0.5286380715622144,0.38083107264307886,1.1282957381810679
578,1,4,1,0.5,0.0,0.5349701473096505,0.5286380715622144,0.38083107264307886,1.1282957381810679
586,1,4,1,0.6666666666666666,0.3333333333333332,0.7882221886139786,0.5286380715622144,0.38083107264307886,1.1282957381810679
596,1,4,1,0.5,0.0,0.6064902787447242,0.5286380715622144,0.38083107264307886,1.1282957381810679
599,1,4,0,0.0,1.0,0.6337074435669893,0.5286380715622144,0.38083107264307886,1.1282957381810679
601,1,4,0,0.0,1.0,0.2795282881046677,0.5286380715622144,0.38083107264307886,1.1282957381810679
605,1,4,1,0.5,0.0,0.6619863163780587,0.5286380715622144,0.38083107264307886,1.1282957381810679
606,1,4,0,0.25,0.5,0.4497618353879265,0.5286380715622144,0.38083107264307886,1.1282957381810679
608,1,4,0,0.0,1.0,0.7531829912926883,0.5286380715622144,0.38083107264307886,1.1282957381810679
609,1,4,0,0.25,0.5,0.689981931159224,0.5286380715622144,0.38083107264307886,1.1282957381810679
614,1,4,1,0.75,0.5,0.649211377185108,0.5286380715622144,0.38083107264307886,1.1282957381810679
625,1,4,0,0.0,1.0,0.5873369235705057,0.5286380715622144,0.38083107264307886,1.1282957381810679
640,1,4,1,0.75,0.5,0.8584596316423084,0.5286380715622144,0.38083107264307886,1.1282957381810679
643,1,4,1,0.5,0.0,0.4590611475078229,0.5286380715622144,0.38083107264307886,1.1282957381810679
644,1,4,0,0.25,0.5,0.42338465780829293,0.5286380715622144,0.38083107264307886,1.1282957381810679
662,1,4,0,0.0,1.0,0.4042772418065301,0.5286380715622144,0.38083107264307886,1.1282957381810679
671,1,4,0,0.3333333333333333,0.3333333333333333,0.5357568093662713,0.5286380715622144,0.38083107264307886,1.1282957381810679
675,1,4,0,0.3333333333333333,0.3333333333333333,0.37409301462526506,0.5286380715622144,0.38083107264307886,1.1282957381810679
676,1,4,0,0.1666666666666666,0.6666666666666667,0.6626122187305118,0.5286380715622144,0.38083107264307886,1.1282957381810679
682,1,4,0,0.1666666666666666,0.6666666666666667,0.7077068904225644,0.5286380715622144,0.38083107264307886,1.1282957381810679
685,1,4,0,0.0,1.0,0.6096754618759587,0.5286380715622144,0.38083107264307886,1.1282957381810679
694,1,4,0,0.3333333333333333,0.3333333333333333,0.5283524682721845,0.5286380715622144,0.38083107264307886,1.1282957381810679
700,1,4,1,0.5,0.0,0.7494914046469145,0.5286380715622144,0.38083107264307886,1.1282957381810679
701,1,4,0,0.1666666666666666,0.6666666666666667,0.7282229452740272,0.5286380715622144,0.38083107264307886,1.1282957381810679
705,1,4,1,0.5,0.0,0.24095274923180304,0.5286380715622144,0.38083107264307886,1.1282957381810679
709,1,4,0,0.3333333333333333,0.3333333333333333,0.551600655867899,0.5286380715622144,0.38083107264307886,1.1282957381810679
724,1,4,0,0.2,0.6,0.2931227774614102,0.5286380715622144,0.38083107264307886,1.1282957381810679
730,1,4,0,0.3333333333333333,0.3333333333333333,0.4380737082497885,0.5286380715622144,0.38083107264307886,1.1282957381810679
733,1,4,0,0.1666666666666666,0.6666666666666667,0.45445943667272565,0.5286380715622144,0.38083107264307886,1.1282957381810679
736,1,4,0,0.0,1.0,0.3432179469512031,0.5286380715622144,0.38083107264307886,1.1282957381810679
737,1,4,0,0.1666666666666666,0.6666666666666667,0.34456385870016215,0.5286380715622144,0.38083107264307886,1.1282957381810679
740,1,4,0,0.1666666666666666,0.6666666666666667,0.5678252769178767,0.5286380715622144,0.38083107264307886,1.1282957381810679
741,1,4,0,0.2,0.6,0.4928297627550461,0.5286380715622144,0.38083107264307886,1.1282957381810679
1,2,0,0,0.3333333333333333,0.3333333333333333,0.46370826178220803,0.52152091415738,0.5456291524349405,1.1633727907976348
4,2,0,1,0.6,0.1999999999999999,0.45065071663503203,0.52152091415738,0.5456291524349405,1.1633727907976348
6,2,0,0,0.2,0.6,0.189499011446118,0.52152091415738,0.5456291524349405,1.1633727907976348
10,2,0,0,0.0,1.0,0.21605870952551445,0.52152091415738,0.5456291524349405,1.1633727907976348
12,2,0,0,0.4,0.1999999999999999,0.2831299554768596,0.52152091415738,0.5456291524349405,1.1633727907976348
18,2,0,1,0.6,0.1999999999999999,0.43370252668284387,0.52152091415738,0.5456291524349405,1.1633727907976348
25,2,0,0,0.2,0.6,0.29000372183420586,0.52152091415738,0.5456291524349405,1.1633727907976348
33,2,0,0,0.4,0.1999999999999999,0.2912097527184497,0.52152091415738,0.5456291524349405,1.1633727907976348
38,2,0,0,0.0,1.0,0.4468203814518237,0.52152091415738,0.5456291524349405,1.1633727907976348
44,2,0,0,0.0,1.0,0.31335398169637363,0.52152091415738,0.5456291524349405,1.1633727907976348
48,2,0,1,0.6,0.1999999999999999,0.329474908774267,0.52152091415738,0.5456291524349405,1.1633727907976348
57,2,0,1,1.0,1.0,0.20500671474385818,0.52152091415738,0.5456291524349405,1.1633727907976348
60,2,0,0,0.0,1.0,0.3857355084270169,0.52152091415738,0.5456291524349405,1.1633727907976348
62,2,0,0,0.25,0.5,0.19851236705140599,0.52152091415738,0.5456291524349405,1.1633727907976348
70,2,0,0,0.0,1.0,0.4215768230179118,0.52152091415738,0.5456291524349405,1.1633727907976348
73,2,0,0,0.0,1.0,0.12110385861436507,0.52152091415738,0.5456291524349405,1.1633727907976348
74,2,0,0,0.0,1.0,0.4684513358911899,0.52152091415738,0.5456291524349405,1.1633727907976348
80,2,0,0,0.0,1.0,0.2637881255044843,0.52152091415738,0.5456291524349405,1.1633727907976348
81,2,0,0,0.0,1.0,0.24637001249336243,0.52152091415738,0.5456291524349405,1.1633727907976348
84,2,0,0,0.3333333333333333,0.3333333333333333,0.4576241032380652,0.52152091415738,0.5456291524349405,1.1633727907976348
91,2,0,0,0.25,0.5,0.4548683642592608,0.52152091415738,0.5456291524349405,1.1633727907976348
98,2,0,0,0.3333333333333333,0.3333333333333333,0.30315766911289443,0.52152091415738,0.5456291524349405,1.1633727907976348
104,2,0,0,0.1111111111111111,0.7777777777777778,0.29409610683475335,0.52152091415738,0.5456291524349405,1.1633727907976348
108,2,0,0,0.25,0.5,0.35978116918944153,0.52152091415738,0.5456291524349405,1.1633727907976348
114,2,0,0,0.1111111111111111,0.7777777777777778,0.37065724338621436,0.52152091415738,0.5456291524349405,1.1633727907976348
118,2,0,0,0.0,1.0,0.37342252561179123,0.52152091415738,0.5456291524349405,1.1633727907976348
133,2,0,1,0.8888888888888888,0.7777777777777777,0.35215154599395276,0.52152091415738,0.5456291524349405,1.1633727907976348
134,2,0,0,0.1111111111111111,0.7777777777777778,0.3176727508091302,0.52152091415738,0.5456291524349405,1.1633727907976348
136,2,0,0,0.3333333333333333,0.3333333333333333,0.4738548955427764,0.52152091415738,0.5456291524349405,1.1633727907976348
139,2,0,0,0.0,1.0,0.43993420782457393,0.52152091415738,0.5456291524349405,1.1633727907976348
141,2,0,0,0.0,1.0,0.34993858989582305,0.52152091415738,0.5456291524349405,1.1633727907976348
144,2,0,0,0.0,1.0,0.3213116894042169,0.52152091415738,0.5456291524349405,1.1633727907976348
152,2,0,0,0.0,1.0,0.2494695015020721,0.52152091415738,0.5456291524349405,1.1633727907976348
162,2,0,0,0.2,0.6,0.28981171993189064,0.52152091415738,0.5456291524349405,1.1633727907976348
165,2,0,0,0.0,1.0,0.42869341042443104,0.52152091415738,0.5456291524349405,1.1633727907976348
171,2,0,0,0.25,0.5,0.41500606728090433,0.52152091415738,0.5456291524349405,1.1633727907976348
173,2,0,0,0.25,0.5,0.24033979366493322,0.52152091415738,0.5456291524349405,1.1633727907976348
182,2,0,0,0.0,1.0,0.4295082665242858,0.52152091415738,0.5456291524349405,1.1633727907976348
185,2,0,0,0.25,0.5,0.30126804792837375,0.52152091415738,0.5456291524349405,1.1633727907976348
188,2,0,0,0.0,1.0,0.610374792517892,0.52152091415738,0.5456291524349405,1.1633727907976348
191,2,0,0,0.0,1.0,0.2812628004514545,0.52152091415738,0.5456291524349405,1.1633727907976348
203,2,0,0,0.2,0.6,0.20038274872626147,0.52152091415738,0.5456291524349405,1.1633727907976348
222,2,0,0,0.2,0.6,0.5520345374418205,0.52152091415738,0.5456291524349405,1.1633727907976348
244,2,0,1,0.6,0.1999999999999999,0.46624537324371895,0.52152091415738,0.5456291524349405,1.1633727907976348
248,2,0,0,0.4,0.1999999999999999,0.4463453150579156,0.52152091415738,0.5456291524349405,1.1633727907976348
250,2,0,0,0.4,0.1999999999999999,0.35530812486860036,0.52152091415738,0.5456291524349405,1.1633727907976348
253,2,0,0,0.0,1.0,0.3123398049295491,0.52152091415738,0.5456291524349405,1.1633727907976348
255,2,0,0,0.25,0.5,0.21062727240249204,0.52152091415738,0.5456291524349405,1.1633727907976348
257,2,0,0,0.25,0.5,0.22790063757071052,0.52152091415738,0.5456291524349405,1.1633727907976348
261,2,0,0,0.25,0.5,0.5046958894996182,0.52152091415738,0.5456291524349405,1.1633727907976348
263,2,0,0,0.2,0.6,0.3338019071653241,0.52152091415738,0.5456291524349405,1.1633727907976348
265,2,0,1,0.5,0.0,0.3681092620475686,0.52152091415738,0.5456291524349405,1.1633727907976348
272,2,0,1,0.5,0.0,0.40092739414967327,0.52152091415738,0.5456291524349405,1.1633727907976348
273,2,0,1,0.5,0.0,0.4191277268511662,0.52152091415738,0.5456291524349405,1.1633727907976348
276,2,0,0,0.2,0.6,0.30965952884041903,0.52152091415738,0.5456291524349405,1.1633727907976348
288,2,0,1,0.75,0.5,0.18795948595200707,0.52152091415738,0.5456291524349405,1.1633727907976348
322,2,0,1,0.6,0.1999999999999999,0.5861748804928901,0.52152091415738,0.5456291524349405,1.1633727907976348
324,2,0,0,0.2,0.6,0.6257773449568195,0.52152091415738,0.5456291524349405,1.1633727907976348
326,2,0,0,0.0,1.0,0.3270171257821555,0.52152091415738,0.5456291524349405,1.1633727907976348
327,2,0,0,0.0,1.0,0.561322721564239,0.52152091415738,0.5456291524349405,1.1633727907976348
328,2,0,1,0.6,0.1999999999999999,0.2820612803262682,0.52152091415738,0.5456291524349405,1.1633727907976348
331,2,0,0,0.0,1.0,0.329216329889983,0.52152091415738,0.5456291524349405,1.1633727907976348
339,2,0,0,0.0,1.0,0.3012068563962976,0.52152091415738,0.5456291524349405,1.1633727907976348
343,2,0,1,0.8,0.6000000000000001,0.5530781927942322,0.52152091415738,0.5456291524349405,1.1633727907976348
345,2,0,0,0.0,1.0,0.28982425713502613,0.52152091415738,0.5456291524349405,1.1633727907976348
346,2,0,1,0.6,0.1999999999999999,0.7830951979453306,0.52152091415738,0.5456291524349405,1.1633727907976348
352,2,0,0,0.25,0.5,0.4826311754088579,0.52152091415738,0.5456291524349405,1.1633727907976348
353,2,0,0,0.0,1.0,0.6704335850690578,0.52152091415738,0.5456291524349405,1.1633727907976348
357,2,0,1,0.5,0.0,0.34224011210268307,0.52152091415738,0.5456291524349405,1.1633727907976348
363,2,0,0,0.0,1.0,0.6462540860713214,0.52152091415738,0.5456291524349405,1.1633727907976348
367,2,0,0,0.25,0.5,0.3521703608028724,0.52152091415738,0.5456291524349405,1.1633727907976348
371,2,0,0,0.25,0.5,0.5704200052967577,0.52152091415738,0.5456291524349405,1.1633727907976348
373,2,0,0,0.0,1.0,0.5081126611590419,0.52152091415738,0.5456291524349405,1.1633727907976348
375,2,0,1,0.5,0.0,0.6915081040570339,0.52152091415738,0.5456291524349405,1.1633727907976348
387,2,0,0,0.0,1.0,0.38900366111028417,0.52152091415738,0.5456291524349405,1.1633727907976348
392,2,0,1,0.5,0.0,0.5723288340576627,0.52152091415738,0.5456291524349405,1.1633727907976348
393,2,0,0,0.25,0.5,0.5635070767845662,0.52152091415738,0.5456291524349405,1.1633727907976348
394,2,0,1,0.5,0.0,0.7653238620276341,0.52152091415738,0.5456291524349405,1.1633727907976348
395,2,0,1,0.5,0.0,0.8119241712573404,0.52152091415738,0.5456291524349405,1.1633727907976348
398,2,0,0,0.25,0.5,0.6860573683773717,0.52152091415738,0.5456291524349405,1.1633727907976348
402,2,0,1,0.6,0.1999999999999999,0.42149503766473284,0.52152091415738,0.5456291524349405,1.1633727907976348
412,2,0,1,1.0,1.0,0.8283204093229436,0.52152091415738,0.5456291524349405,1.1633727907976348
414,2,0,1,0.6,0.1999999999999999,0.8102782706754436,0.52152091415738,0.5456291524349405,1.1633727907976348
416,2,0,0,0.0,1.0,0.5024488832288524,0.52152091415738,0.5456291524349405,1.1633727907976348
421,2,0,0,0.2,0.6,0.5182610172643956,0.52152091415738,0.5456291524349405,1.1633727907976348
428,2,0,1,0.6,0.1999999999999999,0.47600568469958054,0.52152091415738,0.5456291524349405,1.1633727907976348
432,2,0,0,0.2,0.6,0.6448349963735542,0.52152091415738,0.5456291524349405,1.1633727907976348
435,2,0,0,0.4,0.1999999999999999,0.6082691979046547,0.52152091415738,0.5456291524349405,1.1633727907976348
438,2,0,0,0.1666666666666666,0.6666666666666667,0.3552137936101719,0.52152091415738,0.5456291524349405,1.1633727907976348
442,2,0,1,0.8,0.6000000000000001,0.756486388876011,0.52152091415738,0.5456291524349405,1.1633727907976348
444,2,0,0,0.2,0.6,0.7142992430800873,0.52152091415738,0.5456291524349405,1.1633727907976348
460,2,0,0,0.0,1.0,0.5380694099257335,0.52152091415738,0.5456291524349405,1.1633727907976348
465,2,0,1,0.5,0.0,0.7126190203227408,0.52152091415738,0.5456291524349405,1.1633727907976348
470,2,0,0,0.0,1.0,0.7879393444501808,0.52152091415738,0.5456291524349405,1.1633727907976348
471,2,0,0,0.0,1.0,0.8747952401198406,0.52152091415738,0.5456291524349405,1.1633727907976348
474,2,0,0,0.0,1.0,0.32359164175332283,0.52152091415738,0.5456291524349405,1.1633727907976348
475,2,0,0,0.25,0.5,0.5509718742012915,0.52152091415738,0.5456291524349405,1.1633727907976348
476,2,0,0,0.0,1.0,0.721807085137634,0.52152091415738,0.5456291524349405,1.1633727907976348
485,2,0,1,0.5,0.0,0.5250278919717078,0.52152091415738,0.5456291524349405,1.1633727907976348
489,2,0,0,0.0,1.0,0.6581886286261602,0.52152091415738,0.5456291524349405,1.1633727907976348
493,2,0,0,0.0,1.0,0.5054395080243588,0.52152091415738,0.5456291524349405,1.1633727907976348
498,2,0,0,0.0,1.0,0.45586165169306364,0.52152091415738,0.5456291524349405,1.1633727907976348
505,2,0,1,0.5,0.0,0.7570271535107,0.52152091415738,0.5456291524349405,1.1633727907976348
506,2,0,1,0.75,0.5,0.7878504943590833,0.52152091415738,0.5456291524349405,1.1633727907976348
515,2,0,0,0.25,0.5,0.5261564922465051,0.52152091415738,0.5456291524349405,1.1633727907976348
517,2,0,0,0.25,0.5,0.7308097446295936,0.52152091415738,0.5456291524349405,1.1633727907976348
525,2,0,0,0.2,0.6,0.17015622985310655,0.52152091415738,0.5456291524349405,1.1633727907976348
526,2,0,0,0.0,1.0,0.7781895165772895,0.52152091415738,0.5456291524349405,1.1633727907976348
531,2,0,1,0.75,0.5,0.6654614334670275,0.52152091415738,0.5456291524349405,1.1633727907976348
533,2,0,0,0.0,1.0,0.2853728324375851,0.52152091415738,0.5456291524349405,1.1633727907976348
534,2,0,1,0.75,0.5,0.6836459871631689,0.52152091415738,0.5456291524349405,1.1633727907976348
535,2,0,0,0.25,0.5,0.8435866794423377,0.52152091415738,0.5456291524349405,1.1633727907976348
545,2,0,0,0.25,0.5,0.6093345798591003,0.52152091415738,0.5456291524349405,1.1633727907976348
547,2,0,1,0.5,0.0,0.6936475716406999,0.52152091415738,0.5456291524349405,1.1633727907976348
548,2,0,1,0.5,0.0,0.5433507151363235,0.52152091415738,0.5456291524349405,1.1633727907976348
549,2,0,0,0.0,1.0,0.3243381253700252,0.52152091415738,0.5456291524349405,1.1633727907976348
552,2,0,1,0.6666666666666666,0.3333333333333332,0.707595960289171,0.52152091415738,0.5456291524349405,1.1633727907976348
563,2,0,0,0.0,1.0,0.7664785116867973,0.52152091415738,0.5456291524349405,1.1633727907976348
571,2,0,1,0.5,0.0,0.6577475116356409,0.52152091415738,0.5456291524349405,1.1633727907976348
573,2,0,0,0.3333333333333333,0.3333333333333333,0.7323398401858549,0.52152091415738,0.5456291524349405,1.1633727907976348
577,2,0,0,0.1666666666666666,0.6666666666666667,0.7429274707754152,0.52152091415738,0.5456291524349405,1.1633727907976348
581,2,0,0,0.3333333333333333,0.3333333333333333,0.6394524846610935,0.52152091415738,0.5456291524349405,1.1633727907976348
583,2,0,1,0.5,0.0,0.8591363275061504,0.52152091415738,0.5456291524349405,1.1633727907976348
584,2,0,1,0.6666666666666666,0.3333333333333332,0.8962666822243643,0.52152091415738,0.5456291524349405,1.1633727907976348
588,2,0,0,0.1666666666666666,0.6666666666666667,0.8700415421340242,0.52152091415738,0.5456291524349405,1.1633727907976348
594,2,0,0,0.0,1.0,0.6457923449954521,0.52152091415738,0.5456291524349405,1.1633727907976348
601,2,0,0,0.0,1.0,0.3113470946385397,0.52152091415738,0.5456291524349405,1.1633727907976348
606,2,0,0,0.25,0.5,0.45659185912093636,0.52152091415738,0.5456291524349405,1.1633727907976348
615,2,0,1,0.75,0.5,0.7858376477207969,0.52152091415738,0.5456291524349405,1.1633727907976348
620,2,0,1,0.75,0.5,0.748742887578417,0.52152091415738,0.5456291524349405,1.1633727907976348
652,2,0,0,0.0,1.0,0.21651945710587103,0.52152091415738,0.5456291524349405,1.1633727907976348
655,2,0,1,0.6666666666666666,0.3333333333333332,0.47104092485526927,0.52152091415738,0.5456291524349405,1.1633727907976348
656,2,0,1,0.6666666666666666,0.3333333333333332,0.7098418042593007,0.52152091415738,0.5456291524349405,1.1633727907976348
660,2,0,0,0.1666666666666666,0.6666666666666667,0.5697949959846524,0.52152091415738,0.5456291524349405,1.1633727907976348
661,2,0,1,0.8333333333333334,0.6666666666666667,0.8794379180450715,0.52152091415738,0.5456291524349405,1.1633727907976348
662,2,0,0,0.0,1.0,0.46586132267960584,0.52152091415738,0.5456291524349405,1.1633727907976348
674,2,0,0,0.3333333333333333,0.3333333333333333,0.4933912947529855,0.52152091415738,0.5456291524349405,1.1633727907976348
680,2,0,0,0.0,1.0,0.3711935552692886,0.52152091415738,0.5456291524349405,1.1633727907976348
684,2,0,0,0.0,1.0,0.8171390773114099,0.52152091415738,0.5456291524349405,1.1633727907976348
689,2,0,0,0.0,1.0,0.3624962204492173,0.52152091415738,0.5456291524349405,1.1633727907976348
699,2,0,0,0.1666666666666666,0.6666666666666667,0.682274020108942,0.52152091415738,0.5456291524349405,1.1633727907976348
701,2,0,0,0.1666666666666666,0.6666666666666667,0.7165201800934355,0.52152091415738,0.5456291524349405,1.1633727907976348
721,2,0,0,0.3333333333333333,0.3333333333333333,0.43566967937570555,0.52152091415738,0.5456291524349405,1.1633727907976348
723,2,0,0,0.1666666666666666,0.6666666666666667,0.4616187216940805,0.52152091415738,0.5456291524349405,1.1633727907976348
737,2,0,0,0.1666666666666666,0.6666666666666667,0.34635218595378925,0.52152091415738,0.5456291524349405,1.1633727907976348
739,2,0,0,0.3333333333333333,0.3333333333333333,0.41628847080256076,0.52152091415738,0.5456291524349405,1.1633727907976348
742,2,0,1,0.5,0.0,0.5798601648807619,0.52152091415738,0.5456291524349405,1.1633727907976348
13,2,1,0,0.2,0.6,0.26358427075710295,0.5175896857584047,0.10913915194351403,1.1847807643499622
14,2,1,0,0.2,0.6,0.4055916840411156,0.5175896857584047,0.10913915194351403,1.1847807643499622
16,2,1,1,0.6,0.1999999999999999,0.24839615987518407,0.5175896857584047,0.10913915194351403,1.1847807643499622
20,2,1,0,0.25,0.5,0.268036988037634,0.5175896857584047,0.10913915194351403,1.1847807643499622
29,2,1,0,0.2,0.6,0.39390335662921455,0.5175896857584047,0.10913915194351403,1.1847807643499622
34,2,1,0,0.1666666666666666,0.6666666666666667,0.5975578651590516,0.5175896857584047,0.10913915194351403,1.1847807643499622
35,2,1,1,0.5,0.0,0.24151329722637518,0.5175896857584047,0.10913915194351403,1.1847807643499622
46,2,1,0,0.4,0.1999999999999999,0.6447508213664328,0.5175896857584047,0.10913915194351403,1.1847807643499622
67,2,1,0,0.0,1.0,0.21212686789229365,0.5175896857584047,0.10913915194351403,1.1847807643499622
82,2,1,0,0.25,0.5,0.2838143350038706,0.5175896857584047,0.10913915194351403,1.1847807643499622
83,2,1,0,0.25,0.5,0.4961703549167177,0.5175896857584047,0.10913915194351403,1.1847807643499622
85,2,1,0,0.25,0.5,0.3878563161461408,0.5175896857584047,0.10913915194351403,1.1847807643499622
88,2,1,1,0.5,0.0,0.264825518343118,0.5175896857584047,0.10913915194351403,1.1847807643499622
93,2,1,0,0.0,1.0,0.27868330450496276,0.5175896857584047,0.10913915194351403,1.1847807643499622
103,2,1,0,0.1111111111111111,0.7777777777777778,0.3221222287169348,0.5175896857584047,0.10913915194351403,1.1847807643499622
116,2,1,0,0.0,1.0,0.2223681703340119,0.5175896857584047,0.10913915194351403,1.1847807643499622
122,2,1,0,0.0,1.0,0.2711657191779745,0.5175896857584047,0.10913915194351403,1.1847807643499622
123,2,1,0,0.0,1.0,0.21956783133577887,0.5175896857584047,0.10913915194351403,1.1847807643499622
124,2,1,0,0.0,1.0,0.3868774869593465,0.5175896857584047,0.10913915194351403,1.1847807643499622
127,2,1,1,0.6666666666666666,0.3333333333333332,0.3842254316701752,0.5175896857584047,0.10913915194351403,1.1847807643499622
128,2,1,0,0.1111111111111111,0.7777777777777778,0.21837421619981034,0.5175896857584047,0.10913915194351403,1.1847807643499622
131,2,1,0,0.0,1.0,0.40715709125198224,0.5175896857584047,0.10913915194351403,1.1847807643499622
132,2,1,0,0.2222222222222222,0.5555555555555556,0.40343038018369165,0.5175896857584047,0.10913915194351403,1.1847807643499622
143,2,1,1,0.5555555555555556,0.1111111111111111,0.4392718222943272,0.5175896857584047,0.10913915194351403,1.1847807643499622
149,2,1,0,0.3333333333333333,0.3333333333333333,0.22854338434952465,0.5175896857584047,0.10913915194351403,1.1847807643499622
153,2,1,0,0.0,1.0,0.3488159689770205,0.5175896857584047,0.10913915194351403,1.1847807643499622
157,2,1,0,0.25,0.5,0.24996277754475008,0.5175896857584047,0.10913915194351403,1.1847807643499622
159,2,1,0,0.0,1.0,0.36487194962422376,0.5175896857584047,0.10913915194351403,1.1847807643499622
176,2,1,0,0.0,1.0,0.26742278369865574,0.5175896857584047,0.10913915194351403,1.1847807643499622
181,2,1,1,0.5,0.0,0.24292040236984824,0.5175896857584047,0.10913915194351403,1.1847807643499622
184,2,1,0,0.0,1.0,0.2814262626130707,0.5175896857584047,0.10913915194351403,1.1847807643499622
190,2,1,0,0.25,0.5,0.28241413151154826,0.5175896857584047,0.10913915194351403,1.1847807643499622
196,2,1,1,0.5,0.0,0.34941241787812555,0.5175896857584047,0.10913915194351403,1.1847807643499622
198,2,1,0,0.0,1.0,0.33860514308038925,0.5175896857584047,0.10913915194351403,1.1847807643499622
199,2,1,0,0.25,0.5,0.33308594167554406,0.5175896857584047,0.10913915194351403,1.1847807643499622
207,2,1,0,0.2,0.6,0.3284697198889361,0.5175896857584047,0.10913915194351403,1.1847807643499622
208,2,1,0,0.0,1.0,0.31672402920910386,0.5175896857584047,0.10913915194351403,1.1847807643499622
212,2,1,0,0.2,0.6,0.24254866070872988,0.5175896857584047,0.10913915194351403,1.1847807643499622
216,2,1,0,0.0,1.0,0.3423689458386125,0.5175896857584047,0.10913915194351403,1.1847807643499622
224,2,1,0,0.4,0.1999999999999999,0.43962507761647557,0.5175896857584047,0.10913915194351403,1.1847807643499622
227,2,1,1,1.0,1.0,0.40581866192864713,0.5175896857584047,0.10913915194351403,1.1847807643499622
229,2,1,0,0.0,1.0,0.22269618452577938,0.5175896857584047,0.10913915194351403,1.1847807643499622
235,2,1,0,0.0,1.0,0.3581562032827845,0.5175896857584047,0.10913915194351403,1.1847807643499622
240,2,1,0,0.2,0.6,0.3452753357014682,0.5175896857584047,0.10913915194351403,1.1847807643499622
245,2,1,0,0.0,1.0,0.42761268054214296,0.5175896857584047,0.10913915194351403,1.1847807643499622
247,2,1,0,0.2,0.6,0.38081950386844865,0.5175896857584047,0.10913915194351403,1.1847807643499622
258,2,1,0,0.0,1.0,0.36383332555503195,0.5175896857584047,0.10913915194351403,1.1847807643499622
262,2,1,1,0.5,0.0,0.32357948464689745,0.5175896857584047,0.10913915194351403,1.1847807643499622
277,2,1,1,0.5,0.0,0.5179265723823661,0.5175896857584047,0.10913915194351403,1.1847807643499622
278,2,1,0,0.25,0.5,0.2750231906841866,0.5175896857584047,0.10913915194351403,1.1847807643499622
279,2,1,0,0.2,0.6,0.20783086718325042,0.5175896857584047,0.10913915194351403,1.1847807643499622
285,2,1,0,0.4,0.1999999999999999,0.3457026633020946,0.5175896857584047,0.10913915194351403,1.1847807643499622
287,2,1,0,0.25,0.5,0.4019100566872644,0.5175896857584047,0.10913915194351403,1.1847807643499622
291,2,1,0,0.0,1.0,0.5131914005961904,0.5175896857584047,0.10913915194351403,1.1847807643499622
292,2,1,0,0.25,0.5,0.5825762061158258,0.5175896857584047,0.10913915194351403,1.1847807643499622
293,2,1,1,0.5,0.0,0.43325188429499967,0.5175896857584047,0.10913915194351403,1.1847807643499622
295,2,1,0,0.0,1.0,0.2517136265174816,0.5175896857584047,0.10913915194351403,1.1847807643499622
300,2,1,0,0.0,1.0,0.41005142281819923,0.5175896857584047,0.10913915194351403,1.1847807643499622
304,2,1,1,0.8,0.6000000000000001,0.3707956296426884,0.5175896857584047,0.10913915194351403,1.1847807643499622
307,2,1,0,0.4,0.1999999999999999,0.36261075721512115,0.5175896857584047,0.10913915194351403,1.1847807643499622
309,2,1,1,0.8,0.6000000000000001,0.7171783634652604,0.5175896857584047,0.10913915194351403,1.1847807643499622
318,2,1,0,0.4,0.1999999999999999,0.3963698975232804,0.5175896857584047,0.10913915194351403,1.1847807643499622
347,2,1,0,0.4,0.1999999999999999,0.5022536309648217,0.5175896857584047,0.10913915194351403,1.1847807643499622
349,2,1,0,0.0,1.0,0.31650810652193617,0.5175896857584047,0.10913915194351403,1.1847807643499622
351,2,1,0,0.0,1.0,0.41401487508467294,0.5175896857584047,0.10913915194351403,1.1847807643499622
358,2,1,0,0.25,0.5,0.6723133149850155,0.5175896857584047,0.10913915194351403,1.1847807643499622
359,2,1,0,0.25,0.5,0.47295211790712965,0.5175896857584047,0.10913915194351403,1.1847807643499622
360,2,1,0,0.25,0.5,0.6517956080856179,0.5175896857584047,0.10913915194351403,1.1847807643499622
372,2,1,0,0.25,0.5,0.5588459978113729,0.5175896857584047,0.10913915194351403,1.1847807643499622
374,2,1,1,0.5,0.0,0.5950852486407033,0.5175896857584047,0.10913915194351403,1.1847807643499622
381,2,1,1,0.75,0.5,0.39667544566142054,0.5175896857584047,0.10913915194351403,1.1847807643499622
382,2,1,1,0.5,0.0,0.5702806956821594,0.5175896857584047,0.10913915194351403,1.1847807643499622
383,2,1,0,0.0,1.0,0.34137776429224576,0.5175896857584047,0.10913915194351403,1.1847807643499622
384,2,1,0,0.25,0.5,0.5584114571934439,0.5175896857584047,0.10913915194351403,1.1847807643499622
389,2,1,0,0.25,0.5,0.7888974364684386,0.5175896857584047,0.10913915194351403,1.1847807643499622
399,2,1,0,0.25,0.5,0.44729828414744427,0.5175896857584047,0.10913915194351403,1.1847807643499622
401,2,1,0,0.2,0.6,0.6918679813535406,0.5175896857584047,0.10913915194351403,1.1847807643499622
405,2,1,0,0.0,1.0,0.647155416768783,0.5175896857584047,0.10913915194351403,1.1847807643499622
420,2,1,0,0.0,1.0,0.4328516842412363,0.5175896857584047,0.10913915194351403,1.1847807643499622
427,2,1,1,0.6,0.1999999999999999,0.7513262376023743,0.5175896857584047,0.10913915194351403,1.1847807643499622
430,2,1,1,0.6,0.1999999999999999,0.6987805134241796,0.5175896857584047,0.10913915194351403,1.1847807643499622
431,2,1,0,0.4,0.1999999999999999,0.5105541587096954,0.5175896857584047,0.10913915194351403,1.1847807643499622
433,2,1,0,0.0,1.0,0.40821333986371644,0.5175896857584047,0.10913915194351403,1.1847807643499622
447,2,1,0,0.0,1.0,0.3482685279363888,0.5175896857584047,0.10913915194351403,1.1847807643499622
456,2,1,1,0.5,0.0,0.6331900926173114,0.5175896857584047,0.10913915194351403,1.1847807643499622
458,2,1,0,0.0,1.0,0.5031257132972272,0.5175896857584047,0.10913915194351403,1.1847807643499622
461,2,1,1,0.5,0.0,0.715669641052152,0.5175896857584047,0.10913915194351403,1.1847807643499622
464,2,1,0,0.0,1.0,0.717398755586886,0.5175896857584047,0.10913915194351403,1.1847807643499622
477,2,1,0,0.0,1.0,0.4119723265264386,0.5175896857584047,0.10913915194351403,1.1847807643499622
488,2,1,1,0.5,0.0,0.6968855815479483,0.5175896857584047,0.10913915194351403,1.1847807643499622
492,2,1,0,0.3333333333333333,0.3333333333333333,0.4007296120501801,0.5175896857584047,0.10913915194351403,1.1847807643499622
503,2,1,0,0.0,1.0,0.5811191582865878,0.5175896857584047,0.10913915194351403,1.1847807643499622
508,2,1,1,0.75,0.5,0.5628106438982211,0.5175896857584047,0.10913915194351403,1.1847807643499622
509,2,1,0,0.25,0.5,0.5609577805685887,0.5175896857584047,0.10913915194351403,1.1847807643499622
510,2,1,1,0.5,0.0,0.625024317386719,0.5175896857584047,0.10913915194351403,1.1847807643499622
520,2,1,1,0.5,0.0,0.5431306726449271,0.5175896857584047,0.10913915194351403,1.1847807643499622
521,2,1,1,0.75,0.5,0.767230860521307,0.5175896857584047,0.10913915194351403,1.1847807643499622
524,2,1,0,0.0,1.0,0.6819495473963917,0.5175896857584047,0.10913915194351403,1.1847807643499622
528,2,1,0,0.0,1.0,0.3616173091577947,0.5175896857584047,0.10913915194351403,1.1847807643499622
538,2,1,0,0.0,1.0,0.7679803041857691,0.5175896857584047,0.10913915194351403,1.1847807643499622
539,2,1,0,0.25,0.5,0.530909016793788,0.5175896857584047,0.10913915194351403,1.1847807643499622
541,2,1,1,0.5,0.0,0.7870035515254209,0.5175896857584047,0.10913915194351403,1.1847807643499622
542,2,1,0,0.25,0.5,0.52782146759908,0.5175896857584047,0.10913915194351403,1.1847807643499622
543,2,1,1,0.5,0.0,0.6859361347513543,0.5175896857584047,0.10913915194351403,1.1847807643499622
550,2,1,0,0.0,1.0,0.6404531032828836,0.5175896857584047,0.10913915194351403,1.1847807643499622
568,2,1,1,1.0,1.0,0.6297937714635309,0.5175896857584047,0.10913915194351403,1.1847807643499622
569,2,1,0,0.1666666666666666,0.6666666666666667,0.5653000085716229,0.5175896857584047,0.10913915194351403,1.1847807643499622
575,2,1,1,0.5,0.0,0.7640641630850998,0.5175896857584047,0.10913915194351403,1.1847807643499622
579,2,1,0,0.3333333333333333,0.3333333333333333,0.5776821634780851,0.5175896857584047,0.10913915194351403,1.1847807643499622
580,2,1,0,0.3333333333333333,0.3333333333333333,0.5158118286495893,0.5175896857584047,0.10913915194351403,1.1847807643499622
582,2,1,1,0.5,0.0,0.651347853646356,0.5175896857584047,0.10913915194351403,1.1847807643499622
586,2,1,1,0.6666666666666666,0.3333333333333332,0.7201448281089756,0.5175896857584047,0.10913915194351403,1.1847807643499622
590,2,1,0,0.3333333333333333,0.3333333333333333,0.6995367614427358,0.5175896857584047,0.10913915194351403,1.1847807643499622
592,2,1,1,0.6,0.1999999999999999,0.8602292238833794,0.5175896857584047,0.10913915194351403,1.1847807643499622
593,2,1,1,0.5,0.0,0.5550665952602101,0.5175896857584047,0.10913915194351403,1.1847807643499622
595,2,1,1,0.8333333333333334,0.6666666666666667,0.654085133695072,0.5175896857584047,0.10913915194351403,1.1847807643499622
600,2,1,0,0.1666666666666666,0.6666666666666667,0.6342445732967968,0.5175896857584047,0.10913915194351403,1.1847807643499622
602,2,1,0,0.25,0.5,0.5919232591817953,0.5175896857584047,0.10913915194351403,1.1847807643499622
603,2,1,1,0.5,0.0,0.48681432782910067,0.5175896857584047,0.10913915194351403,1.1847807643499622
604,2,1,1,0.75,0.5,0.5794267514245259,0.5175896857584047,0.10913915194351403,1.1847807643499622
605,2,1,1,0.5,0.0,0.625670044097839,0.5175896857584047,0.10913915194351403,1.1847807643499622
610,2,1,0,0.25,0.5,0.620261507082768,0.5175896857584047,0.10913915194351403,1.1847807643499622
612,2,1,0,0.0,1.0,0.19215606775177882,0.5175896857584047,0.10913915194351403,1.1847807643499622
617,2,1,1,0.5,0.0,0.7194323622825066,0.5175896857584047,0.10913915194351403,1.1847807643499622
619,2,1,0,0.25,0.5,0.7494829905915956,0.5175896857584047,0.10913915194351403,1.1847807643499622
625,2,1,0,0.0,1.0,0.5032927588684154,0.5175896857584047,0.10913915194351403,1.1847807643499622
638,2,1,0,0.25,0.5,0.7134373998580269,0.5175896857584047,0.10913915194351403,1.1847807643499622
659,2,1,1,0.6666666666666666,0.3333333333333332,0.6121683032991609,0.5175896857584047,0.10913915194351403,1.1847807643499622
663,2,1,0,0.3333333333333333,0.3333333333333333,0.6590827366595052,0.5175896857584047,0.10913915194351403,1.1847807643499622
665,2,1,0,0.1666666666666666,0.6666666666666667,0.5534045327496556,0.5175896857584047,0.10913915194351403,1.1847807643499622
672,2,1,0,0.0,1.0,0.5331941122010031,0.5175896857584047,0.10913915194351403,1.1847807643499622
677,2,1,1,0.6666666666666666,0.3333333333333332,0.6473198402605826,0.5175896857584047,0.10913915194351403,1.1847807643499622
678,2,1,0,0.3333333333333333,0.3333333333333333,0.538237131383313,0.5175896857584047,0.10913915194351403,1.1847807643499622
679,2,1,0,0.4,0.1999999999999999,0.3498491833875326,0.5175896857584047,0.10913915194351403,1.1847807643499622
688,2,1,0,0.1666666666666666,0.6666666666666667,0.3550633554213285,0.5175896857584047,0.10913915194351403,1.1847807643499622
690,2,1,0,0.0,1.0,0.3460436955077846,0.5175896857584047,0.10913915194351403,1.1847807643499622
696,2,1,0,0.1666666666666666,0.6666666666666667,0.4486927720785611,0.5175896857584047,0.10913915194351403,1.1847807643499622
697,2,1,1,0.5,0.0,0.6540393956736065,0.5175896857584047,0.10913915194351403,1.1847807643499622
706,2,1,1,0.6666666666666666,0.3333333333333332,0.5611407734830393,0.5175896857584047,0.10913915194351403,1.1847807643499622
708,2,1,0,0.0,1.0,0.40666001598923707,0.5175896857584047,0.10913915194351403,1.1847807643499622
712,2,1,0,0.1666666666666666,0.6666666666666667,0.42203353950651895,0.5175896857584047,0.10913915194351403,1.1847807643499622
724,2,1,0,0.2,0.6,0.3997473090402802,0.5175896857584047,0.10913915194351403,1.1847807643499622
726,2,1,0,0.0,1.0,0.42877896272318183,0.5175896857584047,0.10913915194351403,1.1847807643499622
728,2,1,0,0.2,0.6,0.3594509505152024,0.5175896857584047,0.10913915194351403,1.1847807643499622
733,2,1,0,0.1666666666666666,0.6666666666666667,0.3638329734686783,0.5175896857584047,0.10913915194351403,1.1847807643499622
735,2,1,0,0.0,1.0,0.3218015709595024,0.5175896857584047,0.10913915194351403,1.1847807643499622
736,2,1,0,0.0,1.0,0.42813061731903107,0.5175896857584047,0.10913915194351403,1.1847807643499622
11,2,2,1,0.6,0.1999999999999999,0.3111284990398478,0.5267309105580673,0.6757887009783066,1.0578085346022297
15,2,2,0,0.4,0.1999999999999999,0.27772785577037806,0.5267309105580673,0.6757887009783066,1.0578085346022297
21,2,2,0,0.2,0.6,0.4049844167815062,0.5267309105580673,0.6757887009783066,1.0578085346022297
24,2,2,0,0.0,1.0,0.24899152709764863,0.5267309105580673,0.6757887009783066,1.0578085346022297
27,2,2,0,0.2,0.6,0.2554780467167319,0.5267309105580673,0.6757887009783066,1.0578085346022297
28,2,2,0,0.2,0.6,0.3798043407299542,0.5267309105580673,0.6757887009783066,1.0578085346022297
30,2,2,0,0.2,0.6,0.3075625241445368,0.5267309105580673,0.6757887009783066,1.0578085346022297
31,2,2,0,0.1666666666666666,0.6666666666666667,0.22178794703169957,0.5267309105580673,0.6757887009783066,1.0578085346022297
37,2,2,0,0.2,0.6,0.269015601897272,0.5267309105580673,0.6757887009783066,1.0578085346022297
47,2,2,0,0.25,0.5,0.30454503979822445,0.5267309105580673,0.6757887009783066,1.0578085346022297
58,2,2,0,0.25,0.5,0.3683843577273478,0.5267309105580673,0.6757887009783066,1.0578085346022297
59,2,2,0,0.25,0.5,0.24421691446412075,0.5267309105580673,0.6757887009783066,1.0578085346022297
61,2,2,0,0.2,0.6,0.15343879937717114,0.5267309105580673,0.6757887009783066,1.0578085346022297
64,2,2,0,0.3333333333333333,0.3333333333333333,0.26441537016286176,0.5267309105580673,0.6757887009783066,1.0578085346022297
71,2,2,0,0.0,1.0,0.260897874112894,0.5267309105580673,0.6757887009783066,1.0578085346022297
76,2,2,0,0.25,0.5,0.34352680874925967,0.5267309105580673,0.6757887009783066,1.0578085346022297
87,2,2,0,0.0,1.0,0.37358522328862515,0.5267309105580673,0.6757887009783066,1.0578085346022297
94,2,2,0,0.25,0.5,0.24861310514270793,0.5267309105580673,0.6757887009783066,1.0578085346022297
95,2,2,0,0.25,0.5,0.22525595461990533,0.5267309105580673,0.6757887009783066,1.0578085346022297
97,2,2,0,0.25,0.5,0.23907417180866275,0.5267309105580673,0.6757887009783066,1.0578085346022297
101,2,2,0,0.3333333333333333,0.3333333333333333,0.2479262608076439,0.5267309105580673,0.6757887009783066,1.0578085346022297
105,2,2,0,0.0,1.0,0.4476251530865842,0.5267309105580673,0.6757887009783066,1.0578085346022297
111,2,2,0,0.1111111111111111,0.7777777777777778,0.254134055207368,0.5267309105580673,0.6757887009783066,1.0578085346022297
113,2,2,0,0.1111111111111111,0.7777777777777778,0.31754754075418773,0.5267309105580673,0.6757887009783066,1.0578085346022297
120,2,2,0,0.0,1.0,0.4147717101520587,0.5267309105580673,0.6757887009783066,1.0578085346022297
129,2,2,0,0.2,0.6,0.5130287537553598,0.5267309105580673,0.6757887009783066,1.0578085346022297
142,2,2,0,0.0,1.0,0.3464899638459898,0.5267309105580673,0.6757887009783066,1.0578085346022297
148,2,2,0,0.1111111111111111,0.7777777777777778,0.27996730502384326,0.5267309105580673,0.6757887009783066,1.0578085346022297
150,2,2,0,0.0,1.0,0.3478958164224089,0.5267309105580673,0.6757887009783066,1.0578085346022297
151,2,2,0,0.0,1.0,0.4054575367043513,0.5267309105580673,0.6757887009783066,1.0578085346022297
156,2,2,0,0.25,0.5,0.21898398515948472,0.5267309105580673,0.6757887009783066,1.0578085346022297
158,2,2,0,0.0,1.0,0.23588833143643131,0.5267309105580673,0.6757887009783066,1.0578085346022297
163,2,2,0,0.25,0.5,0.4249780146210578,0.5267309105580673,0.6757887009783066,1.0578085346022297
167,2,2,0,0.0,1.0,0.43694160143950356,0.5267309105580673,0.6757887009783066,1.0578085346022297
168,2,2,0,0.25,0.5,0.48239896886547456,0.5267309105580673,0.6757887009783066,1.0578085346022297
177,2,2,0,0.0,1.0,0.5206327275102517,0.5267309105580673,0.6757887009783066,1.0578085346022297
179,2,2,0,0.25,0.5,0.5666255506732114,0.5267309105580673,0.6757887009783066,1.0578085346022297
187,2,2,0,0.0,1.0,0.3672207286916289,0.5267309105580673,0.6757887009783066,1.0578085346022297
189,2,2,1,0.5,0.0,0.3594976995571741,0.5267309105580673,0.6757887009783066,1.0578085346022297
201,2,2,0,0.25,0.5,0.3863325124606679,0.5267309105580673,0.6757887009783066,1.0578085346022297
205,2,2,0,0.2,0.6,0.3253544575439894,0.5267309105580673,0.6757887009783066,1.0578085346022297
206,2,2,1,0.5,0.0,0.3258781735937722,0.5267309105580673,0.6757887009783066,1.0578085346022297
213,2,2,0,0.4,0.1999999999999999,0.35030607736737335,0.5267309105580673,0.6757887009783066,1.0578085346022297
214,2,2,0,0.2,0.6,0.2802141405069373,0.5267309105580673,0.6757887009783066,1.0578085346022297
220,2,2,0,0.4,0.1999999999999999,0.30332910875995994,0.5267309105580673,0.6757887009783066,1.0578085346022297
223,2,2,0,0.2,0.6,0.2657506555483602,0.5267309105580673,0.6757887009783066,1.0578085346022297
237,2,2,0,0.4,0.1999999999999999,0.37931937792187453,0.5267309105580673,0.6757887009783066,1.0578085346022297
238,2,2,0,0.25,0.5,0.31681841205362304,0.5267309105580673,0.6757887009783066,1.0578085346022297
241,2,2,1,0.6,0.1999999999999999,0.366908408279618,0.5267309105580673,0.6757887009783066,1.0578085346022297
249,2,2,1,0.6,0.1999999999999999,0.39420682794121337,0.5267309105580673,0.6757887009783066,1.0578085346022297
252,2,2,0,0.0,1.0,0.2171365912770826,0.5267309105580673,0.6757887009783066,1.0578085346022297
259,2,2,0,0.0,1.0,0.312562468386008,0.5267309105580673,0.6757887009783066,1.0578085346022297
264,2,2,0,0.25,0.5,0.38604214573519685,0.5267309105580673,0.6757887009783066,1.0578085346022297
268,2,2,1,0.5,0.0,0.26178750543368723,0.5267309105580673,0.6757887009783066,1.0578085346022297
269,2,2,1,0.5,0.0,0.3589389664006028,0.5267309105580673,0.6757887009783066,1.0578085346022297
270,2,2,0,0.0,1.0,0.4450628108225387,0.5267309105580673,0.6757887009783066,1.0578085346022297
271,2,2,0,0.0,1.0,0.4012988796801211,0.5267309105580673,0.6757887009783066,1.0578085346022297
275,2,2,1,0.5,0.0,0.47809134641114365,0.5267309105580673,0.6757887009783066,1.0578085346022297
280,2,2,0,0.25,0.5,0.4657745230377555,0.5267309105580673,0.6757887009783066,1.0578085346022297
281,2,2,0,0.0,1.0,0.3511507913427036,0.5267309105580673,0.6757887009783066,1.0578085346022297
283,2,2,0,0.25,0.5,0.4839882317059971,0.5267309105580673,0.6757887009783066,1.0578085346022297
284,2,2,1,0.5,0.0,0.3879204661121805,0.5267309105580673,0.6757887009783066,1.0578085346022297
286,2,2,0,0.2,0.6,0.17112780946908127,0.5267309105580673,0.6757887009783066,1.0578085346022297
290,2,2,0,0.0,1.0,0.4601658678157607,0.5267309105580673,0.6757887009783066,1.0578085346022297
296,2,2,0,0.0,1.0,0.2552479362270061,0.5267309105580673,0.6757887009783066,1.0578085346022297
298,2,2,0,0.25,0.5,0.45294514584422957,0.5267309105580673,0.6757887009783066,1.0578085346022297
303,2,2,0,0.0,1.0,0.300223165116639,0.5267309105580673,0.6757887009783066,1.0578085346022297
306,2,2,0,0.0,1.0,0.4684738326541132,0.5267309105580673,0.6757887009783066,1.0578085346022297
310,2,2,0,0.2,0.6,0.4497700702196469,0.5267309105580673,0.6757887009783066,1.0578085346022297
312,2,2,0,0.0,1.0,0.31632345307029813,0.5267309105580673,0.6757887009783066,1.0578085346022297
316,2,2,0,0.4,0.1999999999999999,0.4804979824260407,0.5267309105580673,0.6757887009783066,1.0578085346022297
333,2,2,0,0.0,1.0,0.3003199606588916,0.5267309105580673,0.6757887009783066,1.0578085346022297
335,2,2,1,0.5,0.0,0.3352089949948745,0.5267309105580673,0.6757887009783066,1.0578085346022297
338,2,2,0,0.4,0.1999999999999999,0.336826751868932,0.5267309105580673,0.6757887009783066,1.0578085346022297
342,2,2,0,0.2,0.6,0.39516984408001726,0.5267309105580673,0.6757887009783066,1.0578085346022297
354,2,2,0,0.25,0.5,0.5229222086282594,0.5267309105580673,0.6757887009783066,1.0578085346022297
355,2,2,0,0.25,0.5,0.47234966896656205,0.5267309105580673,0.6757887009783066,1.0578085346022297
361,2,2,0,0.0,1.0,0.2852194408413027,0.5267309105580673,0.6757887009783066,1.0578085346022297
364,2,2,1,0.5,0.0,0.47206125184268566,0.5267309105580673,0.6757887009783066,1.0578085346022297
376,2,2,1,0.5,0.0,0.7353335271699126,0.5267309105580673,0.6757887009783066,1.0578085346022297
378,2,2,1,0.5,0.0,0.5618351190888076,0.5267309105580673,0.6757887009783066,1.0578085346022297
379,2,2,1,0.75,0.5,0.7010337446713857,0.5267309105580673,0.6757887009783066,1.0578085346022297
388,2,2,1,0.5,0.0,0.6481621859894077,0.5267309105580673,0.6757887009783066,1.0578085346022297
390,2,2,1,0.75,0.5,0.6879862748615151,0.5267309105580673,0.6757887009783066,1.0578085346022297
406,2,2,1,0.6,0.1999999999999999,0.5504637422364591,0.5267309105580673,0.6757887009783066,1.0578085346022297
409,2,2,0,0.4,0.1999999999999999,0.8836718423313762,0.5267309105580673,0.6757887009783066,1.0578085346022297
411,2,2,0,0.2,0.6,0.718422110358853,0.5267309105580673,0.6757887009783066,1.0578085346022297
413,2,2,0,0.0,1.0,0.7732061419911719,0.5267309105580673,0.6757887009783066,1.0578085346022297
418,2,2,0,0.0,1.0,0.6433802918448557,0.5267309105580673,0.6757887009783066,1.0578085346022297
422,2,2,1,0.6,0.1999999999999999,0.45500238948951627,0.5267309105580673,0.6757887009783066,1.0578085346022297
424,2,2,1,0.6,0.1999999999999999,0.35581991049362977,0.5267309105580673,0.6757887009783066,1.0578085346022297
429,2,2,0,0.0,1.0,0.6410378973903952,0.5267309105580673,0.6757887009783066,1.0578085346022297
434,2,2,0,0.0,1.0,0.4652981597003409,0.5267309105580673,0.6757887009783066,1.0578085346022297
441,2,2,0,0.2,0.6,0.7674809748343648,0.5267309105580673,0.6757887009783066,1.0578085346022297
445,2,2,0,0.0,1.0,0.6124266319097307,0.5267309105580673,0.6757887009783066,1.0578085346022297
446,2,2,0,0.2,0.6,0.6853512843427154,0.5267309105580673,0.6757887009783066,1.0578085346022297
448,2,2,0,0.0,1.0,0.20066127181680232,0.5267309105580673,0.6757887009783066,1.0578085346022297
452,2,2,0,0.25,0.5,0.6232758859507891,0.5267309105580673,0.6757887009783066,1.0578085346022297
462,2,2,1,0.5,0.0,0.7060448711617248,0.5267309105580673,0.6757887009783066,1.0578085346022297
463,2,2,0,0.25,0.5,0.4281090306878434,0.5267309105580673,0.6757887009783066,1.0578085346022297
467,2,2,1,1.0,1.0,0.8199046855601922,0.5267309105580673,0.6757887009783066,1.0578085346022297
480,2,2,1,0.5,0.0,0.7517759550119283,0.5267309105580673,0.6757887009783066,1.0578085346022297
496,2,2,1,0.75,0.5,0.7174697769706119,0.5267309105580673,0.6757887009783066,1.0578085346022297
499,2,2,0,0.0,1.0,0.5089982705789472,0.5267309105580673,0.6757887009783066,1.0578085346022297
512,2,2,1,1.0,1.0,0.8488797274760607,0.5267309105580673,0.6757887009783066,1.0578085346022297
514,2,2,1,0.75,0.5,0.7908868524335372,0.5267309105580673,0.6757887009783066,1.0578085346022297
516,2,2,0,0.0,1.0,0.6682554853678029,0.5267309105580673,0.6757887009783066,1.0578085346022297
518,2,2,0,0.25,0.5,0.6252336557323042,0.5267309105580673,0.6757887009783066,1.0578085346022297
519,2,2,0,0.0,1.0,0.4635150279282776,0.5267309105580673,0.6757887009783066,1.0578085346022297
530,2,2,1,0.5,0.0,0.517785219207894,0.5267309105580673,0.6757887009783066,1.0578085346022297
546,2,2,1,0.5,0.0,0.6921089239715785,0.5267309105580673,0.6757887009783066,1.0578085346022297
553,2,2,0,0.0,1.0,0.41979321160335015,0.5267309105580673,0.6757887009783066,1.0578085346022297
554,2,2,1,0.5,0.0,0.6479852189896805,0.5267309105580673,0.6757887009783066,1.0578085346022297
555,2,2,0,0.3333333333333333,0.3333333333333333,0.6571240104367638,0.5267309105580673,0.6757887009783066,1.0578085346022297
559,2,2,1,0.6666666666666666,0.3333333333333332,0.3990121801066224,0.5267309105580673,0.6757887009783066,1.0578085346022297
566,2,2,0,0.1666666666666666,0.6666666666666667,0.45949731320756165,0.5267309105580673,0.6757887009783066,1.0578085346022297
607,2,2,0,0.0,1.0,0.7130236076319603,0.5267309105580673,0.6757887009783066,1.0578085346022297
609,2,2,0,0.25,0.5,0.6697876366033639,0.5267309105580673,0.6757887009783066,1.0578085346022297
613,2,2,0,0.0,1.0,0.8421482026077197,0.5267309105580673,0.6757887009783066,1.0578085346022297
618,2,2,0,0.0,1.0,0.5495782909859038,0.5267309105580673,0.6757887009783066,1.0578085346022297
622,2,2,1,0.75,0.5,0.5131490692006226,0.5267309105580673,0.6757887009783066,1.0578085346022297
623,2,2,1,0.5,0.0,0.7032056644037351,0.5267309105580673,0.6757887009783066,1.0578085346022297
627,2,2,1,0.75,0.5,0.7245764208048988,0.5267309105580673,0.6757887009783066,1.0578085346022297
628,2,2,0,0.0,1.0,0.41068581926070497,0.5267309105580673,0.6757887009783066,1.0578085346022297
630,2,2,1,0.5,0.0,0.7411771361332606,0.5267309105580673,0.6757887009783066,1.0578085346022297
636,2,2,0,0.0,1.0,0.6073787255691496,0.5267309105580673,0.6757887009783066,1.0578085346022297
642,2,2,1,0.75,0.5,0.6112570481667334,0.5267309105580673,0.6757887009783066,1.0578085346022297
643,2,2,1,0.5,0.0,0.4404217316932641,0.5267309105580673,0.6757887009783066,1.0578085346022297
646,2,2,0,0.0,1.0,0.24244686098522883,0.5267309105580673,0.6757887009783066,1.0578085346022297
647,2,2,1,0.5,0.0,0.7049590278968537,0.5267309105580673,0.6757887009783066,1.0578085346022297
650,2,2,0,0.0,1.0,0.4144685280107138,0.5267309105580673,0.6757887009783066,1.0578085346022297
657,2,2,1,0.5,0.0,0.5217317291469955,0.5267309105580673,0.6757887009783066,1.0578085346022297
658,2,2,0,0.1666666666666666,0.6666666666666667,0.5509556102453648,0.5267309105580673,0.6757887009783066,1.0578085346022297
667,2,2,0,0.3333333333333333,0.3333333333333333,0.6885397587332149,0.5267309105580673,0.6757887009783066,1.0578085346022297
668,2,2,0,0.1666666666666666,0.6666666666666667,0.746648950449109,0.5267309105580673,0.6757887009783066,1.0578085346022297
671,2,2,0,0.3333333333333333,0.3333333333333333,0.42899279287535036,0.5267309105580673,0.6757887009783066,1.0578085346022297
681,2,2,0,0.1666666666666666,0.6666666666666667,0.6938724398921361,0.5267309105580673,0.6757887009783066,1.0578085346022297
686,2,2,0,0.0,1.0,0.7106280934031244,0.5267309105580673,0.6757887009783066,1.0578085346022297
692,2,2,0,0.0,1.0,0.3743937246170833,0.5267309105580673,0.6757887009783066,1.0578085346022297
695,2,2,0,0.3333333333333333,0.3333333333333333,0.6424325849755923,0.5267309105580673,0.6757887009783066,1.0578085346022297
700,2,2,1,0.5,0.0,0.7062083299104439,0.5267309105580673,0.6757887009783066,1.0578085346022297
702,2,2,0,0.1666666666666666,0.6666666666666667,0.7955744416300162,0.5267309105580673,0.6757887009783066,1.0578085346022297
710,2,2,0,0.0,1.0,0.367858580847282,0.5267309105580673,0.6757887009783066,1.0578085346022297
713,2,2,1,0.6,0.1999999999999999,0.3051355285100765,0.5267309105580673,0.6757887009783066,1.0578085346022297
716,2,2,1,0.6666666666666666,0.3333333333333332,0.4150083681197227,0.5267309105580673,0.6757887009783066,1.0578085346022297
732,2,2,0,0.0,1.0,0.19696506957937762,0.5267309105580673,0.6757887009783066,1.0578085346022297
738,2,2,0,0.3333333333333333,0.3333333333333333,0.5823079135717312,0.5267309105580673,0.6757887009783066,1.0578085346022297
2,2,3,0,0.4,0.1999999999999999,0.19518991494783766,0.4594237774779315,0.5919795314161831,1.0932831030003487
7,2,3,1,0.6,0.1999999999999999,0.4056050159585727,0.4594237774779315,0.5919795314161831,1.0932831030003487
8,2,3,0,0.0,1.0,0.2672124725928417,0.4594237774779315,0.5919795314161831,1.0932831030003487
9,2,3,0,0.0,1.0,0.43408216065790817,0.4594237774779315,0.5919795314161831,1.0932831030003487
26,2,3,1,0.8,0.6000000000000001,0.21421700605743502,0.4594237774779315,0.5919795314161831,1.0932831030003487
32,2,3,0,0.2,0.6,0.3334562541174424,0.4594237774779315,0.5919795314161831,1.0932831030003487
39,2,3,0,0.0,1.0,0.3404101454543266,0.4594237774779315,0.5919795314161831,1.0932831030003487
40,2,3,0,0.2,0.6,0.31916472382446504,0.4594237774779315,0.5919795314161831,1.0932831030003487
42,2,3,0,0.0,1.0,0.4369447818575892,0.4594237774779315,0.5919795314161831,1.0932831030003487
45,2,3,0,0.0,1.0,0.4634847118444196,0.4594237774779315,0.5919795314161831,1.0932831030003487
52,2,3,0,0.25,0.5,0.33883476593471923,0.4594237774779315,0.5919795314161831,1.0932831030003487
53,2,3,0,0.1666666666666666,0.6666666666666667,0.34294896573552813,0.4594237774779315,0.5919795314161831,1.0932831030003487
55,2,3,0,0.0,1.0,0.31045922738250553,0.4594237774779315,0.5919795314161831,1.0932831030003487
56,2,3,0,0.25,0.5,0.28704827503000724,0.4594237774779315,0.5919795314161831,1.0932831030003487
63,2,3,0,0.0,1.0,0.3852370527517233,0.4594237774779315,0.5919795314161831,1.0932831030003487
69,2,3,0,0.0,1.0,0.30015757518047687,0.4594237774779315,0.5919795314161831,1.0932831030003487
75,2,3,0,0.0,1.0,0.2908021802967141,0.4594237774779315,0.5919795314161831,1.0932831030003487
77,2,3,0,0.25,0.5,0.21681748732178988,0.4594237774779315,0.5919795314161831,1.0932831030003487
78,2,3,0,0.0,1.0,0.29551866674490185,0.4594237774779315,0.5919795314161831,1.0932831030003487
79,2,3,0,0.25,0.5,0.38100291056575086,0.4594237774779315,0.5919795314161831,1.0932831030003487
90,2,3,1,0.5,0.0,0.2445128047797613,0.4594237774779315,0.5919795314161831,1.0932831030003487
92,2,3,0,0.0,1.0,0.40984020327476806,0.4594237774779315,0.5919795314161831,1.0932831030003487
96,2,3,0,0.0,1.0,0.3492784465386769,0.4594237774779315,0.5919795314161831,1.0932831030003487
99,2,3,0,0.0,1.0,0.2383440018807365,0.4594237774779315,0.5919795314161831,1.0932831030003487
100,2,3,0,0.25,0.5,0.45792759805042865,0.4594237774779315,0.5919795314161831,1.0932831030003487
109,2,3,0,0.1111111111111111,0.7777777777777778,0.28608638174654416,0.4594237774779315,0.5919795314161831,1.0932831030003487
119,2,3,0,0.1111111111111111,0.7777777777777778,0.24330346865583738,0.4594237774779315,0.5919795314161831,1.0932831030003487
121,2,3,0,0.1111111111111111,0.7777777777777778,0.32064763139090696,0.4594237774779315,0.5919795314161831,1.0932831030003487
130,2,3,0,0.1111111111111111,0.7777777777777778,0.29924163224183997,0.4594237774779315,0.5919795314161831,1.0932831030003487
138,2,3,1,0.5555555555555556,0.1111111111111111,0.37429306208272234,0.4594237774779315,0.5919795314161831,1.0932831030003487
147,2,3,0,0.0,1.0,0.3177171517366663,0.4594237774779315,0.5919795314161831,1.0932831030003487
160,2,3,0,0.1666666666666666,0.6666666666666667,0.36926335471895166,0.4594237774779315,0.5919795314161831,1.0932831030003487
164,2,3,0,0.0,1.0,0.26297000704924556,0.4594237774779315,0.5919795314161831,1.0932831030003487
166,2,3,0,0.25,0.5,0.2922057635193497,0.4594237774779315,0.5919795314161831,1.0932831030003487
172,2,3,0,0.0,1.0,0.4160790734552947,0.4594237774779315,0.5919795314161831,1.0932831030003487
180,2,3,0,0.0,1.0,0.3782144996029938,0.4594237774779315,0.5919795314161831,1.0932831030003487
183,2,3,0,0.0,1.0,0.42478345197729733,0.4594237774779315,0.5919795314161831,1.0932831030003487
194,2,3,0,0.0,1.0,0.4218561159838601,0.4594237774779315,0.5919795314161831,1.0932831030003487
195,2,3,0,0.0,1.0,0.4191988184567318,0.4594237774779315,0.5919795314161831,1.0932831030003487
202,2,3,1,0.6,0.1999999999999999,0.41422656787223217,0.4594237774779315,0.5919795314161831,1.0932831030003487
210,2,3,0,0.4,0.1999999999999999,0.6405407522950705,0.4594237774779315,0.5919795314161831,1.0932831030003487
211,2,3,1,0.6,0.1999999999999999,0.69848719588066,0.4594237774779315,0.5919795314161831,1.0932831030003487
215,2,3,0,0.2,0.6,0.25401859013073347,0.4594237774779315,0.5919795314161831,1.0932831030003487
225,2,3,0,0.2,0.6,0.28946121025546157,0.4594237774779315,0.5919795314161831,1.0932831030003487
226,2,3,0,0.0,1.0,0.3011220237399837,0.4594237774779315,0.5919795314161831,1.0932831030003487
230,2,3,0,0.2,0.6,0.21752902090363124,0.4594237774779315,0.5919795314161831,1.0932831030003487
231,2,3,1,0.5,0.0,0.33684105981447726,0.4594237774779315,0.5919795314161831,1.0932831030003487
232,2,3,0,0.25,0.5,0.3834210975530829,0.4594237774779315,0.5919795314161831,1.0932831030003487
246,2,3,0,0.4,0.1999999999999999,0.39850191433920773,0.4594237774779315,0.5919795314161831,1.0932831030003487
251,2,3,0,0.25,0.5,0.491361800037853,0.4594237774779315,0.5919795314161831,1.0932831030003487
260,2,3,0,0.25,0.5,0.2790373665744847,0.4594237774779315,0.5919795314161831,1.0932831030003487
266,2,3,0,0.25,0.5,0.23864363307733402,0.4594237774779315,0.5919795314161831,1.0932831030003487
267,2,3,0,0.0,1.0,0.37381718591065183,0.4594237774779315,0.5919795314161831,1.0932831030003487
274,2,3,1,0.5,0.0,0.7491614816375209,0.4594237774779315,0.5919795314161831,1.0932831030003487
282,2,3,0,0.25,0.5,0.3291635908697882,0.4594237774779315,0.5919795314161831,1.0932831030003487
297,2,3,0,0.0,1.0,0.30111236256032625,0.4594237774779315,0.5919795314161831,1.0932831030003487
302,2,3,0,0.0,1.0,0.3964459464558599,0.4594237774779315,0.5919795314161831,1.0932831030003487
308,2,3,0,0.4,0.1999999999999999,0.5189810728745862,0.4594237774779315,0.5919795314161831,1.0932831030003487
311,2,3,0,0.4,0.1999999999999999,0.2934119176227776,0.4594237774779315,0.5919795314161831,1.0932831030003487
314,2,3,0,0.0,1.0,0.46935412344853533,0.4594237774779315,0.5919795314161831,1.0932831030003487
321,2,3,1,0.6,0.1999999999999999,0.48201377564331266,0.4594237774779315,0.5919795314161831,1.0932831030003487
325,2,3,0,0.0,1.0,0.3015716295887579,0.4594237774779315,0.5919795314161831,1.0932831030003487
329,2,3,0,0.0,1.0,0.26309552285489546,0.4594237774779315,0.5919795314161831,1.0932831030003487
332,2,3,0,0.0,1.0,0.42189431236097824,0.4594237774779315,0.5919795314161831,1.0932831030003487
334,2,3,0,0.4,0.1999999999999999,0.4129505717016394,0.4594237774779315,0.5919795314161831,1.0932831030003487
336,2,3,0,0.4,0.1999999999999999,0.5369459525247543,0.4594237774779315,0.5919795314161831,1.0932831030003487
337,2,3,0,0.0,1.0,0.41201339194293496,0.4594237774779315,0.5919795314161831,1.0932831030003487
340,2,3,1,0.6,0.1999999999999999,0.5241955031816308,0.4594237774779315,0.5919795314161831,1.0932831030003487
341,2,3,1,0.6,0.1999999999999999,0.6088745809922536,0.4594237774779315,0.5919795314161831,1.0932831030003487
344,2,3,0,0.2,0.6,0.29749313905104746,0.4594237774779315,0.5919795314161831,1.0932831030003487
348,2,3,0,0.4,0.1999999999999999,0.6169101430663935,0.4594237774779315,0.5919795314161831,1.0932831030003487
362,2,3,1,0.75,0.5,0.6285831160123008,0.4594237774779315,0.5919795314161831,1.0932831030003487
368,2,3,1,0.5,0.0,0.5554808794757288,0.4594237774779315,0.5919795314161831,1.0932831030003487
397,2,3,1,0.75,0.5,0.7783359560955246,0.4594237774779315,0.5919795314161831,1.0932831030003487
408,2,3,0,0.4,0.1999999999999999,0.757976762432578,0.4594237774779315,0.5919795314161831,1.0932831030003487
410,2,3,1,0.6,0.1999999999999999,0.7121559066646792,0.4594237774779315,0.5919795314161831,1.0932831030003487
425,2,3,0,0.0,1.0,0.5141244329164348,0.4594237774779315,0.5919795314161831,1.0932831030003487
426,2,3,1,0.8,0.6000000000000001,0.6882439451638316,0.4594237774779315,0.5919795314161831,1.0932831030003487
436,2,3,0,0.4,0.1999999999999999,0.6459979531740201,0.4594237774779315,0.5919795314161831,1.0932831030003487
439,2,3,0,0.2,0.6,0.524215291977028,0.4594237774779315,0.5919795314161831,1.0932831030003487
440,2,3,0,0.0,1.0,0.6900485558241395,0.4594237774779315,0.5919795314161831,1.0932831030003487
443,2,3,0,0.0,1.0,0.3873084873659315,0.4594237774779315,0.5919795314161831,1.0932831030003487
449,2,3,0,0.4,0.1999999999999999,0.4833915706018757,0.4594237774779315,0.5919795314161831,1.0932831030003487
450,2,3,0,0.2,0.6,0.4020877813135848,0.4594237774779315,0.5919795314161831,1.0932831030003487
451,2,3,0,0.25,0.5,0.48709270463001436,0.4594237774779315,0.5919795314161831,1.0932831030003487
453,2,3,0,0.25,0.5,0.4477830263991507,0.4594237774779315,0.5919795314161831,1.0932831030003487
454,2,3,0,0.0,1.0,0.5776599763910845,0.4594237774779315,0.5919795314161831,1.0932831030003487
455,2,3,0,0.0,1.0,0.3288828362749283,0.4594237774779315,0.5919795314161831,1.0932831030003487
459,2,3,0,0.25,0.5,0.7635115648462361,0.4594237774779315,0.5919795314161831,1.0932831030003487
466,2,3,1,0.5,0.0,0.698565059950565,0.4594237774779315,0.5919795314161831,1.0932831030003487
468,2,3,0,0.25,0.5,0.72694719087587,0.4594237774779315,0.5919795314161831,1.0932831030003487
469,2,3,1,0.75,0.5,0.407083706605687,0.4594237774779315,0.5919795314161831,1.0932831030003487
478,2,3,0,0.0,1.0,0.31246922795983206,0.4594237774779315,0.5919795314161831,1.0932831030003487
479,2,3,0,0.0,1.0,0.6217292442336498,0.4594237774779315,0.5919795314161831,1.0932831030003487
481,2,3,0,0.0,1.0,0.860428854388601,0.4594237774779315,0.5919795314161831,1.0932831030003487
482,2,3,0,0.0,1.0,0.23610702391120844,0.4594237774779315,0.5919795314161831,1.0932831030003487
483,2,3,0,0.25,0.5,0.740585223597973,0.4594237774779315,0.5919795314161831,1.0932831030003487
486,2,3,0,0.25,0.5,0.805927284310458,0.4594237774779315,0.5919795314161831,1.0932831030003487
487,2,3,0,0.2,0.6,0.27019138365324913,0.4594237774779315,0.5919795314161831,1.0932831030003487
490,2,3,0,0.25,0.5,0.4512786468019862,0.4594237774779315,0.5919795314161831,1.0932831030003487
497,2,3,0,0.0,1.0,0.33745172538228363,0.4594237774779315,0.5919795314161831,1.0932831030003487
504,2,3,1,0.75,0.5,0.678530140869859,0.4594237774779315,0.5919795314161831,1.0932831030003487
513,2,3,0,0.0,1.0,0.6865772841109394,0.4594237774779315,0.5919795314161831,1.0932831030003487
523,2,3,0,0.25,0.5,0.6573466305740818,0.4594237774779315,0.5919795314161831,1.0932831030003487
529,2,3,1,0.5,0.0,0.381259812785861,0.4594237774779315,0.5919795314161831,1.0932831030003487
536,2,3,0,0.3333333333333333,0.3333333333333333,0.6059015475642567,0.4594237774779315,0.5919795314161831,1.0932831030003487
544,2,3,1,0.5,0.0,0.713426507234493,0.4594237774779315,0.5919795314161831,1.0932831030003487
551,2,3,1,0.6666666666666666,0.3333333333333332,0.5998483922819944,0.4594237774779315,0.5919795314161831,1.0932831030003487
557,2,3,0,0.3333333333333333,0.3333333333333333,0.4820049650703878,0.4594237774779315,0.5919795314161831,1.0932831030003487
558,2,3,1,0.5,0.0,0.6558232920736016,0.4594237774779315,0.5919795314161831,1.0932831030003487
560,2,3,0,0.1666666666666666,0.6666666666666667,0.6049216618071012,0.4594237774779315,0.5919795314161831,1.0932831030003487
561,2,3,1,0.5,0.0,0.6195810266114847,0.4594237774779315,0.5919795314161831,1.0932831030003487
565,2,3,0,0.3333333333333333,0.3333333333333333,0.5130776369199518,0.4594237774779315,0.5919795314161831,1.0932831030003487
570,2,3,1,0.6666666666666666,0.3333333333333332,0.6647148267447415,0.4594237774779315,0.5919795314161831,1.0932831030003487
574,2,3,0,0.3333333333333333,0.3333333333333333,0.37808643052712587,0.4594237774779315,0.5919795314161831,1.0932831030003487
585,2,3,1,0.5,0.0,0.6379943107628407,0.4594237774779315,0.5919795314161831,1.0932831030003487
587,2,3,1,0.8333333333333334,0.6666666666666667,0.6046102412991541,0.4594237774779315,0.5919795314161831,1.0932831030003487
596,2,3,1,0.5,0.0,0.584102571164516,0.4594237774779315,0.5919795314161831,1.0932831030003487
597,2,3,0,0.0,1.0,0.22878321011033836,0.4594237774779315,0.5919795314161831,1.0932831030003487
598,2,3,0,0.3333333333333333,0.3333333333333333,0.6041011331766333,0.4594237774779315,0.5919795314161831,1.0932831030003487
611,2,3,1,0.75,0.5,0.5823840892047979,0.4594237774779315,0.5919795314161831,1.0932831030003487
621,2,3,1,0.5,0.0,0.5463458059403051,0.4594237774779315,0.5919795314161831,1.0932831030003487
629,2,3,1,0.5,0.0,0.672589295554209,0.4594237774779315,0.5919795314161831,1.0932831030003487
637,2,3,1,0.5,0.0,0.6934051305121648,0.4594237774779315,0.5919795314161831,1.0932831030003487
644,2,3,0,0.25,0.5,0.4960819095587396,0.4594237774779315,0.5919795314161831,1.0932831030003487
648,2,3,1,0.5,0.0,0.5516940369766754,0.4594237774779315,0.5919795314161831,1.0932831030003487
653,2,3,1,0.5,0.0,0.3155698774639418,0.4594237774779315,0.5919795314161831,1.0932831030003487
654,2,3,0,0.1666666666666666,0.6666666666666667,0.653609851287472,0.4594237774779315,0.5919795314161831,1.0932831030003487
670,2,3,1,0.5,0.0,0.6660340303347293,0.4594237774779315,0.5919795314161831,1.0932831030003487
682,2,3,0,0.1666666666666666,0.6666666666666667,0.580045228810513,0.4594237774779315,0.5919795314161831,1.0932831030003487
683,2,3,1,0.8333333333333334,0.6666666666666667,0.6642320605340194,0.4594237774779315,0.5919795314161831,1.0932831030003487
685,2,3,0,0.0,1.0,0.49437173131966394,0.4594237774779315,0.5919795314161831,1.0932831030003487
687,2,3,0,0.3333333333333333,0.3333333333333333,0.5615530858749486,0.4594237774779315,0.5919795314161831,1.0932831030003487
691,2,3,0,0.1666666666666666,0.6666666666666667,0.5720193508998463,0.4594237774779315,0.5919795314161831,1.0932831030003487
693,2,3,1,0.5,0.0,0.8141916798121397,0.4594237774779315,0.5919795314161831,1.0932831030003487
704,2,3,0,0.3333333333333333,0.3333333333333333,0.3728880901479153,0.4594237774779315,0.5919795314161831,1.0932831030003487
705,2,3,1,0.5,0.0,0.3392952156354152,0.4594237774779315,0.5919795314161831,1.0932831030003487
711,2,3,1,0.6,0.1999999999999999,0.37106674862413225,0.4594237774779315,0.5919795314161831,1.0932831030003487
717,2,3,1,0.5,0.0,0.41013463314247334,0.4594237774779315,0.5919795314161831,1.0932831030003487
719,2,3,0,0.1666666666666666,0.6666666666666667,0.5803264754454985,0.4594237774779315,0.5919795314161831,1.0932831030003487
722,2,3,0,0.2,0.6,0.37308992605198416,0.4594237774779315,0.5919795314161831,1.0932831030003487
725,2,3,0,0.0,1.0,0.41009146889287185,0.4594237774779315,0.5919795314161831,1.0932831030003487
727,2,3,0,0.4,0.1999999999999999,0.46621662794535557,0.4594237774779315,0.5919795314161831,1.0932831030003487
729,2,3,0,0.4,0.1999999999999999,0.439440288336798,0.4594237774779315,0.5919795314161831,1.0932831030003487
730,2,3,0,0.3333333333333333,0.3333333333333333,0.3832800155224179,0.4594237774779315,0.5919795314161831,1.0932831030003487
734,2,3,0,0.0,1.0,0.31183518440845603,0.4594237774779315,0.5919795314161831,1.0932831030003487
740,2,3,0,0.1666666666666666,0.6666666666666667,0.4503618357593041,0.4594237774779315,0.5919795314161831,1.0932831030003487
3,2,4,0,0.0,1.0,0.3734679285891448,0.5089907014782021,0.26565139626715895,1.1990893751705478
5,2,4,0,0.2,0.6,0.5448689149421568,0.5089907014782021,0.26565139626715895,1.1990893751705478
17,2,4,0,0.4,0.1999999999999999,0.43563213849876214,0.5089907014782021,0.26565139626715895,1.1990893751705478
22,2,4,0,0.2,0.6,0.39750494743861176,0.5089907014782021,0.26565139626715895,1.1990893751705478
36,2,4,0,0.2,0.6,0.20407483599630696,0.5089907014782021,0.26565139626715895,1.1990893751705478
41,2,4,0,0.2,0.6,0.19834126799388135,0.5089907014782021,0.26565139626715895,1.1990893751705478
43,2,4,0,0.2,0.6,0.4403936125883779,0.5089907014782021,0.26565139626715895,1.1990893751705478
49,2,4,0,0.3333333333333333,0.3333333333333333,0.412189125701685,0.5089907014782021,0.26565139626715895,1.1990893751705478
50,2,4,1,0.8,0.6000000000000001,0.29855848608496405,0.5089907014782021,0.26565139626715895,1.1990893751705478
51,2,4,0,0.25,0.5,0.33897167074270906,0.5089907014782021,0.26565139626715895,1.1990893751705478
54,2,4,0,0.25,0.5,0.28901624507455,0.5089907014782021,0.26565139626715895,1.1990893751705478
65,2,4,0,0.25,0.5,0.11006840738165152,0.5089907014782021,0.26565139626715895,1.1990893751705478
66,2,4,0,0.0,1.0,0.2012217150230836,0.5089907014782021,0.26565139626715895,1.1990893751705478
68,2,4,0,0.0,1.0,0.1587834883424039,0.5089907014782021,0.26565139626715895,1.1990893751705478
72,2,4,0,0.25,0.5,0.16647677505096764,0.5089907014782021,0.26565139626715895,1.1990893751705478
86,2,4,0,0.0,1.0,0.2432023108495719,0.5089907014782021,0.26565139626715895,1.1990893751705478
89,2,4,0,0.25,0.5,0.2961011313695374,0.5089907014782021,0.26565139626715895,1.1990893751705478
102,2,4,0,0.0,1.0,0.15099831463196542,0.5089907014782021,0.26565139626715895,1.1990893751705478
106,2,4,1,1.0,1.0,0.43414421455339086,0.5089907014782021,0.26565139626715895,1.1990893751705478
107,2,4,0,0.1111111111111111,0.7777777777777778,0.5214924661702467,0.5089907014782021,0.26565139626715895,1.1990893751705478
110,2,4,0,0.0,1.0,0.3392897155090682,0.5089907014782021,0.26565139626715895,1.1990893751705478
112,2,4,0,0.125,0.75,0.2650099369837547,0.5089907014782021,0.26565139626715895,1.1990893751705478
115,2,4,0,0.0,1.0,0.23204903450689723,0.5089907014782021,0.26565139626715895,1.1990893751705478
117,2,4,0,0.25,0.5,0.2691197128933796,0.5089907014782021,0.26565139626715895,1.1990893751705478
125,2,4,0,0.125,0.75,0.1746993838340408,0.5089907014782021,0.26565139626715895,1.1990893751705478
126,2,4,0,0.2222222222222222,0.5555555555555556,0.38811600431569443,0.5089907014782021,0.26565139626715895,1.1990893751705478
135,2,4,0,0.1666666666666666,0.6666666666666667,0.15881493323745408,0.5089907014782021,0.26565139626715895,1.1990893751705478
137,2,4,1,0.6666666666666666,0.3333333333333332,0.13951663617763024,0.5089907014782021,0.26565139626715895,1.1990893751705478
140,2,4,0,0.2222222222222222,0.5555555555555556,0.4091181576481867,0.5089907014782021,0.26565139626715895,1.1990893751705478
145,2,4,0,0.4444444444444444,0.1111111111111111,0.21145033217951206,0.5089907014782021,0.26565139626715895,1.1990893751705478
146,2,4,1,0.8888888888888888,0.7777777777777777,0.3269645910417831,0.5089907014782021,0.26565139626715895,1.1990893751705478
154,2,4,0,0.25,0.5,0.22851737609838443,0.5089907014782021,0.26565139626715895,1.1990893751705478
155,2,4,0,0.25,0.5,0.4347865015932042,0.5089907014782021,0.26565139626715895,1.1990893751705478
161,2,4,0,0.0,1.0,0.5170822799023469,0.5089907014782021,0.26565139626715895,1.1990893751705478
169,2,4,0,0.0,1.0,0.4250065258427281,0.5089907014782021,0.26565139626715895,1.1990893751705478
170,2,4,0,0.1666666666666666,0.6666666666666667,0.4626922473589513,0.5089907014782021,0.26565139626715895,1.1990893751705478
174,2,4,1,0.5,0.0,0.22682054572272578,0.5089907014782021,0.26565139626715895,1.1990893751705478
175,2,4,0,0.0,1.0,0.1609711632606341,0.5089907014782021,0.26565139626715895,1.1990893751705478
178,2,4,0,0.0,1.0,0.23680696921393699,0.5089907014782021,0.26565139626715895,1.1990893751705478
186,2,4,0,0.0,1.0,0.18858136268625356,0.5089907014782021,0.26565139626715895,1.1990893751705478
192,2,4,0,0.0,1.0,0.36876993882349396,0.5089907014782021,0.26565139626715895,1.1990893751705478
193,2,4,0,0.25,0.5,0.38869452486239364,0.5089907014782021,0.26565139626715895,1.1990893751705478
197,2,4,0,0.0,1.0,0.4983384244024855,0.5089907014782021,0.26565139626715895,1.1990893751705478
200,2,4,0,0.2,0.6,0.3699566194997065,0.5089907014782021,0.26565139626715895,1.1990893751705478
204,2,4,0,0.4,0.1999999999999999,0.48042247604557525,0.5089907014782021,0.26565139626715895,1.1990893751705478
209,2,4,0,0.2,0.6,0.4477657812188733,0.5089907014782021,0.26565139626715895,1.1990893751705478
217,2,4,0,0.0,1.0,0.19933771378291906,0.5089907014782021,0.26565139626715895,1.1990893751705478
219,2,4,0,0.0,1.0,0.3559464821822558,0.5089907014782021,0.26565139626715895,1.1990893751705478
221,2,4,1,0.8,0.6000000000000001,0.3254272502233826,0.5089907014782021,0.26565139626715895,1.1990893751705478
228,2,4,0,0.2,0.6,0.2826618092184372,0.5089907014782021,0.26565139626715895,1.1990893751705478
233,2,4,0,0.0,1.0,0.32709449872880386,0.5089907014782021,0.26565139626715895,1.1990893751705478
234,2,4,0,0.25,0.5,0.4636773048382058,0.5089907014782021,0.26565139626715895,1.1990893751705478
236,2,4,0,0.0,1.0,0.35220077689906804,0.5089907014782021,0.26565139626715895,1.1990893751705478
239,2,4,1,0.6,0.1999999999999999,0.41715119558543867,0.5089907014782021,0.26565139626715895,1.1990893751705478
242,2,4,1,0.6,0.1999999999999999,0.42325903704353873,0.5089907014782021,0.26565139626715895,1.1990893751705478
243,2,4,0,0.0,1.0,0.384408057769256,0.5089907014782021,0.26565139626715895,1.1990893751705478
254,2,4,0,0.25,0.5,0.32330239125514204,0.5089907014782021,0.26565139626715895,1.1990893751705478
289,2,4,1,0.5,0.0,0.27935450253406646,0.5089907014782021,0.26565139626715895,1.1990893751705478
294,2,4,0,0.0,1.0,0.43794538174177144,0.5089907014782021,0.26565139626715895,1.1990893751705478
299,2,4,1,0.8,0.6000000000000001,0.22399416960342608,0.5089907014782021,0.26565139626715895,1.1990893751705478
313,2,4,0,0.0,1.0,0.3019277607074911,0.5089907014782021,0.26565139626715895,1.1990893751705478
315,2,4,1,0.8,0.6000000000000001,0.4358938290303191,0.5089907014782021,0.26565139626715895,1.1990893751705478
317,2,4,0,0.4,0.1999999999999999,0.2815638581147546,0.5089907014782021,0.26565139626715895,1.1990893751705478
319,2,4,0,0.2,0.6,0.6254108136320778,0.5089907014782021,0.26565139626715895,1.1990893751705478
320,2,4,0,0.0,1.0,0.3443637952890126,0.5089907014782021,0.26565139626715895,1.1990893751705478
323,2,4,0,0.0,1.0,0.3926154343901481,0.5089907014782021,0.26565139626715895,1.1990893751705478
330,2,4,0,0.4,0.1999999999999999,0.5421808444613334,0.5089907014782021,0.26565139626715895,1.1990893751705478
350,2,4,0,0.0,1.0,0.34300789759140227,0.5089907014782021,0.26565139626715895,1.1990893751705478
356,2,4,0,0.25,0.5,0.5676651225333694,0.5089907014782021,0.26565139626715895,1.1990893751705478
365,2,4,0,0.25,0.5,0.4897149597185257,0.5089907014782021,0.26565139626715895,1.1990893751705478
366,2,4,0,0.0,1.0,0.6052768569971664,0.5089907014782021,0.26565139626715895,1.1990893751705478
369,2,4,0,0.0,1.0,0.32011218273901354,0.5089907014782021,0.26565139626715895,1.1990893751705478
370,2,4,0,0.0,1.0,0.25949619768987536,0.5089907014782021,0.26565139626715895,1.1990893751705478
377,2,4,0,0.25,0.5,0.4976683429130046,0.5089907014782021,0.26565139626715895,1.1990893751705478
380,2,4,1,0.75,0.5,0.8376407484244205,0.5089907014782021,0.26565139626715895,1.1990893751705478
385,2,4,1,0.5,0.0,0.46666826190121785,0.5089907014782021,0.26565139626715895,1.1990893751705478
386,2,4,0,0.25,0.5,0.6549987252378213,0.5089907014782021,0.26565139626715895,1.1990893751705478
391,2,4,0,0.0,1.0,0.22385843613848894,0.5089907014782021,0.26565139626715895,1.1990893751705478
396,2,4,1,0.75,0.5,0.7750602371384621,0.5089907014782021,0.26565139626715895,1.1990893751705478
400,2,4,1,0.5,0.0,0.7088308954916179,0.5089907014782021,0.26565139626715895,1.1990893751705478
403,2,4,0,0.0,1.0,0.29128347076214883,0.5089907014782021,0.26565139626715895,1.1990893751705478
404,2,4,1,0.6,0.1999999999999999,0.9001414137754059,0.5089907014782021,0.26565139626715895,1.1990893751705478
407,2,4,0,0.2,0.6,0.7825135119162279,0.5089907014782021,0.26565139626715895,1.1990893751705478
415,2,4,0,0.0,1.0,0.797713324099333,0.5089907014782021,0.26565139626715895,1.1990893751705478
417,2,4,0,0.2,0.6,0.6350106212277636,0.5089907014782021,0.26565139626715895,1.1990893751705478
419,2,4,0,0.4,0.1999999999999999,0.626873085169327,0.5089907014782021,0.26565139626715895,1.1990893751705478
423,2,4,0,0.0,1.0,0.6699659591375677,0.5089907014782021,0.26565139626715895,1.1990893751705478
437,2,4,1,0.6,0.1999999999999999,0.5524143630901608,0.5089907014782021,0.26565139626715895,1.1990893751705478
457,2,4,1,0.5,0.0,0.6858660386286347,0.5089907014782021,0.26565139626715895,1.1990893751705478
472,2,4,0,0.25,0.5,0.38887239990899586,0.5089907014782021,0.26565139626715895,1.1990893751705478
473,2,4,0,0.25,0.5,0.7057348810013605,0.5089907014782021,0.26565139626715895,1.1990893751705478
484,2,4,0,0.25,0.5,0.5254684277674367,0.5089907014782021,0.26565139626715895,1.1990893751705478
491,2,4,1,0.5,0.0,0.641049281465015,0.5089907014782021,0.26565139626715895,1.1990893751705478
494,2,4,1,0.8,0.6000000000000001,0.5278552991974182,0.5089907014782021,0.26565139626715895,1.1990893751705478
495,2,4,0,0.0,1.0,0.7687463447181142,0.5089907014782021,0.26565139626715895,1.1990893751705478
500,2,4,0,0.25,0.5,0.6777196332739891,0.5089907014782021,0.26565139626715895,1.1990893751705478
501,2,4,0,0.25,0.5,0.7467260650133762,0.5089907014782021,0.26565139626715895,1.1990893751705478
502,2,4,1,0.75,0.5,0.6056342692148083,0.5089907014782021,0.26565139626715895,1.1990893751705478
507,2,4,1,1.0,1.0,0.7285781840288557,0.5089907014782021,0.26565139626715895,1.1990893751705478
511,2,4,1,0.5,0.0,0.4845471289115184,0.5089907014782021,0.26565139626715895,1.1990893751705478
522,2,4,0,0.25,0.5,0.47110086032068843,0.5089907014782021,0.26565139626715895,1.1990893751705478
527,2,4,0,0.25,0.5,0.6126814282531076,0.5089907014782021,0.26565139626715895,1.1990893751705478
532,2,4,0,0.0,1.0,0.2503365936065893,0.5089907014782021,0.26565139626715895,1.1990893751705478
537,2,4,0,0.25,0.5,0.5182121185992234,0.5089907014782021,0.26565139626715895,1.1990893751705478
540,2,4,0,0.25,0.5,0.7310365081218821,0.5089907014782021,0.26565139626715895,1.1990893751705478
556,2,4,0,0.1666666666666666,0.6666666666666667,0.3757407141750406,0.5089907014782021,0.26565139626715895,1.1990893751705478
562,2,4,0,0.3333333333333333,0.3333333333333333,0.6650286732132458,0.5089907014782021,0.26565139626715895,1.1990893751705478
564,2,4,1,0.5,0.0,0.757432545411207,0.5089907014782021,0.26565139626715895,1.1990893751705478
567,2,4,0,0.3333333333333333,0.3333333333333333,0.6546632857831587,0.5089907014782021,0.26565139626715895,1.1990893751705478
572,2,4,1,0.8333333333333334,0.6666666666666667,0.8153879966246129,0.5089907014782021,0.26565139626715895,1.1990893751705478
576,2,4,1,0.5,0.0,0.6682427115352327,0.5089907014782021,0.26565139626715895,1.1990893751705478
578,2,4,1,0.5,0.0,0.4826307359271721,0.5089907014782021,0.26565139626715895,1.1990893751705478
589,2,4,0,0.3333333333333333,0.3333333333333333,0.6760777626456054,0.5089907014782021,0.26565139626715895,1.1990893751705478
591,2,4,1,0.5,0.0,0.7363687311878747,0.5089907014782021,0.26565139626715895,1.1990893751705478
599,2,4,0,0.0,1.0,0.642048923482437,0.5089907014782021,0.26565139626715895,1.1990893751705478
608,2,4,0,0.0,1.0,0.7317631446193105,0.5089907014782021,0.26565139626715895,1.1990893751705478
614,2,4,1,0.75,0.5,0.6414654502683227,0.5089907014782021,0.26565139626715895,1.1990893751705478
616,2,4,1,0.75,0.5,0.6164073554178318,0.5089907014782021,0.26565139626715895,1.1990893751705478
624,2,4,0,0.25,0.5,0.5880089313071358,0.5089907014782021,0.26565139626715895,1.1990893751705478
626,2,4,1,0.5,0.0,0.6353219051374459,0.5089907014782021,0.26565139626715895,1.1990893751705478
631,2,4,0,0.0,1.0,0.5013907286886241,0.5089907014782021,0.26565139626715895,1.1990893751705478
632,2,4,1,0.5,0.0,0.6451838738555556,0.5089907014782021,0.26565139626715895,1.1990893751705478
633,2,4,1,0.5,0.0,0.5626794585208666,0.5089907014782021,0.26565139626715895,1.1990893751705478
634,2,4,0,0.25,0.5,0.6182990899731738,0.5089907014782021,0.26565139626715895,1.1990893751705478
635,2,4,1,0.5,0.0,0.6188088186487846,0.5089907014782021,0.26565139626715895,1.1990893751705478
639,2,4,0,0.0,1.0,0.7609017695450335,0.5089907014782021,0.26565139626715895,1.1990893751705478
640,2,4,1,0.75,0.5,0.8953438208356712,0.5089907014782021,0.26565139626715895,1.1990893751705478
641,2,4,0,0.0,1.0,0.649255259148758,0.5089907014782021,0.26565139626715895,1.1990893751705478
645,2,4,1,0.75,0.5,0.7569039039643457,0.5089907014782021,0.26565139626715895,1.1990893751705478
649,2,4,1,0.5,0.0,0.5960767423566845,0.5089907014782021,0.26565139626715895,1.1990893751705478
651,2,4,0,0.3333333333333333,0.3333333333333333,0.5138570808052412,0.5089907014782021,0.26565139626715895,1.1990893751705478
664,2,4,1,0.6666666666666666,0.3333333333333332,0.5562747707358328,0.5089907014782021,0.26565139626715895,1.1990893751705478
669,2,4,0,0.3333333333333333,0.3333333333333333,0.5044325891371331,0.5089907014782021,0.26565139626715895,1.1990893751705478
673,2,4,0,0.3333333333333333,0.3333333333333333,0.20587146058779332,0.5089907014782021,0.26565139626715895,1.1990893751705478
675,2,4,0,0.3333333333333333,0.3333333333333333,0.3337819512388175,0.5089907014782021,0.26565139626715895,1.1990893751705478
676,2,4,0,0.1666666666666666,0.6666666666666667,0.6430570035558947,0.5089907014782021,0.26565139626715895,1.1990893751705478
694,2,4,0,0.3333333333333333,0.3333333333333333,0.5014680270145216,0.5089907014782021,0.26565139626715895,1.1990893751705478
698,2,4,1,0.5,0.0,0.8151861333354885,0.5089907014782021,0.26565139626715895,1.1990893751705478
703,2,4,0,0.0,1.0,0.7388855784667486,0.5089907014782021,0.26565139626715895,1.1990893751705478
707,2,4,1,0.5,0.0,0.4169328833716835,0.5089907014782021,0.26565139626715895,1.1990893751705478
709,2,4,0,0.3333333333333333,0.3333333333333333,0.5234440123168154,0.5089907014782021,0.26565139626715895,1.1990893751705478
714,2,4,0,0.3333333333333333,0.3333333333333333,0.2748251067736895,0.5089907014782021,0.26565139626715895,1.1990893751705478
715,2,4,1,0.5,0.0,0.3570684750904856,0.5089907014782021,0.26565139626715895,1.1990893751705478
718,2,4,0,0.1666666666666666,0.6666666666666667,0.3661519058271035,0.5089907014782021,0.26565139626715895,1.1990893751705478
720,2,4,0,0.0,1.0,0.44920234330675607,0.5089907014782021,0.26565139626715895,1.1990893751705478
731,2,4,0,0.0,1.0,0.3117964041635049,0.5089907014782021,0.26565139626715895,1.1990893751705478
741,2,4,0,0.2,0.6,0.39435299897481707,0.5089907014782021,0.26565139626715895,1.1990893751705478
3,3,0,0,0.0,1.0,0.32985016371414977,0.5352073446426471,0.7299359607418531,1.1640560564481996
5,3,0,0,0.2,0.6,0.5789445522929642,0.5352073446426471,0.7299359607418531,1.1640560564481996
7,3,0,1,0.6,0.1999999999999999,0.3461347548559768,0.5352073446426471,0.7299359607418531,1.1640560564481996
25,3,0,0,0.2,0.6,0.33977847183328386,0.5352073446426471,0.7299359607418531,1.1640560564481996
30,3,0,0,0.2,0.6,0.30658913911619295,0.5352073446426471,0.7299359607418531,1.1640560564481996
36,3,0,0,0.2,0.6,0.24455017475425173,0.5352073446426471,0.7299359607418531,1.1640560564481996
37,3,0,0,0.2,0.6,0.2554716770531392,0.5352073446426471,0.7299359607418531,1.1640560564481996
39,3,0,0,0.0,1.0,0.3126649192119603,0.5352073446426471,0.7299359607418531,1.1640560564481996
44,3,0,0,0.0,1.0,0.33724623313163077,0.5352073446426471,0.7299359607418531,1.1640560564481996
48,3,0,1,0.6,0.1999999999999999,0.3647954209601747,0.5352073446426471,0.7299359607418531,1.1640560564481996
50,3,0,1,0.8,0.6000000000000001,0.43742897305055667,0.5352073446426471,0.7299359607418531,1.1640560564481996
57,3,0,1,1.0,1.0,0.2316089892413491,0.5352073446426471,0.7299359607418531,1.1640560564481996
58,3,0,0,0.25,0.5,0.3739488053717683,0.5352073446426471,0.7299359607418531,1.1640560564481996
59,3,0,0,0.25,0.5,0.3724124359221471,0.5352073446426471,0.7299359607418531,1.1640560564481996
60,3,0,0,0.0,1.0,0.39840319581399253,0.5352073446426471,0.7299359607418531,1.1640560564481996
77,3,0,0,0.25,0.5,0.23100845780339294,0.5352073446426471,0.7299359607418531,1.1640560564481996
78,3,0,0,0.0,1.0,0.2807608580241155,0.5352073446426471,0.7299359607418531,1.1640560564481996
81,3,0,0,0.0,1.0,0.28528305305763,0.5352073446426471,0.7299359607418531,1.1640560564481996
99,3,0,0,0.0,1.0,0.25199134122043393,0.5352073446426471,0.7299359607418531,1.1640560564481996
114,3,0,0,0.1111111111111111,0.7777777777777778,0.4068190295760402,0.5352073446426471,0.7299359607418531,1.1640560564481996
115,3,0,0,0.0,1.0,0.22060133940428703,0.5352073446426471,0.7299359607418531,1.1640560564481996
116,3,0,0,0.0,1.0,0.25744221098736253,0.5352073446426471,0.7299359607418531,1.1640560564481996
125,3,0,0,0.125,0.75,0.2151393727409209,0.5352073446426471,0.7299359607418531,1.1640560564481996
126,3,0,0,0.2222222222222222,0.5555555555555556,0.37505415109024415,0.5352073446426471,0.7299359607418531,1.1640560564481996
127,3,0,1,0.6666666666666666,0.3333333333333332,0.4382550255043008,0.5352073446426471,0.7299359607418531,1.1640560564481996
130,3,0,0,0.1111111111111111,0.7777777777777778,0.3309011738349065,0.5352073446426471,0.7299359607418531,1.1640560564481996
144,3,0,0,0.0,1.0,0.3502837338092394,0.5352073446426471,0.7299359607418531,1.1640560564481996
145,3,0,0,0.4444444444444444,0.1111111111111111,0.25811895434279236,0.5352073446426471,0.7299359607418531,1.1640560564481996
147,3,0,0,0.0,1.0,0.34115229368711664,0.5352073446426471,0.7299359607418531,1.1640560564481996
149,3,0,0,0.3333333333333333,0.3333333333333333,0.18892844493116026,0.5352073446426471,0.7299359607418531,1.1640560564481996
154,3,0,0,0.25,0.5,0.3022026119518204,0.5352073446426471,0.7299359607418531,1.1640560564481996
161,3,0,0,0.0,1.0,0.5400537111391044,0.5352073446426471,0.7299359607418531,1.1640560564481996
162,3,0,0,0.2,0.6,0.37303620289444844,0.5352073446426471,0.7299359607418531,1.1640560564481996
166,3,0,0,0.25,0.5,0.224959750579404,0.5352073446426471,0.7299359607418531,1.1640560564481996
167,3,0,0,0.0,1.0,0.4079189379520868,0.5352073446426471,0.7299359607418531,1.1640560564481996
169,3,0,0,0.0,1.0,0.44006237091960965,0.5352073446426471,0.7299359607418531,1.1640560564481996
181,3,0,1,0.5,0.0,0.2943985156994733,0.5352073446426471,0.7299359607418531,1.1640560564481996
186,3,0,0,0.0,1.0,0.25423458445741454,0.5352073446426471,0.7299359607418531,1.1640560564481996
188,3,0,0,0.0,1.0,0.5619131852524178,0.5352073446426471,0.7299359607418531,1.1640560564481996
190,3,0,0,0.25,0.5,0.323325063142877,0.5352073446426471,0.7299359607418531,1.1640560564481996
203,3,0,0,0.2,0.6,0.2459058092969323,0.5352073446426471,0.7299359607418531,1.1640560564481996
204,3,0,0,0.4,0.1999999999999999,0.4765085052405759,0.5352073446426471,0.7299359607418531,1.1640560564481996
205,3,0,0,0.2,0.6,0.2822505695125634,0.5352073446426471,0.7299359607418531,1.1640560564481996
209,3,0,0,0.2,0.6,0.4626908340354464,0.5352073446426471,0.7299359607418531,1.1640560564481996
210,3,0,0,0.4,0.1999999999999999,0.6222795656418658,0.5352073446426471,0.7299359607418531,1.1640560564481996
216,3,0,0,0.0,1.0,0.3649492160956159,0.5352073446426471,0.7299359607418531,1.1640560564481996
220,3,0,0,0.4,0.1999999999999999,0.27836954432699873,0.5352073446426471,0.7299359607418531,1.1640560564481996
225,3,0,0,0.2,0.6,0.33076233822581175,0.5352073446426471,0.7299359607418531,1.1640560564481996
235,3,0,0,0.0,1.0,0.39003267656387863,0.5352073446426471,0.7299359607418531,1.1640560564481996
247,3,0,0,0.2,0.6,0.42942930231284276,0.5352073446426471,0.7299359607418531,1.1640560564481996
253,3,0,0,0.0,1.0,0.3491047357068968,0.5352073446426471,0.7299359607418531,1.1640560564481996
267,3,0,0,0.0,1.0,0.5051465885931333,0.5352073446426471,0.7299359607418531,1.1640560564481996
269,3,0,1,0.5,0.0,0.460186163362366,0.5352073446426471,0.7299359607418531,1.1640560564481996
271,3,0,0,0.0,1.0,0.3877117314717119,0.5352073446426471,0.7299359607418531,1.1640560564481996
273,3,0,1,0.5,0.0,0.37060923676199903,0.5352073446426471,0.7299359607418531,1.1640560564481996
283,3,0,0,0.25,0.5,0.46103410219525714,0.5352073446426471,0.7299359607418531,1.1640560564481996
284,3,0,1,0.5,0.0,0.3565294317069897,0.5352073446426471,0.7299359607418531,1.1640560564481996
285,3,0,0,0.4,0.1999999999999999,0.3217724217481533,0.5352073446426471,0.7299359607418531,1.1640560564481996
291,3,0,0,0.0,1.0,0.5187328583950689,0.5352073446426471,0.7299359607418531,1.1640560564481996
292,3,0,0,0.25,0.5,0.6431114887130018,0.5352073446426471,0.7299359607418531,1.1640560564481996
308,3,0,0,0.4,0.1999999999999999,0.5473652515982548,0.5352073446426471,0.7299359607418531,1.1640560564481996
309,3,0,1,0.8,0.6000000000000001,0.630419845690867,0.5352073446426471,0.7299359607418531,1.1640560564481996
320,3,0,0,0.0,1.0,0.312018141557843,0.5352073446426471,0.7299359607418531,1.1640560564481996
329,3,0,0,0.0,1.0,0.2824853213425839,0.5352073446426471,0.7299359607418531,1.1640560564481996
341,3,0,1,0.6,0.1999999999999999,0.5931055725139106,0.5352073446426471,0.7299359607418531,1.1640560564481996
346,3,0,1,0.6,0.1999999999999999,0.8264178243047143,0.5352073446426471,0.7299359607418531,1.1640560564481996
348,3,0,0,0.4,0.1999999999999999,0.6016557857761003,0.5352073446426471,0.7299359607418531,1.1640560564481996
349,3,0,0,0.0,1.0,0.27446601681116756,0.5352073446426471,0.7299359607418531,1.1640560564481996
351,3,0,0,0.0,1.0,0.4020537958342435,0.5352073446426471,0.7299359607418531,1.1640560564481996
354,3,0,0,0.25,0.5,0.47687391750841307,0.5352073446426471,0.7299359607418531,1.1640560564481996
370,3,0,0,0.0,1.0,0.238579815444561,0.5352073446426471,0.7299359607418531,1.1640560564481996
373,3,0,0,0.0,1.0,0.4543475536665188,0.5352073446426471,0.7299359607418531,1.1640560564481996
374,3,0,1,0.5,0.0,0.5499850003949572,0.5352073446426471,0.7299359607418531,1.1640560564481996
390,3,0,1,0.75,0.5,0.7794911823645069,0.5352073446426471,0.7299359607418531,1.1640560564481996
391,3,0,0,0.0,1.0,0.2664475875225744,0.5352073446426471,0.7299359607418531,1.1640560564481996
395,3,0,1,0.5,0.0,0.742347031727492,0.5352073446426471,0.7299359607418531,1.1640560564481996
404,3,0,1,0.6,0.1999999999999999,0.8776609533534868,0.5352073446426471,0.7299359607418531,1.1640560564481996
405,3,0,0,0.0,1.0,0.6087173081508184,0.5352073446426471,0.7299359607418531,1.1640560564481996
411,3,0,0,0.2,0.6,0.7093433806655989,0.5352073446426471,0.7299359607418531,1.1640560564481996
412,3,0,1,1.0,1.0,0.7525460533469907,0.5352073446426471,0.7299359607418531,1.1640560564481996
414,3,0,1,0.6,0.1999999999999999,0.7424080412314251,0.5352073446426471,0.7299359607418531,1.1640560564481996
415,3,0,0,0.0,1.0,0.8388016130335296,0.5352073446426471,0.7299359607418531,1.1640560564481996
419,3,0,0,0.4,0.1999999999999999,0.5724178965861393,0.5352073446426471,0.7299359607418531,1.1640560564481996
425,3,0,0,0.0,1.0,0.5245522655120874,0.5352073446426471,0.7299359607418531,1.1640560564481996
426,3,0,1,0.8,0.6000000000000001,0.6578243440406378,0.5352073446426471,0.7299359607418531,1.1640560564481996
435,3,0,0,0.4,0.1999999999999999,0.5164895207103566,0.5352073446426471,0.7299359607418531,1.1640560564481996
437,3,0,1,0.6,0.1999999999999999,0.4816874852214858,0.5352073446426471,0.7299359607418531,1.1640560564481996
443,3,0,0,0.0,1.0,0.37839100694291633,0.5352073446426471,0.7299359607418531,1.1640560564481996
453,3,0,0,0.25,0.5,0.5146669272112833,0.5352073446426471,0.7299359607418531,1.1640560564481996
461,3,0,1,0.5,0.0,0.7192442296708156,0.5352073446426471,0.7299359607418531,1.1640560564481996
464,3,0,0,0.0,1.0,0.6904428283957217,0.5352073446426471,0.7299359607418531,1.1640560564481996
467,3,0,1,1.0,1.0,0.7584117309497016,0.5352073446426471,0.7299359607418531,1.1640560564481996
472,3,0,0,0.25,0.5,0.4542504375489811,0.5352073446426471,0.7299359607418531,1.1640560564481996
484,3,0,0,0.25,0.5,0.5557781509584254,0.5352073446426471,0.7299359607418531,1.1640560564481996
488,3,0,1,0.5,0.0,0.710398358958018,0.5352073446426471,0.7299359607418531,1.1640560564481996
489,3,0,0,0.0,1.0,0.7159104248286627,0.5352073446426471,0.7299359607418531,1.1640560564481996
493,3,0,0,0.0,1.0,0.5702795057611305,0.5352073446426471,0.7299359607418531,1.1640560564481996
498,3,0,0,0.0,1.0,0.3828272076635782,0.5352073446426471,0.7299359607418531,1.1640560564481996
500,3,0,0,0.25,0.5,0.6455089983376869,0.5352073446426471,0.7299359607418531,1.1640560564481996
511,3,0,1,0.5,0.0,0.430256193307615,0.5352073446426471,0.7299359607418531,1.1640560564481996
522,3,0,0,0.25,0.5,0.5498298649448445,0.5352073446426471,0.7299359607418531,1.1640560564481996
523,3,0,0,0.25,0.5,0.7233255098293666,0.5352073446426471,0.7299359607418531,1.1640560564481996
531,3,0,1,0.75,0.5,0.6396254304097684,0.5352073446426471,0.7299359607418531,1.1640560564481996
534,3,0,1,0.75,0.5,0.6664233788613718,0.5352073446426471,0.7299359607418531,1.1640560564481996
544,3,0,1,0.5,0.0,0.7100042160621717,0.5352073446426471,0.7299359607418531,1.1640560564481996
546,3,0,1,0.5,0.0,0.6379268475824516,0.5352073446426471,0.7299359607418531,1.1640560564481996
554,3,0,1,0.5,0.0,0.641928986637556,0.5352073446426471,0.7299359607418531,1.1640560564481996
560,3,0,0,0.1666666666666666,0.6666666666666667,0.6899608551459602,0.5352073446426471,0.7299359607418531,1.1640560564481996
567,3,0,0,0.3333333333333333,0.3333333333333333,0.6650259896428151,0.5352073446426471,0.7299359607418531,1.1640560564481996
577,3,0,0,0.1666666666666666,0.6666666666666667,0.6659658336379933,0.5352073446426471,0.7299359607418531,1.1640560564481996
580,3,0,0,0.3333333333333333,0.3333333333333333,0.5032284013304948,0.5352073446426471,0.7299359607418531,1.1640560564481996
591,3,0,1,0.5,0.0,0.6581677402036502,0.5352073446426471,0.7299359607418531,1.1640560564481996
596,3,0,1,0.5,0.0,0.5550729600994653,0.5352073446426471,0.7299359607418531,1.1640560564481996
601,3,0,0,0.0,1.0,0.32823414495476894,0.5352073446426471,0.7299359607418531,1.1640560564481996
604,3,0,1,0.75,0.5,0.5042631793620074,0.5352073446426471,0.7299359607418531,1.1640560564481996
613,3,0,0,0.0,1.0,0.8505790187011218,0.5352073446426471,0.7299359607418531,1.1640560564481996
618,3,0,0,0.0,1.0,0.4675557279544066,0.5352073446426471,0.7299359607418531,1.1640560564481996
622,3,0,1,0.75,0.5,0.4778713644376558,0.5352073446426471,0.7299359607418531,1.1640560564481996
633,3,0,1,0.5,0.0,0.5783746296524824,0.5352073446426471,0.7299359607418531,1.1640560564481996
645,3,0,1,0.75,0.5,0.7600128200821985,0.5352073446426471,0.7299359607418531,1.1640560564481996
648,3,0,1,0.5,0.0,0.5530263818555714,0.5352073446426471,0.7299359607418531,1.1640560564481996
650,3,0,0,0.0,1.0,0.4230835242875158,0.5352073446426471,0.7299359607418531,1.1640560564481996
651,3,0,0,0.3333333333333333,0.3333333333333333,0.5981768812215992,0.5352073446426471,0.7299359607418531,1.1640560564481996
653,3,0,1,0.5,0.0,0.35498222599354007,0.5352073446426471,0.7299359607418531,1.1640560564481996
665,3,0,0,0.1666666666666666,0.6666666666666667,0.5647648263410933,0.5352073446426471,0.7299359607418531,1.1640560564481996
667,3,0,0,0.3333333333333333,0.3333333333333333,0.6962502983950029,0.5352073446426471,0.7299359607418531,1.1640560564481996
668,3,0,0,0.1666666666666666,0.6666666666666667,0.6867792961584257,0.5352073446426471,0.7299359607418531,1.1640560564481996
673,3,0,0,0.3333333333333333,0.3333333333333333,0.24971493801142747,0.5352073446426471,0.7299359607418531,1.1640560564481996
674,3,0,0,0.3333333333333333,0.3333333333333333,0.5234034935369414,0.5352073446426471,0.7299359607418531,1.1640560564481996
681,3,0,0,0.1666666666666666,0.6666666666666667,0.5879197915541612,0.5352073446426471,0.7299359607418531,1.1640560564481996
683,3,0,1,0.8333333333333334,0.6666666666666667,0.6882165011590776,0.5352073446426471,0.7299359607418531,1.1640560564481996
685,3,0,0,0.0,1.0,0.5176469732249749,0.5352073446426471,0.7299359607418531,1.1640560564481996
689,3,0,0,0.0,1.0,0.33393793733914257,0.5352073446426471,0.7299359607418531,1.1640560564481996
690,3,0,0,0.0,1.0,0.3634659062403023,0.5352073446426471,0.7299359607418531,1.1640560564481996
692,3,0,0,0.0,1.0,0.30028811600235533,0.5352073446426471,0.7299359607418531,1.1640560564481996
694,3,0,0,0.3333333333333333,0.3333333333333333,0.46302946597649475,0.5352073446426471,0.7299359607418531,1.1640560564481996
703,3,0,0,0.0,1.0,0.7592351128238096,0.5352073446426471,0.7299359607418531,1.1640560564481996
707,3,0,1,0.5,0.0,0.3868158325434779,0.5352073446426471,0.7299359607418531,1.1640560564481996
714,3,0,0,0.3333333333333333,0.3333333333333333,0.37257846115797083,0.5352073446426471,0.7299359607418531,1.1640560564481996
716,3,0,1,0.6666666666666666,0.3333333333333332,0.39114745026324543,0.5352073446426471,0.7299359607418531,1.1640560564481996
717,3,0,1,0.5,0.0,0.36202238395923836,0.5352073446426471,0.7299359607418531,1.1640560564481996
723,3,0,0,0.1666666666666666,0.6666666666666667,0.457734509440293,0.5352073446426471,0.7299359607418531,1.1640560564481996
725,3,0,0,0.0,1.0,0.38730669338236107,0.5352073446426471,0.7299359607418531,1.1640560564481996
730,3,0,0,0.3333333333333333,0.3333333333333333,0.410618420947919,0.5352073446426471,0.7299359607418531,1.1640560564481996
733,3,0,0,0.1666666666666666,0.6666666666666667,0.44050632368072073,0.5352073446426471,0.7299359607418531,1.1640560564481996
740,3,0,0,0.1666666666666666,0.6666666666666667,0.5193246130792547,0.5352073446426471,0.7299359607418531,1.1640560564481996
742,3,0,1,0.5,0.0,0.5799244952200011,0.5352073446426471,0.7299359607418531,1.1640560564481996
6,3,1,0,0.2,0.6,0.20799779269132126,0.5018443319707299,0.1634787000713242,1.2424809875890312
10,3,1,0,0.0,1.0,0.18237102499574076,0.5018443319707299,0.1634787000713242,1.2424809875890312
14,3,1,0,0.2,0.6,0.39937779021074193,0.5018443319707299,0.1634787000713242,1.2424809875890312
31,3,1,0,0.1666666666666666,0.6666666666666667,0.22945161539126158,0.5018443319707299,0.1634787000713242,1.2424809875890312
35,3,1,1,0.5,0.0,0.18551484653392902,0.5018443319707299,0.1634787000713242,1.2424809875890312
41,3,1,0,0.2,0.6,0.22080102230066084,0.5018443319707299,0.1634787000713242,1.2424809875890312
42,3,1,0,0.0,1.0,0.46119007585392346,0.5018443319707299,0.1634787000713242,1.2424809875890312
52,3,1,0,0.25,0.5,0.34617270422725926,0.5018443319707299,0.1634787000713242,1.2424809875890312
55,3,1,0,0.0,1.0,0.2778337400021031,0.5018443319707299,0.1634787000713242,1.2424809875890312
61,3,1,0,0.2,0.6,0.17458598027771,0.5018443319707299,0.1634787000713242,1.2424809875890312
62,3,1,0,0.25,0.5,0.21637543663956882,0.5018443319707299,0.1634787000713242,1.2424809875890312
63,3,1,0,0.0,1.0,0.36240176467828156,0.5018443319707299,0.1634787000713242,1.2424809875890312
65,3,1,0,0.25,0.5,0.1422916842865635,0.5018443319707299,0.1634787000713242,1.2424809875890312
66,3,1,0,0.0,1.0,0.24456440466237384,0.5018443319707299,0.1634787000713242,1.2424809875890312
73,3,1,0,0.0,1.0,0.15087877061858956,0.5018443319707299,0.1634787000713242,1.2424809875890312
84,3,1,0,0.3333333333333333,0.3333333333333333,0.5305654266380071,0.5018443319707299,0.1634787000713242,1.2424809875890312
87,3,1,0,0.0,1.0,0.30733894902117403,0.5018443319707299,0.1634787000713242,1.2424809875890312
91,3,1,0,0.25,0.5,0.50310048710667,0.5018443319707299,0.1634787000713242,1.2424809875890312
92,3,1,0,0.0,1.0,0.3242004531901019,0.5018443319707299,0.1634787000713242,1.2424809875890312
93,3,1,0,0.0,1.0,0.28120146553722414,0.5018443319707299,0.1634787000713242,1.2424809875890312
97,3,1,0,0.25,0.5,0.2872616208009725,0.5018443319707299,0.1634787000713242,1.2424809875890312
106,3,1,1,1.0,1.0,0.4731898556784963,0.5018443319707299,0.1634787000713242,1.2424809875890312
136,3,1,0,0.3333333333333333,0.3333333333333333,0.5698823597844247,0.5018443319707299,0.1634787000713242,1.2424809875890312
141,3,1,0,0.0,1.0,0.35533113712134906,0.5018443319707299,0.1634787000713242,1.2424809875890312
151,3,1,0,0.0,1.0,0.3506967561991204,0.5018443319707299,0.1634787000713242,1.2424809875890312
153,3,1,0,0.0,1.0,0.3126784095238344,0.5018443319707299,0.1634787000713242,1.2424809875890312
157,3,1,0,0.25,0.5,0.13936939415258986,0.5018443319707299,0.1634787000713242,1.2424809875890312
160,3,1,0,0.1666666666666666,0.6666666666666667,0.30085732267486126,0.5018443319707299,0.1634787000713242,1.2424809875890312
174,3,1,1,0.5,0.0,0.27172828363206153,0.5018443319707299,0.1634787000713242,1.2424809875890312
180,3,1,0,0.0,1.0,0.34101691653732963,0.5018443319707299,0.1634787000713242,1.2424809875890312
197,3,1,0,0.0,1.0,0.4372072392219077,0.5018443319707299,0.1634787000713242,1.2424809875890312
198,3,1,0,0.0,1.0,0.392963575596017,0.5018443319707299,0.1634787000713242,1.2424809875890312
211,3,1,1,0.6,0.1999999999999999,0.6537700019630427,0.5018443319707299,0.1634787000713242,1.2424809875890312
215,3,1,0,0.2,0.6,0.24790376437361833,0.5018443319707299,0.1634787000713242,1.2424809875890312
217,3,1,0,0.0,1.0,0.2002912790419826,0.5018443319707299,0.1634787000713242,1.2424809875890312
223,3,1,0,0.2,0.6,0.2462576100492761,0.5018443319707299,0.1634787000713242,1.2424809875890312
231,3,1,1,0.5,0.0,0.352107750191149,0.5018443319707299,0.1634787000713242,1.2424809875890312
233,3,1,0,0.0,1.0,0.3140051680721726,0.5018443319707299,0.1634787000713242,1.2424809875890312
237,3,1,0,0.4,0.1999999999999999,0.4106447590707736,0.5018443319707299,0.1634787000713242,1.2424809875890312
239,3,1,1,0.6,0.1999999999999999,0.374815864158281,0.5018443319707299,0.1634787000713242,1.2424809875890312
242,3,1,1,0.6,0.1999999999999999,0.3769775971457554,0.5018443319707299,0.1634787000713242,1.2424809875890312
243,3,1,0,0.0,1.0,0.3630692979264573,0.5018443319707299,0.1634787000713242,1.2424809875890312
244,3,1,1,0.6,0.1999999999999999,0.4504458188597103,0.5018443319707299,0.1634787000713242,1.2424809875890312
248,3,1,0,0.4,0.1999999999999999,0.4349578893847024,0.5018443319707299,0.1634787000713242,1.2424809875890312
249,3,1,1,0.6,0.1999999999999999,0.4251671742749839,0.5018443319707299,0.1634787000713242,1.2424809875890312
251,3,1,0,0.25,0.5,0.5135516702942334,0.5018443319707299,0.1634787000713242,1.2424809875890312
255,3,1,0,0.25,0.5,0.1936189007916173,0.5018443319707299,0.1634787000713242,1.2424809875890312
257,3,1,0,0.25,0.5,0.21211932365064912,0.5018443319707299,0.1634787000713242,1.2424809875890312
259,3,1,0,0.0,1.0,0.39760601621060776,0.5018443319707299,0.1634787000713242,1.2424809875890312
261,3,1,0,0.25,0.5,0.460794046397655,0.5018443319707299,0.1634787000713242,1.2424809875890312
264,3,1,0,0.25,0.5,0.386330781135365,0.5018443319707299,0.1634787000713242,1.2424809875890312
265,3,1,1,0.5,0.0,0.3252989752255685,0.5018443319707299,0.1634787000713242,1.2424809875890312
266,3,1,0,0.25,0.5,0.18340093281898198,0.5018443319707299,0.1634787000713242,1.2424809875890312
268,3,1,1,0.5,0.0,0.28207372733761454,0.5018443319707299,0.1634787000713242,1.2424809875890312
276,3,1,0,0.2,0.6,0.24465200727809208,0.5018443319707299,0.1634787000713242,1.2424809875890312
288,3,1,1,0.75,0.5,0.20158490173984006,0.5018443319707299,0.1634787000713242,1.2424809875890312
296,3,1,0,0.0,1.0,0.23821925819258583,0.5018443319707299,0.1634787000713242,1.2424809875890312
297,3,1,0,0.0,1.0,0.26305179839092024,0.5018443319707299,0.1634787000713242,1.2424809875890312
306,3,1,0,0.0,1.0,0.5059465856162354,0.5018443319707299,0.1634787000713242,1.2424809875890312
310,3,1,0,0.2,0.6,0.45888084716600896,0.5018443319707299,0.1634787000713242,1.2424809875890312
313,3,1,0,0.0,1.0,0.3470859133298786,0.5018443319707299,0.1634787000713242,1.2424809875890312
314,3,1,0,0.0,1.0,0.5083823795337872,0.5018443319707299,0.1634787000713242,1.2424809875890312
315,3,1,1,0.8,0.6000000000000001,0.40297027670495394,0.5018443319707299,0.1634787000713242,1.2424809875890312
317,3,1,0,0.4,0.1999999999999999,0.35793585396136457,0.5018443319707299,0.1634787000713242,1.2424809875890312
319,3,1,0,0.2,0.6,0.6336500548387646,0.5018443319707299,0.1634787000713242,1.2424809875890312
326,3,1,0,0.0,1.0,0.32096999785922814,0.5018443319707299,0.1634787000713242,1.2424809875890312
330,3,1,0,0.4,0.1999999999999999,0.595626879803165,0.5018443319707299,0.1634787000713242,1.2424809875890312
337,3,1,0,0.0,1.0,0.3906086171473323,0.5018443319707299,0.1634787000713242,1.2424809875890312
350,3,1,0,0.0,1.0,0.32049791136900274,0.5018443319707299,0.1634787000713242,1.2424809875890312
355,3,1,0,0.25,0.5,0.3608219439579659,0.5018443319707299,0.1634787000713242,1.2424809875890312
358,3,1,0,0.25,0.5,0.716534388092154,0.5018443319707299,0.1634787000713242,1.2424809875890312
364,3,1,1,0.5,0.0,0.4518669995653444,0.5018443319707299,0.1634787000713242,1.2424809875890312
366,3,1,0,0.0,1.0,0.5912323051224255,0.5018443319707299,0.1634787000713242,1.2424809875890312
376,3,1,1,0.5,0.0,0.6691465039017573,0.5018443319707299,0.1634787000713242,1.2424809875890312
378,3,1,1,0.5,0.0,0.38908446974595173,0.5018443319707299,0.1634787000713242,1.2424809875890312
383,3,1,0,0.0,1.0,0.41782148067061575,0.5018443319707299,0.1634787000713242,1.2424809875890312
388,3,1,1,0.5,0.0,0.681976629816102,0.5018443319707299,0.1634787000713242,1.2424809875890312
393,3,1,0,0.25,0.5,0.5119168193704766,0.5018443319707299,0.1634787000713242,1.2424809875890312
394,3,1,1,0.5,0.0,0.7772885354097685,0.5018443319707299,0.1634787000713242,1.2424809875890312
402,3,1,1,0.6,0.1999999999999999,0.4011662507980287,0.5018443319707299,0.1634787000713242,1.2424809875890312
403,3,1,0,0.0,1.0,0.29845312020807957,0.5018443319707299,0.1634787000713242,1.2424809875890312
406,3,1,1,0.6,0.1999999999999999,0.5903660481516487,0.5018443319707299,0.1634787000713242,1.2424809875890312
408,3,1,0,0.4,0.1999999999999999,0.760538781679701,0.5018443319707299,0.1634787000713242,1.2424809875890312
413,3,1,0,0.0,1.0,0.8056140909579437,0.5018443319707299,0.1634787000713242,1.2424809875890312
420,3,1,0,0.0,1.0,0.4184357473966518,0.5018443319707299,0.1634787000713242,1.2424809875890312
422,3,1,1,0.6,0.1999999999999999,0.34541448337662606,0.5018443319707299,0.1634787000713242,1.2424809875890312
430,3,1,1,0.6,0.1999999999999999,0.7209045055219159,0.5018443319707299,0.1634787000713242,1.2424809875890312
439,3,1,0,0.2,0.6,0.5231480915482568,0.5018443319707299,0.1634787000713242,1.2424809875890312
441,3,1,0,0.2,0.6,0.7831177852495531,0.5018443319707299,0.1634787000713242,1.2424809875890312
445,3,1,0,0.0,1.0,0.6908092199002194,0.5018443319707299,0.1634787000713242,1.2424809875890312
459,3,1,0,0.25,0.5,0.8187403816780519,0.5018443319707299,0.1634787000713242,1.2424809875890312
462,3,1,1,0.5,0.0,0.7742273639613432,0.5018443319707299,0.1634787000713242,1.2424809875890312
469,3,1,1,0.75,0.5,0.3399282653176835,0.5018443319707299,0.1634787000713242,1.2424809875890312
473,3,1,0,0.25,0.5,0.7098994667245628,0.5018443319707299,0.1634787000713242,1.2424809875890312
475,3,1,0,0.25,0.5,0.5517312754713797,0.5018443319707299,0.1634787000713242,1.2424809875890312
482,3,1,0,0.0,1.0,0.21871643558163564,0.5018443319707299,0.1634787000713242,1.2424809875890312
485,3,1,1,0.5,0.0,0.5037360901533298,0.5018443319707299,0.1634787000713242,1.2424809875890312
490,3,1,0,0.25,0.5,0.47250353900692665,0.5018443319707299,0.1634787000713242,1.2424809875890312
496,3,1,1,0.75,0.5,0.7283008443583368,0.5018443319707299,0.1634787000713242,1.2424809875890312
512,3,1,1,1.0,1.0,0.866631730840157,0.5018443319707299,0.1634787000713242,1.2424809875890312
518,3,1,0,0.25,0.5,0.6750331244586546,0.5018443319707299,0.1634787000713242,1.2424809875890312
524,3,1,0,0.0,1.0,0.6634416020516436,0.5018443319707299,0.1634787000713242,1.2424809875890312
525,3,1,0,0.2,0.6,0.18045941994436318,0.5018443319707299,0.1634787000713242,1.2424809875890312
532,3,1,0,0.0,1.0,0.2634947207555261,0.5018443319707299,0.1634787000713242,1.2424809875890312
535,3,1,0,0.25,0.5,0.8384235563387007,0.5018443319707299,0.1634787000713242,1.2424809875890312
543,3,1,1,0.5,0.0,0.6444827433970998,0.5018443319707299,0.1634787000713242,1.2424809875890312
545,3,1,0,0.25,0.5,0.5907911619282462,0.5018443319707299,0.1634787000713242,1.2424809875890312
548,3,1,1,0.5,0.0,0.6146928238452497,0.5018443319707299,0.1634787000713242,1.2424809875890312
551,3,1,1,0.6666666666666666,0.3333333333333332,0.5903717184728687,0.5018443319707299,0.1634787000713242,1.2424809875890312
562,3,1,0,0.3333333333333333,0.3333333333333333,0.7081328314765413,0.5018443319707299,0.1634787000713242,1.2424809875890312
576,3,1,1,0.5,0.0,0.6308212559780417,0.5018443319707299,0.1634787000713242,1.2424809875890312
579,3,1,0,0.3333333333333333,0.3333333333333333,0.4346726472401727,0.5018443319707299,0.1634787000713242,1.2424809875890312
581,3,1,0,0.3333333333333333,0.3333333333333333,0.6605776523168061,0.5018443319707299,0.1634787000713242,1.2424809875890312
585,3,1,1,0.5,0.0,0.6236866091316665,0.5018443319707299,0.1634787000713242,1.2424809875890312
588,3,1,0,0.1666666666666666,0.6666666666666667,0.8640793723321126,0.5018443319707299,0.1634787000713242,1.2424809875890312
594,3,1,0,0.0,1.0,0.5814641199880667,0.5018443319707299,0.1634787000713242,1.2424809875890312
611,3,1,1,0.75,0.5,0.5408007693733498,0.5018443319707299,0.1634787000713242,1.2424809875890312
625,3,1,0,0.0,1.0,0.5802778622470223,0.5018443319707299,0.1634787000713242,1.2424809875890312
627,3,1,1,0.75,0.5,0.7782032916901219,0.5018443319707299,0.1634787000713242,1.2424809875890312
630,3,1,1,0.5,0.0,0.7143746709867034,0.5018443319707299,0.1634787000713242,1.2424809875890312
632,3,1,1,0.5,0.0,0.6648863591835437,0.5018443319707299,0.1634787000713242,1.2424809875890312
634,3,1,0,0.25,0.5,0.6094158570078813,0.5018443319707299,0.1634787000713242,1.2424809875890312
635,3,1,1,0.5,0.0,0.5471941009000342,0.5018443319707299,0.1634787000713242,1.2424809875890312
638,3,1,0,0.25,0.5,0.7147331614713713,0.5018443319707299,0.1634787000713242,1.2424809875890312
639,3,1,0,0.0,1.0,0.768089941212143,0.5018443319707299,0.1634787000713242,1.2424809875890312
641,3,1,0,0.0,1.0,0.6199632299568717,0.5018443319707299,0.1634787000713242,1.2424809875890312
643,3,1,1,0.5,0.0,0.48146720042994684,0.5018443319707299,0.1634787000713242,1.2424809875890312
644,3,1,0,0.25,0.5,0.4854122017674281,0.5018443319707299,0.1634787000713242,1.2424809875890312
647,3,1,1,0.5,0.0,0.7575831676961954,0.5018443319707299,0.1634787000713242,1.2424809875890312
654,3,1,0,0.1666666666666666,0.6666666666666667,0.6412029616574082,0.5018443319707299,0.1634787000713242,1.2424809875890312
655,3,1,1,0.6666666666666666,0.3333333333333332,0.4043408606330523,0.5018443319707299,0.1634787000713242,1.2424809875890312
660,3,1,0,0.1666666666666666,0.6666666666666667,0.6327209751782074,0.5018443319707299,0.1634787000713242,1.2424809875890312
662,3,1,0,0.0,1.0,0.4489996686367879,0.5018443319707299,0.1634787000713242,1.2424809875890312
664,3,1,1,0.6666666666666666,0.3333333333333332,0.5684569006663507,0.5018443319707299,0.1634787000713242,1.2424809875890312
669,3,1,0,0.3333333333333333,0.3333333333333333,0.4809423802130496,0.5018443319707299,0.1634787000713242,1.2424809875890312
675,3,1,0,0.3333333333333333,0.3333333333333333,0.3078789390239793,0.5018443319707299,0.1634787000713242,1.2424809875890312
682,3,1,0,0.1666666666666666,0.6666666666666667,0.5594516773765356,0.5018443319707299,0.1634787000713242,1.2424809875890312
688,3,1,0,0.1666666666666666,0.6666666666666667,0.31708876511652817,0.5018443319707299,0.1634787000713242,1.2424809875890312
691,3,1,0,0.1666666666666666,0.6666666666666667,0.566088507343542,0.5018443319707299,0.1634787000713242,1.2424809875890312
693,3,1,1,0.5,0.0,0.848574684831396,0.5018443319707299,0.1634787000713242,1.2424809875890312
710,3,1,0,0.0,1.0,0.29174975457666497,0.5018443319707299,0.1634787000713242,1.2424809875890312
720,3,1,0,0.0,1.0,0.3623669226875629,0.5018443319707299,0.1634787000713242,1.2424809875890312
721,3,1,0,0.3333333333333333,0.3333333333333333,0.5232036374887916,0.5018443319707299,0.1634787000713242,1.2424809875890312
732,3,1,0,0.0,1.0,0.22512504991538096,0.5018443319707299,0.1634787000713242,1.2424809875890312
734,3,1,0,0.0,1.0,0.2574406218723541,0.5018443319707299,0.1634787000713242,1.2424809875890312
735,3,1,0,0.0,1.0,0.3340802233130827,0.5018443319707299,0.1634787000713242,1.2424809875890312
738,3,1,0,0.3333333333333333,0.3333333333333333,0.6116983930086468,0.5018443319707299,0.1634787000713242,1.2424809875890312
1,3,2,0,0.3333333333333333,0.3333333333333333,0.501455736930682,0.5148660756067549,1.0083268508656564,1.1513379513647342
2,3,2,0,0.4,0.1999999999999999,0.15156433835187824,0.5148660756067549,1.0083268508656564,1.1513379513647342
8,3,2,0,0.0,1.0,0.22631271954058912,0.5148660756067549,1.0083268508656564,1.1513379513647342
21,3,2,0,0.2,0.6,0.49854978298417396,0.5148660756067549,1.0083268508656564,1.1513379513647342
22,3,2,0,0.2,0.6,0.42603501057866233,0.5148660756067549,1.0083268508656564,1.1513379513647342
24,3,2,0,0.0,1.0,0.2824515745606894,0.5148660756067549,1.0083268508656564,1.1513379513647342
27,3,2,0,0.2,0.6,0.3197107151143216,0.5148660756067549,1.0083268508656564,1.1513379513647342
34,3,2,0,0.1666666666666666,0.6666666666666667,0.5306765596631866,0.5148660756067549,1.0083268508656564,1.1513379513647342
38,3,2,0,0.0,1.0,0.4898735914267306,0.5148660756067549,1.0083268508656564,1.1513379513647342
40,3,2,0,0.2,0.6,0.28717386865279904,0.5148660756067549,1.0083268508656564,1.1513379513647342
45,3,2,0,0.0,1.0,0.3794198463404655,0.5148660756067549,1.0083268508656564,1.1513379513647342
47,3,2,0,0.25,0.5,0.268065873946798,0.5148660756067549,1.0083268508656564,1.1513379513647342
49,3,2,0,0.3333333333333333,0.3333333333333333,0.4049398047468917,0.5148660756067549,1.0083268508656564,1.1513379513647342
56,3,2,0,0.25,0.5,0.29030504608464525,0.5148660756067549,1.0083268508656564,1.1513379513647342
64,3,2,0,0.3333333333333333,0.3333333333333333,0.22377057200743164,0.5148660756067549,1.0083268508656564,1.1513379513647342
69,3,2,0,0.0,1.0,0.2922613063994407,0.5148660756067549,1.0083268508656564,1.1513379513647342
86,3,2,0,0.0,1.0,0.1798070661347271,0.5148660756067549,1.0083268508656564,1.1513379513647342
95,3,2,0,0.25,0.5,0.21773522376000343,0.5148660756067549,1.0083268508656564,1.1513379513647342
96,3,2,0,0.0,1.0,0.23822067874672861,0.5148660756067549,1.0083268508656564,1.1513379513647342
100,3,2,0,0.25,0.5,0.42080334318378354,0.5148660756067549,1.0083268508656564,1.1513379513647342
107,3,2,0,0.1111111111111111,0.7777777777777778,0.4021227438749643,0.5148660756067549,1.0083268508656564,1.1513379513647342
110,3,2,0,0.0,1.0,0.5816961913692084,0.5148660756067549,1.0083268508656564,1.1513379513647342
120,3,2,0,0.0,1.0,0.34025432825873175,0.5148660756067549,1.0083268508656564,1.1513379513647342
121,3,2,0,0.1111111111111111,0.7777777777777778,0.3089987988259001,0.5148660756067549,1.0083268508656564,1.1513379513647342
123,3,2,0,0.0,1.0,0.2481985934838886,0.5148660756067549,1.0083268508656564,1.1513379513647342
129,3,2,0,0.2,0.6,0.45474667835031984,0.5148660756067549,1.0083268508656564,1.1513379513647342
131,3,2,0,0.0,1.0,0.43097530691133185,0.5148660756067549,1.0083268508656564,1.1513379513647342
133,3,2,1,0.8888888888888888,0.7777777777777777,0.3982845057554603,0.5148660756067549,1.0083268508656564,1.1513379513647342
135,3,2,0,0.1666666666666666,0.6666666666666667,0.23431270505893043,0.5148660756067549,1.0083268508656564,1.1513379513647342
138,3,2,1,0.5555555555555556,0.1111111111111111,0.42558453445122557,0.5148660756067549,1.0083268508656564,1.1513379513647342
146,3,2,1,0.8888888888888888,0.7777777777777777,0.3250251223463863,0.5148660756067549,1.0083268508656564,1.1513379513647342
148,3,2,0,0.1111111111111111,0.7777777777777778,0.28660750105603744,0.5148660756067549,1.0083268508656564,1.1513379513647342
150,3,2,0,0.0,1.0,0.40240655466042524,0.5148660756067549,1.0083268508656564,1.1513379513647342
155,3,2,0,0.25,0.5,0.46996967888165053,0.5148660756067549,1.0083268508656564,1.1513379513647342
156,3,2,0,0.25,0.5,0.2788243204726549,0.5148660756067549,1.0083268508656564,1.1513379513647342
163,3,2,0,0.25,0.5,0.42031021208528874,0.5148660756067549,1.0083268508656564,1.1513379513647342
165,3,2,0,0.0,1.0,0.5171022570487628,0.5148660756067549,1.0083268508656564,1.1513379513647342
170,3,2,0,0.1666666666666666,0.6666666666666667,0.4318249979774982,0.5148660756067549,1.0083268508656564,1.1513379513647342
173,3,2,0,0.25,0.5,0.2479289022230553,0.5148660756067549,1.0083268508656564,1.1513379513647342
184,3,2,0,0.0,1.0,0.22257814092743183,0.5148660756067549,1.0083268508656564,1.1513379513647342
189,3,2,1,0.5,0.0,0.46946184082219,0.5148660756067549,1.0083268508656564,1.1513379513647342
191,3,2,0,0.0,1.0,0.28810911920126486,0.5148660756067549,1.0083268508656564,1.1513379513647342
193,3,2,0,0.25,0.5,0.4574460199038711,0.5148660756067549,1.0083268508656564,1.1513379513647342
195,3,2,0,0.0,1.0,0.4055376155551267,0.5148660756067549,1.0083268508656564,1.1513379513647342
196,3,2,1,0.5,0.0,0.39675665415222156,0.5148660756067549,1.0083268508656564,1.1513379513647342
207,3,2,0,0.2,0.6,0.39605426107588276,0.5148660756067549,1.0083268508656564,1.1513379513647342
208,3,2,0,0.0,1.0,0.35887837756782737,0.5148660756067549,1.0083268508656564,1.1513379513647342
214,3,2,0,0.2,0.6,0.3340849298937867,0.5148660756067549,1.0083268508656564,1.1513379513647342
221,3,2,1,0.8,0.6000000000000001,0.3931161728909506,0.5148660756067549,1.0083268508656564,1.1513379513647342
227,3,2,1,1.0,1.0,0.3349194083593066,0.5148660756067549,1.0083268508656564,1.1513379513647342
230,3,2,0,0.2,0.6,0.18806653090033817,0.5148660756067549,1.0083268508656564,1.1513379513647342
234,3,2,0,0.25,0.5,0.4996507013618596,0.5148660756067549,1.0083268508656564,1.1513379513647342
262,3,2,1,0.5,0.0,0.3366774892221129,0.5148660756067549,1.0083268508656564,1.1513379513647342
270,3,2,0,0.0,1.0,0.37441204936462114,0.5148660756067549,1.0083268508656564,1.1513379513647342
278,3,2,0,0.25,0.5,0.2832301059538948,0.5148660756067549,1.0083268508656564,1.1513379513647342
280,3,2,0,0.25,0.5,0.5197474662045463,0.5148660756067549,1.0083268508656564,1.1513379513647342
282,3,2,0,0.25,0.5,0.4318946448821402,0.5148660756067549,1.0083268508656564,1.1513379513647342
290,3,2,0,0.0,1.0,0.4577521871932436,0.5148660756067549,1.0083268508656564,1.1513379513647342
294,3,2,0,0.0,1.0,0.418340772576439,0.5148660756067549,1.0083268508656564,1.1513379513647342
295,3,2,0,0.0,1.0,0.23495912100534977,0.5148660756067549,1.0083268508656564,1.1513379513647342
298,3,2,0,0.25,0.5,0.4445216079708154,0.5148660756067549,1.0083268508656564,1.1513379513647342
299,3,2,1,0.8,0.6000000000000001,0.21615314519735115,0.5148660756067549,1.0083268508656564,1.1513379513647342
300,3,2,0,0.0,1.0,0.4155441479027817,0.5148660756067549,1.0083268508656564,1.1513379513647342
304,3,2,1,0.8,0.6000000000000001,0.4256883061813064,0.5148660756067549,1.0083268508656564,1.1513379513647342
311,3,2,0,0.4,0.1999999999999999,0.3760998273566856,0.5148660756067549,1.0083268508656564,1.1513379513647342
312,3,2,0,0.0,1.0,0.2893440189953375,0.5148660756067549,1.0083268508656564,1.1513379513647342
322,3,2,1,0.6,0.1999999999999999,0.5771940974021355,0.5148660756067549,1.0083268508656564,1.1513379513647342
323,3,2,0,0.0,1.0,0.41421434187114653,0.5148660756067549,1.0083268508656564,1.1513379513647342
333,3,2,0,0.0,1.0,0.2444286928586628,0.5148660756067549,1.0083268508656564,1.1513379513647342
334,3,2,0,0.4,0.1999999999999999,0.43172147785088755,0.5148660756067549,1.0083268508656564,1.1513379513647342
344,3,2,0,0.2,0.6,0.2722540532729514,0.5148660756067549,1.0083268508656564,1.1513379513647342
357,3,2,1,0.5,0.0,0.2633170011795185,0.5148660756067549,1.0083268508656564,1.1513379513647342
367,3,2,0,0.25,0.5,0.38173506145928116,0.5148660756067549,1.0083268508656564,1.1513379513647342
371,3,2,0,0.25,0.5,0.5524694836649772,0.5148660756067549,1.0083268508656564,1.1513379513647342
382,3,2,1,0.5,0.0,0.5033647545780077,0.5148660756067549,1.0083268508656564,1.1513379513647342
396,3,2,1,0.75,0.5,0.6692784568208128,0.5148660756067549,1.0083268508656564,1.1513379513647342
398,3,2,0,0.25,0.5,0.6023030884640267,0.5148660756067549,1.0083268508656564,1.1513379513647342
417,3,2,0,0.2,0.6,0.5966698020189234,0.5148660756067549,1.0083268508656564,1.1513379513647342
421,3,2,0,0.2,0.6,0.5086319083976458,0.5148660756067549,1.0083268508656564,1.1513379513647342
427,3,2,1,0.6,0.1999999999999999,0.7026318437785029,0.5148660756067549,1.0083268508656564,1.1513379513647342
429,3,2,0,0.0,1.0,0.6059622954561223,0.5148660756067549,1.0083268508656564,1.1513379513647342
433,3,2,0,0.0,1.0,0.40982807728390364,0.5148660756067549,1.0083268508656564,1.1513379513647342
434,3,2,0,0.0,1.0,0.5084183773270962,0.5148660756067549,1.0083268508656564,1.1513379513647342
436,3,2,0,0.4,0.1999999999999999,0.5935782699492708,0.5148660756067549,1.0083268508656564,1.1513379513647342
438,3,2,0,0.1666666666666666,0.6666666666666667,0.3958791834401556,0.5148660756067549,1.0083268508656564,1.1513379513647342
442,3,2,1,0.8,0.6000000000000001,0.7591152136453407,0.5148660756067549,1.0083268508656564,1.1513379513647342
448,3,2,0,0.0,1.0,0.2707517412074597,0.5148660756067549,1.0083268508656564,1.1513379513647342
451,3,2,0,0.25,0.5,0.5527423183641482,0.5148660756067549,1.0083268508656564,1.1513379513647342
463,3,2,0,0.25,0.5,0.5030246926886033,0.5148660756067549,1.0083268508656564,1.1513379513647342
466,3,2,1,0.5,0.0,0.7151358629163578,0.5148660756067549,1.0083268508656564,1.1513379513647342
471,3,2,0,0.0,1.0,0.9189520316798145,0.5148660756067549,1.0083268508656564,1.1513379513647342
474,3,2,0,0.0,1.0,0.33740602426810906,0.5148660756067549,1.0083268508656564,1.1513379513647342
477,3,2,0,0.0,1.0,0.3755836552387297,0.5148660756067549,1.0083268508656564,1.1513379513647342
481,3,2,0,0.0,1.0,0.8649265690717366,0.5148660756067549,1.0083268508656564,1.1513379513647342
492,3,2,0,0.3333333333333333,0.3333333333333333,0.4528194274416456,0.5148660756067549,1.0083268508656564,1.1513379513647342
494,3,2,1,0.8,0.6000000000000001,0.5663862740670128,0.5148660756067549,1.0083268508656564,1.1513379513647342
502,3,2,1,0.75,0.5,0.5441677918939986,0.5148660756067549,1.0083268508656564,1.1513379513647342
507,3,2,1,1.0,1.0,0.6751973064858595,0.5148660756067549,1.0083268508656564,1.1513379513647342
513,3,2,0,0.0,1.0,0.7025911740678058,0.5148660756067549,1.0083268508656564,1.1513379513647342
530,3,2,1,0.5,0.0,0.5609543054826367,0.5148660756067549,1.0083268508656564,1.1513379513647342
537,3,2,0,0.25,0.5,0.5045548012372754,0.5148660756067549,1.0083268508656564,1.1513379513647342
539,3,2,0,0.25,0.5,0.5260079950229658,0.5148660756067549,1.0083268508656564,1.1513379513647342
540,3,2,0,0.25,0.5,0.7569315216983075,0.5148660756067549,1.0083268508656564,1.1513379513647342
547,3,2,1,0.5,0.0,0.5831724226040472,0.5148660756067549,1.0083268508656564,1.1513379513647342
550,3,2,0,0.0,1.0,0.6659772837660429,0.5148660756067549,1.0083268508656564,1.1513379513647342
553,3,2,0,0.0,1.0,0.41544486576239914,0.5148660756067549,1.0083268508656564,1.1513379513647342
556,3,2,0,0.1666666666666666,0.6666666666666667,0.4975942037106678,0.5148660756067549,1.0083268508656564,1.1513379513647342
561,3,2,1,0.5,0.0,0.6161816048011658,0.5148660756067549,1.0083268508656564,1.1513379513647342
564,3,2,1,0.5,0.0,0.6903914478957018,0.5148660756067549,1.0083268508656564,1.1513379513647342
569,3,2,0,0.1666666666666666,0.6666666666666667,0.485975024685706,0.5148660756067549,1.0083268508656564,1.1513379513647342
582,3,2,1,0.5,0.0,0.6936120922046857,0.5148660756067549,1.0083268508656564,1.1513379513647342
586,3,2,1,0.6666666666666666,0.3333333333333332,0.7053291158581311,0.5148660756067549,1.0083268508656564,1.1513379513647342
592,3,2,1,0.6,0.1999999999999999,0.8425893478023961,0.5148660756067549,1.0083268508656564,1.1513379513647342
593,3,2,1,0.5,0.0,0.5504164108839305,0.5148660756067549,1.0083268508656564,1.1513379513647342
595,3,2,1,0.8333333333333334,0.6666666666666667,0.7196637730056926,0.5148660756067549,1.0083268508656564,1.1513379513647342
598,3,2,0,0.3333333333333333,0.3333333333333333,0.6700783251289572,0.5148660756067549,1.0083268508656564,1.1513379513647342
600,3,2,0,0.1666666666666666,0.6666666666666667,0.6638141430492772,0.5148660756067549,1.0083268508656564,1.1513379513647342
603,3,2,1,0.5,0.0,0.5657428486116034,0.5148660756067549,1.0083268508656564,1.1513379513647342
606,3,2,0,0.25,0.5,0.37301049216492954,0.5148660756067549,1.0083268508656564,1.1513379513647342
607,3,2,0,0.0,1.0,0.7500098290495432,0.5148660756067549,1.0083268508656564,1.1513379513647342
609,3,2,0,0.25,0.5,0.6457985893485862,0.5148660756067549,1.0083268508656564,1.1513379513647342
614,3,2,1,0.75,0.5,0.5247420962009466,0.5148660756067549,1.0083268508656564,1.1513379513647342
615,3,2,1,0.75,0.5,0.7244133646540124,0.5148660756067549,1.0083268508656564,1.1513379513647342
621,3,2,1,0.5,0.0,0.5212150731931317,0.5148660756067549,1.0083268508656564,1.1513379513647342
624,3,2,0,0.25,0.5,0.6092671576967789,0.5148660756067549,1.0083268508656564,1.1513379513647342
626,3,2,1,0.5,0.0,0.6223231263594077,0.5148660756067549,1.0083268508656564,1.1513379513647342
631,3,2,0,0.0,1.0,0.555949273517981,0.5148660756067549,1.0083268508656564,1.1513379513647342
640,3,2,1,0.75,0.5,0.8889508414517482,0.5148660756067549,1.0083268508656564,1.1513379513647342
642,3,2,1,0.75,0.5,0.6106864266583555,0.5148660756067549,1.0083268508656564,1.1513379513647342
657,3,2,1,0.5,0.0,0.622000998114813,0.5148660756067549,1.0083268508656564,1.1513379513647342
658,3,2,0,0.1666666666666666,0.6666666666666667,0.5684236867328702,0.5148660756067549,1.0083268508656564,1.1513379513647342
663,3,2,0,0.3333333333333333,0.3333333333333333,0.7089610960463586,0.5148660756067549,1.0083268508656564,1.1513379513647342
672,3,2,0,0.0,1.0,0.583206903679642,0.5148660756067549,1.0083268508656564,1.1513379513647342
679,3,2,0,0.4,0.1999999999999999,0.3227940900199464,0.5148660756067549,1.0083268508656564,1.1513379513647342
687,3,2,0,0.3333333333333333,0.3333333333333333,0.569002565154394,0.5148660756067549,1.0083268508656564,1.1513379513647342
698,3,2,1,0.5,0.0,0.8089130876394149,0.5148660756067549,1.0083268508656564,1.1513379513647342
699,3,2,0,0.1666666666666666,0.6666666666666667,0.6194737809097294,0.5148660756067549,1.0083268508656564,1.1513379513647342
702,3,2,0,0.1666666666666666,0.6666666666666667,0.8070801612072618,0.5148660756067549,1.0083268508656564,1.1513379513647342
705,3,2,1,0.5,0.0,0.27241991994278947,0.5148660756067549,1.0083268508656564,1.1513379513647342
706,3,2,1,0.6666666666666666,0.3333333333333332,0.6329621691792972,0.5148660756067549,1.0083268508656564,1.1513379513647342
708,3,2,0,0.0,1.0,0.43584150261956883,0.5148660756067549,1.0083268508656564,1.1513379513647342
709,3,2,0,0.3333333333333333,0.3333333333333333,0.5305755197585037,0.5148660756067549,1.0083268508656564,1.1513379513647342
719,3,2,0,0.1666666666666666,0.6666666666666667,0.5764983106742257,0.5148660756067549,1.0083268508656564,1.1513379513647342
726,3,2,0,0.0,1.0,0.43342545938020755,0.5148660756067549,1.0083268508656564,1.1513379513647342
736,3,2,0,0.0,1.0,0.3789232343008352,0.5148660756067549,1.0083268508656564,1.1513379513647342
739,3,2,0,0.3333333333333333,0.3333333333333333,0.4576863254471926,0.5148660756067549,1.0083268508656564,1.1513379513647342
741,3,2,0,0.2,0.6,0.5034847288354394,0.5148660756067549,1.0083268508656564,1.1513379513647342
4,3,3,1,0.6,0.1999999999999999,0.37792800049397623,0.4865691526608107,1.6152308897767487,1.2745577149128822
11,3,3,1,0.6,0.1999999999999999,0.25511549238321324,0.4865691526608107,1.6152308897767487,1.2745577149128822
13,3,3,0,0.2,0.6,0.212088511353232,0.4865691526608107,1.6152308897767487,1.2745577149128822
15,3,3,0,0.4,0.1999999999999999,0.2534841646619786,0.4865691526608107,1.6152308897767487,1.2745577149128822
16,3,3,1,0.6,0.1999999999999999,0.23225697065662998,0.4865691526608107,1.6152308897767487,1.2745577149128822
18,3,3,1,0.6,0.1999999999999999,0.40257466949953724,0.4865691526608107,1.6152308897767487,1.2745577149128822
28,3,3,0,0.2,0.6,0.36969586122443665,0.4865691526608107,1.6152308897767487,1.2745577149128822
29,3,3,0,0.2,0.6,0.4721456297952089,0.4865691526608107,1.6152308897767487,1.2745577149128822
54,3,3,0,0.25,0.5,0.23292490408876568,0.4865691526608107,1.6152308897767487,1.2745577149128822
67,3,3,0,0.0,1.0,0.13672645771681274,0.4865691526608107,1.6152308897767487,1.2745577149128822
71,3,3,0,0.0,1.0,0.20092209426510335,0.4865691526608107,1.6152308897767487,1.2745577149128822
72,3,3,0,0.25,0.5,0.13860749444599305,0.4865691526608107,1.6152308897767487,1.2745577149128822
74,3,3,0,0.0,1.0,0.45173610093265343,0.4865691526608107,1.6152308897767487,1.2745577149128822
75,3,3,0,0.0,1.0,0.2903836138866206,0.4865691526608107,1.6152308897767487,1.2745577149128822
79,3,3,0,0.25,0.5,0.38183658478130705,0.4865691526608107,1.6152308897767487,1.2745577149128822
80,3,3,0,0.0,1.0,0.2580342934998199,0.4865691526608107,1.6152308897767487,1.2745577149128822
82,3,3,0,0.25,0.5,0.25810391164424556,0.4865691526608107,1.6152308897767487,1.2745577149128822
83,3,3,0,0.25,0.5,0.6713790865994878,0.4865691526608107,1.6152308897767487,1.2745577149128822
85,3,3,0,0.25,0.5,0.438671884708718,0.4865691526608107,1.6152308897767487,1.2745577149128822
89,3,3,0,0.25,0.5,0.2864624659395348,0.4865691526608107,1.6152308897767487,1.2745577149128822
90,3,3,1,0.5,0.0,0.19719544066160546,0.4865691526608107,1.6152308897767487,1.2745577149128822
94,3,3,0,0.25,0.5,0.16275545730327187,0.4865691526608107,1.6152308897767487,1.2745577149128822
98,3,3,0,0.3333333333333333,0.3333333333333333,0.233410104782947,0.4865691526608107,1.6152308897767487,1.2745577149128822
101,3,3,0,0.3333333333333333,0.3333333333333333,0.3246690157544502,0.4865691526608107,1.6152308897767487,1.2745577149128822
103,3,3,0,0.1111111111111111,0.7777777777777778,0.3105268019013575,0.4865691526608107,1.6152308897767487,1.2745577149128822
108,3,3,0,0.25,0.5,0.3221433240523985,0.4865691526608107,1.6152308897767487,1.2745577149128822
112,3,3,0,0.125,0.75,0.2112847000676798,0.4865691526608107,1.6152308897767487,1.2745577149128822
119,3,3,0,0.1111111111111111,0.7777777777777778,0.19232936901488923,0.4865691526608107,1.6152308897767487,1.2745577149128822
122,3,3,0,0.0,1.0,0.2695507615276827,0.4865691526608107,1.6152308897767487,1.2745577149128822
134,3,3,0,0.1111111111111111,0.7777777777777778,0.2961086967962171,0.4865691526608107,1.6152308897767487,1.2745577149128822
137,3,3,1,0.6666666666666666,0.3333333333333332,0.16377679586762392,0.4865691526608107,1.6152308897767487,1.2745577149128822
140,3,3,0,0.2222222222222222,0.5555555555555556,0.450707774145669,0.4865691526608107,1.6152308897767487,1.2745577149128822
152,3,3,0,0.0,1.0,0.2372906509378116,0.4865691526608107,1.6152308897767487,1.2745577149128822
159,3,3,0,0.0,1.0,0.22548925199061237,0.4865691526608107,1.6152308897767487,1.2745577149128822
164,3,3,0,0.0,1.0,0.24076866667438637,0.4865691526608107,1.6152308897767487,1.2745577149128822
177,3,3,0,0.0,1.0,0.4353850584432144,0.4865691526608107,1.6152308897767487,1.2745577149128822
182,3,3,0,0.0,1.0,0.3740257087299077,0.4865691526608107,1.6152308897767487,1.2745577149128822
183,3,3,0,0.0,1.0,0.37443398209979356,0.4865691526608107,1.6152308897767487,1.2745577149128822
192,3,3,0,0.0,1.0,0.23732935996582602,0.4865691526608107,1.6152308897767487,1.2745577149128822
199,3,3,0,0.25,0.5,0.39478805846461484,0.4865691526608107,1.6152308897767487,1.2745577149128822
201,3,3,0,0.25,0.5,0.3012717685692511,0.4865691526608107,1.6152308897767487,1.2745577149128822
213,3,3,0,0.4,0.1999999999999999,0.30294168593668297,0.4865691526608107,1.6152308897767487,1.2745577149128822
219,3,3,0,0.0,1.0,0.35399082376973323,0.4865691526608107,1.6152308897767487,1.2745577149128822
226,3,3,0,0.0,1.0,0.2973452764869361,0.4865691526608107,1.6152308897767487,1.2745577149128822
228,3,3,0,0.2,0.6,0.3483814822795659,0.4865691526608107,1.6152308897767487,1.2745577149128822
238,3,3,0,0.25,0.5,0.26383778772255734,0.4865691526608107,1.6152308897767487,1.2745577149128822
241,3,3,1,0.6,0.1999999999999999,0.30168172083819816,0.4865691526608107,1.6152308897767487,1.2745577149128822
245,3,3,0,0.0,1.0,0.48785789408862706,0.4865691526608107,1.6152308897767487,1.2745577149128822
250,3,3,0,0.4,0.1999999999999999,0.3728826696002043,0.4865691526608107,1.6152308897767487,1.2745577149128822
252,3,3,0,0.0,1.0,0.210946720825756,0.4865691526608107,1.6152308897767487,1.2745577149128822
258,3,3,0,0.0,1.0,0.2539524618952043,0.4865691526608107,1.6152308897767487,1.2745577149128822
263,3,3,0,0.2,0.6,0.29584394130659725,0.4865691526608107,1.6152308897767487,1.2745577149128822
272,3,3,1,0.5,0.0,0.4443447866828601,0.4865691526608107,1.6152308897767487,1.2745577149128822
275,3,3,1,0.5,0.0,0.4770065628674277,0.4865691526608107,1.6152308897767487,1.2745577149128822
277,3,3,1,0.5,0.0,0.4557619954021188,0.4865691526608107,1.6152308897767487,1.2745577149128822
279,3,3,0,0.2,0.6,0.16184738414696576,0.4865691526608107,1.6152308897767487,1.2745577149128822
302,3,3,0,0.0,1.0,0.39738990564180837,0.4865691526608107,1.6152308897767487,1.2745577149128822
307,3,3,0,0.4,0.1999999999999999,0.3684582174536607,0.4865691526608107,1.6152308897767487,1.2745577149128822
316,3,3,0,0.4,0.1999999999999999,0.40611721665545913,0.4865691526608107,1.6152308897767487,1.2745577149128822
318,3,3,0,0.4,0.1999999999999999,0.46784602118574714,0.4865691526608107,1.6152308897767487,1.2745577149128822
324,3,3,0,0.2,0.6,0.6150511264731141,0.4865691526608107,1.6152308897767487,1.2745577149128822
328,3,3,1,0.6,0.1999999999999999,0.2702698988077623,0.4865691526608107,1.6152308897767487,1.2745577149128822
331,3,3,0,0.0,1.0,0.31635759586777085,0.4865691526608107,1.6152308897767487,1.2745577149128822
332,3,3,0,0.0,1.0,0.3944735103474502,0.4865691526608107,1.6152308897767487,1.2745577149128822
338,3,3,0,0.4,0.1999999999999999,0.2485018270831101,0.4865691526608107,1.6152308897767487,1.2745577149128822
339,3,3,0,0.0,1.0,0.2699100560745201,0.4865691526608107,1.6152308897767487,1.2745577149128822
345,3,3,0,0.0,1.0,0.2600122722481053,0.4865691526608107,1.6152308897767487,1.2745577149128822
347,3,3,0,0.4,0.1999999999999999,0.4844862647516133,0.4865691526608107,1.6152308897767487,1.2745577149128822
352,3,3,0,0.25,0.5,0.470046879723019,0.4865691526608107,1.6152308897767487,1.2745577149128822
363,3,3,0,0.0,1.0,0.6006452683916239,0.4865691526608107,1.6152308897767487,1.2745577149128822
375,3,3,1,0.5,0.0,0.7323866653556894,0.4865691526608107,1.6152308897767487,1.2745577149128822
377,3,3,0,0.25,0.5,0.5843378977153006,0.4865691526608107,1.6152308897767487,1.2745577149128822
379,3,3,1,0.75,0.5,0.7053536492423388,0.4865691526608107,1.6152308897767487,1.2745577149128822
380,3,3,1,0.75,0.5,0.8399083897611119,0.4865691526608107,1.6152308897767487,1.2745577149128822
381,3,3,1,0.75,0.5,0.41112381076622573,0.4865691526608107,1.6152308897767487,1.2745577149128822
384,3,3,0,0.25,0.5,0.552912603253287,0.4865691526608107,1.6152308897767487,1.2745577149128822
386,3,3,0,0.25,0.5,0.5272947668683136,0.4865691526608107,1.6152308897767487,1.2745577149128822
387,3,3,0,0.0,1.0,0.3808198632305469,0.4865691526608107,1.6152308897767487,1.2745577149128822
389,3,3,0,0.25,0.5,0.7804859034055571,0.4865691526608107,1.6152308897767487,1.2745577149128822
392,3,3,1,0.5,0.0,0.5472718615160943,0.4865691526608107,1.6152308897767487,1.2745577149128822
407,3,3,0,0.2,0.6,0.810129721145866,0.4865691526608107,1.6152308897767487,1.2745577149128822
409,3,3,0,0.4,0.1999999999999999,0.9026268940965542,0.4865691526608107,1.6152308897767487,1.2745577149128822
416,3,3,0,0.0,1.0,0.5523234000508934,0.4865691526608107,1.6152308897767487,1.2745577149128822
423,3,3,0,0.0,1.0,0.6919574320957342,0.4865691526608107,1.6152308897767487,1.2745577149128822
424,3,3,1,0.6,0.1999999999999999,0.43278962599046755,0.4865691526608107,1.6152308897767487,1.2745577149128822
432,3,3,0,0.2,0.6,0.6479412680738885,0.4865691526608107,1.6152308897767487,1.2745577149128822
440,3,3,0,0.0,1.0,0.7441443860622567,0.4865691526608107,1.6152308897767487,1.2745577149128822
446,3,3,0,0.2,0.6,0.6887858623613095,0.4865691526608107,1.6152308897767487,1.2745577149128822
447,3,3,0,0.0,1.0,0.36243536052136394,0.4865691526608107,1.6152308897767487,1.2745577149128822
452,3,3,0,0.25,0.5,0.5321071901878212,0.4865691526608107,1.6152308897767487,1.2745577149128822
454,3,3,0,0.0,1.0,0.6263617604525076,0.4865691526608107,1.6152308897767487,1.2745577149128822
455,3,3,0,0.0,1.0,0.271167064530555,0.4865691526608107,1.6152308897767487,1.2745577149128822
456,3,3,1,0.5,0.0,0.6350627149527334,0.4865691526608107,1.6152308897767487,1.2745577149128822
457,3,3,1,0.5,0.0,0.6867553820165497,0.4865691526608107,1.6152308897767487,1.2745577149128822
458,3,3,0,0.0,1.0,0.385003123260025,0.4865691526608107,1.6152308897767487,1.2745577149128822
476,3,3,0,0.0,1.0,0.7464087212367434,0.4865691526608107,1.6152308897767487,1.2745577149128822
478,3,3,0,0.0,1.0,0.25189681133616953,0.4865691526608107,1.6152308897767487,1.2745577149128822
479,3,3,0,0.0,1.0,0.6961863662119523,0.4865691526608107,1.6152308897767487,1.2745577149128822
480,3,3,1,0.5,0.0,0.7594011339087147,0.4865691526608107,1.6152308897767487,1.2745577149128822
483,3,3,0,0.25,0.5,0.8098561912680003,0.4865691526608107,1.6152308897767487,1.2745577149128822
487,3,3,0,0.2,0.6,0.23238852105931337,0.4865691526608107,1.6152308897767487,1.2745577149128822
491,3,3,1,0.5,0.0,0.6477303143309344,0.4865691526608107,1.6152308897767487,1.2745577149128822
499,3,3,0,0.0,1.0,0.44355720962404777,0.4865691526608107,1.6152308897767487,1.2745577149128822
503,3,3,0,0.0,1.0,0.6135809345913052,0.4865691526608107,1.6152308897767487,1.2745577149128822
505,3,3,1,0.5,0.0,0.7589455666386176,0.4865691526608107,1.6152308897767487,1.2745577149128822
506,3,3,1,0.75,0.5,0.7654386024680173,0.4865691526608107,1.6152308897767487,1.2745577149128822
508,3,3,1,0.75,0.5,0.6533652670054739,0.4865691526608107,1.6152308897767487,1.2745577149128822
515,3,3,0,0.25,0.5,0.595407692342936,0.4865691526608107,1.6152308897767487,1.2745577149128822
516,3,3,0,0.0,1.0,0.6771717754034214,0.4865691526608107,1.6152308897767487,1.2745577149128822
519,3,3,0,0.0,1.0,0.4967907310546595,0.4865691526608107,1.6152308897767487,1.2745577149128822
521,3,3,1,0.75,0.5,0.7507159781426083,0.4865691526608107,1.6152308897767487,1.2745577149128822
526,3,3,0,0.0,1.0,0.7327903469998126,0.4865691526608107,1.6152308897767487,1.2745577149128822
529,3,3,1,0.5,0.0,0.3537959837836574,0.4865691526608107,1.6152308897767487,1.2745577149128822
541,3,3,1,0.5,0.0,0.8294548204682218,0.4865691526608107,1.6152308897767487,1.2745577149128822
542,3,3,0,0.25,0.5,0.4482038789163234,0.4865691526608107,1.6152308897767487,1.2745577149128822
549,3,3,0,0.0,1.0,0.3027754447504533,0.4865691526608107,1.6152308897767487,1.2745577149128822
552,3,3,1,0.6666666666666666,0.3333333333333332,0.6112410645159215,0.4865691526608107,1.6152308897767487,1.2745577149128822
555,3,3,0,0.3333333333333333,0.3333333333333333,0.7581333397556622,0.4865691526608107,1.6152308897767487,1.2745577149128822
558,3,3,1,0.5,0.0,0.6254655038188175,0.4865691526608107,1.6152308897767487,1.2745577149128822
568,3,3,1,1.0,1.0,0.6399499127560132,0.4865691526608107,1.6152308897767487,1.2745577149128822
570,3,3,1,0.6666666666666666,0.3333333333333332,0.7057483745786157,0.4865691526608107,1.6152308897767487,1.2745577149128822
573,3,3,0,0.3333333333333333,0.3333333333333333,0.7335776988081789,0.4865691526608107,1.6152308897767487,1.2745577149128822
575,3,3,1,0.5,0.0,0.7745079904767626,0.4865691526608107,1.6152308897767487,1.2745577149128822
578,3,3,1,0.5,0.0,0.5204538867487141,0.4865691526608107,1.6152308897767487,1.2745577149128822
583,3,3,1,0.5,0.0,0.8659972900124064,0.4865691526608107,1.6152308897767487,1.2745577149128822
589,3,3,0,0.3333333333333333,0.3333333333333333,0.7496515117933393,0.4865691526608107,1.6152308897767487,1.2745577149128822
590,3,3,0,0.3333333333333333,0.3333333333333333,0.7846461839680673,0.4865691526608107,1.6152308897767487,1.2745577149128822
597,3,3,0,0.0,1.0,0.16069363318060137,0.4865691526608107,1.6152308897767487,1.2745577149128822
610,3,3,0,0.25,0.5,0.6516987449789972,0.4865691526608107,1.6152308897767487,1.2745577149128822
617,3,3,1,0.5,0.0,0.820000317686359,0.4865691526608107,1.6152308897767487,1.2745577149128822
629,3,3,1,0.5,0.0,0.7780565944824404,0.4865691526608107,1.6152308897767487,1.2745577149128822
636,3,3,0,0.0,1.0,0.6237758785457137,0.4865691526608107,1.6152308897767487,1.2745577149128822
637,3,3,1,0.5,0.0,0.7318591016225318,0.4865691526608107,1.6152308897767487,1.2745577149128822
646,3,3,0,0.0,1.0,0.22825274988746957,0.4865691526608107,1.6152308897767487,1.2745577149128822
652,3,3,0,0.0,1.0,0.16735525431474962,0.4865691526608107,1.6152308897767487,1.2745577149128822
671,3,3,0,0.3333333333333333,0.3333333333333333,0.4998325715940509,0.4865691526608107,1.6152308897767487,1.2745577149128822
677,3,3,1,0.6666666666666666,0.3333333333333332,0.6825648109624269,0.4865691526608107,1.6152308897767487,1.2745577149128822
678,3,3,0,0.3333333333333333,0.3333333333333333,0.4098961157108051,0.4865691526608107,1.6152308897767487,1.2745577149128822
680,3,3,0,0.0,1.0,0.3190459492822026,0.4865691526608107,1.6152308897767487,1.2745577149128822
686,3,3,0,0.0,1.0,0.6735674532757271,0.4865691526608107,1.6152308897767487,1.2745577149128822
695,3,3,0,0.3333333333333333,0.3333333333333333,0.6394873213748145,0.4865691526608107,1.6152308897767487,1.2745577149128822
697,3,3,1,0.5,0.0,0.7311862489800527,0.4865691526608107,1.6152308897767487,1.2745577149128822
704,3,3,0,0.3333333333333333,0.3333333333333333,0.3815913548329546,0.4865691526608107,1.6152308897767487,1.2745577149128822
713,3,3,1,0.6,0.1999999999999999,0.35289864811340765,0.4865691526608107,1.6152308897767487,1.2745577149128822
722,3,3,0,0.2,0.6,0.2721191643136424,0.4865691526608107,1.6152308897767487,1.2745577149128822
729,3,3,0,0.4,0.1999999999999999,0.4469596989585917,0.4865691526608107,1.6152308897767487,1.2745577149128822
737,3,3,0,0.1666666666666666,0.6666666666666667,0.2975348911463867,0.4865691526608107,1.6152308897767487,1.2745577149128822
9,3,4,0,0.0,1.0,0.3936530398429366,0.5055187325968024,1.2770396137436926,1.1271885705241649
12,3,4,0,0.4,0.1999999999999999,0.2905575364695657,0.5055187325968024,1.2770396137436926,1.1271885705241649
17,3,4,0,0.4,0.1999999999999999,0.418543831168502,0.5055187325968024,1.2770396137436926,1.1271885705241649
20,3,4,0,0.25,0.5,0.2454179351223177,0.5055187325968024,1.2770396137436926,1.1271885705241649
26,3,4,1,0.8,0.6000000000000001,0.19306107089405805,0.5055187325968024,1.2770396137436926,1.1271885705241649
32,3,4,0,0.2,0.6,0.3108770690344093,0.5055187325968024,1.2770396137436926,1.1271885705241649
33,3,4,0,0.4,0.1999999999999999,0.3658245362779256,0.5055187325968024,1.2770396137436926,1.1271885705241649
43,3,4,0,0.2,0.6,0.3742305096814301,0.5055187325968024,1.2770396137436926,1.1271885705241649
46,3,4,0,0.4,0.1999999999999999,0.6105198550957086,0.5055187325968024,1.2770396137436926,1.1271885705241649
51,3,4,0,0.25,0.5,0.32882503409001057,0.5055187325968024,1.2770396137436926,1.1271885705241649
53,3,4,0,0.1666666666666666,0.6666666666666667,0.27301317901493566,0.5055187325968024,1.2770396137436926,1.1271885705241649
68,3,4,0,0.0,1.0,0.22319850445592374,0.5055187325968024,1.2770396137436926,1.1271885705241649
70,3,4,0,0.0,1.0,0.4402717602766297,0.5055187325968024,1.2770396137436926,1.1271885705241649
76,3,4,0,0.25,0.5,0.3160930265545528,0.5055187325968024,1.2770396137436926,1.1271885705241649
88,3,4,1,0.5,0.0,0.28899919641091887,0.5055187325968024,1.2770396137436926,1.1271885705241649
102,3,4,0,0.0,1.0,0.2386338781524056,0.5055187325968024,1.2770396137436926,1.1271885705241649
104,3,4,0,0.1111111111111111,0.7777777777777778,0.28461033011443304,0.5055187325968024,1.2770396137436926,1.1271885705241649
105,3,4,0,0.0,1.0,0.4582254341099539,0.5055187325968024,1.2770396137436926,1.1271885705241649
109,3,4,0,0.1111111111111111,0.7777777777777778,0.31975790444559743,0.5055187325968024,1.2770396137436926,1.1271885705241649
111,3,4,0,0.1111111111111111,0.7777777777777778,0.2272725795506214,0.5055187325968024,1.2770396137436926,1.1271885705241649
113,3,4,0,0.1111111111111111,0.7777777777777778,0.2875241086698792,0.5055187325968024,1.2770396137436926,1.1271885705241649
117,3,4,0,0.25,0.5,0.34804014425252705,0.5055187325968024,1.2770396137436926,1.1271885705241649
118,3,4,0,0.0,1.0,0.3798098247788057,0.5055187325968024,1.2770396137436926,1.1271885705241649
124,3,4,0,0.0,1.0,0.4396735753951232,0.5055187325968024,1.2770396137436926,1.1271885705241649
128,3,4,0,0.1111111111111111,0.7777777777777778,0.23329198219083855,0.5055187325968024,1.2770396137436926,1.1271885705241649
132,3,4,0,0.2222222222222222,0.5555555555555556,0.41522733794919686,0.5055187325968024,1.2770396137436926,1.1271885705241649
139,3,4,0,0.0,1.0,0.4313195439928395,0.5055187325968024,1.2770396137436926,1.1271885705241649
142,3,4,0,0.0,1.0,0.3609561889807327,0.5055187325968024,1.2770396137436926,1.1271885705241649
143,3,4,1,0.5555555555555556,0.1111111111111111,0.42590721177419527,0.5055187325968024,1.2770396137436926,1.1271885705241649
158,3,4,0,0.0,1.0,0.22854541626987143,0.5055187325968024,1.2770396137436926,1.1271885705241649
168,3,4,0,0.25,0.5,0.5172003193758937,0.5055187325968024,1.2770396137436926,1.1271885705241649
171,3,4,0,0.25,0.5,0.42157908815484235,0.5055187325968024,1.2770396137436926,1.1271885705241649
172,3,4,0,0.0,1.0,0.4461086173430262,0.5055187325968024,1.2770396137436926,1.1271885705241649
175,3,4,0,0.0,1.0,0.2656224478088072,0.5055187325968024,1.2770396137436926,1.1271885705241649
176,3,4,0,0.0,1.0,0.3629762894980576,0.5055187325968024,1.2770396137436926,1.1271885705241649
178,3,4,0,0.0,1.0,0.2992347523239508,0.5055187325968024,1.2770396137436926,1.1271885705241649
179,3,4,0,0.25,0.5,0.4709684713036201,0.5055187325968024,1.2770396137436926,1.1271885705241649
185,3,4,0,0.25,0.5,0.33482676931097133,0.5055187325968024,1.2770396137436926,1.1271885705241649
187,3,4,0,0.0,1.0,0.3948091941269417,0.5055187325968024,1.2770396137436926,1.1271885705241649
194,3,4,0,0.0,1.0,0.47664690473305554,0.5055187325968024,1.2770396137436926,1.1271885705241649
200,3,4,0,0.2,0.6,0.3435822231680024,0.5055187325968024,1.2770396137436926,1.1271885705241649
202,3,4,1,0.6,0.1999999999999999,0.4300631478020926,0.5055187325968024,1.2770396137436926,1.1271885705241649
206,3,4,1,0.5,0.0,0.3589677116109722,0.5055187325968024,1.2770396137436926,1.1271885705241649
212,3,4,0,0.2,0.6,0.22581180488834268,0.5055187325968024,1.2770396137436926,1.1271885705241649
222,3,4,0,0.2,0.6,0.5382802486028014,0.5055187325968024,1.2770396137436926,1.1271885705241649
224,3,4,0,0.4,0.1999999999999999,0.45941203681721365,0.5055187325968024,1.2770396137436926,1.1271885705241649
229,3,4,0,0.0,1.0,0.23027103073671207,0.5055187325968024,1.2770396137436926,1.1271885705241649
232,3,4,0,0.25,0.5,0.4231575645365571,0.5055187325968024,1.2770396137436926,1.1271885705241649
236,3,4,0,0.0,1.0,0.3446421786200702,0.5055187325968024,1.2770396137436926,1.1271885705241649
240,3,4,0,0.2,0.6,0.31919197448365655,0.5055187325968024,1.2770396137436926,1.1271885705241649
246,3,4,0,0.4,0.1999999999999999,0.3763192813265654,0.5055187325968024,1.2770396137436926,1.1271885705241649
254,3,4,0,0.25,0.5,0.4710224757907702,0.5055187325968024,1.2770396137436926,1.1271885705241649
260,3,4,0,0.25,0.5,0.2652726037811207,0.5055187325968024,1.2770396137436926,1.1271885705241649
274,3,4,1,0.5,0.0,0.7017857655561697,0.5055187325968024,1.2770396137436926,1.1271885705241649
281,3,4,0,0.0,1.0,0.36207965063404407,0.5055187325968024,1.2770396137436926,1.1271885705241649
286,3,4,0,0.2,0.6,0.19498819846752324,0.5055187325968024,1.2770396137436926,1.1271885705241649
287,3,4,0,0.25,0.5,0.3454500191113071,0.5055187325968024,1.2770396137436926,1.1271885705241649
289,3,4,1,0.5,0.0,0.37195002349970613,0.5055187325968024,1.2770396137436926,1.1271885705241649
293,3,4,1,0.5,0.0,0.4527300411144264,0.5055187325968024,1.2770396137436926,1.1271885705241649
303,3,4,0,0.0,1.0,0.247161273016552,0.5055187325968024,1.2770396137436926,1.1271885705241649
321,3,4,1,0.6,0.1999999999999999,0.568039883161626,0.5055187325968024,1.2770396137436926,1.1271885705241649
325,3,4,0,0.0,1.0,0.301548718804515,0.5055187325968024,1.2770396137436926,1.1271885705241649
327,3,4,0,0.0,1.0,0.5838256986460969,0.5055187325968024,1.2770396137436926,1.1271885705241649
335,3,4,1,0.5,0.0,0.3634641495564737,0.5055187325968024,1.2770396137436926,1.1271885705241649
336,3,4,0,0.4,0.1999999999999999,0.4964010377180804,0.5055187325968024,1.2770396137436926,1.1271885705241649
340,3,4,1,0.6,0.1999999999999999,0.4663032729483165,0.5055187325968024,1.2770396137436926,1.1271885705241649
342,3,4,0,0.2,0.6,0.41867207074277546,0.5055187325968024,1.2770396137436926,1.1271885705241649
343,3,4,1,0.8,0.6000000000000001,0.5711124466958043,0.5055187325968024,1.2770396137436926,1.1271885705241649
353,3,4,0,0.0,1.0,0.6788382780131753,0.5055187325968024,1.2770396137436926,1.1271885705241649
356,3,4,0,0.25,0.5,0.531043611189259,0.5055187325968024,1.2770396137436926,1.1271885705241649
359,3,4,0,0.25,0.5,0.44843037687912873,0.5055187325968024,1.2770396137436926,1.1271885705241649
360,3,4,0,0.25,0.5,0.6340128064241481,0.5055187325968024,1.2770396137436926,1.1271885705241649
361,3,4,0,0.0,1.0,0.27900949073093373,0.5055187325968024,1.2770396137436926,1.1271885705241649
362,3,4,1,0.75,0.5,0.634688846705118,0.5055187325968024,1.2770396137436926,1.1271885705241649
365,3,4,0,0.25,0.5,0.4925250003541777,0.5055187325968024,1.2770396137436926,1.1271885705241649
368,3,4,1,0.5,0.0,0.5203070553615606,0.5055187325968024,1.2770396137436926,1.1271885705241649
369,3,4,0,0.0,1.0,0.31182611963788365,0.5055187325968024,1.2770396137436926,1.1271885705241649
372,3,4,0,0.25,0.5,0.5520277113408043,0.5055187325968024,1.2770396137436926,1.1271885705241649
385,3,4,1,0.5,0.0,0.4422558078573368,0.5055187325968024,1.2770396137436926,1.1271885705241649
397,3,4,1,0.75,0.5,0.7979749882385905,0.5055187325968024,1.2770396137436926,1.1271885705241649
399,3,4,0,0.25,0.5,0.40673643443867175,0.5055187325968024,1.2770396137436926,1.1271885705241649
400,3,4,1,0.5,0.0,0.6658426410252858,0.5055187325968024,1.2770396137436926,1.1271885705241649
401,3,4,0,0.2,0.6,0.6444966916570538,0.5055187325968024,1.2770396137436926,1.1271885705241649
410,3,4,1,0.6,0.1999999999999999,0.7319834993213346,0.5055187325968024,1.2770396137436926,1.1271885705241649
418,3,4,0,0.0,1.0,0.6813902059866184,0.5055187325968024,1.2770396137436926,1.1271885705241649
428,3,4,1,0.6,0.1999999999999999,0.5674397797449049,0.5055187325968024,1.2770396137436926,1.1271885705241649
431,3,4,0,0.4,0.1999999999999999,0.4517085943664425,0.5055187325968024,1.2770396137436926,1.1271885705241649
444,3,4,0,0.2,0.6,0.6825446734484291,0.5055187325968024,1.2770396137436926,1.1271885705241649
449,3,4,0,0.4,0.1999999999999999,0.4587713810039131,0.5055187325968024,1.2770396137436926,1.1271885705241649
450,3,4,0,0.2,0.6,0.4498503551992281,0.5055187325968024,1.2770396137436926,1.1271885705241649
460,3,4,0,0.0,1.0,0.523168618006319,0.5055187325968024,1.2770396137436926,1.1271885705241649
465,3,4,1,0.5,0.0,0.7695407339140485,0.5055187325968024,1.2770396137436926,1.1271885705241649
468,3,4,0,0.25,0.5,0.7823989152323764,0.5055187325968024,1.2770396137436926,1.1271885705241649
470,3,4,0,0.0,1.0,0.7405639961024799,0.5055187325968024,1.2770396137436926,1.1271885705241649
486,3,4,0,0.25,0.5,0.8040440121046063,0.5055187325968024,1.2770396137436926,1.1271885705241649
495,3,4,0,0.0,1.0,0.7036729151109481,0.5055187325968024,1.2770396137436926,1.1271885705241649
497,3,4,0,0.0,1.0,0.3217707604874049,0.5055187325968024,1.2770396137436926,1.1271885705241649
501,3,4,0,0.25,0.5,0.6755963261039288,0.5055187325968024,1.2770396137436926,1.1271885705241649
504,3,4,1,0.75,0.5,0.6566899352731097,0.5055187325968024,1.2770396137436926,1.1271885705241649
509,3,4,0,0.25,0.5,0.5448256998896459,0.5055187325968024,1.2770396137436926,1.1271885705241649
510,3,4,1,0.5,0.0,0.7009334272411304,0.5055187325968024,1.2770396137436926,1.1271885705241649
514,3,4,1,0.75,0.5,0.7860597965756247,0.5055187325968024,1.2770396137436926,1.1271885705241649
517,3,4,0,0.25,0.5,0.7085106995912464,0.5055187325968024,1.2770396137436926,1.1271885705241649
520,3,4,1,0.5,0.0,0.5397743962923618,0.5055187325968024,1.2770396137436926,1.1271885705241649
527,3,4,0,0.25,0.5,0.6628227138075528,0.5055187325968024,1.2770396137436926,1.1271885705241649
528,3,4,0,0.0,1.0,0.2991462482873618,0.5055187325968024,1.2770396137436926,1.1271885705241649
533,3,4,0,0.0,1.0,0.2922527273269976,0.5055187325968024,1.2770396137436926,1.1271885705241649
536,3,4,0,0.3333333333333333,0.3333333333333333,0.597692681850576,0.5055187325968024,1.2770396137436926,1.1271885705241649
538,3,4,0,0.0,1.0,0.7556364835971217,0.5055187325968024,1.2770396137436926,1.1271885705241649
557,3,4,0,0.3333333333333333,0.3333333333333333,0.5657115209553693,0.5055187325968024,1.2770396137436926,1.1271885705241649
559,3,4,1,0.6666666666666666,0.3333333333333332,0.40814079596602715,0.5055187325968024,1.2770396137436926,1.1271885705241649
563,3,4,0,0.0,1.0,0.7350104710564809,0.5055187325968024,1.2770396137436926,1.1271885705241649
565,3,4,0,0.3333333333333333,0.3333333333333333,0.5858074214137662,0.5055187325968024,1.2770396137436926,1.1271885705241649
566,3,4,0,0.1666666666666666,0.6666666666666667,0.5092564558002256,0.5055187325968024,1.2770396137436926,1.1271885705241649
571,3,4,1,0.5,0.0,0.5632651800802794,0.5055187325968024,1.2770396137436926,1.1271885705241649
572,3,4,1,0.8333333333333334,0.6666666666666667,0.7516974474942819,0.5055187325968024,1.2770396137436926,1.1271885705241649
574,3,4,0,0.3333333333333333,0.3333333333333333,0.3779781786067089,0.5055187325968024,1.2770396137436926,1.1271885705241649
584,3,4,1,0.6666666666666666,0.3333333333333332,0.862374524254621,0.5055187325968024,1.2770396137436926,1.1271885705241649
587,3,4,1,0.8333333333333334,0.6666666666666667,0.6927821522534799,0.5055187325968024,1.2770396137436926,1.1271885705241649
599,3,4,0,0.0,1.0,0.5152946310602747,0.5055187325968024,1.2770396137436926,1.1271885705241649
602,3,4,0,0.25,0.5,0.6610837500793086,0.5055187325968024,1.2770396137436926,1.1271885705241649
605,3,4,1,0.5,0.0,0.6894682974909363,0.5055187325968024,1.2770396137436926,1.1271885705241649
608,3,4,0,0.0,1.0,0.7440123520860117,0.5055187325968024,1.2770396137436926,1.1271885705241649
612,3,4,0,0.0,1.0,0.18648578663424237,0.5055187325968024,1.2770396137436926,1.1271885705241649
616,3,4,1,0.75,0.5,0.5866290396716244,0.5055187325968024,1.2770396137436926,1.1271885705241649
619,3,4,0,0.25,0.5,0.7733952589084959,0.5055187325968024,1.2770396137436926,1.1271885705241649
620,3,4,1,0.75,0.5,0.7534950167104607,0.5055187325968024,1.2770396137436926,1.1271885705241649
623,3,4,1,0.5,0.0,0.7082781462818839,0.5055187325968024,1.2770396137436926,1.1271885705241649
628,3,4,0,0.0,1.0,0.46481826521735264,0.5055187325968024,1.2770396137436926,1.1271885705241649
649,3,4,1,0.5,0.0,0.5532507909356781,0.5055187325968024,1.2770396137436926,1.1271885705241649
656,3,4,1,0.6666666666666666,0.3333333333333332,0.6892696201299038,0.5055187325968024,1.2770396137436926,1.1271885705241649
659,3,4,1,0.6666666666666666,0.3333333333333332,0.5843797654320083,0.5055187325968024,1.2770396137436926,1.1271885705241649
661,3,4,1,0.8333333333333334,0.6666666666666667,0.8645702450602057,0.5055187325968024,1.2770396137436926,1.1271885705241649
670,3,4,1,0.5,0.0,0.6374073655907245,0.5055187325968024,1.2770396137436926,1.1271885705241649
676,3,4,0,0.1666666666666666,0.6666666666666667,0.6453611450218254,0.5055187325968024,1.2770396137436926,1.1271885705241649
684,3,4,0,0.0,1.0,0.7718887871409462,0.5055187325968024,1.2770396137436926,1.1271885705241649
696,3,4,0,0.1666666666666666,0.6666666666666667,0.562096277493313,0.5055187325968024,1.2770396137436926,1.1271885705241649
700,3,4,1,0.5,0.0,0.7303234014199002,0.5055187325968024,1.2770396137436926,1.1271885705241649
701,3,4,0,0.1666666666666666,0.6666666666666667,0.7137341237838715,0.5055187325968024,1.2770396137436926,1.1271885705241649
711,3,4,1,0.6,0.1999999999999999,0.4141619570781181,0.5055187325968024,1.2770396137436926,1.1271885705241649
712,3,4,0,0.1666666666666666,0.6666666666666667,0.390404235541509,0.5055187325968024,1.2770396137436926,1.1271885705241649
715,3,4,1,0.5,0.0,0.42665444497528315,0.5055187325968024,1.2770396137436926,1.1271885705241649
718,3,4,0,0.1666666666666666,0.6666666666666667,0.42161874292520224,0.5055187325968024,1.2770396137436926,1.1271885705241649
724,3,4,0,0.2,0.6,0.325851981335407,0.5055187325968024,1.2770396137436926,1.1271885705241649
727,3,4,0,0.4,0.1999999999999999,0.5009040385445462,0.5055187325968024,1.2770396137436926,1.1271885705241649
728,3,4,0,0.2,0.6,0.3053408904341773,0.5055187325968024,1.2770396137436926,1.1271885705241649
731,3,4,0,0.0,1.0,0.27187018649304817,0.5055187325968024,1.2770396137436926,1.1271885705241649
3,4,0,0,0.0,1.0,0.3110282744339312,0.5263504314567968,0.38283506120027627,1.051525660237453
8,4,0,0,0.0,1.0,0.2823596140351956,0.5263504314567968,0.38283506120027627,1.051525660237453
10,4,0,0,0.0,1.0,0.28932353475713685,0.5263504314567968,0.38283506120027627,1.051525660237453
11,4,0,1,0.6,0.1999999999999999,0.28548008268807457,0.5263504314567968,0.38283506120027627,1.051525660237453
13,4,0,0,0.2,0.6,0.2311888118282193,0.5263504314567968,0.38283506120027627,1.051525660237453
18,4,0,1,0.6,0.1999999999999999,0.4529246673745851,0.5263504314567968,0.38283506120027627,1.051525660237453
24,4,0,0,0.0,1.0,0.2542964384102055,0.5263504314567968,0.38283506120027627,1.051525660237453
25,4,0,0,0.2,0.6,0.35557972218897677,0.5263504314567968,0.38283506120027627,1.051525660237453
29,4,0,0,0.2,0.6,0.4410364016215088,0.5263504314567968,0.38283506120027627,1.051525660237453
30,4,0,0,0.2,0.6,0.2615336024944177,0.5263504314567968,0.38283506120027627,1.051525660237453
31,4,0,0,0.1666666666666666,0.6666666666666667,0.23108256510159725,0.5263504314567968,0.38283506120027627,1.051525660237453
34,4,0,0,0.1666666666666666,0.6666666666666667,0.5855878081467937,0.5263504314567968,0.38283506120027627,1.051525660237453
36,4,0,0,0.2,0.6,0.20877814728283436,0.5263504314567968,0.38283506120027627,1.051525660237453
44,4,0,0,0.0,1.0,0.3313837953927069,0.5263504314567968,0.38283506120027627,1.051525660237453
46,4,0,0,0.4,0.1999999999999999,0.6030741343786835,0.5263504314567968,0.38283506120027627,1.051525660237453
47,4,0,0,0.25,0.5,0.2954128677686709,0.5263504314567968,0.38283506120027627,1.051525660237453
51,4,0,0,0.25,0.5,0.3164262736202863,0.5263504314567968,0.38283506120027627,1.051525660237453
52,4,0,0,0.25,0.5,0.30872957423686703,0.5263504314567968,0.38283506120027627,1.051525660237453
57,4,0,1,1.0,1.0,0.26245127219038705,0.5263504314567968,0.38283506120027627,1.051525660237453
60,4,0,0,0.0,1.0,0.3842050001886574,0.5263504314567968,0.38283506120027627,1.051525660237453
67,4,0,0,0.0,1.0,0.22899000952458917,0.5263504314567968,0.38283506120027627,1.051525660237453
70,4,0,0,0.0,1.0,0.47118752827278415,0.5263504314567968,0.38283506120027627,1.051525660237453
83,4,0,0,0.25,0.5,0.5854612569570892,0.5263504314567968,0.38283506120027627,1.051525660237453
90,4,0,1,0.5,0.0,0.22638053533246433,0.5263504314567968,0.38283506120027627,1.051525660237453
94,4,0,0,0.25,0.5,0.22970498281784527,0.5263504314567968,0.38283506120027627,1.051525660237453
110,4,0,0,0.0,1.0,0.509870586178693,0.5263504314567968,0.38283506120027627,1.051525660237453
111,4,0,0,0.1111111111111111,0.7777777777777778,0.24579941457567347,0.5263504314567968,0.38283506120027627,1.051525660237453
116,4,0,0,0.0,1.0,0.23883669173814925,0.5263504314567968,0.38283506120027627,1.051525660237453
121,4,0,0,0.1111111111111111,0.7777777777777778,0.3073987457239622,0.5263504314567968,0.38283506120027627,1.051525660237453
124,4,0,0,0.0,1.0,0.3920517495326649,0.5263504314567968,0.38283506120027627,1.051525660237453
128,4,0,0,0.1111111111111111,0.7777777777777778,0.19346221196471325,0.5263504314567968,0.38283506120027627,1.051525660237453
151,4,0,0,0.0,1.0,0.3695256178733288,0.5263504314567968,0.38283506120027627,1.051525660237453
159,4,0,0,0.0,1.0,0.2595778997190465,0.5263504314567968,0.38283506120027627,1.051525660237453
169,4,0,0,0.0,1.0,0.41300681595371425,0.5263504314567968,0.38283506120027627,1.051525660237453
182,4,0,0,0.0,1.0,0.39942412623841267,0.5263504314567968,0.38283506120027627,1.051525660237453
185,4,0,0,0.25,0.5,0.30728982612431593,0.5263504314567968,0.38283506120027627,1.051525660237453
189,4,0,1,0.5,0.0,0.46486222089003815,0.5263504314567968,0.38283506120027627,1.051525660237453
190,4,0,0,0.25,0.5,0.2999316641234209,0.5263504314567968,0.38283506120027627,1.051525660237453
191,4,0,0,0.0,1.0,0.2748944221091115,0.5263504314567968,0.38283506120027627,1.051525660237453
192,4,0,0,0.0,1.0,0.32089913520233504,0.5263504314567968,0.38283506120027627,1.051525660237453
198,4,0,0,0.0,1.0,0.4348442695754808,0.5263504314567968,0.38283506120027627,1.051525660237453
200,4,0,0,0.2,0.6,0.38708769896444023,0.5263504314567968,0.38283506120027627,1.051525660237453
205,4,0,0,0.2,0.6,0.26647121907702126,0.5263504314567968,0.38283506120027627,1.051525660237453
213,4,0,0,0.4,0.1999999999999999,0.29710508818222037,0.5263504314567968,0.38283506120027627,1.051525660237453
226,4,0,0,0.0,1.0,0.3198902134805254,0.5263504314567968,0.38283506120027627,1.051525660237453
230,4,0,0,0.2,0.6,0.23192332971686058,0.5263504314567968,0.38283506120027627,1.051525660237453
233,4,0,0,0.0,1.0,0.37328916250071625,0.5263504314567968,0.38283506120027627,1.051525660237453
234,4,0,0,0.25,0.5,0.4852751469160267,0.5263504314567968,0.38283506120027627,1.051525660237453
236,4,0,0,0.0,1.0,0.3547741710329541,0.5263504314567968,0.38283506120027627,1.051525660237453
240,4,0,0,0.2,0.6,0.3267230955422953,0.5263504314567968,0.38283506120027627,1.051525660237453
241,4,0,1,0.6,0.1999999999999999,0.3563067938910163,0.5263504314567968,0.38283506120027627,1.051525660237453
242,4,0,1,0.6,0.1999999999999999,0.40392587268456276,0.5263504314567968,0.38283506120027627,1.051525660237453
246,4,0,0,0.4,0.1999999999999999,0.48686010955064835,0.5263504314567968,0.38283506120027627,1.051525660237453
248,4,0,0,0.4,0.1999999999999999,0.48221934473665284,0.5263504314567968,0.38283506120027627,1.051525660237453
252,4,0,0,0.0,1.0,0.24925842832896272,0.5263504314567968,0.38283506120027627,1.051525660237453
255,4,0,0,0.25,0.5,0.23381642513745535,0.5263504314567968,0.38283506120027627,1.051525660237453
273,4,0,1,0.5,0.0,0.3891161527436382,0.5263504314567968,0.38283506120027627,1.051525660237453
274,4,0,1,0.5,0.0,0.7011193594026836,0.5263504314567968,0.38283506120027627,1.051525660237453
278,4,0,0,0.25,0.5,0.28319946525876644,0.5263504314567968,0.38283506120027627,1.051525660237453
288,4,0,1,0.75,0.5,0.19884133539564186,0.5263504314567968,0.38283506120027627,1.051525660237453
311,4,0,0,0.4,0.1999999999999999,0.3248596901013011,0.5263504314567968,0.38283506120027627,1.051525660237453
315,4,0,1,0.8,0.6000000000000001,0.4991446354772431,0.5263504314567968,0.38283506120027627,1.051525660237453
319,4,0,0,0.2,0.6,0.557585652955271,0.5263504314567968,0.38283506120027627,1.051525660237453
320,4,0,0,0.0,1.0,0.37463639789603564,0.5263504314567968,0.38283506120027627,1.051525660237453
321,4,0,1,0.6,0.1999999999999999,0.5782164353908777,0.5263504314567968,0.38283506120027627,1.051525660237453
323,4,0,0,0.0,1.0,0.37517553269129295,0.5263504314567968,0.38283506120027627,1.051525660237453
326,4,0,0,0.0,1.0,0.3708388455979054,0.5263504314567968,0.38283506120027627,1.051525660237453
330,4,0,0,0.4,0.1999999999999999,0.5073613520571723,0.5263504314567968,0.38283506120027627,1.051525660237453
339,4,0,0,0.0,1.0,0.34139306565441385,0.5263504314567968,0.38283506120027627,1.051525660237453
346,4,0,1,0.6,0.1999999999999999,0.7668770856798693,0.5263504314567968,0.38283506120027627,1.051525660237453
359,4,0,0,0.25,0.5,0.43890771055895605,0.5263504314567968,0.38283506120027627,1.051525660237453
370,4,0,0,0.0,1.0,0.2791515452039025,0.5263504314567968,0.38283506120027627,1.051525660237453
372,4,0,0,0.25,0.5,0.5305277797079356,0.5263504314567968,0.38283506120027627,1.051525660237453
380,4,0,1,0.75,0.5,0.8072024643095496,0.5263504314567968,0.38283506120027627,1.051525660237453
381,4,0,1,0.75,0.5,0.4438876106136149,0.5263504314567968,0.38283506120027627,1.051525660237453
384,4,0,0,0.25,0.5,0.5555491048159362,0.5263504314567968,0.38283506120027627,1.051525660237453
395,4,0,1,0.5,0.0,0.757384284501461,0.5263504314567968,0.38283506120027627,1.051525660237453
411,4,0,0,0.2,0.6,0.7825707602201118,0.5263504314567968,0.38283506120027627,1.051525660237453
416,4,0,0,0.0,1.0,0.5604178813374672,0.5263504314567968,0.38283506120027627,1.051525660237453
420,4,0,0,0.0,1.0,0.4161284702285041,0.5263504314567968,0.38283506120027627,1.051525660237453
422,4,0,1,0.6,0.1999999999999999,0.4062013106945214,0.5263504314567968,0.38283506120027627,1.051525660237453
423,4,0,0,0.0,1.0,0.6933177261160537,0.5263504314567968,0.38283506120027627,1.051525660237453
434,4,0,0,0.0,1.0,0.5710508138550255,0.5263504314567968,0.38283506120027627,1.051525660237453
435,4,0,0,0.4,0.1999999999999999,0.6379863588406044,0.5263504314567968,0.38283506120027627,1.051525660237453
438,4,0,0,0.1666666666666666,0.6666666666666667,0.3427188522617298,0.5263504314567968,0.38283506120027627,1.051525660237453
443,4,0,0,0.0,1.0,0.3883216064321604,0.5263504314567968,0.38283506120027627,1.051525660237453
452,4,0,0,0.25,0.5,0.6534860188709757,0.5263504314567968,0.38283506120027627,1.051525660237453
455,4,0,0,0.0,1.0,0.34687381870888095,0.5263504314567968,0.38283506120027627,1.051525660237453
456,4,0,1,0.5,0.0,0.6537135377127499,0.5263504314567968,0.38283506120027627,1.051525660237453
468,4,0,0,0.25,0.5,0.73367986205478,0.5263504314567968,0.38283506120027627,1.051525660237453
476,4,0,0,0.0,1.0,0.6817894678416455,0.5263504314567968,0.38283506120027627,1.051525660237453
480,4,0,1,0.5,0.0,0.746817247802096,0.5263504314567968,0.38283506120027627,1.051525660237453
485,4,0,1,0.5,0.0,0.481414832060438,0.5263504314567968,0.38283506120027627,1.051525660237453
489,4,0,0,0.0,1.0,0.7145590689799293,0.5263504314567968,0.38283506120027627,1.051525660237453
492,4,0,0,0.3333333333333333,0.3333333333333333,0.5243601293514397,0.5263504314567968,0.38283506120027627,1.051525660237453
505,4,0,1,0.5,0.0,0.7312503916013613,0.5263504314567968,0.38283506120027627,1.051525660237453
506,4,0,1,0.75,0.5,0.741405286142411,0.5263504314567968,0.38283506120027627,1.051525660237453
507,4,0,1,1.0,1.0,0.7132192140097174,0.5263504314567968,0.38283506120027627,1.051525660237453
510,4,0,1,0.5,0.0,0.6682940567407032,0.5263504314567968,0.38283506120027627,1.051525660237453
512,4,0,1,1.0,1.0,0.8040250464635389,0.5263504314567968,0.38283506120027627,1.051525660237453
515,4,0,0,0.25,0.5,0.5546664798232341,0.5263504314567968,0.38283506120027627,1.051525660237453
517,4,0,0,0.25,0.5,0.7094784163804594,0.5263504314567968,0.38283506120027627,1.051525660237453
522,4,0,0,0.25,0.5,0.4678189205445187,0.5263504314567968,0.38283506120027627,1.051525660237453
523,4,0,0,0.25,0.5,0.6979382271339756,0.5263504314567968,0.38283506120027627,1.051525660237453
534,4,0,1,0.75,0.5,0.6353019097261737,0.5263504314567968,0.38283506120027627,1.051525660237453
536,4,0,0,0.3333333333333333,0.3333333333333333,0.6269735986467441,0.5263504314567968,0.38283506120027627,1.051525660237453
542,4,0,0,0.25,0.5,0.4649756038945298,0.5263504314567968,0.38283506120027627,1.051525660237453
543,4,0,1,0.5,0.0,0.6540988687215659,0.5263504314567968,0.38283506120027627,1.051525660237453
553,4,0,0,0.0,1.0,0.44809609248599963,0.5263504314567968,0.38283506120027627,1.051525660237453
555,4,0,0,0.3333333333333333,0.3333333333333333,0.7214560231117154,0.5263504314567968,0.38283506120027627,1.051525660237453
566,4,0,0,0.1666666666666666,0.6666666666666667,0.4697289935220738,0.5263504314567968,0.38283506120027627,1.051525660237453
570,4,0,1,0.6666666666666666,0.3333333333333332,0.73567865385282,0.5263504314567968,0.38283506120027627,1.051525660237453
572,4,0,1,0.8333333333333334,0.6666666666666667,0.7808081678196733,0.5263504314567968,0.38283506120027627,1.051525660237453
578,4,0,1,0.5,0.0,0.5411411583994852,0.5263504314567968,0.38283506120027627,1.051525660237453
579,4,0,0,0.3333333333333333,0.3333333333333333,0.5512648063652286,0.5263504314567968,0.38283506120027627,1.051525660237453
586,4,0,1,0.6666666666666666,0.3333333333333332,0.7265880264451465,0.5263504314567968,0.38283506120027627,1.051525660237453
591,4,0,1,0.5,0.0,0.6568807670571498,0.5263504314567968,0.38283506120027627,1.051525660237453
598,4,0,0,0.3333333333333333,0.3333333333333333,0.6715076934685674,0.5263504314567968,0.38283506120027627,1.051525660237453
604,4,0,1,0.75,0.5,0.6001757878031146,0.5263504314567968,0.38283506120027627,1.051525660237453
613,4,0,0,0.0,1.0,0.8251959154496973,0.5263504314567968,0.38283506120027627,1.051525660237453
618,4,0,0,0.0,1.0,0.5372838975650772,0.5263504314567968,0.38283506120027627,1.051525660237453
623,4,0,1,0.5,0.0,0.6675436730767081,0.5263504314567968,0.38283506120027627,1.051525660237453
625,4,0,0,0.0,1.0,0.46725153400329605,0.5263504314567968,0.38283506120027627,1.051525660237453
635,4,0,1,0.5,0.0,0.5582783062631952,0.5263504314567968,0.38283506120027627,1.051525660237453
637,4,0,1,0.5,0.0,0.7398260987996486,0.5263504314567968,0.38283506120027627,1.051525660237453
639,4,0,0,0.0,1.0,0.6984233472760173,0.5263504314567968,0.38283506120027627,1.051525660237453
640,4,0,1,0.75,0.5,0.8643452468331098,0.5263504314567968,0.38283506120027627,1.051525660237453
641,4,0,0,0.0,1.0,0.6569840353265188,0.5263504314567968,0.38283506120027627,1.051525660237453
648,4,0,1,0.5,0.0,0.5532573534535263,0.5263504314567968,0.38283506120027627,1.051525660237453
661,4,0,1,0.8333333333333334,0.6666666666666667,0.8540540914171335,0.5263504314567968,0.38283506120027627,1.051525660237453
662,4,0,0,0.0,1.0,0.4437549134349764,0.5263504314567968,0.38283506120027627,1.051525660237453
663,4,0,0,0.3333333333333333,0.3333333333333333,0.6167886475649423,0.5263504314567968,0.38283506120027627,1.051525660237453
667,4,0,0,0.3333333333333333,0.3333333333333333,0.735754289530304,0.5263504314567968,0.38283506120027627,1.051525660237453
673,4,0,0,0.3333333333333333,0.3333333333333333,0.2835735599019582,0.5263504314567968,0.38283506120027627,1.051525660237453
679,4,0,0,0.4,0.1999999999999999,0.35803677525280975,0.5263504314567968,0.38283506120027627,1.051525660237453
683,4,0,1,0.8333333333333334,0.6666666666666667,0.7299156869820455,0.5263504314567968,0.38283506120027627,1.051525660237453
685,4,0,0,0.0,1.0,0.5631578874518061,0.5263504314567968,0.38283506120027627,1.051525660237453
686,4,0,0,0.0,1.0,0.6478110008699917,0.5263504314567968,0.38283506120027627,1.051525660237453
689,4,0,0,0.0,1.0,0.3579654622751398,0.5263504314567968,0.38283506120027627,1.051525660237453
699,4,0,0,0.1666666666666666,0.6666666666666667,0.6146293139806432,0.5263504314567968,0.38283506120027627,1.051525660237453
702,4,0,0,0.1666666666666666,0.6666666666666667,0.7591777979606779,0.5263504314567968,0.38283506120027627,1.051525660237453
703,4,0,0,0.0,1.0,0.6957291118426383,0.5263504314567968,0.38283506120027627,1.051525660237453
705,4,0,1,0.5,0.0,0.3182386951319841,0.5263504314567968,0.38283506120027627,1.051525660237453
727,4,0,0,0.4,0.1999999999999999,0.49362887937108163,0.5263504314567968,0.38283506120027627,1.051525660237453
732,4,0,0,0.0,1.0,0.2458769275760953,0.5263504314567968,0.38283506120027627,1.051525660237453
740,4,0,0,0.1666666666666666,0.6666666666666667,0.47956742552728493,0.5263504314567968,0.38283506120027627,1.051525660237453
742,4,0,1,0.5,0.0,0.5588496055823534,0.5263504314567968,0.38283506120027627,1.051525660237453
1,4,1,0,0.3333333333333333,0.3333333333333333,0.41895533226480675,0.5056290093038225,0.2642283528707613,1.1010271333976314
21,4,1,0,0.2,0.6,0.48479923340569475,0.5056290093038225,0.2642283528707613,1.1010271333976314
28,4,1,0,0.2,0.6,0.3974442906029837,0.5056290093038225,0.2642283528707613,1.1010271333976314
38,4,1,0,0.0,1.0,0.46229029989444875,0.5056290093038225,0.2642283528707613,1.1010271333976314
41,4,1,0,0.2,0.6,0.19772885107971636,0.5056290093038225,0.2642283528707613,1.1010271333976314
43,4,1,0,0.2,0.6,0.4239412453014973,0.5056290093038225,0.2642283528707613,1.1010271333976314
45,4,1,0,0.0,1.0,0.4842432934758243,0.5056290093038225,0.2642283528707613,1.1010271333976314
54,4,1,0,0.25,0.5,0.28076577632814537,0.5056290093038225,0.2642283528707613,1.1010271333976314
59,4,1,0,0.25,0.5,0.2828112867919222,0.5056290093038225,0.2642283528707613,1.1010271333976314
61,4,1,0,0.2,0.6,0.2127434292624857,0.5056290093038225,0.2642283528707613,1.1010271333976314
65,4,1,0,0.25,0.5,0.22351462884038692,0.5056290093038225,0.2642283528707613,1.1010271333976314
66,4,1,0,0.0,1.0,0.37688690134328456,0.5056290093038225,0.2642283528707613,1.1010271333976314
72,4,1,0,0.25,0.5,0.18858899040129434,0.5056290093038225,0.2642283528707613,1.1010271333976314
81,4,1,0,0.0,1.0,0.28429067585465295,0.5056290093038225,0.2642283528707613,1.1010271333976314
87,4,1,0,0.0,1.0,0.3563692673100088,0.5056290093038225,0.2642283528707613,1.1010271333976314
91,4,1,0,0.25,0.5,0.42429182343874877,0.5056290093038225,0.2642283528707613,1.1010271333976314
93,4,1,0,0.0,1.0,0.31529826818857476,0.5056290093038225,0.2642283528707613,1.1010271333976314
95,4,1,0,0.25,0.5,0.2626048919092573,0.5056290093038225,0.2642283528707613,1.1010271333976314
102,4,1,0,0.0,1.0,0.2592450219195741,0.5056290093038225,0.2642283528707613,1.1010271333976314
107,4,1,0,0.1111111111111111,0.7777777777777778,0.45178153707559743,0.5056290093038225,0.2642283528707613,1.1010271333976314
118,4,1,0,0.0,1.0,0.3923987505634203,0.5056290093038225,0.2642283528707613,1.1010271333976314
127,4,1,1,0.6666666666666666,0.3333333333333332,0.49101628283877397,0.5056290093038225,0.2642283528707613,1.1010271333976314
129,4,1,0,0.2,0.6,0.39724932495800747,0.5056290093038225,0.2642283528707613,1.1010271333976314
131,4,1,0,0.0,1.0,0.41115216250392744,0.5056290093038225,0.2642283528707613,1.1010271333976314
139,4,1,0,0.0,1.0,0.36944902781773903,0.5056290093038225,0.2642283528707613,1.1010271333976314
140,4,1,0,0.2222222222222222,0.5555555555555556,0.41928189841171454,0.5056290093038225,0.2642283528707613,1.1010271333976314
143,4,1,1,0.5555555555555556,0.1111111111111111,0.45448858124330593,0.5056290093038225,0.2642283528707613,1.1010271333976314
145,4,1,0,0.4444444444444444,0.1111111111111111,0.22096860270309943,0.5056290093038225,0.2642283528707613,1.1010271333976314
156,4,1,0,0.25,0.5,0.29600947726648213,0.5056290093038225,0.2642283528707613,1.1010271333976314
171,4,1,0,0.25,0.5,0.45666545699874944,0.5056290093038225,0.2642283528707613,1.1010271333976314
172,4,1,0,0.0,1.0,0.4853459035396678,0.5056290093038225,0.2642283528707613,1.1010271333976314
173,4,1,0,0.25,0.5,0.3052645168627831,0.5056290093038225,0.2642283528707613,1.1010271333976314
179,4,1,0,0.25,0.5,0.5116260673049938,0.5056290093038225,0.2642283528707613,1.1010271333976314
183,4,1,0,0.0,1.0,0.42543507824374666,0.5056290093038225,0.2642283528707613,1.1010271333976314
187,4,1,0,0.0,1.0,0.36773554025562555,0.5056290093038225,0.2642283528707613,1.1010271333976314
188,4,1,0,0.0,1.0,0.5376056850157618,0.5056290093038225,0.2642283528707613,1.1010271333976314
194,4,1,0,0.0,1.0,0.42745377770685794,0.5056290093038225,0.2642283528707613,1.1010271333976314
195,4,1,0,0.0,1.0,0.4101671426218999,0.5056290093038225,0.2642283528707613,1.1010271333976314
203,4,1,0,0.2,0.6,0.2802824940900555,0.5056290093038225,0.2642283528707613,1.1010271333976314
204,4,1,0,0.4,0.1999999999999999,0.45904585538663784,0.5056290093038225,0.2642283528707613,1.1010271333976314
206,4,1,1,0.5,0.0,0.3177618165435633,0.5056290093038225,0.2642283528707613,1.1010271333976314
211,4,1,1,0.6,0.1999999999999999,0.6199469357171037,0.5056290093038225,0.2642283528707613,1.1010271333976314
214,4,1,0,0.2,0.6,0.3371846989724559,0.5056290093038225,0.2642283528707613,1.1010271333976314
215,4,1,0,0.2,0.6,0.25633772341198297,0.5056290093038225,0.2642283528707613,1.1010271333976314
217,4,1,0,0.0,1.0,0.28422816172458326,0.5056290093038225,0.2642283528707613,1.1010271333976314
219,4,1,0,0.0,1.0,0.3292487406336568,0.5056290093038225,0.2642283528707613,1.1010271333976314
220,4,1,0,0.4,0.1999999999999999,0.28285471655726135,0.5056290093038225,0.2642283528707613,1.1010271333976314
221,4,1,1,0.8,0.6000000000000001,0.39068589719330427,0.5056290093038225,0.2642283528707613,1.1010271333976314
231,4,1,1,0.5,0.0,0.35836411238560856,0.5056290093038225,0.2642283528707613,1.1010271333976314
237,4,1,0,0.4,0.1999999999999999,0.4417410632116041,0.5056290093038225,0.2642283528707613,1.1010271333976314
244,4,1,1,0.6,0.1999999999999999,0.44949632984294513,0.5056290093038225,0.2642283528707613,1.1010271333976314
247,4,1,0,0.2,0.6,0.44958217047598814,0.5056290093038225,0.2642283528707613,1.1010271333976314
249,4,1,1,0.6,0.1999999999999999,0.35446817865119834,0.5056290093038225,0.2642283528707613,1.1010271333976314
259,4,1,0,0.0,1.0,0.3910146333322513,0.5056290093038225,0.2642283528707613,1.1010271333976314
272,4,1,1,0.5,0.0,0.3741876018699864,0.5056290093038225,0.2642283528707613,1.1010271333976314
277,4,1,1,0.5,0.0,0.4963461687352768,0.5056290093038225,0.2642283528707613,1.1010271333976314
295,4,1,0,0.0,1.0,0.25554117721614994,0.5056290093038225,0.2642283528707613,1.1010271333976314
310,4,1,0,0.2,0.6,0.449158047207941,0.5056290093038225,0.2642283528707613,1.1010271333976314
313,4,1,0,0.0,1.0,0.371550084118004,0.5056290093038225,0.2642283528707613,1.1010271333976314
322,4,1,1,0.6,0.1999999999999999,0.5285414406577129,0.5056290093038225,0.2642283528707613,1.1010271333976314
327,4,1,0,0.0,1.0,0.5690760622766932,0.5056290093038225,0.2642283528707613,1.1010271333976314
329,4,1,0,0.0,1.0,0.24383292005251733,0.5056290093038225,0.2642283528707613,1.1010271333976314
342,4,1,0,0.2,0.6,0.4120458876992229,0.5056290093038225,0.2642283528707613,1.1010271333976314
345,4,1,0,0.0,1.0,0.3164483533573324,0.5056290093038225,0.2642283528707613,1.1010271333976314
348,4,1,0,0.4,0.1999999999999999,0.5553551063097705,0.5056290093038225,0.2642283528707613,1.1010271333976314
349,4,1,0,0.0,1.0,0.28742701689282857,0.5056290093038225,0.2642283528707613,1.1010271333976314
351,4,1,0,0.0,1.0,0.46426244208940304,0.5056290093038225,0.2642283528707613,1.1010271333976314
352,4,1,0,0.25,0.5,0.42695845334760985,0.5056290093038225,0.2642283528707613,1.1010271333976314
354,4,1,0,0.25,0.5,0.4696406701926373,0.5056290093038225,0.2642283528707613,1.1010271333976314
367,4,1,0,0.25,0.5,0.37325268299846315,0.5056290093038225,0.2642283528707613,1.1010271333976314
374,4,1,1,0.5,0.0,0.5307409617584674,0.5056290093038225,0.2642283528707613,1.1010271333976314
376,4,1,1,0.5,0.0,0.6585858165124,0.5056290093038225,0.2642283528707613,1.1010271333976314
377,4,1,0,0.25,0.5,0.48731300644895714,0.5056290093038225,0.2642283528707613,1.1010271333976314
379,4,1,1,0.75,0.5,0.6132189426614912,0.5056290093038225,0.2642283528707613,1.1010271333976314
387,4,1,0,0.0,1.0,0.4278609324309657,0.5056290093038225,0.2642283528707613,1.1010271333976314
389,4,1,0,0.25,0.5,0.7798582304392477,0.5056290093038225,0.2642283528707613,1.1010271333976314
391,4,1,0,0.0,1.0,0.23890698083483144,0.5056290093038225,0.2642283528707613,1.1010271333976314
392,4,1,1,0.5,0.0,0.4651316945849485,0.5056290093038225,0.2642283528707613,1.1010271333976314
398,4,1,0,0.25,0.5,0.6384194913189041,0.5056290093038225,0.2642283528707613,1.1010271333976314
402,4,1,1,0.6,0.1999999999999999,0.40950334637143077,0.5056290093038225,0.2642283528707613,1.1010271333976314
404,4,1,1,0.6,0.1999999999999999,0.8465712727669124,0.5056290093038225,0.2642283528707613,1.1010271333976314
405,4,1,0,0.0,1.0,0.6547592092843038,0.5056290093038225,0.2642283528707613,1.1010271333976314
406,4,1,1,0.6,0.1999999999999999,0.48104214104166393,0.5056290093038225,0.2642283528707613,1.1010271333976314
407,4,1,0,0.2,0.6,0.7980500832236258,0.5056290093038225,0.2642283528707613,1.1010271333976314
424,4,1,1,0.6,0.1999999999999999,0.38072972862272336,0.5056290093038225,0.2642283528707613,1.1010271333976314
426,4,1,1,0.8,0.6000000000000001,0.6653666995893134,0.5056290093038225,0.2642283528707613,1.1010271333976314
436,4,1,0,0.4,0.1999999999999999,0.6203399208902566,0.5056290093038225,0.2642283528707613,1.1010271333976314
440,4,1,0,0.0,1.0,0.6932563351012311,0.5056290093038225,0.2642283528707613,1.1010271333976314
441,4,1,0,0.2,0.6,0.7422632822392425,0.5056290093038225,0.2642283528707613,1.1010271333976314
449,4,1,0,0.4,0.1999999999999999,0.43025499136837136,0.5056290093038225,0.2642283528707613,1.1010271333976314
450,4,1,0,0.2,0.6,0.4231398187418022,0.5056290093038225,0.2642283528707613,1.1010271333976314
453,4,1,0,0.25,0.5,0.42853735160180845,0.5056290093038225,0.2642283528707613,1.1010271333976314
457,4,1,1,0.5,0.0,0.7228987865275244,0.5056290093038225,0.2642283528707613,1.1010271333976314
460,4,1,0,0.0,1.0,0.5353218543176633,0.5056290093038225,0.2642283528707613,1.1010271333976314
463,4,1,0,0.25,0.5,0.47914979291439946,0.5056290093038225,0.2642283528707613,1.1010271333976314
464,4,1,0,0.0,1.0,0.6984398643951283,0.5056290093038225,0.2642283528707613,1.1010271333976314
465,4,1,1,0.5,0.0,0.6937755129285372,0.5056290093038225,0.2642283528707613,1.1010271333976314
466,4,1,1,0.5,0.0,0.7143937976816844,0.5056290093038225,0.2642283528707613,1.1010271333976314
472,4,1,0,0.25,0.5,0.43084739931922916,0.5056290093038225,0.2642283528707613,1.1010271333976314
473,4,1,0,0.25,0.5,0.6824652959471729,0.5056290093038225,0.2642283528707613,1.1010271333976314
474,4,1,0,0.0,1.0,0.318450421234685,0.5056290093038225,0.2642283528707613,1.1010271333976314
494,4,1,1,0.8,0.6000000000000001,0.5174832984858774,0.5056290093038225,0.2642283528707613,1.1010271333976314
519,4,1,0,0.0,1.0,0.5290442736855718,0.5056290093038225,0.2642283528707613,1.1010271333976314
520,4,1,1,0.5,0.0,0.5494851869934959,0.5056290093038225,0.2642283528707613,1.1010271333976314
528,4,1,0,0.0,1.0,0.3175692829836368,0.5056290093038225,0.2642283528707613,1.1010271333976314
533,4,1,0,0.0,1.0,0.2889994244693429,0.5056290093038225,0.2642283528707613,1.1010271333976314
535,4,1,0,0.25,0.5,0.8077657108583424,0.5056290093038225,0.2642283528707613,1.1010271333976314
537,4,1,0,0.25,0.5,0.4856155097091351,0.5056290093038225,0.2642283528707613,1.1010271333976314
539,4,1,0,0.25,0.5,0.5180320924479909,0.5056290093038225,0.2642283528707613,1.1010271333976314
540,4,1,0,0.25,0.5,0.7426058954954476,0.5056290093038225,0.2642283528707613,1.1010271333976314
547,4,1,1,0.5,0.0,0.5980692568487227,0.5056290093038225,0.2642283528707613,1.1010271333976314
548,4,1,1,0.5,0.0,0.6257459155203674,0.5056290093038225,0.2642283528707613,1.1010271333976314
558,4,1,1,0.5,0.0,0.6465326108856915,0.5056290093038225,0.2642283528707613,1.1010271333976314
560,4,1,0,0.1666666666666666,0.6666666666666667,0.5818693674061804,0.5056290093038225,0.2642283528707613,1.1010271333976314
568,4,1,1,1.0,1.0,0.6439267517684087,0.5056290093038225,0.2642283528707613,1.1010271333976314
571,4,1,1,0.5,0.0,0.6217642388445711,0.5056290093038225,0.2642283528707613,1.1010271333976314
577,4,1,0,0.1666666666666666,0.6666666666666667,0.6800231028384118,0.5056290093038225,0.2642283528707613,1.1010271333976314
592,4,1,1,0.6,0.1999999999999999,0.8104389822200505,0.5056290093038225,0.2642283528707613,1.1010271333976314
608,4,1,0,0.0,1.0,0.7002445515880903,0.5056290093038225,0.2642283528707613,1.1010271333976314
610,4,1,0,0.25,0.5,0.6739031860978789,0.5056290093038225,0.2642283528707613,1.1010271333976314
617,4,1,1,0.5,0.0,0.7690511252431866,0.5056290093038225,0.2642283528707613,1.1010271333976314
620,4,1,1,0.75,0.5,0.6946933147711806,0.5056290093038225,0.2642283528707613,1.1010271333976314
621,4,1,1,0.5,0.0,0.5070414847041456,0.5056290093038225,0.2642283528707613,1.1010271333976314
629,4,1,1,0.5,0.0,0.7714739803946651,0.5056290093038225,0.2642283528707613,1.1010271333976314
632,4,1,1,0.5,0.0,0.5971671248571028,0.5056290093038225,0.2642283528707613,1.1010271333976314
636,4,1,0,0.0,1.0,0.561399877234647,0.5056290093038225,0.2642283528707613,1.1010271333976314
647,4,1,1,0.5,0.0,0.6736777700393111,0.5056290093038225,0.2642283528707613,1.1010271333976314
649,4,1,1,0.5,0.0,0.5001055786652927,0.5056290093038225,0.2642283528707613,1.1010271333976314
656,4,1,1,0.6666666666666666,0.3333333333333332,0.6851592850659473,0.5056290093038225,0.2642283528707613,1.1010271333976314
669,4,1,0,0.3333333333333333,0.3333333333333333,0.47478030442336866,0.5056290093038225,0.2642283528707613,1.1010271333976314
680,4,1,0,0.0,1.0,0.34672079271835615,0.5056290093038225,0.2642283528707613,1.1010271333976314
681,4,1,0,0.1666666666666666,0.6666666666666667,0.6107101638296164,0.5056290093038225,0.2642283528707613,1.1010271333976314
682,4,1,0,0.1666666666666666,0.6666666666666667,0.5939301208347701,0.5056290093038225,0.2642283528707613,1.1010271333976314
690,4,1,0,0.0,1.0,0.3721108248553975,0.5056290093038225,0.2642283528707613,1.1010271333976314
692,4,1,0,0.0,1.0,0.3971770610370145,0.5056290093038225,0.2642283528707613,1.1010271333976314
694,4,1,0,0.3333333333333333,0.3333333333333333,0.43184153997805297,0.5056290093038225,0.2642283528707613,1.1010271333976314
695,4,1,0,0.3333333333333333,0.3333333333333333,0.5343061492032812,0.5056290093038225,0.2642283528707613,1.1010271333976314
698,4,1,1,0.5,0.0,0.736478146812614,0.5056290093038225,0.2642283528707613,1.1010271333976314
701,4,1,0,0.1666666666666666,0.6666666666666667,0.6353917632958989,0.5056290093038225,0.2642283528707613,1.1010271333976314
715,4,1,1,0.5,0.0,0.3257633744607196,0.5056290093038225,0.2642283528707613,1.1010271333976314
716,4,1,1,0.6666666666666666,0.3333333333333332,0.46439179185633267,0.5056290093038225,0.2642283528707613,1.1010271333976314
718,4,1,0,0.1666666666666666,0.6666666666666667,0.4021459909806585,0.5056290093038225,0.2642283528707613,1.1010271333976314
721,4,1,0,0.3333333333333333,0.3333333333333333,0.5093226013229988,0.5056290093038225,0.2642283528707613,1.1010271333976314
724,4,1,0,0.2,0.6,0.27438517659029515,0.5056290093038225,0.2642283528707613,1.1010271333976314
728,4,1,0,0.2,0.6,0.33337966043430856,0.5056290093038225,0.2642283528707613,1.1010271333976314
733,4,1,0,0.1666666666666666,0.6666666666666667,0.4174795754358127,0.5056290093038225,0.2642283528707613,1.1010271333976314
739,4,1,0,0.3333333333333333,0.3333333333333333,0.4420287932947846,0.5056290093038225,0.2642283528707613,1.1010271333976314
6,4,2,0,0.2,0.6,0.211231770638452,0.5190536183806931,0.5668820295335217,1.217644121174484
7,4,2,1,0.6,0.1999999999999999,0.44233974386489266,0.5190536183806931,0.5668820295335217,1.217644121174484
26,4,2,1,0.8,0.6000000000000001,0.1703003576093096,0.5190536183806931,0.5668820295335217,1.217644121174484
37,4,2,0,0.2,0.6,0.2294526333713154,0.5190536183806931,0.5668820295335217,1.217644121174484
39,4,2,0,0.0,1.0,0.34105420890269716,0.5190536183806931,0.5668820295335217,1.217644121174484
42,4,2,0,0.0,1.0,0.32510337606783607,0.5190536183806931,0.5668820295335217,1.217644121174484
48,4,2,1,0.6,0.1999999999999999,0.30063849668287707,0.5190536183806931,0.5668820295335217,1.217644121174484
49,4,2,0,0.3333333333333333,0.3333333333333333,0.3767701490361698,0.5190536183806931,0.5668820295335217,1.217644121174484
56,4,2,0,0.25,0.5,0.29814408263295705,0.5190536183806931,0.5668820295335217,1.217644121174484
58,4,2,0,0.25,0.5,0.34989505626949474,0.5190536183806931,0.5668820295335217,1.217644121174484
64,4,2,0,0.3333333333333333,0.3333333333333333,0.2110186366413034,0.5190536183806931,0.5668820295335217,1.217644121174484
71,4,2,0,0.0,1.0,0.2559648449001607,0.5190536183806931,0.5668820295335217,1.217644121174484
76,4,2,0,0.25,0.5,0.25146187238188894,0.5190536183806931,0.5668820295335217,1.217644121174484
78,4,2,0,0.0,1.0,0.3216755096886768,0.5190536183806931,0.5668820295335217,1.217644121174484
82,4,2,0,0.25,0.5,0.2713917011713701,0.5190536183806931,0.5668820295335217,1.217644121174484
88,4,2,1,0.5,0.0,0.26594044887772045,0.5190536183806931,0.5668820295335217,1.217644121174484
92,4,2,0,0.0,1.0,0.37132442499193946,0.5190536183806931,0.5668820295335217,1.217644121174484
96,4,2,0,0.0,1.0,0.28033797293153745,0.5190536183806931,0.5668820295335217,1.217644121174484
100,4,2,0,0.25,0.5,0.4651708595961784,0.5190536183806931,0.5668820295335217,1.217644121174484
101,4,2,0,0.3333333333333333,0.3333333333333333,0.3358690034759784,0.5190536183806931,0.5668820295335217,1.217644121174484
103,4,2,0,0.1111111111111111,0.7777777777777778,0.34742957235844113,0.5190536183806931,0.5668820295335217,1.217644121174484
105,4,2,0,0.0,1.0,0.47382020582837536,0.5190536183806931,0.5668820295335217,1.217644121174484
108,4,2,0,0.25,0.5,0.31316828247464895,0.5190536183806931,0.5668820295335217,1.217644121174484
109,4,2,0,0.1111111111111111,0.7777777777777778,0.2760601103289964,0.5190536183806931,0.5668820295335217,1.217644121174484
112,4,2,0,0.125,0.75,0.2396975194467204,0.5190536183806931,0.5668820295335217,1.217644121174484
115,4,2,0,0.0,1.0,0.22123664939649623,0.5190536183806931,0.5668820295335217,1.217644121174484
125,4,2,0,0.125,0.75,0.1824453129038757,0.5190536183806931,0.5668820295335217,1.217644121174484
136,4,2,0,0.3333333333333333,0.3333333333333333,0.42966296025268297,0.5190536183806931,0.5668820295335217,1.217644121174484
137,4,2,1,0.6666666666666666,0.3333333333333332,0.23723219908747933,0.5190536183806931,0.5668820295335217,1.217644121174484
138,4,2,1,0.5555555555555556,0.1111111111111111,0.4155085905176285,0.5190536183806931,0.5668820295335217,1.217644121174484
158,4,2,0,0.0,1.0,0.2144698101056501,0.5190536183806931,0.5668820295335217,1.217644121174484
160,4,2,0,0.1666666666666666,0.6666666666666667,0.2971259521946705,0.5190536183806931,0.5668820295335217,1.217644121174484
162,4,2,0,0.2,0.6,0.31062584992761333,0.5190536183806931,0.5668820295335217,1.217644121174484
165,4,2,0,0.0,1.0,0.5003551735402045,0.5190536183806931,0.5668820295335217,1.217644121174484
167,4,2,0,0.0,1.0,0.3932396808083766,0.5190536183806931,0.5668820295335217,1.217644121174484
170,4,2,0,0.1666666666666666,0.6666666666666667,0.4099541029185974,0.5190536183806931,0.5668820295335217,1.217644121174484
201,4,2,0,0.25,0.5,0.3317989535715864,0.5190536183806931,0.5668820295335217,1.217644121174484
209,4,2,0,0.2,0.6,0.40398602505661163,0.5190536183806931,0.5668820295335217,1.217644121174484
212,4,2,0,0.2,0.6,0.22799303651056618,0.5190536183806931,0.5668820295335217,1.217644121174484
216,4,2,0,0.0,1.0,0.32649060139884883,0.5190536183806931,0.5668820295335217,1.217644121174484
222,4,2,0,0.2,0.6,0.5519958402219325,0.5190536183806931,0.5668820295335217,1.217644121174484
224,4,2,0,0.4,0.1999999999999999,0.46432598834026206,0.5190536183806931,0.5668820295335217,1.217644121174484
228,4,2,0,0.2,0.6,0.3873420739453759,0.5190536183806931,0.5668820295335217,1.217644121174484
238,4,2,0,0.25,0.5,0.3390253515436037,0.5190536183806931,0.5668820295335217,1.217644121174484
243,4,2,0,0.0,1.0,0.29966818484596297,0.5190536183806931,0.5668820295335217,1.217644121174484
245,4,2,0,0.0,1.0,0.3911478855304631,0.5190536183806931,0.5668820295335217,1.217644121174484
250,4,2,0,0.4,0.1999999999999999,0.4007596900142927,0.5190536183806931,0.5668820295335217,1.217644121174484
251,4,2,0,0.25,0.5,0.5366787541698596,0.5190536183806931,0.5668820295335217,1.217644121174484
260,4,2,0,0.25,0.5,0.24528338572753347,0.5190536183806931,0.5668820295335217,1.217644121174484
261,4,2,0,0.25,0.5,0.48230277365313345,0.5190536183806931,0.5668820295335217,1.217644121174484
262,4,2,1,0.5,0.0,0.34959556545460213,0.5190536183806931,0.5668820295335217,1.217644121174484
266,4,2,0,0.25,0.5,0.2052161715823571,0.5190536183806931,0.5668820295335217,1.217644121174484
271,4,2,0,0.0,1.0,0.3920323058683199,0.5190536183806931,0.5668820295335217,1.217644121174484
275,4,2,1,0.5,0.0,0.496829234781925,0.5190536183806931,0.5668820295335217,1.217644121174484
279,4,2,0,0.2,0.6,0.24474861559608566,0.5190536183806931,0.5668820295335217,1.217644121174484
280,4,2,0,0.25,0.5,0.5057333967155107,0.5190536183806931,0.5668820295335217,1.217644121174484
281,4,2,0,0.0,1.0,0.3754617103430189,0.5190536183806931,0.5668820295335217,1.217644121174484
282,4,2,0,0.25,0.5,0.3427510979066699,0.5190536183806931,0.5668820295335217,1.217644121174484
290,4,2,0,0.0,1.0,0.5009617285396317,0.5190536183806931,0.5668820295335217,1.217644121174484
293,4,2,1,0.5,0.0,0.4868684748842627,0.5190536183806931,0.5668820295335217,1.217644121174484
294,4,2,0,0.0,1.0,0.4337546293895655,0.5190536183806931,0.5668820295335217,1.217644121174484
302,4,2,0,0.0,1.0,0.3874741203058533,0.5190536183806931,0.5668820295335217,1.217644121174484
303,4,2,0,0.0,1.0,0.23336655529531755,0.5190536183806931,0.5668820295335217,1.217644121174484
304,4,2,1,0.8,0.6000000000000001,0.4061953275139892,0.5190536183806931,0.5668820295335217,1.217644121174484
306,4,2,0,0.0,1.0,0.4624669197660379,0.5190536183806931,0.5668820295335217,1.217644121174484
331,4,2,0,0.0,1.0,0.37435020021368554,0.5190536183806931,0.5668820295335217,1.217644121174484
334,4,2,0,0.4,0.1999999999999999,0.36762786438761785,0.5190536183806931,0.5668820295335217,1.217644121174484
337,4,2,0,0.0,1.0,0.3694194717670706,0.5190536183806931,0.5668820295335217,1.217644121174484
338,4,2,0,0.4,0.1999999999999999,0.30081982943865554,0.5190536183806931,0.5668820295335217,1.217644121174484
341,4,2,1,0.6,0.1999999999999999,0.651601625926372,0.5190536183806931,0.5668820295335217,1.217644121174484
350,4,2,0,0.0,1.0,0.3139142830523051,0.5190536183806931,0.5668820295335217,1.217644121174484
353,4,2,0,0.0,1.0,0.7048256204626319,0.5190536183806931,0.5668820295335217,1.217644121174484
362,4,2,1,0.75,0.5,0.6582479522511944,0.5190536183806931,0.5668820295335217,1.217644121174484
364,4,2,1,0.5,0.0,0.45850882953173094,0.5190536183806931,0.5668820295335217,1.217644121174484
371,4,2,0,0.25,0.5,0.5768862462085242,0.5190536183806931,0.5668820295335217,1.217644121174484
382,4,2,1,0.5,0.0,0.6659241382078226,0.5190536183806931,0.5668820295335217,1.217644121174484
388,4,2,1,0.5,0.0,0.7215272557319153,0.5190536183806931,0.5668820295335217,1.217644121174484
390,4,2,1,0.75,0.5,0.7135270491005958,0.5190536183806931,0.5668820295335217,1.217644121174484
393,4,2,0,0.25,0.5,0.538895160031299,0.5190536183806931,0.5668820295335217,1.217644121174484
396,4,2,1,0.75,0.5,0.6907676261821882,0.5190536183806931,0.5668820295335217,1.217644121174484
400,4,2,1,0.5,0.0,0.660532437043312,0.5190536183806931,0.5668820295335217,1.217644121174484
403,4,2,0,0.0,1.0,0.2939305211592333,0.5190536183806931,0.5668820295335217,1.217644121174484
410,4,2,1,0.6,0.1999999999999999,0.7361693401356552,0.5190536183806931,0.5668820295335217,1.217644121174484
415,4,2,0,0.0,1.0,0.8131962623576768,0.5190536183806931,0.5668820295335217,1.217644121174484
417,4,2,0,0.2,0.6,0.5995757760062724,0.5190536183806931,0.5668820295335217,1.217644121174484
419,4,2,0,0.4,0.1999999999999999,0.5959655388540425,0.5190536183806931,0.5668820295335217,1.217644121174484
425,4,2,0,0.0,1.0,0.5226163782378177,0.5190536183806931,0.5668820295335217,1.217644121174484
428,4,2,1,0.6,0.1999999999999999,0.5693646751579327,0.5190536183806931,0.5668820295335217,1.217644121174484
439,4,2,0,0.2,0.6,0.48504383226403613,0.5190536183806931,0.5668820295335217,1.217644121174484
447,4,2,0,0.0,1.0,0.337104127774734,0.5190536183806931,0.5668820295335217,1.217644121174484
448,4,2,0,0.0,1.0,0.21346568991091033,0.5190536183806931,0.5668820295335217,1.217644121174484
458,4,2,0,0.0,1.0,0.443412745080047,0.5190536183806931,0.5668820295335217,1.217644121174484
459,4,2,0,0.25,0.5,0.7733389159231846,0.5190536183806931,0.5668820295335217,1.217644121174484
470,4,2,0,0.0,1.0,0.7877150147164089,0.5190536183806931,0.5668820295335217,1.217644121174484
477,4,2,0,0.0,1.0,0.4156943154164432,0.5190536183806931,0.5668820295335217,1.217644121174484
479,4,2,0,0.0,1.0,0.6476405157135454,0.5190536183806931,0.5668820295335217,1.217644121174484
486,4,2,0,0.25,0.5,0.7719526857393096,0.5190536183806931,0.5668820295335217,1.217644121174484
495,4,2,0,0.0,1.0,0.708628917534987,0.5190536183806931,0.5668820295335217,1.217644121174484
496,4,2,1,0.75,0.5,0.7620280858845773,0.5190536183806931,0.5668820295335217,1.217644121174484
511,4,2,1,0.5,0.0,0.4948594784565674,0.5190536183806931,0.5668820295335217,1.217644121174484
516,4,2,0,0.0,1.0,0.7268665891421471,0.5190536183806931,0.5668820295335217,1.217644121174484
530,4,2,1,0.5,0.0,0.5967913646806133,0.5190536183806931,0.5668820295335217,1.217644121174484
550,4,2,0,0.0,1.0,0.6476056123045143,0.5190536183806931,0.5668820295335217,1.217644121174484
551,4,2,1,0.6666666666666666,0.3333333333333332,0.5970756441964582,0.5190536183806931,0.5668820295335217,1.217644121174484
552,4,2,1,0.6666666666666666,0.3333333333333332,0.7262607075023261,0.5190536183806931,0.5668820295335217,1.217644121174484
557,4,2,0,0.3333333333333333,0.3333333333333333,0.5338136881673998,0.5190536183806931,0.5668820295335217,1.217644121174484
561,4,2,1,0.5,0.0,0.6349073162186302,0.5190536183806931,0.5668820295335217,1.217644121174484
562,4,2,0,0.3333333333333333,0.3333333333333333,0.7112678282245142,0.5190536183806931,0.5668820295335217,1.217644121174484
563,4,2,0,0.0,1.0,0.7574107457600201,0.5190536183806931,0.5668820295335217,1.217644121174484
565,4,2,0,0.3333333333333333,0.3333333333333333,0.5822729489719751,0.5190536183806931,0.5668820295335217,1.217644121174484
581,4,2,0,0.3333333333333333,0.3333333333333333,0.598154588001173,0.5190536183806931,0.5668820295335217,1.217644121174484
582,4,2,1,0.5,0.0,0.6953985924129316,0.5190536183806931,0.5668820295335217,1.217644121174484
583,4,2,1,0.5,0.0,0.8538749696845447,0.5190536183806931,0.5668820295335217,1.217644121174484
584,4,2,1,0.6666666666666666,0.3333333333333332,0.8830533681697467,0.5190536183806931,0.5668820295335217,1.217644121174484
597,4,2,0,0.0,1.0,0.17027882890932097,0.5190536183806931,0.5668820295335217,1.217644121174484
600,4,2,0,0.1666666666666666,0.6666666666666667,0.6361541716643586,0.5190536183806931,0.5668820295335217,1.217644121174484
601,4,2,0,0.0,1.0,0.27780288195366964,0.5190536183806931,0.5668820295335217,1.217644121174484
602,4,2,0,0.25,0.5,0.6754246476077567,0.5190536183806931,0.5668820295335217,1.217644121174484
606,4,2,0,0.25,0.5,0.4657979944629053,0.5190536183806931,0.5668820295335217,1.217644121174484
609,4,2,0,0.25,0.5,0.6976691896097438,0.5190536183806931,0.5668820295335217,1.217644121174484
614,4,2,1,0.75,0.5,0.6481269244903436,0.5190536183806931,0.5668820295335217,1.217644121174484
619,4,2,0,0.25,0.5,0.781975775887043,0.5190536183806931,0.5668820295335217,1.217644121174484
624,4,2,0,0.25,0.5,0.6967474941252079,0.5190536183806931,0.5668820295335217,1.217644121174484
628,4,2,0,0.0,1.0,0.4603206484850318,0.5190536183806931,0.5668820295335217,1.217644121174484
630,4,2,1,0.5,0.0,0.7401939884628774,0.5190536183806931,0.5668820295335217,1.217644121174484
633,4,2,1,0.5,0.0,0.6438830339153693,0.5190536183806931,0.5668820295335217,1.217644121174484
634,4,2,0,0.25,0.5,0.7308090908777884,0.5190536183806931,0.5668820295335217,1.217644121174484
642,4,2,1,0.75,0.5,0.677969093346491,0.5190536183806931,0.5668820295335217,1.217644121174484
644,4,2,0,0.25,0.5,0.4988126583910383,0.5190536183806931,0.5668820295335217,1.217644121174484
646,4,2,0,0.0,1.0,0.22624003609530094,0.5190536183806931,0.5668820295335217,1.217644121174484
651,4,2,0,0.3333333333333333,0.3333333333333333,0.5259470504399466,0.5190536183806931,0.5668820295335217,1.217644121174484
654,4,2,0,0.1666666666666666,0.6666666666666667,0.6272437522251383,0.5190536183806931,0.5668820295335217,1.217644121174484
655,4,2,1,0.6666666666666666,0.3333333333333332,0.46657520000180985,0.5190536183806931,0.5668820295335217,1.217644121174484
657,4,2,1,0.5,0.0,0.5360645861490695,0.5190536183806931,0.5668820295335217,1.217644121174484
658,4,2,0,0.1666666666666666,0.6666666666666667,0.5597341886879372,0.5190536183806931,0.5668820295335217,1.217644121174484
659,4,2,1,0.6666666666666666,0.3333333333333332,0.5754991886786779,0.5190536183806931,0.5668820295335217,1.217644121174484
670,4,2,1,0.5,0.0,0.6302260405592263,0.5190536183806931,0.5668820295335217,1.217644121174484
697,4,2,1,0.5,0.0,0.7168431507000677,0.5190536183806931,0.5668820295335217,1.217644121174484
707,4,2,1,0.5,0.0,0.4286261474008453,0.5190536183806931,0.5668820295335217,1.217644121174484
708,4,2,0,0.0,1.0,0.40069107182392444,0.5190536183806931,0.5668820295335217,1.217644121174484
712,4,2,0,0.1666666666666666,0.6666666666666667,0.3541503245832749,0.5190536183806931,0.5668820295335217,1.217644121174484
713,4,2,1,0.6,0.1999999999999999,0.34622770112559575,0.5190536183806931,0.5668820295335217,1.217644121174484
720,4,2,0,0.0,1.0,0.38621001247153947,0.5190536183806931,0.5668820295335217,1.217644121174484
723,4,2,0,0.1666666666666666,0.6666666666666667,0.45335392591606705,0.5190536183806931,0.5668820295335217,1.217644121174484
734,4,2,0,0.0,1.0,0.2696007957724249,0.5190536183806931,0.5668820295335217,1.217644121174484
738,4,2,0,0.3333333333333333,0.3333333333333333,0.5773619428723046,0.5190536183806931,0.5668820295335217,1.217644121174484
741,4,2,0,0.2,0.6,0.4512854355092964,0.5190536183806931,0.5668820295335217,1.217644121174484
4,4,3,1,0.6,0.1999999999999999,0.36164718848459276,0.5550162045766888,0.6599451905991741,1.192622261790478
12,4,3,0,0.4,0.1999999999999999,0.2359761035916598,0.5550162045766888,0.6599451905991741,1.192622261790478
14,4,3,0,0.2,0.6,0.4868717639723959,0.5550162045766888,0.6599451905991741,1.192622261790478
15,4,3,0,0.4,0.1999999999999999,0.22783558315737334,0.5550162045766888,0.6599451905991741,1.192622261790478
17,4,3,0,0.4,0.1999999999999999,0.47690311969074256,0.5550162045766888,0.6599451905991741,1.192622261790478
22,4,3,0,0.2,0.6,0.38110145104263127,0.5550162045766888,0.6599451905991741,1.192622261790478
27,4,3,0,0.2,0.6,0.23005978456379944,0.5550162045766888,0.6599451905991741,1.192622261790478
33,4,3,0,0.4,0.1999999999999999,0.30182460630524266,0.5550162045766888,0.6599451905991741,1.192622261790478
35,4,3,1,0.5,0.0,0.23250573856646614,0.5550162045766888,0.6599451905991741,1.192622261790478
50,4,3,1,0.8,0.6000000000000001,0.3139411915659657,0.5550162045766888,0.6599451905991741,1.192622261790478
53,4,3,0,0.1666666666666666,0.6666666666666667,0.283468621249875,0.5550162045766888,0.6599451905991741,1.192622261790478
55,4,3,0,0.0,1.0,0.2879759710493502,0.5550162045766888,0.6599451905991741,1.192622261790478
62,4,3,0,0.25,0.5,0.21839368511292284,0.5550162045766888,0.6599451905991741,1.192622261790478
68,4,3,0,0.0,1.0,0.19456277643694533,0.5550162045766888,0.6599451905991741,1.192622261790478
75,4,3,0,0.0,1.0,0.38323094708733035,0.5550162045766888,0.6599451905991741,1.192622261790478
77,4,3,0,0.25,0.5,0.2231534291382,0.5550162045766888,0.6599451905991741,1.192622261790478
79,4,3,0,0.25,0.5,0.3124054584194163,0.5550162045766888,0.6599451905991741,1.192622261790478
84,4,3,0,0.3333333333333333,0.3333333333333333,0.40270454707457004,0.5550162045766888,0.6599451905991741,1.192622261790478
97,4,3,0,0.25,0.5,0.25269668271886003,0.5550162045766888,0.6599451905991741,1.192622261790478
98,4,3,0,0.3333333333333333,0.3333333333333333,0.2876745762736478,0.5550162045766888,0.6599451905991741,1.192622261790478
99,4,3,0,0.0,1.0,0.21183443957934622,0.5550162045766888,0.6599451905991741,1.192622261790478
104,4,3,0,0.1111111111111111,0.7777777777777778,0.2606423129378076,0.5550162045766888,0.6599451905991741,1.192622261790478
106,4,3,1,1.0,1.0,0.39568941941332847,0.5550162045766888,0.6599451905991741,1.192622261790478
114,4,3,0,0.1111111111111111,0.7777777777777778,0.4403790224270154,0.5550162045766888,0.6599451905991741,1.192622261790478
119,4,3,0,0.1111111111111111,0.7777777777777778,0.14696649508924522,0.5550162045766888,0.6599451905991741,1.192622261790478
120,4,3,0,0.0,1.0,0.4053931773948105,0.5550162045766888,0.6599451905991741,1.192622261790478
122,4,3,0,0.0,1.0,0.21461888946223454,0.5550162045766888,0.6599451905991741,1.192622261790478
126,4,3,0,0.2222222222222222,0.5555555555555556,0.4362691276656738,0.5550162045766888,0.6599451905991741,1.192622261790478
132,4,3,0,0.2222222222222222,0.5555555555555556,0.401156017768602,0.5550162045766888,0.6599451905991741,1.192622261790478
134,4,3,0,0.1111111111111111,0.7777777777777778,0.30935832896814,0.5550162045766888,0.6599451905991741,1.192622261790478
135,4,3,0,0.1666666666666666,0.6666666666666667,0.17056868461041455,0.5550162045766888,0.6599451905991741,1.192622261790478
147,4,3,0,0.0,1.0,0.3631345900437914,0.5550162045766888,0.6599451905991741,1.192622261790478
148,4,3,0,0.1111111111111111,0.7777777777777778,0.2427969526785122,0.5550162045766888,0.6599451905991741,1.192622261790478
153,4,3,0,0.0,1.0,0.22274463630199728,0.5550162045766888,0.6599451905991741,1.192622261790478
157,4,3,0,0.25,0.5,0.1893459525597965,0.5550162045766888,0.6599451905991741,1.192622261790478
163,4,3,0,0.25,0.5,0.41310820104965873,0.5550162045766888,0.6599451905991741,1.192622261790478
166,4,3,0,0.25,0.5,0.24253903117229594,0.5550162045766888,0.6599451905991741,1.192622261790478
168,4,3,0,0.25,0.5,0.5024545052544355,0.5550162045766888,0.6599451905991741,1.192622261790478
174,4,3,1,0.5,0.0,0.2692856105886686,0.5550162045766888,0.6599451905991741,1.192622261790478
176,4,3,0,0.0,1.0,0.3459477982125547,0.5550162045766888,0.6599451905991741,1.192622261790478
177,4,3,0,0.0,1.0,0.4423806785045297,0.5550162045766888,0.6599451905991741,1.192622261790478
178,4,3,0,0.0,1.0,0.29981610365468236,0.5550162045766888,0.6599451905991741,1.192622261790478
180,4,3,0,0.0,1.0,0.409548659790205,0.5550162045766888,0.6599451905991741,1.192622261790478
181,4,3,1,0.5,0.0,0.32073113945494636,0.5550162045766888,0.6599451905991741,1.192622261790478
184,4,3,0,0.0,1.0,0.21078366871458482,0.5550162045766888,0.6599451905991741,1.192622261790478
197,4,3,0,0.0,1.0,0.5560626835992739,0.5550162045766888,0.6599451905991741,1.192622261790478
207,4,3,0,0.2,0.6,0.44210506854246984,0.5550162045766888,0.6599451905991741,1.192622261790478
227,4,3,1,1.0,1.0,0.3396971543290931,0.5550162045766888,0.6599451905991741,1.192622261790478
229,4,3,0,0.0,1.0,0.25574871775629954,0.5550162045766888,0.6599451905991741,1.192622261790478
235,4,3,0,0.0,1.0,0.3663822544533083,0.5550162045766888,0.6599451905991741,1.192622261790478
239,4,3,1,0.6,0.1999999999999999,0.3275573543587204,0.5550162045766888,0.6599451905991741,1.192622261790478
253,4,3,0,0.0,1.0,0.3307978130511818,0.5550162045766888,0.6599451905991741,1.192622261790478
254,4,3,0,0.25,0.5,0.31719445223792914,0.5550162045766888,0.6599451905991741,1.192622261790478
258,4,3,0,0.0,1.0,0.3239810709209393,0.5550162045766888,0.6599451905991741,1.192622261790478
267,4,3,0,0.0,1.0,0.44927525698884013,0.5550162045766888,0.6599451905991741,1.192622261790478
269,4,3,1,0.5,0.0,0.388439163918095,0.5550162045766888,0.6599451905991741,1.192622261790478
286,4,3,0,0.2,0.6,0.17863635800624808,0.5550162045766888,0.6599451905991741,1.192622261790478
287,4,3,0,0.25,0.5,0.36272037202288243,0.5550162045766888,0.6599451905991741,1.192622261790478
291,4,3,0,0.0,1.0,0.5236396027751061,0.5550162045766888,0.6599451905991741,1.192622261790478
296,4,3,0,0.0,1.0,0.25112556846758716,0.5550162045766888,0.6599451905991741,1.192622261790478
299,4,3,1,0.8,0.6000000000000001,0.1907765245944262,0.5550162045766888,0.6599451905991741,1.192622261790478
307,4,3,0,0.4,0.1999999999999999,0.4388650781887861,0.5550162045766888,0.6599451905991741,1.192622261790478
314,4,3,0,0.0,1.0,0.48307083897152847,0.5550162045766888,0.6599451905991741,1.192622261790478
316,4,3,0,0.4,0.1999999999999999,0.45861000689897463,0.5550162045766888,0.6599451905991741,1.192622261790478
325,4,3,0,0.0,1.0,0.2756231039625598,0.5550162045766888,0.6599451905991741,1.192622261790478
336,4,3,0,0.4,0.1999999999999999,0.5738731803710123,0.5550162045766888,0.6599451905991741,1.192622261790478
343,4,3,1,0.8,0.6000000000000001,0.5328180290687928,0.5550162045766888,0.6599451905991741,1.192622261790478
355,4,3,0,0.25,0.5,0.5121142271807319,0.5550162045766888,0.6599451905991741,1.192622261790478
356,4,3,0,0.25,0.5,0.5438823111361877,0.5550162045766888,0.6599451905991741,1.192622261790478
357,4,3,1,0.5,0.0,0.33964581320785014,0.5550162045766888,0.6599451905991741,1.192622261790478
361,4,3,0,0.0,1.0,0.2994856914468549,0.5550162045766888,0.6599451905991741,1.192622261790478
363,4,3,0,0.0,1.0,0.7368974889599839,0.5550162045766888,0.6599451905991741,1.192622261790478
366,4,3,0,0.0,1.0,0.6319247311360588,0.5550162045766888,0.6599451905991741,1.192622261790478
368,4,3,1,0.5,0.0,0.5380961145053471,0.5550162045766888,0.6599451905991741,1.192622261790478
375,4,3,1,0.5,0.0,0.7816762298936591,0.5550162045766888,0.6599451905991741,1.192622261790478
386,4,3,0,0.25,0.5,0.7003565935906274,0.5550162045766888,0.6599451905991741,1.192622261790478
394,4,3,1,0.5,0.0,0.7822671322124144,0.5550162045766888,0.6599451905991741,1.192622261790478
408,4,3,0,0.4,0.1999999999999999,0.8155282654195516,0.5550162045766888,0.6599451905991741,1.192622261790478
409,4,3,0,0.4,0.1999999999999999,0.9138989071549921,0.5550162045766888,0.6599451905991741,1.192622261790478
412,4,3,1,1.0,1.0,0.8275034219493299,0.5550162045766888,0.6599451905991741,1.192622261790478
414,4,3,1,0.6,0.1999999999999999,0.7961776294452635,0.5550162045766888,0.6599451905991741,1.192622261790478
418,4,3,0,0.0,1.0,0.6772768965304844,0.5550162045766888,0.6599451905991741,1.192622261790478
429,4,3,0,0.0,1.0,0.5938326616849506,0.5550162045766888,0.6599451905991741,1.192622261790478
437,4,3,1,0.6,0.1999999999999999,0.4714898708437041,0.5550162045766888,0.6599451905991741,1.192622261790478
442,4,3,1,0.8,0.6000000000000001,0.7046148387999004,0.5550162045766888,0.6599451905991741,1.192622261790478
445,4,3,0,0.0,1.0,0.6023940968262749,0.5550162045766888,0.6599451905991741,1.192622261790478
446,4,3,0,0.2,0.6,0.7589566512954017,0.5550162045766888,0.6599451905991741,1.192622261790478
462,4,3,1,0.5,0.0,0.7927446196947748,0.5550162045766888,0.6599451905991741,1.192622261790478
471,4,3,0,0.0,1.0,0.9080253247892887,0.5550162045766888,0.6599451905991741,1.192622261790478
478,4,3,0,0.0,1.0,0.2961437002897346,0.5550162045766888,0.6599451905991741,1.192622261790478
481,4,3,0,0.0,1.0,0.9184886931659361,0.5550162045766888,0.6599451905991741,1.192622261790478
482,4,3,0,0.0,1.0,0.22916186553412402,0.5550162045766888,0.6599451905991741,1.192622261790478
483,4,3,0,0.25,0.5,0.7022812850007042,0.5550162045766888,0.6599451905991741,1.192622261790478
484,4,3,0,0.25,0.5,0.5352760391293185,0.5550162045766888,0.6599451905991741,1.192622261790478
488,4,3,1,0.5,0.0,0.628240685317509,0.5550162045766888,0.6599451905991741,1.192622261790478
490,4,3,0,0.25,0.5,0.4891393276062814,0.5550162045766888,0.6599451905991741,1.192622261790478
493,4,3,0,0.0,1.0,0.5134590522703294,0.5550162045766888,0.6599451905991741,1.192622261790478
497,4,3,0,0.0,1.0,0.20850031215116602,0.5550162045766888,0.6599451905991741,1.192622261790478
498,4,3,0,0.0,1.0,0.40798953015590994,0.5550162045766888,0.6599451905991741,1.192622261790478
500,4,3,0,0.25,0.5,0.5969113398605499,0.5550162045766888,0.6599451905991741,1.192622261790478
501,4,3,0,0.25,0.5,0.7261510415899545,0.5550162045766888,0.6599451905991741,1.192622261790478
504,4,3,1,0.75,0.5,0.6401982762169843,0.5550162045766888,0.6599451905991741,1.192622261790478
509,4,3,0,0.25,0.5,0.5167419844177609,0.5550162045766888,0.6599451905991741,1.192622261790478
518,4,3,0,0.25,0.5,0.5939327074200829,0.5550162045766888,0.6599451905991741,1.192622261790478
521,4,3,1,0.75,0.5,0.7158895513665041,0.5550162045766888,0.6599451905991741,1.192622261790478
526,4,3,0,0.0,1.0,0.7297460183071673,0.5550162045766888,0.6599451905991741,1.192622261790478
527,4,3,0,0.25,0.5,0.6597024453187684,0.5550162045766888,0.6599451905991741,1.192622261790478
538,4,3,0,0.0,1.0,0.7604719016752043,0.5550162045766888,0.6599451905991741,1.192622261790478
541,4,3,1,0.5,0.0,0.818847205027269,0.5550162045766888,0.6599451905991741,1.192622261790478
544,4,3,1,0.5,0.0,0.7736944659383377,0.5550162045766888,0.6599451905991741,1.192622261790478
549,4,3,0,0.0,1.0,0.3279660188521207,0.5550162045766888,0.6599451905991741,1.192622261790478
554,4,3,1,0.5,0.0,0.6529190259726901,0.5550162045766888,0.6599451905991741,1.192622261790478
564,4,3,1,0.5,0.0,0.7633004126841514,0.5550162045766888,0.6599451905991741,1.192622261790478
567,4,3,0,0.3333333333333333,0.3333333333333333,0.6999787109433651,0.5550162045766888,0.6599451905991741,1.192622261790478
569,4,3,0,0.1666666666666666,0.6666666666666667,0.46854958288600795,0.5550162045766888,0.6599451905991741,1.192622261790478
573,4,3,0,0.3333333333333333,0.3333333333333333,0.7212274743143746,0.5550162045766888,0.6599451905991741,1.192622261790478
574,4,3,0,0.3333333333333333,0.3333333333333333,0.3872053400970935,0.5550162045766888,0.6599451905991741,1.192622261790478
575,4,3,1,0.5,0.0,0.7279199052664006,0.5550162045766888,0.6599451905991741,1.192622261790478
585,4,3,1,0.5,0.0,0.7450717783923909,0.5550162045766888,0.6599451905991741,1.192622261790478
587,4,3,1,0.8333333333333334,0.6666666666666667,0.6787615870098079,0.5550162045766888,0.6599451905991741,1.192622261790478
588,4,3,0,0.1666666666666666,0.6666666666666667,0.8723620717522979,0.5550162045766888,0.6599451905991741,1.192622261790478
589,4,3,0,0.3333333333333333,0.3333333333333333,0.6697476497795873,0.5550162045766888,0.6599451905991741,1.192622261790478
594,4,3,0,0.0,1.0,0.6644100695719589,0.5550162045766888,0.6599451905991741,1.192622261790478
596,4,3,1,0.5,0.0,0.6288647995271941,0.5550162045766888,0.6599451905991741,1.192622261790478
605,4,3,1,0.5,0.0,0.6912037913357302,0.5550162045766888,0.6599451905991741,1.192622261790478
615,4,3,1,0.75,0.5,0.8185635152622943,0.5550162045766888,0.6599451905991741,1.192622261790478
622,4,3,1,0.75,0.5,0.5291005860523079,0.5550162045766888,0.6599451905991741,1.192622261790478
626,4,3,1,0.5,0.0,0.6405041952848975,0.5550162045766888,0.6599451905991741,1.192622261790478
638,4,3,0,0.25,0.5,0.79921342927354,0.5550162045766888,0.6599451905991741,1.192622261790478
643,4,3,1,0.5,0.0,0.5542815244407066,0.5550162045766888,0.6599451905991741,1.192622261790478
652,4,3,0,0.0,1.0,0.1990068032964559,0.5550162045766888,0.6599451905991741,1.192622261790478
653,4,3,1,0.5,0.0,0.2849347229871199,0.5550162045766888,0.6599451905991741,1.192622261790478
664,4,3,1,0.6666666666666666,0.3333333333333332,0.5516641741637924,0.5550162045766888,0.6599451905991741,1.192622261790478
672,4,3,0,0.0,1.0,0.510853955712691,0.5550162045766888,0.6599451905991741,1.192622261790478
674,4,3,0,0.3333333333333333,0.3333333333333333,0.41418668017405774,0.5550162045766888,0.6599451905991741,1.192622261790478
675,4,3,0,0.3333333333333333,0.3333333333333333,0.3326838267016791,0.5550162045766888,0.6599451905991741,1.192622261790478
676,4,3,0,0.1666666666666666,0.6666666666666667,0.6529634606573409,0.5550162045766888,0.6599451905991741,1.192622261790478
693,4,3,1,0.5,0.0,0.8989390228206587,0.5550162045766888,0.6599451905991741,1.192622261790478
704,4,3,0,0.3333333333333333,0.3333333333333333,0.3358825386911159,0.5550162045766888,0.6599451905991741,1.192622261790478
709,4,3,0,0.3333333333333333,0.3333333333333333,0.6097313725472768,0.5550162045766888,0.6599451905991741,1.192622261790478
710,4,3,0,0.0,1.0,0.3177077853875261,0.5550162045766888,0.6599451905991741,1.192622261790478
714,4,3,0,0.3333333333333333,0.3333333333333333,0.31267430835734505,0.5550162045766888,0.6599451905991741,1.192622261790478
717,4,3,1,0.5,0.0,0.4584085121347195,0.5550162045766888,0.6599451905991741,1.192622261790478
719,4,3,0,0.1666666666666666,0.6666666666666667,0.5302310316396057,0.5550162045766888,0.6599451905991741,1.192622261790478
722,4,3,0,0.2,0.6,0.3057715703643107,0.5550162045766888,0.6599451905991741,1.192622261790478
735,4,3,0,0.0,1.0,0.3381021321884923,0.5550162045766888,0.6599451905991741,1.192622261790478
737,4,3,0,0.1666666666666666,0.6666666666666667,0.3692681134945571,0.5550162045766888,0.6599451905991741,1.192622261790478
2,4,4,0,0.4,0.1999999999999999,0.16150152833549736,0.5477050359540153,0.44753450750327556,1.2256003183914206
5,4,4,0,0.2,0.6,0.569679672953308,0.5477050359540153,0.44753450750327556,1.2256003183914206
9,4,4,0,0.0,1.0,0.2743126707557206,0.5477050359540153,0.44753450750327556,1.2256003183914206
16,4,4,1,0.6,0.1999999999999999,0.2327372095370688,0.5477050359540153,0.44753450750327556,1.2256003183914206
20,4,4,0,0.25,0.5,0.1885569785887786,0.5477050359540153,0.44753450750327556,1.2256003183914206
32,4,4,0,0.2,0.6,0.25435063846928957,0.5477050359540153,0.44753450750327556,1.2256003183914206
40,4,4,0,0.2,0.6,0.2513381620756673,0.5477050359540153,0.44753450750327556,1.2256003183914206
63,4,4,0,0.0,1.0,0.2814111974721113,0.5477050359540153,0.44753450750327556,1.2256003183914206
69,4,4,0,0.0,1.0,0.23475060062054648,0.5477050359540153,0.44753450750327556,1.2256003183914206
73,4,4,0,0.0,1.0,0.13413367713208224,0.5477050359540153,0.44753450750327556,1.2256003183914206
74,4,4,0,0.0,1.0,0.480616999384754,0.5477050359540153,0.44753450750327556,1.2256003183914206
80,4,4,0,0.0,1.0,0.2413330428261237,0.5477050359540153,0.44753450750327556,1.2256003183914206
85,4,4,0,0.25,0.5,0.4309894729867597,0.5477050359540153,0.44753450750327556,1.2256003183914206
86,4,4,0,0.0,1.0,0.20953130521311608,0.5477050359540153,0.44753450750327556,1.2256003183914206
89,4,4,0,0.25,0.5,0.35947946604344666,0.5477050359540153,0.44753450750327556,1.2256003183914206
113,4,4,0,0.1111111111111111,0.7777777777777778,0.2771493243620622,0.5477050359540153,0.44753450750327556,1.2256003183914206
117,4,4,0,0.25,0.5,0.25721491186890016,0.5477050359540153,0.44753450750327556,1.2256003183914206
123,4,4,0,0.0,1.0,0.1644203061838495,0.5477050359540153,0.44753450750327556,1.2256003183914206
130,4,4,0,0.1111111111111111,0.7777777777777778,0.24848963490182885,0.5477050359540153,0.44753450750327556,1.2256003183914206
133,4,4,1,0.8888888888888888,0.7777777777777777,0.30984874734998635,0.5477050359540153,0.44753450750327556,1.2256003183914206
141,4,4,0,0.0,1.0,0.3985740288783837,0.5477050359540153,0.44753450750327556,1.2256003183914206
142,4,4,0,0.0,1.0,0.26913466081923676,0.5477050359540153,0.44753450750327556,1.2256003183914206
144,4,4,0,0.0,1.0,0.30944375722540557,0.5477050359540153,0.44753450750327556,1.2256003183914206
146,4,4,1,0.8888888888888888,0.7777777777777777,0.2505144483708143,0.5477050359540153,0.44753450750327556,1.2256003183914206
149,4,4,0,0.3333333333333333,0.3333333333333333,0.1692620085106681,0.5477050359540153,0.44753450750327556,1.2256003183914206
150,4,4,0,0.0,1.0,0.35875575649213265,0.5477050359540153,0.44753450750327556,1.2256003183914206
152,4,4,0,0.0,1.0,0.21246187261935168,0.5477050359540153,0.44753450750327556,1.2256003183914206
154,4,4,0,0.25,0.5,0.21681983384887682,0.5477050359540153,0.44753450750327556,1.2256003183914206
155,4,4,0,0.25,0.5,0.51961944665382,0.5477050359540153,0.44753450750327556,1.2256003183914206
161,4,4,0,0.0,1.0,0.4643109931222477,0.5477050359540153,0.44753450750327556,1.2256003183914206
164,4,4,0,0.0,1.0,0.23760317359798136,0.5477050359540153,0.44753450750327556,1.2256003183914206
175,4,4,0,0.0,1.0,0.17869541662691069,0.5477050359540153,0.44753450750327556,1.2256003183914206
186,4,4,0,0.0,1.0,0.16503072939582725,0.5477050359540153,0.44753450750327556,1.2256003183914206
193,4,4,0,0.25,0.5,0.4851116800968889,0.5477050359540153,0.44753450750327556,1.2256003183914206
196,4,4,1,0.5,0.0,0.32990748886414767,0.5477050359540153,0.44753450750327556,1.2256003183914206
199,4,4,0,0.25,0.5,0.3209764757425312,0.5477050359540153,0.44753450750327556,1.2256003183914206
202,4,4,1,0.6,0.1999999999999999,0.41333472214677497,0.5477050359540153,0.44753450750327556,1.2256003183914206
208,4,4,0,0.0,1.0,0.3041012916649477,0.5477050359540153,0.44753450750327556,1.2256003183914206
210,4,4,0,0.4,0.1999999999999999,0.6716169940516534,0.5477050359540153,0.44753450750327556,1.2256003183914206
223,4,4,0,0.2,0.6,0.25183966935580304,0.5477050359540153,0.44753450750327556,1.2256003183914206
225,4,4,0,0.2,0.6,0.24525927203916836,0.5477050359540153,0.44753450750327556,1.2256003183914206
232,4,4,0,0.25,0.5,0.3470224097158814,0.5477050359540153,0.44753450750327556,1.2256003183914206
257,4,4,0,0.25,0.5,0.2199455844724435,0.5477050359540153,0.44753450750327556,1.2256003183914206
263,4,4,0,0.2,0.6,0.2396967686879816,0.5477050359540153,0.44753450750327556,1.2256003183914206
264,4,4,0,0.25,0.5,0.327069642690265,0.5477050359540153,0.44753450750327556,1.2256003183914206
265,4,4,1,0.5,0.0,0.28519518369087127,0.5477050359540153,0.44753450750327556,1.2256003183914206
268,4,4,1,0.5,0.0,0.20654885605868192,0.5477050359540153,0.44753450750327556,1.2256003183914206
270,4,4,0,0.0,1.0,0.4235624958707134,0.5477050359540153,0.44753450750327556,1.2256003183914206
276,4,4,0,0.2,0.6,0.3274926997369032,0.5477050359540153,0.44753450750327556,1.2256003183914206
283,4,4,0,0.25,0.5,0.4367626782084733,0.5477050359540153,0.44753450750327556,1.2256003183914206
284,4,4,1,0.5,0.0,0.29821219651218345,0.5477050359540153,0.44753450750327556,1.2256003183914206
285,4,4,0,0.4,0.1999999999999999,0.3254610614452838,0.5477050359540153,0.44753450750327556,1.2256003183914206
289,4,4,1,0.5,0.0,0.2739284698424189,0.5477050359540153,0.44753450750327556,1.2256003183914206
292,4,4,0,0.25,0.5,0.5969278860262678,0.5477050359540153,0.44753450750327556,1.2256003183914206
297,4,4,0,0.0,1.0,0.2884391480144679,0.5477050359540153,0.44753450750327556,1.2256003183914206
298,4,4,0,0.25,0.5,0.40672663860350894,0.5477050359540153,0.44753450750327556,1.2256003183914206
300,4,4,0,0.0,1.0,0.42710899936130386,0.5477050359540153,0.44753450750327556,1.2256003183914206
308,4,4,0,0.4,0.1999999999999999,0.5433176828226561,0.5477050359540153,0.44753450750327556,1.2256003183914206
309,4,4,1,0.8,0.6000000000000001,0.7208609787474402,0.5477050359540153,0.44753450750327556,1.2256003183914206
312,4,4,0,0.0,1.0,0.2902311966219434,0.5477050359540153,0.44753450750327556,1.2256003183914206
317,4,4,0,0.4,0.1999999999999999,0.3203664792199862,0.5477050359540153,0.44753450750327556,1.2256003183914206
318,4,4,0,0.4,0.1999999999999999,0.46886529572170804,0.5477050359540153,0.44753450750327556,1.2256003183914206
324,4,4,0,0.2,0.6,0.6168482363340815,0.5477050359540153,0.44753450750327556,1.2256003183914206
328,4,4,1,0.6,0.1999999999999999,0.31236780780288537,0.5477050359540153,0.44753450750327556,1.2256003183914206
332,4,4,0,0.0,1.0,0.35874561854255504,0.5477050359540153,0.44753450750327556,1.2256003183914206
333,4,4,0,0.0,1.0,0.2720354693776446,0.5477050359540153,0.44753450750327556,1.2256003183914206
335,4,4,1,0.5,0.0,0.3464646941464129,0.5477050359540153,0.44753450750327556,1.2256003183914206
340,4,4,1,0.6,0.1999999999999999,0.46463923977543997,0.5477050359540153,0.44753450750327556,1.2256003183914206
344,4,4,0,0.2,0.6,0.2443234838999004,0.5477050359540153,0.44753450750327556,1.2256003183914206
347,4,4,0,0.4,0.1999999999999999,0.5196253358678976,0.5477050359540153,0.44753450750327556,1.2256003183914206
358,4,4,0,0.25,0.5,0.6678954712259912,0.5477050359540153,0.44753450750327556,1.2256003183914206
360,4,4,0,0.25,0.5,0.5833006747391289,0.5477050359540153,0.44753450750327556,1.2256003183914206
365,4,4,0,0.25,0.5,0.48392723077660577,0.5477050359540153,0.44753450750327556,1.2256003183914206
369,4,4,0,0.0,1.0,0.2991139720257308,0.5477050359540153,0.44753450750327556,1.2256003183914206
373,4,4,0,0.0,1.0,0.44264941704521765,0.5477050359540153,0.44753450750327556,1.2256003183914206
378,4,4,1,0.5,0.0,0.523434144894527,0.5477050359540153,0.44753450750327556,1.2256003183914206
383,4,4,0,0.0,1.0,0.36023642694215036,0.5477050359540153,0.44753450750327556,1.2256003183914206
385,4,4,1,0.5,0.0,0.39392781129065474,0.5477050359540153,0.44753450750327556,1.2256003183914206
397,4,4,1,0.75,0.5,0.8596712970732958,0.5477050359540153,0.44753450750327556,1.2256003183914206
399,4,4,0,0.25,0.5,0.4673321247277832,0.5477050359540153,0.44753450750327556,1.2256003183914206
401,4,4,0,0.2,0.6,0.7043237963824337,0.5477050359540153,0.44753450750327556,1.2256003183914206
413,4,4,0,0.0,1.0,0.7742612288085433,0.5477050359540153,0.44753450750327556,1.2256003183914206
421,4,4,0,0.2,0.6,0.492901778189034,0.5477050359540153,0.44753450750327556,1.2256003183914206
427,4,4,1,0.6,0.1999999999999999,0.7762131236429411,0.5477050359540153,0.44753450750327556,1.2256003183914206
430,4,4,1,0.6,0.1999999999999999,0.7082701715639526,0.5477050359540153,0.44753450750327556,1.2256003183914206
431,4,4,0,0.4,0.1999999999999999,0.5183605018543791,0.5477050359540153,0.44753450750327556,1.2256003183914206
432,4,4,0,0.2,0.6,0.6817017382025311,0.5477050359540153,0.44753450750327556,1.2256003183914206
433,4,4,0,0.0,1.0,0.3901139203711715,0.5477050359540153,0.44753450750327556,1.2256003183914206
444,4,4,0,0.2,0.6,0.742975859671409,0.5477050359540153,0.44753450750327556,1.2256003183914206
451,4,4,0,0.25,0.5,0.43275637154795055,0.5477050359540153,0.44753450750327556,1.2256003183914206
454,4,4,0,0.0,1.0,0.5625417467384793,0.5477050359540153,0.44753450750327556,1.2256003183914206
461,4,4,1,0.5,0.0,0.7687470082404966,0.5477050359540153,0.44753450750327556,1.2256003183914206
467,4,4,1,1.0,1.0,0.7830113164352871,0.5477050359540153,0.44753450750327556,1.2256003183914206
469,4,4,1,0.75,0.5,0.37686379856871216,0.5477050359540153,0.44753450750327556,1.2256003183914206
475,4,4,0,0.25,0.5,0.5682896198041233,0.5477050359540153,0.44753450750327556,1.2256003183914206
487,4,4,0,0.2,0.6,0.1912984487633308,0.5477050359540153,0.44753450750327556,1.2256003183914206
491,4,4,1,0.5,0.0,0.6918479214395563,0.5477050359540153,0.44753450750327556,1.2256003183914206
499,4,4,0,0.0,1.0,0.5569300700992162,0.5477050359540153,0.44753450750327556,1.2256003183914206
502,4,4,1,0.75,0.5,0.5705693508501066,0.5477050359540153,0.44753450750327556,1.2256003183914206
503,4,4,0,0.0,1.0,0.5297305873584762,0.5477050359540153,0.44753450750327556,1.2256003183914206
508,4,4,1,0.75,0.5,0.6034219809681307,0.5477050359540153,0.44753450750327556,1.2256003183914206
513,4,4,0,0.0,1.0,0.6712346419092106,0.5477050359540153,0.44753450750327556,1.2256003183914206
514,4,4,1,0.75,0.5,0.8185087797099521,0.5477050359540153,0.44753450750327556,1.2256003183914206
524,4,4,0,0.0,1.0,0.6711357618831025,0.5477050359540153,0.44753450750327556,1.2256003183914206
525,4,4,0,0.2,0.6,0.16542187544423703,0.5477050359540153,0.44753450750327556,1.2256003183914206
529,4,4,1,0.5,0.0,0.35678654635042073,0.5477050359540153,0.44753450750327556,1.2256003183914206
531,4,4,1,0.75,0.5,0.6514848852483466,0.5477050359540153,0.44753450750327556,1.2256003183914206
532,4,4,0,0.0,1.0,0.2599388006491362,0.5477050359540153,0.44753450750327556,1.2256003183914206
545,4,4,0,0.25,0.5,0.5110426020634503,0.5477050359540153,0.44753450750327556,1.2256003183914206
546,4,4,1,0.5,0.0,0.7013503395660585,0.5477050359540153,0.44753450750327556,1.2256003183914206
556,4,4,0,0.1666666666666666,0.6666666666666667,0.43836131521150606,0.5477050359540153,0.44753450750327556,1.2256003183914206
559,4,4,1,0.6666666666666666,0.3333333333333332,0.4125164916615505,0.5477050359540153,0.44753450750327556,1.2256003183914206
576,4,4,1,0.5,0.0,0.6889399073959932,0.5477050359540153,0.44753450750327556,1.2256003183914206
580,4,4,0,0.3333333333333333,0.3333333333333333,0.4900789880136059,0.5477050359540153,0.44753450750327556,1.2256003183914206
590,4,4,0,0.3333333333333333,0.3333333333333333,0.7258360810944124,0.5477050359540153,0.44753450750327556,1.2256003183914206
593,4,4,1,0.5,0.0,0.5732397380956952,0.5477050359540153,0.44753450750327556,1.2256003183914206
595,4,4,1,0.8333333333333334,0.6666666666666667,0.7023734550456783,0.5477050359540153,0.44753450750327556,1.2256003183914206
599,4,4,0,0.0,1.0,0.5326007176360652,0.5477050359540153,0.44753450750327556,1.2256003183914206
603,4,4,1,0.5,0.0,0.5102019365804927,0.5477050359540153,0.44753450750327556,1.2256003183914206
607,4,4,0,0.0,1.0,0.6980399422284852,0.5477050359540153,0.44753450750327556,1.2256003183914206
611,4,4,1,0.75,0.5,0.6582630285302951,0.5477050359540153,0.44753450750327556,1.2256003183914206
612,4,4,0,0.0,1.0,0.1853177046104238,0.5477050359540153,0.44753450750327556,1.2256003183914206
616,4,4,1,0.75,0.5,0.5056540214206311,0.5477050359540153,0.44753450750327556,1.2256003183914206
627,4,4,1,0.75,0.5,0.7729004570207202,0.5477050359540153,0.44753450750327556,1.2256003183914206
631,4,4,0,0.0,1.0,0.5263121127567069,0.5477050359540153,0.44753450750327556,1.2256003183914206
645,4,4,1,0.75,0.5,0.7661475054097069,0.5477050359540153,0.44753450750327556,1.2256003183914206
650,4,4,0,0.0,1.0,0.4161693434707482,0.5477050359540153,0.44753450750327556,1.2256003183914206
660,4,4,0,0.1666666666666666,0.6666666666666667,0.6353644039440193,0.5477050359540153,0.44753450750327556,1.2256003183914206
665,4,4,0,0.1666666666666666,0.6666666666666667,0.5565356897471225,0.5477050359540153,0.44753450750327556,1.2256003183914206
668,4,4,0,0.1666666666666666,0.6666666666666667,0.7125849974539412,0.5477050359540153,0.44753450750327556,1.2256003183914206
671,4,4,0,0.3333333333333333,0.3333333333333333,0.5109709839094799,0.5477050359540153,0.44753450750327556,1.2256003183914206
677,4,4,1,0.6666666666666666,0.3333333333333332,0.6519788314316544,0.5477050359540153,0.44753450750327556,1.2256003183914206
678,4,4,0,0.3333333333333333,0.3333333333333333,0.496718647496519,0.5477050359540153,0.44753450750327556,1.2256003183914206
684,4,4,0,0.0,1.0,0.8232360901972953,0.5477050359540153,0.44753450750327556,1.2256003183914206
687,4,4,0,0.3333333333333333,0.3333333333333333,0.5952024718820448,0.5477050359540153,0.44753450750327556,1.2256003183914206
688,4,4,0,0.1666666666666666,0.6666666666666667,0.3831077273482357,0.5477050359540153,0.44753450750327556,1.2256003183914206
691,4,4,0,0.1666666666666666,0.6666666666666667,0.6116045724582785,0.5477050359540153,0.44753450750327556,1.2256003183914206
696,4,4,0,0.1666666666666666,0.6666666666666667,0.5224112900537454,0.5477050359540153,0.44753450750327556,1.2256003183914206
700,4,4,1,0.5,0.0,0.6915920188239171,0.5477050359540153,0.44753450750327556,1.2256003183914206
706,4,4,1,0.6666666666666666,0.3333333333333332,0.5848817643924062,0.5477050359540153,0.44753450750327556,1.2256003183914206
711,4,4,1,0.6,0.1999999999999999,0.3668610925495931,0.5477050359540153,0.44753450750327556,1.2256003183914206
725,4,4,0,0.0,1.0,0.43623325468324475,0.5477050359540153,0.44753450750327556,1.2256003183914206
726,4,4,0,0.0,1.0,0.38137459594175765,0.5477050359540153,0.44753450750327556,1.2256003183914206
729,4,4,0,0.4,0.1999999999999999,0.47757466436975643,0.5477050359540153,0.44753450750327556,1.2256003183914206
730,4,4,0,0.3333333333333333,0.3333333333333333,0.4543226207112813,0.5477050359540153,0.44753450750327556,1.2256003183914206
731,4,4,0,0.0,1.0,0.2702542790157152,0.5477050359540153,0.44753450750327556,1.2256003183914206
736,4,4,0,0.0,1.0,0.34879067528694185,0.5477050359540153,0.44753450750327556,1.2256003183914206
